#        weight    minuslogpost            logA             nnu              ns           ombh2           omch2             tau    theta_MC_100        A_planck         amp_143         amp_217     amp_143x217           n_143           n_217       n_143x217           calTE           calEE              As              H0          sigma8          omegam              S8      delta_neff             age       chi2__CMB   minuslogprior minuslogprior__0            chi2 chi2__planck_NPIPE_highl_CamSpec.TTTEEE chi2__planck_2018_lowl.TT chi2__planck_2018_lowl.EE chi2__planck_2018_lensing.clik
              3       5757.6734       3.0456621       3.3167627      0.96430744      0.02254154      0.11873465       0.0523228        1.041345      0.99951094       12.020345       19.454804       9.8477383      0.43679219       1.1222454      0.33652287      0.99449086       1.0087904   2.1023946e-09        71.27253      0.79834397      0.27938461      0.77042552      0.27076272       13.485659       11504.662       5.3424997        5.3424997       11504.662                               11071.726                 25.145703                 395.77449                      12.016006
              2       5710.5849       3.0427945       3.1910965      0.95781541     0.022184801      0.11970643      0.04986886       1.0414659       0.9993288       11.292627       18.246062       9.1313392      0.56583779       1.1478383      0.59685313      0.98939965       1.0097451   2.0963744e-09       69.187182      0.80416666      0.29776496      0.80116549      0.14509653        13.64843       11409.454       5.8579694        5.8579694       11409.454                               10978.749                 26.344063                 395.71624                      8.6446481
              3       5678.3493       3.0426409       3.1556395      0.95479565     0.022229435      0.12095594      0.05014654       1.0414115      0.99843336       11.770203       18.800093       9.1949158      0.68744229       1.1049951      0.81435695      0.99184961       1.0039724   2.0960525e-09       68.349534      0.80823896      0.30787831      0.81878278      0.10963952       13.687157       11345.913       5.3926475        5.3926475       11345.913                               10914.703                 26.990705                 395.77474                      8.4447877
              1       5676.6114       3.0427196       3.1556395      0.95502738     0.022229435      0.12095594      0.05014654       1.0414115      0.99989535       12.068379       18.736783       8.8338389      0.69580138       1.0972462      0.61455942      0.99471755       1.0037641   2.0962175e-09       68.349534      0.80834218      0.30787831      0.81888734      0.10963952       13.687157        11343.23       4.9964945        4.9964945        11343.23                                10912.36                  26.62428                  395.7619                      8.4834927
              1       5653.2063        3.043367       3.0795071      0.95347601     0.022342477      0.12112553     0.052186232       1.0416221      0.99909932       11.346279       17.752341       8.9861821       0.7180998       1.2760657       1.0551946       1.0021232      0.99585599    2.097575e-09       67.571608      0.81070603      0.31562709      0.83155295     0.033507107       13.748333       11296.496        4.958556         4.958556       11296.496                               10865.157                 26.765192                 395.92603                      8.6477514
              1       5618.1562       3.0450499       3.0781851      0.95663729     0.022335061      0.12059383     0.052156199       1.0421167       1.0006719       14.555614       18.475344       9.5519049      0.55141464       1.0934527      0.53934146       1.0059087       1.0010302   2.1011079e-09       67.901513      0.81112562      0.31139824      0.82639098      0.03218507       13.733574        11226.31       5.0012423        5.0012423        11226.31                               10795.981                 25.844056                 395.87968                      8.6052872
              1       5608.3195       3.0399829       3.0781851      0.95898367     0.022335061      0.12059383     0.052156199       1.0421167       0.9990722       13.011375       17.054496       8.3317052      0.41938499       1.3384281       0.8035344      0.99163512      0.99679517   2.0904885e-09       67.901513      0.80979358      0.31139824      0.82503386      0.03218507       13.733574       11206.128       5.2553292        5.2553292       11206.128                               10776.416                 25.025355                 395.89376                      8.7929521
              4       5599.8313        3.040348       3.0100543      0.95707311     0.022109416      0.12093015     0.052655839       1.0423668      0.99805566       12.748987       15.984662       7.8375365      0.39344076       1.2391226      0.65121566      0.99036443      0.99844411   2.0912519e-09       66.893834      0.81379629      0.32108589      0.84191004    -0.035945718       13.820627       11188.535       5.5640156        5.5640156       11188.535                               10757.943                 25.355663                 395.99623                      9.2394284
              2       5596.5972       3.0391732       3.0100543       0.9556687     0.022109416      0.12093015     0.052655839       1.0423668      0.99712851       12.647661       15.583083       7.6731882      0.32850921       1.1806863      0.57289064      0.99405557       1.0039315   2.0887966e-09       66.893834      0.81289135      0.32108589      0.84097383    -0.035945718       13.820627       11181.797       5.6988553        5.6988553       11181.797                               10750.811                 25.811745                  395.9934                      9.1801978
              3       5577.5996       3.0418338       2.9844078      0.95894965      0.02215373      0.11999094     0.055235449       1.0428547      0.99793355       14.573093       14.734399       7.9406397      0.28228354       1.0300671      0.40119932      0.99217867       1.0060874   2.0943614e-09       67.123612      0.81301835       0.3168961      0.83559949    -0.061592205       13.824469       11143.963       5.6180178        5.6180178       11143.963                               10713.764                 24.813651                 396.42623                      8.9595095
              1       5562.9387       3.0414906       2.9994128      0.95955844     0.022178967      0.11949571     0.055386709       1.0427387      0.99694578       15.864508       15.317447       9.2542625      0.36347361         1.20452      0.65147855      0.99977081       1.0074726   2.0936427e-09       67.452084      0.81069333      0.31278949      0.82779357    -0.046587186       13.807767       11114.256       5.8109779        5.8109779       11114.256                               10684.118                 24.918176                 396.43892                      8.7808403
              1       5552.8418       3.0412578       2.9986925      0.95929976      0.02221498       0.1195578     0.055255159        1.042708      0.99771721       17.213444       15.486358       10.243554      0.36122347       1.2354163      0.64768545        1.002328       1.0039077   2.0931554e-09       67.441441      0.81057057      0.31310364      0.82808376    -0.047307453       13.806049       11095.072       5.3055957        5.3055957       11095.072                               10665.054                 24.840574                 396.38884                      8.7894757
              1       5534.3276       3.0405363       3.0052291      0.95853344     0.022229678      0.11946021     0.055434204       1.0424828      0.99720479       16.051284       13.524667       9.0930472      0.58155201       1.3860531       1.2926167       1.0013512       1.0081973   2.0916458e-09       67.488088      0.80922674      0.31249126      0.82590203    -0.040770941       13.804103       11057.144       5.7554162        5.7554162       11057.144                               10626.908                 25.070686                 396.44825                      8.7173873
              1       5533.1758       3.0374013       3.0052291      0.96685596     0.022229678      0.11946021     0.055434204       1.0424828      0.99869676       15.968776       12.738913       8.3783028      0.76750603       1.5005727       1.3664141      0.98931155       1.0027997   2.0850987e-09       67.488088      0.81049988      0.31249126      0.82720141    -0.040770941       13.804103       11055.289       5.5315343        5.5315343       11055.289                                10626.74                 22.657041                 396.28963                      9.6023164
              2       5521.9857       3.0368449       3.0548294      0.96709411     0.022292825      0.11977633      0.05432921       1.0422549      0.99747287       15.377534       12.000535       8.0399035      0.70090913        1.383872       1.3474509      0.99161043       1.0020203   2.0839389e-09       67.927297      0.80929944      0.30929862      0.82174601    0.0088293753       13.754482       11032.634       5.6684988        5.6684988       11032.634                               10604.184                 22.930899                 396.05315                      9.4661689
              3        5521.679       3.0371081       3.0566032      0.96714004     0.022404377      0.11990452     0.054876303       1.0422315      0.99649971       15.681961        11.78544       8.6938626      0.74981466       1.5019537       1.6241887      0.99097238      0.99311463   2.0844875e-09       67.987679      0.80930342      0.30926813      0.82170954      0.01060323       13.742653       11030.538       6.4099457        6.4099457       11030.538                               10602.032                 23.034464                 396.16109                      9.3102669
              1       5521.2795       3.0356801       3.0566032      0.96786879     0.022404377      0.11990452     0.054876303       1.0422315      0.99612468       15.792187       12.766115       8.5555574      0.71871986        1.416997       1.5436165       0.9948177      0.99626633   2.0815129e-09       67.987679      0.80895044      0.30926813      0.82135115      0.01060323       13.742653       11030.178       6.1906878        6.1906878       11030.178                               10601.686                 22.837762                 396.17008                      9.4835738
              2       5521.8239        3.034702       3.0402019      0.96598056      0.02240491       0.1205659     0.053616488       1.0421986      0.99663643        16.22172       12.622254        8.962344      0.76020961       1.4710306       1.4092769      0.99027411      0.99037268   2.0794779e-09        67.55495      0.81064343      0.31469197       0.8302561     -0.00579812       13.763237       11030.394       6.6267323        6.6267323       11030.394                               10602.077                 23.080905                 395.98481                      9.2510827
              2       5524.1001       3.0348806       3.0167862       0.9646174     0.022097391      0.12096174     0.053372487       1.0422725      0.99679868       16.431886       13.083528       8.8473474      0.82795277       1.1902934       1.3404868      0.99321354      0.99904157   2.0798493e-09       66.918812      0.81371391      0.32089232      0.84157102    -0.029213769       13.817819        11036.52       5.8400014        5.8400014        11036.52                               10607.947                 23.186799                 396.03134                      9.3551831
              3       5523.1728       3.0334942       3.0229767      0.96559002      0.02206489      0.12006796     0.051562546        1.042308       0.9981704        17.52437       12.104033       8.5469741      0.89312902       1.0590741       1.2920197        0.994266       1.0040768    2.076968e-09       67.285745      0.81049035       0.3153582      0.83097753    -0.023023326       13.810056       11035.745       5.3005433        5.3005433       11035.745                                 10607.6                 23.028975                 395.81222                      9.3033551
              1       5520.0357        3.032828       3.0168984      0.96459032     0.022050508      0.12017661     0.051268635       1.0422055       0.9979265       17.169856       11.824706       8.3317954      0.91376852       1.1080452       1.3581287      0.99393636       1.0041138   2.0755847e-09       67.131867       0.8104385       0.3170126      0.83310108    -0.029101646       13.821316       11029.276       5.3976625        5.3976625       11029.276                               10601.038                 23.218204                 395.79569                      9.2243511
              4       5516.8477       3.0329994       3.0327353      0.96516387     0.022103235      0.12003556      0.05164899       1.0421357      0.99776361       17.253363       11.872108       8.4028301      0.88936415       1.1311947       1.3596622      0.99474604        1.004164   2.0759404e-09       67.383548      0.80940576      0.31445992      0.82868278    -0.013264722       13.801091       11022.875       5.4100831        5.4100831       11022.875                               10594.635                 23.159973                 395.81299                      9.2669075
              1        5515.374        3.034534       3.0327353      0.96564676     0.022103235      0.12003556      0.05164899       1.0421357      0.99839918       17.576994       12.160107       8.8469582      0.95874656       1.2695521       1.3731363       0.9920465       1.0055906   2.0791288e-09       67.383548      0.81017482      0.31445992      0.82947016    -0.013264722       13.801091       11019.822         5.46283          5.46283       11019.822                               10591.727                  23.07709                 395.79978                      9.2186463
              1       5514.1224       3.0353748       3.0344707      0.96639008     0.022196944      0.11999904     0.052686771       1.0421898      0.99790631        17.28779       11.816394       8.4717328      0.92087566       1.3636631       1.4469835        0.990331       1.0010402   2.0808776e-09       67.511685      0.81021973      0.31339346      0.82810833     -0.01152932       13.788081       11017.027       5.6087935        5.6087935       11017.027                                10588.95                 22.977072                  395.8635                      9.2361738
              1       5519.9606       3.0370135       3.1309279      0.97037539     0.022251549      0.11978708     0.052687087       1.0421486       0.9984098       18.440453       13.589711       10.049804      0.66466211       1.1544884       1.2198044      0.99661761       1.0015524   2.0842903e-09       68.742538      0.80819648      0.30194136      0.81080727     0.084927851        13.68337       11029.808       5.0568044        5.0568044       11029.808                               10601.256                 22.499177                 395.80617                      10.246633
              1       5518.5029       3.0365088       3.1407177      0.97118006     0.022311452      0.11942058     0.051866192       1.0421742      0.99899021       18.454912       13.118793        10.01298      0.67542383       1.0644436        1.085993      0.99768572       1.0013933   2.0832385e-09       69.046392      0.80646446      0.29864657      0.80464325     0.094717655       13.665001       11027.199       4.9033141        4.9033141       11027.199                                 10598.4                 22.412969                  395.7126                      10.673738
              1       5514.6594       3.0373428       3.1407177      0.97081939     0.022311452      0.11942058     0.051866192       1.0421742       1.0002745       18.603927        13.55112       10.147512      0.71569621       1.1038734       1.1070918      0.99841436       1.0020543   2.0849767e-09       69.046392      0.80668823      0.29864657      0.80486652     0.094717655       13.665001       11019.669       4.8249532        4.8249532       11019.669                               10590.562                 22.367693                 395.72433                      11.014807
              2        5514.322       3.0370775       3.1357314      0.97013415     0.022319517      0.11970654     0.051511755       1.0421584       1.0001184       19.107095       14.388093       10.447954      0.72677571       1.2158822       1.0356154      0.99835642      0.99971358   2.0844237e-09       68.887436      0.80744725      0.30064601      0.80831615     0.089731445        13.67102       11019.043       4.8002919        4.8002919       11019.043                               10590.244                 22.485641                 395.70945                      10.604434
              1       5513.0875       3.0364145       3.1562012      0.96990819     0.022377809      0.11968221     0.051223591       1.0419572      0.99979609       19.106747       14.187087       10.251912      0.68863054       1.2950873      0.96730733      0.99826526      0.99867438   2.0830422e-09       69.116193       0.8059734      0.29873028      0.80426598      0.11020116       13.650131        11016.55       4.8124135        4.8124135        11016.55                               10587.376                 22.608956                 395.72907                      10.836658
              1       5507.4727       3.0341016       3.1067072      0.96574076     0.022200302        0.120176     0.049893911       1.0417491      0.99930171       18.397636       13.633826       9.8760833      0.86015007       1.3868708       1.3230094      0.99350228      0.99553069   2.0782298e-09       68.144846      0.80748098      0.30798836       0.8181611     0.060707165       13.726901       11004.675       5.1352384        5.1352384       11004.675                               10576.208                 23.255517                 395.70933                      9.5024532
              2       5506.5134       3.0339297       3.0942955      0.96559969     0.022218008      0.12001404     0.050016539       1.0417741      0.99935222       18.510122       13.277548       9.8890981       0.8718729       1.2345326        1.252236      0.99331235       0.9944877   2.0778726e-09       68.080485      0.80714862      0.30825972      0.81818454     0.048295497       13.736485       11002.638       5.1943747        5.1943747       11002.638                               10574.171                 23.252564                 395.73663                      9.4783355
             10        5505.369       3.0345316       3.0911124      0.96596365     0.022191718      0.11990696     0.050813273       1.0418127      0.99926756       18.933608       13.262697        10.03274      0.94992582       1.4045971       1.3194626      0.99896298      0.99831727   2.0791238e-09       68.072329      0.80738718      0.30804577       0.8181423     0.045112412       13.740807       11001.043       4.8477065        4.8477065       11001.043                               10572.617                 23.144002                 395.71154                      9.5696825
              1       5506.3556       3.0316516       3.0499918      0.96132323     0.022413738      0.12078758     0.049605404       1.0414541      0.99774745       16.456776       12.487722       8.7647712      0.78333469       1.2762538       1.1721426      0.99407549      0.99060742   2.0731444e-09       67.349276       0.8076793      0.31712646      0.83041381    0.0039918017       13.775313       11001.096       5.8077742        5.8077742       11001.096                               10572.435                 24.140542                 395.66611                      8.8535605
              1       5507.5392       3.0335335       3.1496517      0.96531725     0.022461898      0.12032701      0.05082201       1.0412835      0.99715753       17.210177       14.169405       9.9106719      0.82645252       1.1814915       1.1631538        1.000796      0.99982942   2.0770496e-09       68.652746      0.80481185      0.30432358      0.81059055      0.10365168       13.671157       11004.209       5.4349373        5.4349373       11004.209                               10575.288                 23.653757                 395.71512                      9.5520711
              5        5505.539       3.0311584       3.1496517      0.96788026     0.022461898      0.12032701      0.05082201       1.0412835       0.9967819       17.703615       13.782146       9.5933861      0.62520818       1.2286157       1.0463938      0.99655672      0.99291577   2.0721223e-09       68.652746      0.80464953      0.30432358      0.81042707      0.10365168       13.671157        10999.23       5.9239624        5.9239624        10999.23                               10570.462                 22.980364                 395.72179                      10.065419
              8       5507.1453        3.029035       3.1747538      0.96700168     0.022474576      0.11994668      0.04949984       1.0409048      0.99669189       17.472037       14.006178       9.6931394      0.59172361       1.2700171       1.0373865      0.99674681      0.99726835    2.067727e-09       68.962686      0.80108006      0.30082122      0.80217576      0.12875384       13.653863       11002.789        5.750968         5.750968       11002.789                               10573.367                 23.270858                 395.67781                      10.473021
              4       5508.1979       3.0287614       3.1584503      0.96611575     0.022513705      0.12004407     0.049837093       1.0408606      0.99628155       17.318071       13.454434       9.4543925      0.58955521       1.4346625       1.0579253        0.991507      0.99613878   2.0671613e-09       68.755727      0.80133421      0.30292371      0.80522953      0.11245031       13.668308       11003.743       6.3266039        6.3266039       11003.743                               10574.503                 23.415874                 395.68978                      10.133481
              2         5503.66       3.0277588        3.134094      0.96387618     0.022354226      0.12025426     0.049579189        1.040711      0.99632172       17.622039        13.50362       9.5508802       0.6356724       1.2794771      0.92235516      0.99404937       1.0000554   2.0650898e-09       68.214158      0.80221034      0.30786175      0.81265366     0.088093992       13.714524       10995.231       6.0447013        6.0447013       10995.231                               10566.173                 23.707529                 395.69952                      9.6503032
              1        5501.461       3.0274556        3.134094      0.96244283     0.022354226      0.12025426     0.049579189        1.040711      0.99595042       17.978487       13.793149       10.471098      0.77753655       1.2429972       1.2717535      0.99358894       1.0002542   2.0644637e-09       68.214158      0.80165026      0.30786175      0.81208629     0.088093992       13.714524       10990.316       6.3030113        6.3030113       10990.316                               10560.994                 24.077149                 395.67047                      9.5741721
              5       5501.8647       3.0286015       3.1247087      0.96269752     0.022357334      0.12028038      0.05125298        1.040759      0.99556043       18.825815       13.528585        10.11455      0.87249409       1.1905778        1.140866      0.99544553       1.0081126   2.0668308e-09       68.114611       0.8025836      0.30882528      0.81430307     0.078708692       13.722528        10990.14       6.7948244        6.7948244        10990.14                               10560.794                 23.936825                 395.78965                      9.6196832
              1       5501.0117        3.029473       3.1247087      0.96406186     0.022357334      0.12028038      0.05125298        1.040759      0.99568693       19.119555       13.677436       10.567037      0.83545547        1.251654        1.147131      0.99617261       1.0069679   2.0686328e-09       68.114611      0.80335092      0.30882528       0.8150816     0.078708692       13.722528       10988.845       6.5894633        6.5894633       10988.845                               10559.925                 23.670879                 395.77032                      9.4784448
              1       5498.3263       3.0255816       3.1247087      0.96792038     0.022357334      0.12028038      0.05125298        1.040759      0.99585966       18.897703       13.208951         10.5394      0.68216337       1.1689461       1.1259864      0.99109581      0.99676524   2.0605986e-09       68.114611      0.80297077      0.30882528       0.8146959     0.078708692       13.722528       10983.442       6.6053896        6.6053896       10983.442                               10554.493                 22.557394                 395.70028                      10.690956
              4       5500.4583       3.0258687       3.1309441      0.96826498     0.022331058      0.12028723     0.051321581       1.0407794      0.99594032       18.516034       12.753704       10.204604      0.84647494       1.3494262       1.2550245      0.99692018      0.99590813   2.0611903e-09       68.169691      0.80315793      0.30828461      0.81417216      0.08494413       13.718185       10988.447       6.2348781        6.2348781       10988.447                               10559.406                 22.500246                 395.73633                      10.804197
              7       5494.9457       3.0299608       3.1309441      0.96632595     0.022331058      0.12028723     0.051321581       1.0407794      0.99704241       18.765809       13.184074       10.276507      0.83944123       1.2166869        1.184979       0.9992277      0.99694329   2.0696422e-09       68.169691      0.80420677      0.30828461      0.81523539      0.08494413       13.718185       10978.822       5.5347395        5.5347395       10978.822                               10550.061                 23.012862                 395.74835                      9.9996105
              1       5494.1095       3.0283591       3.0827639      0.96298376     0.022215418      0.12060549     0.050903591       1.0406263      0.99644922       18.230079       12.747331        9.879803       0.8681901       1.2488423        1.290766      0.99736657      0.99759192   2.0663298e-09       67.351633      0.80534889      0.31626566      0.82689328     0.036763906       13.785357       10976.504       5.8575677        5.8575677       10976.504                               10548.018                 23.535988                 395.75487                      9.1948617
              8       5496.0154       3.0278861       3.0873721      0.96276492     0.022119602       0.1207743     0.049561546       1.0406646      0.99698346       18.199717       12.766151       9.6787222      0.94227855       1.1563258       1.2606532       1.0035845      0.99849417   2.0653528e-09         67.2797      0.80593961      0.31710357      0.82859525     0.041372071       13.789803       10980.853       5.5887934        5.5887934       10980.853                               10552.393                 23.588455                 395.72893                       9.142683
              2       5496.1911       3.0276678        3.087755      0.96227481     0.022113901      0.12099773     0.049239073       1.0406324      0.99691425        17.77157       12.942956       9.6771909      0.92025259       1.1773491       1.2595732       1.0011588       0.9996229    2.064902e-09       67.190818      0.80640904      0.31842534      0.83080399     0.041755021       13.791856       10981.273       5.5544254        5.5544254       10981.273                               10552.782                 23.691323                 395.71869                      9.0812126
              1       5495.0189       3.0283871        3.087755      0.96261052     0.022113901      0.12099773     0.049239073       1.0406324      0.99723221       17.779481        12.76224       9.2909151      0.88942235       1.2403178       1.1970674      0.99787473      0.99890633   2.0663877e-09       67.190818      0.80680108      0.31842534      0.83120789     0.041755021       13.791856       10979.184       5.4266719        5.4266719       10979.184                               10550.777                 23.621652                 395.72072                      9.0650622
              3       5496.0991       3.0283162       3.1039523       0.9628086     0.022163301      0.12104943     0.049165326       1.0405514      0.99690371       17.445844       11.796741       8.8269943      0.79887151        1.386572         1.33288      0.99977193      0.99838585   2.0662413e-09       67.373783       0.8062501      0.31692093      0.82867573     0.057952252       13.772782       10981.067       5.5655037        5.5655037       10981.067                               10552.621                 23.674466                 395.70832                       9.063614
             13       5495.7374       3.0287229        3.092403      0.96166872     0.022091107      0.12199681     0.048604937        1.040664      0.99713064       17.343017       12.041122       8.6834259      0.80212072       1.6081599       1.4805298      0.99777747        0.996372   2.0670817e-09       66.890075      0.80983547      0.32347711      0.84092632     0.046403034       13.792414       10980.406       5.5344217        5.5344217       10980.406                                10551.76                 23.804632                 395.72617                      9.1154155
              2       5494.4726       3.0290533       3.0856348      0.96186702     0.022069132      0.12193299     0.048925673       1.0407288      0.99721201       18.015269       12.262961       9.2175826      0.83242035       1.4107861       1.3850481       1.0002884      0.99750518   2.0677648e-09       66.837656       0.8101577      0.32379265      0.84167113     0.039634792       13.799426       10978.068       5.4386199        5.4386199       10978.068                               10549.458                 23.723085                 395.74029                      9.1462423
              1       5497.2674        3.029065       3.0904977      0.96202453     0.022059474      0.12188581      0.04890541       1.0407141      0.99712207       18.137123       12.038605       9.2007341      0.73307468       1.5246059       1.4747066      0.99992102      0.99693609   2.0677889e-09        66.89705      0.80994619      0.32309093      0.84053911     0.044497706       13.795634       10983.545       5.4948205        5.4948205       10983.545                               10554.962                 23.720923                 395.73036                      9.1314249
              1       5499.2241       3.0287191       3.1158814      0.96192835     0.022173886      0.12202029     0.048924785       1.0405089      0.99654805       19.054581        12.47284       9.8641152       1.0604422       1.5272134        1.566186       1.0086193       0.9981444   2.0670739e-09       67.168887      0.80883078      0.32103274      0.83670373     0.069881401       13.764639       10986.194       6.1272104        6.1272104       10986.194                               10557.556                 23.869143                 395.72939                      9.0392355
              4       5496.7449        3.028776       3.1183048      0.96207544     0.022172816      0.12197187     0.048995452       1.0405048      0.99638828       18.610496        12.43481       9.6578374      0.97456395       1.4397073       1.5640837       1.0080264       1.0008573   2.0671915e-09       67.211287      0.80867493      0.32051828      0.83587196     0.072304785       13.762187       10981.181       6.1546045        6.1546045       10981.181                               10552.567                 23.869128                 395.71552                      9.0286395
              2       5498.3728       3.0277699       3.1433368      0.96197288      0.02216327      0.12196046     0.047635598       1.0403562      0.99646847       19.640214       13.200616       10.062172      0.98420288       1.4898675       1.3795619       1.0056916       1.0006973   2.0651127e-09       67.445884      0.80737992      0.31824637      0.83157045     0.097336816       13.741872       10984.851       5.9473937        5.9473937       10984.851                                10556.07                  24.02643                 395.77322                      8.9808947
              5        5500.654       3.0271861       3.1433368      0.96083382      0.02216327      0.12196046     0.047635598       1.0403562      0.99589166       19.831433       12.745478       9.7805127      0.96611803       1.5710464       1.3677177       1.0049414       1.0014282   2.0639074e-09       67.445884      0.80679642      0.31824637      0.83096947     0.097336816       13.741872       10988.772       6.2678145        6.2678145       10988.772                               10559.768                 24.348422                 395.73219                      8.9237406
              3       5497.9872       3.0289359        3.122543      0.96103886     0.022150819      0.12221683     0.049673955       1.0405166      0.99533074       18.668389       12.947992       9.3798958      0.99798632       1.6791546       1.5987249       1.0005509      0.99517668    2.067522e-09       67.161154       0.8091831      0.32149128      0.83766577      0.07654296       13.760673        10982.68       6.6472515        6.6472515        10982.68                               10553.793                 24.179103                  395.6937                      9.0144256
              2       5498.0667       3.0280485       3.0691457      0.95870941     0.022066505      0.12261195     0.048934739       1.0406185      0.99534427       17.932418       11.886288       8.4868034      0.99620364        1.598122       1.6269262      0.99346076      0.99242536   2.0656881e-09       66.376307      0.81131793      0.32984443      0.85071683     0.023145663       13.822652       10982.093        7.020007         7.020007       10982.093                               10552.391                 24.536058                 395.73146                      9.4346383
              1       5498.2214       3.0279434       3.0707006      0.95891722     0.022084832      0.12249454     0.048827214       1.0406225      0.99559744       18.206746       12.120563       9.0678554       1.0039188       1.4621814       1.6004903      0.99447784      0.98959522    2.065471e-09       66.450673      0.81085701      0.32888218      0.84899243     0.024700567       13.818628       10982.384       7.0296228        7.0296228       10982.384                               10552.876                 24.476696                 395.70426                      9.3267495
              1        5498.368        3.029298        3.071567      0.96040143     0.022068028      0.12258219     0.049002448       1.0409083      0.99618725       18.013712       12.450036       9.3009283      0.97092317       1.5175771       1.6055244      0.99000329      0.99367805   2.0682707e-09       66.511989      0.81245407      0.32843623      0.85008767     0.025566952       13.811204       10983.441       6.6477233        6.6477233       10983.441                               10554.161                 24.108692                   395.722                      9.4488611
              3       5496.7926       3.0292348       3.0797501      0.96086692      0.02202683      0.12238352     0.048733437       1.0409114      0.99650631       18.272816       12.707324        9.523615       1.0040605       1.4814564       1.5709036      0.99201762      0.99728498   2.0681402e-09       66.641089      0.81188296      0.32662483      0.84714431     0.033750141       13.806061       10981.351       6.1171708        6.1171708       10981.351                               10552.291                 24.018273                  395.7053                      9.3367764
              1        5497.186       3.0288533       3.0797501      0.96017388      0.02202683      0.12238352     0.048733437       1.0409114      0.99624307       18.863891       13.103853       10.019153      0.97130547       1.2332587       1.3842075      0.99851462       1.0044127   2.0673513e-09       66.641089      0.81151751      0.32662483      0.84676299     0.033750141       13.806061       10982.326       6.0228091        6.0228091       10982.326                               10553.125                 24.196312                  395.7056                      9.2991449
              2       5498.6658       3.0297239       3.0934616      0.96156151      0.02194966      0.12201062     0.049409532       1.0409723      0.99657782       18.977153       12.962213       10.295033      0.82443995       1.2631901       1.3628706      0.99454129      0.99998139    2.069152e-09       66.883804      0.81109456      0.32325245      0.84194122     0.047461647       13.796414       10985.589       5.8711511        5.8711511       10985.589                               10556.754                 23.875889                 395.74919                      9.2106295
              4       5502.1743       3.0315938       3.0854044      0.96301307     0.022027465      0.12179822     0.051670413       1.0411442      0.99627728       18.817288       13.276505       9.7109801      0.82872673       1.4185352       1.2847139        1.007755      0.99949153   2.0730246e-09       66.985819      0.81168116      0.32196865      0.84087538     0.039404425       13.790915       10991.957       6.1959355        6.1959355       10991.957                               10563.357                 23.510761                 395.84091                      9.2479482
              1       5500.8853       3.0328451       3.0854044      0.96415756     0.022027465      0.12179822     0.051670413       1.0411442      0.99690465       19.032849       13.052193       10.074065      0.76247323       1.3658346       1.1303377       1.0030334      0.99919098   2.0756202e-09       66.985819      0.81253908      0.32196865      0.84176416     0.039404425       13.790915       10990.569        5.601029         5.601029       10990.569                               10562.201                 23.260575                  395.8172                      9.2896368
              3       5499.4248       3.0329736       3.0864943      0.96425376     0.022027693      0.12180931     0.051775835       1.0411514      0.99644047       19.092756       12.790624       9.7698151      0.85167669       1.3589042       1.1899823       1.0012266      0.99957535    2.075887e-09       66.997167      0.81263087      0.32188481      0.84174961     0.040494307       13.789594       10987.235       5.8072996        5.8072996       10987.235                               10558.787                 23.307635                  395.8593                      9.2815595
              2       5498.3623       3.0322752       3.1403036      0.96453715     0.022106216      0.12187433     0.051156275        1.040822      0.99601179       18.695969       13.859722       10.202009      0.84771566       1.3336824         1.17657       1.0016303      0.99826367   2.0744377e-09        67.54993      0.81047016      0.31695295      0.83305524     0.094303561       13.736475       10984.553        6.086084         6.086084       10984.553                               10556.112                 23.454513                  395.8121                      9.1735284
              1       5499.7507       3.0311869       3.1403036      0.96297038     0.022106216      0.12187433     0.051156275        1.040822      0.99533621       18.905186       13.082797       10.090934      0.82309875       1.5030211        1.289593       1.0011476       0.9977364   2.0721813e-09        67.54993       0.8095478      0.31695295      0.83210719     0.094303561       13.736475       10986.386       6.5575304        6.5575304       10986.386                               10557.621                 23.829521                 395.81155                      9.1245616
              2       5501.2012       3.0304964       3.0898558      0.96126671     0.022061612      0.12216273     0.050355234        1.040992      0.99666448       18.463439       13.709185       10.203801      0.89665511       1.2670452       1.1849592        1.003932      0.99649582   2.0707509e-09       66.888805      0.81146654      0.32379432      0.84303305     0.043855842       13.788858       10990.774       5.8140122        5.8140122       10990.774                               10561.903                 23.875509                 395.79543                      9.1999151
              6       5500.9485       3.0302147       3.0744881      0.96013746     0.022146517      0.12239395     0.050863684       1.0409069      0.99601759       18.016926       13.391387       9.8332328      0.89080211       1.2374394       1.1903257       1.0022988      0.99503676   2.0701677e-09       66.674282      0.81173872      0.32659238      0.84695173     0.028488135       13.799584        10989.49       6.2036116        6.2036116        10989.49                               10560.402                 24.101409                 395.77463                      9.2118328
              2       5499.8425       3.0342086       3.0744881      0.95758761     0.022146517      0.12239395     0.050863684       1.0409069      0.99622103       17.644306       13.317722       9.6256683      0.87478254       1.3120911       1.3175953       1.0013632      0.99612551   2.0784522e-09       66.674282      0.81258565      0.32659238      0.84783539     0.028488135       13.799584       10987.661        6.012056         6.012056       10987.661                               10557.451                 25.054073                 395.80464                      9.3511558
              2       5498.6865        3.034222       3.0744881      0.95826922     0.022146517      0.12239395     0.050863684       1.0409069      0.99635836       17.507052       12.811239       9.5524032      0.82387272       1.3047112       1.3590164       1.0000316      0.99654437   2.0784801e-09       66.674282      0.81279827      0.32659238      0.84805724     0.028488135       13.799584       10985.561       5.9058907        5.9058907       10985.561                               10555.534                 24.851934                 395.80925                      9.3659568
              1       5498.4593       3.0346812       3.1005117      0.96044696     0.022277659      0.12178496     0.051157154       1.0409516      0.99768995       17.899081       13.017732       9.8990063      0.87401092       1.3949753        1.398371       1.0012215      0.99707724   2.0794347e-09       67.307451      0.81047642      0.31942192      0.83630004     0.054511675        13.75584       10986.394       5.2623343        5.2623343       10986.394                               10557.384                  24.30063                 395.78261                      8.9265297
              4       5497.9222       3.0343604       3.1126929      0.96109961     0.022322949      0.12152302     0.050650153       1.0409409       0.9980336       18.051553       12.956477       9.8752553      0.82572553       1.4082289       1.3299252       1.0006488      0.99715702   2.0787679e-09       67.573052      0.80913158      0.31644136      0.83100789     0.066692914       13.738047        10985.57       5.1371111        5.1371111        10985.57                               10556.701                 24.215862                  395.7388                      8.9143122
              4       5499.1414       3.0350574       3.0900114      0.96117136     0.022343091         0.12184     0.050667353       1.0411896      0.99826445       18.776401       12.702067       9.6153823       0.8974751        1.304206       1.1726934      0.99341703      0.99349803   2.0802173e-09        67.30121      0.81127522      0.31974714      0.83755033     0.044011443       13.753174       10987.374       5.4542801        5.4542801       10987.374                               10558.521                 24.123974                 395.75521                      8.9737632
              1       5500.6941       3.0351737       3.0900114       0.9611356     0.022343091         0.12184     0.050667353       1.0411896       0.9982993       18.269624       12.672687       9.5687217       0.8660375        1.342166       1.1831656      0.99675768      0.99358311   2.0804591e-09        67.30121      0.81131141      0.31974714       0.8375877     0.044011443       13.753174       10990.838       5.2750896        5.2750896       10990.838                               10561.976                 24.135958                 395.75521                      8.9712721
              3       5498.7296       3.0349945       3.0736205      0.95941157     0.022246548      0.12215394     0.051392114       1.0410416      0.99749463       17.913933       12.794021       9.5903455      0.88832659       1.3747917       1.3759158      0.99914894      0.99861931   2.0800864e-09        66.87428      0.81246678      0.32432885      0.84476862     0.027620452       13.785434       10986.858       5.3005567        5.3005567       10986.858                               10557.502                  24.44339                 395.80519                      9.1072219
              2       5498.7733       3.0359202       3.0934344      0.96040739     0.022226403      0.12227928     0.051730695       1.0410925      0.99754215       17.993615       12.309185        9.408215      0.81952721       1.3712414       1.4492191      0.99832405      0.99611372   2.0820127e-09       67.059862      0.81310021      0.32277016      0.84339328     0.047434357       13.766023        10986.83       5.3580964        5.3580964        10986.83                                10557.62                 24.254849                 395.84689                      9.1086269
              3       5497.9996        3.035498       3.1033314      0.96170114     0.022317936      0.12174091     0.050919106       1.0411666      0.99832589       18.011987       12.403948       9.2436561      0.84186403       1.2892014       1.3339526       1.0005332       0.9972581    2.081134e-09        67.46082      0.81098925      0.31796288      0.83491581     0.057331376       13.742311       10985.902       5.0484782        5.0484782       10985.902                               10557.121                 24.035168                 395.77109                      8.9745543
              2       5500.0097        3.037161       3.1033314      0.96054353     0.022317936      0.12174091     0.050919106       1.0411666      0.99953086       19.987384       13.476138       10.940853       0.8902962       1.2536881       1.2563441       1.0035075      0.99358328   2.0845977e-09        67.46082      0.81130845      0.31796288      0.83524443     0.057331376       13.742311       10989.879       5.0702454        5.0702454       10989.879                               10560.917                 24.251614                 395.77513                      8.9349642
              1        5500.055       3.0360581       3.0832225      0.95895601     0.022275548      0.12191639     0.050062462       1.0411055      0.99947856       19.455308       13.064805       10.510305      0.88882205       1.3579422       1.3414729       1.0032144      0.99329802   2.0822998e-09       67.112135      0.81166647      0.32157097      0.84034069     0.037222544       13.769781       10989.943       5.0832501        5.0832501       10989.943                               10560.677                 24.567597                 395.75149                       8.947776
              4       5499.1646       3.0363605       3.0832225      0.96209465     0.022275548      0.12191639     0.050062462       1.0411055       1.0003168       20.013401       13.318981       10.466966      0.81087945       1.1231303       1.0607512       1.0038385       1.0002343   2.0829297e-09       67.112135      0.81274927      0.32157097      0.84146174     0.037222544       13.769781       10988.595       4.8672269        4.8672269       10988.595                               10560.077                 23.701445                 395.73032                      9.0856446
              3       5499.7949       3.0363687        3.078428       0.9617173     0.022259272      0.12223598     0.049611109       1.0411622       1.0003683       20.212057       13.764605       10.993713      0.81930029       1.0562241        1.116025       1.0041771      0.99465236   2.0829469e-09        66.95233      0.81391939      0.32378451      0.84556851     0.032427975        13.77591       10989.537       5.0263315        5.0263315       10989.537                               10560.805                 23.772307                 395.75479                      9.2052124
              2       5500.0126       3.0355383        3.078428      0.96287581     0.022259272      0.12223598     0.049611109       1.0411622       1.0008811       20.576991       14.046292       11.229747      0.76053247      0.93576449      0.96972386        1.002411      0.99377498   2.0812178e-09        66.95233       0.8139363      0.32378451      0.84558609     0.032427975        13.77591       10989.885       5.0701841        5.0701841       10989.885                               10561.543                 23.370482                 395.72779                      9.2431432
              4       5500.6101       3.0369779        3.078428       0.9573482     0.022259272      0.12223598     0.049611109       1.0411622       1.0003789        20.58549       14.289456       11.468084      0.80143607      0.99027183       1.0610018       1.0041716      0.99388061   2.0842162e-09        66.95233       0.8128317      0.32378451      0.84443853     0.032427975        13.77591       10991.078       5.0709884        5.0709884       10991.078                               10561.436                 24.893159                 395.72848                      9.0210351
              5       5499.3062       3.0368722       3.1236083      0.95856815     0.022322143      0.12214846     0.048937971       1.0410476       1.0007002       20.639144       14.740235       11.752952      0.88543524       1.1074868       1.1796627       1.0042628      0.99445163   2.0839959e-09       67.517609      0.81119752       0.3183315      0.83561417     0.077608308       13.726263       10988.474       5.0692593        5.0692593       10988.474                               10559.134                 24.762612                 395.70607                       8.871033
              2       5500.1784       3.0370507       3.1164564      0.95854044      0.02232453      0.12217812     0.049118494       1.0410945       1.0006928       20.482119       14.665212       11.726469      0.88651555        1.126096       1.2232758       1.0041619      0.99392713   2.0843678e-09       67.442553      0.81159974      0.31911087      0.83705129      0.07045642       13.732064       10990.168       5.0946611        5.0946611       10990.168                               10560.833                 24.740363                 395.70809                      8.8860684
              1       5498.3031       3.0369941       3.1164564      0.95872301      0.02232453      0.12217812     0.049118494       1.0410945       1.0001253       20.567862       13.880956       11.516308      0.87656625       1.0859298        1.192869       1.0015495      0.99782585   2.0842498e-09       67.442553      0.81163278      0.31911087      0.83708536      0.07045642       13.732064       10986.962       4.8221487        4.8221487       10986.962                               10557.608                 24.788387                  395.6873                      8.8786072
              2        5499.418       3.0367267       3.1164564      0.95880649      0.02232453      0.12217812     0.049118494       1.0410945       1.0000453       20.827394       14.272839       11.685978      0.94079559       1.3913574       1.4869453      0.99604473      0.99249115   2.0836927e-09       67.442553      0.81154992      0.31911087      0.83699991      0.07045642       13.732064       10988.545       5.1455538        5.1455538       10988.545                               10559.196                 24.757411                 395.70809                       8.883188
              1       5497.6443        3.035225       3.1929162      0.95989495     0.022356192      0.12204751     0.046480117       1.0408032       1.0013027       21.397337       15.424602       12.054032      0.87179471       1.3018886       1.2230172       1.0003792       1.0025351   2.0805658e-09       68.299088      0.80821248      0.31094505      0.82282361      0.14691616        13.65919       10985.381        4.953867         4.953867       10985.381                               10555.782                  24.72179                 395.85424                      9.0225616
              5       5496.7792       3.0343078       3.1555398      0.95680303     0.022267128      0.12297901     0.045681287       1.0407566       1.0009429       21.404317       15.771091       12.542579      0.78786518       1.1126917       1.1261795       0.9958199       1.0010974   2.0786584e-09         67.4553      0.81129708      0.32062425       0.8387209       0.1095398       13.711132       10983.659       4.9497618        4.9497618       10983.659                               10553.586                 25.310684                 395.87778                      8.8842728
              4       5498.5049       3.0341021       3.1976251      0.95806866     0.022336194      0.12261427     0.045464129       1.0405938       1.0010316       22.330638         16.3084       13.186617      0.78675157        1.004269       1.0342127      0.99880532       1.0061719   2.0782309e-09       68.068527      0.80878357      0.31423512      0.82774975      0.15162515       13.664937       10986.874       5.0679854        5.0679854       10986.874                               10556.918                 25.173373                 395.93876                      8.8438139
              1       5498.8206       3.0329606       3.1976251      0.95735953     0.022336194      0.12261427     0.045464129       1.0405938       1.0004946       22.513668       16.452753       13.483349      0.79072719        1.014394        1.027414      0.99940689       1.0064451     2.07586e-09       68.068527      0.80810343      0.31423512      0.82705366      0.15162515       13.664937       10987.613       5.0142766        5.0142766       10987.613                               10557.459                 25.357791                 395.93505                       8.860934
              2       5499.1979       3.0347971       3.2087581      0.95969643     0.022361177      0.12216218     0.047173094       1.0407701       1.0007077       23.085222       16.688934       13.691596      0.88947285      0.99058408        1.077979          1.0003       1.0073296   2.0796758e-09       68.435006      0.80783434      0.30996664      0.82114369      0.16275813       13.644136       10988.207       5.0943931        5.0943931       10988.207                               10558.432                 24.768511                 395.77448                      9.2315612
              1       5500.3476       3.0345478       3.2087581      0.95903667     0.022361177      0.12216218     0.047173094       1.0407701      0.99997821       22.444558       16.471407       13.543371      0.90475738       1.0756274       1.2073578       1.0004863       1.0069034   2.0791574e-09       68.435006      0.80752934      0.30996664      0.82083367      0.16275813       13.644136       10990.646       5.0247592        5.0247592       10990.646                               10560.732                 25.047821                 395.78525                      9.0805395
              2        5499.061       3.0346866       3.1667449      0.95801851     0.022282312      0.12222208     0.047688041       1.0409027      0.99994293       21.889168       15.874054       13.086818      0.92826529       1.0579121       1.2974232      0.99717549       1.0008659   2.0794459e-09       67.907895      0.80914719      0.31475619      0.82880821       0.1207449       13.690877       10988.464       4.8291529        4.8291529       10988.464                                10558.71                 25.109037                 395.75818                      8.8866613
              2       5498.3283       3.0352175       3.1718914      0.95867578     0.022259779      0.12215899     0.047955123       1.0409656       1.0001003       22.278464       16.106356       13.306667      0.94483896        1.116996       1.3045655      0.99664798      0.99931421   2.0805503e-09       67.991615      0.80935993      0.31379632      0.82776107      0.12589145        13.68578       10986.967       4.8445901        4.8445901       10986.967                               10557.346                 24.942809                  395.7199                      8.9589902
              2       5500.7151       3.0367334       3.1718914      0.95735759     0.022259779      0.12215899     0.047955123       1.0409656       1.0003983       21.204713       14.681476       12.240306      0.87319116       1.1845344       1.2266999      0.99477913       1.0001335   2.0837065e-09       67.991615      0.80956704      0.31379632      0.82797289      0.12589145        13.68578       10991.562       4.9343248        4.9343248       10991.562                               10561.622                 25.378451                  395.7496                      8.8119424
              3       5497.7988       3.0365947       3.1718914      0.95883717     0.022259779      0.12215899     0.047955123       1.0409656       1.0002839       22.012821       14.888646        12.41533      0.86408508      0.95906647       1.0855443       0.9983976       1.0030205   2.0834175e-09       67.991615      0.80996723      0.31379632      0.82838217      0.12589145        13.68578       10985.897       4.8501593        4.8501593       10985.897                                10556.33                 24.990973                  395.7199                      8.8564987
              3       5498.1716       3.0365526       3.1708025       0.9587959     0.022263582      0.12214613     0.047959937       1.0409626       1.0002744        21.78048       14.641065       12.234707      0.85304351      0.98690236       1.1022466      0.99710378       1.0028126   2.0833298e-09       67.985655       0.8099093      0.31383174      0.82836968      0.12480247       13.686545       10986.598       4.8727729        4.8727729       10986.598                               10557.026                 24.999378                  395.7199                      8.8521906
              6       5498.0285       3.0315971       3.1708025      0.96148367     0.022263582      0.12214613     0.047959937       1.0409626      0.99900215       21.952333       14.814012        12.71046      0.77792237      0.91367297      0.96683025       1.0015059        1.002918   2.0730314e-09       67.985655      0.80873336      0.31383174      0.82716693      0.12480247       13.686545       10986.219       4.9188228        4.9188228       10986.219                               10557.051                  24.11727                 395.73269                      9.3185487
              4       5495.8906       3.0335183       3.1708025      0.96141483     0.022263582      0.12214613     0.047959937       1.0409626      0.99967414       22.303849       15.299547       12.794442      0.73202438       1.0091473      0.99084737       1.0010515       1.0014797    2.077018e-09       67.985655      0.80948935      0.31383174      0.82794016      0.12480247       13.686545       10982.161       4.8102245        4.8102245       10982.161                               10553.082                  24.18118                 395.72711                      9.1701845
              4       5495.9731       3.0325022       3.1708025      0.96339217     0.022263582      0.12214613     0.047959937       1.0409626      0.99967522        22.73182       15.872886       13.046167      0.73738113      0.72793379        0.660992       0.9977509       1.0014591   2.0749087e-09       67.985655      0.80968912      0.31383174      0.82814448      0.12480247       13.686545       10982.287         4.82963          4.82963       10982.287                               10553.503                 23.638358                 395.76414                      9.3814374
              1       5496.3384       3.0329999       3.1620865        0.963586     0.022244121      0.12222413     0.048200276       1.0410745       0.9997842        22.79746       15.884389         12.9377      0.77222326      0.77020218      0.71155762      0.99612207       1.0010739   2.0759415e-09       67.879425      0.81064113      0.31494184      0.83058329      0.11608646       13.694346       10982.937       4.8699374        4.8699374       10982.937                               10554.283                 23.555115                  395.7387                      9.3605736
              2       5496.1452       3.0322393       3.1620865      0.96334722     0.022244121      0.12222413     0.048200276       1.0410745      0.99946931       22.585585       15.665506       12.759729      0.74358659      0.74114899      0.69603498      0.99580733       1.0010155   2.0743632e-09       67.879425      0.81025911      0.31494184      0.83019187      0.11608646       13.694346       10982.489       4.9008333        4.9008333       10982.489                               10553.753                 23.598341                 395.73701                      9.3999476
              5       5495.6366       3.0331862       3.2216063      0.96516965     0.022278501      0.12229844     0.048482337       1.0409597      0.99932801        23.00853       16.375346       13.199252      0.75729251      0.74264575      0.70471365      0.99930974       1.0033525   2.0763283e-09       68.530576      0.80946204      0.30921679      0.82180237      0.17560632       13.634377       10981.513       4.8799573        4.8799573       10981.513                               10552.488                 23.396182                 395.73654                      9.8927546
              1       5495.3324       3.0310658       3.1996872      0.96173941     0.022362684      0.12304362     0.047233637       1.0406809      0.99834626       21.906218       15.748046       12.693387      0.73535399       0.7912411      0.82362968      0.99285135      0.99901414   2.0719303e-09       67.995162         0.80998      0.31589956      0.83116678      0.15368724       13.659348       10980.136       5.2644192        5.2644192       10980.136                               10551.033                 24.151122                 395.76985                      9.1819061
              3       5496.0664       3.0309876       3.1961165      0.96145862      0.02234137      0.12315425     0.047047441       1.0406912      0.99776012       21.686213       15.522336       12.434278      0.70578075      0.85595435       0.7735658      0.99204841      0.99883711   2.0717683e-09       67.901444      0.81041341       0.3169659      0.83301392      0.15011653       13.665216       10981.114        5.509518         5.509518       10981.114                               10551.968                 24.300132                 395.78034                      9.0657732
              3       5496.1914       3.0308553       3.2031439      0.96161308     0.022346104      0.12309533     0.046870065       1.0406614      0.99782048       21.727367        15.59373       12.475425      0.70262067      0.85324164      0.75988899       0.9923508      0.99957552   2.0714943e-09        67.99653      0.80996989      0.31596283      0.83123963      0.15714395       13.658301       10981.465       5.4587303        5.4587303       10981.465                               10552.288                 24.293333                 395.80651                      9.0777709
              2       5498.7981       3.0305147        3.205313      0.96130118     0.022341572      0.12316346     0.046499053       1.0406184      0.99780715       22.124423       14.738207       12.693366      0.76495474      0.94984681      0.90727179      0.99598519      0.99759338   2.0707889e-09       67.979589      0.80986854      0.31625796       0.8315237      0.15931302        13.65811       10987.037       5.2794939        5.2794939       10987.037                               10557.768                 24.381924                 395.83684                      9.0503957
              5       5498.5889       3.0304626       3.2055027       0.9613376     0.022360165      0.12318091     0.046359754       1.0406304      0.99785208       21.968136       15.549075       13.096246      0.66571984      0.90273867      0.92370888      0.99965165       1.0015892   2.0706809e-09       67.995401      0.80984511      0.31618884      0.83140877      0.15950273       13.655776       10986.843       5.1675724        5.1675724       10986.843                               10557.586                 24.383862                 395.82824                      9.0446667
              1       5503.2696       3.0304571       3.2059624      0.96181861     0.022322482      0.12271695     0.046772755       1.0406075      0.99802639       21.728396       15.799293       12.941859      0.82824172      0.69765587      0.96661179       1.0038666       1.0023477   2.0706695e-09       68.122034       0.8086237       0.3139334      0.82718872      0.15996239       13.657895       10996.141        5.199179         5.199179       10996.141                               10566.896                 24.249136                 395.85321                      9.1427318
              8       5503.3551       3.0306535       3.1746001       0.9607478     0.022372016      0.12289941     0.047832749       1.0406264      0.99901023       22.428011       16.520808       14.240887      0.80556807      0.66993788      0.85726078      0.99982076      0.99514147   2.0710763e-09       67.745756      0.80968068      0.31793592      0.83353329      0.12860009       13.684828       10996.746       4.9818127        4.9818127       10996.746                               10567.655                 24.122507                 395.70661                      9.2628261
              1       5503.1563       3.0315706       3.1916213      0.96263785     0.022238749      0.12241668     0.048001658       1.0407668      0.99991883       23.460945       17.169184       14.703298      0.79966561      0.57878846      0.67399922       1.0045939       1.0017352   2.0729766e-09       68.044857      0.80926688      0.31381658      0.82769261      0.14562131       13.674816         10996.5       4.9063583        4.9063583         10996.5                               10567.336                 23.681963                 395.77451                      9.7070245
              2       5501.9473       3.0304746       3.1916213      0.96105507     0.022238749      0.12241668     0.048001658       1.0407668      0.99923757       22.660163       16.628663       14.132026      0.76390165      0.76247864      0.80594037       1.0055306       1.0004989   2.0707057e-09       68.044857      0.80833447      0.31381658      0.82673898      0.14562131       13.674816       10993.923       4.9859402        4.9859402       10993.923                               10564.435                 24.071165                 395.71947                      9.6971447
              5       5500.7755       3.0296815       3.1744564      0.95926914     0.022180769      0.12296869     0.047036582       1.0407333      0.99905423       22.229768       16.489582       13.866421      0.82447427      0.74875205      0.85982293       1.0014801      0.99752462   2.0690642e-09        67.59637      0.80993084       0.3190758      0.83528415      0.12845641       13.701221       10991.754       4.8984024        4.8984024       10991.754                               10562.277                 24.433177                  395.7792                      9.2643724
              4       5498.9297       3.0253914       3.1744564      0.96240525     0.022180769      0.12296869     0.047036582       1.0407333      0.99810143       21.597823       16.185491       13.275588      0.71548201      0.80616901       0.8473322        1.000707      0.99668147   2.0602067e-09        67.59637      0.80915904       0.3190758       0.8344882      0.12845641       13.701221       10987.597       5.1311811        5.1311811       10987.597                               10558.389                 23.504974                 395.84138                      9.8617658
              3       5497.7102       3.0246478       3.1480776      0.96092548     0.022145044      0.12307588     0.046825354       1.0406952      0.99711231       20.884258       15.630833       12.785983      0.71111636      0.83382547      0.93620141      0.99907832      0.99619571   2.0586752e-09       67.213886      0.80959861      0.32287576      0.83989857      0.10207757       13.733191       10984.363        5.528967         5.528967       10984.363                               10555.254                 23.866986                 395.82768                      9.4136348
              1       5498.8879       3.0265474       3.1480776      0.95970547     0.022145044      0.12307588     0.046825354       1.0406952      0.99756517       20.307662       15.362974       12.353247      0.73775452      0.84530277      0.96871649      0.99958061      0.99765573   2.0625896e-09       67.213886      0.80999438      0.32287576      0.84030916      0.10207757       13.733191         10987.2        5.287884         5.287884         10987.2                               10557.929                 24.237093                 395.79603                      9.2376784
              1       5497.1725       3.0266329       3.1480776      0.96319157     0.022145044      0.12307588     0.046825354       1.0406952      0.99823589       20.745366       15.164693       12.245016      0.66367007      0.69939005      0.77009517      0.99875723      0.99816227    2.062766e-09       67.213886      0.81109757      0.32287576      0.84145364      0.10207757       13.733191       10984.227       5.0588288        5.0588288       10984.227                               10555.582                 23.339025                 395.84605                      9.4603389
              2       5496.2584       3.0265721       3.1484503       0.9630646     0.022146422       0.1231312     0.046756445        1.040683      0.99704969       20.958334       14.776025       12.110723      0.74708138      0.92686929      0.88640027      0.99796555      0.99956903   2.0626406e-09       67.196247      0.81118237      0.32317085      0.84192609       0.1024503       13.733249        10981.51       5.5032258        5.5032258        10981.51                               10552.804                 23.542716                 395.84216                      9.3212295
              1       5495.5448       3.0277583       3.1742715      0.96528011     0.022142324      0.12271483     0.047437184       1.0407843      0.99750172       21.939129       15.210446        12.32228      0.71990963      0.83616204      0.75330298      0.99702009      0.99603814   2.0650887e-09       67.667074      0.81040576      0.31777098      0.83406329      0.12827151       13.702733       10980.275       5.4074494        5.4074494       10980.275                               10551.817                 23.135589                 395.78872                      9.5330876
              5       5496.3459       3.0278769       3.1742715      0.96296609     0.022142324      0.12271483     0.047437184       1.0407843        0.997119       21.171908       15.579992       12.182465      0.66483327      0.86199383      0.75341624      0.99230655      0.99561523   2.0653338e-09       67.667074      0.80973992      0.31777098      0.83337801      0.12827151       13.702733       10981.009       5.8413445        5.8413445       10981.009                               10552.173                 23.707046                 395.76724                      9.3618891
              2       5494.9432       3.0281971       3.1823764      0.96323052     0.022218822      0.12279487     0.047903524       1.0407537      0.99680276       21.257543       15.487233       12.545193      0.76486441      0.85651849      0.91542579      0.99340122      0.99944306   2.0659951e-09       67.786145      0.80963418      0.31699627      0.83225283      0.13637635       13.688084       10978.242       5.8223103        5.8223103       10978.242                               10549.387                 23.693164                 395.77923                      9.3824003
              2       5497.0559       3.0307348       3.2094876      0.96691331     0.022270597      0.12203998     0.050237649       1.0409638      0.99716149       23.389217       16.508046       13.981286      0.79702404      0.94931506      0.93451555       1.0006823       1.0020976   2.0712447e-09       68.475763      0.80856055      0.30914397      0.82079047       0.1634876       13.646194       10983.203       5.4541539        5.4541539       10983.203                               10554.185                 22.972189                 395.75103                      10.295482
              4       5496.8621       3.0303435       3.2094876      0.96328016     0.022270597      0.12203998     0.050237649       1.0409638      0.99635477       23.537127       17.125177       14.119819      0.86631806      0.82762675      0.86197192       1.0011655       1.0022708   2.0704343e-09       68.475763      0.80727309      0.30914397      0.81948354       0.1634876       13.646194       10981.963       5.8808471        5.8808471       10981.963                               10552.353                 23.858666                 395.73033                      10.020765
              7       5498.2077       3.0307151       3.2107463      0.96309972     0.022266919      0.12232713     0.050483245       1.0409703      0.99640757       23.125667       16.574388       13.649394      0.87952297      0.74589606      0.85816046       1.0020165        1.000746   2.0712038e-09       68.389048      0.80828687      0.31053453      0.82235596      0.16474629       13.646284       10984.734       5.8408143        5.8408143       10984.734                                10555.19                 23.845644                 395.72358                      9.9741223
              5       5497.8566       3.0310803       3.2287793      0.96394767     0.022332798      0.12220376     0.050878789        1.040936      0.99628611       22.966496       17.196963       13.970953      0.80471023      0.74503208       0.7945546       1.0000518      0.99723743   2.0719605e-09       68.684156      0.80746354       0.3077499      0.81782663       0.1827793       13.622063        10983.86       5.9268643        5.9268643        10983.86                               10554.012                 23.736479                 395.78222                      10.328684
              3       5498.7178       3.0299186       3.2388687      0.96352726     0.022392199      0.12217119     0.049686991       1.0408166      0.99640764       22.971053       16.960393       14.309858      0.74412197      0.75313178      0.84079898       0.9953825       0.9951464   2.0695548e-09       68.821651      0.80610758       0.3065781      0.81489741      0.19286873       13.609404       10985.352       6.0420497        6.0420497       10985.352                               10555.384                 23.911161                 395.70321                       10.35361
              1       5499.1792       3.0320054       3.2388687      0.96283415     0.022392199      0.12217119     0.049686991       1.0408166      0.99702397       23.715488       17.387862       14.494897      0.83356231       0.6513031      0.74986736      0.99343924      0.99806124    2.073878e-09       68.821651       0.8067331       0.3065781      0.81552976      0.19286873       13.609404       10986.903       5.7278051        5.7278051       10986.903                               10557.078                 24.144714                 395.68865                      9.9913299
              2       5499.9445       3.0307721       3.2388687      0.96702734     0.022392199      0.12217119     0.049686991       1.0408166      0.99791211       24.051084       17.510995       14.789989      0.79658388      0.62796328      0.64759224      0.99293675      0.99839348    2.071322e-09       68.821651      0.80754385       0.3065781      0.81634935      0.19286873       13.609404       10989.096       5.3963495        5.3963495       10989.096                               10559.592                 22.980602                 395.71427                      10.809243
              2       5501.2424       3.0325995       3.2309948      0.96844588     0.022468234      0.12196362     0.051896435       1.0409845      0.99761841       24.163223       16.603209       14.458784      0.82876596      0.77545507       0.9227775      0.99521382      0.99864453   2.0751104e-09       68.924633      0.80811588      0.30538577      0.81533749      0.18499481       13.603931       10991.759       5.3627355        5.3627355       10991.759                               10562.094                 22.668277                 395.76834                      11.229098
              3        5502.875        3.032424       3.2185451      0.96786041     0.022448361      0.12200829     0.051984413       1.0409785      0.99678871       24.026508        16.28268       14.455211      0.85966927      0.79425288      0.95914453      0.99642056        1.000287   2.0747463e-09       68.746031      0.80845091       0.3070271      0.81786455      0.17254513       13.618792         10994.4       5.6747199        5.6747199         10994.4                               10565.117                 22.836326                 395.82437                      10.622704
              1       5500.4139       3.0308414       3.2185451      0.96585955     0.022448361      0.12200829     0.051984413       1.0409785      0.99585728       23.932771       16.221586       13.875545      0.84964792      0.70007777      0.83089942      0.99211552      0.99464887   2.0714655e-09       68.746031        0.807187       0.3070271      0.81658592      0.17254513       13.618792       10987.603       6.6122215        6.6122215       10987.603                               10557.839                 23.272172                 395.81264                      10.679347
              3       5500.1169        3.031369        3.240177      0.96737695     0.022520137      0.12164112     0.052453713       1.0409866      0.99602263       24.210993       16.476293       14.147491      0.74537727      0.75122899      0.75284685      0.99372871      0.99836775   2.0725586e-09       69.189135      0.80573295      0.30249008      0.80906993      0.19417698       13.588133       10987.712       6.2607805        6.2607805       10987.712                               10557.336                 23.043275                 395.77655                      11.555917
              1       5498.8591       3.0320334       3.2749308      0.96826428     0.022514719      0.12181881     0.052651042       1.0409179      0.99612324       24.097761       17.100866        14.43069       0.6444685      0.70062285      0.63622478      0.99539679      0.99803255   2.0739362e-09       69.501409      0.80579079      0.30013461      0.80597155      0.22893076       13.556682       10985.492       6.1128956        6.1128956       10985.492                               10554.531                 22.922415                 395.82631                      12.212672
              5       5502.1518       3.0367402       3.2749308      0.96750393     0.022514719      0.12181881     0.052651042       1.0409179      0.99766084       24.226092       17.727908       14.539082      0.70772064      0.51298674      0.56409724       1.0012314       1.0059719   2.0837207e-09       69.501409      0.80744961      0.30013461      0.80763074      0.22893076       13.556682       10993.486       5.4088885        5.4088885       10993.486                               10563.312                 23.197767                 395.80596                      11.170309
              3       5503.1782       3.0365956       3.2789588      0.96763041     0.022528945      0.12174193     0.052513111       1.0408984      0.99772027       24.097672       17.625373       14.299263      0.73269727      0.60930585       0.5660366       1.0003842       1.0079078   2.0834195e-09       69.580745      0.80697728      0.29932117      0.80606376      0.23295883       13.551498       10995.328       5.5144289        5.5144289       10995.328                               10565.021                 23.191829                 395.79914                       11.31547
              1       5499.3421       3.0349199       3.2789588      0.97062335     0.022528945      0.12174193     0.052513111       1.0408984      0.99739343       24.018759       17.315817       14.031693      0.68016474      0.70621953      0.59754012      0.99798475       1.0034538   2.0799312e-09       69.580745      0.80724562      0.29932117       0.8063318      0.23295883       13.551498       10987.867       5.4087401        5.4087401       10987.867                               10557.721                 22.520367                 395.81473                      11.810522
              3       5499.0563       3.0337654       3.2789588       0.9705413     0.022528945      0.12174193     0.052513111       1.0408984      0.99696695       23.607803        16.85545       13.594133      0.66990377      0.69902434      0.62434595      0.99756561       1.0020625   2.0775312e-09       69.580745      0.80675386      0.29932117      0.80584059      0.23295883       13.551498       10986.968        5.572106         5.572106       10986.968                               10556.594                 22.516108                 395.81473                      12.043804
              1       5499.1839       3.0336779       3.2304878      0.96915886     0.022500073      0.12176619     0.053274462       1.0409838      0.99581169       23.163508        15.67998        13.02443      0.70122076      0.63706537      0.64753866      0.99607805      0.99915658   2.0773494e-09       69.014824      0.80800564      0.30424045      0.81369612      0.18448781       13.600465        10985.83       6.2690779        6.2690779        10985.83                               10556.479                 22.738978                 395.87514                      10.736711
              1       5500.4927        3.033228       3.2602933      0.97015093     0.022633834      0.12129404      0.05325814       1.0408195      0.99577693       22.951104       15.609623       13.201228       0.6179002      0.79588362      0.70816014      0.99755623      0.99947264   2.0764151e-09         69.5848      0.80496949      0.29857789       0.8030593      0.21429332       13.560128       10988.499       6.2432512        6.2432512       10988.499                               10558.204                 22.679841                 395.83857                      11.776221
              4       5498.9832       3.0334592       3.2722547      0.97066053     0.022603281      0.12137241      0.05286504       1.0408642      0.99606478        21.90948       15.822669        12.61038      0.66389739      0.97539178      0.80230946      0.99998136      0.99910012   2.0768953e-09       69.685358       0.8052938      0.29781526      0.80235617      0.22625471       13.550231        10985.91       6.0281785        6.0281785        10985.91                               10555.581                 22.609584                  395.8107                      11.908609
              1       5499.4406       3.0334107       3.2665142      0.97038922     0.022612278      0.12148485     0.052783388       1.0408827      0.99601825       21.781779       15.439353       12.492997      0.64238163       1.0235359      0.85234057      0.99887932      0.99740092   2.0767946e-09       69.592729      0.80571755      0.29885933      0.80418433      0.22051421       13.555015       10986.694        6.093654         6.093654       10986.694                               10556.605                   22.6482                 395.78734                      11.653296
              4       5498.4041       3.0334655       3.2339773      0.97020406     0.022532433      0.12127191     0.052800027        1.041065      0.99639132       21.822865       15.165726        12.36613      0.68012096      0.98301096      0.83213007      0.99904801       0.9980942   2.0769084e-09       69.284755      0.80643809      0.30091221      0.80766323      0.18797729       13.589247       10985.109       5.8497514        5.8497514       10985.109                               10555.455                 22.583917                 395.80021                      11.269995
              2       5497.1547        3.033325       3.2390251      0.97014801     0.022525649      0.12131555     0.052561428       1.0410373      0.99640595       21.403966       15.481182        12.18706      0.68416798      0.87750646      0.80394973      0.99840206      0.99665097   2.0766166e-09       69.312796      0.80636197      0.30074549      0.80736325       0.1930251       13.585853       10982.534       5.8874757        5.8874757       10982.534                               10552.846                 22.609826                 395.80658                      11.272337
              3       5497.4612       3.0340062       3.2390251      0.97027328     0.022525649      0.12131555     0.052561428       1.0410373      0.99767994       21.794889       15.772215       12.459127      0.69319608      0.84097962       0.7319576      0.99830978      0.99621546   2.0780317e-09       69.312796      0.80667603      0.30074549      0.80767769       0.1930251       13.585853       10984.319       5.3017658        5.3017658       10984.319                               10554.321                 22.462027                 395.81309                       11.72325
              3       5500.4913       3.0336732        3.252873      0.97023277     0.022642673      0.12164415     0.051747486        1.041009       0.9963552       20.410416       15.394048       11.796926      0.74058822      0.96907024      0.89698182      0.99449874       1.0003979   2.0773397e-09       69.446824       0.8067026      0.30050976      0.80738768      0.20687305       13.562613       10988.982        6.000131         6.000131       10988.982                                10559.64                 22.724348                 395.73049                      10.887453
              1       5502.2972       3.0309463        3.252873      0.96946384     0.022642673      0.12164415     0.051747486        1.041009      0.99552791       19.973127       15.262028       11.780201      0.77686293       1.0048565      0.96520635      0.99653682      0.99857231   2.0716828e-09       69.446824      0.80536164      0.30050976      0.80604558      0.20687305       13.562613       10991.684       6.4553811        6.4553811       10991.684                               10561.694                 22.802562                 395.72211                      11.465302
              1       5503.8399       3.0316223       3.1776878      0.96922907     0.022563447      0.12143517     0.052195655        1.041488      0.99644762       20.918026       15.016312        11.95403      0.73756516      0.80564852      0.89138209      0.99572061       0.9934231   2.0730837e-09       68.743092      0.80786514      0.30608408      0.81601588      0.13168784       13.631147       10995.474       6.1026492        6.1026492       10995.474                               10566.412                 22.589018                  395.7822                      10.691048
              4       5501.9168       3.0292162       3.1768777      0.96781116     0.022480085       0.1213806     0.049331757       1.0413622      0.99720316       20.652703       15.057953       11.687402      0.71775039      0.69054564      0.66794389      0.99201846       0.9967468   2.0681016e-09       68.640074      0.80652728      0.30671079      0.81549812      0.13087768        13.64377       10992.269       5.7824802        5.7824802       10992.269                               10563.308                 22.881945                 395.70885                      10.370212
              2       5502.2225       3.0292198       3.1780652        0.967848     0.022482077      0.12137907     0.049318755         1.04136      0.99777851       20.821166       15.236251        11.86596      0.72567183      0.68532569      0.64552639      0.99145641      0.99582218   2.0681091e-09        68.65532      0.80648966      0.30657556      0.81528028      0.13206517       13.642427        10993.18        5.632292         5.632292        10993.18                               10564.033                 22.799727                 395.70802                      10.639727
              2       5502.0455       3.0280651       3.1780652      0.96820096     0.022482077      0.12137907     0.049318755         1.04136      0.99721121       20.630856       15.065834       11.749384      0.71137805      0.71362444      0.67518436      0.99101098      0.99508163   2.0657224e-09        68.65532      0.80613392      0.30657556      0.81492067      0.13206517       13.642427       10992.226       5.9324073        5.9324073       10992.226                               10563.028                 22.729287                 395.71095                       10.75769
              5       5500.1947       3.0275112        3.181123      0.96796415     0.022563098      0.12126266     0.049241278       1.0412562      0.99677224       20.841276       15.460494       11.972067      0.73526742      0.95974758       0.8863706      0.99538446      0.99599255   2.0645786e-09       68.764702      0.80493289      0.30552618      0.81231273      0.13512298       13.633829       10988.778       5.8055412        5.8055412       10988.778                               10559.447                 22.845362                 395.72383                      10.761862
              2       5501.0569       3.0283329       3.1900543      0.96841339     0.022510055       0.1213289     0.050027833       1.0412605      0.99657727       20.868742       15.660456       11.999143      0.90745247       1.0389185       1.0622533      0.99968206      0.99727818   2.0662758e-09       68.801963      0.80557998      0.30522321      0.81256258      0.14405427        13.63023       10990.594        5.760008         5.760008       10990.594                               10561.227                 22.751627                 395.70433                      10.911034
              2       5501.0395         3.02819       3.1901617       0.9686434      0.02249769      0.12102572     0.050185132        1.041234      0.99657356       20.716807       15.358591       11.961249      0.87533072      0.96309496      0.94617909        1.002307      0.99966507   2.0659805e-09       68.890669      0.80461219      0.30377281       0.8096558      0.14416168       13.630854       10990.576       5.7516651        5.7516651       10990.576                               10560.971                 22.718582                 395.72526                      11.161381
              4       5501.6381       3.0274395       3.1901617      0.96884142      0.02249769      0.12102572     0.050185132        1.041234      0.99634249       20.604559       15.732604        12.19378      0.67524367      0.78212346      0.85010175      0.99672039      0.99700258   2.0644305e-09       68.890669      0.80437193      0.30377281      0.80941404      0.14416168       13.630854       10991.368        5.954146         5.954146       10991.368                               10561.688                 22.660353                 395.69831                       11.32155
              1       5500.1061       3.0274086       3.2101061      0.96990714      0.02245019      0.12026866     0.050835805       1.0411016      0.99649317       21.072446       15.961208       12.727127      0.66538844      0.83002666      0.86949341       1.0009909       1.0027327   2.0643666e-09       69.306581      0.80163743      0.29846287      0.79958109       0.1641061       13.616024       10988.589       5.8113274        5.8113274       10988.589                               10557.666                 22.495283                 395.73455                      12.693459
              7       5499.9791       3.0264655       3.2117547      0.96938901     0.022470387      0.12022782     0.049942085       1.0410201       0.9966081       20.887956       15.886394       12.619783      0.65804969      0.81886433      0.84531123       1.0000999        1.003489   2.0624208e-09        69.32962      0.80075496      0.29822159      0.79837798      0.16575471       13.614573       10988.425       5.7665697        5.7665697       10988.425                               10557.511                 22.618681                 395.66704                      12.628296
              1       5499.8233       3.0265238       3.2040565      0.96918312     0.022459735      0.12025231     0.050108968       1.0410396      0.99645533        20.81308       15.408813       12.592504      0.72120666       0.8068253      0.90396569       0.9965514       1.0003175   2.0625409e-09       69.228818      0.80109116      0.29911955      0.79991476       0.1580565       13.622954       10987.946        5.850396         5.850396       10987.946                               10557.254                 22.643024                 395.67839                      12.369934
              3       5499.4033        3.026426       3.2040565      0.96895808     0.022459735      0.12025231     0.050108968       1.0410396      0.99712827       21.489871       15.954409       13.230173      0.64728071      0.81308073      0.78955627       0.9973105      0.99788973   2.0623392e-09       69.228818      0.80098204      0.29911955       0.7998058       0.1580565       13.622954         10987.8       5.5034321        5.5034321         10987.8                               10556.655                 22.589113                 395.67838                      12.877507
              1       5499.5775       3.0301359       3.2040565      0.96562358     0.022459735      0.12025231     0.050108968       1.0410396       0.9978379       22.245335        16.45206       13.676392       0.6592448       0.8047886      0.75632881      0.99911395      0.99953619   2.0700046e-09       69.228818      0.80143261      0.29911955      0.80025571       0.1580565       13.622954       10988.826       5.1642292        5.1642292       10988.826                               10558.024                  23.43906                 395.70783                      11.655692
              2       5499.1225       3.0302602       3.2058199      0.96564983     0.022460782      0.12031286     0.050192954       1.0410399      0.99777669       22.236945       16.396246       13.602094      0.67143392       0.7642337      0.74308775       0.9989311      0.99934269   2.0702619e-09       69.228755       0.8016369      0.29924861      0.80063237      0.15981985       13.621325       10987.868       5.1885748        5.1885748       10987.868                               10557.091                 23.436947                 395.71319                      11.626985
              1       5499.3878       3.0302566       3.2111985      0.96580118     0.022456486      0.12026394     0.050186173       1.0410181      0.99779345        22.29505       16.474546       13.656459      0.66935781      0.76495375      0.73695748      0.99934531      0.99998885   2.0702544e-09       69.297868      0.80135312       0.2985412      0.79940239      0.16519846       13.616737       10988.422       5.1769069        5.1769069       10988.422                               10557.503                 23.420512                 395.70607                      11.792179
              3       5499.3194       3.0302593       3.2007646      0.96546963     0.022436046      0.12033298     0.050216979       1.0410523      0.99778242       21.821062       16.110364       13.081467      0.82523616      0.97695049       1.0203249       1.0010147      0.99696871     2.07026e-09       69.146106      0.80191661      0.29995477      0.80185616       0.1547646       13.628626       10988.179       5.2297568        5.2297568       10988.179                               10557.537                 23.450432                  395.7025                      11.489187
              3       5500.6064        3.030653       3.2125663      0.96547305     0.022380171      0.12053388     0.050497056       1.0410029       0.9979827       22.032876       17.181175        13.73062      0.81607144      0.87936365      0.95843656       1.0013117      0.99855001   2.0710752e-09       69.148317      0.80258463       0.3002389      0.80290413      0.16656635        13.62458       10990.953       5.1299289        5.1299289       10990.953                               10560.116                 23.394065                 395.72511                       11.71729
              3       5500.6233       3.0300278        3.203941       0.9646411     0.022376501      0.12037933     0.050745977       1.0408691      0.99764547       22.260614       17.087526       13.534956      0.68121133      0.77988638      0.74061326      0.99832731       0.9937657   2.0697807e-09       69.054374      0.80171572      0.30072454      0.80268325        0.157941        13.63695       10990.372       5.4370813        5.4370813       10990.372                               10559.461                 23.544656                 395.70424                      11.662292
              3       5500.1206       3.0341694        3.203941      0.96491457     0.022376501      0.12037933     0.050745977       1.0408691      0.99905483       22.707989       17.018728       13.292881      0.71194199      0.67315322       0.6364099       1.0028181      0.99940476   2.0783707e-09       69.054374      0.80346251      0.30072454      0.80443215        0.157941        13.63695       10990.445       4.8982005        4.8982005       10990.445                               10560.321                 23.585561                 395.71977                      10.818309
              2       5499.1858       3.0341669        3.203941      0.96491901     0.022376501      0.12037933     0.050745977       1.0408691      0.99909194       22.851817       17.337418       13.764732      0.62613401      0.85404581      0.72353052       1.0008734      0.99756862   2.0783656e-09       69.054374      0.80346289      0.30072454      0.80443254        0.157941        13.63695       10988.602       4.8845918        4.8845918       10988.602                               10558.466                 23.578058                 395.71977                      10.838417
              2       5500.7096       3.0355576       3.1316607      0.96383036     0.022202139      0.12074997     0.052062801       1.0412658      0.99914581       22.585806       16.526839       13.356557      0.55931711      0.82257733      0.70824053      0.99632047      0.99157039   2.0812579e-09       68.071742      0.80816367      0.30989285      0.82138065     0.085660747       13.717869       10990.886        5.266611         5.266611       10990.886                               10561.883                 23.490249                 395.80963                      9.7034395
              2       5500.2514        3.036356       3.1316607      0.97010909     0.022202139      0.12074997     0.052062801       1.0412658       1.0016572       23.114138       16.786737       13.570846      0.56989352      0.66011664      0.50285421      0.99330258      0.99249134   2.0829203e-09       68.071742      0.81042764      0.30989285      0.82368165     0.085660747       13.717869       10989.481       5.5111343        5.5111343       10989.481                               10561.138                 21.973025                 395.79752                      10.572086
              5       5499.9043       3.0358538       3.1287437       0.9696238     0.022140851      0.12071242     0.051613138       1.0412208       1.0016021        23.06725       16.814338        13.52426      0.56759416      0.63917541      0.47963637      0.99346857      0.99447252   2.0818745e-09       67.985018      0.81027551      0.31047014      0.82429375     0.082743699       13.728184       10989.095       5.3566583        5.3566583       10989.095                               10560.857                 22.056997                 395.76403                      10.417543
              2       5499.9851       3.0334573       3.1056594      0.96721375     0.022126713      0.12086251     0.049509498       1.0410741       1.0013801       22.449998       16.465849       13.111044      0.59406089      0.53781395       0.4724918      0.99065333       0.9955563   2.0768913e-09       67.603783       0.8096571      0.31427913      0.82870178     0.059659425       13.758335       10989.024       5.4731602        5.4731602       10989.024                               10561.096                  22.50026                 395.72725                      9.7000493
              1       5499.5154        3.032477       3.1056594      0.96750955     0.022126713      0.12086251     0.049509498       1.0410741       1.0010851       22.354528       16.373483       13.056234      0.58654325       0.5579549      0.49376017      0.99032433      0.99473732   2.0748563e-09       67.603783      0.80935125      0.31427913      0.82838874     0.059659425       13.758335       10988.059       5.4860201        5.4860201       10988.059                               10560.078                 22.419439                 395.73793                      9.8230261
              1       5497.5362       3.0349344       3.1056594       0.9598004     0.022126713      0.12086251     0.049509498       1.0410741       1.0014092       22.738474       16.835673       13.644698      0.64316141      0.67120259      0.61184605      0.99020579      0.99293253   2.0799614e-09       67.603783      0.80798232      0.31427913      0.82698761     0.059659425       13.758335       10983.725       5.6734918        5.6734918       10983.725                               10554.585                 24.207192                 395.70721                      9.2263914
              3       5499.2187       3.0348368       3.1076902      0.96005809     0.022157926      0.12051135     0.050047787       1.0410026       1.0012862       23.194625       16.767004       14.239363      0.58617675      0.72380328      0.59416108      0.99129924      0.99650786   2.0797584e-09       67.752222      0.80661212      0.31220651      0.82285837     0.061690205       13.753774       10987.723       5.3570958        5.3570958       10987.723                               10558.447                 24.158924                 395.71044                       9.406861
              2       5499.0129       3.0346992       3.1342238       0.9603281     0.022243221      0.12031059     0.050777681       1.0407598        1.000658       23.065258       16.898987       14.412724      0.55637032      0.83657918      0.69806431       0.9922339      0.99675401   2.0794722e-09       68.119936      0.80460354      0.30859618      0.81604965     0.088223829       13.724306       10987.678       5.1741316        5.1741316       10987.678                               10557.915                 24.210971                 395.73764                      9.8140587
              2       5497.6443       3.0364443       3.1342238      0.96124143     0.022243221      0.12031059     0.050777681       1.0407598       1.0011218       23.145493       16.907701        14.35272      0.53663996      0.76119562      0.62327749      0.99257803       0.9995007   2.0831043e-09       68.119936      0.80558588      0.30859618      0.81704597     0.088223829       13.724306       10984.963       5.1626001        5.1626001       10984.963                               10555.623                 24.058256                 395.73442                      9.5478263
              3       5499.1169       3.0401988        3.183767      0.96450603     0.022321862      0.12081625     0.053283603       1.0409734       1.0006165       23.450461       17.245033       14.701403      0.60507388      0.85299568      0.85938092      0.99416604      0.99317732   2.0909399e-09       68.654473      0.80815822      0.30504913      0.81493067      0.13776696       13.661678       10987.797       5.2185816        5.2185816       10987.797                               10558.239                 23.465437                 395.92574                      10.165963
              1       5501.7307       3.0394099       3.1512999      0.96230536     0.022111365      0.12167788     0.051230694       1.0411217       1.0010818       24.653906       17.922656        15.12729      0.83255355      0.56730032      0.66064362       1.0013975      0.99719434    2.089291e-09       67.850275      0.81197851      0.31373759      0.83036147       0.1052999       13.715006       10993.605       4.9280005        4.9280005       10993.605                               10564.729                 23.797376                 395.82314                      9.2560701
              2       5499.2938       3.0372445       3.1512999      0.96342013     0.022111365      0.12167788     0.051230694       1.0411217       1.0002578       24.384936          17.388       14.625383      0.82070122      0.60589289      0.67092239       1.0009754      0.99755505   2.0847717e-09       67.850275      0.81144421      0.31373759      0.82981507       0.1052999       13.715006       10988.937       4.8252152        4.8252152       10988.937                               10560.171                 23.504027                 395.81713                      9.4447143
              1       5499.8032       3.0373406       3.1512999      0.96264148     0.022111365      0.12167788     0.051230694       1.0411217        1.000149       23.885256       16.944073       14.142889       0.8677573      0.78578298      0.78569561      0.99815743      0.99399886   2.0849721e-09       67.850275      0.81124263      0.31373759      0.82960893       0.1052999       13.715006       10989.638       4.9840742        4.9840742       10989.638                               10560.743                 23.703645                 395.81271                      9.3794438
              1       5497.0278       3.0361137        3.156952      0.96162559     0.022122101      0.12170455     0.050389876       1.0409297       1.0002968       23.721569       16.835688       14.265257      0.83029163       0.8560119      0.88441044      0.99875923       0.9938299   2.0824157e-09       67.850586      0.81012978      0.31381597      0.82857436      0.11095195       13.713976       10984.075       4.9903506        4.9903506       10984.075                               10555.062                  23.92181                  395.7341                       9.356726
             10       5496.4916       3.0370992        3.156952      0.96476828     0.022122101      0.12170455     0.050389876       1.0409297       1.0012252       23.906503       16.855923       14.213747       0.8176788      0.77897079      0.78028205      0.99822715      0.99539422   2.0844689e-09       67.850586      0.81149968      0.31381597      0.82997545      0.11095195       13.713976       10982.929       5.0271189        5.0271189       10982.929                               10554.558                 23.154551                 395.70888                      9.5072488
              8       5499.2053        3.038274       3.2132001      0.96619839     0.022200855      0.12207036     0.051018936       1.0408037        1.000677        23.37202       17.411445       14.327631      0.91848147       0.8678506       1.0350562       1.0012252      0.99412399   2.0869192e-09       68.395355      0.81152212      0.30978713      0.82465333      0.16720009       13.654258       10988.406       5.0020644        5.0020644       10988.406                               10559.746                 23.041984                 395.76664                       9.851448
              3       5496.9446       3.0358771       3.1687591       0.9631144     0.022145222      0.12232029     0.049075731       1.0407146       1.0007472       22.224964       16.173716       13.374236       0.8715768      0.95666228       1.1195289       1.0025413      0.99451817    2.081923e-09       67.719283      0.81184389      0.31642718      0.83377485      0.12275909       13.708535       10983.864       5.0124577        5.0124577       10983.864                                10555.31                 23.574885                  395.7339                      9.2456714
              6       5495.1407       3.0355362       3.1687591      0.96316374     0.022145222      0.12232029     0.049075731       1.0407146       1.0006518       21.978764       15.442683       12.404104      0.97202073        0.980323        1.050733       1.0008619      0.99442308   2.0812135e-09       67.719283      0.81172078      0.31642718      0.83364841      0.12275909       13.708535       10980.324       4.9784656        4.9784656       10980.324                               10551.766                 23.552301                  395.7339                      9.2718855
              3       5494.6385       3.0356056       3.1621505      0.96292161     0.022133936      0.12233605     0.049365939       1.0407116       1.0005147       23.181933       15.670488       13.232118       1.0119546         1.00466       1.1681054       1.0000595       0.9977111    2.081358e-09       67.627333       0.8119595        0.317298      0.83504025      0.11615049       13.716544       10979.612       4.8326572        4.8326572       10979.612                               10551.046                 23.575038                 395.74192                       9.248346
              2       5495.9205       3.0364265       3.1621505      0.96098781     0.022133936      0.12233605     0.049365939       1.0407116       1.0000698       22.766187       15.914115       13.054007      0.90881686       1.1619582       1.1766625      0.99719047      0.99385084   2.0830671e-09       67.627333      0.81169635        0.317298      0.83476962      0.11615049       13.716544       10981.813       5.0141714        5.0141714       10981.813                               10552.902                 24.161208                  395.7077                      9.0421323
              3       5497.1525       3.0427658       3.1621505      0.95999225     0.022133936      0.12233605     0.049365939       1.0407116       1.0021459       23.073072       16.487642       13.430976      0.93542615       1.0329726       1.1111618      0.99616768      0.99906495   2.0963143e-09       67.627333      0.81396559        0.317298      0.83710337      0.11615049       13.716544       10983.842       5.2314604        5.2314604       10983.842                               10554.605                 24.592502                 395.72347                      8.9208908
              3       5495.2347       3.0430549       3.1613407      0.96014298     0.022103951      0.12233128     0.049608104       1.0407396       1.0032507       23.572322       16.979091       13.860533      0.95562828       1.0022185       1.0543825      0.99668604      0.99880817   2.0969205e-09       67.604132      0.81428755      0.31743979      0.83762156      0.11534068       13.719522       10979.084       5.6926576        5.6926576       10979.084                               10550.069                  24.34988                 395.71823                      8.9467623
              3       5496.4821       3.0413556       3.1613407       0.9590466     0.022103951      0.12233128     0.049608104       1.0407396       1.0031174       23.767827       17.160855       14.173843      0.93300477       1.0063654       1.0572616      0.99513756      0.99583317   2.0933603e-09       67.604132      0.81325776      0.31743979      0.83656226      0.11534068       13.719522       10981.429       5.7677248        5.7677248       10981.429                               10552.236                 24.500038                 395.72436                      8.9687557
              1        5497.321       3.0426431       3.1613407      0.95742531     0.022103951      0.12233128     0.049608104       1.0407396       1.0032784       24.075845         17.0815       14.236753      0.99436204      0.91972839       1.0531739      0.99737667      0.99888677   2.0960571e-09       67.604132      0.81328159      0.31743979      0.83658677      0.11534068       13.719522       10983.271       5.6856916        5.6856916       10983.271                               10553.685                 25.002268                 395.73041                      8.8527498
              2       5496.1249       3.0415185       3.1613407      0.95836584     0.022103951      0.12233128     0.049608104       1.0407396       1.0018342       23.626126        16.75338       13.930754      0.98563906      0.90570497       1.0655895      0.99777579      0.99942733   2.0937012e-09       67.604132      0.81311413      0.31743979      0.83641452      0.11534068       13.719522       10982.088       5.0807619        5.0807619       10982.088                               10552.575                 24.913127                 395.73654                      8.8639359
              1       5496.0686       3.0417579       3.1397108      0.95875683     0.022024596      0.12183513     0.050131133       1.0408641       1.0022742       23.723558       16.486901       13.799034      0.95295493      0.95885579       1.0154555      0.99814149       1.0009475   2.0942024e-09       67.503146      0.81280806       0.3171273      0.83568805     0.093710836        13.74386       10981.696       5.2207794        5.2207794       10981.696                               10552.333                 24.694429                 395.78835                        8.88005
              5       5496.3396       3.0417677       3.1443053      0.95904147     0.022024903      0.12177243     0.049984837       1.0408759       1.0024187       23.382342       16.164371       13.465377      0.86795796       1.0789456       1.0246093      0.99818134       1.0033078    2.094223e-09       67.582176      0.81257177      0.31624942      0.83428795      0.09830532       13.738518        10982.03       5.3244925        5.3244925        10982.03                               10552.762                 24.642934                 395.74626                       8.879189
              3       5502.9976       3.0407731        3.151937       0.9581988     0.022055144      0.12199301     0.048920775       1.0407489       1.0013704       22.412094       15.472862        12.65757      0.77432674       1.1619981       1.1886195      0.99540994       1.0009408   2.0921412e-09       67.575841      0.81215474      0.31685799       0.8346617      0.10593696       13.732363       10995.905       5.0452664        5.0452664       10995.905                               10566.254                 25.087966                 395.73681                      8.8253785
              4       5500.8535       3.0407093       3.1520185      0.95833847     0.022054717       0.1218909     0.048860649       1.0407558       1.0014792       22.098645       15.786391       12.746142      0.83012336        1.160392        1.231621       1.0002075       1.0018992   2.0920077e-09       67.614255      0.81184778      0.31627378      0.83357671      0.10601848       13.731701        10991.75       4.9785459        4.9785459        10991.75                               10562.164                 25.054466                 395.72859                      8.8024023
              2       5499.0908        3.040756       3.1520185      0.95870018     0.022054717       0.1218909     0.048860649       1.0407558       1.0015623       22.387085       16.013845       12.821954      0.90218492       1.1720365       1.2253957      0.99647448       1.0022777   2.0921053e-09       67.614255      0.81197794      0.31627378      0.83371036      0.10601848       13.731701       10988.044       5.0685909        5.0685909       10988.044                               10558.572                 24.948861                 395.70651                      8.8165911
              1       5500.1103       3.0405756       3.1717471      0.96010374     0.022099351      0.12137278     0.048351056       1.0407748       1.0021983       22.790828       16.164225        12.98807       0.8754405       1.1297341       1.1041176      0.99722088       1.0042155   2.0917279e-09       68.066507      0.80990037      0.31106294      0.82469831      0.12574706       13.704387       10989.622       5.2993335        5.2993335       10989.622                               10560.399                  24.69787                 395.74107                       8.784126
              1       5498.2635       3.0410955       3.1614784      0.96057287     0.022111803      0.12112328     0.049206944       1.0408472       1.0021997       21.860163       15.127763       12.053791       1.0649921       1.3152495       1.4232199       1.0004006       1.0090952   2.0928157e-09       68.070082      0.80975534      0.31051868      0.82382897      0.11547837       13.710415       10985.353       5.5867589        5.5867589       10985.353                               10556.288                 24.533819                 395.70725                      8.8244391
              1       5499.6879       3.0404381       3.1614784      0.96104555     0.022111803      0.12112328     0.049206944       1.0408472       1.0024699        21.20083       15.244015       12.222027      0.99308834       1.4978249       1.5985311       1.0004708       1.0045853   2.0914405e-09       68.070082      0.80963504      0.31051868      0.82370658      0.11547837       13.710415       10988.617        5.379536         5.379536       10988.617                               10559.626                 24.314613                 395.72447                      8.9514413
              2        5501.123       3.0411772        3.168464      0.96181645     0.022133425      0.12120691     0.049511083       1.0409386       1.0019223       21.240953       14.709024       11.992447       1.0232867       1.4738932       1.6830457      0.99613745       1.0055781   2.0929868e-09       68.170351        0.810233      0.30983237      0.82340347      0.12246399       13.698764       10991.624       5.3110341        5.3110341       10991.624                               10562.727                 24.259027                 395.72542                      8.9121524
              2        5499.605       3.0409967        3.168464      0.96218461     0.022133425      0.12120691     0.049511083       1.0409386       1.0019255       20.451531        14.69212       11.891823      0.99323607       1.2007665       1.4036167       1.0039559       1.0104541    2.092609e-09       68.170351      0.81027377      0.30983237      0.82344491      0.12246399       13.698764       10987.797       5.7065584        5.7065584       10987.797                               10558.989                 24.154247                 395.71056                      8.9433929
              1       5498.3855       3.0414351        3.153863      0.96175749     0.022119658      0.12156279     0.049710973       1.0410381       1.0017365       21.382129       15.051717       12.547815        0.947414       1.1245799       1.3521039      0.99846282       1.0034944   2.0935266e-09       67.898861      0.81206908      0.31305709      0.82955296        0.107863       13.713567       10986.572       5.0993541        5.0993541       10986.572                               10557.744                 24.200381                 395.73056                      8.8969957
              4       5497.0127       3.0415097       3.1493777      0.96171998     0.022148244      0.12152839      0.05002501       1.0410384        1.001606       21.455094       15.332768       12.425224      0.89547744       1.1455483       1.2764286      0.99521199       1.0014322   2.0936828e-09       67.882895      0.81198917      0.31319175      0.82964971      0.10337772       13.715135       10983.792       5.1164836        5.1164836       10983.792                               10554.995                 24.199317                  395.7108                      8.8870709
              6       5494.8429       3.0412914       3.1390354       0.9611262     0.022164513      0.12153434     0.050321706       1.0409904       1.0013182       21.457551       15.246035       12.315344      0.87770224       1.0189012       1.0474926       1.0002934       1.0013535   2.0932258e-09        67.75863      0.81192953      0.31438995      0.83117417     0.093035365        13.72553       10979.818       4.9338565        4.9338565       10979.818                               10550.938                  24.30695                 395.71593                      8.8571478
              2       5493.8209       3.0358597       3.1390354      0.96288325     0.022164513      0.12153434     0.050321706       1.0409904       0.9997053       20.919483        14.71747       12.003205      0.83208325       1.1261685       1.1628249      0.99831594      0.99685312   2.0818867e-09        67.75863      0.81026818      0.31438995      0.82947345     0.093035365        13.72553        10977.93       4.8558965        4.8558965        10977.93                               10549.313                 23.711618                 395.72415                      9.1812323
              6       5493.2891       3.0358538       3.1458096      0.96259799     0.022204558      0.12180972     0.050269747       1.0409382      0.99939982       21.681937       15.295238       12.385893      0.85057787       1.0815394       1.0921906       1.0012186       0.9985209   2.0818745e-09       67.756729      0.81066012      0.31509465      0.83080423     0.099809589       13.717266       10976.913       4.8324355        4.8324355       10976.913                               10548.236                 23.812202                 395.73612                      9.1286102
              1       5494.9772       3.0353606        3.127827      0.96208122      0.02222036      0.12175373     0.049900178       1.0409803       1.0009361        21.74001       15.349422       12.077955      0.89892521       1.0258471       1.0441465      0.99543557        0.995898   2.0808479e-09       67.595788      0.81061963      0.31650893      0.83262504     0.081826991       13.732593       10979.867       5.0436601        5.0436601       10979.867                               10551.176                 23.664816                 395.73813                      9.2879078
              1       5496.2009       3.0359959        3.127827      0.96034708      0.02222036      0.12175373     0.049900178       1.0409803        1.000844        22.07006       15.504506       12.490517      0.94698416       1.1355976       1.1116705      0.99491279      0.99432172   2.0821704e-09       67.595788      0.81034426      0.31650893       0.8323422     0.081826991       13.732593       10982.136       5.1328563        5.1328563       10982.136                               10553.179                 24.135988                 395.69197                      9.1288246
              1       5496.2039       3.0359951       3.1277302       0.9603428      0.02222013      0.12175406     0.049901371       1.0409803       1.0008431       22.589524       16.349384       12.902785      0.98914548       1.0794791       1.1255468      0.99667278      0.99579347   2.0821688e-09        67.59436      0.81034747      0.31652252      0.83236337     0.081730172       13.732716       10982.436       4.9859452        4.9859452       10982.436                               10553.479                 24.136556                 395.69197                      9.1282688
             14       5499.3794       3.0421845       3.1277302      0.95885964      0.02222013      0.12175406     0.049901371       1.0409803       1.0027763       23.214681       16.939688       13.245639       1.0325243      0.94157524      0.97709941      0.99877068       1.0011461   2.0950961e-09        67.59436      0.81240261      0.31652252      0.83447435     0.081730172       13.732716       10987.927       5.4159962        5.4159962       10987.927                               10558.673                 24.703262                 395.73703                      8.8130803
              3        5498.174       3.0396455       3.1277302      0.96361018      0.02222013      0.12175406     0.049901371       1.0409803       1.0026958       22.333257       16.035124        12.29946       1.0244737       1.0156218       1.0488583      0.99554285      0.99829149   2.0897833e-09        67.59436      0.81283447      0.31652252      0.83491794     0.081730172       13.732716       10985.387        5.480557         5.480557       10985.387                               10557.137                 23.383191                 395.73387                      9.1324963
              2       5501.7445       3.0397843       3.1277302      0.96276568      0.02222013      0.12175406     0.049901371       1.0409803       1.0019073       22.212983       15.453243       11.512418       1.0100237       1.0255734       1.0511724      0.99380395      0.99952619   2.0900734e-09        67.59436      0.81263039      0.31652252      0.83470832     0.081730172       13.732716        10992.95       5.2693697        5.2693697        10992.95                                10564.51                 23.703263                 395.72849                      9.0088879
              1       5499.5153       3.0402807       3.1130903      0.96380779     0.022270905      0.12119627     0.050732012       1.0411227       1.0022404       22.306381       14.486297       11.394879       1.0068551       1.1036763       1.1782329      0.99311115      0.99724263   2.0911112e-09       67.709204      0.81169511      0.31434376      0.83087315     0.067090286       13.736129       10988.106       5.4620936        5.4620936       10988.106                                10559.91                 23.433685                 395.70012                      9.0627114
              2       5498.4204       3.0403073       3.1143242      0.96383761     0.022273206      0.12118795     0.050797535       1.0411138       1.0025353       22.367328       15.114154       11.844854       1.0595489       1.0978033       1.1557338      0.99984136      0.99969421   2.0911669e-09       67.725299      0.81163346      0.31418125      0.83059526     0.068324237       13.734864       10986.241       5.3000797        5.3000797       10986.241                               10558.041                 23.381389                 395.69891                      9.1189328
              6       5497.2871       3.0380444       3.0824409      0.96027826     0.022361034      0.12181322     0.049596167       1.0408585       1.0016226         20.4794       13.620697       10.905273       1.0511809        1.252769       1.3737345      0.99396325      0.99610045   2.0864401e-09       67.126939      0.81198306       0.3213899      0.84043175     0.036440918       13.768936       10984.066       5.2541235        5.2541235       10984.066                               10555.323                 24.133899                 395.68527                       8.923931
              1       5497.9363       3.0380513       3.0816458       0.9599859     0.022309313      0.12196201     0.049442653       1.0408576       1.0016137       20.652974       13.940702       10.726298       0.9924609       1.2908454       1.1648808      0.99442719      0.99420713   2.0864546e-09       67.023296      0.81260796      0.32260072      0.84266142     0.035645804       13.775579       10985.239       5.3166465        5.3166465       10985.239                               10556.366                  24.18293                 395.69958                       8.991143
              1       5497.8981       3.0386263       3.1156129      0.96190897     0.022349349      0.12180113     0.048953294        1.040941       1.0023896       21.398748       14.773677       11.376944      0.96758644       1.2043972        1.152917       1.0026502      0.99659918   2.0876545e-09       67.532316      0.81181825      0.31749093      0.83514877     0.069612888        13.73351       10985.126       5.3350125        5.3350125       10985.126                               10556.622                  23.84696                 395.71209                      8.9453322
              8        5497.849       3.0383812       3.1156129       0.9616671     0.022349349      0.12180113     0.048953294        1.040941        1.002236       21.385987       14.736373       11.349476      0.97088007       1.2202436       1.1727059       1.0027017      0.99640372   2.0871429e-09       67.532316       0.8116444      0.31749093      0.83496992     0.069612888        13.73351       10985.125        5.286381         5.286381       10985.125                               10556.551                 23.908139                 395.72825                      8.9374336
              1       5498.4824       3.0366645       3.1156129      0.96113232     0.022349349      0.12180113     0.048953294        1.040941        1.001526       21.381716       14.770534       11.479826      0.98364856       1.2818773       1.2422994       1.0031913      0.99444439   2.0835629e-09       67.532316      0.81078375      0.31749093      0.83408453     0.069612888        13.73351       10986.611       5.1767896        5.1767896       10986.611                               10557.947                 24.009633                 395.69302                      8.9619514
              1       5495.6975       3.0362302       3.1107078      0.96093044     0.022339375      0.12171721     0.048477741       1.0409463       1.0010588       20.868626       14.612247       11.460394      0.90261298       1.1702463       1.1857329       1.0000371      0.99317798   2.0826583e-09       67.498184      0.81046344        0.317606      0.83390609     0.064707757       13.739051        10981.18       5.1076513        5.1076513        10981.18                               10552.443                  24.15762                 395.69244                      8.8871357
              2       5496.0439       3.0367574       3.1107078      0.96014668     0.022339375      0.12171721     0.048477741       1.0409463       1.0011028       20.903815       14.675108        11.50923      0.91031866       1.1697277       1.1893209       1.0003708      0.99348386   2.0837565e-09       67.498184      0.81043674        0.317606      0.83387862     0.064707757       13.739051       10981.897       5.0955273        5.0955273       10981.897                               10552.954                 24.385415                 395.71685                      8.8407186
              7       5496.6452       3.0367555       3.1096437      0.96004154       0.0223211       0.1217586     0.048432118       1.0409488        1.002114       21.611867       14.900008       11.820352      0.84756999       1.1544922       1.0999953      0.99703281      0.98995275   2.0837525e-09       67.457203      0.81064636      0.31804282       0.8346677     0.063643717       13.742069       10981.907       5.6915468        5.6915468       10981.907                               10553.063                 24.231411                 395.69694                      8.9160915
              4       5496.7638       3.0381327       3.1096437      0.96096787       0.0223211       0.1217586     0.048432118       1.0409488        1.002775       22.195168       15.106009       12.404538      0.77298698       1.0310048      0.89849728      0.99883826      0.99646161   2.0866244e-09       67.457203      0.81148901      0.31804282      0.83553531     0.063643717       13.742069       10982.586       5.4706347        5.4706347       10982.586                               10553.936                 24.014419                 395.70978                      8.9256257
              4       5494.5589       3.0377093       3.1218691      0.96042036      0.02228297      0.12197091     0.047944599       1.0408268       1.0022406       21.643604        15.33326       12.245274      0.76549153       1.0831989      0.96572357      0.99761966      0.99536152   2.0857411e-09       67.452214      0.81153685       0.3184727      0.83614908     0.075869145       13.737845       10978.472       5.3227981        5.3227981       10978.472                               10549.599                 24.237578                 395.73982                       8.895915
              1       5496.5704       3.0377443       3.1246509      0.96088871     0.022261997      0.12173911     0.047922014       1.0408496       1.0030968       21.488973       14.938183       11.938889       0.6721326       1.1569986      0.95008823      0.99954267      0.99427491   2.0858141e-09       67.554897      0.81097208       0.3169514      0.83356911     0.078650934       13.735496       10981.706       5.7173952        5.7173952       10981.706                               10552.984                 24.032234                  395.7384                      8.9510764
              1        5497.819       3.0388618       3.1246509      0.96160862     0.022261997      0.12173911     0.047922014       1.0408496       1.0047172       22.046939       15.333978       12.284721      0.68580163       1.0566757       0.8465877      0.99925266      0.99509372   2.0881462e-09       67.554897      0.81164666       0.3169514      0.83426249     0.078650934       13.735496       10982.261       6.6885639        6.6885639       10982.261                               10553.726                 23.696271                 395.75446                      9.0838374
              7       5495.0963       3.0377669       3.0947132      0.95954265     0.022164412      0.12198913       0.0472051       1.0407931       1.0040758       21.613561       14.991128        11.85045      0.72398629       1.0297783      0.86159802      0.99716097      0.99635406   2.0858612e-09       67.023063       0.8125759      0.32234078      0.84228863       0.0487132       13.778755       10977.751       6.2209616        6.2209616       10977.751                               10548.876                 24.131186                 395.74711                      8.9964876
              1       5495.7429       3.0369901       3.0947132      0.95833713     0.022164412      0.12198913       0.0472051       1.0407931       1.0034707        21.84079       15.079353       12.391045      0.72085005       1.1178856      0.99483169      0.99710482      0.99346756   2.0842416e-09       67.023063      0.81189256      0.32234078       0.8415803       0.0487132       13.778755       10979.477       6.0042058        6.0042058       10979.477                               10550.298                 24.461861                 395.77502                       8.942796
              1       5499.0954       3.0341693       3.0793117      0.95359934     0.022196705       0.1230758     0.045548299       1.0403192       1.0020003          20.686       13.900789       11.463694      0.85401564      0.99727314       1.0736638      0.99418931      0.99514369   2.0783706e-09       66.342589      0.81260558      0.33152949      0.85424069     0.033311653       13.809699       10987.407       5.3920989        5.3920989       10987.407                               10556.387                 25.686593                 395.88856                      9.4446017
              4       5498.1649       3.0344221       3.0879495      0.95370296     0.022182608       0.1232688     0.045494665       1.0403187       1.0019408       20.779699       14.135642        11.53671      0.87864321      0.98563873       1.0886779      0.99519592      0.99521056    2.078896e-09       66.364071      0.81315256       0.3317211      0.85506269     0.041949499       13.802963       10985.696       5.3166664        5.3166664       10985.696                               10554.607                 25.684851                 395.88697                      9.5172473
              1       5500.1688       3.0338816       3.0642044      0.95276211     0.022119707      0.12343345     0.044662521       1.0404072       1.0011768       20.012938        13.80039       10.842589      0.87872481       0.8978538       1.0534973      0.99739792      0.99816392   2.0777727e-09        66.01415      0.81416272      0.33548062      0.86096263     0.018204439       13.831767       10990.444       4.9467557        4.9467557       10990.444                                10557.98                 26.053392                 395.97384                      10.436669
              3       5499.7131         3.03148       3.0642044      0.95388258     0.022119707      0.12343345     0.044662521       1.0404072       1.0005268       19.789849       13.496904       10.595874       0.8814002      0.89088619       1.0605735       0.9967948      0.99771371   2.0727888e-09        66.01415      0.81352314      0.33548062      0.86028629     0.018204439       13.831767       10989.656       4.8849581        4.8849581       10989.656                               10557.918                 25.629565                 395.98271                      10.125865
              1        5502.858       3.0312575       3.1682384      0.95597933      0.02224113      0.12371861     0.042812816       1.0401303       1.0006965       19.313981       14.303525        10.25247      0.99078547       1.0402159       1.1116512       1.0001081       1.0023791   2.0723275e-09       67.115182      0.81128261      0.32546634      0.84501531      0.12223841       13.722328       10996.011       4.8524239        4.8524239       10996.011                               10564.999                 25.558279                 396.32166                      9.1325205
              1       5500.2924       3.0332163       3.1269432      0.95562962     0.022192334      0.12458456     0.043870392       1.0405228        1.000576       18.745635       13.399947       10.480892      0.94177824        1.260637        1.412869      0.99625501      0.99641319   2.0763909e-09        66.44054      0.81638077      0.33396064      0.86135025     0.080943236       13.760755       10990.692       4.9462428        4.9462428       10990.692                               10558.818                 25.430254                 396.10967                      10.334225
              1       5497.6451       3.0357374       3.1804885      0.95896916     0.022219559      0.12399643     0.046702142       1.0404839       1.0003157       19.952062       14.542043       11.330646      0.84988466       1.4170118       1.3756611       1.0019949      0.99896952   2.0816323e-09       67.261201      0.81496935      0.32462115      0.84775245      0.13448851       13.702621       10985.653       4.8184342        4.8184342       10985.653                               10555.921                 24.690495                 395.79368                      9.2485005
              1       5497.1753       3.0358743       3.1817994         0.95933     0.022203468      0.12388611     0.046700535       1.0405215       1.0005068       20.132936       14.623117       11.469028      0.92863154       1.3642023       1.3815213       1.0035108       1.0005209   2.0819173e-09       67.313176      0.81485511      0.32384106      0.84661453      0.13579936       13.701362       10984.613        4.868789         4.868789       10984.613                               10555.003                 24.598723                 395.79559                      9.2158984
              1       5498.5958       3.0369706       3.1832238      0.96110454     0.022119509      0.12367612     0.046501932       1.0408242       1.0013775       20.587889       14.617947       11.757352      0.94908352       1.3528014       1.4105592       1.0060434      0.99955319   2.0842008e-09       67.433113      0.81578032      0.32204368      0.84522043      0.13722384        13.69853        10986.95       5.1206652        5.1206652        10986.95                               10557.662                 24.169962                 395.83927                      9.2795067
              1       5499.6622       3.0369114       3.1832238      0.96133413     0.022119509      0.12367612     0.046501932       1.0408242       1.0009272       20.059351       14.528862       11.403432        0.918266       1.3309899       1.3979319       1.0073519      0.99875487   2.0840775e-09       67.433113      0.81582733      0.32204368      0.84526913      0.13722384        13.69853        10989.06       5.1320344        5.1320344        10989.06                               10559.721                 24.184412                 395.84239                      9.3123337
              2       5499.9683         3.03728       3.1963527      0.96217873     0.022116148      0.12343039      0.04689661       1.0408137       1.0010168        20.54003       14.913579       11.498706      0.81033641       1.2597471       1.2336894       1.0085196       1.0020492   2.0848459e-09       67.661714      0.81509077      0.31932715      0.84093663      0.15035267       13.684944       10989.433       5.2518742        5.2518742       10989.433                               10560.424                 24.020567                 395.79042                      9.1976015
              5       5500.6422       3.0370937       3.2004671        0.961795     0.022088645      0.12359919     0.046626764       1.0407632       1.0013591       19.560201       15.005236       11.047984      0.74768951       1.2964985       1.1714354       1.0013804      0.99755153   2.0844574e-09       67.610812      0.81537509      0.32011726      0.84227005      0.15446706       13.685694       10991.339       4.9725179        4.9725179       10991.339                               10562.232                 24.047041                 395.83316                      9.2271087
             12       5496.8645       3.0352573       3.2004671       0.9653554     0.022088645      0.12359919     0.046626764       1.0407632       1.0013586       19.977806       15.066946       11.338099       0.7725918       1.2761556       1.1350207      0.99990213      0.99743638   2.0806331e-09       67.610812      0.81573299      0.32011726      0.84263975      0.15446706       13.685694       10983.797       4.9658191        4.9658191       10983.797                                10555.38                 23.114334                  395.8647                      9.4379252
              1       5497.9272       3.0339298       3.1723598      0.96345284     0.022166263      0.12388603     0.045755565       1.0407059       1.0010807       19.119681       14.455744       10.911426      0.72277971       1.2850937       1.1108517      0.99656849      0.99442945   2.0778728e-09       67.235987      0.81593133      0.32450255      0.84859807       0.1263598       13.709178       10985.669       5.0927165        5.0927165       10985.669                               10556.779                 23.475836                 395.96127                      9.4528823
              1       5495.7939       3.0358382       3.1723598      0.96317512     0.022166263      0.12388603     0.045755565       1.0407059       1.0017098       19.372132       14.228616        10.77934      0.72774673       1.0696514        1.008205      0.99839968      0.99831053   2.0818421e-09       67.235987      0.81662426      0.32450255      0.84931874       0.1263598       13.709178       10981.495       5.0461933        5.0461933       10981.495                               10552.451                 23.586992                 395.97127                       9.486435
              5       5496.3969       3.0364175       3.1799684      0.96357311     0.022222604      0.12396723     0.046455237       1.0406975       1.0013868        19.44045       14.473176       11.219848      0.79906354       1.0716944       1.1480588       1.0001961      0.99638586   2.0830484e-09       67.339666       0.8167912      0.32380741        0.848582      0.13396844        13.69638       10982.785       5.0046222        5.0046222       10982.785                               10553.933                 23.529805                  395.8748                      9.4473916
              2       5495.4715       3.0376764       3.2787741      0.96707545     0.022296823      0.12381548     0.046381821       1.0405601       1.0016339       20.221505       15.368533       11.929171      0.78489902       1.0885121       1.0880187       1.0041401       1.0017355   2.0856725e-09       68.540174      0.81466384      0.31239848      0.83132774      0.23277415       13.593298       10980.744       5.0995728        5.0995728       10980.744                                10552.32                 23.116183                 395.90354                      9.4039727
             10       5496.9644       3.0381693       3.2584626      0.96682067     0.022200314      0.12404136      0.04636936        1.040733       1.0018845       20.034746       15.386358       11.787899      0.82680734      0.99440397       1.0583138       1.0011835      0.99915864   2.0867006e-09       68.206496      0.81664077      0.31574068      0.83779102      0.21246265       13.618942       10983.769       5.0799076        5.0799076       10983.769                               10555.373                 23.074044                 395.90936                      9.4122779
              3       5498.3846        3.038149       3.2576805      0.96695979     0.022194284       0.1239228     0.046405736       1.0407396       1.0020751        19.63698       14.180677       11.109583      0.86272489       1.2369832       1.2509244      0.99544039      0.99529727   2.0866583e-09       68.235603      0.81635199      0.31520376      0.83678238      0.21168051        13.61966       10986.081       5.3442597        5.3442597       10986.081                               10557.715                 23.026283                 395.90936                      9.4303632
              2       5497.0145       3.0431203       3.2576805      0.96668447     0.022194284       0.1239228     0.046405736       1.0407396       1.0037961       20.080682       15.217737       11.427071      0.86410703       1.1723316       1.1099756      0.99533141       1.0001828   2.0970576e-09       68.235603      0.81829689      0.31520376      0.83877596      0.21168051        13.61966       10981.935       6.0472041        6.0472041       10981.935                               10553.544                 23.194988                 395.89127                      9.3047744
              1        5497.038       3.0416507       3.2576805      0.96969025     0.022194284       0.1239228     0.046405736       1.0407396       1.0038244       20.346593       14.859772       11.353096       0.8073604       1.2222837       1.0879752      0.99348251      0.99908935   2.0939781e-09       68.235603       0.8186441      0.31520376      0.83913185      0.21168051        13.61966       10981.732       6.1718741        6.1718741       10981.732                               10553.812                 22.494355                 395.93611                       9.489604
              3       5496.9947       3.0418023       3.2236935      0.96903465     0.022249591      0.12361699     0.048060153       1.0407253       1.0030044       20.076943       14.118266       11.209085      0.81657473       1.3563057       1.2768659      0.99330539      0.99940726   2.0942954e-09       67.993023      0.81826646      0.31691504       0.8410185      0.17769349       13.647421       10982.523       5.7331955        5.7331955       10982.523                               10554.792                 22.542286                 395.75715                      9.4313754
              1       5497.7495       3.0413798       3.2236935      0.96952218     0.022249591      0.12361699     0.048060153       1.0407253       1.0029434       20.154287        14.01053       11.191725       0.7872853       1.3606709       1.2711908      0.99205286      0.99829146   2.0934108e-09       67.993023      0.81824694      0.31691504      0.84099844      0.17769349       13.647421       10983.882       5.8087072        5.8087072       10983.882                                10556.19                 22.432345                 395.79314                      9.4657403
              2       5497.6028       3.0415292       3.2397575      0.97035818     0.022277301      0.12331502     0.048354029       1.0406777        1.002359       19.743935       13.655629       10.808112      0.94971597       1.5702776       1.5028609       1.0026623       1.0016594   2.0937237e-09       68.289094      0.81698485      0.31358489      0.83527779      0.19375747       13.628739       10984.646       5.2796362        5.2796362       10984.646                               10557.067                 22.409087                 395.77558                      9.3945975
              2       5495.0459       3.0400391       3.2726639       0.9701996     0.022276789      0.12326107      0.04641504       1.0404742       1.0027186          19.074       12.985234       9.6781942      0.93371193       1.6290028       1.6304058      0.99596406       1.0018149    2.090606e-09       68.616563      0.81498852      0.31048322      0.82910576      0.22666391       13.601655       10979.143       5.4744158        5.4744158       10979.143                               10551.296                 22.560474                 395.93483                      9.3516619
              1       5496.4162       3.0398215       3.2807665      0.96902474     0.022263942      0.12372915     0.046604231       1.0402843       1.0019267       18.851351       12.508447        9.698468      0.88928393        1.621512       1.7471533      0.99546038       1.0015717   2.0901513e-09       68.471504      0.81569071      0.31277114      0.83287193      0.23476647       13.602361       10982.437       5.1976339        5.1976339       10982.437                                10554.45                 22.797658                 395.90947                      9.2795885
             12       5497.3187       3.0399478       3.2639645      0.96889104     0.022154388      0.12354744      0.04682288       1.0403591        1.002144          19.862       12.633961       10.159694      0.90930564       1.4573779       1.5774882      0.99595634       1.0045967   2.0904152e-09        68.27508      0.81611381      0.31394855      0.83487094      0.21796451       13.627075       10983.957       5.3403924        5.3403924       10983.957                               10556.032                  22.74199                 395.86221                      9.3208812
              2       5499.6141       3.0409747       3.2729805      0.97026737      0.02229866      0.12335527     0.048032305       1.0404267       1.0017602       19.108364       12.299599       9.4746698      0.79381709       1.6205684        1.647365      0.99767545      0.99806842   2.0925629e-09       68.589684      0.81556916      0.31097334      0.83035106      0.22698053       13.600956       10989.071       5.0787888        5.0787888       10989.071                               10561.387                 22.556226                 395.78297                      9.3442881
              3       5497.9266       3.0450462       3.2729805      0.97008156      0.02229866      0.12335527     0.048032305       1.0404267       1.0042394       18.618883       13.681578        9.961856      0.97029267       1.4499242       1.5428101       1.0002006       1.0079718   2.1011002e-09       68.589684      0.81717234      0.31097334       0.8319833      0.22698053       13.600956       10982.771       6.5409768        6.5409768       10982.771                               10555.165                  22.53376                 395.77986                      9.2923736
              1       5497.5196       3.0451216       3.2668236      0.96984735     0.022289492      0.12341916     0.048205738       1.0404368        1.002742       18.165018       13.196082       9.5484761      0.93734519       1.5080631       1.6285888       1.0002493       1.0085126   2.1012587e-09       68.492476      0.81756031       0.3119733      0.83371552      0.22082359       13.607973       10983.541       5.7493775        5.7493775       10983.541                               10555.813                 22.741625                 395.78161                      9.2044321
              1       5497.0901       3.0438602       3.2668236      0.97250974     0.022289492      0.12341916     0.048205738       1.0404368       1.0027212       17.820102       12.791491       8.9516765      0.93663583       1.5315218       1.7177853       1.0006632       1.0019107   2.0986097e-09       68.492476      0.81788728       0.3119733      0.83404895      0.22082359       13.607973       10983.384        5.398121         5.398121       10983.384                               10556.065                 22.171825                 395.79172                      9.3556753
              1       5496.7068       3.0407854       3.2668236      0.97275652     0.022289492      0.12341916     0.048205738       1.0404368       1.0016709       17.117054       12.514555       8.4277343       1.0992086       1.5601259       1.9218839      0.99657716      0.99866477   2.0921668e-09       68.492476      0.81670891       0.3119733      0.83284729      0.22082359       13.607973       10983.261       5.0760928        5.0760928       10983.261                               10555.949                 22.070056                 395.77873                       9.463706
              3       5498.9861       3.0404384       3.2473087      0.97245743     0.022246388      0.12317032     0.048089179       1.0404902        1.000317       17.000076       11.855084       8.1242878       1.0791556       1.5589336       1.8608936      0.99552765       1.0019403   2.0914409e-09        68.33655       0.8164647      0.31277345       0.8336653      0.20130867         13.6292       10988.148       4.9121259        4.9121259       10988.148                               10560.757                 22.262332                 395.79063                      9.3381618
              2       5500.1678       3.0313046       3.2473087      0.97836736     0.022246388      0.12317032     0.048089179       1.0404902      0.99773559       16.457076       10.530572       7.6655351       1.0333322       1.7485851       2.0663126      0.99524856      0.99635638   2.0724253e-09        68.33655      0.81460539      0.31277345      0.83176682      0.20130867         13.6292       10989.586       5.3747177        5.3747177       10989.586                               10562.572                  21.14912                 395.82029                      10.044601
              1       5499.1397       3.0311426       3.2473087      0.97308804     0.022246388      0.12317032     0.048089179       1.0404902      0.99670827       16.232478       10.702561       7.8530153       1.0743409       1.8263548       2.2060871      0.99697356      0.99440905   2.0720895e-09        68.33655      0.81287676      0.31277345      0.83000177      0.20130867         13.6292       10986.571       5.8541855        5.8541855       10986.571                               10559.081                 22.027899                 395.80732                      9.6545645
              4       5500.4223       3.0320587       3.2851883      0.97447889     0.022302122       0.1231844     0.048763725       1.0404247      0.99646351       16.341422       11.101467        7.829477       1.1675582       1.9542089       2.3740445       1.0017953      0.99481956   2.0739886e-09       68.791814      0.81235125      0.30879481      0.82417269      0.23918834       13.587797       10988.972       5.9360959        5.9360959       10988.972                               10561.377                 21.895095                 395.78808                      9.9127154
              2       5499.0512       3.0339543       3.2851883      0.97428304     0.022302122       0.1231844     0.048763725       1.0404247      0.99710303        16.66322        12.12536       8.2865468       1.2970959       1.6593048       2.0880468       1.0030295      0.99981346   2.0779238e-09       68.791814       0.8130596      0.30879481      0.82489134      0.23918834       13.587797       10987.097       5.5027112        5.5027112       10987.097                               10559.608                 21.962832                 395.79478                      9.7314269
              1       5497.5991        3.033588       3.2910391      0.97490333     0.022303981      0.12286833     0.048074615        1.040461      0.99766748       17.209033       11.857228       8.4388576       1.2639725        1.714014       1.9913095       1.0025409       1.0013677   2.0771627e-09       68.983667      0.81193945      0.30641931      0.82058028      0.24503914       13.579398       10984.674       5.2621409        5.2621409       10984.674                                10557.09                  21.88819                 395.81424                      9.8816023
              1       5499.2877       3.0335883       3.2910525      0.97490357     0.022304118      0.12286885     0.048074142       1.0404611      0.99705652       17.055796       11.690842        8.227702       1.2443612       1.6459326       2.0075599       1.0029447       1.0023969   2.0771633e-09        68.98377      0.81194043      0.30641978      0.82058191      0.24505254       13.579372       10987.474       5.5504653        5.5504653       10987.474                               10559.973                 21.959456                 395.82719                      9.7150398
              6       5494.0701       3.0332527        3.287846      0.97449474      0.02232084      0.12289946     0.047931011       1.0404186      0.99844707       17.841952       12.328762       9.0308738       1.1153334       1.4873333       1.7131854       1.0023698        1.002244   2.0764664e-09       68.935773       0.8117599      0.30694621      0.82110388      0.24184595       13.582287       10978.077       5.0314402        5.0314402       10978.077                               10550.318                 21.850968                 395.83242                      10.076251
              3       5493.8311       3.0336725        3.287846      0.97459102      0.02232084      0.12289946     0.047931011       1.0404186      0.99898544       18.420692       12.246013       8.9997053       1.1417275        1.600064       1.7163447       1.0013547       1.0037247   2.0773384e-09       68.935773      0.81196078      0.30694621      0.82130707      0.24184595       13.582287        10977.77       4.9461431        4.9461431        10977.77                                10549.96                 21.798146                 395.85109                      10.160607
              2       5496.0868       3.0364731        3.287846      0.97101006      0.02232084      0.12289946     0.047931011       1.0404186      0.99932572       18.405149       12.071512       9.1566237        1.147602       1.6788033       1.7302661       1.0030403       1.0070566   2.0831641e-09       68.935773      0.81196577      0.30694621      0.82131212      0.24184595       13.582287        10981.94       5.1168234        5.1168234        10981.94                               10553.978                 22.549207                 395.82843                      9.5847017
              3       5498.0956       3.0367365        3.287846      0.97117018      0.02232084      0.12289946     0.047931011       1.0404186      0.99944902       18.581375       12.064885       8.7743443       1.1566232       1.6515252       1.5830847        1.005279       1.0048686   2.0837131e-09       68.935773      0.81212332      0.30694621      0.82147149      0.24184595       13.582287       10986.056       5.0673975        5.0673975       10986.056                               10558.132                 22.520301                 395.83037                      9.5734922
              2       5502.2971       3.0365688       3.2721568      0.97034434     0.022291915       0.1228593     0.048540277       1.0403521      0.99983275       19.268176       12.062697       9.2440457       1.1771159       1.4510476       1.4129793       1.0062556       1.0055316   2.0833635e-09       68.722181      0.81218334      0.30871091       0.8238904      0.22615678       13.602601       10994.322       5.1361493        5.1361493       10994.322                               10566.359                 22.509948                 395.78662                      9.6661655
              1       5503.3431       3.0396137       3.2721568      0.96685375     0.022291915       0.1228593     0.048540277       1.0403521       1.0002767       19.603342       12.390629       9.5669331        1.234411       1.3735134        1.439844       1.0072778       1.0062437    2.089717e-09       68.722181      0.81232182      0.30871091      0.82403088      0.22615678       13.602601       10996.184       5.2511284        5.2511284       10996.184                               10567.874                 23.365797                  395.7613                      9.1829461
              1       5500.8723       3.0384077       3.2509246      0.96477156     0.022354373       0.1229948     0.048703367       1.0401324      0.99866851       18.601376       11.681528       9.0453779       1.2030689       1.4944773        1.633018        1.004931       1.0041388   2.0871982e-09       68.408649      0.81177852      0.31197019      0.82781536      0.20492457       13.624685       10991.476       5.1343012        5.1343012       10991.476                                10562.95                 23.895599                 395.72557                      8.9044644
              2       5497.2315       3.0389934       3.1831447      0.96409174     0.022259125      0.12285703     0.049553364        1.040471      0.99903764        18.40663       11.765948        9.118655       1.2796098       1.5272765       1.7622385      0.99279359      0.99879027    2.088421e-09       67.711868      0.81402707      0.31791559      0.83798092      0.13714474       13.691913        10984.21       5.1263249        5.1263249        10984.21                               10555.613                 23.774423                   395.736                      9.0871213
              1       5495.3768       3.0389665       3.1875204      0.96442447     0.022276464      0.12272523     0.049507928       1.0404712      0.99915134       18.113647       11.832925       8.9593746       1.2822136       1.6341388       1.8878251      0.99444872      0.99962369   2.0883649e-09       67.822349      0.81350053      0.31663183      0.83574637      0.14152045       13.685212       10980.758       4.9976633        4.9976633       10980.758                               10552.247                 23.721846                 395.76068                      9.0284675
              2       5495.0852       3.0388597       3.1886234      0.96446026     0.022255436      0.12263332     0.049439033       1.0404572      0.99923132       19.292278       12.579894       9.4943934       1.2301092       1.4981058       1.8551134       1.0029252       1.0042999   2.0881418e-09       67.844571      0.81321309      0.31617908      0.83485356      0.14262344       13.686245       10980.235       4.9677529        4.9677529       10980.235                               10551.792                 23.711416                 395.72152                      9.0102899
              3       5498.0379       3.0382913       3.1390523      0.96137029     0.022196506      0.12362761     0.049022619       1.0404941      0.99855724       18.537776       11.419067        8.812413         1.31151       1.4917276       1.9091381      0.99597364      0.99307237   2.0869552e-09       66.897069       0.8168672      0.32728906      0.85321125     0.093052273        13.74532        10985.53       5.2727963        5.2727963        10985.53                               10555.597                 24.243315                 395.74155                      9.9483985
              2        5500.349       3.0389402        3.210419      0.96261929     0.022233333      0.12465082     0.047625228       1.0402338      0.99945421       20.605177       13.149136        10.65754       1.3218417       1.2121206       1.6857422      0.99740856      0.99444993   2.0883099e-09       67.307402       0.8182837      0.32565053      0.85254864      0.16441898       13.680947       10990.705       4.9966793        4.9966793       10990.705                               10561.102                 24.045946                  395.7384                      9.8185742
              1       5501.3451        3.038417       3.2033014      0.96192846     0.022258768      0.12447117     0.047620735       1.0401218      0.99921241       18.325647       11.851742       8.1189142       1.1673835       1.5103935       1.7252778       1.0009017      0.99715333   2.0872177e-09       67.270954      0.81728536      0.32566274      0.85152446      0.15730141       13.688214       10992.931       4.8794615        4.8794615       10992.931                               10563.232                 24.218236                 395.73726                       9.743967
              8       5498.6512       3.0391038       3.2033014      0.96433766     0.022258768      0.12447117     0.047620735       1.0401218      0.99961097       16.453257       10.230704       7.3271045       1.1923949       1.7347435       2.2058285       1.0013725      0.99582872   2.0886517e-09       67.270954       0.8183144      0.32566274      0.85259662      0.15730141       13.688214       10987.515       4.8937784        4.8937784       10987.515                               10558.188                 23.649683                 395.76235                      9.9145327
              4        5499.396       3.0393059       3.2033014      0.96416121     0.022258768      0.12447117     0.047620735       1.0401218      0.99969238        17.73312       10.261289        7.843561       1.1856389       1.6750016       2.1703405      0.99917914      0.99485191   2.0890738e-09       67.270954      0.81834221      0.32566274      0.85262559      0.15730141       13.688214       10988.935       4.9287078        4.9287078       10988.935                               10559.551                 23.692439                 395.77298                      9.9185469
              1       5498.9949       3.0370814       3.1288354      0.96274309     0.022332947      0.12227167     0.048104082       1.0404319       1.0004702       18.076187        10.70089       7.8701846      0.98301046       1.6103581       1.7771604      0.99092295      0.99400163   2.0844318e-09       67.337586      0.81218189      0.32033141       0.8392521     0.082835402       13.738645         10987.2       5.3948072        5.3948072         10987.2                               10558.581                 23.859913                 395.73288                      9.0266626
              3       5496.4893       3.0388416       3.1288354      0.96482729     0.022332947      0.12227167     0.048104082       1.0404319        1.001326       16.858328       9.7284123       6.7346225       1.2917462        2.096235       2.5903479      0.99377428      0.99401343   2.0881041e-09       67.337586      0.81353868      0.32033141      0.84065411     0.082835402       13.738645       10982.381       5.2989166        5.2989166       10982.381                               10554.072                 23.396786                 395.74983                      9.1618733
              1       5496.9031       3.0358847       3.0787406      0.96261332     0.022213268      0.12113245     0.047591314        1.040473       1.0023194       17.372545       10.866608       7.8001232       1.1049117       2.0191117        2.480986       0.9993353      0.99651853   2.0819388e-09       67.068492      0.80997031      0.32010834      0.83667534     0.032740624       13.796477       10983.249       5.2784526        5.2784526       10983.249                               10554.986                  23.58892                  395.7713                      8.9034323
              2       5493.7392       3.0314298       3.0787406        0.964962     0.022213268      0.12113245     0.047591314        1.040473       1.0004621       16.032089       9.6164179       6.6479472       1.1822681       2.0425478       2.6177758      0.99860919      0.99540092   2.0726846e-09       67.068492      0.80888265      0.32010834      0.83555182     0.032740624       13.796477       10977.643       4.9177657        4.9177657       10977.643                               10549.795                  23.02853                 395.79107                      9.0281296
              2       5493.8169       3.0312324       3.0703038      0.96419596     0.022209481      0.12118991     0.047331805       1.0404602       1.0005767       16.018946       9.6051783       6.6363279       1.1924687       2.0240785       2.5970776      0.99838767      0.99517053   2.0722756e-09       66.943723      0.80900131      0.32142247      0.83738796      0.02430377       13.806208       10977.751       4.9414771        4.9414771       10977.751                               10549.777                 23.156463                 395.80349                       9.013738
              1       5494.8429       3.0319854       3.0102907      0.96384686     0.022275018      0.12039397     0.049343467       1.0407281       1.0000349       15.053551       8.7230297       5.5908288       1.1942643       2.1007831       2.6111234      0.99915723       0.9932785   2.0738365e-09       66.672951      0.80846207      0.32238331      0.83807965    -0.035709252       13.850604       10979.656        5.014796         5.014796       10979.656                               10551.868                 23.143918                 395.68854                      8.9559565
              1       5496.4129       3.0282782       3.0168427      0.96261108     0.022022343      0.11984096     0.045698858       1.0409669       1.0021317       16.682031       10.627825       7.4708656       0.9947861       1.8602188       2.3239082      0.99891392      0.99808758   2.0661628e-09       66.812877      0.80585791      0.31923187      0.83128696    -0.029157275       13.859982        10982.48       5.1729588        5.1729588        10982.48                               10554.213                 23.295126                 395.95066                      9.0208256
              2        5494.811       3.0278344       2.9949787      0.96191933     0.022082363      0.11928816     0.045800942       1.0410181       1.0012808        16.21652       9.2756219       6.5434487       1.1002848       2.0927878       2.4866212      0.99931425       0.9988425   2.0652459e-09       66.821218      0.80417592      0.31804074      0.82800282     -0.05102128        13.87288       10979.771       4.9255392        4.9255392       10979.771                               10551.389                 23.583301                 395.96651                      8.8321063
              4       5495.9472        3.028958       3.0498817      0.96606814     0.022169541      0.11895016     0.046845861       1.0410446       1.0015626       17.226297       9.9394599       7.1505275       1.1719519       2.1076433        2.525543      0.99988222       1.0012763   2.0675677e-09       67.653737      0.80260839      0.30973061      0.81552098    0.0038817477       13.804656       10981.917       4.9888032        4.9888032       10981.917                                10553.71                 22.833086                 395.86009                      9.5136868
              1       5496.2497       3.0290217       3.0571691      0.96641925     0.022187777      0.11893139     0.047003413       1.0409907       1.0013593       16.680715       9.1782592       6.6152934       1.2293168        2.132015       2.5916917       1.0027355       1.0027501   2.0676994e-09       67.742387      0.80233309      0.30891932      0.81417284     0.011169147       13.796748       10982.483       5.0082959        5.0082959       10982.483                               10554.259                 22.800587                 395.85237                       9.570454
              4       5502.7249       3.0331431       3.2228424      0.97057595     0.022240043      0.12220099     0.044859779       1.0406461       1.0021221       17.816921       9.9844114       7.8607725       1.1760431       1.9525561       2.3933396        1.001784        1.010778   2.0762389e-09       68.440388      0.81064889      0.30974213      0.82370615      0.17684236       13.645829       10993.965       5.7422735        5.7422735       10993.965                               10565.789                 22.318668                 396.20267                      9.6552674
              6       5503.5208       3.0331893       3.2234305      0.97066502     0.022245186      0.12218247      0.04489724       1.0406519       1.0021279       16.990846       9.9568336       7.5670405         1.25577       1.9888601       2.6709484       1.0004878        1.010807   2.0763347e-09       68.459942      0.81060242      0.30953667      0.82338571      0.17743046       13.644474       10995.576        5.732635         5.732635       10995.576                               10567.397                 22.306195                 396.20267                      9.6705206
              1       5503.6912       3.0346322        3.257874      0.97276487     0.022267419      0.12263076     0.045308575       1.0406944       1.0020367       16.186429       9.5915435       6.8538525       1.2821775       2.1169888       2.9132138      0.99758028       1.0071569   2.0793328e-09       68.733346      0.81225253      0.30807501      0.82311153      0.21187396       13.608271       10996.577       5.4024948        5.4024948       10996.577                               10568.541                 22.021485                  396.1502                      9.8651431
              6       5503.5461       3.0260588        3.257874       0.9757242     0.022267419      0.12263076     0.045308575       1.0406944      0.99839908       15.340818       9.1608149       6.1995863        1.194048       2.0801077       2.8041077       0.9952836       1.0019981    2.061582e-09       68.733346      0.80970827      0.30807501      0.82053325      0.21187396       13.608271       10996.849        5.121474         5.121474       10996.849                               10568.428                 21.488083                 396.16628                      10.767355
              4       5503.6319       3.0260083       3.2361074      0.97481824     0.022215876      0.12266996     0.044684336       1.0409357      0.99932027       16.698695       9.5738322        7.165974       1.0942635       1.9152243        2.349645      0.99636912       0.9996591    2.061478e-09       68.507281      0.81059319       0.3100853      0.82410568      0.19010736       13.628268       10997.486       4.8887148        4.8887148       10997.486                               10569.002                 21.534989                 396.27061                      10.678755
              4       5504.5132       3.0282548       3.3004349      0.97852208     0.022232876      0.12346615     0.045431132        1.040937      0.99888841       16.332941       10.070551       7.3465605       1.0167048       1.9326713       2.3000089       1.0021397       1.0019378   2.0661143e-09       68.984752      0.81332258      0.30751648      0.82344842      0.25443493       13.565582       10999.175       4.9257729        4.9257729       10999.175                               10570.745                 21.147598                 396.18483                      11.097103
              1       5504.7481       3.0282463       3.3006977      0.97849388     0.022232423      0.12348041     0.045418735       1.0409298      0.99887465       16.382905       10.609578       7.4281795      0.96035898        1.805851       2.1637652        0.999085       1.0030366   2.0660967e-09       68.979952      0.81334368      0.30758829      0.82356593      0.25469767       13.565637       10999.623       4.9368575        4.9368575       10999.623                               10571.203                 21.151766                 396.18483                       11.08339
              3       5504.4483       3.0280818       3.3352683      0.97579797     0.022457829      0.12424268     0.041185922       1.0408477       1.0014897       17.790286       11.938445        8.453065       1.0494438       1.5126442       1.8925671       1.0022265       1.0058528   2.0657569e-09       69.275163      0.81289956       0.3070304      0.82236942      0.28926833        13.51472       10998.579       5.1588652        5.1588652       10998.579                               10569.044                 21.624643                 397.17986                      10.730724
              1       5503.1225       3.0298447       3.4361036      0.98152712     0.022460304       0.1248128     0.043031427       1.0405131      0.99942805       16.791018       11.628707       8.1016445       1.1184692       2.0226103       2.0941203       1.0028006       1.0084758   2.0694019e-09       70.120591      0.81407652      0.30083601      0.81521002      0.39010364       13.428188       10995.825       5.2098422        5.2098422       10995.825                               10566.483                 21.075279                 396.72768                      11.538983
              2       5502.8326       3.0317145       3.4361036      0.98029723     0.022460304       0.1248128     0.043031427       1.0405131       1.0001977       17.206481       11.898334       8.4127969        1.119488       2.0059551       2.0749021       1.0029095       1.0094578   2.0732748e-09       70.120591      0.81443856      0.30083601      0.81557257      0.39010364       13.428188       10995.109       5.2779585        5.2779585       10995.109                               10565.893                  21.24406                 396.70791                      11.264864
              3       5500.0572       3.0317955        3.436387      0.98001962     0.022482704      0.12489431      0.04287915       1.0404879      0.99934999       17.458203       11.179299        8.352474       1.1336021       1.9233748       1.9726716      0.99922095       1.0042808   2.0734428e-09       70.105918      0.81452408      0.30117337      0.81611542      0.39038699       13.426791       10990.287       4.9137172        4.9137172       10990.287                               10561.427                  21.37499                 396.71816                      10.766827
              3       5498.7228       3.0308837       3.4158611      0.97809017     0.022527809      0.12464175     0.041756707       1.0405075       1.0020857       21.453527       13.685653       11.142809       1.1110309       1.3884363       1.4461516      0.99981462        1.003007   2.0715532e-09       70.004387      0.81314363      0.30162428      0.81534194      0.36986105       13.440644       10987.088       5.1786636        5.1786636       10987.088                               10557.096                 21.417798                 397.07552                      11.498722
              1       5498.4703       3.0309615       3.4294756      0.97730371     0.022503652      0.12529751     0.040610479         1.04045       1.0025226        21.78953       14.110376       11.567926       1.0928831       1.3167284       1.3944572       0.9995676       1.0037142   2.0717143e-09       69.891012      0.81468198      0.30389665       0.8199558       0.3834756       13.434195       10986.212       5.3642397        5.3642397       10986.212                               10556.263                    21.535                  397.3143                      11.099606
              3       5498.7244       3.0306103        3.454631      0.97788914     0.022499089      0.12538344     0.040238995       1.0403109       1.0023125       21.704963       13.948659       11.402296       1.1054605       1.3568016       1.4307489      0.99838515       1.0051063   2.0709868e-09       70.096993      0.81417117      0.30227887      0.81725763      0.40863097       13.414742       10986.736       5.3564797        5.3564797       10986.736                                10556.49                 21.510814                 397.45581                      11.279626
              1       5500.6723       3.0318168       3.4244224          0.9778      0.02243083      0.12570299     0.041671707       1.0404646       1.0033604       21.758209       14.738815       12.137929      0.90754607       1.2582544       1.3066883      0.99920951      0.99830551   2.0734869e-09        69.63488      0.81692837       0.3068224      0.82616517      0.37842237       13.447448       10989.932       5.7061257        5.7061257       10989.932                               10560.125                 21.278449                 397.04475                      11.484194
              1       5501.3593       3.0319119       3.3863542      0.97973535     0.022504206      0.12415137     0.045347082       1.0404829       1.0015029       20.610822       13.314014        10.69248      0.97152948       1.5013274       1.5142497       1.0001208      0.99710389   2.0736842e-09        69.80843      0.81342674      0.30226532      0.81649208      0.34035422        13.47037       10992.703       5.0079563        5.0079563       10992.703                                10563.18                 21.024735                 396.20695                      12.290949
              1        5501.978       3.0340006       3.3863542      0.97857519     0.022504206      0.12415137     0.045347082       1.0404829       1.0023713       21.076757       13.477829       11.097908      0.87488158       1.4448332       1.3766826      0.99747648      0.99790647   2.0780201e-09        69.80843      0.81390257      0.30226532       0.8169697      0.34035422        13.47037       10993.378       5.2888647        5.2888647       10993.378                                10564.01                 21.184913                 396.24188                      11.941309
             13       5506.2607       3.0353206       3.4869075      0.98360935     0.022491371      0.12477547     0.046120012       1.0402213       1.0017223       21.586246        14.15872       11.183549      0.89060601       1.2057298       1.0536068       1.0004854      0.99601958   2.0807648e-09       70.642191      0.81500018       0.2963973      0.81009173      0.44090754       13.384477       11002.316       5.1029584        5.1029584       11002.316                               10571.949                  20.72664                 396.18619                      13.453227
              2       5500.5896       3.0378463       3.4869075      0.98242802     0.022491371      0.12477547     0.046120012       1.0402213       1.0016373       21.357564       13.808351       11.015321      0.95822066       1.4397468       1.4376757      0.99671601       1.0005468   2.0860268e-09       70.642191      0.81564299       0.2963973      0.81073067      0.44090754       13.384477       10991.069       5.0551198        5.0551198       10991.069                               10561.655                 20.964023                 396.17631                      12.273173
              2       5497.9907       3.0369609       3.4108747      0.97842719     0.022385414      0.12489654     0.046546693       1.0401719        1.001103       20.294931       12.930615       10.113176       1.0714228       1.4795574       1.5151699      0.99958339      0.99926007   2.0841806e-09       69.620591      0.81694575      0.30519085      0.82398319      0.36487467       13.470319       10986.209       4.8861849        4.8861849       10986.209                               10558.048                 21.303632                 396.00074                      10.856279
              8        5499.441       3.0358199        3.360966      0.97553214     0.022330591      0.12471244     0.045973185       1.0402307       1.0015134       20.565484       14.166227       11.383716       1.0684375       0.9528326       1.1815019      0.99762668       1.0021221   2.0818039e-09        69.08704      0.81665796      0.30942239       0.8293836      0.31496601       13.522016       10988.844       5.0191566        5.0191566       10988.844                                10560.79                  21.59278                 396.06785                      10.393282
              1       5507.1245       3.0366574        3.454902      0.98005021     0.022016085      0.12616129     0.046548346       1.0400168      0.99978569       20.266747        15.35979       11.585653       1.0061018       1.3078469       1.5085744       1.0078576       1.0040058   2.0835483e-09        69.31426      0.82142116       0.3097581      0.83467343      0.40890203       13.473556       11003.893       5.1778683        5.1778683       11003.893                               10575.937                 21.077264                 396.04728                      10.831908
              1       5503.7375       3.0367795       3.4713674       0.9801004     0.022029342      0.12643136     0.045685232       1.0400313       1.0003342       21.079955       15.211876       11.980491       1.0735552       1.2185094       1.4323675       1.0071399       1.0100537   2.0838025e-09        69.42407      0.82183345      0.30936682      0.83456478      0.42536737       13.457021       10996.366       5.5544623        5.5544623       10996.366                               10568.267                 21.094268                 396.13948                      10.865263
              1       5503.4499       3.0412676       3.4713674      0.97633861     0.022029342      0.12643136     0.045685232       1.0400313       1.0021489       22.304814       16.060565        13.04533       1.0652149       1.0901795       1.3503146       1.0039576       1.0114248    2.093176e-09        69.42407      0.82245471      0.30936682      0.83519567      0.42536737       13.457021       10995.128       5.8856265        5.8856265       10995.128                               10567.032                 21.651835                 396.09115                      10.353718
              1       5504.5745       3.0434783       3.4713674      0.97935094     0.022029342      0.12643136     0.045685232       1.0400313       1.0029872       20.834611       15.534034       12.147593       1.1058763       1.1512642       1.4053099       1.0012339       1.0103927   2.0978085e-09        69.42407      0.82434606      0.30936682      0.83711632      0.42536737       13.457021       10997.055       6.0467758        6.0467758       10997.055                               10569.373                 21.254478                 396.10086                      10.327381
              1       5506.0137       3.0427623       3.4697203      0.97924916     0.022003249      0.12615945     0.045366248       1.0400467       1.0033876       21.014059       15.645156        12.10344       1.1064967       1.1154081       1.3057585       1.0006702        1.010742   2.0963069e-09       69.482539      0.82332955      0.30822911      0.83454527      0.42372033       13.459609       10999.462       6.2825243        6.2825243       10999.462                               10571.609                 21.238304                 396.17157                      10.443286
              6       5506.9336       3.0428444       3.4704335      0.97944135     0.022007134      0.12612482     0.045469662       1.0400611        1.003376       20.521235       15.396151       11.724241       1.0690783       1.1145086       1.2820279       1.0040309       1.0117596   2.0964792e-09       69.510926      0.82329531      0.30791379       0.8340836      0.42443348       13.457978       11000.928       6.4697159        6.4697159       11000.928                               10573.091                 21.215622                  396.1514                      10.469793
              1       5506.9186         3.04257       3.4717053      0.97834847      0.02205758      0.12627939     0.044760399       1.0399404       1.0035684        20.27766       14.227441       11.097739       1.0154287        1.225073       1.3676662       1.0037403       1.0147456   2.0959039e-09       69.473388      0.82296224      0.30867138      0.83477121      0.42570527       13.455967       10999.915       6.9610447        6.9610447       10999.915                               10571.981                 21.379337                 396.26345                      10.290989
              1        5509.001       3.0424777       3.4716298      0.98181661     0.022232875       0.1243201     0.047043662       1.0400952       1.0030585       21.192081       13.923929       10.911675       1.0100821       1.2457012       1.2779362        1.009017       1.0176476   2.0957104e-09       70.361568      0.81721856      0.29732432      0.81356604      0.42562975       13.426137       11003.007       7.4973126        7.4973126       11003.007                               10574.526                 21.014118                 395.99857                      11.468284
              1       5508.3818       3.0431748       3.4958826      0.98302002     0.022253584      0.12457254     0.047144483       1.0400799        1.002987        21.13129       14.618546       11.281941       1.0487928       1.4441378       1.7252132       1.0024127       1.0109366   2.0971718e-09       70.562757      0.81791726      0.29617986      0.81269298       0.4498826       13.402268       11004.511       6.1261697        6.1261697       11004.511                               10575.935                 20.916246                 396.02495                       11.63536
              4       5506.7617       3.0431551       3.4909513      0.98272139     0.022248207      0.12459957     0.047025998       1.0401065       1.0031211       21.188595       14.540373       11.447486       1.1425493       1.5463104       1.8825867       1.0031812       1.0104992   2.0971306e-09        70.50129      0.81808989       0.2967401      0.81363293      0.44495127       13.406884       11001.191       6.1663123        6.1663123       11001.191                               10572.645                 20.938229                 396.05116                      11.555917
              2       5496.3137       3.0444828        3.426354      0.98040835      0.02242041      0.12444835     0.048430074        1.040181       1.0030364       19.856965       13.096552        10.17282       1.1469366       1.4561824       1.6483669      0.99823709       1.0021797   2.0999167e-09        69.98773      0.81863588      0.30115379      0.82020858      0.38035402         13.4497       10981.503       5.5621175        5.5621175       10981.503                               10553.864                 21.142561                 395.81622                      10.680005
              5       5494.2528       3.0418826       3.3076115      0.97416854     0.022336611      0.12371362      0.04816331       1.0401973       1.0017552       17.896495       11.862899       8.3607438       1.1174053       1.6828793       1.7970909       1.0013013       1.0009423   2.0944637e-09       68.816611      0.81696442      0.30976263      0.83015087      0.26161146       13.570967       10978.416       5.0446194        5.0446194       10978.416                               10551.156                 21.934286                 395.82438                       9.501798
             10       5495.6842        3.041793       3.3032509      0.97375348     0.022371178      0.12361715     0.047748062       1.0402466       1.0034678       19.729132       12.675471       9.6956326      0.99799421       1.4428557       1.4532852      0.99986783       1.0005856   2.0942761e-09       68.846203      0.81651719       0.3093658       0.8291648      0.25725089       13.570022        10979.87       5.7490951        5.7490951        10979.87                               10552.405                 21.851505                 395.88059                      9.7331174
              1       5498.2224       3.0431008       3.4031361      0.97881618     0.022313833      0.12427996     0.047551999       1.0402421       1.0025126       18.079188       12.049482       8.7601391       1.1173913       1.6376974       1.8399127      0.99872907       1.0072563   2.0970166e-09       69.710396      0.81816615      0.30298893      0.82223179      0.35713612       13.480272       10985.322       5.5616322        5.5616322       10985.322                               10557.814                 21.368406                 395.89553                       10.24375
              5       5498.4106       3.0452719       3.4031361      0.97513841     0.022313833      0.12427996     0.047551999       1.0402421       1.0033152       19.291798       13.047522       9.8535594       1.1003131       1.5419489       1.7316049      0.99942398       1.0082061   2.1015745e-09       69.710396      0.81786509      0.30298893      0.82192923      0.35713612       13.480272       10984.816       6.0028457        6.0028457       10984.816                               10557.059                 21.956517                 395.87501                      9.9246097
              1        5499.734       3.0448591       3.4052878       0.9758865     0.022338196      0.12375526     0.048006241       1.0402235       1.0030463       18.635133       12.713132       9.3799924       1.1692622       1.6619493       1.8724889       1.0011555        1.008568    2.100707e-09       69.933899      0.81604603      0.30003234      0.81609001      0.35928777       13.474094       10987.665       5.9013919        5.9013919       10987.665                               10559.733                 21.869036                 395.85877                       10.20472
              1       5501.1758       3.0439177        3.393573      0.97420146      0.02226444        0.123974     0.047167788         1.04014       1.0029656       18.697862        13.49395       9.7195542       1.0333305       1.6514683       1.6797948      0.99593695       1.0031616   2.0987305e-09       69.630844      0.81639971      0.30294872      0.82040213      0.34757301        13.49617       10991.109       5.6213609        5.6213609       10991.109                               10563.251                  22.11216                 395.89372                      9.8516955
              4        5501.596       3.0452582        3.393573      0.97704197      0.02226444        0.123974     0.047167788         1.04014        1.004566       19.285302       12.617627       9.6983761      0.99573392       1.6541736       1.6361768      0.99355549       1.0030866   2.1015457e-09       69.630844      0.81786259      0.30294872      0.82187218      0.34757301        13.49617       10989.775       6.7084137        6.7084137       10989.775                                10562.16                  21.55506                 395.93327                      10.126994
              3       5500.4091       3.0450321       3.3601228      0.97539174     0.022273932       0.1238674     0.047260579       1.0401668       1.0046462       19.366022       12.494248       9.6885032       1.0293155       1.5455387       1.5326541      0.99343453       1.0010061   2.1010706e-09       69.301796      0.81784981      0.30563018      0.82548854      0.31412278       13.526825       10987.352       6.7328439        6.7328439       10987.352                               10559.871                 21.733943                 395.89696                      9.8501752
              3       5498.7127       3.0435233       3.2911782      0.97187106     0.022281018      0.12322835     0.047282183       1.0401428       1.0046481       19.354639       12.109962       9.4030624       1.0384482       1.6113357       1.5915043      0.99366746      0.99816749   2.0979028e-09       68.731581      0.81598387      0.30938464      0.82864845       0.2451782       13.592413       10983.964       6.7309605        6.7309605       10983.964                               10556.473                 22.170358                 395.85677                      9.4634331
              1       5496.4439       3.0438443       3.2729296      0.97131756     0.022263089      0.12333504     0.047706387       1.0401898       1.0042076       18.727894       12.063586        9.743834       1.0108854       1.6375503       1.7973504       1.0008645       1.0018275   2.0985763e-09       68.485694      0.81691091      0.31179945      0.83282114      0.22692959       13.611447       10980.444       6.2219984        6.2219984       10980.444                               10553.039                 22.248899                 395.80472                       9.351532
              5       5496.3454       3.0404542       3.2729296      0.97145558     0.022263089      0.12333504     0.047706387       1.0401898       1.0027274       18.676665       12.261553       9.9561317      0.95348558         1.59103       1.7223678       1.0001129       1.0002808   2.0914741e-09       68.485694      0.81557095      0.31179945      0.83145508      0.22692959       13.611447       10981.929       5.3808179        5.3808179       10981.929                               10554.432                 22.197152                 395.81318                      9.4866094
              4       5494.5977       3.0409638       3.2907959      0.97320477     0.022279744      0.12317214     0.048237221       1.0402554       1.0026205       18.903541       12.696185       9.6350799       1.1133711       1.6973499       1.7897402       1.0019092       1.0006121   2.0925401e-09       68.784048      0.81530192      0.30879134      0.82716165      0.24479592       13.589369       10978.486       5.3547049        5.3547049       10978.486                               10551.027                 21.953192                 395.80163                      9.7043084
              3       5495.7905       3.0406594       3.2981948      0.97052697     0.022263243      0.12417112     0.045170964       1.0402914       1.0044371       19.534276       14.269337       10.684652      0.91694298       1.2644916       1.3966247       1.0015814       1.0018484   2.0919032e-09       68.519865      0.81743125      0.31326967      0.83531405      0.25219482       13.586671       10978.801       6.3898911        6.3898911       10978.801                               10550.839                 22.369813                 396.09605                       9.496706
              2        5496.792       3.0407243       3.2981948      0.97059573     0.022263243      0.12417112     0.045170964       1.0402914       1.0048536        22.49728       15.436926       12.787233       1.0553789       1.0516918       1.2271588      0.99552515         0.99931    2.092039e-09       68.519865      0.81747957      0.31326967      0.83536343      0.25219482       13.586671       10980.039       6.7723313        6.7723313       10980.039                               10552.035                 22.309122                 396.14189                      9.5535906
              1       5496.3615       3.0412817       3.2690182      0.96943356     0.022262952      0.12437911     0.045684764       1.0403431       1.0034941       20.219476        13.80951       10.562396       1.2299019        1.313851        1.515798        0.994942      0.99755663   2.0932054e-09       68.131573      0.81888136      0.31729804      0.84215891       0.2230182       13.615023       10980.884       5.9197265        5.9197265       10980.884                               10552.824                  22.59729                  396.0025                      9.4601023
              3       5496.8018       3.0403217       3.3123193      0.96837497     0.022145334      0.12548829     0.043343936       1.0400571       1.0037362       20.171004       13.403867       10.557036       1.1750679       1.3144516       1.6132295       1.0016918       1.0044738    2.091197e-09       68.048743       0.8206026      0.32021224      0.84779573      0.26631927       13.596464       10981.571        6.016369         6.016369       10981.571                               10552.626                 22.856976                 396.38266                      9.7053086
              1       5498.3699       3.0401635       3.3145535        0.968697     0.022132463      0.12536986     0.043471196        1.040056       1.0036245       20.045242       13.046035       10.060189       1.2078894       1.3034139       1.6202306      0.99929562       1.0053598   2.0908661e-09        68.10346       0.8202582      0.31941483      0.84638409      0.26855354       13.595104       10984.775       5.9823224        5.9823224       10984.775                               10555.966                 22.801269                 396.35272                      9.6553697
              1       5499.3144       3.0402288       3.3193619      0.96886819     0.022152775      0.12538856     0.043842592       1.0399432       1.0031472       19.868022       12.750693       9.6479351       1.2744717       1.4411134       1.7833121      0.99766923       1.0059017   2.0910027e-09       68.130625      0.82007239       0.3192442      0.84596631      0.27336191       13.591732       10987.071       5.7789766        5.7789766       10987.071                               10558.347                 22.802892                 396.28591                      9.6352672
              3       5499.0999       3.0411422       3.3193619      0.96743804     0.022152775      0.12538856     0.043842592       1.0399432       1.0025211       19.138152       12.579324       9.3319564       1.3346278       1.4705103       1.8398852      0.99901139       1.0060029   2.0929135e-09       68.130625      0.81999413       0.3192442      0.84588558      0.27336191       13.591732       10987.242        5.478795         5.478795       10987.242                               10558.048                 23.246298                 396.26425                      9.6838938
              1       5502.2767       3.0411332        3.266667      0.96573735      0.02219739      0.12501554     0.045540216       1.0398329       1.0016177         19.6158       12.238824       10.128293       1.1331982       1.2482529       1.5809227      0.99286597      0.99950073   2.0928947e-09       67.658737      0.81948159      0.32299549      0.85030905        0.220667       13.641447       10994.053       5.2503213        5.2503213       10994.053                                10564.76                  23.47666                 395.94527                      9.8706605
              1       5501.4355       3.0412594       3.2687854      0.96593382     0.022202827      0.12502302     0.045627022       1.0398378       1.0015927        18.96511       12.084112       9.6457923        1.154908       1.2969754       1.5256032      0.99696904      0.99726137   2.0931588e-09       67.686546      0.81954247      0.32275833      0.85005998      0.22278536       13.638674       10992.728       5.0716317        5.0716317       10992.728                               10563.425                 23.442697                 396.00313                      9.8568531
              1        5498.062       3.0415912       3.3317664      0.97209087     0.022234199      0.12387245     0.047913313       1.0398376       1.0013553        20.02082       13.078702       10.642682      0.96239181       1.2182019       1.4487013       1.0000002       1.0031596   2.0938535e-09        68.82893      0.81607473      0.30977086      0.82925783      0.28576636       13.568422        10986.16       4.9821194        4.9821194        10986.16                               10558.619                 22.329587                  395.8165                      9.3948266
              2       5495.7717       3.0415926        3.324986      0.97199359     0.022234308      0.12378356     0.048036437       1.0398743       1.0018182       19.609987       13.116611       10.278051       1.0062806       1.5044478       1.6554608       1.0024825       1.0018661   2.0938564e-09       68.794853      0.81598763      0.30989024      0.82932909      0.27898599       13.573675       10981.347       5.0979573        5.0979573       10981.347                               10553.822                 22.275986                 395.78706                      9.4619597
              3       5497.2332       3.0374257        3.324986      0.97600375     0.022234308      0.12378356     0.048036437       1.0398743       1.0001544         18.2239       12.409197       9.0728042      0.98132849       1.4902218       1.6399783       1.0042816       1.0026673   2.0851496e-09       68.794853      0.81556202      0.30989024      0.82889652      0.27898599       13.573675       10984.638       4.9143937        4.9143937       10984.638                               10557.343                 21.573048                 395.86464                      9.8567344
              2        5496.979       3.0365586       3.2796307      0.97501355      0.02217771      0.12307783     0.048507216        1.040063       1.0003052       18.157295       12.445701       9.0989834      0.91490308       1.4487691       1.5453321       1.0045775       1.0019224   2.0833425e-09       68.537373      0.81432797       0.3106001      0.82858968      0.23363075       13.615916       10984.126       4.9159533        4.9159533       10984.126                               10556.843                 21.612568                 395.80727                      9.8636923
              1       5498.8537       3.0361296       3.3091894      0.97577221     0.022198971      0.12301089     0.047515141       1.0400406       1.0008187        17.64671        12.17594       8.7043256      0.91572271       1.6546092       1.6310759       1.0058284       1.0029335   2.0824489e-09       68.910604      0.81322018      0.30714849      0.82285196      0.26318943       13.584721       10987.604       5.0517521        5.0517521       10987.604                               10559.993                 21.567462                 395.90378                      10.139964
              1       5498.3838       3.0339694       3.2480408      0.97027527     0.022196775      0.12297654     0.045699539       1.0398704       1.0014455       18.032214       12.297334       8.8859369       1.0082645       1.6288033       1.6011621       1.0066241       1.0033355   2.0779552e-09       68.160766      0.81211494       0.3138649      0.83066946      0.20204076       13.650948       10986.313       5.2274443        5.2274443       10986.313                               10558.519                  22.32408                 396.03568                      9.4335648
              2       5500.0367       3.0339618       3.2482736      0.97028391     0.022195794      0.12297728     0.045701375       1.0398684       1.0014363       18.706042        13.72323       9.9758359      0.72917611        1.462963       1.2237281      0.99955122       1.0033435   2.0779393e-09       68.161668      0.81211225      0.31385607      0.83065503      0.20227362       13.650875       10990.059       5.0071939        5.0071939       10990.059                               10562.266                 22.323037                 396.03568                      9.4344017
              1        5501.675        3.034035       3.2380437      0.96919947      0.02219424      0.12327235     0.045617572       1.0397919        1.001291       16.707163       12.601127       9.2142887      0.89119377       1.5850006       1.7629375       1.0033126       1.0032162   2.0780915e-09       67.914791      0.81297073      0.31677839      0.83539536      0.19204367       13.664781         10993.3       5.0251763        5.0251763         10993.3                               10565.465                 22.490174                 396.02551                      9.3192325
              1       5500.9138         3.03397       3.2117369      0.96785918     0.022306313      0.12288547     0.045234925       1.0398989       1.0020869       17.333623       12.328379       9.2641507      0.88389152       1.8023354       1.8394813       1.0020082      0.99766192   2.0779564e-09       67.876996      0.81169316       0.3165348       0.8337618      0.16573693       13.675365       10991.465        5.181179         5.181179       10991.465                               10563.512                 22.705963                 396.05135                      9.1962849
              2       5498.1721       3.0305794       3.2117369      0.96911711     0.022306313      0.12288547     0.045234925       1.0398989       1.0006519       17.620266       12.176545       8.2339976       1.2274423       1.6150838       1.8686095      0.99836435      0.99748852   2.0709227e-09       67.876996      0.81070855       0.3165348      0.83275042      0.16573693       13.675365       10986.616       4.8641629        4.8641629       10986.616                               10558.726                 22.434129                 396.08419                      9.3718989
              1       5498.8442       3.0310265       3.2015151      0.97116934     0.022372083      0.12195474     0.047589169       1.0399361      0.99956165       16.656564       10.915146       7.2585274       1.1370372        1.759477       1.8617462        1.000008       1.0002374   2.0718489e-09       68.150834      0.80858804      0.31213384      0.82477809      0.15551506       13.674212       10988.087       4.8009082        4.8009082       10988.087                               10560.529                  22.11037                 395.84343                      9.6034894
              1       5498.4789       3.0295168       3.1434984      0.96776622     0.022270721      0.12179884     0.047010783        1.039967       0.9997982       16.227465       10.628623       7.0228838       1.1141015       1.8158789       1.8845159      0.99995903      0.99725339   2.0687235e-09        67.46236      0.80853127      0.31797193      0.83239715     0.097498358       13.741859       10987.305         4.82624          4.82624       10987.305                                10559.67                 22.535055                 395.85565                      9.2446608
              2       5497.9367       3.0298332       3.1531723      0.96912054     0.022405056      0.12114567     0.047325046       1.0400584       1.0001588       16.967016       11.070968       7.6588113        1.108488       1.7608877       1.8896744       1.0026201      0.99964343    2.069378e-09       67.944308      0.80621536      0.31235311       0.8226467       0.1071723       13.713075       10986.229       4.8222339        4.8222339       10986.229                               10558.513                 22.370916                 395.82434                      9.5210863
              3       5497.7819       3.0297071       3.1531723      0.96605071     0.022405056      0.12114567     0.047325046       1.0400584      0.99954178       17.431051       11.596493       8.1831266       1.1163294       1.7315531       1.8654837       1.0033164       0.9998776   2.0691171e-09       67.944308      0.80522075      0.31235311      0.82163182       0.1071723       13.713075       10985.849       4.8571202        4.8571202       10985.849                               10557.678                 23.041837                 395.82273                      9.3065423
              1       5500.3715       3.0301771       3.1685348      0.96687607      0.02242849      0.12126821     0.047522734       1.0400304      0.99939382       17.403136       10.540038       8.0293883       1.0886871       1.7155348       1.9370277       1.0051882       1.0020429   2.0700898e-09       68.089177       0.8054939      0.31134022      0.82057682      0.12253477       13.696401       10990.803        4.970104         4.970104       10990.803                                10562.69                 22.928266                  395.7985                      9.3859143
              1       5501.8338       3.0332417       3.1685348      0.96524863      0.02242849      0.12126821     0.047522734       1.0400304       1.0006309       16.688242       10.821037       8.0066681       1.0529281       1.7121688       1.8877541       1.0049606       1.0013671   2.0764436e-09       68.089177      0.80622759      0.31134022      0.82132424      0.12253477       13.696401       10993.769       4.9494791        4.9494791       10993.769                               10565.535                 23.310528                 395.80545                      9.1178403
              6       5496.2696       3.0338994       3.1818323      0.96622891     0.022431625      0.12142997     0.047641542       1.0401039        1.000762       18.355195       12.005558       9.0011012       0.9958917       1.4158625        1.594258       1.0022591      0.99747825   2.0778097e-09       68.213713      0.80699035      0.31055883        0.821069      0.13583234       13.681055       10982.761       4.8890167        4.8890167       10982.761                               10554.581                  23.13191                 395.82566                      9.2228059
             10       5497.3043       3.0328946       3.0440509       0.9606567     0.022485997      0.12033072     0.047509034       1.0405936       1.0012421        16.43943       11.334187       7.8162167      0.95385692       1.5142231       1.6129988      0.99836539       0.9944853    2.075723e-09       67.211043      0.80555653      0.31758088      0.82882447   -0.0019491332       13.798062        10984.46        5.074095         5.074095        10984.46                               10555.952                   24.1173                  395.7434                      8.6480007
              1       5498.1407       3.0315957       3.0440509      0.96018686     0.022485997      0.12033072     0.047509034       1.0405936       1.0006538       16.278106       11.514359       7.7531663      0.89936028       1.4621247       1.5807627       0.9984512      0.99411681   2.0730286e-09       67.211043      0.80489146      0.31758088      0.82814019   -0.0019491332       13.798062       10986.272        5.004504         5.004504       10986.272                               10557.661                  24.22048                 395.73582                       8.654615
              2       5497.2093       3.0332139       3.1306636       0.9675082      0.02253034      0.11971249     0.049483253       1.0407335       1.0005948       17.034603       12.223822       8.7778132      0.76437862       1.3940777       1.4976019      0.99835606      0.99646352   2.0763857e-09       68.520266      0.80308788       0.3043384      0.80887391     0.084663595       13.697397       10984.639       4.8895988        4.8895988       10984.639                               10556.071                 22.840055                 395.70139                      10.026687
              2       5496.5456       3.0345023       3.0571655      0.96725035     0.022402854      0.11958469      0.05285031       1.0409648       0.9991054       15.914813       11.183402       7.6029307      0.78983159       1.5083902       1.5487352      0.99977429      0.99140414   2.0790628e-09        67.68036      0.80604119      0.31138157      0.82118888     0.011165535       13.778642       10982.653       5.2189782        5.2189782       10982.653                               10554.765                  22.65174                 395.84713                      9.3888932
              2       5498.1436       3.0375359       3.0571655       0.9695761     0.022402854      0.11958469      0.05285031       1.0409648       1.0005291         15.9783        11.41309       7.5998327      0.78360025       1.6253411       1.4677257       1.0007702      0.99773855   2.0853794e-09        67.68036      0.80797706      0.31138157      0.82316112     0.011165535       13.778642       10986.615       4.8361856        4.8361856       10986.615                               10559.305                 22.228801                 395.81372                       9.267482
              1       5498.3009       3.0365901       3.0438796      0.96918256     0.022257539      0.11957505     0.053820719       1.0407637       1.0001616       16.732638       11.851452       8.0601217      0.67155466       1.6016402       1.3557111      0.99600789      0.99752459   2.0834079e-09       67.341862      0.80825808      0.31417807      0.82713683    -0.002120447       13.813105       10986.807       4.8976675        4.8976675       10986.807                               10559.367                 22.118103                 395.96305                      9.3586217
              2       5497.6922       3.0354293       3.0438796      0.97033602     0.022257539      0.11957505     0.053820719       1.0407637      0.99969959       15.326366        10.22703       7.2891829        0.750399       1.6319772       1.7168197      0.99581245      0.99429589   2.0809909e-09       67.341862      0.80814109      0.31417807      0.82701711    -0.002120447       13.813105       10985.299       5.0428359        5.0428359       10985.299                               10557.947                 21.906746                 395.96693                       9.478438
              2       5496.8137       3.0365493       3.0815368      0.97162965     0.022195403      0.12052311     0.053707974       1.0407058      0.99944034       16.749611       10.404534       7.6985784      0.86148168       1.4986509       1.5667628      0.99839198      0.99421817   2.0833229e-09       67.376306      0.81122364      0.31580851      0.83232298     0.035536794       13.785926       10983.647       4.9903877        4.9903877       10983.647                                10556.42                 21.741869                 395.97759                      9.5075378
              1       5498.2337       3.0368333       3.1098911      0.97158642     0.022137005      0.12145954     0.053721598       1.0403684      0.99836102        17.27788       11.614059       8.1941792      0.82642052       1.4335584       1.4337067       1.0012367      0.99648565   2.0839148e-09       67.216539      0.81345034      0.31925496      0.83914932     0.063891094       13.776457       10986.328       5.0695553        5.0695553       10986.328                               10559.079                 21.800704                 396.02356                      9.4254431
              2       5499.0894       3.0367342       3.1098911      0.97085139     0.022137005      0.12145954     0.053721598       1.0403684      0.99705004       16.400402       10.799825       7.3363959      0.86655794       1.5421008        1.537478       1.0022956      0.99992649   2.0837082e-09       67.216539       0.8131836      0.31925496      0.83887416     0.063891094       13.776457       10987.163       5.5078129        5.5078129       10987.163                               10559.772                 22.071857                 396.01502                      9.3045581
              2       5496.1441       3.0397535       3.1098911      0.96908685     0.022137005      0.12145954     0.053721598       1.0403684      0.99809559       15.026268       9.5758545       6.4451102       1.0175448       1.9980242        2.156544      0.99980469       1.0007739    2.090009e-09       67.216539      0.81386842      0.31925496      0.83958061     0.063891094       13.776457       10982.131       5.0785826        5.0785826       10982.131                               10554.407                 22.446972                 396.05404                      9.2233038
              4       5496.2282       3.0397688       3.1071677      0.96906039     0.022135673      0.12143375     0.053821393       1.0403754      0.99805786       14.990543       9.5413396       6.4075485       1.0176657        2.001767       2.1577499      0.99982308       1.0006289   2.0900411e-09       67.195352      0.81387364      0.31939626      0.83977177     0.061167675        13.77908       10982.278       5.0891412        5.0891412       10982.278                               10554.531                 22.445284                 396.07531                       9.226604
              5       5495.1591       3.0379217       3.1071677      0.96702243     0.022135673      0.12143375     0.053821393       1.0403754       0.9971658       16.089731       10.618933       7.0954371        1.031931       1.9194981       1.9166653      0.99921512      0.99880562   2.0861841e-09       67.195352      0.81249624      0.31939626      0.83835053     0.061167675        13.77908       10979.442       5.4380832        5.4380832       10979.442                               10551.403                 22.836764                 396.07972                      9.1220714
              1       5494.8398       3.0373216       3.0360833      0.96336369     0.022172465      0.12111388     0.053386279       1.0405363      0.99801655        16.21402       10.589145       7.1837902      0.99834325       1.8042078       1.7740415      0.99914032      0.99573387   2.0849325e-09       66.570833      0.81220357      0.32477544      0.84507617   -0.0099167437       13.842869        10979.29       5.1946756        5.1946756        10979.29                               10550.679                 23.385617                 396.03143                      9.1946009
              2       5494.8213        3.036026       3.0138945      0.96259044      0.02205136      0.12072926     0.052924444       1.0406735      0.99930137       18.102181       11.927986       8.9664902      0.88817249       1.5174506        1.573508      0.99581544       0.9998855   2.0822331e-09       66.396706      0.81155455      0.32532598      0.84511627    -0.032105493       13.872517       10979.819       4.9119195        4.9119195       10979.819                               10551.388                 23.296746                 396.01197                      9.1217274
              1       5492.2001       3.0405805       3.0138945       0.9585236      0.02205136      0.12072926     0.052924444       1.0406735       1.0011328       18.620435       12.837373       9.5218302      0.99786831       1.4636056       1.5412581      0.99607868      0.99624994   2.0917382e-09       66.396706      0.81217605      0.32532598      0.84576347    -0.032105493       13.872517        10974.33       5.0351071        5.0351071        10974.33                               10544.956                 24.310186                 396.01743                       9.046329
              3       5493.3065       3.0420812       3.0138945      0.96017143      0.02205136      0.12072926     0.052924444       1.0406735       1.0018572       17.514212        11.72578       8.7278669       0.9341839       1.5209139       1.6016578      0.99565907      0.99706301   2.0948797e-09       66.396706      0.81328338      0.32532598      0.84691659    -0.032105493       13.872517       10976.216       5.1985441        5.1985441       10976.216                               10547.104                 23.917539                 396.02116                      9.1729397
              9       5493.6309       3.0430965       3.0138396      0.96029575     0.022094804      0.12101738     0.052913324        1.040788       1.0022896        18.16174       12.119888       9.2064858      0.92649456       1.3651056        1.490355      0.99485614      0.99535185   2.0970077e-09       66.370172      0.81459555      0.32633885      0.84960252    -0.032160442       13.865861       10976.372        5.444967         5.444967       10976.372                               10547.157                 23.874926                  396.0219                      9.3179437
              2       5496.0236       3.0416306       3.0310455      0.95893497     0.022100085      0.12112918     0.051308856        1.040519       1.0022804       17.009516       11.320295       8.0792647       1.0792345       1.6539725       1.7274429      0.99360923      0.99542837   2.0939358e-09       66.442929      0.81310732      0.32589594      0.84747465    -0.014954532       13.855999       10981.027       5.5099959        5.5099959       10981.027                               10551.696                 24.295866                  395.8076                      9.2280499
              1       5496.0742       3.0394861       3.0310455      0.95661084     0.022100085      0.12112918     0.051308856        1.040519       1.0012465       19.923525       13.248778       10.214174      0.89693833       1.4569291       1.4019899      0.99337531      0.98987213   2.0894504e-09       66.442929       0.8115346      0.32589594      0.84583546    -0.014954532       13.855999       10980.865       5.6418556        5.6418556       10980.865                               10551.124                 24.878148                 395.82965                      9.0328539
              1       5495.7473       3.0392349        3.023673      0.95779666     0.022076343      0.12051507     0.052629611       1.0405362       1.0004803       19.526584       12.396725       9.3298237       1.0373517       1.4187164       1.4052843      0.99518697      0.99136012   2.0889256e-09       66.557444      0.81016519      0.32333294       0.8410812    -0.022327027       13.863092       10980.909       5.2927755        5.2927755       10980.909                               10551.487                 24.590508                 395.99021                      8.8413196
              1       5499.0392       3.0399933       3.1208076      0.96310667     0.022084919      0.12053956     0.052497191       1.0405388      0.99898398       18.487481       11.812302       8.4637682       1.1204396        1.640378       1.7062725      0.99555342       0.9978697   2.0905102e-09        67.67828        0.809209      0.31279129      0.82628031     0.074807619       13.761541         10988.1       4.9893886        4.9893886         10988.1                               10559.477                 23.894138                 395.94671                       8.781515
              2       5498.8716        3.041361       3.1208076      0.96340134     0.022084919      0.12053956     0.052497191       1.0405388      0.99959535       18.699747       11.699119       8.3727465       1.1782197        1.788482       1.8403098      0.99389933       1.0005998   2.0933715e-09        67.67828        0.809853      0.31279129       0.8269379     0.074807619       13.761541       10987.771       4.9862428        4.9862428       10987.771                                10559.22                 23.837005                 395.94387                      8.7693704
              1       5498.8108       3.0409803       3.1003968      0.96309531     0.022077309       0.1201282     0.052983378       1.0405847      0.99944026       18.443468       12.018714       8.5130408       1.2737343       1.8211807       1.9649115      0.99396749      0.99910419   2.0925746e-09       67.595501      0.80892615      0.31264092      0.82579292     0.054396784       13.780259       10987.629       4.9962875        4.9962875       10987.629                               10559.037                 23.858036                 395.99596                      8.7376093
              1       5497.3412       3.0375506       2.9944227      0.95310199     0.022087854      0.12025644      0.04826556       1.0405919       1.0024463       18.496299       12.157192       8.7993332       1.2397722       1.7031771       1.8052422       0.9939833      0.99646249   2.0854101e-09       66.340504      0.80820481      0.32487897      0.84104959    -0.051577303       13.889675       10983.667       5.5075877        5.5075877       10983.667                               10553.078                 25.936642                 395.69944                       8.952725
              1       5495.5822       3.0303558       2.9944227      0.96293139     0.022087854      0.12025644      0.04826556       1.0405919       1.0012655       17.363353       11.160494       7.8548496       1.1322822       1.6552234       1.7104534      0.99241476      0.99071399   2.0704598e-09       66.340504      0.80824061      0.32487897      0.84108685    -0.051577303       13.889675         10979.9       5.6321939        5.6321939         10979.9                               10552.076                 23.086597                 395.71562                      9.0222222
              1       5498.7533       3.0288768       3.0095083      0.96247554     0.021919009      0.12050393     0.046852254       1.0405411       1.0015152       18.496168       11.271745       8.1920785       1.2497542       1.7637857       1.9181794      0.99175078      0.99179796   2.0673999e-09       66.272647      0.80846476      0.32572916      0.84242023    -0.036491655       13.893604       10986.216       5.6455427        5.6455427       10986.216                               10558.111                 23.149786                 395.84971                      9.1045378
              2       5496.1405       3.0295204       3.0430333      0.96530193     0.022024071      0.11995293     0.047133596       1.0406903       1.0019588       17.575413       11.846779       8.8359256       1.1761099       1.3861189       1.7478357      0.99497293      0.99357998   2.0687309e-09       66.983368      0.80641014      0.31787156      0.83008237   -0.0029666729       13.841362       10981.432       5.4246334        5.4246334       10981.432                               10553.678                 22.718742                 395.80504                      9.2302027
              2       5497.2254       3.0371846       3.0430333      0.96198345     0.022024071      0.11995293     0.047133596       1.0406903       1.0051834       18.239499         12.2526       9.4634137       1.1746074       1.3668014        1.685971      0.99776469      0.99634801   2.0846469e-09       66.983368      0.80849993      0.31787156      0.83223351   -0.0029666729       13.841362       10980.398       7.0263003        7.0263003       10980.398                               10552.229                   23.5025                  395.8274                      8.8390522
              1       5497.5103       3.0376922       3.0805914      0.96474742     0.022104309      0.11957718     0.048046243       1.0406156       1.0041699       17.242715       11.592979       8.3247415       1.1861026       1.3888171       1.6940319      0.99652523      0.99925195   2.0857053e-09       67.592359      0.80678077      0.31152301      0.82212902      0.03459141       13.794792       10982.542        6.239488         6.239488       10982.542                               10554.684                 23.154746                 395.75441                      8.9487436
              2       5498.2834       3.0358252       3.0193868      0.96214039     0.021954645      0.11908291     0.048644046       1.0405559        1.003371       17.524107        10.95188       7.5268933       1.3152995       1.5897345       1.8666824      0.99818309       1.0039561   2.0818151e-09       66.915966      0.80608109      0.31640584      0.82782845    -0.026613183       13.873361       10984.989       5.7890987        5.7890987       10984.989                               10556.996                  23.50913                 395.72647                      8.7573163
              1       5498.2491        3.034611       2.9945946      0.96140713     0.022017062      0.11804726     0.047915713       1.0407632       1.0044997       17.975166       11.150592       8.0685841       1.2018357       1.4579588       1.7644508       0.9945909       1.0037056   2.0792887e-09       67.116378      0.80267126      0.31234975      0.81902596    -0.051405359       13.882276       10983.258       6.6199672        6.6199672       10983.258                               10555.037                 23.632635                 395.76163                       8.826455
              1       5498.7212       3.0346184       2.9896666      0.96105739     0.022013537      0.11810575     0.047824763       1.0407741       1.0060852       18.265946       11.578951       8.6548411       1.0933368       1.4739866       1.7243143       1.0033223       1.0023482   2.0793042e-09       67.039506      0.80295733      0.31318703      0.82041525    -0.056333363       13.887732       10981.782       7.8303846        7.8303846       10981.782                               10553.477                 23.457183                 395.74177                      9.1056158
              3       5498.6242        3.035203       2.9780245      0.96242194     0.022013974      0.11764127     0.049084732       1.0409717       1.0039928       16.136694       9.5436979       6.4391923       1.1792794       2.0006991       2.2437806       1.0019727       1.0011904   2.0805201e-09       67.136026      0.80260521      0.31125348      0.81752013    -0.067975485       13.891943       10985.074       6.0871927        6.0871927       10985.074                               10557.089                 23.425551                 395.68602                      8.8730721
              5        5497.976       3.0361008       3.0207731      0.96466025     0.022197623      0.11733765     0.048483037       1.0410917       1.0051702       16.467402       10.338016       7.1521537       1.1080586        1.913984       2.2247731       1.0015783       1.0023141   2.0823888e-09        67.92996      0.80045496       0.3037752      0.80547568    -0.025226886       13.823587       10982.026       6.9629652        6.9629652       10982.026                               10553.568                 23.121116                   395.722                      9.6148315
              1       5498.4648       3.0353982       3.0207731      0.96712196     0.022197623      0.11733765     0.048483037       1.0410917        1.004962        15.29285       9.3809024       6.1406806       1.0993574       2.0044729       2.3628123       1.0006071       1.0014194   2.0809263e-09        67.92996      0.80091916       0.3037752      0.80594279    -0.025226886       13.823587       10983.396       6.7668627        6.7668627       10983.396                               10555.314                 22.603456                 395.72398                      9.7543187
              1       5497.5721       3.0355346       3.0252224      0.96746634     0.022208673      0.11731566      0.04857132        1.041098       1.0052651       15.819489        9.789404       6.6042925       1.0760631       1.9350092       2.3050964      0.99935133       1.0014873   2.0812101e-09       68.000689      0.80080748      0.30312148      0.80496288     -0.02077758       13.817541       10981.112       7.0160845        7.0160845       10981.112                               10552.876                 22.513573                 395.74533                       9.977412
              3       5495.6412         3.03627       3.0238622      0.96680778      0.02222204      0.11788115     0.048535322       1.0410464       1.0051937        16.56984       9.8529269       7.0768162       1.0984654         1.78856        2.099635      0.99857342       1.0009881   2.0827412e-09       67.776058      0.80278565      0.30639374      0.81129523    -0.022137796       13.821697       10977.366        6.958262         6.958262       10977.366                               10549.525                 22.619507                 395.73431                      9.4870774
              1         5495.97       3.0355118       2.9997375      0.96392018     0.022174245      0.11839595     0.048028422       1.0407927       1.0047144       16.051821       9.1970142       6.5420859       1.1613738       1.8655795       2.2104028      0.99918497       1.0010683   2.0811627e-09       67.190213      0.80414133        0.312786      0.82109878    -0.046262515       13.861589       10978.795       6.5723128        6.5723128       10978.795                               10551.097                 23.110629                 395.73759                      8.8506969
              3       5496.1103       3.0338984       2.9997375       0.9629258     0.022174245      0.11839595     0.048028422       1.0407927        1.003967       18.286022       11.013223       8.1064591       1.0786083       1.5064447       1.7224985      0.99463817       1.0030359   2.0778077e-09       67.190213      0.80319363        0.312786       0.8201311    -0.046262515       13.861589       10979.753       6.2340657        6.2340657       10979.753                                10551.82                 23.313473                 395.71825                      8.9003519
              2       5494.3305        3.034333       2.9977444      0.96382495     0.021943039      0.11901136     0.049191718       1.0408295       1.0028822       17.650422       11.548405       8.1871992       1.0690415       1.5282358       1.7348733      0.99627531      0.99998185   2.0787109e-09       66.773918      0.80677181      0.31755921      0.83004654    -0.048255613       13.888628       10977.623       5.5191787        5.5191787       10977.623                               10549.936                 23.017649                 395.74198                      8.9265358
              4       5494.2181       3.0359504       2.9996766      0.96592379     0.022036616      0.11875192     0.051141023       1.0409199       1.0026631       18.289384       11.315626       8.5331582       1.1505642       1.6829041       1.9791874       1.0004834        1.001161   2.0820757e-09       66.993783      0.80681767      0.31510936       0.8268856    -0.046323415       13.873298       10977.715       5.3605122        5.3605122       10977.715                               10550.288                 22.598528                 395.73893                      9.0895321
              2       5495.3983       3.0352105       2.9949973      0.96581775      0.02194259      0.11862988      0.05083826       1.0409835       1.0027883       18.111012       11.541085       8.4302179       1.1299523       1.7745222       1.9763657       1.0011864       1.0000849   2.0805357e-09       66.927478      0.80669615      0.31525001      0.82694554    -0.051002667       13.885292       10979.968       5.4143168        5.4143168       10979.968                               10552.531                 22.570802                 395.70873                       9.157105
              4       5496.1062       3.0337474        2.978658      0.96360179     0.021931602       0.1185059     0.049680147       1.0408577        1.003088       18.268523       10.857691       8.2508159       1.2398505       1.8093646       2.0825338       1.0010871       1.0051098    2.077494e-09       66.732295      0.80550164       0.3167879      0.82773266    -0.067342027       13.906822       10980.843       5.6845491        5.6845491       10980.843                                10553.15                 22.966324                  395.7519                      8.9747522
              2       5495.1465        3.033249       2.9530691      0.96182528     0.021898098       0.1185853     0.049215778       1.0408747        1.003351       17.944288       10.732916       8.0763209       1.0961569       1.6921931       1.9788313      0.99490696       1.0009683   2.0764587e-09       66.388269      0.80604145      0.32017446      0.83270293    -0.092930919       13.937019       10978.657       5.8179655        5.8179655       10978.657                                10550.85                 23.239189                 395.70995                      8.8579476
              7       5493.7447       3.0319198       2.9120854         0.96101     0.021890008      0.11757025     0.050412184        1.040816       1.0033004       17.907425       11.186794       8.3791209       1.1292617        1.619431        1.938295      0.99880012      0.99862096   2.0737006e-09       66.247329      0.80324708      0.31919195      0.82854193     -0.13391455       13.978791       10976.143       5.6733862        5.6733862       10976.143                               10548.327                 23.237229                 395.71196                       8.866043
              1       5492.8229        3.033817        2.912948      0.96435144      0.02207017      0.11662507     0.052730227       1.0411069       1.0025543        17.05902       10.434941       7.3817947       1.1490871        1.725789       2.0056123      0.99868073      0.99806917   2.0776385e-09       66.834096      0.80126556      0.31189952      0.81700215     -0.13305202        13.94658       10974.977       5.3345445        5.3345445       10974.977                               10547.171                 22.740439                 395.83527                       9.230124
              2       5496.8173       3.0343843        2.912948      0.96746229      0.02207017      0.11662507     0.052730227       1.0411069       1.0029288       15.700343       10.134538       6.3154256       1.1327483        1.810305       2.0865278       1.0012873       0.9966367   2.0788174e-09       66.834096      0.80242049      0.31189952      0.81817977     -0.13305202        13.94658       10982.562       5.5363501        5.5363501       10982.562                               10555.317                  22.14123                 395.81169                      9.2917558
              2       5501.2093       3.0336254       2.9131361      0.96516632     0.022202179      0.11661897     0.049839512       1.0411987       1.0051304       17.570933       11.173224       7.6785793      0.98465583       1.3844318       1.7147912      0.99829768      0.99907957   2.0772404e-09       66.975754      0.80091468      0.31086229      0.81528537     -0.13286385        13.93013       10988.599       6.9096871        6.9096871       10988.599                               10561.097                 22.567202                 395.67116                      9.2634841
              2        5503.238       3.0337425       2.9635434      0.96861298     0.022193858      0.11626469     0.050110596       1.0412458        1.005016        17.78264         11.2982       7.8112647      0.99711024       1.4201631       1.7512843      0.99876066       1.0024105   2.0774838e-09       67.698665      0.79911968      0.30348521      0.80374811    -0.082456637       13.874532       10992.806       6.8348173        6.8348173       10992.806                               10564.624                 22.085745                 395.68629                      10.410338
              3        5504.796       3.0349754       2.9521708      0.97003452     0.022253358      0.11590579     0.051462298       1.0414765       1.0046499       17.421235        11.09797       8.2886956      0.88743966        1.114696       1.4062792      0.99850771       1.0040452   2.0800466e-09       67.820948      0.79912073      0.30173695      0.80143077    -0.093829198       13.871934       10996.376       6.6079193        6.6079193       10996.376                               10568.154                 21.882448                 395.72662                      10.613279
              5       5503.5436       3.0324837       2.9521708       0.9691817     0.022253358      0.11590579     0.051462298       1.0414765       1.0035233       17.027399       10.387715       8.0940737       1.0612521       1.1947711       1.5301069       1.0012142       1.0004327   2.0748702e-09       67.820948      0.79786902      0.30173695      0.80017545    -0.093829198       13.871934       10995.514       5.7866667        5.7866667       10995.514                               10566.849                 22.012232                 395.71558                      10.936768
              1       5505.6425       3.0391009       2.9521708      0.96099223     0.022253358      0.11590579     0.051462298       1.0414765       1.0060919       18.359701       11.811176       9.1386268       1.0008108       1.0629001       1.2186534      0.99867983      0.99833183   2.0886456e-09       67.820948       0.7980499      0.30173695      0.80035685    -0.093829198       13.871934       10995.732       7.7767478        7.7767478       10995.732                               10566.357                 23.775388                 395.73645                      9.8627587
              1       5503.8698       3.0415448       3.0395029       0.9660831     0.022318187      0.11657685     0.053046199       1.0412885       1.0047481       18.153347       11.423291       8.7270786       1.0270601         1.20594       1.4095253      0.99802532       1.0021539   2.0937563e-09       68.587624      0.79940516      0.29662289      0.79489296   -0.0064970734       13.782525       10994.477       6.6314955        6.6314955       10994.477                                10564.94                 22.976807                 395.81211                      10.747847
              1       5504.5215       3.0400469       2.9760828      0.96181635     0.022328934      0.11624188     0.051359443       1.0414422       1.0062166       19.386801       11.828049       9.3694869       0.8948997       1.0683488       1.1237982      0.99353659      0.99947563   2.0906224e-09       68.029079      0.79865162      0.30079126      0.79970416    -0.069917151       13.841642       10992.869       8.0871864        8.0871864       10992.869                               10563.569                 23.677407                 395.67113                      9.9512281
              1       5502.6753       3.0406722       2.9667585      0.96173037     0.022362677      0.11630625     0.051771325       1.0414948       1.0062206       18.933732       11.954471       8.8582809       1.0249715       1.5139246       1.4483205       0.9941673      0.99208607     2.09193e-09       67.942131      0.79932433      0.30177094      0.80168011    -0.079241525       13.846762       10988.622       8.3642239        8.3642239       10988.622                               10559.451                 23.673475                   395.731                      9.7662207
              1       5500.3243       3.0398268       2.9336454      0.95883456     0.022277036      0.11671218     0.051174045       1.0413777       1.0064976       18.839379       11.950776         8.94538       1.0522534       1.5570823       1.5154357      0.99658997      0.99175636   2.0901622e-09       67.301432       0.8009566      0.30823933        0.811881     -0.11235457       13.895757       10983.527       8.5607201        8.5607201       10983.527                                10554.68                 24.121629                 395.71098                      9.0145386
             10       5500.5344       3.0402305       2.9925533      0.95842626     0.022205376       0.1183272      0.04833949       1.0412665        1.007605       19.672008       13.008243       9.8036643      0.94347835       1.4581558       1.5113216      0.99228707      0.99565097   2.0910063e-09       67.314995      0.80469333       0.3115419      0.82002672    -0.053446697        13.85142        10981.46       9.8041602        9.8041602        10981.46                               10552.714                 24.279679                 395.67034                      8.7963365
              3         5500.24       3.0407621       2.9820101      0.95526527     0.022314526       0.1193634     0.048002399       1.0408203       1.0068718       18.539647       11.540581        8.751633       1.0951369       1.7194915        1.830288      0.99427205      0.99352449   2.0921182e-09        66.76987      0.80690239      0.31921498      0.83234237    -0.063989875       13.869135       10982.607       8.9366948        8.9366948       10982.607                               10553.354                 25.085054                 395.68787                       8.480055
              1       5497.7242       3.0415597        3.053548      0.95789435     0.022250387      0.12024871     0.047417323       1.0407001       1.0059778       18.815629       11.879556       9.0157603       1.1524799       1.7635385       1.9126396      0.99251761      0.99694757   2.0937874e-09       67.190971      0.80874737      0.31706713      0.83143416    0.0075480231       13.808472       10979.507       7.9705176        7.9705176       10979.507                               10550.434                 24.722723                 395.75864                      8.5921035
              3       5499.5278       3.0432081        3.101609      0.96115622     0.022399292      0.12023957      0.04889719       1.0405516       1.0050273       18.651366       12.341669       9.1534599       1.1688347       1.7969652       2.0344643      0.99274632      0.99988833   2.0972417e-09       67.825605      0.80818515       0.3114652       0.8234837     0.055608966       13.748087       10984.915       7.0703208        7.0703208       10984.915                               10556.449                 24.191723                 395.67582                      8.5987432
              1       5498.5379       3.0431713        3.103213      0.96120988     0.022401304      0.12022251     0.048860319       1.0405476       1.0050395        18.01942       11.929149       8.7070304      0.99695921        1.772978       1.9061119        0.992352      0.99804049   2.0971646e-09       67.850547      0.80806995      0.31120356      0.82302041     0.057212951        13.74628       10982.819       7.1286085        7.1286085       10982.819                               10554.361                 24.186225                 395.66848                      8.6024693
              2       5495.0885       3.0384929        3.103213      0.96170507     0.022401304      0.12022251     0.048860319       1.0405476       1.0030091       18.763579       12.160836       9.4140224       0.9618854       1.5426751        1.710462      0.99737239      0.99702315   2.0873761e-09       67.850547      0.80633329      0.31120356      0.82125163     0.057212951        13.74628           10979       5.5884566        5.5884566           10979                                10550.51                  24.01559                 395.68578                      8.7884572
              1       5495.1788       3.0368986       3.0577867      0.95921752     0.022267158       0.1200415     0.048896788       1.0404672       1.0024986       17.928668       11.462516        8.577475      0.98554851       1.8176939       1.8977934      0.99978752      0.99902585   2.0840507e-09       67.248606      0.80617227      0.31610275      0.82752547     0.011786708       13.808483       10979.778       5.2896496        5.2896496       10979.778                               10551.046                 24.421748                  395.6964                       8.613972
              1       5499.0561       3.0368561        3.000043      0.95682627     0.022309271      0.11975177     0.049210283       1.0406022       1.0031088       19.029488       11.531135       8.9348492       1.0508743       1.6704683       1.7135738       1.0048166      0.99770357   2.0839622e-09       66.764855      0.80629378      0.32012885      0.83290427    -0.045956985       13.858984       10986.711        5.700816         5.700816       10986.711                               10557.642                 24.788412                 395.72658                      8.5536837
              3       5497.0726       3.0385369       2.9933437      0.95958276     0.022233564      0.11964215     0.051621282       1.0408819       1.0014999       17.415036       10.389588       7.5695114       1.0493024       1.8593834       1.8864697       1.0063786      0.99583923   2.0874679e-09       66.757079      0.80823994      0.31978518      0.83446639    -0.052656291       13.864802       10983.635        5.255228         5.255228       10983.635                                10554.97                 24.194455                 395.77484                      8.6958223
              2        5495.083       3.0393085       3.0175743      0.95956148     0.022297352      0.12028261      0.05116572       1.0407313       1.0014855        17.78851       11.188262       7.9461392       1.0027082       1.7135816       1.6392463       1.0012596      0.99698847   2.0890792e-09       66.814496       0.8094381      0.32082201      0.83705712    -0.028425681       13.840233       10980.136       5.0150668        5.0150668       10980.136                                10551.32                 24.287374                 395.75804                      8.7706497
              1       5494.3657       3.0385584       3.0175743      0.96197364     0.022297352      0.12028261      0.05116572       1.0407313       1.0012544       17.837514       11.096829       7.9078781      0.96612358       1.6405769       1.6473468      0.99638706      0.99473487   2.0875127e-09       66.814496      0.80986412      0.32082201      0.83749768    -0.028425681       13.840233       10978.501       5.1150085        5.1150085       10978.501                               10550.174                 23.693202                 395.78233                       8.851669
              1       5493.6896       3.0382443       3.0411283      0.96285732     0.022346127      0.12005031     0.050814521       1.0406635       1.0013475       15.859565       10.077294       7.0241311       1.0464528       1.8484241       2.1346448      0.99256081      0.99321425   2.0868571e-09       67.183155      0.80820123      0.31691244      0.83066999   -0.0048717479       13.811984       10976.504       5.4374555        5.4374555       10976.504                               10548.504                  23.60501                 395.67353                      8.7221609
              2       5492.9696       3.0389541       3.0994539      0.96626813     0.022288521      0.12036008     0.051599119       1.0405442       1.0003788       16.306261        10.20313       7.2135846       1.0969069       1.8791811        2.208271        0.992957       0.9961708    2.088339e-09       67.663972      0.80895124      0.31297627      0.82626132     0.053453888       13.762177       10975.703       5.1180661        5.1180661       10975.703                               10547.959                 23.045402                 395.81255                      8.8862317
              2       5497.7254       3.0376425       3.0209024      0.96347771     0.022252507       0.1196125     0.053924466       1.0402773      0.99861082       16.640237       10.083755       6.9173036       1.2418928       1.6014819       2.0846395      0.99380515      0.99996502   2.0856017e-09       66.898251      0.80739726      0.31842286      0.83181886     -0.02509755       13.852209       10985.188       5.1315266        5.1315266       10985.188                               10557.005                 23.434528                 396.03574                      8.7125064
              5       5499.3213       3.0376212       3.0215929      0.96315728     0.022327282      0.11945533     0.053166983       1.0403612      0.99944175        17.32572       10.096512       7.1995251       1.2990347       1.5888378       2.1446336      0.99041156      0.99705461   2.0855573e-09       67.050494      0.80651572      0.31679547      0.82878463    -0.024407103       13.840746       10988.016       5.3132536        5.3132536       10988.016                               10559.899                 23.521287                  395.9414                      8.6543486
              2       5495.2365       3.0373639       2.9710483      0.96156823     0.022168826       0.1194898     0.053147826       1.0406854       1.0000292       16.261679       10.552392       7.1536089       1.2489718       1.5595565       2.0969648      0.98992827      0.99134785   2.0850208e-09       66.435968       0.8086826      0.32238403       0.8383092    -0.074951655       13.899996       10979.139       5.6668194        5.6668194       10979.139                               10550.699                 23.611661                 395.99041                      8.8382815
              1       5497.3979       3.0339382       2.9710483      0.96124856     0.022168826       0.1194898     0.053147826       1.0406854       0.9985149       16.339541       11.101439       7.2494688       1.2870597       1.7133712       2.1811284      0.99055831       0.9887785   2.0778903e-09       66.435968      0.80720286      0.32238403      0.83677525    -0.074951655       13.899996       10982.722       6.0370325        6.0370325       10982.722                               10554.255                 23.653643                 396.01631                      8.7969084
              1       5494.5327       3.0339538       2.9724109      0.96129175     0.022170053       0.1195025     0.053144335       1.0406793      0.99850161       16.845734       11.588322       8.0207178       1.0959061       1.6961005       1.9916025       0.9940475      0.99358905   2.0779228e-09       66.446146      0.80720796      0.32231733      0.83669397    -0.073589147        13.89868        10978.37        5.347532         5.347532        10978.37                               10549.914                 23.648685                 396.01044                      8.7967765
              3       5493.2999       3.0335857       2.9877812      0.96145859     0.022120874      0.11968618      0.05252546       1.0406438      0.99947228        18.05959       12.256997       8.8310258       1.0224722       1.5552946       1.7485348       0.9959886      0.99247476   2.0771579e-09       66.506683      0.80737816      0.32204045      0.83651087    -0.058218786       13.889396       10976.257       5.1711361        5.1711361       10976.257                               10547.986                 23.498803                 395.91621                      8.8560538
              2       5495.2238        3.035004       2.9877812      0.95927228     0.022120874      0.11968618      0.05252546       1.0406438       1.0001042       18.135031       11.864042       8.5557693       1.1944432       1.3312106       1.5443523       1.0009805      0.99506812   2.0801061e-09       66.506683      0.80729515      0.32204045      0.83642486    -0.058218786       13.889396       10980.622       4.9125474        4.9125474       10980.622                               10551.896                 24.016178                 395.95345                       8.757113
              2       5493.5595       3.0349378       2.9877812      0.95921273     0.022120874      0.11968618      0.05252546       1.0406438       1.0000728       18.149049       12.108188       8.7311769       1.0968563       1.2990029       1.4706459      0.99913775      0.99456267   2.0799683e-09       66.506683      0.80725057      0.32204045      0.83637866    -0.058218786       13.889396       10977.245        4.937218         4.937218       10977.245                               10548.511                 24.030778                 395.94719                      8.7555106
              5       5492.7103       3.0332181       2.9919292      0.95919932       0.0221046      0.11896244     0.051926554       1.0405754       1.0001589       18.376087        12.26737        8.977287       1.0597912       1.2967183       1.4595491      0.99860292      0.99650601   2.0763946e-09       66.771429       0.8040437      0.31783344      0.82759683    -0.054070774       13.885771       10975.705       4.8580723        4.8580723       10975.705                               10547.024                 24.079638                 395.83783                      8.7627438
              7       5493.8776       3.0333457       2.9887359      0.95911763     0.022091258      0.11903566     0.051918687       1.0406157       1.0002485       19.539635        12.25589       9.4009568       1.1135371       1.2100273       1.3621431      0.99739537      0.99507697   2.0766596e-09        66.71153      0.80451227      0.31853785      0.82899626    -0.057264108       13.889564       10977.865       4.9452953        4.9452953       10977.865                               10549.196                 24.074862                 395.83727                      8.7562225
              1       5494.1226       3.0334138       2.9580063      0.95887326     0.022074922      0.11864191     0.052615316       1.0408011       1.0003497       19.374533       12.252744       9.2911249       1.0607842       1.1674906       1.2582332      0.99741659      0.99318756    2.076801e-09       66.544284      0.80442799      0.31920384      0.82977548    -0.087993694       13.916274       10978.124       5.0604544        5.0604544       10978.124                               10549.401                 24.026453                  395.9453                      8.7511834
              1       5494.8537       3.0307553       2.9580063       0.9590467     0.022074922      0.11864191     0.052615316       1.0408011      0.99919159       19.359104       12.383354       9.3884065       1.0450528        1.130134       1.2170344      0.99760988      0.99183513   2.0712872e-09       66.544284      0.80341104      0.31920384      0.82872649    -0.087993694       13.916274       10979.309       5.1994258        5.1994258       10979.309                               10550.527                 23.957156                 395.95813                       8.866157
              1       5495.2423       3.0308248       2.9584851      0.95907288     0.022064641      0.11871108     0.052666592       1.0407972      0.99912897       18.892389       11.855724       9.0301178      0.98907956       1.2590755       1.2882433       1.0020013      0.99439478    2.071431e-09       66.515888      0.80369923      0.31960971      0.82955066    -0.087514949       13.917222       10980.439       5.0230687        5.0230687       10980.439                               10551.682                 23.946192                 395.95243                      8.8579825
              2       5495.1215       3.0314236       2.9788766      0.96091061     0.022100175      0.11855552     0.053358147       1.0408147      0.99797208       17.996803       11.056533        8.137942       1.0612523        1.411737       1.4821456       1.0019229      0.99612949   2.0726719e-09       66.840151       0.8031589      0.31625481      0.82463055    -0.067123362       13.890983       10979.828       5.2076435        5.2076435       10979.828                               10551.154                 23.757403                 396.01863                      8.8972539
              5       5495.8024       3.0308656       2.9935258      0.96139878     0.022043198      0.11853371     0.052942637       1.0407936      0.99841713       18.622903        11.47001       9.2685322      0.92172435       1.4542618       1.4791864        1.000829      0.99686064   2.0715156e-09       66.963259      0.80274256      0.31492257      0.82246524    -0.052474226       13.881938       10981.528       5.0384064        5.0384064       10981.528                               10552.849                 23.605714                 395.94516                      9.1280569
              1       5498.0411       3.0297951       2.9277525      0.95821823     0.021902137      0.11848097     0.052657785       1.0409525      0.99875729       18.451669       12.682853       9.1339309      0.66362499       1.4556552       1.1704006      0.99793348      0.99507437   2.0692992e-09       66.162483      0.80412845      0.32212506      0.83325332     -0.11824753       13.960612       10985.979       5.0514618        5.0514618       10985.979                               10557.185                 24.046522                 395.94522                      8.8022567
              1       5497.7469       3.0293391       2.9181969      0.95812583      0.02185066      0.11833481      0.05348143       1.0408273      0.99783206       17.971151       12.917208       9.2998362      0.64462699       1.3810278       1.1421318      0.99592713      0.99556162   2.0683558e-09       66.020933      0.80384412      0.32305088      0.83415485     -0.12780314       13.979194       10984.809       5.3426876        5.3426876       10984.809                                10555.89                 24.053426                 396.09265                      8.7725971
              7       5498.8287       3.0373273       2.9181969      0.95283782      0.02185066      0.11833481      0.05348143       1.0408273       1.0011189       20.085428       13.204837       10.412587      0.73567335       1.4804215       1.2336092      0.99612478      0.99936991   2.0849444e-09       66.020933       0.8054978      0.32305088      0.83587088     -0.12780314       13.979194       10987.732       4.9624876        4.9624876       10987.732                               10557.472                 25.556896                 396.16805                      8.5351485
              1       5499.2984       3.0385942       2.9621148      0.95553833     0.021916203      0.11844836     0.053318108       1.0409897        1.001764       18.630349       13.099841       9.7192955      0.78625993       1.5875756       1.3366675      0.99802575        1.000794   2.0875876e-09       66.593289      0.80559155      0.31794137      0.82933079    -0.083885168        13.92158       10988.483       5.0568261        5.0568261       10988.483                               10558.837                 24.990554                 396.09399                      8.5615175
              5       5499.0204       3.0382082       2.9432504      0.95405631     0.021962746      0.11828884     0.052289204       1.0411111        1.002033       19.391112         13.4698       9.8956649      0.76132089       1.3406477       1.0801274        1.001769       1.0040297   2.0867819e-09       66.509925      0.80501266      0.31847664      0.82943217     -0.10274956       13.932425       10987.615       5.2127327        5.2127327       10987.615                               10557.765                 25.453056                 395.93072                      8.4668531
              4       5499.3455       3.0358328       2.9432504      0.95741487     0.021962746      0.11828884     0.052289204       1.0411111       1.0035342       21.270654       14.341987       11.676551      0.58809659      0.95392454      0.76170402       1.0016101      0.99958274   2.0818309e-09       66.509925      0.80505531      0.31847664      0.82947612     -0.10274956       13.932425       10987.094       5.7983138        5.7983138       10987.094                               10558.177                 24.106288                 395.89303                      8.9177693
              1       5498.3086       3.0383638       3.0506003      0.96357467     0.022273465      0.11806643     0.052783916       1.0411088       1.0038497       22.186617       15.154213       12.341394      0.66959275      0.89197214       0.8425032      0.99955164        1.002552   2.0871066e-09       68.083718      0.80221923      0.30414848      0.80774685    0.0046003385        13.78763       10984.608       6.0044347        6.0044347       10984.608                               10555.036                 23.201814                 395.82742                      10.543555
              1       5499.8647       3.0346468       3.0506003      0.96939493     0.022273465      0.11806643     0.052783916       1.0411088       1.0024563       20.653391       13.022138       10.715533       0.8228181       1.1834513       1.2684985       1.0010995       1.0009073   2.0793632e-09       68.083718       0.8025014      0.30414848      0.80803096    0.0046003385        13.78763       10989.173       5.2780885        5.2780885       10989.173                               10560.117                 22.013233                 395.81005                      11.233483
              6       5499.0156       3.0347432       3.0382069      0.96809488     0.022282295      0.11836929     0.052454731       1.0410721       1.0025865       21.505353       14.347613       11.811889      0.83009789      0.79360551      0.81894224      0.99730362      0.99963331   2.0795637e-09       67.826268      0.80350185      0.30713731      0.81300374   -0.0077931071       13.802083       10987.316       5.3574595        5.3574595       10987.316                               10558.715                 22.197717                 395.79971                      10.603976
              2       5500.3383       3.0309624       3.0565802       0.9675552     0.022042416       0.1178285     0.050741443       1.0408356       1.0023004       20.171098       13.509432       11.269741      0.96568984       1.1304675       1.3989794      0.99410908      0.99818394   2.0717161e-09       67.957593      0.80022361      0.30426299      0.80588914     0.010580184       13.811741       10989.879       5.3986126        5.3986126       10989.879                               10560.496                 22.300904                 395.72217                      11.360495
              2       5498.8179       3.0289918       2.9901535      0.96123044     0.021971189      0.11823372     0.047246675       1.0409914       1.0046294       21.453062       15.527573       12.301159      0.66246166      0.91479442      0.83910923       1.0064019       1.0006453   2.0676375e-09       67.037582      0.80154453      0.31339569      0.81924451    -0.055846503        13.88553       10984.222       6.7067863        6.7067863       10984.222                               10555.335                 23.266148                 395.80635                      9.8142784
              1        5498.761       3.0285353       2.9783522      0.95964031     0.021976199      0.11839122     0.046494294       1.0409353       1.0049318       20.850087       14.763367       11.890382      0.51155734      0.75563332       0.6002394      0.99871925       1.0011631   2.0666939e-09       66.831206      0.80173503      0.31569385      0.82243824    -0.067647765       13.899787        10984.03       6.7460477        6.7460477        10984.03                               10555.114                  23.56948                 395.87223                      9.4744622
              1       5500.3527       3.0285295       2.9765511      0.95933402      0.02195781      0.11852556     0.046241949       1.0409565       1.0050955       21.729342       16.096557       12.725929      0.44094536      0.51139498      0.37307225      0.99849753       1.0042449    2.066682e-09       66.755157      0.80224564      0.31667313      0.82423746    -0.069448904       13.903483       10986.778       6.9637502        6.9637502       10986.778                               10557.908                 23.613373                 395.86357                      9.3933774
              2       5500.8661       3.0298275       2.9765511      0.95942289      0.02195781      0.11852556     0.046241949       1.0409565       1.0056679        21.32355       15.900179       12.316872      0.45769051       0.6415217      0.47591832       1.0005436       1.0047692   2.0693663e-09       66.755157      0.80279297      0.31667313      0.82479979    -0.069448904       13.903483       10986.791       7.4704982        7.4704982       10986.791                               10557.989                 23.605634                 395.90247                      9.2936496
              2       5502.2833       3.0308324       2.9734285      0.96013096     0.022052103      0.11837184     0.046858479       1.0410732        1.005762       21.285738       15.830396        11.89392      0.41370722       0.6922641      0.37818436      0.99740749       1.0026896   2.0714469e-09       66.888798       0.8027056      0.31527504      0.82288748    -0.072571499       13.893021       10989.545       7.5110888        7.5110888       10989.545                               10560.853                 23.487256                 395.83505                      9.3696361
              1       5502.2573       3.0277295       2.9734285      0.96505291     0.022052103      0.11837184     0.046858479       1.0410732       1.0045012       18.845468       14.489487       10.593312      0.74179718       1.0663532      0.98692902       1.0056149      0.99491126   2.0650292e-09       66.888798       0.8029335      0.31527504      0.82312111    -0.072571499       13.893021       10991.128       6.6932057        6.6932057       10991.128                               10563.035                 22.436668                 395.87029                      9.7861621
              2       5500.5281       3.0274982       2.9739904      0.96143634     0.022002906      0.11988324     0.045135303       1.0406851       1.0043379       18.957811       14.503206        10.37998       0.8083492       1.0374729       0.9788438       1.0037495      0.99557937   2.0645517e-09       66.197709      0.80654047      0.32522915      0.83976984      -0.0720096       13.915391       10988.139       6.4586505        6.4586505       10988.139                               10559.952                 23.099599                 396.03316                       9.053723
              1       5501.1301        3.027302       2.9873883      0.96173291     0.022031851        0.119818     0.044792013       1.0406343       1.0044435       19.217724       13.770718       10.382859       1.0193363       1.0833727       1.3543959       1.0053372       1.0020132   2.0641468e-09       66.380574      0.80573506      0.32336223      0.83651991    -0.058611742       13.899675       10989.205       6.5275502        6.5275502       10989.205                               10560.989                 23.093969                 396.05684                      9.0650103
              1       5497.5983       3.0271051       2.9771634      0.96121823     0.022030202      0.11974119      0.04478967       1.0406369       1.0044578       19.857982       14.134323       10.941059      0.87569912       1.1797673       1.2643894       0.9944098      0.99742848   2.0637404e-09       66.289635      0.80559508      0.32406778      0.83728652    -0.068836623       13.910167       10982.068         6.56436          6.56436       10982.068                               10553.795                 23.173405                 396.07577                      9.0240555
              1       5495.7929       3.0267659       2.9835726      0.96154855     0.021980049       0.1197418     0.044929116       1.0405729       1.0040768       19.362383        13.17198       10.279915      0.88549153       1.0517491       1.1262717       1.0000476      0.99845186   2.0630404e-09       66.300883      0.80549846      0.32384746      0.83690148    -0.062427383       13.910478       10979.332       6.1268475        6.1268475       10979.332                               10551.092                 23.115052                 396.06929                      9.0561396
              1       5495.3573       3.0219637       2.9835726       0.9586624     0.021980049       0.1197418     0.044929116       1.0405729       1.0018552       20.962271       13.929096       11.495206      0.86744698      0.90830256       1.0256269       1.0020992      0.99863654    2.053157e-09       66.300883      0.80270838      0.32384746      0.83400262    -0.062427383       13.910478       10980.531       5.0919315        5.0919315       10980.531                               10551.642                 23.720251                 396.01612                       9.152283
              2       5494.7513       3.0230544       2.9995591      0.96091626     0.022061372      0.11946442     0.046479455       1.0405659       1.0006507       20.686175       13.829518       10.948039      0.97436338       1.2031083       1.2815696      0.99907133       1.0016167   2.0553975e-09       66.644785      0.80204833      0.32007814      0.82845308    -0.046440944       13.884557        10979.83       4.8365112        4.8365112        10979.83                               10551.309                 23.401284                 395.83554                      9.2836826
              3       5493.4491       3.0230587       2.9995726      0.96093041     0.022061409      0.11946107     0.046487453       1.0405673       1.0006499        20.85607       13.892984       11.052972      0.94016385       1.0783756       1.1528111      0.99715892       0.9941419   2.0554064e-09       66.646596      0.80204404      0.32005329      0.82841649    -0.046427437       13.884484       10976.836       5.0309931        5.0309931       10976.836                               10548.316                 23.398336                 395.83554                      9.2862451
              1       5493.4917       3.0230886       3.0005148      0.96099492     0.022062439      0.11946534     0.046512248       1.0405657       1.0006331       20.928493       13.665458       11.008255      0.92795655       1.0607304       1.1220828       0.9955032      0.99486898    2.055468e-09       66.656241      0.80205262      0.31997296      0.82832138    -0.045485215       13.883458       10976.883       5.0500628        5.0500628       10976.883                               10548.369                 23.387883                 395.83347                      9.2932967
              5       5496.0298       3.0230796       2.9937573      0.96030513     0.022000195      0.11980945     0.046310714       1.0405654       1.0006171       20.968431       13.767017       11.070913       1.0174102        1.096281       1.1573104      0.99122188      0.99630569   2.0554494e-09       66.407876      0.80344057      0.32300751      0.83368011    -0.052242664       13.898269       10981.521        5.269231         5.269231       10981.521                               10553.028                 23.478152                 395.86999                      9.1448841
              1       5496.3598       3.0245292       3.0410175      0.96391691     0.022363496      0.11874269     0.046557503       1.0407301       1.0017725       21.219837       14.091774       11.267287      0.94432101      0.98070155       1.0459031      0.99177411       0.9929857   2.0584311e-09       67.678489      0.79866019      0.30947356      0.81117243   -0.0049825063       13.802833       10981.478        5.620916         5.620916       10981.478                               10552.107                  23.00383                 395.89704                       10.47012
              2         5496.81       3.0229776        2.993902      0.96064964     0.022314403      0.11851106     0.045287006       1.0408001       1.0026171       20.827183       14.647599       11.443455      0.92351117       1.0115698       1.0920999      0.99047191       0.9911896   2.0552397e-09       67.199325      0.79813298      0.31326441      0.81558675    -0.052097995       13.853761        10981.27       6.1752268        6.1752268        10981.27                               10551.822                 23.526251                  396.0358                      9.8857822
              5       5497.0243       3.0230109       2.9989898      0.96046982     0.022311115      0.11869492      0.04492868       1.0407855       1.0027716        20.58398       14.495058       11.365074      0.82992768      0.96194407       1.0952315      0.99224924      0.99637429   2.0553083e-09       67.185663      0.79853606      0.31379366      0.81668765     -0.04701016       13.849997       10982.517       5.7659125        5.7659125       10982.517                               10553.031                 23.570313                 396.10678                      9.8086511
              1       5496.1158       3.0230757       2.9934701      0.96124219     0.022321041      0.11830008     0.045703893       1.0408416       1.0019723        19.68555       13.910458       10.611128      0.77428429       1.0402746       1.1190049       0.9930884      0.99604661   2.0554413e-09       67.288271      0.79766782      0.31198531      0.81344561    -0.052529947       13.851381       10981.405       5.4134429        5.4134429       10981.405                               10552.037                 23.488713                 396.00377                      9.8755777
              5       5496.0842       3.0261856       3.0039007      0.96374915      0.02234898      0.11907189     0.049021193       1.0407369      0.99988284       17.866966       11.250144       8.7683623      0.97494854       1.3828939        1.460572      0.99340284        0.993153   2.0618435e-09       67.124496      0.80167148      0.31528823      0.82184456     -0.04209925       13.844086       10981.692       5.2383716        5.2383716       10981.692                               10553.533                 23.007822                 395.69794                      9.4528358
              1       5496.9014       3.0266011       3.0552866      0.96806088     0.022309704      0.11871992     0.050818781       1.0406273       0.9975343       17.069479       10.342286       7.4095987       1.2243458       1.7457643       2.0031791      0.99106815       0.9927373   2.0627004e-09       67.774088      0.80036001      0.30843547      0.81153436    0.0092865867       13.796365       10981.934       5.9342534        5.9342534       10981.934                                10553.67                 22.464357                 395.72538                      10.074224
              1       5496.2224       3.0265944       3.0552738       0.9680306     0.022307775       0.1187348     0.050803021       1.0406246      0.99762168       16.379111       10.058978       6.6114897       1.1761833       1.6801723       1.9904854      0.99744217      0.99435278   2.0626867e-09       67.766137       0.8004042      0.30853604      0.81171146    0.0092738091       13.796721       10981.585       5.4299349        5.4299349       10981.585                               10553.285                 22.457074                 395.74505                      10.097376
              2       5495.3325       3.0265309       3.0519644      0.96794068      0.02229564      0.11871439     0.050803173       1.0406446      0.99765124       16.150521       11.323902       7.9299093      0.98819126       1.6132451       1.8692847      0.99755332      0.99418187   2.0625557e-09        67.73146      0.80045118       0.3087811      0.81208142    0.0059643642       13.800708       10979.814       5.4257733        5.4257733       10979.814                               10551.545                 22.459578                 395.72665                      10.082034
              2       5494.9559        3.026516       3.0546511      0.96818449     0.022293645      0.11866891     0.050879964       1.0406436      0.99759566       16.569315       11.381736       7.7202142       1.0118023       1.6010561       1.7429999       1.0011295      0.99615064    2.062525e-09       67.776994      0.80029349        0.308263      0.81124001    0.0086510622       13.797939       10979.255       5.3281876        5.3281876       10979.255                                10550.94                 22.423894                 395.72685                      10.164645
              8       5495.7716       3.0263294       3.1208815       0.9692164     0.022262107      0.11942624     0.048479154       1.0405821      0.99865494       16.988328       11.533899       8.4365975      0.86744445       1.4712816       1.6521682        1.002529       1.0012631   2.0621401e-09       68.233756      0.80117669      0.30570864      0.80876348     0.074881508        13.73759       10981.603       4.9699439        4.9699439       10981.603                               10552.892                 22.356388                  395.7646                      10.590627
              1        5496.278       3.0253466       3.0242383      0.96391646     0.022325765      0.11904109     0.048301612       1.0406118      0.99909153       16.589989       10.316102       7.7317592       1.0361599       1.5365108       1.7541076       0.9946893      0.99908432   2.0601144e-09       67.308949      0.80059268      0.31345051       0.8183432    -0.021761658       13.828882       10982.563       4.9964895        4.9964895       10982.563                               10554.297                 23.147046                 395.73125                       9.387683
              1       5494.6487        3.024825       2.9683059      0.96308361     0.022169792       0.1186271     0.049971715       1.0407384      0.99885607        17.06885       10.924877       8.4131157      0.91691341       1.4153927       1.5432541      0.99504803      0.99594992   2.0590401e-09        66.72451       0.8013864      0.31766533      0.82464352    -0.077694063       13.897617       10979.108       5.0945657        5.0945657       10979.108                               10551.053                 23.022173                 395.72062                      9.3126064
              1       5493.1957       3.0272317       2.9683059      0.96230295     0.022169792       0.1186271     0.049971715       1.0407384      0.99987927       17.159987       10.692069       8.1066708       1.1068202       1.5366101       1.8030017      0.99797695      0.99438426   2.0640016e-09        66.72451      0.80211826      0.31766533      0.82539662    -0.077694063       13.897617       10976.462        4.964567         4.964567       10976.462                               10548.424                 23.213353                 395.70229                       9.122369
              7       5493.4326       3.0274047       2.9695095      0.96252128     0.022177366      0.11862658     0.050126046       1.0407475      0.99983338       17.169634       10.835386       8.2647546       1.1043363        1.502653       1.8675041       1.0002981      0.99560681   2.0643587e-09       66.747755      0.80218753      0.31746038      0.82520156    -0.076490517       13.895307       10977.096       4.8844199        4.8844199       10977.096                               10549.066                  23.17417                 395.71572                      9.1402603
              1       5492.0151       3.0272053       2.9782207      0.96244591     0.022171962      0.11871387     0.049482469       1.0407564       1.0001378       17.130639          11.276       8.3088333       1.0291153       1.5545532       1.8550872       1.0003971      0.99516762   2.0639471e-09       66.816014      0.80211691      0.31699861       0.8245286    -0.067779272       13.886808       10974.221       4.9043205        4.9043205       10974.221                               10546.144                 23.211839                 395.69467                      9.1707872
              1       5492.2999        3.027695       2.9739867      0.96416863     0.022216166      0.11805315     0.050666953       1.0409353      0.99891628       15.851336       10.265832        7.032711       1.0800482       1.7386761       2.0304884       1.0003514      0.99619823    2.064958e-09       67.095715        0.800742      0.31299022      0.81789465    -0.072013255        13.87857       10974.696       4.9520958        4.9520958       10974.696                               10546.676                 23.041952                 395.72884                      9.2492753
              2       5497.0747       3.0270377       2.9161861      0.96102287     0.022273406      0.11770855      0.05045573       1.0409725      0.99933232       16.623889       10.254176       6.8431196       1.3738886       1.9953009       2.4424924       0.9977076      0.99172893   2.0636012e-09       66.607693      0.80012117      0.31692487      0.82238143     -0.12981395       13.931168       10983.771       5.1892463        5.1892463       10983.771                               10555.684                  23.56735                 395.69572                      8.8236375
              4        5496.665        3.024872       2.9167522      0.96018869     0.022213167      0.11716681     0.049436329        1.040842      0.99966661       16.856587       10.455612       7.1355472       1.3221915       2.0668638       2.4277498      0.99575739      0.99347997   2.0591368e-09       66.713633      0.79730936       0.3145668        0.816437     -0.12924778       13.938333       10983.137       5.0966989        5.0966989       10983.137                               10554.679                 23.724845                 395.70768                       9.025031
              3       5495.0047       3.0178693       2.9167522      0.95914201     0.022213167      0.11716681     0.049436329        1.040842      0.99655516       17.840953       10.692453       8.1161437       1.1154174       1.6826316       1.9853076      0.99389109      0.99483046   2.0447677e-09       66.713633       0.7942147       0.3145668      0.81326809     -0.12924778       13.938333         10977.9       6.0548202        6.0548202         10977.9                               10548.722                 23.907024                 395.67262                      9.5978677
              2       5498.1714       3.0190753       2.8891741       0.9593263     0.022418897      0.11641965     0.049442438       1.0412988      0.99762393       17.363898       10.197139        7.733239      0.93330449       1.5408894       1.7413913       0.9943512      0.99503533   2.0472352e-09       66.976915      0.79267364      0.31088173      0.80692169     -0.15682587       13.929662       10985.303       5.5196943        5.5196943       10985.303                               10555.852                 23.940254                 395.66188                      9.8492237
              6       5498.7686       3.0138704       2.7327781      0.95314359     0.022028732      0.11458821     0.048663452       1.0417663       0.9985567       15.900017       8.4598081        6.232901      0.96545411        1.868166       2.0321351       0.9966812      0.99464717   2.0366073e-09       65.643249      0.79010152      0.31842781       0.8140063     -0.31322188       14.117012       10987.237        5.150239         5.150239       10987.237                               10557.633                 24.784217                 395.66819                      9.1516016
              3       5498.9831       3.0144659       2.7254002      0.95398709      0.02201522      0.11450601      0.05011917       1.0417531      0.99767064       15.659716        8.633197       5.7666675      0.95539053       2.0954979       2.1807168      0.99870653      0.99031053   2.0378204e-09       65.571177      0.79060027       0.3189028      0.81512741     -0.32059982       14.126586       10986.572       5.6971235        5.6971235       10986.572                               10557.196                  24.56448                 395.70259                      9.1086086
              1       5500.7639       3.0178435       2.8235015      0.95888494     0.022000221      0.11618831     0.051645799       1.0415042      0.99601981       14.791637       9.0963101       5.9840464       1.0130353       2.0409994        2.064881       1.0056745      0.99632246    2.044715e-09       66.024574      0.79550068      0.31839931      0.81953214     -0.22249846       14.035821       10988.965       6.2812291        6.2812291       10988.965                                 10560.2                 23.679838                 395.80228                      9.2828181
              3       5498.3552       3.0183102       2.8565752      0.95913588     0.022198363      0.11627761     0.050764897       1.0413407      0.99581302       14.432848       9.4882441        5.937264        1.047665       2.0895784       2.1404557      0.99982292      0.99561823   2.0456695e-09       66.483096      0.79393271      0.31468497      0.81313204     -0.18942482       13.985199       10984.143       6.2838728        6.2838728       10984.143                               10555.262                 23.921693                 395.69553                      9.2633759
              2       5493.9723        3.017685       2.8750307      0.95628383     0.022113859      0.11758834     0.046879093       1.0413799      0.99932175       17.984079        12.03151       8.7426556      0.91065609       1.5023661       1.6319452      0.99794561      0.99508187   2.0443909e-09       66.178985      0.79702506      0.32039037      0.82366588     -0.17096932       13.978461       10978.016       4.9640995        4.9640995       10978.016                               10548.774                 24.274674                 395.79171                      9.1762064
              6       5497.5135       3.0192135       2.8750307      0.95684871     0.022113859      0.11758834     0.046879093       1.0413799      0.99984898       18.936346       12.450566       9.2813302      0.87917949       1.5153334       1.5919782      0.99543038      0.99618561   2.0475183e-09       66.178985      0.79779993      0.32039037      0.82446666     -0.17096932       13.978461       10985.098       4.9642337        4.9642337       10985.098                               10556.059                 24.176052                 395.81878                      9.0445977
              1       5498.3124       3.0152165       2.8750307      0.95504237     0.022113859      0.11758834     0.046879093       1.0413799      0.99802404       19.684606       13.161791       9.8663043      0.95999212       1.3148058        1.499297      0.99940277      0.99551271   2.0393505e-09       66.178985      0.79567923      0.32039037      0.82227507     -0.17096932       13.978461       10986.225       5.2000695        5.2000695       10986.225                               10556.543                   24.5974                 395.80341                      9.2810445
              5       5498.2412        3.015591       2.8648598      0.95550566     0.022194377      0.11714007     0.047522211       1.0414725      0.99784897       19.664696       12.653259       9.5880723      0.93628038       1.3251693       1.4306303       0.9961734      0.99623263   2.0401143e-09       66.314409      0.79455357      0.31824316      0.81835568     -0.18114019        13.97642       10985.883        5.299587         5.299587       10985.883                               10556.215                 24.541217                 395.73306                      9.3941471
              2       5495.4971       3.0156482       2.8687822      0.95582204     0.022165412      0.11721095     0.047598735       1.0414845      0.99754642       17.077646       11.117074       7.9643472       1.1427125       1.4295542        1.701759      0.99730579      0.99496944   2.0402311e-09       66.315498      0.79490829      0.31832946      0.81883201     -0.17721782       13.975119       10980.135       5.4296859        5.4296859       10980.135                                10550.56                 24.498262                 395.72658                      9.3501141
              4       5495.3037       3.0165342       2.9300781      0.95681667     0.022165974      0.11842647     0.046973686       1.0411437      0.99692831       17.171695       11.029148       7.9882471       1.2692177       1.5098085       1.9115425      0.99827431      0.99575321   2.0420397e-09       66.485324      0.79719801      0.31947872      0.82267167     -0.11592191       13.925246       10979.317       5.6451408        5.6451408       10979.317                               10549.895                 24.439747                 395.79102                      9.1913021
              4       5495.1474        3.014716       2.9122363      0.95521427     0.022061967      0.11813334     0.045782292       1.0411676      0.99791757       17.915192       11.800604       8.9453972        1.047918       1.3970169       1.7207854      0.99463939       0.9924871   2.0383301e-09       66.305724      0.79611521      0.32030196      0.82261209     -0.13376373       13.952819       10979.179       5.5580756        5.5580756       10979.179                               10549.307                 24.651323                  395.9228                      9.2974593
              5       5497.6616       3.0144651       2.9118332      0.95618609     0.022036567      0.11773584      0.04674147       1.0411359      0.99732041       17.013939       10.898432       8.2414329       1.1326725       1.4996337       1.8870285      0.99763592       0.9952311   2.0378189e-09       66.409837      0.79508007      0.31833941      0.81902177     -0.13416685       13.955126       10984.321       5.5013275        5.5013275       10984.321                               10554.517                 24.417423                 395.81586                      9.5697702
              1       5494.6258       3.0144813       2.9103926      0.95617009     0.022034764      0.11772934     0.046779023       1.0411439      0.99731833       17.514029       11.723796        8.710783       1.1240649        1.739439       1.9795576      0.99622902      0.99777407   2.0378518e-09       66.396655      0.79512336      0.31844646      0.81920407     -0.13560739       13.956573       10978.339        5.456437         5.456437       10978.339                               10548.544                 24.415279                 395.81915                      9.5602987
              6       5495.0165        3.013698        2.879361      0.95467851     0.022062904      0.11724365     0.046445929       1.0412201      0.99781591       18.325228       12.669939       9.0949917       0.8286048       1.2533234       1.2552002      0.99980996      0.99943405   2.0362562e-09       66.256673      0.79375336      0.31873982      0.81816917     -0.16663905       13.982432       10979.696       5.1686558        5.1686558       10979.696                                10549.71                 24.701302                 395.80536                      9.4788295
              1       5496.1064       3.0133319        2.852662      0.95312463     0.022031326       0.1172737     0.046165678       1.0412673      0.99806218       16.748035       11.334635       8.1551517       1.0847544       1.7516864       1.9097795      0.99867942      0.99374058   2.0355108e-09       65.927075       0.7943293       0.3219214      0.82283902     -0.19333796       14.012985       10981.632       5.2902857        5.2902857       10981.632                               10551.706                 24.978876                 395.81414                      9.1337143
              4       5496.3981       3.0128107       2.8449133      0.95212818     0.022042465      0.11723064     0.045749647       1.0411996      0.99814599       19.229942       12.023753       9.2638959      0.95621776       1.4959622       1.4522983       1.0000222      0.99078169   2.0344501e-09       65.839207      0.79384152      0.32270471       0.8233336     -0.20108671       14.022052       10981.826       5.4851295        5.4851295       10981.826                                 10551.7                 25.225727                  395.8942                      9.0059341
              2        5496.078       3.0145845       2.8449133      0.96010095     0.022042465      0.11723064     0.045749647       1.0411996      0.99924623       16.317208       10.196521        7.034772      0.83236436       1.4937904       1.4138157      0.99849842      0.99211206   2.0380621e-09       65.839207      0.79686148      0.32270471      0.82646575     -0.20108671       14.022052        10981.85       5.1530796        5.1530796        10981.85                               10553.512                 23.250263                 395.93428                      9.1534556
              2        5496.205        3.014671       2.8366755      0.95989169     0.022038597      0.11721435      0.04587597       1.0412388      0.99928268       16.148808       10.013112       6.4537853      0.99900525       1.5401267       1.5485079      0.99771057      0.99338384   2.0382384e-09       65.759352      0.79710742      0.32343923      0.82766115     -0.20932454        14.03006       10982.267       5.0714931        5.0714931       10982.267                               10554.004                 23.265476                 395.88763                      9.1096513
              2       5495.4897       3.0146124        2.899106      0.96041229     0.022000686      0.11823616     0.043971186       1.0410094      0.99982825       16.072799        9.402863       6.9116712       1.2502683       1.9112366       2.3450672      0.99798404      0.99350977    2.038119e-09       66.016564      0.79848328       0.3232045      0.82878884       -0.146894       13.978255       10980.942       5.0185498        5.0185498       10980.942                               10552.248                 23.260907                  396.2092                      9.2242211
              1       5495.9751       3.0154307        2.931093      0.96300805     0.022164118      0.11758115      0.04338435       1.0413395       1.0011918       18.295031       10.663937       7.8562235       1.1530414       1.6863125       1.8380451      0.99677482       0.9969586   2.0397875e-09       66.858135      0.79595787      0.31403085      0.81435845     -0.11490698       13.914891       10981.956       4.9971468        4.9971468       10981.956                               10552.426                 22.887231                 396.44622                      10.196105
              4       5496.4702       3.0154213        2.931093      0.96306588     0.022164118      0.11758115      0.04338435       1.0413395       1.0010332       18.214453       10.997579       7.9706581        1.198409        1.601358        1.842713       1.0011798      0.99898007   2.0397683e-09       66.858135      0.79597125      0.31403085      0.81437214     -0.11490698       13.914891       10983.175       4.8828189        4.8828189       10983.175                               10553.699                 22.897018                 396.44622                      10.132023
              5       5498.1886       3.0159203       2.9522392      0.96410657     0.022214796      0.11761795     0.043096446       1.0413967       1.0012635       17.016591       10.552249       7.0417933       1.2920072       1.9700437       2.1317284      0.99802235      0.99981583   2.0407865e-09       67.150471      0.79572829      0.31150408      0.81084164    -0.093760752       13.885836       10986.512         4.93269          4.93269       10986.512                               10556.774                 22.783513                  396.5047                      10.449795
              1       5496.6351       3.0164328       2.9522392      0.96645106     0.022214796      0.11761795     0.043096446       1.0413967        1.001583        16.31334        10.17082       6.8435642       1.2053085       1.8355225       2.0734618      0.99695924      0.99758725   2.0418325e-09       67.150471      0.79663093      0.31150408      0.81176142    -0.093760752       13.885836       10983.148        5.061063         5.061063       10983.148                               10553.768                 22.329563                 396.59129                      10.459331
              2       5500.9844       3.0133717       2.9022329      0.95929067     0.021930021      0.11883675     0.038719359       1.0413211       1.0032744       17.039597       12.146191       8.0000545       1.0647271       1.6122092       1.7447358       1.0026654       0.9974172   2.0355918e-09       65.888653      0.80008723      0.32568242      0.83363102     -0.14376707       13.975164       10990.545       5.7118638        5.7118638       10990.545                                10560.39                 23.446195                 397.58138                      9.1271747
              1       5497.7468       3.0145269       2.9111976      0.95971074     0.022064249      0.11902195     0.039591143       1.0411628       1.0026587        16.25073       11.071778       7.2806169       1.1724018       1.8099147       2.0048269       1.0012621      0.99580708   2.0379447e-09       65.983753      0.80027792      0.32548126      0.83357216     -0.13480241       13.957468         10984.6        5.446599         5.446599         10984.6                                10554.76                 23.448192                 397.36029                      9.0321772
              9       5497.2518       3.0094886       2.9111976      0.96118207     0.022064249      0.11902195     0.039591143       1.0411628       1.0005101       16.676933       10.312933       7.8141173       1.0061184       1.6668828       1.8497376      0.99544777      0.99421669   2.0277029e-09       65.983753      0.79869697      0.32548126      0.83192544     -0.13480241       13.957468        10984.35       5.0769203        5.0769203        10984.35                               10554.614                  23.07911                 397.32066                      9.3354585
              3       5498.2083       3.0112286        3.080687      0.96922718     0.022126143       0.1197719     0.041020767       1.0405306      0.99867724       17.541657       10.696576       8.1525037      0.92016262       1.5768625       1.7940158      0.99806541       1.0014012    2.031234e-09       67.514316      0.79799807      0.31271871      0.81473833     0.034686976       13.795868       10986.509       4.9537602        4.9537602       10986.509                               10556.349                 22.003691                 397.13895                      11.017654
              4       5498.3234       3.0113322       3.0659479      0.96990135     0.022064803       0.1195009     0.042084023       1.0406355      0.99822748       17.243624       10.557438       7.9084627      0.91272614       1.6171597       1.7949181      0.99952198       1.0013927   2.0314445e-09        67.42326      0.79813453      0.31283288      0.81502639     0.019947945        13.81308       10986.552       5.0474404        5.0474404       10986.552                               10556.735                 21.845709                 396.82068                      11.150291
              1        5498.056       3.0100836       3.0187232      0.96659314     0.021999273      0.11954164     0.041574665       1.0405471      0.99817526       15.589212       10.028248       6.7775206      0.90273413       1.8606255       1.8582474       1.0022524       1.0018681   2.0289096e-09       66.780722      0.79842393      0.31881715      0.82308323    -0.027276786       13.871733       10985.923       5.0944433        5.0944433       10985.923                               10556.524                 22.275999                 396.91585                      10.207654
              4       5496.2113       3.0148323       3.0187232      0.96249789     0.021999273      0.11954164     0.041574665       1.0405471       1.0000906        18.00784       12.092834       8.7354088      0.91887592       1.6239897       1.5616987       1.0029963       1.0050061   2.0385672e-09       66.780722      0.79909839      0.31881715      0.82377852    -0.027276786       13.871733        10982.51       4.9561044        4.9561044        10982.51                               10552.981                 23.132608                 396.77734                      9.6193434
              2       5497.2431       3.0163943       2.9943529      0.96450165     0.021974927      0.11917469     0.044057671       1.0408503      0.99947817       17.916231       12.169949       8.7058166      0.84448903       1.6214611       1.4875362       1.0028235        1.002465   2.0417539e-09       66.710448      0.80030395      0.31860121      0.82474187    -0.051647119       13.889006       10984.732       4.8772819        4.8772819       10984.732                               10556.019                 22.654685                 396.24193                      9.8158343
              2       5499.2079       3.0159255        2.951775      0.96473827     0.022165992      0.11740382     0.044918972       1.0411538       1.0002754       17.954276       11.827303        8.562636      0.65439581       1.3544776       1.1139295      0.99436789       1.0005658    2.040797e-09        67.10063      0.79520179      0.31138287      0.81014747    -0.094224969       13.897663       10988.513       4.9515232        4.9515232       10988.513                               10559.043                 22.597832                 396.13601                       10.73588
              4       5495.2282       3.0147463       2.8422715      0.95983305     0.022123644      0.11699104     0.046853602        1.040934      0.99859388        15.49233       9.6679297        6.341019      0.88112904       1.7961165       1.6621665      0.99778696      0.99453342   2.0383919e-09       65.870785      0.79554743      0.32202928      0.82423894     -0.20372853       14.023632       10980.222       5.1173332        5.1173332       10980.222                               10551.978                  23.32252                 395.79251                      9.1283581
              3       5500.3984       3.0165265       2.8422715      0.96064087     0.022123644      0.11699104     0.046853602        1.040934      0.99940679       13.659721       9.7309971       5.6472464      0.82339214       1.6262581       1.5127003      0.99516303      0.99078276   2.0420238e-09       65.870785      0.79649116      0.32202928      0.82521671     -0.20372853       14.023632       10990.086        5.355175         5.355175       10990.086                               10562.083                 23.160238                 395.80345                      9.0399741
              1       5499.4328       3.0161669        2.828986      0.95968762     0.022097676      0.11703029     0.046675836       1.0409136      0.99986988       15.728924       10.444192       7.0551066      0.66392129       1.2917946       1.0891823      0.99385574      0.99645358   2.0412897e-09       65.675606      0.79673381        0.323972      0.82795428     -0.21701398       14.041411       10988.789       5.0382541        5.0382541       10988.789                               10560.723                 23.243715                 395.82298                      8.9992665
              6        5496.234       3.0168903       2.8665737      0.96082675     0.022090594      0.11765017     0.046234409        1.040852      0.99932048       14.720028       9.8252656       5.9551116       1.0303727       1.6182848       1.8890061       1.0006821      0.99606836   2.0427669e-09       65.866988      0.79813169      0.32351853      0.82882628     -0.17942628       14.006156       10982.664         4.90181          4.90181       10982.664                               10554.637                 23.175286                 395.88051                      8.9714352
              1        5496.836       3.0195839       2.8665737      0.96082967     0.022090594      0.11765017     0.046234409        1.040852       1.0005011       14.836298       9.7149456       5.9581715      0.92059595       1.6554539       1.7712443       1.0010571      0.99837569   2.0482767e-09       65.866988      0.79920819      0.32351853      0.82994418     -0.17942628       14.006156       10984.024       4.8241232        4.8241232       10984.024                                10556.07                 23.198994                 395.90072                      8.8539899
              1       5497.7878       3.0208431       2.8665737      0.95015756     0.022090594      0.11765017     0.046234409        1.040852       1.0012025       18.632734        13.02256       10.035716      0.77342027       1.3149954       1.4248504      0.99969734       1.0007903   2.0508574e-09       65.866988      0.79659974      0.32351853      0.82723541     -0.17942628       14.006156       10985.767       4.9045227        4.9045227       10985.767                               10555.572                  25.85566                 395.79993                      8.5388895
              4       5499.4925       3.0210561       2.8735686      0.95079298     0.022101957      0.11762068      0.04672988       1.0407979       1.0017631       20.598708       14.244169       11.118998      0.54652651       1.0523001      0.84615509      0.99949099      0.99822853   2.0512944e-09       65.949478      0.79643932      0.32267064      0.82598429     -0.17243136       13.999019       10988.883       5.0509319        5.0509319       10988.883                               10558.809                 25.542717                 395.76626                      8.7654243
              5       5498.8078       3.0213618       2.8566646       0.9503567      0.02208342      0.11769814      0.04714625       1.0408536       1.0016589        20.04897       13.738496        10.44646      0.60905859       1.1527977      0.88824749       0.9967345      0.99764953   2.0519215e-09       65.730524      0.79738473        0.324954       0.8298856     -0.18933536       14.017669       10987.443       5.0863573        5.0863573       10987.443                               10557.508                  25.58146                 395.71662                      8.6366408
              1       5497.2593       3.0214074       2.8601197      0.95087087     0.022102388       0.1175222     0.047368215       1.0408671       1.0009911       17.889674       12.801305       9.2303682       0.7153716       1.4743505       1.2746027      0.99876041      0.99522046   2.0520152e-09       65.851729      0.79678805      0.32339819      0.82727705     -0.18588031       14.010877       10984.547       4.9857346        4.9857346       10984.547                               10554.629                  25.58971                 395.71996                      8.6084639
              4       5494.1549       3.0235882       2.9257621      0.95579945     0.022135572      0.11776618     0.048642413       1.0409807       1.0005895       19.136756       13.132959       9.8448602      0.99304489       1.5276421       1.5326619      0.99679931       0.9939373    2.056495e-09       66.589025       0.7976682      0.31692519      0.81986064     -0.12023793        13.93506       10978.214       5.0480577        5.0480577       10978.214                                10548.68                 24.535188                 395.71907                      9.2791211
              1       5495.8929       3.0219363       2.9687502      0.95651514     0.022093238      0.11761043     0.047532928       1.0407057       1.0003574       19.710294       13.087986       10.177172        1.012054       1.5635259       1.5869418      0.99787608       1.0001919   2.0531008e-09       67.015716      0.79517802      0.31247657      0.81154474      -0.0772498       13.901546       10982.149        4.818215         4.818215       10982.149                               10552.056                 24.518289                 395.71943                      9.8560215
              4       5497.6335       3.0201547       2.9687502      0.95825891     0.022093238      0.11761043     0.047532928       1.0407057      0.99964724       19.121956       12.121029       9.5743136       1.1662075       1.6472434       1.8682953       1.0018214      0.99529522   2.0494463e-09       67.015716      0.79498523      0.31247657      0.81134798      -0.0772498       13.901546       10985.422       4.9224725        4.9224725       10985.422                               10555.488                 24.058473                  395.7637                      10.111453
              1       5498.0785       3.0189116       2.9677513      0.95588497     0.022013509      0.11806274     0.044524662       1.0408296       1.0019567       20.666104       13.934844       11.403636        1.049986       1.3457268       1.5473287       1.0016197      0.99546504   2.0469001e-09       66.820222      0.79578676      0.31514174      0.81562222    -0.078248704       13.908929       10985.742       5.2074919        5.2074919       10985.742                               10555.189                 24.446165                  396.1145                      9.9919757
              3       5498.2106       3.0185852       2.9777306      0.95594287     0.021983244        0.118154     0.044086293       1.0407959       1.0020314       21.821517        14.57474       12.139308       1.0736234       1.1419147       1.4240945       1.0016111       0.9977364    2.046232e-09       66.867326      0.79574137      0.31483788      0.81518241    -0.068269395       13.902904       10986.113       5.1539766        5.1539766       10986.113                               10555.455                 24.449476                 396.14566                      10.063329
             12       5500.4515       3.0179111       2.9653595      0.95432843     0.021994147      0.11818541     0.043314466       1.0407249       1.0021799       20.724663       14.070214       10.943381       1.2882715       1.3117661       1.5989955       1.0050551      0.99969723   2.0448531e-09       66.698835      0.79540521       0.3165212      0.81701345    -0.080640465       13.917104       10990.316       5.2936311        5.2936311       10990.316                               10559.539                 24.840903                 396.24879                      9.6874036
              1       5497.5301       3.0169323       2.9302714      0.95451888     0.021952247      0.11714715     0.044720953       1.0407989       1.0014986       20.651083       13.911167        10.82104       1.0878004        1.245866       1.3824938       1.0032923       0.9997048   2.0428528e-09       66.651894      0.79305073      0.31452313      0.81201983     -0.11572857        13.95177       10985.021       5.0195558        5.0195558       10985.021                                10554.23                  24.71519                 396.03125                      10.045167
              1       5495.7404       3.0185871       2.9302714      0.95694627     0.021952247      0.11714715     0.044720953       1.0407989       1.0018879       19.088056       12.577262       9.6953597       1.0245525       1.3391854       1.5166424       0.9933519       0.9999416    2.046236e-09       66.651894      0.79441872      0.31452313      0.81342054     -0.11572857        13.95177       10980.898       5.2913968        5.2913968       10980.898                               10550.893                 24.181415                 396.08092                      9.7423289
              2       5496.6496        3.018502       2.9302866      0.95694609     0.021934164      0.11715548     0.044586614       1.0408274       1.0019996       20.197426       14.198857       11.142553      0.73003683       1.1618887       1.0724814       1.0000134       1.0033953   2.0460619e-09       66.643933      0.79451584      0.31457631      0.81358876     -0.11571337       13.952772       10982.974       5.1627527        5.1627527       10982.974                               10552.932                 24.168658                 396.10739                      9.7651849
              8       5497.4024       3.0171434       2.9302866      0.95806097     0.021934164      0.11715548     0.044586614       1.0408274       1.0014492       18.289017       13.232027       9.5135058      0.77265282       1.4222827       1.3120061       1.0016545       1.0034212    2.043284e-09       66.643933      0.79430345      0.31457631      0.81337128     -0.11571337       13.952772       10984.754       5.0254898        5.0254898       10984.754                               10554.776                 23.881231                 396.14795                      9.9483251
              7       5498.2735       3.0199989       2.9417098      0.95822034     0.022263194      0.11763761     0.044835938       1.0408421       1.0026296        18.20488       13.355558       9.6141479      0.75276372       1.3960344       1.3044053       1.0011543      0.99924134   2.0491269e-09       66.876703      0.79531842      0.31420805      0.81393377     -0.10429021       13.908815       10985.851       5.3479873        5.3479873       10985.851                               10555.977                 23.899881                   396.088                      9.8865489
              2        5496.703       3.0184355       2.9264642      0.95616699     0.022125317      0.11785675     0.044019425       1.0406763       1.0030166       18.934033       12.555853       9.7987041       0.9423268       1.5087373       1.5384313      0.99863416      0.99701204   2.0459259e-09       66.456165      0.79577046      0.31837576      0.81977974     -0.11953581       13.944945       10982.271       5.5672178        5.5672178       10982.271                                10552.34                 24.171187                 396.16352                      9.5971371
              1       5495.9287       3.0181045       2.9174308      0.95533203     0.022123961       0.1178424     0.043529535       1.0406986       1.0024195       17.481444       12.379882       8.9025148      0.95915859       1.6450523       1.6342225      0.99725753      0.99663342   2.0452486e-09       66.363181      0.79567405      0.31922961      0.82077883     -0.12856923       13.953936       10981.162        5.347866         5.347866       10981.162                               10551.241                 24.495141                 396.25023                      9.1751824
              3       5495.7223       3.0188478       2.9174308      0.95860852     0.022123961       0.1178424     0.043529535       1.0406986        1.002878       16.935392       11.782357       8.1213948      0.89994302       1.6703633       1.5196211      0.99592087      0.99701344   2.0467695e-09       66.363181      0.79693127      0.31922961      0.82207572     -0.12856923       13.953936       10980.293       5.5756749        5.5756749       10980.293                                10551.05                 23.695183                 396.33057                      9.2175792
              1       5497.2374       3.0177807       2.9174308      0.95928331     0.022123961       0.1178424     0.043529535       1.0406986       1.0024376       17.545008       11.698519       8.7267279      0.75049578         1.70979       1.4875105       0.9953974      0.99183054   2.0445865e-09       66.363181      0.79670444      0.31922961      0.82184173     -0.12856923       13.953936       10983.074       5.7002358        5.7002358       10983.074                               10553.882                 23.527881                 396.34036                      9.3245406
              1       5497.0545       3.0180893       2.9073286      0.96056755     0.022135834      0.11725992     0.044582654       1.0408803       1.0023634       17.259744       11.459164       8.4904524      0.74454919       1.7305648       1.5500619      0.99880088       0.9918434   2.0452175e-09       66.521536      0.79571836      0.31641842      0.81720239     -0.13867143        13.95549       10982.965       5.5719631        5.5719631       10982.965                               10553.874                 23.237535                 396.13533                       9.718125
              2       5495.8164       3.0178758       2.9073286      0.96054335     0.022135834      0.11725992     0.044582654       1.0408803       1.0022689       17.280747       11.092486       8.1869037      0.87893387       1.8597917       1.6975683      0.99952043      0.99699677    2.044781e-09       66.521536      0.79562633      0.31641842      0.81710787     -0.13867143        13.95549       10981.146       5.2433391        5.2433391       10981.146                               10552.031                  23.24089                 396.13533                      9.7391324
              4       5498.1443       3.0200574       2.9551524      0.96491449     0.022131293      0.11766321     0.047991845       1.0405981      0.99950753       16.499696       9.8724077       6.8653386       1.0405111       2.2322433       2.0956499      0.99431713      0.99366835   2.0492468e-09       66.834935      0.79727472      0.31436776       0.8161432    -0.090847606       13.915502       10985.955       5.1665812        5.1665812       10985.955                               10557.609                 22.544403                 395.79219                      10.009639
              3       5499.9863       3.0194694       2.9564875      0.96445567     0.022015452      0.11795286     0.047537089       1.0405635      0.99940242        16.88578       9.9331454       7.3092907       1.1571694       2.2333135        2.246061      0.99417555      0.99208597   2.0480421e-09       66.642432      0.79828703      0.31657838      0.82004761    -0.089512474       13.928172       10989.379       5.2966021        5.2966021       10989.379                               10561.158                 22.587023                  395.8126                      9.8215756
              1       5498.5189       3.0216526       3.0272768      0.97037606     0.022217086       0.1172635     0.048037793       1.0409722       1.0006151       17.038537       10.417576       7.4450137       1.0355717       1.8326496       1.8619604      0.99251202      0.99514477   2.0525185e-09       68.008059       0.7957507      0.30296191      0.79966928    -0.018723171       13.818078        10986.61       5.2137415        5.2137415        10986.61                               10556.531                  21.77804                 395.81358                      12.487497
              3       5501.9909       3.0209935       3.0404431      0.96982707     0.022200329      0.11743397     0.046954169       1.0408867       1.0009432       17.085134       10.880124       8.0345885      0.96202981       1.7743209       1.7184096      0.99118629      0.99193911   2.0511661e-09        68.05716      0.79545698      0.30286131      0.79924138   -0.0055568535       13.809389       10992.842        5.569722         5.569722       10992.842                               10562.561                 21.887679                 395.90848                       12.48527
              2       5502.7912       3.0216867       3.0404431      0.96782034     0.022200329      0.11743397     0.046954169       1.0408867       1.0010556       18.590809       11.453278       9.1499637      0.93356692       1.5178769       1.4390147      0.98889954      0.99667415   2.0525884e-09        68.05716      0.79512694      0.30286131      0.79890977   -0.0055568535       13.809389       10994.491       5.5458109        5.5458109       10994.491                               10564.084                 22.263049                 395.90376                      12.240435
              2       5501.8835       3.0220959       3.0211233      0.96617233     0.022286364      0.11766162     0.046868666       1.0408157       1.0011427       20.018685       12.436657       9.7940066        1.047272        1.372073       1.3809892      0.98613487      0.99638637   2.0534283e-09       67.798318      0.79579275      0.30585399      0.80351951    -0.024876734        13.82399       10991.935       5.9162101        5.9162101       10991.935                               10562.161                 22.538506                 395.89642                      11.338963
              1       5502.1709       3.0213516       3.0194375      0.96430789     0.022065287      0.11879383     0.046710013       1.0404541      0.99975065       18.557977       12.802341       9.7150421        1.346126       1.6212932       1.8966812      0.99808333      0.99442557   2.0519006e-09       67.074831      0.79940374       0.3145122      0.81851058    -0.026562523       13.863929       10994.414       4.9639679        4.9639679       10994.414                               10565.836                 22.812527                 395.87559                      9.8899945
              1       5494.7835       3.0212131       3.0232456      0.96328313     0.022037469      0.11926199     0.045615018       1.0404395       1.0007795       19.356517       12.879742       10.088394       1.0976068       1.2724847       1.5253836      0.99347768      0.99712455   2.0516165e-09       66.926117      0.80056215      0.31689593      0.82279711    -0.022754357        13.86521       10979.391       5.0879101        5.0879101       10979.391                               10550.685                  22.91988                 395.99425                      9.7920596
              3       5498.3014       3.0214305       3.0602719      0.96484856      0.02206571      0.11969217     0.045325696       1.0403452       1.0013968       20.169273        13.96449       11.376764      0.87349231       1.0419619       1.0779419      0.99373139      0.99845818   2.0520625e-09       67.193659      0.80116739      0.31540006      0.82147344     0.014271897       13.828425       10986.303       5.1497067        5.1497067       10986.303                               10557.295                  22.59559                 396.06961                      10.342845
              2       5496.4388       3.0170753       2.9716583       0.9601971     0.022188226      0.11923655     0.043976297       1.0406128      0.99947141       16.975689       10.933441       8.2778777      0.90217134       1.4723347       1.6049144      0.98997548      0.99630664   2.0431448e-09        66.52301       0.7991272      0.32101274         0.82664    -0.074341653       13.898537       10982.121       5.3782666        5.3782666       10982.121                               10553.143                 23.595762                 396.22056                      9.1619789
              1       5496.1694       3.0170193       2.9630659      0.95933175     0.022161507      0.11933013      0.04373554       1.0405812      0.99957496        16.91214        10.75192       8.1090455      0.94707204       1.5308392       1.6732941      0.99009779      0.99582534   2.0430303e-09       66.359427      0.79951509      0.32274606      0.82927106    -0.082934133       13.911613       10981.585       5.3771154        5.3771154       10981.585                                10552.54                  23.75457                 396.26595                      9.0241205
              4       5496.2639       3.0159554       3.0207018      0.96151621     0.022135417       0.1202531     0.041484441       1.0405788       1.0002927       17.411977       11.256278       8.6400812      0.94705699       1.4826178       1.6253365      0.99088238      0.99777236   2.0408579e-09       66.676955      0.80095799      0.32171748      0.82944279    -0.025298156       13.857853       10982.063       5.2325764        5.2325764       10982.063                               10552.599                 23.343655                 396.77788                      9.3418598
              1       5495.4342       3.0123406       2.8150666      0.95501838     0.022132302      0.11649148     0.043626979       1.0409843      0.99980413        16.20351       9.4345062       6.4982345       1.1376489         1.87514       2.0416518      0.99209967      0.99613961    2.033494e-09        65.75466      0.79245577      0.32202213      0.82102668     -0.23093337        14.04849       10980.519       5.1749125        5.1749125       10980.519                               10551.064                 24.494635                 396.20159                      8.7584622
              3       5494.3795       3.0128866       2.8364129      0.95712567     0.022186356      0.11627152     0.044433209       1.0410514      0.99957728       16.213141       9.6820199       6.8077252       1.0523991       1.7559613       1.9343933      0.99429175       0.9968211   2.0346045e-09       66.145714      0.79165433      0.31785451      0.81487154     -0.20958714       14.016888       10978.733       5.0129973        5.0129973       10978.733                               10549.365                 24.073063                   396.108                      9.1866894
              1       5494.6874       3.0053699       2.8364129      0.95489581     0.022186356      0.11627152     0.044433209       1.0410514      0.99781967       18.688991       12.301899       9.4326791      0.88593013        1.227378       1.2802618      0.99567231       0.9929797   2.0193684e-09       66.145714      0.78804157      0.31785451      0.81115283     -0.20958714       14.016888       10978.364       5.5056291        5.5056291       10978.364                               10547.324                 24.283688                 396.11833                      10.637825
              8       5495.2217       3.0010614       2.8456799      0.95662914     0.022161119       0.1157459     0.041391655       1.0412268      0.99920726       19.212257       12.873963       9.9804774      0.88758413       1.1701135       1.2553534      0.99514334        0.994284   2.0106867e-09       66.477936      0.78503015      0.31344242      0.80242527     -0.20032008       14.001864        10980.21        5.116828         5.116828        10980.21                               10547.315                 23.808112                 396.84428                      12.242902
              2       5496.5276       2.9999087       2.8456799      0.95787233     0.022161119       0.1157459     0.041391655       1.0412268      0.99947184       19.631527        13.40396        10.29378      0.78740486       1.0809718       1.0236384      0.99346565      0.99271097   2.0083703e-09       66.477936      0.78493628      0.31344242      0.80232932     -0.20032008       14.001864       10982.482       5.2867086        5.2867086       10982.482                               10549.178                 23.397714                 396.91058                      12.995598
              1       5496.0191       3.0050348       2.8818101      0.95908572     0.022046132      0.11619967     0.043774807       1.0409911      0.99914018       20.089334       13.369149        10.57145       0.7752962       1.0698071       1.0291857      0.99335401      0.99517033   2.0186919e-09        66.56637      0.78790036      0.31338787      0.80528899     -0.16418989       13.983933       10981.674       5.1818725        5.1818725       10981.674                                10549.68                  23.24907                 396.32476                      12.420387
              1       5497.5303       3.0073007       2.6273034      0.94766385     0.021980815      0.11366066     0.049138479       1.0415264      0.99799949       18.978639       11.810894       9.0461949      0.85059201       1.3061853       1.2814948      0.99564541      0.99276269   2.0232712e-09       64.622164      0.78646282      0.32619288      0.82007733     -0.41869663       14.242762       10984.136       5.4621235        5.4621235       10984.136                               10553.946                 25.528477                 395.66723                        8.99415
              4       5499.5138       3.0022114       2.6273034      0.94636695     0.021980815      0.11366066     0.049138479       1.0415264      0.99549105       18.379016       11.305541       8.6394026       0.9191298       1.4321217       1.4599653      0.99731592      0.98562711   2.0130003e-09       64.622164       0.7841043      0.32619288      0.81761801     -0.41869663       14.242762       10984.066       7.4806288        7.4806288       10984.066                               10553.175                  25.89403                 395.64224                      9.3549397
              1       5499.2985       3.0025064       2.6273034      0.94624664     0.021980815      0.11366066     0.049138479       1.0415264      0.99562397       18.719936       11.455521       8.8536898      0.94834323       1.4284371       1.4814219      0.99710986      0.98655273   2.0135943e-09       64.622164      0.78418661      0.32619288      0.81770384     -0.41869663       14.242762       10984.071       7.2631347        7.2631347       10984.071                               10553.165                 25.932025                  395.6488                      9.3252307
              4       5500.4728       3.0016574       2.5477345      0.94087006     0.021778038      0.11325905     0.048078739       1.0413721      0.99722431       19.236225       11.779004       9.2446831      0.96800221       1.4010931       1.4641664      0.99734907      0.98582635   2.0118855e-09       63.625184      0.78452781      0.33497007      0.82899272     -0.49826553       14.357358       10988.063       6.4412081        6.4412081       10988.063                               10556.942                 27.047838                 395.66753                      8.4057683
              4       5497.2619         3.00329       2.5477345      0.94531368     0.021778038      0.11325905     0.048078739       1.0413721      0.99828631       16.771056       9.2052207       6.7442192       1.1699562       1.8984286         2.23072      0.99440807      0.98927264   2.0151728e-09       63.625184       0.7863804      0.33497007      0.83095031     -0.49826553       14.357358        10983.02       5.7519235        5.7519235        10983.02                               10553.203                 25.659545                 395.67865                      8.4788065
              4       5500.5077       3.0019806       2.5477345      0.94322103     0.021778038      0.11325905     0.048078739       1.0413721       0.9975079       18.485608       11.882287       9.6765341        0.706318      0.92140356      0.97730406      0.99360351       0.9894707   2.0125358e-09       63.625184      0.78529473      0.33497007      0.82980311     -0.49826553       14.357358       10988.933       6.0410045        6.0410045       10988.933                                10558.53                 26.289031                 395.65237                      8.4621439
              2       5498.5935       3.0057086       2.5931283      0.94539594      0.02182445      0.11397396     0.050196365       1.0414093       0.9966585       18.607073       11.963663       9.6412506      0.70867577      0.93637345      0.97257434       0.9937895      0.98999533   2.0200525e-09       63.952109      0.78802509      0.33343395      0.83077674     -0.45287166       14.302635       10984.443       6.3718232        6.3718232       10984.443                               10554.246                 25.883014                 395.73295                      8.5814143
              2       5498.7312        3.006607        2.600793      0.94552276     0.021817842      0.11410027     0.050667155       1.0413242      0.99649224       18.748053       11.917854       9.6645133      0.73549509      0.97171189       1.0031778      0.99401762       0.9897274   2.0218682e-09       63.964704      0.78852563      0.33359831      0.83150929     -0.44520699       14.297814        10984.51       6.4761795        6.4761795        10984.51                               10554.332                 25.884548                 395.74983                      8.5440651
              3       5498.9435       3.0067658       2.5950635       0.9455585     0.021803231       0.1139032     0.050895533       1.0413576       0.9957811       18.665856       12.483875       9.3878496      0.71107889       0.8669818       0.8186755       0.9936403      0.99172505   2.0221892e-09       63.966527      0.78822985      0.33305963      0.83052603     -0.45093648       14.303973       10984.379       6.7537849        6.7537849       10984.379                               10554.187                 26.015864                 395.75079                      8.4260294
              8       5500.4115       3.0089594        2.631875      0.94687429     0.021785457       0.1144305     0.051683345       1.0412161      0.99554968       17.262448       11.219496        8.139183       1.0211539       1.0520589       1.1281205      0.99654664      0.99015081   2.0266299e-09       64.151093      0.78991643      0.33239882      0.83147702     -0.41412499       14.270861       10986.994       6.9143455        6.9143455       10986.994                               10556.872                  25.76432                 395.87638                      8.4812449
              1       5497.2565        3.008749       2.6720923      0.94934659     0.021861627      0.11452267     0.051685104       1.0411438      0.99526371       17.270619       12.129398       8.7248912      0.90939122       1.0886651       1.1969392       0.9945604       0.9901694   2.0262037e-09       64.623602      0.78905951      0.32797471      0.82502918     -0.37390772       14.220466       10980.091       7.2110002        7.2110002       10980.091                               10550.145                  25.23511                 395.84183                      8.8686989
              1       5497.0286       3.0033801       2.7017077      0.94976946     0.021874685      0.11520133     0.046936127       1.0411036      0.99636879       18.116845       11.747953       8.7440268      0.95139282      0.95938909       1.1541782      0.99392369      0.99289825   2.0153542e-09       64.726385       0.7882318      0.32859657       0.8249447     -0.34429228       14.190263       10981.503       6.2768926        6.2768926       10981.503                               10551.555                 25.055885                  395.7337                      9.1587029
              3       5496.1724       3.0107401       2.7017077      0.94416441     0.021874685      0.11520133     0.046936127       1.0411036      0.99873612       19.188949       12.600822        9.533561      0.97027652      0.99193149       1.1644451      0.99472704      0.99694989    2.030242e-09       64.726385      0.78956268      0.32859657      0.82633757     -0.34429228       14.190263       10982.148       5.0985812        5.0985812       10982.148                                10551.11                 26.943622                 395.71182                       8.382409
              3       5496.5637       3.0118257       2.7415392      0.94612411     0.021819009      0.11553032     0.046763828       1.0410392      0.99914009       19.419478       12.724297       9.7756922       1.0206644       1.0022349       1.2260914       0.9969605      0.99896101   2.0324472e-09       65.008632      0.79040093      0.32641157      0.82445999     -0.30446084       14.155377       10983.335       4.8959995        4.8959995       10983.335                               10552.576                 26.435066                 395.73128                       8.593276
              1       5497.1706       3.0192052       2.7615546      0.94861654      0.02185659      0.11514908     0.052732003       1.0410365      0.99745537       19.514415        12.72353       9.8093725      0.96983274      0.97299424       1.1389526      0.99655493      0.99864918   2.0475011e-09       65.405155      0.79189343      0.32167005      0.81999542     -0.28444542       14.127913       10983.598       5.3717329        5.3717329       10983.598                               10552.911                 26.014266                 395.96726                      8.7053762
              5       5497.8308        3.019205       2.7618896      0.94864916     0.021855965      0.11514471     0.052728465       1.0410377      0.99746442       19.528751       12.535214       9.7142632      0.98573673      0.97890394       1.1203942      0.99748488      0.99959932   2.0475007e-09       65.410476      0.79188014      0.32160617      0.81990023     -0.28411042       14.127556       10984.998        5.332018         5.332018       10984.998                               10554.309                 26.005399                 395.97027                      8.7125919
              1       5497.9908       3.0175547       2.7592936      0.94875974     0.021937717      0.11503321     0.052185684       1.0410712      0.99721544       19.794351       13.866384       10.072362      0.95855192      0.95650667       1.0067333       0.9952853       0.9956208   2.0441245e-09       65.495541       0.7906308      0.32070098      0.81745385     -0.28670641        14.12045       10984.756       5.6125863        5.6125863       10984.756                               10554.029                 25.989813                 395.89074                      8.8464193
              4       5497.4207       3.0209067       2.7592936      0.94985373     0.021937717      0.11503321     0.052185684       1.0410712      0.99863467       19.272133       13.660541       9.7367111      0.97568394       1.0044206        1.053056      0.99486202       0.9965197    2.050988e-09       65.495541      0.79226882      0.32070098      0.81914744     -0.28670641        14.12045       10984.587       5.1269407        5.1269407       10984.587                               10554.345                 25.723078                 395.90114                      8.6180635
              8       5496.4646       3.0208987       2.8847403       0.9544975     0.021956771      0.11707175     0.049545631       1.0409549      0.99905783       20.035359       14.512064         10.3853      0.99228855       1.1359678       1.1099545      0.99513413      0.99699463   2.0509716e-09       66.206822      0.79602235      0.31858767       0.8203121     -0.16125971       13.994833        10982.89       5.0198131        5.0198131        10982.89                               10553.279                 24.729905                 395.69451                      9.1866231
              1       5496.2425       3.0217098       2.8699319      0.95356274     0.021993244      0.11716017     0.050434913       1.0410118      0.99837553       19.783735       14.341623       10.189173      0.98083744       1.1371063       1.1020935      0.99455965      0.99576465   2.0526358e-09       66.052256      0.79676015      0.32036124      0.82335468     -0.17606809       14.005625       10982.017       5.2340445        5.2340445       10982.017                               10552.382                 25.001941                 395.73926                      8.8935145
              4       5495.4305       3.0216764       2.8844609      0.95415973     0.021966926      0.11744583     0.049843242       1.0410716      0.99869843       19.741434       14.464972        10.57741      0.89317694       1.1012965       1.0011854      0.99237724       0.9936482   2.0525673e-09       66.118199      0.79755073      0.32032113      0.82412006     -0.16153905       13.992149       10980.035       5.4130412        5.4130412       10980.035                               10550.499                 24.851293                 395.70422                       8.980983
              1       5496.1091        3.026494       2.8844609        0.958616     0.021966926      0.11744583     0.049843242       1.0410716       1.0008795       17.378583       12.366162       8.9678631      0.76957158        1.578168       1.4570216      0.99094525      0.99726809   2.0624795e-09       66.118199       0.8007818      0.32032113      0.82745877     -0.16153905       13.992149       10981.629         5.29439          5.29439       10981.629                               10553.303                 23.786999                 395.70592                      8.8330762
              4       5497.4825       3.0210289       2.8844609      0.96201225     0.021966926      0.11744583     0.049843242       1.0410716      0.99849173       16.112003       11.292686       7.9101034      0.78666611       1.6842206       1.6223404      0.99113186       0.9962099   2.0512386e-09       66.118199      0.79959408      0.32032113      0.82623148     -0.16153905       13.992149         10984.1       5.4322883        5.4322883         10984.1                               10556.153                 22.987377                 395.72242                      9.2376764
              5       5497.5414       3.0209854       2.8540011      0.96019655     0.021926816      0.11732948     0.049859245       1.0411121      0.99861373       15.873486       10.969983       7.6112175      0.85406674       1.8151194       1.7790036      0.99071701       0.9955602   2.0511494e-09         65.7881      0.79987997      0.32317084      0.83019531     -0.19199891        14.02721       10984.146       5.4684222        5.4684222       10984.146                               10556.154                 23.285834                 395.72278                      8.9829239
              7       5498.6518       3.0213832       2.8723859      0.95834484     0.021833935      0.11867433     0.048210654       1.0408634      0.99895205        16.40696       10.362126       7.3445201       1.0728877       1.9054652       1.8794909      0.99127019      0.99884225   2.0519655e-09       65.374399      0.80344707      0.33021028      0.84293083     -0.17361409       14.030082       10986.782       5.2608594        5.2608594       10986.782                               10558.449                 23.660791                 395.73415                      8.9384316
              2       5499.2285       3.0214441       2.8768071      0.96040994     0.022010865      0.11791197     0.050137022       1.0409407      0.99782934       16.316823        9.972797       6.9925946        1.153338        1.734123        1.840411      0.98856825      0.99782466   2.0520905e-09       65.858423       0.8007732      0.32402628      0.83222167     -0.16919294       14.001762       10986.778       5.8392822        5.8392822       10986.778                               10558.795                  23.33498                 395.72354                      8.9250179
              1       5500.2366       3.0227609       2.8680998      0.96011818     0.021977899      0.11775936     0.051092505       1.0409386      0.99775922       15.935528       10.123847        6.785378       1.1852224       1.8052696       1.9673261      0.98691747      0.99766409   2.0547945e-09       65.784206      0.80113778      0.32432575      0.83298522     -0.17790017       14.013895       10988.333       6.0699868        6.0699868       10988.333                               10560.301                 23.389801                 395.77187                      8.8707839
              5       5498.7446       3.0150517       2.8680998      0.95717271     0.021977899      0.11775936     0.051092505       1.0409386      0.99389677        17.24513       12.405634       8.9330664      0.83115274       1.4614423       1.3119029      0.99297342      0.99596081   2.0390145e-09       65.784206      0.79719664      0.32432575      0.82888741     -0.17790017       14.013895       10981.302       8.0936427        8.0936427       10981.302                               10552.413                 24.073682                 395.75816                       9.057058
              2       5499.3748       3.0135305        2.850971      0.95690376     0.022007497      0.11730529     0.050690743       1.0409942      0.99464197        18.61857       13.339796       9.5826432      0.99586636       1.2639412       1.1914245      0.99396544      0.99551116    2.035915e-09        65.78757       0.7955127      0.32330544      0.82583446     -0.19502898       14.025675        10984.02       7.3647571        7.3647571        10984.02                               10554.967                 23.987517                 395.74077                      9.3251313
              3       5497.4368       3.0126463       2.8439609      0.95641006     0.021948382      0.11730484     0.049657466       1.0410353      0.99524917       17.545924       10.132768       7.6102579        1.132037       1.7700633       2.2001482       1.0002587      0.99616115   2.0341158e-09       65.672784      0.79553991      0.32429586      0.82712672      -0.2020391       14.038038       10981.544        6.664906         6.664906       10981.544                               10552.519                 24.031257                 395.70081                      9.2927264
              4       5498.0534       3.0149388       2.8561596      0.95680559     0.021930167      0.11756167      0.05092601       1.0410015      0.99493808       17.107725       10.225375       7.5652755      0.97282239       1.7364672        1.887066      0.99125327      0.99318628   2.0387844e-09       65.697972      0.79705264      0.32460465      0.82909395     -0.18984039       14.028876       10981.207       7.4497533        7.4497533       10981.207                               10552.231                 23.993608                 395.77561                      9.2065504
              2        5498.502       3.0210138       2.8561596      0.94973027     0.021930167      0.11756167      0.05092601       1.0410015      0.99818647       20.411103       13.450532       10.657464      0.82747691       1.2914215       1.2485366      0.99187581      0.99344463   2.0512077e-09       65.697972      0.79742154      0.32460465      0.82947768     -0.18984039       14.028876       10985.818       5.5932419        5.5932419       10985.818                               10555.429                 25.816558                 395.79043                      8.7818765
              5         5499.68       3.0210006       2.8261917      0.94842175     0.021892384      0.11717861     0.051215277       1.0410398      0.99775223       20.144237       13.150275       10.043409       1.0303703       1.4878893       1.5916899      0.98963666      0.99315269   2.0511805e-09       65.468364      0.79697873      0.32589235      0.83065978      -0.2198083       14.062312       10987.438       5.9608734        5.9608734       10987.438                               10556.835                 26.210612                 395.85192                      8.5402277
              5       5498.5786       3.0239036       2.8580891      0.94770272     0.021954245      0.11906575     0.051874605       1.0411328      0.99670317       22.368996       15.780765       12.508639      0.73588283      0.79992539      0.71973183      0.98809148      0.99339751   2.0571439e-09       65.259737      0.80283486      0.33256783      0.84528997      -0.1879109       14.026396       10983.994       6.5818089        6.5818089       10983.994                               10552.851                 26.557957                 395.95666                      8.6281028
              8       5497.6848        3.018658       3.0069448      0.95101148     0.021837635      0.12200575     0.043446175       1.0406684      0.99898673        23.92112       17.456245       14.289917      0.74782142      0.72497343       0.6653586      0.99124355      0.99535519   2.0463812e-09       65.703294      0.80619429      0.33468829      0.85152881     -0.03905523       13.906544       10984.652       5.3586404        5.3586404       10984.652                               10553.764                 25.710548                 396.12975                      9.0479108
              2       5499.2883       3.0186433       3.0101995      0.95115079     0.021836434      0.12204065     0.043371687       1.0406612      0.99901307       24.053564        17.16891       14.045401      0.72574169      0.86879568      0.72002815      0.99143879      0.99894333    2.046351e-09       65.724971      0.80623241      0.33454679      0.85138904     -0.03580046       13.903628       10988.106        5.235232         5.235232       10988.106                               10557.216                 25.678412                 396.15981                      9.0521361
              1       5500.4398       3.0167594       2.9949519      0.94989011     0.021844509      0.12216477     0.042020486       1.0406989      0.99923221       24.659404       17.486305       15.153037      0.60687647      0.73507688      0.70412797      0.99296441       0.9999994   2.0424995e-09       65.528842      0.80597079      0.33685458      0.85404333    -0.051048144       13.918005        10990.72       5.0799114        5.0799114        10990.72                               10559.279                 25.954238                 396.39412                      9.0922277
              4       5499.1985       3.0119828       3.1338338      0.96176654     0.022351931      0.12128012     0.041703378        1.040903      0.99781226       24.312204       17.989944       15.021738      0.51978021      0.41746974      0.38141221       0.9885107      0.99515967   2.0327665e-09       67.913718      0.79878556      0.31281087       0.8156625     0.087833769       13.713616       10986.506       5.9453162        5.9453162       10986.506                               10554.692                 23.537861                 396.76347                      11.512904
              1       5500.9916       3.0108629       3.1118304      0.95869373     0.022104541      0.12191408     0.038728946       1.0408673      0.99960149       25.154394       18.667618       15.782713       0.5652684      0.35662734      0.42123427      0.99022496      0.99827324   2.0304914e-09       67.221544       0.8010667       0.3201415      0.82752104      0.06583039        13.76466       10991.402       5.2906244        5.2906244       10991.402                               10559.445                 24.013399                 397.55612                      10.387438
              2       5498.9175       3.0130951       3.1118304      0.95947373     0.022104541      0.12191408     0.038728946       1.0408673       1.0007152       24.656928        17.71482       14.738199        0.511042      0.63034057       0.5010992      0.98953181      0.99274882   2.0350288e-09       67.221544      0.80219699       0.3201415      0.82868865      0.06583039        13.76466       10986.561       5.6369851        5.6369851       10986.561                               10554.937                 23.832524                 397.57206                      10.219089
              3        5499.969       3.0122773       3.0084182      0.95777486     0.021992169      0.11906268      0.04062998       1.0410458       1.0015266       23.808518       18.048301        14.64234      0.41584158      0.35725288      0.25644138       0.9922556      0.99618432   2.0333652e-09        66.99057      0.79593861      0.31573612       0.8165468    -0.037581769       13.866199       10989.249       5.3443614        5.3443614       10989.249                               10557.513                 23.966962                  396.9962                      10.772768
              3       5498.1852       3.0125199       3.0084182      0.95939494     0.021992169      0.11906268      0.04062998       1.0410458       1.0017457       22.523827       15.550466       13.011052      0.64488108      0.97021364      0.91965183      0.99357818      0.99923644   2.0338587e-09        66.99057      0.79651661      0.31573612      0.81713977    -0.037581769       13.866199       10985.894        5.238171         5.238171       10985.894                               10554.474                 23.579108                   397.025                         10.816
              1       5496.4019       3.0149482       2.9192238      0.95581968     0.022019274      0.11764784      0.04460918         1.04097       1.0005002       21.920093       14.735753       12.318829       0.6617248      0.85940007      0.86113508      0.99157621      0.99728064   2.0388034e-09        66.45748      0.79454997       0.3176474      0.81758562     -0.12677622       13.953678        10982.41       5.1970464        5.1970464        10982.41                               10552.137                 24.313183                 396.07043                      9.8894944
              9       5495.4927       3.0196095       2.9787187      0.95850445     0.021941275      0.11834866     0.046478736       1.0408553       1.0003849        22.75809        16.34922       13.461139      0.68949482      0.67705987      0.66409702      0.99357235      0.99933367    2.048329e-09       66.795561      0.79775041      0.31585735      0.81856261    -0.067281348       13.905172       10980.974       5.0059011        5.0059011       10980.974                               10551.226                 23.835006                 395.84127                      10.071451
              2       5496.3148       3.0190745       2.9285374      0.95551033     0.021907786      0.11806353     0.046488035       1.0408492       1.0003918        22.08613       16.113912       12.990113      0.69485594      0.80219443      0.82983332      0.99121623      0.99772299   2.0472335e-09       66.288535       0.7975085       0.3199643      0.82361729     -0.11746264       13.960576       10982.211       5.2092294        5.2092294       10982.211                               10552.596                 24.414177                 395.81479                      9.3859166
              5       5495.7111       3.0179293        2.909706      0.95555248     0.021986745      0.11748975     0.046825479       1.0409584       1.0000684       21.284524       14.390027       11.693523      0.81446233      0.95011091      0.91063561      0.98965111      0.99824585   2.0448905e-09        66.37321      0.79557813      0.31801835      0.81912145     -0.13629396       13.966795       10980.749        5.336512         5.336512       10980.749                               10550.931                 24.400509                 395.79738                      9.6198815
             10       5495.1707        3.017031       2.9194983      0.95595184     0.021995405      0.11764949     0.045991597       1.0409813       1.0002596       20.890594       13.817581       11.181235      0.85578944      0.99461984       1.0311629      0.99006782      0.99737344   2.0430543e-09       66.444522      0.79552451      0.31772109      0.81868335     -0.12650167       13.955485       10979.705       5.3183801        5.3183801       10979.705                               10549.744                 24.306959                 395.89351                      9.7602531
              1       5495.5564       3.0168133       2.9322273      0.95638904     0.022012379      0.11783029     0.045698517        1.040935      0.99946631       20.305139        12.96025       10.478931      0.89931736        1.213759       1.2465428      0.99126706       1.0004881   2.0426095e-09       66.526187      0.79562572      0.31739302      0.81836467     -0.11377267       13.942414       10980.732       5.1905532        5.1905532       10980.732                               10550.885                  24.35929                 395.92804                      9.5598205
              1       5496.7559       3.0175031        2.934088      0.95608553     0.022099502      0.11826951     0.046407578       1.0410188      0.99867772       20.514027       13.525925       10.477275      0.95424015       1.4621413        1.279526       1.0004585      0.99516218    2.044019e-09       66.491339       0.7969069      0.31891699      0.82164797       -0.111912       13.930895       10983.425       5.0432011        5.0432011       10983.425                               10553.787                 24.492341                 395.80867                      9.3370614
              2       5497.1569       3.0144074        2.934088      0.95717749     0.022099502      0.11826951     0.046407578       1.0410188      0.99727206       20.802433       13.983876       11.056232      0.96179873       1.3144908       1.2683389       1.0001629      0.99292554   2.0377011e-09       66.491339      0.79599544      0.31891699      0.82070822       -0.111912       13.930895       10983.052        5.630959         5.630959       10983.052                               10553.427                 24.198382                 395.80881                      9.6181762
              6       5497.4733       3.0214033       2.9738714       0.9609509     0.022147824      0.11819917     0.051691707       1.0412152      0.99531401       20.224446        14.26769        11.15743      0.90497839       1.2340634        1.277904      0.99675622      0.99517683   2.0520067e-09       67.080101      0.79830362      0.31330852      0.81581854    -0.072128584       13.877832       10981.525       6.7108622        6.7108622       10981.525                               10552.118                 23.671483                 395.81776                      9.9174048
              2        5496.676       3.0211146       2.9479347      0.96010953     0.022161275      0.11779613     0.052114621       1.0412982      0.99520093       19.101778       12.503724       9.5612156       1.1595317       1.5110731       1.6210252      0.99664128      0.99940329   2.0514144e-09       66.961122       0.7974622      0.31354476      0.81526585    -0.098065277       13.899546        10979.98        6.685922         6.685922        10979.98                               10550.518                 23.818721                 395.80722                      9.8356865
              3       5496.9055       3.0190998       2.9362466      0.95932111     0.022193146      0.11762431     0.051096883       1.0412086       0.9950704       16.516205       11.773472       8.4665553      0.98159635       1.6081146       1.7155475      0.99672955      0.99683902   2.0472854e-09       66.882759      0.79605117      0.31396288      0.81436577     -0.10975343       13.910615       10980.145       6.8327718        6.8327718       10980.145                                10550.68                 23.991603                 395.73833                      9.7350813
              3       5499.9903       3.0173566       2.9362466      0.95640894     0.022193146      0.11762431     0.051096883       1.0412086      0.99405355       16.761192       11.859817       8.3754085       1.0484386        1.728167       1.8451313      0.99621869      0.99740652   2.0437198e-09       66.882759      0.79449811      0.31396288      0.81277697     -0.10975343       13.910615       10984.542       7.7191973        7.7191973       10984.542                               10554.251                 24.741424                 395.76867                      9.7814009
              3       5500.8302       3.0177242       2.8880188      0.95560797     0.022210585      0.11651903       0.0528154       1.0413983      0.99513608        18.51811       12.257607       9.6042106      0.86140133       1.4221188       1.4673467      0.99353879      0.99149042   2.0444711e-09       66.792089      0.79241308      0.31236004      0.80857208     -0.15798125       13.949579       10987.163       7.2486743        7.2486743       10987.163                               10556.065                 24.647064                 395.90653                      10.544421
              7       5502.0591       3.0186791       2.8311093      0.95124956     0.022192695      0.11683775     0.053558075       1.0414188      0.99458558       18.774582       12.631486       10.262068      0.77820643       1.3835789       1.4721716       0.9951225      0.99151242   2.0464243e-09       66.010104      0.79462674       0.3204739      0.82129444     -0.21489074         14.0132       10988.899       7.6096786        7.6096786       10988.899                               10558.112                 25.665086                 396.07116                      9.0504296
              4       5501.6898       3.0167166       2.7838201      0.94999195     0.021933299      0.11600021     0.051293174       1.0417752      0.99649351       18.739069       12.589065       10.184147      0.81896131       1.4729381       1.6260412      0.99643174      0.99552333    2.042412e-09       65.664895      0.79373565      0.32129056      0.82141805     -0.26217992       14.076741       10991.514       5.9327549        5.9327549       10991.514                               10560.984                 25.760456                 395.77181                      8.9976734
              1       5500.2202       3.0167104       2.7836261      0.94995778     0.021929027      0.11600557      0.05125556       1.0417728      0.99652261       18.782342       13.202411        10.48342      0.78246216       1.3578448       1.4317505       0.9985435      0.99740721   2.0423994e-09       65.656557      0.79376461       0.3213746      0.82155545     -0.26237385       14.077488       10988.847        5.796853         5.796853       10988.847                               10558.324                 25.766684                 395.76623                      8.9897747
              1        5500.708       3.0166333       2.7736784      0.94985452     0.021925384      0.11573344     0.051483711       1.0418121      0.99644276       19.686297       13.364331       10.910437      0.70805262       1.1772717       1.1821331      0.99807732       1.0000203   2.0422419e-09       65.646945      0.79318075      0.32082507      0.82024896     -0.27232158       14.086358       10989.784       5.8160586        5.8160586       10989.784                               10559.175                 25.797515                 395.81817                      8.9936637
              1       5502.0895       3.0175617       2.8009455      0.95137793     0.021921848      0.11595466     0.051742201       1.0418173      0.99526921       19.205211       12.836696       10.150586      0.93488672       1.2229386       1.4502014       1.0011594       1.0026979   2.0441388e-09       65.884987      0.79381958      0.31902265      0.81860037     -0.24505447       14.057801       10990.941       6.6187985        6.6187985       10990.941                               10560.502                 25.682928                 395.85966                      8.8973413
              4       5500.8144       3.0182983       2.8231328      0.95238737      0.02193502      0.11611651      0.05209205       1.0417093      0.99507796       19.391145       12.426848       9.8711058      0.86884312       1.1633942       1.1356297      0.99884691      0.99980657   2.0456451e-09       66.060876      0.79403573       0.3177354      0.81716964     -0.22286716       14.036368       10988.168       6.7302061        6.7302061       10988.168                               10557.779                 25.486317                 395.88712                      9.0156784
              5       5498.5764       3.0273662       2.8231328      0.95858518      0.02193502      0.11611651      0.05209205       1.0417093      0.99989984       17.783228       10.829223       8.1487827      0.91652715       1.4657353       1.4305049       0.9979131       1.0006365   2.0642792e-09       66.060876      0.79945161       0.3177354      0.82274331     -0.22286716       14.036368       10987.533       4.8098578        4.8098578       10987.533                               10559.083                 23.840759                 395.82604                      8.7837219
              1       5498.1657       3.0242946       2.8501363      0.95911142      0.02191327      0.11604268     0.049602472       1.0412104      0.99996045       16.904963       9.7770867       7.1026961       1.0943992       1.7120697       1.8300772      0.99950362       1.0031964   2.0579483e-09       66.219794      0.79685172      0.31600419      0.81783051     -0.19586369       14.024251       10986.656       4.8376964        4.8376964       10986.656                               10558.359                 23.813522                 395.68147                      8.8017755
              8       5498.4713       3.0269024       2.8456995      0.95773126     0.021820666      0.11661065     0.050434218       1.0411692       0.9999556       17.143621       10.048074       7.2894308       1.0874502       1.7061988       1.7604254      0.99893173        1.002245    2.063322e-09       65.879175      0.79992073      0.32037398      0.82663719     -0.20030047       14.042256        10987.31       4.8163177        4.8163177        10987.31                               10558.908                 24.106275                   395.709                      8.5863619
              4       5499.9242       3.0250819       2.7980284       0.9547398     0.021981634      0.11692757     0.050239913       1.0414608      0.99851655       14.735022       8.7193304       6.0310784       1.0062178       1.9684837       2.0432603      0.99220706       0.9989077   2.0595691e-09       65.439445      0.80055676      0.32579197      0.83426051      -0.2479716       14.069769       10989.307       5.2709202        5.2709202       10989.307                               10560.143                 24.855561                 395.70824                      8.5998392
              1        5498.905       3.0266134       2.8013149      0.95329902     0.021890871      0.11772121     0.050029427       1.0413689      0.99870349       15.228969       9.5826899       6.6149127      0.85923438       1.8862974       1.8487424      0.99595601      0.99631136   2.0627257e-09        65.09815      0.80356068       0.3308769      0.84390056     -0.24468513       14.081578       10987.671       5.0695296        5.0695296       10987.671                               10557.664                 25.192494                  395.7498                      9.0644151
              5        5497.458       3.0246946       2.8759672       0.9567025     0.021916832      0.11854773     0.047471534       1.0413164      0.99931912       15.483256       9.4294849       6.3731449       1.1086753       1.8454404       2.3076998       0.9963006       1.0045293   2.0587716e-09       65.674767      0.80385277      0.32709672      0.83937103     -0.17003282       14.003485       10984.929       4.9933436        4.9933436       10984.929                               10555.874                  24.44976                 395.74205                      8.8632478
              2       5499.2764       3.0337927       3.0654151        0.966283     0.021999674      0.12003909     0.052163887       1.0408076      0.99708861       15.871523       9.8312835       6.7753446        1.059309       1.9717369       2.2089005      0.99601045        1.008604   2.0775879e-09       67.231732      0.80826601      0.31566437      0.82909916     0.019415147       13.817338       10986.727        5.913082         5.913082       10986.727                               10558.857                 22.984281                 395.88059                      9.0046472
              2       5499.7575       3.0323997       3.1873019      0.96965335     0.022068171      0.12221439     0.048809578       1.0403834      0.99712242        16.09575       9.7318703       7.1757917       1.0556129       2.1747123       2.4364013      0.99770853       1.0077016    2.074696e-09       67.793914      0.81158444      0.31533282      0.83206581      0.14130189       13.706803       10987.974       5.7705212        5.7705212       10987.974                               10560.384                 22.543264                 395.75767                      9.2889316
              3       5497.5074       3.0328348       3.1937511      0.97079452     0.022132708       0.1219709     0.049744146       1.0404504      0.99669195       16.035559       9.7822658       6.9472367       1.0592779       2.0556482       2.2514713      0.99801772       1.0053748   2.0755987e-09       68.029477       0.8109399      0.31276615      0.82801445      0.14775106       13.690805       10983.365       5.8247976        5.8247976       10983.365                                10555.92                  22.38506                 395.71864                      9.3409306
              4       5495.4599       3.0356857       3.1937511      0.97061283     0.022132708       0.1219709     0.049744146       1.0404504      0.99865246       16.961512       10.534931       7.7205459       1.0134552       1.9318143       2.0651654      0.99749801       1.0049195   2.0815247e-09       68.029477      0.81204015      0.31276615      0.82913786      0.14775106       13.690805       10980.754       5.0828287        5.0828287       10980.754                                10553.37                 22.341249                 395.70971                       9.333252
              2       5495.5935       3.0395397       3.2122157      0.96925751     0.022224072      0.12343361     0.051854183       1.0403169      0.99773533       17.916305       11.783916       9.0321567      0.85812858       1.6147923       1.5846498      0.99641748       1.0016783   2.0895622e-09       67.765303      0.81685997      0.31859365      0.84179345      0.16621571        13.67289       10980.639       5.2738084        5.2738084       10980.639                               10552.796                 22.619373                 395.83377                      9.3901312
              2       5496.7475       3.0385516       3.1302599      0.96844462      0.02239798      0.12109568     0.055029395       1.0404985      0.99651188       16.492196       10.366141       7.7383221      0.86538815        1.806037       1.8144504      0.99672694      0.99967508   2.0874986e-09       67.838968      0.81047784      0.31319989      0.82811628     0.084259932       13.723923       10981.869       5.8127078        5.8127078       10981.869                               10553.883                 22.738211                 396.19277                      9.0550994
              1       5496.2792       3.0391006        3.109757       0.9675577     0.022363376      0.12087121     0.055544516       1.0405465      0.99625911       16.227112          9.7422       7.2403505      0.94505485       1.9382088       1.9384039      0.99612391      0.99785335    2.088645e-09       67.667297      0.81047711      0.31422526      0.82946999     0.063756958        13.74609       10980.553       6.0029575        6.0029575       10980.553                               10552.351                 22.912988                 396.33476                      8.9538734
              3       5497.6919       3.0423258       3.1886451      0.97132318     0.022361057      0.12154433     0.056774893       1.0403123      0.99593125       17.536818       9.9558117       7.4964434       1.0951898       1.9991892       2.0412481      0.99879175       1.0023585   2.0953921e-09       68.263825       0.8126397      0.31019703      0.82633514      0.14264511       13.675489       10983.094        6.144746         6.144746       10983.094                               10554.963                 22.383794                 396.58117                      9.1661446
              2       5495.3018       3.0457312       3.1886451      0.97349476     0.022361057      0.12154433     0.056774893       1.0403123      0.99769303       16.249712       10.088436        7.293748       1.0837649       1.9507457       2.1959396      0.99906683       1.0005725     2.10254e-09       68.263825      0.81470476      0.31019703        0.828435      0.14264511       13.675489        10980.17       5.2170162        5.2170162        10980.17                               10552.536                 21.983716                 396.48472                       9.164921
              2       5496.1197       3.0441112       3.1886451      0.97468452     0.022361057      0.12154433     0.056774893       1.0403123      0.99726333       16.132107       9.9929025       7.2174047       1.0684909       1.9346655       2.1780862      0.99902557      0.99985151   2.0991365e-09       68.263825      0.81441802      0.31019703      0.82814344      0.14264511       13.675489       10981.461       5.3892617        5.3892617       10981.461                               10553.911                 21.752779                 396.49945                      9.2976838
              1        5497.797       3.0478081        3.209896      0.97556523     0.022329768      0.12199801     0.058741837       1.0403411      0.99729351       17.030992       11.290774       8.1268907      0.95232399       1.7951602       1.9199616      0.99562836       1.0004568   2.1069112e-09       68.333941      0.81723142      0.31046535      0.83136358      0.16389604       13.658136       10984.658       5.4678594        5.4678594       10984.658                               10556.626                 21.625802                 397.02122                      9.3853259
              2       5496.8344        3.048815       3.1815483      0.97378964     0.022289764      0.12187179     0.059551644       1.0403094       0.9972187       16.296188       11.139986       7.6571083      0.95948004       1.8021719       2.0061094      0.99842517      0.99854588   2.1090337e-09       68.006785      0.81762742       0.3131002      0.83528848      0.13554833       13.691269       10982.815       5.4270783        5.4270783       10982.815                               10554.327                 21.855087                 397.36282                      9.2698949
              3        5496.594       3.0490297       3.1948368      0.97577681     0.022231757      0.12120796     0.059792831       1.0402926      0.99781244       16.505915       10.969758       7.7333793      0.99553456       1.8057858       2.1001857      0.99817173       1.0008024   2.1094866e-09       68.338926      0.81598727      0.30851849      0.82749115      0.14883685        13.68128       10982.812       5.1880186        5.1880186       10982.812                               10554.517                  21.55126                 397.33984                      9.4035937
              3       5498.5929       3.0488316       3.1870182      0.97540238     0.022220173      0.12113766     0.059681387       1.0403157      0.99681559       14.962209       9.4000096       6.4413394      0.91261034       2.0070726       2.2563197       1.0026161       1.0013116   2.1090688e-09       68.271378      0.81585498      0.30895362      0.82794023      0.14101817         13.6894       10985.907       5.6393118        5.6393118       10985.907                               10557.652                  21.70974                 397.32211                       9.223062
              1       5498.9514       3.0536546       3.1870182      0.97742238     0.022220173      0.12113766     0.059681387       1.0403157      0.99924328       14.670341       8.9738452       5.9815243      0.94011663       2.0889645       2.3415906       1.0015927       1.0019457   2.1192653e-09       68.271378      0.81846129      0.30895362      0.83058515      0.14101817         13.6894       10988.177       4.8626775        4.8626775       10988.177                               10560.249                 21.400481                 397.28584                      9.2423257
              1       5498.8922       3.0536419       3.1795206      0.97672119     0.022218824      0.12122232     0.059648606       1.0403006      0.99917021       14.967055       8.8927061       5.9229723       1.0865843       2.0534982       2.3867398       1.0038721       1.0010409   2.1192384e-09       68.148664      0.81872737      0.31024667      0.83259201      0.13352061       13.697974       10987.943        4.920721         4.920721       10987.943                               10559.892                 21.491014                 397.31632                      9.2438236
              3        5496.761       3.0465779       3.0337505      0.97134279     0.022174708      0.11943262     0.056631024       1.0410246       1.0022503        16.24637       10.081983       7.1299665      0.92184267       1.7430155       1.9670748       1.0022528      0.99657462    2.104321e-09       67.294423      0.81342207       0.3141202      0.83234478    -0.012249507       13.823559       10982.973       5.2743942        5.2743942       10982.973                               10555.543                 21.827805                 396.47537                      9.1266107
              1       5496.1661       3.0409609       2.9940347      0.97139501     0.022365789      0.11785317     0.055497521       1.0410372       1.0019288       15.144852       8.8839669       5.9493437      0.96895508       1.8905721        2.180853       1.0016494      0.99546915    2.092534e-09       67.555253      0.80635206       0.3086432      0.81788535    -0.051965317       13.838456       10981.934       5.1991322        5.1991322       10981.934                               10554.658                 21.794975                 396.15067                      9.3306518
              1       5495.9515       3.0426466       3.0226753      0.96975296     0.022252142      0.11925369      0.05457259       1.0406135       1.0018457       15.909542       8.8622695       6.1148583        1.218294       2.0039213       2.3632687       1.0003737      0.99436028   2.0960645e-09       67.156174       0.8103953      0.31518588      0.83065305    -0.023324689       13.838812       10981.468       5.2175073        5.2175073       10981.468                               10554.374                 22.099647                 396.05387                      8.9406889
              1       5496.3432       3.0417009       3.0168647      0.96982293     0.022278348      0.11895699     0.054364021       1.0405971       1.0018334       15.713093       8.6527988       5.9312235       1.2278912       2.0530733        2.422173       1.0002354      0.99449513   2.0940832e-09       67.209712      0.80910866      0.31408306      0.82788207    -0.029135284       13.841442       10982.274       5.2059535        5.2059535       10982.274                               10555.225                 22.082633                 396.04023                      8.9270357
              1        5497.423       3.0448146       3.1161877      0.97521491     0.022348538      0.11959472     0.055888762       1.0403998       1.0011803       15.840378       9.1378467       6.4033601       1.2331702       1.8728543       2.3282817       1.0003242      0.99503125   2.1006135e-09       68.129551      0.81064562       0.3071937      0.82030727     0.070187654       13.739921       10984.805       5.0206701        5.0206701       10984.805                               10557.699                 21.448201                 396.26206                      9.3951578
              4       5499.5789       3.0462986       3.1161877      0.97525587     0.022348538      0.11959472     0.055888762       1.0403998       1.0018902       16.160134       10.822606       6.8895562       1.1980857       1.5099972       1.8261634      0.99872112       0.9951267   2.1037333e-09       68.129551      0.81126008       0.3071937      0.82092906     0.070187654       13.739921       10988.762       5.1980107        5.1980107       10988.762                               10561.736                 21.445667                 396.26206                      9.3177041
              8       5499.9176       3.0501547       3.0011748      0.97283962     0.022269971      0.11726814     0.061087039       1.0408605       1.0015311       15.797468       10.115208       6.1494789       1.1769467       1.6124943       1.9926562      0.99875657      0.99343949   2.1118611e-09       67.709309      0.80849767      0.30575769      0.81621927    -0.044825209       13.843386       10989.444       5.1957199        5.1957199       10989.444                               10560.963                 21.690339                 397.67287                      9.1178564
              1         5502.45       3.0489848       3.1093024      0.97602929     0.022275684       0.1189737     0.057982186       1.0404292       1.0019542       14.951859       10.042287       6.5834121       1.0243138       1.8771488       2.1930999       1.0018936      0.99083832   2.1093919e-09       68.219618      0.81102344      0.30489214      0.81760943     0.063302385       13.750737       10993.843       5.5283812        5.5283812       10993.843                               10566.402                 21.336875                  396.6835                      9.4212872
              2       5502.2654        3.052335       3.1093024      0.97542114     0.022275684       0.1189737     0.057982186       1.0404292       1.0035955       15.074127        9.707893       6.3403985       1.1321394       2.0098106       2.3245135        1.002961      0.99171676   2.1164706e-09       68.219618      0.81219393      0.30489214      0.81878942     0.063302385       13.750737       10992.118       6.2063592        6.2063592       10992.118                               10564.753                 21.428925                  396.7057                      9.2300031
              3       5499.6541       3.0434174        3.005387      0.96979817     0.022290275       0.1185258     0.052529823       1.0408841       1.0049565       14.292326       8.5134131        5.313674       1.1724734       2.0546621        2.421297       1.0014432      0.99191826   2.0976807e-09       67.335095       0.8089459      0.31198572      0.82494731    -0.040612971       13.841742       10985.133       7.0875802        7.0875802       10985.133                               10558.344                 22.038848                 395.81583                      8.9340577
              2       5501.3211       3.0487538       3.1585953      0.97423831     0.022363165      0.12126024     0.053534363         1.04028       1.0041181       15.289411         9.68737       6.5111891       1.1327657       1.8980969       2.1452148       1.0012917      0.99085145   2.1089046e-09       68.006712      0.81607286      0.31193727      0.83215063      0.11259527       13.705627       10989.505       6.5688022        6.5688022       10989.505                               10562.796                 21.580808                 395.91913                       9.208685
              5       5502.5551       3.0470148       3.1585953      0.97478911     0.022363165      0.12126024     0.053534363         1.04028       1.0033245       15.367881       9.9677752       6.3723069      0.80983288       2.2207854       2.2452603      0.99554567      0.99022164   2.1052404e-09       68.006712      0.81553583      0.31193727      0.83160301      0.11259527       13.705627       10992.617       6.2467316        6.2467316       10992.617                               10565.945                  21.49032                 395.90507                      9.2763719
              6       5501.2016       3.0442343       3.0466166      0.97065699     0.022316182      0.11951132     0.053503184       1.0405163       1.0038479       15.156354       10.219917       6.9484435      0.82544605       1.8829379       2.0596484      0.99399297       0.9864317   2.0993949e-09        67.36163      0.81103191      0.31398253      0.82971713    0.0006165732        13.81147       10988.262       7.0706494        7.0706494       10988.262                               10561.453                 21.926892                 395.88967                      8.9919112
              1       5501.7593       3.0447135       3.0359361      0.97044015     0.022324497      0.11932983     0.054152557       1.0405765       1.0036804        14.69911       9.2236987       6.2720946      0.68553584       1.7275301       1.6904477      0.99812191      0.98825821   2.1004013e-09       67.329209      0.81091874      0.31390013      0.82949248    -0.010063936       13.819144       10990.367       6.5758379        6.5758379       10990.367                               10563.426                 21.957863                 396.01729                      8.9660209
              1       5501.6684       3.0451269       3.0793592      0.97201948     0.022384046      0.11990323     0.054072261       1.0403962       1.0026532       13.819343       8.3469225       5.3786517      0.87945598       2.0942852       2.3583891       1.0012922      0.98909861   2.1012697e-09       67.620434      0.81175739      0.31258921      0.82861466     0.033359223       13.775837       10991.435       5.9509631        5.9509631       10991.435                               10564.629                 21.864448                  395.9595                      8.9821198
              5       5502.1958       3.0446242       3.0834231      0.97121156      0.02238256      0.12045883     0.053164838       1.0403698       1.0026879       13.271163       7.7359981        4.550671      0.82699212       2.0542479       2.4038682       1.0004623      0.99331921   2.1002136e-09       67.462807      0.81301144      0.31526917      0.83344468     0.037423066       13.774886       10993.217       5.5874664        5.5874664       10993.217                               10566.347                 21.989404                 395.87259                      9.0080096
              1       5503.4782       3.0434491       3.0868117      0.96953759     0.022185304       0.1209499     0.050487879       1.0400776        1.002953       14.300535       7.7370405       4.8624788      0.94752919       2.0773851       2.6020451      0.99646497      0.99463094   2.0977472e-09       67.069912      0.81406866      0.31962682      0.84027611     0.040811664       13.802038       10995.577       5.6895089        5.6895089       10995.577                               10568.236                   22.3201                  395.7433                      9.2776441
              1       5500.3994       3.0448438       2.8847994      0.96404388     0.022175752      0.11756127     0.055872566        1.040943       1.0024001       12.899382       7.3317689       3.9020501      0.93502055       1.9830984       2.5407675      0.99173635       0.9921356   2.1006751e-09       66.207491      0.80912819      0.32019757      0.83592194     -0.16120064       13.974812       10989.005       5.8967832        5.8967832       10989.005                               10560.601                 23.070898                 396.41343                      8.9196559
              4       5502.2486       3.0537954       3.0369184      0.97113125     0.022374121      0.11914646     0.061473311       1.0404686      0.99960605       13.079991        7.669464       4.2009783       0.8896838       1.9795512       2.3524225      0.99075522      0.99189796   2.1195637e-09       67.409827      0.81385499      0.31285579      0.83110999   -0.0090816254       13.815567       10993.391       5.5532157        5.5532157       10993.391                               10564.348                 22.228194                 397.95508                      8.8599376
              4       5501.1421       3.0533581       3.0533508       0.9722086     0.022409741      0.11921117     0.061208066       1.0404909       1.0020698       16.870545       9.9317958       7.0288682      0.88027851        1.675774        1.838844      0.99315062      0.98882193   2.1186371e-09        67.61442       0.8135827      0.31118724      0.82861343    0.0073508102       13.794491        10990.31        5.987307         5.987307        10990.31                                10561.79                 21.780448                 397.77769                       8.961882
              3       5502.5477       3.0523677       3.0554239      0.97117393     0.022330104      0.11952792     0.059644587       1.0403061       1.0026881       15.634769        9.234374       6.8251728      0.86786517       1.8200924       2.2768581      0.99349635       0.9941613   2.1165397e-09       67.399402      0.81402963      0.31369789      0.83240635    0.0094238875        13.80725       10993.605       5.7452855        5.7452855       10993.605                               10565.492                 21.898904                 397.28831                      8.9251605
              1       5502.2029       3.0510944       3.0050904      0.96879548      0.02237447      0.11897315     0.059886383       1.0403378       1.0023353       15.577958       9.2145885       6.5301134      0.90121702       1.9574896        2.189392      0.99199566      0.98467723   2.1138466e-09       67.060767      0.81239464      0.31572529      0.83341461    -0.040909593       13.851831       10990.974       6.7158173        6.7158173       10990.974                               10562.519                 22.239069                 397.43298                      8.7828097
              1       5500.8106       3.0504426       3.0050904      0.97013822      0.02237447      0.11897315     0.059886383       1.0403378       1.0010738       13.990506       7.9821554       5.1973468      0.98165136       2.2205094       2.5524585      0.99523647      0.98857237   2.1124693e-09       67.060767      0.81253957      0.31572529      0.83356329    -0.040909593       13.851831       10990.333       5.6438987        5.6438987       10990.333                               10561.981                  22.11468                 397.40688                      8.8313294
              2       5498.4396       3.0503105       3.0050904      0.96481449      0.02237447      0.11897315     0.059886383       1.0403378       1.0006707       15.478704        9.436106       6.6729908      0.93617304       2.0339963       2.3073838      0.99616623       0.9888697   2.1121902e-09       67.060767      0.81086482      0.31572529      0.83184521    -0.040909593       13.851831       10985.851       5.5141462        5.5141462       10985.851                               10556.479                 23.203201                 397.53597                      8.6327963
              3       5499.6737       3.0512814       2.9860162      0.96325729     0.022271707      0.11905147     0.059968104       1.0403173       1.0010631       16.264446        10.31249        7.136933       1.1958054       1.6094805       2.2280489      0.98800152      0.98981835    2.114242e-09       66.722836      0.81210033      0.31886977      0.83725112    -0.059983764       13.883137        10987.12       6.1138137        6.1138137        10987.12                               10557.183                 23.456676                 397.68398                      8.7966075
              2       5498.1559       3.0512366       2.9866313      0.96325187     0.022271896      0.11906473     0.059921161       1.0403087       1.0010666       15.988418       10.130529       6.9023356       1.2269299       1.7783261       2.3678483      0.99054499       0.9898655   2.1141473e-09       66.722569       0.8120954      0.31890276      0.83728934    -0.059368716       13.882787       10984.638       5.8367927        5.8367927       10984.638                                10554.71                 23.458188                 397.67181                      8.7982722
              1       5495.8442       3.0371616       2.9177152      0.96571946     0.022289129      0.11574633     0.052840111       1.0411177       1.0045176       15.429147       8.8642992       5.9274101       1.2450396       2.0316711       2.7799555      0.99708861       0.9953374    2.084599e-09       67.385599      0.79886132      0.30536376      0.80597118     -0.12828475       13.914925        10978.55       6.5690527        6.5690527        10978.55                               10550.583                 22.619311                 395.79015                      9.5580707
              2       5495.5568       3.0371626       2.9182981      0.96576275     0.022290837      0.11574541     0.052849255       1.0411176       1.0045093       15.061744       9.5369666       6.2448065       1.0636288       1.8858852       2.5168161       0.9989605      0.99685177   2.0846012e-09       67.394108      0.79884366       0.3052886      0.80585418      -0.1277019       13.914128        10978.18       6.4668985        6.4668985        10978.18                               10550.195                 22.612999                 395.80188                      9.5701691
              2       5495.3247       3.0369121       2.9230178      0.96573923     0.022301519      0.11592423     0.052543593       1.0411075       1.0044804       15.189242       9.5960353       6.3307085       1.0704802       1.8460572       2.4691603       0.9988348      0.99681048   2.0840789e-09       67.390141      0.79914151      0.30574348        0.806755     -0.12298215       13.909142       10977.752       6.4488502        6.4488502       10977.752                               10549.843                 22.623302                 395.75905                      9.5263507
              4        5496.739       3.0396913       2.9230178      0.96279605     0.022301519      0.11592423     0.052543593       1.0411075       1.0043519       14.182021       8.8635818       5.4856105       1.0665705       2.0954227       2.7792405      0.99764363      0.99792495    2.089879e-09       67.390141      0.79937276      0.30574348      0.80698846     -0.12298215       13.909142       10980.779       6.3496802        6.3496802       10980.779                               10552.718                 23.456594                 395.77545                      8.8287805
              1       5502.1004       3.0424226       2.9230178      0.96071938     0.022301519      0.11592423     0.052543593       1.0411075        1.005521       16.337367       9.6469256       6.6550089       1.3156592       2.0314004       2.7424478      0.98897055      0.99997066    2.095595e-09       67.390141      0.79984485      0.30574348      0.80746504     -0.12298215       13.909142       10988.537       7.8320285        7.8320285       10988.537                               10560.177                  23.96787                 395.77695                      8.6150134
              1       5501.9672       3.0424003       2.9315225      0.96097931     0.022321357      0.11608451     0.052463041        1.041085       1.0053988       16.335817       9.6647513       6.6686436       1.3141239       2.0253369       2.7337737      0.98893706       0.9998367   2.0955481e-09       67.440368      0.80006952      0.30568725      0.80761758     -0.11447751         13.8995       10988.476       7.7290551        7.7290551       10988.476                               10560.138                  23.93252                 395.77623                       8.629952
              1       5503.2681       3.0440453       2.9315225      0.96195031     0.022321357      0.11608451     0.052463041        1.041085       1.0062448       14.893517       8.6734788       5.9599979        1.102237       2.0950854       2.4600933      0.98809043      0.99848456   2.0989982e-09       67.440368      0.80101843      0.30568725      0.80857544     -0.11447751         13.8995       10989.285       8.6257395        8.6257395       10989.285                               10561.218                 23.703097                 395.78677                      8.5763512
              1       5502.7111        3.045569       2.8249253       0.9553483     0.022249599      0.11578179     0.054184986       1.0411317       1.0057318       14.375484       8.8780856       5.7593776       1.0085046       2.1158028        2.265499      0.98665002      0.99455868   2.1021989e-09       66.263022      0.80267784      0.31575453      0.82348452     -0.22107467       14.018246       10988.517       8.4526737        8.4526737       10988.517                               10559.045                 25.065951                 396.12555                      8.2801894
              5       5505.5947       3.0456302       2.8266718      0.95535127     0.022245134      0.11584088     0.054133676       1.0411281       1.0052115        13.35764       8.7021043       5.4555248       1.0077151       2.0628401       2.3462857      0.98909471      0.99696198   2.1023277e-09       66.257614      0.80286302      0.31593115      0.82390484     -0.21932825       14.017181       10995.992       7.5988386        7.5988386       10995.992                               10566.366                 25.163846                 396.11191                      8.3503246
              1       5498.5483       3.0264634       2.8266718      0.95599322     0.022245134      0.11584088     0.054133676       1.0411281      0.99611754       13.636322       8.7857811       5.4260256       1.0500438       2.0841253       2.4797997      0.99546404        0.994671   2.0624165e-09       66.257614      0.79539246      0.31593115      0.81623848     -0.21932825       14.017181       10984.625       6.2360009        6.2360009       10984.625                               10555.209                 24.902644                 396.10192                      8.4112451
              2       5498.7183       3.0256897       2.7671667      0.95316041     0.022109792      0.11507361     0.053739379        1.041151      0.99697097       13.312186       8.1527693       4.8666528      0.95064037       2.3084979       2.5528131      0.99530169      0.99763784   2.0608214e-09       65.735724      0.79428949      0.31885642      0.81887152      -0.2788333       14.091796       10986.121       5.6575239        5.6575239       10986.121                               10556.373                 25.420694                 396.08964                      8.2378165
              2       5496.6352        3.025437       2.7571499      0.95284297     0.022105573      0.11490401     0.053742752       1.0411837      0.99758675       13.675026       8.2912063       5.1874282      0.94326855       2.2278767        2.475407       0.9951789      0.99658986   2.0603007e-09       65.686476      0.79397009      0.31892807       0.8186342     -0.28885015       14.101468       10982.419       5.4255177        5.4255177       10982.419                               10552.708                 25.373027                 396.06746                      8.2703565
              9       5496.4646       3.0239134       2.7458439      0.95096211     0.022064952      0.11539778     0.051972535       1.0411443       0.9980055       13.864421       8.8756299       5.5954527      0.92891983       2.1006144       2.4884437      0.99348169       0.9976096   2.0571639e-09       65.334399      0.79504829      0.32343192      0.82551377     -0.30015612       14.121411        10982.24       5.3445085        5.3445085        10982.24                               10552.355                  25.77694                 395.86939                       8.239386
              2       5495.8523       3.0233701       2.7510871      0.95146669     0.022063041      0.11532891     0.051568363       1.0411674      0.99820447       14.187878       9.0043495        5.827677        1.013308       2.0591307       2.5120417      0.99366143       0.9944937   2.0560466e-09       65.425844      0.79452675      0.32236508      0.82361053     -0.29491294       14.114851       10980.913       5.3956515        5.3956515       10980.913                               10551.257                 25.635494                 395.77555                      8.2455376
              1       5494.1685        3.024749       2.8010093      0.95481718     0.022138726      0.11543758      0.05265119       1.0411585      0.99826224       14.970616       9.3946771       6.3214731      0.97398225       1.9604994       2.3529172      0.99339491      0.99338533   2.0588836e-09       66.026579      0.79436657      0.31696726      0.81652133     -0.24499068       14.053251       10977.409       5.4637451        5.4637451       10977.409                               10548.111                 24.845575                 395.89871                      8.5545816
              7       5494.1298       3.0245219       2.8699228      0.95566884     0.022190046      0.11718217     0.050820116       1.0408449       0.9985535       15.912395       10.355277       7.3225621      0.94757601       1.8102349       2.1408337      0.99362875      0.99218561   2.0584161e-09       66.147905      0.79757067      0.31993548      0.82364441     -0.17607719       13.990635       10977.338       5.4609305        5.4609305       10977.338                               10548.321                 24.662731                 395.75281                      8.6011354
              1        5494.666       3.0247561       2.8637424      0.95561858     0.022189265      0.11702578     0.051170386       1.0408769      0.99806331       15.153994       9.1361984       6.2539315       1.0060971       2.0677138       2.5181366      0.99236616      0.99377136   2.0588983e-09       66.141329      0.79736648      0.31963756      0.82305005     -0.18225757       13.995707       10978.191        5.570672         5.570672       10978.191                               10549.162                  24.74891                 395.74832                      8.5318648
              7       5493.9681       3.0264794       2.8637424      0.95654186     0.022189265      0.11702578     0.051170386       1.0408769      0.99894363       14.993091       8.9287599       6.0336747        1.017636       2.1040228       2.5578892      0.99196599      0.99398591   2.0624494e-09       66.141329      0.79832383      0.31963756      0.82403824     -0.18225757       13.995707        10977.18       5.3781005        5.3781005        10977.18                               10548.417                 24.508899                 395.74444                      8.5097769
             10       5495.8498       3.0266255       2.8564686      0.95617001     0.022192004      0.11696602     0.051408481       1.0408791      0.99884658       15.614201       9.7854528       6.6366688      0.94404187       2.0492112       2.3627398      0.99245507      0.99736778   2.0627507e-09       66.081032      0.79830815      0.32008787      0.82460231     -0.18953141       14.002912       10981.278       5.2109565        5.2109565       10981.278                               10552.421                 24.591947                    395.79                      8.4749976
              3       5497.9803       3.0250067       2.8564686       0.9598611     0.022192004      0.11696602     0.051408481       1.0408791      0.99831088       15.195456       9.3447713       5.6213252       1.0685409       2.1792688       2.1584472      0.99431108      0.99654652   2.0594143e-09       66.081032       0.7987418      0.32008787      0.82505024     -0.18953141       14.002912       10985.491       5.2349562        5.2349562       10985.491                               10557.421                 23.653452                 395.77226                      8.6439078
              1       5497.1388        3.029117       2.8564686      0.95708808     0.022192004      0.11696602     0.051408481       1.0408791       1.0000927       16.237082       9.6837898       6.0985388       1.1209961       2.1262366       2.0477782      0.99598927      0.99638553   2.0678964e-09       66.081032      0.79957196      0.32008787      0.82590774     -0.18953141       14.002912       10984.414       4.9316934        4.9316934       10984.414                                10555.84                 24.361457                 395.75968                      8.4528794
              1       5495.0096       3.0323344       2.8317979      0.95591823     0.022072432      0.11684262     0.053248494       1.0409802       1.0002347       16.383441       9.5634891       6.2767749       1.1186335       2.1438869       2.1013155      0.99340771      0.99472462   2.0745604e-09        65.77574      0.80154344      0.32249526      0.83105182     -0.21420205       14.038157       10979.727       5.1461004        5.1461004       10979.727                               10550.678                 24.585673                 396.01349                       8.450038
              2       5494.1992       3.0330528       2.8317979       0.9564713     0.022072432      0.11684262     0.053248494       1.0409802       1.0006124       16.588436       9.5545738       6.7292973       0.9431496       1.6868549       1.7310895      0.99533011      0.99775355   2.0760513e-09        65.77574      0.80199299      0.32249526      0.83151793     -0.21420205       14.038157       10978.499       4.9495331        4.9495331       10978.499                               10549.596                 24.442208                 395.99062                      8.4703115
              7       5494.4004       3.0322428       2.7938154      0.95509553     0.021995682      0.11607308     0.053082949       1.0409711       1.0011765       16.285028       9.7959116       6.8329469       1.0368051       1.6862471       1.8991523      0.99261723      0.99885565   2.0743705e-09       65.542074      0.80029133      0.32281446      0.83016414     -0.25218456       14.084263       10978.451       5.1750692        5.1750692       10978.451                               10549.394                 24.655414                 396.00609                      8.3953137
              2       5495.1147        3.025696       2.8367073      0.95914924     0.022008634      0.11568023     0.048228211       1.0412856       1.0030996       16.615179       10.057121       6.9808887       1.0614704       1.7452969        1.919844      0.99414756       1.0012565   2.0608343e-09       66.293801      0.79629622      0.31468637      0.81555451      -0.2092927       14.025102       10978.763       5.7329928        5.7329928       10978.763                               10550.447                 23.650283                 395.73029                      8.9359415
              3       5495.4163       3.0252973        2.985185      0.96273364     0.022337488      0.11923405     0.045983618       1.0410582       1.0011102       16.907744       10.854467       7.6543642      0.99356295       1.5460328       1.6388977      0.99320113      0.99802494   2.0600129e-09         66.9496        0.802513      0.31726716      0.82528511    -0.060815033       13.855807       10980.564       5.1344871        5.1344871       10980.564                               10552.307                 23.277226                 395.93639                       9.042737
              1        5495.755       3.0269545         2.87877      0.95631009     0.022016648      0.11893825     0.045994623       1.0412921       1.0025817       17.027388       10.754311       7.4110149       1.1000235        1.670992       1.9406041      0.99804375       1.0003309   2.0634295e-09       65.643936      0.80538034        0.328543      0.84282325     -0.16723001       13.992565       10980.834        5.338136         5.338136       10980.834                               10551.738                  24.35238                 395.84499                      8.8978675
              5       5496.8057        3.026802       2.8777221       0.9563448     0.022018227      0.11889399     0.045936447       1.0413057       1.0015019       15.747917       9.5281309        6.166845         1.20365       1.9076169       2.2868302      0.99870333       1.0021461   2.0631148e-09       65.652954      0.80522628      0.32835334      0.84241877     -0.16827793       13.992933       10983.617       4.9971359        4.9971359       10983.617                               10554.236                 24.528489                 395.85544                      8.9968981
              2       5497.8042       3.0292753       2.9528972      0.95953219     0.022015046      0.12001553     0.046184206       1.0412781       1.0014028       17.046987       10.390123         7.20702       1.1648296       1.7429371       2.1275274      0.99542989       1.0023139   2.0682239e-09       66.116216      0.80832018      0.32635405      0.84307711    -0.093102803       13.918944       10985.461       5.0738845        5.0738845       10985.461                               10556.583                  23.94935                 395.81722                      9.1114616
              1        5496.069        3.032689       2.9969621      0.96107408     0.022053284      0.12059662     0.048202548       1.0410136       1.0004439       17.374164       10.709456       7.4595563       1.0784518        1.707462       1.9437741      0.99707487       1.0012851   2.0752963e-09       66.363452      0.81018948      0.32534917      0.84372482    -0.049037875       13.879196       10982.434       4.8520564        4.8520564       10982.434                               10553.737                 23.774316                 395.73711                         9.1856
              1       5495.1981       3.0357569       2.9969621      0.96029409     0.022053284      0.12059662     0.048202548       1.0410136       1.0023417       16.328486       10.524248        7.348013      0.90834771       1.8923649       1.9793598      0.99587359       1.0006044   2.0816728e-09       66.363452      0.81119812      0.32534917      0.84477521    -0.049037875       13.879196       10979.774       5.3109201        5.3109201       10979.774                               10550.946                 23.897702                 395.74045                      9.1907042
              2       5495.3273       3.0375758       2.9020107      0.95836665     0.022021399      0.11865561     0.051719421       1.0414214       1.0021053       15.996859       9.4652937       6.4912343        1.082164       2.0427542        2.278816       0.9943473      0.99920405   2.0854626e-09       66.056059      0.80868254      0.32382795      0.84018438     -0.14398927       13.962296       10980.049       5.3027766        5.3027766       10980.049                               10551.119                  24.19154                 395.82617                      8.9118189
              1       5495.7082       3.0362718       2.8583181      0.95663024      0.02194721      0.11786771     0.051261799       1.0414202       1.0027168        16.55093       9.7164238       6.9133603       1.1725254       1.9822885       2.2580262      0.99177544      0.99549102    2.082745e-09       65.766915      0.80681249      0.32467221      0.83933348     -0.18768194       14.013353       10979.785       5.8156038        5.8156038       10979.785                               10550.674                 24.463361                 395.80814                      8.8392075
              4       5494.0808       3.0399735       2.9691261       0.9607224     0.021972108      0.11928201     0.052181999       1.0409512       1.0020236       17.319408       10.346475       7.4493513        1.181459       2.0198024        2.169198      0.99471327      0.99804322    2.090469e-09       66.414276      0.80994782       0.3216769      0.83869944     -0.07687392       13.913158       10977.618        5.271755         5.271755       10977.618                               10548.991                 23.804982                 395.90982                      8.9119427
              2       5494.4839       3.0384165       2.9983312      0.96119525     0.021983558       0.1199446     0.050303297       1.0408461       1.0037056        19.02993       11.922956       9.0928806       1.0834521       1.7310451       1.7798134      0.99470891      0.99640293   2.0872167e-09       66.492753      0.81051868      0.32245312      0.84030258    -0.047668845       13.887274       10976.791       6.0884555        6.0884555       10976.791                               10548.635                 23.504868                 395.71477                      8.9360683
              5       5494.6541       3.0374903        2.976264      0.96006996      0.02202258      0.11994227     0.050028922       1.0409976        1.003553       19.022211        12.05377       9.1469575       1.0490654       1.6843262       1.6992538      0.99423017      0.99512479   2.0852844e-09       66.322726      0.81050214      0.32418395      0.84253761    -0.069736045       13.901824       10977.147       6.0804429        6.0804429       10977.147                               10548.752                 23.711029                 395.72346                       8.961003
              9       5493.7815       3.0448019       2.9713873      0.96237851     0.022107758      0.11900734      0.05693036       1.0411841       1.0012946       17.624574       11.201578       7.8880959        1.176268       1.6599672       1.8451652      0.99458672      0.99563509    2.100587e-09       66.723976      0.81106165      0.31838626      0.83554607    -0.074612704        13.88885       10977.241       5.1611201        5.1611201       10977.241                               10548.229                  23.45572                 396.75895                      8.7969898
              1       5494.6389       3.0401451       2.8855165      0.95921398     0.022102399      0.11768131     0.055210847       1.0414197       1.0020303       17.076446       11.372821       7.6435253       1.0304829       1.6777115       1.6406448      0.99553004      0.99448396   2.0908277e-09       66.271548      0.80693426      0.31968544       0.8329884     -0.16048346       13.967619       10978.544       5.3670528        5.3670528       10978.544                               10549.635                  23.91939                  396.3687                      8.6209959
              2       5496.1355       3.0398229       2.9017374      0.96079688     0.022146074       0.1176068     0.055192572       1.0415446       1.0020114       18.482141        11.64346       8.7233448       1.0810506       1.6507223       1.7209061      0.99846372       0.9977678   2.0901542e-09       66.562216      0.80640481      0.31683579      0.82872339     -0.14426259       13.941794        10981.98       5.1456261        5.1456261        10981.98                               10553.394                 23.609806                 396.29335                      8.6826279
              7       5496.1808       3.0391593       2.9402924      0.96262489     0.022190481      0.11792515     0.054447553       1.0414461        1.001987       18.169491       11.548722       8.5430144       1.0440738       1.7758645       1.8751579        1.001129      0.99699874   2.0887676e-09       66.899922      0.80617244      0.31446948        0.825385     -0.10570759        13.90074       10982.057       5.1525213        5.1525213       10982.057                               10553.791                 23.295875                 396.12981                      8.8401734
              2       5496.0009       3.0391109       2.9402924      0.96205325     0.022190481      0.11792515     0.054447553       1.0414461       1.0019274       17.065849       10.785019       7.8619361       1.0970634       1.9083053       2.1411683        1.001739      0.99912323   2.0886665e-09       66.899922      0.80598125      0.31446948      0.82518925     -0.10570759        13.90074       10981.799       5.1014153        5.1014153       10981.799                               10553.411                 23.425531                 396.14261                      8.8195995
              1       5497.3347       3.0431193       2.9893781      0.96269306     0.022190546      0.11914052     0.056044892       1.0411406       1.0021613       18.637126       12.269233       9.4356528      0.98344468       1.6289162       1.7316744       1.0017193      0.99701748   2.0970555e-09       66.937675      0.80992539        0.316845      0.83235351    -0.056621868        13.86347       10984.233       5.2182058        5.2182058       10984.233                               10555.594                 23.276406                 396.48521                      8.8771048
              3       5501.2213       3.0436458       2.9893781      0.96253449     0.022190546      0.11914052     0.056044892       1.0411406       1.0024021       18.051343       10.848923       8.3286834       1.0592309       2.0585943       2.1333381       1.0009605      0.99425973   2.0981599e-09       66.937675      0.81009062        0.316845      0.83252331    -0.056621868        13.86347        10991.61       5.4162259        5.4162259        10991.61                               10562.954                 23.314402                 396.48521                      8.8563095
              2       5501.2862       3.0357845        2.999243      0.96402016     0.022145099      0.11794313     0.050904559       1.0408109       1.0043791       18.156654        11.99279       9.2632595        1.001105       1.8023885       2.1556371       1.0043187       1.0013017   2.0817303e-09       67.327443      0.80291064      0.31044882      0.81677342    -0.046756999       13.862533        10989.73       6.4211167        6.4211167        10989.73                               10561.589                 22.894746                 395.70455                      9.5414652
              1       5499.0397       3.0359612        2.999243       0.9672894     0.022145099      0.11794313     0.050904559       1.0408109       1.0044865       16.485535       11.067616       8.2490909       1.0538758       1.8162195       2.3075305      0.99768039       1.0000404   2.0820981e-09       67.327443      0.80396775      0.31044882      0.81784878    -0.046756999       13.862533       10985.235       6.4224735        6.4224735       10985.235                               10557.638                 22.260928                 395.73767                      9.5981538
              5       5498.7789       3.0355382        2.999243      0.96741151     0.022145099      0.11794313     0.050904559       1.0408109       1.0042927       16.376424       11.051261       8.1876341       1.0473407       1.8063218       2.2919661      0.99794345        1.000094   2.0812175e-09       67.327443      0.80383461      0.31044882      0.81771334    -0.046756999       13.862533       10984.996       6.2806343        6.2806343       10984.996                               10557.394                 22.236393                 395.73001                      9.6363338
              2       5497.1667       3.0288941        2.999243       0.9643754     0.022145099      0.11794313     0.050904559       1.0408109       1.0007019       17.302008        11.80729       9.0238385       1.1821276       1.5351901       2.0143323      0.99428565      0.99533172   2.0674356e-09       67.327443      0.80025584      0.31044882      0.81407278    -0.046756999       13.862533        10984.14       5.0969029        5.0969029        10984.14                               10555.579                 22.853524                 395.70572                      10.000979
