pix,n_cw,n,n_ccw,cw_fraction,sigma_from_half
30,38,77,39,0.4935064935064935,-0.11396057645963795
47,73,125,52,0.584,1.8782971010998233
48,63,111,48,0.5675675675675675,1.4237369936287485
121,120,260,140,0.46153846153846156,-1.2403473458920846
122,98,224,126,0.4375,-1.8708286933869707
123,55,125,70,0.44,-1.3416407864998738
124,78,145,67,0.5379310344827586,0.9135002783911397
125,92,179,87,0.5139664804469274,0.37371754637596794
126,91,203,112,0.4482758620689655,-1.4739110533215525
127,62,141,79,0.4397163120567376,-1.4316582658130823
128,35,91,56,0.38461538461538464,-2.2013981571160284
154,95,191,96,0.4973821989528796,-0.07235746052924216
155,189,381,192,0.49606299212598426,-0.15369465587356798
156,167,331,164,0.5045317220543807,0.1648949129787938
157,150,337,187,0.44510385756676557,-2.01551842960052
158,183,391,208,0.4680306905370844,-1.264304343560434
159,98,206,108,0.47572815533980584,-0.6967330142916177
160,111,220,109,0.5045454545454545,0.13483997249264842
161,135,277,142,0.48736462093862815,-0.4205892376882768
162,83,165,82,0.503030303030303,0.0778498944161523
163,56,118,62,0.4745762711864407,-0.552344770738994
170,75,164,89,0.4573170731707317,-1.0932163332202425
171,47,95,48,0.49473684210526314,-0.10259783520851541
192,138,277,139,0.4981949458483754,-0.06008417681261097
193,165,345,180,0.4782608695652174,-0.8075728530872482
194,211,439,228,0.4806378132118451,-0.811365731835691
195,211,407,196,0.5184275184275184,0.7435223956449145
196,148,296,148,0.5,0.0
197,62,131,69,0.4732824427480916,-0.6115928396627265
198,87,164,77,0.5304878048780488,0.7808688094430304
199,141,263,122,0.5361216730038023,1.171590190358594
200,56,104,48,0.5384615384615384,0.7844645405527362
201,22,50,28,0.44,-0.848528137423857
208,97,188,91,0.5159574468085106,0.4375949744936837
209,124,253,129,0.4901185770750988,-0.3143473067309657
210,116,250,134,0.464,-1.1384199576606167
233,60,136,76,0.4411764705882353,-1.3719886811400706
234,88,183,95,0.4808743169398907,-0.517454889668201
235,171,333,162,0.5135135135135135,0.4931969619160719
236,150,296,146,0.5067567567567568,0.23249527748763857
237,217,443,226,0.4898419864559819,-0.42760290433102194
238,218,403,185,0.5409429280397022,1.643847088576169
239,50,113,63,0.4424778761061947,-1.2229371288986763
240,91,195,104,0.4666666666666667,-0.9309493362512627
241,145,290,145,0.5,0.0
242,110,266,156,0.41353383458646614,-2.820440961630843
251,105,237,132,0.4430379746835443,-1.7538384666464035
253,101,218,117,0.463302752293578,-1.0836567383657543
277,51,104,53,0.49038461538461536,-0.19611613513818404
278,110,230,120,0.4782608695652174,-0.659380473395787
279,79,164,85,0.4817073170731707,-0.4685212856658182
280,167,340,173,0.49117647058823527,-0.32539568672798425
281,86,199,113,0.4321608040201005,-1.9139792535225069
282,129,263,134,0.49049429657794674,-0.30831320798910367
283,149,300,151,0.49666666666666665,-0.11547005383792514
284,128,256,128,0.5,0.0
285,70,127,57,0.5511811023622047,1.153563462240948
286,100,206,106,0.4854368932038835,-0.4180398085749706
287,196,422,226,0.46445497630331756,-1.4603771505337064
288,179,344,165,0.5203488372093024,0.7548294124240689
289,70,147,77,0.47619047619047616,-0.5773502691896257
297,39,83,44,0.46987951807228917,-0.5488212999484517
298,115,248,133,0.4637096774193548,-1.1430011430017144
299,161,297,136,0.5420875420875421,1.4506471329641486
300,103,225,122,0.4577777777777778,-1.2666666666666666
301,130,298,168,0.436241610738255,-2.2012808961812707
302,40,85,45,0.47058823529411764,-0.5423261445466404
326,51,106,55,0.4811320754716981,-0.38851434494290565
327,208,429,221,0.48484848484848486,-0.6276459144608478
328,148,274,126,0.5401459854014599,1.3290686053263894
329,135,266,131,0.5075187969924813,0.24525573579398632
330,80,144,64,0.5555555555555556,1.3333333333333333
331,82,156,74,0.5256410256410257,0.6405126152203485
332,58,122,64,0.47540983606557374,-0.5432144762551112
333,70,157,87,0.445859872611465,-1.3567477035949578
334,125,301,176,0.4152823920265781,-2.9395911302915985
335,165,330,165,0.5,0.0
336,290,543,253,0.5340699815837937,1.5878219790646357
337,206,425,219,0.48470588235294115,-0.6305926250944657
338,158,330,172,0.47878787878787876,-0.7706746355884524
339,116,215,99,0.5395348837209303,1.159390377099805
340,34,79,45,0.43037974683544306,-1.2375966910186262
349,28,57,29,0.49122807017543857,-0.13245323570650439
350,144,281,137,0.5124555160142349,0.4175849903903255
351,56,132,76,0.42424242424242425,-1.7407765595569784
352,120,238,118,0.5042016806722689,0.12964074471043288
353,161,308,147,0.5227272727272727,0.7977240352174656
378,137,250,113,0.548,1.5178932768808222
379,231,456,225,0.506578947368421,0.2809757434745082
380,259,568,309,0.45598591549295775,-2.097953395741723
381,203,408,205,0.49754901960784315,-0.09901475429766744
382,118,256,138,0.4609375,-1.25
383,60,112,52,0.5357142857142857,0.7559289460184544
384,83,157,74,0.5286624203821656,0.71827819602086
386,45,94,49,0.4787234042553192,-0.41256849850351734
387,85,212,127,0.4009433962264151,-2.8845718429224694
388,207,395,188,0.5240506329113924,0.9559937503105924
389,220,451,231,0.4878048780487805,-0.5179697702828122
390,235,463,228,0.5075593952483801,0.32531758863812116
391,126,265,139,0.47547169811320755,-0.7985836518841366
392,144,323,179,0.4458204334365325,-1.9474520942613003
393,112,212,100,0.5283018867924528,0.8241633836921342
394,111,215,104,0.5162790697674419,0.47739603762933147
395,31,50,19,0.62,1.697056274847714
404,49,101,52,0.48514851485148514,-0.29851115706299675
405,89,187,98,0.47593582887700536,-0.6581451817144176
406,99,203,104,0.4876847290640394,-0.3509312031717982
407,120,217,97,0.5529953917050692,1.5613417365949005
408,242,476,234,0.5084033613445378,0.36667939881128453
409,59,119,60,0.4957983193277311,-0.09166984970282113
435,143,271,128,0.5276752767527675,0.9111851088461804
436,248,475,227,0.5221052631578947,0.9635460822563594
437,228,479,251,0.4759916492693111,-1.0508968234853937
438,199,399,200,0.49874686716791977,-0.05006261743217589
439,122,272,150,0.4485294117647059,-1.697749375254331
440,54,128,74,0.421875,-1.7677669529663687
441,80,154,74,0.5194805194805194,0.48349377841522817
442,90,168,78,0.5357142857142857,0.9258200997725514
444,63,125,62,0.504,0.08944271909999159
445,75,142,67,0.528169014084507,0.6713450866373513
446,134,271,137,0.4944649446494465,-0.1822370217692361
447,117,234,117,0.5,0.0
448,185,375,190,0.49333333333333335,-0.25819888974716115
449,134,304,170,0.4407894736842105,-2.0647416048350555
450,137,291,154,0.47079037800687284,-0.9965576489929336
451,185,369,184,0.5013550135501355,0.052057920629535355
452,85,164,79,0.5182926829268293,0.4685212856658182
453,41,93,52,0.44086021505376344,-1.1406468642034677
463,99,201,102,0.4925373134328358,-0.21160368475757949
464,137,270,133,0.5074074074074074,0.24343224778007383
465,97,193,96,0.5025906735751295,0.07198157507486945
466,99,199,100,0.49748743718592964,-0.07088812050083358
467,198,416,218,0.47596153846153844,-0.9805806756909202
468,248,491,243,0.505091649694501,0.2256468412032621
469,40,73,33,0.547945205479452,0.819288030372914
496,135,278,143,0.4856115107913669,-0.4798081151232538
497,290,601,311,0.4825291181364393,-0.8566078672704044
498,189,381,192,0.49606299212598426,-0.15369465587356798
499,114,260,146,0.43846153846153846,-1.9845557534273355
500,204,392,188,0.5204081632653061,0.8081220356417685
501,63,122,59,0.5163934426229508,0.3621429841700741
503,57,114,57,0.5,0.0
504,102,187,85,0.5454545454545454,1.243163121016122
506,52,107,55,0.48598130841121495,-0.29002094671369905
507,55,112,57,0.49107142857142855,-0.1889822365046136
508,95,179,84,0.5307262569832403,0.8221786020271294
509,100,181,81,0.5524861878453039,1.4122588778696161
510,127,252,125,0.503968253968254,0.1259881576697424
511,150,299,149,0.5016722408026756,0.05783149319662402
512,166,315,149,0.526984126984127,0.9578414886923188
513,213,394,181,0.5406091370558376,1.6121367099516108
514,87,165,78,0.5272727272727272,0.7006490497453707
525,39,80,41,0.4875,-0.22360679774997896
526,92,191,99,0.4816753926701571,-0.5065022237046951
527,249,543,294,0.4585635359116022,-1.9311348394029353
528,247,494,247,0.5,0.0
529,57,108,51,0.5277777777777778,0.5773502691896257
530,147,273,126,0.5384615384615384,1.270977818604485
531,227,450,223,0.5044444444444445,0.18856180831641267
532,177,356,179,0.49719101123595505,-0.105999788000636
561,108,171,63,0.631578947368421,3.4412360080584263
562,217,501,284,0.43313373253493015,-2.9933392457787606
563,249,527,278,0.47248576850094876,-1.263259841420193
564,156,319,163,0.4890282131661442,-0.391924757669098
565,131,276,145,0.4746376811594203,-0.8427009716003844
566,134,282,148,0.475177304964539,-0.8336878678455791
567,64,135,71,0.4740740740740741,-0.6024640760767093
568,31,59,28,0.5254237288135594,0.39056673294247163
569,116,253,137,0.45849802371541504,-1.3202586882700562
570,30,72,42,0.4166666666666667,-1.4142135623730951
571,40,80,40,0.5,0.0
572,81,142,61,0.5704225352112676,1.6783627165933783
573,80,152,72,0.5263157894736842,0.6488856845230502
574,98,201,103,0.48756218905472637,-0.3526728079292991
575,53,98,45,0.5408163265306123,0.8081220356417685
576,114,208,94,0.5480769230769231,1.386750490563073
577,152,289,137,0.5259515570934256,0.8823529411764706
578,172,317,145,0.5425867507886435,1.516471082014672
579,165,328,163,0.5030487804878049,0.11043152607484653
580,104,225,121,0.4622222222222222,-1.1333333333333333
592,129,240,111,0.5375,1.161895003862225
593,76,131,55,0.5801526717557252,1.8347785189881796
594,216,402,186,0.5373134328358209,1.4962640041614492
595,147,294,147,0.5,0.0
596,89,188,99,0.4734042553191489,-0.7293249574894728
597,86,193,107,0.44559585492227977,-1.5116130765722586
598,106,216,110,0.49074074074074076,-0.2721655269759087
599,92,185,93,0.4972972972972973,-0.07352146220938077
631,176,350,174,0.5028571428571429,0.10690449676496974
632,220,432,212,0.5092592592592593,0.3849001794597505
633,217,419,202,0.5178997613365155,0.7327979531190473
634,73,151,78,0.48344370860927155,-0.40689422938557973
635,33,61,28,0.5409836065573771,0.6401843996644799
636,68,136,68,0.5,0.0
637,107,224,117,0.47767857142857145,-0.6681531047810609
638,54,115,61,0.46956521739130436,-0.6527533657682196
639,31,55,24,0.5636363636363636,0.9438798074485389
642,78,149,71,0.5234899328859061,0.5734623443633283
643,99,193,94,0.5129533678756477,0.35990787537434726
644,64,128,64,0.5,0.0
645,76,136,60,0.5588235294117647,1.3719886811400706
646,86,172,86,0.5,0.0
647,78,192,114,0.40625,-2.598076211353316
648,154,325,171,0.47384615384615386,-0.9429903335828895
649,161,337,176,0.47774480712166173,-0.8171020660542649
650,128,247,119,0.5182186234817814,0.5726562866782
651,44,92,48,0.4782608695652174,-0.41702882811414954
663,121,251,130,0.4820717131474104,-0.5680749627880228
664,82,155,73,0.5290322580645161,0.722897396012249
665,136,262,126,0.5190839694656488,0.6178020632152155
666,84,185,101,0.4540540540540541,-1.249864857559473
667,77,151,74,0.5099337748344371,0.24413653763134782
668,87,181,94,0.48066298342541436,-0.5203059023730164
669,146,281,135,0.5195729537366548,0.656204984899083
670,38,58,20,0.6551724137931034,2.363515791475006
704,74,189,115,0.3915343915343915,-2.9823111665585627
705,190,384,194,0.4947916666666667,-0.20412414523193154
706,113,248,135,0.45564516129032256,-1.3970013970020956
707,47,82,35,0.573170731707317,1.3251783128981585
710,42,93,51,0.45161290322580644,-0.9332565252573828
717,115,230,115,0.5,0.0
718,60,125,65,0.48,-0.4472135954999579
719,58,130,72,0.4461538461538462,-1.227881227029841
720,61,117,56,0.5213675213675214,0.4622501635210242
721,39,80,41,0.4875,-0.22360679774997896
722,171,360,189,0.475,-0.9486832980505138
723,192,435,243,0.4413793103448276,-2.4452628375754593
724,153,317,164,0.48264984227129337,-0.6178215519319035
725,87,176,89,0.4943181818181818,-0.15075567228888181
737,86,171,85,0.5029239766081871,0.07647191129018725
738,67,150,83,0.44666666666666666,-1.3063945294843617
739,68,137,69,0.49635036496350365,-0.0854357657716761
740,168,339,171,0.49557522123893805,-0.16293763397807054
741,147,287,140,0.5121951219512195,0.4131969352706687
742,57,111,54,0.5135135135135135,0.2847473987257497
743,107,241,134,0.44398340248962653,-1.7392228912822432
744,152,302,150,0.5033112582781457,0.1150870675296872
745,81,168,87,0.48214285714285715,-0.4629100498862757
781,75,154,79,0.487012987012987,-0.3223291856101521
782,103,211,108,0.4881516587677725,-0.34421419541075715
783,171,377,206,0.4535809018567639,-1.8025917091861166
789,25,53,28,0.4716981132075472,-0.4120816918460671
790,68,125,57,0.544,0.9838699100999074
793,63,126,63,0.5,0.0
794,103,206,103,0.5,0.0
795,121,251,130,0.4820717131474104,-0.5680749627880228
796,54,102,48,0.5294117647058824,0.5940885257860046
797,58,108,50,0.5370370370370371,0.769800358919501
798,87,187,100,0.46524064171123,-0.9506541513652698
799,66,126,60,0.5238095238095238,0.5345224838248488
800,170,365,195,0.4657534246575342,-1.3085598064755344
801,153,339,186,0.45132743362831856,-1.7923139737587759
802,127,281,154,0.45195729537366547,-1.6106849629341127
803,52,115,63,0.45217391304347826,-1.025755289064345
804,36,80,44,0.45,-0.8944271909999159
816,67,128,61,0.5234375,0.5303300858899106
817,42,96,54,0.4375,-1.2247448713915892
818,66,137,71,0.48175182481751827,-0.42717882885838043
819,68,128,60,0.53125,0.7071067811865475
820,100,185,85,0.5405405405405406,1.1028219331407116
821,72,179,107,0.4022346368715084,-2.6160228246317754
822,183,354,171,0.5169491525423728,0.6377928041432807
823,115,252,137,0.45634920634920634,-1.3858697343671664
824,139,300,161,0.4633333333333333,-1.2701705922171767
862,79,166,87,0.4759036144578313,-0.6209204205650662
863,74,130,56,0.5692307692307692,1.5787044347526527
864,172,348,176,0.4942528735632184,-0.21442250696755896
865,85,173,88,0.4913294797687861,-0.22808577638091165
867,39,76,37,0.5131578947368421,0.22941573387056174
868,57,123,66,0.4634146341463415,-0.811502671200689
870,58,123,65,0.4715447154471545,-0.6311687442672026
871,60,109,49,0.5504587155963303,1.0536089137432665
872,39,78,39,0.5,0.0
874,140,266,126,0.5263157894736842,0.8583950752789522
875,72,162,90,0.4444444444444444,-1.4142135623730951
876,118,229,111,0.5152838427947598,0.46257302031856284
877,74,147,73,0.5034013605442177,0.08247860988423225
878,69,134,65,0.5149253731343284,0.34554737023254406
879,105,205,100,0.5121951219512195,0.3492151478847891
880,132,263,131,0.5019011406844106,0.061662641597820735
881,86,172,86,0.5,0.0
882,222,436,214,0.5091743119266054,0.38313051408846055
883,175,352,177,0.4971590909090909,-0.10660035817780521
884,136,317,181,0.42902208201892744,-2.5274518033577866
885,140,295,155,0.4745762711864407,-0.8733337646093731
886,88,189,101,0.4656084656084656,-0.9456108576893003
899,131,247,116,0.5303643724696356,0.9544271444636666
900,47,86,39,0.5465116279069767,0.8626621856275073
901,81,160,79,0.50625,0.15811388300841897
902,64,120,56,0.5333333333333333,0.7302967433402214
903,58,118,60,0.4915254237288136,-0.1841149235796647
904,101,202,101,0.5,0.0
905,172,376,204,0.4574468085106383,-1.6502739940140694
906,20,61,41,0.32786885245901637,-2.6887744785908154
907,47,98,51,0.47959183673469385,-0.40406101782088427
947,53,118,65,0.4491525423728814,-1.104689541477988
948,184,353,169,0.5212464589235127,0.7983694431185242
949,140,271,131,0.5166051660516605,0.5467110653077083
950,218,398,180,0.5477386934673367,1.904767887044925
951,74,165,91,0.4484848484848485,-1.323448205074589
952,109,230,121,0.47391304347826085,-0.7912565680749444
953,62,116,54,0.5344827586206896,0.7427813527082074
954,112,222,110,0.5045045045045045,0.13423121104280486
955,27,59,32,0.4576271186440678,-0.6509445549041194
959,162,330,168,0.4909090909090909,-0.3302891295379082
960,104,196,92,0.5306122448979592,0.8571428571428571
961,119,243,124,0.4897119341563786,-0.3207501495497921
962,114,239,125,0.4769874476987448,-0.711530850088466
963,72,154,82,0.4675324675324675,-0.8058229640253802
964,97,197,100,0.49238578680203043,-0.21374114996372895
965,150,320,170,0.46875,-1.118033988749895
966,155,288,133,0.5381944444444444,1.2963624321753373
967,244,492,248,0.4959349593495935,-0.18033392693348646
968,244,510,266,0.47843137254901963,-0.9741763740941048
969,228,464,236,0.49137931034482757,-0.3713906763541037
970,142,277,135,0.5126353790613718,0.4205892376882768
971,156,296,140,0.527027027027027,0.9299811099505543
972,117,261,144,0.4482758620689655,-1.671258043593467
973,78,168,90,0.4642857142857143,-0.9258200997725514
974,27,67,40,0.40298507462686567,-1.5882027766319677
978,29,67,38,0.43283582089552236,-1.099524999206747
979,33,77,44,0.42857142857142855,-1.2535663410560174
983,46,81,35,0.5679012345679012,1.2222222222222223
986,87,144,57,0.6041666666666666,2.5
987,71,152,81,0.46710526315789475,-0.8111071056538127
988,58,143,85,0.40559440559440557,-2.257853427019145
989,72,168,96,0.42857142857142855,-1.8516401995451028
990,68,129,61,0.5271317829457365,0.6163156344279367
991,75,143,68,0.5244755244755245,0.5853694070049635
992,166,302,136,0.5496688741721855,1.726306012945308
1037,216,438,222,0.4931506849315068,-0.28669108954049793
1038,62,127,65,0.4881889763779528,-0.26620695282483414
1039,117,231,114,0.5064935064935064,0.19738550848793068
1040,68,127,59,0.5354330708661418,0.7986208584745025
1041,81,153,72,0.5294117647058824,0.727606875108999
1042,89,177,88,0.5028248587570622,0.07516460280028289
1043,59,117,58,0.5042735042735043,0.09245003270420485
1044,132,256,124,0.515625,0.5
1048,81,166,85,0.4879518072289157,-0.3104602102825331
1049,100,208,108,0.4807692307692308,-0.5547001962252291
1050,78,142,64,0.5492957746478874,1.1748539016153647
1051,75,158,83,0.47468354430379744,-0.636445827340584
1052,77,149,72,0.5167785234899329,0.40961596025952024
1054,129,270,141,0.4777777777777778,-0.7302967433402215
1055,167,365,198,0.4575342465753425,-1.6226141600296626
1056,260,494,234,0.5263157894736842,1.1697953037312037
1057,346,712,366,0.4859550561797753,-0.7495316889958614
1058,203,416,213,0.4879807692307692,-0.4902903378454601
1059,178,383,205,0.46475195822454307,-1.3796355518305092
1060,109,228,119,0.4780701754385965,-0.6622661785325219
1061,123,245,122,0.5020408163265306,0.06388765649999399
1062,186,359,173,0.5181058495821727,0.6861137581600374
1063,103,193,90,0.533678756476684,0.9357604759733029
1064,134,262,128,0.5114503816793893,0.37068123792912927
1066,31,64,33,0.484375,-0.25
1069,79,141,62,0.5602836879432624,1.4316582658130823
1073,139,276,137,0.5036231884057971,0.1203858530857692
1074,198,399,201,0.49624060150375937,-0.15018785229652767
1077,86,151,65,0.5695364238410596,1.7089557634194348
1078,102,210,108,0.4857142857142857,-0.41403933560541256
1079,60,118,58,0.5084745762711864,0.1841149235796647
1080,74,163,89,0.4539877300613497,-1.1748906749819361
1081,63,113,50,0.5575221238938053,1.2229371288986763
1082,155,288,133,0.5381944444444444,1.2963624321753373
1083,186,366,180,0.5081967213114754,0.31362502409359
1130,69,141,72,0.48936170212765956,-0.2526455763199557
1131,84,158,74,0.5316455696202531,0.79555728417573
1132,84,149,65,0.5637583892617449,1.556540648986177
1133,68,152,84,0.4473684210526316,-1.2977713690461004
1134,47,88,41,0.5340909090909091,0.6396021490668313
1135,29,73,44,0.3972602739726027,-1.7556172079419585
1136,114,209,95,0.5454545454545454,1.3142574813455419
1137,181,382,201,0.4738219895287958,-1.0232890201933016
1138,28,62,34,0.45161290322580644,-0.762000762001143
1141,107,201,94,0.5323383084577115,0.9169493006161777
1142,102,213,111,0.4788732394366197,-0.6166698388447786
1143,69,136,67,0.5073529411764706,0.17149858514250882
1144,84,172,88,0.4883720930232558,-0.30499714066520933
1145,78,139,61,0.5611510791366906,1.4419211804559506
1146,94,166,72,0.5662650602409639,1.7075311565539322
1148,135,240,105,0.5625,1.9364916731037083
1149,231,438,207,0.5273972602739726,1.1467643581619917
1150,273,572,299,0.4772727272727273,-1.087114613009218
1151,231,471,240,0.49044585987261147,-0.4146981098256822
1152,170,358,188,0.4748603351955307,-0.9513295606470419
1153,148,314,166,0.4713375796178344,-1.0157987663695807
1154,100,193,93,0.5181347150259067,0.5038710255240862
1155,110,243,133,0.45267489711934156,-1.4754506879290437
1156,191,359,168,0.532033426183844,1.213893572129297
1157,208,393,185,0.5292620865139949,1.160196526302232
1158,117,252,135,0.4642857142857143,-1.1338934190276817
1159,107,194,87,0.5515463917525774,1.4359163172354763
1160,125,242,117,0.5165289256198347,0.51425947722658
1161,65,144,79,0.4513888888888889,-1.1666666666666667
1164,66,129,63,0.5116279069767442,0.26413527189768715
1168,295,596,301,0.4949664429530201,-0.24576957615571215
1169,102,186,84,0.5483870967741935,1.3198240351921797
1171,83,158,75,0.5253164556962026,0.636445827340584
1172,93,172,79,0.5406976744186046,1.0674899923282326
1173,70,149,79,0.4697986577181208,-0.7373087284671365
1174,27,72,45,0.375,-2.121320343559643
1175,63,103,40,0.6116504854368932,2.2662573397778742
1176,61,116,55,0.5258620689655172,0.5570860145311556
1177,103,188,85,0.5478723404255319,1.3127849234810511
1178,181,378,197,0.47883597883597884,-0.8229511997978235
1228,139,290,151,0.4793103448275862,-0.7046642634176441
1229,97,201,104,0.48258706467661694,-0.49374193110101877
1230,81,151,70,0.5364238410596026,0.8951673046482753
1231,110,225,115,0.4888888888888889,-0.3333333333333333
1232,86,155,69,0.5548387096774193,1.365472859134248
1233,69,130,61,0.5307692307692308,0.7016464154456235
1234,138,290,152,0.47586206896551725,-0.8221083073205848
1235,107,207,100,0.5169082125603864,0.4865336327998411
1237,121,240,119,0.5041666666666667,0.12909944487358055
1239,78,164,86,0.47560975609756095,-0.6246950475544243
1240,30,58,28,0.5172413793103449,0.2626128657194451
1241,39,105,66,0.37142857142857144,-2.6349301969610397
1242,50,111,61,0.45045045045045046,-1.044073795327749
1243,44,88,44,0.5,0.0
1244,88,165,77,0.5333333333333333,0.8563488385776753
1245,140,257,117,0.5447470817120622,1.4347005815691523
1246,64,136,72,0.47058823529411764,-0.6859943405700353
1247,134,286,152,0.46853146853146854,-1.0643623127803488
1248,201,402,201,0.5,0.0
1249,217,411,194,0.5279805352798054,1.1345063344340771
1250,165,330,165,0.5,0.0
1251,95,180,85,0.5277777777777778,0.7453559924999299
1252,126,257,131,0.490272373540856,-0.31189143077590264
1253,115,226,111,0.5088495575221239,0.2660760420950957
1254,114,245,131,0.46530612244897956,-1.0860901604998978
1255,168,333,165,0.5045045045045045,0.1643989873053573
1256,120,241,121,0.4979253112033195,-0.06441566264008308
1257,135,260,125,0.5192307692307693,0.6201736729460423
1258,122,214,92,0.5700934579439252,2.05075778107399
1259,180,348,168,0.5172413793103449,0.6432675209026768
1260,147,271,124,0.5424354243542435,1.39715050023081
1262,52,98,46,0.5306122448979592,0.6060915267313265
1263,63,116,53,0.5431034482758621,0.9284766908852594
1267,76,139,63,0.5467625899280576,1.1026456085839622
1271,46,91,45,0.5054945054945055,0.10482848367219183
1272,86,166,80,0.5180722891566265,0.4656903154237997
1273,44,90,46,0.4888888888888889,-0.21081851067789195
1274,100,190,90,0.5263157894736842,0.7254762501100117
1275,110,208,98,0.5288461538461539,0.8320502943378437
1276,133,258,125,0.5155038759689923,0.4980582450917523
1277,204,403,199,0.5062034739454094,0.24906774069335894
1278,28,61,33,0.45901639344262296,-0.6401843996644799
1329,93,196,103,0.4744897959183674,-0.7142857142857143
1330,242,499,257,0.4849699398797595,-0.6714922215537679
1331,150,310,160,0.4838709677419355,-0.5679618342470648
1332,52,132,80,0.3939393939393939,-2.4370871833797696
1333,118,227,109,0.5198237885462555,0.5973509804399748
1335,68,139,71,0.4892086330935252,-0.2544566789039913
1336,112,227,115,0.4933920704845815,-0.1991169934799916
1337,120,207,87,0.5797101449275363,2.2936585546278225
1338,102,206,104,0.49514563106796117,-0.13934660285832354
1339,109,242,133,0.45041322314049587,-1.5427784316797402
1341,34,88,54,0.38636363636363635,-2.1320071635561044
1344,47,101,54,0.46534653465346537,-0.6965260331469925
1345,27,68,41,0.39705882352941174,-1.697749375254331
1346,90,183,93,0.4918032786885246,-0.22176638128637186
1347,148,298,150,0.4966442953020134,-0.11585688927269845
1348,103,226,123,0.4557522123893805,-1.3303802104754787
1349,172,370,198,0.4648648648648649,-1.3516756367660947
1350,127,274,147,0.4635036496350365,-1.208244186660354
1351,119,220,101,0.5409090909090909,1.2135597524338357
1352,196,386,190,0.5077720207253886,0.30539195913557254
1353,115,231,116,0.49783549783549785,-0.0657951694959769
1354,106,221,115,0.4796380090497738,-0.6054055145966812
1355,129,255,126,0.5058823529411764,0.18786728732554486
1356,153,302,149,0.5066225165562914,0.2301741350593744
1357,173,334,161,0.5179640718562875,0.6566107861974994
1358,124,229,105,0.5414847161572053,1.2555553408646705
1359,117,264,147,0.4431818181818182,-1.8463723646899908
1360,116,242,126,0.4793388429752066,-0.6428243465332251
1361,124,226,102,0.5486725663716814,1.4634182315230264
1362,111,222,111,0.5,0.0
1363,100,181,81,0.5524861878453039,1.4122588778696161
1364,69,133,64,0.518796992481203,0.43355498476205995
1365,61,124,63,0.49193548387096775,-0.1796053020267749
1366,53,102,49,0.5196078431372549,0.39605901719066977
1373,50,99,49,0.5050505050505051,0.10050378152592121
1374,52,103,51,0.5048543689320388,0.09853292781642932
1375,71,131,60,0.5419847328244275,0.9610744623271417
1376,114,197,83,0.5786802030456852,2.208658549625199
1377,159,320,161,0.496875,-0.11180339887498948
1378,148,287,139,0.5156794425087108,0.5312532024908597
1379,155,316,161,0.49050632911392406,-0.3375263702778072
1380,218,459,241,0.4749455337690632,-1.073548064421474
1381,54,110,56,0.4909090909090909,-0.19069251784911848
1435,116,237,121,0.48945147679324896,-0.32478490123081544
1436,158,323,165,0.4891640866873065,-0.38949041885226005
1437,71,170,99,0.4176470588235294,-2.147501968772637
1438,32,72,40,0.4444444444444444,-0.9428090415820635
1441,33,57,24,0.5789473684210527,1.1920791213585393
1442,155,333,178,0.46546546546546547,-1.2603922360077393
1443,59,113,54,0.5221238938053098,0.4703604341917986
1444,88,183,95,0.4808743169398907,-0.517454889668201
1446,104,208,104,0.5,0.0
1447,39,86,47,0.45348837209302323,-0.8626621856275073
1449,27,54,27,0.5,0.0
1450,112,213,101,0.5258215962441315,0.7537075808102849
1451,146,310,164,0.47096774193548385,-1.0223313016447166
1452,121,252,131,0.4801587301587302,-0.629940788348712
1453,169,356,187,0.4747191011235955,-0.953998092005724
1454,143,313,170,0.45686900958466453,-1.526130231149398
1455,154,326,172,0.4723926380368098,-0.9969277961190803
1456,67,130,63,0.5153846153846153,0.3508232077228117
1457,57,109,52,0.5229357798165137,0.47891314261057566
1458,114,228,114,0.5,0.0
1459,195,381,186,0.5118110236220472,0.4610839676207039
1460,128,255,127,0.5019607843137255,0.06262242910851495
1461,124,246,122,0.5040650406504065,0.12751534261266764
1462,137,258,121,0.5310077519379846,0.9961164901835046
1463,183,320,137,0.571875,2.571478174124758
1464,149,284,135,0.5246478873239436,0.8307471607356973
1465,146,273,127,0.5347985347985348,1.1499323120707248
1466,121,255,134,0.4745098039215686,-0.8140915784106943
1467,108,196,88,0.5510204081632653,1.4285714285714286
1468,128,233,105,0.5493562231759657,1.5067800987849624
1469,96,204,108,0.47058823529411764,-0.8401680504168059
1470,76,147,71,0.5170068027210885,0.4123930494211613
1471,80,188,108,0.425531914893617,-2.042109880970524
1472,72,155,83,0.4645161290322581,-0.8835412617927487
1473,51,84,33,0.6071428571428571,1.9639610121239315
1474,25,50,25,0.5,0.0
1480,45,80,35,0.5625,1.118033988749895
1481,57,107,50,0.5327102803738317,0.6767155423319645
1482,72,137,65,0.5255474452554745,0.5980503604017327
1483,76,137,61,0.5547445255474452,1.2815364865751413
1484,141,290,149,0.4862068965517241,-0.46977617561176277
1485,165,318,153,0.5188679245283019,0.6729265849104532
1486,231,442,211,0.5226244343891403,0.9513029883089881
1487,158,339,181,0.46607669616519176,-1.2491885271652075
1488,109,221,112,0.49321266968325794,-0.20180183819889375
1544,122,268,146,0.4552238805970149,-1.4660333322756627
1545,97,208,111,0.46634615384615385,-0.9707253433941511
1546,128,259,131,0.4942084942084942,-0.18641092980036
1547,28,76,48,0.3684210526315789,-2.2941573387056176
1548,56,127,71,0.4409448818897638,-1.3310347641241707
1551,50,127,77,0.3937007874015748,-2.3958625754235072
1552,79,169,90,0.46745562130177515,-0.8461538461538461
1553,86,163,77,0.5276073619631901,0.7049344049891616
1554,92,192,100,0.4791666666666667,-0.5773502691896258
1555,56,102,46,0.5490196078431373,0.9901475429766744
1556,108,197,89,0.5482233502538071,1.3536939497702833
1558,44,74,30,0.5945945945945946,1.62746694241347
1559,75,152,77,0.4934210526315789,-0.16222142113076254
1560,252,482,230,0.5228215767634855,1.0020725410834093
1561,192,363,171,0.5289256198347108,1.1022141502711038
1562,135,256,121,0.52734375,0.875
1563,163,334,171,0.4880239520958084,-0.4377405241316662
1564,75,142,67,0.528169014084507,0.6713450866373513
1565,106,200,94,0.53,0.848528137423857
1566,54,113,59,0.4778761061946903,-0.4703604341917986
1567,49,95,46,0.5157894736842106,0.30779350562554625
1568,111,233,122,0.47639484978540775,-0.7206339602884603
1569,149,304,155,0.4901315789473684,-0.3441236008058426
1570,59,106,47,0.5566037735849056,1.165543034828717
1572,110,237,127,0.4641350210970464,-1.1042686641847725
1573,86,160,74,0.5375,0.9486832980505138
1574,174,343,169,0.5072886297376094,0.26997462357801943
1575,164,319,155,0.5141065830721003,0.5039032598602688
1576,154,309,155,0.49838187702265374,-0.05688801239885743
1577,174,354,180,0.4915254237288136,-0.31889640207164033
1578,121,234,113,0.5170940170940171,0.5229763603684907
1579,146,283,137,0.5159010600706714,0.5349944684499877
1580,144,248,104,0.5806451612903226,2.54000254000381
1581,140,262,122,0.5343511450381679,1.1120437137873878
1582,118,250,132,0.472,-0.8854377448471462
1583,96,186,90,0.5161290322580645,0.4399413450640599
1584,67,129,62,0.5193798449612403,0.4402254531628119
1585,58,108,50,0.5370370370370371,0.769800358919501
1586,48,96,48,0.5,0.0
1591,77,140,63,0.55,1.1832159566199232
1592,36,59,23,0.6101694915254238,1.6924558427507104
1593,62,122,60,0.5081967213114754,0.18107149208503706
1594,81,174,93,0.46551724137931033,-0.909717652294684
1595,148,273,125,0.5421245421245421,1.3920233251382457
1596,172,333,161,0.5165165165165165,0.60279628678631
1597,180,351,171,0.5128205128205128,0.4803844614152614
1598,82,163,81,0.5030674846625767,0.07832604499879574
1599,57,114,57,0.5,0.0
1657,182,343,161,0.5306122448979592,1.1338934190276815
1658,67,134,67,0.5,0.0
1659,93,205,112,0.45365853658536587,-1.3270175619621987
1660,79,159,80,0.4968553459119497,-0.07930515857181442
1661,106,228,122,0.4649122807017544,-1.059625885652035
1662,42,85,43,0.49411764705882355,-0.10846522890932808
1665,87,183,96,0.47540983606557374,-0.6652991438591156
1666,91,203,112,0.4482758620689655,-1.4739110533215525
1667,55,115,60,0.4782608695652174,-0.4662524041201569
1668,72,126,54,0.5714285714285714,1.6035674514745464
1669,56,105,49,0.5333333333333333,0.6831300510639733
1672,53,123,70,0.43089430894308944,-1.532838378934635
1673,69,147,78,0.46938775510204084,-0.7423074889580903
1674,187,384,197,0.4869791666666667,-0.5103103630798288
1675,38,76,38,0.5,0.0
1676,99,185,86,0.5351351351351351,0.95577900872195
1677,87,193,106,0.45077720207253885,-1.3676499264225197
1678,82,160,78,0.5125,0.31622776601683794
1680,51,102,51,0.5,0.0
1681,25,68,43,0.36764705882352944,-2.182820625326997
1683,46,92,46,0.5,0.0
1687,90,187,97,0.48128342245989303,-0.5118906968889915
1688,78,161,83,0.484472049689441,-0.39405520311955033
1689,135,270,135,0.5,0.0
1690,157,326,169,0.4815950920245399,-0.6646185307460536
1691,166,327,161,0.5076452599388379,0.2765006318046655
1692,163,309,146,0.5275080906148867,0.9670962107805762
1693,166,344,178,0.48255813953488375,-0.6469966392206304
1694,180,384,204,0.46875,-1.2247448713915892
1695,179,376,197,0.47606382978723405,-0.928279121632914
1696,105,202,97,0.5198019801980198,0.5628780357842335
1697,92,157,65,0.5859872611464968,2.1548345880625797
1698,71,151,80,0.47019867549668876,-0.7324096128940435
1699,47,90,43,0.5222222222222223,0.4216370213557839
1700,59,126,67,0.46825396825396826,-0.7126966450997984
1705,34,76,42,0.4473684210526316,-0.917662935482247
1706,69,132,63,0.5227272727272727,0.5222329678670935
1707,57,124,67,0.4596774193548387,-0.8980265101338746
1708,35,66,31,0.5303030303030303,0.4923659639173309
1709,37,78,41,0.47435897435897434,-0.45291081365783825
1710,88,172,84,0.5116279069767442,0.30499714066520933
1711,162,304,142,0.5328947368421053,1.1470786693528088
1712,127,246,119,0.516260162601626,0.5100613704506706
1713,84,157,73,0.535031847133758,0.8778955729143844
1714,51,94,43,0.5425531914893617,0.8251369970070347
1774,101,200,99,0.505,0.1414213562373095
1775,158,305,147,0.5180327868852459,0.629858167745255
1776,178,391,213,0.45524296675191817,-1.7700260809846076
1777,71,151,80,0.47019867549668876,-0.7324096128940435
1778,264,507,243,0.5207100591715976,0.9326427425370879
1779,139,307,168,0.4527687296416938,-1.6551174220525138
1781,35,64,29,0.546875,0.75
1782,77,152,75,0.506578947368421,0.16222142113076254
1783,119,241,122,0.49377593360995853,-0.19324698792024925
1784,80,178,98,0.449438202247191,-1.3491570401925506
1785,50,103,53,0.4854368932038835,-0.29559878344928797
1786,45,100,55,0.45,-1.0
1789,75,148,73,0.5067567567567568,0.1643989873053573
1790,49,108,59,0.4537037037037037,-0.9622504486493763
1791,70,134,64,0.5223880597014925,0.5183210553488161
1792,51,92,41,0.5543478260869565,1.0425720702853738
1794,98,213,115,0.460093896713615,-1.1648208067068038
1795,75,148,73,0.5067567567567568,0.1643989873053573
1807,124,261,137,0.47509578544061304,-0.8046797987672248
1808,105,208,103,0.5048076923076923,0.1386750490563073
1809,172,347,175,0.4956772334293948,-0.1610484381285057
1810,138,271,133,0.5092250922509225,0.30372836961539346
1811,165,325,160,0.5076923076923077,0.2773500981126146
1812,149,321,172,0.46417445482866043,-1.2837348160276794
1813,140,303,163,0.46204620462046203,-1.3213154761292798
1814,100,199,99,0.5025125628140703,0.07088812050083358
1815,83,170,87,0.48823529411764705,-0.30678599553894814
1816,78,152,74,0.5131578947368421,0.3244428422615251
1817,58,124,66,0.46774193548387094,-0.7184212081070996
1818,126,270,144,0.4666666666666667,-1.0954451150103324
1819,45,98,53,0.45918367346938777,-0.8081220356417685
1820,128,271,143,0.47232472324723246,-0.9111851088461804
1821,79,166,87,0.4759036144578313,-0.6209204205650662
1822,92,192,100,0.4791666666666667,-0.5773502691896258
1824,59,96,37,0.6145833333333334,2.2453655975512468
1825,21,58,37,0.3620689655172414,-2.1009029257555607
1826,41,78,37,0.5256410256410257,0.45291081365783825
1827,44,97,53,0.4536082474226804,-0.9138115486202573
1828,48,96,48,0.5,0.0
1829,111,197,86,0.5634517766497462,1.7811762496977412
1830,140,293,153,0.4778156996587031,-0.7594681091880818
1831,80,168,88,0.47619047619047616,-0.6172133998483676
1832,30,63,33,0.47619047619047616,-0.3779644730092272
1834,19,50,31,0.38,-1.697056274847714
1896,201,384,183,0.5234375,0.9185586535436918
1897,250,496,246,0.5040322580645161,0.1796053020267749
1898,229,438,209,0.5228310502283106,0.9556369651349932
1899,79,163,84,0.48466257668711654,-0.3916302249939787
1900,174,374,200,0.46524064171123,-1.3444279939870498
1901,22,61,39,0.36065573770491804,-2.1766269588592317
1902,60,120,60,0.5,0.0
1904,86,176,90,0.48863636363636365,-0.30151134457776363
1905,111,222,111,0.5,0.0
1906,90,184,94,0.4891304347826087,-0.29488391230979427
1907,25,61,36,0.4098360655737705,-1.4084056792618558
1908,55,97,42,0.5670103092783505,1.3199500146737049
1909,50,117,67,0.42735042735042733,-1.5716505559714824
1910,126,238,112,0.5294117647058824,0.9074852129730302
1911,80,175,95,0.45714285714285713,-1.1338934190276817
1912,112,229,117,0.4890829694323144,-0.3304093002275449
1913,90,165,75,0.5454545454545454,1.1677484162422844
1916,87,171,84,0.5087719298245614,0.22941573387056177
1917,98,162,64,0.6049382716049383,2.671292284482513
1918,80,142,62,0.5633802816901409,1.5105264449340403
1919,38,74,36,0.5135135135135135,0.23249527748763857
1923,56,118,62,0.4745762711864407,-0.552344770738994
1924,39,94,55,0.4148936170212766,-1.6502739940140694
1930,85,161,76,0.5279503105590062,0.7092993656151906
1931,135,284,149,0.4753521126760563,-0.8307471607356973
1932,195,406,211,0.4802955665024631,-0.7940666671767441
1933,152,316,164,0.4810126582278481,-0.6750527405556144
1934,194,341,147,0.5689149560117303,2.545192697047247
1935,143,291,148,0.49140893470790376,-0.2931051908802746
1936,126,256,130,0.4921875,-0.25
1937,117,261,144,0.4482758620689655,-1.671258043593467
1938,71,161,90,0.4409937888198758,-1.4974097718542911
1939,68,148,80,0.4594594594594595,-0.9863939238321437
1940,84,168,84,0.5,0.0
1941,169,342,173,0.49415204678362573,-0.21629522817435007
1942,179,386,207,0.4637305699481865,-1.4251624759660053
1943,259,529,270,0.4896030245746692,-0.4782608695652174
1944,266,556,290,0.4784172661870504,-1.0178267156159653
1945,84,171,87,0.49122807017543857,-0.22941573387056177
1947,67,134,67,0.5,0.0
1948,54,102,48,0.5294117647058824,0.5940885257860046
1949,40,93,53,0.43010752688172044,-1.3480372031495529
1950,109,251,142,0.4342629482071713,-2.0829415302227505
1951,86,161,75,0.5341614906832298,0.8669214468630108
1952,111,213,102,0.5211267605633803,0.6166698388447786
1953,121,227,106,0.5330396475770925,0.9955849673999579
1954,176,328,152,0.5365853658536586,1.3251783128981585
1955,61,112,51,0.5446428571428571,0.944911182523068
2021,67,132,65,0.5075757575757576,0.17407765595569785
2022,233,459,226,0.5076252723311547,0.32673201960653564
2023,261,496,235,0.5262096774193549,1.167434463174037
2024,180,355,175,0.5070422535211268,0.2653724462171376
2025,52,101,49,0.5148514851485149,0.29851115706299675
2026,73,137,64,0.5328467153284672,0.7689218919450849
2027,35,62,27,0.5645161290322581,1.016001016001524
2031,116,222,106,0.5225225225225225,0.6711560552140243
2032,54,96,42,0.5625,1.2247448713915892
2033,132,242,110,0.5454545454545454,1.4142135623730951
2034,28,58,30,0.4827586206896552,-0.2626128657194451
2035,108,207,99,0.5217391304347826,0.6255432421712243
2036,79,168,89,0.47023809523809523,-0.7715167498104595
2037,42,89,47,0.47191011235955055,-0.52999894000318
2038,67,146,79,0.4589041095890411,-0.9931270663228415
2039,88,194,106,0.4536082474226804,-1.2923246855119286
2040,45,89,44,0.5056179775280899,0.105999788000636
2042,148,302,154,0.4900662251655629,-0.3452612025890616
2043,97,207,110,0.46859903381642515,-0.9035624609139906
2044,54,123,69,0.43902439024390244,-1.3525044520011484
2050,64,130,66,0.49230769230769234,-0.17541160386140586
2052,80,147,67,0.54421768707483,1.0722219284950194
2053,34,73,39,0.4657534246575342,-0.5852057359806528
2054,81,172,91,0.47093023255813954,-0.7624928516630234
2057,55,121,66,0.45454545454545453,-1.0
2058,164,310,146,0.5290322580645161,1.0223313016447166
2059,204,420,216,0.4857142857142857,-0.5855400437691199
2060,248,509,261,0.48722986247544203,-0.5762148693313172
2061,200,384,184,0.5208333333333334,0.8164965809277261
2062,207,398,191,0.5201005025125628,0.8020075313873368
2063,153,308,155,0.4967532467532468,-0.11396057645963795
2064,136,272,136,0.5,0.0
2065,117,241,124,0.4854771784232365,-0.4509096384805816
2066,138,279,141,0.4946236559139785,-0.17960530202677488
2067,182,333,151,0.5465465465465466,1.698789535488692
2068,127,220,93,0.5772727272727273,2.292279532375023
2069,100,222,122,0.45045045045045046,-1.4765433214708534
2070,44,88,44,0.5,0.0
2071,101,238,137,0.42436974789915966,-2.333533404787792
2072,80,158,78,0.5063291139240507,0.159111456835146
2073,51,94,43,0.5425531914893617,0.8251369970070347
2074,93,180,87,0.5166666666666667,0.4472135954999579
2075,106,218,112,0.48623853211009177,-0.4063712768871578
2076,94,217,123,0.43317972350230416,-1.968648276576179
2077,232,426,194,0.5446009389671361,1.841106015823735
2078,121,256,135,0.47265625,-0.875
2079,115,227,112,0.5066079295154186,0.1991169934799916
2080,142,286,144,0.4965034965034965,-0.11826247919781652
2081,175,375,200,0.4666666666666667,-1.2909944487358056
2082,59,117,58,0.5042735042735043,0.09245003270420485
2150,107,239,132,0.4476987447698745,-1.6171155683828773
2151,278,566,288,0.4911660777385159,-0.4203313517091986
2152,189,393,204,0.48091603053435117,-0.7566499084579774
2153,101,207,106,0.48792270531400966,-0.34752402342845795
2154,35,75,40,0.4666666666666667,-0.5773502691896257
2155,41,76,35,0.5394736842105263,0.6882472016116852
2160,69,161,92,0.42857142857142855,-1.8126539343499315
2161,123,241,118,0.5103734439834025,0.3220783132004154
2162,112,215,103,0.5209302325581395,0.6137949055234262
2163,81,143,62,0.5664335664335665,1.5888598190134724
2164,130,256,126,0.5078125,0.25
2166,29,61,32,0.47540983606557374,-0.3841106397986879
2167,104,215,111,0.48372093023255813,-0.47739603762933147
2168,75,169,94,0.4437869822485207,-1.4615384615384615
2169,147,272,125,0.5404411764705882,1.3339459376998313
2170,176,364,188,0.4835164835164835,-0.628970902033151
2171,118,241,123,0.4896265560165975,-0.3220783132004154
2172,28,70,42,0.4,-1.6733200530681511
2173,35,82,47,0.4268292682926829,-1.3251783128981585
2175,53,126,73,0.42063492063492064,-1.7817416127494958
2178,32,68,36,0.47058823529411764,-0.48507125007266594
2179,84,189,105,0.4444444444444444,-1.5275252316519465
2181,95,165,70,0.5757575757575758,1.9462473604038073
2182,76,152,76,0.5,0.0
2183,114,251,137,0.4541832669322709,-1.4517471271249474
2186,28,55,27,0.509090909090909,0.13483997249264842
2187,206,387,181,0.5322997416020672,1.2708214194383722
2188,292,512,220,0.5703125,3.181980515339464
2189,257,500,243,0.514,0.6260990336999411
2190,192,383,191,0.5013054830287206,0.0510976130307596
2191,151,295,144,0.511864406779661,0.4075557568177074
2192,164,342,178,0.47953216374269003,-0.7570332986102252
2193,158,300,142,0.5266666666666666,0.9237604307034011
2194,173,336,163,0.5148809523809523,0.545544725589981
2195,143,306,163,0.4673202614379085,-1.1433239009500589
2196,133,263,130,0.5057034220532319,0.1849879247934622
2197,94,174,80,0.5402298850574713,1.0613372610104648
2201,140,270,130,0.5185185185185185,0.6085806194501846
2202,65,130,65,0.5,0.0
2203,74,138,64,0.5362318840579711,0.8512565307587486
2204,104,208,104,0.5,0.0
2205,150,305,155,0.4918032786885246,-0.28629916715693415
2206,111,221,110,0.502262443438914,0.06726727939963124
2207,168,328,160,0.5121951219512195,0.44172610429938614
2208,151,303,152,0.49834983498349833,-0.0574484989621426
2209,134,289,155,0.46366782006920415,-1.2352941176470589
2210,84,180,96,0.4666666666666667,-0.8944271909999159
2278,149,285,136,0.5228070175438596,0.77005354108682
2279,190,389,199,0.4884318766066838,-0.4563181139070544
2280,117,243,126,0.48148148148148145,-0.5773502691896257
2281,80,167,87,0.47904191616766467,-0.5416762627738958
2282,31,71,40,0.43661971830985913,-1.0681034923744679
2285,69,163,94,0.4233128834355828,-1.9581511249698935
2286,38,76,38,0.5,0.0
2287,95,201,106,0.472636815920398,-0.775880177444458
2289,76,178,102,0.42696629213483145,-1.9487823913892397
2290,125,255,130,0.49019607843137253,-0.31311214554257477
2291,116,227,111,0.5110132158590308,0.331861655799986
2292,70,128,58,0.546875,1.0606601717798212
2296,47,92,45,0.5108695652173914,0.20851441405707477
2297,148,301,153,0.49169435215946844,-0.28819520885211747
2298,137,259,122,0.528957528957529,0.9320546490018
2299,109,240,131,0.45416666666666666,-1.420093893609386
2300,62,119,57,0.5210084033613446,0.4583492485141057
2301,98,220,122,0.44545454545454544,-1.618079669911781
2302,118,260,142,0.45384615384615384,-1.4884168150705015
2303,65,134,69,0.48507462686567165,-0.34554737023254406
2304,88,174,86,0.5057471264367817,0.15161960871578067
2306,69,165,96,0.41818181818181815,-2.101947149236112
2309,54,99,45,0.5454545454545454,0.9045340337332909
2310,158,284,126,0.5563380281690141,1.8988506531101652
2311,49,82,33,0.5975609756097561,1.7669044171975445
2313,43,93,50,0.46236559139784944,-0.7258661863112977
2314,107,226,119,0.47345132743362833,-0.7982281262852872
2315,205,404,199,0.5074257425742574,0.29851115706299675
2316,180,356,176,0.5056179775280899,0.211999576001272
2317,131,257,126,0.5097276264591439,0.31189143077590264
2318,156,309,153,0.5048543689320388,0.17066403719657228
2319,178,363,185,0.4903581267217631,-0.36740471675703457
2320,250,467,217,0.5353319057815846,1.5270578841630669
2321,128,266,138,0.48120300751879697,-0.6131393394849658
2322,280,540,260,0.5185185185185185,0.8606629658238705
2323,151,297,146,0.5084175084175084,0.29012942659282975
2324,57,123,66,0.4634146341463415,-0.811502671200689
2325,34,64,30,0.53125,0.5
2327,79,161,82,0.4906832298136646,-0.23643312187173018
2328,132,268,136,0.4925373134328358,-0.24433888871261045
2329,107,229,122,0.4672489082969432,-0.9912279006826347
2330,84,169,85,0.4970414201183432,-0.07692307692307693
2331,127,247,120,0.5141700404858299,0.44539933408304444
2332,81,190,109,0.4263157894736842,-2.031333500308033
2333,112,242,130,0.4628099173553719,-1.1570838237598051
2334,180,331,151,0.5438066465256798,1.5939841587950068
2335,168,337,169,0.49851632047477745,-0.05447347107028433
2336,199,406,207,0.49014778325123154,-0.39703333358837206
2337,147,303,156,0.48514851485148514,-0.5170364906592835
2406,64,121,57,0.5289256198347108,0.6363636363636364
2407,232,487,255,0.47638603696098564,-1.0422294851877207
2408,189,372,183,0.5080645161290323,0.3110855084191276
2409,56,116,60,0.4827586206896552,-0.3713906763541037
2410,73,151,78,0.48344370860927155,-0.40689422938557973
2413,26,55,29,0.4727272727272727,-0.40451991747794525
2414,63,130,67,0.4846153846153846,-0.3508232077228117
2415,63,122,59,0.5163934426229508,0.3621429841700741
2416,59,121,62,0.48760330578512395,-0.2727272727272727
2418,114,213,99,0.5352112676056338,1.0277830647412975
2419,96,185,89,0.518918918918919,0.5146502354656654
2421,104,193,89,0.538860103626943,1.0797236261230418
2425,120,233,113,0.5150214592274678,0.45858524745629287
2426,137,281,144,0.4875444839857651,-0.4175849903903255
2427,142,262,120,0.5419847328244275,1.359164539073474
2428,49,92,43,0.532608695652174,0.6255432421712244
2429,79,149,70,0.5302013422818792,0.7373087284671365
2430,91,167,76,0.5449101796407185,1.1607348488012053
2431,86,156,70,0.5512820512820513,1.281025230440697
2432,49,98,49,0.5,0.0
2433,94,201,107,0.46766169154228854,-0.9169493006161777
2434,90,188,98,0.4787234042553192,-0.5834599659915782
2435,70,150,80,0.4666666666666667,-0.816496580927726
2437,41,83,42,0.4939759036144578,-0.10976425998969035
2438,176,342,166,0.5146198830409356,0.5407380704358752
2439,115,256,141,0.44921875,-1.625
2440,82,154,72,0.5324675324675324,0.8058229640253802
2442,102,213,111,0.4788732394366197,-0.6166698388447786
2443,84,179,95,0.4692737430167598,-0.8221786020271294
2444,168,346,178,0.48554913294797686,-0.5376033305704704
2445,150,346,196,0.43352601156069365,-2.4729753206241636
2446,143,307,164,0.46579804560260585,-1.1985333056242342
2447,170,362,192,0.4696132596685083,-1.1562943287008007
2448,253,493,240,0.513184584178499,0.5854905538443584
2449,194,404,210,0.4801980198019802,-0.7960297521679913
2450,299,574,275,0.5209059233449478,1.0017406453556188
2451,252,526,274,0.4790874524714829,-0.9592455844332842
2452,172,347,175,0.4956772334293948,-0.1610484381285057
2453,121,233,112,0.51931330472103,0.5896096038723766
2454,65,131,66,0.4961832061068702,-0.0873704056661038
2455,98,178,80,0.550561797752809,1.3491570401925506
2456,143,323,180,0.44272445820433437,-2.0587350710762315
2457,167,340,173,0.49117647058823527,-0.32539568672798425
2458,78,168,90,0.4642857142857143,-0.9258200997725514
2459,120,249,129,0.4819277108433735,-0.5703518254720301
2460,84,177,93,0.4745762711864407,-0.676481425202546
2461,126,238,112,0.5294117647058824,0.9074852129730302
2462,150,299,149,0.5016722408026756,0.05783149319662402
2463,120,222,102,0.5405405405405406,1.2080808993852439
2464,170,350,180,0.4857142857142857,-0.5345224838248488
2465,234,457,223,0.5120350109409191,0.5145582966974868
2466,109,206,97,0.529126213592233,0.8360796171499412
2467,51,113,62,0.45132743362831856,-1.034792955221957
2532,28,50,22,0.56,0.848528137423857
2534,167,353,186,0.4730878186968839,-1.011267961283464
2535,210,420,210,0.5,0.0
2536,140,275,135,0.509090909090909,0.3015113445777636
2537,40,83,43,0.4819277108433735,-0.329292779969071
2538,95,180,85,0.5277777777777778,0.7453559924999299
2541,66,134,68,0.4925373134328358,-0.17277368511627203
2543,77,153,76,0.5032679738562091,0.08084520834544433
2544,47,105,58,0.44761904761904764,-1.0734900802433864
2545,37,84,47,0.44047619047619047,-1.091089451179962
2546,66,126,60,0.5238095238095238,0.5345224838248488
2548,43,92,49,0.4673913043478261,-0.6255432421712244
2549,75,169,94,0.4437869822485207,-1.4615384615384615
2552,88,187,99,0.47058823529411764,-0.8043996665398437
2553,84,183,99,0.45901639344262296,-1.1088319064318592
2554,114,224,110,0.5089285714285714,0.2672612419124244
2555,150,293,143,0.5119453924914675,0.40894436648589017
2556,116,214,98,0.5420560747663551,1.2304546686443938
2557,87,186,99,0.46774193548387094,-0.8798826901281198
2558,131,256,125,0.51171875,0.375
2559,44,80,36,0.55,0.8944271909999159
2560,112,269,157,0.4163568773234201,-2.7436984238236155
2561,93,182,89,0.510989010989011,0.29649972666444047
2562,109,223,114,0.48878923766816146,-0.3348247650912125
2563,47,91,44,0.5164835164835165,0.3144854510165755
2564,105,207,102,0.5072463768115942,0.20851441405707474
2565,124,235,111,0.5276595744680851,0.8480264949694749
2566,202,410,208,0.4926829268292683,-0.2963188789948769
2567,91,168,77,0.5416666666666666,1.0801234497346432
2568,73,137,64,0.5328467153284672,0.7689218919450849
2569,130,264,134,0.49242424242424243,-0.24618298195866545
2570,111,196,85,0.5663265306122449,1.8571428571428572
2571,147,300,153,0.49,-0.3464101615137754
2572,253,496,243,0.5100806451612904,0.4490132550669373
2573,221,467,246,0.4732334047109208,-1.1568620334568689
2574,164,354,190,0.4632768361581921,-1.381884408977108
2575,160,321,161,0.4984423676012461,-0.05581455721859476
2576,275,551,276,0.49909255898366606,-0.042601432284230495
2577,214,455,241,0.4703296703296703,-1.2657795235339375
2578,225,443,218,0.5079006772009029,0.33258003670190595
2579,218,435,217,0.5011494252873563,0.04794633014853841
2580,184,364,180,0.5054945054945055,0.20965696734438366
2581,141,296,155,0.47635135135135137,-0.813733471206735
2582,90,190,100,0.47368421052631576,-0.7254762501100117
2583,146,311,165,0.4694533762057878,-1.077391156535111
2584,134,265,131,0.5056603773584906,0.18428853505018536
2585,262,524,262,0.5,0.0
2586,212,433,221,0.4896073903002309,-0.43251239819899145
2587,215,434,219,0.49539170506912444,-0.1920061442949277
2588,144,287,143,0.5017421602787456,0.059028133610095526
2589,154,257,103,0.5992217898832685,3.181292593914207
2590,180,368,188,0.4891304347826087,-0.41702882811414954
2591,168,316,148,0.5316455696202531,1.125087900926024
2592,154,299,145,0.5150501672240803,0.5204834387696162
2593,156,322,166,0.484472049689441,-0.5572782125753528
2594,47,93,46,0.5053763440860215,0.10369516947304253
2663,182,353,171,0.5155807365439093,0.5854709249535844
2664,219,442,223,0.49547511312217196,-0.19026059766179762
2665,107,211,104,0.5071090047393365,0.20652851724645427
2666,69,140,71,0.4928571428571429,-0.1690308509457033
2667,25,59,34,0.423728813559322,-1.171700198827415
2669,45,84,39,0.5357142857142857,0.6546536707079772
2670,109,227,118,0.4801762114537445,-0.5973509804399748
2671,27,51,24,0.5294117647058824,0.42008402520840293
2672,87,171,84,0.5087719298245614,0.22941573387056177
2674,80,177,97,0.4519774011299435,-1.277798247604809
2677,29,58,29,0.5,0.0
2679,84,167,83,0.5029940119760479,0.07738232325341368
2681,32,70,38,0.45714285714285713,-0.7171371656006361
2682,82,172,90,0.47674418604651164,-0.6099942813304187
2683,97,172,75,0.563953488372093,1.6774842736586515
2684,133,248,115,0.5362903225806451,1.1430011430017144
2685,68,122,54,0.5573770491803278,1.2675004445952593
2686,102,196,94,0.5204081632653061,0.5714285714285714
2687,153,296,143,0.5168918918918919,0.5812381937190965
2688,32,79,47,0.4050632911392405,-1.6876318513890358
2689,159,311,152,0.5112540192926045,0.3969335839866199
2690,84,172,88,0.4883720930232558,-0.30499714066520933
2691,51,104,53,0.49038461538461536,-0.19611613513818404
2692,74,148,74,0.5,0.0
2693,81,171,90,0.47368421052631576,-0.6882472016116853
2694,177,339,162,0.5221238938053098,0.8146881698903526
2695,181,377,196,0.48010610079575594,-0.7725393039369071
2696,117,232,115,0.5043103448275862,0.13130643285972254
2697,132,275,143,0.48,-0.6633249580710799
2698,155,294,139,0.5272108843537415,0.9331389496316869
2699,152,294,142,0.5170068027210885,0.5832118435198043
2700,144,305,161,0.4721311475409836,-0.973417168333576
2701,300,642,342,0.4672897196261682,-1.6576077797241027
2702,205,394,189,0.5203045685279187,0.8060683549758054
2703,179,346,167,0.5173410404624278,0.6451239966845644
2704,184,371,187,0.49595687331536387,-0.1557522394953495
2705,210,427,217,0.4918032786885246,-0.3387537429470791
2706,214,477,263,0.44863731656184486,-2.2435558778285873
2707,259,517,258,0.5009671179883946,0.04397994971335425
2708,264,552,288,0.4782608695652174,-1.0215078369104984
2709,295,546,251,0.5402930402930403,1.8830261670480166
2710,154,307,153,0.501628664495114,0.05707301455353496
2711,195,368,173,0.529891304347826,1.1468292773139113
2712,192,376,184,0.5106382978723404,0.41256849850351734
2713,212,404,192,0.5247524752475248,0.9950371902099892
2714,306,650,344,0.4707692307692308,-1.4904826270501987
2715,321,637,316,0.5039246467817896,0.19810721293758182
2716,240,473,233,0.507399577167019,0.321860342910192
2717,164,318,154,0.5157232704402516,0.5607721540920443
2718,181,338,157,0.5355029585798816,1.3054279037290109
2719,161,325,164,0.49538461538461537,-0.16641005886756874
2720,119,232,113,0.5129310344827587,0.39391929857916763
2721,142,261,119,0.5440613026819924,1.4236642593573978
2722,32,66,34,0.48484848484848486,-0.24618298195866545
2752,31,60,29,0.5166666666666667,0.2581988897471611
2755,39,82,43,0.47560975609756095,-0.44172610429938614
2758,43,88,45,0.48863636363636365,-0.21320071635561041
2759,37,77,40,0.4805194805194805,-0.3418817293789138
2761,94,164,70,0.573170731707317,1.8740851426632728
2762,58,124,66,0.46774193548387094,-0.7184212081070996
2790,42,69,27,0.6086956521739131,1.805787796286538
2791,244,495,251,0.49292929292929294,-0.3146266024828463
2792,113,222,109,0.509009009009009,0.2684624220856097
2793,73,118,45,0.6186440677966102,2.5776089301153053
2796,39,64,25,0.609375,1.75
2797,83,174,91,0.47701149425287354,-0.6064784348631227
2798,54,107,53,0.5046728971962616,0.09667364890456635
2799,107,235,128,0.4553191489361702,-1.3698889534122287
2800,111,234,123,0.47435897435897434,-0.7844645405527361
2801,22,53,31,0.41509433962264153,-1.2362450755382013
2803,41,76,35,0.5394736842105263,0.6882472016116852
2806,49,97,48,0.5051546391752577,0.10153461651336192
2807,117,228,111,0.5131578947368421,0.39735970711951313
2808,64,146,82,0.4383561643835616,-1.4896905994842622
2809,63,115,52,0.5478260869565217,1.025755289064345
2810,106,234,128,0.452991452991453,-1.4381849910133495
2811,82,177,95,0.4632768361581921,-0.9771398364036775
2812,40,77,37,0.5194805194805194,0.3418817293789138
2814,149,305,156,0.4885245901639344,-0.4008188340197078
2815,26,57,31,0.45614035087719296,-0.6622661785325219
2816,101,183,82,0.5519125683060109,1.4045204148136883
2817,137,293,156,0.46757679180887374,-1.1099918518902734
2818,98,200,102,0.49,-0.282842712474619
2819,77,142,65,0.5422535211267606,1.007017629956027
2821,210,420,210,0.5,0.0
2822,148,266,118,0.556390977443609,1.8394180184548976
2823,130,275,145,0.4727272727272727,-0.9045340337332908
2824,249,529,280,0.4706994328922495,-1.3478260869565217
2825,116,217,101,0.5345622119815668,1.018266349953196
2826,117,242,125,0.4834710743801653,-0.51425947722658
2827,177,334,157,0.5299401197604791,1.0943513103291655
2828,155,304,149,0.5098684210526315,0.3441236008058426
2829,313,613,300,0.5106035889070146,0.5250650546193126
2830,196,384,188,0.5104166666666666,0.4082482904638631
2831,187,392,205,0.4770408163265306,-0.9091372900969896
2832,175,357,182,0.49019607843137253,-0.37047928681747416
2833,223,443,220,0.5033860045146726,0.14253430144367396
2834,241,480,239,0.5020833333333333,0.09128709291752768
2835,283,540,257,0.524074074074074,1.1188618555710317
2836,217,460,243,0.4717391304347826,-1.212256250712408
2837,209,432,223,0.4837962962962963,-0.6735753140545634
2838,170,312,142,0.5448717948717948,1.585187847802434
2839,178,362,184,0.49171270718232046,-0.31535299873658207
2840,74,191,117,0.387434554973822,-3.111370802757413
2841,220,462,242,0.47619047619047616,-1.023532631438318
2842,266,556,290,0.4784172661870504,-1.0178267156159653
2843,242,502,260,0.4820717131474104,-0.8033793168194132
2844,296,551,255,0.5372050816696915,1.7466587236534503
2845,161,336,175,0.4791666666666667,-0.7637626158259734
2846,210,433,223,0.48498845265588914,-0.6247401307318765
2847,174,357,183,0.48739495798319327,-0.4763305116224668
2848,114,219,105,0.5205479452054794,0.6081636405595373
2849,78,152,74,0.5131578947368421,0.3244428422615251
2873,44,90,46,0.4888888888888889,-0.21081851067789195
2880,62,146,84,0.4246575342465753,-1.8207329549252094
2881,67,130,63,0.5153846153846153,0.3508232077228117
2883,104,224,120,0.4642857142857143,-1.0690449676496976
2884,69,130,61,0.5307692307692308,0.7016464154456235
2885,98,212,114,0.46226415094339623,-1.0988845115895123
2886,65,129,64,0.5038759689922481,0.08804509063256238
2887,111,234,123,0.47435897435897434,-0.7844645405527361
2888,73,163,90,0.44785276073619634,-1.3315427649795275
2890,133,242,109,0.5495867768595041,1.5427784316797402
2891,88,189,101,0.4656084656084656,-0.9456108576893003
2892,37,77,40,0.4805194805194805,-0.3418817293789138
2893,55,110,55,0.5,0.0
2919,59,118,59,0.5,0.0
2920,174,347,173,0.5014409221902018,0.0536828127095019
2921,119,239,120,0.497907949790795,-0.06468462273531508
2926,66,146,80,0.4520547945205479,-1.158648244043315
2927,57,130,73,0.43846153846153846,-1.403292830891247
2928,65,136,71,0.47794117647058826,-0.5144957554275265
2929,69,136,67,0.5073529411764706,0.17149858514250882
2935,132,238,106,0.5546218487394958,1.6853296812356275
2936,57,130,73,0.43846153846153846,-1.403292830891247
2937,65,136,71,0.47794117647058826,-0.5144957554275265
2938,100,212,112,0.4716981132075472,-0.8241633836921342
2939,114,229,115,0.4978165938864629,-0.06608186004550898
2940,113,232,119,0.4870689655172414,-0.39391929857916763
2941,61,119,58,0.5126050420168067,0.2750095491084634
2945,113,224,111,0.5044642857142857,0.1336306209562122
2946,75,153,78,0.49019607843137253,-0.242535625036333
2947,94,178,84,0.5280898876404494,0.7495316889958614
2949,64,126,62,0.5079365079365079,0.1781741612749496
2950,88,190,102,0.4631578947368421,-1.0156667501540164
2951,111,208,97,0.5336538461538461,0.9707253433941511
2952,90,174,84,0.5172413793103449,0.454858826147342
2953,166,364,198,0.45604395604395603,-1.6772557387550693
2954,108,217,109,0.4976958525345622,-0.06788442333021306
2955,125,226,101,0.5530973451327433,1.5964562525705743
2956,135,288,153,0.46875,-1.0606601717798214
2957,219,429,210,0.5104895104895105,0.4345240946267408
2958,175,356,181,0.49157303370786515,-0.31799936400190804
2959,254,494,240,0.5141700404858299,0.6298897789321866
2960,176,353,177,0.4985835694050991,-0.05322462954123495
2961,181,378,197,0.47883597883597884,-0.8229511997978235
2962,315,587,272,0.5366269165247018,1.7747999383379416
2963,280,541,261,0.5175600739371534,0.8168738027454607
2964,201,393,192,0.5114503816793893,0.45398994507478646
2965,203,393,190,0.5165394402035624,0.6557632539969138
2966,220,425,205,0.5176470588235295,0.7276068751089989
2967,145,297,152,0.4882154882154882,-0.4061811972299616
2968,121,251,130,0.4820717131474104,-0.5680749627880228
2969,132,249,117,0.5301204819277109,0.9505863757867169
2970,204,428,224,0.4766355140186916,-0.9667364890456636
2971,219,443,224,0.49435665914221216,-0.23755716907278995
2972,143,306,163,0.4673202614379085,-1.1433239009500589
2973,241,468,227,0.5149572649572649,0.647150228929434
2974,114,226,112,0.504424778761062,0.13303802104754786
2975,134,277,143,0.48375451263537905,-0.5407575913134987
2976,132,265,133,0.4981132075471698,-0.06142951168339512
2977,75,147,72,0.5102040816326531,0.24743582965269675
2999,54,108,54,0.5,0.0
3000,69,134,65,0.5149253731343284,0.34554737023254406
3001,43,95,52,0.45263157894736844,-0.9233805168766388
3002,99,192,93,0.515625,0.43301270189221935
3003,56,107,51,0.5233644859813084,0.4833682445228318
3004,34,67,33,0.5074626865671642,0.12216944435630522
3005,71,160,89,0.44375,-1.4230249470757705
3008,68,127,59,0.5354330708661418,0.7986208584745025
3009,74,141,67,0.524822695035461,0.5895063447465633
3010,57,110,53,0.5181818181818182,0.38138503569823695
3011,87,194,107,0.4484536082474227,-1.4359163172354763
3012,78,152,74,0.5131578947368421,0.3244428422615251
3013,91,177,86,0.5141242937853108,0.37582301400141443
3014,109,211,102,0.5165876777251185,0.48189987357506
3015,69,144,75,0.4791666666666667,-0.5
3016,70,147,77,0.47619047619047616,-0.5773502691896257
3018,50,107,57,0.4672897196261682,-0.6767155423319645
3019,88,185,97,0.4756756756756757,-0.6616931598844269
3020,68,134,66,0.5074626865671642,0.17277368511627203
3021,25,58,33,0.43103448275862066,-1.0504514628777804
3047,66,138,72,0.4782608695652174,-0.5107539184552492
3048,120,223,103,0.5381165919282511,1.1384042013101225
3049,135,271,136,0.4981549815498155,-0.0607456739230787
3050,73,130,57,0.5615384615384615,1.403292830891247
3061,47,72,25,0.6527777777777778,2.5927248643506746
3062,56,121,65,0.4628099173553719,-0.8181818181818182
3063,58,131,73,0.44274809160305345,-1.310556084991557
3064,66,147,81,0.4489795918367347,-1.2371791482634837
3065,62,112,50,0.5535714285714286,1.1338934190276817
3066,37,73,36,0.5068493150684932,0.11704114719613057
3067,117,239,122,0.4895397489539749,-0.32342311367657545
3068,86,170,84,0.5058823529411764,0.15339299776947407
3072,86,156,70,0.5512820512820513,1.281025230440697
3073,51,122,71,0.4180327868852459,-1.8107149208503706
3077,111,201,90,0.5522388059701493,1.4812257933030564
3080,36,83,47,0.43373493975903615,-1.2074068598865937
3081,154,295,141,0.5220338983050847,0.7568892626614566
3083,59,131,72,0.45038167938931295,-1.1358152736593492
3084,99,197,98,0.5025380710659898,0.07124704998790965
3085,112,240,128,0.4666666666666667,-1.0327955589886444
3086,176,351,175,0.5014245014245015,0.05337605126836238
3087,146,333,187,0.43843843843843844,-2.246786159839883
3088,144,299,155,0.4816053511705686,-0.6361464251628642
3089,128,245,117,0.5224489795918368,0.7027642214999339
3090,155,300,145,0.5166666666666667,0.5773502691896257
3091,162,324,162,0.5,0.0
3092,146,330,184,0.44242424242424244,-2.091831153740085
3093,188,380,192,0.49473684210526314,-0.20519567041703082
3094,303,611,308,0.4959083469721768,-0.20227834851568374
3095,128,268,140,0.47761194029850745,-0.7330166661378313
3096,116,233,117,0.4978540772532189,-0.06551217820804184
3097,190,365,175,0.5205479452054794,0.7851358838853206
3098,175,353,178,0.49575070821529743,-0.15967388862370485
3099,149,290,141,0.5137931034482759,0.46977617561176277
3100,140,273,133,0.5128205128205128,0.42365927286816174
3101,209,422,213,0.495260663507109,-0.1947169534044942
3102,123,244,121,0.5040983606557377,0.12803687993289598
3103,151,284,133,0.5316901408450704,1.0681034923744679
3104,214,448,234,0.47767857142857145,-0.944911182523068
3127,157,300,143,0.5233333333333333,0.808290376865476
3128,93,171,78,0.543859649122807,1.1470786693528088
3129,98,175,77,0.56,1.5874507866387544
3130,39,75,36,0.52,0.3464101615137754
3131,59,110,51,0.5363636363636364,0.7627700713964739
3132,35,75,40,0.4666666666666667,-0.5773502691896257
3133,49,96,47,0.5104166666666666,0.20412414523193154
3134,64,132,68,0.48484848484848486,-0.3481553119113957
3135,62,118,56,0.5254237288135594,0.552344770738994
3136,83,155,72,0.535483870967742,0.8835412617927487
3137,53,119,66,0.44537815126050423,-1.1917080461366747
3138,77,151,74,0.5099337748344371,0.24413653763134782
3140,50,94,44,0.5319148936170213,0.618852747755276
3141,36,71,35,0.5070422535211268,0.11867816581938533
3142,50,121,71,0.4132231404958678,-1.9090909090909092
3143,78,138,60,0.5652173913043478,1.5322617553657476
3144,76,141,65,0.5390070921985816,0.9263671131731709
3145,51,107,56,0.4766355140186916,-0.4833682445228318
3149,60,105,45,0.5714285714285714,1.4638501094227998
3150,26,55,29,0.4727272727272727,-0.40451991747794525
3176,107,215,108,0.49767441860465117,-0.06819943394704735
3177,182,330,148,0.5515151515151515,1.871638400714813
3178,240,463,223,0.5183585313174947,0.7900570009782942
3179,72,130,58,0.5538461538461539,1.227881227029841
3180,59,129,70,0.4573643410852713,-0.9684959969581862
3181,98,178,80,0.550561797752809,1.3491570401925506
3189,68,139,71,0.4892086330935252,-0.2544566789039913
3190,78,129,51,0.6046511627906976,2.3772174470791843
3191,45,84,39,0.5357142857142857,0.6546536707079772
3193,49,88,39,0.5568181818181818,1.0660035817780522
3195,67,149,82,0.44966442953020136,-1.2288478807785608
3201,64,125,61,0.512,0.2683281572999747
3205,325,690,365,0.47101449275362317,-1.522773975253762
3206,83,163,80,0.50920245398773,0.2349781349963872
3208,50,92,42,0.5434782608695652,0.8340576562282991
3209,62,112,50,0.5535714285714286,1.1338934190276817
3210,143,285,142,0.5017543859649123,0.05923488777590923
3211,50,110,60,0.45454545454545453,-0.9534625892455924
3213,81,172,91,0.47093023255813954,-0.7624928516630234
3214,128,233,105,0.5493562231759657,1.5067800987849624
3215,70,145,75,0.4827586206896552,-0.41522739926869984
3216,39,68,29,0.5735294117647058,1.212678125181665
3217,89,176,87,0.5056818181818182,0.15075567228888181
3218,34,76,42,0.4473684210526316,-0.917662935482247
3219,174,379,205,0.45910290237467016,-1.5923630405062938
3220,183,382,199,0.4790575916230366,-0.8186312161546413
3221,138,265,127,0.5207547169811321,0.6757246285173463
3222,223,452,229,0.49336283185840707,-0.2822162605150792
3223,145,295,150,0.4915254237288136,-0.291111254869791
3224,135,264,129,0.5113636363636364,0.3692744729379982
3225,196,360,164,0.5444444444444444,1.6865480854231356
3226,137,296,159,0.46283783783783783,-1.278724026182012
3227,153,348,195,0.4396551724137931,-2.251436323159369
3228,61,114,53,0.5350877192982456,0.7492686492653552
3229,98,205,107,0.47804878048780486,-0.6285872661926204
3230,113,221,108,0.5113122171945701,0.3363363969981562
3231,184,405,221,0.454320987654321,-1.838544781499827
3232,213,403,190,0.5285359801488834,1.145711607189451
3233,50,88,38,0.5681818181818182,1.2792042981336627
3255,190,397,207,0.47858942065491183,-0.8532055424884425
3256,113,203,90,0.5566502463054187,1.6142835345902717
3257,161,325,164,0.49538461538461537,-0.16641005886756874
3258,90,191,101,0.4712041884816754,-0.7959320658216638
3259,43,87,44,0.4942528735632184,-0.10721125348377948
3262,39,71,32,0.5492957746478874,0.8307471607356973
3263,111,215,104,0.5162790697674419,0.47739603762933147
3264,35,52,17,0.6730769230769231,2.4961508830135313
3265,51,99,48,0.5151515151515151,0.30151134457776363
3266,73,157,84,0.46496815286624205,-0.8778955729143844
3267,37,65,28,0.5692307692307692,1.116312611302876
3268,40,78,38,0.5128205128205128,0.22645540682891913
3269,29,53,24,0.5471698113207547,0.6868028197434451
3270,39,76,37,0.5131578947368421,0.22941573387056174
3271,72,144,72,0.5,0.0
3272,35,67,32,0.5223880597014925,0.36650833306891567
3273,52,99,47,0.5252525252525253,0.502518907629606
3276,26,58,32,0.4482758620689655,-0.7878385971583353
3277,52,97,45,0.5360824742268041,0.7107423155935334
3278,34,64,30,0.53125,0.5
3303,30,60,30,0.5,0.0
3304,186,352,166,0.5284090909090909,1.0660035817780522
3305,179,346,167,0.5173410404624278,0.6451239966845644
3306,287,534,247,0.5374531835205992,1.7309692896316617
3307,97,179,82,0.5418994413407822,1.1211526391279039
3308,114,232,118,0.49137931034482757,-0.2626128657194451
3309,75,142,67,0.528169014084507,0.6713450866373513
3314,51,106,55,0.4811320754716981,-0.38851434494290565
3317,62,117,55,0.5299145299145299,0.647150228929434
3318,74,144,70,0.5138888888888888,0.3333333333333333
3332,88,180,92,0.4888888888888889,-0.29814239699997197
3333,370,734,364,0.5040871934604905,0.22146404115766868
3334,56,110,54,0.509090909090909,0.19069251784911848
3335,55,98,43,0.5612244897959183,1.212183053462653
3336,58,114,56,0.5087719298245614,0.1873171623163388
3337,129,247,118,0.5222672064777328,0.6999132392733555
3338,73,155,82,0.47096774193548385,-0.722897396012249
3339,83,180,97,0.46111111111111114,-1.0434983894999017
3340,49,93,44,0.5268817204301075,0.5184758473652127
3341,58,118,60,0.4915254237288136,-0.1841149235796647
3342,36,68,32,0.5294117647058824,0.48507125007266594
3345,80,157,77,0.5095541401273885,0.23942606534028665
3346,31,66,35,0.4696969696969697,-0.4923659639173309
3347,58,128,70,0.453125,-1.0606601717798212
3348,67,162,95,0.41358024691358025,-2.199887763691481
3349,253,494,241,0.5121457489878543,0.539905524799017
3350,169,326,157,0.5184049079754601,0.6646185307460536
3351,153,296,143,0.5168918918918919,0.5812381937190965
3352,106,255,149,0.41568627450980394,-2.692764451666143
3353,160,313,153,0.5111821086261981,0.39566339326095507
3354,174,368,194,0.47282608695652173,-1.0425720702853738
3355,119,222,103,0.536036036036036,1.0738496883424389
3356,58,126,68,0.4603174603174603,-0.8908708063747479
3357,91,190,99,0.4789473684210526,-0.5803810000880093
3358,125,270,145,0.46296296296296297,-1.2171612389003692
3359,185,388,203,0.47680412371134023,-0.9138115486202573
3360,34,55,21,0.6181818181818182,1.7529196424044293
3381,63,116,53,0.5431034482758621,0.9284766908852594
3382,150,297,147,0.5050505050505051,0.17407765595569785
3383,105,212,107,0.49528301886792453,-0.13736056394868904
3384,98,180,82,0.5444444444444444,1.1925695879998879
3385,127,226,99,0.5619469026548672,1.8625322946656702
3386,74,136,62,0.5441176470588235,1.028991510855053
3387,44,99,55,0.4444444444444444,-1.1055415967851332
3390,108,204,96,0.5294117647058824,0.8401680504168059
3391,61,118,57,0.5169491525423728,0.3682298471593294
3393,51,93,42,0.5483870967741935,0.9332565252573828
3395,93,187,94,0.49732620320855614,-0.07312724241271307
3397,92,203,111,0.45320197044334976,-1.3335385720528332
3400,31,68,37,0.45588235294117646,-0.7276068751089989
3401,37,80,43,0.4625,-0.6708203932499369
3403,22,50,28,0.44,-0.848528137423857
3405,99,206,107,0.48058252427184467,-0.5573864114332941
3406,35,93,58,0.3763440860215054,-2.3849888978799783
3432,114,249,135,0.4578313253012048,-1.3308209261014037
3433,255,500,245,0.51,0.4472135954999579
3434,165,363,198,0.45454545454545453,-1.7320508075688774
3435,161,284,123,0.5669014084507042,2.254885150568321
3436,78,160,82,0.4875,-0.31622776601683794
3437,37,76,39,0.4868421052631579,-0.22941573387056174
3438,96,213,117,0.4507042253521127,-1.4388962906378164
3439,74,161,87,0.45962732919254656,-1.0245435281108308
3442,34,64,30,0.53125,0.5
3443,48,120,72,0.4,-2.1908902300206643
3461,175,366,191,0.4781420765027322,-0.8363333975829067
3462,122,257,135,0.47470817120622566,-0.8109177200173469
3465,82,141,59,0.5815602836879432,1.9369494184529936
3466,30,55,25,0.5454545454545454,0.674199862463242
3467,58,107,49,0.5420560747663551,0.8700628401410971
3469,23,60,37,0.38333333333333336,-1.8073922282301278
3473,40,65,25,0.6153846153846154,1.860521018838127
3474,38,70,32,0.5428571428571428,0.7171371656006361
3475,54,106,52,0.5094339622641509,0.19425717247145283
3476,52,79,27,0.6582278481012658,2.81271975231506
3477,153,283,130,0.5406360424028268,1.3672080860388571
3478,111,236,125,0.4703389830508475,-0.9113223768657671
3479,229,466,237,0.49141630901287553,-0.3705928436896636
3480,185,356,171,0.5196629213483146,0.741998516004452
3481,145,295,150,0.4915254237288136,-0.291111254869791
3482,161,330,169,0.48787878787878786,-0.4403855060505443
3483,163,318,155,0.5125786163522013,0.44861772327363547
3484,109,223,114,0.48878923766816146,-0.3348247650912125
3485,111,226,115,0.4911504424778761,-0.2660760420950957
3486,157,321,164,0.48909657320872274,-0.3907019005301633
3487,156,338,182,0.46153846153846156,-1.4142135623730951
3488,150,327,177,0.45871559633027525,-1.4931034117451938
3509,77,136,59,0.5661764705882353,1.5434872662825794
3510,100,210,110,0.47619047619047616,-0.6900655593423543
3511,107,210,103,0.5095238095238095,0.2760262237369417
3512,120,247,127,0.48582995951417,-0.44539933408304444
3513,107,200,93,0.535,0.9899494936611665
3514,70,138,68,0.5072463768115942,0.17025130615174972
3515,30,69,39,0.43478260869565216,-1.0834726777719228
3518,43,104,61,0.41346153846153844,-1.7650452162436565
3519,35,74,39,0.47297297297297297,-0.46499055497527714
3522,90,176,86,0.5113636363636364,0.30151134457776363
3523,79,146,67,0.541095890410959,0.9931270663228415
3524,40,81,41,0.49382716049382713,-0.1111111111111111
3525,34,63,29,0.5396825396825397,0.629940788348712
3528,68,124,56,0.5483870967741935,1.0776318121606494
3530,42,84,42,0.5,0.0
3532,57,97,40,0.5876288659793815,1.7260884807271526
3560,147,314,167,0.4681528662420382,-1.1286652959662007
3561,163,316,153,0.5158227848101266,0.562543950463012
3562,136,235,99,0.5787234042553191,2.4136138702977363
3565,65,144,79,0.4513888888888889,-1.1666666666666667
3566,61,120,59,0.5083333333333333,0.18257418583505536
3567,81,138,57,0.5869565217391305,2.043015673820997
3570,45,81,36,0.5555555555555556,1.0
3588,54,104,50,0.5192307692307693,0.3922322702763681
3589,200,421,221,0.4750593824228028,-1.0234773755400166
3590,44,91,47,0.4835164835164835,-0.3144854510165755
3592,33,71,38,0.4647887323943662,-0.5933908290969266
3593,71,154,83,0.461038961038961,-0.9669875568304563
3602,66,149,83,0.4429530201342282,-1.3926942648823688
3604,85,161,76,0.5279503105590062,0.7092993656151906
3605,136,266,130,0.5112781954887218,0.3678836036909795
3606,106,228,122,0.4649122807017544,-1.059625885652035
3607,170,324,154,0.5246913580246914,0.8888888888888888
3608,145,286,141,0.506993006993007,0.23652495839563303
3609,169,358,189,0.4720670391061452,-1.05703284516338
3610,143,300,157,0.4766666666666667,-0.808290376865476
3611,163,320,157,0.509375,0.33541019662496846
3612,117,225,108,0.52,0.6
3613,106,206,100,0.5145631067961165,0.4180398085749706
3614,239,468,229,0.5106837606837606,0.4622501635210242
3615,205,428,223,0.47897196261682246,-0.8700628401410971
3636,121,229,108,0.5283842794759825,0.8590641805916167
3637,70,142,72,0.49295774647887325,-0.16783627165933782
3638,141,283,142,0.49823321554770317,-0.0594438298277764
3639,116,218,102,0.5321100917431193,0.9481996460700349
3640,92,190,98,0.4842105263157895,-0.435285750066007
3641,107,234,127,0.45726495726495725,-1.307440900921227
3642,44,83,39,0.5301204819277109,0.5488212999484517
3645,60,119,59,0.5042016806722689,0.09166984970282113
3646,58,122,64,0.47540983606557374,-0.5432144762551112
3650,86,174,88,0.4942528735632184,-0.15161960871578067
3651,26,54,28,0.48148148148148145,-0.2721655269759087
3652,81,141,60,0.574468085106383,1.76851903423969
3653,89,163,74,0.5460122699386503,1.1748906749819361
3658,52,89,37,0.5842696629213483,1.58999682000954
3661,37,69,32,0.5362318840579711,0.601929265428846
3689,198,397,199,0.4987405541561713,-0.05018856132284956
3690,120,262,142,0.4580152671755725,-1.359164539073474
3691,95,187,92,0.5080213903743316,0.21938172723813917
3717,109,222,113,0.49099099099099097,-0.2684624220856097
3720,37,84,47,0.44047619047619047,-1.091089451179962
3721,67,114,47,0.5877192982456141,1.873171623163388
3725,38,99,61,0.3838383838383838,-2.311586975096188
3728,33,66,33,0.5,0.0
3729,98,179,81,0.547486033519553,1.270639657678291
3730,61,114,53,0.5350877192982456,0.7492686492653552
3733,113,239,126,0.47280334728033474,-0.8409000955590962
3734,116,237,121,0.48945147679324896,-0.32478490123081544
3735,106,194,88,0.5463917525773195,1.2923246855119286
3736,108,216,108,0.5,0.0
3737,139,297,158,0.468013468013468,-1.102491821052753
3738,148,312,164,0.47435897435897434,-0.9058216273156765
3739,130,269,139,0.483271375464684,-0.5487396847647231
3740,99,197,98,0.5025380710659898,0.07124704998790965
3741,98,216,118,0.4537037037037037,-1.3608276348795434
3742,115,232,117,0.4956896551724138,-0.13130643285972254
3743,184,356,172,0.5168539325842697,0.6359987280038161
3744,42,91,49,0.46153846153846156,-0.7337993857053429
3764,139,253,114,0.549407114624506,1.5717365336548288
3765,55,105,50,0.5238095238095238,0.4879500364742666
3766,63,127,64,0.49606299212598426,-0.08873565094161139
3767,77,135,58,0.5703703703703704,1.6352596350653539
3768,92,191,99,0.4816753926701571,-0.5065022237046951
3769,45,82,37,0.5487804878048781,0.8834522085987723
3772,27,53,26,0.5094339622641509,0.13736056394868904
3774,75,161,86,0.4658385093167702,-0.8669214468630108
3778,53,110,57,0.4818181818181818,-0.38138503569823695
3780,73,153,80,0.477124183006536,-0.5659164584181103
3781,44,90,46,0.4888888888888889,-0.21081851067789195
3785,45,74,29,0.6081081081081081,1.8599622199011085
3786,43,88,45,0.48863636363636365,-0.21320071635561041
3788,55,102,47,0.5392156862745098,0.7921180343813395
3816,49,95,46,0.5157894736842106,0.30779350562554625
3817,215,398,183,0.5402010050251256,1.6040150627746737
3818,103,226,123,0.4557522123893805,-1.3303802104754787
3820,31,66,35,0.4696969696969697,-0.4923659639173309
3828,55,117,62,0.4700854700854701,-0.647150228929434
3837,105,197,92,0.5329949238578681,0.9262116498428254
3844,50,97,47,0.5154639175257731,0.30460384954008574
3848,123,250,127,0.492,-0.25298221281347033
3852,29,68,39,0.4264705882352941,-1.212678125181665
3853,73,148,75,0.49324324324324326,-0.1643989873053573
3855,50,116,66,0.43103448275862066,-1.4855627054164149
3856,190,338,148,0.5621301775147929,2.284498831525769
3857,126,296,170,0.42567567567567566,-2.557448052364024
3860,80,161,81,0.4968944099378882,-0.07881104062391006
3861,116,259,143,0.44787644787644787,-1.67769836820324
3862,131,251,120,0.5219123505976095,0.6943138434075835
3863,87,172,85,0.5058139534883721,0.15249857033260467
3864,151,309,158,0.4886731391585761,-0.398216086792002
3865,145,306,161,0.4738562091503268,-0.9146591207600472
3866,107,232,125,0.46120689655172414,-1.181757895737503
3867,206,424,218,0.4858490566037736,-0.5827715174143585
3868,164,312,148,0.5256410256410257,0.9058216273156765
3869,231,440,209,0.525,1.0488088481701516
3870,114,275,161,0.41454545454545455,-2.834206639030978
3871,101,191,90,0.5287958115183246,0.7959320658216638
3891,141,261,120,0.5402298850574713,1.2998673672393632
3892,118,230,112,0.5130434782608696,0.3956282840374722
3893,33,61,28,0.5409836065573771,0.6401843996644799
3894,52,86,34,0.6046511627906976,1.9409899176618914
3895,50,84,34,0.5952380952380952,1.7457431218879391
3896,77,150,73,0.5133333333333333,0.32659863237109044
3900,57,115,58,0.4956521739130435,-0.09325048082403138
3901,32,70,38,0.45714285714285713,-0.7171371656006361
3906,38,96,58,0.3958333333333333,-2.041241452319315
3908,155,340,185,0.45588235294117646,-1.6269784336399213
3909,57,108,51,0.5277777777777778,0.5773502691896257
3914,29,50,21,0.58,1.131370849898476
3915,45,93,48,0.4838709677419355,-0.3110855084191276
3916,19,55,36,0.34545454545454546,-2.292279532375023
3945,58,128,70,0.453125,-1.0606601717798212
3946,64,145,81,0.4413793103448276,-1.4117731575135795
3947,62,124,62,0.5,0.0
3949,65,146,81,0.4452054794520548,-1.3241694217637887
3950,36,68,32,0.5294117647058824,0.48507125007266594
3957,76,141,65,0.5390070921985816,0.9263671131731709
3965,60,100,40,0.6,2.0
3966,132,280,148,0.4714285714285714,-0.9561828874675149
3967,49,100,51,0.49,-0.2
3973,57,98,41,0.5816326530612245,1.616244071283537
3975,34,92,58,0.3695652173913043,-2.5021729686848975
3976,73,160,87,0.45625,-1.1067971810589328
3977,129,255,126,0.5058823529411764,0.18786728732554486
3981,34,88,54,0.38636363636363635,-2.1320071635561044
3983,84,186,102,0.45161290322580644,-1.3198240351921797
3984,80,174,94,0.45977011494252873,-1.0613372610104648
3985,137,281,144,0.4875444839857651,-0.4175849903903255
3986,55,105,50,0.5238095238095238,0.4879500364742666
3988,75,144,69,0.5208333333333334,0.5
3989,109,216,107,0.5046296296296297,0.13608276348795434
3990,144,318,174,0.4528301886792453,-1.6823164622761329
3991,149,302,153,0.49337748344370863,-0.2301741350593744
3992,102,193,91,0.5284974093264249,0.791797325823564
3993,99,196,97,0.5051020408163265,0.14285714285714285
3994,76,148,72,0.5135135135135135,0.3287979746107146
3995,156,309,153,0.5048543689320388,0.17066403719657228
3996,199,387,188,0.5142118863049095,0.5591614245528838
3997,183,341,158,0.5366568914956011,1.353825902684706
3998,164,314,150,0.5222929936305732,0.7900657071763405
3999,88,170,82,0.5176470588235295,0.4601789933084222
4019,28,80,52,0.35,-2.6832815729997477
4020,82,172,90,0.47674418604651164,-0.6099942813304187
4021,83,161,78,0.515527950310559,0.39405520311955033
4022,56,76,20,0.7368421052631579,4.129483209670111
4023,34,68,34,0.5,0.0
4024,39,92,53,0.42391304347826086,-1.4596008983995234
4029,37,81,44,0.4567901234567901,-0.7777777777777778
4030,68,127,59,0.5354330708661418,0.7986208584745025
4031,29,61,32,0.47540983606557374,-0.3841106397986879
4034,34,72,38,0.4722222222222222,-0.47140452079103173
4035,33,65,32,0.5076923076923077,0.12403473458920847
4036,102,182,80,0.5604395604395604,1.6307484966544226
4037,56,112,56,0.5,0.0
4038,90,174,84,0.5172413793103449,0.454858826147342
4043,61,116,55,0.5258620689655172,0.5570860145311556
4073,86,168,82,0.5119047619047619,0.3086066999241838
4075,74,152,78,0.4868421052631579,-0.3244428422615251
4076,72,132,60,0.5454545454545454,1.044465935734187
4077,126,277,151,0.4548736462093863,-1.502104420315274
4093,33,74,41,0.44594594594594594,-0.9299811099505543
4094,120,253,133,0.4743083003952569,-0.8173029975005109
4102,47,106,59,0.44339622641509435,-1.165543034828717
4103,27,55,28,0.4909090909090909,-0.13483997249264842
4104,91,211,120,0.4312796208530806,-1.9964423333823913
4105,94,188,94,0.5,0.0
4109,87,176,89,0.4943181818181818,-0.15075567228888181
4110,36,70,34,0.5142857142857142,0.23904572186687872
4111,94,204,110,0.46078431372549017,-1.1202240672224077
4113,78,129,51,0.6046511627906976,2.3772174470791843
4115,46,104,58,0.4423076923076923,-1.1766968108291043
4116,146,300,154,0.4866666666666667,-0.46188021535170054
4117,157,302,145,0.5198675496688742,0.6905224051781232
4118,87,177,90,0.4915254237288136,-0.22549380840084865
4119,110,223,113,0.49327354260089684,-0.2008948590547275
4120,79,149,70,0.5302013422818792,0.7373087284671365
4121,81,175,94,0.46285714285714286,-0.9827076298239908
4122,79,168,89,0.47023809523809523,-0.7715167498104595
4123,180,355,175,0.5070422535211268,0.2653724462171376
4124,157,334,177,0.47005988023952094,-1.0943513103291655
4125,205,409,204,0.5012224938875306,0.049446817643414874
4126,152,300,148,0.5066666666666667,0.23094010767585027
4147,74,152,78,0.4868421052631579,-0.3244428422615251
4149,70,149,79,0.4697986577181208,-0.7373087284671365
4150,63,127,64,0.49606299212598426,-0.08873565094161139
4151,52,95,43,0.5473684210526316,0.9233805168766388
4152,105,173,68,0.6069364161849711,2.8130579086979104
4154,52,111,59,0.46846846846846846,-0.6644105970267493
4157,48,97,49,0.4948453608247423,-0.10153461651336192
4158,27,67,40,0.40298507462686567,-1.5882027766319677
4163,47,78,31,0.6025641025641025,1.811643254631353
4164,38,70,32,0.5428571428571428,0.7171371656006361
4165,21,54,33,0.3888888888888889,-1.632993161855452
4166,78,137,59,0.5693430656934306,1.6232795496618457
4167,73,130,57,0.5615384615384615,1.403292830891247
4172,44,90,46,0.4888888888888889,-0.21081851067789195
4201,32,69,37,0.463768115942029,-0.601929265428846
4202,88,175,87,0.5028571428571429,0.07559289460184544
4203,40,81,41,0.49382716049382713,-0.1111111111111111
4204,49,93,44,0.5268817204301075,0.5184758473652127
4205,163,303,140,0.5379537953795379,1.3213154761292798
4219,44,92,48,0.4782608695652174,-0.41702882811414954
4231,49,105,56,0.4666666666666667,-0.6831300510639733
4232,39,95,56,0.4105263157894737,-1.744163198544762
4233,77,169,92,0.4556213017751479,-1.1538461538461537
4234,51,87,36,0.5862068965517241,1.6081688022566922
4237,63,132,69,0.4772727272727273,-0.5222329678670935
4238,57,118,61,0.4830508474576271,-0.3682298471593294
4239,52,124,72,0.41935483870967744,-1.7960530202677492
4241,40,72,32,0.5555555555555556,0.9428090415820635
4242,35,81,46,0.43209876543209874,-1.2222222222222223
4243,43,94,51,0.4574468085106383,-0.8251369970070347
4244,88,185,97,0.4756756756756757,-0.6616931598844269
4245,177,354,177,0.5,0.0
4246,130,242,112,0.5371900826446281,1.1570838237598051
4247,72,162,90,0.4444444444444444,-1.4142135623730951
4248,111,217,106,0.511520737327189,0.33942211665106536
4249,45,106,61,0.42452830188679247,-1.5540573797716226
4250,37,82,45,0.45121951219512196,-0.8834522085987723
4251,77,161,84,0.4782608695652174,-0.5516772843673704
4252,135,279,144,0.4838709677419355,-0.5388159060803247
4253,141,282,141,0.5,0.0
4254,177,339,162,0.5221238938053098,0.8146881698903526
4255,133,289,156,0.4602076124567474,-1.3529411764705883
4274,60,119,59,0.5042016806722689,0.09166984970282113
4275,59,114,55,0.5175438596491229,0.3746343246326776
4276,32,52,20,0.6153846153846154,1.6641005886756874
4277,37,68,31,0.5441176470588235,0.7276068751089989
4278,43,94,51,0.4574468085106383,-0.8251369970070347
4280,107,218,111,0.4908256880733945,-0.27091418459143857
4281,60,132,72,0.45454545454545453,-1.044465935734187
4282,57,111,54,0.5135135135135135,0.2847473987257497
4283,51,122,71,0.4180327868852459,-1.8107149208503706
4284,34,60,26,0.5666666666666667,1.0327955589886444
4285,39,80,41,0.4875,-0.22360679774997896
4287,33,76,43,0.4342105263157895,-1.1470786693528088
4291,66,160,94,0.4125,-2.2135943621178655
4293,37,83,46,0.4457831325301205,-0.9878783399072131
4294,101,194,93,0.520618556701031,0.5743665268941905
4295,27,66,39,0.4090909090909091,-1.4770978917519928
4299,35,68,33,0.5147058823529411,0.24253562503633297
4302,34,60,26,0.5666666666666667,1.0327955589886444
4329,38,85,47,0.4470588235294118,-0.9761870601839528
4331,57,102,45,0.5588235294117647,1.1881770515720091
4332,83,170,87,0.48823529411764705,-0.30678599553894814
4333,92,197,105,0.467005076142132,-0.9262116498428254
4347,109,201,92,0.5422885572139303,1.199087546959617
4354,88,153,65,0.5751633986928104,1.8594397919452197
4357,23,51,28,0.45098039215686275,-0.7001400420140048
4360,91,168,77,0.5416666666666666,1.0801234497346432
4361,105,205,100,0.5121951219512195,0.3492151478847891
4364,90,171,81,0.5263157894736842,0.6882472016116853
4365,72,159,87,0.4528301886792453,-1.1895773785772161
4368,28,61,33,0.45901639344262296,-0.6401843996644799
4369,46,105,59,0.4380952380952381,-1.2686700948330931
4371,43,92,49,0.4673913043478261,-0.6255432421712244
4372,89,164,75,0.5426829268292683,1.0932163332202425
4373,124,243,119,0.5102880658436214,0.3207501495497921
4374,64,108,44,0.5925925925925926,1.9245008972987525
4375,97,195,98,0.49743589743589745,-0.0716114874039433
4376,39,81,42,0.48148148148148145,-0.3333333333333333
4377,57,121,64,0.47107438016528924,-0.6363636363636364
4378,127,245,118,0.5183673469387755,0.5749889084999459
4379,85,163,78,0.5214723926380368,0.5482823149915702
4380,150,286,136,0.5244755244755245,0.8278373543847156
4381,130,252,122,0.5158730158730159,0.5039526306789696
4382,130,258,128,0.5038759689922481,0.12451456127293807
4401,53,105,52,0.5047619047619047,0.09759000729485333
4402,98,231,133,0.42424242424242425,-2.3028309323591913
4403,37,79,42,0.46835443037974683,-0.562543950463012
4404,38,65,27,0.5846153846153846,1.3643820804812932
4405,48,98,50,0.4897959183673469,-0.20203050891044214
4407,49,95,46,0.5157894736842106,0.30779350562554625
4408,80,180,100,0.4444444444444444,-1.4907119849998598
4409,111,199,88,0.5577889447236181,1.6304267715191725
4411,85,151,66,0.5629139072847682,1.5461980716652028
4412,65,134,69,0.48507462686567165,-0.34554737023254406
4413,65,126,61,0.5158730158730159,0.3563483225498992
4414,57,121,64,0.47107438016528924,-0.6363636363636364
4415,47,93,46,0.5053763440860215,0.10369516947304253
4422,68,123,55,0.5528455284552846,1.172170525067662
4423,90,182,92,0.4945054945054945,-0.14824986333222023
4425,31,60,29,0.5166666666666667,0.2581988897471611
4428,57,142,85,0.4014084507042254,-2.3497078032307295
4431,50,96,46,0.5208333333333334,0.4082482904638631
4457,40,105,65,0.38095238095238093,-2.4397501823713332
4458,30,57,27,0.5263157894736842,0.39735970711951313
4459,45,84,39,0.5357142857142857,0.6546536707079772
4460,88,196,108,0.4489795918367347,-1.4285714285714286
4461,111,214,103,0.5186915887850467,0.5468687416197306
4462,44,96,52,0.4583333333333333,-0.8164965809277261
4463,53,96,43,0.5520833333333334,1.0206207261596576
4464,36,71,35,0.5070422535211268,0.11867816581938533
4475,78,126,48,0.6190476190476191,2.6726124191242437
4482,16,51,35,0.3137254901960784,-2.6605321596532185
4483,71,128,57,0.5546875,1.2374368670764582
4485,44,118,74,0.3728813559322034,-2.76172385369497
4487,41,71,30,0.5774647887323944,1.3054598240132387
4488,54,110,56,0.4909090909090909,-0.19069251784911848
4489,57,105,48,0.5428571428571428,0.8783100656536799
4490,43,90,47,0.4777777777777778,-0.4216370213557839
4493,78,139,61,0.5611510791366906,1.4419211804559506
4494,98,202,104,0.48514851485148514,-0.4221585268381751
4497,88,168,80,0.5238095238095238,0.6172133998483676
4499,67,121,54,0.5537190082644629,1.1818181818181819
4500,70,131,61,0.5343511450381679,0.7863336509949341
4501,116,231,115,0.5021645021645021,0.0657951694959769
4502,101,210,109,0.48095238095238096,-0.5520524474738834
4503,118,216,98,0.5462962962962963,1.3608276348795434
4504,46,86,40,0.5348837209302325,0.6469966392206304
4505,49,108,59,0.4537037037037037,-0.9622504486493763
4506,137,256,119,0.53515625,1.125
4507,149,281,132,0.5302491103202847,1.014134976662219
4508,122,265,143,0.46037735849056605,-1.2900197453512976
4509,161,314,153,0.5127388535031847,0.45146611838648026
4510,117,261,144,0.4482758620689655,-1.671258043593467
4530,105,220,115,0.4772727272727273,-0.674199862463242
4531,36,76,40,0.47368421052631576,-0.4588314677411235
4532,32,67,35,0.47761194029850745,-0.36650833306891567
4533,58,96,38,0.6041666666666666,2.041241452319315
4536,85,175,90,0.4857142857142857,-0.37796447300922725
4537,88,201,113,0.43781094527363185,-1.7633640396464956
4538,40,75,35,0.5333333333333333,0.5773502691896257
4540,44,90,46,0.4888888888888889,-0.21081851067789195
4541,52,118,66,0.4406779661016949,-1.2888044650576527
4542,54,95,41,0.5684210526315789,1.3337718577107005
4543,93,177,84,0.5254237288135594,0.676481425202546
4550,87,161,74,0.5403726708074534,1.0245435281108308
4551,29,56,27,0.5178571428571429,0.2672612419124244
4552,93,175,82,0.5314285714285715,0.8315218406202999
4555,62,112,50,0.5535714285714286,1.1338934190276817
4558,54,114,60,0.47368421052631576,-0.5619514869490164
4585,42,73,31,0.5753424657534246,1.2874526191574363
4586,160,319,159,0.5015673981191222,0.05598925109558543
4587,111,218,107,0.5091743119266054,0.27091418459143857
4588,74,120,46,0.6166666666666667,2.556038601690775
4589,67,139,72,0.48201438848920863,-0.4240944648399855
4590,44,98,54,0.4489795918367347,-1.0101525445522108
4591,86,174,88,0.4942528735632184,-0.15161960871578067
4596,23,55,32,0.41818181818181815,-1.2135597524338357
4597,41,77,36,0.5324675324675324,0.5698028822981898
4610,26,56,30,0.4642857142857143,-0.5345224838248488
4612,45,82,37,0.5487804878048781,0.8834522085987723
4613,43,77,34,0.5584415584415584,1.0256451881367414
4615,100,223,123,0.4484304932735426,-1.5401939194195777
4616,76,163,87,0.4662576687116564,-0.8615864949867531
4617,67,118,51,0.5677966101694916,1.4729193886373175
4618,38,88,50,0.4318181818181818,-1.2792042981336627
4621,57,96,39,0.59375,1.8371173070873836
4624,98,245,147,0.4,-3.1304951684997055
4625,26,55,29,0.4727272727272727,-0.40451991747794525
4626,41,93,52,0.44086021505376344,-1.1406468642034677
4627,163,297,134,0.5488215488215489,1.6827506742384124
4628,80,177,97,0.4519774011299435,-1.277798247604809
4629,165,372,207,0.4435483870967742,-2.177598558933893
4630,95,200,105,0.475,-0.7071067811865475
4631,121,241,120,0.5020746887966805,0.06441566264008308
4632,72,152,80,0.47368421052631576,-0.6488856845230502
4633,127,269,142,0.4721189591078067,-0.9145661412745385
4634,226,449,223,0.5033407572383074,0.14157875345490262
4635,157,329,172,0.47720364741641336,-0.8269767696299569
4636,127,267,140,0.4756554307116105,-0.795587079770736
4637,154,329,175,0.46808510638297873,-1.1577674774819398
4638,95,193,98,0.49222797927461137,-0.21594472522460836
4656,30,72,42,0.4166666666666667,-1.4142135623730951
4657,70,130,60,0.5384615384615384,0.8770580193070293
4658,73,148,75,0.49324324324324326,-0.1643989873053573
4660,86,163,77,0.5276073619631901,0.7049344049891616
4661,33,64,31,0.515625,0.25
4663,79,150,71,0.5266666666666666,0.6531972647421809
4664,150,308,158,0.487012987012987,-0.4558423058385518
4665,57,115,58,0.4956521739130435,-0.09325048082403138
4666,30,69,39,0.43478260869565216,-1.0834726777719228
4667,63,118,55,0.5338983050847458,0.7364596943186588
4668,71,155,84,0.45806451612903226,-1.0441851275732486
4669,35,63,28,0.5555555555555556,0.8819171036881969
4672,26,59,33,0.4406779661016949,-0.9113223768657671
4673,52,104,52,0.5,0.0
4674,27,63,36,0.42857142857142855,-1.1338934190276817
4676,26,51,25,0.5098039215686274,0.14002800840280097
4678,67,153,86,0.43790849673202614,-1.5360589585634423
4681,67,129,62,0.5193798449612403,0.4402254531628119
4684,59,115,56,0.5130434782608696,0.27975144247209416
4714,91,175,84,0.52,0.5291502622129182
4715,164,314,150,0.5222929936305732,0.7900657071763405
4716,83,165,82,0.503030303030303,0.0778498944161523
4717,132,241,109,0.5477178423236515,1.4815602407219108
4718,83,178,95,0.46629213483146065,-0.8994380267950337
4719,33,58,25,0.5689655172413793,1.0504514628777804
4723,40,76,36,0.5263157894736842,0.4588314677411235
4725,83,172,89,0.48255813953488375,-0.457495710997814
4729,71,144,73,0.4930555555555556,-0.16666666666666666
4731,71,145,74,0.4896551724137931,-0.2491364395612199
4737,35,60,25,0.5833333333333334,1.2909944487358056
4738,59,119,60,0.4957983193277311,-0.09166984970282113
4740,58,102,44,0.5686274509803921,1.3862065601673441
4741,25,58,33,0.43103448275862066,-1.0504514628777804
4744,68,136,68,0.5,0.0
4745,72,144,72,0.5,0.0
4746,80,171,91,0.4678362573099415,-0.8411910241920598
4748,51,121,70,0.4214876033057851,-1.7272727272727273
4752,100,187,87,0.5347593582887701,0.9506541513652698
4753,103,209,106,0.49282296650717705,-0.2075143391598224
4754,63,140,77,0.45,-1.1832159566199232
4755,54,107,53,0.5046728971962616,0.09667364890456635
4756,125,247,122,0.5060728744939271,0.19088542889273333
4757,121,259,138,0.4671814671814672,-1.0563286022020402
4758,171,343,172,0.49854227405247814,-0.05399492471560388
4759,191,385,194,0.4961038961038961,-0.15289415743128767
4760,137,258,121,0.5310077519379846,0.9961164901835046
4761,177,362,185,0.4889502762430939,-0.4204706649821094
4762,215,432,217,0.4976851851851852,-0.09622504486493763
4763,150,300,150,0.5,0.0
4764,121,265,144,0.45660377358490567,-1.4128787687180877
4765,94,181,87,0.5193370165745856,0.5203059023730164
4766,49,87,38,0.5632183908045977,1.1793237883215741
4785,107,213,106,0.5023474178403756,0.06851887098275317
4786,61,152,91,0.40131578947368424,-2.4333213169614383
4788,93,202,109,0.4603960396039604,-1.125756071568467
4789,67,140,73,0.4785714285714286,-0.50709255283711
4790,34,74,40,0.4594594594594595,-0.6974858324629157
4792,152,277,125,0.5487364620938628,1.622272773940496
4793,189,372,183,0.5080645161290323,0.3110855084191276
4794,124,223,99,0.5560538116591929,1.6741238254560626
4796,89,192,103,0.4635416666666667,-1.0103629710818451
4797,90,185,95,0.4864864864864865,-0.36760731104690386
4800,62,138,76,0.4492753623188406,-1.191759143062248
4801,44,96,52,0.4583333333333333,-0.8164965809277261
4804,34,77,43,0.44155844155844154,-1.0256451881367414
4806,63,148,85,0.42567567567567566,-1.8083888603589302
4808,41,83,42,0.4939759036144578,-0.10976425998969035
4809,45,98,53,0.45918367346938777,-0.8081220356417685
4812,25,60,35,0.4166666666666667,-1.2909944487358056
4842,110,234,124,0.4700854700854701,-0.9152086306448588
4843,116,254,138,0.4566929133858268,-1.3804027713039488
4844,64,118,54,0.5423728813559322,0.9205746178983234
4845,102,194,92,0.5257731958762887,0.7179581586177382
4847,111,210,99,0.5285714285714286,0.8280786712108251
4851,96,192,96,0.5,0.0
4853,58,106,48,0.5471698113207547,0.9712858623572641
4856,157,299,142,0.5250836120401338,0.8674723979493604
4857,75,148,73,0.5067567567567568,0.1643989873053573
4859,93,188,95,0.4946808510638298,-0.14586499149789456
4861,69,141,72,0.48936170212765956,-0.2526455763199557
4865,91,196,105,0.4642857142857143,-1.0
4868,51,110,59,0.4636363636363636,-0.7627700713964739
4871,50,105,55,0.47619047619047616,-0.4879500364742666
4872,61,141,80,0.4326241134751773,-1.600088650026386
4873,66,132,66,0.5,0.0
4874,52,102,50,0.5098039215686274,0.19802950859533489
4875,62,121,59,0.512396694214876,0.2727272727272727
4876,45,83,38,0.5421686746987951,0.7683498199278324
4878,120,228,108,0.5263157894736842,0.7947194142390263
4879,66,133,67,0.49624060150375937,-0.086710996952412
4880,85,170,85,0.5,0.0
4881,62,119,57,0.5210084033613446,0.4583492485141057
4882,81,177,96,0.4576271186440678,-1.1274690420042432
4883,96,205,109,0.4682926829268293,-0.9079593845004517
4884,164,308,144,0.5324675324675324,1.1396057645963795
4885,105,208,103,0.5048076923076923,0.1386750490563073
4886,125,249,124,0.5020080321285141,0.06337242505244779
4887,77,166,89,0.463855421686747,-0.9313806308475994
4888,101,209,108,0.48325358851674644,-0.48420012470625223
4889,208,423,215,0.491725768321513,-0.3403516468284206
4890,157,311,154,0.5048231511254019,0.17011439313712282
4891,171,319,148,0.5360501567398119,1.287752775198465
4892,50,100,50,0.5,0.0
4893,58,98,40,0.5918367346938775,1.8182745801939793
4912,130,268,138,0.48507462686567165,-0.4886777774252209
4913,80,174,94,0.45977011494252873,-1.0613372610104648
4914,85,183,98,0.4644808743169399,-0.9609876522409447
4915,35,71,36,0.49295774647887325,-0.11867816581938533
4916,78,151,73,0.5165562913907285,0.40689422938557973
4917,139,246,107,0.5650406504065041,2.0402454818026823
4920,194,388,194,0.5,0.0
4921,42,92,50,0.45652173913043476,-0.8340576562282991
4922,28,72,44,0.3888888888888889,-1.885618083164127
4923,41,100,59,0.41,-1.8
4924,74,126,52,0.5873015873015873,1.9599157740244455
4925,68,132,64,0.5151515151515151,0.3481553119113957
4929,35,63,28,0.5555555555555556,0.8819171036881969
4930,47,100,53,0.47,-0.6
4932,42,73,31,0.5753424657534246,1.2874526191574363
4935,88,170,82,0.5176470588235295,0.4601789933084222
4936,114,230,116,0.4956521739130435,-0.1318760946791574
4937,69,154,85,0.44805194805194803,-1.2893167424406085
4939,34,76,42,0.4473684210526316,-0.917662935482247
4940,46,87,41,0.5287356321839081,0.5360562674188973
4971,159,299,140,0.5317725752508361,1.0987983707358564
4972,111,217,106,0.511520737327189,0.33942211665106536
4973,49,107,58,0.45794392523364486,-0.8700628401410971
4974,42,70,28,0.6,1.6733200530681511
4975,48,117,69,0.41025641025641024,-1.9414506867883017
4976,51,97,46,0.5257731958762887,0.5076730825668095
4979,26,56,30,0.4642857142857143,-0.5345224838248488
4980,41,71,30,0.5774647887323944,1.3054598240132387
4981,37,81,44,0.4567901234567901,-0.7777777777777778
4982,81,168,87,0.48214285714285715,-0.4629100498862757
4983,62,99,37,0.6262626262626263,2.51259453814803
4984,58,127,69,0.4566929133858268,-0.9760921603577252
4985,137,275,138,0.49818181818181817,-0.060302268915552716
4986,82,167,85,0.49101796407185627,-0.23214696976024105
4987,37,75,38,0.49333333333333335,-0.11547005383792514
4988,28,52,24,0.5384615384615384,0.5547001962252291
4989,49,106,57,0.46226415094339623,-0.7770286898858113
4994,34,60,26,0.5666666666666667,1.0327955589886444
4998,50,94,44,0.5319148936170213,0.618852747755276
5000,112,234,122,0.47863247863247865,-0.6537204504606134
5001,201,382,181,0.5261780104712042,1.0232890201933016
5002,122,231,109,0.5281385281385281,0.8553372034476997
5003,98,193,95,0.5077720207253886,0.21594472522460836
5004,115,229,114,0.5021834061135371,0.06608186004550898
5005,45,92,47,0.4891304347826087,-0.20851441405707477
5006,54,119,65,0.453781512605042,-1.0083683467310325
5007,56,131,75,0.42748091603053434,-1.660037707655972
5008,25,53,28,0.4716981132075472,-0.4120816918460671
5009,102,245,143,0.4163265306122449,-2.6193939164997535
5010,99,209,110,0.47368421052631576,-0.760885910252682
5011,93,169,76,0.5502958579881657,1.3076923076923077
5012,163,351,188,0.46438746438746437,-1.3344012817090596
5013,139,282,143,0.4929078014184397,-0.23819653367016547
5014,78,160,82,0.4875,-0.31622776601683794
5015,109,223,114,0.48878923766816146,-0.3348247650912125
5016,107,215,108,0.49767441860465117,-0.06819943394704735
5017,109,204,95,0.5343137254901961,0.9801960588196068
5018,161,294,133,0.5476190476190477,1.6329931618554518
5019,100,208,108,0.4807692307692308,-0.5547001962252291
5020,106,236,130,0.4491525423728814,-1.5622669317698865
5040,67,116,49,0.5775862068965517,1.671258043593467
5041,154,313,159,0.49201277955271566,-0.28261670947211076
5042,80,187,107,0.42780748663101603,-1.9744355451432527
5043,162,303,141,0.5346534653465347,1.2064184782049947
5044,112,220,108,0.509090909090909,0.26967994498529685
5045,86,167,81,0.5149700598802395,0.38691161626706844
5048,68,130,62,0.5230769230769231,0.5262348115842176
5049,74,158,84,0.46835443037974683,-0.79555728417573
5050,33,65,32,0.5076923076923077,0.12403473458920847
5051,51,98,47,0.5204081632653061,0.40406101782088427
5052,103,194,91,0.5309278350515464,0.8615497903412858
5053,81,167,86,0.48502994011976047,-0.38691161626706844
5054,43,75,32,0.5733333333333334,1.2701705922171767
5056,37,80,43,0.4625,-0.6708203932499369
5057,33,67,34,0.4925373134328358,-0.12216944435630522
5060,31,53,22,0.5849056603773585,1.2362450755382013
5061,25,57,32,0.43859649122807015,-0.9271726499455306
5062,98,201,103,0.48756218905472637,-0.3526728079292991
5063,216,386,170,0.5595854922279793,2.341338353372723
5064,51,99,48,0.5151515151515151,0.30151134457776363
5065,33,68,35,0.4852941176470588,-0.24253562503633297
5067,80,158,78,0.5063291139240507,0.159111456835146
5068,81,173,92,0.4682080924855491,-0.8363145133966761
5098,69,154,85,0.44805194805194803,-1.2893167424406085
5099,134,289,155,0.46366782006920415,-1.2352941176470589
5100,139,302,163,0.4602649006622517,-1.3810448103562465
5101,74,148,74,0.5,0.0
5102,64,130,66,0.49230769230769234,-0.17541160386140586
5103,37,75,38,0.49333333333333335,-0.11547005383792514
5104,27,68,41,0.39705882352941174,-1.697749375254331
5107,94,190,96,0.49473684210526314,-0.14509525002200233
5108,47,113,66,0.415929203539823,-1.7873696499288347
5109,109,214,105,0.5093457943925234,0.2734343708098653
5110,119,231,112,0.5151515151515151,0.4605661864718383
5111,55,118,63,0.4661016949152542,-0.7364596943186588
5112,86,172,86,0.5,0.0
5113,53,107,54,0.4953271028037383,-0.09667364890456635
5114,152,269,117,0.5650557620817844,2.133987662973923
5115,78,138,60,0.5652173913043478,1.5322617553657476
5116,19,55,36,0.34545454545454546,-2.292279532375023
5123,86,172,86,0.5,0.0
5124,61,120,59,0.5083333333333333,0.18257418583505536
5125,68,130,62,0.5230769230769231,0.5262348115842176
5126,104,195,91,0.5333333333333333,0.9309493362512627
5127,61,128,67,0.4765625,-0.5303300858899106
5128,140,268,128,0.5223880597014925,0.7330166661378313
5129,210,384,174,0.546875,1.8371173070873836
5130,183,367,184,0.4986376021798365,-0.052199575097188054
5131,140,273,133,0.5128205128205128,0.42365927286816174
5132,144,273,129,0.5274725274725275,0.9078412990032038
5133,37,58,21,0.6379310344827587,2.1009029257555607
5134,50,91,41,0.5494505494505495,0.9434563530497265
5136,83,206,123,0.4029126213592233,-2.786932057166471
5137,130,267,137,0.4868913857677903,-0.4283930429534732
5138,109,214,105,0.5093457943925234,0.2734343708098653
5139,137,300,163,0.45666666666666667,-1.5011106998930268
5140,228,431,203,0.5290023201856149,1.20420762714772
5141,97,196,99,0.49489795918367346,-0.14285714285714285
5142,99,172,73,0.5755813953488372,1.9824814143238607
5143,195,362,167,0.5386740331491713,1.471647327437383
5144,159,308,149,0.5162337662337663,0.5698028822981898
5145,143,262,119,0.5458015267175572,1.482724951716517
5146,153,318,165,0.4811320754716981,-0.6729265849104532
5147,92,207,115,0.4444444444444444,-1.5986105077709065
5148,91,187,96,0.48663101604278075,-0.36563621206356534
5167,52,103,51,0.5048543689320388,0.09853292781642932
5168,102,199,97,0.5125628140703518,0.3544406025041679
5169,106,228,122,0.4649122807017544,-1.059625885652035
5170,108,207,99,0.5217391304347826,0.6255432421712243
5171,210,459,249,0.45751633986928103,-1.820364109236413
5172,175,386,211,0.4533678756476684,-1.8323517548134354
5173,67,143,76,0.46853146853146854,-0.7526178090063816
5174,55,108,53,0.5092592592592593,0.19245008972987526
5175,76,161,85,0.4720496894409938,-0.7092993656151906
5176,51,102,51,0.5,0.0
5177,143,290,147,0.49310344827586206,-0.23488808780588138
5178,120,243,123,0.49382716049382713,-0.19245008972987526
5179,118,224,106,0.5267857142857143,0.8017837257372732
5180,182,357,175,0.5098039215686274,0.37047928681747416
5181,100,206,106,0.4854368932038835,-0.4180398085749706
5182,67,124,57,0.5403225806451613,0.8980265101338746
5184,90,177,87,0.5084745762711864,0.22549380840084865
5185,57,112,55,0.5089285714285714,0.1889822365046136
5186,58,120,62,0.48333333333333334,-0.3651483716701107
5187,36,74,38,0.4864864864864865,-0.23249527748763857
5189,82,159,77,0.5157232704402516,0.3965257928590721
5190,78,148,70,0.527027027027027,0.6575959492214292
5191,164,306,142,0.5359477124183006,1.2576562910450648
5192,118,227,109,0.5198237885462555,0.5973509804399748
5193,45,104,59,0.4326923076923077,-1.3728129459672884
5195,72,131,59,0.549618320610687,1.1358152736593492
5196,81,166,85,0.4879518072289157,-0.3104602102825331
5197,21,56,35,0.375,-1.8708286933869707
5227,112,229,117,0.4890829694323144,-0.3304093002275449
5228,180,376,196,0.4787234042553192,-0.8251369970070347
5229,182,383,201,0.4751958224543081,-0.9708546475844325
5230,77,153,76,0.5032679738562091,0.08084520834544433
5231,60,117,57,0.5128205128205128,0.2773500981126145
5233,93,193,100,0.48186528497409326,-0.5038710255240862
5235,46,85,39,0.5411764705882353,0.7592566023652966
5236,207,436,229,0.47477064220183485,-1.0536089137432665
5237,85,184,99,0.46195652173913043,-1.03209369308428
5238,172,330,158,0.5212121212121212,0.7706746355884524
5239,135,258,123,0.5232558139534884,0.7470873676376284
5240,97,213,116,0.45539906103286387,-1.3018585486723102
5241,38,69,31,0.5507246376811594,0.8427009716003844
5242,152,307,155,0.495114006514658,-0.1712190436606049
5243,62,116,54,0.5344827586206896,0.7427813527082074
5244,83,163,80,0.50920245398773,0.2349781349963872
5245,50,107,57,0.4672897196261682,-0.6767155423319645
5251,76,158,82,0.4810126582278481,-0.47733437050543803
5252,107,213,106,0.5023474178403756,0.06851887098275317
5253,148,292,144,0.5068493150684932,0.23408229439226114
5254,242,504,262,0.4801587301587302,-0.8908708063747479
5255,227,418,191,0.5430622009569378,1.7608175569602666
5256,71,139,68,0.5107913669064749,0.2544566789039913
5257,153,322,169,0.4751552795031056,-0.8916451401205645
5258,196,373,177,0.5254691689008043,0.9837827088491456
5259,177,372,195,0.47580645161290325,-0.9332565252573828
5260,177,382,205,0.46335078534031415,-1.4326046282706224
5261,107,202,95,0.5297029702970297,0.8443170536763502
5265,116,224,108,0.5178571428571429,0.5345224838248488
5266,230,461,231,0.49891540130151846,-0.04657464328326223
5267,163,311,148,0.5241157556270096,0.8505719656856141
5268,196,420,224,0.4666666666666667,-1.3662601021279466
5269,148,271,123,0.5461254612546126,1.5186418480769674
5270,105,215,110,0.4883720930232558,-0.34099716973523675
5271,94,207,113,0.45410628019323673,-1.3205912890281402
5272,186,372,186,0.5,0.0
5273,212,428,216,0.4953271028037383,-0.1933472978091327
5274,140,278,138,0.5035971223021583,0.11995202878081344
5275,127,280,153,0.45357142857142857,-1.5537971921347118
5276,30,64,34,0.46875,-0.5
5295,73,154,81,0.474025974025974,-0.6446583712203042
5296,93,199,106,0.46733668341708545,-0.9215455665108366
5297,138,291,153,0.4742268041237113,-0.8793155726408238
5298,164,328,164,0.5,0.0
5299,150,295,145,0.5084745762711864,0.291111254869791
5300,124,261,137,0.47509578544061304,-0.8046797987672248
5301,119,245,126,0.4857142857142857,-0.4472135954999579
5302,91,191,100,0.47643979057591623,-0.6512171447631795
5303,172,305,133,0.5639344262295082,2.2331335038240865
5304,52,119,67,0.4369747899159664,-1.3750477455423171
5305,183,342,159,0.5350877192982456,1.2977713690461004
5306,140,275,135,0.509090909090909,0.3015113445777636
5307,136,279,143,0.4874551971326165,-0.4190790380624747
5308,113,213,100,0.5305164319248826,0.8907453227757912
5309,216,437,221,0.494279176201373,-0.23918243661746993
5310,103,187,84,0.5508021390374331,1.3894176058415482
5311,62,142,80,0.43661971830985913,-1.5105264449340403
5312,111,248,137,0.4475806451612903,-1.6510016510024765
5313,72,143,71,0.5034965034965035,0.08362420100070908
5314,70,119,49,0.5882352941176471,1.9250668437592438
5315,36,65,29,0.5538461538461539,0.8682431421244593
5316,37,85,48,0.43529411764705883,-1.193117518002609
5317,33,65,32,0.5076923076923077,0.12403473458920847
5318,141,268,127,0.5261194029850746,0.8551861104941365
5319,152,302,150,0.5033112582781457,0.1150870675296872
5320,70,139,69,0.5035971223021583,0.08481889296799709
5321,77,139,62,0.5539568345323741,1.2722833945199565
5322,115,221,106,0.5203619909502263,0.6054055145966812
5323,122,225,103,0.5422222222222223,1.2666666666666666
5324,55,110,55,0.5,0.0
5325,32,62,30,0.5161290322580645,0.254000254000381
5327,27,60,33,0.45,-0.7745966692414834
5355,134,274,140,0.48905109489051096,-0.3624732559981062
5356,263,527,264,0.4990512333965844,-0.04356068418690321
5357,149,297,148,0.5016835016835017,0.058025885318565944
5358,60,135,75,0.4444444444444444,-1.2909944487358056
5359,76,157,81,0.4840764331210191,-0.39904344223381105
5360,95,205,110,0.4634146341463415,-1.0476454436543672
5361,89,195,106,0.4564102564102564,-1.217395285867036
5362,43,86,43,0.5,0.0
5363,129,276,147,0.4673913043478261,-1.0834726777719228
5364,138,277,139,0.4981949458483754,-0.06008417681261097
5365,111,238,127,0.46638655462184875,-1.037125957683463
5366,118,255,137,0.4627450980392157,-1.1898261530617842
5367,185,383,198,0.4830287206266319,-0.6642689693998749
5368,72,132,60,0.5454545454545454,1.044465935734187
5369,58,103,45,0.5631067961165048,1.2809280616135812
5370,162,363,201,0.4462809917355372,-2.046969136217764
5372,64,136,72,0.47058823529411764,-0.6859943405700353
5379,54,117,63,0.46153846153846156,-0.8320502943378436
5380,182,351,169,0.5185185185185185,0.693888666488711
5381,243,490,247,0.4959183673469388,-0.18070158058105026
5382,275,556,281,0.49460431654676257,-0.2544566789039913
5383,157,323,166,0.48606811145510836,-0.5007733956671915
5384,160,322,162,0.4968944099378882,-0.11145564251507056
5385,194,394,200,0.49238578680203043,-0.30227563311592703
5386,193,402,209,0.48009950248756217,-0.7980074688861063
5387,243,491,248,0.49490835030549896,-0.2256468412032621
5388,181,385,204,0.4701298701298701,-1.1721885403065389
5389,119,219,100,0.54337899543379,1.2839010189590232
5390,67,146,79,0.4589041095890411,-0.9931270663228415
5392,91,185,94,0.4918918918918919,-0.22056438662814232
5393,211,444,233,0.4752252252252252,-1.044073795327749
5394,238,515,277,0.4621359223300971,-1.718545332033004
5395,273,522,249,0.5229885057471264,1.0504514628777804
5396,159,306,147,0.5196078431372549,0.6859943405700354
5397,104,212,108,0.49056603773584906,-0.27472112789737807
5398,97,180,83,0.5388888888888889,1.0434983894999017
5399,157,302,145,0.5198675496688742,0.6905224051781232
5400,128,258,130,0.49612403100775193,-0.12451456127293807
5401,255,470,215,0.5425531914893617,1.84506241605777
5402,124,268,144,0.4626865671641791,-1.2216944435630521
5403,81,179,98,0.45251396648044695,-1.270639657678291
5422,52,104,52,0.5,0.0
5423,121,270,149,0.44814814814814813,-1.704025734460517
5424,114,241,127,0.4730290456431535,-0.8374036143210801
5425,293,602,309,0.4867109634551495,-0.6521113167513779
5426,234,463,229,0.5053995680345572,0.23236970617008654
5427,129,273,144,0.4725274725274725,-0.9078412990032038
5428,88,187,99,0.47058823529411764,-0.8043996665398437
5429,63,120,57,0.525,0.5477225575051661
5430,68,136,68,0.5,0.0
5431,78,165,87,0.4727272727272727,-0.7006490497453707
5432,124,237,113,0.5232067510548524,0.714526782707794
5433,166,291,125,0.570446735395189,2.403462565218252
5434,179,396,217,0.45202020202020204,-1.9095718489925029
5435,95,194,99,0.4896907216494845,-0.28718326344709527
5436,173,328,155,0.5274390243902439,0.9938837346736188
5437,59,110,51,0.5363636363636364,0.7627700713964739
5438,92,173,81,0.5317919075144508,0.8363145133966761
5441,85,170,85,0.5,0.0
5442,64,124,60,0.5161290322580645,0.3592106040535498
5443,47,101,54,0.46534653465346537,-0.6965260331469925
5444,110,222,112,0.4954954954954955,-0.13423121104280486
5445,36,66,30,0.5454545454545454,0.7385489458759964
5446,35,80,45,0.4375,-1.118033988749895
5447,87,177,90,0.4915254237288136,-0.22549380840084865
5448,43,87,44,0.4942528735632184,-0.10721125348377948
5449,134,261,127,0.5134099616858238,0.43328912241312106
5450,80,193,113,0.41450777202072536,-2.375391977470692
5451,119,248,129,0.4798387096774194,-0.6350006350009525
5452,98,189,91,0.5185185185185185,0.5091750772173156
5453,41,78,37,0.5256410256410257,0.45291081365783825
5454,93,171,78,0.543859649122807,1.1470786693528088
5455,52,111,59,0.46846846846846846,-0.6644105970267493
5456,59,127,68,0.4645669291338583,-0.7986208584745025
5484,209,427,218,0.4894613583138173,-0.43554052664624454
5485,183,390,207,0.46923076923076923,-1.2152872405004
5486,149,283,134,0.5265017667844523,0.891657447416646
5487,111,215,104,0.5162790697674419,0.47739603762933147
5488,103,215,112,0.4790697674418605,-0.6137949055234262
5489,120,227,107,0.5286343612334802,0.8628403050799636
5490,164,325,161,0.5046153846153846,0.16641005886756874
5491,129,248,119,0.5201612903225806,0.6350006350009525
5492,159,331,172,0.48036253776435045,-0.7145446229081065
5493,26,64,38,0.40625,-1.5
5494,83,176,93,0.4715909090909091,-0.753778361444409
5495,188,398,210,0.4723618090452261,-1.102760355657588
5496,156,327,171,0.47706422018348627,-0.8295018954139965
5497,167,351,184,0.4757834757834758,-0.9073928715621605
5498,109,211,102,0.5165876777251185,0.48189987357506
5499,152,309,157,0.4919093851132686,-0.2844400619942871
5500,24,56,32,0.42857142857142855,-1.0690449676496976
5501,43,81,38,0.5308641975308642,0.5555555555555556
5504,39,84,45,0.4642857142857143,-0.6546536707079772
5507,31,54,23,0.5740740740740741,1.0886621079036347
5508,131,256,125,0.51171875,0.375
5509,158,369,211,0.4281842818428184,-2.759069793365374
5510,222,451,229,0.49223946784922396,-0.32961712654360775
5511,195,416,221,0.46875,-1.2747548783981963
5512,165,300,135,0.55,1.7320508075688772
5513,173,371,198,0.46630727762803237,-1.2979353291279125
5514,226,461,235,0.49023861171366595,-0.4191717895493601
5515,232,511,279,0.45401174168297453,-2.0791575894579015
5516,182,360,178,0.5055555555555555,0.21081851067789195
5517,222,457,235,0.48577680525164113,-0.6081143506424844
5518,105,216,111,0.4861111111111111,-0.408248290463863
5519,51,118,67,0.4322033898305085,-1.4729193886373175
5520,52,126,74,0.4126984126984127,-1.9599157740244455
5521,240,478,238,0.502092050209205,0.09147787074926965
5522,211,410,199,0.5146341463414634,0.5926377579897538
5523,228,476,248,0.4789915966386555,-0.9166984970282114
5524,209,445,236,0.4696629213483146,-1.2799227504779385
5525,145,288,143,0.5034722222222222,0.11785113019775793
5526,98,177,79,0.5536723163841808,1.428127453205375
5527,160,276,116,0.5797101449275363,2.6484887678869224
5528,115,235,120,0.48936170212765956,-0.3261640365267211
5529,148,300,152,0.49333333333333335,-0.23094010767585027
5530,178,355,177,0.5014084507042254,0.053074489243427524
5531,92,166,74,0.5542168674698795,1.397070946271399
5551,123,238,115,0.5168067226890757,0.5185629788417315
5552,130,238,108,0.5462184873949579,1.4260481918147616
5553,128,265,137,0.4830188679245283,-0.552865605150556
5554,213,457,244,0.4660831509846827,-1.4501188361474628
5555,184,360,176,0.5111111111111111,0.4216370213557839
5556,116,233,117,0.4978540772532189,-0.06551217820804184
5557,89,157,68,0.5668789808917197,1.6759824573820066
5558,78,165,87,0.4727272727272727,-0.7006490497453707
5559,76,165,89,0.46060606060606063,-1.0120486274099798
5560,90,176,86,0.5113636363636364,0.30151134457776363
5561,161,322,161,0.5,0.0
5562,180,363,183,0.49586776859504134,-0.1574591643244434
5563,117,236,119,0.4957627118644068,-0.13018891098082389
5564,124,275,151,0.4509090909090909,-1.6281612607199234
5565,76,139,63,0.5467625899280576,1.1026456085839622
5566,69,140,71,0.4928571428571429,-0.1690308509457033
5567,45,85,40,0.5294117647058824,0.5423261445466404
5568,113,234,121,0.4829059829059829,-0.5229763603684907
5569,84,173,89,0.48554913294797686,-0.38014296063485276
5570,91,185,94,0.4918918918918919,-0.22056438662814232
5571,96,191,95,0.5026178010471204,0.07235746052924216
5572,105,234,129,0.44871794871794873,-1.5689290811054721
5573,31,58,27,0.5344827586206896,0.5252257314388902
5574,139,251,112,0.5537848605577689,1.7042248883640685
5576,118,255,137,0.4627450980392157,-1.1898261530617842
5577,70,134,64,0.5223880597014925,0.5183210553488161
5578,116,242,126,0.4793388429752066,-0.6428243465332251
5579,147,280,133,0.525,0.8366600265340756
5580,81,184,103,0.44021739130434784,-1.6218615177038684
5581,90,195,105,0.46153846153846156,-1.0741723110591495
5582,155,285,130,0.543859649122807,1.4808721943977308
5583,153,335,182,0.45671641791044776,-1.584439257653644
5611,124,249,125,0.4979919678714859,-0.06337242505244779
5612,295,596,301,0.4949664429530201,-0.24576957615571215
5613,173,357,184,0.484593837535014,-0.5821817364274594
5614,166,329,163,0.5045592705167173,0.1653953539259914
5615,165,306,141,0.5392156862745098,1.3719886811400708
5616,222,464,242,0.47844827586206895,-0.9284766908852594
5617,151,297,146,0.5084175084175084,0.29012942659282975
5618,217,421,204,0.5154394299287411,0.6335812324771531
5619,88,181,93,0.4861878453038674,-0.3716470731235832
5620,65,118,53,0.5508474576271186,1.104689541477988
5621,34,50,16,0.68,2.545584412271571
5622,127,253,126,0.5019762845849802,0.06286946134619315
5623,222,463,241,0.4794816414686825,-0.8830048834463289
5624,220,442,222,0.497737556561086,-0.09513029883089881
5625,173,296,123,0.5844594594594594,2.906190968595482
5626,169,305,136,0.5540983606557377,1.8895745032357654
5627,139,290,151,0.4793103448275862,-0.7046642634176441
5628,103,218,115,0.4724770642201835,-0.8127425537743156
5629,123,249,126,0.4939759036144578,-0.1901172751573434
5630,107,214,107,0.5,0.0
5631,114,226,112,0.504424778761062,0.13303802104754786
5632,76,143,67,0.5314685314685315,0.7526178090063816
5633,71,132,61,0.5378787878787878,0.8703882797784892
5634,28,64,36,0.4375,-1.0
5635,122,250,128,0.488,-0.37947331922020555
5636,177,354,177,0.5,0.0
5637,177,404,227,0.4381188118811881,-2.487592975524973
5638,277,552,275,0.5018115942028986,0.08512565307587486
5639,237,477,240,0.4968553459119497,-0.13736056394868904
5640,207,422,215,0.490521327014218,-0.3894339068089884
5641,255,502,247,0.5079681274900398,0.35705747414196143
5642,288,598,310,0.4816053511705686,-0.8996469021204838
5643,187,372,185,0.5026881720430108,0.10369516947304253
5644,194,420,226,0.46190476190476193,-1.5614401167176533
5645,231,423,192,0.5460992907801419,1.8962448894726291
5646,132,285,153,0.4631578947368421,-1.2439326432940938
5647,123,261,138,0.47126436781609193,-0.9284766908852594
5648,145,288,143,0.5034722222222222,0.11785113019775793
5649,334,659,325,0.5068285280728376,0.3505902242092289
5650,182,377,195,0.4827586206896552,-0.6695340634119862
5651,156,306,150,0.5098039215686274,0.3429971702850177
5652,137,265,128,0.5169811320754717,0.552865605150556
5653,90,192,102,0.46875,-0.8660254037844387
5654,101,203,102,0.4975369458128079,-0.07018624063435965
5655,140,275,135,0.509090909090909,0.3015113445777636
5656,128,265,137,0.4830188679245283,-0.552865605150556
5657,190,350,160,0.5428571428571428,1.6035674514745462
5658,88,187,99,0.47058823529411764,-0.8043996665398437
5659,38,80,42,0.475,-0.4472135954999579
5678,48,108,60,0.4444444444444444,-1.1547005383792515
5679,83,185,102,0.4486486486486487,-1.3969077819782347
5680,135,234,99,0.5769230769230769,2.353393621658208
5681,167,321,154,0.5202492211838006,0.7255892438417318
5682,288,574,286,0.5017421602787456,0.08347838711296822
5683,227,438,211,0.5182648401826484,0.7645095721079945
5684,44,85,41,0.5176470588235295,0.32539568672798425
5685,129,243,114,0.5308641975308642,0.9622504486493763
5686,113,215,102,0.5255813953488372,0.7501937734175209
5687,37,79,42,0.46835443037974683,-0.562543950463012
5688,80,140,60,0.5714285714285714,1.6903085094570331
5689,99,188,89,0.526595744680851,0.7293249574894728
5690,96,199,103,0.4824120603015075,-0.4962168435058351
5691,110,223,113,0.49327354260089684,-0.2008948590547275
5692,55,118,63,0.4661016949152542,-0.7364596943186588
5693,41,82,41,0.5,0.0
5694,90,197,107,0.45685279187817257,-1.211199849794464
5696,111,247,136,0.4493927125506073,-1.5907119074394445
5697,150,306,156,0.49019607843137253,-0.3429971702850177
5698,137,282,145,0.4858156028368794,-0.47639306734033093
5699,137,293,156,0.46757679180887374,-1.1099918518902734
5700,77,184,107,0.41847826086956524,-2.211629342323457
5701,80,193,113,0.41450777202072536,-2.375391977470692
5702,163,321,158,0.5077881619937694,0.2790727860929738
5703,197,414,217,0.4758454106280193,-0.982946374365981
5704,113,223,110,0.5067264573991032,0.2008948590547275
5705,107,223,116,0.4798206278026906,-0.6026845771641826
5706,134,280,146,0.4785714285714286,-0.7171371656006361
5707,142,305,163,0.46557377049180326,-1.2024565020591234
5708,153,279,126,0.5483870967741935,1.616447718240974
5709,94,180,86,0.5222222222222223,0.5962847939999439
5710,87,201,114,0.43283582089552236,-1.9044331628182154
5711,188,400,212,0.47,-1.2
5712,136,298,162,0.4563758389261745,-1.5061395605450798
5713,94,187,93,0.5026737967914439,0.07312724241271307
5740,133,262,129,0.5076335877862596,0.24712082528608617
5741,277,523,246,0.5296367112810707,1.3555353552845408
5742,166,333,167,0.4984984984984985,-0.0547996624351191
5743,187,333,146,0.5615615615615616,2.246786159839883
5744,204,415,211,0.491566265060241,-0.3436164855716712
5745,218,449,231,0.48552338530066813,-0.6135079316379113
5746,199,399,200,0.49874686716791977,-0.05006261743217589
5747,108,238,130,0.453781512605042,-1.4260481918147616
5748,121,260,139,0.4653846153846154,-1.116312611302876
5749,146,305,159,0.4786885245901639,-0.7443778346080288
5750,90,184,94,0.4891304347826087,-0.29488391230979427
5751,167,365,198,0.4575342465753425,-1.6226141600296626
5752,307,633,326,0.4849921011058452,-0.755182201841306
5753,176,324,148,0.5432098765432098,1.5555555555555556
5754,146,315,169,0.4634920634920635,-1.2959031905837253
5755,181,365,184,0.4958904109589041,-0.15702717677706413
5756,189,399,210,0.47368421052631576,-1.0513149660756937
5757,169,342,173,0.49415204678362573,-0.21629522817435007
5758,153,312,159,0.49038461538461536,-0.3396831102433787
5759,168,338,170,0.4970414201183432,-0.10878565864408424
5760,192,388,196,0.4948453608247423,-0.20306923302672383
5761,41,77,36,0.5324675324675324,0.5698028822981898
5762,112,218,106,0.5137614678899083,0.4063712768871578
5763,110,224,114,0.49107142857142855,-0.2672612419124244
5764,172,324,152,0.5308641975308642,1.1111111111111112
5765,199,412,213,0.4830097087378641,-0.6897304947150052
5766,179,379,200,0.47229551451187335,-1.0786975435687796
5767,204,429,225,0.4755244755244755,-1.0138895541290618
5768,169,330,161,0.5121212121212121,0.4403855060505443
5769,264,527,263,0.5009487666034156,0.04356068418690321
5770,202,421,219,0.47980997624703087,-0.8285293040085848
5771,233,446,213,0.5224215246636771,0.9470274476207569
5772,217,437,220,0.4965675057208238,-0.14350946197048195
5773,256,507,251,0.504930966469428,0.22205779584216379
5774,280,554,274,0.5054151624548736,0.25491557319725244
5775,161,330,169,0.48787878787878786,-0.4403855060505443
5776,118,257,139,0.4591439688715953,-1.309944009258791
5777,279,547,268,0.5100548446069469,0.47032603728991407
5778,228,439,211,0.5193621867881549,0.811365731835691
5779,127,277,150,0.4584837545126354,-1.3819360666900522
5780,133,243,110,0.5473251028806584,1.4754506879290437
5781,83,191,108,0.43455497382198954,-1.808936513231054
5782,118,250,132,0.472,-0.8854377448471462
5783,169,333,164,0.5075075075075075,0.2739983121755955
5784,203,401,198,0.5062344139650873,0.24968808471946113
5785,160,314,154,0.5095541401273885,0.33859958878986024
5786,105,200,95,0.525,0.7071067811865475
5787,34,61,27,0.5573770491803278,0.8962581595302719
5806,34,59,25,0.576271186440678,1.171700198827415
5807,164,349,185,0.4699140401146132,-1.1241042279015974
5808,79,151,72,0.5231788079470199,0.5696519211398116
5809,160,326,166,0.49079754601226994,-0.3323092653730268
5810,188,382,194,0.49214659685863876,-0.3069867060579905
5811,335,700,365,0.4785714285714286,-1.1338934190276817
5812,85,171,86,0.49707602339181284,-0.07647191129018725
5813,65,129,64,0.5038759689922481,0.08804509063256238
5814,91,201,110,0.4527363184079602,-1.3401566701313368
5815,80,158,78,0.5063291139240507,0.159111456835146
5816,48,91,43,0.5274725274725275,0.5241424183609592
5817,80,141,61,0.5673758865248227,1.600088650026386
5818,98,186,88,0.5268817204301075,0.7332355751067665
5819,85,175,90,0.4857142857142857,-0.37796447300922725
5820,74,139,65,0.5323741007194245,0.7633700367119739
5821,45,92,47,0.4891304347826087,-0.20851441405707477
5822,77,134,57,0.5746268656716418,1.7277368511627202
5823,80,171,91,0.4678362573099415,-0.8411910241920598
5824,140,295,155,0.4745762711864407,-0.8733337646093731
5825,142,285,143,0.4982456140350877,-0.05923488777590923
5826,124,239,115,0.5188284518828452,0.5821616046178358
5827,180,380,200,0.47368421052631576,-1.0259783520851542
5828,130,311,181,0.4180064308681672,-2.891944683331088
5829,124,256,132,0.484375,-0.5
5830,158,330,172,0.47878787878787876,-0.7706746355884524
5831,264,527,263,0.5009487666034156,0.04356068418690321
5832,195,403,208,0.4838709677419355,-0.6475761258027333
5833,180,351,171,0.5128205128205128,0.4803844614152614
5834,192,392,200,0.4897959183673469,-0.40406101782088427
5835,192,375,183,0.512,0.46475800154489005
5836,194,387,193,0.5012919896640827,0.05083285677753489
5837,191,375,184,0.5093333333333333,0.3614784456460256
5838,156,303,147,0.5148514851485149,0.5170364906592835
5839,170,326,156,0.5214723926380368,0.7753882858703958
5840,81,154,73,0.525974025974026,0.6446583712203042
5841,123,240,117,0.5125,0.3872983346207417
5867,28,62,34,0.45161290322580644,-0.762000762001143
5868,226,459,233,0.4923747276688453,-0.32673201960653564
5869,150,306,156,0.49019607843137253,-0.3429971702850177
5870,181,376,195,0.48138297872340424,-0.7219948723811553
5871,163,337,174,0.4836795252225519,-0.5992081817731276
5872,175,347,172,0.5043227665706052,0.1610484381285057
5873,164,320,156,0.5125,0.4472135954999579
5874,197,395,198,0.49873417721518987,-0.05031546054266276
5875,195,392,197,0.49744897959183676,-0.10101525445522107
5876,115,233,118,0.49356223175965663,-0.19653653462412551
5877,310,606,296,0.5115511551155115,0.5687111245916713
5878,84,176,92,0.4772727272727273,-0.6030226891555273
5879,238,459,221,0.5185185185185185,0.7934920476158722
5880,222,415,193,0.5349397590361445,1.4235540116540664
5881,195,373,178,0.5227882037533512,0.8802266342334462
5882,168,337,169,0.49851632047477745,-0.05447347107028433
5883,312,642,330,0.48598130841121495,-0.7104033341674726
5884,245,502,257,0.48804780876494025,-0.5355862112129421
5885,199,411,212,0.48418491484184917,-0.641242710767087
5886,171,345,174,0.4956521739130435,-0.16151457061744964
5887,156,318,162,0.49056603773584906,-0.3364632924552266
5888,160,344,184,0.46511627906976744,-1.2939932784412609
5889,149,311,162,0.4790996784565916,-0.7371623702608655
5890,133,262,129,0.5076335877862596,0.24712082528608617
5891,170,336,166,0.5059523809523809,0.2182178902359924
5892,157,307,150,0.511400651465798,0.3995111018747447
5893,209,386,177,0.5414507772020726,1.6287571153897205
5894,166,339,173,0.4896755162241888,-0.38018781261549794
5895,173,366,193,0.4726775956284153,-1.0454167469786333
5896,238,418,180,0.569377990430622,2.8368727306582073
5897,226,445,219,0.5078651685393258,0.331831824197984
5898,155,320,165,0.484375,-0.5590169943749475
5899,182,367,185,0.49591280653950953,-0.15659872529156416
5900,197,455,258,0.432967032967033,-2.859724108724822
5901,320,657,337,0.487062404870624,-0.6632331674447399
5902,141,291,150,0.4845360824742268,-0.5275893435844943
5903,117,248,131,0.4717741935483871,-0.8890008890013334
5904,174,349,175,0.498567335243553,-0.05352877275721892
5905,237,450,213,0.5266666666666666,1.131370849898476
5906,290,555,265,0.5225225225225225,1.0611908999450221
5907,165,299,134,0.5518394648829431,1.7927762890953447
5908,120,237,117,0.5063291139240507,0.19487094073848926
5909,115,232,117,0.4956896551724138,-0.13130643285972254
5910,180,352,172,0.5113636363636364,0.42640143271122083
5911,144,319,175,0.45141065830721006,-1.7356667839631483
5912,213,402,189,0.5298507462686567,1.1970112033291593
5913,135,264,129,0.5113636363636364,0.3692744729379982
5914,39,91,52,0.42857142857142855,-1.3627702877384937
5933,40,92,52,0.43478260869565216,-1.2510864843424487
5934,124,255,131,0.48627450980392156,-0.4383570037596047
5935,143,288,145,0.4965277777777778,-0.11785113019775793
5936,137,253,116,0.541501976284585,1.3202586882700562
5937,214,390,176,0.5487179487179488,1.9242047974589667
5938,266,504,238,0.5277777777777778,1.247219128924647
5939,173,360,187,0.48055555555555557,-0.7378647873726218
5940,135,252,117,0.5357142857142857,1.1338934190276817
5941,130,247,117,0.5263157894736842,0.827170191868511
5942,106,211,105,0.5023696682464455,0.06884283908215143
5943,50,117,67,0.42735042735042733,-1.5716505559714824
5944,97,193,96,0.5025906735751295,0.07198157507486945
5945,152,315,163,0.48253968253968255,-0.6197797868009122
5946,66,128,62,0.515625,0.35355339059327373
5947,75,137,62,0.5474452554744526,1.110664955031789
5948,66,132,66,0.5,0.0
5949,100,187,87,0.5347593582887701,0.9506541513652698
5950,102,211,109,0.4834123222748815,-0.48189987357506
5951,60,127,67,0.47244094488188976,-0.6211495565912797
5952,75,187,112,0.40106951871657753,-2.7057079692703834
5953,112,233,121,0.48068669527896996,-0.5896096038723766
5954,113,214,101,0.5280373831775701,0.8203031124295959
5955,128,269,141,0.4758364312267658,-0.7926239891046
5956,283,589,306,0.48047538200339557,-0.9476984899448786
5957,184,354,170,0.519774011299435,0.7440916048338274
5958,164,341,177,0.4809384164222874,-0.703989469396047
5959,238,501,263,0.4750499001996008,-1.1169176290219256
5960,299,593,294,0.5042158516020236,0.20532539058829544
5961,193,411,218,0.46958637469586373,-1.233159059167475
5962,254,547,293,0.4643510054844607,-1.6675195867551498
5963,208,420,212,0.49523809523809526,-0.19518001458970666
5964,211,456,245,0.46271929824561403,-1.5921958796888798
5965,219,377,158,0.5809018567639257,3.141659836010089
5966,247,504,257,0.49007936507936506,-0.44543540318737396
5967,177,386,209,0.4585492227979275,-1.6287571153897205
5968,162,337,175,0.4807121661721068,-0.7081551239136963
5969,187,368,181,0.5081521739130435,0.3127716210856122
5970,61,142,81,0.4295774647887324,-1.6783627165933783
5971,33,55,22,0.6,1.4832396974191326
5976,50,102,52,0.49019607843137253,-0.19802950859533489
5977,22,58,36,0.3793103448275862,-1.8382900600361156
5996,101,181,80,0.5580110497237569,1.5609177071190494
5997,214,431,217,0.4965197215777262,-0.1445049152577264
5998,188,387,199,0.48578811369509045,-0.5591614245528838
5999,249,476,227,0.523109243697479,1.0083683467310325
6000,204,398,194,0.5125628140703518,0.5012547071170855
6001,165,327,162,0.5045871559633027,0.1659003790827993
6002,156,313,157,0.4984025559105431,-0.05652334189442215
6003,147,290,143,0.506896551724138,0.23488808780588138
6004,132,304,172,0.4342105263157895,-2.2941573387056176
6005,254,488,234,0.5204918032786885,0.9053574604251853
6006,125,260,135,0.4807692307692308,-0.6201736729460423
6007,155,310,155,0.5,0.0
6008,150,315,165,0.47619047619047616,-0.8451542547285166
6009,263,534,271,0.49250936329588013,-0.34619385792633234
6010,165,330,165,0.5,0.0
6011,232,452,220,0.5132743362831859,0.5644325210301584
6012,239,458,219,0.5218340611353712,0.9345386270319955
6013,199,434,235,0.45852534562211983,-1.7280552986543496
6014,202,371,169,0.5444743935309974,1.7132746344488445
6015,183,380,197,0.48157894736842105,-0.7181848464596079
6016,326,628,302,0.5191082802547771,0.9577042613611466
6017,217,441,224,0.49206349206349204,-0.3333333333333333
6018,180,373,193,0.48257372654155495,-0.6731144850020471
6019,189,359,170,0.5264623955431755,1.002781646541593
6020,189,388,199,0.48711340206185566,-0.5076730825668095
6021,153,314,161,0.4872611464968153,-0.45146611838648026
6022,168,312,144,0.5384615384615384,1.3587324409735149
6023,318,616,298,0.5162337662337663,0.8058229640253802
6024,214,424,210,0.5047169811320755,0.19425717247145283
6025,168,342,174,0.49122807017543857,-0.3244428422615251
6026,151,323,172,0.4674922600619195,-1.16847125655678
6027,117,236,119,0.4957627118644068,-0.13018891098082389
6028,216,450,234,0.48,-0.848528137423857
6029,291,572,281,0.5087412587412588,0.4181210050035454
6030,192,408,216,0.47058823529411764,-1.1881770515720091
6031,105,231,126,0.45454545454545453,-1.381698559415515
6032,164,321,157,0.5109034267912772,0.3907019005301633
6033,228,449,221,0.5077951002227171,0.3303504247281061
6034,253,532,279,0.4755639097744361,-1.1272429603813559
6035,262,507,245,0.5167652859960552,0.7549965058633569
6036,147,311,164,0.47266881028938906,-0.9639815611103626
6037,72,141,69,0.5106382978723404,0.2526455763199557
6038,77,159,82,0.48427672955974843,-0.3965257928590721
6039,188,396,208,0.47474747474747475,-1.005037815259212
6040,241,445,204,0.5415730337078651,1.7539682136179156
6041,95,187,92,0.5080213903743316,0.21938172723813917
6042,69,146,77,0.4726027397260274,-0.6620847108818944
6062,145,268,123,0.5410447761194029,1.3438638879193574
6063,155,311,156,0.4983922829581994,-0.05670479771237427
6064,149,324,175,0.45987654320987653,-1.4444444444444444
6065,106,228,122,0.4649122807017544,-1.059625885652035
6066,184,370,186,0.4972972972972973,-0.10397504898200728
6067,266,540,274,0.4925925925925926,-0.34426518632954817
6068,220,450,230,0.4888888888888889,-0.4714045207910317
6069,141,287,146,0.4912891986062718,-0.2951406680504776
6070,180,364,184,0.4945054945054945,-0.20965696734438366
6071,66,132,66,0.5,0.0
6072,95,191,96,0.4973821989528796,-0.07235746052924216
6073,218,377,159,0.5782493368700266,3.038654595485168
6074,164,318,154,0.5157232704402516,0.5607721540920443
6075,170,344,174,0.4941860465116279,-0.21566554640687682
6076,152,308,156,0.4935064935064935,-0.2279211529192759
6077,155,367,212,0.4223433242506812,-2.975375780539719
6078,79,182,103,0.4340659340659341,-1.7789983599866428
6079,121,262,141,0.4618320610687023,-1.235604126430431
6080,166,362,196,0.4585635359116022,-1.5767649936829102
6081,29,63,34,0.4603174603174603,-0.629940788348712
6082,155,288,133,0.5381944444444444,1.2963624321753373
6083,230,488,258,0.4713114754098361,-1.2675004445952593
6084,208,418,210,0.49760765550239233,-0.0978231976089037
6085,227,471,244,0.4819532908704883,-0.7833186518929554
6086,157,335,178,0.46865671641791046,-1.1473525658871215
6087,273,573,300,0.47643979057591623,-1.1279411814897635
6088,151,296,145,0.5101351351351351,0.34874291623145787
6089,220,394,174,0.5583756345177665,2.3174465205554404
6090,214,438,224,0.4885844748858447,-0.4778184825674966
6091,290,600,310,0.48333333333333334,-0.816496580927726
6092,150,311,161,0.48231511254019294,-0.623752774836117
6093,194,399,205,0.48621553884711777,-0.5506887917539348
6094,145,289,144,0.5017301038062284,0.058823529411764705
6095,154,314,160,0.49044585987261147,-0.33859958878986024
6096,132,224,92,0.5892857142857143,2.6726124191242437
6097,197,401,204,0.4912718204488778,-0.3495633186072456
6098,148,313,165,0.4728434504792332,-0.9608968122051765
6099,53,122,69,0.4344262295081967,-1.4485719366802965
6102,36,79,43,0.45569620253164556,-0.7875615306482168
6103,78,158,80,0.4936708860759494,-0.159111456835146
6104,84,185,101,0.4540540540540541,-1.249864857559473
6105,93,179,86,0.5195530726256983,0.5232045649263551
6124,83,133,50,0.6240601503759399,2.8614628994295956
6125,188,366,178,0.5136612021857924,0.5227083734893166
6126,236,445,209,0.5303370786516854,1.2799227504779385
6127,180,392,212,0.45918367346938777,-1.616244071283537
6128,169,341,172,0.49560117302052786,-0.1624591083221647
6129,143,299,156,0.4782608695652174,-0.7518094115561123
6130,183,359,176,0.5097493036211699,0.3694458697784817
6131,145,340,195,0.4264705882352941,-2.711630722733202
6132,164,284,120,0.5774647887323944,2.6109196480264774
6133,131,269,138,0.48698884758364314,-0.42679753259478465
6134,124,265,141,0.4679245283018868,-1.044301698617717
6135,158,297,139,0.531986531986532,1.102491821052753
6136,153,308,155,0.4967532467532468,-0.11396057645963795
6137,278,490,212,0.5673469387755102,2.981576079587329
6138,150,279,129,0.5376344086021505,1.2572371141874241
6139,206,445,239,0.46292134831460674,-1.5643500283619247
6140,271,555,284,0.4882882882882883,-0.5518192679714116
6141,164,312,148,0.5256410256410257,0.9058216273156765
6142,116,226,110,0.5132743362831859,0.3991140631426436
6143,279,534,255,0.5224719101123596,1.038581573778997
6144,208,392,184,0.5306122448979592,1.212183053462653
6145,223,434,211,0.5138248847926268,0.5760184328847832
6146,165,297,132,0.5555555555555556,1.9148542155126762
6147,134,257,123,0.5214007782101168,0.6861611477069858
6148,200,409,209,0.4889975550122249,-0.4450213587907339
6149,168,342,174,0.49122807017543857,-0.3244428422615251
6150,223,449,226,0.49665924276169265,-0.14157875345490262
6151,251,498,247,0.5040160642570282,0.17924428597928835
6152,163,356,193,0.45786516853932585,-1.58999682000954
6153,165,305,140,0.5409836065573771,1.4314958357846708
6154,166,349,183,0.47564469914040114,-0.9099891368727216
6155,231,432,201,0.5347222222222222,1.4433756729740643
6156,204,437,233,0.4668192219679634,-1.3872581323813256
6157,316,636,320,0.4968553459119497,-0.15861031714362883
6158,205,419,214,0.4892601431980907,-0.43967877187142834
6159,119,236,117,0.5042372881355932,0.13018891098082389
6160,140,285,145,0.49122807017543857,-0.29617443887954614
6161,154,334,180,0.46107784431137727,-1.4226567034279152
6162,198,407,209,0.4864864864864865,-0.5452497568062706
6163,166,343,177,0.4839650145772595,-0.5939441718716427
6164,118,214,96,0.5514018691588785,1.5038890394542592
6165,31,56,25,0.5535714285714286,0.8017837257372732
6166,32,64,32,0.5,0.0
6167,91,222,131,0.4099099099099099,-2.6846242208560973
6168,200,362,162,0.5524861878453039,1.9972356586650195
6169,93,183,90,0.5081967213114754,0.22176638128637186
6189,40,90,50,0.4444444444444444,-1.0540925533894598
6190,148,281,133,0.5266903914590747,0.8948249794078403
6191,258,516,258,0.5,0.0
6192,159,324,165,0.49074074074074076,-0.3333333333333333
6193,172,358,186,0.48044692737430167,-0.7399229916143659
6194,271,545,274,0.4972477064220184,-0.1285058810634358
6195,241,483,242,0.4989648033126294,-0.045501575519329006
6196,129,253,124,0.5098814229249012,0.3143473067309657
6197,101,192,91,0.5260416666666666,0.7216878364870323
6198,144,264,120,0.5454545454545454,1.4770978917519928
6199,104,222,118,0.46846846846846846,-0.9396184772996341
6200,214,398,184,0.5376884422110553,1.5037641213512565
6201,219,451,232,0.48558758314855877,-0.6121460921524144
6202,173,373,200,0.46380697050938335,-1.398007007311944
6203,212,438,226,0.4840182648401826,-0.6689458755944953
6204,167,338,171,0.4940828402366864,-0.21757131728816848
6205,67,155,88,0.432258064516129,-1.6867605906952476
6206,134,266,132,0.5037593984962406,0.12262786789699316
6207,128,265,137,0.4830188679245283,-0.552865605150556
6208,100,189,89,0.5291005291005291,0.8001322641986387
6209,117,237,120,0.4936708860759494,-0.19487094073848926
6210,109,232,123,0.4698275862068966,-0.9191450300180578
6211,73,135,62,0.5407407407407407,0.9467292624062575
6212,177,362,185,0.4889502762430939,-0.4204706649821094
6213,149,306,157,0.4869281045751634,-0.4573295603800236
6214,111,240,129,0.4625,-1.161895003862225
6215,235,509,274,0.46168958742632615,-1.7286446079939513
6216,184,368,184,0.5,0.0
6217,159,300,141,0.53,1.0392304845413263
6218,217,450,233,0.4822222222222222,-0.7542472332656507
6219,210,417,207,0.5035971223021583,0.14691063206231753
6220,208,408,200,0.5098039215686274,0.39605901719066977
6221,182,360,178,0.5055555555555555,0.21081851067789195
6222,158,356,198,0.4438202247191011,-2.11999576001272
6223,127,239,112,0.5313807531380753,0.9702693410297263
6224,72,142,70,0.5070422535211268,0.16783627165933782
6225,142,278,136,0.5107913669064749,0.3598560863424403
6226,106,228,122,0.4649122807017544,-1.059625885652035
6227,161,319,158,0.5047021943573667,0.1679677532867563
6228,131,260,129,0.5038461538461538,0.12403473458920847
6230,74,152,78,0.4868421052631579,-0.3244428422615251
6231,136,274,138,0.49635036496350365,-0.1208244186660354
6232,132,250,118,0.528,0.8854377448471462
6233,122,252,130,0.48412698412698413,-0.5039526306789696
6234,77,166,89,0.463855421686747,-0.9313806308475994
6253,145,299,154,0.48494983277591974,-0.5204834387696162
6254,208,413,205,0.5036319612590799,0.14762034939153687
6255,197,372,175,0.5295698924731183,1.1406468642034677
6256,145,298,153,0.4865771812080537,-0.4634275570907938
6257,162,332,170,0.4879518072289157,-0.4390570399587614
6258,233,484,251,0.48140495867768596,-0.8181818181818182
6259,214,429,215,0.4988344988344988,-0.04828045495852676
6260,157,318,161,0.4937106918238994,-0.22430886163681774
6261,140,275,135,0.509090909090909,0.3015113445777636
6262,94,192,98,0.4895833333333333,-0.2886751345948129
6263,211,437,226,0.482837528604119,-0.7175473098524098
6264,153,299,146,0.5117056856187291,0.40482045237636816
6265,205,431,226,0.4756380510440835,-1.0115344068040848
6266,165,354,189,0.4661016949152542,-1.2755856082865613
6267,170,332,162,0.5120481927710844,0.4390570399587614
6268,207,417,210,0.49640287769784175,-0.14691063206231753
6269,182,370,188,0.4918918918918919,-0.3119251469460218
6270,140,291,151,0.48109965635738833,-0.6448314199366041
6271,204,406,202,0.5024630541871922,0.09925833339709302
6272,226,481,255,0.4698544698544699,-1.3222861825039043
6273,173,355,182,0.48732394366197185,-0.4776704031908477
6274,167,342,175,0.48830409356725146,-0.43259045634870014
6275,145,309,164,0.4692556634304207,-1.0808722355782912
6276,179,382,203,0.468586387434555,-1.227946824231962
6277,195,419,224,0.46539379474940334,-1.4167427093634914
6278,231,434,203,0.532258064516129,1.344043010064494
6279,245,505,260,0.48514851485148514,-0.6674912392349772
6280,218,424,206,0.5141509433962265,0.5827715174143585
6281,156,316,160,0.4936708860759494,-0.2250175801852048
6282,127,257,130,0.49416342412451364,-0.1871348584655416
6283,167,378,211,0.4417989417989418,-2.2631157994440145
6284,250,505,255,0.49504950495049505,-0.22249707974499242
6285,231,488,257,0.4733606557377049,-1.1769646985527409
6286,225,491,266,0.45824847250509165,-1.8503040978667493
6287,170,326,156,0.5214723926380368,0.7753882858703958
6288,107,214,107,0.5,0.0
6289,166,300,134,0.5533333333333333,1.8475208614068022
6290,120,249,129,0.4819277108433735,-0.5703518254720301
6291,152,295,143,0.5152542372881356,0.5240002587656238
6292,89,175,86,0.5085714285714286,0.22677868380553634
6293,53,107,54,0.4953271028037383,-0.09667364890456635
6296,62,137,75,0.45255474452554745,-1.110664955031789
6318,118,253,135,0.466403162055336,-1.0687808428852836
6319,157,337,180,0.4658753709198813,-1.2528898346165396
6320,102,219,117,0.4657534246575342,-1.0136060675992289
6321,194,421,227,0.46080760095011875,-1.6083215901343118
6322,196,399,203,0.49122807017543857,-0.35043832202523123
6323,209,437,228,0.4782608695652174,-0.9088932591463857
6324,216,442,226,0.48868778280542985,-0.47565149415449404
6325,98,158,60,0.620253164556962,3.023117679867774
6326,90,195,105,0.46153846153846156,-1.0741723110591495
6328,137,287,150,0.47735191637630664,-0.7673657369312419
6329,231,480,249,0.48125,-0.8215838362577491
6330,157,316,159,0.49683544303797467,-0.1125087900926024
6331,79,187,108,0.42245989304812837,-2.120690029968679
6332,127,247,120,0.5141700404858299,0.44539933408304444
6333,94,215,121,0.4372093023255814,-1.8413847165702786
6334,90,186,96,0.4838709677419355,-0.4399413450640599
6335,111,227,116,0.4889867841409692,-0.331861655799986
6336,64,154,90,0.4155844155844156,-2.095139706465989
6337,110,221,111,0.497737556561086,-0.06726727939963124
6338,23,56,33,0.4107142857142857,-1.3363062095621219
6340,109,256,147,0.42578125,-2.375
6342,94,184,90,0.5108695652173914,0.29488391230979427
6343,185,398,213,0.4648241206030151,-1.4035131799278393
6344,94,202,108,0.46534653465346537,-0.9850365626224086
6345,128,269,141,0.4758364312267658,-0.7926239891046
6346,161,325,164,0.49538461538461537,-0.16641005886756874
6347,188,341,153,0.5513196480938416,1.8953562637585881
6348,245,496,251,0.4939516129032258,-0.26940795304016235
6349,210,424,214,0.49528301886792453,-0.19425717247145283
6350,105,192,87,0.546875,1.299038105676658
6352,109,221,112,0.49321266968325794,-0.20180183819889375
6353,165,307,142,0.5374592833876222,1.3126793347313042
6354,118,235,117,0.502127659574468,0.06523280730534423
6355,178,334,156,0.5329341317365269,1.203786441362082
6356,58,108,50,0.5370370370370371,0.769800358919501
6357,77,138,61,0.5579710144927537,1.3620104492139977
6358,185,339,154,0.5457227138643068,1.6836888844400622
6359,186,378,192,0.49206349206349204,-0.3086066999241838
6360,139,297,158,0.468013468013468,-1.102491821052753
6361,181,350,169,0.5171428571428571,0.6414269805898185
6381,146,318,172,0.4591194968553459,-1.4580076006393152
6382,161,309,148,0.5210355987055016,0.7395441611851465
6383,222,408,186,0.5441176470588235,1.7822655773580138
6384,177,343,166,0.5160349854227405,0.5939441718716427
6385,175,336,161,0.5208333333333334,0.7637626158259734
6386,271,569,298,0.47627416520210897,-1.13189888200586
6387,197,386,189,0.5103626943005182,0.4071892788474301
6388,130,273,143,0.47619047619047616,-0.7867957924694432
6389,170,327,157,0.5198776758409785,0.7189016426921303
6390,257,528,271,0.48674242424242425,-0.6092717958449424
6391,241,478,237,0.50418410041841,0.1829557414985393
6392,200,381,181,0.5249343832020997,0.9733994871992638
6393,230,425,195,0.5411764705882353,1.6977493752543307
6394,160,342,182,0.4678362573099415,-1.1896237549589253
6395,221,468,247,0.4722222222222222,-1.2018504251546631
6396,161,335,174,0.48059701492537316,-0.7102658741205989
6397,126,260,134,0.4846153846153846,-0.49613893835683387
6398,250,485,235,0.5154639175257731,0.6811149137797498
6399,176,336,160,0.5238095238095238,0.8728715609439696
6400,141,311,170,0.4533762057877814,-1.644439133658854
6401,149,322,173,0.46273291925465837,-1.3374677101808468
6402,165,283,118,0.5830388692579506,2.793860001905491
6403,138,288,150,0.4791666666666667,-0.7071067811865476
6404,261,495,234,0.5272727272727272,1.2135597524338357
6405,214,439,225,0.4874715261958998,-0.5250013558936825
6406,174,348,174,0.5,0.0
6407,255,534,279,0.47752808988764045,-1.038581573778997
6408,232,455,223,0.5098901098901099,0.42192650784464586
6409,138,291,153,0.4742268041237113,-0.8793155726408238
6410,141,289,148,0.48788927335640137,-0.4117647058823529
6411,119,271,152,0.43911439114391143,-2.004607239461597
6412,115,237,122,0.48523206751054854,-0.4546988617231416
6413,196,370,174,0.5297297297297298,1.14372553880208
6414,161,323,162,0.4984520123839009,-0.055641488407465724
6415,145,283,138,0.5123674911660777,0.4161068087944348
6416,147,292,145,0.5034246575342466,0.11704114719613057
6417,87,172,85,0.5058139534883721,0.15249857033260467
6418,51,89,38,0.5730337078651685,1.3779972440082682
6419,39,84,45,0.4642857142857143,-0.6546536707079772
6446,252,496,244,0.5080645161290323,0.3592106040535498
6447,178,372,194,0.478494623655914,-0.8295613557843402
6448,201,414,213,0.4855072463768116,-0.5897678246195885
6449,201,374,173,0.5374331550802139,1.4478455319860537
6450,153,311,158,0.4919614147909968,-0.28352398856187133
6451,241,492,251,0.4898373983739837,-0.4508348173337161
6452,173,366,193,0.4726775956284153,-1.0454167469786333
6454,107,216,109,0.49537037037037035,-0.13608276348795434
6455,149,282,133,0.5283687943262412,0.9527861346806619
6456,81,168,87,0.48214285714285715,-0.4629100498862757
6457,70,139,69,0.5035971223021583,0.08481889296799709
6458,50,99,49,0.5050505050505051,0.10050378152592121
6460,96,203,107,0.4729064039408867,-0.772048646977956
6461,75,146,71,0.5136986301369864,0.3310423554409472
6462,78,178,100,0.43820224719101125,-1.6489697157908951
6464,88,181,93,0.4861878453038674,-0.3716470731235832
6465,68,128,60,0.53125,0.7071067811865475
6466,60,120,60,0.5,0.0
6468,33,68,35,0.4852941176470588,-0.24253562503633297
6469,66,144,78,0.4583333333333333,-1.0
6471,94,200,106,0.47,-0.848528137423857
6472,124,249,125,0.4979919678714859,-0.06337242505244779
6473,135,258,123,0.5232558139534884,0.7470873676376284
6474,137,266,129,0.5150375939849624,0.49051147158797265
6475,94,211,117,0.44549763033175355,-1.5833852988894828
6476,221,440,219,0.5022727272727273,0.09534625892455924
6477,259,496,237,0.5221774193548387,0.987829161147262
6478,113,235,122,0.4808510638297872,-0.587095265748098
6479,41,84,43,0.4880952380952381,-0.2182178902359924
6480,54,94,40,0.574468085106383,1.4439897447623107
6481,62,141,79,0.4397163120567376,-1.4316582658130823
6482,63,138,75,0.45652173913043476,-1.0215078369104984
6483,155,323,168,0.47987616099071206,-0.7233393492970543
6484,129,263,134,0.49049429657794674,-0.30831320798910367
6485,115,225,110,0.5111111111111111,0.3333333333333333
6486,175,350,175,0.5,0.0
6487,229,436,207,0.5252293577981652,1.0536089137432665
6488,188,419,231,0.4486873508353222,-2.1006874656079355
6489,159,291,132,0.5463917525773195,1.5827680307534828
6490,122,216,94,0.5648148148148148,1.9051586888313607
6509,33,68,35,0.4852941176470588,-0.24253562503633297
6510,169,342,173,0.49415204678362573,-0.21629522817435007
6511,159,325,166,0.48923076923076925,-0.3882901373576604
6512,212,362,150,0.585635359116022,3.2586476536113476
6513,182,374,192,0.48663101604278075,-0.5170876899950192
6514,161,317,156,0.5078864353312302,0.2808279781508652
6515,225,433,208,0.5196304849884527,0.8169678632647616
6516,182,393,211,0.4631043256997455,-1.462856489685423
6517,172,361,189,0.47645429362880887,-0.8947368421052632
6518,154,333,179,0.4624624624624625,-1.3699915608779774
6519,248,517,269,0.4796905222437137,-0.9235789439804392
6520,219,481,262,0.4553014553014553,-1.9606312361264788
6521,148,311,163,0.4758842443729904,-0.8505719656856141
6522,179,365,186,0.4904109589041096,-0.3663967458131496
6523,162,338,176,0.47928994082840237,-0.7614996105085897
6524,230,498,268,0.46184738955823296,-1.7028207168032392
6525,201,373,172,0.5388739946380697,1.5015630819276433
6526,259,479,220,0.5407098121085595,1.78195548330132
6527,243,472,229,0.5148305084745762,0.6444022325288263
6528,200,392,192,0.5102040816326531,0.40406101782088427
6529,146,282,136,0.5177304964539007,0.5954913341754137
6530,166,375,209,0.44266666666666665,-2.220510451825586
6531,198,420,222,0.4714285714285714,-1.1710800875382399
6532,216,405,189,0.5333333333333333,1.3416407864998738
6533,217,412,195,0.5266990291262136,1.0838622059807226
6534,234,461,227,0.5075921908893709,0.32602250298283564
6535,216,439,223,0.4920273348519362,-0.33409177193234335
6536,221,422,201,0.523696682464455,0.9735847670224709
6537,151,311,160,0.4855305466237942,-0.5103431794113684
6538,131,282,151,0.4645390070921986,-1.1909826683508273
6539,195,374,179,0.5213903743315508,0.8273403039920306
6540,146,285,139,0.512280701754386,0.4146442144313646
6541,167,324,157,0.5154320987654321,0.5555555555555556
6542,139,272,133,0.5110294117647058,0.36380343755449945
6543,184,340,156,0.5411764705882353,1.5185132047305931
6544,130,243,113,0.5349794238683128,1.090550508469293
6545,118,220,102,0.5363636363636364,1.0787197799411874
6574,132,293,161,0.45051194539249145,-1.6941980897272593
6575,267,492,225,0.5426829268292683,1.8935062328016077
6576,279,559,280,0.4991055456171735,-0.042295493443781355
6577,276,501,225,0.5508982035928144,2.2785119632047284
6578,150,314,164,0.47770700636942676,-0.7900657071763405
6579,173,333,160,0.5195195195195195,0.7123956116565483
6580,132,256,124,0.515625,0.5
6581,142,277,135,0.5126353790613718,0.4205892376882768
6582,44,80,36,0.55,0.8944271909999159
6583,92,191,99,0.4816753926701571,-0.5065022237046951
6584,80,169,89,0.47337278106508873,-0.6923076923076923
6585,34,67,33,0.5074626865671642,0.12216944435630522
6586,82,136,54,0.6029411764705882,2.4009801919951235
6587,50,102,52,0.49019607843137253,-0.19802950859533489
6588,32,74,42,0.43243243243243246,-1.162476387438193
6589,28,70,42,0.4,-1.6733200530681511
6590,101,200,99,0.505,0.1414213562373095
6591,66,131,65,0.5038167938931297,0.0873704056661038
6592,69,146,77,0.4726027397260274,-0.6620847108818944
6593,40,87,47,0.45977011494252873,-0.7504787743864564
6598,27,62,35,0.43548387096774194,-1.016001016001524
6599,101,202,101,0.5,0.0
6600,110,213,103,0.5164319248826291,0.47963209687927216
6601,141,274,133,0.5145985401459854,0.4832976746641416
6602,159,307,148,0.5179153094462541,0.6278031600888846
6603,207,387,180,0.5348837209302325,1.372487132993442
6604,183,371,188,0.49326145552560646,-0.2595870658255825
6605,222,491,269,0.45213849287169044,-2.1210803073106637
6606,100,212,112,0.4716981132075472,-0.8241633836921342
6610,106,207,101,0.5120772946859904,0.34752402342845795
6611,168,321,153,0.5233644859813084,0.8372183582789213
6612,114,259,145,0.44015444015444016,-1.92624627460372
6613,116,244,128,0.47540983606557374,-0.7682212795973759
6614,198,387,189,0.5116279069767442,0.457495710997814
6615,211,419,208,0.5035799522673031,0.14655959062380947
6616,180,400,220,0.45,-2.0
6617,118,254,136,0.4645669291338583,-1.1294204492486855
6618,85,179,94,0.4748603351955307,-0.6726915834767423
6637,110,228,118,0.4824561403508772,-0.5298129428260175
6638,191,412,221,0.46359223300970875,-1.4779939172464398
6639,186,430,244,0.4325581395348837,-2.7970083685883904
6640,187,356,169,0.5252808988764045,0.953998092005724
6641,138,273,135,0.5054945054945055,0.18156825980064073
6642,153,321,168,0.4766355140186916,-0.8372183582789213
6643,284,538,254,0.5278810408921933,1.2933918406776805
6644,238,458,220,0.519650655021834,0.841084764328796
6645,212,464,252,0.45689655172413796,-1.8569533817705188
6646,189,373,184,0.5067024128686327,0.25889018653924883
6647,198,396,198,0.5,0.0
6648,142,274,132,0.5182481751824818,0.604122093330177
6649,199,403,204,0.49379652605459057,-0.24906774069335894
6650,173,373,200,0.46380697050938335,-1.398007007311944
6651,245,484,239,0.506198347107438,0.2727272727272727
6652,274,531,257,0.5160075329566854,0.7377371622246686
6653,250,536,286,0.4664179104477612,-1.5549631660464482
6654,261,510,249,0.5117647058823529,0.5313689313240572
6655,184,350,166,0.5257142857142857,0.9621404708847278
6656,147,289,142,0.5086505190311419,0.29411764705882354
6657,142,277,135,0.5126353790613718,0.4205892376882768
6658,167,321,154,0.5202492211838006,0.7255892438417318
6659,243,514,271,0.4727626459143969,-1.2350270558954464
6660,223,484,261,0.4607438016528926,-1.7272727272727273
6661,279,564,285,0.4946808510638298,-0.2526455763199557
6662,196,430,234,0.4558139534883721,-1.8325227242475661
6663,133,276,143,0.48188405797101447,-0.601929265428846
6664,228,432,204,0.5277777777777778,1.1547005383792515
6665,116,255,139,0.4549019607843137,-1.4403158694958438
6666,119,241,122,0.49377593360995853,-0.19324698792024925
6667,267,523,256,0.5105162523900574,0.48099641639128865
6668,146,277,131,0.5270758122743683,0.9012626521891645
6669,115,240,125,0.4791666666666667,-0.6454972243679028
6670,132,248,116,0.532258064516129,1.016001016001524
6671,121,252,131,0.4801587301587302,-0.629940788348712
6672,136,264,128,0.5151515151515151,0.4923659639173309
6673,90,158,68,0.569620253164557,1.750226025186606
6701,98,191,93,0.5130890052356021,0.36178730264621084
6702,164,335,171,0.48955223880597015,-0.38245085529570716
6703,122,245,123,0.49795918367346936,-0.06388765649999399
6704,106,201,95,0.527363184079602,0.775880177444458
6705,166,348,182,0.47701149425287354,-0.8576900278702358
6706,215,400,185,0.5375,1.5
6707,131,285,154,0.45964912280701753,-1.3624024188459123
6708,219,424,205,0.5165094339622641,0.6799001036500849
6709,91,188,97,0.48404255319148937,-0.4375949744936837
6710,47,102,55,0.46078431372549017,-0.7921180343813395
6711,45,83,38,0.5421686746987951,0.7683498199278324
6712,39,109,70,0.3577981651376147,-2.9692614841855693
6713,89,196,107,0.45408163265306123,-1.2857142857142858
6714,107,193,86,0.5544041450777202,1.5116130765722586
6715,68,134,66,0.5074626865671642,0.17277368511627203
6718,125,241,116,0.5186721991701245,0.5797409637607478
6719,81,176,95,0.4602272727272727,-1.0552897060221726
6720,72,131,59,0.549618320610687,1.1358152736593492
6721,87,171,84,0.5087719298245614,0.22941573387056177
6727,87,160,73,0.54375,1.1067971810589328
6728,49,90,41,0.5444444444444444,0.8432740427115678
6729,63,125,62,0.504,0.08944271909999159
6730,88,176,88,0.5,0.0
6731,142,308,166,0.461038961038961,-1.3675269175156552
6732,176,341,165,0.5161290322580645,0.5956833971812706
6733,227,445,218,0.5101123595505618,0.4266409168259795
6734,117,221,104,0.5294117647058824,0.8744746321952062
6737,42,90,48,0.4666666666666667,-0.6324555320336759
6739,97,196,99,0.49489795918367346,-0.14285714285714285
6740,98,217,119,0.45161290322580644,-1.4255728899344744
6741,179,357,178,0.5014005602240896,0.05292561240249631
6742,146,328,182,0.4451219512195122,-1.9877674693472376
6743,177,376,199,0.47074468085106386,-1.1345633708846727
6744,205,432,227,0.47453703703703703,-1.058475493514314
6745,141,260,119,0.5423076923076923,1.3643820804812932
6746,75,132,57,0.5681818181818182,1.5666989036012806
6766,199,372,173,0.5349462365591398,1.3480372031495529
6767,322,665,343,0.4842105263157895,-0.8143450710459553
6768,256,514,258,0.4980544747081712,-0.08821621827824618
6769,209,447,238,0.46756152125279643,-1.3716529325371662
6770,104,213,109,0.48826291079812206,-0.34259435491376583
6771,201,409,208,0.49144254278728605,-0.34612772350390414
6772,200,394,194,0.5076142131979695,0.30227563311592703
6773,219,412,193,0.5315533980582524,1.2809280616135812
6774,250,516,266,0.4844961240310077,-0.7043607250604991
6775,264,537,273,0.49162011173184356,-0.38837866680189276
6776,181,365,184,0.4958904109589041,-0.15702717677706413
6777,167,315,148,0.5301587301587302,1.0705287226561209
6778,197,423,226,0.4657210401891253,-1.410028251146314
6779,177,370,193,0.4783783783783784,-0.8318003918560583
6780,182,368,186,0.4945652173913043,-0.20851441405707477
6781,260,522,262,0.49808429118773945,-0.0875376219064817
6782,154,290,136,0.5310344827586206,1.0569963951264663
6783,261,503,242,0.5188866799204771,0.8471681279286487
6784,126,260,134,0.4846153846153846,-0.49613893835683387
6785,100,216,116,0.46296296296296297,-1.0886621079036347
6786,59,131,72,0.45038167938931295,-1.1358152736593492
6787,238,446,208,0.5336322869955157,1.4205411714311353
6788,224,481,257,0.4656964656964657,-1.5046704835389255
6789,269,553,284,0.4864376130198915,-0.6378648833438434
6790,208,406,198,0.5123152709359606,0.4962916669854651
6791,120,248,128,0.4838709677419355,-0.508000508000762
6792,142,284,142,0.5,0.0
6793,106,238,132,0.44537815126050423,-1.6853296812356275
6794,112,206,94,0.5436893203883495,1.2541194257249118
6795,129,268,139,0.48134328358208955,-0.6108472217815261
6796,158,292,134,0.541095890410959,1.4044937663535668
6797,90,188,98,0.4787234042553192,-0.5834599659915782
6798,94,196,102,0.47959183673469385,-0.5714285714285714
6799,106,214,108,0.4953271028037383,-0.13671718540493266
6800,79,167,88,0.47305389221556887,-0.6964409092807231
6801,148,306,158,0.48366013071895425,-0.5716619504750294
6830,153,324,171,0.4722222222222222,-1.0
6831,83,181,98,0.4585635359116022,-1.1149412193707495
6832,103,191,88,0.5392670157068062,1.0853619079386325
6833,128,220,92,0.5818181818181818,2.4271195048676715
6834,98,196,98,0.5,0.0
6835,139,263,124,0.5285171102661597,0.9249396239673111
6836,129,256,127,0.50390625,0.125
6837,220,433,213,0.5080831408775982,0.33639853193254887
6838,63,115,52,0.5478260869565217,1.025755289064345
6839,57,108,51,0.5277777777777778,0.5773502691896257
6840,91,192,101,0.4739583333333333,-0.7216878364870323
6841,113,219,106,0.5159817351598174,0.47301616487964016
6842,97,210,113,0.46190476190476193,-1.1041048949477668
6843,67,126,59,0.5317460317460317,0.7126966450997984
6847,74,149,75,0.4966442953020134,-0.08192319205190406
6848,83,159,76,0.5220125786163522,0.5551361100027009
6855,44,83,39,0.5301204819277109,0.5488212999484517
6858,113,204,91,0.553921568627451,1.5403080924308108
6859,105,214,109,0.49065420560747663,-0.2734343708098653
6860,188,380,192,0.49473684210526314,-0.20519567041703082
6861,74,136,62,0.5441176470588235,1.028991510855053
6863,34,66,32,0.5151515151515151,0.24618298195866545
6865,73,144,71,0.5069444444444444,0.16666666666666666
6867,20,53,33,0.37735849056603776,-1.7856873313329573
6868,164,353,189,0.46458923512747874,-1.3306157385308737
6869,132,262,130,0.5038167938931297,0.12356041264304309
6870,198,391,193,0.5063938618925832,0.2528608687120868
6871,216,444,228,0.4864864864864865,-0.5694947974514994
6872,270,482,212,0.5601659751037344,2.6418276083108063
6873,90,185,95,0.4864864864864865,-0.36760731104690386
6894,181,350,169,0.5171428571428571,0.6414269805898185
6895,284,515,231,0.5514563106796116,2.3354590409679283
6896,225,476,251,0.4726890756302521,-1.1917080461366747
6897,205,410,205,0.5,0.0
6898,151,342,191,0.4415204678362573,-2.1629522817435007
6899,155,324,169,0.4783950617283951,-0.7777777777777778
6900,132,269,137,0.49070631970260226,-0.30485538042484617
6901,195,388,193,0.5025773195876289,0.10153461651336192
6902,144,283,139,0.508833922261484,0.29721914913888203
6903,170,359,189,0.4735376044568245,-1.002781646541593
6904,185,376,191,0.4920212765957447,-0.309426373877638
6905,152,285,133,0.5333333333333333,1.1254628677422753
6906,263,490,227,0.536734693877551,1.6263142252294522
6907,182,347,165,0.5244956772334294,0.9126078160615323
6908,133,284,151,0.46830985915492956,-1.0681034923744679
6909,177,360,183,0.49166666666666664,-0.31622776601683794
6910,184,337,153,0.5459940652818991,1.6886776031788142
6911,112,223,111,0.5022421524663677,0.06696495301824251
6912,72,135,63,0.5333333333333333,0.7745966692414834
6913,32,70,38,0.45714285714285713,-0.7171371656006361
6914,127,219,92,0.5799086757990868,2.3650808243982007
6915,184,375,191,0.49066666666666664,-0.3614784456460256
6916,201,379,178,0.5303430079155673,1.1814306429562824
6917,241,472,231,0.510593220338983,0.4602873089491617
6918,197,406,209,0.4852216748768473,-0.5955500003825581
6919,122,249,127,0.4899598393574297,-0.31686212526223895
6920,109,223,114,0.48878923766816146,-0.3348247650912125
6921,166,331,165,0.5015105740181269,0.05496497099293127
6922,70,160,90,0.4375,-1.5811388300841895
6923,133,285,152,0.4666666666666667,-1.1254628677422753
6924,96,188,92,0.5106382978723404,0.2917299829957891
6925,28,58,30,0.4827586206896552,-0.2626128657194451
6926,44,84,40,0.5238095238095238,0.4364357804719848
6927,26,55,29,0.4727272727272727,-0.40451991747794525
6928,69,134,65,0.5149253731343284,0.34554737023254406
6929,42,75,33,0.56,1.0392304845413263
6957,50,104,54,0.4807692307692308,-0.3922322702763681
6958,136,273,137,0.4981684981684982,-0.060522753266880246
6959,51,95,44,0.5368421052631579,0.7181848464596079
6960,46,85,39,0.5411764705882353,0.7592566023652966
6961,133,260,127,0.5115384615384615,0.3721042037676254
6962,113,215,102,0.5255813953488372,0.7501937734175209
6963,135,244,109,0.5532786885245902,1.6644794391276478
6964,149,299,150,0.4983277591973244,-0.05783149319662402
6965,52,125,73,0.416,-1.8782971010998233
6966,43,95,52,0.45263157894736844,-0.9233805168766388
6967,29,63,34,0.4603174603174603,-0.629940788348712
6968,105,218,113,0.481651376146789,-0.5418283691828771
6969,90,176,86,0.5113636363636364,0.30151134457776363
6971,48,94,46,0.5106382978723404,0.20628424925175867
6973,32,70,38,0.45714285714285713,-0.7171371656006361
6974,99,211,112,0.46919431279620855,-0.8949569080679686
6975,74,154,80,0.4805194805194805,-0.48349377841522817
6976,58,132,74,0.4393939393939394,-1.3926212476455828
6983,46,90,44,0.5111111111111111,0.21081851067789195
6984,18,52,34,0.34615384615384615,-2.2188007849009166
6987,122,245,123,0.49795918367346936,-0.06388765649999399
6989,51,110,59,0.4636363636363636,-0.7627700713964739
6991,68,130,62,0.5230769230769231,0.5262348115842176
6992,28,61,33,0.45901639344262296,-0.6401843996644799
6993,47,83,36,0.5662650602409639,1.2074068598865937
6994,57,104,47,0.5480769230769231,0.9805806756909202
6995,22,50,28,0.44,-0.848528137423857
6996,97,175,78,0.5542857142857143,1.4362649974350634
6997,163,334,171,0.4880239520958084,-0.4377405241316662
6998,166,339,173,0.4896755162241888,-0.38018781261549794
6999,136,286,150,0.4755244755244755,-0.8278373543847156
7000,134,264,130,0.5075757575757576,0.24618298195866545
7001,193,369,176,0.5230352303523035,0.8849846507021011
7023,97,198,101,0.4898989898989899,-0.2842676218074806
7024,36,86,50,0.4186046511627907,-1.5096588248481377
7025,102,220,118,0.4636363636363636,-1.0787197799411874
7026,128,258,130,0.49612403100775193,-0.12451456127293807
7027,47,91,44,0.5164835164835165,0.3144854510165755
7028,74,155,81,0.4774193548387097,-0.5622535302317492
7029,94,173,79,0.5433526011560693,1.1404288819045583
7030,101,182,81,0.554945054945055,1.4824986333222023
7031,53,101,48,0.5247524752475248,0.4975185951049946
7032,142,293,151,0.48464163822525597,-0.5257856140532874
7033,223,439,216,0.5079726651480638,0.33409177193234335
7034,171,351,180,0.48717948717948717,-0.4803844614152614
7035,115,220,105,0.5227272727272727,0.674199862463242
7036,136,270,134,0.5037037037037037,0.12171612389003691
7037,93,198,105,0.4696969696969697,-0.8528028654224418
7038,157,300,143,0.5233333333333333,0.808290376865476
7039,103,187,84,0.5508021390374331,1.3894176058415482
7043,165,354,189,0.4661016949152542,-1.2755856082865613
7044,114,243,129,0.4691358024691358,-0.9622504486493763
7045,167,312,145,0.5352564102564102,1.245504737559055
7046,210,409,199,0.5134474327628362,0.5439149940775636
7047,95,206,111,0.46116504854368934,-1.1147728228665883
7048,73,160,87,0.45625,-1.1067971810589328
7049,73,129,56,0.5658914728682171,1.4967665407535604
7050,30,78,48,0.38461538461538464,-2.038098661460272
7051,58,132,74,0.4393939393939394,-1.3926212476455828
7052,67,121,54,0.5537190082644629,1.1818181818181819
7086,162,309,147,0.5242718446601942,0.8533201859828614
7087,39,73,34,0.5342465753424658,0.5852057359806528
7088,28,67,39,0.417910447761194,-1.3438638879193574
7089,41,97,56,0.422680412371134,-1.5230192477004287
7091,83,191,108,0.43455497382198954,-1.808936513231054
7092,194,418,224,0.46411483253588515,-1.4673479641335554
7093,90,187,97,0.48128342245989303,-0.5118906968889915
7094,58,122,64,0.47540983606557374,-0.5432144762551112
7095,49,88,39,0.5568181818181818,1.0660035817780522
7096,69,149,80,0.46308724832214765,-0.9011551125709446
7097,71,145,74,0.4896551724137931,-0.2491364395612199
7098,49,98,49,0.5,0.0
7100,89,173,84,0.5144508670520231,0.38014296063485276
7101,45,82,37,0.5487804878048781,0.8834522085987723
7102,60,112,52,0.5357142857142857,0.7559289460184544
7103,58,125,67,0.464,-0.8049844718999243
7111,97,196,99,0.49489795918367346,-0.14285714285714285
7114,57,125,68,0.456,-0.9838699100999074
7119,87,187,100,0.46524064171123,-0.9506541513652698
7120,54,107,53,0.5046728971962616,0.09667364890456635
7121,43,87,44,0.4942528735632184,-0.10721125348377948
7122,39,87,48,0.4482758620689655,-0.9649012813540153
7123,91,175,84,0.52,0.5291502622129182
7124,104,219,115,0.4748858447488584,-0.7433111162394346
7125,115,270,155,0.42592592592592593,-2.4343224778007384
7126,95,204,109,0.46568627450980393,-0.9801960588196068
7127,67,133,66,0.5037593984962406,0.086710996952412
7128,134,251,117,0.5338645418326693,1.0730304852662653
7129,28,57,29,0.49122807017543857,-0.13245323570650439
7160,101,222,121,0.45495495495495497,-1.3423121104280487
7161,127,238,111,0.5336134453781513,1.037125957683463
7162,28,62,34,0.45161290322580644,-0.762000762001143
7163,63,134,71,0.4701492537313433,-0.6910947404650881
7164,25,57,32,0.43859649122807015,-0.9271726499455306
7166,39,73,34,0.5342465753424658,0.5852057359806528
7173,60,101,41,0.594059405940594,1.8905706613989794
7174,65,157,92,0.4140127388535032,-2.1548345880625797
7175,57,112,55,0.5089285714285714,0.1889822365046136
7214,40,93,53,0.43010752688172044,-1.3480372031495529
7215,52,127,75,0.4094488188976378,-2.0409199716570616
7216,38,81,43,0.4691358024691358,-0.5555555555555556
7217,39,72,33,0.5416666666666666,0.7071067811865476
7218,34,71,37,0.4788732394366197,-0.35603449745815596
7219,46,104,58,0.4423076923076923,-1.1766968108291043
7220,82,161,79,0.5093167701863354,0.23643312187173018
7221,81,171,90,0.47368421052631576,-0.6882472016116853
7222,130,239,109,0.5439330543933054,1.3583770774416168
7225,96,196,100,0.4897959183673469,-0.2857142857142857
7227,99,165,66,0.6,2.569046515733026
7228,55,114,59,0.4824561403508772,-0.3746343246326776
7232,51,97,46,0.5257731958762887,0.5076730825668095
7239,34,65,31,0.5230769230769231,0.3721042037676254
7243,72,141,69,0.5106382978723404,0.2526455763199557
7249,151,284,133,0.5316901408450704,1.0681034923744679
7250,47,87,40,0.5402298850574713,0.7504787743864564
7252,149,308,159,0.4837662337662338,-0.5698028822981898
7253,69,149,80,0.46308724832214765,-0.9011551125709446
7254,125,256,131,0.48828125,-0.375
7255,150,281,131,0.5338078291814946,1.1334449739165977
7256,52,95,43,0.5473684210526316,0.9233805168766388
7257,36,54,18,0.6666666666666666,2.449489742783178
7344,37,88,51,0.42045454545454547,-1.4924050144892729
7345,40,82,42,0.4878048780487805,-0.22086305214969307
7347,68,151,83,0.4503311258278146,-1.2206826881567392
7348,64,139,75,0.460431654676259,-0.9330078226479681
7350,61,111,50,0.5495495495495496,1.044073795327749
7354,89,178,89,0.5,0.0
7356,45,88,43,0.5113636363636364,0.21320071635561041
7357,53,95,42,0.5578947368421052,1.1285761872936695
7358,57,106,49,0.5377358490566038,0.7770286898858113
7360,97,196,99,0.49489795918367346,-0.14285714285714285
7362,107,205,98,0.5219512195121951,0.6285872661926204
7368,61,157,96,0.3885350318471338,-2.7933040956366777
7370,101,202,101,0.5,0.0
7371,91,180,89,0.5055555555555555,0.14907119849998599
7373,97,178,81,0.5449438202247191,1.1992507023933783
7376,139,281,142,0.49466192170818507,-0.17896499588156806
7377,76,161,85,0.4720496894409938,-0.7092993656151906
7380,144,262,118,0.549618320610687,1.60628536435956
7381,120,228,108,0.5263157894736842,0.7947194142390263
7382,25,50,25,0.5,0.0
7383,154,299,145,0.5150501672240803,0.5204834387696162
7472,64,129,65,0.49612403100775193,-0.08804509063256238
7475,39,76,37,0.5131578947368421,0.22941573387056174
7476,89,177,88,0.5028248587570622,0.07516460280028289
7477,90,161,71,0.5590062111801242,1.4974097718542911
7481,42,78,36,0.5384615384615384,0.6793662204867574
7484,59,129,70,0.4573643410852713,-0.9684959969581862
7485,48,97,49,0.4948453608247423,-0.10153461651336192
7488,56,112,56,0.5,0.0
7490,41,105,64,0.3904761904761905,-2.2445701677816263
7491,41,79,38,0.5189873417721519,0.3375263702778072
7495,49,91,42,0.5384615384615384,0.7337993857053429
7496,133,261,128,0.5095785440613027,0.3094922302950865
7498,66,114,48,0.5789473684210527,1.6858544608470492
7499,119,250,131,0.476,-0.7589466384404111
7501,52,118,66,0.4406779661016949,-1.2888044650576527
7502,72,129,57,0.5581395348837209,1.3206763594884356
7504,79,199,120,0.3969849246231156,-2.906412940534177
7505,72,159,87,0.4528301886792453,-1.1895773785772161
7508,56,105,49,0.5333333333333333,0.6831300510639733
7509,122,217,95,0.5622119815668203,1.832879429915753
7510,90,172,82,0.5232558139534884,0.6099942813304187
7511,94,199,105,0.4723618090452261,-0.7797693255091694
7512,115,214,99,0.5373831775700935,1.0937374832394613
7600,40,78,38,0.5128205128205128,0.22645540682891913
7603,25,52,27,0.4807692307692308,-0.2773500981126146
7604,36,71,35,0.5070422535211268,0.11867816581938533
7606,49,94,45,0.5212765957446809,0.41256849850351734
7623,178,363,185,0.4903581267217631,-0.36740471675703457
7624,81,148,67,0.5472972972972973,1.150792911137501
7626,48,95,47,0.5052631578947369,0.10259783520851541
7629,60,131,71,0.4580152671755725,-0.9610744623271417
7631,22,55,33,0.4,-1.4832396974191326
7632,136,282,146,0.48226950354609927,-0.5954913341754137
7634,39,85,46,0.4588235294117647,-0.7592566023652966
7635,44,97,53,0.4536082474226804,-0.9138115486202573
7636,85,185,100,0.4594594594594595,-1.1028219331407116
7637,125,229,104,0.5458515283842795,1.3877190609556884
7638,72,147,75,0.4897959183673469,-0.24743582965269675
7639,90,209,119,0.430622009569378,-2.0059719452116163
7751,156,308,152,0.5064935064935064,0.2279211529192759
7752,106,203,97,0.5221674876847291,0.6316761657092368
7754,84,179,95,0.4692737430167598,-0.8221786020271294
7756,40,101,61,0.39603960396039606,-2.089578099440977
7760,41,89,48,0.4606741573033708,-0.741998516004452
7761,69,143,74,0.4825174825174825,-0.4181210050035454
7763,82,181,99,0.4530386740331492,-1.2636000486201828
7764,114,253,139,0.4505928853754941,-1.5717365336548288
7765,23,55,32,0.41818181818181815,-1.2135597524338357
7766,130,261,131,0.49808429118773945,-0.061898446059017294
7767,98,191,93,0.5130890052356021,0.36178730264621084
7875,38,81,43,0.4691358024691358,-0.5555555555555556
7876,33,72,39,0.4583333333333333,-0.7071067811865476
7879,181,346,165,0.523121387283237,0.8601653289127525
7880,33,56,23,0.5892857142857143,1.3363062095621219
7881,105,208,103,0.5048076923076923,0.1386750490563073
7882,48,103,55,0.46601941747572817,-0.6897304947150052
7884,107,208,101,0.5144230769230769,0.41602514716892186
7888,31,65,34,0.47692307692307695,-0.3721042037676254
7889,59,125,66,0.472,-0.6260990336999411
7890,27,56,29,0.48214285714285715,-0.2672612419124244
7891,101,184,83,0.5489130434782609,1.3269776053940743
7892,144,268,124,0.5373134328358209,1.2216944435630521
7893,52,125,73,0.416,-1.8782971010998233
7894,130,275,145,0.4727272727272727,-0.9045340337332908
7895,131,238,107,0.5504201680672269,1.5556889365251947
8004,119,248,129,0.4798387096774194,-0.6350006350009525
8008,133,233,100,0.5708154506437768,2.161901880865381
8010,61,141,80,0.4326241134751773,-1.600088650026386
8012,54,102,48,0.5294117647058824,0.5940885257860046
8017,76,160,84,0.475,-0.6324555320336759
8020,142,289,147,0.4913494809688581,-0.29411764705882354
8021,23,54,31,0.42592592592592593,-1.0886621079036347
8022,111,265,154,0.4188679245283019,-2.64146900238599
8023,66,136,70,0.4852941176470588,-0.34299717028501764
8135,33,67,34,0.4925373134328358,-0.12216944435630522
8145,40,75,35,0.5333333333333333,0.5773502691896257
8158,47,89,42,0.5280898876404494,0.52999894000318
8286,30,52,22,0.5769230769230769,1.1094003924504583
9173,60,130,70,0.46153846153846156,-0.8770580193070293
