pix,n_cw,n,n_ccw,cw_fraction,sigma_from_half
498,23,57,34,0.40350877192982454,-1.4569855927715483
499,41,87,46,0.47126436781609193,-0.5360562674188973
500,43,90,47,0.4777777777777778,-0.4216370213557839
505,38,71,33,0.5352112676056338,0.5933908290969266
506,38,68,30,0.5588235294117647,0.9701425001453319
508,36,71,35,0.5070422535211268,0.11867816581938533
509,24,56,32,0.42857142857142855,-1.0690449676496976
564,41,85,44,0.4823529411764706,-0.32539568672798425
565,66,132,66,0.5,0.0
566,42,91,49,0.46153846153846156,-0.7337993857053429
571,36,74,38,0.4864864864864865,-0.23249527748763857
572,38,77,39,0.4935064935064935,-0.11396057645963795
574,17,53,36,0.32075471698113206,-2.6098507150250914
580,33,66,33,0.5,0.0
633,28,64,36,0.4375,-1.0
634,44,90,46,0.4888888888888889,-0.21081851067789195
635,45,85,40,0.5294117647058824,0.5423261445466404
636,45,90,45,0.5,0.0
637,53,106,53,0.5,0.0
638,49,113,64,0.4336283185840708,-1.4110813025753959
639,44,91,47,0.4835164835164835,-0.3144854510165755
640,55,131,76,0.4198473282442748,-1.8347785189881796
641,38,85,47,0.4470588235294118,-0.9761870601839528
642,41,79,38,0.5189873417721519,0.3375263702778072
643,26,60,34,0.43333333333333335,-1.0327955589886444
644,30,58,28,0.5172413793103449,0.2626128657194451
645,27,59,32,0.4576271186440678,-0.6509445549041194
646,40,89,49,0.449438202247191,-0.953998092005724
647,27,62,35,0.43548387096774194,-1.016001016001524
650,23,50,27,0.46,-0.565685424949238
664,26,57,31,0.45614035087719296,-0.6622661785325219
707,54,98,44,0.5510204081632653,1.0101525445522108
708,34,74,40,0.4594594594594595,-0.6974858324629157
709,48,101,53,0.4752475247524752,-0.4975185951049946
710,50,99,49,0.5050505050505051,0.10050378152592121
711,89,166,77,0.536144578313253,0.9313806308475994
712,49,94,45,0.5212765957446809,0.41256849850351734
713,39,76,37,0.5131578947368421,0.22941573387056174
714,54,101,47,0.5346534653465347,0.6965260331469925
715,41,77,36,0.5324675324675324,0.5698028822981898
718,36,58,22,0.6206896551724138,1.8382900600361156
720,42,82,40,0.5121951219512195,0.22086305214969307
723,34,62,28,0.5483870967741935,0.762000762001143
738,31,66,35,0.4696969696969697,-0.4923659639173309
739,33,81,48,0.4074074074074074,-1.6666666666666667
740,22,50,28,0.44,-0.848528137423857
741,28,56,28,0.5,0.0
742,24,53,29,0.4528301886792453,-0.6868028197434451
785,44,92,48,0.4782608695652174,-0.41702882811414954
786,34,79,45,0.43037974683544306,-1.2375966910186262
787,46,98,52,0.46938775510204084,-0.6060915267313265
788,48,107,59,0.4485981308411215,-1.0634101379502299
789,41,88,47,0.4659090909090909,-0.6396021490668313
790,67,119,52,0.5630252100840336,1.3750477455423171
791,56,117,61,0.47863247863247865,-0.4622501635210242
792,22,60,38,0.36666666666666664,-2.065591117977289
793,29,61,32,0.47540983606557374,-0.3841106397986879
797,35,51,16,0.6862745098039216,2.6605321596532185
798,37,77,40,0.4805194805194805,-0.3418817293789138
799,44,75,31,0.5866666666666667,1.5011106998930268
817,53,97,44,0.5463917525773195,0.9138115486202573
818,38,71,33,0.5352112676056338,0.5933908290969266
819,30,59,29,0.5084745762711864,0.13018891098082389
820,33,69,36,0.4782608695652174,-0.3611575592573076
866,23,58,35,0.39655172413793105,-1.5756771943166705
868,37,67,30,0.5522388059701493,0.8551861104941365
869,37,77,40,0.4805194805194805,-0.3418817293789138
870,33,78,45,0.4230769230769231,-1.3587324409735149
871,31,52,21,0.5961538461538461,1.386750490563073
872,49,95,46,0.5157894736842106,0.30779350562554625
873,62,123,61,0.5040650406504065,0.09016696346674323
874,56,98,42,0.5714285714285714,1.4142135623730951
875,36,82,46,0.43902439024390244,-1.1043152607484654
876,24,54,30,0.4444444444444444,-0.816496580927726
880,34,64,30,0.53125,0.5
881,36,72,36,0.5,0.0
882,25,53,28,0.4716981132075472,-0.4120816918460671
883,26,54,28,0.48148148148148145,-0.2721655269759087
900,32,60,28,0.5333333333333333,0.5163977794943222
901,34,73,39,0.4657534246575342,-0.5852057359806528
903,37,79,42,0.46835443037974683,-0.562543950463012
904,38,78,40,0.48717948717948717,-0.22645540682891913
952,21,54,33,0.3888888888888889,-1.632993161855452
954,42,90,48,0.4666666666666667,-0.6324555320336759
955,65,97,32,0.6701030927835051,3.350642344940943
956,23,53,30,0.4339622641509434,-0.9615239476408232
957,48,96,48,0.5,0.0
958,76,145,69,0.5241379310344828,0.5813183589761798
959,32,74,42,0.43243243243243246,-1.162476387438193
960,95,153,58,0.6209150326797386,2.99127270878144
961,51,98,47,0.5204081632653061,0.40406101782088427
964,20,50,30,0.4,-1.414213562373095
966,33,70,37,0.4714285714285714,-0.47809144373375745
967,29,55,26,0.5272727272727272,0.40451991747794525
968,27,81,54,0.3333333333333333,-3.0
969,24,53,29,0.4528301886792453,-0.6868028197434451
986,28,71,43,0.39436619718309857,-1.7801724872907798
1042,24,51,27,0.47058823529411764,-0.42008402520840293
1043,35,79,44,0.4430379746835443,-1.0125791108334214
1044,27,69,42,0.391304347826087,-1.805787796286538
1045,27,75,48,0.36,-2.424871130596428
1046,48,95,47,0.5052631578947369,0.10259783520851541
1047,52,105,53,0.49523809523809526,-0.09759000729485333
1048,47,101,54,0.46534653465346537,-0.6965260331469925
1049,42,82,40,0.5121951219512195,0.22086305214969307
1050,36,70,34,0.5142857142857142,0.23904572186687872
1051,45,88,43,0.5113636363636364,0.21320071635561041
1054,36,84,48,0.42857142857142855,-1.3093073414159544
1056,47,93,46,0.5053763440860215,0.10369516947304253
1057,50,107,57,0.4672897196261682,-0.6767155423319645
1058,53,97,44,0.5463917525773195,0.9138115486202573
1059,34,79,45,0.43037974683544306,-1.2375966910186262
1060,30,72,42,0.4166666666666667,-1.4142135623730951
1077,26,61,35,0.4262295081967213,-1.1523319193960637
1078,20,58,38,0.3448275862068966,-2.363515791475006
1080,31,61,30,0.5081967213114754,0.12803687993289598
1082,32,69,37,0.463768115942029,-0.601929265428846
1132,44,92,48,0.4782608695652174,-0.41702882811414954
1136,44,90,46,0.4888888888888889,-0.21081851067789195
1137,47,88,41,0.5340909090909091,0.6396021490668313
1139,23,53,30,0.4339622641509434,-0.9615239476408232
1140,35,67,32,0.5223880597014925,0.36650833306891567
1141,28,63,35,0.4444444444444444,-0.8819171036881969
1142,30,69,39,0.43478260869565216,-1.0834726777719228
1143,43,85,42,0.5058823529411764,0.10846522890932808
1144,26,55,29,0.4727272727272727,-0.40451991747794525
1145,24,52,28,0.46153846153846156,-0.5547001962252291
1149,39,82,43,0.47560975609756095,-0.44172610429938614
1150,44,97,53,0.4536082474226804,-0.9138115486202573
1151,42,91,49,0.46153846153846156,-0.7337993857053429
1152,42,86,44,0.4883720930232558,-0.21566554640687682
1153,44,83,39,0.5301204819277109,0.5488212999484517
1154,33,56,23,0.5892857142857143,1.3363062095621219
1172,21,53,32,0.39622641509433965,-1.5109662034355793
1173,40,68,28,0.5882352941176471,1.4552137502179978
1174,40,77,37,0.5194805194805194,0.3418817293789138
1175,44,78,34,0.5641025641025641,1.1322770341445956
1176,26,53,27,0.49056603773584906,-0.13736056394868904
1177,33,70,37,0.4714285714285714,-0.47809144373375745
1178,28,63,35,0.4444444444444444,-0.8819171036881969
1179,35,88,53,0.3977272727272727,-1.9188064472004938
1228,28,55,27,0.509090909090909,0.13483997249264842
1229,58,122,64,0.47540983606557374,-0.5432144762551112
1230,43,95,52,0.45263157894736844,-0.9233805168766388
1231,30,54,24,0.5555555555555556,0.816496580927726
1233,33,80,47,0.4125,-1.5652475842498528
1234,41,83,42,0.4939759036144578,-0.10976425998969035
1240,34,64,30,0.53125,0.5
1242,33,61,28,0.5409836065573771,0.6401843996644799
1243,33,71,38,0.4647887323943662,-0.5933908290969266
1244,31,52,21,0.5961538461538461,1.386750490563073
1245,28,58,30,0.4827586206896552,-0.2626128657194451
1246,34,67,33,0.5074626865671642,0.12216944435630522
1247,68,125,57,0.544,0.9838699100999074
1248,60,127,67,0.47244094488188976,-0.6211495565912797
1249,41,103,62,0.39805825242718446,-2.0691914841450156
1250,42,81,39,0.5185185185185185,0.3333333333333333
1251,40,78,38,0.5128205128205128,0.22645540682891913
1252,30,57,27,0.5263157894736842,0.39735970711951313
1271,34,69,35,0.4927536231884058,-0.1203858530857692
1273,46,81,35,0.5679012345679012,1.2222222222222223
1274,43,88,45,0.48863636363636365,-0.21320071635561041
1276,39,90,51,0.43333333333333335,-1.2649110640673518
1277,37,70,33,0.5285714285714286,0.47809144373375745
1278,46,98,52,0.46938775510204084,-0.6060915267313265
1279,51,91,40,0.5604395604395604,1.1531133203941102
1330,41,89,48,0.4606741573033708,-0.741998516004452
1331,49,93,44,0.5268817204301075,0.5184758473652127
1332,45,79,34,0.569620253164557,1.2375966910186262
1333,38,66,28,0.5757575757575758,1.2309149097933272
1335,39,79,40,0.4936708860759494,-0.1125087900926024
1336,35,70,35,0.5,0.0
1344,27,67,40,0.40298507462686567,-1.5882027766319677
1345,41,101,60,0.40594059405940597,-1.8905706613989794
1346,49,91,42,0.5384615384615384,0.7337993857053429
1347,40,71,31,0.5633802816901409,1.0681034923744679
1348,84,146,62,0.5753424657534246,1.8207329549252094
1349,64,119,55,0.5378151260504201,0.8250286473253902
1350,88,173,85,0.5086705202312138,0.22808577638091165
1351,34,70,36,0.4857142857142857,-0.23904572186687872
1352,41,88,47,0.4659090909090909,-0.6396021490668313
1353,45,97,52,0.4639175257731959,-0.7107423155935334
1354,34,59,25,0.576271186440678,1.171700198827415
1376,30,59,29,0.5084745762711864,0.13018891098082389
1377,57,110,53,0.5181818181818182,0.38138503569823695
1379,22,55,33,0.4,-1.4832396974191326
1380,26,58,32,0.4482758620689655,-0.7878385971583353
1381,41,80,39,0.5125,0.22360679774997896
1382,28,63,35,0.4444444444444444,-0.8819171036881969
1383,44,68,24,0.6470588235294118,2.42535625036333
1433,41,77,36,0.5324675324675324,0.5698028822981898
1434,32,58,26,0.5517241379310345,0.7878385971583353
1435,77,162,85,0.47530864197530864,-0.6285393610547089
1436,60,125,65,0.48,-0.4472135954999579
1437,74,147,73,0.5034013605442177,0.08247860988423225
1438,35,75,40,0.4666666666666667,-0.5773502691896257
1439,32,71,39,0.4507042253521127,-0.8307471607356973
1440,42,74,32,0.5675675675675675,1.162476387438193
1448,26,55,29,0.4727272727272727,-0.40451991747794525
1450,24,62,38,0.3870967741935484,-1.778001778002667
1451,82,147,65,0.5578231292517006,1.4021363680319483
1452,48,110,62,0.43636363636363634,-1.3348476249438292
1453,47,99,52,0.47474747474747475,-0.502518907629606
1454,74,153,79,0.48366013071895425,-0.40422604172722165
1455,70,130,60,0.5384615384615384,0.8770580193070293
1456,43,79,36,0.5443037974683544,0.7875615306482168
1457,35,79,44,0.4430379746835443,-1.0125791108334214
1458,39,102,63,0.38235294117647056,-2.3763541031440183
1459,30,64,34,0.46875,-0.5
1461,32,60,28,0.5333333333333333,0.5163977794943222
1462,30,52,22,0.5769230769230769,1.1094003924504583
1484,27,50,23,0.54,0.565685424949238
1489,65,126,61,0.5158730158730159,0.3563483225498992
1490,38,86,48,0.4418604651162791,-1.078327732034384
1541,60,105,45,0.5714285714285714,1.4638501094227998
1542,52,109,57,0.47706422018348627,-0.47891314261057566
1543,65,131,66,0.4961832061068702,-0.0873704056661038
1544,62,143,81,0.43356643356643354,-1.5888598190134724
1545,71,139,68,0.5107913669064749,0.2544566789039913
1546,39,84,45,0.4642857142857143,-0.6546536707079772
1547,44,97,53,0.4536082474226804,-0.9138115486202573
1548,38,83,45,0.4578313253012048,-0.7683498199278324
1552,25,51,26,0.49019607843137253,-0.14002800840280097
1559,30,76,46,0.39473684210526316,-1.835325870964494
1560,55,106,51,0.5188679245283019,0.38851434494290565
1561,39,86,47,0.45348837209302323,-0.8626621856275073
1562,53,116,63,0.45689655172413796,-0.9284766908852594
1563,73,136,63,0.5367647058823529,0.8574929257125441
1564,76,141,65,0.5390070921985816,0.9263671131731709
1565,39,80,41,0.4875,-0.22360679774997896
1567,46,96,50,0.4791666666666667,-0.4082482904638631
1568,37,75,38,0.49333333333333335,-0.11547005383792514
1569,32,79,47,0.4050632911392405,-1.6876318513890358
1570,31,59,28,0.5254237288135594,0.39056673294247163
1571,36,66,30,0.5454545454545454,0.7385489458759964
1572,25,51,26,0.49019607843137253,-0.14002800840280097
1573,30,61,31,0.4918032786885246,-0.12803687993289598
1595,40,78,38,0.5128205128205128,0.22645540682891913
1596,50,91,41,0.5494505494505495,0.9434563530497265
1598,30,58,28,0.5172413793103449,0.2626128657194451
1599,35,59,24,0.5932203389830508,1.4320780207890627
1600,37,60,23,0.6166666666666667,1.8073922282301278
1601,62,129,67,0.4806201550387597,-0.4402254531628119
1654,67,123,56,0.5447154471544715,0.9918365981341755
1655,72,144,72,0.5,0.0
1656,73,139,66,0.5251798561151079,0.5937322507759797
1657,70,141,71,0.49645390070921985,-0.0842151921066519
1658,49,124,75,0.3951612903225806,-2.334868926348074
1659,43,79,36,0.5443037974683544,0.7875615306482168
1660,46,80,34,0.575,1.3416407864998738
1661,24,67,43,0.3582089552238806,-2.321219442769799
1662,26,58,32,0.4482758620689655,-0.7878385971583353
1665,33,62,29,0.532258064516129,0.508000508000762
1671,21,51,30,0.4117647058823529,-1.2602520756252087
1672,17,51,34,0.3333333333333333,-2.3804761428476167
1674,31,56,25,0.5535714285714286,0.8017837257372732
1675,39,86,47,0.45348837209302323,-0.8626621856275073
1676,47,100,53,0.47,-0.6
1677,51,100,49,0.51,0.2
1678,50,112,62,0.44642857142857145,-1.1338934190276817
1679,37,77,40,0.4805194805194805,-0.3418817293789138
1680,28,53,25,0.5283018867924528,0.4120816918460671
1681,20,53,33,0.37735849056603776,-1.7856873313329573
1682,37,71,34,0.5211267605633803,0.35603449745815596
1683,36,67,31,0.5373134328358209,0.6108472217815261
1684,33,81,48,0.4074074074074074,-1.6666666666666667
1685,27,50,23,0.54,0.565685424949238
1686,37,65,28,0.5692307692307692,1.116312611302876
1687,26,51,25,0.5098039215686274,0.14002800840280097
1707,26,61,35,0.4262295081967213,-1.1523319193960637
1710,45,87,42,0.5172413793103449,0.3216337604513384
1711,26,58,32,0.4482758620689655,-0.7878385971583353
1712,24,53,29,0.4528301886792453,-0.6868028197434451
1713,29,63,34,0.4603174603174603,-0.629940788348712
1714,28,51,23,0.5490196078431373,0.7001400420140048
1715,49,111,62,0.44144144144144143,-1.2339053944782488
1716,78,161,83,0.484472049689441,-0.39405520311955033
1717,69,127,58,0.5433070866141733,0.9760921603577252
1718,38,73,35,0.5205479452054794,0.3511234415883917
1771,69,120,51,0.575,1.6431676725154982
1772,65,122,57,0.5327868852459017,0.7242859683401482
1773,54,109,55,0.4954128440366973,-0.09578262852211514
1774,48,103,55,0.46601941747572817,-0.6897304947150052
1775,47,102,55,0.46078431372549017,-0.7921180343813395
1776,56,121,65,0.4628099173553719,-0.8181818181818182
1777,46,97,51,0.4742268041237113,-0.5076730825668095
1778,51,98,47,0.5204081632653061,0.40406101782088427
1784,31,51,20,0.6078431372549019,1.5403080924308108
1792,32,57,25,0.5614035087719298,0.9271726499455306
1793,30,66,36,0.45454545454545453,-0.7385489458759964
1795,27,58,31,0.46551724137931033,-0.5252257314388902
1796,76,147,71,0.5170068027210885,0.4123930494211613
1797,21,61,40,0.3442622950819672,-2.4327007187250236
1798,39,86,47,0.45348837209302323,-0.8626621856275073
1799,37,83,46,0.4457831325301205,-0.9878783399072131
1800,22,56,34,0.39285714285714285,-1.6035674514745464
1801,38,76,38,0.5,0.0
1802,63,112,49,0.5625,1.3228756555322951
1803,34,81,47,0.41975308641975306,-1.4444444444444444
1804,25,59,34,0.423728813559322,-1.171700198827415
1827,28,62,34,0.45161290322580644,-0.762000762001143
1828,26,59,33,0.4406779661016949,-0.9113223768657671
1829,53,98,45,0.5408163265306123,0.8081220356417685
1830,32,62,30,0.5161290322580645,0.254000254000381
1832,29,64,35,0.453125,-0.75
1833,34,58,24,0.5862068965517241,1.3130643285972254
1834,46,92,46,0.5,0.0
1835,41,99,58,0.41414141414141414,-1.7085642859406605
1836,67,130,63,0.5153846153846153,0.3508232077228117
1837,41,90,49,0.45555555555555555,-0.8432740427115678
1838,32,58,26,0.5517241379310345,0.7878385971583353
1892,61,122,61,0.5,0.0
1893,68,131,63,0.5190839694656488,0.43685202833051895
1894,57,100,43,0.57,1.4
1895,46,87,41,0.5287356321839081,0.5360562674188973
1896,63,133,70,0.47368421052631576,-0.6069769786668839
1897,26,60,34,0.43333333333333335,-1.0327955589886444
1898,54,102,48,0.5294117647058824,0.5940885257860046
1899,43,86,43,0.5,0.0
1900,27,59,32,0.4576271186440678,-0.6509445549041194
1906,30,64,34,0.46875,-0.5
1907,38,71,33,0.5352112676056338,0.5933908290969266
1914,33,62,29,0.532258064516129,0.508000508000762
1917,35,69,34,0.5072463768115942,0.1203858530857692
1918,51,90,39,0.5666666666666667,1.2649110640673518
1919,48,77,29,0.6233766233766234,2.1652509527331207
1920,38,82,44,0.4634146341463415,-0.6625891564490792
1921,39,70,31,0.5571428571428572,0.9561828874675149
1922,39,70,31,0.5571428571428572,0.9561828874675149
1923,40,88,48,0.45454545454545453,-0.8528028654224417
1924,44,91,47,0.4835164835164835,-0.3144854510165755
1925,55,95,40,0.5789473684210527,1.5389675281277313
1949,28,51,23,0.5490196078431373,0.7001400420140048
1950,41,79,38,0.5189873417721519,0.3375263702778072
1952,75,168,93,0.44642857142857145,-1.3887301496588271
1953,79,152,73,0.5197368421052632,0.48666426339228763
1957,45,74,29,0.6081081081081081,1.8599622199011085
1958,62,114,52,0.543859649122807,0.936585811581694
1959,59,107,48,0.5514018691588785,1.0634101379502299
1960,71,144,73,0.4930555555555556,-0.16666666666666666
1961,48,97,49,0.4948453608247423,-0.10153461651336192
2016,30,56,26,0.5357142857142857,0.5345224838248488
2017,54,107,53,0.5046728971962616,0.09667364890456635
2018,67,161,94,0.4161490683229814,-2.1278980968455716
2019,63,123,60,0.5121951219512195,0.2705008904002297
2020,63,140,77,0.45,-1.1832159566199232
2021,35,75,40,0.4666666666666667,-0.5773502691896257
2022,25,60,35,0.4166666666666667,-1.2909944487358056
2023,42,96,54,0.4375,-1.2247448713915892
2024,48,102,54,0.47058823529411764,-0.5940885257860046
2025,50,96,46,0.5208333333333334,0.4082482904638631
2041,33,59,26,0.559322033898305,0.9113223768657671
2045,42,91,49,0.46153846153846156,-0.7337993857053429
2046,31,78,47,0.3974358974358974,-1.811643254631353
2047,54,94,40,0.574468085106383,1.4439897447623107
2048,50,90,40,0.5555555555555556,1.0540925533894598
2049,46,91,45,0.5054945054945055,0.10482848367219183
2050,57,102,45,0.5588235294117647,1.1881770515720091
2051,54,89,35,0.6067415730337079,2.013995972012084
2078,68,147,79,0.46258503401360546,-0.9072647087265548
2079,50,109,59,0.45871559633027525,-0.8620436566990363
2080,84,173,89,0.48554913294797686,-0.38014296063485276
2081,40,76,36,0.5263157894736842,0.4588314677411235
2082,33,55,22,0.6,1.4832396974191326
2085,51,99,48,0.5151515151515151,0.30151134457776363
2086,61,128,67,0.4765625,-0.5303300858899106
2087,74,141,67,0.524822695035461,0.5895063447465633
2088,52,113,61,0.46017699115044247,-0.8466487815452375
2089,28,64,36,0.4375,-1.0
2146,37,85,48,0.43529411764705883,-1.193117518002609
2147,48,118,70,0.4067796610169492,-2.0252641593763117
2148,92,186,94,0.4946236559139785,-0.1466471150213533
2149,74,162,88,0.4567901234567901,-1.0999438818457405
2150,45,79,34,0.569620253164557,1.2375966910186262
2151,36,66,30,0.5454545454545454,0.7385489458759964
2153,38,85,47,0.4470588235294118,-0.9761870601839528
2154,63,108,45,0.5833333333333334,1.7320508075688772
2155,40,86,46,0.46511627906976744,-0.6469966392206304
2156,28,55,27,0.509090909090909,0.13483997249264842
2161,27,65,38,0.4153846153846154,-1.3643820804812932
2171,31,57,26,0.543859649122807,0.6622661785325219
2176,26,57,31,0.45614035087719296,-0.6622661785325219
2177,26,63,37,0.4126984126984127,-1.3858697343671664
2178,43,83,40,0.5180722891566265,0.329292779969071
2179,31,64,33,0.484375,-0.25
2180,67,130,63,0.5153846153846153,0.3508232077228117
2181,58,112,54,0.5178571428571429,0.3779644730092272
2182,36,79,43,0.45569620253164556,-0.7875615306482168
2183,31,62,31,0.5,0.0
2209,56,119,63,0.47058823529411764,-0.641688947919748
2210,103,184,81,0.5597826086956522,1.6218615177038684
2211,72,139,67,0.5179856115107914,0.4240944648399855
2212,44,93,49,0.4731182795698925,-0.5184758473652127
2213,26,53,27,0.49056603773584906,-0.13736056394868904
2215,27,55,28,0.4909090909090909,-0.13483997249264842
2216,35,76,41,0.4605263157894737,-0.6882472016116852
2217,34,66,32,0.5151515151515151,0.24618298195866545
2218,33,74,41,0.44594594594594594,-0.9299811099505543
2219,42,82,40,0.5121951219512195,0.22086305214969307
2220,49,82,33,0.5975609756097561,1.7669044171975445
2279,45,71,26,0.6338028169014085,2.254885150568321
2280,29,79,50,0.3670886075949367,-2.3626845919446504
2281,93,205,112,0.45365853658536587,-1.3270175619621987
2282,79,155,76,0.5096774193548387,0.24096579867074966
2283,47,101,54,0.46534653465346537,-0.6965260331469925
2284,46,94,48,0.48936170212765956,-0.20628424925175867
2285,31,64,33,0.484375,-0.25
2286,34,66,32,0.5151515151515151,0.24618298195866545
2287,42,83,41,0.5060240963855421,0.10976425998969035
2288,44,85,41,0.5176470588235295,0.32539568672798425
2294,35,74,39,0.47297297297297297,-0.46499055497527714
2295,34,66,32,0.5151515151515151,0.24618298195866545
2303,27,57,30,0.47368421052631576,-0.39735970711951313
2308,29,62,33,0.46774193548387094,-0.508000508000762
2309,43,67,24,0.6417910447761194,2.321219442769799
2310,50,83,33,0.6024096385542169,1.865992419824736
2311,49,93,44,0.5268817204301075,0.5184758473652127
2312,36,70,34,0.5142857142857142,0.23904572186687872
2313,40,71,31,0.5633802816901409,1.0681034923744679
2314,31,65,34,0.47692307692307695,-0.3721042037676254
2315,29,71,42,0.4084507042253521,-1.5428161556520092
2316,23,54,31,0.42592592592592593,-1.0886621079036347
2317,26,59,33,0.4406779661016949,-0.9113223768657671
2340,36,62,26,0.5806451612903226,1.270001270001905
2344,47,82,35,0.573170731707317,1.3251783128981585
2345,48,101,53,0.4752475247524752,-0.4975185951049946
2346,35,69,34,0.5072463768115942,0.1203858530857692
2347,24,60,36,0.4,-1.5491933384829668
2349,28,56,28,0.5,0.0
2417,46,77,31,0.5974025974025974,1.709408646894569
2418,47,99,52,0.47474747474747475,-0.502518907629606
2419,74,137,63,0.5401459854014599,0.939793423488437
2420,49,109,60,0.44954128440366975,-1.0536089137432665
2421,72,128,56,0.5625,1.414213562373095
2422,43,95,52,0.45263157894736844,-0.9233805168766388
2423,38,69,31,0.5507246376811594,0.8427009716003844
2426,28,66,38,0.42424242424242425,-1.2309149097933272
2429,33,63,30,0.5238095238095238,0.3779644730092272
2439,29,56,27,0.5178571428571429,0.2672612419124244
2441,26,51,25,0.5098039215686274,0.14002800840280097
2442,28,59,31,0.4745762711864407,-0.39056673294247163
2447,26,52,26,0.5,0.0
2448,27,50,23,0.54,0.565685424949238
2449,22,60,38,0.36666666666666664,-2.065591117977289
2450,37,67,30,0.5522388059701493,0.8551861104941365
2451,53,93,40,0.5698924731182796,1.3480372031495529
2452,40,83,43,0.4819277108433735,-0.329292779969071
2453,38,62,24,0.6129032258064516,1.778001778002667
2454,41,83,42,0.4939759036144578,-0.10976425998969035
2479,51,91,40,0.5604395604395604,1.1531133203941102
2480,33,75,42,0.44,-1.0392304845413263
2484,33,69,36,0.4782608695652174,-0.3611575592573076
2489,26,50,24,0.52,0.282842712474619
2491,40,66,26,0.6060606060606061,1.7232808737106582
2492,31,71,40,0.43661971830985913,-1.0681034923744679
2558,37,73,36,0.5068493150684932,0.11704114719613057
2559,51,102,51,0.5,0.0
2560,51,105,54,0.4857142857142857,-0.29277002188455997
2561,43,87,44,0.4942528735632184,-0.10721125348377948
2562,64,112,48,0.5714285714285714,1.5118578920369088
2563,42,93,51,0.45161290322580644,-0.9332565252573828
2564,32,77,45,0.4155844155844156,-1.4814874939752933
2570,34,61,27,0.5573770491803278,0.8962581595302719
2580,30,60,30,0.5,0.0
2582,37,69,32,0.5362318840579711,0.601929265428846
2584,23,58,35,0.39655172413793105,-1.5756771943166705
2589,26,58,32,0.4482758620689655,-0.7878385971583353
2591,23,57,34,0.40350877192982454,-1.4569855927715483
2592,35,73,38,0.4794520547945205,-0.3511234415883917
2593,39,82,43,0.47560975609756095,-0.44172610429938614
2594,34,65,31,0.5230769230769231,0.3721042037676254
2595,30,70,40,0.42857142857142855,-1.1952286093343936
2596,36,68,32,0.5294117647058824,0.48507125007266594
2622,33,64,31,0.515625,0.25
2627,42,75,33,0.56,1.0392304845413263
2628,39,71,32,0.5492957746478874,0.8307471607356973
2631,32,52,20,0.6153846153846154,1.6641005886756874
2632,25,55,30,0.45454545454545453,-0.674199862463242
2634,34,58,24,0.5862068965517241,1.3130643285972254
2635,36,82,46,0.43902439024390244,-1.1043152607484654
2703,18,51,33,0.35294117647058826,-2.100420126042015
2704,42,98,56,0.42857142857142855,-1.4142135623730951
2705,43,81,38,0.5308641975308642,0.5555555555555556
2706,52,103,51,0.5048543689320388,0.09853292781642932
2707,26,60,34,0.43333333333333335,-1.0327955589886444
2708,39,86,47,0.45348837209302323,-0.8626621856275073
2709,31,55,24,0.5636363636363636,0.9438798074485389
2715,25,56,31,0.44642857142857145,-0.8017837257372732
2716,19,55,36,0.34545454545454546,-2.292279532375023
2738,47,91,44,0.5164835164835165,0.3144854510165755
2739,43,103,60,0.4174757281553398,-1.6750597728792984
2740,50,109,59,0.45871559633027525,-0.8620436566990363
2741,57,119,62,0.4789915966386555,-0.4583492485141057
2742,72,136,64,0.5294117647058824,0.6859943405700353
2745,30,61,31,0.4918032786885246,-0.12803687993289598
2768,31,62,31,0.5,0.0
2769,38,67,29,0.5671641791044776,1.099524999206747
2773,44,82,38,0.5365853658536586,0.6625891564490792
2774,62,118,56,0.5254237288135594,0.552344770738994
2775,48,110,62,0.43636363636363634,-1.3348476249438292
2776,22,60,38,0.36666666666666664,-2.065591117977289
2779,28,58,30,0.4827586206896552,-0.2626128657194451
2781,36,64,28,0.5625,1.0
2782,36,75,39,0.48,-0.3464101615137754
2783,29,62,33,0.46774193548387094,-0.508000508000762
2853,24,61,37,0.39344262295081966,-1.6644794391276478
2854,27,69,42,0.391304347826087,-1.805787796286538
2855,63,126,63,0.5,0.0
2856,47,108,61,0.4351851851851852,-1.3471506281091268
2878,25,63,38,0.3968253968253968,-1.6378460497066512
2888,33,70,37,0.4714285714285714,-0.47809144373375745
2889,42,85,43,0.49411764705882355,-0.10846522890932808
2890,52,114,62,0.45614035087719296,-0.936585811581694
2891,52,116,64,0.4482758620689655,-1.1141720290623112
2892,37,84,47,0.44047619047619047,-1.091089451179962
2894,27,59,32,0.4576271186440678,-0.6509445549041194
2919,32,63,31,0.5079365079365079,0.1259881576697424
2924,41,76,35,0.5394736842105263,0.6882472016116852
2925,42,96,54,0.4375,-1.2247448713915892
2926,73,127,54,0.5748031496062992,1.6859773678906163
2930,32,74,42,0.43243243243243246,-1.162476387438193
2932,39,82,43,0.47560975609756095,-0.44172610429938614
2933,47,88,41,0.5340909090909091,0.6396021490668313
2934,33,66,33,0.5,0.0
3008,57,108,51,0.5277777777777778,0.5773502691896257
3009,38,100,62,0.38,-2.4
3031,28,54,26,0.5185185185185185,0.2721655269759087
3032,41,75,34,0.5466666666666666,0.808290376865476
3033,22,51,29,0.43137254901960786,-0.9801960588196068
3037,33,63,30,0.5238095238095238,0.3779644730092272
3042,42,86,44,0.4883720930232558,-0.21566554640687682
3043,49,114,65,0.4298245614035088,-1.4985372985307104
3044,47,99,52,0.47474747474747475,-0.502518907629606
3045,38,96,58,0.3958333333333333,-2.041241452319315
3046,31,77,46,0.4025974025974026,-1.709408646894569
3074,33,52,19,0.6346153846153846,1.9414506867883021
3075,27,55,28,0.4909090909090909,-0.13483997249264842
3080,43,75,32,0.5733333333333334,1.2701705922171767
3081,62,117,55,0.5299145299145299,0.647150228929434
3085,39,80,41,0.4875,-0.22360679774997896
3086,29,62,33,0.46774193548387094,-0.508000508000762
3087,39,82,43,0.47560975609756095,-0.44172610429938614
3088,30,68,38,0.4411764705882353,-0.9701425001453319
3089,38,77,39,0.4935064935064935,-0.11396057645963795
3165,40,86,46,0.46511627906976744,-0.6469966392206304
3166,59,112,53,0.5267857142857143,0.5669467095138409
3167,31,69,38,0.4492753623188406,-0.8427009716003844
3189,44,79,35,0.5569620253164557,1.0125791108334214
3190,36,80,44,0.45,-0.8944271909999159
3197,25,52,27,0.4807692307692308,-0.2773500981126146
3200,26,74,48,0.35135135135135137,-2.557448052364024
3201,41,82,41,0.5,0.0
3202,44,91,47,0.4835164835164835,-0.3144854510165755
3203,28,70,42,0.4,-1.6733200530681511
3204,41,73,32,0.5616438356164384,1.0533703247651751
3205,25,57,32,0.43859649122807015,-0.9271726499455306
3233,29,67,38,0.43283582089552236,-1.099524999206747
3234,21,52,31,0.40384615384615385,-1.386750490563073
3244,30,61,31,0.4918032786885246,-0.12803687993289598
3245,71,131,60,0.5419847328244275,0.9610744623271417
3247,43,97,54,0.44329896907216493,-1.116880781646981
3248,35,95,60,0.3684210526315789,-2.5649458802128855
3249,27,55,28,0.4909090909090909,-0.13483997249264842
3324,26,50,24,0.52,0.282842712474619
3326,29,66,37,0.4393939393939394,-0.9847319278346618
3327,46,99,53,0.46464646464646464,-0.7035264706814485
3328,43,96,53,0.4479166666666667,-1.0206207261596576
3350,23,59,36,0.3898305084745763,-1.6924558427507104
3351,38,66,28,0.5757575757575758,1.2309149097933272
3352,42,73,31,0.5753424657534246,1.2874526191574363
3357,40,73,33,0.547945205479452,0.819288030372914
3358,32,71,39,0.4507042253521127,-0.8307471607356973
3359,21,56,35,0.375,-1.8708286933869707
3362,44,86,42,0.5116279069767442,0.21566554640687682
3363,61,123,62,0.4959349593495935,-0.09016696346674323
3364,32,75,43,0.4266666666666667,-1.2701705922171767
3365,34,79,45,0.43037974683544306,-1.2375966910186262
3366,39,86,47,0.45348837209302323,-0.8626621856275073
3367,30,74,44,0.40540540540540543,-1.62746694241347
3368,35,70,35,0.5,0.0
3396,35,70,35,0.5,0.0
3399,28,64,36,0.4375,-1.0
3406,32,79,47,0.4050632911392405,-1.6876318513890358
3407,31,73,42,0.4246575342465753,-1.2874526191574363
3408,43,82,39,0.524390243902439,0.44172610429938614
3411,31,68,37,0.45588235294117646,-0.7276068751089989
3412,39,73,34,0.5342465753424658,0.5852057359806528
3492,36,63,27,0.5714285714285714,1.1338934190276817
3493,46,95,49,0.4842105263157895,-0.30779350562554625
3494,34,63,29,0.5396825396825397,0.629940788348712
3513,23,52,29,0.4423076923076923,-0.8320502943378437
3516,36,63,27,0.5714285714285714,1.1338934190276817
3523,27,55,28,0.4909090909090909,-0.13483997249264842
3524,38,73,35,0.5205479452054794,0.3511234415883917
3525,33,60,27,0.55,0.7745966692414834
3526,28,54,26,0.5185185185185185,0.2721655269759087
3528,54,109,55,0.4954128440366973,-0.09578262852211514
3529,67,121,54,0.5537190082644629,1.1818181818181819
3530,48,89,41,0.5393258426966292,0.741998516004452
3531,34,62,28,0.5483870967741935,0.762000762001143
3532,29,73,44,0.3972602739726027,-1.7556172079419585
3533,36,86,50,0.4186046511627907,-1.5096588248481377
3534,45,92,47,0.4891304347826087,-0.20851441405707477
3537,25,59,34,0.423728813559322,-1.171700198827415
3562,37,60,23,0.6166666666666667,1.8073922282301278
3563,25,55,30,0.45454545454545453,-0.674199862463242
3566,29,54,25,0.5370370370370371,0.5443310539518174
3573,36,79,43,0.45569620253164556,-0.7875615306482168
3574,59,134,75,0.44029850746268656,-1.3821894809301762
3575,41,87,46,0.47126436781609193,-0.5360562674188973
3661,36,63,27,0.5714285714285714,1.1338934190276817
3662,44,91,47,0.4835164835164835,-0.3144854510165755
3663,50,102,52,0.49019607843137253,-0.19802950859533489
3664,36,62,26,0.5806451612903226,1.270001270001905
3665,33,62,29,0.532258064516129,0.508000508000762
3671,35,70,35,0.5,0.0
3681,33,73,40,0.4520547945205479,-0.819288030372914
3682,67,127,60,0.5275590551181102,0.6211495565912797
3684,18,55,37,0.32727272727272727,-2.56195947736032
3686,26,56,30,0.4642857142857143,-0.5345224838248488
3689,28,52,24,0.5384615384615384,0.5547001962252291
3692,31,58,27,0.5344827586206896,0.5252257314388902
3693,50,97,47,0.5154639175257731,0.30460384954008574
3694,40,74,34,0.5405405405405406,0.6974858324629157
3695,34,78,44,0.4358974358974359,-1.1322770341445956
3696,22,60,38,0.36666666666666664,-2.065591117977289
3697,58,106,48,0.5471698113207547,0.9712858623572641
3698,52,116,64,0.4482758620689655,-1.1141720290623112
3699,57,120,63,0.475,-0.5477225575051661
3700,67,131,64,0.5114503816793893,0.26211121699831136
3701,61,126,65,0.48412698412698413,-0.3563483225498992
3702,35,72,37,0.4861111111111111,-0.23570226039551587
3703,32,72,40,0.4444444444444444,-0.9428090415820635
3704,37,76,39,0.4868421052631579,-0.22941573387056174
3705,38,89,51,0.42696629213483145,-1.3779972440082682
3707,29,56,27,0.5178571428571429,0.2672612419124244
3733,34,62,28,0.5483870967741935,0.762000762001143
3744,29,57,28,0.5087719298245614,0.13245323570650439
3745,63,120,57,0.525,0.5477225575051661
3746,41,82,41,0.5,0.0
3832,36,68,32,0.5294117647058824,0.48507125007266594
3833,50,108,58,0.46296296296296297,-0.769800358919501
3834,39,76,37,0.5131578947368421,0.22941573387056174
3835,31,63,32,0.49206349206349204,-0.1259881576697424
3836,74,127,53,0.5826771653543307,1.863448669773839
3837,39,73,34,0.5342465753424658,0.5852057359806528
3838,29,67,38,0.43283582089552236,-1.099524999206747
3840,35,71,36,0.49295774647887325,-0.11867816581938533
3841,23,57,34,0.40350877192982454,-1.4569855927715483
3844,34,70,36,0.4857142857142857,-0.23904572186687872
3854,40,79,39,0.5063291139240507,0.1125087900926024
3855,43,78,35,0.5512820512820513,0.9058216273156765
3856,51,95,44,0.5368421052631579,0.7181848464596079
3858,35,65,30,0.5384615384615384,0.6201736729460423
3859,32,62,30,0.5161290322580645,0.254000254000381
3860,47,95,48,0.49473684210526314,-0.10259783520851541
3861,20,55,35,0.36363636363636365,-2.0225995873897262
3865,29,76,47,0.3815789473684211,-2.0647416048350555
3866,27,71,44,0.38028169014084506,-2.0175288189295504
3867,42,79,37,0.5316455696202531,0.562543950463012
3868,42,65,23,0.6461538461538462,2.3566599571949607
3869,49,91,42,0.5384615384615384,0.7337993857053429
3870,50,107,57,0.4672897196261682,-0.6767155423319645
3871,57,118,61,0.4830508474576271,-0.3682298471593294
3872,62,126,64,0.49206349206349204,-0.1781741612749496
3873,62,124,62,0.5,0.0
3874,54,115,61,0.46956521739130436,-0.6527533657682196
3875,72,128,56,0.5625,1.414213562373095
3876,44,87,43,0.5057471264367817,0.10721125348377948
3877,41,79,38,0.5189873417721519,0.3375263702778072
3878,41,73,32,0.5616438356164384,1.0533703247651751
3879,47,84,37,0.5595238095238095,1.091089451179962
3880,32,74,42,0.43243243243243246,-1.162476387438193
3881,29,59,30,0.4915254237288136,-0.13018891098082389
3908,30,50,20,0.6,1.414213562373095
3915,29,60,31,0.48333333333333334,-0.2581988897471611
3920,33,58,25,0.5689655172413793,1.0504514628777804
3921,32,62,30,0.5161290322580645,0.254000254000381
4008,31,65,34,0.47692307692307695,-0.3721042037676254
4009,58,115,57,0.5043478260869565,0.09325048082403138
4010,74,133,59,0.556390977443609,1.30066495428618
4012,34,69,35,0.4927536231884058,-0.1203858530857692
4014,55,96,41,0.5729166666666666,1.4288690166235207
4015,40,74,34,0.5405405405405406,0.6974858324629157
4017,32,51,19,0.6274509803921569,1.8203641092364127
4018,29,62,33,0.46774193548387094,-0.508000508000762
4019,37,69,32,0.5362318840579711,0.601929265428846
4022,29,57,28,0.5087719298245614,0.13245323570650439
4032,46,100,54,0.46,-0.8
4033,38,83,45,0.4578313253012048,-0.7683498199278324
4036,33,72,39,0.4583333333333333,-0.7071067811865476
4039,31,58,27,0.5344827586206896,0.5252257314388902
4042,32,53,21,0.6037735849056604,1.5109662034355793
4043,51,102,51,0.5,0.0
4044,31,73,42,0.4246575342465753,-1.2874526191574363
4045,34,79,45,0.43037974683544306,-1.2375966910186262
4046,30,54,24,0.5555555555555556,0.816496580927726
4047,60,120,60,0.5,0.0
4048,79,161,82,0.4906832298136646,-0.23643312187173018
4049,78,166,88,0.46987951807228917,-0.7761505257063328
4050,63,138,75,0.45652173913043476,-1.0215078369104984
4051,68,144,76,0.4722222222222222,-0.6666666666666666
4052,51,107,56,0.4766355140186916,-0.4833682445228318
4053,35,90,55,0.3888888888888889,-2.1081851067789197
4054,40,67,27,0.5970149253731343,1.5882027766319677
4056,27,62,35,0.43548387096774194,-1.016001016001524
4057,31,63,32,0.49206349206349204,-0.1259881576697424
4058,52,107,55,0.48598130841121495,-0.29002094671369905
4059,33,80,47,0.4125,-1.5652475842498528
4061,26,53,27,0.49056603773584906,-0.13736056394868904
4062,35,54,19,0.6481481481481481,2.1773242158072694
4081,46,81,35,0.5679012345679012,1.2222222222222223
4089,35,63,28,0.5555555555555556,0.8819171036881969
4090,39,75,36,0.52,0.3464101615137754
4096,29,52,23,0.5576923076923077,0.8320502943378437
4098,34,77,43,0.44155844155844154,-1.0256451881367414
4099,50,94,44,0.5319148936170213,0.618852747755276
4100,38,62,24,0.6129032258064516,1.778001778002667
4190,46,94,48,0.48936170212765956,-0.20628424925175867
4191,68,132,64,0.5151515151515151,0.3481553119113957
4195,42,70,28,0.6,1.6733200530681511
4199,27,53,26,0.5094339622641509,0.13736056394868904
4200,32,61,29,0.5245901639344263,0.3841106397986879
4204,32,60,28,0.5333333333333333,0.5163977794943222
4205,26,53,27,0.49056603773584906,-0.13736056394868904
4224,25,52,27,0.4807692307692308,-0.2773500981126146
4225,39,71,32,0.5492957746478874,0.8307471607356973
4226,43,106,63,0.4056603773584906,-1.9425717247145282
4227,47,89,42,0.5280898876404494,0.52999894000318
4228,46,85,39,0.5411764705882353,0.7592566023652966
4229,85,160,75,0.53125,0.7905694150420948
4230,90,205,115,0.43902439024390244,-1.7460757394239454
4231,84,148,64,0.5675675675675675,1.643989873053573
4232,66,129,63,0.5116279069767442,0.26413527189768715
4233,40,85,45,0.47058823529411764,-0.5423261445466404
4234,47,114,67,0.41228070175438597,-1.873171623163388
4235,49,94,45,0.5212765957446809,0.41256849850351734
4237,20,50,30,0.4,-1.414213562373095
4239,41,77,36,0.5324675324675324,0.5698028822981898
4240,42,89,47,0.47191011235955055,-0.52999894000318
4241,52,92,40,0.5652173913043478,1.2510864843424487
4242,30,56,26,0.5357142857142857,0.5345224838248488
4245,36,78,42,0.46153846153846156,-0.6793662204867574
4263,75,152,77,0.4934210526315789,-0.16222142113076254
4264,70,144,74,0.4861111111111111,-0.3333333333333333
4265,33,58,25,0.5689655172413793,1.0504514628777804
4270,41,59,18,0.6949152542372882,2.994344952558949
4272,32,68,36,0.47058823529411764,-0.48507125007266594
4276,23,51,28,0.45098039215686275,-0.7001400420140048
4280,33,64,31,0.515625,0.25
4281,53,107,54,0.4953271028037383,-0.09667364890456635
4282,48,103,55,0.46601941747572817,-0.6897304947150052
4283,41,81,40,0.5061728395061729,0.1111111111111111
4375,38,72,34,0.5277777777777778,0.47140452079103173
4376,44,97,53,0.4536082474226804,-0.9138115486202573
4380,37,84,47,0.44047619047619047,-1.091089451179962
4381,23,50,27,0.46,-0.565685424949238
4389,55,110,55,0.5,0.0
4390,50,99,49,0.5050505050505051,0.10050378152592121
4397,35,71,36,0.49295774647887325,-0.11867816581938533
4398,34,72,38,0.4722222222222222,-0.47140452079103173
4403,38,65,27,0.5846153846153846,1.3643820804812932
4404,30,57,27,0.5263157894736842,0.39735970711951313
4411,50,91,41,0.5494505494505495,0.9434563530497265
4412,43,91,48,0.4725274725274725,-0.5241424183609592
4413,67,118,51,0.5677966101694916,1.4729193886373175
4414,69,129,60,0.5348837209302325,0.7924058156930615
4415,65,136,71,0.47794117647058826,-0.5144957554275265
4416,94,193,99,0.48704663212435234,-0.35990787537434726
4417,65,128,63,0.5078125,0.17677669529663687
4418,57,95,38,0.6,1.949358868961793
4419,34,64,30,0.53125,0.5
4420,36,82,46,0.43902439024390244,-1.1043152607484654
4421,31,68,37,0.45588235294117646,-0.7276068751089989
4422,24,50,26,0.48,-0.282842712474619
4423,29,62,33,0.46774193548387094,-0.508000508000762
4424,41,92,51,0.44565217391304346,-1.0425720702853738
4425,30,60,30,0.5,0.0
4426,60,97,37,0.6185567010309279,2.335296179807324
4427,40,71,31,0.5633802816901409,1.0681034923744679
4428,54,97,43,0.5567010309278351,1.116880781646981
4429,36,66,30,0.5454545454545454,0.7385489458759964
4430,26,59,33,0.4406779661016949,-0.9113223768657671
4431,36,83,47,0.43373493975903615,-1.2074068598865937
4434,29,67,38,0.43283582089552236,-1.099524999206747
4449,57,106,49,0.5377358490566038,0.7770286898858113
4450,75,151,76,0.4966887417218543,-0.08137884587711594
4451,88,185,97,0.4756756756756757,-0.6616931598844269
4456,50,90,40,0.5555555555555556,1.0540925533894598
4460,25,55,30,0.45454545454545453,-0.674199862463242
4463,20,52,32,0.38461538461538464,-1.6641005886756874
4468,43,75,32,0.5733333333333334,1.2701705922171767
4469,53,101,48,0.5247524752475248,0.4975185951049946
4470,47,88,41,0.5340909090909091,0.6396021490668313
4569,38,64,26,0.59375,1.5
4577,40,72,32,0.5555555555555556,0.9428090415820635
4578,32,75,43,0.4266666666666667,-1.2701705922171767
4579,59,124,65,0.47580645161290325,-0.5388159060803247
4587,40,67,27,0.5970149253731343,1.5882027766319677
4588,33,68,35,0.4852941176470588,-0.24253562503633297
4593,27,63,36,0.42857142857142855,-1.1338934190276817
4596,32,58,26,0.5517241379310345,0.7878385971583353
4601,48,89,41,0.5393258426966292,0.741998516004452
4602,53,117,64,0.452991452991453,-1.0169503597462533
4603,61,114,53,0.5350877192982456,0.7492686492653552
4604,60,135,75,0.4444444444444444,-1.2909944487358056
4605,74,151,77,0.4900662251655629,-0.24413653763134782
4606,75,154,79,0.487012987012987,-0.3223291856101521
4607,36,80,44,0.45,-0.8944271909999159
4608,48,111,63,0.43243243243243246,-1.4237369936287485
4609,35,78,43,0.44871794871794873,-0.9058216273156765
4610,28,66,38,0.42424242424242425,-1.2309149097933272
4611,39,87,48,0.4482758620689655,-0.9649012813540153
4614,20,50,30,0.4,-1.414213562373095
4616,33,71,38,0.4647887323943662,-0.5933908290969266
4617,48,97,49,0.4948453608247423,-0.10153461651336192
4618,63,127,64,0.49606299212598426,-0.08873565094161139
4619,44,87,43,0.5057471264367817,0.10721125348377948
4620,33,64,31,0.515625,0.25
4621,37,72,35,0.5138888888888888,0.23570226039551587
4622,34,65,31,0.5230769230769231,0.3721042037676254
4625,31,54,23,0.5740740740740741,1.0886621079036347
4626,22,52,30,0.4230769230769231,-1.1094003924504583
4640,66,140,74,0.4714285714285714,-0.6761234037828132
4641,103,191,88,0.5392670157068062,1.0853619079386325
4642,77,141,64,0.5460992907801419,1.0947974973864747
4647,29,58,29,0.5,0.0
4648,34,56,22,0.6071428571428571,1.6035674514745464
4660,57,115,58,0.4956521739130435,-0.09325048082403138
4661,30,70,40,0.42857142857142855,-1.1952286093343936
4759,21,51,30,0.4117647058823529,-1.2602520756252087
4760,33,64,31,0.515625,0.25
4770,29,56,27,0.5178571428571429,0.2672612419124244
4771,24,67,43,0.3582089552238806,-2.321219442769799
4772,35,73,38,0.4794520547945205,-0.3511234415883917
4781,28,52,24,0.5384615384615384,0.5547001962252291
4782,36,70,34,0.5142857142857142,0.23904572186687872
4796,50,89,39,0.5617977528089888,1.1659976680069961
4797,56,125,69,0.448,-1.1627553482998907
4798,74,150,76,0.49333333333333335,-0.16329931618554522
4799,59,115,56,0.5130434782608696,0.27975144247209416
4800,55,109,54,0.5045871559633027,0.09578262852211514
4801,52,87,35,0.5977011494252874,1.8225913092242512
4802,31,64,33,0.484375,-0.25
4803,30,74,44,0.40540540540540543,-1.62746694241347
4804,27,55,28,0.4909090909090909,-0.13483997249264842
4805,45,79,34,0.569620253164557,1.2375966910186262
4806,38,75,37,0.5066666666666667,0.11547005383792514
4807,27,60,33,0.45,-0.7745966692414834
4808,31,64,33,0.484375,-0.25
4809,27,59,32,0.4576271186440678,-0.6509445549041194
4811,50,94,44,0.5319148936170213,0.618852747755276
4812,64,112,48,0.5714285714285714,1.5118578920369088
4813,47,82,35,0.573170731707317,1.3251783128981585
4814,16,50,34,0.32,-2.545584412271571
4815,21,57,36,0.3684210526315789,-1.9867985355975657
4816,39,78,39,0.5,0.0
4817,27,51,24,0.5294117647058824,0.42008402520840293
4819,44,81,37,0.5432098765432098,0.7777777777777778
4820,34,68,34,0.5,0.0
4821,40,82,42,0.4878048780487805,-0.22086305214969307
4835,51,114,63,0.4473684210526316,-1.1239029738980328
4836,71,126,55,0.5634920634920635,1.4253932901995967
4854,28,62,34,0.45161290322580644,-0.762000762001143
4855,49,85,36,0.5764705882352941,1.4100479758212652
4856,41,92,51,0.44565217391304346,-1.0425720702853738
4957,45,99,54,0.45454545454545453,-0.9045340337332909
4958,44,102,58,0.43137254901960786,-1.3862065601673441
4963,22,50,28,0.44,-0.848528137423857
4964,36,73,37,0.4931506849315068,-0.11704114719613057
4967,28,53,25,0.5283018867924528,0.4120816918460671
4968,30,72,42,0.4166666666666667,-1.4142135623730951
4969,56,102,46,0.5490196078431373,0.9901475429766744
4970,30,66,36,0.45454545454545453,-0.7385489458759964
4974,28,51,23,0.5490196078431373,0.7001400420140048
4978,27,52,25,0.5192307692307693,0.2773500981126146
4990,33,67,34,0.4925373134328358,-0.12216944435630522
4991,39,70,31,0.5571428571428572,0.9561828874675149
4994,24,51,27,0.47058823529411764,-0.42008402520840293
4996,48,88,40,0.5454545454545454,0.8528028654224417
4997,61,118,57,0.5169491525423728,0.3682298471593294
4998,58,119,61,0.48739495798319327,-0.2750095491084634
4999,55,105,50,0.5238095238095238,0.4879500364742666
5000,44,110,66,0.4,-2.0976176963403033
5001,58,102,44,0.5686274509803921,1.3862065601673441
5003,27,52,25,0.5192307692307693,0.2773500981126146
5004,29,55,26,0.5272727272727272,0.40451991747794525
5005,25,52,27,0.4807692307692308,-0.2773500981126146
5006,33,67,34,0.4925373134328358,-0.12216944435630522
5007,30,54,24,0.5555555555555556,0.816496580927726
5008,16,51,35,0.3137254901960784,-2.6605321596532185
5009,34,72,38,0.4722222222222222,-0.47140452079103173
5010,38,78,40,0.48717948717948717,-0.22645540682891913
5011,33,88,55,0.375,-2.345207879911715
5012,30,51,21,0.5882352941176471,1.2602520756252087
5013,47,82,35,0.573170731707317,1.3251783128981585
5014,35,63,28,0.5555555555555556,0.8819171036881969
5015,41,79,38,0.5189873417721519,0.3375263702778072
5016,40,76,36,0.5263157894736842,0.4588314677411235
5017,38,61,23,0.6229508196721312,1.9205531989934397
5018,60,123,63,0.4878048780487805,-0.2705008904002297
5019,42,76,34,0.5526315789473685,0.917662935482247
5020,52,99,47,0.5252525252525253,0.502518907629606
5021,27,57,30,0.47368421052631576,-0.39735970711951313
5043,30,51,21,0.5882352941176471,1.2602520756252087
5049,37,66,29,0.5606060606060606,0.9847319278346618
5050,29,67,38,0.43283582089552236,-1.099524999206747
5052,28,58,30,0.4827586206896552,-0.2626128657194451
5053,50,88,38,0.5681818181818182,1.2792042981336627
5054,43,101,58,0.42574257425742573,-1.4925557853149838
5055,43,82,39,0.524390243902439,0.44172610429938614
5158,55,106,51,0.5188679245283019,0.38851434494290565
5159,55,111,56,0.4954954954954955,-0.0949157995752499
5161,33,66,33,0.5,0.0
5164,42,89,47,0.47191011235955055,-0.52999894000318
5165,41,81,40,0.5061728395061729,0.1111111111111111
5169,31,64,33,0.484375,-0.25
5171,38,68,30,0.5588235294117647,0.9701425001453319
5172,33,59,26,0.559322033898305,0.9113223768657671
5176,44,95,51,0.4631578947368421,-0.7181848464596079
5177,37,81,44,0.4567901234567901,-0.7777777777777778
5191,35,62,27,0.5645161290322581,1.016001016001524
5192,40,72,32,0.5555555555555556,0.9428090415820635
5193,28,61,33,0.45901639344262296,-0.6401843996644799
5196,28,61,33,0.45901639344262296,-0.6401843996644799
5197,43,96,53,0.4479166666666667,-1.0206207261596576
5198,33,81,48,0.4074074074074074,-1.6666666666666667
5199,41,84,43,0.4880952380952381,-0.2182178902359924
5200,52,100,48,0.52,0.4
5201,43,73,30,0.589041095890411,1.5215349135496974
5202,38,92,54,0.41304347826086957,-1.6681153124565982
5203,32,54,22,0.5925925925925926,1.3608276348795434
5204,26,54,28,0.48148148148148145,-0.2721655269759087
5206,27,55,28,0.4909090909090909,-0.13483997249264842
5207,34,75,41,0.4533333333333333,-0.808290376865476
5208,36,65,29,0.5538461538461539,0.8682431421244593
5210,28,51,23,0.5490196078431373,0.7001400420140048
5211,42,78,36,0.5384615384615384,0.6793662204867574
5212,47,85,38,0.5529411764705883,0.9761870601839528
5213,33,55,22,0.6,1.4832396974191326
5214,26,60,34,0.43333333333333335,-1.0327955589886444
5215,27,58,31,0.46551724137931033,-0.5252257314388902
5216,24,62,38,0.3870967741935484,-1.778001778002667
5218,35,72,37,0.4861111111111111,-0.23570226039551587
5220,29,56,27,0.5178571428571429,0.2672612419124244
5221,44,81,37,0.5432098765432098,0.7777777777777778
5222,40,74,34,0.5405405405405406,0.6974858324629157
5223,39,66,27,0.5909090909090909,1.4770978917519928
5228,26,50,24,0.52,0.282842712474619
5251,32,59,27,0.5423728813559322,0.6509445549041194
5252,43,88,45,0.48863636363636365,-0.21320071635561041
5253,43,88,45,0.48863636363636365,-0.21320071635561041
5254,32,53,21,0.6037735849056604,1.5109662034355793
5255,48,114,66,0.42105263157894735,-1.6858544608470492
5256,43,86,43,0.5,0.0
5257,66,154,88,0.42857142857142855,-1.7728105208558367
5258,69,135,66,0.5111111111111111,0.25819888974716115
5363,35,77,42,0.45454545454545453,-0.7977240352174656
5364,49,120,71,0.4083333333333333,-2.008316044185609
5365,51,87,36,0.5862068965517241,1.6081688022566922
5366,33,71,38,0.4647887323943662,-0.5933908290969266
5369,25,64,39,0.390625,-1.75
5370,28,62,34,0.45161290322580644,-0.762000762001143
5371,30,51,21,0.5882352941176471,1.2602520756252087
5375,27,57,30,0.47368421052631576,-0.39735970711951313
5376,26,54,28,0.48148148148148145,-0.2721655269759087
5377,24,54,30,0.4444444444444444,-0.816496580927726
5381,42,81,39,0.5185185185185185,0.3333333333333333
5382,53,105,52,0.5047619047619047,0.09759000729485333
5397,27,57,30,0.47368421052631576,-0.39735970711951313
5398,49,82,33,0.5975609756097561,1.7669044171975445
5399,43,101,58,0.42574257425742573,-1.4925557853149838
5400,25,52,27,0.4807692307692308,-0.2773500981126146
5401,23,69,46,0.3333333333333333,-2.7688746209726918
5402,34,76,42,0.4473684210526316,-0.917662935482247
5403,46,91,45,0.5054945054945055,0.10482848367219183
5404,33,79,46,0.4177215189873418,-1.462614271203831
5405,24,57,33,0.42105263157894735,-1.1920791213585393
5406,32,62,30,0.5161290322580645,0.254000254000381
5407,37,70,33,0.5285714285714286,0.47809144373375745
5408,61,125,64,0.488,-0.2683281572999747
5409,49,88,39,0.5568181818181818,1.0660035817780522
5410,34,67,33,0.5074626865671642,0.12216944435630522
5413,31,60,29,0.5166666666666667,0.2581988897471611
5414,48,99,51,0.48484848484848486,-0.30151134457776363
5415,25,51,26,0.49019607843137253,-0.14002800840280097
5416,28,56,28,0.5,0.0
5417,57,117,60,0.48717948717948717,-0.2773500981126145
5418,63,117,54,0.5384615384615384,0.8320502943378436
5419,34,80,46,0.425,-1.3416407864998738
5421,32,60,28,0.5333333333333333,0.5163977794943222
5422,32,72,40,0.4444444444444444,-0.9428090415820635
5423,27,53,26,0.5094339622641509,0.13736056394868904
5425,30,56,26,0.5357142857142857,0.5345224838248488
5427,46,66,20,0.696969696969697,3.2003787654626508
5428,35,70,35,0.5,0.0
5429,22,50,28,0.44,-0.848528137423857
5456,31,60,29,0.5166666666666667,0.2581988897471611
5457,30,50,20,0.6,1.414213562373095
5458,59,114,55,0.5175438596491229,0.3746343246326776
5459,41,76,35,0.5394736842105263,0.6882472016116852
5460,29,59,30,0.4915254237288136,-0.13018891098082389
5461,37,62,25,0.5967741935483871,1.524001524002286
5462,48,97,49,0.4948453608247423,-0.10153461651336192
5464,42,86,44,0.4883720930232558,-0.21566554640687682
5465,44,107,63,0.411214953271028,-1.8367993291867606
5466,29,55,26,0.5272727272727272,0.40451991747794525
5572,24,52,28,0.46153846153846156,-0.5547001962252291
5573,43,88,45,0.48863636363636365,-0.21320071635561041
5574,87,181,94,0.48066298342541436,-0.5203059023730164
5575,38,76,38,0.5,0.0
5576,65,129,64,0.5038759689922481,0.08804509063256238
5579,23,56,33,0.4107142857142857,-1.3363062095621219
5586,24,51,27,0.47058823529411764,-0.42008402520840293
5587,51,87,36,0.5862068965517241,1.6081688022566922
5588,42,69,27,0.6086956521739131,1.805787796286538
5595,25,52,27,0.4807692307692308,-0.2773500981126146
5602,26,54,28,0.48148148148148145,-0.2721655269759087
5605,28,51,23,0.5490196078431373,0.7001400420140048
5607,37,71,34,0.5211267605633803,0.35603449745815596
5608,28,54,26,0.5185185185185185,0.2721655269759087
5609,24,63,39,0.38095238095238093,-1.889822365046136
5610,38,63,25,0.6031746031746031,1.6378460497066512
5611,50,118,68,0.423728813559322,-1.6570343122169822
5612,49,107,58,0.45794392523364486,-0.8700628401410971
5613,43,93,50,0.46236559139784944,-0.7258661863112977
5614,29,54,25,0.5370370370370371,0.5443310539518174
5617,36,60,24,0.6,1.5491933384829668
5618,31,57,26,0.543859649122807,0.6622661785325219
5619,48,81,33,0.5925925925925926,1.6666666666666667
5620,25,64,39,0.390625,-1.75
5621,37,73,36,0.5068493150684932,0.11704114719613057
5622,38,89,51,0.42696629213483145,-1.3779972440082682
5623,31,70,39,0.44285714285714284,-0.9561828874675149
5624,39,76,37,0.5131578947368421,0.22941573387056174
5626,44,81,37,0.5432098765432098,0.7777777777777778
5627,40,78,38,0.5128205128205128,0.22645540682891913
5628,55,94,39,0.5851063829787234,1.6502739940140694
5629,29,52,23,0.5576923076923077,0.8320502943378437
5630,30,56,26,0.5357142857142857,0.5345224838248488
5631,39,62,23,0.6290322580645161,2.032002032003048
5632,37,77,40,0.4805194805194805,-0.3418817293789138
5633,34,77,43,0.44155844155844154,-1.0256451881367414
5634,27,62,35,0.43548387096774194,-1.016001016001524
5635,33,66,33,0.5,0.0
5636,32,63,31,0.5079365079365079,0.1259881576697424
5637,26,56,30,0.4642857142857143,-0.5345224838248488
5638,38,59,21,0.6440677966101694,2.213211486674006
5641,27,53,26,0.5094339622641509,0.13736056394868904
5647,30,52,22,0.5769230769230769,1.1094003924504583
5668,27,54,27,0.5,0.0
5670,56,108,52,0.5185185185185185,0.3849001794597505
5671,37,75,38,0.49333333333333335,-0.11547005383792514
5672,39,78,39,0.5,0.0
5673,76,138,62,0.5507246376811594,1.191759143062248
5674,33,58,25,0.5689655172413793,1.0504514628777804
5675,54,103,49,0.5242718446601942,0.4926646390821466
5676,66,112,46,0.5892857142857143,1.889822365046136
5677,46,93,47,0.4946236559139785,-0.10369516947304253
5786,27,65,38,0.4153846153846154,-1.3643820804812932
5787,30,51,21,0.5882352941176471,1.2602520756252087
5788,55,112,57,0.49107142857142855,-0.1889822365046136
5789,40,81,41,0.49382716049382713,-0.1111111111111111
5790,21,57,36,0.3684210526315789,-1.9867985355975657
5800,37,72,35,0.5138888888888888,0.23570226039551587
5801,35,82,47,0.4268292682926829,-1.3251783128981585
5804,36,79,43,0.45569620253164556,-0.7875615306482168
5809,21,52,31,0.40384615384615385,-1.386750490563073
5816,38,70,32,0.5428571428571428,0.7171371656006361
5818,35,85,50,0.4117647058823529,-1.6269784336399213
5819,45,82,37,0.5487804878048781,0.8834522085987723
5821,29,62,33,0.46774193548387094,-0.508000508000762
5822,51,98,47,0.5204081632653061,0.40406101782088427
5823,30,75,45,0.4,-1.7320508075688772
5824,30,51,21,0.5882352941176471,1.2602520756252087
5825,41,95,54,0.43157894736842106,-1.3337718577107005
5826,48,86,38,0.5581395348837209,1.078327732034384
5827,39,91,52,0.42857142857142855,-1.3627702877384937
5828,30,55,25,0.5454545454545454,0.674199862463242
5832,33,57,24,0.5789473684210527,1.1920791213585393
5833,27,60,33,0.45,-0.7745966692414834
5834,46,83,37,0.5542168674698795,0.9878783399072131
5835,47,81,34,0.5802469135802469,1.4444444444444444
5836,37,69,32,0.5362318840579711,0.601929265428846
5838,36,70,34,0.5142857142857142,0.23904572186687872
5839,33,63,30,0.5238095238095238,0.3779644730092272
5840,33,75,42,0.44,-1.0392304845413263
5841,35,64,29,0.546875,0.75
5842,66,116,50,0.5689655172413793,1.4855627054164149
5843,34,53,19,0.6415094339622641,2.0604084592303353
5844,44,83,39,0.5301204819277109,0.5488212999484517
5845,39,78,39,0.5,0.0
5846,41,69,28,0.5942028985507246,1.5650160901149996
5847,35,66,31,0.5303030303030303,0.4923659639173309
5848,26,57,31,0.45614035087719296,-0.6622661785325219
5849,38,80,42,0.475,-0.4472135954999579
5850,25,51,26,0.49019607843137253,-0.14002800840280097
5852,39,76,37,0.5131578947368421,0.22941573387056174
5854,23,53,30,0.4339622641509434,-0.9615239476408232
5855,28,55,27,0.509090909090909,0.13483997249264842
5858,27,53,26,0.5094339622641509,0.13736056394868904
5885,35,79,44,0.4430379746835443,-1.0125791108334214
5886,38,66,28,0.5757575757575758,1.2309149097933272
5887,53,91,38,0.5824175824175825,1.5724272550828775
5888,56,111,55,0.5045045045045045,0.0949157995752499
5889,45,78,33,0.5769230769230769,1.3587324409735149
5890,30,76,46,0.39473684210526316,-1.835325870964494
5891,51,115,64,0.4434782608695652,-1.212256250712408
5892,44,94,50,0.46808510638297873,-0.618852747755276
6003,30,70,40,0.42857142857142855,-1.1952286093343936
6005,27,61,34,0.4426229508196721,-0.8962581595302719
6006,25,54,29,0.46296296296296297,-0.5443310539518174
6007,28,55,27,0.509090909090909,0.13483997249264842
6008,30,68,38,0.4411764705882353,-0.9701425001453319
6017,23,63,40,0.36507936507936506,-2.141798680385621
6018,32,92,60,0.34782608695652173,-2.919201796799047
6023,22,51,29,0.43137254901960786,-0.9801960588196068
6026,38,69,31,0.5507246376811594,0.8427009716003844
6027,34,69,35,0.4927536231884058,-0.1203858530857692
6034,30,61,31,0.4918032786885246,-0.12803687993289598
6035,42,100,58,0.42,-1.6
6036,38,92,54,0.41304347826086957,-1.6681153124565982
6037,48,95,47,0.5052631578947369,0.10259783520851541
6038,34,70,36,0.4857142857142857,-0.23904572186687872
6039,35,69,34,0.5072463768115942,0.1203858530857692
6040,64,120,56,0.5333333333333333,0.7302967433402214
6041,46,89,43,0.5168539325842697,0.31799936400190804
6044,24,56,32,0.42857142857142855,-1.0690449676496976
6045,33,56,23,0.5892857142857143,1.3363062095621219
6050,32,61,29,0.5245901639344263,0.3841106397986879
6051,23,54,31,0.42592592592592593,-1.0886621079036347
6052,59,112,53,0.5267857142857143,0.5669467095138409
6053,77,153,76,0.5032679738562091,0.08084520834544433
6054,29,51,22,0.5686274509803921,0.9801960588196068
6058,34,77,43,0.44155844155844154,-1.0256451881367414
6061,28,57,29,0.49122807017543857,-0.13245323570650439
6062,42,77,35,0.5454545454545454,0.7977240352174656
6063,36,67,31,0.5373134328358209,0.6108472217815261
6064,36,71,35,0.5070422535211268,0.11867816581938533
6065,33,61,28,0.5409836065573771,0.6401843996644799
6066,21,52,31,0.40384615384615385,-1.386750490563073
6067,30,56,26,0.5357142857142857,0.5345224838248488
6068,32,76,44,0.42105263157894735,-1.3764944032233704
6072,32,61,29,0.5245901639344263,0.3841106397986879
6073,23,51,28,0.45098039215686275,-0.7001400420140048
6077,20,67,47,0.29850746268656714,-3.298574997620241
6078,32,69,37,0.463768115942029,-0.601929265428846
6080,23,50,27,0.46,-0.565685424949238
6102,31,58,27,0.5344827586206896,0.5252257314388902
6103,39,74,35,0.527027027027027,0.46499055497527714
6104,47,84,37,0.5595238095238095,1.091089451179962
6105,74,137,63,0.5401459854014599,0.939793423488437
6106,37,86,49,0.43023255813953487,-1.2939932784412609
6107,53,98,45,0.5408163265306123,0.8081220356417685
6108,54,115,61,0.46956521739130436,-0.6527533657682196
6111,29,55,26,0.5272727272727272,0.40451991747794525
6224,27,64,37,0.421875,-1.25
6225,36,74,38,0.4864864864864865,-0.23249527748763857
6227,30,57,27,0.5263157894736842,0.39735970711951313
6228,34,74,40,0.4594594594594595,-0.6974858324629157
6229,28,59,31,0.4745762711864407,-0.39056673294247163
6242,28,52,24,0.5384615384615384,0.5547001962252291
6244,28,60,32,0.4666666666666667,-0.5163977794943222
6248,29,53,24,0.5471698113207547,0.6868028197434451
6253,34,59,25,0.576271186440678,1.171700198827415
6256,57,94,37,0.6063829787234043,2.0628424925175866
6257,97,191,94,0.5078534031413613,0.2170723815877265
6258,43,81,38,0.5308641975308642,0.5555555555555556
6259,46,85,39,0.5411764705882353,0.7592566023652966
6261,47,89,42,0.5280898876404494,0.52999894000318
6262,27,56,29,0.48214285714285715,-0.2672612419124244
6263,43,95,52,0.45263157894736844,-0.9233805168766388
6266,23,56,33,0.4107142857142857,-1.3363062095621219
6267,35,58,23,0.603448275862069,1.5756771943166705
6273,28,71,43,0.39436619718309857,-1.7801724872907798
6274,38,81,43,0.4691358024691358,-0.5555555555555556
6275,28,65,37,0.4307692307692308,-1.116312611302876
6281,32,73,41,0.4383561643835616,-1.0533703247651751
6282,37,62,25,0.5967741935483871,1.524001524002286
6284,47,82,35,0.573170731707317,1.3251783128981585
6285,35,82,47,0.4268292682926829,-1.3251783128981585
6286,43,92,49,0.4673913043478261,-0.6255432421712244
6287,57,94,37,0.6063829787234043,2.0628424925175866
6288,61,109,48,0.5596330275229358,1.2451741707874968
6289,36,74,38,0.4864864864864865,-0.23249527748763857
6290,41,100,59,0.41,-1.8
6291,64,107,43,0.5981308411214953,2.030146626995893
6292,34,74,40,0.4594594594594595,-0.6974858324629157
6294,55,106,51,0.5188679245283019,0.38851434494290565
6295,27,55,28,0.4909090909090909,-0.13483997249264842
6296,31,56,25,0.5535714285714286,0.8017837257372732
6297,34,58,24,0.5862068965517241,1.3130643285972254
6298,31,55,24,0.5636363636363636,0.9438798074485389
6299,46,89,43,0.5168539325842697,0.31799936400190804
6300,39,87,48,0.4482758620689655,-0.9649012813540153
6318,32,53,21,0.6037735849056604,1.5109662034355793
6326,30,50,20,0.6,1.414213562373095
6327,52,96,44,0.5416666666666666,0.8164965809277261
6328,55,100,45,0.55,1.0
6330,41,87,46,0.47126436781609193,-0.5360562674188973
6331,45,93,48,0.4838709677419355,-0.3110855084191276
6332,37,70,33,0.5285714285714286,0.47809144373375745
6449,38,69,31,0.5507246376811594,0.8427009716003844
6450,29,60,31,0.48333333333333334,-0.2581988897471611
6454,38,71,33,0.5352112676056338,0.5933908290969266
6465,27,59,32,0.4576271186440678,-0.6509445549041194
6466,37,67,30,0.5522388059701493,0.8551861104941365
6467,51,101,50,0.504950495049505,0.09950371902099892
6482,56,97,41,0.5773195876288659,1.5230192477004287
6483,81,162,81,0.5,0.0
6484,55,102,47,0.5392156862745098,0.7921180343813395
6486,29,53,24,0.5471698113207547,0.6868028197434451
6487,45,88,43,0.5113636363636364,0.21320071635561041
6488,47,94,47,0.5,0.0
6489,33,77,44,0.42857142857142855,-1.2535663410560174
6490,30,52,22,0.5769230769230769,1.1094003924504583
6499,34,61,27,0.5573770491803278,0.8962581595302719
6500,33,64,31,0.515625,0.25
6507,30,62,32,0.4838709677419355,-0.254000254000381
6508,32,57,25,0.5614035087719298,0.9271726499455306
6510,38,86,48,0.4418604651162791,-1.078327732034384
6511,50,102,52,0.49019607843137253,-0.19802950859533489
6512,34,75,41,0.4533333333333333,-0.808290376865476
6513,28,62,34,0.45161290322580644,-0.762000762001143
6514,54,98,44,0.5510204081632653,1.0101525445522108
6515,36,74,38,0.4864864864864865,-0.23249527748763857
6516,36,59,23,0.6101694915254238,1.6924558427507104
6517,37,71,34,0.5211267605633803,0.35603449745815596
6518,43,89,46,0.48314606741573035,-0.31799936400190804
6519,43,80,37,0.5375,0.6708203932499369
6520,52,99,47,0.5252525252525253,0.502518907629606
6521,32,61,29,0.5245901639344263,0.3841106397986879
6522,34,74,40,0.4594594594594595,-0.6974858324629157
6523,53,95,42,0.5578947368421052,1.1285761872936695
6524,45,88,43,0.5113636363636364,0.21320071635561041
6525,43,80,37,0.5375,0.6708203932499369
6526,42,85,43,0.49411764705882355,-0.10846522890932808
6527,28,60,32,0.4666666666666667,-0.5163977794943222
6529,28,55,27,0.509090909090909,0.13483997249264842
6554,48,80,32,0.6,1.7888543819998317
6555,50,98,48,0.5102040816326531,0.20203050891044214
6556,29,67,38,0.43283582089552236,-1.099524999206747
6557,43,78,35,0.5512820512820513,0.9058216273156765
6558,41,73,32,0.5616438356164384,1.0533703247651751
6559,49,87,38,0.5632183908045977,1.1793237883215741
6678,54,96,42,0.5625,1.2247448713915892
6679,45,90,45,0.5,0.0
6681,25,50,25,0.5,0.0
6684,29,55,26,0.5272727272727272,0.40451991747794525
6686,24,56,32,0.42857142857142855,-1.0690449676496976
6695,28,52,24,0.5384615384615384,0.5547001962252291
6712,32,58,26,0.5517241379310345,0.7878385971583353
6713,50,103,53,0.4854368932038835,-0.29559878344928797
6717,31,55,24,0.5636363636363636,0.9438798074485389
6742,36,67,31,0.5373134328358209,0.6108472217815261
6743,30,56,26,0.5357142857142857,0.5345224838248488
6744,40,83,43,0.4819277108433735,-0.329292779969071
6745,30,68,38,0.4411764705882353,-0.9701425001453319
6746,47,99,52,0.47474747474747475,-0.502518907629606
6747,37,77,40,0.4805194805194805,-0.3418817293789138
6748,47,78,31,0.6025641025641025,1.811643254631353
6749,34,67,33,0.5074626865671642,0.12216944435630522
6750,39,68,29,0.5735294117647058,1.212678125181665
6751,42,88,46,0.4772727272727273,-0.42640143271122083
6752,48,115,67,0.41739130434782606,-1.7717591356565963
6753,38,93,55,0.40860215053763443,-1.762817881041723
6754,46,97,51,0.4742268041237113,-0.5076730825668095
6755,45,94,49,0.4787234042553192,-0.41256849850351734
6765,21,50,29,0.42,-1.131370849898476
6785,24,60,36,0.4,-1.5491933384829668
6786,45,82,37,0.5487804878048781,0.8834522085987723
6787,41,71,30,0.5774647887323944,1.3054598240132387
6788,30,59,29,0.5084745762711864,0.13018891098082389
6789,37,69,32,0.5362318840579711,0.601929265428846
6790,28,57,29,0.49122807017543857,-0.13245323570650439
6911,33,68,35,0.4852941176470588,-0.24253562503633297
6912,45,88,43,0.5113636363636364,0.21320071635561041
6913,36,63,27,0.5714285714285714,1.1338934190276817
6915,37,67,30,0.5522388059701493,0.8551861104941365
6916,30,64,34,0.46875,-0.5
6919,52,104,52,0.5,0.0
6920,39,83,44,0.46987951807228917,-0.5488212999484517
6929,36,57,21,0.631578947368421,1.9867985355975657
6946,24,61,37,0.39344262295081966,-1.6644794391276478
6951,26,63,37,0.4126984126984127,-1.3858697343671664
6973,21,52,31,0.40384615384615385,-1.386750490563073
6976,41,80,39,0.5125,0.22360679774997896
6977,35,72,37,0.4861111111111111,-0.23570226039551587
6979,33,77,44,0.42857142857142855,-1.2535663410560174
6980,44,88,44,0.5,0.0
6981,46,92,46,0.5,0.0
6982,37,74,37,0.5,0.0
6983,39,75,36,0.52,0.3464101615137754
6984,50,98,48,0.5102040816326531,0.20203050891044214
6985,33,89,56,0.3707865168539326,-2.4379951240146283
6986,38,70,32,0.5428571428571428,0.7171371656006361
6987,60,102,42,0.5882352941176471,1.7822655773580138
6988,44,100,56,0.44,-1.2
6989,43,97,54,0.44329896907216493,-1.116880781646981
7021,39,86,47,0.45348837209302323,-0.8626621856275073
7022,26,53,27,0.49056603773584906,-0.13736056394868904
7150,47,97,50,0.4845360824742268,-0.30460384954008574
7151,37,61,24,0.6065573770491803,1.6644794391276478
7152,33,63,30,0.5238095238095238,0.3779644730092272
7153,47,111,64,0.42342342342342343,-1.6135685927792485
7154,27,61,34,0.4426229508196721,-0.8962581595302719
7156,59,103,44,0.5728155339805825,1.4779939172464398
7157,78,144,66,0.5416666666666666,1.0
7158,58,134,76,0.43283582089552236,-1.5549631660464482
7165,51,83,32,0.6144578313253012,2.0855209398041166
7166,28,67,39,0.417910447761194,-1.3438638879193574
7167,22,52,30,0.4230769230769231,-1.1094003924504583
7169,29,52,23,0.5576923076923077,0.8320502943378437
7188,28,51,23,0.5490196078431373,0.7001400420140048
7214,19,59,40,0.3220338983050847,-2.7339671305973012
7215,31,60,29,0.5166666666666667,0.2581988897471611
7216,33,65,32,0.5076923076923077,0.12403473458920847
7217,34,60,26,0.5666666666666667,1.0327955589886444
7218,40,72,32,0.5555555555555556,0.9428090415820635
7219,50,113,63,0.4424778761061947,-1.2229371288986763
7220,41,72,31,0.5694444444444444,1.1785113019775793
7221,37,72,35,0.5138888888888888,0.23570226039551587
7222,33,59,26,0.559322033898305,0.9113223768657671
7223,46,98,52,0.46938775510204084,-0.6060915267313265
7224,45,105,60,0.42857142857142855,-1.4638501094227998
7225,42,82,40,0.5121951219512195,0.22086305214969307
7226,29,81,52,0.35802469135802467,-2.5555555555555554
7227,38,62,24,0.6129032258064516,1.778001778002667
7228,28,63,35,0.4444444444444444,-0.8819171036881969
7230,30,58,28,0.5172413793103449,0.2626128657194451
7236,36,69,33,0.5217391304347826,0.3611575592573076
7237,28,70,42,0.4,-1.6733200530681511
7240,64,130,66,0.49230769230769234,-0.17541160386140586
7243,26,53,27,0.49056603773584906,-0.13736056394868904
7258,38,59,21,0.6440677966101694,2.213211486674006
7259,25,55,30,0.45454545454545453,-0.674199862463242
7260,42,84,42,0.5,0.0
7390,30,56,26,0.5357142857142857,0.5345224838248488
7391,44,98,54,0.4489795918367347,-1.0101525445522108
7392,38,84,46,0.4523809523809524,-0.8728715609439696
7393,48,94,46,0.5106382978723404,0.20628424925175867
7394,61,150,89,0.4066666666666667,-2.2861904265976327
7395,67,116,49,0.5775862068965517,1.671258043593467
7398,75,156,81,0.4807692307692308,-0.48038446141526137
7399,50,107,57,0.4672897196261682,-0.6767155423319645
7400,51,110,59,0.4636363636363636,-0.7627700713964739
7406,17,50,33,0.34,-2.262741699796952
7407,34,74,40,0.4594594594594595,-0.6974858324629157
7408,33,65,32,0.5076923076923077,0.12403473458920847
7410,25,58,33,0.43103448275862066,-1.0504514628777804
7411,27,51,24,0.5294117647058824,0.42008402520840293
7422,29,53,24,0.5471698113207547,0.6868028197434451
7423,26,65,39,0.4,-1.61245154965971
7430,22,52,30,0.4230769230769231,-1.1094003924504583
7431,31,62,31,0.5,0.0
7432,29,59,30,0.4915254237288136,-0.13018891098082389
7457,33,62,29,0.532258064516129,0.508000508000762
7458,45,86,41,0.5232558139534884,0.43133109281375365
7460,50,86,36,0.5813953488372093,1.5096588248481377
7461,38,74,36,0.5135135135135135,0.23249527748763857
7462,41,80,39,0.5125,0.22360679774997896
7463,23,53,30,0.4339622641509434,-0.9615239476408232
7464,51,89,38,0.5730337078651685,1.3779972440082682
7465,36,70,34,0.5142857142857142,0.23904572186687872
7466,48,77,29,0.6233766233766234,2.1652509527331207
7467,24,64,40,0.375,-2.0
7469,29,60,31,0.48333333333333334,-0.2581988897471611
7470,33,70,37,0.4714285714285714,-0.47809144373375745
7479,46,91,45,0.5054945054945055,0.10482848367219183
7480,39,73,34,0.5342465753424658,0.5852057359806528
7482,66,136,70,0.4852941176470588,-0.34299717028501764
7483,46,100,54,0.46,-0.8
7484,67,128,61,0.5234375,0.5303300858899106
7485,53,113,60,0.4690265486725664,-0.658504607868518
7486,69,127,58,0.5433070866141733,0.9760921603577252
7487,66,143,77,0.46153846153846156,-0.9198662110077999
7497,25,64,39,0.390625,-1.75
7501,26,51,25,0.5098039215686274,0.14002800840280097
7502,31,54,23,0.5740740740740741,1.0886621079036347
7503,25,51,26,0.49019607843137253,-0.14002800840280097
7504,38,76,38,0.5,0.0
7505,38,63,25,0.6031746031746031,1.6378460497066512
7636,46,84,38,0.5476190476190477,0.8728715609439696
7637,62,110,48,0.5636363636363636,1.3348476249438292
7638,53,102,49,0.5196078431372549,0.39605901719066977
7639,81,159,78,0.5094339622641509,0.23791547571544325
7640,47,108,61,0.4351851851851852,-1.3471506281091268
7641,62,120,58,0.5166666666666667,0.3651483716701107
7644,40,85,45,0.47058823529411764,-0.5423261445466404
7645,48,101,53,0.4752475247524752,-0.4975185951049946
7654,30,62,32,0.4838709677419355,-0.254000254000381
7655,37,64,27,0.578125,1.25
7656,32,64,32,0.5,0.0
7664,24,54,30,0.4444444444444444,-0.816496580927726
7665,32,50,18,0.64,1.979898987322333
7669,34,59,25,0.576271186440678,1.171700198827415
7670,24,53,29,0.4528301886792453,-0.6868028197434451
7677,31,65,34,0.47692307692307695,-0.3721042037676254
7678,34,60,26,0.5666666666666667,1.0327955589886444
7707,41,100,59,0.41,-1.8
7708,43,95,52,0.45263157894736844,-0.9233805168766388
7709,60,127,67,0.47244094488188976,-0.6211495565912797
7710,36,76,40,0.47368421052631576,-0.4588314677411235
7711,32,79,47,0.4050632911392405,-1.6876318513890358
7712,45,75,30,0.6,1.7320508075688772
7713,58,105,47,0.5523809523809524,1.0734900802433864
7714,49,91,42,0.5384615384615384,0.7337993857053429
7715,28,73,45,0.3835616438356164,-1.9896995023342199
7716,34,63,29,0.5396825396825397,0.629940788348712
7718,26,63,37,0.4126984126984127,-1.3858697343671664
7719,35,77,42,0.45454545454545453,-0.7977240352174656
7725,46,91,45,0.5054945054945055,0.10482848367219183
7726,30,60,30,0.5,0.0
7727,34,86,52,0.3953488372093023,-1.9409899176618914
7729,75,167,92,0.4491017964071856,-1.3154994953080326
7730,51,126,75,0.40476190476190477,-2.138089935299395
7731,46,91,45,0.5054945054945055,0.10482848367219183
7732,65,116,51,0.5603448275862069,1.299867367239363
7733,65,145,80,0.4482758620689655,-1.2456821978060995
7734,55,116,61,0.47413793103448276,-0.5570860145311556
7744,32,71,39,0.4507042253521127,-0.8307471607356973
7745,30,64,34,0.46875,-0.5
7749,32,58,26,0.5517241379310345,0.7878385971583353
7750,31,63,32,0.49206349206349204,-0.1259881576697424
7752,48,97,49,0.4948453608247423,-0.10153461651336192
7753,34,75,41,0.4533333333333333,-0.808290376865476
7754,40,69,29,0.5797101449275363,1.3242443839434612
7886,49,92,43,0.532608695652174,0.6255432421712244
7887,53,113,60,0.4690265486725664,-0.658504607868518
7888,68,141,73,0.48226950354609927,-0.42107596053325946
7889,62,114,52,0.543859649122807,0.936585811581694
7890,53,94,41,0.5638297872340425,1.237705495510552
7891,43,85,42,0.5058823529411764,0.10846522890932808
7894,36,81,45,0.4444444444444444,-1.0
7905,42,79,37,0.5316455696202531,0.562543950463012
7914,50,92,42,0.5434782608695652,0.8340576562282991
7915,25,55,30,0.45454545454545453,-0.674199862463242
7918,25,56,31,0.44642857142857145,-0.8017837257372732
7920,35,62,27,0.5645161290322581,1.016001016001524
7927,31,57,26,0.543859649122807,0.6622661785325219
7928,42,62,20,0.6774193548387096,2.794002794004191
7957,22,57,35,0.38596491228070173,-1.721892064184557
7958,51,90,39,0.5666666666666667,1.2649110640673518
7959,51,104,53,0.49038461538461536,-0.19611613513818404
7960,40,81,41,0.49382716049382713,-0.1111111111111111
7961,33,72,39,0.4583333333333333,-0.7071067811865476
7962,49,111,62,0.44144144144144143,-1.2339053944782488
7963,43,84,41,0.5119047619047619,0.2182178902359924
7964,46,103,57,0.44660194174757284,-1.0838622059807226
7965,36,78,42,0.46153846153846156,-0.6793662204867574
7966,50,84,34,0.5952380952380952,1.7457431218879391
7967,41,84,43,0.4880952380952381,-0.2182178902359924
7968,33,70,37,0.4714285714285714,-0.47809144373375745
7969,37,75,38,0.49333333333333335,-0.11547005383792514
7970,26,57,31,0.45614035087719296,-0.6622661785325219
7972,33,62,29,0.532258064516129,0.508000508000762
7973,29,53,24,0.5471698113207547,0.6868028197434451
7976,56,105,49,0.5333333333333333,0.6831300510639733
7977,66,123,57,0.5365853658536586,0.811502671200689
7978,40,70,30,0.5714285714285714,1.1952286093343936
7980,51,119,68,0.42857142857142855,-1.5583874449479593
7981,95,184,89,0.5163043478260869,0.4423258684646914
7982,25,51,26,0.49019607843137253,-0.14002800840280097
7983,67,168,101,0.39880952380952384,-2.6231569493555624
7984,60,135,75,0.4444444444444444,-1.2909944487358056
7994,28,54,26,0.5185185185185185,0.2721655269759087
7995,31,78,47,0.3974358974358974,-1.811643254631353
7996,39,79,40,0.4936708860759494,-0.1125087900926024
7997,31,53,22,0.5849056603773585,1.2362450755382013
7999,37,70,33,0.5285714285714286,0.47809144373375745
8000,34,67,33,0.5074626865671642,0.12216944435630522
8001,35,85,50,0.4117647058823529,-1.6269784336399213
8002,40,67,27,0.5970149253731343,1.5882027766319677
8003,32,68,36,0.47058823529411764,-0.48507125007266594
8004,56,93,37,0.6021505376344086,1.970208219987808
8005,34,68,34,0.5,0.0
8139,41,66,25,0.6212121212121212,1.9694638556693236
8140,45,102,57,0.4411764705882353,-1.1881770515720091
8141,51,84,33,0.6071428571428571,1.9639610121239315
8142,63,128,65,0.4921875,-0.17677669529663687
8143,59,120,61,0.49166666666666664,-0.18257418583505536
8144,54,111,57,0.4864864864864865,-0.2847473987257497
8145,38,77,39,0.4935064935064935,-0.11396057645963795
8159,29,62,33,0.46774193548387094,-0.508000508000762
8162,38,68,30,0.5588235294117647,0.9701425001453319
8163,28,50,22,0.56,0.848528137423857
8167,39,72,33,0.5416666666666666,0.7071067811865476
8168,27,58,31,0.46551724137931033,-0.5252257314388902
8174,34,73,39,0.4657534246575342,-0.5852057359806528
8180,29,68,39,0.4264705882352941,-1.212678125181665
8181,44,81,37,0.5432098765432098,0.7777777777777778
8182,46,100,54,0.46,-0.8
8205,26,63,37,0.4126984126984127,-1.3858697343671664
8213,60,101,41,0.594059405940594,1.8905706613989794
8214,62,122,60,0.5081967213114754,0.18107149208503706
8215,53,112,59,0.4732142857142857,-0.5669467095138409
8216,71,142,71,0.5,0.0
8217,56,114,58,0.49122807017543857,-0.1873171623163388
8218,56,100,44,0.56,1.2
8219,50,81,31,0.6172839506172839,2.111111111111111
8220,49,102,53,0.4803921568627451,-0.39605901719066977
8221,57,117,60,0.48717948717948717,-0.2773500981126145
8222,40,73,33,0.547945205479452,0.819288030372914
8223,42,79,37,0.5316455696202531,0.562543950463012
8224,55,91,36,0.6043956043956044,1.9917411897716448
8226,22,51,29,0.43137254901960786,-0.9801960588196068
8227,36,75,39,0.48,-0.3464101615137754
8228,55,105,50,0.5238095238095238,0.4879500364742666
8231,63,121,58,0.5206611570247934,0.45454545454545453
8232,47,83,36,0.5662650602409639,1.2074068598865937
8235,26,50,24,0.52,0.282842712474619
8238,27,57,30,0.47368421052631576,-0.39735970711951313
8241,28,53,25,0.5283018867924528,0.4120816918460671
8244,33,56,23,0.5892857142857143,1.3363062095621219
8246,33,69,36,0.4782608695652174,-0.3611575592573076
8249,30,80,50,0.375,-2.23606797749979
8250,65,110,45,0.5909090909090909,1.9069251784911847
8251,56,102,46,0.5490196078431373,0.9901475429766744
8252,30,53,23,0.5660377358490566,0.9615239476408232
8253,29,67,38,0.43283582089552236,-1.099524999206747
8255,46,88,42,0.5227272727272727,0.42640143271122083
8256,40,69,29,0.5797101449275363,1.3242443839434612
8257,38,72,34,0.5277777777777778,0.47140452079103173
8258,57,131,74,0.4351145038167939,-1.4852968963237645
8259,42,78,36,0.5384615384615384,0.6793662204867574
8396,26,56,30,0.4642857142857143,-0.5345224838248488
8397,84,160,76,0.525,0.6324555320336759
8398,88,168,80,0.5238095238095238,0.6172133998483676
8399,77,134,57,0.5746268656716418,1.7277368511627202
8400,43,106,63,0.4056603773584906,-1.9425717247145282
8401,45,82,37,0.5487804878048781,0.8834522085987723
8402,35,74,39,0.47297297297297297,-0.46499055497527714
8415,32,60,28,0.5333333333333333,0.5163977794943222
8418,31,61,30,0.5081967213114754,0.12803687993289598
8419,51,94,43,0.5425531914893617,0.8251369970070347
8420,32,60,28,0.5333333333333333,0.5163977794943222
8423,31,56,25,0.5535714285714286,0.8017837257372732
8424,34,66,32,0.5151515151515151,0.24618298195866545
8431,29,60,31,0.48333333333333334,-0.2581988897471611
8433,26,52,26,0.5,0.0
8434,41,70,29,0.5857142857142857,1.4342743312012722
8436,32,65,33,0.49230769230769234,-0.12403473458920847
8437,44,96,52,0.4583333333333333,-0.8164965809277261
8438,32,69,37,0.463768115942029,-0.601929265428846
8453,27,58,31,0.46551724137931033,-0.5252257314388902
8461,26,50,24,0.52,0.282842712474619
8462,24,57,33,0.42105263157894735,-1.1920791213585393
8469,35,75,40,0.4666666666666667,-0.5773502691896257
8470,47,100,53,0.47,-0.6
8471,49,105,56,0.4666666666666667,-0.6831300510639733
8472,77,133,56,0.5789473684210527,1.8209309360006518
8473,72,142,70,0.5070422535211268,0.16783627165933782
8474,66,131,65,0.5038167938931297,0.0873704056661038
8475,48,100,52,0.48,-0.4
8476,39,75,36,0.52,0.3464101615137754
8477,51,95,44,0.5368421052631579,0.7181848464596079
8478,48,83,35,0.5783132530120482,1.4269353798659745
8479,38,86,48,0.4418604651162791,-1.078327732034384
8480,40,89,49,0.449438202247191,-0.953998092005724
8481,33,79,46,0.4177215189873418,-1.462614271203831
8482,23,56,33,0.4107142857142857,-1.3363062095621219
8483,26,53,27,0.49056603773584906,-0.13736056394868904
8484,39,78,39,0.5,0.0
8485,40,78,38,0.5128205128205128,0.22645540682891913
8487,40,64,24,0.625,2.0
8488,29,73,44,0.3972602739726027,-1.7556172079419585
8489,34,56,22,0.6071428571428571,1.6035674514745464
8497,28,60,32,0.4666666666666667,-0.5163977794943222
8503,26,56,30,0.4642857142857143,-0.5345224838248488
8504,43,78,35,0.5512820512820513,0.9058216273156765
8506,44,95,51,0.4631578947368421,-0.7181848464596079
8507,72,135,63,0.5333333333333333,0.7745966692414834
8508,36,70,34,0.5142857142857142,0.23904572186687872
8509,37,90,53,0.4111111111111111,-1.6865480854231356
8510,43,82,39,0.524390243902439,0.44172610429938614
8512,32,62,30,0.5161290322580645,0.254000254000381
8513,29,60,31,0.48333333333333334,-0.2581988897471611
8514,34,72,38,0.4722222222222222,-0.47140452079103173
8515,44,98,54,0.4489795918367347,-1.0101525445522108
8652,38,102,64,0.37254901960784315,-2.5743836117393535
8653,67,137,70,0.48905109489051096,-0.25630729731502827
8654,74,163,89,0.4539877300613497,-1.1748906749819361
8655,52,95,43,0.5473684210526316,0.9233805168766388
8656,46,92,46,0.5,0.0
8657,43,86,43,0.5,0.0
8671,20,56,36,0.35714285714285715,-2.138089935299395
8673,21,53,32,0.39622641509433965,-1.5109662034355793
8674,54,96,42,0.5625,1.2247448713915892
8675,44,78,34,0.5641025641025641,1.1322770341445956
8679,26,54,28,0.48148148148148145,-0.2721655269759087
8680,27,54,27,0.5,0.0
8685,30,68,38,0.4411764705882353,-0.9701425001453319
8686,27,59,32,0.4576271186440678,-0.6509445549041194
8688,34,70,36,0.4857142857142857,-0.23904572186687872
8689,34,59,25,0.576271186440678,1.171700198827415
8690,42,79,37,0.5316455696202531,0.562543950463012
8691,38,82,44,0.4634146341463415,-0.6625891564490792
8692,40,98,58,0.40816326530612246,-1.8182745801939793
8693,33,57,24,0.5789473684210527,1.1920791213585393
8694,33,62,29,0.532258064516129,0.508000508000762
8708,22,50,28,0.44,-0.848528137423857
8713,34,59,25,0.576271186440678,1.171700198827415
8714,30,55,25,0.5454545454545454,0.674199862463242
8716,27,66,39,0.4090909090909091,-1.4770978917519928
8717,46,107,61,0.42990654205607476,-1.4501047335684953
8725,52,86,34,0.6046511627906976,1.9409899176618914
8726,55,99,44,0.5555555555555556,1.1055415967851332
8727,60,113,53,0.5309734513274337,0.658504607868518
8728,100,167,67,0.5988023952095808,2.5536166673626517
8729,69,132,63,0.5227272727272727,0.5222329678670935
8730,61,118,57,0.5169491525423728,0.3682298471593294
8731,58,107,49,0.5420560747663551,0.8700628401410971
8732,54,107,53,0.5046728971962616,0.09667364890456635
8733,34,77,43,0.44155844155844154,-1.0256451881367414
8734,45,80,35,0.5625,1.118033988749895
8735,20,50,30,0.4,-1.414213562373095
8736,43,82,39,0.524390243902439,0.44172610429938614
8737,46,85,39,0.5411764705882353,0.7592566023652966
8738,47,83,36,0.5662650602409639,1.2074068598865937
8739,38,61,23,0.6229508196721312,1.9205531989934397
8740,48,89,41,0.5393258426966292,0.741998516004452
8741,32,74,42,0.43243243243243246,-1.162476387438193
8742,31,67,36,0.4626865671641791,-0.6108472217815261
8743,34,59,25,0.576271186440678,1.171700198827415
8744,31,54,23,0.5740740740740741,1.0886621079036347
8745,29,51,22,0.5686274509803921,0.9801960588196068
8746,28,51,23,0.5490196078431373,0.7001400420140048
8753,39,82,43,0.47560975609756095,-0.44172610429938614
8754,40,71,31,0.5633802816901409,1.0681034923744679
8761,29,57,28,0.5087719298245614,0.13245323570650439
8762,38,74,36,0.5135135135135135,0.23249527748763857
8763,25,58,33,0.43103448275862066,-1.0504514628777804
8764,35,66,31,0.5303030303030303,0.4923659639173309
8765,45,79,34,0.569620253164557,1.2375966910186262
8766,46,98,52,0.46938775510204084,-0.6060915267313265
8767,36,70,34,0.5142857142857142,0.23904572186687872
8768,28,62,34,0.45161290322580644,-0.762000762001143
8769,29,65,36,0.4461538461538462,-0.8682431421244593
8770,48,89,41,0.5393258426966292,0.741998516004452
8771,30,65,35,0.46153846153846156,-0.6201736729460423
8909,41,83,42,0.4939759036144578,-0.10976425998969035
8910,49,98,49,0.5,0.0
8911,58,109,51,0.5321100917431193,0.6704783996548059
8912,48,100,52,0.48,-0.4
8913,43,90,47,0.4777777777777778,-0.4216370213557839
8915,20,53,33,0.37735849056603776,-1.7856873313329573
8931,24,63,39,0.38095238095238093,-1.889822365046136
8932,21,51,30,0.4117647058823529,-1.2602520756252087
8935,40,79,39,0.5063291139240507,0.1125087900926024
8936,43,82,39,0.524390243902439,0.44172610429938614
8946,30,64,34,0.46875,-0.5
8947,49,114,65,0.4298245614035088,-1.4985372985307104
8948,66,119,53,0.5546218487394958,1.1917080461366747
8949,42,73,31,0.5753424657534246,1.2874526191574363
8950,20,53,33,0.37735849056603776,-1.7856873313329573
8954,23,50,27,0.46,-0.565685424949238
8957,27,66,39,0.4090909090909091,-1.4770978917519928
8965,18,53,35,0.33962264150943394,-2.3351295871277133
8966,32,63,31,0.5079365079365079,0.1259881576697424
8973,36,62,26,0.5806451612903226,1.270001270001905
8974,22,53,31,0.41509433962264153,-1.2362450755382013
8982,52,102,50,0.5098039215686274,0.19802950859533489
8983,60,106,46,0.5660377358490566,1.3598002073001698
8984,55,99,44,0.5555555555555556,1.1055415967851332
8985,43,92,49,0.4673913043478261,-0.6255432421712244
8986,61,119,58,0.5126050420168067,0.2750095491084634
8987,34,61,27,0.5573770491803278,0.8962581595302719
8988,41,94,53,0.43617021276595747,-1.237705495510552
8989,40,59,19,0.6779661016949152,2.7339671305973012
8990,24,55,31,0.43636363636363634,-0.9438798074485389
8991,32,63,31,0.5079365079365079,0.1259881576697424
8992,61,121,60,0.5041322314049587,0.09090909090909091
8993,52,99,47,0.5252525252525253,0.502518907629606
8994,42,76,34,0.5526315789473685,0.917662935482247
8995,35,70,35,0.5,0.0
8996,48,108,60,0.4444444444444444,-1.1547005383792515
8997,48,96,48,0.5,0.0
8998,53,116,63,0.45689655172413796,-0.9284766908852594
8999,31,61,30,0.5081967213114754,0.12803687993289598
9000,39,77,38,0.5064935064935064,0.11396057645963795
9009,31,65,34,0.47692307692307695,-0.3721042037676254
9010,45,87,42,0.5172413793103449,0.3216337604513384
9011,23,52,29,0.4423076923076923,-0.8320502943378437
9015,25,64,39,0.390625,-1.75
9016,27,63,36,0.42857142857142855,-1.1338934190276817
9017,35,69,34,0.5072463768115942,0.1203858530857692
9018,39,79,40,0.4936708860759494,-0.1125087900926024
9019,38,84,46,0.4523809523809524,-0.8728715609439696
9021,55,91,36,0.6043956043956044,1.9917411897716448
9022,34,69,35,0.4927536231884058,-0.1203858530857692
9023,37,62,25,0.5967741935483871,1.524001524002286
9024,55,109,54,0.5045871559633027,0.09578262852211514
9025,39,79,40,0.4936708860759494,-0.1125087900926024
9026,23,63,40,0.36507936507936506,-2.141798680385621
9027,37,80,43,0.4625,-0.6708203932499369
9165,56,102,46,0.5490196078431373,0.9901475429766744
9166,48,91,43,0.5274725274725275,0.5241424183609592
9167,42,102,60,0.4117647058823529,-1.7822655773580138
9168,20,52,32,0.38461538461538464,-1.6641005886756874
9179,23,54,31,0.42592592592592593,-1.0886621079036347
9182,26,52,26,0.5,0.0
9183,34,62,28,0.5483870967741935,0.762000762001143
9188,31,65,34,0.47692307692307695,-0.3721042037676254
9189,41,82,41,0.5,0.0
9190,29,53,24,0.5471698113207547,0.6868028197434451
9191,28,61,33,0.45901639344262296,-0.6401843996644799
9202,30,56,26,0.5357142857142857,0.5345224838248488
9203,36,69,33,0.5217391304347826,0.3611575592573076
9204,30,50,20,0.6,1.414213562373095
9205,43,80,37,0.5375,0.6708203932499369
9206,35,78,43,0.44871794871794873,-0.9058216273156765
9207,24,53,29,0.4528301886792453,-0.6868028197434451
9209,31,54,23,0.5740740740740741,1.0886621079036347
9210,22,61,39,0.36065573770491804,-2.1766269588592317
9211,24,55,31,0.43636363636363634,-0.9438798074485389
9212,31,69,38,0.4492753623188406,-0.8427009716003844
9213,37,75,38,0.49333333333333335,-0.11547005383792514
9228,46,82,36,0.5609756097560976,1.1043152607484654
9229,25,51,26,0.49019607843137253,-0.14002800840280097
9235,24,58,34,0.41379310344827586,-1.3130643285972254
9236,29,62,33,0.46774193548387094,-0.508000508000762
9237,27,70,43,0.38571428571428573,-1.9123657749350298
9238,44,91,47,0.4835164835164835,-0.3144854510165755
9239,44,90,46,0.4888888888888889,-0.21081851067789195
9240,39,70,31,0.5571428571428572,0.9561828874675149
9241,51,111,60,0.4594594594594595,-0.8542421961772492
9242,43,87,44,0.4942528735632184,-0.10721125348377948
9243,27,52,25,0.5192307692307693,0.2773500981126146
9244,40,92,52,0.43478260869565216,-1.2510864843424487
9245,41,92,51,0.44565217391304346,-1.0425720702853738
9246,45,92,47,0.4891304347826087,-0.20851441405707477
9247,51,106,55,0.4811320754716981,-0.38851434494290565
9248,72,133,61,0.5413533834586466,0.9538209664765319
9249,43,87,44,0.4942528735632184,-0.10721125348377948
9250,29,66,37,0.4393939393939394,-0.9847319278346618
9251,38,75,37,0.5066666666666667,0.11547005383792514
9252,80,149,69,0.5369127516778524,0.9011551125709446
9253,72,139,67,0.5179856115107914,0.4240944648399855
9254,54,99,45,0.5454545454545454,0.9045340337332909
9265,41,103,62,0.39805825242718446,-2.0691914841450156
9266,38,76,38,0.5,0.0
9270,40,58,18,0.6896551724137931,2.888741522913896
9272,14,55,41,0.2545454545454545,-3.640679257301507
9274,35,71,36,0.49295774647887325,-0.11867816581938533
9276,32,58,26,0.5517241379310345,0.7878385971583353
9277,60,115,55,0.5217391304347826,0.4662524041201569
9278,43,73,30,0.589041095890411,1.5215349135496974
9279,45,106,61,0.42452830188679247,-1.5540573797716226
9280,52,111,59,0.46846846846846846,-0.6644105970267493
9281,34,74,40,0.4594594594594595,-0.6974858324629157
9282,46,101,55,0.45544554455445546,-0.8955334711889903
9420,36,65,29,0.5538461538461539,0.8682431421244593
9421,31,63,32,0.49206349206349204,-0.1259881576697424
9422,44,99,55,0.4444444444444444,-1.1055415967851332
9423,42,87,45,0.4827586206896552,-0.3216337604513384
9424,30,61,31,0.4918032786885246,-0.12803687993289598
9425,38,66,28,0.5757575757575758,1.2309149097933272
9428,22,55,33,0.4,-1.4832396974191326
9444,29,56,27,0.5178571428571429,0.2672612419124244
9445,30,64,34,0.46875,-0.5
9446,34,64,30,0.53125,0.5
9459,33,62,29,0.532258064516129,0.508000508000762
9460,48,93,45,0.5161290322580645,0.3110855084191276
9461,22,56,34,0.39285714285714285,-1.6035674514745464
9462,44,75,31,0.5866666666666667,1.5011106998930268
9463,33,69,36,0.4782608695652174,-0.3611575592573076
9467,27,63,36,0.42857142857142855,-1.1338934190276817
9469,23,50,27,0.46,-0.565685424949238
9470,28,51,23,0.5490196078431373,0.7001400420140048
9472,26,50,24,0.52,0.282842712474619
9477,20,57,37,0.3508771929824561,-2.2517050070105746
9484,30,57,27,0.5263157894736842,0.39735970711951313
9485,51,89,38,0.5730337078651685,1.3779972440082682
9492,24,57,33,0.42105263157894735,-1.1920791213585393
9493,31,56,25,0.5535714285714286,0.8017837257372732
9494,32,68,36,0.47058823529411764,-0.48507125007266594
9495,57,117,60,0.48717948717948717,-0.2773500981126145
9496,26,57,31,0.45614035087719296,-0.6622661785325219
9497,47,83,36,0.5662650602409639,1.2074068598865937
9498,39,96,57,0.40625,-1.8371173070873836
9499,27,57,30,0.47368421052631576,-0.39735970711951313
9500,38,66,28,0.5757575757575758,1.2309149097933272
9501,35,66,31,0.5303030303030303,0.4923659639173309
9502,30,62,32,0.4838709677419355,-0.254000254000381
9503,50,102,52,0.49019607843137253,-0.19802950859533489
9504,79,186,107,0.42473118279569894,-2.0530596102989462
9505,83,148,65,0.5608108108108109,1.4795908857482156
9506,27,57,30,0.47368421052631576,-0.39735970711951313
9507,26,55,29,0.4727272727272727,-0.40451991747794525
9508,81,152,71,0.5328947368421053,0.8111071056538127
9509,80,156,76,0.5128205128205128,0.32025630761017426
9510,66,136,70,0.4852941176470588,-0.34299717028501764
9511,53,97,44,0.5463917525773195,0.9138115486202573
9512,27,60,33,0.45,-0.7745966692414834
9519,33,68,35,0.4852941176470588,-0.24253562503633297
9520,28,53,25,0.5283018867924528,0.4120816918460671
9521,37,67,30,0.5522388059701493,0.8551861104941365
9522,55,108,53,0.5092592592592593,0.19245008972987526
9523,36,75,39,0.48,-0.3464101615137754
9525,29,53,24,0.5471698113207547,0.6868028197434451
9526,25,50,25,0.5,0.0
9527,38,79,41,0.4810126582278481,-0.3375263702778072
9528,30,66,36,0.45454545454545453,-0.7385489458759964
9530,27,50,23,0.54,0.565685424949238
9531,25,57,32,0.43859649122807015,-0.9271726499455306
9532,26,50,24,0.52,0.282842712474619
9533,33,67,34,0.4925373134328358,-0.12216944435630522
9534,40,79,39,0.5063291139240507,0.1125087900926024
9535,43,96,53,0.4479166666666667,-1.0206207261596576
9536,38,71,33,0.5352112676056338,0.5933908290969266
9537,74,142,68,0.5211267605633803,0.5035088149780135
9538,47,84,37,0.5595238095238095,1.091089451179962
9539,40,81,41,0.49382716049382713,-0.1111111111111111
9676,28,56,28,0.5,0.0
9677,71,162,91,0.4382716049382716,-1.5713484026367723
9678,58,120,62,0.48333333333333334,-0.3651483716701107
9679,47,100,53,0.47,-0.6
9680,45,95,50,0.47368421052631576,-0.5129891760425771
9695,26,50,24,0.52,0.282842712474619
9700,38,78,40,0.48717948717948717,-0.22645540682891913
9701,32,68,36,0.47058823529411764,-0.48507125007266594
9706,34,53,19,0.6415094339622641,2.0604084592303353
9713,38,73,35,0.5205479452054794,0.3511234415883917
9714,32,60,28,0.5333333333333333,0.5163977794943222
9715,29,54,25,0.5370370370370371,0.5443310539518174
9716,20,50,30,0.4,-1.414213562373095
9717,41,79,38,0.5189873417721519,0.3375263702778072
9718,32,55,23,0.5818181818181818,1.2135597524338357
9724,30,63,33,0.47619047619047616,-0.3779644730092272
9725,33,60,27,0.55,0.7745966692414834
9729,35,72,37,0.4861111111111111,-0.23570226039551587
9732,44,74,30,0.5945945945945946,1.62746694241347
9733,34,66,32,0.5151515151515151,0.24618298195866545
9739,49,90,41,0.5444444444444444,0.8432740427115678
9740,47,102,55,0.46078431372549017,-0.7921180343813395
9741,26,55,29,0.4727272727272727,-0.40451991747794525
9742,35,72,37,0.4861111111111111,-0.23570226039551587
9743,30,57,27,0.5263157894736842,0.39735970711951313
9748,34,61,27,0.5573770491803278,0.8962581595302719
9750,28,63,35,0.4444444444444444,-0.8819171036881969
9751,39,73,34,0.5342465753424658,0.5852057359806528
9752,35,71,36,0.49295774647887325,-0.11867816581938533
9753,38,84,46,0.4523809523809524,-0.8728715609439696
9754,29,74,45,0.3918918918918919,-1.8599622199011085
9755,24,75,51,0.32,-3.117691453623979
9756,32,73,41,0.4383561643835616,-1.0533703247651751
9757,46,95,49,0.4842105263157895,-0.30779350562554625
9758,53,104,51,0.5096153846153846,0.19611613513818404
9759,49,94,45,0.5212765957446809,0.41256849850351734
9760,73,124,51,0.5887096774193549,1.975658322294524
9761,63,141,78,0.44680851063829785,-1.2632278815997784
9762,50,99,49,0.5050505050505051,0.10050378152592121
9763,61,122,61,0.5,0.0
9764,98,177,79,0.5536723163841808,1.428127453205375
9765,48,101,53,0.4752475247524752,-0.4975185951049946
9766,90,179,89,0.5027932960893855,0.07474350927519359
9767,39,77,38,0.5064935064935064,0.11396057645963795
9768,34,61,27,0.5573770491803278,0.8962581595302719
9769,41,85,44,0.4823529411764706,-0.32539568672798425
9774,38,70,32,0.5428571428571428,0.7171371656006361
9775,35,77,42,0.45454545454545453,-0.7977240352174656
9776,31,79,48,0.3924050632911392,-1.9126494315742406
9777,37,87,50,0.42528735632183906,-1.3937462952891333
9778,46,92,46,0.5,0.0
9781,48,93,45,0.5161290322580645,0.3110855084191276
9786,37,65,28,0.5692307692307692,1.116312611302876
9787,26,60,34,0.43333333333333335,-1.0327955589886444
9788,49,100,51,0.49,-0.2
9790,30,59,29,0.5084745762711864,0.13018891098082389
9791,57,115,58,0.4956521739130435,-0.09325048082403138
9792,26,64,38,0.40625,-1.5
9793,58,119,61,0.48739495798319327,-0.2750095491084634
9794,62,131,69,0.4732824427480916,-0.6115928396627265
9795,38,89,51,0.42696629213483145,-1.3779972440082682
9933,57,116,59,0.49137931034482757,-0.18569533817705186
9934,59,106,47,0.5566037735849056,1.165543034828717
9935,39,87,48,0.4482758620689655,-0.9649012813540153
9936,67,116,49,0.5775862068965517,1.671258043593467
9937,33,64,31,0.515625,0.25
9962,43,82,39,0.524390243902439,0.44172610429938614
9963,25,52,27,0.4807692307692308,-0.2773500981126146
9969,28,56,28,0.5,0.0
9970,24,52,28,0.46153846153846156,-0.5547001962252291
9972,40,84,44,0.47619047619047616,-0.4364357804719848
9973,33,66,33,0.5,0.0
9974,25,53,28,0.4716981132075472,-0.4120816918460671
9976,27,51,24,0.5294117647058824,0.42008402520840293
9981,39,77,38,0.5064935064935064,0.11396057645963795
9985,24,59,35,0.4067796610169492,-1.4320780207890627
9986,35,76,41,0.4605263157894737,-0.6882472016116852
9989,30,80,50,0.375,-2.23606797749979
9995,50,91,41,0.5494505494505495,0.9434563530497265
9996,50,93,43,0.5376344086021505,0.7258661863112977
9997,45,86,41,0.5232558139534884,0.43133109281375365
9998,37,80,43,0.4625,-0.6708203932499369
10000,29,57,28,0.5087719298245614,0.13245323570650439
10003,31,56,25,0.5535714285714286,0.8017837257372732
10004,20,52,32,0.38461538461538464,-1.6641005886756874
10007,41,87,46,0.47126436781609193,-0.5360562674188973
10008,68,145,77,0.4689655172413793,-0.7474093186836597
10009,57,109,52,0.5229357798165137,0.47891314261057566
10010,44,92,48,0.4782608695652174,-0.41702882811414954
10011,51,101,50,0.504950495049505,0.09950371902099892
10012,49,93,44,0.5268817204301075,0.5184758473652127
10013,36,81,45,0.4444444444444444,-1.0
10014,41,101,60,0.40594059405940597,-1.8905706613989794
10015,46,81,35,0.5679012345679012,1.2222222222222223
10016,52,89,37,0.5842696629213483,1.58999682000954
10017,84,174,90,0.4827586206896552,-0.454858826147342
10018,54,107,53,0.5046728971962616,0.09667364890456635
10019,41,104,63,0.3942307692307692,-2.1572774865200244
10020,59,123,64,0.4796747967479675,-0.4508348173337161
10021,51,105,54,0.4857142857142857,-0.29277002188455997
10022,48,110,62,0.43636363636363634,-1.3348476249438292
10023,52,96,44,0.5416666666666666,0.8164965809277261
10024,72,149,77,0.48322147651006714,-0.40961596025952024
10025,45,87,42,0.5172413793103449,0.3216337604513384
10026,52,89,37,0.5842696629213483,1.58999682000954
10027,33,68,35,0.4852941176470588,-0.24253562503633297
10028,31,60,29,0.5166666666666667,0.2581988897471611
10029,25,54,29,0.46296296296296297,-0.5443310539518174
10030,27,50,23,0.54,0.565685424949238
10031,35,74,39,0.47297297297297297,-0.46499055497527714
10032,49,114,65,0.4298245614035088,-1.4985372985307104
10033,31,68,37,0.45588235294117646,-0.7276068751089989
10034,29,53,24,0.5471698113207547,0.6868028197434451
10035,27,54,27,0.5,0.0
10037,40,83,43,0.4819277108433735,-0.329292779969071
10038,33,74,41,0.44594594594594594,-0.9299811099505543
10039,38,76,38,0.5,0.0
10040,32,59,27,0.5423728813559322,0.6509445549041194
10042,43,89,46,0.48314606741573035,-0.31799936400190804
10043,43,74,31,0.581081081081081,1.3949716649258315
10044,49,89,40,0.550561797752809,0.953998092005724
10045,40,92,52,0.43478260869565216,-1.2510864843424487
10047,29,58,29,0.5,0.0
10048,49,100,51,0.49,-0.2
10049,43,75,32,0.5733333333333334,1.2701705922171767
10050,67,123,56,0.5447154471544715,0.9918365981341755
10051,41,81,40,0.5061728395061729,0.1111111111111111
10052,32,53,21,0.6037735849056604,1.5109662034355793
10188,31,61,30,0.5081967213114754,0.12803687993289598
10189,44,99,55,0.4444444444444444,-1.1055415967851332
10190,55,109,54,0.5045871559633027,0.09578262852211514
10191,45,102,57,0.4411764705882353,-1.1881770515720091
10192,58,95,37,0.6105263157894737,2.154554539378824
10193,25,61,36,0.4098360655737705,-1.4084056792618558
10197,24,54,30,0.4444444444444444,-0.816496580927726
10227,23,51,28,0.45098039215686275,-0.7001400420140048
10228,31,63,32,0.49206349206349204,-0.1259881576697424
10230,37,79,42,0.46835443037974683,-0.562543950463012
10231,35,69,34,0.5072463768115942,0.1203858530857692
10233,26,59,33,0.4406779661016949,-0.9113223768657671
10237,38,72,34,0.5277777777777778,0.47140452079103173
10241,40,107,67,0.37383177570093457,-2.6101885204232915
10242,39,81,42,0.48148148148148145,-0.3333333333333333
10244,30,54,24,0.5555555555555556,0.816496580927726
10245,36,63,27,0.5714285714285714,1.1338934190276817
10248,29,60,31,0.48333333333333334,-0.2581988897471611
10249,29,50,21,0.58,1.131370849898476
10251,45,79,34,0.569620253164557,1.2375966910186262
10252,55,104,49,0.5288461538461539,0.5883484054145521
10253,60,126,66,0.47619047619047616,-0.5345224838248488
10254,35,58,23,0.603448275862069,1.5756771943166705
10258,24,63,39,0.38095238095238093,-1.889822365046136
10259,38,76,38,0.5,0.0
10260,44,74,30,0.5945945945945946,1.62746694241347
10262,28,53,25,0.5283018867924528,0.4120816918460671
10263,55,111,56,0.4954954954954955,-0.0949157995752499
10264,70,123,53,0.5691056910569106,1.532838378934635
10265,57,109,52,0.5229357798165137,0.47891314261057566
10266,45,109,64,0.41284403669724773,-1.8198699419201876
10267,56,105,49,0.5333333333333333,0.6831300510639733
10268,33,65,32,0.5076923076923077,0.12403473458920847
10269,51,106,55,0.4811320754716981,-0.38851434494290565
10270,41,79,38,0.5189873417721519,0.3375263702778072
10271,35,78,43,0.44871794871794873,-0.9058216273156765
10272,72,133,61,0.5413533834586466,0.9538209664765319
10273,53,112,59,0.4732142857142857,-0.5669467095138409
10274,65,134,69,0.48507462686567165,-0.34554737023254406
10275,57,114,57,0.5,0.0
10276,56,103,47,0.5436893203883495,0.8867963503478639
10277,47,104,57,0.4519230769230769,-0.9805806756909202
10278,47,90,43,0.5222222222222223,0.4216370213557839
10279,53,107,54,0.4953271028037383,-0.09667364890456635
10280,44,97,53,0.4536082474226804,-0.9138115486202573
10281,44,85,41,0.5176470588235295,0.32539568672798425
10282,40,83,43,0.4819277108433735,-0.329292779969071
10283,25,50,25,0.5,0.0
10284,25,56,31,0.44642857142857145,-0.8017837257372732
10286,22,53,31,0.41509433962264153,-1.2362450755382013
10287,42,83,41,0.5060240963855421,0.10976425998969035
10288,35,59,24,0.5932203389830508,1.4320780207890627
10289,44,85,41,0.5176470588235295,0.32539568672798425
10290,75,133,58,0.5639097744360902,1.474086948191004
10291,85,179,94,0.4748603351955307,-0.6726915834767423
10292,68,141,73,0.48226950354609927,-0.42107596053325946
10293,36,82,46,0.43902439024390244,-1.1043152607484654
10294,53,120,67,0.44166666666666665,-1.2780193008453875
10295,49,94,45,0.5212765957446809,0.41256849850351734
10297,40,86,46,0.46511627906976744,-0.6469966392206304
10298,50,86,36,0.5813953488372093,1.5096588248481377
10299,36,59,23,0.6101694915254238,1.6924558427507104
10300,57,112,55,0.5089285714285714,0.1889822365046136
10301,36,73,37,0.4931506849315068,-0.11704114719613057
10302,32,53,21,0.6037735849056604,1.5109662034355793
10303,68,121,53,0.5619834710743802,1.3636363636363635
10304,37,84,47,0.44047619047619047,-1.091089451179962
10305,48,97,49,0.4948453608247423,-0.10153461651336192
10306,48,98,50,0.4897959183673469,-0.20203050891044214
10307,30,70,40,0.42857142857142855,-1.1952286093343936
10445,35,77,42,0.45454545454545453,-0.7977240352174656
10446,56,93,37,0.6021505376344086,1.970208219987808
10447,71,122,51,0.5819672131147541,1.8107149208503706
10448,65,130,65,0.5,0.0
10449,24,55,31,0.43636363636363634,-0.9438798074485389
10460,23,50,27,0.46,-0.565685424949238
10463,29,58,29,0.5,0.0
10484,28,60,32,0.4666666666666667,-0.5163977794943222
10485,30,58,28,0.5172413793103449,0.2626128657194451
10486,33,58,25,0.5689655172413793,1.0504514628777804
10487,57,101,44,0.5643564356435643,1.2935483472729858
10488,39,75,36,0.52,0.3464101615137754
10489,45,82,37,0.5487804878048781,0.8834522085987723
10490,30,54,24,0.5555555555555556,0.816496580927726
10491,29,58,29,0.5,0.0
10492,28,52,24,0.5384615384615384,0.5547001962252291
10493,29,60,31,0.48333333333333334,-0.2581988897471611
10494,38,70,32,0.5428571428571428,0.7171371656006361
10495,31,50,19,0.62,1.697056274847714
10497,36,70,34,0.5142857142857142,0.23904572186687872
10498,36,66,30,0.5454545454545454,0.7385489458759964
10505,25,52,27,0.4807692307692308,-0.2773500981126146
10508,46,96,50,0.4791666666666667,-0.4082482904638631
10509,42,94,52,0.44680851063829785,-1.0314212462587933
10510,26,55,29,0.4727272727272727,-0.40451991747794525
10513,54,100,46,0.54,0.8
10514,27,65,38,0.4153846153846154,-1.3643820804812932
10515,37,69,32,0.5362318840579711,0.601929265428846
10516,43,73,30,0.589041095890411,1.5215349135496974
10517,29,59,30,0.4915254237288136,-0.13018891098082389
10518,27,50,23,0.54,0.565685424949238
10520,57,116,59,0.49137931034482757,-0.18569533817705186
10521,69,155,86,0.44516129032258067,-1.365472859134248
10522,73,153,80,0.477124183006536,-0.5659164584181103
10523,69,152,83,0.45394736842105265,-1.135549947915338
10524,42,96,54,0.4375,-1.2247448713915892
10525,44,102,58,0.43137254901960786,-1.3862065601673441
10526,43,76,33,0.5657894736842105,1.1470786693528088
10527,38,83,45,0.4578313253012048,-0.7683498199278324
10528,32,74,42,0.43243243243243246,-1.162476387438193
10529,66,132,66,0.5,0.0
10530,64,131,67,0.48854961832061067,-0.26211121699831136
10531,51,103,52,0.49514563106796117,-0.09853292781642932
10532,41,90,49,0.45555555555555555,-0.8432740427115678
10533,71,131,60,0.5419847328244275,0.9610744623271417
10534,63,122,59,0.5163934426229508,0.3621429841700741
10535,66,142,76,0.4647887323943662,-0.8391813582966892
10536,80,148,68,0.5405405405405406,0.9863939238321437
10537,51,95,44,0.5368421052631579,0.7181848464596079
10538,65,115,50,0.5652173913043478,1.3987572123604708
10539,43,95,52,0.45263157894736844,-0.9233805168766388
10540,28,66,38,0.42424242424242425,-1.2309149097933272
10542,59,104,45,0.5673076923076923,1.3728129459672884
10543,47,101,54,0.46534653465346537,-0.6965260331469925
10544,32,84,52,0.38095238095238093,-2.182178902359924
10545,24,53,29,0.4528301886792453,-0.6868028197434451
10546,40,71,31,0.5633802816901409,1.0681034923744679
10547,75,158,83,0.47468354430379744,-0.636445827340584
10548,55,99,44,0.5555555555555556,1.1055415967851332
10549,68,127,59,0.5354330708661418,0.7986208584745025
10550,67,130,63,0.5153846153846153,0.3508232077228117
10551,75,144,69,0.5208333333333334,0.5
10552,64,115,51,0.5565217391304348,1.212256250712408
10553,54,106,52,0.5094339622641509,0.19425717247145283
10554,33,64,31,0.515625,0.25
10556,47,94,47,0.5,0.0
10557,47,91,44,0.5164835164835165,0.3144854510165755
10558,35,69,34,0.5072463768115942,0.1203858530857692
10559,39,84,45,0.4642857142857143,-0.6546536707079772
10560,26,60,34,0.43333333333333335,-1.0327955589886444
10562,42,65,23,0.6461538461538462,2.3566599571949607
10563,37,73,36,0.5068493150684932,0.11704114719613057
10701,48,84,36,0.5714285714285714,1.3093073414159544
10702,43,88,45,0.48863636363636365,-0.21320071635561041
10703,70,141,71,0.49645390070921985,-0.0842151921066519
10704,46,84,38,0.5476190476190477,0.8728715609439696
10705,23,51,28,0.45098039215686275,-0.7001400420140048
10706,41,74,33,0.5540540540540541,0.9299811099505543
10707,25,52,27,0.4807692307692308,-0.2773500981126146
10719,27,52,25,0.5192307692307693,0.2773500981126146
10743,42,88,46,0.4772727272727273,-0.42640143271122083
10747,30,51,21,0.5882352941176471,1.2602520756252087
10748,24,51,27,0.47058823529411764,-0.42008402520840293
10749,55,111,56,0.4954954954954955,-0.0949157995752499
10753,31,65,34,0.47692307692307695,-0.3721042037676254
10754,39,74,35,0.527027027027027,0.46499055497527714
10758,26,52,26,0.5,0.0
10763,32,65,33,0.49230769230769234,-0.12403473458920847
10764,57,102,45,0.5588235294117647,1.1881770515720091
10765,55,101,46,0.5445544554455446,0.8955334711889903
10766,35,80,45,0.4375,-1.118033988749895
10768,46,91,45,0.5054945054945055,0.10482848367219183
10769,41,89,48,0.4606741573033708,-0.741998516004452
10770,26,51,25,0.5098039215686274,0.14002800840280097
10771,31,72,41,0.4305555555555556,-1.1785113019775793
10772,36,77,41,0.4675324675324675,-0.5698028822981898
10773,31,68,37,0.45588235294117646,-0.7276068751089989
10774,47,84,37,0.5595238095238095,1.091089451179962
10775,27,59,32,0.4576271186440678,-0.6509445549041194
10776,34,73,39,0.4657534246575342,-0.5852057359806528
10777,72,154,82,0.4675324675324675,-0.8058229640253802
10778,66,154,88,0.42857142857142855,-1.7728105208558367
10779,58,108,50,0.5370370370370371,0.769800358919501
10780,44,83,39,0.5301204819277109,0.5488212999484517
10781,29,68,39,0.4264705882352941,-1.212678125181665
10782,58,102,44,0.5686274509803921,1.3862065601673441
10783,59,126,67,0.46825396825396826,-0.7126966450997984
10784,40,77,37,0.5194805194805194,0.3418817293789138
10785,50,105,55,0.47619047619047616,-0.4879500364742666
10786,46,84,38,0.5476190476190477,0.8728715609439696
10787,65,123,58,0.5284552845528455,0.6311687442672026
10788,37,98,61,0.37755102040816324,-2.424366106925306
10789,63,118,55,0.5338983050847458,0.7364596943186588
10790,70,149,79,0.4697986577181208,-0.7373087284671365
10791,70,162,92,0.43209876543209874,-1.7284832429004495
10792,48,104,56,0.46153846153846156,-0.7844645405527362
10793,70,131,61,0.5343511450381679,0.7863336509949341
10794,76,153,77,0.49673202614379086,-0.08084520834544433
10795,55,111,56,0.4954954954954955,-0.0949157995752499
10797,37,60,23,0.6166666666666667,1.8073922282301278
10798,54,118,64,0.4576271186440678,-0.9205746178983234
10799,63,117,54,0.5384615384615384,0.8320502943378436
10800,46,75,29,0.6133333333333333,1.9629909152447274
10801,37,71,34,0.5211267605633803,0.35603449745815596
10802,85,161,76,0.5279503105590062,0.7092993656151906
10803,77,177,100,0.4350282485875706,-1.7287858644065064
10804,92,183,91,0.5027322404371585,0.07392212709545729
10805,75,151,76,0.4966887417218543,-0.08137884587711594
10806,85,190,105,0.4473684210526316,-1.4509525002200234
10807,67,122,55,0.5491803278688525,1.0864289525102224
10808,48,99,51,0.48484848484848486,-0.30151134457776363
10809,40,88,48,0.45454545454545453,-0.8528028654224417
10810,43,83,40,0.5180722891566265,0.329292779969071
10811,41,70,29,0.5857142857142857,1.4342743312012722
10812,49,103,54,0.47572815533980584,-0.4926646390821466
10813,34,84,50,0.40476190476190477,-1.7457431218879391
10814,40,78,38,0.5128205128205128,0.22645540682891913
10815,26,54,28,0.48148148148148145,-0.2721655269759087
10816,35,63,28,0.5555555555555556,0.8819171036881969
10958,35,88,53,0.3977272727272727,-1.9188064472004938
10959,69,147,78,0.46938775510204084,-0.7423074889580903
10960,38,87,49,0.4367816091954023,-1.1793237883215741
10961,25,56,31,0.44642857142857145,-0.8017837257372732
10971,24,54,30,0.4444444444444444,-0.816496580927726
10972,47,97,50,0.4845360824742268,-0.30460384954008574
10977,25,55,30,0.45454545454545453,-0.674199862463242
10990,30,56,26,0.5357142857142857,0.5345224838248488
10991,29,53,24,0.5471698113207547,0.6868028197434451
10998,27,51,24,0.5294117647058824,0.42008402520840293
10999,25,61,36,0.4098360655737705,-1.4084056792618558
11005,67,131,64,0.5114503816793893,0.26211121699831136
11006,42,70,28,0.6,1.6733200530681511
11009,34,53,19,0.6415094339622641,2.0604084592303353
11010,53,106,53,0.5,0.0
11011,33,73,40,0.4520547945205479,-0.819288030372914
11012,30,60,30,0.5,0.0
11018,29,61,32,0.47540983606557374,-0.3841106397986879
11019,53,111,58,0.4774774774774775,-0.4745789978762495
11020,42,76,34,0.5526315789473685,0.917662935482247
11021,54,86,32,0.627906976744186,2.372321010475645
11022,65,141,76,0.46099290780141844,-0.9263671131731709
11023,22,50,28,0.44,-0.848528137423857
11024,41,84,43,0.4880952380952381,-0.2182178902359924
11025,64,135,71,0.4740740740740741,-0.6024640760767093
11026,38,70,32,0.5428571428571428,0.7171371656006361
11027,29,52,23,0.5576923076923077,0.8320502943378437
11028,45,72,27,0.625,2.121320343559643
11029,32,66,34,0.48484848484848486,-0.24618298195866545
11030,47,92,45,0.5108695652173914,0.20851441405707477
11031,32,74,42,0.43243243243243246,-1.162476387438193
11032,26,57,31,0.45614035087719296,-0.6622661785325219
11033,42,73,31,0.5753424657534246,1.2874526191574363
11034,89,181,92,0.49171270718232046,-0.2229882438741499
11035,88,171,83,0.5146198830409356,0.3823595564509363
11036,61,107,46,0.5700934579439252,1.4501047335684953
11037,44,89,45,0.4943820224719101,-0.105999788000636
11038,49,100,51,0.49,-0.2
11039,36,79,43,0.45569620253164556,-0.7875615306482168
11040,53,94,41,0.5638297872340425,1.237705495510552
11041,31,64,33,0.484375,-0.25
11042,50,107,57,0.4672897196261682,-0.6767155423319645
11043,56,133,77,0.42105263157894735,-1.8209309360006518
11044,71,166,95,0.42771084337349397,-1.8627612616951987
11045,43,84,41,0.5119047619047619,0.2182178902359924
11046,63,128,65,0.4921875,-0.17677669529663687
11047,86,164,78,0.524390243902439,0.6246950475544243
11048,66,138,72,0.4782608695652174,-0.5107539184552492
11049,66,141,75,0.46808510638297873,-0.7579367289598671
11050,84,147,63,0.5714285714285714,1.7320508075688774
11051,63,135,72,0.4666666666666667,-0.7745966692414834
11052,50,94,44,0.5319148936170213,0.618852747755276
11053,40,75,35,0.5333333333333333,0.5773502691896257
11054,45,86,41,0.5232558139534884,0.43133109281375365
11055,58,124,66,0.46774193548387094,-0.7184212081070996
11056,51,100,49,0.51,0.2
11058,50,101,51,0.49504950495049505,-0.09950371902099892
11059,95,188,93,0.5053191489361702,0.14586499149789456
11060,82,191,109,0.4293193717277487,-1.9536514342895384
11061,60,146,86,0.410958904109589,-2.1517753103661565
11062,94,166,72,0.5662650602409639,1.7075311565539322
11063,86,174,88,0.4942528735632184,-0.15161960871578067
11064,61,137,76,0.44525547445255476,-1.2815364865751413
11065,86,156,70,0.5512820512820513,1.281025230440697
11066,48,83,35,0.5783132530120482,1.4269353798659745
11067,38,90,52,0.4222222222222222,-1.4757295747452437
11068,44,71,27,0.6197183098591549,2.0175288189295504
11069,64,125,61,0.512,0.2683281572999747
11070,52,94,42,0.5531914893617021,1.0314212462587933
11071,27,64,37,0.421875,-1.25
11072,32,55,23,0.5818181818181818,1.2135597524338357
11073,34,59,25,0.576271186440678,1.171700198827415
11074,54,103,49,0.5242718446601942,0.4926646390821466
11075,22,50,28,0.44,-0.848528137423857
11155,52,85,33,0.611764705882353,2.060839349277234
11156,30,61,31,0.4918032786885246,-0.12803687993289598
11214,59,116,57,0.5086206896551724,0.18569533817705186
11215,71,142,71,0.5,0.0
11216,35,67,32,0.5223880597014925,0.36650833306891567
11227,25,50,25,0.5,0.0
11230,31,64,33,0.484375,-0.25
11231,32,57,25,0.5614035087719298,0.9271726499455306
11232,35,66,31,0.5303030303030303,0.4923659639173309
11246,35,71,36,0.49295774647887325,-0.11867816581938533
11251,37,59,22,0.6271186440677966,1.952833664712358
11252,33,72,39,0.4583333333333333,-0.7071067811865476
11260,25,54,29,0.46296296296296297,-0.5443310539518174
11261,46,95,49,0.4842105263157895,-0.30779350562554625
11265,42,82,40,0.5121951219512195,0.22086305214969307
11266,42,87,45,0.4827586206896552,-0.3216337604513384
11267,33,75,42,0.44,-1.0392304845413263
11268,30,65,35,0.46153846153846156,-0.6201736729460423
11274,57,101,44,0.5643564356435643,1.2935483472729858
11275,59,108,49,0.5462962962962963,0.9622504486493763
11277,41,87,46,0.47126436781609193,-0.5360562674188973
11278,40,77,37,0.5194805194805194,0.3418817293789138
11279,34,85,51,0.4,-1.8439088914585775
11280,96,189,93,0.5079365079365079,0.21821789023599236
11281,41,98,57,0.41836734693877553,-1.616244071283537
11282,33,60,27,0.55,0.7745966692414834
11285,43,82,39,0.524390243902439,0.44172610429938614
11286,53,87,34,0.6091954022988506,2.03701381619181
11287,35,66,31,0.5303030303030303,0.4923659639173309
11288,30,62,32,0.4838709677419355,-0.254000254000381
11289,45,94,49,0.4787234042553192,-0.41256849850351734
11290,114,212,98,0.5377358490566038,1.0988845115895123
11291,72,150,78,0.48,-0.48989794855663565
11292,45,82,37,0.5487804878048781,0.8834522085987723
11293,63,115,52,0.5478260869565217,1.025755289064345
11294,35,80,45,0.4375,-1.118033988749895
11295,66,131,65,0.5038167938931297,0.0873704056661038
11296,53,100,47,0.53,0.6
11297,41,89,48,0.4606741573033708,-0.741998516004452
11298,43,83,40,0.5180722891566265,0.329292779969071
11299,85,148,63,0.5743243243243243,1.8083888603589302
11300,78,156,78,0.5,0.0
11301,72,137,65,0.5255474452554745,0.5980503604017327
11302,74,152,78,0.4868421052631579,-0.3244428422615251
11303,61,116,55,0.5258620689655172,0.5570860145311556
11304,36,93,57,0.3870967741935484,-2.177598558933893
11305,58,113,55,0.5132743362831859,0.2822162605150792
11306,56,109,53,0.5137614678899083,0.2873478855663454
11307,40,82,42,0.4878048780487805,-0.22086305214969307
11308,48,83,35,0.5783132530120482,1.4269353798659745
11309,38,71,33,0.5352112676056338,0.5933908290969266
11310,33,67,34,0.4925373134328358,-0.12216944435630522
11311,49,93,44,0.5268817204301075,0.5184758473652127
11313,28,64,36,0.4375,-1.0
11314,25,58,33,0.43103448275862066,-1.0504514628777804
11315,68,139,71,0.4892086330935252,-0.2544566789039913
11316,62,122,60,0.5081967213114754,0.18107149208503706
11317,97,193,96,0.5025906735751295,0.07198157507486945
11318,50,110,60,0.45454545454545453,-0.9534625892455924
11319,58,124,66,0.46774193548387094,-0.7184212081070996
11320,88,172,84,0.5116279069767442,0.30499714066520933
11321,73,115,42,0.6347826086956522,2.8907649055449727
11322,49,102,53,0.4803921568627451,-0.39605901719066977
11323,38,87,49,0.4367816091954023,-1.1793237883215741
11324,42,89,47,0.47191011235955055,-0.52999894000318
11325,77,157,80,0.49044585987261147,-0.23942606534028665
11326,55,108,53,0.5092592592592593,0.19245008972987526
11327,47,97,50,0.4845360824742268,-0.30460384954008574
11328,38,74,36,0.5135135135135135,0.23249527748763857
11330,49,86,37,0.5697674418604651,1.2939932784412609
11406,34,67,33,0.5074626865671642,0.12216944435630522
11407,25,52,27,0.4807692307692308,-0.2773500981126146
11412,38,58,20,0.6551724137931034,2.363515791475006
11413,24,57,33,0.42105263157894735,-1.1920791213585393
11471,45,90,45,0.5,0.0
11472,47,111,64,0.42342342342342343,-1.6135685927792485
11473,30,56,26,0.5357142857142857,0.5345224838248488
11474,33,66,33,0.5,0.0
11486,23,54,31,0.42592592592592593,-1.0886621079036347
11487,27,68,41,0.39705882352941174,-1.697749375254331
11489,29,66,37,0.4393939393939394,-0.9847319278346618
11490,27,52,25,0.5192307692307693,0.2773500981126146
11502,61,107,46,0.5700934579439252,1.4501047335684953
11503,34,65,31,0.5230769230769231,0.3721042037676254
11508,21,56,35,0.375,-1.8708286933869707
11509,36,75,39,0.48,-0.3464101615137754
11510,27,53,26,0.5094339622641509,0.13736056394868904
11511,27,56,29,0.48214285714285715,-0.2672612419124244
11522,40,78,38,0.5128205128205128,0.22645540682891913
11523,29,58,29,0.5,0.0
11524,40,85,45,0.47058823529411764,-0.5423261445466404
11525,38,65,27,0.5846153846153846,1.3643820804812932
11531,41,100,59,0.41,-1.8
11532,37,79,42,0.46835443037974683,-0.562543950463012
11533,34,58,24,0.5862068965517241,1.3130643285972254
11534,37,72,35,0.5138888888888888,0.23570226039551587
11535,34,63,29,0.5396825396825397,0.629940788348712
11536,44,92,48,0.4782608695652174,-0.41702882811414954
11537,48,107,59,0.4485981308411215,-1.0634101379502299
11538,40,83,43,0.4819277108433735,-0.329292779969071
11539,37,71,34,0.5211267605633803,0.35603449745815596
11542,49,90,41,0.5444444444444444,0.8432740427115678
11543,57,107,50,0.5327102803738317,0.6767155423319645
11544,38,75,37,0.5066666666666667,0.11547005383792514
11545,38,75,37,0.5066666666666667,0.11547005383792514
11546,59,131,72,0.45038167938931295,-1.1358152736593492
11547,39,80,41,0.4875,-0.22360679774997896
11548,40,73,33,0.547945205479452,0.819288030372914
11549,44,98,54,0.4489795918367347,-1.0101525445522108
11550,55,113,58,0.48672566371681414,-0.2822162605150792
11551,50,102,52,0.49019607843137253,-0.19802950859533489
11552,56,100,44,0.56,1.2
11553,50,104,54,0.4807692307692308,-0.3922322702763681
11554,39,83,44,0.46987951807228917,-0.5488212999484517
11555,39,79,40,0.4936708860759494,-0.1125087900926024
11556,96,185,89,0.518918918918919,0.5146502354656654
11557,48,103,55,0.46601941747572817,-0.6897304947150052
11558,51,104,53,0.49038461538461536,-0.19611613513818404
11559,62,108,46,0.5740740740740741,1.539600717839002
11560,53,117,64,0.452991452991453,-1.0169503597462533
11561,57,113,56,0.504424778761062,0.09407208683835973
11562,45,98,53,0.45918367346938777,-0.8081220356417685
11563,50,106,56,0.4716981132075472,-0.5827715174143585
11564,43,69,26,0.6231884057971014,2.0465595024580763
11565,44,83,39,0.5301204819277109,0.5488212999484517
11566,36,76,40,0.47368421052631576,-0.4588314677411235
11567,38,78,40,0.48717948717948717,-0.22645540682891913
11568,35,71,36,0.49295774647887325,-0.11867816581938533
11571,32,77,45,0.4155844155844156,-1.4814874939752933
11572,46,99,53,0.46464646464646464,-0.7035264706814485
11573,47,95,48,0.49473684210526314,-0.10259783520851541
11574,51,97,46,0.5257731958762887,0.5076730825668095
11575,48,94,46,0.5106382978723404,0.20628424925175867
11576,49,97,48,0.5051546391752577,0.10153461651336192
11577,49,108,59,0.4537037037037037,-0.9622504486493763
11578,64,113,49,0.5663716814159292,1.4110813025753959
11579,36,57,21,0.631578947368421,1.9867985355975657
11580,28,57,29,0.49122807017543857,-0.13245323570650439
11581,27,62,35,0.43548387096774194,-1.016001016001524
11582,50,102,52,0.49019607843137253,-0.19802950859533489
11583,45,88,43,0.5113636363636364,0.21320071635561041
11584,44,93,49,0.4731182795698925,-0.5184758473652127
11585,29,50,21,0.58,1.131370849898476
11648,29,59,30,0.4915254237288136,-0.13018891098082389
11653,32,62,30,0.5161290322580645,0.254000254000381
11654,32,65,33,0.49230769230769234,-0.12403473458920847
11655,29,53,24,0.5471698113207547,0.6868028197434451
11658,28,56,28,0.5,0.0
11661,27,59,32,0.4576271186440678,-0.6509445549041194
11663,26,59,33,0.4406779661016949,-0.9113223768657671
11667,26,54,28,0.48148148148148145,-0.2721655269759087
11668,44,81,37,0.5432098765432098,0.7777777777777778
11726,31,53,22,0.5849056603773585,1.2362450755382013
11727,40,81,41,0.49382716049382713,-0.1111111111111111
11728,63,109,46,0.5779816513761468,1.6283046848759573
11729,42,80,38,0.525,0.4472135954999579
11739,16,53,37,0.3018867924528302,-2.8845718429224694
11742,24,52,28,0.46153846153846156,-0.5547001962252291
11743,27,58,31,0.46551724137931033,-0.5252257314388902
11745,25,56,31,0.44642857142857145,-0.8017837257372732
11758,29,55,26,0.5272727272727272,0.40451991747794525
11764,25,58,33,0.43103448275862066,-1.0504514628777804
11765,30,57,27,0.5263157894736842,0.39735970711951313
11766,33,71,38,0.4647887323943662,-0.5933908290969266
11767,20,51,31,0.39215686274509803,-1.5403080924308108
11768,41,76,35,0.5394736842105263,0.6882472016116852
11777,21,52,31,0.40384615384615385,-1.386750490563073
11778,30,50,20,0.6,1.414213562373095
11781,35,58,23,0.603448275862069,1.5756771943166705
11786,43,86,43,0.5,0.0
11787,42,95,53,0.4421052631578947,-1.1285761872936695
11790,41,73,32,0.5616438356164384,1.0533703247651751
11792,41,68,27,0.6029411764705882,1.697749375254331
11793,52,127,75,0.4094488188976378,-2.0409199716570616
11794,41,77,36,0.5324675324675324,0.5698028822981898
11795,33,77,44,0.42857142857142855,-1.2535663410560174
11798,32,56,24,0.5714285714285714,1.0690449676496976
11799,27,75,48,0.36,-2.424871130596428
11800,41,81,40,0.5061728395061729,0.1111111111111111
11801,37,71,34,0.5211267605633803,0.35603449745815596
11802,71,127,56,0.5590551181102362,1.3310347641241707
11803,49,109,60,0.44954128440366975,-1.0536089137432665
11804,43,82,39,0.524390243902439,0.44172610429938614
11805,67,132,65,0.5075757575757576,0.17407765595569785
11806,66,121,55,0.5454545454545454,1.0
11807,32,85,53,0.3764705882352941,-2.27776980709589
11808,43,90,47,0.4777777777777778,-0.4216370213557839
11809,50,103,53,0.4854368932038835,-0.29559878344928797
11810,48,97,49,0.4948453608247423,-0.10153461651336192
11811,74,124,50,0.5967741935483871,2.155263624321299
11812,65,129,64,0.5038759689922481,0.08804509063256238
11813,67,129,62,0.5193798449612403,0.4402254531628119
11814,67,130,63,0.5153846153846153,0.3508232077228117
11815,48,93,45,0.5161290322580645,0.3110855084191276
11816,53,91,38,0.5824175824175825,1.5724272550828775
11817,47,80,33,0.5875,1.5652475842498528
11818,58,114,56,0.5087719298245614,0.1873171623163388
11819,49,117,68,0.4188034188034188,-1.756550621379892
11820,56,102,46,0.5490196078431373,0.9901475429766744
11821,42,85,43,0.49411764705882355,-0.10846522890932808
11823,25,55,30,0.45454545454545453,-0.674199862463242
11824,32,63,31,0.5079365079365079,0.1259881576697424
11825,28,53,25,0.5283018867924528,0.4120816918460671
11826,44,94,50,0.46808510638297873,-0.618852747755276
11827,38,84,46,0.4523809523809524,-0.8728715609439696
11828,61,111,50,0.5495495495495496,1.044073795327749
11829,60,114,54,0.5263157894736842,0.5619514869490164
11830,52,108,56,0.48148148148148145,-0.3849001794597505
11831,36,76,40,0.47368421052631576,-0.4588314677411235
11832,31,67,36,0.4626865671641791,-0.6108472217815261
11833,48,93,45,0.5161290322580645,0.3110855084191276
11834,64,140,76,0.45714285714285713,-1.01418510567422
11835,36,75,39,0.48,-0.3464101615137754
11838,38,76,38,0.5,0.0
11839,38,76,38,0.5,0.0
11892,29,53,24,0.5471698113207547,0.6868028197434451
11911,23,51,28,0.45098039215686275,-0.7001400420140048
11912,30,56,26,0.5357142857142857,0.5345224838248488
11913,31,57,26,0.543859649122807,0.6622661785325219
11914,37,78,41,0.47435897435897434,-0.45291081365783825
11917,31,61,30,0.5081967213114754,0.12803687993289598
11918,33,69,36,0.4782608695652174,-0.3611575592573076
11920,28,66,38,0.42424242424242425,-1.2309149097933272
11925,28,59,31,0.4745762711864407,-0.39056673294247163
11926,26,55,29,0.4727272727272727,-0.40451991747794525
11927,23,53,30,0.4339622641509434,-0.9615239476408232
11930,33,56,23,0.5892857142857143,1.3363062095621219
11985,25,54,29,0.46296296296296297,-0.5443310539518174
11986,29,63,34,0.4603174603174603,-0.629940788348712
11987,26,53,27,0.49056603773584906,-0.13736056394868904
12020,28,50,22,0.56,0.848528137423857
12023,44,83,39,0.5301204819277109,0.5488212999484517
12024,25,60,35,0.4166666666666667,-1.2909944487358056
12050,33,77,44,0.42857142857142855,-1.2535663410560174
12051,31,56,25,0.5535714285714286,0.8017837257372732
12052,23,54,31,0.42592592592592593,-1.0886621079036347
12055,31,79,48,0.3924050632911392,-1.9126494315742406
12056,29,57,28,0.5087719298245614,0.13245323570650439
12057,46,76,30,0.6052631578947368,1.835325870964494
12058,52,100,48,0.52,0.4
12059,39,82,43,0.47560975609756095,-0.44172610429938614
12060,43,92,49,0.4673913043478261,-0.6255432421712244
12061,38,75,37,0.5066666666666667,0.11547005383792514
12062,66,128,62,0.515625,0.35355339059327373
12063,65,138,73,0.47101449275362317,-0.6810052246069989
12064,45,78,33,0.5769230769230769,1.3587324409735149
12065,53,111,58,0.4774774774774775,-0.4745789978762495
12066,44,95,51,0.4631578947368421,-0.7181848464596079
12067,44,86,42,0.5116279069767442,0.21566554640687682
12068,80,149,69,0.5369127516778524,0.9011551125709446
12069,60,116,56,0.5172413793103449,0.3713906763541037
12070,95,178,83,0.5337078651685393,0.8994380267950337
12071,46,91,45,0.5054945054945055,0.10482848367219183
12072,47,92,45,0.5108695652173914,0.20851441405707477
12073,21,51,30,0.4117647058823529,-1.2602520756252087
12074,53,101,48,0.5247524752475248,0.4975185951049946
12075,48,93,45,0.5161290322580645,0.3110855084191276
12076,72,137,65,0.5255474452554745,0.5980503604017327
12077,80,155,75,0.5161290322580645,0.4016096644512494
12078,43,91,48,0.4725274725274725,-0.5241424183609592
12079,47,89,42,0.5280898876404494,0.52999894000318
12080,29,62,33,0.46774193548387094,-0.508000508000762
12082,39,60,21,0.65,2.32379000772445
12083,49,100,51,0.49,-0.2
12084,59,134,75,0.44029850746268656,-1.3821894809301762
12085,31,53,22,0.5849056603773585,1.2362450755382013
12086,56,124,68,0.45161290322580644,-1.0776318121606494
12087,25,50,25,0.5,0.0
12088,27,66,39,0.4090909090909091,-1.4770978917519928
12089,60,119,59,0.5042016806722689,0.09166984970282113
12090,65,122,57,0.5327868852459017,0.7242859683401482
12091,63,139,76,0.45323741007194246,-1.1026456085839622
12093,36,67,31,0.5373134328358209,0.6108472217815261
12094,24,53,29,0.4528301886792453,-0.6868028197434451
12095,38,66,28,0.5757575757575758,1.2309149097933272
12096,32,62,30,0.5161290322580645,0.254000254000381
12097,54,106,52,0.5094339622641509,0.19425717247145283
12098,32,60,28,0.5333333333333333,0.5163977794943222
12142,32,63,31,0.5079365079365079,0.1259881576697424
12143,34,66,32,0.5151515151515151,0.24618298195866545
12161,29,57,28,0.5087719298245614,0.13245323570650439
12166,24,51,27,0.47058823529411764,-0.42008402520840293
12171,29,53,24,0.5471698113207547,0.6868028197434451
12172,27,51,24,0.5294117647058824,0.42008402520840293
12173,26,59,33,0.4406779661016949,-0.9113223768657671
12182,38,74,36,0.5135135135135135,0.23249527748763857
12239,22,50,28,0.44,-0.848528137423857
12240,35,60,25,0.5833333333333334,1.2909944487358056
12241,33,59,26,0.559322033898305,0.9113223768657671
12242,27,56,29,0.48214285714285715,-0.2672612419124244
12243,47,84,37,0.5595238095238095,1.091089451179962
12279,38,72,34,0.5277777777777778,0.47140452079103173
12280,25,52,27,0.4807692307692308,-0.2773500981126146
12281,29,54,25,0.5370370370370371,0.5443310539518174
12290,25,67,42,0.373134328358209,-2.0768805540571886
12306,52,106,54,0.49056603773584906,-0.19425717247145283
12307,40,69,29,0.5797101449275363,1.3242443839434612
12313,37,87,50,0.42528735632183906,-1.3937462952891333
12315,36,78,42,0.46153846153846156,-0.6793662204867574
12316,51,112,61,0.45535714285714285,-0.944911182523068
12317,42,78,36,0.5384615384615384,0.6793662204867574
12318,38,94,56,0.40425531914893614,-1.856558243265828
12319,26,62,36,0.41935483870967744,-1.270001270001905
12320,15,50,35,0.3,-2.82842712474619
12321,51,96,45,0.53125,0.6123724356957946
12322,39,72,33,0.5416666666666666,0.7071067811865476
12323,32,54,22,0.5925925925925926,1.3608276348795434
12324,30,53,23,0.5660377358490566,0.9615239476408232
12325,40,73,33,0.547945205479452,0.819288030372914
12326,44,83,39,0.5301204819277109,0.5488212999484517
12327,38,76,38,0.5,0.0
12328,39,84,45,0.4642857142857143,-0.6546536707079772
12329,49,103,54,0.47572815533980584,-0.4926646390821466
12330,39,87,48,0.4482758620689655,-0.9649012813540153
12331,65,126,61,0.5158730158730159,0.3563483225498992
12332,80,168,88,0.47619047619047616,-0.6172133998483676
12333,46,94,48,0.48936170212765956,-0.20628424925175867
12334,26,61,35,0.4262295081967213,-1.1523319193960637
12335,33,72,39,0.4583333333333333,-0.7071067811865476
12336,21,59,38,0.3559322033898305,-2.213211486674006
12337,27,58,31,0.46551724137931033,-0.5252257314388902
12338,43,73,30,0.589041095890411,1.5215349135496974
12339,55,103,48,0.5339805825242718,0.6897304947150052
12340,36,80,44,0.45,-0.8944271909999159
12341,63,127,64,0.49606299212598426,-0.08873565094161139
12342,58,96,38,0.6041666666666666,2.041241452319315
12343,24,54,30,0.4444444444444444,-0.816496580927726
12345,32,61,29,0.5245901639344263,0.3841106397986879
12346,64,121,57,0.5289256198347108,0.6363636363636364
12347,43,82,39,0.524390243902439,0.44172610429938614
12349,42,74,32,0.5675675675675675,1.162476387438193
12350,36,78,42,0.46153846153846156,-0.6793662204867574
12351,30,57,27,0.5263157894736842,0.39735970711951313
12352,63,128,65,0.4921875,-0.17677669529663687
12353,50,103,53,0.4854368932038835,-0.29559878344928797
12398,30,60,30,0.5,0.0
12399,45,81,36,0.5555555555555556,1.0
12403,25,51,26,0.49019607843137253,-0.14002800840280097
12418,22,54,32,0.4074074074074074,-1.3608276348795434
12432,31,55,24,0.5636363636363636,0.9438798074485389
12433,28,61,33,0.45901639344262296,-0.6401843996644799
12497,27,50,23,0.54,0.565685424949238
12498,42,74,32,0.5675675675675675,1.162476387438193
12499,35,78,43,0.44871794871794873,-0.9058216273156765
12500,47,107,60,0.4392523364485981,-1.2567574357593625
12501,42,72,30,0.5833333333333334,1.4142135623730951
12523,40,58,18,0.6896551724137931,2.888741522913896
12534,33,66,33,0.5,0.0
12546,31,59,28,0.5254237288135594,0.39056673294247163
12554,62,135,73,0.45925925925925926,-0.9467292624062575
12555,84,157,73,0.535031847133758,0.8778955729143844
12562,31,51,20,0.6078431372549019,1.5403080924308108
12563,31,64,33,0.484375,-0.25
12564,38,67,29,0.5671641791044776,1.099524999206747
12572,54,95,41,0.5684210526315789,1.3337718577107005
12573,45,86,41,0.5232558139534884,0.43133109281375365
12574,24,50,26,0.48,-0.282842712474619
12581,25,58,33,0.43103448275862066,-1.0504514628777804
12582,48,107,59,0.4485981308411215,-1.0634101379502299
12583,34,74,40,0.4594594594594595,-0.6974858324629157
12584,37,65,28,0.5692307692307692,1.116312611302876
12585,37,92,55,0.40217391304347827,-1.876629726513673
12586,41,77,36,0.5324675324675324,0.5698028822981898
12587,36,74,38,0.4864864864864865,-0.23249527748763857
12588,67,114,47,0.5877192982456141,1.873171623163388
12589,97,194,97,0.5,0.0
12590,30,79,49,0.379746835443038,-2.1376670117594454
12592,23,51,28,0.45098039215686275,-0.7001400420140048
12593,42,76,34,0.5526315789473685,0.917662935482247
12594,44,90,46,0.4888888888888889,-0.21081851067789195
12595,43,89,46,0.48314606741573035,-0.31799936400190804
12596,30,72,42,0.4166666666666667,-1.4142135623730951
12597,45,93,48,0.4838709677419355,-0.3110855084191276
12598,32,73,41,0.4383561643835616,-1.0533703247651751
12599,42,90,48,0.4666666666666667,-0.6324555320336759
12602,45,93,48,0.4838709677419355,-0.3110855084191276
12603,39,80,41,0.4875,-0.22360679774997896
12604,33,52,19,0.6346153846153846,1.9414506867883021
12605,27,58,31,0.46551724137931033,-0.5252257314388902
12606,46,102,56,0.45098039215686275,-0.9901475429766744
12607,47,83,36,0.5662650602409639,1.2074068598865937
12608,78,147,69,0.5306122448979592,0.7423074889580903
12609,47,111,64,0.42342342342342343,-1.6135685927792485
12654,33,59,26,0.559322033898305,0.9113223768657671
12655,48,93,45,0.5161290322580645,0.3110855084191276
12656,33,58,25,0.5689655172413793,1.0504514628777804
12657,30,56,26,0.5357142857142857,0.5345224838248488
12658,39,82,43,0.47560975609756095,-0.44172610429938614
12660,27,53,26,0.5094339622641509,0.13736056394868904
12688,25,53,28,0.4716981132075472,-0.4120816918460671
12752,35,69,34,0.5072463768115942,0.1203858530857692
12753,47,83,36,0.5662650602409639,1.2074068598865937
12754,53,95,42,0.5578947368421052,1.1285761872936695
12755,38,80,42,0.475,-0.4472135954999579
12756,63,121,58,0.5206611570247934,0.45454545454545453
12757,30,54,24,0.5555555555555556,0.816496580927726
12762,36,61,25,0.5901639344262295,1.4084056792618558
12779,31,50,19,0.62,1.697056274847714
12790,26,57,31,0.45614035087719296,-0.6622661785325219
12809,62,131,69,0.4732824427480916,-0.6115928396627265
12810,100,215,115,0.46511627906976744,-1.0229915092057102
12811,62,126,64,0.49206349206349204,-0.1781741612749496
12818,28,53,25,0.5283018867924528,0.4120816918460671
12819,49,98,49,0.5,0.0
12820,30,61,31,0.4918032786885246,-0.12803687993289598
12825,30,61,31,0.4918032786885246,-0.12803687993289598
12827,36,61,25,0.5901639344262295,1.4084056792618558
12829,30,57,27,0.5263157894736842,0.39735970711951313
12834,36,60,24,0.6,1.5491933384829668
12837,46,87,41,0.5287356321839081,0.5360562674188973
12838,43,112,69,0.38392857142857145,-2.456769074559977
12839,56,121,65,0.4628099173553719,-0.8181818181818182
12840,47,91,44,0.5164835164835165,0.3144854510165755
12841,51,96,45,0.53125,0.6123724356957946
12842,32,67,35,0.47761194029850745,-0.36650833306891567
12843,59,127,68,0.4645669291338583,-0.7986208584745025
12844,45,101,56,0.44554455445544555,-1.0945409092309881
12845,40,72,32,0.5555555555555556,0.9428090415820635
12846,39,76,37,0.5131578947368421,0.22941573387056174
12847,40,75,35,0.5333333333333333,0.5773502691896257
12848,38,62,24,0.6129032258064516,1.778001778002667
12849,50,86,36,0.5813953488372093,1.5096588248481377
12850,50,90,40,0.5555555555555556,1.0540925533894598
12851,29,50,21,0.58,1.131370849898476
12852,41,84,43,0.4880952380952381,-0.2182178902359924
12853,32,78,46,0.41025641025641024,-1.585187847802434
12854,34,78,44,0.4358974358974359,-1.1322770341445956
12858,25,54,29,0.46296296296296297,-0.5443310539518174
12859,30,63,33,0.47619047619047616,-0.3779644730092272
12860,30,54,24,0.5555555555555556,0.816496580927726
12861,36,79,43,0.45569620253164556,-0.7875615306482168
12862,39,77,38,0.5064935064935064,0.11396057645963795
12863,48,84,36,0.5714285714285714,1.3093073414159544
12864,61,117,56,0.5213675213675214,0.4622501635210242
12865,30,57,27,0.5263157894736842,0.39735970711951313
12909,43,83,40,0.5180722891566265,0.329292779969071
12910,48,122,74,0.39344262295081966,-2.3539293971054818
12911,23,52,29,0.4423076923076923,-0.8320502943378437
12913,40,77,37,0.5194805194805194,0.3418817293789138
12914,44,85,41,0.5176470588235295,0.32539568672798425
12916,28,60,32,0.4666666666666667,-0.5163977794943222
12925,30,68,38,0.4411764705882353,-0.9701425001453319
12926,25,54,29,0.46296296296296297,-0.5443310539518174
12928,28,56,28,0.5,0.0
13008,40,71,31,0.5633802816901409,1.0681034923744679
13009,42,88,46,0.4772727272727273,-0.42640143271122083
13010,40,78,38,0.5128205128205128,0.22645540682891913
13011,43,91,48,0.4725274725274725,-0.5241424183609592
13012,92,155,63,0.5935483870967742,2.3293360538172467
13013,56,114,58,0.49122807017543857,-0.1873171623163388
13016,26,62,36,0.41935483870967744,-1.270001270001905
13066,101,209,108,0.48325358851674644,-0.48420012470625223
13067,138,306,168,0.45098039215686275,-1.7149858514250884
13075,55,114,59,0.4824561403508772,-0.3746343246326776
13076,26,59,33,0.4406779661016949,-0.9113223768657671
13078,29,62,33,0.46774193548387094,-0.508000508000762
13090,26,58,32,0.4482758620689655,-0.7878385971583353
13091,23,50,27,0.46,-0.565685424949238
13094,37,73,36,0.5068493150684932,0.11704114719613057
13095,37,77,40,0.4805194805194805,-0.3418817293789138
13096,43,105,62,0.4095238095238095,-1.8542101386022132
13097,27,71,44,0.38028169014084506,-2.0175288189295504
13099,46,84,38,0.5476190476190477,0.8728715609439696
13100,52,110,58,0.4727272727272727,-0.5720775535473553
13101,55,101,46,0.5445544554455446,0.8955334711889903
13102,36,68,32,0.5294117647058824,0.48507125007266594
13103,35,73,38,0.4794520547945205,-0.3511234415883917
13104,34,76,42,0.4473684210526316,-0.917662935482247
13106,52,94,42,0.5531914893617021,1.0314212462587933
13107,38,74,36,0.5135135135135135,0.23249527748763857
13108,37,90,53,0.4111111111111111,-1.6865480854231356
13109,47,95,48,0.49473684210526314,-0.10259783520851541
13110,55,119,64,0.46218487394957986,-0.8250286473253902
13111,36,65,29,0.5538461538461539,0.8682431421244593
13115,25,52,27,0.4807692307692308,-0.2773500981126146
13116,20,52,32,0.38461538461538464,-1.6641005886756874
13117,24,56,32,0.42857142857142855,-1.0690449676496976
13118,63,147,84,0.42857142857142855,-1.7320508075688774
13119,48,100,52,0.48,-0.4
13120,26,55,29,0.4727272727272727,-0.40451991747794525
13166,66,133,67,0.49624060150375937,-0.086710996952412
13169,31,55,24,0.5636363636363636,0.9438798074485389
13170,38,81,43,0.4691358024691358,-0.5555555555555556
13171,35,60,25,0.5833333333333334,1.2909944487358056
13181,54,95,41,0.5684210526315789,1.3337718577107005
13182,36,52,16,0.6923076923076923,2.773500981126146
13183,28,51,23,0.5490196078431373,0.7001400420140048
13198,28,52,24,0.5384615384615384,0.5547001962252291
13264,45,76,31,0.5921052631578947,1.6059101370939322
13265,55,105,50,0.5238095238095238,0.4879500364742666
13266,51,93,42,0.5483870967741935,0.9332565252573828
13267,48,93,45,0.5161290322580645,0.3110855084191276
13268,89,166,77,0.536144578313253,0.9313806308475994
13269,78,130,52,0.6,2.280350850198276
13271,35,62,27,0.5645161290322581,1.016001016001524
13272,35,73,38,0.4794520547945205,-0.3511234415883917
13273,26,61,35,0.4262295081967213,-1.1523319193960637
13321,48,107,59,0.4485981308411215,-1.0634101379502299
13322,125,246,121,0.508130081300813,0.2550306852253353
13323,61,116,55,0.5258620689655172,0.5570860145311556
13324,21,50,29,0.42,-1.131370849898476
13331,39,70,31,0.5571428571428572,0.9561828874675149
13332,24,53,29,0.4528301886792453,-0.6868028197434451
13333,27,60,33,0.45,-0.7745966692414834
13337,33,59,26,0.559322033898305,0.9113223768657671
13354,61,112,51,0.5446428571428571,0.944911182523068
13355,63,142,79,0.44366197183098594,-1.3426901732747025
13356,38,81,43,0.4691358024691358,-0.5555555555555556
13357,46,80,34,0.575,1.3416407864998738
13358,43,82,39,0.524390243902439,0.44172610429938614
13359,36,71,35,0.5070422535211268,0.11867816581938533
13360,38,79,41,0.4810126582278481,-0.3375263702778072
13361,24,51,27,0.47058823529411764,-0.42008402520840293
13362,48,90,42,0.5333333333333333,0.6324555320336759
13363,43,84,41,0.5119047619047619,0.2182178902359924
13364,38,87,49,0.4367816091954023,-1.1793237883215741
13365,44,101,57,0.43564356435643564,-1.2935483472729858
13366,37,72,35,0.5138888888888888,0.23570226039551587
13370,22,57,35,0.38596491228070173,-1.721892064184557
13373,46,92,46,0.5,0.0
13374,49,110,61,0.44545454545454544,-1.1441551070947107
13375,48,99,51,0.48484848484848486,-0.30151134457776363
13418,30,53,23,0.5660377358490566,0.9615239476408232
13420,39,73,34,0.5342465753424658,0.5852057359806528
13421,65,132,67,0.49242424242424243,-0.17407765595569785
13422,44,80,36,0.55,0.8944271909999159
13423,29,62,33,0.46774193548387094,-0.508000508000762
13425,31,59,28,0.5254237288135594,0.39056673294247163
13427,47,81,34,0.5802469135802469,1.4444444444444444
13445,17,51,34,0.3333333333333333,-2.3804761428476167
13450,19,51,32,0.37254901960784315,-1.8203641092364127
13520,25,67,42,0.373134328358209,-2.0768805540571886
13521,44,83,39,0.5301204819277109,0.5488212999484517
13522,65,131,66,0.4961832061068702,-0.0873704056661038
13523,37,69,32,0.5362318840579711,0.601929265428846
13524,43,96,53,0.4479166666666667,-1.0206207261596576
13525,64,124,60,0.5161290322580645,0.3592106040535498
13526,41,74,33,0.5540540540540541,0.9299811099505543
13529,28,50,22,0.56,0.848528137423857
13578,31,69,38,0.4492753623188406,-0.8427009716003844
13579,46,66,20,0.696969696969697,3.2003787654626508
13580,27,54,27,0.5,0.0
13581,34,58,24,0.5862068965517241,1.3130643285972254
13590,31,51,20,0.6078431372549019,1.5403080924308108
13591,23,56,33,0.4107142857142857,-1.3363062095621219
13594,22,56,34,0.39285714285714285,-1.6035674514745464
13609,22,50,28,0.44,-0.848528137423857
13611,83,156,73,0.532051282051282,0.8006407690254357
13612,40,81,41,0.49382716049382713,-0.1111111111111111
13613,30,64,34,0.46875,-0.5
13614,38,85,47,0.4470588235294118,-0.9761870601839528
13615,39,70,31,0.5571428571428572,0.9561828874675149
13617,31,88,57,0.3522727272727273,-2.7716093126229358
13618,48,113,65,0.4247787610619469,-1.5992254762521154
13619,31,65,34,0.47692307692307695,-0.3721042037676254
13620,52,100,48,0.52,0.4
13621,45,85,40,0.5294117647058824,0.5423261445466404
13622,32,67,35,0.47761194029850745,-0.36650833306891567
13623,33,60,27,0.55,0.7745966692414834
13625,30,69,39,0.43478260869565216,-1.0834726777719228
13626,52,86,34,0.6046511627906976,1.9409899176618914
13628,24,55,31,0.43636363636363634,-0.9438798074485389
13629,36,80,44,0.45,-0.8944271909999159
13630,28,64,36,0.4375,-1.0
13631,40,79,39,0.5063291139240507,0.1125087900926024
13632,31,70,39,0.44285714285714284,-0.9561828874675149
13675,30,52,22,0.5769230769230769,1.1094003924504583
13678,30,62,32,0.4838709677419355,-0.254000254000381
13680,40,91,51,0.43956043956043955,-1.1531133203941102
13701,24,58,34,0.41379310344827586,-1.3130643285972254
13702,29,50,21,0.58,1.131370849898476
13706,30,63,33,0.47619047619047616,-0.3779644730092272
13721,24,55,31,0.43636363636363634,-0.9438798074485389
13722,21,50,29,0.42,-1.131370849898476
13776,45,96,51,0.46875,-0.6123724356957946
13777,77,142,65,0.5422535211267606,1.007017629956027
13778,62,128,66,0.484375,-0.35355339059327373
13779,60,121,61,0.49586776859504134,-0.09090909090909091
13780,38,87,49,0.4367816091954023,-1.1793237883215741
13781,53,87,34,0.6091954022988506,2.03701381619181
13783,26,57,31,0.45614035087719296,-0.6622661785325219
13787,27,57,30,0.47368421052631576,-0.39735970711951313
13788,30,52,22,0.5769230769230769,1.1094003924504583
13833,30,57,27,0.5263157894736842,0.39735970711951313
13834,33,65,32,0.5076923076923077,0.12403473458920847
13835,43,84,41,0.5119047619047619,0.2182178902359924
13836,23,60,37,0.38333333333333336,-1.8073922282301278
13866,68,119,51,0.5714285714285714,1.5583874449479593
13867,33,73,40,0.4520547945205479,-0.819288030372914
13869,47,98,51,0.47959183673469385,-0.40406101782088427
13870,74,154,80,0.4805194805194805,-0.48349377841522817
13871,46,87,41,0.5287356321839081,0.5360562674188973
13872,64,117,53,0.5470085470085471,1.0169503597462533
13873,32,57,25,0.5614035087719298,0.9271726499455306
13874,27,61,34,0.4426229508196721,-0.8962581595302719
13875,35,78,43,0.44871794871794873,-0.9058216273156765
13876,38,79,41,0.4810126582278481,-0.3375263702778072
13877,39,69,30,0.5652173913043478,1.0834726777719228
13878,49,97,48,0.5051546391752577,0.10153461651336192
13880,50,98,48,0.5102040816326531,0.20203050891044214
13881,21,50,29,0.42,-1.131370849898476
13882,28,59,31,0.4745762711864407,-0.39056673294247163
13883,43,84,41,0.5119047619047619,0.2182178902359924
13884,51,103,52,0.49514563106796117,-0.09853292781642932
13885,41,80,39,0.5125,0.22360679774997896
13886,41,95,54,0.43157894736842106,-1.3337718577107005
13887,69,145,76,0.47586206896551725,-0.5813183589761798
13932,36,80,44,0.45,-0.8944271909999159
13933,38,69,31,0.5507246376811594,0.8427009716003844
13935,32,64,32,0.5,0.0
13936,31,55,24,0.5636363636363636,0.9438798074485389
13938,32,74,42,0.43243243243243246,-1.162476387438193
13978,33,65,32,0.5076923076923077,0.12403473458920847
14033,50,99,49,0.5050505050505051,0.10050378152592121
14034,51,99,48,0.5151515151515151,0.30151134457776363
14035,55,116,61,0.47413793103448276,-0.5570860145311556
14036,24,59,35,0.4067796610169492,-1.4320780207890627
14037,38,59,21,0.6440677966101694,2.213211486674006
14038,40,76,36,0.5263157894736842,0.4588314677411235
14044,22,57,35,0.38596491228070173,-1.721892064184557
14047,26,50,24,0.52,0.282842712474619
14090,81,175,94,0.46285714285714286,-0.9827076298239908
14091,43,93,50,0.46236559139784944,-0.7258661863112977
14092,29,59,30,0.4915254237288136,-0.13018891098082389
14093,26,51,25,0.5098039215686274,0.14002800840280097
14099,26,51,25,0.5098039215686274,0.14002800840280097
14117,22,52,30,0.4230769230769231,-1.1094003924504583
14122,42,79,37,0.5316455696202531,0.562543950463012
14123,42,86,44,0.4883720930232558,-0.21566554640687682
14125,34,76,42,0.4473684210526316,-0.917662935482247
14126,70,129,59,0.5426356589147286,0.9684959969581862
14127,30,60,30,0.5,0.0
14128,56,108,52,0.5185185185185185,0.3849001794597505
14129,45,77,32,0.5844155844155844,1.4814874939752933
14130,38,64,26,0.59375,1.5
14131,46,94,48,0.48936170212765956,-0.20628424925175867
14132,36,73,37,0.4931506849315068,-0.11704114719613057
14133,51,106,55,0.4811320754716981,-0.38851434494290565
14134,43,85,42,0.5058823529411764,0.10846522890932808
14135,31,58,27,0.5344827586206896,0.5252257314388902
14136,29,63,34,0.4603174603174603,-0.629940788348712
14137,36,75,39,0.48,-0.3464101615137754
14139,30,55,25,0.5454545454545454,0.674199862463242
14140,39,79,40,0.4936708860759494,-0.1125087900926024
14141,58,117,59,0.49572649572649574,-0.09245003270420485
14142,46,99,53,0.46464646464646464,-0.7035264706814485
14143,58,118,60,0.4915254237288136,-0.1841149235796647
14144,34,76,42,0.4473684210526316,-0.917662935482247
14188,29,55,26,0.5272727272727272,0.40451991747794525
14189,45,91,46,0.4945054945054945,-0.10482848367219183
14191,29,56,27,0.5178571428571429,0.2672612419124244
14194,38,62,24,0.6129032258064516,1.778001778002667
14195,28,65,37,0.4307692307692308,-1.116312611302876
14288,27,69,42,0.391304347826087,-1.805787796286538
14289,41,86,45,0.47674418604651164,-0.43133109281375365
14290,41,80,39,0.5125,0.22360679774997896
14291,30,53,23,0.5660377358490566,0.9615239476408232
14292,35,56,21,0.625,1.8708286933869707
14293,30,56,26,0.5357142857142857,0.5345224838248488
14301,31,59,28,0.5254237288135594,0.39056673294247163
14302,35,56,21,0.625,1.8708286933869707
14345,44,84,40,0.5238095238095238,0.4364357804719848
14346,69,139,70,0.49640287769784175,-0.08481889296799709
14347,39,80,41,0.4875,-0.22360679774997896
14377,36,74,38,0.4864864864864865,-0.23249527748763857
14378,25,51,26,0.49019607843137253,-0.14002800840280097
14379,37,69,32,0.5362318840579711,0.601929265428846
14380,22,51,29,0.43137254901960786,-0.9801960588196068
14381,31,53,22,0.5849056603773585,1.2362450755382013
14382,59,107,48,0.5514018691588785,1.0634101379502299
14383,40,72,32,0.5555555555555556,0.9428090415820635
14384,25,56,31,0.44642857142857145,-0.8017837257372732
14385,35,71,36,0.49295774647887325,-0.11867816581938533
14386,29,76,47,0.3815789473684211,-2.0647416048350555
14387,49,109,60,0.44954128440366975,-1.0536089137432665
14388,41,78,37,0.5256410256410257,0.45291081365783825
14389,46,91,45,0.5054945054945055,0.10482848367219183
14390,47,111,64,0.42342342342342343,-1.6135685927792485
14391,50,74,24,0.6756756756756757,3.0224386073393013
14392,36,61,25,0.5901639344262295,1.4084056792618558
14395,22,50,28,0.44,-0.848528137423857
14396,51,109,58,0.46788990825688076,-0.6704783996548059
14397,75,156,81,0.4807692307692308,-0.48038446141526137
14398,61,131,70,0.46564885496183206,-0.7863336509949341
14399,51,102,51,0.5,0.0
14440,37,68,31,0.5441176470588235,0.7276068751089989
14441,25,63,38,0.3968253968253968,-1.6378460497066512
14444,52,105,53,0.49523809523809526,-0.09759000729485333
14445,32,56,24,0.5714285714285714,1.0690449676496976
14446,32,62,30,0.5161290322580645,0.254000254000381
14448,32,55,23,0.5818181818181818,1.2135597524338357
14449,21,52,31,0.40384615384615385,-1.386750490563073
14450,33,78,45,0.4230769230769231,-1.3587324409735149
14460,23,51,28,0.45098039215686275,-0.7001400420140048
14468,34,62,28,0.5483870967741935,0.762000762001143
14469,23,55,32,0.41818181818181815,-1.2135597524338357
14471,30,54,24,0.5555555555555556,0.816496580927726
14545,29,60,31,0.48333333333333334,-0.2581988897471611
14546,50,93,43,0.5376344086021505,0.7258661863112977
14547,37,67,30,0.5522388059701493,0.8551861104941365
14548,27,62,35,0.43548387096774194,-1.016001016001524
14549,33,64,31,0.515625,0.25
14550,27,57,30,0.47368421052631576,-0.39735970711951313
14602,49,99,50,0.494949494949495,-0.10050378152592121
14603,49,109,60,0.44954128440366975,-1.0536089137432665
14634,33,70,37,0.4714285714285714,-0.47809144373375745
14635,32,60,28,0.5333333333333333,0.5163977794943222
14636,31,56,25,0.5535714285714286,0.8017837257372732
14638,47,80,33,0.5875,1.5652475842498528
14639,41,85,44,0.4823529411764706,-0.32539568672798425
14640,25,51,26,0.49019607843137253,-0.14002800840280097
14641,40,82,42,0.4878048780487805,-0.22086305214969307
14642,56,108,52,0.5185185185185185,0.3849001794597505
14643,45,79,34,0.569620253164557,1.2375966910186262
14644,46,101,55,0.45544554455445546,-0.8955334711889903
14646,30,71,41,0.4225352112676056,-1.3054598240132387
14647,35,77,42,0.45454545454545453,-0.7977240352174656
14649,24,53,29,0.4528301886792453,-0.6868028197434451
14651,28,53,25,0.5283018867924528,0.4120816918460671
14652,33,57,24,0.5789473684210527,1.1920791213585393
14653,55,86,31,0.6395348837209303,2.5879865568825218
14654,74,170,96,0.43529411764705883,-1.687322975464215
14655,35,77,42,0.45454545454545453,-0.7977240352174656
14656,29,62,33,0.46774193548387094,-0.508000508000762
14696,50,95,45,0.5263157894736842,0.5129891760425771
14697,29,51,22,0.5686274509803921,0.9801960588196068
14703,33,56,23,0.5892857142857143,1.3363062095621219
14715,26,50,24,0.52,0.282842712474619
14716,33,72,39,0.4583333333333333,-0.7071067811865476
14801,22,56,34,0.39285714285714285,-1.6035674514745464
14802,60,118,58,0.5084745762711864,0.1841149235796647
14803,39,82,43,0.47560975609756095,-0.44172610429938614
14804,28,62,34,0.45161290322580644,-0.762000762001143
14805,29,63,34,0.4603174603174603,-0.629940788348712
14858,33,65,32,0.5076923076923077,0.12403473458920847
14882,34,65,31,0.5230769230769231,0.3721042037676254
14889,30,55,25,0.5454545454545454,0.674199862463242
14890,31,80,49,0.3875,-2.0124611797498106
14891,29,61,32,0.47540983606557374,-0.3841106397986879
14892,31,61,30,0.5081967213114754,0.12803687993289598
14896,35,69,34,0.5072463768115942,0.1203858530857692
14897,26,69,43,0.37681159420289856,-2.0465595024580763
14898,28,60,32,0.4666666666666667,-0.5163977794943222
14899,40,75,35,0.5333333333333333,0.5773502691896257
14900,25,73,48,0.3424657534246575,-2.6919463855110033
14901,47,79,32,0.5949367088607594,1.6876318513890358
14902,26,59,33,0.4406779661016949,-0.9113223768657671
14906,34,80,46,0.425,-1.3416407864998738
14907,29,62,33,0.46774193548387094,-0.508000508000762
14908,24,54,30,0.4444444444444444,-0.816496580927726
14909,43,76,33,0.5657894736842105,1.1470786693528088
14910,40,70,30,0.5714285714285714,1.1952286093343936
14952,30,53,23,0.5660377358490566,0.9615239476408232
14960,31,63,32,0.49206349206349204,-0.1259881576697424
14996,32,50,18,0.64,1.979898987322333
15058,66,130,64,0.5076923076923077,0.17541160386140586
15059,64,112,48,0.5714285714285714,1.5118578920369088
15060,26,56,30,0.4642857142857143,-0.5345224838248488
15061,36,73,37,0.4931506849315068,-0.11704114719613057
15120,21,53,32,0.39622641509433965,-1.5109662034355793
15131,23,50,27,0.46,-0.565685424949238
15137,40,81,41,0.49382716049382713,-0.1111111111111111
15138,42,75,33,0.56,1.0392304845413263
15147,21,50,29,0.42,-1.131370849898476
15148,25,59,34,0.423728813559322,-1.171700198827415
15153,46,100,54,0.46,-0.8
15154,29,60,31,0.48333333333333334,-0.2581988897471611
15155,41,84,43,0.4880952380952381,-0.2182178902359924
15156,37,63,26,0.5873015873015873,1.3858697343671664
15157,32,73,41,0.4383561643835616,-1.0533703247651751
15158,27,60,33,0.45,-0.7745966692414834
15159,40,88,48,0.45454545454545453,-0.8528028654224417
15160,45,89,44,0.5056179775280899,0.105999788000636
15161,32,66,34,0.48484848484848486,-0.24618298195866545
15162,36,69,33,0.5217391304347826,0.3611575592573076
15163,46,99,53,0.46464646464646464,-0.7035264706814485
15164,29,59,30,0.4915254237288136,-0.13018891098082389
15165,21,54,33,0.3888888888888889,-1.632993161855452
15167,35,59,24,0.5932203389830508,1.4320780207890627
15208,35,64,29,0.546875,0.75
15209,49,79,30,0.620253164556962,2.1376670117594454
15216,20,53,33,0.37735849056603776,-1.7856873313329573
15217,27,52,25,0.5192307692307693,0.2773500981126146
15236,27,50,23,0.54,0.565685424949238
15240,30,53,23,0.5660377358490566,0.9615239476408232
15313,26,52,26,0.5,0.0
15314,82,163,81,0.5030674846625767,0.07832604499879574
15315,33,57,24,0.5789473684210527,1.1920791213585393
15316,35,71,36,0.49295774647887325,-0.11867816581938533
15317,17,53,36,0.32075471698113206,-2.6098507150250914
15385,26,58,32,0.4482758620689655,-0.7878385971583353
15392,30,52,22,0.5769230769230769,1.1094003924504583
15393,59,98,39,0.6020408163265306,2.0203050891044216
15394,41,89,48,0.4606741573033708,-0.741998516004452
15395,34,92,58,0.3695652173913043,-2.5021729686848975
15403,35,81,46,0.43209876543209874,-1.2222222222222223
15404,37,70,33,0.5285714285714286,0.47809144373375745
15405,44,68,24,0.6470588235294118,2.42535625036333
15408,48,103,55,0.46601941747572817,-0.6897304947150052
15410,28,65,37,0.4307692307692308,-1.116312611302876
15411,37,92,55,0.40217391304347827,-1.876629726513673
15412,38,80,42,0.475,-0.4472135954999579
15414,43,85,42,0.5058823529411764,0.10846522890932808
15415,54,100,46,0.54,0.8
15416,53,92,39,0.5760869565217391,1.4596008983995234
15417,42,82,40,0.5121951219512195,0.22086305214969307
15418,59,108,49,0.5462962962962963,0.9622504486493763
15419,53,99,46,0.5353535353535354,0.7035264706814485
15420,30,68,38,0.4411764705882353,-0.9701425001453319
15421,20,60,40,0.3333333333333333,-2.581988897471611
15422,42,86,44,0.4883720930232558,-0.21566554640687682
15462,32,52,20,0.6153846153846154,1.6641005886756874
15463,62,115,53,0.5391304347826087,0.8392543274162825
15464,32,78,46,0.41025641025641024,-1.585187847802434
15496,42,87,45,0.4827586206896552,-0.3216337604513384
15497,24,61,37,0.39344262295081966,-1.6644794391276478
15570,27,55,28,0.4909090909090909,-0.13483997249264842
15571,36,66,30,0.5454545454545454,0.7385489458759964
15572,22,53,31,0.41509433962264153,-1.2362450755382013
15611,38,65,27,0.5846153846153846,1.3643820804812932
15612,36,77,41,0.4675324675324675,-0.5698028822981898
15633,54,115,61,0.46956521739130436,-0.6527533657682196
15648,22,58,36,0.3793103448275862,-1.8382900600361156
15649,61,107,46,0.5700934579439252,1.4501047335684953
15650,49,97,48,0.5051546391752577,0.10153461651336192
15651,36,75,39,0.48,-0.3464101615137754
15659,37,85,48,0.43529411764705883,-1.193117518002609
15660,45,105,60,0.42857142857142855,-1.4638501094227998
15661,30,68,38,0.4411764705882353,-0.9701425001453319
15663,32,66,34,0.48484848484848486,-0.24618298195866545
15664,30,62,32,0.4838709677419355,-0.254000254000381
15665,36,65,29,0.5538461538461539,0.8682431421244593
15666,38,73,35,0.5205479452054794,0.3511234415883917
15667,39,65,26,0.6,1.61245154965971
15668,32,63,31,0.5079365079365079,0.1259881576697424
15669,31,60,29,0.5166666666666667,0.2581988897471611
15670,46,94,48,0.48936170212765956,-0.20628424925175867
15671,69,151,82,0.45695364238410596,-1.0579249964025073
15672,84,166,82,0.5060240963855421,0.15523010514126656
15673,37,72,35,0.5138888888888888,0.23570226039551587
15674,50,95,45,0.5263157894736842,0.5129891760425771
15675,73,134,61,0.5447761194029851,1.0366421106976322
15676,53,100,47,0.53,0.6
15677,43,93,50,0.46236559139784944,-0.7258661863112977
15719,26,59,33,0.4406779661016949,-0.9113223768657671
15720,46,95,49,0.4842105263157895,-0.30779350562554625
15722,27,54,27,0.5,0.0
15751,34,67,33,0.5074626865671642,0.12216944435630522
15752,35,84,49,0.4166666666666667,-1.5275252316519468
15866,39,58,19,0.6724137931034483,2.626128657194451
15867,34,66,32,0.5151515151515151,0.24618298195866545
15868,31,72,41,0.4305555555555556,-1.1785113019775793
15869,30,64,34,0.46875,-0.5
15888,44,82,38,0.5365853658536586,0.6625891564490792
15889,44,100,56,0.44,-1.2
15901,24,53,29,0.4528301886792453,-0.6868028197434451
15904,30,58,28,0.5172413793103449,0.2626128657194451
15905,39,81,42,0.48148148148148145,-0.3333333333333333
15906,35,69,34,0.5072463768115942,0.1203858530857692
15907,30,62,32,0.4838709677419355,-0.254000254000381
15913,24,56,32,0.42857142857142855,-1.0690449676496976
15915,39,87,48,0.4482758620689655,-0.9649012813540153
15916,32,65,33,0.49230769230769234,-0.12403473458920847
15917,40,84,44,0.47619047619047616,-0.4364357804719848
15918,35,76,41,0.4605263157894737,-0.6882472016116852
15919,34,66,32,0.5151515151515151,0.24618298195866545
15925,26,51,25,0.5098039215686274,0.14002800840280097
15926,56,108,52,0.5185185185185185,0.3849001794597505
15927,44,91,47,0.4835164835164835,-0.3144854510165755
15928,36,67,31,0.5373134328358209,0.6108472217815261
15929,36,61,25,0.5901639344262295,1.4084056792618558
15930,39,70,31,0.5571428571428572,0.9561828874675149
15931,45,87,42,0.5172413793103449,0.3216337604513384
15932,28,55,27,0.509090909090909,0.13483997249264842
15933,32,58,26,0.5517241379310345,0.7878385971583353
16008,44,102,58,0.43137254901960786,-1.3862065601673441
16090,29,67,38,0.43283582089552236,-1.099524999206747
16123,27,61,34,0.4426229508196721,-0.8962581595302719
16124,31,65,34,0.47692307692307695,-0.3721042037676254
16125,35,70,35,0.5,0.0
16145,21,61,40,0.3442622950819672,-2.4327007187250236
16146,43,73,30,0.589041095890411,1.5215349135496974
16158,32,68,36,0.47058823529411764,-0.48507125007266594
16159,31,62,31,0.5,0.0
16169,31,60,29,0.5166666666666667,0.2581988897471611
16170,41,80,39,0.5125,0.22360679774997896
16171,40,82,42,0.4878048780487805,-0.22086305214969307
16172,28,61,33,0.45901639344262296,-0.6401843996644799
16173,25,50,25,0.5,0.0
16174,46,93,47,0.4946236559139785,-0.10369516947304253
16175,32,66,34,0.48484848484848486,-0.24618298195866545
16179,35,67,32,0.5223880597014925,0.36650833306891567
16182,28,56,28,0.5,0.0
16183,58,120,62,0.48333333333333334,-0.3651483716701107
16184,35,63,28,0.5555555555555556,0.8819171036881969
16185,28,64,36,0.4375,-1.0
16186,58,115,57,0.5043478260869565,0.09325048082403138
16187,47,98,51,0.47959183673469385,-0.40406101782088427
16188,38,72,34,0.5277777777777778,0.47140452079103173
16189,44,80,36,0.55,0.8944271909999159
16264,29,65,36,0.4461538461538462,-0.8682431421244593
16268,34,64,30,0.53125,0.5
16339,31,65,34,0.47692307692307695,-0.3721042037676254
16345,51,85,34,0.6,1.8439088914585775
16346,44,93,49,0.4731182795698925,-0.5184758473652127
16347,25,62,37,0.4032258064516129,-1.524001524002286
16380,27,53,26,0.5094339622641509,0.13736056394868904
16381,31,78,47,0.3974358974358974,-1.811643254631353
16400,27,54,27,0.5,0.0
16401,28,58,30,0.4827586206896552,-0.2626128657194451
16402,32,60,28,0.5333333333333333,0.5163977794943222
16411,28,58,30,0.4827586206896552,-0.2626128657194451
16414,32,55,23,0.5818181818181818,1.2135597524338357
16425,44,98,54,0.4489795918367347,-1.0101525445522108
16426,34,85,51,0.4,-1.8439088914585775
16427,33,56,23,0.5892857142857143,1.3363062095621219
16429,36,76,40,0.47368421052631576,-0.4588314677411235
16432,29,54,25,0.5370370370370371,0.5443310539518174
16434,21,59,38,0.3559322033898305,-2.213211486674006
16437,28,60,32,0.4666666666666667,-0.5163977794943222
16438,50,91,41,0.5494505494505495,0.9434563530497265
16439,36,65,29,0.5538461538461539,0.8682431421244593
16440,49,85,36,0.5764705882352941,1.4100479758212652
16441,33,78,45,0.4230769230769231,-1.3587324409735149
16442,71,132,61,0.5378787878787878,0.8703882797784892
16443,48,95,47,0.5052631578947369,0.10259783520851541
16444,41,65,24,0.6307692307692307,2.108590488016544
16445,28,63,35,0.4444444444444444,-0.8819171036881969
16490,29,57,28,0.5087719298245614,0.13245323570650439
16507,29,51,22,0.5686274509803921,0.9801960588196068
16595,32,60,28,0.5333333333333333,0.5163977794943222
16596,27,56,29,0.48214285714285715,-0.2672612419124244
16602,38,76,38,0.5,0.0
16603,36,74,38,0.4864864864864865,-0.23249527748763857
16637,27,52,25,0.5192307692307693,0.2773500981126146
16659,30,60,30,0.5,0.0
16668,25,52,27,0.4807692307692308,-0.2773500981126146
16670,21,50,29,0.42,-1.131370849898476
16671,15,51,36,0.29411764705882354,-2.9405881764588204
16681,52,109,57,0.47706422018348627,-0.47891314261057566
16682,64,103,39,0.6213592233009708,2.463323195410733
16683,50,79,29,0.6329113924050633,2.3626845919446504
16684,29,56,27,0.5178571428571429,0.2672612419124244
16686,20,52,32,0.38461538461538464,-1.6641005886756874
16687,28,65,37,0.4307692307692308,-1.116312611302876
16688,27,53,26,0.5094339622641509,0.13736056394868904
16695,36,79,43,0.45569620253164556,-0.7875615306482168
16696,24,57,33,0.42105263157894735,-1.1920791213585393
16697,47,107,60,0.4392523364485981,-1.2567574357593625
16698,43,97,54,0.44329896907216493,-1.116880781646981
16699,39,84,45,0.4642857142857143,-0.6546536707079772
16700,39,73,34,0.5342465753424658,0.5852057359806528
16701,39,92,53,0.42391304347826086,-1.4596008983995234
16752,37,77,40,0.4805194805194805,-0.3418817293789138
16753,51,88,37,0.5795454545454546,1.4924050144892729
16780,29,52,23,0.5576923076923077,0.8320502943378437
16850,28,63,35,0.4444444444444444,-0.8819171036881969
16857,34,65,31,0.5230769230769231,0.3721042037676254
16858,33,55,22,0.6,1.4832396974191326
16912,22,53,31,0.41509433962264153,-1.2362450755382013
16913,23,50,27,0.46,-0.565685424949238
16922,31,54,23,0.5740740740740741,1.0886621079036347
16926,20,57,37,0.3508771929824561,-2.2517050070105746
16930,28,50,22,0.56,0.848528137423857
16936,33,73,40,0.4520547945205479,-0.819288030372914
16937,43,107,64,0.40186915887850466,-2.030146626995893
16938,38,82,44,0.4634146341463415,-0.6625891564490792
16939,44,77,33,0.5714285714285714,1.2535663410560174
16942,28,62,34,0.45161290322580644,-0.762000762001143
16944,30,60,30,0.5,0.0
16950,37,78,41,0.47435897435897434,-0.45291081365783825
16951,39,81,42,0.48148148148148145,-0.3333333333333333
16952,41,85,44,0.4823529411764706,-0.32539568672798425
16953,45,85,40,0.5294117647058824,0.5423261445466404
16954,30,61,31,0.4918032786885246,-0.12803687993289598
16955,36,78,42,0.46153846153846156,-0.6793662204867574
16956,42,80,38,0.525,0.4472135954999579
16957,45,107,62,0.4205607476635514,-1.643452031377628
17007,23,53,30,0.4339622641509434,-0.9615239476408232
17017,28,60,32,0.4666666666666667,-0.5163977794943222
17114,58,107,49,0.5420560747663551,0.8700628401410971
17115,34,69,35,0.4927536231884058,-0.1203858530857692
17142,21,55,34,0.38181818181818183,-1.7529196424044293
17171,25,57,32,0.43859649122807015,-0.9271726499455306
17177,31,51,20,0.6078431372549019,1.5403080924308108
17179,21,50,29,0.42,-1.131370849898476
17194,32,62,30,0.5161290322580645,0.254000254000381
17196,37,66,29,0.5606060606060606,0.9847319278346618
17199,26,53,27,0.49056603773584906,-0.13736056394868904
17200,34,63,29,0.5396825396825397,0.629940788348712
17205,26,58,32,0.4482758620689655,-0.7878385971583353
17208,31,56,25,0.5535714285714286,0.8017837257372732
17209,36,68,32,0.5294117647058824,0.48507125007266594
17211,40,74,34,0.5405405405405406,0.6974858324629157
17212,60,108,48,0.5555555555555556,1.1547005383792515
17213,63,128,65,0.4921875,-0.17677669529663687
17214,50,99,49,0.5050505050505051,0.10050378152592121
17252,34,68,34,0.5,0.0
17253,25,74,49,0.33783783783783783,-2.789943329851663
17264,27,50,23,0.54,0.565685424949238
17369,34,59,25,0.576271186440678,1.171700198827415
17370,31,64,33,0.484375,-0.25
17398,33,58,25,0.5689655172413793,1.0504514628777804
17425,32,54,22,0.5925925925925926,1.3608276348795434
17426,30,52,22,0.5769230769230769,1.1094003924504583
17427,31,57,26,0.543859649122807,0.6622661785325219
17433,27,57,30,0.47368421052631576,-0.39735970711951313
17449,31,52,21,0.5961538461538461,1.386750490563073
17451,41,78,37,0.5256410256410257,0.45291081365783825
17460,32,57,25,0.5614035087719298,0.9271726499455306
17461,40,66,26,0.6060606060606061,1.7232808737106582
17464,46,85,39,0.5411764705882353,0.7592566023652966
17466,32,61,29,0.5245901639344263,0.3841106397986879
17467,34,58,24,0.5862068965517241,1.3130643285972254
17468,22,51,29,0.43137254901960786,-0.9801960588196068
17469,30,51,21,0.5882352941176471,1.2602520756252087
17507,24,53,29,0.4528301886792453,-0.6868028197434451
17508,39,74,35,0.527027027027027,0.46499055497527714
17519,34,63,29,0.5396825396825397,0.629940788348712
17520,33,73,40,0.4520547945205479,-0.819288030372914
17522,42,63,21,0.6666666666666666,2.6457513110645903
17534,32,64,32,0.5,0.0
17549,33,57,24,0.5789473684210527,1.1920791213585393
17550,25,56,31,0.44642857142857145,-0.8017837257372732
17625,29,61,32,0.47540983606557374,-0.3841106397986879
17626,29,61,32,0.47540983606557374,-0.3841106397986879
17654,34,56,22,0.6071428571428571,1.6035674514745464
17655,30,51,21,0.5882352941176471,1.2602520756252087
17690,35,57,22,0.6140350877192983,1.721892064184557
17697,26,50,24,0.52,0.282842712474619
17706,18,61,43,0.29508196721311475,-3.2009219983223995
17707,49,99,50,0.494949494949495,-0.10050378152592121
17708,33,63,30,0.5238095238095238,0.3779644730092272
17710,32,56,24,0.5714285714285714,1.0690449676496976
17715,27,51,24,0.5294117647058824,0.42008402520840293
17716,26,53,27,0.49056603773584906,-0.13736056394868904
17717,29,64,35,0.453125,-0.75
17718,32,61,29,0.5245901639344263,0.3841106397986879
17720,30,70,40,0.42857142857142855,-1.1952286093343936
17721,47,84,37,0.5595238095238095,1.091089451179962
17723,24,59,35,0.4067796610169492,-1.4320780207890627
17724,33,64,31,0.515625,0.25
17764,27,63,36,0.42857142857142855,-1.1338934190276817
17778,30,51,21,0.5882352941176471,1.2602520756252087
17779,28,56,28,0.5,0.0
17789,27,53,26,0.5094339622641509,0.13736056394868904
17790,26,52,26,0.5,0.0
17805,26,53,27,0.49056603773584906,-0.13736056394868904
17879,32,60,28,0.5333333333333333,0.5163977794943222
17880,19,51,32,0.37254901960784315,-1.8203641092364127
17881,27,51,24,0.5294117647058824,0.42008402520840293
17882,35,74,39,0.47297297297297297,-0.46499055497527714
17910,32,56,24,0.5714285714285714,1.0690449676496976
17948,36,65,29,0.5538461538461539,0.8682431421244593
17962,44,83,39,0.5301204819277109,0.5488212999484517
17963,32,78,46,0.41025641025641024,-1.585187847802434
17972,40,72,32,0.5555555555555556,0.9428090415820635
17973,36,75,39,0.48,-0.3464101615137754
17975,40,65,25,0.6153846153846154,1.860521018838127
17976,30,76,46,0.39473684210526316,-1.835325870964494
17977,46,108,62,0.42592592592592593,-1.539600717839002
17978,44,82,38,0.5365853658536586,0.6625891564490792
17979,27,72,45,0.375,-2.121320343559643
17980,26,55,29,0.4727272727272727,-0.40451991747794525
18019,32,60,28,0.5333333333333333,0.5163977794943222
18020,23,51,28,0.45098039215686275,-0.7001400420140048
18065,27,53,26,0.5094339622641509,0.13736056394868904
18071,31,52,21,0.5961538461538461,1.386750490563073
18133,31,65,34,0.47692307692307695,-0.3721042037676254
18136,18,50,32,0.36,-1.979898987322333
18215,35,59,24,0.5932203389830508,1.4320780207890627
18218,36,60,24,0.6,1.5491933384829668
18219,50,96,46,0.5208333333333334,0.4082482904638631
18222,44,69,25,0.6376811594202898,2.287331208629615
18227,27,52,25,0.5192307692307693,0.2773500981126146
18228,45,83,38,0.5421686746987951,0.7683498199278324
18229,89,168,79,0.5297619047619048,0.7715167498104595
18230,56,100,44,0.56,1.2
18231,39,80,41,0.4875,-0.22360679774997896
18232,22,54,32,0.4074074074074074,-1.3608276348795434
18233,38,67,29,0.5671641791044776,1.099524999206747
18234,42,78,36,0.5384615384615384,0.6793662204867574
18235,42,106,64,0.39622641509433965,-2.136828897185981
18236,31,70,39,0.44285714285714284,-0.9561828874675149
18237,37,68,31,0.5441176470588235,0.7276068751089989
18275,25,53,28,0.4716981132075472,-0.4120816918460671
18290,27,72,45,0.375,-2.121320343559643
18316,33,52,19,0.6346153846153846,1.9414506867883021
18321,31,53,22,0.5849056603773585,1.2362450755382013
18388,39,87,48,0.4482758620689655,-0.9649012813540153
18389,47,85,38,0.5529411764705883,0.9761870601839528
18390,31,59,28,0.5254237288135594,0.39056673294247163
18446,34,77,43,0.44155844155844154,-1.0256451881367414
18465,35,86,51,0.4069767441860465,-1.7253243712550146
18470,34,69,35,0.4927536231884058,-0.1203858530857692
18471,44,85,41,0.5176470588235295,0.32539568672798425
18473,27,67,40,0.40298507462686567,-1.5882027766319677
18474,39,88,49,0.4431818181818182,-1.0660035817780522
18475,51,110,59,0.4636363636363636,-0.7627700713964739
18476,29,53,24,0.5471698113207547,0.6868028197434451
18477,27,67,40,0.40298507462686567,-1.5882027766319677
18478,44,89,45,0.4943820224719101,-0.105999788000636
18479,24,50,26,0.48,-0.282842712474619
18482,45,95,50,0.47368421052631576,-0.5129891760425771
18483,31,64,33,0.484375,-0.25
18484,50,106,56,0.4716981132075472,-0.5827715174143585
18485,42,85,43,0.49411764705882355,-0.10846522890932808
18486,37,85,48,0.43529411764705883,-1.193117518002609
18487,37,74,37,0.5,0.0
18488,30,81,51,0.37037037037037035,-2.3333333333333335
18489,33,66,33,0.5,0.0
18490,39,83,44,0.46987951807228917,-0.5488212999484517
18491,34,68,34,0.5,0.0
18493,29,66,37,0.4393939393939394,-0.9847319278346618
18536,33,61,28,0.5409836065573771,0.6401843996644799
18544,39,70,31,0.5571428571428572,0.9561828874675149
18545,43,89,46,0.48314606741573035,-0.31799936400190804
18553,26,55,29,0.4727272727272727,-0.40451991747794525
18644,23,50,27,0.46,-0.565685424949238
18645,43,82,39,0.524390243902439,0.44172610429938614
18646,36,71,35,0.5070422535211268,0.11867816581938533
18647,39,71,32,0.5492957746478874,0.8307471607356973
18651,30,53,23,0.5660377358490566,0.9615239476408232
18703,28,62,34,0.45161290322580644,-0.762000762001143
18706,29,51,22,0.5686274509803921,0.9801960588196068
18720,24,53,29,0.4528301886792453,-0.6868028197434451
18721,31,84,53,0.36904761904761907,-2.400396792595916
18722,28,60,32,0.4666666666666667,-0.5163977794943222
18727,50,84,34,0.5952380952380952,1.7457431218879391
18728,37,74,37,0.5,0.0
18730,33,71,38,0.4647887323943662,-0.5933908290969266
18731,25,78,53,0.32051282051282054,-3.170375695604868
18732,66,128,62,0.515625,0.35355339059327373
18733,30,67,37,0.44776119402985076,-0.8551861104941365
18734,38,80,42,0.475,-0.4472135954999579
18735,25,55,30,0.45454545454545453,-0.674199862463242
18737,24,58,34,0.41379310344827586,-1.3130643285972254
18738,35,64,29,0.546875,0.75
18739,24,58,34,0.41379310344827586,-1.3130643285972254
18740,37,89,52,0.4157303370786517,-1.58999682000954
18741,45,90,45,0.5,0.0
18742,30,57,27,0.5263157894736842,0.39735970711951313
18743,44,90,46,0.4888888888888889,-0.21081851067789195
18744,23,55,32,0.41818181818181815,-1.2135597524338357
18745,26,53,27,0.49056603773584906,-0.13736056394868904
18746,29,51,22,0.5686274509803921,0.9801960588196068
18747,39,72,33,0.5416666666666666,0.7071067811865476
18792,31,61,30,0.5081967213114754,0.12803687993289598
18793,35,65,30,0.5384615384615384,0.6201736729460423
18800,43,85,42,0.5058823529411764,0.10846522890932808
18801,49,106,57,0.46226415094339623,-0.7770286898858113
18802,51,94,43,0.5425531914893617,0.8251369970070347
18804,33,56,23,0.5892857142857143,1.3363062095621219
18808,46,98,52,0.46938775510204084,-0.6060915267313265
18817,30,56,26,0.5357142857142857,0.5345224838248488
18828,20,50,30,0.4,-1.414213562373095
18900,41,74,33,0.5540540540540541,0.9299811099505543
18901,47,84,37,0.5595238095238095,1.091089451179962
18902,41,85,44,0.4823529411764706,-0.32539568672798425
18903,32,64,32,0.5,0.0
18906,36,64,28,0.5625,1.0
18929,27,52,25,0.5192307692307693,0.2773500981126146
18934,34,67,33,0.5074626865671642,0.12216944435630522
18947,27,55,28,0.4909090909090909,-0.13483997249264842
18977,32,56,24,0.5714285714285714,1.0690449676496976
18984,32,65,33,0.49230769230769234,-0.12403473458920847
18985,31,67,36,0.4626865671641791,-0.6108472217815261
18986,34,65,31,0.5230769230769231,0.3721042037676254
18987,34,74,40,0.4594594594594595,-0.6974858324629157
18988,45,82,37,0.5487804878048781,0.8834522085987723
18989,51,99,48,0.5151515151515151,0.30151134457776363
18990,42,84,42,0.5,0.0
18991,35,73,38,0.4794520547945205,-0.3511234415883917
18992,33,72,39,0.4583333333333333,-0.7071067811865476
18993,44,91,47,0.4835164835164835,-0.3144854510165755
18994,42,80,38,0.525,0.4472135954999579
18995,43,85,42,0.5058823529411764,0.10846522890932808
18996,79,151,72,0.5231788079470199,0.5696519211398116
18997,42,74,32,0.5675675675675675,1.162476387438193
18998,48,112,64,0.42857142857142855,-1.5118578920369088
18999,36,76,40,0.47368421052631576,-0.4588314677411235
19000,26,54,28,0.48148148148148145,-0.2721655269759087
19002,22,51,29,0.43137254901960786,-0.9801960588196068
19042,24,51,27,0.47058823529411764,-0.42008402520840293
19048,36,75,39,0.48,-0.3464101615137754
19056,54,106,52,0.5094339622641509,0.19425717247145283
19057,56,115,59,0.48695652173913045,-0.27975144247209416
19060,37,67,30,0.5522388059701493,0.8551861104941365
19065,38,71,33,0.5352112676056338,0.5933908290969266
19085,23,54,31,0.42592592592592593,-1.0886621079036347
19157,46,93,47,0.4946236559139785,-0.10369516947304253
19158,40,74,34,0.5405405405405406,0.6974858324629157
19162,50,88,38,0.5681818181818182,1.2792042981336627
19167,28,58,30,0.4827586206896552,-0.2626128657194451
19178,29,53,24,0.5471698113207547,0.6868028197434451
19185,28,54,26,0.5185185185185185,0.2721655269759087
19186,39,83,44,0.46987951807228917,-0.5488212999484517
19190,26,54,28,0.48148148148148145,-0.2721655269759087
19203,16,50,34,0.32,-2.545584412271571
19216,25,52,27,0.4807692307692308,-0.2773500981126146
19220,26,56,30,0.4642857142857143,-0.5345224838248488
19233,34,57,23,0.5964912280701754,1.4569855927715483
19234,27,59,32,0.4576271186440678,-0.6509445549041194
19239,31,59,28,0.5254237288135594,0.39056673294247163
19240,37,61,24,0.6065573770491803,1.6644794391276478
19241,44,80,36,0.55,0.8944271909999159
19242,23,56,33,0.4107142857142857,-1.3363062095621219
19243,39,61,22,0.639344262295082,2.1766269588592317
19244,26,59,33,0.4406779661016949,-0.9113223768657671
19245,38,69,31,0.5507246376811594,0.8427009716003844
19246,60,122,62,0.4918032786885246,-0.18107149208503706
19247,25,51,26,0.49019607843137253,-0.14002800840280097
19248,47,78,31,0.6025641025641025,1.811643254631353
19250,56,127,71,0.4409448818897638,-1.3310347641241707
19251,40,84,44,0.47619047619047616,-0.4364357804719848
19252,56,107,51,0.5233644859813084,0.4833682445228318
19253,37,76,39,0.4868421052631579,-0.22941573387056174
19254,30,57,27,0.5263157894736842,0.39735970711951313
19255,52,101,49,0.5148514851485149,0.29851115706299675
19256,36,80,44,0.45,-0.8944271909999159
19259,39,70,31,0.5571428571428572,0.9561828874675149
19297,29,65,36,0.4461538461538462,-0.8682431421244593
19298,35,76,41,0.4605263157894737,-0.6882472016116852
19305,29,67,38,0.43283582089552236,-1.099524999206747
19313,56,113,57,0.49557522123893805,-0.09407208683835973
19314,59,118,59,0.5,0.0
19316,27,51,24,0.5294117647058824,0.42008402520840293
19413,40,68,28,0.5882352941176471,1.4552137502179978
19414,39,84,45,0.4642857142857143,-0.6546536707079772
19419,26,52,26,0.5,0.0
19423,37,56,19,0.6607142857142857,2.4053511772118195
19431,28,53,25,0.5283018867924528,0.4120816918460671
19440,37,74,37,0.5,0.0
19441,55,106,51,0.5188679245283019,0.38851434494290565
19442,23,53,30,0.4339622641509434,-0.9615239476408232
19458,26,58,32,0.4482758620689655,-0.7878385971583353
19471,32,59,27,0.5423728813559322,0.6509445549041194
19474,25,50,25,0.5,0.0
19484,34,61,27,0.5573770491803278,0.8962581595302719
19485,37,62,25,0.5967741935483871,1.524001524002286
19487,26,58,32,0.4482758620689655,-0.7878385971583353
19488,28,55,27,0.509090909090909,0.13483997249264842
19492,27,59,32,0.4576271186440678,-0.6509445549041194
19496,31,57,26,0.543859649122807,0.6622661785325219
19497,51,103,52,0.49514563106796117,-0.09853292781642932
19499,27,67,40,0.40298507462686567,-1.5882027766319677
19500,24,54,30,0.4444444444444444,-0.816496580927726
19501,32,65,33,0.49230769230769234,-0.12403473458920847
19502,23,51,28,0.45098039215686275,-0.7001400420140048
19504,41,81,40,0.5061728395061729,0.1111111111111111
19505,24,51,27,0.47058823529411764,-0.42008402520840293
19506,44,96,52,0.4583333333333333,-0.8164965809277261
19507,77,157,80,0.49044585987261147,-0.23942606534028665
19508,57,104,47,0.5480769230769231,0.9805806756909202
19509,27,61,34,0.4426229508196721,-0.8962581595302719
19510,33,59,26,0.559322033898305,0.9113223768657671
19511,63,110,47,0.5727272727272728,1.5255401427929478
19553,71,131,60,0.5419847328244275,0.9610744623271417
19554,27,52,25,0.5192307692307693,0.2773500981126146
19560,29,52,23,0.5576923076923077,0.8320502943378437
19562,33,67,34,0.4925373134328358,-0.12216944435630522
19563,29,57,28,0.5087719298245614,0.13245323570650439
19568,45,89,44,0.5056179775280899,0.105999788000636
19569,54,114,60,0.47368421052631576,-0.5619514869490164
19571,19,54,35,0.35185185185185186,-2.1773242158072694
19600,28,59,31,0.4745762711864407,-0.39056673294247163
19670,52,95,43,0.5473684210526316,0.9233805168766388
19671,31,76,45,0.40789473684210525,-1.6059101370939322
19674,28,51,23,0.5490196078431373,0.7001400420140048
19675,26,51,25,0.5098039215686274,0.14002800840280097
19678,18,51,33,0.35294117647058826,-2.100420126042015
19679,23,53,30,0.4339622641509434,-0.9615239476408232
19687,23,53,30,0.4339622641509434,-0.9615239476408232
19691,28,56,28,0.5,0.0
19697,37,65,28,0.5692307692307692,1.116312611302876
19698,34,67,33,0.5074626865671642,0.12216944435630522
19703,26,55,29,0.4727272727272727,-0.40451991747794525
19728,27,57,30,0.47368421052631576,-0.39735970711951313
19729,32,65,33,0.49230769230769234,-0.12403473458920847
19730,33,63,30,0.5238095238095238,0.3779644730092272
19735,30,58,28,0.5172413793103449,0.2626128657194451
19736,26,56,30,0.4642857142857143,-0.5345224838248488
19741,24,58,34,0.41379310344827586,-1.3130643285972254
19748,35,65,30,0.5384615384615384,0.6201736729460423
19749,26,57,31,0.45614035087719296,-0.6622661785325219
19751,21,55,34,0.38181818181818183,-1.7529196424044293
19752,37,78,41,0.47435897435897434,-0.45291081365783825
19753,38,68,30,0.5588235294117647,0.9701425001453319
19754,38,74,36,0.5135135135135135,0.23249527748763857
19757,31,61,30,0.5081967213114754,0.12803687993289598
19758,37,82,45,0.45121951219512196,-0.8834522085987723
19760,26,56,30,0.4642857142857143,-0.5345224838248488
19762,41,77,36,0.5324675324675324,0.5698028822981898
19763,47,86,39,0.5465116279069767,0.8626621856275073
19764,72,126,54,0.5714285714285714,1.6035674514745464
19765,36,70,34,0.5142857142857142,0.23904572186687872
19768,36,78,42,0.46153846153846156,-0.6793662204867574
19809,18,50,32,0.36,-1.979898987322333
19810,63,115,52,0.5478260869565217,1.025755289064345
19811,23,51,28,0.45098039215686275,-0.7001400420140048
19813,36,69,33,0.5217391304347826,0.3611575592573076
19819,53,78,25,0.6794871794871795,3.170375695604868
19825,39,72,33,0.5416666666666666,0.7071067811865476
19831,20,57,37,0.3508771929824561,-2.2517050070105746
19855,38,72,34,0.5277777777777778,0.47140452079103173
19926,38,71,33,0.5352112676056338,0.5933908290969266
19927,36,63,27,0.5714285714285714,1.1338934190276817
19947,27,60,33,0.45,-0.7745966692414834
19953,44,96,52,0.4583333333333333,-0.8164965809277261
19954,42,67,25,0.6268656716417911,2.0768805540571886
19956,28,58,30,0.4827586206896552,-0.2626128657194451
19984,33,68,35,0.4852941176470588,-0.24253562503633297
19985,36,87,51,0.41379310344827586,-1.6081688022566922
19986,42,85,43,0.49411764705882355,-0.10846522890932808
19988,34,65,31,0.5230769230769231,0.3721042037676254
19990,30,63,33,0.47619047619047616,-0.3779644730092272
19991,33,70,37,0.4714285714285714,-0.47809144373375745
19992,28,52,24,0.5384615384615384,0.5547001962252291
19996,28,67,39,0.417910447761194,-1.3438638879193574
19997,32,75,43,0.4266666666666667,-1.2701705922171767
20001,29,81,52,0.35802469135802467,-2.5555555555555554
20002,23,60,37,0.38333333333333336,-1.8073922282301278
20006,44,76,32,0.5789473684210527,1.3764944032233704
20007,36,75,39,0.48,-0.3464101615137754
20008,40,106,66,0.37735849056603776,-2.5253432421288866
20009,48,79,31,0.6075949367088608,1.9126494315742406
20015,25,52,27,0.4807692307692308,-0.2773500981126146
20016,31,59,28,0.5254237288135594,0.39056673294247163
20019,30,57,27,0.5263157894736842,0.39735970711951313
20020,31,65,34,0.47692307692307695,-0.3721042037676254
20021,27,56,29,0.48214285714285715,-0.2672612419124244
20023,25,63,38,0.3968253968253968,-1.6378460497066512
20065,42,89,47,0.47191011235955055,-0.52999894000318
20066,23,52,29,0.4423076923076923,-0.8320502943378437
20068,34,74,40,0.4594594594594595,-0.6974858324629157
20069,74,130,56,0.5692307692307692,1.5787044347526527
20070,28,57,29,0.49122807017543857,-0.13245323570650439
20071,38,76,38,0.5,0.0
20082,28,60,32,0.4666666666666667,-0.5163977794943222
20086,31,56,25,0.5535714285714286,0.8017837257372732
20087,34,72,38,0.4722222222222222,-0.47140452079103173
20089,21,50,29,0.42,-1.131370849898476
20110,28,66,38,0.42424242424242425,-1.2309149097933272
20111,58,102,44,0.5686274509803921,1.3862065601673441
20112,29,57,28,0.5087719298245614,0.13245323570650439
20115,25,51,26,0.49019607843137253,-0.14002800840280097
20121,33,60,27,0.55,0.7745966692414834
20182,46,91,45,0.5054945054945055,0.10482848367219183
20184,37,68,31,0.5441176470588235,0.7276068751089989
20185,24,55,31,0.43636363636363634,-0.9438798074485389
20203,28,50,22,0.56,0.848528137423857
20204,29,60,31,0.48333333333333334,-0.2581988897471611
20209,41,67,26,0.6119402985074627,1.8325416653445783
20236,31,57,26,0.543859649122807,0.6622661785325219
20240,34,61,27,0.5573770491803278,0.8962581595302719
20241,46,83,37,0.5542168674698795,0.9878783399072131
20242,90,147,57,0.6122448979591837,2.7217941261796645
20243,37,70,33,0.5285714285714286,0.47809144373375745
20244,43,83,40,0.5180722891566265,0.329292779969071
20245,36,77,41,0.4675324675324675,-0.5698028822981898
20246,38,76,38,0.5,0.0
20247,40,70,30,0.5714285714285714,1.1952286093343936
20248,28,51,23,0.5490196078431373,0.7001400420140048
20253,30,59,29,0.5084745762711864,0.13018891098082389
20257,30,70,40,0.42857142857142855,-1.1952286093343936
20258,35,64,29,0.546875,0.75
20259,26,62,36,0.41935483870967744,-1.270001270001905
20260,22,57,35,0.38596491228070173,-1.721892064184557
20261,29,62,33,0.46774193548387094,-0.508000508000762
20263,44,88,44,0.5,0.0
20264,50,92,42,0.5434782608695652,0.8340576562282991
20265,52,96,44,0.5416666666666666,0.8164965809277261
20266,37,89,52,0.4157303370786517,-1.58999682000954
20267,31,63,32,0.49206349206349204,-0.1259881576697424
20268,27,51,24,0.5294117647058824,0.42008402520840293
20270,36,67,31,0.5373134328358209,0.6108472217815261
20271,40,75,35,0.5333333333333333,0.5773502691896257
20273,35,59,24,0.5932203389830508,1.4320780207890627
20275,29,50,21,0.58,1.131370849898476
20277,30,70,40,0.42857142857142855,-1.1952286093343936
20278,34,69,35,0.4927536231884058,-0.1203858530857692
20279,21,55,34,0.38181818181818183,-1.7529196424044293
20280,29,59,30,0.4915254237288136,-0.13018891098082389
20322,26,57,31,0.45614035087719296,-0.6622661785325219
20325,50,91,41,0.5494505494505495,0.9434563530497265
20326,36,72,36,0.5,0.0
20327,49,114,65,0.4298245614035088,-1.4985372985307104
20328,34,76,42,0.4473684210526316,-0.917662935482247
20329,30,69,39,0.43478260869565216,-1.0834726777719228
20330,31,65,34,0.47692307692307695,-0.3721042037676254
20339,31,55,24,0.5636363636363636,0.9438798074485389
20343,43,76,33,0.5657894736842105,1.1470786693528088
20344,34,58,24,0.5862068965517241,1.3130643285972254
20345,41,83,42,0.4939759036144578,-0.10976425998969035
20346,25,57,32,0.43859649122807015,-0.9271726499455306
20364,31,57,26,0.543859649122807,0.6622661785325219
20365,27,60,33,0.45,-0.7745966692414834
20366,46,81,35,0.5679012345679012,1.2222222222222223
20367,47,76,29,0.618421052631579,2.0647416048350555
20437,45,100,55,0.45,-1.0
20438,28,73,45,0.3835616438356164,-1.9896995023342199
20439,36,77,41,0.4675324675324675,-0.5698028822981898
20440,53,107,54,0.4953271028037383,-0.09667364890456635
20455,33,63,30,0.5238095238095238,0.3779644730092272
20459,33,71,38,0.4647887323943662,-0.5933908290969266
20460,34,77,43,0.44155844155844154,-1.0256451881367414
20467,26,53,27,0.49056603773584906,-0.13736056394868904
20468,72,113,41,0.6371681415929203,2.9162346919891515
20489,30,55,25,0.5454545454545454,0.674199862463242
20491,45,76,31,0.5921052631578947,1.6059101370939322
20492,34,69,35,0.4927536231884058,-0.1203858530857692
20496,23,50,27,0.46,-0.565685424949238
20497,46,83,37,0.5542168674698795,0.9878783399072131
20498,62,119,57,0.5210084033613446,0.4583492485141057
20499,52,90,38,0.5777777777777777,1.4757295747452437
20500,58,103,45,0.5631067961165048,1.2809280616135812
20501,38,74,36,0.5135135135135135,0.23249527748763857
20502,38,74,36,0.5135135135135135,0.23249527748763857
20504,40,72,32,0.5555555555555556,0.9428090415820635
20505,35,72,37,0.4861111111111111,-0.23570226039551587
20513,36,92,56,0.391304347826087,-2.0851441405707476
20514,35,75,40,0.4666666666666667,-0.5773502691896257
20515,35,57,22,0.6140350877192983,1.721892064184557
20516,43,79,36,0.5443037974683544,0.7875615306482168
20518,21,53,32,0.39622641509433965,-1.5109662034355793
20519,37,92,55,0.40217391304347827,-1.876629726513673
20520,56,100,44,0.56,1.2
20521,56,108,52,0.5185185185185185,0.3849001794597505
20522,28,60,32,0.4666666666666667,-0.5163977794943222
20525,28,52,24,0.5384615384615384,0.5547001962252291
20526,45,84,39,0.5357142857142857,0.6546536707079772
20527,54,108,54,0.5,0.0
20528,38,87,49,0.4367816091954023,-1.1793237883215741
20529,34,68,34,0.5,0.0
20530,36,71,35,0.5070422535211268,0.11867816581938533
20531,42,73,31,0.5753424657534246,1.2874526191574363
20532,32,68,36,0.47058823529411764,-0.48507125007266594
20533,49,103,54,0.47572815533980584,-0.4926646390821466
20534,27,67,40,0.40298507462686567,-1.5882027766319677
20536,35,68,33,0.5147058823529411,0.24253562503633297
20576,44,80,36,0.55,0.8944271909999159
20577,25,51,26,0.49019607843137253,-0.14002800840280097
20579,27,58,31,0.46551724137931033,-0.5252257314388902
20580,28,57,29,0.49122807017543857,-0.13245323570650439
20582,49,119,70,0.4117647058823529,-1.9250668437592438
20583,49,106,57,0.46226415094339623,-0.7770286898858113
20584,45,98,53,0.45918367346938777,-0.8081220356417685
20585,45,115,70,0.391304347826087,-2.3312620206007844
20586,31,74,43,0.4189189189189189,-1.3949716649258315
20594,34,76,42,0.4473684210526316,-0.917662935482247
20595,37,67,30,0.5522388059701493,0.8551861104941365
20597,29,63,34,0.4603174603174603,-0.629940788348712
20599,41,79,38,0.5189873417721519,0.3375263702778072
20600,32,60,28,0.5333333333333333,0.5163977794943222
20601,55,120,65,0.4583333333333333,-0.9128709291752769
20602,38,90,52,0.4222222222222222,-1.4757295747452437
20622,41,86,45,0.47674418604651164,-0.43133109281375365
20623,65,127,62,0.5118110236220472,0.26620695282483414
20624,32,62,30,0.5161290322580645,0.254000254000381
20694,44,75,31,0.5866666666666667,1.5011106998930268
20695,51,93,42,0.5483870967741935,0.9332565252573828
20696,28,68,40,0.4117647058823529,-1.4552137502179978
20697,50,119,69,0.42016806722689076,-1.7417271443536015
20698,25,63,38,0.3968253968253968,-1.6378460497066512
20699,24,52,28,0.46153846153846156,-0.5547001962252291
20711,32,73,41,0.4383561643835616,-1.0533703247651751
20712,46,106,60,0.4339622641509434,-1.3598002073001698
20713,25,57,32,0.43859649122807015,-0.9271726499455306
20715,30,62,32,0.4838709677419355,-0.254000254000381
20716,38,80,42,0.475,-0.4472135954999579
20717,48,90,42,0.5333333333333333,0.6324555320336759
20718,31,56,25,0.5535714285714286,0.8017837257372732
20719,30,64,34,0.46875,-0.5
20720,17,57,40,0.2982456140350877,-3.0464244212496006
20724,39,106,67,0.36792452830188677,-2.7196004146003396
20725,43,85,42,0.5058823529411764,0.10846522890932808
20742,39,74,35,0.527027027027027,0.46499055497527714
20748,69,149,80,0.46308724832214765,-0.9011551125709446
20749,40,71,31,0.5633802816901409,1.0681034923744679
20750,43,73,30,0.589041095890411,1.5215349135496974
20753,25,52,27,0.4807692307692308,-0.2773500981126146
20754,56,111,55,0.5045045045045045,0.0949157995752499
20755,59,105,46,0.5619047619047619,1.2686700948330931
20756,49,104,55,0.47115384615384615,-0.5883484054145521
20757,51,113,62,0.45132743362831856,-1.034792955221957
20758,43,76,33,0.5657894736842105,1.1470786693528088
20759,44,88,44,0.5,0.0
20760,32,72,40,0.4444444444444444,-0.9428090415820635
20761,40,80,40,0.5,0.0
20770,55,102,47,0.5392156862745098,0.7921180343813395
20771,34,73,39,0.4657534246575342,-0.5852057359806528
20772,46,87,41,0.5287356321839081,0.5360562674188973
20775,35,67,32,0.5223880597014925,0.36650833306891567
20776,63,136,73,0.4632352941176471,-0.8574929257125441
20777,64,127,63,0.5039370078740157,0.08873565094161139
20778,47,83,36,0.5662650602409639,1.2074068598865937
20780,27,59,32,0.4576271186440678,-0.6509445549041194
20781,36,54,18,0.6666666666666666,2.449489742783178
20782,28,63,35,0.4444444444444444,-0.8819171036881969
20783,56,95,39,0.5894736842105263,1.744163198544762
20784,38,66,28,0.5757575757575758,1.2309149097933272
20785,52,94,42,0.5531914893617021,1.0314212462587933
20786,57,131,74,0.4351145038167939,-1.4852968963237645
20787,36,68,32,0.5294117647058824,0.48507125007266594
20789,42,77,35,0.5454545454545454,0.7977240352174656
20790,34,76,42,0.4473684210526316,-0.917662935482247
20791,24,50,26,0.48,-0.282842712474619
20832,31,67,36,0.4626865671641791,-0.6108472217815261
20835,36,79,43,0.45569620253164556,-0.7875615306482168
20836,33,57,24,0.5789473684210527,1.1920791213585393
20838,38,72,34,0.5277777777777778,0.47140452079103173
20839,63,120,57,0.525,0.5477225575051661
20840,24,62,38,0.3870967741935484,-1.778001778002667
20841,55,104,49,0.5288461538461539,0.5883484054145521
20842,41,85,44,0.4823529411764706,-0.32539568672798425
20844,27,57,30,0.47368421052631576,-0.39735970711951313
20846,72,131,59,0.549618320610687,1.1358152736593492
20850,26,59,33,0.4406779661016949,-0.9113223768657671
20851,41,92,51,0.44565217391304346,-1.0425720702853738
20852,37,81,44,0.4567901234567901,-0.7777777777777778
20853,54,102,48,0.5294117647058824,0.5940885257860046
20854,27,57,30,0.47368421052631576,-0.39735970711951313
20857,54,94,40,0.574468085106383,1.4439897447623107
20858,61,131,70,0.46564885496183206,-0.7863336509949341
20860,30,51,21,0.5882352941176471,1.2602520756252087
20861,38,72,34,0.5277777777777778,0.47140452079103173
20864,39,71,32,0.5492957746478874,0.8307471607356973
20865,27,50,23,0.54,0.565685424949238
20874,28,52,24,0.5384615384615384,0.5547001962252291
20877,35,62,27,0.5645161290322581,1.016001016001524
20878,40,67,27,0.5970149253731343,1.5882027766319677
20879,45,97,52,0.4639175257731959,-0.7107423155935334
20949,26,64,38,0.40625,-1.5
20950,20,53,33,0.37735849056603776,-1.7856873313329573
20951,32,76,44,0.42105263157894735,-1.3764944032233704
20952,55,107,52,0.514018691588785,0.29002094671369905
20953,54,115,61,0.46956521739130436,-0.6527533657682196
20954,53,100,47,0.53,0.6
20961,29,60,31,0.48333333333333334,-0.2581988897471611
20966,31,54,23,0.5740740740740741,1.0886621079036347
20967,37,85,48,0.43529411764705883,-1.193117518002609
20968,48,106,58,0.4528301886792453,-0.9712858623572641
20969,29,61,32,0.47540983606557374,-0.3841106397986879
20970,17,50,33,0.34,-2.262741699796952
20971,37,69,32,0.5362318840579711,0.601929265428846
20972,38,77,39,0.4935064935064935,-0.11396057645963795
20973,26,61,35,0.4262295081967213,-1.1523319193960637
20974,43,78,35,0.5512820512820513,0.9058216273156765
20975,28,59,31,0.4745762711864407,-0.39056673294247163
20979,27,50,23,0.54,0.565685424949238
20980,38,66,28,0.5757575757575758,1.2309149097933272
20981,30,58,28,0.5172413793103449,0.2626128657194451
20983,23,52,29,0.4423076923076923,-0.8320502943378437
20998,21,51,30,0.4117647058823529,-1.2602520756252087
20999,29,52,23,0.5576923076923077,0.8320502943378437
21000,33,67,34,0.4925373134328358,-0.12216944435630522
21001,54,97,43,0.5567010309278351,1.116880781646981
21002,38,70,32,0.5428571428571428,0.7171371656006361
21003,44,93,49,0.4731182795698925,-0.5184758473652127
21004,62,123,61,0.5040650406504065,0.09016696346674323
21005,67,122,55,0.5491803278688525,1.0864289525102224
21006,55,113,58,0.48672566371681414,-0.2822162605150792
21007,26,52,26,0.5,0.0
21009,39,77,38,0.5064935064935064,0.11396057645963795
21010,31,62,31,0.5,0.0
21011,47,81,34,0.5802469135802469,1.4444444444444444
21012,43,88,45,0.48863636363636365,-0.21320071635561041
21013,52,112,60,0.4642857142857143,-0.7559289460184544
21014,49,106,57,0.46226415094339623,-0.7770286898858113
21015,53,105,52,0.5047619047619047,0.09759000729485333
21016,50,116,66,0.43103448275862066,-1.4855627054164149
21017,30,65,35,0.46153846153846156,-0.6201736729460423
21026,29,52,23,0.5576923076923077,0.8320502943378437
21027,48,113,65,0.4247787610619469,-1.5992254762521154
21028,59,117,58,0.5042735042735043,0.09245003270420485
21029,44,77,33,0.5714285714285714,1.2535663410560174
21030,44,91,47,0.4835164835164835,-0.3144854510165755
21031,49,93,44,0.5268817204301075,0.5184758473652127
21032,42,93,51,0.45161290322580644,-0.9332565252573828
21033,41,71,30,0.5774647887323944,1.3054598240132387
21034,33,72,39,0.4583333333333333,-0.7071067811865476
21035,30,56,26,0.5357142857142857,0.5345224838248488
21038,23,53,30,0.4339622641509434,-0.9615239476408232
21039,60,127,67,0.47244094488188976,-0.6211495565912797
21040,49,108,59,0.4537037037037037,-0.9622504486493763
21041,59,101,42,0.5841584158415841,1.6915632233569815
21042,55,118,63,0.4661016949152542,-0.7364596943186588
21043,37,74,37,0.5,0.0
21044,34,71,37,0.4788732394366197,-0.35603449745815596
21045,40,80,40,0.5,0.0
21046,17,50,33,0.34,-2.262741699796952
21086,24,55,31,0.43636363636363634,-0.9438798074485389
21088,26,51,25,0.5098039215686274,0.14002800840280097
21090,44,102,58,0.43137254901960786,-1.3862065601673441
21091,34,81,47,0.41975308641975306,-1.4444444444444444
21092,34,74,40,0.4594594594594595,-0.6974858324629157
21093,32,65,33,0.49230769230769234,-0.12403473458920847
21094,30,52,22,0.5769230769230769,1.1094003924504583
21095,35,71,36,0.49295774647887325,-0.11867816581938533
21096,31,54,23,0.5740740740740741,1.0886621079036347
21097,45,94,49,0.4787234042553192,-0.41256849850351734
21099,25,50,25,0.5,0.0
21100,21,54,33,0.3888888888888889,-1.632993161855452
21101,30,57,27,0.5263157894736842,0.39735970711951313
21102,40,67,27,0.5970149253731343,1.5882027766319677
21106,74,120,46,0.6166666666666667,2.556038601690775
21107,35,64,29,0.546875,0.75
21108,40,76,36,0.5263157894736842,0.4588314677411235
21109,48,99,51,0.48484848484848486,-0.30151134457776363
21110,27,50,23,0.54,0.565685424949238
21111,34,67,33,0.5074626865671642,0.12216944435630522
21112,30,57,27,0.5263157894736842,0.39735970711951313
21113,59,112,53,0.5267857142857143,0.5669467095138409
21114,40,92,52,0.43478260869565216,-1.2510864843424487
21115,29,57,28,0.5087719298245614,0.13245323570650439
21120,33,71,38,0.4647887323943662,-0.5933908290969266
21133,33,63,30,0.5238095238095238,0.3779644730092272
21134,48,91,43,0.5274725274725275,0.5241424183609592
21135,35,71,36,0.49295774647887325,-0.11867816581938533
21144,31,69,38,0.4492753623188406,-0.8427009716003844
21207,40,74,34,0.5405405405405406,0.6974858324629157
21208,65,125,60,0.52,0.4472135954999579
21209,79,151,72,0.5231788079470199,0.5696519211398116
21210,50,105,55,0.47619047619047616,-0.4879500364742666
21211,35,73,38,0.4794520547945205,-0.3511234415883917
21217,26,60,34,0.43333333333333335,-1.0327955589886444
21218,27,55,28,0.4909090909090909,-0.13483997249264842
21223,35,70,35,0.5,0.0
21224,76,139,63,0.5467625899280576,1.1026456085839622
21225,25,61,36,0.4098360655737705,-1.4084056792618558
21226,27,50,23,0.54,0.565685424949238
21227,29,56,27,0.5178571428571429,0.2672612419124244
21228,59,104,45,0.5673076923076923,1.3728129459672884
21230,35,63,28,0.5555555555555556,0.8819171036881969
21231,41,80,39,0.5125,0.22360679774997896
21232,32,61,29,0.5245901639344263,0.3841106397986879
21236,48,85,37,0.5647058823529412,1.193117518002609
21237,49,118,69,0.4152542372881356,-1.8411492357966468
21255,27,57,30,0.47368421052631576,-0.39735970711951313
21256,30,63,33,0.47619047619047616,-0.3779644730092272
21257,42,82,40,0.5121951219512195,0.22086305214969307
21258,41,85,44,0.4823529411764706,-0.32539568672798425
21259,63,131,68,0.48091603053435117,-0.43685202833051895
21260,67,139,72,0.48201438848920863,-0.4240944648399855
21261,57,119,62,0.4789915966386555,-0.4583492485141057
21262,62,110,48,0.5636363636363636,1.3348476249438292
21263,32,80,48,0.4,-1.7888543819998317
21265,35,76,41,0.4605263157894737,-0.6882472016116852
21266,27,72,45,0.375,-2.121320343559643
21267,44,95,51,0.4631578947368421,-0.7181848464596079
21268,57,100,43,0.57,1.4
21269,48,105,57,0.45714285714285713,-0.8783100656536799
21270,33,78,45,0.4230769230769231,-1.3587324409735149
21271,57,112,55,0.5089285714285714,0.1889822365046136
21272,42,89,47,0.47191011235955055,-0.52999894000318
21273,37,85,48,0.43529411764705883,-1.193117518002609
21274,33,62,29,0.532258064516129,0.508000508000762
21283,43,85,42,0.5058823529411764,0.10846522890932808
21284,77,144,67,0.5347222222222222,0.8333333333333334
21285,70,146,76,0.4794520547945205,-0.49656353316142077
21286,53,96,43,0.5520833333333334,1.0206207261596576
21287,53,100,47,0.53,0.6
21288,42,98,56,0.42857142857142855,-1.4142135623730951
21289,51,81,30,0.6296296296296297,2.3333333333333335
21291,30,64,34,0.46875,-0.5
21292,26,59,33,0.4406779661016949,-0.9113223768657671
21295,42,76,34,0.5526315789473685,0.917662935482247
21296,39,71,32,0.5492957746478874,0.8307471607356973
21297,29,59,30,0.4915254237288136,-0.13018891098082389
21298,41,78,37,0.5256410256410257,0.45291081365783825
21299,69,124,55,0.5564516129032258,1.2572371141874243
21300,42,85,43,0.49411764705882355,-0.10846522890932808
21301,33,71,38,0.4647887323943662,-0.5933908290969266
21302,36,74,38,0.4864864864864865,-0.23249527748763857
21303,31,52,21,0.5961538461538461,1.386750490563073
21342,26,56,30,0.4642857142857143,-0.5345224838248488
21343,36,90,54,0.4,-1.8973665961010275
21345,28,59,31,0.4745762711864407,-0.39056673294247163
21346,52,95,43,0.5473684210526316,0.9233805168766388
21347,73,142,69,0.5140845070422535,0.33567254331867563
21348,63,116,53,0.5431034482758621,0.9284766908852594
21349,53,102,49,0.5196078431372549,0.39605901719066977
21350,50,106,56,0.4716981132075472,-0.5827715174143585
21352,34,74,40,0.4594594594594595,-0.6974858324629157
21353,23,50,27,0.46,-0.565685424949238
21358,30,50,20,0.6,1.414213562373095
21359,22,52,30,0.4230769230769231,-1.1094003924504583
21362,56,114,58,0.49122807017543857,-0.1873171623163388
21363,38,79,41,0.4810126582278481,-0.3375263702778072
21364,28,54,26,0.5185185185185185,0.2721655269759087
21365,52,103,51,0.5048543689320388,0.09853292781642932
21366,34,73,39,0.4657534246575342,-0.5852057359806528
21368,37,70,33,0.5285714285714286,0.47809144373375745
21369,46,86,40,0.5348837209302325,0.6469966392206304
21370,56,102,46,0.5490196078431373,0.9901475429766744
21373,31,64,33,0.484375,-0.25
21376,23,71,48,0.323943661971831,-2.966954145484633
21377,36,73,37,0.4931506849315068,-0.11704114719613057
21388,27,67,40,0.40298507462686567,-1.5882027766319677
21389,58,99,41,0.5858585858585859,1.7085642859406605
21390,29,72,43,0.4027777777777778,-1.649915822768611
21391,42,74,32,0.5675675675675675,1.162476387438193
21396,25,51,26,0.49019607843137253,-0.14002800840280097
21397,30,64,34,0.46875,-0.5
21399,36,71,35,0.5070422535211268,0.11867816581938533
21400,30,61,31,0.4918032786885246,-0.12803687993289598
21463,40,93,53,0.43010752688172044,-1.3480372031495529
21464,76,141,65,0.5390070921985816,0.9263671131731709
21465,59,137,78,0.4306569343065693,-1.6232795496618457
21466,35,67,32,0.5223880597014925,0.36650833306891567
21467,36,70,34,0.5142857142857142,0.23904572186687872
21473,39,76,37,0.5131578947368421,0.22941573387056174
21474,25,50,25,0.5,0.0
21475,24,60,36,0.4,-1.5491933384829668
21478,32,62,30,0.5161290322580645,0.254000254000381
21479,30,75,45,0.4,-1.7320508075688772
21480,48,88,40,0.5454545454545454,0.8528028654224417
21481,31,69,38,0.4492753623188406,-0.8427009716003844
21483,54,119,65,0.453781512605042,-1.0083683467310325
21484,35,81,46,0.43209876543209874,-1.2222222222222223
21485,27,51,24,0.5294117647058824,0.42008402520840293
21486,54,108,54,0.5,0.0
21487,45,91,46,0.4945054945054945,-0.10482848367219183
21492,44,96,52,0.4583333333333333,-0.8164965809277261
21493,35,66,31,0.5303030303030303,0.4923659639173309
21512,39,79,40,0.4936708860759494,-0.1125087900926024
21513,46,90,44,0.5111111111111111,0.21081851067789195
21514,47,106,59,0.44339622641509435,-1.165543034828717
21515,61,126,65,0.48412698412698413,-0.3563483225498992
21516,54,99,45,0.5454545454545454,0.9045340337332909
21517,77,181,104,0.425414364640884,-2.0068941948673493
21518,51,97,46,0.5257731958762887,0.5076730825668095
21520,36,68,32,0.5294117647058824,0.48507125007266594
21521,53,105,52,0.5047619047619047,0.09759000729485333
21522,52,98,46,0.5306122448979592,0.6060915267313265
21523,36,77,41,0.4675324675324675,-0.5698028822981898
21524,55,110,55,0.5,0.0
21525,46,90,44,0.5111111111111111,0.21081851067789195
21526,63,129,66,0.4883720930232558,-0.26413527189768715
21527,49,112,63,0.4375,-1.3228756555322951
21528,54,112,58,0.48214285714285715,-0.3779644730092272
21529,40,82,42,0.4878048780487805,-0.22086305214969307
21530,56,98,42,0.5714285714285714,1.4142135623730951
21532,31,55,24,0.5636363636363636,0.9438798074485389
21536,17,50,33,0.34,-2.262741699796952
21537,32,60,28,0.5333333333333333,0.5163977794943222
21538,46,93,47,0.4946236559139785,-0.10369516947304253
21539,63,124,61,0.5080645161290323,0.1796053020267749
21540,44,81,37,0.5432098765432098,0.7777777777777778
21541,65,158,93,0.41139240506329117,-2.227560395692044
21542,78,138,60,0.5652173913043478,1.5322617553657476
21543,61,140,79,0.4357142857142857,-1.52127765851133
21544,30,63,33,0.47619047619047616,-0.3779644730092272
21545,36,77,41,0.4675324675324675,-0.5698028822981898
21547,32,65,33,0.49230769230769234,-0.12403473458920847
21548,31,52,21,0.5961538461538461,1.386750490563073
21550,40,71,31,0.5633802816901409,1.0681034923744679
21551,36,70,34,0.5142857142857142,0.23904572186687872
21552,29,66,37,0.4393939393939394,-0.9847319278346618
21553,31,56,25,0.5535714285714286,0.8017837257372732
21554,50,97,47,0.5154639175257731,0.30460384954008574
21555,75,130,55,0.5769230769230769,1.7541160386140586
21556,33,80,47,0.4125,-1.5652475842498528
21557,32,64,32,0.5,0.0
21558,25,61,36,0.4098360655737705,-1.4084056792618558
21597,30,57,27,0.5263157894736842,0.39735970711951313
21599,40,78,38,0.5128205128205128,0.22645540682891913
21600,35,68,33,0.5147058823529411,0.24253562503633297
21601,28,65,37,0.4307692307692308,-1.116312611302876
21602,67,131,64,0.5114503816793893,0.26211121699831136
21603,82,195,113,0.4205128205128205,-2.219956109522242
21604,72,133,61,0.5413533834586466,0.9538209664765319
21605,53,105,52,0.5047619047619047,0.09759000729485333
21606,43,91,48,0.4725274725274725,-0.5241424183609592
21607,25,60,35,0.4166666666666667,-1.2909944487358056
21608,37,78,41,0.47435897435897434,-0.45291081365783825
21617,50,93,43,0.5376344086021505,0.7258661863112977
21618,70,114,44,0.6140350877192983,2.4351231101124045
21620,21,51,30,0.4117647058823529,-1.2602520756252087
21621,68,165,97,0.4121212121212121,-2.2576469380684165
21623,31,64,33,0.484375,-0.25
21624,67,121,54,0.5537190082644629,1.1818181818181819
21625,35,82,47,0.4268292682926829,-1.3251783128981585
21629,27,51,24,0.5294117647058824,0.42008402520840293
21633,21,55,34,0.38181818181818183,-1.7529196424044293
21634,32,56,24,0.5714285714285714,1.0690449676496976
21638,23,51,28,0.45098039215686275,-0.7001400420140048
21640,26,55,29,0.4727272727272727,-0.40451991747794525
21647,46,85,39,0.5411764705882353,0.7592566023652966
21648,27,52,25,0.5192307692307693,0.2773500981126146
21650,29,62,33,0.46774193548387094,-0.508000508000762
21653,34,64,30,0.53125,0.5
21654,21,52,31,0.40384615384615385,-1.386750490563073
21655,37,73,36,0.5068493150684932,0.11704114719613057
21656,34,63,29,0.5396825396825397,0.629940788348712
21659,26,50,24,0.52,0.282842712474619
21719,50,92,42,0.5434782608695652,0.8340576562282991
21720,55,110,55,0.5,0.0
21721,49,98,49,0.5,0.0
21722,62,129,67,0.4806201550387597,-0.4402254531628119
21723,43,87,44,0.4942528735632184,-0.10721125348377948
21727,26,58,32,0.4482758620689655,-0.7878385971583353
21731,31,66,35,0.4696969696969697,-0.4923659639173309
21732,33,82,49,0.4024390243902439,-1.7669044171975445
21734,41,74,33,0.5540540540540541,0.9299811099505543
21735,32,69,37,0.463768115942029,-0.601929265428846
21736,59,107,48,0.5514018691588785,1.0634101379502299
21737,34,59,25,0.576271186440678,1.171700198827415
21740,28,63,35,0.4444444444444444,-0.8819171036881969
21741,29,74,45,0.3918918918918919,-1.8599622199011085
21742,49,90,41,0.5444444444444444,0.8432740427115678
21743,45,104,59,0.4326923076923077,-1.3728129459672884
21746,20,58,38,0.3448275862068966,-2.363515791475006
21749,34,83,49,0.40963855421686746,-1.6464638998453551
21750,31,63,32,0.49206349206349204,-0.1259881576697424
21768,33,64,31,0.515625,0.25
21769,55,100,45,0.55,1.0
21770,35,75,40,0.4666666666666667,-0.5773502691896257
21771,72,127,55,0.5669291338582677,1.5085060660073935
21772,44,94,50,0.46808510638297873,-0.618852747755276
21773,87,157,70,0.554140127388535,1.3567477035949578
21774,58,122,64,0.47540983606557374,-0.5432144762551112
21775,61,116,55,0.5258620689655172,0.5570860145311556
21776,41,60,19,0.6833333333333333,2.840187787218772
21777,36,73,37,0.4931506849315068,-0.11704114719613057
21778,46,88,42,0.5227272727272727,0.42640143271122083
21779,62,124,62,0.5,0.0
21780,32,75,43,0.4266666666666667,-1.2701705922171767
21781,44,97,53,0.4536082474226804,-0.9138115486202573
21782,58,131,73,0.44274809160305345,-1.310556084991557
21783,74,138,64,0.5362318840579711,0.8512565307587486
21784,40,76,36,0.5263157894736842,0.4588314677411235
21785,50,106,56,0.4716981132075472,-0.5827715174143585
21786,54,102,48,0.5294117647058824,0.5940885257860046
21787,36,60,24,0.6,1.5491933384829668
21788,26,54,28,0.48148148148148145,-0.2721655269759087
21794,55,118,63,0.4661016949152542,-0.7364596943186588
21795,59,142,83,0.4154929577464789,-2.014035259912054
21796,42,88,46,0.4772727272727273,-0.42640143271122083
21797,59,130,71,0.45384615384615384,-1.0524696231684352
21798,73,152,79,0.48026315789473684,-0.48666426339228763
21799,81,144,63,0.5625,1.5
21800,46,98,52,0.46938775510204084,-0.6060915267313265
21801,42,85,43,0.49411764705882355,-0.10846522890932808
21802,47,92,45,0.5108695652173914,0.20851441405707477
21807,39,85,46,0.4588235294117647,-0.7592566023652966
21808,26,51,25,0.5098039215686274,0.14002800840280097
21809,39,77,38,0.5064935064935064,0.11396057645963795
21810,27,55,28,0.4909090909090909,-0.13483997249264842
21811,61,119,58,0.5126050420168067,0.2750095491084634
21812,62,132,70,0.4696969696969697,-0.6963106238227914
21813,26,53,27,0.49056603773584906,-0.13736056394868904
21814,40,63,23,0.6349206349206349,2.141798680385621
21854,33,56,23,0.5892857142857143,1.3363062095621219
21855,27,58,31,0.46551724137931033,-0.5252257314388902
21856,30,52,22,0.5769230769230769,1.1094003924504583
21858,25,51,26,0.49019607843137253,-0.14002800840280097
21859,71,134,63,0.5298507462686567,0.6910947404650881
21860,55,135,80,0.4074074074074074,-2.151657414559676
21861,56,123,67,0.45528455284552843,-0.9918365981341755
21862,41,80,39,0.5125,0.22360679774997896
21863,39,74,35,0.527027027027027,0.46499055497527714
21864,30,71,41,0.4225352112676056,-1.3054598240132387
21872,27,57,30,0.47368421052631576,-0.39735970711951313
21873,38,77,39,0.4935064935064935,-0.11396057645963795
21874,64,119,55,0.5378151260504201,0.8250286473253902
21875,30,50,20,0.6,1.414213562373095
21876,45,85,40,0.5294117647058824,0.5423261445466404
21877,38,77,39,0.4935064935064935,-0.11396057645963795
21878,39,75,36,0.52,0.3464101615137754
21880,43,76,33,0.5657894736842105,1.1470786693528088
21889,25,61,36,0.4098360655737705,-1.4084056792618558
21902,30,54,24,0.5555555555555556,0.816496580927726
21905,34,62,28,0.5483870967741935,0.762000762001143
21906,38,68,30,0.5588235294117647,0.9701425001453319
21908,30,66,36,0.45454545454545453,-0.7385489458759964
21909,37,67,30,0.5522388059701493,0.8551861104941365
21915,33,69,36,0.4782608695652174,-0.3611575592573076
21975,57,118,61,0.4830508474576271,-0.3682298471593294
21976,55,104,49,0.5288461538461539,0.5883484054145521
21977,39,97,58,0.4020618556701031,-1.9291577137538762
21978,38,75,37,0.5066666666666667,0.11547005383792514
21979,51,95,44,0.5368421052631579,0.7181848464596079
21980,26,60,34,0.43333333333333335,-1.0327955589886444
21981,33,66,33,0.5,0.0
21983,33,66,33,0.5,0.0
21984,32,70,38,0.45714285714285713,-0.7171371656006361
21985,33,59,26,0.559322033898305,0.9113223768657671
21986,37,69,32,0.5362318840579711,0.601929265428846
21987,54,100,46,0.54,0.8
21988,35,64,29,0.546875,0.75
21989,27,62,35,0.43548387096774194,-1.016001016001524
21991,29,69,40,0.42028985507246375,-1.3242443839434612
21992,43,95,52,0.45263157894736844,-0.9233805168766388
21996,25,51,26,0.49019607843137253,-0.14002800840280097
21997,43,98,55,0.4387755102040816,-1.212183053462653
21998,60,122,62,0.4918032786885246,-0.18107149208503706
21999,64,125,61,0.512,0.2683281572999747
22000,26,60,34,0.43333333333333335,-1.0327955589886444
22001,52,112,60,0.4642857142857143,-0.7559289460184544
22002,34,76,42,0.4473684210526316,-0.917662935482247
22004,25,55,30,0.45454545454545453,-0.674199862463242
22005,35,86,51,0.4069767441860465,-1.7253243712550146
22006,33,63,30,0.5238095238095238,0.3779644730092272
22023,29,54,25,0.5370370370370371,0.5443310539518174
22024,38,69,31,0.5507246376811594,0.8427009716003844
22025,53,120,67,0.44166666666666665,-1.2780193008453875
22026,32,77,45,0.4155844155844156,-1.4814874939752933
22027,77,151,74,0.5099337748344371,0.24413653763134782
22028,56,123,67,0.45528455284552843,-0.9918365981341755
22029,39,96,57,0.40625,-1.8371173070873836
22030,42,85,43,0.49411764705882355,-0.10846522890932808
22031,46,85,39,0.5411764705882353,0.7592566023652966
22032,34,66,32,0.5151515151515151,0.24618298195866545
22033,34,71,37,0.4788732394366197,-0.35603449745815596
22034,39,108,69,0.3611111111111111,-2.8867513459481287
22035,45,105,60,0.42857142857142855,-1.4638501094227998
22036,75,147,72,0.5102040816326531,0.24743582965269675
22037,60,136,76,0.4411764705882353,-1.3719886811400706
22038,51,127,76,0.4015748031496063,-2.2183912735402846
22039,41,86,45,0.47674418604651164,-0.43133109281375365
22040,43,83,40,0.5180722891566265,0.329292779969071
22041,56,116,60,0.4827586206896552,-0.3713906763541037
22042,53,119,66,0.44537815126050423,-1.1917080461366747
22043,33,64,31,0.515625,0.25
22048,22,56,34,0.39285714285714285,-1.6035674514745464
22049,43,82,39,0.524390243902439,0.44172610429938614
22050,62,139,77,0.4460431654676259,-1.2722833945199565
22051,66,124,58,0.532258064516129,0.7184212081070996
22052,48,87,39,0.5517241379310345,0.9649012813540153
22053,69,143,74,0.4825174825174825,-0.4181210050035454
22054,52,108,56,0.48148148148148145,-0.3849001794597505
22055,79,159,80,0.4968553459119497,-0.07930515857181442
22056,45,89,44,0.5056179775280899,0.105999788000636
22057,40,76,36,0.5263157894736842,0.4588314677411235
22058,30,62,32,0.4838709677419355,-0.254000254000381
22061,42,58,16,0.7241379310344828,3.4139672543527864
22062,39,74,35,0.527027027027027,0.46499055497527714
22064,31,57,26,0.543859649122807,0.6622661785325219
22065,29,64,35,0.453125,-0.75
22066,54,101,47,0.5346534653465347,0.6965260331469925
22067,40,69,29,0.5797101449275363,1.3242443839434612
22068,50,97,47,0.5154639175257731,0.30460384954008574
22109,22,54,32,0.4074074074074074,-1.3608276348795434
22110,38,77,39,0.4935064935064935,-0.11396057645963795
22111,32,64,32,0.5,0.0
22112,27,51,24,0.5294117647058824,0.42008402520840293
22113,33,57,24,0.5789473684210527,1.1920791213585393
22114,31,80,49,0.3875,-2.0124611797498106
22115,65,139,74,0.4676258992805755,-0.7633700367119739
22116,38,86,48,0.4418604651162791,-1.078327732034384
22117,40,71,31,0.5633802816901409,1.0681034923744679
22118,40,79,39,0.5063291139240507,0.1125087900926024
22119,41,68,27,0.6029411764705882,1.697749375254331
22124,29,58,29,0.5,0.0
22128,35,64,29,0.546875,0.75
22129,34,75,41,0.4533333333333333,-0.808290376865476
22130,44,86,42,0.5116279069767442,0.21566554640687682
22131,57,114,57,0.5,0.0
22132,35,69,34,0.5072463768115942,0.1203858530857692
22134,24,56,32,0.42857142857142855,-1.0690449676496976
22135,31,71,40,0.43661971830985913,-1.0681034923744679
22136,30,67,37,0.44776119402985076,-0.8551861104941365
22140,37,60,23,0.6166666666666667,1.8073922282301278
22152,34,70,36,0.4857142857142857,-0.23904572186687872
22153,30,71,41,0.4225352112676056,-1.3054598240132387
22157,32,55,23,0.5818181818181818,1.2135597524338357
22161,29,61,32,0.47540983606557374,-0.3841106397986879
22162,33,69,36,0.4782608695652174,-0.3611575592573076
22164,21,51,30,0.4117647058823529,-1.2602520756252087
22165,38,73,35,0.5205479452054794,0.3511234415883917
22166,39,80,41,0.4875,-0.22360679774997896
22167,32,72,40,0.4444444444444444,-0.9428090415820635
22168,26,50,24,0.52,0.282842712474619
22173,46,78,32,0.5897435897435898,1.585187847802434
22175,38,79,41,0.4810126582278481,-0.3375263702778072
22176,33,64,31,0.515625,0.25
22231,58,112,54,0.5178571428571429,0.3779644730092272
22232,42,95,53,0.4421052631578947,-1.1285761872936695
22233,54,107,53,0.5046728971962616,0.09667364890456635
22234,44,89,45,0.4943820224719101,-0.105999788000636
22235,38,74,36,0.5135135135135135,0.23249527748763857
22236,50,81,31,0.6172839506172839,2.111111111111111
22237,47,88,41,0.5340909090909091,0.6396021490668313
22238,27,51,24,0.5294117647058824,0.42008402520840293
22239,33,62,29,0.532258064516129,0.508000508000762
22241,48,100,52,0.48,-0.4
22242,27,56,29,0.48214285714285715,-0.2672612419124244
22243,46,90,44,0.5111111111111111,0.21081851067789195
22244,42,79,37,0.5316455696202531,0.562543950463012
22245,39,81,42,0.48148148148148145,-0.3333333333333333
22246,33,63,30,0.5238095238095238,0.3779644730092272
22248,28,60,32,0.4666666666666667,-0.5163977794943222
22253,29,56,27,0.5178571428571429,0.2672612419124244
22254,36,88,52,0.4090909090909091,-1.7056057308448833
22255,43,110,67,0.39090909090909093,-2.2883102141894214
22256,38,95,57,0.4,-1.949358868961793
22257,67,129,62,0.5193798449612403,0.4402254531628119
22258,61,105,44,0.580952380952381,1.6590301240125065
22259,30,55,25,0.5454545454545454,0.674199862463242
22260,45,77,32,0.5844155844155844,1.4814874939752933
22261,33,56,23,0.5892857142857143,1.3363062095621219
22262,53,97,44,0.5463917525773195,0.9138115486202573
22272,26,51,25,0.5098039215686274,0.14002800840280097
22279,25,64,39,0.390625,-1.75
22280,31,69,38,0.4492753623188406,-0.8427009716003844
22281,41,85,44,0.4823529411764706,-0.32539568672798425
22282,38,97,59,0.3917525773195876,-2.1322269467806003
22283,52,114,62,0.45614035087719296,-0.936585811581694
22284,45,83,38,0.5421686746987951,0.7683498199278324
22285,82,159,77,0.5157232704402516,0.3965257928590721
22286,56,113,57,0.49557522123893805,-0.09407208683835973
22287,72,131,59,0.549618320610687,1.1358152736593492
22288,44,89,45,0.4943820224719101,-0.105999788000636
22289,57,87,30,0.6551724137931034,2.894703844062046
22290,54,104,50,0.5192307692307693,0.3922322702763681
22291,61,124,63,0.49193548387096775,-0.1796053020267749
22292,74,134,60,0.5522388059701493,1.2094157958139042
22293,83,142,59,0.5845070422535211,2.014035259912054
22294,63,117,54,0.5384615384615384,0.8320502943378436
22295,50,108,58,0.46296296296296297,-0.769800358919501
22296,58,115,57,0.5043478260869565,0.09325048082403138
22297,49,107,58,0.45794392523364486,-0.8700628401410971
22298,59,120,61,0.49166666666666664,-0.18257418583505536
22299,58,115,57,0.5043478260869565,0.09325048082403138
22300,24,58,34,0.41379310344827586,-1.3130643285972254
22301,31,58,27,0.5344827586206896,0.5252257314388902
22303,25,52,27,0.4807692307692308,-0.2773500981126146
22305,53,89,36,0.5955056179775281,1.801996396010812
22306,80,139,59,0.5755395683453237,1.781196752327939
22307,80,152,72,0.5263157894736842,0.6488856845230502
22308,55,111,56,0.4954954954954955,-0.0949157995752499
22309,45,88,43,0.5113636363636364,0.21320071635561041
22310,34,73,39,0.4657534246575342,-0.5852057359806528
22311,41,85,44,0.4823529411764706,-0.32539568672798425
22312,39,99,60,0.3939393939393939,-2.1105794120443453
22313,31,58,27,0.5344827586206896,0.5252257314388902
22314,28,58,30,0.4827586206896552,-0.2626128657194451
22315,29,50,21,0.58,1.131370849898476
22318,56,103,47,0.5436893203883495,0.8867963503478639
22320,41,86,45,0.47674418604651164,-0.43133109281375365
22321,25,58,33,0.43103448275862066,-1.0504514628777804
22322,38,80,42,0.475,-0.4472135954999579
22323,53,95,42,0.5578947368421052,1.1285761872936695
22324,26,57,31,0.45614035087719296,-0.6622661785325219
22366,30,51,21,0.5882352941176471,1.2602520756252087
22368,41,71,30,0.5774647887323944,1.3054598240132387
22369,36,68,32,0.5294117647058824,0.48507125007266594
22370,39,77,38,0.5064935064935064,0.11396057645963795
22371,55,94,39,0.5851063829787234,1.6502739940140694
22372,55,97,42,0.5670103092783505,1.3199500146737049
22373,52,105,53,0.49523809523809526,-0.09759000729485333
22374,63,130,67,0.4846153846153846,-0.3508232077228117
22375,48,92,44,0.5217391304347826,0.41702882811414954
22379,31,53,22,0.5849056603773585,1.2362450755382013
22382,23,50,27,0.46,-0.565685424949238
22385,31,55,24,0.5636363636363636,0.9438798074485389
22387,43,75,32,0.5733333333333334,1.2701705922171767
22388,43,95,52,0.45263157894736844,-0.9233805168766388
22389,28,60,32,0.4666666666666667,-0.5163977794943222
22390,29,59,30,0.4915254237288136,-0.13018891098082389
22392,20,61,41,0.32786885245901637,-2.6887744785908154
22397,24,51,27,0.47058823529411764,-0.42008402520840293
22401,36,76,40,0.47368421052631576,-0.4588314677411235
22402,29,63,34,0.4603174603174603,-0.629940788348712
22403,30,53,23,0.5660377358490566,0.9615239476408232
22404,33,65,32,0.5076923076923077,0.12403473458920847
22408,29,64,35,0.453125,-0.75
22412,34,67,33,0.5074626865671642,0.12216944435630522
22413,33,59,26,0.559322033898305,0.9113223768657671
22416,22,55,33,0.4,-1.4832396974191326
22417,32,68,36,0.47058823529411764,-0.48507125007266594
22419,28,51,23,0.5490196078431373,0.7001400420140048
22420,27,55,28,0.4909090909090909,-0.13483997249264842
22422,32,59,27,0.5423728813559322,0.6509445549041194
22424,18,57,39,0.3157894736842105,-2.781517949836592
22427,27,60,33,0.45,-0.7745966692414834
22428,37,69,32,0.5362318840579711,0.601929265428846
22430,31,62,31,0.5,0.0
22431,41,90,49,0.45555555555555555,-0.8432740427115678
22487,38,79,41,0.4810126582278481,-0.3375263702778072
22488,57,113,56,0.504424778761062,0.09407208683835973
22489,96,187,91,0.5133689839572193,0.36563621206356534
22490,61,116,55,0.5258620689655172,0.5570860145311556
22491,31,64,33,0.484375,-0.25
22492,45,84,39,0.5357142857142857,0.6546536707079772
22493,46,86,40,0.5348837209302325,0.6469966392206304
22494,48,100,52,0.48,-0.4
22495,48,75,27,0.64,2.424871130596428
22496,49,111,62,0.44144144144144143,-1.2339053944782488
22497,51,92,41,0.5543478260869565,1.0425720702853738
22498,48,83,35,0.5783132530120482,1.4269353798659745
22499,26,61,35,0.4262295081967213,-1.1523319193960637
22500,64,121,57,0.5289256198347108,0.6363636363636364
22501,46,78,32,0.5897435897435898,1.585187847802434
22502,37,77,40,0.4805194805194805,-0.3418817293789138
22508,31,60,29,0.5166666666666667,0.2581988897471611
22509,43,79,36,0.5443037974683544,0.7875615306482168
22510,40,78,38,0.5128205128205128,0.22645540682891913
22511,75,156,81,0.4807692307692308,-0.48038446141526137
22512,42,91,49,0.46153846153846156,-0.7337993857053429
22513,54,101,47,0.5346534653465347,0.6965260331469925
22514,55,94,39,0.5851063829787234,1.6502739940140694
22515,51,83,32,0.6144578313253012,2.0855209398041166
22516,45,73,28,0.6164383561643836,1.9896995023342199
22517,42,89,47,0.47191011235955055,-0.52999894000318
22518,55,105,50,0.5238095238095238,0.4879500364742666
22519,23,50,27,0.46,-0.565685424949238
22521,30,65,35,0.46153846153846156,-0.6201736729460423
22522,37,65,28,0.5692307692307692,1.116312611302876
22523,29,56,27,0.5178571428571429,0.2672612419124244
22524,31,60,29,0.5166666666666667,0.2581988897471611
22525,24,51,27,0.47058823529411764,-0.42008402520840293
22527,23,55,32,0.41818181818181815,-1.2135597524338357
22528,39,85,46,0.4588235294117647,-0.7592566023652966
22531,35,69,34,0.5072463768115942,0.1203858530857692
22536,48,87,39,0.5517241379310345,0.9649012813540153
22537,53,108,55,0.49074074074074076,-0.19245008972987526
22538,37,104,67,0.3557692307692308,-2.9417420270727606
22539,47,89,42,0.5280898876404494,0.52999894000318
22540,70,137,67,0.5109489051094891,0.25630729731502827
22541,59,125,66,0.472,-0.6260990336999411
22542,64,127,63,0.5039370078740157,0.08873565094161139
22543,39,85,46,0.4588235294117647,-0.7592566023652966
22544,55,129,74,0.4263565891472868,-1.6728567220186852
22545,53,111,58,0.4774774774774775,-0.4745789978762495
22546,59,109,50,0.5412844036697247,0.8620436566990363
22547,69,142,73,0.4859154929577465,-0.33567254331867563
22548,59,123,64,0.4796747967479675,-0.4508348173337161
22549,72,156,84,0.46153846153846156,-0.9607689228305227
22550,57,110,53,0.5181818181818182,0.38138503569823695
22551,46,90,44,0.5111111111111111,0.21081851067789195
22552,57,131,74,0.4351145038167939,-1.4852968963237645
22553,53,107,54,0.4953271028037383,-0.09667364890456635
22554,58,114,56,0.5087719298245614,0.1873171623163388
22555,23,56,33,0.4107142857142857,-1.3363062095621219
22556,34,82,48,0.4146341463414634,-1.5460413650478515
22557,35,72,37,0.4861111111111111,-0.23570226039551587
22558,25,55,30,0.45454545454545453,-0.674199862463242
22559,33,67,34,0.4925373134328358,-0.12216944435630522
22560,28,51,23,0.5490196078431373,0.7001400420140048
22561,36,91,55,0.3956043956043956,-1.9917411897716448
22562,70,147,77,0.47619047619047616,-0.5773502691896257
22563,128,232,104,0.5517241379310345,1.5756771943166705
22564,46,99,53,0.46464646464646464,-0.7035264706814485
22565,37,81,44,0.4567901234567901,-0.7777777777777778
22566,45,82,37,0.5487804878048781,0.8834522085987723
22567,30,68,38,0.4411764705882353,-0.9701425001453319
22568,26,62,36,0.41935483870967744,-1.270001270001905
22569,52,88,36,0.5909090909090909,1.7056057308448833
22570,24,59,35,0.4067796610169492,-1.4320780207890627
22571,27,61,34,0.4426229508196721,-0.8962581595302719
22572,28,62,34,0.45161290322580644,-0.762000762001143
22573,27,50,23,0.54,0.565685424949238
22574,57,112,55,0.5089285714285714,0.1889822365046136
22576,24,53,29,0.4528301886792453,-0.6868028197434451
22577,44,83,39,0.5301204819277109,0.5488212999484517
22578,43,81,38,0.5308641975308642,0.5555555555555556
22579,55,96,41,0.5729166666666666,1.4288690166235207
22580,30,60,30,0.5,0.0
22581,24,55,31,0.43636363636363634,-0.9438798074485389
22625,46,72,26,0.6388888888888888,2.3570226039551585
22626,41,82,41,0.5,0.0
22627,42,80,38,0.525,0.4472135954999579
22628,76,150,74,0.5066666666666667,0.16329931618554522
22629,79,152,73,0.5197368421052632,0.48666426339228763
22630,67,122,55,0.5491803278688525,1.0864289525102224
22631,49,102,53,0.4803921568627451,-0.39605901719066977
22634,34,63,29,0.5396825396825397,0.629940788348712
22636,31,55,24,0.5636363636363636,0.9438798074485389
22637,31,65,34,0.47692307692307695,-0.3721042037676254
22641,33,55,22,0.6,1.4832396974191326
22643,31,61,30,0.5081967213114754,0.12803687993289598
22646,37,65,28,0.5692307692307692,1.116312611302876
22653,25,55,30,0.45454545454545453,-0.674199862463242
22657,40,77,37,0.5194805194805194,0.3418817293789138
22658,42,82,40,0.5121951219512195,0.22086305214969307
22660,46,94,48,0.48936170212765956,-0.20628424925175867
22661,34,67,33,0.5074626865671642,0.12216944435630522
22662,22,59,37,0.3728813559322034,-1.952833664712358
22663,43,87,44,0.4942528735632184,-0.10721125348377948
22664,21,50,29,0.42,-1.131370849898476
22665,22,59,37,0.3728813559322034,-1.952833664712358
22668,39,77,38,0.5064935064935064,0.11396057645963795
22669,40,70,30,0.5714285714285714,1.1952286093343936
22670,44,85,41,0.5176470588235295,0.32539568672798425
22673,35,71,36,0.49295774647887325,-0.11867816581938533
22674,28,62,34,0.45161290322580644,-0.762000762001143
22676,40,88,48,0.45454545454545453,-0.8528028654224417
22677,33,70,37,0.4714285714285714,-0.47809144373375745
22678,26,66,40,0.3939393939393939,-1.7232808737106582
22679,55,101,46,0.5445544554455446,0.8955334711889903
22680,31,50,19,0.62,1.697056274847714
22681,33,69,36,0.4782608695652174,-0.3611575592573076
22683,29,57,28,0.5087719298245614,0.13245323570650439
22685,46,89,43,0.5168539325842697,0.31799936400190804
22686,37,83,46,0.4457831325301205,-0.9878783399072131
22687,43,104,61,0.41346153846153844,-1.7650452162436565
22744,29,58,29,0.5,0.0
22745,88,189,101,0.4656084656084656,-0.9456108576893003
22746,91,173,82,0.5260115606936416,0.684257329142735
22747,43,103,60,0.4174757281553398,-1.6750597728792984
22748,42,94,52,0.44680851063829785,-1.0314212462587933
22749,28,71,43,0.39436619718309857,-1.7801724872907798
22750,54,91,37,0.5934065934065934,1.7820842224272613
22751,36,69,33,0.5217391304347826,0.3611575592573076
22752,21,60,39,0.35,-2.32379000772445
22753,74,161,87,0.45962732919254656,-1.0245435281108308
22754,42,90,48,0.4666666666666667,-0.6324555320336759
22755,31,63,32,0.49206349206349204,-0.1259881576697424
22756,51,93,42,0.5483870967741935,0.9332565252573828
22757,68,141,73,0.48226950354609927,-0.42107596053325946
22760,30,76,46,0.39473684210526316,-1.835325870964494
22765,24,58,34,0.41379310344827586,-1.3130643285972254
22766,28,66,38,0.42424242424242425,-1.2309149097933272
22767,64,119,55,0.5378151260504201,0.8250286473253902
22768,107,235,128,0.4553191489361702,-1.3698889534122287
22769,57,121,64,0.47107438016528924,-0.6363636363636364
22770,65,110,45,0.5909090909090909,1.9069251784911847
22771,37,64,27,0.578125,1.25
22772,39,79,40,0.4936708860759494,-0.1125087900926024
22773,49,87,38,0.5632183908045977,1.1793237883215741
22774,53,109,56,0.48623853211009177,-0.2873478855663454
22775,38,91,53,0.4175824175824176,-1.5724272550828775
22776,45,90,45,0.5,0.0
22777,34,70,36,0.4857142857142857,-0.23904572186687872
22778,30,63,33,0.47619047619047616,-0.3779644730092272
22779,39,80,41,0.4875,-0.22360679774997896
22780,33,74,41,0.44594594594594594,-0.9299811099505543
22781,31,71,40,0.43661971830985913,-1.0681034923744679
22782,36,73,37,0.4931506849315068,-0.11704114719613057
22783,48,83,35,0.5783132530120482,1.4269353798659745
22784,45,91,46,0.4945054945054945,-0.10482848367219183
22790,34,67,33,0.5074626865671642,0.12216944435630522
22791,49,99,50,0.494949494949495,-0.10050378152592121
22792,44,84,40,0.5238095238095238,0.4364357804719848
22793,35,74,39,0.47297297297297297,-0.46499055497527714
22794,46,108,62,0.42592592592592593,-1.539600717839002
22795,41,97,56,0.422680412371134,-1.5230192477004287
22796,41,87,46,0.47126436781609193,-0.5360562674188973
22797,66,131,65,0.5038167938931297,0.0873704056661038
22798,62,122,60,0.5081967213114754,0.18107149208503706
22799,62,134,72,0.4626865671641791,-0.8638684255813601
22800,39,84,45,0.4642857142857143,-0.6546536707079772
22801,42,95,53,0.4421052631578947,-1.1285761872936695
22802,74,149,75,0.4966442953020134,-0.08192319205190406
22803,66,127,61,0.5196850393700787,0.44367825470805694
22804,46,94,48,0.48936170212765956,-0.20628424925175867
22805,74,177,103,0.4180790960451977,-2.179773481208204
22806,69,143,74,0.4825174825174825,-0.4181210050035454
22807,34,64,30,0.53125,0.5
22808,60,109,49,0.5504587155963303,1.0536089137432665
22809,35,75,40,0.4666666666666667,-0.5773502691896257
22810,38,85,47,0.4470588235294118,-0.9761870601839528
22811,92,138,46,0.6666666666666666,3.9157800414902435
22812,42,92,50,0.45652173913043476,-0.8340576562282991
22813,32,73,41,0.4383561643835616,-1.0533703247651751
22814,41,76,35,0.5394736842105263,0.6882472016116852
22815,40,87,47,0.45977011494252873,-0.7504787743864564
22816,34,72,38,0.4722222222222222,-0.47140452079103173
22817,28,57,29,0.49122807017543857,-0.13245323570650439
22818,89,164,75,0.5426829268292683,1.0932163332202425
22819,56,128,72,0.4375,-1.414213562373095
22820,52,111,59,0.46846846846846846,-0.6644105970267493
22821,54,109,55,0.4954128440366973,-0.09578262852211514
22822,23,51,28,0.45098039215686275,-0.7001400420140048
22823,40,71,31,0.5633802816901409,1.0681034923744679
22824,38,73,35,0.5205479452054794,0.3511234415883917
22825,28,57,29,0.49122807017543857,-0.13245323570650439
22826,28,59,31,0.4745762711864407,-0.39056673294247163
22830,68,135,67,0.5037037037037037,0.08606629658238704
22831,35,77,42,0.45454545454545453,-0.7977240352174656
22832,36,68,32,0.5294117647058824,0.48507125007266594
22833,35,71,36,0.49295774647887325,-0.11867816581938533
22834,43,91,48,0.4725274725274725,-0.5241424183609592
22835,39,78,39,0.5,0.0
22836,34,59,25,0.576271186440678,1.171700198827415
22878,27,55,28,0.4909090909090909,-0.13483997249264842
22879,31,71,40,0.43661971830985913,-1.0681034923744679
22881,36,55,19,0.6545454545454545,2.292279532375023
22882,35,83,48,0.42168674698795183,-1.4269353798659745
22883,29,65,36,0.4461538461538462,-0.8682431421244593
22884,66,113,47,0.584070796460177,1.7873696499288347
22885,81,167,86,0.48502994011976047,-0.38691161626706844
22886,112,216,104,0.5185185185185185,0.5443310539518174
22887,63,122,59,0.5163934426229508,0.3621429841700741
22891,43,81,38,0.5308641975308642,0.5555555555555556
22900,36,63,27,0.5714285714285714,1.1338934190276817
22902,29,68,39,0.4264705882352941,-1.212678125181665
22903,33,73,40,0.4520547945205479,-0.819288030372914
22909,27,60,33,0.45,-0.7745966692414834
22912,46,118,72,0.3898305084745763,-2.393494006535641
22913,27,62,35,0.43548387096774194,-1.016001016001524
22914,41,76,35,0.5394736842105263,0.6882472016116852
22915,28,71,43,0.39436619718309857,-1.7801724872907798
22916,42,76,34,0.5526315789473685,0.917662935482247
22917,34,68,34,0.5,0.0
22918,39,81,42,0.48148148148148145,-0.3333333333333333
22919,23,50,27,0.46,-0.565685424949238
22920,23,68,45,0.3382352941176471,-2.6678918753996625
22921,28,72,44,0.3888888888888889,-1.885618083164127
22923,32,68,36,0.47058823529411764,-0.48507125007266594
22924,29,65,36,0.4461538461538462,-0.8682431421244593
22925,51,125,74,0.408,-2.057182539299806
22926,48,89,41,0.5393258426966292,0.741998516004452
22928,31,73,42,0.4246575342465753,-1.2874526191574363
22929,34,63,29,0.5396825396825397,0.629940788348712
22931,26,59,33,0.4406779661016949,-0.9113223768657671
22932,43,90,47,0.4777777777777778,-0.4216370213557839
22933,30,70,40,0.42857142857142855,-1.1952286093343936
22934,39,77,38,0.5064935064935064,0.11396057645963795
22935,63,94,31,0.6702127659574468,3.3005479880281388
22936,25,61,36,0.4098360655737705,-1.4084056792618558
22937,31,76,45,0.40789473684210525,-1.6059101370939322
22940,17,52,35,0.3269230769230769,-2.4961508830135313
22941,49,104,55,0.47115384615384615,-0.5883484054145521
22942,54,121,67,0.4462809917355372,-1.1818181818181819
22943,41,86,45,0.47674418604651164,-0.43133109281375365
23000,49,93,44,0.5268817204301075,0.5184758473652127
23001,102,172,70,0.5930232558139535,2.4399771253216747
23002,28,70,42,0.4,-1.6733200530681511
23003,28,55,27,0.509090909090909,0.13483997249264842
23004,48,90,42,0.5333333333333333,0.6324555320336759
23005,48,91,43,0.5274725274725275,0.5241424183609592
23006,52,78,26,0.6666666666666666,2.943920288775949
23007,62,122,60,0.5081967213114754,0.18107149208503706
23008,63,141,78,0.44680851063829785,-1.2632278815997784
23009,63,125,62,0.504,0.08944271909999159
23010,55,122,67,0.45081967213114754,-1.0864289525102224
23011,36,79,43,0.45569620253164556,-0.7875615306482168
23012,59,118,59,0.5,0.0
23013,29,69,40,0.42028985507246375,-1.3242443839434612
23014,33,62,29,0.532258064516129,0.508000508000762
23015,32,69,37,0.463768115942029,-0.601929265428846
23018,75,155,80,0.4838709677419355,-0.4016096644512494
23019,23,55,32,0.41818181818181815,-1.2135597524338357
23021,47,94,47,0.5,0.0
23022,57,118,61,0.4830508474576271,-0.3682298471593294
23023,77,165,88,0.4666666666666667,-0.8563488385776753
23024,78,134,56,0.582089552238806,1.9005105362789922
23025,37,75,38,0.49333333333333335,-0.11547005383792514
23026,35,66,31,0.5303030303030303,0.4923659639173309
23027,34,83,49,0.40963855421686746,-1.6464638998453551
23028,38,75,37,0.5066666666666667,0.11547005383792514
23029,43,81,38,0.5308641975308642,0.5555555555555556
23030,42,91,49,0.46153846153846156,-0.7337993857053429
23031,55,114,59,0.4824561403508772,-0.3746343246326776
23032,45,101,56,0.44554455445544555,-1.0945409092309881
23033,36,71,35,0.5070422535211268,0.11867816581938533
23034,58,120,62,0.48333333333333334,-0.3651483716701107
23035,38,69,31,0.5507246376811594,0.8427009716003844
23036,43,93,50,0.46236559139784944,-0.7258661863112977
23037,49,98,49,0.5,0.0
23038,36,65,29,0.5538461538461539,0.8682431421244593
23039,39,84,45,0.4642857142857143,-0.6546536707079772
23040,64,136,72,0.47058823529411764,-0.6859943405700353
23043,31,51,20,0.6078431372549019,1.5403080924308108
23046,45,93,48,0.4838709677419355,-0.3110855084191276
23047,57,110,53,0.5181818181818182,0.38138503569823695
23048,38,69,31,0.5507246376811594,0.8427009716003844
23049,48,101,53,0.4752475247524752,-0.4975185951049946
23050,43,86,43,0.5,0.0
23051,50,114,64,0.43859649122807015,-1.3112201362143716
23052,40,90,50,0.4444444444444444,-1.0540925533894598
23053,48,92,44,0.5217391304347826,0.41702882811414954
23054,49,109,60,0.44954128440366975,-1.0536089137432665
23055,28,69,41,0.4057971014492754,-1.5650160901149996
23056,62,105,43,0.5904761904761905,1.8542101386022132
23057,65,137,72,0.4744525547445255,-0.5980503604017327
23058,67,127,60,0.5275590551181102,0.6211495565912797
23059,61,122,61,0.5,0.0
23060,46,98,52,0.46938775510204084,-0.6060915267313265
23061,67,114,47,0.5877192982456141,1.873171623163388
23062,50,99,49,0.5050505050505051,0.10050378152592121
23063,54,102,48,0.5294117647058824,0.5940885257860046
23064,52,105,53,0.49523809523809526,-0.09759000729485333
23065,37,72,35,0.5138888888888888,0.23570226039551587
23066,105,190,85,0.5526315789473685,1.4509525002200234
23067,111,198,87,0.5606060606060606,1.7056057308448835
23068,70,143,73,0.48951048951048953,-0.2508726030021272
23069,47,93,46,0.5053763440860215,0.10369516947304253
23070,44,95,51,0.4631578947368421,-0.7181848464596079
23071,33,59,26,0.559322033898305,0.9113223768657671
23072,25,61,36,0.4098360655737705,-1.4084056792618558
23073,63,131,68,0.48091603053435117,-0.43685202833051895
23074,71,129,58,0.5503875968992248,1.1445861782233109
23075,61,116,55,0.5258620689655172,0.5570860145311556
23076,53,99,46,0.5353535353535354,0.7035264706814485
23077,53,115,62,0.4608695652173913,-0.8392543274162825
23078,29,59,30,0.4915254237288136,-0.13018891098082389
23079,42,70,28,0.6,1.6733200530681511
23080,24,53,29,0.4528301886792453,-0.6868028197434451
23082,18,51,33,0.35294117647058826,-2.100420126042015
23084,20,52,32,0.38461538461538464,-1.6641005886756874
23086,51,94,43,0.5425531914893617,0.8251369970070347
23087,50,97,47,0.5154639175257731,0.30460384954008574
23088,56,117,61,0.47863247863247865,-0.4622501635210242
23089,42,78,36,0.5384615384615384,0.6793662204867574
23090,40,78,38,0.5128205128205128,0.22645540682891913
23091,30,56,26,0.5357142857142857,0.5345224838248488
23133,46,96,50,0.4791666666666667,-0.4082482904638631
23134,44,90,46,0.4888888888888889,-0.21081851067789195
23138,44,91,47,0.4835164835164835,-0.3144854510165755
23139,24,66,42,0.36363636363636365,-2.215646837627989
23140,49,108,59,0.4537037037037037,-0.9622504486493763
23141,104,219,115,0.4748858447488584,-0.7433111162394346
23142,59,125,66,0.472,-0.6260990336999411
23148,25,60,35,0.4166666666666667,-1.2909944487358056
23149,36,68,32,0.5294117647058824,0.48507125007266594
23158,29,55,26,0.5272727272727272,0.40451991747794525
23159,30,60,30,0.5,0.0
23168,22,51,29,0.43137254901960786,-0.9801960588196068
23169,47,94,47,0.5,0.0
23170,40,86,46,0.46511627906976744,-0.6469966392206304
23171,36,68,32,0.5294117647058824,0.48507125007266594
23173,36,72,36,0.5,0.0
23174,42,85,43,0.49411764705882355,-0.10846522890932808
23175,55,117,62,0.4700854700854701,-0.647150228929434
23177,36,87,51,0.41379310344827586,-1.6081688022566922
23178,27,60,33,0.45,-0.7745966692414834
23179,40,78,38,0.5128205128205128,0.22645540682891913
23180,63,111,48,0.5675675675675675,1.4237369936287485
23181,45,84,39,0.5357142857142857,0.6546536707079772
23182,54,115,61,0.46956521739130436,-0.6527533657682196
23183,32,73,41,0.4383561643835616,-1.0533703247651751
23184,50,93,43,0.5376344086021505,0.7258661863112977
23185,46,95,49,0.4842105263157895,-0.30779350562554625
23186,28,53,25,0.5283018867924528,0.4120816918460671
23187,30,67,37,0.44776119402985076,-0.8551861104941365
23189,47,85,38,0.5529411764705883,0.9761870601839528
23190,47,92,45,0.5108695652173914,0.20851441405707477
23191,51,87,36,0.5862068965517241,1.6081688022566922
23192,34,74,40,0.4594594594594595,-0.6974858324629157
23193,44,84,40,0.5238095238095238,0.4364357804719848
23195,57,114,57,0.5,0.0
23196,29,69,40,0.42028985507246375,-1.3242443839434612
23197,26,55,29,0.4727272727272727,-0.40451991747794525
23198,48,92,44,0.5217391304347826,0.41702882811414954
23199,39,80,41,0.4875,-0.22360679774997896
23200,62,138,76,0.4492753623188406,-1.191759143062248
23202,34,72,38,0.4722222222222222,-0.47140452079103173
23256,34,68,34,0.5,0.0
23257,79,159,80,0.4968553459119497,-0.07930515857181442
23258,56,108,52,0.5185185185185185,0.3849001794597505
23259,39,68,29,0.5735294117647058,1.212678125181665
23260,48,94,46,0.5106382978723404,0.20628424925175867
23261,31,66,35,0.4696969696969697,-0.4923659639173309
23262,33,73,40,0.4520547945205479,-0.819288030372914
23263,37,62,25,0.5967741935483871,1.524001524002286
23264,58,92,34,0.6304347826086957,2.5021729686848975
23265,50,99,49,0.5050505050505051,0.10050378152592121
23266,58,112,54,0.5178571428571429,0.3779644730092272
23267,32,67,35,0.47761194029850745,-0.36650833306891567
23268,53,109,56,0.48623853211009177,-0.2873478855663454
23269,50,93,43,0.5376344086021505,0.7258661863112977
23270,29,63,34,0.4603174603174603,-0.629940788348712
23271,53,104,51,0.5096153846153846,0.19611613513818404
23272,44,81,37,0.5432098765432098,0.7777777777777778
23274,55,120,65,0.4583333333333333,-0.9128709291752769
23275,114,208,94,0.5480769230769231,1.386750490563073
23277,25,59,34,0.423728813559322,-1.171700198827415
23278,35,87,52,0.40229885057471265,-1.8225913092242512
23279,72,130,58,0.5538461538461539,1.227881227029841
23280,45,99,54,0.45454545454545453,-0.9045340337332909
23281,35,75,40,0.4666666666666667,-0.5773502691896257
23282,39,73,34,0.5342465753424658,0.5852057359806528
23283,40,82,42,0.4878048780487805,-0.22086305214969307
23284,35,78,43,0.44871794871794873,-0.9058216273156765
23285,29,50,21,0.58,1.131370849898476
23286,43,84,41,0.5119047619047619,0.2182178902359924
23287,75,146,71,0.5136986301369864,0.3310423554409472
23288,44,94,50,0.46808510638297873,-0.618852747755276
23289,67,143,76,0.46853146853146854,-0.7526178090063816
23290,45,88,43,0.5113636363636364,0.21320071635561041
23291,28,67,39,0.417910447761194,-1.3438638879193574
23292,39,76,37,0.5131578947368421,0.22941573387056174
23293,35,85,50,0.4117647058823529,-1.6269784336399213
23294,47,102,55,0.46078431372549017,-0.7921180343813395
23295,31,72,41,0.4305555555555556,-1.1785113019775793
23296,44,77,33,0.5714285714285714,1.2535663410560174
23297,37,67,30,0.5522388059701493,0.8551861104941365
23299,31,70,39,0.44285714285714284,-0.9561828874675149
23300,40,79,39,0.5063291139240507,0.1125087900926024
23301,25,53,28,0.4716981132075472,-0.4120816918460671
23303,57,97,40,0.5876288659793815,1.7260884807271526
23304,33,61,28,0.5409836065573771,0.6401843996644799
23305,38,78,40,0.48717948717948717,-0.22645540682891913
23306,62,117,55,0.5299145299145299,0.647150228929434
23307,58,111,53,0.5225225225225225,0.4745789978762495
23308,48,88,40,0.5454545454545454,0.8528028654224417
23309,42,88,46,0.4772727272727273,-0.42640143271122083
23310,45,106,61,0.42452830188679247,-1.5540573797716226
23311,38,83,45,0.4578313253012048,-0.7683498199278324
23312,40,72,32,0.5555555555555556,0.9428090415820635
23313,70,124,54,0.5645161290322581,1.4368424162141993
23314,58,114,56,0.5087719298245614,0.1873171623163388
23315,73,140,67,0.5214285714285715,0.50709255283711
23316,49,107,58,0.45794392523364486,-0.8700628401410971
23317,42,105,63,0.4,-2.04939015319192
23318,47,90,43,0.5222222222222223,0.4216370213557839
23319,43,87,44,0.4942528735632184,-0.10721125348377948
23320,51,121,70,0.4214876033057851,-1.7272727272727273
23321,37,86,49,0.43023255813953487,-1.2939932784412609
23322,76,160,84,0.475,-0.6324555320336759
23323,81,172,91,0.47093023255813954,-0.7624928516630234
23324,57,121,64,0.47107438016528924,-0.6363636363636364
23325,56,109,53,0.5137614678899083,0.2873478855663454
23326,29,66,37,0.4393939393939394,-0.9847319278346618
23327,34,68,34,0.5,0.0
23328,26,65,39,0.4,-1.61245154965971
23329,42,97,55,0.4329896907216495,-1.3199500146737049
23330,56,123,67,0.45528455284552843,-0.9918365981341755
23331,61,122,61,0.5,0.0
23332,62,113,51,0.5486725663716814,1.034792955221957
23333,37,86,49,0.43023255813953487,-1.2939932784412609
23334,22,52,30,0.4230769230769231,-1.1094003924504583
23335,45,93,48,0.4838709677419355,-0.3110855084191276
23337,26,68,42,0.38235294117647056,-1.9402850002906638
23340,56,111,55,0.5045045045045045,0.0949157995752499
23341,31,58,27,0.5344827586206896,0.5252257314388902
23342,31,64,33,0.484375,-0.25
23343,43,90,47,0.4777777777777778,-0.4216370213557839
23344,61,119,58,0.5126050420168067,0.2750095491084634
23345,59,121,62,0.48760330578512395,-0.2727272727272727
23346,35,67,32,0.5223880597014925,0.36650833306891567
23347,35,62,27,0.5645161290322581,1.016001016001524
23389,28,62,34,0.45161290322580644,-0.762000762001143
23390,47,108,61,0.4351851851851852,-1.3471506281091268
23394,55,104,49,0.5288461538461539,0.5883484054145521
23395,34,72,38,0.4722222222222222,-0.47140452079103173
23396,49,95,46,0.5157894736842106,0.30779350562554625
23397,92,177,85,0.519774011299435,0.5261522196019802
23398,60,140,80,0.42857142857142855,-1.6903085094570331
23399,39,86,47,0.45348837209302323,-0.8626621856275073
23400,38,78,40,0.48717948717948717,-0.22645540682891913
23404,26,53,27,0.49056603773584906,-0.13736056394868904
23405,34,54,20,0.6296296296296297,1.9051586888313607
23421,32,55,23,0.5818181818181818,1.2135597524338357
23422,28,66,38,0.42424242424242425,-1.2309149097933272
23424,29,63,34,0.4603174603174603,-0.629940788348712
23425,29,73,44,0.3972602739726027,-1.7556172079419585
23426,24,56,32,0.42857142857142855,-1.0690449676496976
23427,39,69,30,0.5652173913043478,1.0834726777719228
23428,39,65,26,0.6,1.61245154965971
23429,32,64,32,0.5,0.0
23430,62,121,59,0.512396694214876,0.2727272727272727
23432,32,66,34,0.48484848484848486,-0.24618298195866545
23433,27,78,51,0.34615384615384615,-2.7174648819470297
23435,35,82,47,0.4268292682926829,-1.3251783128981585
23436,30,65,35,0.46153846153846156,-0.6201736729460423
23437,66,124,58,0.532258064516129,0.7184212081070996
23438,79,157,78,0.5031847133757962,0.07980868844676221
23439,54,104,50,0.5192307692307693,0.3922322702763681
23440,57,111,54,0.5135135135135135,0.2847473987257497
23441,27,59,32,0.4576271186440678,-0.6509445549041194
23442,39,85,46,0.4588235294117647,-0.7592566023652966
23443,45,82,37,0.5487804878048781,0.8834522085987723
23444,67,136,69,0.49264705882352944,-0.17149858514250882
23445,33,73,40,0.4520547945205479,-0.819288030372914
23446,47,98,51,0.47959183673469385,-0.40406101782088427
23447,39,84,45,0.4642857142857143,-0.6546536707079772
23448,53,112,59,0.4732142857142857,-0.5669467095138409
23449,52,100,48,0.52,0.4
23450,33,69,36,0.4782608695652174,-0.3611575592573076
23451,52,104,52,0.5,0.0
23452,38,74,36,0.5135135135135135,0.23249527748763857
23453,35,72,37,0.4861111111111111,-0.23570226039551587
23454,51,94,43,0.5425531914893617,0.8251369970070347
23455,37,77,40,0.4805194805194805,-0.3418817293789138
23457,40,74,34,0.5405405405405406,0.6974858324629157
23458,58,110,52,0.5272727272727272,0.5720775535473553
23511,28,61,33,0.45901639344262296,-0.6401843996644799
23512,44,91,47,0.4835164835164835,-0.3144854510165755
23513,56,115,59,0.48695652173913045,-0.27975144247209416
23514,47,103,56,0.4563106796116505,-0.8867963503478639
23515,31,65,34,0.47692307692307695,-0.3721042037676254
23516,42,95,53,0.4421052631578947,-1.1285761872936695
23517,54,112,58,0.48214285714285715,-0.3779644730092272
23518,39,87,48,0.4482758620689655,-0.9649012813540153
23519,39,83,44,0.46987951807228917,-0.5488212999484517
23520,55,103,48,0.5339805825242718,0.6897304947150052
23521,39,87,48,0.4482758620689655,-0.9649012813540153
23522,61,111,50,0.5495495495495496,1.044073795327749
23523,38,73,35,0.5205479452054794,0.3511234415883917
23524,65,124,59,0.5241935483870968,0.5388159060803247
23525,44,92,48,0.4782608695652174,-0.41702882811414954
23526,21,60,39,0.35,-2.32379000772445
23527,69,135,66,0.5111111111111111,0.25819888974716115
23528,32,68,36,0.47058823529411764,-0.48507125007266594
23529,39,90,51,0.43333333333333335,-1.2649110640673518
23530,60,114,54,0.5263157894736842,0.5619514869490164
23531,67,140,73,0.4785714285714286,-0.50709255283711
23533,37,66,29,0.5606060606060606,0.9847319278346618
23534,69,120,51,0.575,1.6431676725154982
23535,54,115,61,0.46956521739130436,-0.6527533657682196
23536,56,98,42,0.5714285714285714,1.4142135623730951
23537,77,143,66,0.5384615384615384,0.9198662110077999
23538,71,121,50,0.5867768595041323,1.9090909090909092
23539,42,79,37,0.5316455696202531,0.562543950463012
23540,38,82,44,0.4634146341463415,-0.6625891564490792
23541,38,77,39,0.4935064935064935,-0.11396057645963795
23542,69,134,65,0.5149253731343284,0.34554737023254406
23543,73,158,85,0.4620253164556962,-0.9546687410108761
23544,62,120,58,0.5166666666666667,0.3651483716701107
23545,62,135,73,0.45925925925925926,-0.9467292624062575
23546,70,130,60,0.5384615384615384,0.8770580193070293
23547,38,68,30,0.5588235294117647,0.9701425001453319
23548,47,90,43,0.5222222222222223,0.4216370213557839
23549,44,88,44,0.5,0.0
23550,29,70,41,0.4142857142857143,-1.4342743312012722
23551,45,78,33,0.5769230769230769,1.3587324409735149
23552,43,103,60,0.4174757281553398,-1.6750597728792984
23553,36,77,41,0.4675324675324675,-0.5698028822981898
23554,38,73,35,0.5205479452054794,0.3511234415883917
23555,43,88,45,0.48863636363636365,-0.21320071635561041
23556,35,75,40,0.4666666666666667,-0.5773502691896257
23557,37,64,27,0.578125,1.25
23558,26,65,39,0.4,-1.61245154965971
23559,43,84,41,0.5119047619047619,0.2182178902359924
23560,30,62,32,0.4838709677419355,-0.254000254000381
23561,51,104,53,0.49038461538461536,-0.19611613513818404
23562,64,126,62,0.5079365079365079,0.1781741612749496
23563,48,81,33,0.5925925925925926,1.6666666666666667
23564,41,81,40,0.5061728395061729,0.1111111111111111
23565,41,81,40,0.5061728395061729,0.1111111111111111
23566,52,104,52,0.5,0.0
23567,38,88,50,0.4318181818181818,-1.2792042981336627
23568,59,101,42,0.5841584158415841,1.6915632233569815
23569,66,114,48,0.5789473684210527,1.6858544608470492
23570,53,125,72,0.424,-1.6994116628998401
23571,68,111,43,0.6126126126126126,2.3728949893812477
23572,42,80,38,0.525,0.4472135954999579
23573,42,79,37,0.5316455696202531,0.562543950463012
23574,34,67,33,0.5074626865671642,0.12216944435630522
23575,62,124,62,0.5,0.0
23576,55,138,83,0.39855072463768115,-2.383518286124496
23577,44,102,58,0.43137254901960786,-1.3862065601673441
23578,82,169,87,0.48520710059171596,-0.38461538461538464
23579,65,138,73,0.47101449275362317,-0.6810052246069989
23580,39,83,44,0.46987951807228917,-0.5488212999484517
23581,26,50,24,0.52,0.282842712474619
23582,28,63,35,0.4444444444444444,-0.8819171036881969
23583,34,65,31,0.5230769230769231,0.3721042037676254
23584,37,73,36,0.5068493150684932,0.11704114719613057
23585,38,69,31,0.5507246376811594,0.8427009716003844
23586,72,130,58,0.5538461538461539,1.227881227029841
23587,65,127,62,0.5118110236220472,0.26620695282483414
23588,76,131,55,0.5801526717557252,1.8347785189881796
23589,52,107,55,0.48598130841121495,-0.29002094671369905
23590,40,67,27,0.5970149253731343,1.5882027766319677
23591,44,74,30,0.5945945945945946,1.62746694241347
23592,42,75,33,0.56,1.0392304845413263
23593,31,52,21,0.5961538461538461,1.386750490563073
23594,45,83,38,0.5421686746987951,0.7683498199278324
23595,39,67,28,0.582089552238806,1.3438638879193574
23596,54,105,51,0.5142857142857142,0.29277002188455997
23597,53,113,60,0.4690265486725664,-0.658504607868518
23598,32,83,51,0.3855421686746988,-2.0855209398041166
23599,30,72,42,0.4166666666666667,-1.4142135623730951
23600,65,125,60,0.52,0.4472135954999579
23601,37,62,25,0.5967741935483871,1.524001524002286
23602,45,91,46,0.4945054945054945,-0.10482848367219183
23643,24,61,37,0.39344262295081966,-1.6644794391276478
23645,33,76,43,0.4342105263157895,-1.1470786693528088
23646,49,87,38,0.5632183908045977,1.1793237883215741
23647,33,54,21,0.6111111111111112,1.632993161855452
23648,49,94,45,0.5212765957446809,0.41256849850351734
23650,75,130,55,0.5769230769230769,1.7541160386140586
23651,54,92,38,0.5869565217391305,1.6681153124565982
23652,56,91,35,0.6153846153846154,2.2013981571160284
23653,62,115,53,0.5391304347826087,0.8392543274162825
23654,43,82,39,0.524390243902439,0.44172610429938614
23655,50,99,49,0.5050505050505051,0.10050378152592121
23656,43,71,28,0.6056338028169014,1.7801724872907798
23657,33,78,45,0.4230769230769231,-1.3587324409735149
23658,25,55,30,0.45454545454545453,-0.674199862463242
23659,40,71,31,0.5633802816901409,1.0681034923744679
23660,35,63,28,0.5555555555555556,0.8819171036881969
23661,20,55,35,0.36363636363636365,-2.0225995873897262
23665,24,53,29,0.4528301886792453,-0.6868028197434451
23666,33,65,32,0.5076923076923077,0.12403473458920847
23667,28,62,34,0.45161290322580644,-0.762000762001143
23675,22,50,28,0.44,-0.848528137423857
23677,32,77,45,0.4155844155844156,-1.4814874939752933
23678,30,62,32,0.4838709677419355,-0.254000254000381
23680,25,55,30,0.45454545454545453,-0.674199862463242
23681,35,65,30,0.5384615384615384,0.6201736729460423
23682,40,73,33,0.547945205479452,0.819288030372914
23683,43,92,49,0.4673913043478261,-0.6255432421712244
23684,34,61,27,0.5573770491803278,0.8962581595302719
23686,31,87,56,0.3563218390804598,-2.680281337094487
23687,42,94,52,0.44680851063829785,-1.0314212462587933
23688,48,108,60,0.4444444444444444,-1.1547005383792515
23689,35,80,45,0.4375,-1.118033988749895
23691,36,70,34,0.5142857142857142,0.23904572186687872
23692,43,78,35,0.5512820512820513,0.9058216273156765
23693,17,57,40,0.2982456140350877,-3.0464244212496006
23694,64,127,63,0.5039370078740157,0.08873565094161139
23695,99,193,94,0.5129533678756477,0.35990787537434726
23696,84,165,81,0.509090909090909,0.23354968324845687
23697,65,138,73,0.47101449275362317,-0.6810052246069989
23698,50,107,57,0.4672897196261682,-0.6767155423319645
23699,66,117,51,0.5641025641025641,1.3867504905630728
23700,62,144,82,0.4305555555555556,-1.6666666666666667
23701,45,98,53,0.45918367346938777,-0.8081220356417685
23702,38,73,35,0.5205479452054794,0.3511234415883917
23703,55,106,51,0.5188679245283019,0.38851434494290565
23704,40,95,55,0.42105263157894735,-1.5389675281277313
23705,45,91,46,0.4945054945054945,-0.10482848367219183
23706,60,85,25,0.7058823529411765,3.796283011826483
23707,49,88,39,0.5568181818181818,1.0660035817780522
23708,83,156,73,0.532051282051282,0.8006407690254357
23709,57,102,45,0.5588235294117647,1.1881770515720091
23710,26,69,43,0.37681159420289856,-2.0465595024580763
23711,43,75,32,0.5733333333333334,1.2701705922171767
23712,46,88,42,0.5227272727272727,0.42640143271122083
23714,37,78,41,0.47435897435897434,-0.45291081365783825
23715,36,71,35,0.5070422535211268,0.11867816581938533
23768,34,59,25,0.576271186440678,1.171700198827415
23769,47,94,47,0.5,0.0
23770,63,115,52,0.5478260869565217,1.025755289064345
23771,33,70,37,0.4714285714285714,-0.47809144373375745
23772,39,81,42,0.48148148148148145,-0.3333333333333333
23773,54,103,49,0.5242718446601942,0.4926646390821466
23774,48,101,53,0.4752475247524752,-0.4975185951049946
23775,48,105,57,0.45714285714285713,-0.8783100656536799
23776,62,121,59,0.512396694214876,0.2727272727272727
23777,31,58,27,0.5344827586206896,0.5252257314388902
23778,49,96,47,0.5104166666666666,0.20412414523193154
23779,33,69,36,0.4782608695652174,-0.3611575592573076
23780,34,70,36,0.4857142857142857,-0.23904572186687872
23781,38,86,48,0.4418604651162791,-1.078327732034384
23782,27,53,26,0.5094339622641509,0.13736056394868904
23783,52,93,41,0.5591397849462365,1.1406468642034677
23784,31,75,44,0.41333333333333333,-1.5011106998930268
23786,77,146,69,0.5273972602739726,0.6620847108818944
23787,69,144,75,0.4791666666666667,-0.5
23788,25,56,31,0.44642857142857145,-0.8017837257372732
23790,41,75,34,0.5466666666666666,0.808290376865476
23791,43,94,51,0.4574468085106383,-0.8251369970070347
23792,41,83,42,0.4939759036144578,-0.10976425998969035
23793,54,99,45,0.5454545454545454,0.9045340337332909
23794,55,110,55,0.5,0.0
23795,42,91,49,0.46153846153846156,-0.7337993857053429
23796,36,89,53,0.4044943820224719,-1.801996396010812
23797,63,128,65,0.4921875,-0.17677669529663687
23798,56,116,60,0.4827586206896552,-0.3713906763541037
23799,95,204,109,0.46568627450980393,-0.9801960588196068
23800,42,97,55,0.4329896907216495,-1.3199500146737049
23801,54,104,50,0.5192307692307693,0.3922322702763681
23802,59,104,45,0.5673076923076923,1.3728129459672884
23803,63,146,83,0.4315068493150685,-1.655211777204736
23804,44,82,38,0.5365853658536586,0.6625891564490792
23805,45,82,37,0.5487804878048781,0.8834522085987723
23806,37,88,51,0.42045454545454547,-1.4924050144892729
23807,51,98,47,0.5204081632653061,0.40406101782088427
23808,65,140,75,0.4642857142857143,-0.8451542547285166
23809,44,97,53,0.4536082474226804,-0.9138115486202573
23810,47,94,47,0.5,0.0
23811,37,80,43,0.4625,-0.6708203932499369
23812,54,115,61,0.46956521739130436,-0.6527533657682196
23813,36,70,34,0.5142857142857142,0.23904572186687872
23814,61,114,53,0.5350877192982456,0.7492686492653552
23815,44,90,46,0.4888888888888889,-0.21081851067789195
23816,44,82,38,0.5365853658536586,0.6625891564490792
23817,38,63,25,0.6031746031746031,1.6378460497066512
23818,44,84,40,0.5238095238095238,0.4364357804719848
23819,39,68,29,0.5735294117647058,1.212678125181665
23820,37,70,33,0.5285714285714286,0.47809144373375745
23821,42,89,47,0.47191011235955055,-0.52999894000318
23822,80,173,93,0.4624277456647399,-0.9883716976506172
23823,45,91,46,0.4945054945054945,-0.10482848367219183
23824,39,93,54,0.41935483870967744,-1.5554275420956378
23825,43,79,36,0.5443037974683544,0.7875615306482168
23826,49,106,57,0.46226415094339623,-0.7770286898858113
23827,32,69,37,0.463768115942029,-0.601929265428846
23828,44,107,63,0.411214953271028,-1.8367993291867606
23829,29,56,27,0.5178571428571429,0.2672612419124244
23831,43,89,46,0.48314606741573035,-0.31799936400190804
23832,72,163,91,0.44171779141104295,-1.4881948549771191
23833,61,129,68,0.4728682170542636,-0.6163156344279367
23834,71,164,93,0.4329268292682927,-1.7179113807746667
23835,92,178,86,0.5168539325842697,0.44971901339751685
23836,40,86,46,0.46511627906976744,-0.6469966392206304
23838,25,59,34,0.423728813559322,-1.171700198827415
23839,21,52,31,0.40384615384615385,-1.386750490563073
23840,47,92,45,0.5108695652173914,0.20851441405707477
23841,57,110,53,0.5181818181818182,0.38138503569823695
23842,49,114,65,0.4298245614035088,-1.4985372985307104
23843,39,71,32,0.5492957746478874,0.8307471607356973
23844,56,134,78,0.417910447761194,-1.9005105362789922
23845,125,231,106,0.5411255411255411,1.250108220423561
23846,69,119,50,0.5798319327731093,1.7417271443536015
23847,36,65,29,0.5538461538461539,0.8682431421244593
23848,46,88,42,0.5227272727272727,0.42640143271122083
23852,37,78,41,0.47435897435897434,-0.45291081365783825
23853,42,76,34,0.5526315789473685,0.917662935482247
23854,58,122,64,0.47540983606557374,-0.5432144762551112
23855,39,74,35,0.527027027027027,0.46499055497527714
23856,51,83,32,0.6144578313253012,2.0855209398041166
23857,52,94,42,0.5531914893617021,1.0314212462587933
23859,30,62,32,0.4838709677419355,-0.254000254000381
23860,27,56,29,0.48214285714285715,-0.2672612419124244
23901,45,89,44,0.5056179775280899,0.105999788000636
23902,35,70,35,0.5,0.0
23903,38,101,63,0.37623762376237624,-2.487592975524973
23904,36,95,59,0.37894736842105264,-2.3597502097958545
23905,39,76,37,0.5131578947368421,0.22941573387056174
23906,26,51,25,0.5098039215686274,0.14002800840280097
23907,51,96,45,0.53125,0.6123724356957946
23908,34,66,32,0.5151515151515151,0.24618298195866545
23909,56,121,65,0.4628099173553719,-0.8181818181818182
23910,56,121,65,0.4628099173553719,-0.8181818181818182
23911,41,93,52,0.44086021505376344,-1.1406468642034677
23912,52,101,49,0.5148514851485149,0.29851115706299675
23913,38,67,29,0.5671641791044776,1.099524999206747
23914,33,63,30,0.5238095238095238,0.3779644730092272
23915,49,94,45,0.5212765957446809,0.41256849850351734
23916,51,110,59,0.4636363636363636,-0.7627700713964739
23921,27,58,31,0.46551724137931033,-0.5252257314388902
23922,40,67,27,0.5970149253731343,1.5882027766319677
23923,72,143,71,0.5034965034965035,0.08362420100070908
23925,29,62,33,0.46774193548387094,-0.508000508000762
23926,35,73,38,0.4794520547945205,-0.3511234415883917
23929,35,62,27,0.5645161290322581,1.016001016001524
23930,34,72,38,0.4722222222222222,-0.47140452079103173
23931,29,54,25,0.5370370370370371,0.5443310539518174
23932,25,58,33,0.43103448275862066,-1.0504514628777804
23934,35,80,45,0.4375,-1.118033988749895
23938,27,59,32,0.4576271186440678,-0.6509445549041194
23940,35,64,29,0.546875,0.75
23941,32,57,25,0.5614035087719298,0.9271726499455306
23942,43,77,34,0.5584415584415584,1.0256451881367414
23943,75,157,82,0.47770700636942676,-0.5586608191273356
23944,76,150,74,0.5066666666666667,0.16329931618554522
23945,66,132,66,0.5,0.0
23946,34,61,27,0.5573770491803278,0.8962581595302719
23947,38,81,43,0.4691358024691358,-0.5555555555555556
23948,24,67,43,0.3582089552238806,-2.321219442769799
23949,54,117,63,0.46153846153846156,-0.8320502943378436
23950,76,147,71,0.5170068027210885,0.4123930494211613
23951,65,141,76,0.46099290780141844,-0.9263671131731709
23952,81,162,81,0.5,0.0
23953,32,74,42,0.43243243243243246,-1.162476387438193
23954,64,137,73,0.46715328467153283,-0.7689218919450849
23955,61,134,73,0.4552238805970149,-1.0366421106976322
23956,72,153,81,0.47058823529411764,-0.727606875108999
23957,54,124,70,0.43548387096774194,-1.4368424162141993
23958,53,95,42,0.5578947368421052,1.1285761872936695
23959,68,134,66,0.5074626865671642,0.17277368511627203
23960,44,95,51,0.4631578947368421,-0.7181848464596079
23961,70,119,49,0.5882352941176471,1.9250668437592438
23962,52,101,49,0.5148514851485149,0.29851115706299675
23963,75,148,73,0.5067567567567568,0.1643989873053573
23964,46,101,55,0.45544554455445546,-0.8955334711889903
23965,60,129,69,0.46511627906976744,-0.7924058156930615
23966,51,103,52,0.49514563106796117,-0.09853292781642932
23967,49,99,50,0.494949494949495,-0.10050378152592121
23968,29,67,38,0.43283582089552236,-1.099524999206747
23969,31,65,34,0.47692307692307695,-0.3721042037676254
23970,51,101,50,0.504950495049505,0.09950371902099892
23971,33,70,37,0.4714285714285714,-0.47809144373375745
24024,31,63,32,0.49206349206349204,-0.1259881576697424
24025,46,97,51,0.4742268041237113,-0.5076730825668095
24026,50,97,47,0.5154639175257731,0.30460384954008574
24027,36,83,47,0.43373493975903615,-1.2074068598865937
24028,58,122,64,0.47540983606557374,-0.5432144762551112
24029,63,126,63,0.5,0.0
24030,67,120,53,0.5583333333333333,1.2780193008453875
24031,65,127,62,0.5118110236220472,0.26620695282483414
24032,52,101,49,0.5148514851485149,0.29851115706299675
24033,24,59,35,0.4067796610169492,-1.4320780207890627
24034,46,87,41,0.5287356321839081,0.5360562674188973
24035,33,80,47,0.4125,-1.5652475842498528
24036,52,87,35,0.5977011494252874,1.8225913092242512
24037,44,87,43,0.5057471264367817,0.10721125348377948
24038,36,73,37,0.4931506849315068,-0.11704114719613057
24039,40,86,46,0.46511627906976744,-0.6469966392206304
24040,29,63,34,0.4603174603174603,-0.629940788348712
24041,38,72,34,0.5277777777777778,0.47140452079103173
24042,103,184,81,0.5597826086956522,1.6218615177038684
24043,42,95,53,0.4421052631578947,-1.1285761872936695
24045,21,52,31,0.40384615384615385,-1.386750490563073
24046,44,91,47,0.4835164835164835,-0.3144854510165755
24047,45,96,51,0.46875,-0.6123724356957946
24048,42,79,37,0.5316455696202531,0.562543950463012
24049,62,133,71,0.46616541353383456,-0.780398972571708
24050,84,173,89,0.48554913294797686,-0.38014296063485276
24051,38,74,36,0.5135135135135135,0.23249527748763857
24052,50,90,40,0.5555555555555556,1.0540925533894598
24053,57,106,49,0.5377358490566038,0.7770286898858113
24054,70,130,60,0.5384615384615384,0.8770580193070293
24055,96,176,80,0.5454545454545454,1.2060453783110545
24056,53,99,46,0.5353535353535354,0.7035264706814485
24057,55,150,95,0.36666666666666664,-3.265986323710904
24058,53,107,54,0.4953271028037383,-0.09667364890456635
24059,70,124,54,0.5645161290322581,1.4368424162141993
24060,53,98,45,0.5408163265306123,0.8081220356417685
24061,44,81,37,0.5432098765432098,0.7777777777777778
24062,57,103,46,0.5533980582524272,1.0838622059807226
24063,76,145,69,0.5241379310344828,0.5813183589761798
24064,94,163,69,0.5766871165644172,1.9581511249698935
24065,67,127,60,0.5275590551181102,0.6211495565912797
24066,53,104,51,0.5096153846153846,0.19611613513818404
24067,39,89,50,0.43820224719101125,-1.1659976680069961
24068,45,83,38,0.5421686746987951,0.7683498199278324
24069,36,77,41,0.4675324675324675,-0.5698028822981898
24070,49,92,43,0.532608695652174,0.6255432421712244
24071,39,85,46,0.4588235294117647,-0.7592566023652966
24072,57,103,46,0.5533980582524272,1.0838622059807226
24073,30,72,42,0.4166666666666667,-1.4142135623730951
24074,50,84,34,0.5952380952380952,1.7457431218879391
24075,48,75,27,0.64,2.424871130596428
24076,50,97,47,0.5154639175257731,0.30460384954008574
24077,88,154,66,0.5714285714285714,1.7728105208558367
24078,89,172,83,0.5174418604651163,0.457495710997814
24079,56,107,51,0.5233644859813084,0.4833682445228318
24080,55,106,51,0.5188679245283019,0.38851434494290565
24081,41,74,33,0.5540540540540541,0.9299811099505543
24082,33,73,40,0.4520547945205479,-0.819288030372914
24083,35,72,37,0.4861111111111111,-0.23570226039551587
24085,31,59,28,0.5254237288135594,0.39056673294247163
24086,35,80,45,0.4375,-1.118033988749895
24087,50,91,41,0.5494505494505495,0.9434563530497265
24088,58,114,56,0.5087719298245614,0.1873171623163388
24089,70,128,58,0.546875,1.0606601717798212
24090,85,165,80,0.5151515151515151,0.3892494720807615
24091,63,149,86,0.4228187919463087,-1.8842334171937931
24092,39,73,34,0.5342465753424658,0.5852057359806528
24094,25,56,31,0.44642857142857145,-0.8017837257372732
24095,37,75,38,0.49333333333333335,-0.11547005383792514
24096,36,73,37,0.4931506849315068,-0.11704114719613057
24097,38,76,38,0.5,0.0
24098,73,129,56,0.5658914728682171,1.4967665407535604
24099,56,133,77,0.42105263157894735,-1.8209309360006518
24100,102,187,85,0.5454545454545454,1.243163121016122
24101,76,165,89,0.46060606060606063,-1.0120486274099798
24102,29,61,32,0.47540983606557374,-0.3841106397986879
24103,20,61,41,0.32786885245901637,-2.6887744785908154
24104,53,104,51,0.5096153846153846,0.19611613513818404
24109,31,78,47,0.3974358974358974,-1.811643254631353
24110,62,131,69,0.4732824427480916,-0.6115928396627265
24111,44,77,33,0.5714285714285714,1.2535663410560174
24112,78,156,78,0.5,0.0
24113,29,57,28,0.5087719298245614,0.13245323570650439
24155,43,73,30,0.589041095890411,1.5215349135496974
24156,34,67,33,0.5074626865671642,0.12216944435630522
24157,40,83,43,0.4819277108433735,-0.329292779969071
24158,43,90,47,0.4777777777777778,-0.4216370213557839
24159,42,86,44,0.4883720930232558,-0.21566554640687682
24160,30,68,38,0.4411764705882353,-0.9701425001453319
24162,29,58,29,0.5,0.0
24163,46,80,34,0.575,1.3416407864998738
24164,43,108,65,0.39814814814814814,-2.116950987028628
24165,55,109,54,0.5045871559633027,0.09578262852211514
24166,59,124,65,0.47580645161290325,-0.5388159060803247
24167,61,125,64,0.488,-0.2683281572999747
24168,56,111,55,0.5045045045045045,0.0949157995752499
24169,33,72,39,0.4583333333333333,-0.7071067811865476
24170,37,74,37,0.5,0.0
24171,53,100,47,0.53,0.6
24172,31,67,36,0.4626865671641791,-0.6108472217815261
24175,30,64,34,0.46875,-0.5
24176,27,52,25,0.5192307692307693,0.2773500981126146
24177,45,76,31,0.5921052631578947,1.6059101370939322
24178,86,155,69,0.5548387096774193,1.365472859134248
24179,56,103,47,0.5436893203883495,0.8867963503478639
24180,42,81,39,0.5185185185185185,0.3333333333333333
24181,49,112,63,0.4375,-1.3228756555322951
24182,33,60,27,0.55,0.7745966692414834
24183,43,77,34,0.5584415584415584,1.0256451881367414
24184,43,88,45,0.48863636363636365,-0.21320071635561041
24185,42,102,60,0.4117647058823529,-1.7822655773580138
24186,36,91,55,0.3956043956043956,-1.9917411897716448
24189,38,74,36,0.5135135135135135,0.23249527748763857
24193,53,103,50,0.5145631067961165,0.29559878344928797
24194,26,53,27,0.49056603773584906,-0.13736056394868904
24197,51,83,32,0.6144578313253012,2.0855209398041166
24199,60,134,74,0.44776119402985076,-1.2094157958139042
24200,84,174,90,0.4827586206896552,-0.454858826147342
24201,68,126,58,0.5396825396825397,0.8908708063747479
24202,56,114,58,0.49122807017543857,-0.1873171623163388
24203,56,110,54,0.509090909090909,0.19069251784911848
24204,59,115,56,0.5130434782608696,0.27975144247209416
24205,43,82,39,0.524390243902439,0.44172610429938614
24206,44,110,66,0.4,-2.0976176963403033
24207,69,147,78,0.46938775510204084,-0.7423074889580903
24208,69,125,56,0.552,1.1627553482998907
24209,43,84,41,0.5119047619047619,0.2182178902359924
24210,47,93,46,0.5053763440860215,0.10369516947304253
24211,59,105,46,0.5619047619047619,1.2686700948330931
24212,59,116,57,0.5086206896551724,0.18569533817705186
24213,54,103,49,0.5242718446601942,0.4926646390821466
24214,63,128,65,0.4921875,-0.17677669529663687
24215,72,149,77,0.48322147651006714,-0.40961596025952024
24216,59,132,73,0.44696969696969696,-1.2185435916898848
24217,41,74,33,0.5540540540540541,0.9299811099505543
24218,37,72,35,0.5138888888888888,0.23570226039551587
24219,58,138,80,0.42028985507246375,-1.872764367669247
24220,43,99,56,0.43434343434343436,-1.3065491598369756
24221,45,80,35,0.5625,1.118033988749895
24222,40,85,45,0.47058823529411764,-0.5423261445466404
24223,56,105,49,0.5333333333333333,0.6831300510639733
24224,38,83,45,0.4578313253012048,-0.7683498199278324
24225,45,80,35,0.5625,1.118033988749895
24226,68,124,56,0.5483870967741935,1.0776318121606494
24227,38,92,54,0.41304347826086957,-1.6681153124565982
24228,19,56,37,0.3392857142857143,-2.4053511772118195
24229,25,56,31,0.44642857142857145,-0.8017837257372732
24240,26,54,28,0.48148148148148145,-0.2721655269759087
24282,55,122,67,0.45081967213114754,-1.0864289525102224
24283,45,91,46,0.4945054945054945,-0.10482848367219183
24284,55,101,46,0.5445544554455446,0.8955334711889903
24285,58,124,66,0.46774193548387094,-0.7184212081070996
24286,71,129,58,0.5503875968992248,1.1445861782233109
24287,53,110,57,0.4818181818181818,-0.38138503569823695
24289,50,105,55,0.47619047619047616,-0.4879500364742666
24290,46,85,39,0.5411764705882353,0.7592566023652966
24291,28,60,32,0.4666666666666667,-0.5163977794943222
24292,37,76,39,0.4868421052631579,-0.22941573387056174
24293,59,99,40,0.5959595959595959,1.9095718489925029
24294,40,77,37,0.5194805194805194,0.3418817293789138
24295,30,66,36,0.45454545454545453,-0.7385489458759964
24296,32,80,48,0.4,-1.7888543819998317
24297,39,76,37,0.5131578947368421,0.22941573387056174
24298,36,86,50,0.4186046511627907,-1.5096588248481377
24299,63,142,79,0.44366197183098594,-1.3426901732747025
24300,33,63,30,0.5238095238095238,0.3779644730092272
24302,49,92,43,0.532608695652174,0.6255432421712244
24303,51,107,56,0.4766355140186916,-0.4833682445228318
24304,22,57,35,0.38596491228070173,-1.721892064184557
24305,33,61,28,0.5409836065573771,0.6401843996644799
24306,62,118,56,0.5254237288135594,0.552344770738994
24307,65,116,51,0.5603448275862069,1.299867367239363
24308,41,77,36,0.5324675324675324,0.5698028822981898
24309,54,96,42,0.5625,1.2247448713915892
24310,49,100,51,0.49,-0.2
24311,65,132,67,0.49242424242424243,-0.17407765595569785
24312,48,86,38,0.5581395348837209,1.078327732034384
24313,83,187,104,0.44385026737967914,-1.5356720906669743
24314,32,73,41,0.4383561643835616,-1.0533703247651751
24315,54,115,61,0.46956521739130436,-0.6527533657682196
24316,35,67,32,0.5223880597014925,0.36650833306891567
24318,45,108,63,0.4166666666666667,-1.7320508075688772
24319,46,83,37,0.5542168674698795,0.9878783399072131
24320,91,180,89,0.5055555555555555,0.14907119849998599
24321,45,92,47,0.4891304347826087,-0.20851441405707477
24322,50,116,66,0.43103448275862066,-1.4855627054164149
24323,49,107,58,0.45794392523364486,-0.8700628401410971
24324,42,86,44,0.4883720930232558,-0.21566554640687682
24325,39,67,28,0.582089552238806,1.3438638879193574
24326,43,76,33,0.5657894736842105,1.1470786693528088
24327,36,51,15,0.7058823529411765,2.9405881764588204
24328,49,118,69,0.4152542372881356,-1.8411492357966468
24329,51,105,54,0.4857142857142857,-0.29277002188455997
24330,29,74,45,0.3918918918918919,-1.8599622199011085
24331,46,91,45,0.5054945054945055,0.10482848367219183
24332,33,70,37,0.4714285714285714,-0.47809144373375745
24333,74,137,63,0.5401459854014599,0.939793423488437
24334,61,117,56,0.5213675213675214,0.4622501635210242
24335,67,139,72,0.48201438848920863,-0.4240944648399855
24336,64,118,54,0.5423728813559322,0.9205746178983234
24337,36,92,56,0.391304347826087,-2.0851441405707476
24338,45,89,44,0.5056179775280899,0.105999788000636
24339,47,85,38,0.5529411764705883,0.9761870601839528
24340,48,99,51,0.48484848484848486,-0.30151134457776363
24341,38,64,26,0.59375,1.5
24343,52,96,44,0.5416666666666666,0.8164965809277261
24344,36,82,46,0.43902439024390244,-1.1043152607484654
24345,57,112,55,0.5089285714285714,0.1889822365046136
24346,65,115,50,0.5652173913043478,1.3987572123604708
24347,66,165,99,0.4,-2.569046515733026
24348,50,100,50,0.5,0.0
24349,44,85,41,0.5176470588235295,0.32539568672798425
24350,36,76,40,0.47368421052631576,-0.4588314677411235
24351,35,64,29,0.546875,0.75
24352,44,81,37,0.5432098765432098,0.7777777777777778
24353,34,73,39,0.4657534246575342,-0.5852057359806528
24354,68,130,62,0.5230769230769231,0.5262348115842176
24355,41,82,41,0.5,0.0
24356,39,78,39,0.5,0.0
24357,43,114,71,0.37719298245614036,-2.6224402724287432
24358,88,162,74,0.5432098765432098,1.0999438818457405
24359,59,111,52,0.5315315315315315,0.6644105970267493
24360,28,58,30,0.4827586206896552,-0.2626128657194451
24361,30,57,27,0.5263157894736842,0.39735970711951313
24366,37,65,28,0.5692307692307692,1.116312611302876
24367,39,99,60,0.3939393939393939,-2.1105794120443453
24368,68,129,61,0.5271317829457365,0.6163156344279367
24369,81,137,56,0.5912408759124088,2.1358941442919024
24412,43,84,41,0.5119047619047619,0.2182178902359924
24413,45,80,35,0.5625,1.118033988749895
24414,37,68,31,0.5441176470588235,0.7276068751089989
24415,71,149,78,0.47651006711409394,-0.5734623443633283
24416,41,75,34,0.5466666666666666,0.808290376865476
24417,33,66,33,0.5,0.0
24418,35,79,44,0.4430379746835443,-1.0125791108334214
24419,50,108,58,0.46296296296296297,-0.769800358919501
24420,61,116,55,0.5258620689655172,0.5570860145311556
24421,71,143,72,0.4965034965034965,-0.08362420100070908
24422,96,186,90,0.5161290322580645,0.4399413450640599
24423,56,127,71,0.4409448818897638,-1.3310347641241707
24424,51,113,62,0.45132743362831856,-1.034792955221957
24426,38,78,40,0.48717948717948717,-0.22645540682891913
24427,35,64,29,0.546875,0.75
24428,45,87,42,0.5172413793103449,0.3216337604513384
24429,39,69,30,0.5652173913043478,1.0834726777719228
24431,27,55,28,0.4909090909090909,-0.13483997249264842
24433,43,87,44,0.4942528735632184,-0.10721125348377948
24434,47,79,32,0.5949367088607594,1.6876318513890358
24435,74,150,76,0.49333333333333335,-0.16329931618554522
24436,52,101,49,0.5148514851485149,0.29851115706299675
24437,35,72,37,0.4861111111111111,-0.23570226039551587
24438,53,99,46,0.5353535353535354,0.7035264706814485
24439,50,118,68,0.423728813559322,-1.6570343122169822
24440,50,100,50,0.5,0.0
24441,51,100,49,0.51,0.2
24442,43,102,59,0.4215686274509804,-1.584236068762679
24445,34,62,28,0.5483870967741935,0.762000762001143
24446,26,59,33,0.4406779661016949,-0.9113223768657671
24447,28,54,26,0.5185185185185185,0.2721655269759087
24448,37,91,54,0.4065934065934066,-1.7820842224272613
24449,37,77,40,0.4805194805194805,-0.3418817293789138
24452,28,65,37,0.4307692307692308,-1.116312611302876
24453,28,57,29,0.49122807017543857,-0.13245323570650439
24454,55,110,55,0.5,0.0
24455,66,127,61,0.5196850393700787,0.44367825470805694
24456,63,147,84,0.42857142857142855,-1.7320508075688774
24457,50,87,37,0.5747126436781609,1.3937462952891333
24458,53,119,66,0.44537815126050423,-1.1917080461366747
24459,56,125,69,0.448,-1.1627553482998907
24460,44,83,39,0.5301204819277109,0.5488212999484517
24461,40,99,59,0.40404040404040403,-1.9095718489925029
24462,95,179,84,0.5307262569832403,0.8221786020271294
24463,44,117,73,0.37606837606837606,-2.6810509484219405
24464,40,82,42,0.4878048780487805,-0.22086305214969307
24465,32,59,27,0.5423728813559322,0.6509445549041194
24466,42,62,20,0.6774193548387096,2.794002794004191
24467,44,102,58,0.43137254901960786,-1.3862065601673441
24468,67,130,63,0.5153846153846153,0.3508232077228117
24469,49,108,59,0.4537037037037037,-0.9622504486493763
24470,71,138,67,0.5144927536231884,0.34050261230349943
24471,62,131,69,0.4732824427480916,-0.6115928396627265
24472,32,81,49,0.3950617283950617,-1.8888888888888888
24473,41,69,28,0.5942028985507246,1.5650160901149996
24474,30,62,32,0.4838709677419355,-0.254000254000381
24475,59,104,45,0.5673076923076923,1.3728129459672884
24476,31,63,32,0.49206349206349204,-0.1259881576697424
24477,41,82,41,0.5,0.0
24478,38,85,47,0.4470588235294118,-0.9761870601839528
24479,33,64,31,0.515625,0.25
24481,55,90,35,0.6111111111111112,2.1081851067789197
24482,70,129,59,0.5426356589147286,0.9684959969581862
24483,45,77,32,0.5844155844155844,1.4814874939752933
24484,34,73,39,0.4657534246575342,-0.5852057359806528
24485,33,76,43,0.4342105263157895,-1.1470786693528088
24494,21,53,32,0.39622641509433965,-1.5109662034355793
24496,29,63,34,0.4603174603174603,-0.629940788348712
24497,26,53,27,0.49056603773584906,-0.13736056394868904
24499,25,55,30,0.45454545454545453,-0.674199862463242
24537,57,94,37,0.6063829787234043,2.0628424925175866
24538,54,101,47,0.5346534653465347,0.6965260331469925
24539,32,62,30,0.5161290322580645,0.254000254000381
24540,61,121,60,0.5041322314049587,0.09090909090909091
24541,54,98,44,0.5510204081632653,1.0101525445522108
24542,51,112,61,0.45535714285714285,-0.944911182523068
24543,36,78,42,0.46153846153846156,-0.6793662204867574
24544,31,63,32,0.49206349206349204,-0.1259881576697424
24545,47,94,47,0.5,0.0
24546,42,86,44,0.4883720930232558,-0.21566554640687682
24547,43,81,38,0.5308641975308642,0.5555555555555556
24548,35,81,46,0.43209876543209874,-1.2222222222222223
24549,34,66,32,0.5151515151515151,0.24618298195866545
24550,33,89,56,0.3707865168539326,-2.4379951240146283
24551,38,94,56,0.40425531914893614,-1.856558243265828
24552,41,75,34,0.5466666666666666,0.808290376865476
24553,32,50,18,0.64,1.979898987322333
24554,37,66,29,0.5606060606060606,0.9847319278346618
24557,60,115,55,0.5217391304347826,0.4662524041201569
24558,36,65,29,0.5538461538461539,0.8682431421244593
24559,33,68,35,0.4852941176470588,-0.24253562503633297
24560,45,81,36,0.5555555555555556,1.0
24561,32,69,37,0.463768115942029,-0.601929265428846
24562,69,128,59,0.5390625,0.8838834764831843
24563,66,111,45,0.5945945945945946,1.993231791080248
24564,36,67,31,0.5373134328358209,0.6108472217815261
24565,37,70,33,0.5285714285714286,0.47809144373375745
24566,38,76,38,0.5,0.0
24567,52,122,70,0.4262295081967213,-1.6296434287653334
24568,53,104,51,0.5096153846153846,0.19611613513818404
24569,66,128,62,0.515625,0.35355339059327373
24570,44,81,37,0.5432098765432098,0.7777777777777778
24571,38,64,26,0.59375,1.5
24572,45,76,31,0.5921052631578947,1.6059101370939322
24574,67,132,65,0.5075757575757576,0.17407765595569785
24575,79,167,88,0.47305389221556887,-0.6964409092807231
24576,67,120,53,0.5583333333333333,1.2780193008453875
24577,38,84,46,0.4523809523809524,-0.8728715609439696
24578,44,86,42,0.5116279069767442,0.21566554640687682
24579,31,66,35,0.4696969696969697,-0.4923659639173309
24580,33,61,28,0.5409836065573771,0.6401843996644799
24581,48,85,37,0.5647058823529412,1.193117518002609
24582,31,59,28,0.5254237288135594,0.39056673294247163
24583,41,75,34,0.5466666666666666,0.808290376865476
24584,51,109,58,0.46788990825688076,-0.6704783996548059
24585,42,103,61,0.4077669902912621,-1.872125628512157
24586,30,63,33,0.47619047619047616,-0.3779644730092272
24587,52,108,56,0.48148148148148145,-0.3849001794597505
24588,60,130,70,0.46153846153846156,-0.8770580193070293
24589,39,77,38,0.5064935064935064,0.11396057645963795
24590,63,126,63,0.5,0.0
24591,55,122,67,0.45081967213114754,-1.0864289525102224
24592,40,77,37,0.5194805194805194,0.3418817293789138
24593,36,86,50,0.4186046511627907,-1.5096588248481377
24594,39,82,43,0.47560975609756095,-0.44172610429938614
24595,48,72,24,0.6666666666666666,2.8284271247461903
24596,45,98,53,0.45918367346938777,-0.8081220356417685
24597,40,98,58,0.40816326530612246,-1.8182745801939793
24598,47,91,44,0.5164835164835165,0.3144854510165755
24599,70,132,62,0.5303030303030303,0.6963106238227914
24600,51,107,56,0.4766355140186916,-0.4833682445228318
24601,49,105,56,0.4666666666666667,-0.6831300510639733
24602,89,170,81,0.5235294117647059,0.6135719910778963
24603,80,152,72,0.5263157894736842,0.6488856845230502
24604,52,98,46,0.5306122448979592,0.6060915267313265
24605,36,100,64,0.36,-2.8
24606,28,60,32,0.4666666666666667,-0.5163977794943222
24607,25,59,34,0.423728813559322,-1.171700198827415
24608,35,60,25,0.5833333333333334,1.2909944487358056
24609,46,100,54,0.46,-0.8
24610,42,84,42,0.5,0.0
24611,29,60,31,0.48333333333333334,-0.2581988897471611
24612,32,71,39,0.4507042253521127,-0.8307471607356973
24613,75,133,58,0.5639097744360902,1.474086948191004
24614,52,99,47,0.5252525252525253,0.502518907629606
24615,23,58,35,0.39655172413793105,-1.5756771943166705
24616,43,74,31,0.581081081081081,1.3949716649258315
24624,57,111,54,0.5135135135135135,0.2847473987257497
24627,28,60,32,0.4666666666666667,-0.5163977794943222
24667,28,66,38,0.42424242424242425,-1.2309149097933272
24668,44,86,42,0.5116279069767442,0.21566554640687682
24670,75,139,64,0.539568345323741,0.9330078226479681
24671,55,111,56,0.4954954954954955,-0.0949157995752499
24672,55,100,45,0.55,1.0
24673,31,65,34,0.47692307692307695,-0.3721042037676254
24674,34,75,41,0.4533333333333333,-0.808290376865476
24675,42,82,40,0.5121951219512195,0.22086305214969307
24676,34,78,44,0.4358974358974359,-1.1322770341445956
24677,95,188,93,0.5053191489361702,0.14586499149789456
24678,89,150,61,0.5933333333333334,2.2861904265976327
24679,38,96,58,0.3958333333333333,-2.041241452319315
24680,44,85,41,0.5176470588235295,0.32539568672798425
24681,22,50,28,0.44,-0.848528137423857
24684,51,100,49,0.51,0.2
24687,31,57,26,0.543859649122807,0.6622661785325219
24688,47,94,47,0.5,0.0
24689,69,117,48,0.5897435897435898,1.9414506867883017
24690,64,124,60,0.5161290322580645,0.3592106040535498
24691,45,100,55,0.45,-1.0
24692,36,72,36,0.5,0.0
24693,55,120,65,0.4583333333333333,-0.9128709291752769
24694,50,110,60,0.45454545454545453,-0.9534625892455924
24695,71,125,54,0.568,1.520526224699857
24696,35,75,40,0.4666666666666667,-0.5773502691896257
24697,56,115,59,0.48695652173913045,-0.27975144247209416
24698,19,54,35,0.35185185185185186,-2.1773242158072694
24700,33,68,35,0.4852941176470588,-0.24253562503633297
24701,29,59,30,0.4915254237288136,-0.13018891098082389
24702,38,74,36,0.5135135135135135,0.23249527748763857
24703,24,58,34,0.41379310344827586,-1.3130643285972254
24704,24,55,31,0.43636363636363634,-0.9438798074485389
24705,39,91,52,0.42857142857142855,-1.3627702877384937
24706,37,66,29,0.5606060606060606,0.9847319278346618
24708,24,50,26,0.48,-0.282842712474619
24709,48,83,35,0.5783132530120482,1.4269353798659745
24710,37,63,26,0.5873015873015873,1.3858697343671664
24711,49,117,68,0.4188034188034188,-1.756550621379892
24712,73,146,73,0.5,0.0
24713,27,58,31,0.46551724137931033,-0.5252257314388902
24714,46,108,62,0.42592592592592593,-1.539600717839002
24715,62,117,55,0.5299145299145299,0.647150228929434
24716,28,71,43,0.39436619718309857,-1.7801724872907798
24717,30,71,41,0.4225352112676056,-1.3054598240132387
24718,78,171,93,0.45614035087719296,-1.1470786693528088
24719,65,130,65,0.5,0.0
24720,45,91,46,0.4945054945054945,-0.10482848367219183
24721,36,71,35,0.5070422535211268,0.11867816581938533
24722,46,83,37,0.5542168674698795,0.9878783399072131
24723,75,125,50,0.6,2.23606797749979
24724,66,127,61,0.5196850393700787,0.44367825470805694
24725,44,97,53,0.4536082474226804,-0.9138115486202573
24726,52,120,68,0.43333333333333335,-1.4605934866804429
24727,85,182,97,0.46703296703296704,-0.8894991799933214
24728,57,118,61,0.4830508474576271,-0.3682298471593294
24729,36,87,51,0.41379310344827586,-1.6081688022566922
24730,38,89,51,0.42696629213483145,-1.3779972440082682
24731,47,95,48,0.49473684210526314,-0.10259783520851541
24732,34,92,58,0.3695652173913043,-2.5021729686848975
24733,28,64,36,0.4375,-1.0
24734,43,81,38,0.5308641975308642,0.5555555555555556
24735,27,60,33,0.45,-0.7745966692414834
24738,53,87,34,0.6091954022988506,2.03701381619181
24739,44,103,59,0.42718446601941745,-1.4779939172464398
24740,32,66,34,0.48484848484848486,-0.24618298195866545
24741,56,108,52,0.5185185185185185,0.3849001794597505
24742,17,51,34,0.3333333333333333,-2.3804761428476167
24744,27,55,28,0.4909090909090909,-0.13483997249264842
24751,30,54,24,0.5555555555555556,0.816496580927726
24752,34,71,37,0.4788732394366197,-0.35603449745815596
24754,25,57,32,0.43859649122807015,-0.9271726499455306
24794,40,87,47,0.45977011494252873,-0.7504787743864564
24795,57,112,55,0.5089285714285714,0.1889822365046136
24796,46,95,49,0.4842105263157895,-0.30779350562554625
24797,63,102,39,0.6176470588235294,2.3763541031440183
24798,38,75,37,0.5066666666666667,0.11547005383792514
24799,40,92,52,0.43478260869565216,-1.2510864843424487
24800,24,60,36,0.4,-1.5491933384829668
24801,41,79,38,0.5189873417721519,0.3375263702778072
24802,52,102,50,0.5098039215686274,0.19802950859533489
24803,30,72,42,0.4166666666666667,-1.4142135623730951
24804,71,144,73,0.4930555555555556,-0.16666666666666666
24805,55,113,58,0.48672566371681414,-0.2822162605150792
24806,42,87,45,0.4827586206896552,-0.3216337604513384
24807,44,91,47,0.4835164835164835,-0.3144854510165755
24808,34,75,41,0.4533333333333333,-0.808290376865476
24809,52,83,31,0.6265060240963856,2.3050494597834974
24813,36,83,47,0.43373493975903615,-1.2074068598865937
24814,48,99,51,0.48484848484848486,-0.30151134457776363
24815,38,57,19,0.6666666666666666,2.516611478423583
24816,33,64,31,0.515625,0.25
24817,43,97,54,0.44329896907216493,-1.116880781646981
24818,69,123,54,0.5609756097560976,1.3525044520011484
24819,78,135,57,0.5777777777777777,1.807392228230128
24820,43,93,50,0.46236559139784944,-0.7258661863112977
24822,37,69,32,0.5362318840579711,0.601929265428846
24823,51,115,64,0.4434782608695652,-1.212256250712408
24824,73,153,80,0.477124183006536,-0.5659164584181103
24825,69,136,67,0.5073529411764706,0.17149858514250882
24826,51,91,40,0.5604395604395604,1.1531133203941102
24827,28,52,24,0.5384615384615384,0.5547001962252291
24828,36,67,31,0.5373134328358209,0.6108472217815261
24829,26,55,29,0.4727272727272727,-0.40451991747794525
24830,68,134,66,0.5074626865671642,0.17277368511627203
24831,87,152,65,0.5723684210526315,1.784435632438388
24832,80,164,84,0.4878048780487805,-0.31234752377721214
24833,58,96,38,0.6041666666666666,2.041241452319315
24834,59,118,59,0.5,0.0
24835,99,175,76,0.5657142857142857,1.7386365758424454
24836,41,75,34,0.5466666666666666,0.808290376865476
24837,45,84,39,0.5357142857142857,0.6546536707079772
24838,35,77,42,0.45454545454545453,-0.7977240352174656
24839,26,72,46,0.3611111111111111,-2.3570226039551585
24840,48,99,51,0.48484848484848486,-0.30151134457776363
24841,56,92,36,0.6086956521739131,2.0851441405707476
24842,45,105,60,0.42857142857142855,-1.4638501094227998
24843,40,80,40,0.5,0.0
24844,62,114,52,0.543859649122807,0.936585811581694
24845,50,105,55,0.47619047619047616,-0.4879500364742666
24846,63,140,77,0.45,-1.1832159566199232
24847,66,111,45,0.5945945945945946,1.993231791080248
24848,41,85,44,0.4823529411764706,-0.32539568672798425
24849,51,101,50,0.504950495049505,0.09950371902099892
24850,38,81,43,0.4691358024691358,-0.5555555555555556
24851,31,66,35,0.4696969696969697,-0.4923659639173309
24852,37,73,36,0.5068493150684932,0.11704114719613057
24853,43,89,46,0.48314606741573035,-0.31799936400190804
24854,37,87,50,0.42528735632183906,-1.3937462952891333
24855,62,113,51,0.5486725663716814,1.034792955221957
24856,94,206,112,0.4563106796116505,-1.2541194257249118
24857,47,113,66,0.415929203539823,-1.7873696499288347
24858,62,119,57,0.5210084033613446,0.4583492485141057
24859,81,149,68,0.5436241610738255,1.0650014966747527
24860,78,186,108,0.41935483870967744,-2.1997067253202993
24861,73,136,63,0.5367647058823529,0.8574929257125441
24862,46,88,42,0.5227272727272727,0.42640143271122083
24863,31,53,22,0.5849056603773585,1.2362450755382013
24865,25,52,27,0.4807692307692308,-0.2773500981126146
24866,51,87,36,0.5862068965517241,1.6081688022566922
24867,42,108,66,0.3888888888888889,-2.309401076758503
24868,33,68,35,0.4852941176470588,-0.24253562503633297
24869,48,89,41,0.5393258426966292,0.741998516004452
24870,57,111,54,0.5135135135135135,0.2847473987257497
24871,32,75,43,0.4266666666666667,-1.2701705922171767
24872,30,65,35,0.46153846153846156,-0.6201736729460423
24880,24,53,29,0.4528301886792453,-0.6868028197434451
24881,37,66,29,0.5606060606060606,0.9847319278346618
24924,41,84,43,0.4880952380952381,-0.2182178902359924
24925,38,70,32,0.5428571428571428,0.7171371656006361
24926,39,75,36,0.52,0.3464101615137754
24927,57,117,60,0.48717948717948717,-0.2773500981126145
24929,40,93,53,0.43010752688172044,-1.3480372031495529
24930,37,77,40,0.4805194805194805,-0.3418817293789138
24931,46,93,47,0.4946236559139785,-0.10369516947304253
24932,45,98,53,0.45918367346938777,-0.8081220356417685
24933,71,136,65,0.5220588235294118,0.5144957554275265
24934,61,114,53,0.5350877192982456,0.7492686492653552
24935,58,110,52,0.5272727272727272,0.5720775535473553
24936,65,114,49,0.5701754385964912,1.4985372985307104
24937,38,79,41,0.4810126582278481,-0.3375263702778072
24940,31,61,30,0.5081967213114754,0.12803687993289598
24941,36,59,23,0.6101694915254238,1.6924558427507104
24943,24,69,45,0.34782608695652173,-2.528102914801153
24944,32,67,35,0.47761194029850745,-0.36650833306891567
24945,55,100,45,0.55,1.0
24946,63,131,68,0.48091603053435117,-0.43685202833051895
24947,36,77,41,0.4675324675324675,-0.5698028822981898
24948,38,96,58,0.3958333333333333,-2.041241452319315
24949,47,109,62,0.43119266055045874,-1.436739427831727
24951,41,85,44,0.4823529411764706,-0.32539568672798425
24952,30,68,38,0.4411764705882353,-0.9701425001453319
24954,36,92,56,0.391304347826087,-2.0851441405707476
24956,30,69,39,0.43478260869565216,-1.0834726777719228
24957,38,77,39,0.4935064935064935,-0.11396057645963795
24958,25,57,32,0.43859649122807015,-0.9271726499455306
24959,38,79,41,0.4810126582278481,-0.3375263702778072
24960,41,78,37,0.5256410256410257,0.45291081365783825
24961,54,118,64,0.4576271186440678,-0.9205746178983234
24963,33,63,30,0.5238095238095238,0.3779644730092272
24964,22,58,36,0.3793103448275862,-1.8382900600361156
24967,50,96,46,0.5208333333333334,0.4082482904638631
24968,42,82,40,0.5121951219512195,0.22086305214969307
24969,44,75,31,0.5866666666666667,1.5011106998930268
24970,39,74,35,0.527027027027027,0.46499055497527714
24972,34,72,38,0.4722222222222222,-0.47140452079103173
24973,41,90,49,0.45555555555555555,-0.8432740427115678
24974,58,141,83,0.41134751773049644,-2.1053798026662975
24975,73,145,72,0.503448275862069,0.08304547985373997
24976,30,61,31,0.4918032786885246,-0.12803687993289598
24977,29,59,30,0.4915254237288136,-0.13018891098082389
24978,52,98,46,0.5306122448979592,0.6060915267313265
24979,45,87,42,0.5172413793103449,0.3216337604513384
24980,65,133,68,0.48872180451127817,-0.26013299085723596
24981,76,139,63,0.5467625899280576,1.1026456085839622
24982,56,100,44,0.56,1.2
24983,47,103,56,0.4563106796116505,-0.8867963503478639
24984,47,86,39,0.5465116279069767,0.8626621856275073
24985,34,64,30,0.53125,0.5
24986,49,97,48,0.5051546391752577,0.10153461651336192
24987,60,125,65,0.48,-0.4472135954999579
24988,40,89,49,0.449438202247191,-0.953998092005724
24989,35,70,35,0.5,0.0
24990,40,71,31,0.5633802816901409,1.0681034923744679
24994,32,75,43,0.4266666666666667,-1.2701705922171767
24995,32,70,38,0.45714285714285713,-0.7171371656006361
24996,22,59,37,0.3728813559322034,-1.952833664712358
24997,62,122,60,0.5081967213114754,0.18107149208503706
24998,28,50,22,0.56,0.848528137423857
24999,40,83,43,0.4819277108433735,-0.329292779969071
25000,24,51,27,0.47058823529411764,-0.42008402520840293
25004,20,55,35,0.36363636363636365,-2.0225995873897262
25005,23,51,28,0.45098039215686275,-0.7001400420140048
25006,56,110,54,0.509090909090909,0.19069251784911848
25007,34,54,20,0.6296296296296297,1.9051586888313607
25008,29,52,23,0.5576923076923077,0.8320502943378437
25009,20,53,33,0.37735849056603776,-1.7856873313329573
25010,39,70,31,0.5571428571428572,0.9561828874675149
25011,32,67,35,0.47761194029850745,-0.36650833306891567
25049,25,56,31,0.44642857142857145,-0.8017837257372732
25050,52,94,42,0.5531914893617021,1.0314212462587933
25051,46,95,49,0.4842105263157895,-0.30779350562554625
25052,46,85,39,0.5411764705882353,0.7592566023652966
25053,39,90,51,0.43333333333333335,-1.2649110640673518
25054,53,94,41,0.5638297872340425,1.237705495510552
25055,39,90,51,0.43333333333333335,-1.2649110640673518
25056,48,84,36,0.5714285714285714,1.3093073414159544
25057,44,100,56,0.44,-1.2
25058,32,64,32,0.5,0.0
25059,47,86,39,0.5465116279069767,0.8626621856275073
25060,49,117,68,0.4188034188034188,-1.756550621379892
25061,77,154,77,0.5,0.0
25062,37,75,38,0.49333333333333335,-0.11547005383792514
25063,58,109,51,0.5321100917431193,0.6704783996548059
25064,26,50,24,0.52,0.282842712474619
25065,40,74,34,0.5405405405405406,0.6974858324629157
25066,31,53,22,0.5849056603773585,1.2362450755382013
25069,44,105,61,0.41904761904761906,-1.6590301240125065
25070,59,118,59,0.5,0.0
25071,34,62,28,0.5483870967741935,0.762000762001143
25072,39,81,42,0.48148148148148145,-0.3333333333333333
25073,42,105,63,0.4,-2.04939015319192
25074,45,100,55,0.45,-1.0
25075,43,89,46,0.48314606741573035,-0.31799936400190804
25076,40,97,57,0.41237113402061853,-1.7260884807271526
25077,49,89,40,0.550561797752809,0.953998092005724
25078,49,102,53,0.4803921568627451,-0.39605901719066977
25079,34,77,43,0.44155844155844154,-1.0256451881367414
25080,48,96,48,0.5,0.0
25081,48,101,53,0.4752475247524752,-0.4975185951049946
25082,33,80,47,0.4125,-1.5652475842498528
25083,29,68,39,0.4264705882352941,-1.212678125181665
25084,46,87,41,0.5287356321839081,0.5360562674188973
25085,44,97,53,0.4536082474226804,-0.9138115486202573
25086,44,79,35,0.5569620253164557,1.0125791108334214
25087,73,146,73,0.5,0.0
25088,40,88,48,0.45454545454545453,-0.8528028654224417
25089,32,71,39,0.4507042253521127,-0.8307471607356973
25090,51,102,51,0.5,0.0
25091,54,112,58,0.48214285714285715,-0.3779644730092272
25092,24,64,40,0.375,-2.0
25093,54,103,49,0.5242718446601942,0.4926646390821466
25094,28,62,34,0.45161290322580644,-0.762000762001143
25095,26,51,25,0.5098039215686274,0.14002800840280097
25096,51,107,56,0.4766355140186916,-0.4833682445228318
25097,50,110,60,0.45454545454545453,-0.9534625892455924
25098,49,105,56,0.4666666666666667,-0.6831300510639733
25099,47,86,39,0.5465116279069767,0.8626621856275073
25100,72,139,67,0.5179856115107914,0.4240944648399855
25101,49,94,45,0.5212765957446809,0.41256849850351734
25102,71,144,73,0.4930555555555556,-0.16666666666666666
25103,50,98,48,0.5102040816326531,0.20203050891044214
25104,56,101,45,0.5544554455445545,1.0945409092309881
25105,37,83,46,0.4457831325301205,-0.9878783399072131
25106,40,78,38,0.5128205128205128,0.22645540682891913
25108,34,80,46,0.425,-1.3416407864998738
25109,44,98,54,0.4489795918367347,-1.0101525445522108
25110,45,103,58,0.4368932038834951,-1.2809280616135812
25111,54,105,51,0.5142857142857142,0.29277002188455997
25112,48,85,37,0.5647058823529412,1.193117518002609
25113,46,108,62,0.42592592592592593,-1.539600717839002
25114,41,99,58,0.41414141414141414,-1.7085642859406605
25115,59,124,65,0.47580645161290325,-0.5388159060803247
25116,44,78,34,0.5641025641025641,1.1322770341445956
25117,45,84,39,0.5357142857142857,0.6546536707079772
25118,37,75,38,0.49333333333333335,-0.11547005383792514
25119,34,73,39,0.4657534246575342,-0.5852057359806528
25121,45,80,35,0.5625,1.118033988749895
25122,33,70,37,0.4714285714285714,-0.47809144373375745
25123,41,83,42,0.4939759036144578,-0.10976425998969035
25124,21,51,30,0.4117647058823529,-1.2602520756252087
25125,46,82,36,0.5609756097560976,1.1043152607484654
25126,32,70,38,0.45714285714285713,-0.7171371656006361
25127,31,53,22,0.5849056603773585,1.2362450755382013
25136,21,55,34,0.38181818181818183,-1.7529196424044293
25180,29,63,34,0.4603174603174603,-0.629940788348712
25181,43,92,49,0.4673913043478261,-0.6255432421712244
25182,28,67,39,0.417910447761194,-1.3438638879193574
25183,20,51,31,0.39215686274509803,-1.5403080924308108
25184,30,54,24,0.5555555555555556,0.816496580927726
25185,61,125,64,0.488,-0.2683281572999747
25186,27,59,32,0.4576271186440678,-0.6509445549041194
25187,45,104,59,0.4326923076923077,-1.3728129459672884
25188,53,110,57,0.4818181818181818,-0.38138503569823695
25189,42,88,46,0.4772727272727273,-0.42640143271122083
25190,52,118,66,0.4406779661016949,-1.2888044650576527
25191,57,119,62,0.4789915966386555,-0.4583492485141057
25192,46,101,55,0.45544554455445546,-0.8955334711889903
25193,39,61,22,0.639344262295082,2.1766269588592317
25199,29,69,40,0.42028985507246375,-1.3242443839434612
25200,37,72,35,0.5138888888888888,0.23570226039551587
25201,83,156,73,0.532051282051282,0.8006407690254357
25202,48,110,62,0.43636363636363634,-1.3348476249438292
25203,39,68,29,0.5735294117647058,1.212678125181665
25204,44,86,42,0.5116279069767442,0.21566554640687682
25205,28,56,28,0.5,0.0
25206,21,54,33,0.3888888888888889,-1.632993161855452
25207,38,71,33,0.5352112676056338,0.5933908290969266
25208,24,56,32,0.42857142857142855,-1.0690449676496976
25209,25,58,33,0.43103448275862066,-1.0504514628777804
25212,29,55,26,0.5272727272727272,0.40451991747794525
25214,41,78,37,0.5256410256410257,0.45291081365783825
25217,39,94,55,0.4148936170212766,-1.6502739940140694
25219,41,74,33,0.5540540540540541,0.9299811099505543
25220,30,61,31,0.4918032786885246,-0.12803687993289598
25225,22,56,34,0.39285714285714285,-1.6035674514745464
25230,58,107,49,0.5420560747663551,0.8700628401410971
25231,71,151,80,0.47019867549668876,-0.7324096128940435
25232,36,71,35,0.5070422535211268,0.11867816581938533
25233,27,64,37,0.421875,-1.25
25234,32,60,28,0.5333333333333333,0.5163977794943222
25235,48,107,59,0.4485981308411215,-1.0634101379502299
25236,41,103,62,0.39805825242718446,-2.0691914841450156
25237,58,116,58,0.5,0.0
25238,26,58,32,0.4482758620689655,-0.7878385971583353
25239,42,73,31,0.5753424657534246,1.2874526191574363
25240,57,101,44,0.5643564356435643,1.2935483472729858
25241,59,115,56,0.5130434782608696,0.27975144247209416
25242,61,110,49,0.5545454545454546,1.1441551070947107
25243,44,104,60,0.4230769230769231,-1.5689290811054724
25244,24,50,26,0.48,-0.282842712474619
25245,35,72,37,0.4861111111111111,-0.23570226039551587
25250,36,70,34,0.5142857142857142,0.23904572186687872
25251,46,84,38,0.5476190476190477,0.8728715609439696
25253,27,59,32,0.4576271186440678,-0.6509445549041194
25254,54,96,42,0.5625,1.2247448713915892
25255,36,90,54,0.4,-1.8973665961010275
25256,40,71,31,0.5633802816901409,1.0681034923744679
25260,35,57,22,0.6140350877192983,1.721892064184557
25261,30,60,30,0.5,0.0
25262,37,71,34,0.5211267605633803,0.35603449745815596
25263,33,58,25,0.5689655172413793,1.0504514628777804
25264,35,73,38,0.4794520547945205,-0.3511234415883917
25265,31,76,45,0.40789473684210525,-1.6059101370939322
25266,38,72,34,0.5277777777777778,0.47140452079103173
25267,51,95,44,0.5368421052631579,0.7181848464596079
25268,30,65,35,0.46153846153846156,-0.6201736729460423
25306,28,62,34,0.45161290322580644,-0.762000762001143
25307,39,74,35,0.527027027027027,0.46499055497527714
25308,70,138,68,0.5072463768115942,0.17025130615174972
25309,32,61,29,0.5245901639344263,0.3841106397986879
25310,67,113,46,0.5929203539823009,1.9755138236055543
25311,50,84,34,0.5952380952380952,1.7457431218879391
25312,34,64,30,0.53125,0.5
25313,41,80,39,0.5125,0.22360679774997896
25314,34,66,32,0.5151515151515151,0.24618298195866545
25315,41,91,50,0.45054945054945056,-0.9434563530497265
25316,66,137,71,0.48175182481751827,-0.42717882885838043
25317,68,154,86,0.44155844155844154,-1.4504813352456845
25318,58,113,55,0.5132743362831859,0.2822162605150792
25319,52,98,46,0.5306122448979592,0.6060915267313265
25320,39,84,45,0.4642857142857143,-0.6546536707079772
25321,33,82,49,0.4024390243902439,-1.7669044171975445
25322,50,105,55,0.47619047619047616,-0.4879500364742666
25323,39,70,31,0.5571428571428572,0.9561828874675149
25324,28,60,32,0.4666666666666667,-0.5163977794943222
25325,74,149,75,0.4966442953020134,-0.08192319205190406
25326,60,115,55,0.5217391304347826,0.4662524041201569
25327,54,101,47,0.5346534653465347,0.6965260331469925
25328,47,92,45,0.5108695652173914,0.20851441405707477
25329,46,85,39,0.5411764705882353,0.7592566023652966
25330,49,103,54,0.47572815533980584,-0.4926646390821466
25331,56,95,39,0.5894736842105263,1.744163198544762
25332,39,75,36,0.52,0.3464101615137754
25333,46,88,42,0.5227272727272727,0.42640143271122083
25334,35,72,37,0.4861111111111111,-0.23570226039551587
25335,68,130,62,0.5230769230769231,0.5262348115842176
25336,52,91,39,0.5714285714285714,1.3627702877384937
25337,37,89,52,0.4157303370786517,-1.58999682000954
25338,50,98,48,0.5102040816326531,0.20203050891044214
25339,35,74,39,0.47297297297297297,-0.46499055497527714
25340,29,69,40,0.42028985507246375,-1.3242443839434612
25341,55,108,53,0.5092592592592593,0.19245008972987526
25342,48,96,48,0.5,0.0
25343,39,83,44,0.46987951807228917,-0.5488212999484517
25344,33,83,50,0.39759036144578314,-1.865992419824736
25345,30,69,39,0.43478260869565216,-1.0834726777719228
25346,31,64,33,0.484375,-0.25
25347,26,70,44,0.37142857142857144,-2.1514114968019085
25348,48,91,43,0.5274725274725275,0.5241424183609592
25349,44,74,30,0.5945945945945946,1.62746694241347
25350,28,67,39,0.417910447761194,-1.3438638879193574
25351,30,58,28,0.5172413793103449,0.2626128657194451
25352,54,125,71,0.432,-1.520526224699857
25353,67,134,67,0.5,0.0
25354,51,99,48,0.5151515151515151,0.30151134457776363
25355,41,89,48,0.4606741573033708,-0.741998516004452
25356,50,95,45,0.5263157894736842,0.5129891760425771
25357,44,100,56,0.44,-1.2
25358,62,127,65,0.4881889763779528,-0.26620695282483414
25359,67,132,65,0.5075757575757576,0.17407765595569785
25360,71,140,69,0.5071428571428571,0.1690308509457033
25361,75,140,65,0.5357142857142857,0.8451542547285166
25362,41,74,33,0.5540540540540541,0.9299811099505543
25363,28,60,32,0.4666666666666667,-0.5163977794943222
25364,25,58,33,0.43103448275862066,-1.0504514628777804
25365,38,78,40,0.48717948717948717,-0.22645540682891913
25366,41,90,49,0.45555555555555555,-0.8432740427115678
25367,37,86,49,0.43023255813953487,-1.2939932784412609
25368,54,109,55,0.4954128440366973,-0.09578262852211514
25369,28,57,29,0.49122807017543857,-0.13245323570650439
25370,82,162,80,0.5061728395061729,0.15713484026367722
25371,59,110,51,0.5363636363636364,0.7627700713964739
25372,44,103,59,0.42718446601941745,-1.4779939172464398
25373,29,61,32,0.47540983606557374,-0.3841106397986879
25374,42,79,37,0.5316455696202531,0.562543950463012
25375,33,71,38,0.4647887323943662,-0.5933908290969266
25376,33,64,31,0.515625,0.25
25377,40,73,33,0.547945205479452,0.819288030372914
25378,37,63,26,0.5873015873015873,1.3858697343671664
25379,25,51,26,0.49019607843137253,-0.14002800840280097
25383,22,60,38,0.36666666666666664,-2.065591117977289
25436,30,74,44,0.40540540540540543,-1.62746694241347
25437,72,135,63,0.5333333333333333,0.7745966692414834
25438,47,103,56,0.4563106796116505,-0.8867963503478639
25440,24,65,41,0.36923076923076925,-2.108590488016544
25441,32,57,25,0.5614035087719298,0.9271726499455306
25442,69,160,91,0.43125,-1.7392527130926085
25443,30,58,28,0.5172413793103449,0.2626128657194451
25444,53,87,34,0.6091954022988506,2.03701381619181
25445,32,76,44,0.42105263157894735,-1.3764944032233704
25446,54,117,63,0.46153846153846156,-0.8320502943378436
25447,58,120,62,0.48333333333333334,-0.3651483716701107
25448,48,108,60,0.4444444444444444,-1.1547005383792515
25449,54,119,65,0.453781512605042,-1.0083683467310325
25453,33,59,26,0.559322033898305,0.9113223768657671
25455,32,68,36,0.47058823529411764,-0.48507125007266594
25456,39,79,40,0.4936708860759494,-0.1125087900926024
25457,35,73,38,0.4794520547945205,-0.3511234415883917
25458,37,83,46,0.4457831325301205,-0.9878783399072131
25459,33,62,29,0.532258064516129,0.508000508000762
25460,36,66,30,0.5454545454545454,0.7385489458759964
25464,35,52,17,0.6730769230769231,2.4961508830135313
25465,24,50,26,0.48,-0.282842712474619
25470,30,60,30,0.5,0.0
25480,27,68,41,0.39705882352941174,-1.697749375254331
25481,32,69,37,0.463768115942029,-0.601929265428846
25484,22,52,30,0.4230769230769231,-1.1094003924504583
25486,39,85,46,0.4588235294117647,-0.7592566023652966
25487,40,92,52,0.43478260869565216,-1.2510864843424487
25489,35,66,31,0.5303030303030303,0.4923659639173309
25491,41,79,38,0.5189873417721519,0.3375263702778072
25492,49,93,44,0.5268817204301075,0.5184758473652127
25493,34,74,40,0.4594594594594595,-0.6974858324629157
25494,27,54,27,0.5,0.0
25495,80,133,53,0.6015037593984962,2.341196917715124
25496,71,151,80,0.47019867549668876,-0.7324096128940435
25497,58,119,61,0.48739495798319327,-0.2750095491084634
25498,67,130,63,0.5153846153846153,0.3508232077228117
25499,36,72,36,0.5,0.0
25500,45,79,34,0.569620253164557,1.2375966910186262
25505,32,62,30,0.5161290322580645,0.254000254000381
25506,46,83,37,0.5542168674698795,0.9878783399072131
25507,40,83,43,0.4819277108433735,-0.329292779969071
25509,41,94,53,0.43617021276595747,-1.237705495510552
25510,50,80,30,0.625,2.23606797749979
25511,53,86,33,0.6162790697674418,2.156655464068768
25516,48,71,23,0.676056338028169,2.966954145484633
25517,54,106,52,0.5094339622641509,0.19425717247145283
25518,54,113,59,0.4778761061946903,-0.4703604341917986
25519,44,83,39,0.5301204819277109,0.5488212999484517
25520,28,57,29,0.49122807017543857,-0.13245323570650439
25521,49,98,49,0.5,0.0
25522,49,97,48,0.5051546391752577,0.10153461651336192
25523,36,75,39,0.48,-0.3464101615137754
25562,33,71,38,0.4647887323943662,-0.5933908290969266
25563,49,115,66,0.4260869565217391,-1.5852581740085334
25564,59,115,56,0.5130434782608696,0.27975144247209416
25566,60,115,55,0.5217391304347826,0.4662524041201569
25567,51,103,52,0.49514563106796117,-0.09853292781642932
25568,38,83,45,0.4578313253012048,-0.7683498199278324
25569,59,95,36,0.6210526315789474,2.3597502097958545
25570,49,82,33,0.5975609756097561,1.7669044171975445
25571,58,99,41,0.5858585858585859,1.7085642859406605
25572,67,143,76,0.46853146853146854,-0.7526178090063816
25573,95,186,91,0.510752688172043,0.2932942300427066
25574,45,94,49,0.4787234042553192,-0.41256849850351734
25575,51,97,46,0.5257731958762887,0.5076730825668095
25576,28,58,30,0.4827586206896552,-0.2626128657194451
25577,32,63,31,0.5079365079365079,0.1259881576697424
25578,40,81,41,0.49382716049382713,-0.1111111111111111
25579,48,82,34,0.5853658536585366,1.5460413650478515
25580,72,136,64,0.5294117647058824,0.6859943405700353
25581,54,125,71,0.432,-1.520526224699857
25582,61,125,64,0.488,-0.2683281572999747
25583,58,115,57,0.5043478260869565,0.09325048082403138
25584,58,110,52,0.5272727272727272,0.5720775535473553
25585,57,113,56,0.504424778761062,0.09407208683835973
25586,61,111,50,0.5495495495495496,1.044073795327749
25587,48,102,54,0.47058823529411764,-0.5940885257860046
25588,41,82,41,0.5,0.0
25589,23,72,49,0.3194444444444444,-3.0641293851417064
25590,34,91,57,0.37362637362637363,-2.4110551244604124
25591,66,141,75,0.46808510638297873,-0.7579367289598671
25592,41,77,36,0.5324675324675324,0.5698028822981898
25593,31,69,38,0.4492753623188406,-0.8427009716003844
25594,26,54,28,0.48148148148148145,-0.2721655269759087
25595,37,72,35,0.5138888888888888,0.23570226039551587
25596,61,117,56,0.5213675213675214,0.4622501635210242
25597,60,114,54,0.5263157894736842,0.5619514869490164
25598,44,80,36,0.55,0.8944271909999159
25599,45,91,46,0.4945054945054945,-0.10482848367219183
25600,34,82,48,0.4146341463414634,-1.5460413650478515
25601,44,88,44,0.5,0.0
25602,33,68,35,0.4852941176470588,-0.24253562503633297
25603,48,98,50,0.4897959183673469,-0.20203050891044214
25605,49,76,27,0.6447368421052632,2.523573072576179
25606,33,71,38,0.4647887323943662,-0.5933908290969266
25607,34,80,46,0.425,-1.3416407864998738
25608,57,112,55,0.5089285714285714,0.1889822365046136
25609,77,126,49,0.6111111111111112,2.494438257849294
25610,40,91,51,0.43956043956043955,-1.1531133203941102
25611,61,112,51,0.5446428571428571,0.944911182523068
25612,49,89,40,0.550561797752809,0.953998092005724
25613,48,86,38,0.5581395348837209,1.078327732034384
25614,53,103,50,0.5145631067961165,0.29559878344928797
25615,61,137,76,0.44525547445255476,-1.2815364865751413
25616,58,118,60,0.4915254237288136,-0.1841149235796647
25617,50,101,51,0.49504950495049505,-0.09950371902099892
25618,25,62,37,0.4032258064516129,-1.524001524002286
25619,47,98,51,0.47959183673469385,-0.40406101782088427
25620,38,76,38,0.5,0.0
25621,30,62,32,0.4838709677419355,-0.254000254000381
25622,25,57,32,0.43859649122807015,-0.9271726499455306
25623,26,65,39,0.4,-1.61245154965971
25624,29,66,37,0.4393939393939394,-0.9847319278346618
25625,36,66,30,0.5454545454545454,0.7385489458759964
25626,55,118,63,0.4661016949152542,-0.7364596943186588
25627,34,58,24,0.5862068965517241,1.3130643285972254
25628,50,107,57,0.4672897196261682,-0.6767155423319645
25629,33,70,37,0.4714285714285714,-0.47809144373375745
25630,55,94,39,0.5851063829787234,1.6502739940140694
25631,37,67,30,0.5522388059701493,0.8551861104941365
25632,42,82,40,0.5121951219512195,0.22086305214969307
25633,36,77,41,0.4675324675324675,-0.5698028822981898
25692,49,99,50,0.494949494949495,-0.10050378152592121
25693,47,97,50,0.4845360824742268,-0.30460384954008574
25694,46,101,55,0.45544554455445546,-0.8955334711889903
25695,43,82,39,0.524390243902439,0.44172610429938614
25696,56,113,57,0.49557522123893805,-0.09407208683835973
25697,66,138,72,0.4782608695652174,-0.5107539184552492
25698,72,131,59,0.549618320610687,1.1358152736593492
25699,46,80,34,0.575,1.3416407864998738
25700,33,64,31,0.515625,0.25
25701,54,103,49,0.5242718446601942,0.4926646390821466
25702,76,149,73,0.5100671140939598,0.24576957615571215
25703,32,75,43,0.4266666666666667,-1.2701705922171767
25704,51,96,45,0.53125,0.6123724356957946
25705,26,53,27,0.49056603773584906,-0.13736056394868904
25708,36,69,33,0.5217391304347826,0.3611575592573076
25709,25,52,27,0.4807692307692308,-0.2773500981126146
25711,49,94,45,0.5212765957446809,0.41256849850351734
25712,24,57,33,0.42105263157894735,-1.1920791213585393
25720,22,58,36,0.3793103448275862,-1.8382900600361156
25721,29,55,26,0.5272727272727272,0.40451991747794525
25722,28,56,28,0.5,0.0
25731,21,53,32,0.39622641509433965,-1.5109662034355793
25732,33,65,32,0.5076923076923077,0.12403473458920847
25737,28,63,35,0.4444444444444444,-0.8819171036881969
25742,38,72,34,0.5277777777777778,0.47140452079103173
25743,35,70,35,0.5,0.0
25744,32,62,30,0.5161290322580645,0.254000254000381
25746,43,72,29,0.5972222222222222,1.649915822768611
25748,45,87,42,0.5172413793103449,0.3216337604513384
25751,39,81,42,0.48148148148148145,-0.3333333333333333
25752,79,143,64,0.5524475524475524,1.2543630150106362
25753,57,111,54,0.5135135135135135,0.2847473987257497
25754,74,148,74,0.5,0.0
25755,63,118,55,0.5338983050847458,0.7364596943186588
25756,28,51,23,0.5490196078431373,0.7001400420140048
25761,38,75,37,0.5066666666666667,0.11547005383792514
25762,25,56,31,0.44642857142857145,-0.8017837257372732
25763,33,57,24,0.5789473684210527,1.1920791213585393
25764,23,50,27,0.46,-0.565685424949238
25765,43,70,27,0.6142857142857143,1.9123657749350298
25766,38,76,38,0.5,0.0
25767,39,78,39,0.5,0.0
25768,33,65,32,0.5076923076923077,0.12403473458920847
25772,42,73,31,0.5753424657534246,1.2874526191574363
25773,53,102,49,0.5196078431372549,0.39605901719066977
25774,45,86,41,0.5232558139534884,0.43133109281375365
25775,55,124,69,0.4435483870967742,-1.2572371141874243
25776,44,83,39,0.5301204819277109,0.5488212999484517
25777,31,66,35,0.4696969696969697,-0.4923659639173309
25778,56,81,25,0.691358024691358,3.4444444444444446
25779,45,83,38,0.5421686746987951,0.7683498199278324
25780,26,58,32,0.4482758620689655,-0.7878385971583353
25819,25,58,33,0.43103448275862066,-1.0504514628777804
25820,54,112,58,0.48214285714285715,-0.3779644730092272
25821,47,90,43,0.5222222222222223,0.4216370213557839
25822,32,67,35,0.47761194029850745,-0.36650833306891567
25823,61,106,45,0.5754716981132075,1.5540573797716226
25824,54,87,33,0.6206896551724138,2.251436323159369
25825,39,85,46,0.4588235294117647,-0.7592566023652966
25826,38,72,34,0.5277777777777778,0.47140452079103173
25827,27,64,37,0.421875,-1.25
25828,47,102,55,0.46078431372549017,-0.7921180343813395
25829,41,86,45,0.47674418604651164,-0.43133109281375365
25830,63,126,63,0.5,0.0
25831,49,97,48,0.5051546391752577,0.10153461651336192
25832,35,69,34,0.5072463768115942,0.1203858530857692
25833,37,70,33,0.5285714285714286,0.47809144373375745
25834,47,93,46,0.5053763440860215,0.10369516947304253
25835,43,94,51,0.4574468085106383,-0.8251369970070347
25836,28,69,41,0.4057971014492754,-1.5650160901149996
25837,57,118,61,0.4830508474576271,-0.3682298471593294
25838,67,137,70,0.48905109489051096,-0.25630729731502827
25839,68,137,69,0.49635036496350365,-0.0854357657716761
25840,77,170,93,0.45294117647058824,-1.2271439821557926
25841,39,73,34,0.5342465753424658,0.5852057359806528
25842,44,94,50,0.46808510638297873,-0.618852747755276
25843,65,117,52,0.5555555555555556,1.2018504251546631
25844,48,83,35,0.5783132530120482,1.4269353798659745
25845,50,100,50,0.5,0.0
25846,45,71,26,0.6338028169014085,2.254885150568321
25847,53,106,53,0.5,0.0
25848,62,134,72,0.4626865671641791,-0.8638684255813601
25849,52,100,48,0.52,0.4
25850,33,71,38,0.4647887323943662,-0.5933908290969266
25851,28,60,32,0.4666666666666667,-0.5163977794943222
25852,53,103,50,0.5145631067961165,0.29559878344928797
25853,74,146,72,0.5068493150684932,0.1655211777204736
25854,61,110,49,0.5545454545454546,1.1441551070947107
25855,48,82,34,0.5853658536585366,1.5460413650478515
25856,57,101,44,0.5643564356435643,1.2935483472729858
25857,33,72,39,0.4583333333333333,-0.7071067811865476
25858,24,56,32,0.42857142857142855,-1.0690449676496976
25859,42,86,44,0.4883720930232558,-0.21566554640687682
25860,53,116,63,0.45689655172413796,-0.9284766908852594
25861,46,85,39,0.5411764705882353,0.7592566023652966
25862,35,80,45,0.4375,-1.118033988749895
25863,41,79,38,0.5189873417721519,0.3375263702778072
25864,51,96,45,0.53125,0.6123724356957946
25865,60,123,63,0.4878048780487805,-0.2705008904002297
25866,54,93,39,0.5806451612903226,1.5554275420956378
25867,72,147,75,0.4897959183673469,-0.24743582965269675
25868,44,87,43,0.5057471264367817,0.10721125348377948
25869,33,73,40,0.4520547945205479,-0.819288030372914
25870,50,111,61,0.45045045045045046,-1.044073795327749
25871,74,162,88,0.4567901234567901,-1.0999438818457405
25872,49,105,56,0.4666666666666667,-0.6831300510639733
25873,49,96,47,0.5104166666666666,0.20412414523193154
25874,44,91,47,0.4835164835164835,-0.3144854510165755
25875,38,71,33,0.5352112676056338,0.5933908290969266
25876,27,67,40,0.40298507462686567,-1.5882027766319677
25877,35,73,38,0.4794520547945205,-0.3511234415883917
25878,32,62,30,0.5161290322580645,0.254000254000381
25879,31,63,32,0.49206349206349204,-0.1259881576697424
25880,25,67,42,0.373134328358209,-2.0768805540571886
25882,47,89,42,0.5280898876404494,0.52999894000318
25883,48,84,36,0.5714285714285714,1.3093073414159544
25884,41,74,33,0.5540540540540541,0.9299811099505543
25885,49,85,36,0.5764705882352941,1.4100479758212652
25886,33,62,29,0.532258064516129,0.508000508000762
25887,20,51,31,0.39215686274509803,-1.5403080924308108
25888,29,57,28,0.5087719298245614,0.13245323570650439
25889,29,60,31,0.48333333333333334,-0.2581988897471611
25891,22,53,31,0.41509433962264153,-1.2362450755382013
25948,26,56,30,0.4642857142857143,-0.5345224838248488
25949,84,165,81,0.509090909090909,0.23354968324845687
25950,45,87,42,0.5172413793103449,0.3216337604513384
25951,76,143,67,0.5314685314685315,0.7526178090063816
25952,102,196,94,0.5204081632653061,0.5714285714285714
25953,47,106,59,0.44339622641509435,-1.165543034828717
25954,83,165,82,0.503030303030303,0.0778498944161523
25955,53,105,52,0.5047619047619047,0.09759000729485333
25956,39,81,42,0.48148148148148145,-0.3333333333333333
25957,34,68,34,0.5,0.0
25958,53,87,34,0.6091954022988506,2.03701381619181
25959,75,148,73,0.5067567567567568,0.1643989873053573
25960,40,90,50,0.4444444444444444,-1.0540925533894598
25961,42,98,56,0.42857142857142855,-1.4142135623730951
25962,31,58,27,0.5344827586206896,0.5252257314388902
25966,26,52,26,0.5,0.0
25967,45,83,38,0.5421686746987951,0.7683498199278324
25968,25,53,28,0.4716981132075472,-0.4120816918460671
25981,24,56,32,0.42857142857142855,-1.0690449676496976
25993,45,94,49,0.4787234042553192,-0.41256849850351734
25997,33,76,43,0.4342105263157895,-1.1470786693528088
25999,28,69,41,0.4057971014492754,-1.5650160901149996
26000,42,69,27,0.6086956521739131,1.805787796286538
26002,41,79,38,0.5189873417721519,0.3375263702778072
26004,34,71,37,0.4788732394366197,-0.35603449745815596
26006,30,66,36,0.45454545454545453,-0.7385489458759964
26007,45,106,61,0.42452830188679247,-1.5540573797716226
26008,57,110,53,0.5181818181818182,0.38138503569823695
26009,54,98,44,0.5510204081632653,1.0101525445522108
26010,81,137,56,0.5912408759124088,2.1358941442919024
26011,26,69,43,0.37681159420289856,-2.0465595024580763
26012,30,61,31,0.4918032786885246,-0.12803687993289598
26013,26,55,29,0.4727272727272727,-0.40451991747794525
26016,30,53,23,0.5660377358490566,0.9615239476408232
26021,29,69,40,0.42028985507246375,-1.3242443839434612
26022,34,64,30,0.53125,0.5
26023,36,73,37,0.4931506849315068,-0.11704114719613057
26025,41,70,29,0.5857142857142857,1.4342743312012722
26027,40,78,38,0.5128205128205128,0.22645540682891913
26028,51,103,52,0.49514563106796117,-0.09853292781642932
26029,63,120,57,0.525,0.5477225575051661
26030,66,124,58,0.532258064516129,0.7184212081070996
26031,48,126,78,0.38095238095238093,-2.6726124191242437
26032,40,82,42,0.4878048780487805,-0.22086305214969307
26033,35,64,29,0.546875,0.75
26034,38,86,48,0.4418604651162791,-1.078327732034384
26035,43,72,29,0.5972222222222222,1.649915822768611
26075,29,75,46,0.38666666666666666,-1.9629909152447274
26076,46,89,43,0.5168539325842697,0.31799936400190804
26077,26,64,38,0.40625,-1.5
26078,49,86,37,0.5697674418604651,1.2939932784412609
26079,61,112,51,0.5446428571428571,0.944911182523068
26080,40,63,23,0.6349206349206349,2.141798680385621
26081,51,96,45,0.53125,0.6123724356957946
26082,44,87,43,0.5057471264367817,0.10721125348377948
26083,44,79,35,0.5569620253164557,1.0125791108334214
26084,38,74,36,0.5135135135135135,0.23249527748763857
26085,32,65,33,0.49230769230769234,-0.12403473458920847
26086,65,124,59,0.5241935483870968,0.5388159060803247
26087,34,71,37,0.4788732394366197,-0.35603449745815596
26088,43,95,52,0.45263157894736844,-0.9233805168766388
26089,44,85,41,0.5176470588235295,0.32539568672798425
26090,36,96,60,0.375,-2.4494897427831783
26091,32,76,44,0.42105263157894735,-1.3764944032233704
26092,47,94,47,0.5,0.0
26093,60,118,58,0.5084745762711864,0.1841149235796647
26094,55,112,57,0.49107142857142855,-0.1889822365046136
26095,59,128,69,0.4609375,-0.8838834764831843
26096,42,86,44,0.4883720930232558,-0.21566554640687682
26097,37,77,40,0.4805194805194805,-0.3418817293789138
26098,38,65,27,0.5846153846153846,1.3643820804812932
26099,49,99,50,0.494949494949495,-0.10050378152592121
26100,38,88,50,0.4318181818181818,-1.2792042981336627
26101,34,70,36,0.4857142857142857,-0.23904572186687872
26102,39,89,50,0.43820224719101125,-1.1659976680069961
26103,61,143,82,0.42657342657342656,-1.7561082210148906
26104,46,99,53,0.46464646464646464,-0.7035264706814485
26105,47,97,50,0.4845360824742268,-0.30460384954008574
26106,57,100,43,0.57,1.4
26107,66,124,58,0.532258064516129,0.7184212081070996
26108,75,132,57,0.5681818181818182,1.5666989036012806
26109,65,134,69,0.48507462686567165,-0.34554737023254406
26110,60,122,62,0.4918032786885246,-0.18107149208503706
26111,63,124,61,0.5080645161290323,0.1796053020267749
26112,38,80,42,0.475,-0.4472135954999579
26114,68,137,69,0.49635036496350365,-0.0854357657716761
26115,43,102,59,0.4215686274509804,-1.584236068762679
26116,37,76,39,0.4868421052631579,-0.22941573387056174
26117,53,117,64,0.452991452991453,-1.0169503597462533
26118,55,103,48,0.5339805825242718,0.6897304947150052
26119,41,83,42,0.4939759036144578,-0.10976425998969035
26120,63,102,39,0.6176470588235294,2.3763541031440183
26121,52,104,52,0.5,0.0
26122,62,114,52,0.543859649122807,0.936585811581694
26123,58,105,47,0.5523809523809524,1.0734900802433864
26124,42,99,57,0.42424242424242425,-1.507556722888818
26125,45,115,70,0.391304347826087,-2.3312620206007844
26126,68,132,64,0.5151515151515151,0.3481553119113957
26127,65,125,60,0.52,0.4472135954999579
26128,54,111,57,0.4864864864864865,-0.2847473987257497
26129,48,103,55,0.46601941747572817,-0.6897304947150052
26130,30,58,28,0.5172413793103449,0.2626128657194451
26131,32,75,43,0.4266666666666667,-1.2701705922171767
26132,35,61,26,0.5737704918032787,1.1523319193960637
26133,41,83,42,0.4939759036144578,-0.10976425998969035
26134,81,139,58,0.5827338129496403,1.9508345382639332
26135,48,81,33,0.5925925925925926,1.6666666666666667
26136,28,64,36,0.4375,-1.0
26137,30,61,31,0.4918032786885246,-0.12803687993289598
26138,39,91,52,0.42857142857142855,-1.3627702877384937
26139,29,58,29,0.5,0.0
26140,41,83,42,0.4939759036144578,-0.10976425998969035
26141,60,101,41,0.594059405940594,1.8905706613989794
26142,58,116,58,0.5,0.0
26143,36,77,41,0.4675324675324675,-0.5698028822981898
26144,32,51,19,0.6274509803921569,1.8203641092364127
26145,31,60,29,0.5166666666666667,0.2581988897471611
26204,51,117,66,0.4358974358974359,-1.3867504905630728
26205,56,110,54,0.509090909090909,0.19069251784911848
26206,81,136,55,0.5955882352941176,2.2294816068526147
26207,64,130,66,0.49230769230769234,-0.17541160386140586
26208,47,102,55,0.46078431372549017,-0.7921180343813395
26209,46,86,40,0.5348837209302325,0.6469966392206304
26210,60,120,60,0.5,0.0
26211,55,115,60,0.4782608695652174,-0.4662524041201569
26212,25,58,33,0.43103448275862066,-1.0504514628777804
26213,36,72,36,0.5,0.0
26214,55,123,68,0.44715447154471544,-1.172170525067662
26215,28,51,23,0.5490196078431373,0.7001400420140048
26216,34,57,23,0.5964912280701754,1.4569855927715483
26217,57,109,52,0.5229357798165137,0.47891314261057566
26221,35,72,37,0.4861111111111111,-0.23570226039551587
26222,26,55,29,0.4727272727272727,-0.40451991747794525
26223,26,54,28,0.48148148148148145,-0.2721655269759087
26236,38,80,42,0.475,-0.4472135954999579
26237,39,73,34,0.5342465753424658,0.5852057359806528
26239,40,76,36,0.5263157894736842,0.4588314677411235
26240,20,50,30,0.4,-1.414213562373095
26257,30,54,24,0.5555555555555556,0.816496580927726
26258,38,76,38,0.5,0.0
26259,30,78,48,0.38461538461538464,-2.038098661460272
26260,35,64,29,0.546875,0.75
26261,47,88,41,0.5340909090909091,0.6396021490668313
26262,33,73,40,0.4520547945205479,-0.819288030372914
26263,37,80,43,0.4625,-0.6708203932499369
26264,40,81,41,0.49382716049382713,-0.1111111111111111
26265,49,115,66,0.4260869565217391,-1.5852581740085334
26266,50,113,63,0.4424778761061947,-1.2229371288986763
26267,47,109,62,0.43119266055045874,-1.436739427831727
26268,29,54,25,0.5370370370370371,0.5443310539518174
26269,19,51,32,0.37254901960784315,-1.8203641092364127
26277,32,67,35,0.47761194029850745,-0.36650833306891567
26278,54,114,60,0.47368421052631576,-0.5619514869490164
26279,38,70,32,0.5428571428571428,0.7171371656006361
26280,47,83,36,0.5662650602409639,1.2074068598865937
26281,23,50,27,0.46,-0.565685424949238
26282,35,69,34,0.5072463768115942,0.1203858530857692
26283,37,75,38,0.49333333333333335,-0.11547005383792514
26284,42,96,54,0.4375,-1.2247448713915892
26285,66,126,60,0.5238095238095238,0.5345224838248488
26286,55,106,51,0.5188679245283019,0.38851434494290565
26287,51,94,43,0.5425531914893617,0.8251369970070347
26288,56,128,72,0.4375,-1.414213562373095
26289,47,94,47,0.5,0.0
26290,30,60,30,0.5,0.0
26291,37,67,30,0.5522388059701493,0.8551861104941365
26292,35,56,21,0.625,1.8708286933869707
26331,37,83,46,0.4457831325301205,-0.9878783399072131
26332,40,66,26,0.6060606060606061,1.7232808737106582
26333,40,88,48,0.45454545454545453,-0.8528028654224417
26334,52,108,56,0.48148148148148145,-0.3849001794597505
26335,40,87,47,0.45977011494252873,-0.7504787743864564
26336,57,100,43,0.57,1.4
26337,57,99,42,0.5757575757575758,1.507556722888818
26338,49,119,70,0.4117647058823529,-1.9250668437592438
26339,39,77,38,0.5064935064935064,0.11396057645963795
26340,32,62,30,0.5161290322580645,0.254000254000381
26341,49,90,41,0.5444444444444444,0.8432740427115678
26342,65,118,53,0.5508474576271186,1.104689541477988
26343,66,141,75,0.46808510638297873,-0.7579367289598671
26344,70,158,88,0.4430379746835443,-1.432003111516314
26345,69,142,73,0.4859154929577465,-0.33567254331867563
26346,45,87,42,0.5172413793103449,0.3216337604513384
26347,56,120,64,0.4666666666666667,-0.7302967433402214
26348,47,94,47,0.5,0.0
26349,52,97,45,0.5360824742268041,0.7107423155935334
26350,66,150,84,0.44,-1.469693845669907
26351,39,82,43,0.47560975609756095,-0.44172610429938614
26352,41,97,56,0.422680412371134,-1.5230192477004287
26353,32,68,36,0.47058823529411764,-0.48507125007266594
26354,29,75,46,0.38666666666666666,-1.9629909152447274
26355,67,116,49,0.5775862068965517,1.671258043593467
26356,44,95,51,0.4631578947368421,-0.7181848464596079
26357,42,80,38,0.525,0.4472135954999579
26358,44,108,64,0.4074074074074074,-1.9245008972987525
26359,59,124,65,0.47580645161290325,-0.5388159060803247
26360,61,122,61,0.5,0.0
26361,76,137,61,0.5547445255474452,1.2815364865751413
26362,64,105,41,0.6095238095238096,2.2445701677816263
26363,62,157,95,0.39490445859872614,-2.633686718743153
26364,65,120,55,0.5416666666666666,0.9128709291752769
26365,74,141,67,0.524822695035461,0.5895063447465633
26366,57,106,49,0.5377358490566038,0.7770286898858113
26367,45,79,34,0.569620253164557,1.2375966910186262
26368,42,87,45,0.4827586206896552,-0.3216337604513384
26369,36,65,29,0.5538461538461539,0.8682431421244593
26371,73,140,67,0.5214285714285715,0.50709255283711
26372,33,81,48,0.4074074074074074,-1.6666666666666667
26373,63,109,46,0.5779816513761468,1.6283046848759573
26374,55,120,65,0.4583333333333333,-0.9128709291752769
26375,49,106,57,0.46226415094339623,-0.7770286898858113
26376,61,124,63,0.49193548387096775,-0.1796053020267749
26377,61,126,65,0.48412698412698413,-0.3563483225498992
26378,49,101,52,0.48514851485148514,-0.29851115706299675
26379,62,129,67,0.4806201550387597,-0.4402254531628119
26380,90,170,80,0.5294117647058824,0.7669649888473704
26381,60,136,76,0.4411764705882353,-1.3719886811400706
26382,53,81,28,0.654320987654321,2.7777777777777777
26383,44,84,40,0.5238095238095238,0.4364357804719848
26384,53,81,28,0.654320987654321,2.7777777777777777
26385,63,119,56,0.5294117647058824,0.641688947919748
26386,29,59,30,0.4915254237288136,-0.13018891098082389
26387,26,56,30,0.4642857142857143,-0.5345224838248488
26388,37,79,42,0.46835443037974683,-0.562543950463012
26389,38,60,22,0.6333333333333333,2.065591117977289
26390,41,90,49,0.45555555555555555,-0.8432740427115678
26391,71,134,63,0.5298507462686567,0.6910947404650881
26392,45,73,28,0.6164383561643836,1.9896995023342199
26393,38,79,41,0.4810126582278481,-0.3375263702778072
26394,51,83,32,0.6144578313253012,2.0855209398041166
26396,28,57,29,0.49122807017543857,-0.13245323570650439
26397,35,64,29,0.546875,0.75
26398,33,61,28,0.5409836065573771,0.6401843996644799
26399,31,73,42,0.4246575342465753,-1.2874526191574363
26400,33,58,25,0.5689655172413793,1.0504514628777804
26402,40,78,38,0.5128205128205128,0.22645540682891913
26459,29,53,24,0.5471698113207547,0.6868028197434451
26460,33,81,48,0.4074074074074074,-1.6666666666666667
26461,35,78,43,0.44871794871794873,-0.9058216273156765
26462,85,159,74,0.5345911949685535,0.8723567442899586
26463,34,72,38,0.4722222222222222,-0.47140452079103173
26464,66,131,65,0.5038167938931297,0.0873704056661038
26466,87,130,43,0.6692307692307692,3.8590552849509288
26467,36,79,43,0.45569620253164556,-0.7875615306482168
26468,31,60,29,0.5166666666666667,0.2581988897471611
26469,75,123,48,0.6097560975609756,2.434508013602067
26470,29,51,22,0.5686274509803921,0.9801960588196068
26472,30,58,28,0.5172413793103449,0.2626128657194451
26473,48,97,49,0.4948453608247423,-0.10153461651336192
26474,50,96,46,0.5208333333333334,0.4082482904638631
26484,44,75,31,0.5866666666666667,1.5011106998930268
26492,35,62,27,0.5645161290322581,1.016001016001524
26493,55,97,42,0.5670103092783505,1.3199500146737049
26495,30,57,27,0.5263157894736842,0.39735970711951313
26511,36,72,36,0.5,0.0
26512,33,65,32,0.5076923076923077,0.12403473458920847
26513,35,71,36,0.49295774647887325,-0.11867816581938533
26514,37,72,35,0.5138888888888888,0.23570226039551587
26515,36,56,20,0.6428571428571429,2.138089935299395
26516,39,72,33,0.5416666666666666,0.7071067811865476
26517,37,76,39,0.4868421052631579,-0.22941573387056174
26518,62,111,49,0.5585585585585585,1.2339053944782488
26519,46,91,45,0.5054945054945055,0.10482848367219183
26520,31,53,22,0.5849056603773585,1.2362450755382013
26521,58,118,60,0.4915254237288136,-0.1841149235796647
26522,63,135,72,0.4666666666666667,-0.7745966692414834
26523,54,119,65,0.453781512605042,-1.0083683467310325
26524,23,51,28,0.45098039215686275,-0.7001400420140048
26533,52,95,43,0.5473684210526316,0.9233805168766388
26534,30,69,39,0.43478260869565216,-1.0834726777719228
26535,51,95,44,0.5368421052631579,0.7181848464596079
26536,28,66,38,0.42424242424242425,-1.2309149097933272
26537,38,86,48,0.4418604651162791,-1.078327732034384
26538,34,66,32,0.5151515151515151,0.24618298195866545
26540,54,91,37,0.5934065934065934,1.7820842224272613
26541,28,77,49,0.36363636363636365,-2.393172105652397
26542,57,108,51,0.5277777777777778,0.5773502691896257
26543,61,139,78,0.43884892086330934,-1.4419211804559506
26544,74,167,93,0.4431137724550898,-1.47026414181486
26545,28,73,45,0.3835616438356164,-1.9896995023342199
26546,26,63,37,0.4126984126984127,-1.3858697343671664
26587,33,71,38,0.4647887323943662,-0.5933908290969266
26588,39,90,51,0.43333333333333335,-1.2649110640673518
26589,61,124,63,0.49193548387096775,-0.1796053020267749
26590,52,125,73,0.416,-1.8782971010998233
26591,41,86,45,0.47674418604651164,-0.43133109281375365
26592,48,92,44,0.5217391304347826,0.41702882811414954
26593,31,63,32,0.49206349206349204,-0.1259881576697424
26594,38,72,34,0.5277777777777778,0.47140452079103173
26595,36,63,27,0.5714285714285714,1.1338934190276817
26596,29,57,28,0.5087719298245614,0.13245323570650439
26597,38,92,54,0.41304347826086957,-1.6681153124565982
26598,75,145,70,0.5172413793103449,0.41522739926869984
26599,68,118,50,0.576271186440678,1.6570343122169822
26600,54,104,50,0.5192307692307693,0.3922322702763681
26601,56,103,47,0.5436893203883495,0.8867963503478639
26602,58,119,61,0.48739495798319327,-0.2750095491084634
26603,51,115,64,0.4434782608695652,-1.212256250712408
26604,49,97,48,0.5051546391752577,0.10153461651336192
26605,42,82,40,0.5121951219512195,0.22086305214969307
26606,76,157,81,0.4840764331210191,-0.39904344223381105
26607,35,56,21,0.625,1.8708286933869707
26608,39,69,30,0.5652173913043478,1.0834726777719228
26609,36,69,33,0.5217391304347826,0.3611575592573076
26610,44,98,54,0.4489795918367347,-1.0101525445522108
26611,57,121,64,0.47107438016528924,-0.6363636363636364
26612,55,116,61,0.47413793103448276,-0.5570860145311556
26613,44,104,60,0.4230769230769231,-1.5689290811054724
26614,50,107,57,0.4672897196261682,-0.6767155423319645
26615,79,149,70,0.5302013422818792,0.7373087284671365
26616,66,134,68,0.4925373134328358,-0.17277368511627203
26617,59,125,66,0.472,-0.6260990336999411
26618,65,138,73,0.47101449275362317,-0.6810052246069989
26619,73,126,53,0.5793650793650794,1.7817416127494958
26620,47,103,56,0.4563106796116505,-0.8867963503478639
26621,92,161,69,0.5714285714285714,1.8126539343499315
26622,64,130,66,0.49230769230769234,-0.17541160386140586
26623,31,58,27,0.5344827586206896,0.5252257314388902
26624,47,96,49,0.4895833333333333,-0.20412414523193154
26625,29,64,35,0.453125,-0.75
26626,33,82,49,0.4024390243902439,-1.7669044171975445
26628,25,53,28,0.4716981132075472,-0.4120816918460671
26629,51,110,59,0.4636363636363636,-0.7627700713964739
26630,53,110,57,0.4818181818181818,-0.38138503569823695
26631,61,145,84,0.4206896551724138,-1.9100460366360192
26632,66,156,90,0.4230769230769231,-1.9215378456610455
26633,47,91,44,0.5164835164835165,0.3144854510165755
26634,73,149,76,0.4899328859060403,-0.24576957615571215
26635,64,131,67,0.48854961832061067,-0.26211121699831136
26636,63,136,73,0.4632352941176471,-0.8574929257125441
26637,45,97,52,0.4639175257731959,-0.7107423155935334
26638,26,66,40,0.3939393939393939,-1.7232808737106582
26639,26,50,24,0.52,0.282842712474619
26640,52,98,46,0.5306122448979592,0.6060915267313265
26641,57,95,38,0.6,1.949358868961793
26642,26,59,33,0.4406779661016949,-0.9113223768657671
26643,31,69,38,0.4492753623188406,-0.8427009716003844
26644,22,50,28,0.44,-0.848528137423857
26645,42,94,52,0.44680851063829785,-1.0314212462587933
26646,66,115,49,0.5739130434782609,1.5852581740085334
26647,59,126,67,0.46825396825396826,-0.7126966450997984
26648,24,59,35,0.4067796610169492,-1.4320780207890627
26649,31,53,22,0.5849056603773585,1.2362450755382013
26650,31,52,21,0.5961538461538461,1.386750490563073
26651,34,75,41,0.4533333333333333,-0.808290376865476
26652,38,64,26,0.59375,1.5
26654,24,58,34,0.41379310344827586,-1.3130643285972254
26655,36,54,18,0.6666666666666666,2.449489742783178
26657,47,96,49,0.4895833333333333,-0.20412414523193154
26658,46,83,37,0.5542168674698795,0.9878783399072131
26715,30,64,34,0.46875,-0.5
26716,29,58,29,0.5,0.0
26717,62,132,70,0.4696969696969697,-0.6963106238227914
26719,43,76,33,0.5657894736842105,1.1470786693528088
26720,38,72,34,0.5277777777777778,0.47140452079103173
26722,39,90,51,0.43333333333333335,-1.2649110640673518
26723,40,89,49,0.449438202247191,-0.953998092005724
26724,57,120,63,0.475,-0.5477225575051661
26725,27,54,27,0.5,0.0
26726,42,92,50,0.45652173913043476,-0.8340576562282991
26727,19,52,33,0.36538461538461536,-1.9414506867883021
26729,93,188,95,0.4946808510638298,-0.14586499149789456
26730,32,73,41,0.4383561643835616,-1.0533703247651751
26738,23,50,27,0.46,-0.565685424949238
26739,29,65,36,0.4461538461538462,-0.8682431421244593
26741,29,58,29,0.5,0.0
26748,23,51,28,0.45098039215686275,-0.7001400420140048
26749,25,52,27,0.4807692307692308,-0.2773500981126146
26751,27,51,24,0.5294117647058824,0.42008402520840293
26768,30,59,29,0.5084745762711864,0.13018891098082389
26770,35,68,33,0.5147058823529411,0.24253562503633297
26771,38,68,30,0.5588235294117647,0.9701425001453319
26772,36,70,34,0.5142857142857142,0.23904572186687872
26773,36,71,35,0.5070422535211268,0.11867816581938533
26774,46,93,47,0.4946236559139785,-0.10369516947304253
26775,62,105,43,0.5904761904761905,1.8542101386022132
26776,42,75,33,0.56,1.0392304845413263
26777,45,85,40,0.5294117647058824,0.5423261445466404
26778,63,128,65,0.4921875,-0.17677669529663687
26779,58,128,70,0.453125,-1.0606601717798212
26780,32,59,27,0.5423728813559322,0.6509445549041194
26781,36,62,26,0.5806451612903226,1.270001270001905
26791,49,87,38,0.5632183908045977,1.1793237883215741
26792,38,81,43,0.4691358024691358,-0.5555555555555556
26793,25,57,32,0.43859649122807015,-0.9271726499455306
26794,50,104,54,0.4807692307692308,-0.3922322702763681
26795,28,61,33,0.45901639344262296,-0.6401843996644799
26796,25,60,35,0.4166666666666667,-1.2909944487358056
26797,50,93,43,0.5376344086021505,0.7258661863112977
26798,35,80,45,0.4375,-1.118033988749895
26799,42,78,36,0.5384615384615384,0.6793662204867574
26800,58,122,64,0.47540983606557374,-0.5432144762551112
26801,31,66,35,0.4696969696969697,-0.4923659639173309
26803,44,90,46,0.4888888888888889,-0.21081851067789195
26805,19,53,34,0.3584905660377358,-2.0604084592303353
26843,35,58,23,0.603448275862069,1.5756771943166705
26844,52,108,56,0.48148148148148145,-0.3849001794597505
26845,51,110,59,0.4636363636363636,-0.7627700713964739
26846,66,137,71,0.48175182481751827,-0.42717882885838043
26847,53,132,79,0.4015151515151515,-2.263009527424072
26848,66,120,54,0.55,1.0954451150103321
26849,51,102,51,0.5,0.0
26850,30,70,40,0.42857142857142855,-1.1952286093343936
26851,25,61,36,0.4098360655737705,-1.4084056792618558
26852,26,51,25,0.5098039215686274,0.14002800840280097
26853,37,82,45,0.45121951219512196,-0.8834522085987723
26854,57,132,75,0.4318181818181818,-1.5666989036012806
26855,75,134,59,0.5597014925373134,1.3821894809301762
26856,58,102,44,0.5686274509803921,1.3862065601673441
26857,59,109,50,0.5412844036697247,0.8620436566990363
26858,54,106,52,0.5094339622641509,0.19425717247145283
26859,47,110,63,0.42727272727272725,-1.5255401427929478
26860,81,149,68,0.5436241610738255,1.0650014966747527
26861,46,97,51,0.4742268041237113,-0.5076730825668095
26862,67,115,48,0.5826086956521739,1.7717591356565963
26863,48,101,53,0.4752475247524752,-0.4975185951049946
26864,44,95,51,0.4631578947368421,-0.7181848464596079
26865,35,68,33,0.5147058823529411,0.24253562503633297
26866,44,69,25,0.6376811594202898,2.287331208629615
26867,31,68,37,0.45588235294117646,-0.7276068751089989
26868,49,108,59,0.4537037037037037,-0.9622504486493763
26869,32,73,41,0.4383561643835616,-1.0533703247651751
26870,50,91,41,0.5494505494505495,0.9434563530497265
26871,57,104,47,0.5480769230769231,0.9805806756909202
26872,54,97,43,0.5567010309278351,1.116880781646981
26873,73,135,62,0.5407407407407407,0.9467292624062575
26874,83,151,68,0.5496688741721855,1.2206826881567392
26875,50,115,65,0.43478260869565216,-1.3987572123604708
26876,39,82,43,0.47560975609756095,-0.44172610429938614
26877,48,105,57,0.45714285714285713,-0.8783100656536799
26878,72,121,49,0.5950413223140496,2.090909090909091
26879,44,83,39,0.5301204819277109,0.5488212999484517
26880,35,78,43,0.44871794871794873,-0.9058216273156765
26881,35,64,29,0.546875,0.75
26886,74,137,63,0.5401459854014599,0.939793423488437
26887,80,153,73,0.5228758169934641,0.5659164584181103
26888,68,141,73,0.48226950354609927,-0.42107596053325946
26889,49,111,62,0.44144144144144143,-1.2339053944782488
26890,60,137,77,0.43795620437956206,-1.4524080181184935
26891,80,155,75,0.5161290322580645,0.4016096644512494
26892,78,139,61,0.5611510791366906,1.4419211804559506
26893,28,61,33,0.45901639344262296,-0.6401843996644799
26894,42,81,39,0.5185185185185185,0.3333333333333333
26895,37,76,39,0.4868421052631579,-0.22941573387056174
26896,42,81,39,0.5185185185185185,0.3333333333333333
26897,56,120,64,0.4666666666666667,-0.7302967433402214
26898,20,52,32,0.38461538461538464,-1.6641005886756874
26899,33,71,38,0.4647887323943662,-0.5933908290969266
26902,36,71,35,0.5070422535211268,0.11867816581938533
26903,71,148,77,0.4797297297297297,-0.4931969619160719
26904,37,72,35,0.5138888888888888,0.23570226039551587
26905,53,86,33,0.6162790697674418,2.156655464068768
26906,28,50,22,0.56,0.848528137423857
26907,33,68,35,0.4852941176470588,-0.24253562503633297
26908,34,61,27,0.5573770491803278,0.8962581595302719
26909,35,71,36,0.49295774647887325,-0.11867816581938533
26910,31,67,36,0.4626865671641791,-0.6108472217815261
26911,30,67,37,0.44776119402985076,-0.8551861104941365
26913,46,77,31,0.5974025974025974,1.709408646894569
26914,32,85,53,0.3764705882352941,-2.27776980709589
26971,31,58,27,0.5344827586206896,0.5252257314388902
26972,27,75,48,0.36,-2.424871130596428
26973,38,67,29,0.5671641791044776,1.099524999206747
26975,20,50,30,0.4,-1.414213562373095
26976,45,76,31,0.5921052631578947,1.6059101370939322
26978,37,61,24,0.6065573770491803,1.6644794391276478
26979,51,90,39,0.5666666666666667,1.2649110640673518
26980,34,74,40,0.4594594594594595,-0.6974858324629157
26981,56,103,47,0.5436893203883495,0.8867963503478639
26982,41,67,26,0.6119402985074627,1.8325416653445783
26983,45,94,49,0.4787234042553192,-0.41256849850351734
26985,60,109,49,0.5504587155963303,1.0536089137432665
26986,63,138,75,0.45652173913043476,-1.0215078369104984
26987,32,58,26,0.5517241379310345,0.7878385971583353
26994,30,57,27,0.5263157894736842,0.39735970711951313
26995,30,62,32,0.4838709677419355,-0.254000254000381
26996,43,83,40,0.5180722891566265,0.329292779969071
26998,30,51,21,0.5882352941176471,1.2602520756252087
27010,28,62,34,0.45161290322580644,-0.762000762001143
27028,35,77,42,0.45454545454545453,-0.7977240352174656
27029,31,76,45,0.40789473684210525,-1.6059101370939322
27030,36,84,48,0.42857142857142855,-1.3093073414159544
27031,40,78,38,0.5128205128205128,0.22645540682891913
27032,57,100,43,0.57,1.4
27033,60,126,66,0.47619047619047616,-0.5345224838248488
27034,44,80,36,0.55,0.8944271909999159
27035,28,53,25,0.5283018867924528,0.4120816918460671
27046,36,62,26,0.5806451612903226,1.270001270001905
27048,21,53,32,0.39622641509433965,-1.5109662034355793
27049,40,90,50,0.4444444444444444,-1.0540925533894598
27050,29,59,30,0.4915254237288136,-0.13018891098082389
27051,41,90,49,0.45555555555555555,-0.8432740427115678
27052,45,90,45,0.5,0.0
27053,47,105,58,0.44761904761904764,-1.0734900802433864
27054,53,99,46,0.5353535353535354,0.7035264706814485
27055,50,89,39,0.5617977528089888,1.1659976680069961
27056,41,106,65,0.3867924528301887,-2.331086069657434
27057,42,76,34,0.5526315789473685,0.917662935482247
27058,39,71,32,0.5492957746478874,0.8307471607356973
27099,60,100,40,0.6,2.0
27100,53,84,31,0.6309523809523809,2.400396792595916
27101,63,114,51,0.5526315789473685,1.1239029738980328
27102,83,193,110,0.43005181347150256,-1.9435025270214754
27103,81,168,87,0.48214285714285715,-0.4629100498862757
27104,53,116,63,0.45689655172413796,-0.9284766908852594
27105,70,145,75,0.4827586206896552,-0.41522739926869984
27106,34,83,49,0.40963855421686746,-1.6464638998453551
27108,20,50,30,0.4,-1.414213562373095
27109,44,84,40,0.5238095238095238,0.4364357804719848
27110,61,105,44,0.580952380952381,1.6590301240125065
27111,48,96,48,0.5,0.0
27112,46,86,40,0.5348837209302325,0.6469966392206304
27113,64,108,44,0.5925925925925926,1.9245008972987525
27114,42,88,46,0.4772727272727273,-0.42640143271122083
27115,65,146,81,0.4452054794520548,-1.3241694217637887
27116,47,91,44,0.5164835164835165,0.3144854510165755
27117,67,125,58,0.536,0.8049844718999243
27118,49,115,66,0.4260869565217391,-1.5852581740085334
27119,59,104,45,0.5673076923076923,1.3728129459672884
27120,41,81,40,0.5061728395061729,0.1111111111111111
27121,46,96,50,0.4791666666666667,-0.4082482904638631
27122,40,70,30,0.5714285714285714,1.1952286093343936
27123,38,81,43,0.4691358024691358,-0.5555555555555556
27124,48,115,67,0.41739130434782606,-1.7717591356565963
27125,45,100,55,0.45,-1.0
27126,38,89,51,0.42696629213483145,-1.3779972440082682
27127,45,92,47,0.4891304347826087,-0.20851441405707477
27128,49,96,47,0.5104166666666666,0.20412414523193154
27129,52,106,54,0.49056603773584906,-0.19425717247145283
27130,82,173,91,0.47398843930635837,-0.684257329142735
27131,42,71,29,0.5915492957746479,1.5428161556520092
27132,42,84,42,0.5,0.0
27133,68,131,63,0.5190839694656488,0.43685202833051895
27134,52,94,42,0.5531914893617021,1.0314212462587933
27135,37,79,42,0.46835443037974683,-0.562543950463012
27136,25,51,26,0.49019607843137253,-0.14002800840280097
27137,30,62,32,0.4838709677419355,-0.254000254000381
27138,27,60,33,0.45,-0.7745966692414834
27141,41,76,35,0.5394736842105263,0.6882472016116852
27142,68,132,64,0.5151515151515151,0.3481553119113957
27143,63,138,75,0.45652173913043476,-1.0215078369104984
27144,48,118,70,0.4067796610169492,-2.0252641593763117
27145,62,139,77,0.4460431654676259,-1.2722833945199565
27146,67,129,62,0.5193798449612403,0.4402254531628119
27147,44,96,52,0.4583333333333333,-0.8164965809277261
27148,37,76,39,0.4868421052631579,-0.22941573387056174
27149,23,51,28,0.45098039215686275,-0.7001400420140048
27150,26,60,34,0.43333333333333335,-1.0327955589886444
27151,25,50,25,0.5,0.0
27152,34,77,43,0.44155844155844154,-1.0256451881367414
27153,33,82,49,0.4024390243902439,-1.7669044171975445
27154,30,50,20,0.6,1.414213562373095
27155,42,91,49,0.46153846153846156,-0.7337993857053429
27157,31,60,29,0.5166666666666667,0.2581988897471611
27158,37,78,41,0.47435897435897434,-0.45291081365783825
27159,49,85,36,0.5764705882352941,1.4100479758212652
27160,36,65,29,0.5538461538461539,0.8682431421244593
27161,24,63,39,0.38095238095238093,-1.889822365046136
27162,24,52,28,0.46153846153846156,-0.5547001962252291
27164,36,81,45,0.4444444444444444,-1.0
27165,35,70,35,0.5,0.0
27167,31,57,26,0.543859649122807,0.6622661785325219
27169,56,93,37,0.6021505376344086,1.970208219987808
27170,30,60,30,0.5,0.0
27227,37,74,37,0.5,0.0
27228,32,60,28,0.5333333333333333,0.5163977794943222
27229,29,54,25,0.5370370370370371,0.5443310539518174
27234,32,58,26,0.5517241379310345,0.7878385971583353
27235,26,55,29,0.4727272727272727,-0.40451991747794525
27237,37,77,40,0.4805194805194805,-0.3418817293789138
27238,28,54,26,0.5185185185185185,0.2721655269759087
27239,41,79,38,0.5189873417721519,0.3375263702778072
27241,62,117,55,0.5299145299145299,0.647150228929434
27242,44,75,31,0.5866666666666667,1.5011106998930268
27248,27,59,32,0.4576271186440678,-0.6509445549041194
27250,29,65,36,0.4461538461538462,-0.8682431421244593
27252,17,51,34,0.3333333333333333,-2.3804761428476167
27261,30,54,24,0.5555555555555556,0.816496580927726
27286,29,55,26,0.5272727272727272,0.40451991747794525
27287,33,80,47,0.4125,-1.5652475842498528
27288,37,88,51,0.42045454545454547,-1.4924050144892729
27289,50,102,52,0.49019607843137253,-0.19802950859533489
27290,60,111,51,0.5405405405405406,0.8542421961772492
27292,32,61,29,0.5245901639344263,0.3841106397986879
27302,25,57,32,0.43859649122807015,-0.9271726499455306
27305,52,90,38,0.5777777777777777,1.4757295747452437
27306,60,104,44,0.5769230769230769,1.5689290811054724
27307,29,53,24,0.5471698113207547,0.6868028197434451
27308,35,88,53,0.3977272727272727,-1.9188064472004938
27309,51,98,47,0.5204081632653061,0.40406101782088427
27310,42,92,50,0.45652173913043476,-0.8340576562282991
27311,56,127,71,0.4409448818897638,-1.3310347641241707
27312,56,115,59,0.48695652173913045,-0.27975144247209416
27313,54,112,58,0.48214285714285715,-0.3779644730092272
27314,32,66,34,0.48484848484848486,-0.24618298195866545
27356,34,80,46,0.425,-1.3416407864998738
27357,56,114,58,0.49122807017543857,-0.1873171623163388
27358,110,221,111,0.497737556561086,-0.06726727939963124
27359,92,161,69,0.5714285714285714,1.8126539343499315
27360,56,110,54,0.509090909090909,0.19069251784911848
27361,73,150,77,0.4866666666666667,-0.32659863237109044
27362,75,149,74,0.5033557046979866,0.08192319205190406
27363,41,82,41,0.5,0.0
27364,37,72,35,0.5138888888888888,0.23570226039551587
27365,42,104,62,0.40384615384615385,-1.9611613513818404
27366,39,88,49,0.4431818181818182,-1.0660035817780522
27367,49,116,67,0.4224137931034483,-1.671258043593467
27368,48,110,62,0.43636363636363634,-1.3348476249438292
27369,35,73,38,0.4794520547945205,-0.3511234415883917
27370,59,110,51,0.5363636363636364,0.7627700713964739
27371,42,80,38,0.525,0.4472135954999579
27372,57,130,73,0.43846153846153846,-1.403292830891247
27373,31,62,31,0.5,0.0
27374,81,182,101,0.44505494505494503,-1.4824986333222023
27375,40,89,49,0.449438202247191,-0.953998092005724
27376,37,85,48,0.43529411764705883,-1.193117518002609
27377,55,114,59,0.4824561403508772,-0.3746343246326776
27378,37,80,43,0.4625,-0.6708203932499369
27379,41,62,21,0.6612903225806451,2.54000254000381
27380,62,119,57,0.5210084033613446,0.4583492485141057
27381,54,98,44,0.5510204081632653,1.0101525445522108
27382,44,90,46,0.4888888888888889,-0.21081851067789195
27383,43,92,49,0.4673913043478261,-0.6255432421712244
27384,34,83,49,0.40963855421686746,-1.6464638998453551
27385,46,96,50,0.4791666666666667,-0.4082482904638631
27386,43,92,49,0.4673913043478261,-0.6255432421712244
27387,38,88,50,0.4318181818181818,-1.2792042981336627
27388,31,53,22,0.5849056603773585,1.2362450755382013
27389,36,81,45,0.4444444444444444,-1.0
27390,69,157,88,0.4394904458598726,-1.516365080488482
27391,30,65,35,0.46153846153846156,-0.6201736729460423
27392,29,52,23,0.5576923076923077,0.8320502943378437
27393,28,56,28,0.5,0.0
27394,21,52,31,0.40384615384615385,-1.386750490563073
27398,55,101,46,0.5445544554455446,0.8955334711889903
27399,41,81,40,0.5061728395061729,0.1111111111111111
27400,45,84,39,0.5357142857142857,0.6546536707079772
27401,77,141,64,0.5460992907801419,1.0947974973864747
27402,80,148,68,0.5405405405405406,0.9863939238321437
27403,74,144,70,0.5138888888888888,0.3333333333333333
27404,49,95,46,0.5157894736842106,0.30779350562554625
27405,27,59,32,0.4576271186440678,-0.6509445549041194
27406,29,56,27,0.5178571428571429,0.2672612419124244
27407,28,54,26,0.5185185185185185,0.2721655269759087
27408,41,76,35,0.5394736842105263,0.6882472016116852
27409,34,63,29,0.5396825396825397,0.629940788348712
27410,23,54,31,0.42592592592592593,-1.0886621079036347
27411,45,89,44,0.5056179775280899,0.105999788000636
27414,25,59,34,0.423728813559322,-1.171700198827415
27415,35,86,51,0.4069767441860465,-1.7253243712550146
27416,36,70,34,0.5142857142857142,0.23904572186687872
27417,40,75,35,0.5333333333333333,0.5773502691896257
27421,33,64,31,0.515625,0.25
27426,30,68,38,0.4411764705882353,-0.9701425001453319
27484,57,115,58,0.4956521739130435,-0.09325048082403138
27485,24,55,31,0.43636363636363634,-0.9438798074485389
27490,41,74,33,0.5540540540540541,0.9299811099505543
27491,41,75,34,0.5466666666666666,0.808290376865476
27493,46,86,40,0.5348837209302325,0.6469966392206304
27494,33,65,32,0.5076923076923077,0.12403473458920847
27495,39,81,42,0.48148148148148145,-0.3333333333333333
27496,47,87,40,0.5402298850574713,0.7504787743864564
27497,25,56,31,0.44642857142857145,-0.8017837257372732
27498,51,103,52,0.49514563106796117,-0.09853292781642932
27505,22,56,34,0.39285714285714285,-1.6035674514745464
27506,31,56,25,0.5535714285714286,0.8017837257372732
27517,24,50,26,0.48,-0.282842712474619
27541,39,78,39,0.5,0.0
27542,35,60,25,0.5833333333333334,1.2909944487358056
27544,41,78,37,0.5256410256410257,0.45291081365783825
27545,47,97,50,0.4845360824742268,-0.30460384954008574
27560,27,65,38,0.4153846153846154,-1.3643820804812932
27561,50,113,63,0.4424778761061947,-1.2229371288986763
27562,33,69,36,0.4782608695652174,-0.3611575592573076
27563,41,80,39,0.5125,0.22360679774997896
27564,39,75,36,0.52,0.3464101615137754
27565,57,114,57,0.5,0.0
27566,68,116,48,0.5862068965517241,1.8569533817705188
27567,53,120,67,0.44166666666666665,-1.2780193008453875
27568,87,144,57,0.6041666666666666,2.5
27569,62,106,44,0.5849056603773585,1.7483145522430754
27570,27,53,26,0.5094339622641509,0.13736056394868904
27612,28,63,35,0.4444444444444444,-0.8819171036881969
27613,71,128,57,0.5546875,1.2374368670764582
27614,93,162,69,0.5740740740740741,1.8856180831641267
27615,55,106,51,0.5188679245283019,0.38851434494290565
27616,57,119,62,0.4789915966386555,-0.4583492485141057
27617,75,160,85,0.46875,-0.7905694150420948
27618,67,110,43,0.6090909090909091,2.2883102141894214
27619,39,86,47,0.45348837209302323,-0.8626621856275073
27620,35,86,51,0.4069767441860465,-1.7253243712550146
27621,46,85,39,0.5411764705882353,0.7592566023652966
27622,30,53,23,0.5660377358490566,0.9615239476408232
27623,44,92,48,0.4782608695652174,-0.41702882811414954
27624,34,70,36,0.4857142857142857,-0.23904572186687872
27625,39,73,34,0.5342465753424658,0.5852057359806528
27626,60,115,55,0.5217391304347826,0.4662524041201569
27627,55,112,57,0.49107142857142855,-0.1889822365046136
27628,49,91,42,0.5384615384615384,0.7337993857053429
27629,39,74,35,0.527027027027027,0.46499055497527714
27630,55,116,61,0.47413793103448276,-0.5570860145311556
27631,43,96,53,0.4479166666666667,-1.0206207261596576
27632,52,98,46,0.5306122448979592,0.6060915267313265
27633,45,89,44,0.5056179775280899,0.105999788000636
27634,40,81,41,0.49382716049382713,-0.1111111111111111
27635,33,75,42,0.44,-1.0392304845413263
27636,86,170,84,0.5058823529411764,0.15339299776947407
27637,72,126,54,0.5714285714285714,1.6035674514745464
27638,43,85,42,0.5058823529411764,0.10846522890932808
27639,62,107,45,0.5794392523364486,1.643452031377628
27640,26,53,27,0.49056603773584906,-0.13736056394868904
27641,33,64,31,0.515625,0.25
27642,44,86,42,0.5116279069767442,0.21566554640687682
27643,47,88,41,0.5340909090909091,0.6396021490668313
27644,34,70,36,0.4857142857142857,-0.23904572186687872
27645,72,106,34,0.6792452830188679,3.690886276957604
27646,42,77,35,0.5454545454545454,0.7977240352174656
27652,31,53,22,0.5849056603773585,1.2362450755382013
27653,34,51,17,0.6666666666666666,2.3804761428476167
27654,46,104,58,0.4423076923076923,-1.1766968108291043
27655,47,86,39,0.5465116279069767,0.8626621856275073
27656,26,51,25,0.5098039215686274,0.14002800840280097
27657,60,116,56,0.5172413793103449,0.3713906763541037
27658,67,139,72,0.48201438848920863,-0.4240944648399855
27659,45,83,38,0.5421686746987951,0.7683498199278324
27660,79,161,82,0.4906832298136646,-0.23643312187173018
27661,32,64,32,0.5,0.0
27662,29,62,33,0.46774193548387094,-0.508000508000762
27663,31,60,29,0.5166666666666667,0.2581988897471611
27664,33,66,33,0.5,0.0
27666,35,73,38,0.4794520547945205,-0.3511234415883917
27667,47,94,47,0.5,0.0
27668,22,54,32,0.4074074074074074,-1.3608276348795434
27671,45,102,57,0.4411764705882353,-1.1881770515720091
27672,23,52,29,0.4423076923076923,-0.8320502943378437
27739,25,58,33,0.43103448275862066,-1.0504514628777804
27740,57,105,48,0.5428571428571428,0.8783100656536799
27746,31,61,30,0.5081967213114754,0.12803687993289598
27747,31,65,34,0.47692307692307695,-0.3721042037676254
27749,33,70,37,0.4714285714285714,-0.47809144373375745
27751,49,79,30,0.620253164556962,2.1376670117594454
27752,50,105,55,0.47619047619047616,-0.4879500364742666
27753,25,50,25,0.5,0.0
27760,35,73,38,0.4794520547945205,-0.3511234415883917
27762,32,61,29,0.5245901639344263,0.3841106397986879
27773,37,74,37,0.5,0.0
27774,22,50,28,0.44,-0.848528137423857
27777,26,57,31,0.45614035087719296,-0.6622661785325219
27797,37,70,33,0.5285714285714286,0.47809144373375745
27798,45,86,41,0.5232558139534884,0.43133109281375365
27801,50,103,53,0.4854368932038835,-0.29559878344928797
27802,35,72,37,0.4861111111111111,-0.23570226039551587
27807,29,53,24,0.5471698113207547,0.6868028197434451
27817,35,85,50,0.4117647058823529,-1.6269784336399213
27818,56,114,58,0.49122807017543857,-0.1873171623163388
27819,29,60,31,0.48333333333333334,-0.2581988897471611
27820,42,77,35,0.5454545454545454,0.7977240352174656
27821,51,104,53,0.49038461538461536,-0.19611613513818404
27822,40,82,42,0.4878048780487805,-0.22086305214969307
27823,39,81,42,0.48148148148148145,-0.3333333333333333
27824,36,63,27,0.5714285714285714,1.1338934190276817
27825,67,120,53,0.5583333333333333,1.2780193008453875
27826,49,91,42,0.5384615384615384,0.7337993857053429
27870,54,106,52,0.5094339622641509,0.19425717247145283
27871,44,86,42,0.5116279069767442,0.21566554640687682
27872,20,51,31,0.39215686274509803,-1.5403080924308108
27874,35,87,52,0.40229885057471265,-1.8225913092242512
27875,58,132,74,0.4393939393939394,-1.3926212476455828
27876,35,74,39,0.47297297297297297,-0.46499055497527714
27877,28,67,39,0.417910447761194,-1.3438638879193574
27879,32,63,31,0.5079365079365079,0.1259881576697424
27880,30,65,35,0.46153846153846156,-0.6201736729460423
27881,24,53,29,0.4528301886792453,-0.6868028197434451
27882,29,61,32,0.47540983606557374,-0.3841106397986879
27883,38,81,43,0.4691358024691358,-0.5555555555555556
27884,35,68,33,0.5147058823529411,0.24253562503633297
27885,25,56,31,0.44642857142857145,-0.8017837257372732
27886,41,77,36,0.5324675324675324,0.5698028822981898
27887,32,58,26,0.5517241379310345,0.7878385971583353
27888,51,95,44,0.5368421052631579,0.7181848464596079
27889,33,75,42,0.44,-1.0392304845413263
27890,56,105,49,0.5333333333333333,0.6831300510639733
27891,38,67,29,0.5671641791044776,1.099524999206747
27892,64,127,63,0.5039370078740157,0.08873565094161139
27893,51,96,45,0.53125,0.6123724356957946
27894,36,67,31,0.5373134328358209,0.6108472217815261
27895,34,63,29,0.5396825396825397,0.629940788348712
27896,47,95,48,0.49473684210526314,-0.10259783520851541
27897,28,71,43,0.39436619718309857,-1.7801724872907798
27898,31,64,33,0.484375,-0.25
27899,48,98,50,0.4897959183673469,-0.20203050891044214
27900,62,105,43,0.5904761904761905,1.8542101386022132
27901,42,80,38,0.525,0.4472135954999579
27902,35,73,38,0.4794520547945205,-0.3511234415883917
27909,39,66,27,0.5909090909090909,1.4770978917519928
27910,60,119,59,0.5042016806722689,0.09166984970282113
27911,50,104,54,0.4807692307692308,-0.3922322702763681
27912,30,65,35,0.46153846153846156,-0.6201736729460423
27913,38,71,33,0.5352112676056338,0.5933908290969266
27914,62,112,50,0.5535714285714286,1.1338934190276817
27915,55,106,51,0.5188679245283019,0.38851434494290565
27916,52,95,43,0.5473684210526316,0.9233805168766388
27917,59,122,63,0.48360655737704916,-0.3621429841700741
27919,34,73,39,0.4657534246575342,-0.5852057359806528
27923,39,75,36,0.52,0.3464101615137754
27925,17,50,33,0.34,-2.262741699796952
27926,35,64,29,0.546875,0.75
27927,30,52,22,0.5769230769230769,1.1094003924504583
27996,50,97,47,0.5154639175257731,0.30460384954008574
27997,38,88,50,0.4318181818181818,-1.2792042981336627
28003,30,59,29,0.5084745762711864,0.13018891098082389
28008,49,117,68,0.4188034188034188,-1.756550621379892
28009,49,88,39,0.5568181818181818,1.0660035817780522
28016,30,65,35,0.46153846153846156,-0.6201736729460423
28017,34,60,26,0.5666666666666667,1.0327955589886444
28029,20,57,37,0.3508771929824561,-2.2517050070105746
28053,29,59,30,0.4915254237288136,-0.13018891098082389
28054,28,58,30,0.4827586206896552,-0.2626128657194451
28062,24,52,28,0.46153846153846156,-0.5547001962252291
28073,41,87,46,0.47126436781609193,-0.5360562674188973
28074,36,82,46,0.43902439024390244,-1.1043152607484654
28075,44,92,48,0.4782608695652174,-0.41702882811414954
28076,36,69,33,0.5217391304347826,0.3611575592573076
28077,40,86,46,0.46511627906976744,-0.6469966392206304
28078,27,53,26,0.5094339622641509,0.13736056394868904
28079,40,75,35,0.5333333333333333,0.5773502691896257
28080,34,76,42,0.4473684210526316,-0.917662935482247
28081,56,95,39,0.5894736842105263,1.744163198544762
28082,41,91,50,0.45054945054945056,-0.9434563530497265
28126,28,62,34,0.45161290322580644,-0.762000762001143
28130,55,95,40,0.5789473684210527,1.5389675281277313
28131,41,87,46,0.47126436781609193,-0.5360562674188973
28132,31,58,27,0.5344827586206896,0.5252257314388902
28138,34,59,25,0.576271186440678,1.171700198827415
28139,32,58,26,0.5517241379310345,0.7878385971583353
28143,30,59,29,0.5084745762711864,0.13018891098082389
28144,37,90,53,0.4111111111111111,-1.6865480854231356
28145,54,125,71,0.432,-1.520526224699857
28146,59,108,49,0.5462962962962963,0.9622504486493763
28147,43,84,41,0.5119047619047619,0.2182178902359924
28148,42,91,49,0.46153846153846156,-0.7337993857053429
28150,29,61,32,0.47540983606557374,-0.3841106397986879
28151,29,63,34,0.4603174603174603,-0.629940788348712
28152,36,55,19,0.6545454545454545,2.292279532375023
28153,25,62,37,0.4032258064516129,-1.524001524002286
28154,26,56,30,0.4642857142857143,-0.5345224838248488
28155,38,78,40,0.48717948717948717,-0.22645540682891913
28156,29,58,29,0.5,0.0
28157,35,62,27,0.5645161290322581,1.016001016001524
28165,43,103,60,0.4174757281553398,-1.6750597728792984
28166,33,76,43,0.4342105263157895,-1.1470786693528088
28167,29,62,33,0.46774193548387094,-0.508000508000762
28168,39,81,42,0.48148148148148145,-0.3333333333333333
28169,30,74,44,0.40540540540540543,-1.62746694241347
28170,45,71,26,0.6338028169014085,2.254885150568321
28171,52,110,58,0.4727272727272727,-0.5720775535473553
28172,51,102,51,0.5,0.0
28173,28,64,36,0.4375,-1.0
28178,29,51,22,0.5686274509803921,0.9801960588196068
28181,16,54,38,0.2962962962962963,-2.9938207967349952
28252,49,98,49,0.5,0.0
28263,50,106,56,0.4716981132075472,-0.5827715174143585
28264,61,116,55,0.5258620689655172,0.5570860145311556
28267,24,55,31,0.43636363636363634,-0.9438798074485389
28272,25,51,26,0.49019607843137253,-0.14002800840280097
28274,29,56,27,0.5178571428571429,0.2672612419124244
28279,31,60,29,0.5166666666666667,0.2581988897471611
28285,25,57,32,0.43859649122807015,-0.9271726499455306
28302,25,51,26,0.49019607843137253,-0.14002800840280097
28309,35,79,44,0.4430379746835443,-1.0125791108334214
28327,25,51,26,0.49019607843137253,-0.14002800840280097
28328,33,61,28,0.5409836065573771,0.6401843996644799
28330,30,51,21,0.5882352941176471,1.2602520756252087
28331,36,83,47,0.43373493975903615,-1.2074068598865937
28332,44,101,57,0.43564356435643564,-1.2935483472729858
28334,29,65,36,0.4461538461538462,-0.8682431421244593
28336,24,50,26,0.48,-0.282842712474619
28337,54,97,43,0.5567010309278351,1.116880781646981
28338,47,92,45,0.5108695652173914,0.20851441405707477
28401,40,97,57,0.41237113402061853,-1.7260884807271526
28402,54,101,47,0.5346534653465347,0.6965260331469925
28403,49,84,35,0.5833333333333334,1.5275252316519468
28406,26,50,24,0.52,0.282842712474619
28407,25,60,35,0.4166666666666667,-1.2909944487358056
28408,24,57,33,0.42105263157894735,-1.1920791213585393
28412,28,59,31,0.4745762711864407,-0.39056673294247163
28413,28,52,24,0.5384615384615384,0.5547001962252291
28422,29,56,27,0.5178571428571429,0.2672612419124244
28426,30,55,25,0.5454545454545454,0.674199862463242
28427,38,66,28,0.5757575757575758,1.2309149097933272
28428,55,102,47,0.5392156862745098,0.7921180343813395
28429,20,62,42,0.3225806451612903,-2.794002794004191
28430,27,56,29,0.48214285714285715,-0.2672612419124244
28508,42,71,29,0.5915492957746479,1.5428161556520092
28509,25,60,35,0.4166666666666667,-1.2909944487358056
28518,28,60,32,0.4666666666666667,-0.5163977794943222
28520,34,79,45,0.43037974683544306,-1.2375966910186262
28522,28,62,34,0.45161290322580644,-0.762000762001143
28525,30,54,24,0.5555555555555556,0.816496580927726
28531,42,81,39,0.5185185185185185,0.3333333333333333
28535,50,83,33,0.6024096385542169,1.865992419824736
28574,24,57,33,0.42105263157894735,-1.1920791213585393
28584,33,67,34,0.4925373134328358,-0.12216944435630522
28587,28,77,49,0.36363636363636365,-2.393172105652397
28588,41,72,31,0.5694444444444444,1.1785113019775793
28592,35,73,38,0.4794520547945205,-0.3511234415883917
28593,28,56,28,0.5,0.0
28657,31,55,24,0.5636363636363636,0.9438798074485389
28658,51,94,43,0.5425531914893617,0.8251369970070347
28767,19,54,35,0.35185185185185186,-2.1773242158072694
28776,42,81,39,0.5185185185185185,0.3333333333333333
28778,21,55,34,0.38181818181818183,-1.7529196424044293
28780,37,69,32,0.5362318840579711,0.601929265428846
28781,34,57,23,0.5964912280701754,1.4569855927715483
28791,33,59,26,0.559322033898305,0.9113223768657671
28815,26,54,28,0.48148148148148145,-0.2721655269759087
28831,30,60,30,0.5,0.0
28833,32,58,26,0.5517241379310345,0.7878385971583353
28840,54,110,56,0.4909090909090909,-0.19069251784911848
28841,32,75,43,0.4266666666666667,-1.2701705922171767
28843,38,86,48,0.4418604651162791,-1.078327732034384
28844,27,61,34,0.4426229508196721,-0.8962581595302719
29035,27,56,29,0.48214285714285715,-0.2672612419124244
29037,29,59,30,0.4915254237288136,-0.13018891098082389
29044,29,59,30,0.4915254237288136,-0.13018891098082389
29049,22,53,31,0.41509433962264153,-1.2362450755382013
29089,37,66,29,0.5606060606060606,0.9847319278346618
29095,25,50,25,0.5,0.0
29096,50,101,51,0.49504950495049505,-0.09950371902099892
29097,18,51,33,0.35294117647058826,-2.100420126042015
29098,31,55,24,0.5636363636363636,0.9438798074485389
29099,54,109,55,0.4954128440366973,-0.09578262852211514
29102,47,88,41,0.5340909090909091,0.6396021490668313
29285,18,56,38,0.32142857142857145,-2.6726124191242437
29312,27,54,27,0.5,0.0
29313,34,72,38,0.4722222222222222,-0.47140452079103173
29317,25,52,27,0.4807692307692308,-0.2773500981126146
29335,28,59,31,0.4745762711864407,-0.39056673294247163
29345,33,59,26,0.559322033898305,0.9113223768657671
29346,73,128,55,0.5703125,1.590990257669732
29353,47,83,36,0.5662650602409639,1.2074068598865937
29355,38,70,32,0.5428571428571428,0.7171371656006361
29358,64,124,60,0.5161290322580645,0.3592106040535498
29359,27,60,33,0.45,-0.7745966692414834
29545,30,55,25,0.5454545454545454,0.674199862463242
29568,32,54,22,0.5925925925925926,1.3608276348795434
29572,31,54,23,0.5740740740740741,1.0886621079036347
29584,19,60,41,0.31666666666666665,-2.840187787218772
29589,43,83,40,0.5180722891566265,0.329292779969071
29595,34,62,28,0.5483870967741935,0.762000762001143
29601,61,129,68,0.4728682170542636,-0.6163156344279367
29602,20,57,37,0.3508771929824561,-2.2517050070105746
29608,36,68,32,0.5294117647058824,0.48507125007266594
29609,30,58,28,0.5172413793103449,0.2626128657194451
29614,36,69,33,0.5217391304347826,0.3611575592573076
29615,43,79,36,0.5443037974683544,0.7875615306482168
29824,26,51,25,0.5098039215686274,0.14002800840280097
29829,30,55,25,0.5454545454545454,0.674199862463242
29840,28,59,31,0.4745762711864407,-0.39056673294247163
29841,32,71,39,0.4507042253521127,-0.8307471607356973
29846,38,79,41,0.4810126582278481,-0.3375263702778072
29847,35,63,28,0.5555555555555556,0.8819171036881969
29851,28,54,26,0.5185185185185185,0.2721655269759087
29857,23,54,31,0.42592592592592593,-1.0886621079036347
29865,31,53,22,0.5849056603773585,1.2362450755382013
29866,32,60,28,0.5333333333333333,0.5163977794943222
29867,36,73,37,0.4931506849315068,-0.11704114719613057
29870,21,52,31,0.40384615384615385,-1.386750490563073
29871,48,91,43,0.5274725274725275,0.5241424183609592
29872,37,70,33,0.5285714285714286,0.47809144373375745
30049,29,63,34,0.4603174603174603,-0.629940788348712
30084,22,62,40,0.3548387096774194,-2.286002286003429
30095,41,85,44,0.4823529411764706,-0.32539568672798425
30101,22,53,31,0.41509433962264153,-1.2362450755382013
30102,45,88,43,0.5113636363636364,0.21320071635561041
30106,28,69,41,0.4057971014492754,-1.5650160901149996
30107,29,52,23,0.5576923076923077,0.8320502943378437
30112,23,68,45,0.3382352941176471,-2.6678918753996625
30114,22,51,29,0.43137254901960786,-0.9801960588196068
30122,39,67,28,0.582089552238806,1.3438638879193574
30123,28,56,28,0.5,0.0
30126,33,68,35,0.4852941176470588,-0.24253562503633297
30127,35,59,24,0.5932203389830508,1.4320780207890627
30128,34,56,22,0.6071428571428571,1.6035674514745464
30350,31,58,27,0.5344827586206896,0.5252257314388902
30351,42,85,43,0.49411764705882355,-0.10846522890932808
30352,33,68,35,0.4852941176470588,-0.24253562503633297
30353,51,82,31,0.6219512195121951,2.208630521496931
30357,31,55,24,0.5636363636363636,0.9438798074485389
30363,25,60,35,0.4166666666666667,-1.2909944487358056
30368,24,56,32,0.42857142857142855,-1.0690449676496976
30369,32,75,43,0.4266666666666667,-1.2701705922171767
30377,23,51,28,0.45098039215686275,-0.7001400420140048
30379,31,56,25,0.5535714285714286,0.8017837257372732
30382,31,59,28,0.5254237288135594,0.39056673294247163
30383,28,64,36,0.4375,-1.0
30606,44,98,54,0.4489795918367347,-1.0101525445522108
30607,29,69,40,0.42028985507246375,-1.3242443839434612
30608,28,61,33,0.45901639344262296,-0.6401843996644799
30624,48,101,53,0.4752475247524752,-0.4975185951049946
30625,35,64,29,0.546875,0.75
30632,27,51,24,0.5294117647058824,0.42008402520840293
30635,33,63,30,0.5238095238095238,0.3779644730092272
30639,28,65,37,0.4307692307692308,-1.116312611302876
30862,56,118,62,0.4745762711864407,-0.552344770738994
30863,63,111,48,0.5675675675675675,1.4237369936287485
30882,28,55,27,0.509090909090909,0.13483997249264842
30886,24,50,26,0.48,-0.282842712474619
30891,32,62,30,0.5161290322580645,0.254000254000381
30892,48,92,44,0.5217391304347826,0.41702882811414954
30893,21,50,29,0.42,-1.131370849898476
30894,24,50,26,0.48,-0.282842712474619
31118,57,109,52,0.5229357798165137,0.47891314261057566
31119,51,96,45,0.53125,0.6123724356957946
31123,40,71,31,0.5633802816901409,1.0681034923744679
31128,19,52,33,0.36538461538461536,-1.9414506867883021
31137,26,55,29,0.4727272727272727,-0.40451991747794525
31142,27,51,24,0.5294117647058824,0.42008402520840293
31143,31,58,27,0.5344827586206896,0.5252257314388902
31144,27,64,37,0.421875,-1.25
31148,29,80,51,0.3625,-2.4596747752497685
31150,29,59,30,0.4915254237288136,-0.13018891098082389
31374,32,60,28,0.5333333333333333,0.5163977794943222
31375,48,103,55,0.46601941747572817,-0.6897304947150052
31376,29,62,33,0.46774193548387094,-0.508000508000762
31379,45,75,30,0.6,1.7320508075688772
31380,33,73,40,0.4520547945205479,-0.819288030372914
31400,43,86,43,0.5,0.0
31401,43,85,42,0.5058823529411764,0.10846522890932808
31405,38,90,52,0.4222222222222222,-1.4757295747452437
31406,32,61,29,0.5245901639344263,0.3841106397986879
31623,24,52,28,0.46153846153846156,-0.5547001962252291
31630,43,76,33,0.5657894736842105,1.1470786693528088
31631,57,100,43,0.57,1.4
31635,23,57,34,0.40350877192982454,-1.4569855927715483
31636,35,70,35,0.5,0.0
31640,24,50,26,0.48,-0.282842712474619
31641,35,63,28,0.5555555555555556,0.8819171036881969
31655,36,65,29,0.5538461538461539,0.8682431421244593
31656,41,82,41,0.5,0.0
31657,34,50,16,0.68,2.545584412271571
31659,36,89,53,0.4044943820224719,-1.801996396010812
31660,43,80,37,0.5375,0.6708203932499369
31662,39,65,26,0.6,1.61245154965971
31663,38,62,24,0.6129032258064516,1.778001778002667
31880,24,55,31,0.43636363636363634,-0.9438798074485389
31887,33,67,34,0.4925373134328358,-0.12216944435630522
31888,30,58,28,0.5172413793103449,0.2626128657194451
31891,26,57,31,0.45614035087719296,-0.6622661785325219
31892,22,61,39,0.36065573770491804,-2.1766269588592317
31896,28,51,23,0.5490196078431373,0.7001400420140048
31897,28,51,23,0.5490196078431373,0.7001400420140048
31912,38,71,33,0.5352112676056338,0.5933908290969266
31913,26,51,25,0.5098039215686274,0.14002800840280097
31916,31,93,62,0.3333333333333333,-3.2145502536643185
31917,29,63,34,0.4603174603174603,-0.629940788348712
31919,38,71,33,0.5352112676056338,0.5933908290969266
32136,44,80,36,0.55,0.8944271909999159
32143,33,56,23,0.5892857142857143,1.3363062095621219
32144,33,56,23,0.5892857142857143,1.3363062095621219
32147,29,57,28,0.5087719298245614,0.13245323570650439
32167,28,67,39,0.417910447761194,-1.3438638879193574
32168,35,81,46,0.43209876543209874,-1.2222222222222223
32171,31,62,31,0.5,0.0
32172,27,65,38,0.4153846153846154,-1.3643820804812932
32392,35,71,36,0.49295774647887325,-0.11867816581938533
32400,37,63,26,0.5873015873015873,1.3858697343671664
32424,41,70,29,0.5857142857142857,1.4342743312012722
