#        weight    minuslogpost            logA             nnu              ns           ombh2           omch2             tau    theta_MC_100        A_planck         amp_143         amp_217     amp_143x217           n_143           n_217       n_143x217           calTE           calEE              As              H0          sigma8          omegam              S8      delta_neff             age       chi2__CMB   minuslogprior minuslogprior__0            chi2 chi2__planck_NPIPE_highl_CamSpec.TTTEEE chi2__planck_2018_lowl.TT chi2__planck_2018_lowl.EE chi2__planck_2018_lensing.clik
              1       5935.7393       3.0407103       3.4134506      0.96679593     0.022427977      0.12032264     0.054995795       1.0409668        1.000156       10.632063       20.967605       12.114808       1.0573755       1.0304823       1.2898649       0.9838047      0.98729572   2.0920096e-09       71.595599      0.79984356      0.27974531      0.77237077      0.36745059       13.419999       11857.667       6.9056328        6.9056328       11857.667                               11418.352                 23.583076                 396.09602                      19.636493
              3       5848.9932       3.0430326       3.4174495      0.96948646     0.022468714      0.12013758     0.056309375       1.0413354       1.0007211       13.305846       22.357223        13.65936      0.86605104       1.1254002        1.118642      0.98859696      0.99412915   2.0968738e-09       71.873268       0.8009818      0.27730862      0.77009394      0.37144951       13.400506       11686.688       5.6493333        5.6493333       11686.688                               11246.397                 23.020444                 396.26075                      21.009986
              1       5831.6548       3.0429262       3.4167415      0.96932992     0.022466137      0.12020918     0.056110954        1.041336       1.0007364       13.678683       21.506666        13.19762      0.71990034       1.1315898      0.93532217      0.98180112      0.99668655   2.0966505e-09       71.836682      0.80117448       0.2777249      0.77085713      0.37074148        13.40178       11650.231       6.5395301        6.5395301       11650.231                                11210.21                 23.050848                  396.2293                      20.740834
              2       5729.1606       3.0455013       3.4167415      0.96811761     0.022466137      0.12020918     0.056110954        1.041336       1.0004791       15.750547       22.071361       13.322331      0.67953385      0.82300776      0.73884115      0.98957197       1.0061423   2.1020567e-09       71.836682      0.80181676       0.2777249       0.7714751      0.37074148        13.40178       11447.249       5.5359763        5.5359763       11447.249                               11008.958                 23.544803                 396.27877                      18.467819
              1       5679.4603       3.0448012       3.4167415      0.97227158     0.022466137      0.12020918     0.056110954        1.041336       1.0009925         16.8406       21.058981       13.315235      0.73700854      0.93767922      0.79971398      0.98503728      0.99633341   2.1005856e-09       71.836682      0.80287371       0.2777249      0.77249206      0.37074148        13.40178       11346.819        6.050697         6.050697       11346.819                               10908.646                 22.555565                 396.22615                      19.391402
              1       5673.1418       3.0448696        3.415617      0.97229239     0.022463209       0.1202094     0.056182822       1.0413458       1.0009893       16.960552       20.900837        13.12834      0.85772594       1.0066249      0.90965038      0.98901843      0.99713716   2.1007292e-09       71.824326      0.80296489      0.27781521      0.77270538      0.36961699       13.402883       11335.269       5.5075028        5.5075028       11335.269                               10897.105                 22.546529                 396.24863                      19.368302
              3       5655.4701       3.0442883       3.3744726      0.97061169     0.022332193       0.1206007      0.05516436       1.0414968       1.0013262       17.113155       20.286692       12.734766      0.97375062      0.91931586      0.95301986      0.98969167       1.0001652   2.0995083e-09        71.14045      0.80554515      0.28369649      0.78335071       0.3284726       13.453549       11300.025       5.4574076        5.4574076       11300.025                               10864.431                 22.713403                 396.13403                      16.746994
              1       5623.8366        3.044042       3.3519644      0.96955572     0.022251862      0.12072324     0.055186759       1.0415096        1.001225       19.754673       21.987008       14.006362      0.97571685      0.91350579      0.80319332      0.99675962       1.0024755   2.0989914e-09       70.769301      0.80659307      0.28676425      0.78859926      0.30596437       13.483832       11237.696       4.9884366        4.9884366       11237.696                               10803.007                 22.825911                 396.18175                      15.681861
              1        5583.556       3.0451917       3.3137335        0.967023     0.022283543      0.12214939     0.056761305       1.0415484      0.99917204        21.07099        21.87853       15.560068      0.82989217      0.78497855      0.67237774      0.99936265       0.9989321   2.1014059e-09       69.853698      0.81215455      0.29731866      0.80851696      0.26773346       13.523863       11157.416       4.8478295        4.8478295       11157.416                               10725.331                 23.258162                  396.5899                      12.237471
              4        5553.825       3.0439914       3.3137335       0.9691073     0.022283543      0.12214939     0.056761305       1.0415484      0.99912712       21.454484       20.971408       15.595768      0.64489286      0.67554711      0.66618696       0.9967094       0.9951149   2.0988852e-09       69.853698      0.81233178      0.29731866       0.8086934      0.26773346       13.523863       11097.611       5.0196686        5.0196686       11097.611                               10665.515                 22.746448                 396.58497                      12.764202
              1       5542.1291       3.0421769       3.2620544      0.96647037     0.022394056      0.12216369       0.0564156       1.0414452      0.99860038       20.511123       19.576641       14.507535      0.39261779       0.5322982      0.48838196       0.9910569      0.99220138   2.0950801e-09       69.308197      0.81182877      0.30227709      0.81490395      0.21605437       13.567463       11072.966       5.6459573        5.6459573       11072.966                               10641.767                 23.169957                 396.49281                      11.536327
              1       5536.0528       3.0415864       3.2691359      0.96655797     0.022436269      0.12188744      0.05615329       1.0413535      0.99865522       20.562177       19.620744        14.49942      0.33791955      0.65106686      0.46519112      0.98951533      0.99552505   2.0938434e-09       69.492269      0.81022645      0.30019323      0.81048733      0.22313591       13.557728       11060.946       5.5796964        5.5796964       11060.946                               10629.395                 23.195857                 396.41083                      11.944834
              2       5534.8295       3.0412107       3.2191183      0.96631249     0.022438488      0.12182496     0.054899717       1.0417321        0.999756       20.820191        18.45886        13.82956      0.22960529      0.42682396      0.14658273      0.98544957      0.99331657   2.0930568e-09       69.064855      0.81162785      0.30379393      0.81674383      0.17311833       13.596215       11057.515       6.0719333        6.0719333       11057.515                               10627.082                 23.111515                 396.17539                      11.145915
              1       5529.5753       3.0425144       3.1988691      0.96733426     0.022445032      0.12142556     0.056680704       1.0419117      0.99951801       21.295829       18.210994       14.294103      0.15303656       0.4067596      0.21602598      0.98507987      0.98981856   2.0957873e-09        69.03677      0.81188988      0.30321689      0.81623121      0.15286905       13.608993        11046.28       6.4351993        6.4351993        11046.28                                10615.52                 22.858327                 396.52519                      11.376371
              5       5528.9523       3.0438267       3.1988691      0.96705236     0.022445032      0.12142556     0.056680704       1.0419117      0.99976665       20.787831       17.742065       13.469656      0.25523086      0.37054789      0.22235073      0.99002396      0.99222436   2.0985395e-09        69.03677      0.81233401      0.30321689      0.81667771      0.15286905       13.608993       11046.726       5.5895201        5.5895201       11046.726                               10616.188                 22.973421                  396.5445                      11.020092
              2       5523.6025       3.0460339       3.1988691      0.96463266     0.022445032      0.12142556     0.056680704       1.0419117      0.99989109       21.577364       18.567346       14.824304       0.3084437      0.58847093      0.50112167      0.99303126      0.99269546   2.1031764e-09        69.03677      0.81246886      0.30321689      0.81681329      0.15286905       13.608993       11036.613       5.2958008        5.2958008       11036.613                               10606.043                 23.645308                 396.60665                      10.318708
              1       5518.7347       3.0479636       3.1988691      0.96671983     0.022445032      0.12142556     0.056680704       1.0419117       1.0009621        22.37064       19.567153       15.277317      0.33826802      0.61089228      0.39020415      0.99347227      0.99477005    2.107239e-09        69.03677      0.81391109      0.30321689      0.81826323      0.15286905       13.608993       11027.051        5.209123         5.209123       11027.051                               10597.083                 23.170026                 396.56634                      10.231657
              2       5516.4194       3.0463088       3.2294906      0.96618522     0.022402288       0.1213106     0.054955907       1.0416402        1.000311       21.674001       18.777349       14.352946      0.28742046      0.47501579      0.34538141      0.99386286      0.99614262   2.1037546e-09       69.305008      0.81169074      0.30054595      0.81242898      0.18349058       13.589905       11022.727        5.055711         5.055711       11022.727                               10592.886                  23.52204                 396.21262                      10.106864
              2       5517.8825       3.0455102       3.2526046      0.96510225      0.02240258        0.121859     0.053964197       1.0414215      0.99984782       21.836238       19.331178       14.515011      0.17139205      0.55839816      0.29520441      0.99452719       1.0039852   2.1020754e-09       69.305245       0.8119654      0.30168624      0.81424415      0.20660459        13.57547       11025.733       5.0162758        5.0162758       11025.733                               10596.054                 23.851783                 396.01604                      9.8106409
              1       5513.0302       3.0451579       3.2269307      0.96380547     0.022363277      0.12209518     0.053907855       1.0414332      0.99977046       21.641582       19.224722       14.324131      0.32114828      0.50052424      0.31243328      0.99644336       1.0011329    2.101335e-09       68.895385      0.81314573      0.30570116      0.82083582      0.18093066       13.605772       11016.342       4.8591353        4.8591353       11016.342                               10586.853                 24.024104                 396.03472                      9.4305815
              3       5510.4992       3.0456147       3.2277433      0.96366838     0.022425662      0.12230995      0.05469055       1.0413993      0.99922357       22.197758       19.333353       14.727155      0.23932834      0.58985375      0.33397737      0.99535349      0.99852716   2.1022951e-09       68.870639      0.81368297      0.30650521      0.82245763      0.18174332       13.600645       11011.094       4.9522783        4.9522783       11011.094                               10581.463                 24.069025                 396.19403                      9.3674404
              3       5511.7912       3.0450878       3.2271707      0.96332391     0.022466282      0.12232138     0.054255083       1.0413537      0.99985737       22.004963       19.005098        14.61451      0.25047606      0.53338739      0.32989887       0.9953399       1.0039973   2.1011876e-09       68.878815      0.81320568      0.30654217      0.82202475      0.18117072       13.598572       11013.632       4.9753558        4.9753558       11013.632                                10583.93                 24.065293                  396.1458                      9.4902041
              1       5512.8413       3.0452576       3.2338481      0.96377516     0.022472128      0.12214145      0.05456684       1.0413344        1.000606       22.616577       19.383892       15.099266       0.2522747      0.54919389      0.29381826      0.99463706       1.0042559   2.1015443e-09       69.017547      0.81257994       0.3049456      0.81925038       0.1878481       13.591116       11015.585       5.0489988        5.0489988       11015.585                               10585.616                 23.860693                 396.16995                      9.9378357
              2       5518.3206       3.0451938       3.2475659      0.96393254     0.022475453      0.12218555      0.05437269       1.0412769       1.0005697       22.555948       20.090911       15.668162       0.2850428      0.53997747      0.30745064      0.99519344       1.0063639   2.1014104e-09       69.144211      0.81227199      0.30392856      0.81757312       0.2015659       13.578918       11026.383       5.1292296        5.1292296       11026.383                               10596.328                 23.875668                 396.13498                      10.044036
              6       5519.7311       3.0456294       3.2475659      0.96388786     0.022475453      0.12218555      0.05437269       1.0412769       1.0007167       21.982705       19.301555       15.260385      0.12049885      0.59751724      0.36122791      0.98845898      0.99999223   2.1023258e-09       69.144211       0.8124348      0.30392856      0.81773699       0.2015659       13.578918       11028.478       5.4923204        5.4923204       11028.478                               10598.467                 23.897513                 396.13246                      9.9805497
              1       5511.7743       3.0487261       3.2475659      0.96472729     0.022475453      0.12218555      0.05437269       1.0412769       1.0019744       22.538386       19.292218       15.245331      0.20891324      0.50489109      0.30082825      0.98888277       1.0024445   2.1088462e-09       69.144211      0.81395893      0.30392856      0.81927107       0.2015659       13.578918       11012.059       5.7449436        5.7449436       11012.059                                10582.51                 23.749655                 396.13713                      9.6618918
              3       5510.6147       3.0485085       3.2475659      0.96505926     0.022475453      0.12218555      0.05437269       1.0412769       1.0025199       23.246591       19.628657       15.687314      0.29062673      0.46032233      0.33071124      0.99263745       1.0046472   2.1083874e-09       69.144211      0.81397532      0.30392856      0.81928756       0.2015659       13.578918       11009.885       5.6722487        5.6722487       11009.885                               10580.275                 23.572124                 396.12738                      9.9102935
              9        5507.269       3.0482323       3.2332778      0.96394978     0.022390422      0.12253934     0.053928628        1.041288       1.0024535       23.674747       19.789633       15.704541      0.28206989      0.46401891      0.27701733      0.98989408       1.0023293   2.1078051e-09       68.786818      0.81547226        0.307663      0.82582152      0.18727783        13.60282       11002.929       5.8046117        5.8046117       11002.929                               10573.618                 23.744641                 396.05602                      9.5102861
              3       5511.0449       3.0487057       3.2272361      0.96433636     0.022329411      0.12254621     0.053926887       1.0414195       1.0027943       24.390802       19.469699       15.727547      0.12147776      0.40686757      0.11684915      0.98655946      0.99432693   2.1088033e-09       68.707797      0.81636322       0.3082564      0.82752068      0.18123612       13.611102       11009.142       6.4740538        6.4740538       11009.142                               10579.945                 23.614411                 396.06246                      9.5200493
              3       5504.6261       3.0481144        3.240216      0.96405509     0.022310353      0.12259171     0.053237765       1.0413122       1.0028183       24.556698       19.381306       15.790966      0.47743048      0.36154786      0.32310798      0.98929791      0.99694362   2.1075567e-09       68.789367      0.81577652      0.30758166      0.82602043        0.194216        13.60332       10997.172       6.0400535        6.0400535       10997.172                               10567.924                 23.724321                 395.99955                      9.5245328
              5       5504.4231       3.0478875       3.2373681      0.96397274     0.022313847       0.1225034     0.053102946       1.0413053       1.0033061       24.629203       19.261811       15.800245      0.45163751      0.48171844      0.37778087      0.98690392      0.99534045   2.1070786e-09       68.787959      0.81543208        0.307415      0.82544795      0.19136806       13.605667       10995.595       6.6257503        6.6257503       10995.595                               10566.293                 23.672645                 395.98275                      9.6463794
              4       5504.5342       3.0496018       3.3258961      0.96696367     0.022478581      0.12289784       0.0533318       1.0412349       1.0030879       25.477834       20.185896       16.510919      0.49022502      0.58754895       0.4552992       0.9897867      0.99565513   2.1106939e-09       69.788296      0.81498012      0.29981336      0.81472657      0.27989605       13.504994        10996.74       6.1640103        6.1640103        10996.74                               10566.917                  23.35567                 395.93809                      10.529305
              3       5503.4712       3.0496352       3.3274904      0.96705072     0.022474119      0.12287412     0.053348879       1.0412342       1.0031099       25.835914       20.180732        16.89197      0.46071411      0.66277028      0.50183511      0.99505857      0.99886307   2.1107644e-09        69.81103      0.81491246      0.29956029      0.81431503      0.28149041       13.503782       10995.567        5.687541         5.687541       10995.567                               10565.704                 23.340412                 395.94967                      10.573331
              1       5504.0879       3.0493513       3.3271877      0.96676403     0.022471659      0.12288004     0.053182767       1.0411919       1.0030595       26.231521       20.639016       17.466422      0.57363049      0.62977787      0.63144206      0.99772642       1.0023521   2.1101652e-09       69.788843      0.81470624      0.29975791      0.81437745      0.28118767       13.505585       10997.001       5.5876184        5.5876184       10997.001                                10567.15                 23.402756                 395.92585                       10.52163
              1       5505.7709       3.0497542       3.2613576       0.9654479     0.022243466      0.12293373     0.053669252       1.0414776        1.003429       26.299522       20.216909       17.143619      0.59992863      0.59732359      0.59862362      0.99825685       1.0030843   2.1110154e-09       68.913643      0.81780873      0.30705262      0.82736571      0.21535757       13.585345       10999.965       5.7886714        5.7886714       10999.965                               10570.748                  23.38459                 396.03321                      9.7988023
              2       5508.2657       3.0545196       3.2613576      0.96085696     0.022243466      0.12293373     0.053669252       1.0414776       1.0043633       26.815931        20.72619        17.22481      0.57679422      0.63240314      0.50271879      0.99760749       1.0039436   2.1210994e-09       68.913643      0.81830279      0.30705262      0.82786555      0.21535757       13.585345       11003.702       6.4146803        6.4146803       11003.702                                10573.76                 24.712071                 396.14685                      9.0835166
              1       5508.4712       3.0544914        3.226464      0.96043733      0.02230587      0.12264504     0.054554279       1.0415519       1.0042076       26.357008       20.128526       16.799733      0.59548785      0.76072413       0.6310782      0.99810936      0.99990017   2.1210394e-09       68.689498       0.8180649      0.30858023      0.82968106        0.180464       13.610717       11004.503        6.219507         6.219507       11004.503                               10574.529                 24.703828                 396.25465                       9.015739
              1       5507.9319       3.0541061       3.2093653      0.95922502     0.022305599      0.12304685     0.054161162       1.0415572       1.0039166        25.88132       19.857174       16.514408       0.6024101      0.74101351      0.65994541      0.99649541      0.99739006   2.1202225e-09       68.353935      0.81935652      0.31247684      0.83622126      0.16336528       13.629397       11003.648       6.1079161        6.1079161       11003.648                               10573.524                 24.963078                 396.23018                      8.9309343
              3       5507.3815       3.0563431       3.2093653      0.96313234     0.022305599      0.12304685     0.054161162       1.0415572       1.0052198       25.423975       18.643236       15.668831      0.40517988      0.39380225      0.30856448      0.99490164       1.0003649   2.1249708e-09       68.353935      0.82150595      0.31247684      0.83841492      0.16336528       13.629397       11000.572       7.0955594        7.0955594       11000.572                               10571.364                 23.958852                 396.16152                      9.0871605
              3       5507.2576       3.0564471       3.2052273      0.96285945     0.022310231      0.12317711     0.054359576       1.0415551        1.005284       24.782608       18.270282       15.351996      0.42243384      0.49731497      0.37413011      0.99064463      0.99675323   2.1251917e-09       68.264279      0.82198759      0.31358763      0.84039623      0.15922725        13.63368       10999.497       7.5092527        7.5092527       10999.497                               10570.222                 23.964837                 396.19028                      9.1190725
              1       5506.7705       3.0565439       3.2124599       0.9630633     0.022315182      0.12322986     0.054264945       1.0415528       1.0047408       24.636108       18.179319       15.228512      0.41982747      0.50663174      0.39893099      0.99115965       0.9973525   2.1253974e-09       68.332763      0.82202741      0.31308296      0.83976039      0.16645994        13.62619       10999.523        7.009081         7.009081       10999.523                               10570.184                 24.036545                 396.18838                      9.1139886
              2       5508.9287       3.0563983        3.217874      0.96361066     0.022447519      0.12309243     0.054101339       1.0415683       1.0044059       25.017973       18.636028       15.222858      0.47817927       0.3529854      0.27730829      0.99400693      0.99418495    2.125088e-09       68.559745      0.82100294      0.31100251      0.83592253      0.17187402       13.606571       11004.484       6.6868555        6.6868555       11004.484                               10575.274                 24.051091                 396.14582                      9.0123655
              1       5506.6278       3.0565246        3.217874      0.96377367     0.022447519      0.12309243     0.054101339       1.0415683       1.0043859       24.517564        17.86837       14.673719      0.55967109      0.60592967      0.48010244       0.9927426       0.9958774   2.1253564e-09       68.559745      0.82110643      0.31100251      0.83602791      0.17187402       13.606571       10999.911       6.6724731        6.6724731       10999.911                                10570.72                 24.025876                 396.14582                      9.0188916
              1       5504.5449       3.0587458       3.2892455      0.96537557     0.022531507      0.12364711      0.05639966       1.0413221       1.0029421       24.136498       18.608301       15.330062      0.68319697      0.82720694      0.76966338      0.99798533       0.9974252   2.1300825e-09       69.177721      0.82164364      0.30680542      0.83091077      0.24324555       13.536556       10998.027       5.5311592        5.5311592       10998.027                               10568.498                 23.887089                  396.5951                      9.0470649
              2       5506.5381       3.0567724       3.2892455      0.96743695     0.022531507      0.12364711      0.05639966       1.0413221       1.0021763       23.688085       17.653357        14.02635      0.54872822       0.7814332      0.66573925      0.99482413      0.99300271   2.1258831e-09       69.177721      0.82149349      0.30680542      0.83075893      0.24324555       13.536556        11001.99       5.5429008        5.5429008        11001.99                               10572.854                 23.387171                 396.55365                      9.1954334
              2       5501.9859       3.0556071       3.3277651      0.96802244      0.02263641      0.12295521     0.056248758       1.0409801       1.0021697       24.548813       17.780945       14.701636      0.47004358      0.65244311      0.49723099      0.99796407       1.0011327   2.1234072e-09       69.837023      0.81701984      0.29983638      0.81679701      0.28176513       13.495288       10993.594       5.1890167        5.1890167       10993.594                               10564.181                 23.402916                 396.42938                      9.5805873
              4       5501.3188       3.0556228       3.3277651      0.96845487      0.02263641      0.12295521     0.056248758       1.0409801       1.0009645       24.188868       17.348372       14.265067      0.55730278      0.66364814      0.55692653       1.0002301      0.99937766   2.1234407e-09       69.837023       0.8171652      0.29983638      0.81694233      0.28176513       13.495288       10992.914       4.8618707        4.8618707       10992.914                               10563.731                 23.492161                 396.43795                      9.2522338
              1       5500.7432       3.0556189       3.3279043      0.96858911      0.02264602      0.12283078     0.056418187       1.0409685       1.0009593       24.011133       17.352286        14.29011      0.60957692      0.68230093      0.63510488       1.0004586      0.99785448   2.1234324e-09       69.886703      0.81673681      0.29917514      0.81561322      0.28190425       13.494016       10991.721       4.8829438        4.8829438       10991.721                               10562.485                 23.468273                 396.45599                      9.3111029
              1       5501.5911       3.0559074       3.3101416      0.96897888     0.022608763      0.12262333     0.056472536       1.0411377       1.0014373       23.786202       17.261989       13.798459      0.61696282      0.57732322      0.47520973      0.99883464      0.99922531   2.1240451e-09       69.780495        0.817129      0.29958399      0.81656224      0.26414165       13.509401       10993.262       4.9603229        4.9603229       10993.262                               10564.149                 23.314228                 396.46957                      9.3284188
              1         5498.37       3.0517711       3.3101416      0.97167383     0.022608763      0.12262333     0.056472536       1.0411377       1.0004757       23.211785       17.034349       13.686946      0.56736869      0.62012925      0.53154451      0.99701943      0.99786138   2.1152774e-09       69.780495      0.81630498      0.29958399       0.8157388      0.26414165       13.509401       10986.999       4.8706464        4.8706464       10986.999                               10557.983                 22.606785                 396.41847                      9.9901357
              2       5498.9077       3.0494237       3.3101416       0.9721233     0.022608763      0.12262333     0.056472536       1.0411377      0.99949051       22.438995       16.793454       13.292101      0.52220294      0.67150683      0.53901248      0.99642959      0.99494029   2.1103179e-09       69.780495      0.81549163      0.29958399      0.81492601      0.26414165       13.509401        10987.82       4.9977631        4.9977631        10987.82                               10558.663                 22.496156                 396.40779                      10.252606
              1       5499.8639       3.0491073       3.3308986      0.97264111     0.022700026        0.122708     0.055563435       1.0411192       0.9997043       22.218849       16.850132       13.461181      0.56931155      0.66297342      0.58952045      0.99705559       0.9945224   2.1096503e-09       70.062715      0.81479543      0.29753375      0.81143937       0.2848986       13.480815       10989.756        4.985618         4.985618       10989.756                               10560.655                 22.498448                 396.19082                      10.412629
              1       5499.9547        3.049121       3.3283525      0.97263684     0.022705086       0.1226852     0.055626177       1.0411292      0.99970526       22.540099       16.942003        13.63017      0.57899417      0.60665762      0.56249639      0.99828194      0.99574002   2.1096793e-09       70.049038      0.81478785      0.29761379      0.81154095      0.28235252       13.482435       10990.114          4.8977           4.8977       10990.114                               10561.026                 22.492906                 396.18774                      10.407384
              1       5502.3979        3.049597       3.3329569      0.97397024        0.022667      0.12225879     0.055683929       1.0412591       1.0001826       22.477044       16.944679       13.270494      0.58172381      0.59060376      0.49227868       1.0008934       0.9988013   2.1106836e-09       70.265476      0.81410139      0.29484233      0.80707294      0.28695691       13.476025       10995.198       4.7990976        4.7990976       10995.198                               10565.862                 22.275577                 396.20007                      10.859787
              6       5506.9777       3.0496382       3.3327642      0.97398754       0.0226666      0.12226663     0.055713491       1.0412642       1.0001953       21.103116       16.504999       12.710246      0.51089061      0.49454813      0.46918768      0.99808423      0.99642925   2.1107705e-09       70.261866      0.81416225      0.29488772      0.80719539      0.28676419       13.476139       11004.215       4.8704078        4.8704078       11004.215                               10574.857                 22.269339                 396.22522                      10.862745
              2       5504.9665       3.0496569       3.3152667      0.97368171     0.022587692      0.12216939     0.055840316       1.0413284       1.0003983       21.323627       16.018065        12.75762      0.45076313      0.52275879      0.38827107      0.99581379      0.99816011   2.1108102e-09       70.047864      0.81465804      0.29633329       0.8096642       0.2692667       13.498889       11000.128       4.9024934        4.9024934       11000.128                               10570.901                 22.247445                 396.26699                      10.712466
              3       5504.9472       3.0494085       3.3152667       0.9749363     0.022587692      0.12216939     0.055840316       1.0413284       1.0006926       21.368938       16.016424        12.74471      0.44361642      0.50327359      0.35678408      0.99530409      0.99803746   2.1102858e-09       70.047864      0.81496046      0.29633329      0.80996477       0.2692667       13.498889       10999.988       4.9531429        4.9531429       10999.988                               10570.861                 21.978127                 396.19964                      10.949378
              1       5503.3997       3.0498614       3.3229819      0.97490154     0.022723074      0.12230311     0.057092281       1.0412092      0.99980682       21.230634       16.152485       13.092799      0.46112816      0.68049977      0.60269464       0.9939677      0.99358415   2.1112419e-09        70.16479      0.81468176      0.29589308      0.80908615      0.27698187       13.481989       10996.447       5.1759985        5.1759985       10996.447                               10566.958                 22.026183                 396.42227                      11.040933
              1       5502.2048       3.0495971       3.3332394      0.97482746     0.022743057      0.12238122     0.056740575       1.0411459      0.99896761       21.157652        16.23428       13.021676      0.47042051      0.67794132      0.57557204      0.99543686      0.99597583   2.1106839e-09       70.251518        0.814365      0.29536169      0.80804501       0.2872394       13.472094       10994.298       5.0556014        5.0556014       10994.298                               10565.077                 22.170246                 396.36431                      10.687247
              3       5502.5608       3.0487338       3.3332394      0.97883613     0.022743057      0.12238122     0.056740575       1.0411459       0.9993962        21.20638       15.656614       12.492552      0.46490559      0.63825768      0.47196422      0.99405055      0.99402139   2.1088626e-09       70.251518      0.81530857      0.29536169      0.80898126       0.2872394       13.472094       10994.781       5.1701184        5.1701184       10994.781                               10565.827                 21.429171                 396.29607                      11.229319
              1       5501.5678       3.0482091       3.3342094       0.9785824     0.022660677      0.12227069     0.056097138       1.0411121      0.99951694       21.102174       15.566347       12.443114      0.49253259      0.59881555      0.46463572      0.99582183       0.9972908   2.1077563e-09       70.219779      0.81493239      0.29523753      0.80843802       0.2882094       13.479758        10993.28       4.9279059        4.9279059        10993.28                               10564.429                 21.473167                 396.22218                      11.155436
              7       5502.0213       3.0474644       3.3741067      0.97805613     0.022731064      0.12257156     0.055652314       1.0407799      0.99879355       21.373449       15.860276       11.767665      0.69088668      0.90830928      0.78437123        0.997306      0.99771856   2.1061871e-09        70.52146      0.81368412      0.29346347      0.80477084      0.32810666       13.444648       10994.115       4.9640096        4.9640096       10994.115                               10565.014                 21.663634                 396.12917                      11.307936
              2       5503.7146       3.0470352       3.3452282      0.97749413     0.022672118       0.1222163     0.055816275       1.0408229       1.0004427       22.135183       16.954486       12.854364      0.75084168      0.76456206       0.6402075       1.0007416       1.0015534   2.1052834e-09       70.277175      0.81328151      0.29466852      0.80602245      0.29922816       13.475987       10997.798       4.8157456        4.8157456       10997.798                               10568.105                 21.511269                 396.18081                      12.000178
              1       5503.0897       3.0469975       3.3461801      0.97752081     0.022668894       0.1222065     0.055734289       1.0408229       1.0004847       22.468731       16.676399       13.206367      0.75906587       1.0761619       1.0245793      0.99703326       1.0013582    2.105204e-09       70.288949      0.81322653      0.29454345       0.8057969      0.30018013       13.475324       10996.465       4.8572837        4.8572837       10996.465                               10566.802                 21.509655                 396.13265                      12.020935
              1       5500.4691       3.0514874       3.3461801      0.97142322     0.022668894       0.1222065     0.055734289       1.0408229       1.0009648       21.966363       16.504708       12.891485      0.77962481       1.0939872       1.0717015      0.99687314      0.99997533   2.1146775e-09       70.288949      0.81308808      0.29454345      0.80565972      0.30018013       13.475324       10991.121       4.9086179        4.9086179       10991.121                               10561.518                 22.784581                 396.25886                      10.559275
              3       5503.9116       3.0520104       3.3461801      0.97167161     0.022668894       0.1222065     0.055734289       1.0408229       1.0011968       21.350227       15.551416        12.62939      0.92556379        1.158869       1.2689443       0.9937909      0.99168804   2.1157838e-09       70.288949      0.81338064      0.29454345      0.80594961      0.30018013       13.475324       10996.947       5.4380584        5.4380584       10996.947                               10567.492                 22.739552                 396.21907                      10.496973
              2       5504.4274       3.0520467       3.3419459      0.97142967     0.022661205      0.12229425     0.055819531       1.0408258       1.0010995       21.152833       15.416719        12.61366      0.93968306       1.1881062        1.319131      0.99356323      0.99193165   2.1158606e-09       70.203072      0.81377705      0.29542694      0.80755082      0.29594595       13.480549       10998.026       5.4146228        5.4146228       10998.026                               10568.634                 22.769773                  396.2645                      10.357127
              3        5508.866       3.0519177       3.3215178      0.97082264     0.022609125      0.12258463      0.05506664       1.0409726       1.0014346       21.667757        16.18276       12.406811       1.0254058      0.96795529       1.0561022      0.99864627      0.98773893   2.1155876e-09       69.869535      0.81547039      0.29874238      0.81375935      0.27551781       13.502788       11006.311       5.7107433        5.7107433       11006.311                               10577.439                 22.820229                 396.19357                       9.857397
              1       5511.4322       3.0526282       3.3215178      0.97068035     0.022609125      0.12258463      0.05506664       1.0409726       1.0020852        21.89699       16.636448        12.95467      0.97747435      0.99736893      0.92737994       1.0016033      0.99039546   2.1170914e-09       69.869535      0.81571449      0.29874238      0.81400293      0.27551781       13.502788        11011.65       5.6071781        5.6071781        11011.65                               10582.741                 22.807697                 396.19357                      9.9078606
              4       5503.6934       3.0515372       3.2713475      0.96913699     0.022609988      0.12232749      0.05489519       1.0410184       1.0009701       20.579164       15.293012       11.654425      0.95770369      0.88679132      0.94882264      0.99823487      0.99089338   2.1147829e-09       69.395628      0.81546772       0.3023044      0.81859367      0.22534754       13.550032       10996.805       5.2907709        5.2907709       10996.805                               10568.297                 23.146365                 396.15402                      9.2074347
              1       5505.0814       3.0535986       3.2713475       0.9713887     0.022609988      0.12232749      0.05489519       1.0410184       1.0021182       20.564482       15.212924       11.582674      0.97407754        0.849179      0.84576797       1.0019737      0.99610623   2.1191467e-09       69.395628      0.81702729       0.3023044      0.82015922      0.22534754       13.550032       10999.684       5.2394762        5.2394762       10999.684                                 10571.7                 22.674848                 396.10551                      9.2038505
              7       5499.0515       3.0539105       3.2629797      0.97082774      0.02256864      0.12237906     0.055923198       1.0409485       1.0019594       20.844129       15.185271        11.64593      0.93272146      0.85285698      0.95344775       1.0026831       1.0006541   2.1198078e-09       69.221636      0.81750441      0.30384737      0.82272979      0.21697973       13.564743       10987.842       5.1305206        5.1305206       10987.842                               10559.586                 22.677161                 396.34343                      9.2357403
              2       5498.0422       3.0549136       3.2629797      0.97127204      0.02256864      0.12237906     0.055923198       1.0409485       1.0028891       21.604448       15.337722       12.107042      0.94349111      0.87032456      0.91238611       0.9985632      0.99822401   2.1219351e-09       69.221636       0.8180563      0.30384737      0.82328519      0.21697973       13.564743       10985.126       5.4791061        5.4791061       10985.126                               10557.004                 22.533613                 396.29421                      9.2943111
              6       5500.0756       3.0542967       3.2912921      0.97112436       0.0225531      0.12286307     0.054090543       1.0408935       1.0031846       21.170107       15.842328       11.693965      0.79882066      0.76017991       0.7308093      0.99677808       0.9989507   2.1206266e-09       69.347162      0.81851486      0.30372251      0.82357743      0.24529211       13.541744       10988.843       5.6539722        5.6539722       10988.843                               10560.928                 22.660568                 396.02175                      9.2331886
              3       5499.0997       3.0480783       3.2912921      0.97335781       0.0225531      0.12286307     0.054090543       1.0408935        1.000781       19.636941       13.983439       10.445028      0.74414502       1.2879411       1.0190497      0.99606182      0.99280573   2.1074805e-09       69.347162      0.81668734      0.30372251       0.8217386      0.24529211       13.541744       10987.859       5.1703848        5.1703848       10987.859                               10559.942                 22.156656                 395.99854                      9.7613707
              3        5497.245       3.0481916       3.2804578      0.97310747     0.022459126      0.12258292     0.054918538       1.0408495       1.0006358       19.219456       14.258426       11.044878       0.9280978       1.3562905       1.5338299      0.99857707      0.99798747   2.1077194e-09        69.22553      0.81641386      0.30401006      0.82185219      0.23445778       13.561937       10984.794       4.8479641        4.8479641       10984.794                               10556.733                 22.133136                 396.09979                      9.8281787
              3       5496.3612       3.0483839       3.2804578      0.97379708     0.022459126      0.12258292     0.054918538       1.0408495       1.0000266       19.026966       14.014124       10.533586      0.86217951       1.3606437        1.293274      0.99671603      0.99403884   2.1081248e-09        69.22553      0.81671243      0.30401006      0.82215275      0.23445778       13.561937       10982.689       5.0169104        5.0169104       10982.689                               10554.842                 22.099417                 396.11031                      9.6370379
              2       5496.8006       3.0480395       3.2681667      0.97337133     0.022279303      0.12233872     0.054646907       1.0408573      0.99988282       19.077683        13.73211       10.087082      0.79893301       1.2193829       1.1228147      0.99555343      0.99840159   2.1073988e-09       69.019997      0.81674172      0.30493326      0.82342967       0.2221667       13.590764       10983.805       4.8979873        4.8979873       10983.805                                10556.03                 22.157451                 396.10307                      9.5151525
              6       5497.9938       3.0481681       3.2681667      0.97246829     0.022279303      0.12233872     0.054646907       1.0408573       0.9997628       19.271911       13.544067       10.153548       0.8312194       1.3637489       1.2289463      0.99388547      0.99648319   2.1076699e-09       69.019997      0.81650706      0.30493326      0.82319309       0.2221667       13.590764        10985.91       5.0385322        5.0385322        10985.91                               10557.993                 22.342728                 396.13343                      9.4412143
              2       5497.5601       3.0483786       3.2524771      0.97135751     0.022240128      0.12245748     0.055982972       1.0407396       1.0005002       19.980999       14.229404       10.759103      0.93750385       1.4456047       1.3514918       1.0002226      0.99702457   2.1081135e-09       68.724187      0.81714627      0.30773248      0.82761022      0.20647708       13.614333       10985.421       4.8497879        4.8497879       10985.421                               10557.066                 22.266161                 396.41382                       9.674645
              2       5496.2029       3.0473093       3.2184056      0.96992006     0.022187783      0.12238573     0.055322275       1.0407539       1.0006744       20.027364        14.79242       11.250487      0.98435136       1.3073503       1.3728073      0.99691474      0.99423405   2.1058605e-09        68.31733      0.81724936      0.31114285      0.83228846      0.17240559       13.653089       10982.335       5.0354663        5.0354663       10982.335                               10554.151                 22.429854                 396.30841                      9.4461049
              2       5494.8273       3.0491183       3.2184056      0.96673965     0.022187783      0.12238573     0.055322275       1.0407539        1.000735       20.516877       14.813803       11.585448       1.0116009       1.3566066        1.402504      0.99867259      0.99795531   2.1096736e-09        68.31733      0.81698834      0.31114285      0.83202264      0.17240559       13.653089       10979.938        4.858182         4.858182       10979.938                               10551.238                 23.181848                 396.37059                       9.147992
              1       5495.3181       3.0492962       3.2285289      0.96705571     0.022192855      0.12238015     0.055442955       1.0407285       1.0006865       21.102285       15.102108       12.326098       1.0425842       1.0898179       1.3091111      0.99826374      0.99894513   2.1100489e-09       68.431636       0.8167995      0.31010318       0.8304394      0.18252887       13.643107       10980.949       4.8435889        4.8435889       10980.949                               10552.214                 23.147061                 396.40936                      9.1781395
              2       5494.4584       3.0480512       3.2351784      0.96702896     0.022354539      0.12193665     0.054917423       1.0405733       1.0009368       21.756359       15.832376          12.732      0.83940279       1.1467093       1.2175534      0.99717056      0.99664132   2.1074235e-09       68.746996      0.81381537      0.30666837      0.82281036      0.18917839       13.623052       10979.013       4.9518942        4.9518942       10979.013                               10550.334                 23.205064                 396.20947                      9.2644833
              4       5493.7443       3.0479743       3.2351784      0.96790963     0.022354539      0.12193665     0.054917423       1.0405733       1.0008153       21.937086       16.253857       13.125807      0.78830407      0.98035482       1.0510985      0.99667173      0.99832119   2.1072614e-09       68.746996      0.81406111      0.30666837      0.82305882      0.18917839       13.623052       10977.673       4.9079143        4.9079143       10977.673                                10549.15                 23.031894                  396.2188                      9.2725222
              2       5493.5898       3.0477953       3.2261373      0.96743202     0.022359567      0.12198266     0.054990137        1.040558       1.0010041       21.890853       16.221261       13.131028      0.79086307      0.98502473        1.061037      0.99581806      0.99724596   2.1068843e-09       68.625368      0.81422305      0.30786476      0.82482678      0.18013731       13.632299       10977.197       4.9912798        4.9912798       10977.197                               10548.641                  23.05461                 396.24019                      9.2607548
              2       5494.0092        3.046497       3.2261373      0.96806901     0.022359567      0.12198266     0.054990137        1.040558       1.0005219       21.609092       15.505968       12.284983      0.71981258      0.96252625      0.88259546      0.99263577      0.99180942   2.1041507e-09       68.625368      0.81389474      0.30786476       0.8244942      0.18013731       13.632299       10977.191       5.4136347        5.4136347       10977.191                               10548.691                 22.899734                  396.2216                      9.3791833
              1        5501.641       3.0474683       3.2213956        0.968636      0.02210363      0.12136136     0.056792007       1.0405347       1.0019797       22.805083       16.436867       13.101162      0.73860126      0.90372123      0.78682613      0.99518781      0.99857815   2.1061955e-09       68.566948      0.81359502       0.3065237      0.82239352      0.17539558       13.660615       10992.833        5.224671         5.224671       10992.833                               10563.456                 22.472924                 396.65653                      10.247233
              2       5501.2256       3.0471595       3.2134614      0.96849652     0.022082134      0.12125227     0.056439498        1.040566       1.0022268       22.780857       16.772758       13.247157      0.79439996       1.0469161      0.89217893      0.99974758       1.0006457   2.1055451e-09       68.506376      0.81341902      0.30678773      0.82256966      0.16746138       13.669392       10992.083       5.1843427        5.1843427       10992.083                               10562.809                 22.477073                 396.59004                      10.206445
              1       5501.9261       3.0493938       3.2134614      0.96461954     0.022082134      0.12125227     0.056439498        1.040566       1.0023109       23.240364       16.869792       13.925837      0.85337757      0.98349329       1.0481527       1.0065744       1.0016496   2.1102549e-09       68.506376      0.81311518      0.30678773       0.8222624      0.16746138       13.669392       10992.968       5.4422122        5.4422122       10992.968                               10563.345                 23.420977                 396.60891                      9.5927208
              1       5499.3396       3.0487171       3.1439345      0.96240408      0.02202387      0.12118496     0.056994724       1.0406509       1.0019825        22.70828       16.068745       13.464235      0.83351767       1.0286499        1.110806       1.0030654      0.99868719   2.1088273e-09       67.706572      0.81431981      0.31380465      0.83284476     0.097934479       13.743274       10988.369       5.1552838        5.1552838       10988.369                               10558.742                 23.669645                 396.86505                       9.091485
              2       5501.3231       3.0483284       3.1433727      0.96433918     0.022070154      0.12036655     0.055659204       1.0408984       1.0035416       23.340073       15.646045       13.191981      0.64238381      0.82138743        0.735758      0.99625543       1.0035667   2.1080077e-09       68.109509      0.81208686      0.30843823      0.82342862     0.097372704        13.72837       10990.801       5.9223996        5.9223996       10990.801                               10561.685                 23.288627                 396.41135                      9.4164949
              1       5501.5937       3.0488108       3.1430428      0.96477737     0.022096677      0.12033284     0.056145832        1.040949        1.003499       23.452369        15.60418       13.234518      0.63603299      0.84107526      0.75307371      0.99673449       1.0026569    2.109025e-09       68.156634      0.81224951      0.30799638      0.82300341     0.097042837       13.724402       10991.481       5.8533166        5.8533166       10991.481                               10562.259                 23.196703                 396.53802                      9.4867729
              2       5503.6181       3.0488849       3.1407575      0.96477086     0.022086124      0.12034865     0.056175869       1.0409691       1.0035249       25.449852       17.283125       15.114482      0.92258386      0.78310079      0.97689927       1.0052411       1.0003042   2.1091811e-09        68.12254      0.81246229      0.30831607      0.82364613     0.094757544       13.727273       10995.402       5.9170384        5.9170384       10995.402                               10566.205                 23.186518                 396.54406                      9.4662359
              1        5499.339       3.0481773       3.1234404      0.96391869     0.022088269      0.12028216     0.055881926         1.04094       1.0035046       23.544717       16.715286       14.147704      0.83639752       1.0341749       1.0540217       1.0011945       1.0055506   2.1076892e-09        67.93695      0.81219878      0.30986349      0.82544266     0.077440416       13.745439        10986.82       5.9290051        5.9290051        10986.82                               10557.732                 23.319844                 396.46883                      9.2993894
              2       5499.2507       3.0484212       3.1234404      0.96283279     0.022088269      0.12028216     0.055881926         1.04094       1.0033814       23.258499       16.437072       13.763833       0.9192634       1.1499873       1.1620599         1.00146       1.0042918   2.1082034e-09        67.93695      0.81196257      0.30986349      0.82520259     0.077440416       13.745439       10986.896       5.8027081        5.8027081       10986.896                               10557.598                 23.599159                 396.50163                      9.1969598
              1       5495.8544       3.0484665       3.1235035      0.96250653     0.022126802      0.12042201     0.056227824       1.0408848       1.0020383       21.899118        16.02975       13.173084      0.90169149       1.1392681       1.2627557       0.9975173      0.99867072    2.108299e-09       67.901752      0.81213013      0.31057169      0.82631555     0.077503485       13.743748       10981.394       5.1572915        5.1572915       10981.394                               10551.992                 23.831893                  396.6261                      8.9446677
              1        5502.198        3.048368       3.1750201      0.96465194     0.022244463      0.11978482     0.056005143       1.0407493       1.0023867       22.917584       15.966031       13.851344      0.62638809      0.94434446      0.89465849      0.99855666      0.99604441   2.1080912e-09       68.778498      0.80843045      0.30160596      0.81059141      0.12902007       13.680439       10993.737        5.329625         5.329625       10993.737                               10564.002                 23.577388                 396.45347                      9.7040657
              7       5498.0505        3.048314       3.1610464      0.96440009     0.022314153      0.12007492     0.055434181       1.0408828       1.0025494       22.606185        16.84483       14.181668      0.62895043      0.75311039       0.7670461      0.99692527      0.99500752   2.1079773e-09       68.615805      0.80956172       0.3038021      0.81467563      0.11504642        13.68507       10985.147       5.4771012        5.4771012       10985.147                               10555.871                 23.617454                 396.29064                      9.3681056
              1       5501.0421       3.0475484        3.170883      0.96400792     0.022333973      0.12029836     0.054141472       1.0408366       1.0045327       22.476196        17.11033       14.114092      0.58557037      0.53401616      0.57493732      0.99414253      0.99802337   2.1063642e-09       68.651874      0.80945406       0.3039991      0.81483135      0.12488304       13.675397       10988.844       6.6199543        6.6199543       10988.844                               10559.482                 23.484504                 396.02434                      9.8533002
              1       5499.2949       3.0473893       3.1655102      0.96368012     0.022323509      0.12033959      0.05405803       1.0408304        1.004472       23.365438       17.154095       14.259727      0.50085312       0.5809014       0.5255942      0.99340287       1.0031136    2.106029e-09       68.563942      0.80962816      0.30484478      0.81613943      0.11951025       13.682284       10985.287       6.6512725        6.6512725       10985.287                               10555.998                 23.540407                 396.02344                      9.7250083
              2        5499.262       3.0480896       3.1655102       0.9622946     0.022323509      0.12033959      0.05405803       1.0408304       1.0044671       23.861221       17.404003       14.471501      0.52859187      0.57556385      0.50817255       1.0012266       1.0046476   2.1075044e-09       68.563942      0.80948162      0.30484478      0.81599171      0.11951025       13.682284        10985.53       6.4971956        6.4971956        10985.53                               10556.045                 23.914858                 396.04441                      9.5248188
              2       5500.5149       3.0477778       3.1864999      0.96230882      0.02235392      0.12042019      0.05373037       1.0406994       1.0043544       24.290899       17.855245       15.368701      0.49600333      0.64549828      0.61411035      0.99635409       1.0042607   2.1068475e-09       68.760478      0.80874796      0.30333941      0.81323674       0.1404999       13.662103       10988.111       6.4593637        6.4593637       10988.111                               10558.422                 23.988882                 396.01026                      9.6900316
              5       5500.3811       3.0487922       3.2072831      0.96384497      0.02235768      0.12038793     0.053962262       1.0408115       1.0048892       24.813045       18.536435       15.872912       0.5240137      0.54547891      0.57273741      0.99833907       1.0037295   2.1089858e-09       69.054861      0.80897817      0.30069888      0.80991991      0.16128314       13.637177         10987.2       6.7809641        6.7809641         10987.2                               10557.295                 23.671409                 396.03627                      10.197898
              3       5500.6483       3.0489452       3.2140046      0.96430937     0.022431236      0.12037227     0.054008102       1.0408286       1.0048885       24.451899       18.652256       15.683634      0.58697414      0.47428173      0.53436919      0.99824652      0.99964498   2.1093084e-09       69.206205       0.8086293      0.29950602      0.80796328      0.16800463       13.622484        10987.87       6.7130555        6.7130555        10987.87                                10557.85                 23.616648                 396.03486                      10.369189
              3       5498.8842       3.0494264       3.1952211      0.96409839     0.022415159      0.12041443     0.054738971       1.0409106       1.0047331       25.474817       18.691374       16.035718      0.47859938      0.55010886      0.51925564      0.99800782      0.99960572   2.1103236e-09       68.986916      0.80961539      0.30146792      0.81159373      0.14922105       13.640868       10984.572       6.5980572        6.5980572       10984.572                               10554.692                 23.583085                 396.17737                      10.119422
              1       5502.0968       3.0493049        3.196087      0.96399797      0.02243297       0.1204271     0.054694544       1.0408866       1.0046678       24.792588       18.052546        15.15791      0.52257081      0.48986261      0.45187628       1.0005884        1.005472   2.1100672e-09       68.999264      0.80945452      0.30142408      0.81137345      0.15008704       13.638983       10990.834       6.6797858        6.6797858       10990.834                               10560.952                 23.615555                 396.15539                      10.111333
              3       5501.8028       3.0494385       3.1561127       0.9624143     0.022403825      0.12097181     0.054943053       1.0410026       1.0039892       24.237593       17.516896       14.709477      0.54737995      0.48897132      0.54494955      0.99808841       1.0015467   2.1103491e-09       68.357003        0.812283       0.3082182      0.82333367      0.11011267       13.681429       10991.429       6.0885616        6.0885616       10991.429                               10562.108                 23.867824                 396.25516                      9.1975694
              2       5496.6531       3.0503275       3.1634251      0.96334107     0.022426935      0.12080808     0.056012139       1.0410335       1.0028848       23.913169       17.133736       14.345841      0.55927043      0.72875504       0.6110548      0.99651484      0.99975758   2.1122261e-09       68.529314      0.81209533      0.30637074      0.82067278      0.11742513       13.670064       10982.282       5.5120661        5.5120661       10982.282                               10552.811                 23.825836                  396.4775                      9.1675308
              1        5497.407       3.0498111       3.1634251      0.96309146     0.022426935      0.12080808     0.056012139       1.0410335        1.002655        24.00834       17.159837       14.353713      0.55809115      0.75066773      0.67298807      0.99622612      0.99880084   2.1111357e-09       68.529314      0.81180794      0.30637074      0.82038236      0.11742513       13.670064       10983.959       5.4275749        5.4275749       10983.959                               10554.409                 23.879422                 396.47231                      9.1977774
              1       5496.3108       3.0496993        3.156208      0.96293808     0.022406556      0.12077176     0.055897339        1.041061       1.0031075        24.27381       17.614749       14.822187      0.59299614      0.68284807       0.6449231      0.99663715      0.99875005   2.1108997e-09       68.450505      0.81190503      0.30695561      0.82126325        0.110208       13.678485       10981.377       5.6221243        5.6221243       10981.377                               10551.857                 23.830248                 396.44801                      9.2417325
              1       5499.5507       3.0491179       3.1702354      0.96273564     0.022436701      0.12124312     0.054121061       1.0410909       1.0028516       23.444742       17.360689       14.136918      0.57319707      0.55905404      0.59027454      0.99674203      0.99930187   2.1096727e-09       68.482962      0.81267528      0.30773406      0.82308409      0.12423537       13.662293       10988.119       5.4912835        5.4912835       10988.119                               10559.029                 24.061177                 396.07687                      8.9516641
              4       5499.2285       3.0488005       3.1761959      0.96380359     0.022583453      0.12067165     0.054079056       1.0411003       1.0031744       23.393556       16.781527       14.212025      0.63241204      0.61113837      0.63185665      0.99754077      0.99537027   2.1090033e-09       68.879992      0.81017721      0.30330147      0.81462297      0.13019589       13.638899       10986.999       5.7288021        5.7288021       10986.999                               10557.836                 23.897562                 396.01163                      9.2543734
              1       5499.0993       3.0489056       3.1782401       0.9640049     0.022586303      0.12063464      0.05413829       1.0411115       1.0032158       23.268281       16.657401       13.998305      0.57515899      0.57885433      0.58429731      0.99779455      0.99604663   2.1092248e-09       68.923083      0.81009356      0.30285045      0.81393301      0.13224009       13.636051       10986.769       5.7150091        5.7150091       10986.769                               10557.579                 23.858809                 396.02411                       9.306963
             10        5501.624       3.0490072       3.1782401      0.96226785     0.022586303      0.12063464      0.05413829       1.0411115       1.0029329       23.602831       17.004831       14.254756      0.66052946      0.53562314      0.57697297      0.99888676       1.0015602   2.1094392e-09       68.923083      0.80959237      0.30285045      0.81342944      0.13224009       13.636051       10992.264       5.4917968        5.4917968       10992.264                               10562.726                 24.329637                 396.03442                       9.174289
              2       5501.8594       3.0501435       3.1144553       0.9610948     0.022380124      0.12066284     0.056085967       1.0413325       1.0016528       23.389817       16.434852       13.918816      0.65674511      0.57892449      0.67960121       0.9990534       1.0010812   2.1118375e-09       68.073085      0.81279213      0.31007669      0.82632981     0.068455332       13.715328        10993.69       5.0141319        5.0141319        10993.69                               10564.005                 24.442553                 396.53026                      8.7125833
              5       5503.4257       3.0501946       3.1144553       0.9610551     0.022380124      0.12066284     0.056085967       1.0413325       1.0016638       22.689553       16.277708       13.651772      0.65242601      0.48785612      0.65265522      0.99506767      0.99833748   2.1119455e-09       68.073085      0.81280062      0.31007669      0.82633844     0.068455332       13.715328       10996.567       5.1421653        5.1421653       10996.567                               10566.873                  24.45483                 396.53026                      8.7089308
              2       5501.4282       3.0483914       3.1050072      0.95985849     0.022384834      0.12048597     0.054581674       1.0412101        1.003464       22.929021       16.547306       13.853544      0.64248663      0.43927235      0.52948055      0.99143693      0.99737466   2.1081405e-09       67.988021        0.811263      0.31048064      0.82531228     0.059007239       13.727465       10990.564       6.1463048        6.1463048       10990.564                               10561.078                  24.48446                 396.20005                      8.8018104
              5       5501.7523        3.048361       3.1144355      0.96019067     0.022462766      0.12053645     0.054347751       1.0412076       1.0026804       22.529945       16.216842       13.423822      0.51560789      0.58959269      0.49458379       0.9860722       0.9951879   2.1080765e-09        68.14402      0.81090673      0.30933727      0.82342946     0.068435543       13.710244       10990.613       6.4457285        6.4457285       10990.613                                10561.13                 24.607972                  396.1719                      8.7030801
              4       5502.7908       3.0483852       3.1124388      0.96007846     0.022448317      0.12059061     0.054324742       1.0412169       1.0020924       22.456179       16.066444       13.452606       0.5179638      0.64775364      0.59074896      0.98661001      0.99547483   2.1081275e-09       68.092863      0.81119235      0.30988787      0.82445225      0.06643877       13.713693       10993.313       6.1343517        6.1343517       10993.313                               10563.795                  24.72436                 396.16677                      8.6263705
              2       5502.7113       3.0483616       3.1124388      0.95947736     0.022448317      0.12059061     0.054324742       1.0412169       1.0019736       22.302034       15.851607       13.102251      0.46588217      0.59539428      0.47233257      0.99020725         0.99178   2.1080778e-09       68.092863      0.81099726      0.30988787      0.82425397      0.06643877       13.713693       10993.594       5.9141953        5.9141953       10993.594                                10563.93                 24.899192                 396.16549                      8.5997035
              4       5504.3527       3.0484843       3.1179182      0.95947113     0.022472155      0.12068573     0.054519687       1.0411807       1.0017611       22.246326       15.869101       12.616818      0.46803184      0.47289302      0.36160999       0.9915521      0.99062933   2.1083364e-09       68.130906      0.81106372      0.30979819      0.82420223      0.07191821        13.70715       10997.047       5.8292502        5.8292502       10997.047                                10567.32                 24.927069                 396.20156                      8.5978745
              3       5500.4905       3.0488746       3.1241871      0.96055208     0.022479475      0.12006161     0.055542238       1.0411564       1.0018297       21.236417       14.495513       11.441236      0.70334451        1.054522      0.88531267      0.99157861      0.99734489   2.1091594e-09        68.42153      0.80921751      0.30585448      0.81707527     0.078187056       13.698082       10990.095       5.4429377        5.4429377       10990.095                               10560.279                 24.669483                 396.36554                      8.7811775
              2       5501.8231       3.0486426       3.1198098       0.9602357     0.022489008      0.12008894     0.055425405       1.0411396       1.0017762       21.485949       15.076724       11.582854      0.91922688       1.0846111       1.0113168      0.99056808       1.0011407   2.1086703e-09       68.363155      0.80919633      0.30645592      0.81785683     0.073809848       13.702231       10992.668       5.4889451        5.4889451       10992.668                               10562.867                 24.738801                 396.33073                      8.7313611
              1       5500.2715       3.0484786       3.1139839      0.95881752     0.022469853      0.12056711     0.055754336        1.041007       1.0010022       21.018114       15.217345       11.725596       1.0351089       1.1075356       1.2920544      0.99370118      0.99939862   2.1083244e-09       68.066336      0.81043365      0.31012524      0.82399655      0.06798388       13.716084       10990.411       5.0657873        5.0657873       10990.411                                10560.29                 25.062428                 396.48371                      8.5750049
              3       5499.1425       3.0483114       3.0593399      0.95726245     0.022309528      0.12069975     0.055712975       1.0411908       1.0012361       20.682548       14.726374       11.410754       1.0764067       1.2491162       1.4665523      0.99759107       1.0002526   2.1079718e-09       67.313914      0.81280862      0.31703592       0.8355682      0.01333992       13.783647       10988.411       4.9368271        4.9368271       10988.411                               10557.988                 25.189347                 396.55161                       8.682039
              2       5498.2834        3.048233        3.056908      0.95729527     0.022305083      0.12058911     0.055744249       1.0411916       1.0012968        21.51357       14.171836       11.342003       1.0352973       1.3564753       1.4306971      0.99510032      0.99802544   2.1078066e-09       67.320793      0.81251417      0.31671719      0.83484554     0.010907961       13.786146       10986.448       5.0593197        5.0593197       10986.448                               10556.061                  25.17039                  396.5576                      8.6593507
              4       5498.5352       3.0485004        3.065958      0.95780793     0.022326485      0.12048436     0.056056398       1.0411786        1.001263       21.618301       14.359128       11.603224        1.023273       1.3651538       1.4475143      0.99602585      0.99841498   2.1083704e-09       67.475778      0.81206107      0.31508087      0.83222178     0.019957963       13.774569       10987.062       5.0043892        5.0043892       10987.062                               10556.755                 25.075422                 396.62245                      8.6090041
              3       5498.9915       3.0490159       3.0698551      0.95845232     0.022339769      0.12027796     0.056814096       1.0411894        1.001192       21.615269       14.231363       11.315303       1.0654996       1.3055404       1.3251827       1.0007705      0.99661852   2.1094575e-09       67.607851      0.81161953      0.31342855      0.82958548     0.023855138       13.768023       10988.065       4.9590602        4.9590602       10988.065                               10557.746                 24.919358                 396.80543                      8.5944861
              1       5497.2507       3.0485385       3.0698551      0.96103213     0.022339769      0.12027796     0.056814096       1.0411894       1.0014426       22.140752       14.712326       12.210964       1.0177715       1.0473733       1.2502649      0.99581497      0.99659519   2.1084506e-09       67.607851      0.81221685      0.31342855      0.83019602     0.023855138       13.768023       10984.307       5.0972844        5.0972844       10984.307                               10554.697                 24.181299                 396.71327                      8.7157575
              9       5498.1051       3.0469712       3.0805263      0.95945946     0.022398458      0.12040151     0.056149747       1.0408582       1.0013059       21.900483       14.468799       11.837101       1.0267635       1.1780496       1.2619592      0.99098516      0.99031733   2.1051488e-09       67.626167      0.81063734      0.31365727       0.8288838     0.034526291       13.761466       10984.617        5.796792         5.796792       10984.617                               10554.837                 24.547403                 396.58313                      8.6485651
              1       5496.4335       3.0461895       3.0918992      0.95879893     0.022362364      0.12073576     0.054759262        1.040788       1.0008251       21.629607       14.470434        11.61966       1.0362329       1.1264559       1.2659329      0.99094664      0.99245639   2.1035039e-09       67.587844      0.81097156      0.31466576      0.83055757     0.045899228       13.756828       10981.799       5.5340652        5.5340652       10981.799                               10552.057                 24.872324                 396.27049                        8.59869
              1       5497.2436       3.0469815       3.1024351      0.96040168     0.022385078      0.12048716     0.054892609       1.0409461       1.0009059        21.92675       14.546715       11.544722      0.93537382       1.0337733       1.0258469      0.99061147       0.9950224   2.1051703e-09       67.869095      0.81069676      0.31157281      0.82618554     0.056435142       13.737949       10983.656       5.4155084        5.4155084       10983.656                               10554.191                 24.596658                 396.26042                      8.6079309
              2       5499.8966       3.0463632       3.1024351      0.96201462     0.022385078      0.12048716     0.054892609       1.0409461       1.0017157       21.976065        15.07037       11.917393      0.89812585       1.0518359      0.93673098      0.98620311      0.99141227   2.1038691e-09       67.869095      0.81094244      0.31157281      0.82643591     0.056435142       13.737949       10987.111       6.3412476        6.3412476       10987.111                               10558.088                  24.01183                 396.23412                      8.7769633
              4       5495.7013       3.0447888       3.1024351      0.96235525     0.022385078      0.12048716     0.054892609       1.0409461       1.0012172       21.714326       15.030535       12.329604      0.75444525      0.78086426      0.79205587        1.000817       1.0005262   2.1005594e-09       67.869095      0.81040914      0.31157281      0.82589242     0.056435142       13.737949       10981.586       4.9084981        4.9084981       10981.586                               10552.587                  23.88456                 396.23717                       8.877128
              3       5497.0689       3.0396176       3.1024351       0.9665248     0.022385078      0.12048716     0.054892609       1.0409461        1.000266        21.79321       15.405268        12.36736      0.58318792      0.88551215      0.73880891      0.99740806      0.99686206   2.0897251e-09       67.869095       0.8095988      0.31157281      0.82506659     0.056435142       13.737949        10984.39       4.8737371        4.8737371        10984.39                                10555.85                 22.738117                 396.17592                       9.625947
              3       5495.4834       3.0395521       3.0951191      0.96613706      0.02238099      0.12055719     0.054993504       1.0409399       1.0001344        20.82899       15.100647       11.620717      0.63943265      0.84154916      0.69300345      0.99553352      0.99291045   2.0895882e-09       67.754112       0.8099128      0.31277487      0.82697724     0.049119141       13.746371       10980.691       5.1377549        5.1377549       10980.691                               10552.189                 22.788624                 396.19844                      9.5154288
              2       5497.9149       3.0396483       3.0897071      0.96585335     0.022399564      0.12058561     0.055499985       1.0409073      0.99982266        21.13266       16.155228       12.383563      0.66512163      0.81270658      0.72214317      0.99725999      0.99242953   2.0897892e-09       67.685804      0.81001035      0.31350907      0.82804702     0.043707115        13.75117       10985.606       5.1118682        5.1118682       10985.606                                10557.02                 22.827683                 396.29546                      9.4630621
              1       5498.3619       3.0389895       3.0992558      0.96430211     0.022356673      0.12119998     0.054888177       1.0407086      0.99920785       20.942993       16.078842       12.776805      0.68875158      0.85001032      0.86675347      0.99878977      0.99207246   2.0884129e-09       67.479925      0.81099526      0.31668002      0.83323598      0.05325581       13.754082        10986.41       5.1570069        5.1570069        10986.41                               10557.821                 23.164045                 396.22875                      9.1965353
              3       5496.1593       3.0385382       3.0799025      0.96362927     0.022286501      0.12105305     0.054757605       1.0407176      0.99934312       21.443778       15.581192       11.998217      0.49221236      0.64993916      0.48522339       0.9937891      0.99311398   2.0874706e-09       67.251815      0.81098978      0.31835191      0.83542696     0.033902544       13.780257       10981.819        5.249736         5.249736       10981.819                               10553.223                  23.22482                 396.24106                      9.1300727
              5       5494.9505       3.0381325       3.0928145      0.96378912     0.022322046      0.12092278     0.054450859       1.0406292      0.99935527       21.233382       15.891389       12.723097      0.52359829      0.67088365      0.62212498        0.995393      0.99479382   2.0866239e-09        67.44651      0.80984206      0.31630839      0.83156281     0.046814521       13.765447       10979.781       5.0601524        5.0601524       10979.781                                10551.18                 23.249359                 396.16989                      9.1818375
              1        5495.328       3.0379231       3.0928145      0.96220166     0.022322046      0.12092278     0.054450859       1.0406292      0.99898909       21.032456       15.824477       12.713758      0.54141897      0.71008263      0.70564724      0.99487137      0.99422872   2.0861869e-09        67.44651      0.80927156      0.31630839      0.83097701     0.046814521       13.765447       10980.326       5.1650622        5.1650622       10980.326                               10551.397                 23.640064                 396.19752                      9.0908729
              3       5496.8843       3.0396026       3.1539372      0.96532192     0.022382686      0.12063701     0.055351187        1.040637      0.99917429       21.306153       15.928536       13.126251       0.5054019      0.84106164      0.71557954      0.99626176      0.99571817   2.0896936e-09       68.308415      0.80791272        0.307894      0.81847314       0.1079372       13.695196       10983.766       5.0013405        5.0013405       10983.766                               10554.412                 23.169641                 396.25006                      9.9343458
              5       5497.5075       3.0416361       3.1539372      0.96433803     0.022382686      0.12063701     0.055351187        1.040637      0.99947381       21.282684       15.993741       13.156363      0.50253682      0.84158503       0.8074134      0.99761043      0.99902764   2.0939475e-09       68.308415      0.80843021        0.307894       0.8189974       0.1079372       13.695196       10985.334       4.8406819        4.8406819       10985.334                               10556.063                  23.49159                 396.26429                       9.514468
              1       5496.8042       3.0415052       3.1509649      0.96412427     0.022349102      0.12064173     0.055217836       1.0406328      0.99952186       21.515015       16.449786       13.477473       0.5135439      0.86394061      0.78310863      0.99954536      0.99960631   2.0936734e-09       68.242819      0.80854571      0.30842421      0.81981938      0.10496486        13.70174       10983.998       4.8053524        4.8053524       10983.998                               10554.767                 23.517357                 396.25024                      9.4626945
              1       5501.2738       3.0413604       3.1441988      0.96371693     0.022304819       0.1206064     0.055347469       1.0406026      0.99880112        21.62039       16.841177        13.84907       0.5755147      0.81525856      0.81674621       1.0041126       1.0036118   2.0933702e-09       68.129704      0.80858645       0.3092777      0.82099429      0.09819881       13.713843       10992.448       5.0500299        5.0500299       10992.448                                10563.23                 23.667234                 396.33024                      9.2203757
              2        5497.435       3.0415022       3.1441988      0.96356647     0.022304819       0.1206064     0.055347469       1.0406026       0.9996881       21.648019       17.317125       13.611954      0.57359471       0.9116415      0.78170093       1.0021319      0.99701207   2.0936671e-09       68.129704       0.8085974       0.3092777      0.82100541      0.09819881       13.713843       10985.149       4.8604011        4.8604011       10985.149                               10555.829                 23.574014                 396.30622                      9.4401086
              3       5498.8385       3.0415278       3.1443005      0.96356891     0.022307146      0.12061081     0.055393828       1.0406007      0.99966336       21.378878       16.996017       13.261727      0.53038878      0.79851534      0.75114494       1.0028036       1.0015099   2.0937207e-09       68.130617      0.80860856      0.30928393      0.82102501     0.098300503       13.713582       10987.987       4.8450191        4.8450191       10987.987                               10558.661                 23.573896                 396.31121                      9.4409525
              1       5495.1142       3.0434036       3.1443005      0.96585731     0.022307146      0.12061081     0.055393828       1.0406007       1.0007521       21.609988       16.949251       13.218244      0.46120594      0.74545225      0.57653574      0.99893208      0.99924934   2.0976517e-09       68.130617      0.81007436      0.30928393      0.82251331     0.098300503       13.713582        10980.55       4.8390236        4.8390236        10980.55                                 10551.8                  23.05412                 396.27612                      9.4202686
              9       5494.6156       3.0419766       3.1443005      0.96573873     0.022307146      0.12061081     0.055393828       1.0406007      0.99982735       21.078956       16.109017       12.977553      0.61775057      0.80885455       0.7717699       1.0000269       0.9974536   2.0946604e-09       68.130617      0.80945992      0.30928393      0.82188944     0.098300503       13.713582       10979.591       4.8200635        4.8200635       10979.591                               10550.769                 23.109713                 396.27003                      9.4419102
              5       5495.5448       3.0420338        3.132057      0.96558099     0.022249882      0.12068434     0.055083765       1.0407046         1.00012       20.910086       16.096661       12.966407      0.72425731      0.89748972      0.97711348      0.99740546      0.99807617   2.0947803e-09       67.950144      0.81040226      0.31096422      0.82507841     0.086056997       13.729091       10981.412       4.8385699        4.8385699       10981.412                               10552.737                 23.088782                 396.26632                      9.3201268
              3       5498.3231       3.0427126        3.127624      0.96655942     0.022266713      0.12049922     0.055436846       1.0408639       1.0004769       20.875859       15.519324       12.473476       0.8758992      0.82557847        1.014748       1.0036021       1.0016254   2.0962028e-09       68.031415      0.81057373       0.3098581      0.82378396     0.081624035        13.72643       10986.883       4.8815372        4.8815372       10986.883                               10558.245                 22.877046                 396.30329                      9.4577337
              1        5499.166       3.0435947        3.127624      0.96239472     0.022266713      0.12049922     0.055436846       1.0408639       1.0000264       21.380699       15.698478         13.1158      0.62934161      0.95581008      0.89870268       1.0001673       1.0060471   2.0980526e-09       68.031415      0.80964542       0.3098581      0.82284051     0.081624035        13.72643       10988.395       4.9682885        4.9682885       10988.395                               10559.004                 23.926248                 396.38376                      9.0811603
              2       5500.3998       3.0430949       3.1460256      0.96271759     0.022300284      0.12043621      0.05460916       1.0408026       1.0004027       21.311955       16.271855       13.026196      0.64144024      0.79366066      0.69792842       1.0006511        1.008217   2.0970043e-09       68.274577      0.80855975      0.30759173      0.81872645      0.10002564       13.705759       10990.524       5.1379459        5.1379459       10990.524                               10561.156                 23.919086                 396.20845                      9.2406296
              1       5500.5564       3.0432072       3.1483476      0.96325408     0.022257099      0.12017544     0.054629254       1.0408377       1.0007186       21.788844       16.800939       13.538031      0.46902627      0.55504597      0.48209136      0.99774028       1.0083943   2.0972399e-09       68.369672      0.80806687      0.30608643      0.81622278      0.10234759       13.705537       10990.704       5.2044127        5.2044127       10990.704                               10561.286                 23.789748                 396.20316                      9.4246394
              8       5499.8425       3.0421445       3.0939592      0.96054918     0.022126251      0.12061376     0.053803349       1.0408984       1.0006719       21.488329       16.930788       13.915705      0.53826738      0.70319517      0.66288065      0.99482145       1.0019951   2.0950123e-09       67.495947      0.81049575      0.31473712      0.83016439     0.047959178       13.774665       10989.734       4.9753562        4.9753562       10989.734                               10560.549                 24.193157                 396.14276                      8.8491391
              3       5500.4815       3.0415964       3.0939592      0.96114945     0.022126251      0.12061376     0.053803349       1.0408984       1.0005868       21.495416       16.874338       13.848566       0.4828642      0.69905237      0.57716595      0.99347339       1.0005028   2.0938643e-09       67.495947      0.81045733      0.31473712      0.83012503     0.047959178       13.774665       10990.909       5.0270481        5.0270481       10990.909                               10561.876                 24.017624                 396.10882                      8.9064769
              3       5497.3827       3.0415859       3.0939592      0.96113807     0.022126251      0.12061376     0.053803349       1.0408984       1.0005363       22.396811       17.382739       14.238015      0.52681264      0.69833786      0.62913074      0.99984826       1.0002967   2.0938423e-09       67.495947       0.8104496      0.31473712      0.83011711     0.047959178       13.774665       10985.148       4.8088213        4.8088213       10985.148                               10556.111                 24.027854                 396.10821                       8.900406
              3       5496.2491       3.0416428       3.0906475      0.96095545     0.022167552      0.12064391     0.054195939       1.0408701       1.0005104        22.55287       17.369089       14.287309      0.53970577      0.62891834      0.61037747      0.99991014       1.0000406   2.0939615e-09       67.471679      0.81041464      0.31512052      0.83058674     0.044647484       13.774899       10982.886       4.8061445        4.8061445       10982.886                               10553.768                 24.027422                 396.18066                      8.9101148
              5       5495.2787       3.0417188       3.0894282      0.96070824     0.022158229      0.12079537     0.054249886       1.0408642       1.0012702       22.316367       16.767383       13.226878      0.45654943      0.49257458      0.35947379      0.99834971      0.99618316   2.0941206e-09       67.394951       0.8109361      0.31615138       0.8324795     0.043428236       13.777899       10980.556       5.0007834        5.0007834       10980.556                               10551.411                 23.929291                  396.2011                      9.0145827
              2       5496.4752       3.0361029       3.0894282      0.96079221     0.022158229      0.12079537     0.054249886       1.0408642      0.99873296       21.849079       16.553875       13.443479      0.41491712      0.63618832      0.53206488      0.99889567      0.99371686   2.0823932e-09       67.394951      0.80868785      0.31615138      0.83017152     0.043428236       13.777899       10982.716       5.1171734        5.1171734       10982.716                                10553.34                 23.865989                 396.19602                       9.313696
              6       5497.0753       3.0359993       3.1340135      0.96203578      0.02214112      0.12062077     0.053485298       1.0407592       0.9991061        22.66519       17.140323       13.742665      0.53731313      0.52740189      0.42177447      0.99811974      0.99541085   2.0821774e-09       67.923314      0.80710922      0.31083641      0.82155685     0.088013496       13.736094       10984.206       4.9721568        4.9721568       10984.206                               10554.624                  23.73872                 396.04589                      9.7981444
              2       5495.2766       3.0339682       3.1340135      0.96612084      0.02214112      0.12062077     0.053485298       1.0407592      0.99913258       22.346442       16.690485       13.270293      0.66439584      0.70102622      0.66499604      0.99689154      0.99294005   2.0779525e-09       67.923314      0.80754417      0.31083641      0.82199958     0.088013496       13.736094       10980.267       5.1429752        5.1429752       10980.267                               10551.087                 22.710161                 396.01585                      10.454607
              3       5498.2765       3.0341387        3.124257      0.96583973     0.022114295      0.12069805     0.053747198       1.0407901      0.99904178        21.95462       16.535249       13.106376      0.61289378      0.80684281      0.79742754      0.99359173      0.99127986    2.078307e-09       67.771246      0.80820903      0.31234275      0.82466733     0.078256963       13.748218       10985.664       5.4442423        5.4442423       10985.664                                10556.59                 22.723607                 396.06974                      10.280589
              5       5495.6216       3.0401122        3.124257      0.96358992     0.022114295      0.12069805     0.053747198       1.0407901       1.0004879       22.584301       17.279332       13.490355      0.68127752      0.70147899      0.70778721      0.99637858      0.99728569    2.090759e-09       67.771246      0.80993404      0.31234275      0.82642747     0.078256963       13.748218        10981.43        4.906711         4.906711        10981.43                               10552.642                 23.417166                 396.04729                      9.3231469
              4       5495.6719       3.0400042       3.1269407      0.96365803     0.022120707      0.12063736     0.053671618       1.0407719       1.0005193       21.893709       16.805986       12.903854      0.62677008      0.77303757       0.6582625      0.99067934      0.99978343   2.0905331e-09       67.822853      0.80958799      0.31174961      0.82528964     0.080940724       13.745101       10980.861       5.2414364        5.2414364       10980.861                               10552.053                 23.415596                 396.03207                      9.3602012
              9       5494.5851       3.0399251       3.1266966      0.96372626     0.022150507      0.12054283     0.053771925       1.0407566       1.0005431       21.907295       16.996163       13.365335      0.63971565      0.96925533      0.83908406      0.99375192      0.99672565   2.0903678e-09       67.872777      0.80913303      0.31115066      0.82403312     0.080696617        13.74242       10979.055        5.057646         5.057646       10979.055                               10550.196                 23.401424                 396.04105                      9.4163837
              1       5495.2644       3.0398347         3.08971      0.96228844     0.022010845       0.1209714     0.053327731       1.0409048       1.0009625       22.531798       17.198334       13.690373       0.7342818      0.81346781      0.78860895      0.99360277      0.99542223   2.0901788e-09       67.228713       0.8118743       0.3177802      0.83558682     0.043709958       13.791967       10980.191       5.1687707        5.1687707       10980.191                               10551.522                 23.507752                 396.02767                      9.1339217
              4        5500.646       3.0413683       3.0537488      0.96344512      0.02193011      0.12026721      0.05557006       1.0411603       1.0012244       23.542171       17.363462       14.496286      0.78123312      0.79438297      0.89481233      0.99726139      0.99857506   2.0933867e-09       67.077202      0.81218335      0.31747286      0.83550058    0.0077487738       13.826893       10991.386       4.9528409        4.9528409       10991.386                               10562.525                 23.087655                 396.47523                       9.298605
              2       5499.7409       3.0396562       3.1390736      0.96355956     0.021914539      0.12035461     0.053413924       1.0406511       1.0011772       24.289038       18.186439       15.163925      0.59844259      0.60415338      0.55102267      0.99628852       1.0085264   2.0898057e-09       67.852067      0.80887855      0.31041927       0.8228052     0.093073581        13.75569       10988.825       5.3284967        5.3284967       10988.825                               10559.759                  23.34872                    396.04                      9.6775201
              4       5501.9804       3.0418731       3.1390736      0.96609847     0.021914539      0.12035461     0.053413924       1.0406511       1.0023789        23.86966       18.574171       14.832421       0.4992147      0.56383482      0.47976226      0.99706982       1.0026137   2.0944438e-09       67.852067      0.81055741      0.31041927      0.82451296     0.093073581        13.75569       10993.331       5.3150808        5.3150808       10993.331                               10564.864                 22.802932                 396.03691                      9.6268518
              2       5505.3702       3.0422818       3.1453398      0.96656977      0.02189562      0.12029486     0.053746586       1.0406677       1.0026074       24.105823        18.55749       15.438821      0.63288215      0.62287507      0.68041948      0.99655964       0.9960315   2.0952998e-09       67.935724      0.81055353      0.30948478      0.82326703     0.099339767        13.75039       10999.806       5.4670498        5.4670498       10999.806                               10571.219                 22.688835                 396.07113                       9.827532
              2       5502.9862       3.0423453       3.1505404      0.96660979     0.021918059      0.12036269     0.053815428       1.0406426       1.0028721       23.444984       17.328412       14.628752       0.6116295       0.8935841      0.74382042      0.99316937      0.99834432   2.0954329e-09       67.982076      0.81054388      0.30925819       0.8229558      0.10454037       13.743841       10994.588        5.692146         5.692146       10994.588                               10565.896                 22.648589                 396.06723                      9.9758117
              4       5500.3065       3.0438954       3.1505404      0.96277886     0.021918059      0.12036269     0.053815428       1.0406426       1.0027209       24.354293       17.627277       14.989863      0.75593623      0.67553468       0.7577221      0.99342742       1.0019349   2.0986837e-09       67.982076      0.80999041      0.30925819      0.82239386      0.10454037       13.743841       10989.389       5.6122204        5.6122204       10989.389                               10560.211                 23.592875                 396.11099                      9.4731632
              3       5501.2516       3.0430263       3.1521709      0.96089312     0.021818957      0.12107435     0.052651669       1.0404974       1.0023483       24.209202       18.233201       14.949439      0.66506506      0.66655322      0.60331696      0.99466747       1.0055134   2.0968605e-09       67.619654      0.81165346      0.31392184      0.83027275      0.10617094       13.759477       10991.462       5.5205743        5.5205743       10991.462                               10562.372                  24.00692                 395.99549                      9.0873571
              3       5500.9749       3.0422761       3.1533585      0.96004172      0.02186098      0.12113036     0.052462161       1.0403411       1.0019598       22.932057       17.796625       14.292589      0.65878831      0.83182314      0.79871718       0.9936758       1.0039853    2.095288e-09       67.595882      0.81091422      0.31435724       0.8300916      0.10735852       13.758946       10991.206       5.3719129        5.3719129       10991.206                               10561.998                 24.233304                  395.9716                      9.0027525
              2       5498.6191       3.0406715       3.1533585      0.96148925      0.02186098      0.12113036     0.052462161       1.0403411       1.0016539       23.515661       17.667554       14.508515       0.6692046      0.76199528      0.74763107      0.99570239       1.0051741   2.0919286e-09       67.595882      0.81070785      0.31435724      0.82988035      0.10735852       13.758946       10986.778       5.2302812        5.2302812       10986.778                               10557.786                 23.806839                 395.98029                      9.2046893
              2       5501.0165       3.0406031       3.1533585      0.96133413      0.02186098      0.12113036     0.052462161       1.0403411       1.0017925        24.80746       18.497045       14.879691      0.69746709      0.66740425      0.54770312       0.9956114       1.0022794   2.0917855e-09       67.595882       0.8106325      0.31435724      0.82980323      0.10735852       13.758946       10991.704        5.164568         5.164568       10991.704                               10562.673                 23.815316                 395.97461                      9.2404361
              4       5495.5463       3.0407651       3.1747056      0.96206736     0.022140534      0.12119173     0.052950113       1.0402552       1.0009372       24.228853       18.046895       14.653232      0.67706632      0.81109825      0.69101936      0.99361768      0.99727195   2.0921244e-09       68.023312      0.80924923      0.31115586      0.82415834      0.12870561       13.711931         10980.9       5.0963983        5.0963983         10980.9                               10551.743                 23.860552                 395.99596                       9.300855
              5       5496.4403       3.0409982       3.1640079        0.962134     0.022184437      0.12106082     0.053618649        1.040283       1.0007762       23.926805        17.72251       14.313228      0.64862875      0.83329588      0.66089143      0.99240237      0.99437458   2.0926121e-09       67.991507      0.80909271      0.31125881      0.82413525      0.11800794       13.717073        10982.32          5.2803           5.2803        10982.32                               10553.153                 23.816139                  396.0395                      9.3117603
              5       5495.4013       3.0401738       3.1517362      0.96054376     0.022156127      0.12163153     0.052446598       1.0402568       1.0006618        23.35597       17.770395       14.065075      0.78828968      0.77846442      0.74385972      0.99332455      0.99703551   2.0908877e-09       67.617789      0.81058833      0.31589523      0.83178533       0.1057362       13.735614       10980.629       5.0870454        5.0870454       10980.629                               10551.573                 24.149346                 395.94284                      8.9632345
              5       5499.3105       3.0406191       3.1606596      0.96077389     0.022167346      0.12179077     0.052780438       1.0402484       1.0000537       23.068118       18.173883       14.408052      0.84605895      0.88100507      0.91946305      0.99522149      0.99433511   2.0918191e-09       67.671638      0.81104088      0.31576492      0.83207804      0.11465957        13.72628       10988.501       5.0601102        5.0601102       10988.501                               10559.432                 24.188947                 395.95362                       8.926368
              6       5501.1612       3.0389189        3.144348      0.95902909     0.022131595      0.12165471     0.051925373       1.0400618      0.99973102       23.296421       18.154357       14.623507      0.74928322      0.73173855      0.70601161      0.99142753      0.99576211   2.0882654e-09       67.438708       0.8098254      0.31757218      0.83320524     0.098348003       13.751548       10991.826       5.2482766        5.2482766       10991.826                               10562.524                 24.598213                 395.91909                      8.7844889
              1       5503.8526       3.0337499        3.144348      0.96206134     0.022131595      0.12165471     0.051925373       1.0400618      0.99844598       22.542293       17.619166       14.555616      0.73219973      0.90140342      0.95040302      0.99297826      0.99014538   2.0774991e-09       67.438708      0.80866126      0.31757218       0.8320075     0.098348003       13.751548       10996.284       5.7105435        5.7105435       10996.284                               10567.551                 23.654766                 395.84604                      9.2318203
              4       5504.3357       3.0339406       3.1511702      0.96228938     0.022135237      0.12170731     0.051971047        1.040061      0.99872814       22.355082       17.314914       14.352552      0.70546028      0.79463664      0.97202392      0.99364668      0.99135551   2.0778953e-09       67.501733      0.80876448      0.31710287      0.83149861      0.10517018       13.744438       10997.691       5.4901226        5.4901226       10997.691                               10568.929                 23.576907                 395.84868                      9.3361419
              2       5498.5931        3.033316       3.1307451      0.96140615      0.02208137       0.1216122     0.051705066       1.0400527      0.99946564       22.826721       17.348319       14.530525      0.52810377      0.78987852      0.72887856      0.99328373       0.9926157   2.0765978e-09        67.25214      0.80873943      0.31913158      0.83412835     0.084745092       13.770655       10986.574        5.306278         5.306278       10986.574                               10557.789                 23.592491                 395.84252                      9.3492444
              1       5499.6169       3.0326724       3.1334678      0.96092032     0.022147771      0.12164673     0.051349034       1.0399519      0.99926444       22.859254       17.641783       14.691725      0.60862085      0.77805044      0.77956407      0.99592436      0.99258768   2.0752618e-09       67.292618      0.80799656      0.31897065      0.83315201     0.087467763       13.764333       10988.861        5.186304         5.186304       10988.861                               10560.007                 23.740622                 395.82371                      9.2895523
              2       5498.5892       3.0320738       3.1507763      0.96118957     0.022141595       0.1216162     0.050146232       1.0399202      0.99955085       22.950727       17.877436       14.509982      0.57346189       0.7950792      0.73996995      0.99983443      0.99674846   2.0740199e-09       67.486904      0.80723472      0.31705616      0.82986473       0.1047763       13.748027        10987.47       4.8543928        4.8543928        10987.47                               10558.633                 23.780291                 395.72222                      9.3343697
              2       5498.3476       3.0320742       3.1504544      0.96118194     0.022141451      0.12161856     0.050144981       1.0399218       1.0006164       23.394269       18.044505       14.746716      0.60407877      0.78127325      0.72507655      0.99813466      0.99470446   2.0740208e-09       67.482791      0.80725158      0.31709967        0.829939      0.10445437       13.748333       10986.749       4.9732603        4.9732603       10986.749                               10557.786                 23.613726                 395.71523                      9.6338948
              1       5497.3066       3.0326199       3.1134903      0.96072841     0.021886957      0.12159277     0.050325232       1.0401516       1.0011749       23.878874       18.206152       14.817085      0.63013212      0.66800453      0.61000508      0.99922294      0.99784228   2.0751528e-09       66.933213      0.80957905      0.32170273      0.83835123     0.067490289       13.804946       10984.769       4.9219913        4.9219913       10984.769                               10556.056                 23.499984                  395.7847                      9.4280755
              3       5497.0557       3.0326256       3.1067789      0.96058739     0.021885354      0.12157677     0.050451889       1.0401674       1.0010829       23.740655       18.143646       14.684332      0.58422721      0.64083612      0.57664913      0.99844881      0.99821966   2.0751648e-09       66.865533      0.80970176      0.32231494      0.83927575     0.060778869       13.811498       10984.297       4.9069543        4.9069543       10984.297                                 10555.6                 23.517054                 395.79645                      9.3835693
              8       5501.0751       3.0328144       3.1159972       0.9612524     0.021892357      0.12135291      0.05065278       1.0401644       1.0008396        22.69134       17.859055       14.248192      0.65330133      0.57893501      0.58949605      0.99955465       0.9960321   2.0755565e-09       67.054136      0.80896663      0.32002203       0.8355259     0.069997206       13.800451       10992.308       4.9213587        4.9213587       10992.308                               10563.599                 23.457182                 395.79724                      9.4544606
              1       5502.3763       3.0327244        3.099331      0.96073643     0.021835053      0.12138981      0.05060472       1.0402151       1.0011003       23.668866       17.409425       15.101601      0.52200857      0.51250607      0.55937452      0.99792485      0.99444086   2.0753697e-09       66.819354      0.80965616      0.32222919      0.83911684      0.05333095       13.822081       10994.636       5.0581505        5.0581505       10994.636                               10565.977                 23.471181                 395.80302                       9.385503
              2       5503.1673       3.0329096        3.099331      0.96092486     0.021835053      0.12138981      0.05060472       1.0402151       1.0009566         23.3421       17.192635       14.611905      0.53568476      0.58335255       0.5989802      0.99806175      0.99099777    2.075754e-09       66.819354      0.80978826      0.32222919      0.83925375      0.05333095       13.822081        10995.77        5.282445         5.282445        10995.77                               10567.164                 23.465376                 395.80302                      9.3375455
              9       5503.6463        3.032884       3.1031694      0.96100487     0.021839799      0.12138604     0.050537953       1.0402022       1.0009658       23.514256       17.520363        14.88428      0.52473313      0.61374595      0.60452151       1.0006767      0.99132688    2.075701e-09       66.864437      0.80964795      0.32179699       0.8385454     0.057169413       13.818001       10996.816       5.2382791        5.2382791       10996.816                               10568.189                  23.46166                   395.812                      9.3533806
              2       5502.1675       3.0321179       3.1093681      0.95979059       0.0218226      0.12185025     0.049629816       1.0400694       1.0001849        22.56035       17.444179       14.173724      0.53526313      0.62037962      0.59847015       0.9969419      0.99305244   2.0741113e-09        66.71636      0.81021392      0.32423132      0.84229953     0.063368098       13.819191       10994.183        5.076093         5.076093       10994.183                               10565.449                 23.837514                 395.74464                      9.1518054
              3       5502.2552       3.0326217       3.1791123      0.96227295     0.021970549      0.12151065     0.049774377       1.0398987      0.99924215       22.970181        17.59369       13.955221      0.53956928      0.54650689      0.44371062      0.99847479        1.000402   2.0751565e-09       67.701261      0.80730811      0.31444812      0.82651966      0.13311228       13.736409       10994.823       4.8436407        4.8436407       10994.823                                10565.97                 23.707454                 395.76063                      9.3846905
              1       5499.4455       3.0348926       3.1485877       0.9632822     0.021976493      0.12089928      0.05390902       1.0400023       0.9989399       23.462783       17.669182       14.445342      0.52905154      0.75301153      0.59021001       1.0005154      0.99762235   2.0798744e-09       67.603488      0.80750847      0.31403363      0.82617973       0.1025877       13.761389       10989.081       4.9047529        4.9047529       10989.081                                10559.85                  23.24166                  396.1093                      9.8801941
              1       5498.0241         3.03544       3.1522744      0.96471403     0.022078722      0.12057037     0.054176765       1.0401427      0.99933814       24.200571       18.281742       14.968671      0.52812807      0.61491045      0.45906108       1.0011959      0.99756791   2.0810133e-09       67.893468      0.80668582      0.31086505      0.82116371      0.10627435        13.74176       10986.334       4.8570246        4.8570246       10986.334                               10556.918                 22.987955                 396.13274                      10.295769
              1       5498.5657       3.0349292       3.1522744      0.96333715     0.022078722      0.12057037     0.054176765       1.0401427      0.99890324       24.001888        18.36399       15.235115      0.57779705       0.5871947      0.51747547       1.0013017      0.99659093   2.0799505e-09       67.893468      0.80605779      0.31086505      0.82052441      0.10627435        13.74176       10987.235       4.9480659        4.9480659       10987.235                               10557.513                 23.307041                 396.17375                      10.241707
              3        5497.504       3.0348686       3.1523927      0.96311512     0.022091707      0.12067205     0.054162297       1.0401198      0.99876935       24.923503       17.845476       14.953526       0.5390541      0.62193604      0.49540061      0.99700509      0.99993034   2.0798245e-09       67.862053      0.80622086      0.31140191      0.82139875      0.10639265       13.741456       10985.105        4.951286         4.951286       10985.105                               10555.434                 23.359132                 396.16494                      10.147254
              1       5496.6725       3.0369378       3.1523927      0.96157326     0.022091707      0.12067205     0.054162297       1.0401198      0.99922353       24.550797       17.924024       15.343381      0.63532723      0.70260918      0.67333546      0.99908678      0.99922112   2.0841326e-09       67.862053      0.80658303      0.31140191      0.82176774      0.10639265       13.741456       10983.664       4.8406899        4.8406899       10983.664                               10553.948                 23.797168                 396.18702                      9.7311997
              5       5496.7712       3.0371239       3.1565383      0.96174397     0.022095651      0.12072048     0.054243293       1.0401261      0.99919598       24.515067       17.902913       15.365342      0.64794369      0.72503395      0.71425175      0.99866992      0.99903686   2.0845203e-09       67.898324      0.80673618      0.31118292      0.82163471      0.11053826       13.736832       10983.841       4.8504539        4.8504539       10983.841                               10554.089                 23.771697                  396.2197                      9.7612568
              3       5498.0214       3.0375193       3.1565383      0.96410507     0.022095651      0.12072048     0.054243293       1.0401261      0.99894361       24.467724        17.77242       15.193618      0.64187146       0.6917559      0.67838347      0.99946715       1.0014322   2.0853448e-09       67.898324      0.80762012      0.31118292      0.82253498      0.11053826       13.736832        10986.27       4.8862075        4.8862075        10986.27                               10557.161                 23.310797                 396.17313                      9.6250435
              4       5498.3435       3.0370159       3.1674948      0.96247473     0.022245666      0.12161874     0.054005454       1.0399089      0.99916668       24.139275       17.505798       14.617671      0.66080669      0.71548012      0.70419209      0.99796916      0.99641639   2.0842953e-09       67.761284      0.80870705       0.3147259      0.82831751       0.1214948        13.72085       10986.836       4.9256402        4.9256402       10986.836                               10557.651                 23.540387                 396.09428                      9.5501431
              6       5496.4719       3.0366451       3.1394603      0.96167901     0.022231851      0.12188672      0.05309352       1.0400737      0.99954101       23.507598       17.380871       14.206639      0.63787227      0.60639286      0.58415799      0.99689797      0.99624236   2.0835225e-09       67.388915       0.8102043      0.31877332      0.83517002     0.093460282       13.747071       10983.102       4.9208208        4.9208208       10983.102                               10554.265                  23.63502                 395.99122                      9.2108179
              1       5497.6155       3.0349387       3.1394603      0.96010165     0.022231851      0.12188672      0.05309352       1.0400737      0.99864324       24.085633        17.31925       14.745509      0.60384899      0.67411982      0.63139856       1.0003302      0.99481467   2.0799702e-09       67.388915      0.80903094      0.31877332      0.83396051     0.093460282       13.747071       10985.096       5.0675019        5.0675019       10985.096                               10555.833                 24.008844                 396.02441                      9.2295734
              3       5497.8703       3.0355951       3.1368346      0.96028113     0.022169666      0.12206453     0.053373747       1.0401637       0.9986908       24.420868       17.306937       14.848578      0.61050869      0.67080625      0.67253848       1.0016092      0.99452979    2.081336e-09       67.275586      0.81033633      0.32010365       0.8370473     0.090834619       13.754051       10985.571       5.0849383        5.0849383       10985.571                               10556.366                 23.925543                 396.06663                      9.2126835
              2       5498.2878       3.0377763       3.1368346      0.95765652     0.022169666      0.12206453     0.053373747       1.0401637      0.99898604       24.301095       17.592512       14.959311      0.67649772       0.6608625      0.72486011       1.0000129      0.99151191   2.0858808e-09       67.275586      0.81041814      0.32010365      0.83713181     0.090834619       13.754051        10986.12       5.2277425        5.2277425        10986.12                               10556.365                 24.706279                 396.12502                      8.9233379
              2       5499.4591       3.0382292        3.123766      0.95824665       0.0221347      0.12166432      0.05409647       1.0402632      0.99923435       23.849538       16.732254       14.376762        0.601306      0.65360391      0.69587719      0.99824969      0.99121105   2.0868256e-09       67.268267      0.81011206      0.31921162      0.83564884     0.077766008       13.766387       10988.451       5.2336979        5.2336979       10988.451                               10558.713                 24.487968                 396.24962                      9.0002999
              1       5496.7311       3.0425531        3.123766      0.96156547       0.0221347      0.12166432      0.05409647       1.0402632       1.0014515       24.923458       17.160258       14.433082      0.62624007      0.57111507      0.49320045      0.99852922      0.99599416   2.0958685e-09       67.268267       0.8128816      0.31921162      0.83850568     0.077766008       13.766387       10983.372       5.0448453        5.0448453       10983.372                               10554.484                 23.682126                 396.20357                       9.002333
              6        5496.193       3.0421084       3.1436542      0.96117877     0.022164781      0.12207515     0.053172984       1.0401622       1.0012775       24.592878       17.132089       14.171873      0.68568508      0.59009388      0.55686498       0.9975348      0.99558775   2.0949367e-09       67.345926      0.81311144      0.31944799      0.83905325     0.097654157       13.747639       10982.299       5.0435368        5.0435368       10982.299                               10553.416                 23.863092                 396.05158                      8.9678178
              2       5498.3765       3.0421203        3.143544      0.96117615     0.022165308      0.12207996     0.053187397       1.0401628       1.0012697       24.460885       17.071137       14.000872      0.65796243      0.54293572       0.5001532      0.99222267      0.99876063   2.0949616e-09       67.343631      0.81313257      0.31948154      0.83911911     0.097543962         13.7477       10986.304       5.2243464        5.2243464       10986.304                               10557.422                 23.863215                 396.05158                      8.9680406
              2       5494.9615       3.0414264        3.143544      0.95872821     0.022165308      0.12207996     0.053187397       1.0401628      0.99973978        23.94288       16.915119       13.856308      0.73640801      0.79543606      0.75231184      0.99686208      0.99821251   2.0935085e-09       67.343631      0.81209941      0.31948154      0.83805293     0.097543962         13.7477       10980.211       4.8558796        4.8558796       10980.211                               10550.694                 24.659762                 396.04408                      8.8137194
              5       5495.1817       3.0413756       3.1441991      0.95871731     0.022165424        0.122058     0.053176322       1.0401516      0.99963364       23.907464       16.889876       13.834209      0.73313103      0.80153905      0.75774248      0.99693128      0.99844041    2.093402e-09       67.355122      0.81197475      0.31932438      0.83771817     0.098199109       13.747264       10980.653       4.8552388        4.8552388       10980.653                               10551.127                 24.683315                 396.03796                      8.8043719
              2       5495.0676       3.0376746       3.1441991      0.96100343     0.022165424        0.122058     0.053176322       1.0401516      0.99873467       23.368305       16.329646       13.589789      0.79990283      0.90761111      0.94750799      0.99691932      0.99484493   2.0856687e-09       67.355122      0.81117365      0.31932438      0.83689168     0.098199109       13.747264       10979.948       5.0936662        5.0936662       10979.948                               10550.928                 23.960037                 396.04508                      9.0149303
              3       5495.3165        3.037227       3.1686367      0.96153813     0.022162587      0.12190878      0.05236346        1.040072      0.99869799       23.251438       16.302804       13.433376      0.72574855      0.91082861      0.86414418      0.99627045      0.99610753   2.0847354e-09       67.659138      0.80990527      0.31612899      0.83139184      0.12263673       13.724356       10980.501       5.0661772        5.0661772       10980.501                               10551.532                 23.989863                 395.94202                      9.0370093
              4       5494.6216       3.0375493       3.1750634        0.962556     0.022192699      0.12159839     0.052557406       1.0401343       0.9990058       23.693169       16.647319        13.66914      0.80889425      0.80562159      0.81783115       0.9975988      0.99928049   2.0854074e-09       67.887553      0.80908952      0.31339713        0.826958      0.12906342       13.711649       10979.452       4.8957459        4.8957459       10979.452                               10550.517                  23.78705                 395.94754                      9.2002665
              1       5496.1371        3.039711       3.1750634      0.96224619     0.022192699      0.12159839     0.052557406       1.0401343      0.99971922       23.697347       17.157561       14.201568      0.72163969      0.89054345      0.79805506       0.9968824       1.0015999   2.0899203e-09       67.887553      0.80986899      0.31339713      0.82775468      0.12906342       13.711649       10982.568       4.8529569        4.8529569       10982.568                               10553.673                 23.917909                 395.95367                      9.0234795
              2       5496.0858       3.0397596       3.1728284      0.96223741     0.022200706      0.12160472     0.052633858       1.0401461       0.9996982       23.633084       17.124738       14.225777      0.72521539      0.89556127      0.81735115      0.99666558         1.00132   2.0900218e-09       67.870179       0.8099499      0.31358871      0.82809037      0.12682836       13.712801       10982.458       4.8568455        4.8568455       10982.458                               10553.559                 23.914148                 395.96929                      9.0150798
              1       5493.5039       3.0399764       3.1641301      0.96146653     0.022175468      0.12202462     0.052818175       1.0401524      0.99933767       22.834644       16.269663          13.561      0.73970212      0.88399554      0.87886449      0.99786776      0.99817041   2.0904751e-09       67.604698      0.81152489      0.31691997      0.83409596      0.11813006        13.72574       10977.288       4.8598178        4.8598178       10977.288                               10548.322                 24.047647                 395.99191                       8.926943
              2       5493.8911       3.0409195       3.1428562      0.96127621      0.02218774      0.12235183     0.053710856       1.0403048      0.99949512       22.836351       15.945227       13.359173        0.798939      0.87584535      0.90117555      0.99674035      0.99757928   2.0924474e-09        67.30791      0.81361025      0.32047036      0.84091039     0.096856236       13.743007       10978.006       4.8880723        4.8880723       10978.006                               10548.895                 23.933822                 396.17607                      9.0011304
              3       5494.5067       3.0416717       3.1428562      0.96213854      0.02218774      0.12235183     0.053710856       1.0403048      0.99935047       22.354478       15.454413       12.545854      0.82614689       1.0976844       1.0033037      0.99840233      0.99795477    2.094022e-09        67.30791       0.8141817      0.32047036      0.84150102     0.096856236       13.743007       10979.308       4.8526829        4.8526829       10979.308                               10550.308                 23.815967                 396.16584                      9.0179049
              7       5493.5257       3.0417979       3.1430893      0.96232402      0.02217144      0.12233689     0.053668628       1.0403397      0.99927283       22.227966       15.295409         12.2368      0.79262218      0.90808336      0.88187843      0.99812407       0.9986019   2.0942862e-09       67.313916      0.81433574      0.32034423      0.84149458     0.097089268       13.743307       10977.342       4.8549257        4.8549257       10977.342                               10548.375                 23.801532                 396.13413                      9.0312861
              2       5494.6124       3.0378977       3.1430893       0.9653763      0.02217144      0.12233689     0.053668628       1.0403397      0.99828208       21.940848       15.220333       12.255277      0.79088651      0.94331546      0.93993721      0.99753937      0.99702989   2.0861341e-09       67.313916      0.81368883      0.32034423      0.84082609     0.097089268       13.743307       10979.033       5.0957365        5.0957365       10979.033                               10550.728                 22.988957                 396.07707                      9.2396127
              3       5494.5417       3.0381879       3.1495892      0.96578035     0.022221198      0.12234695     0.053923347       1.0403473      0.99819465       21.796212       14.880742        12.03591      0.82444704      0.91504756      0.96163611      0.99607475      0.99387648   2.0867395e-09       67.429125      0.81358235      0.31938204      0.83945252      0.10358919       13.731483       10978.462       5.3105241        5.3105241       10978.462                               10550.175                 22.939523                 396.09798                      9.2493602
              1       5495.9579       3.0381353       3.1483075      0.96590054     0.022218521      0.12234229     0.053607835       1.0403936      0.99840875       22.421532       15.114643       12.653545      0.84758872      0.89153112      0.98690594      0.99812381      0.99361784   2.0866297e-09       67.429297      0.81367534      0.31936427      0.83952511      0.10230749       13.731665       10981.498        5.209081         5.209081       10981.498                               10553.261                 22.915626                 396.06637                      9.2548199
              5       5495.8654        3.037999       3.2501415      0.96847535     0.022292021      0.12205042     0.052583682       1.0400728      0.99864193       23.298314        16.40403       13.448722      0.80850174      0.89441314      0.90236868        1.002255       1.0000255   2.0863453e-09       68.657277       0.8099208       0.3075791      0.82008777      0.20414155       13.629498       10981.814       4.9582315        4.9582315       10981.814                               10553.279                 22.744071                 395.85516                       9.936411
              4       5495.9501       3.0389766       3.2642033      0.96906874     0.022262439      0.12228111     0.053199421       1.0401032      0.99845441       23.632685       16.347433       13.613743       0.8107434        0.994429      0.96488456       1.0009522      0.99986567   2.0883861e-09       68.723798      0.81099491      0.30740978       0.8209493      0.21820333       13.618407       10981.938       4.9809872        4.9809872       10981.938                                10553.33                 22.647403                 395.94521                       10.01549
              2       5496.7187       3.0385315       3.2642033      0.96908082     0.022262439      0.12228111     0.053199421       1.0401032      0.99829801       23.595702       16.265074       13.566548      0.78096829      0.99246967      0.97725446       1.0008202      0.99922789   2.0874567e-09       68.723798      0.81081822      0.30740978      0.82077045      0.21820333       13.618407       10983.391       5.0233409        5.0233409       10983.391                               10554.736                 22.636305                 395.94521                      10.073199
              2       5496.1623       3.0397218       3.2589123      0.96913267      0.02218721      0.12267882     0.054043969       1.0402125      0.99833649       23.749449       16.415317       13.670713      0.81560868       1.0389474      0.94698654      0.99871207       1.0014918   2.0899429e-09        68.49743       0.8131767      0.31013227      0.82679488      0.21291227       13.629632       10982.272       5.0260567        5.0260567       10982.272                               10553.691                 22.532865                 396.07537                      9.9727336
              6       5495.9142       3.0390648       3.2589123       0.9701662      0.02218721      0.12267882     0.054043969       1.0402125      0.99749005       22.920238       16.089305       13.389781      0.86134902       1.0775412       1.0526887        1.001113       1.0020734   2.0885701e-09        68.49743      0.81323413      0.31013227      0.82685327      0.21291227       13.629632       10981.194       5.3169297        5.3169297       10981.194                               10552.829                 22.406729                  396.0804                      9.8785227
              2       5496.8864       3.0420646       3.2589123      0.96591626      0.02218721      0.12267882     0.054043969       1.0402125       0.9977785       23.292459       16.846148       13.850822      0.93659281       1.0783745       1.0649708        1.002755       1.0045994   2.0948449e-09        68.49743      0.81312026      0.31013227       0.8267375      0.21291227       13.629632       10983.125       5.3237819        5.3237819       10983.125                               10554.245                 23.438589                 396.15326                      9.2879926
              4       5498.7319       3.0438115       3.2871505       0.9673571       0.0221591      0.12296561     0.055061978       1.0402873      0.99759948       23.637767       17.276125       14.102171      0.97235831      0.99537133       1.1311513       1.0055159       1.0029609   2.0985076e-09       68.723553      0.81456691      0.30864247      0.82621671      0.24115047       13.603166       10986.579       5.4422132        5.4422132       10986.579                               10557.581                 23.190773                 396.31903                      9.4889019
              4       5499.2287       3.0412224       3.2871505      0.97092708       0.0221591      0.12296561     0.055061978       1.0402873        0.998643       23.873274        17.15898       14.158956      0.94451053      0.94771934       1.0689338       1.0031435      0.99938779   2.0930814e-09       68.723553      0.81463929      0.30864247      0.82629013      0.24115047       13.603166        10988.49       4.9838525        4.9838525        10988.49                               10559.548                 22.176261                 396.26272                      10.502415
              3       5496.8653       3.0412233       3.2871741      0.97093178     0.022159149      0.12296431     0.055060858       1.0402878      0.99823744       23.739115       16.879707       14.007524      0.89090326       1.0027207       1.0459336        1.000628      0.99753825   2.0930833e-09        68.72448      0.81463648      0.30863149      0.82627258      0.24117405       13.603118       10983.599       5.0660577        5.0660577       10983.599                               10554.753                 22.226924                 396.27168                      10.346512
              2       5496.7952       3.0408038       3.2857435      0.97037687     0.022161128      0.12305284     0.054795074       1.0402248      0.99810187       23.454729       16.757777        13.84898      0.84552832       1.0134357       1.0614615       1.0009869      0.99801793   2.0922053e-09       68.657347      0.81455201      0.30942737      0.82725148      0.23974349       13.606576       10983.394       5.0979987        5.0979987       10983.394                               10554.652                 22.327031                 396.19953                      10.215484
              1       5498.6285       3.0395932       3.2857435      0.97040778     0.022161128      0.12305284     0.054795074       1.0402248      0.99714644       23.151699       16.310057       13.441611      0.76646596       1.0194934        1.055177       1.0011804      0.99924825   2.0896741e-09       68.657347      0.81406886      0.30942737       0.8267608      0.23974349       13.606576       10986.364       5.4464696        5.4464696       10986.364                               10557.604                 22.366585                 396.21451                      10.179269
              1       5498.9289        3.039221       3.2438035       0.9690572     0.022161658      0.12329268     0.054573244       1.0403513      0.99713397       22.632339       15.941093       12.551422      0.85971674      0.92182329      0.97765594      0.99394792      0.99485466   2.0888965e-09       68.135672      0.81557353      0.31470146      0.83531807      0.19780352       13.645753       10986.342       5.7578942        5.7578942       10986.342                               10557.898                 22.505016                 396.21584                       9.723301
              1        5499.884       3.0392923       3.2684309      0.97037526     0.022327528      0.12274162     0.055338966       1.0402295       0.9969405       22.422129       15.327014       12.730204      0.77075873       1.1563675       1.0357825       1.0011847        1.003387   2.0890453e-09       68.708761      0.81276183      0.30865768      0.82440613      0.22243085       13.605917       10988.571       5.5984774        5.5984774       10988.571                               10559.691                 22.373349                 396.29117                      10.215565
              2       5496.0974       3.0391329       3.3028909      0.97055405     0.022443526      0.12328816     0.054362243       1.0401388      0.99614921       21.480964       14.947122       12.177192      0.78906467       1.0185347       1.0304774       1.0007226       1.0014533   2.0887123e-09       68.981359      0.81296578      0.30761537      0.82321952      0.25689085       13.565025       10980.225       5.9847088        5.9847088       10980.225                               10551.641                  22.55887                 396.06744                      9.9579633
              1       5496.4121       3.0395203       3.2853135      0.97060954     0.022346134      0.12317426      0.05465833       1.0402637      0.99597924       21.348019       14.632254       11.783484      0.76844975      0.88077904      0.94033419      0.99980951       1.0025693   2.0895218e-09       68.779157      0.81379267      0.30898006      0.82588272      0.23931346       13.588009       10980.601       6.1117598        6.1117598       10980.601                               10552.122                 22.524905                 396.17471                      9.7794969
              4       5494.5839       3.0428996       3.2853135      0.96991164     0.022346134      0.12317426      0.05465833       1.0402637      0.99769627       21.843505       14.877297       12.264804      0.86886242      0.96282816       1.0022159       1.0031496       1.0025293   2.0965948e-09       68.779157      0.81494805      0.30898006      0.82705525      0.23931346       13.588009       10978.585       5.2914163        5.2914163       10978.585                               10550.176                 22.654419                  396.1699                      9.5849442
              1       5494.8959         3.04289       3.2860154      0.96997606     0.022348616      0.12312636     0.054696759       1.0402581      0.99763076       21.420698       14.908086       12.009776       0.8678242      0.88389884       1.0010821       1.0031145       1.0016118   2.0965747e-09       68.804157      0.81477321      0.30865963      0.82644895       0.2400154       13.587029         10979.2       5.2958063        5.2958063         10979.2                               10550.795                 22.654624                 396.16049                       9.589944
              4       5494.2554       3.0428058       3.2621277      0.96929446     0.022330124      0.12325458     0.054649967       1.0403447      0.99720271       20.710107       13.950981       11.307194      0.84462441       1.0079979       1.0982664       1.0024137       1.0001811   2.0963982e-09       68.498695      0.81577121      0.31165249      0.83146324      0.21612766       13.610675        10977.63       5.4405358        5.4405358        10977.63                               10549.299                 22.774606                 396.21217                      9.3440574
              2       5496.6062       3.0462242       3.2621277      0.96734243     0.022330124      0.12325458     0.054649967       1.0403447      0.99890435       21.859829       15.273445       12.264877      0.99792224      0.91062139       1.0253822        1.006523      0.99975615   2.1035767e-09       68.498695      0.81655068      0.31165249       0.8322577      0.21612766       13.610675       10983.024        5.094334         5.094334       10983.024                               10554.451                 23.174973                 396.22227                      9.1758299
              3       5499.8126       3.0460433       3.2649942      0.96716018     0.022358723      0.12334416     0.054478074       1.0403101      0.99741826       21.419059       14.291526       12.085223      0.94788129       1.1154434       1.4001825      0.99736168      0.99710524   2.1031963e-09       68.512844      0.81649444      0.31177557      0.83236468      0.21899417       13.606355       10988.835       5.3951866        5.3951866       10988.835                               10560.156                 23.441774                 396.19793                      9.0387247
              3       5496.4929        3.046096       3.2671935      0.96730561     0.022357917      0.12330401     0.054515991       1.0403106      0.99744756       20.804788       14.527256       11.485572      0.93309744       1.4308497       1.4010592       1.0000408       1.0016086   2.1033071e-09       68.551565      0.81637181      0.31133629      0.83165317      0.22119353        13.60406       10982.347       5.3193972        5.3193972       10982.347                               10553.699                 23.416598                 396.19498                       9.036596
              3       5494.4028        3.045676       3.2580585      0.96672908     0.022343885      0.12321665     0.054552394       1.0402544      0.99732746        20.04509       14.601222       11.077239      0.91079589       1.2293348       1.1926376      0.99939792      0.99985805   2.1024238e-09       68.446059      0.81598832      0.31208041       0.8322553      0.21205847       13.615887       10978.089       5.3585647        5.3585647       10978.089                               10549.362                 23.507987                 396.20605                      9.0120832
              5       5493.5263       3.0456766       3.2579179      0.96672183      0.02234379       0.1232212     0.054548838       1.0402552      0.99811087       19.871819       14.092682       10.766851      0.88345183       1.2902167       1.2167822      0.99618113      0.99765811   2.1024251e-09        68.44307      0.81600626      0.31211719      0.83232263      0.21191791       13.616031        10976.71        5.171099         5.171099        10976.71                               10548.055                 23.389476                 396.20446                      9.0618596
              1       5493.8299       3.0458238       3.2579179       0.9663292      0.02234379       0.1232212     0.054548838       1.0402552      0.99836016       19.767238       14.125944       10.762823      0.93483451       1.2953612       1.3061599      0.99667089      0.99688112   2.1027347e-09        68.44307       0.8159428      0.31211719       0.8322579      0.21191791       13.616031       10977.451       5.1044323        5.1044323       10977.451                               10548.735                  23.44839                 396.20717                      9.0602371
              2       5494.3097       3.0454037       3.2605425      0.96565046     0.022281337      0.12347436     0.053866615       1.0402038      0.99778316        19.40379       14.021974       10.557286      0.93273148       1.3603569       1.3790346      0.99652514      0.99836346   2.1018516e-09       68.315259      0.81650291      0.31369479      0.83493134      0.21454253       13.622166       10978.115       5.2521689        5.2521689       10978.115                               10549.251                 23.682229                 396.13826                       9.043427
              1       5493.5152       3.0433524       3.2605425      0.96840749     0.022281337      0.12347436     0.053866615       1.0402038      0.99755851       19.752263       13.622825       10.534388      0.95790233       1.2513951        1.362915      0.99445073      0.99626628   2.0975443e-09       68.315259      0.81653272      0.31369479      0.83496183      0.21454253       13.622166       10976.059       5.4857981        5.4857981       10976.059                               10547.796                 22.968189                 396.07972                      9.2146666
              2       5494.2749       3.0429785       3.2758443      0.96837122     0.022320265      0.12344776     0.053700474       1.0400751      0.99754834       19.707185       13.760857        10.62541      0.95199126       1.2741024       1.3812784      0.99456509      0.99665677   2.0967603e-09       68.489189      0.81558052      0.31212982      0.83190521      0.22984431       13.606701        10977.61        5.469684         5.469684        10977.61                                10549.33                  23.01111                 396.06553                      9.2034325
              5       5494.6404       3.0427236       3.2689264      0.96847098      0.02227963       0.1230942     0.053721547       1.0400786      0.99690449       19.369035       13.532425        10.22156       0.9226887       1.3814561         1.34281      0.99789296       1.0023584   2.0962258e-09        68.49974      0.81474278      0.31119359      0.82980341      0.22292639       13.616098       10978.077       5.6018361        5.6018361       10978.077                               10549.826                 23.087272                 396.04866                      9.1153036
              1       5496.6466       3.0424304       3.2501377      0.96756057     0.022221412      0.12331331     0.053313701       1.0401263       0.9978185       19.646415       13.107107       10.589551      0.94772615       1.0536905       1.2618637       1.0003447       1.0037895   2.0956113e-09       68.175127       0.8158668      0.31451027      0.83536457      0.20413769       13.640189       10982.817       5.2383655        5.2383655       10982.817                                10554.52                 23.078323                 396.03364                      9.1849969
              1       5496.5831       3.0426981       3.2278857      0.96789726     0.022203902      0.12295895     0.053793719       1.0402657      0.99814465       19.861607       12.889533       10.609129      0.92780352       1.0673701       1.2222008       1.0004672       1.0039708   2.0961724e-09       68.075186      0.81578726      0.31463197      0.83544471      0.18188568       13.658729       10982.885       5.1405672        5.1405672       10982.885                               10554.665                 22.931565                 396.08046                      9.2079652
              2       5499.3983       3.0421444       3.2346821       0.9678768     0.022219191      0.12283492     0.053245323       1.0402061      0.99824188       19.175665       12.319738       10.346471       1.0030364        1.178199       1.4191901       1.0020718       1.0017123    2.095012e-09       68.189029      0.81484071      0.31334842      0.83277148      0.18868214       13.651624       10988.659       5.0686546        5.0686546       10988.659                                10560.49                 22.977395                 396.01754                      9.1741768
              1       5504.8817       3.0465607       3.2346821      0.96924377     0.022219191      0.12283492     0.053245323       1.0402061      0.99938848       19.843597       13.186422       11.316276      0.88643949       1.1175559       1.4238934      0.99249707      0.99912673   2.1042846e-09       68.189029       0.8170713      0.31334842      0.83505115      0.18868214       13.651624       10999.563       5.1004537        5.1004537       10999.563                                10571.54                 22.850395                 396.02418                      9.1476726
              1        5500.559        3.047706       3.2636715       0.9717549     0.022266494      0.12250278     0.053405719       1.0403708       1.0000706       21.111203       13.836302        11.77945      0.93922129       1.0396558       1.2123021       1.0006868        1.003264   2.1066961e-09       68.734233      0.81636601      0.30779421       0.8269029      0.21767151       13.611571       10991.435        4.841281         4.841281       10991.435                               10563.821                 22.465876                 395.98575                      9.1628839
              2       5496.3981       3.0472478       3.2636715      0.97243689     0.022266494      0.12250278     0.053405719       1.0403708       1.0013871       21.458267       14.188532       12.087798      0.96954345       1.0489679       1.1708986      0.99982639       1.0023353   2.1057311e-09       68.734233      0.81639491      0.30779421      0.82693217      0.21767151       13.611571       10982.863       4.9665869        4.9665869       10982.863                               10555.306                  22.14634                 395.96932                      9.4413041
              4       5496.8403       3.0468104       3.2478407      0.97057979     0.022240669       0.1233873     0.052490393       1.0403756        1.000813       20.640312       14.024738       11.710301      0.92986137      0.93296219       1.1374835      0.99693794      0.99916805   2.1048102e-09       68.223743      0.81907189      0.31426252      0.83831588      0.20184066       13.633499       10983.904        4.888479         4.888479       10983.904                               10556.208                 22.465998                 395.90084                      9.3285553
              2       5495.3811       3.0471061       3.2345498      0.97079469     0.022221493      0.12329184     0.052676248       1.0404922       1.0016704       20.769446       13.764438       11.337568      0.95563048      0.94177543       1.0965113       0.9971071      0.99812161   2.1054326e-09       68.127623      0.81952549      0.31490295      0.83963436      0.18854978       13.644913       10980.626       5.0679459        5.0679459       10980.626                               10553.039                 22.303171                 395.88988                      9.3947927
              2       5497.3167       3.0466131       3.2608843      0.97222737     0.022406181      0.12259682     0.052625549       1.0403823       1.0024664       21.052121       13.923421       11.806385      0.92303619      0.91816993       1.0595021      0.99621821       0.9951151    2.104395e-09       68.790762      0.81589742      0.30778247      0.82641249      0.21488431       13.600541       10983.708       5.4627334        5.4627334       10983.708                               10556.201                   22.1054                 395.84292                      9.5588881
              2       5495.1561       3.0476959       3.2608843      0.96537369     0.022406181      0.12259682     0.052625549       1.0403823       1.0008467       22.481932       15.466148       12.710477      0.93280072      0.85452728      0.99156458      0.99868642       1.0006218   2.1066749e-09       68.790762      0.81417407      0.30778247      0.82466693      0.21488431       13.600541       10980.606       4.8531664        4.8531664       10980.606                                10552.01                 23.789616                 395.89731                      8.9091593
              7        5498.923       3.0476943       3.2731141      0.96671436     0.022474095      0.12200773     0.052699701       1.0404007       1.0012767       22.865441       15.939609       13.662906      0.75460156      0.86889074      0.93754319      0.99402951      0.99786724   2.1066715e-09       69.202644      0.81202372      0.30304138      0.81612946      0.22711414       13.578543       10987.613        5.116626         5.116626       10987.613                               10559.071                 23.561226                 395.83669                      9.1440331
              2       5497.5016        3.047731        3.262474      0.96656363     0.022450538      0.12195615     0.052841272       1.0404405       1.0013293       22.706747       15.389446       13.295177      0.80607409      0.89442084      0.98079617      0.99519062       1.0018717   2.1067489e-09       69.091436      0.81227167      0.30386029      0.81748097      0.21647399       13.590127       10984.884       5.0597942        5.0597942       10984.884                               10556.353                 23.548951                 395.87765                      9.1038868
              2       5497.3175       3.0463484        3.262474      0.97080915     0.022450538      0.12195615     0.052841272       1.0404405       1.0024683       22.940898       15.397189       13.336081      0.79944268      0.83633297      0.88511281       0.9938841       1.0009823    2.103838e-09       69.091436      0.81305035      0.30386029      0.81826465      0.21647399       13.590127       10983.706        5.464486         5.464486       10983.706                               10555.621                 22.422723                 395.87362                      9.7882518
              2        5501.517       3.0439986       3.2763549      0.96845666     0.022380557      0.12208413     0.051380369       1.0399993         1.00194       22.492523       15.736318       12.864525      0.99913549      0.92183647      0.95915327      0.99694614       1.0068816   2.0989003e-09        68.99735      0.81125354      0.30481139      0.81773309      0.23035495       13.596737       10992.294       5.3697581        5.3697581       10992.294                               10564.109                 22.912448                 395.72174                      9.5514242
              3       5500.5026        3.038735       3.2763549      0.96999903     0.022380557      0.12208413     0.051380369       1.0399993       1.0003476       21.089179       14.505984       12.321815      0.85766838       1.1417665       1.2056261      0.99273059      0.99621725   2.0878814e-09        68.99735      0.80960585      0.30481139      0.81607224      0.23035495       13.596737       10990.744        5.130687         5.130687       10990.744                               10562.152                 22.470732                 395.76624                      10.355293
              1       5499.6549       3.0432364       3.2763549      0.96703662     0.022380557      0.12208413     0.051380369       1.0399993       1.0014076        21.34526       14.752451       12.060851      0.88714541      0.99668811       1.0290121      0.99631202       1.0059676   2.0973011e-09        68.99735      0.81049787      0.30481139      0.81697138      0.23035495       13.596737        10988.93       5.1898297        5.1898297        10988.93                               10560.421                 23.229482                   395.753                      9.5262357
              5       5496.6351        3.043962       3.2520023      0.96642404     0.022241577      0.12224932     0.052321815       1.0400874       1.0001606        20.29582        14.00987       11.219653      0.96306148       1.0636136       1.2446677      0.99462413       1.0019712   2.0988234e-09        68.57151       0.8125151      0.30866473      0.82416529      0.20600233       13.633055       10983.368       4.9512457        4.9512457       10983.368                               10555.057                 23.370223                  395.8498                      9.0904849
              2        5496.724       3.0437128       3.2433577      0.96592398     0.022243696      0.12232637     0.052197924       1.0400809      0.99958035       19.862374       13.572768       10.697211       1.0063234       1.1458037       1.3297671      0.99612042       1.0061687   2.0983004e-09       68.444484      0.81274804      0.30998051      0.82615683      0.19735769       13.642053       10983.318       5.0648605        5.0648605       10983.318                               10554.971                 23.530056                 395.86337                      8.9534557
              1       5496.1453       3.0447166       3.2006836      0.96748111       0.0221513       0.1214957     0.052917308       1.0405077       1.0008197       20.158492       13.414511       10.584418       1.0396943       1.0097768       1.2359902      0.99593777       1.0027118   2.1004077e-09       68.310857      0.81295097      0.30921631      0.82534386      0.15468358       13.678222       10982.374       4.9582857        4.9582857       10982.374                               10554.291                 23.028486                 395.95521                      9.0990055
              6       5497.0274       3.0447044       3.2012502       0.9674939     0.022153629      0.12151555     0.052837933       1.0405131       1.0008457       19.908267       13.407351       10.346153      0.96910566      0.98263975       1.0419822      0.99851694       1.0041916   2.1003821e-09       68.314217      0.81299413      0.30923341       0.8254105      0.15525019       13.677337       10984.172       4.9413137        4.9413137       10984.172                               10556.118                 23.029489                 395.92803                       9.096692
              4       5497.7907       3.0442412        3.214443      0.96762211     0.022177153      0.12143837     0.052277974       1.0404416       1.0015566       20.834814       13.769703       11.237883      0.97135566      0.87534482       1.0384166       1.0008317       1.0035855   2.0994095e-09       68.489279      0.81203753      0.30754021      0.82217909      0.16844295       13.663416       10985.488       5.0468319        5.0468319       10985.488                               10557.403                 22.975185                 395.85578                      9.2539683
              1       5499.1981       3.0446934       3.2193143      0.96781558     0.022273279      0.12163349     0.052804168       1.0404402       1.0011738       21.183547         13.7739       11.746545       1.0353304       1.0433987       1.2102479       1.0042925      0.99799169   2.1003591e-09        68.55685      0.81238237      0.30755393      0.82254658      0.17331428       13.649784       10988.381       5.0077745        5.0077745       10988.381                                10560.28                 22.973753                 395.88725                      9.2393592
              4       5499.3395       3.0433188       3.2596387      0.96794143     0.022366738      0.12167235     0.050898762       1.0402343        1.002055       21.517382       14.041314       12.096097      0.95418958       1.1757709       1.2267754       1.0011784      0.99948994   2.0974738e-09       69.017934      0.81022045      0.30373613      0.81524998      0.21363873       13.606147       10988.416       5.1313541        5.1313541       10988.416                               10560.075                 23.039117                 395.73524                      9.5674014
              6       5498.8029       3.0437697       3.2570423      0.96883593     0.022362456      0.12146344     0.050947142       1.0403767       1.0029318       22.163177       15.293511       12.260498       1.0422152      0.79883731      0.94949956       1.0019494      0.99985868   2.0984198e-09       69.106643      0.81021342      0.30251044      0.81359634      0.21104226       13.604073       10986.622           5.492            5.492       10986.622                               10558.204                  22.79511                 395.73342                      9.8896452
              1       5496.7978       3.0426304       3.2373681       0.9676691     0.022422765      0.12148262     0.050184325       1.0403351       1.0029054       21.519636        14.58008       11.776693      0.97009547      0.87710465      0.97588925      0.99777879      0.99638879   2.0960304e-09       68.908674      0.80974865      0.30441852         0.81569      0.19136808       13.619166       10982.495        5.550457         5.550457       10982.495                               10554.206                 23.003098                  395.7145                      9.5712789
              1       5497.9085       3.0409171       3.1853557      0.96382745     0.022232638         0.12215     0.048987543       1.0402402       1.0025175       20.871221       14.285455       11.310105      0.99965643      0.80173993        1.006702      0.99445864      0.99637579   2.0924424e-09       67.882683      0.81227444      0.31472583      0.83197131      0.13935569       13.696317       10984.794       5.5114815        5.5114815       10984.794                               10556.511                 23.604436                  395.7389                      8.9398978
              2       5496.5782       3.0420508       3.1326428      0.96125396      0.02216032       0.1216319     0.050158206       1.0403519       1.0028743       20.464457       14.212211       11.415242       1.0720148      0.96023965       1.2468929      0.99357585      0.99711538   2.0948159e-09        67.43291          0.8122       0.3176398      0.83573736     0.086642782       13.751913       10981.768       5.6941284        5.6941284       10981.768                               10553.181                 24.018751                 395.72076                      8.8474679
              1       5498.0405        3.041945       3.1301267      0.96110833     0.022153958      0.12161956     0.050076151       1.0403489       1.0029286       20.796351       14.670706       11.135087      0.98521602      0.88943032       1.0564655      0.99121421        0.997279   2.0945944e-09       67.401883      0.81216913      0.31789114      0.83603616      0.08412671       13.755175       10984.292        5.894345         5.894345       10984.292                               10555.692                 24.039347                 395.71434                      8.8470286
              2        5500.989       3.0441721       3.1301267      0.95965326     0.022153958      0.12161956     0.050076151       1.0403489       1.0021586       18.678763       12.458746       9.6987503       1.1764465       1.1276195       1.5556156      0.99387873       1.0045873   2.0992644e-09       67.401883      0.81262727      0.31789114      0.83650777      0.08412671       13.755175       10991.077       5.4505827        5.4505827       10991.077                               10561.722                 24.717226                 395.74485                      8.8929892
              5       5498.2848       3.0442757       3.1164397      0.95869675     0.022166888      0.12148436     0.050321786       1.0403319       1.0022041       18.838362       12.896505        10.12574       1.0666109        1.196674        1.525983      0.99436719       1.0037979   2.0994818e-09        67.29594      0.81226834      0.31862284      0.83710001     0.070439729         13.7679        10985.76       5.4046443        5.4046443        10985.76                               10556.181                 24.919956                  395.7734                      8.8855749
              1       5499.3756        3.044913       3.1513448      0.96081079     0.022221861      0.12237531     0.049845247       1.0403808       1.0015618       18.969206         12.8554       9.6443884      0.82625411       1.1366074       1.2100668      0.99287161       1.0008626   2.1008203e-09       67.451289      0.81485851      0.31923598      0.84057698      0.10534483       13.728744       10988.275       5.2381924        5.2381924       10988.275                               10558.759                 24.573663                 395.73048                      9.2113279
              2       5496.3648       3.0432014       3.1050972      0.95877719     0.022051769      0.12231959     0.049619581       1.0403405        1.002246       19.582838       12.309726       9.3464657       1.1423302       1.4053025       1.5399138      0.99776033       1.0038274   2.0972276e-09       66.784411      0.81534676        0.325137      0.84881866     0.059097241        13.79424       10982.155       5.2871394        5.2871394       10982.155                               10552.222                 24.669874                 395.73481                      9.5280626
              2       5495.6543       3.0321065       3.1050972      0.96102565     0.022051769      0.12231959     0.049619581       1.0403405      0.99855277       19.689128        12.71158       9.8454231       1.0098617       1.2971334       1.4137517      0.99918004      0.99401047   2.0740878e-09       66.784411      0.81151996        0.325137      0.84483476     0.059097241        13.79424       10981.037       5.1355463        5.1355463       10981.037                               10552.341                 23.813855                 395.74251                      9.1405221
              1       5494.6681       3.0335388       3.0904528      0.96014867     0.022063838      0.12180934     0.049511744        1.040481      0.99859993       19.403642       12.376334       9.8676117       1.0925014       1.5273125       1.6986447      0.99635178      0.99358528   2.0770606e-09        66.84871      0.81070445      0.32339701      0.84172443     0.044452795        13.80191       10978.908       5.2143609        5.2143609       10978.908                               10549.968                 24.204589                 395.70716                      9.0273277
              1       5494.4803       3.0333788       3.0898552       0.9601259     0.022055872      0.12177753     0.049473143       1.0404729      0.99782678       19.310471       12.615954         9.90747       1.1022234       1.5058556       1.6881833      0.99936521       1.0031328   2.0767284e-09       66.843549       0.8105733      0.32335793       0.8415374     0.043855248       13.803447       10978.532       5.2141728        5.2141728       10978.532                               10549.414                  24.33228                 395.72004                      9.0662222
              1       5497.6988       3.0325476       3.0366499      0.95736262     0.021944933      0.12153936     0.049537564       1.0404576      0.99775006       18.307073       11.340793       8.5964167       1.1036415       1.7934964        1.809183      0.99528054       1.0051199   2.0750029e-09       66.218118      0.81065166      0.32869618      0.84853738   -0.0093501492       13.869372       10984.532        5.432667         5.432667       10984.532                               10554.557                  24.81516                 395.77839                      9.3814031
              3       5496.4215       3.0326069       3.0366839       0.9573958     0.021943558      0.12152741         0.04964       1.0404608      0.99770879       18.266734        10.87662       8.3779726       1.0954439       1.8560147       1.8790838      0.99820968       1.0013917   2.0751259e-09       66.222552      0.81065544      0.32862181      0.84844534   -0.0093160895       13.869333       10982.381       5.2309358        5.2309358       10982.381                               10552.444                 24.807044                 395.75672                       9.373217
              6       5497.5083       3.0295651       3.0366839      0.95712048     0.021943558      0.12152741         0.04964       1.0404608       0.9959939       17.636209        11.14499       8.4010997       1.0122653       1.9217656       1.8927686      0.99890638       1.0021562   2.0688233e-09       66.222552      0.80934083      0.32862181      0.84706944   -0.0093160895       13.869333        10982.82       6.0983893        6.0983893        10982.82                                 10552.9                 24.914084                 395.73502                      9.2702878
             11       5496.9893       3.0284044       3.0366839      0.96080898     0.021943558      0.12152741         0.04964       1.0404608      0.99630427       17.031588       10.537665       7.6780577      0.98770518       1.8234556        1.869858      0.99930935       1.0040805   2.0664234e-09       66.222552      0.80997913      0.32862181       0.8477375   -0.0093160895       13.869333       10982.051       5.9635667        5.9635667       10982.051                               10553.145                   23.8514                 395.75175                      9.3037864
              1       5497.4039       3.0275576       3.0747911      0.96299833     0.021953629      0.12158858     0.049640247       1.0403814        0.995812       17.133753       10.580734       7.9636702       1.0728241        1.875566       2.0080021      0.99362946       1.0010541   2.0646743e-09       66.620825      0.80926641      0.32486753      0.84213951     0.028791082       13.831352       10982.014       6.3968735        6.3968735       10982.014                               10553.654                 23.451612                 395.73586                      9.1726551
              8       5497.9859       3.0258093       3.0747911       0.9627339     0.021953629      0.12158858     0.049640247       1.0403814      0.99525468       17.999021       11.280184       8.9735433        1.205902       1.7802951       2.0840337      0.99910249      0.99867569   2.0610678e-09       66.620825      0.80847934      0.32486753      0.84132047     0.028791082       13.831352       10982.773       6.5994941        6.5994941       10982.773                               10554.409                 23.462043                 395.73448                      9.1671758
              2       5497.6449       3.0304076       3.0376825      0.95962683     0.022107091      0.12040469     0.047820839       1.0407937      0.99951063       19.186634       11.217973        9.340902       1.0670311       1.6001858       1.7436397      0.99238139       1.0016458   2.0705671e-09       66.866921      0.80645192      0.32017382      0.83312614   -0.0083174628       13.837269       10985.073        5.108172         5.108172       10985.073                                10556.28                 24.273828                 395.72545                      8.7945047
              7       5496.1047       3.0304303       3.0360373      0.95962895     0.022092113      0.12034212     0.047858442       1.0408076      0.99958211       18.632975       11.030161       8.8089763       1.3083077       1.5564143       1.9174032      0.99457053       1.0012352   2.0706141e-09       66.862191      0.80638756      0.32004507      0.83289215     -0.00996266       13.839819       10982.301       4.9542492        4.9542492       10982.301                                10553.51                 24.259549                 395.73609                      8.7953036
              1       5499.7939       3.0323378       2.9966985      0.95907673     0.021946278      0.12064788     0.051086202         1.04098      0.99772597       19.174583       11.166733       8.7612296       1.2454311       1.8433258       2.1110048      0.99798692       1.0053495   2.0745675e-09       66.244232      0.81002863      0.32639415      0.84491093    -0.049301488        13.89155       10988.863       5.3622978        5.3622978       10988.863                                10559.67                 24.249485                 395.79179                      9.1516518
              1        5499.829       3.0281668       2.9042801       0.9529343     0.021781475      0.11960289      0.04762265       1.0407981       1.0005888       19.139817         10.3919       8.6018031       1.1986152       1.8279525       2.1044112      0.99679971       1.0015583   2.0659325e-09       65.355154      0.80668924      0.33246793      0.84922059     -0.14171985       14.007092       10989.905       4.8763369        4.8763369       10989.905                               10559.688                 25.297182                 395.73337                      9.1864039
              1       5498.4671        3.029239       2.9042801      0.95149822     0.021781475      0.11960289      0.04762265       1.0407981       1.0008158       18.516804       11.288289        9.001355       1.2183403         1.85457       2.1615487      0.99614914      0.99564841   2.0681488e-09       65.355154      0.80670062      0.33246793      0.84923257     -0.14171985       14.007092       10986.919       5.0073206        5.0073206       10986.919                               10556.217                 25.755283                 395.72027                      9.2266626
              7         5496.62       3.0290178       2.9061496      0.95201795     0.021736746       0.1201177     0.047335689       1.0408245       1.0013834       18.845846         11.7669       9.0464325       1.1282653       1.6886582       1.9346629      0.99789872      0.99595142   2.0676913e-09       65.172039      0.80855294      0.33544631      0.85498666     -0.13985042       14.010891       10983.155       5.0423889        5.0423889       10983.155                               10552.531                 25.413605                 395.74234                      9.4684419
              3       5496.8016       3.0312002       2.9061496      0.95243228     0.021736746       0.1201177     0.047335689       1.0408245       1.0019455       18.245471       11.114595        8.459929       1.1861977       1.7683117       2.0279378      0.99737824      0.99676325   2.0722088e-09       65.172039      0.80955744      0.33544631      0.85604885     -0.13985042       14.010891       10983.254       5.1748064        5.1748064       10983.254                               10552.357                 25.397925                 395.74396                      9.7546075
              3       5499.0285       3.0306889       2.9056735      0.95213026     0.021753368      0.12007351     0.047087359       1.0407665       1.0024137       18.326617       11.569619       8.7932591       1.2495404       1.8013288       2.1001353      0.99653011      0.99212267   2.0711495e-09       65.176128      0.80901143      0.33533913      0.85533481     -0.14032651       14.011285       10986.813       5.6217909        5.6217909       10986.813                               10556.108                 25.391118                 395.75385                      9.5606984
              2       5496.8347       3.0316826       2.9169178      0.95260845     0.021803781      0.11977533     0.047293721       1.0408246       1.0023438       18.089861       12.441004       8.6701667       1.2635415       1.4968542       1.8410006       0.9977573      0.99704836   2.0732088e-09       65.466824      0.80808479       0.3317938      0.84982684     -0.12908223       13.991262       10983.082       5.2934236        5.2934236       10983.082                               10552.595                 25.449768                 395.74909                      9.2883379
              3       5496.7196       3.0336692       2.8812915      0.94953329     0.021961955      0.11962306     0.047581874       1.0408625        1.003005       18.063858       11.971791       8.4292731        1.302098       1.4813758        1.878029      0.99567897      0.99406039   2.0773315e-09       65.251465      0.80803458      0.33398798      0.85257921      -0.1647085       14.011197       10981.884       5.7774178        5.7774178       10981.884                               10550.198                 26.330721                 395.71968                      9.6354348
              1       5497.3886       3.0331013       2.8812915      0.95295257     0.021961955      0.11962306     0.047581874       1.0408625       1.0030758       17.131195       11.276366       7.7164785       1.4228655       1.5448611       2.0916594      0.99624773      0.99343458    2.076152e-09       65.251465      0.80880774      0.33398798      0.85339499      -0.1647085       14.011197       10983.121       5.8280027        5.8280027       10983.121                               10552.432                 25.289646                 395.73803                      9.6616971
              1       5496.9461       3.0323763       2.8795398      0.95280962     0.021938804      0.11946389     0.047428006       1.0408139       1.0030479       17.171602       11.384127        7.830405       1.4096884       1.5468064       2.0871725      0.99631927      0.99386869   2.0746474e-09       65.251596      0.80806599      0.33355776      0.85206305     -0.16646016       14.016299       10982.324       5.7841205        5.7841205       10982.324                               10551.773                 25.301772                 395.72681                      9.5227893
              2       5496.9093       3.0374288       2.9536792      0.95704132     0.022170401      0.11912767     0.050427707       1.0410488       1.0019915       18.518022       12.029421       8.7395821       1.2695501       1.6317657       1.9626282      0.99091441      0.99643371    2.085156e-09       66.484247      0.80707557      0.32109402      0.83496771    -0.092320805       13.905654       10982.661       5.5788606        5.5788606       10982.661                               10553.437                 24.784835                 395.75726                      8.6817966
              1       5496.7025       3.0372468       2.9444933      0.95600154     0.022233551      0.11920689     0.050816608       1.0409514       1.0015257       18.196702        10.66815       8.2640047        1.343018       1.5704487       1.9927656      0.99982093      0.99725208   2.0847766e-09       66.370157      0.80689962      0.32251874      0.83663564     -0.10150671       13.912147       10983.386       5.0093976        5.0093976       10983.386                               10553.882                  25.04108                 395.75688                      8.7061165
              1       5495.0342       3.0366804       2.9444933      0.95728257     0.022233551      0.11920689     0.050816608       1.0409514       1.0014433       16.231468       9.9924007       6.7001559       1.1635716       1.7944197       1.8826525      0.99461596      0.99413302   2.0835961e-09       66.370157      0.80705311      0.32251874      0.83679479     -0.10150671       13.912147        10979.53       5.2689608        5.2689608        10979.53                               10550.356                 24.671081                 395.78025                      8.7231502
              4       5497.7469       3.0355762       2.9638668      0.95860478     0.022211516      0.11965668      0.05107447       1.0408508       1.0003122       16.200153       10.704331       6.7526839       1.3222625       1.8131146       1.9424752      0.99819457       0.9936817   2.0812966e-09         66.3851      0.80783373      0.32335121      0.83868447    -0.082133199       13.898878       10985.476       5.0089563        5.0089563       10985.476                               10556.528                  24.36202                 395.76698                      8.8185453
              2       5495.9549       3.0348242       2.9646755       0.9586595     0.022189223      0.11968662     0.050891397       1.0407997       1.0001797       16.979381       11.270051       7.3197735        1.060316       1.5284294       1.5900445      0.99222966      0.99199203   2.0797322e-09       66.348891      0.80766245      0.32372191      0.83898715    -0.081324513       13.901956       10981.089       5.4103648        5.4103648       10981.089                               10552.197                 24.317136                 395.75142                      8.8239618
              1       5495.5656       3.0341668       2.9159262      0.95743059     0.021935385       0.1194756     0.051986205       1.0408892       1.0001296       17.434791       11.562316       7.6797781       1.0822591       1.5738392       1.6521898      0.99399386      0.99348984   2.0783654e-09       65.686403      0.80909015      0.32918924      0.84753785     -0.13007376       13.975715       10980.773        5.178877         5.178877       10980.773                               10551.481                 24.257501                 395.90372                      9.1317376
              1       5497.8351       3.0351665       2.9817415      0.96146332     0.022033462      0.12066111     0.052661286       1.0409019      0.99826597       17.288216       12.149774       8.5892235       1.1495209       1.4224101       1.6370991       1.0009031      0.99830386   2.0804441e-09       66.114013      0.81198186      0.32790542      0.84890677    -0.064258452       13.900715       10985.582       5.0442646        5.0442646       10985.582                               10556.607                 23.611068                 395.99165                      9.3718422
              1       5496.0946       3.0354478       3.0232629      0.96414429     0.022019402       0.1200234     0.053049615       1.0409528      0.99935834       18.919119       13.722752       10.161323       1.0563034       1.2621918       1.4330295       1.0019082       1.0009922   2.0810296e-09       66.815707      0.80959636      0.31960919      0.83563678    -0.022737123       13.854774       10982.507       4.8413209        4.8413209       10982.507                               10554.414                 23.039238                 395.98883                      9.0649297
              2       5496.1826       3.0331373       3.0055929      0.96309068     0.021930301      0.11987105     0.052199469       1.0408184      0.99953661       19.255858       13.933882       10.795015      0.97590752       1.1264794       1.3561026      0.99800451      0.99719628   2.0762268e-09       66.548966      0.80867066      0.32162488      0.83730924    -0.040407056       13.885626       10982.642       4.8616468        4.8616468       10982.642                               10554.594                 23.111605                 395.86935                      9.0670364
              2       5497.2936       3.0334091        3.005215      0.96319007     0.021918531      0.11988134     0.051975591       1.0408667       0.9993664       18.663917       13.485312       10.310842        1.002688       1.1221337       1.3778153      0.99743773       0.9967614   2.0767913e-09         66.5475      0.80895192      0.32163559      0.83761439    -0.040784969       13.885802       10984.782       4.9026388        4.9026388       10984.782                               10556.731                 23.157815                  395.8527                      9.0404723
              3        5497.206       3.0342302       2.9594705      0.96051659     0.021911249      0.11985176     0.052152892       1.0409294      0.99970502       18.965178       11.754465       9.0179465       1.1816402       1.3676885       1.5805516      0.99560392      0.99123143   2.0784972e-09       66.048703       0.8099695      0.32641064      0.84487059    -0.086529489       13.932474       10983.865       5.2732816        5.2732816       10983.865                                 10555.2                 23.628369                 395.94906                      9.0875128
              6       5496.8338       3.0315144       2.9379718      0.95855137     0.021899142      0.11971126     0.051308319       1.0406812      0.99948213       19.186575       11.600791       9.0589493       1.1863976       1.3015818       1.5531767      0.99682732      0.99217707   2.0728601e-09        65.75958      0.80834311      0.32892633      0.84641711     -0.10802824       13.963318       10983.342       5.1630302        5.1630302       10983.342                               10554.518                 23.954192                 395.81783                      9.0519005
              1        5499.289       3.0314761       2.8730488      0.95522152     0.021718838      0.11737315     0.051753974       1.0408043       1.0022493       20.698106       13.643548       11.559325      0.91475606        1.086668       1.2126614      0.99875709       1.0006244   2.0727806e-09       65.725224      0.80274304      0.32341621      0.83348313     -0.17295116       14.037596       10988.179       5.1996877        5.1996877       10988.179                               10559.238                  24.43425                 395.87912                      8.6277372
              2        5498.428       3.0334267       2.8630428      0.95410354     0.021827934      0.11709853     0.051972105        1.040899        1.002996        20.64624       13.135416       10.556381      0.71623401       1.1426686       0.9436998      0.99503729      0.99934378   2.0768277e-09       65.824707      0.80223797      0.32205363       0.8312022     -0.18295717       14.033127       10985.599       5.6286394        5.6286394       10985.599                               10556.379                 24.797667                 395.91851                      8.5035519
              1       5496.4078       3.0342972       2.9268902      0.95748423     0.021991562      0.11761108     0.054244244       1.0407754       1.0001436       19.093586       12.254724       9.4202925      0.97111852       1.5601155       1.4740721      0.99053278       1.0011658   2.0786363e-09       66.472353       0.8023201      0.31736216      0.82521026     -0.11910979       13.954084       10982.332       5.2418399        5.2418399       10982.332                                10553.12                  24.33586                 396.20465                      8.6714726
              1       5498.8571       3.0353854       2.8882771       0.9560724     0.021903424      0.11769854     0.055347929       1.0409021       1.0006819       19.762036       12.567485       9.6943092       1.1891955       1.7071836        1.763473      0.99340992       1.0002037   2.0808996e-09       65.966497      0.80442559      0.32223232          0.8337     -0.15772289       14.000773       10987.635       5.0398073        5.0398073       10987.635                               10558.123                 24.402136                 396.48702                      8.6227725
              2       5494.5789       3.0357941       2.8882771      0.95360728     0.021903424      0.11769854     0.055347929       1.0409021       1.0007165       20.649078       14.155195       11.372445      0.91643724        1.242777       1.2403739       1.0011499       0.9985306   2.0817502e-09       65.966497      0.80386482      0.32223232      0.83311882     -0.15772289       14.000773        10979.47       4.8437337        4.8437337        10979.47                               10549.329                 25.073885                 396.54356                      8.5242773
              6       5494.7807       3.0395826       2.8882771      0.95234351     0.021903424      0.11769854     0.055347929       1.0409021       1.0016596       20.249778        13.50477        10.78744       1.0366073       1.3514332       1.3959525      0.99977354       1.0004859   2.0896519e-09       65.966497      0.80501715      0.32223232      0.83431308     -0.15772289       14.000773       10979.547       5.0070256        5.0070256       10979.547                               10548.943                 25.598802                 396.56821                      8.4374788
              2       5495.6778       3.0398941       2.8875957      0.95222377     0.021921178      0.11764159     0.055440748        1.040915       1.0017476       19.867001       13.478982       10.635287      0.96040305       1.3689188        1.334603       1.0005409       1.0023451   2.0903029e-09       65.997166      0.80487588      0.32184266      0.83366216     -0.15840434       13.999054       10981.239        5.058556         5.058556       10981.239                               10550.588                 25.649217                 396.58373                      8.4172808
              1       5497.9493       3.0400751       2.9148083      0.95348541      0.02199678      0.11768776     0.055966448       1.0408571       1.0012048        20.99277       13.150593       10.883577       1.1792505       1.2303545       1.3830639      0.99289472      0.99667939   2.0906814e-09       66.336944      0.80417425      0.31884081      0.82904192     -0.13119165       13.964251       10985.481       5.2089284        5.2089284       10985.481                               10554.992                 25.439576                 396.65102                        8.39836
              6       5495.4729       3.0397122       2.9148083      0.95296136      0.02199678      0.11768776     0.055966448       1.0408571       1.0010554       21.677317       14.543275       12.361309      0.85778522      0.98439127       1.0687227      0.99583599      0.99957189   2.0899227e-09       66.336944      0.80387352      0.31884081      0.82873189     -0.13119165       13.964251       10981.022       4.9619678        4.9619678       10981.022                               10550.379                 25.580148                 396.67258                       8.389901
              3       5496.8737       3.0421129       2.9148083      0.95736822      0.02199678      0.11768776     0.055966448       1.0408571       1.0030403       19.850265       12.131341       9.7840984      0.87165377       1.1640659       1.1426796      0.99819893      0.99916773   2.0949461e-09       66.336944      0.80614473      0.31884081      0.83107333     -0.13119165       13.964251       10982.659       5.5444253        5.5444253       10982.659                                10553.28                 24.274236                 396.56585                      8.5382189
              3       5494.8365       3.0407848       2.9550256      0.95987868     0.022032498      0.11979745     0.055417247        1.040714        1.000373       18.924446       12.294145       9.3194518      0.92223315       1.2695736       1.2483795      0.99956064      0.99854813   2.0921657e-09       66.043861      0.81168766      0.32661035      0.84692175     -0.09097444       13.931087       10980.057       4.8078865        4.8078865       10980.057                                10550.64                 23.808525                 396.51717                      9.0914614
              1       5494.1282       3.0415248       3.0840988       0.9660173     0.022316775      0.12027913     0.053823527       1.0406651       1.0005502       18.079458       12.419763       8.7655143      0.98668076       1.3747421       1.2896327      0.99537583      0.99242379   2.0937144e-09       67.578093      0.81009352      0.31365685       0.8283272     0.038098815       13.771252        10977.85       5.2033817        5.2033817        10977.85                               10549.895                 23.000137                 396.03896                      8.9152701
              2        5493.618       3.0415358       3.0816834      0.96587496     0.022312572      0.12025306     0.053679521       1.0406751       1.0008745       19.186359       12.754489       9.6280085      0.89469238       1.1890563       1.1253853      0.99231668      0.99230467   2.0937375e-09       67.559068      0.81006642      0.31376721      0.82844519     0.035683416       13.773766       10976.361       5.4376918        5.4376918       10976.361                               10548.409                 22.997562                  396.0287                      8.9254139
              1       5493.1766       3.0403997        3.080139      0.96633181      0.02219518      0.11991286     0.053514675       1.0406697       1.0011242       19.529374       13.156474       9.9535231      0.87462695       1.1572801       1.0765371      0.99343116      0.99433369     2.09136e-09       67.561811      0.80915163      0.31273925        0.826153     0.034139009       13.785922       10975.828       5.2626475        5.2626475       10975.828                               10547.914                 22.821262                 396.00843                      9.0845004
              4       5496.3775       3.0401169       3.1010852      0.96720076      0.02224651      0.11999966     0.053193485       1.0406174       1.0010507        19.23478       12.866641       10.400958      0.69843487       1.1320733       1.0122164      0.99961404       1.0015926   2.0907688e-09        67.79946      0.80870683      0.31085119      0.82320263     0.055085212        13.76101       10982.981       4.8869986        4.8869986       10982.981                               10555.143                 22.721148                 395.91353                      9.2037779
              1       5495.3949       3.0433186       3.1442737       0.9694673     0.022464263      0.12137097     0.054635997       1.0407089      0.99910568       18.110812       11.086162        8.647853       1.0007348       1.4305072       1.5118784       0.9989257      0.99568902   2.0974736e-09       68.031266      0.81314093      0.31216982      0.82946995     0.098273653       13.697825       10980.894       4.9479327        4.9479327       10980.894                               10553.182                 22.575607                 396.08286                      9.0536699
              1        5497.422       3.0446221       3.1545562      0.96983519     0.022528455       0.1213258     0.054178195       1.0408131       1.0002146       18.513021       11.661976       9.3287093       1.0213125       1.4009677       1.5264929        0.997799       0.9975099   2.1002093e-09       68.255078      0.81316651      0.31016677      0.82683049      0.10855619       13.677639       10985.156       4.8441624        4.8441624       10985.156                               10557.515                 22.544063                 396.02284                      9.0736479
              8       5496.1629       3.0454107       3.1545562      0.96826487     0.022528455       0.1213258     0.054178195       1.0408131       1.0003446       19.282413       11.969237       9.5970741       1.0626573       1.2212162       1.4043816      0.99761034       0.9956909   2.1018661e-09       68.255078      0.81299707      0.31016677      0.82665821      0.10855619       13.677639       10982.494       4.9161466        4.9161466       10982.494                               10554.582                 22.887934                 396.05646                      8.9667281
              5       5497.7612        3.043727       3.2136677      0.97150649     0.022572876       0.1222253     0.053539199       1.0406466      0.99896718       18.270017       11.061629        8.851662       1.0221624       1.4164073        1.558652      0.99597158      0.99210517   2.0983303e-09       68.605969      0.81422005      0.30900759      0.82635325       0.1676677       13.621997       10984.996       5.2633739        5.2633739       10984.996                               10557.475                 22.410595                 395.92593                      9.1841793
              1       5495.9823       3.0408317       3.2259541      0.97296596     0.022401651      0.12245786     0.052669319       1.0405375      0.99896282       17.607625       11.014737         8.09895      0.94660406       1.4490083       1.4264545      0.99626604      0.99587017   2.0922637e-09       68.485412      0.81450237      0.31022723      0.82826952      0.17995413       13.630873       10981.912        5.026304         5.026304       10981.912                               10554.576                 22.004627                 395.82266                      9.5089217
              1       5494.5441       3.0431021       3.2259541      0.97220453     0.022401651      0.12245786     0.052669319       1.0405375      0.99960723       17.834349       11.449357       8.5220204       1.1461938       1.7223086       1.7958713      0.99839441       1.0012056   2.0970194e-09       68.485412      0.81518753      0.31022723      0.82896626      0.17995413       13.630873       10979.453       4.8177527        4.8177527       10979.453                               10552.118                 22.195271                 395.82373                      9.3160621
              4       5497.0408       3.0430554       3.2291136      0.97233044     0.022414787      0.12259218     0.052663112       1.0405217       0.9994171       19.030165        13.15608       9.7906358       1.1339569       1.4025142        1.491592       1.0010782       1.0020898   2.0969215e-09       68.480688      0.81548618      0.31058446      0.82974729      0.18311358       13.627407       10984.401       4.8400849        4.8400849       10984.401                               10557.066                 22.186363                 395.83868                      9.3108352
              1       5497.1399        3.044257        3.244325      0.97513006     0.022225101      0.12216169     0.054884007       1.0407344      0.99845538       18.293165       12.134717       8.6302541        1.061127       1.5621369        1.474468      0.99871652      0.99879555   2.0994427e-09       68.719504      0.81598331      0.30711623      0.82560446      0.19832495       13.622919       10984.297       4.9916123        4.9916123       10984.297                               10556.713                 21.742546                 396.16086                      9.6803905
              5       5496.7957       3.0429441       3.2424061      0.97500203     0.022180118      0.12200457     0.054542548       1.0406515      0.99850133        19.16947       13.042238       9.5805409       1.0259192       1.3833461       1.3134918      0.99983478      0.99961797    2.096688e-09       68.686672      0.81505511      0.30698152      0.82448443      0.19640615       13.631103        10983.66       4.9658004        4.9658004        10983.66                                10556.08                 21.714119                 396.07287                      9.7927852
              2       5500.3654        3.042997       3.1391075      0.97008122     0.021914961      0.12090889     0.053680761       1.0408878       1.0010231       19.952013       13.939785       10.738104      0.97928402       1.1892227       1.1544687      0.99904181       1.0017972   2.0967991e-09       67.737118      0.81428397      0.31268265      0.83131794     0.093107463       13.750925       10990.951       4.8897309        4.8897309       10990.951                               10563.298                 22.209179                 396.05161                      9.3922913
              3       5498.4089        3.037901       3.1391075      0.96752564     0.021914961      0.12090889     0.053680761       1.0408878      0.99927032       21.159405       15.125471       11.803801      0.82364167       1.1369617       1.0405177       1.0002186      0.99856103   2.0861408e-09       67.737118      0.81142192      0.31268265      0.82839602     0.093107463       13.750925       10987.141        4.838441         4.838441       10987.141                               10558.824                 22.581796                 396.04225                       9.692881
              5       5498.5751          3.0389       3.1257637      0.96639626      0.02195022      0.12044069     0.052860368       1.0409926       1.0007733       22.316355       14.919676       11.964972      0.94817136       1.0550771       1.0711275      0.99965575      0.99967681    2.088226e-09       67.811598      0.81029009      0.31105465      0.82508416     0.079763726       13.756002       10987.482       4.8342092        4.8342092       10987.482                               10559.078                 22.806676                  395.9831                      9.6141651
              9       5498.7715       3.0407477        3.121067      0.96595478     0.022013064      0.12031069     0.052793231       1.0411317       1.0017338        22.63177       14.958039       12.119005      0.94526037      0.97603828       1.0089735      0.99905879      0.99942283   2.0920881e-09       67.901571      0.81047578      0.31008524      0.82398624     0.075066972       13.749836       10987.479       5.0318385        5.0318385       10987.479                               10559.086                 22.932795                 395.93968                      9.5204588
              1       5497.9582       3.0418434       3.1369872      0.96649695     0.022109459      0.12052788     0.052646289       1.0411729       1.0015759       21.995165       15.470784       11.967737      0.99235558       1.0902977         1.04282      0.99636819       1.0016323   2.0943816e-09       68.103487      0.81096516      0.30892535      0.82294033      0.09098724       13.723512        10985.79       5.0632021        5.0632021        10985.79                               10557.525                 22.972819                 395.88561                      9.4065893
              2       5498.2728       3.0402645       3.1369872       0.9641244     0.022109459      0.12052788     0.052646289       1.0411729       1.0009193       23.467686       16.584479        13.37646      0.88611922       1.0116446      0.92066556      0.99508376       1.0006403   2.0910774e-09       68.103487      0.80959173      0.30892535      0.82154662      0.09098724       13.723512       10986.594       4.9757582        4.9757582       10986.594                               10557.749                 23.460323                 395.91661                      9.4679571
              1       5501.2277       3.0399452       3.1736547      0.96625507      0.02213841      0.12084147     0.052662913       1.0411287      0.99854949       20.887397       14.761132       11.829766      0.79259789       1.1590054       1.1118657      0.99263727       1.0045938   2.0904098e-09       68.427544      0.80989776      0.30673786      0.81894222      0.12765467       13.685781       10991.795       5.3301377        5.3301377       10991.795                                10563.25                 23.373719                 395.88829                      9.2829563
              1        5498.807        3.039309       3.1846893      0.96635403      0.02221641      0.12157519     0.052033313       1.0410189      0.99784196       20.820603        14.01748       11.003604      0.88938813       1.0977791       1.0909311      0.99483991       1.0043147   2.0890803e-09       68.325192      0.81134101      0.30939631      0.82394907      0.13868932       13.673133       10986.846       5.3840415        5.3840415       10986.846                               10558.507                 23.412078                 395.81748                      9.1097973
              9       5496.1302       3.0361804        3.174691      0.96530065     0.022147241      0.12105284     0.050567329       1.0408133      0.99999828       23.288033       15.805295        13.09211      0.89032018      0.83576083      0.91265601      0.99819395       1.0061441   2.0825545e-09       68.265867      0.80842322      0.30866501      0.82001511      0.12869103       13.694103        10982.28       4.9903128        4.9903128        10982.28                               10553.642                 23.276593                 395.71455                      9.6468365
              1       5498.3442       3.0379347        3.174691       0.9654592     0.022147241      0.12105284     0.050567329       1.0408133      0.99932175       21.269385       14.620409       11.507869       1.0286044       1.0475725       1.2286868       0.9967711       1.0033785   2.0862113e-09       68.265867      0.80918179      0.30866501      0.82078455      0.12869103       13.694103       10986.826       4.9312553        4.9312553       10986.826                               10558.481                 23.477642                 395.71747                      9.1497532
              3       5498.3304       3.0380557       3.1736631      0.96540055     0.022148843      0.12101774     0.050598031        1.040823      0.99938233       21.107117       14.919203       11.962472       1.0069609       1.1111357       1.2573616      0.99481527        1.004904   2.0864637e-09       68.270932      0.80912939      0.30854734      0.82057495      0.12766306       13.694553        10986.52       5.0704282        5.0704282        10986.52                               10558.172                 23.489384                  395.7112                      9.1469527
              1       5496.9238       3.0384994       3.1776464      0.96555447      0.02217576       0.1210436     0.050671473       1.0408442      0.99973089       20.806835       13.144377        10.57042       1.2950938       1.3556073       1.5886487       0.9986525       1.0032405   2.0873896e-09       68.337527      0.80923052      0.30805929      0.82002819      0.13164645       13.687289       10984.142       4.8526299        4.8526299       10984.142                               10555.768                 23.442104                 395.71997                      9.2122401
              1       5495.6322       3.0333503       3.1776464      0.96949211      0.02217576       0.1210436     0.050671473       1.0408442      0.99842825       19.740522       13.092331       10.353255       1.0039368       1.1625103        1.248006       1.0015922      0.99899141    2.076669e-09       68.337527      0.80837023      0.30805929      0.81915642      0.13164645       13.687289       10981.263       5.0006476        5.0006476       10981.263                               10553.071                 22.461374                 395.75296                      9.9780823
              1       5494.3341       3.0332764       3.1760284      0.96932328     0.022182048      0.12109729     0.050521006        1.040836      0.99888111        20.35522       13.550627       11.026014      0.93682084       1.0801046       1.2302635       1.0023868       1.0023056   2.0765155e-09       68.302348      0.80847907      0.30850525       0.8198595      0.13002844        13.68878       10978.787       4.9404699        4.9404699       10978.787                               10550.543                 22.434894                 395.74911                      10.059915
              1       5495.5545       3.0327483       3.1600556      0.96788919     0.022209696      0.12071509     0.050549766       1.0407493      0.99834794       19.083218       12.646247       9.7945426       1.2821669       1.6060795       1.7968782      0.99707773       1.0004832   2.0754194e-09       68.245636      0.80681987      0.30825694      0.81784761      0.11405561       13.703253       10981.014       5.0474655        5.0474655       10981.014                               10552.716                 22.763238                 395.73672                      9.7976914
              4        5494.244       3.0315185       3.1600556       0.9668667     0.022209696      0.12071509     0.050549766       1.0407493      0.99789579       19.867403       13.370187       10.369191       1.2011556       1.3530452       1.5783167       0.9976549      0.99749566   2.0728686e-09       68.245636      0.80600831      0.30825694      0.81702496      0.11405561       13.703253       10978.091       5.1983253        5.1983253       10978.091                               10549.469                 22.945517                 395.75395                      9.9230652
              7       5494.3251       3.0334625       3.1600556      0.96681471     0.022209696      0.12071509     0.050549766       1.0407493      0.99894376       20.110708       13.288063        10.42863       1.2485241       1.3203582       1.5726228      0.99866005      0.99853883   2.0769022e-09       68.245636      0.80677609      0.30825694      0.81780323      0.11405561       13.703253       10978.862       4.8941579        4.8941579       10978.862                               10550.355                 22.944494                 395.75395                      9.8082406
              3       5495.6061       3.0339535       3.1600556      0.96718908     0.022209696      0.12071509     0.050549766       1.0407493      0.99912182       19.894885       14.305145       10.872851      0.98867545       1.1241885       1.1574615      0.99591204       1.0062212    2.077922e-09       68.245636      0.80708979      0.30825694      0.81812123      0.11405561       13.703253       10980.964       5.1240221        5.1240221       10980.964                               10552.589                 22.879299                 395.73727                      9.7585765
              6       5494.8471       3.0343603       3.1560337      0.96657498     0.022249376      0.12050502      0.04981206       1.0407872      0.99974051        19.72672       14.045282       10.462602      0.93936482        1.019639       1.0224219      0.99878993       1.0029947   2.0787676e-09       68.318922       0.8063566      0.30723091      0.81601656      0.11003373       13.701369       10980.009       4.8428038        4.8428038       10980.009                               10551.588                  23.06372                 395.72485                      9.6318191
              3       5493.1087       3.0335976       3.1809968      0.96810213      0.02225246      0.12074625     0.050306325       1.0406941       1.0003274       22.135358       15.351539       12.433438      0.87570593      0.93703655      0.94364443      0.99980637       1.0020799   2.0771827e-09       68.494521      0.80649921       0.3061784      0.81476169      0.13499681       13.679398       10976.586        4.815647         4.815647       10976.586                               10547.694                 22.587664                 395.72822                      10.576704
             16       5493.9807       3.0342595       3.1556524      0.96557207     0.022385049      0.12081415     0.049786423       1.0406536       1.0008246       21.086156       14.747835       11.979247      0.93709487      0.99315256       1.1015246      0.99794498      0.99954339    2.078558e-09       68.273521      0.80635483      0.30859389      0.81782283       0.1096524       13.693467       10978.238       4.8618078        4.8618078       10978.238                               10549.577                 23.094249                 395.69502                      9.8716155
              4       5492.8997       3.0335936       3.1713627      0.96735688     0.022288085      0.12178431     0.049106666       1.0407004       1.0002661       20.501208       14.407218       11.343411       0.9002631      0.92233963       1.0040015      0.99579498      0.99685625   2.0771744e-09       68.050244       0.8098218      0.31250788      0.82653134      0.12536274       13.689824       10975.942       4.9287453        4.9287453       10975.942                               10547.835                 22.711435                 395.72695                      9.6684737
              2        5493.067       3.0329862       3.1713627      0.96743256     0.022288085      0.12178431     0.049106666       1.0407004       1.0001306       21.060206       15.022352        11.89413      0.73593503        0.805642      0.85919473      0.99586438       0.9970507   2.0759132e-09       68.050244      0.80959936      0.31250788      0.82630432      0.12536274       13.689824       10976.303       4.9156277        4.9156277       10976.303                               10548.166                 22.673324                 395.70747                      9.7560401
              1       5496.4287       3.0283173       3.1518417      0.96720659     0.022011319      0.12205219     0.047223493       1.0405266      0.99997046       20.378361       13.714801       10.765011      0.86394626       1.1425522        1.149028      0.99667857      0.99359044   2.0662435e-09       67.443193      0.81003681      0.31813938      0.83416669       0.1058417       13.743716       10982.766        5.045896         5.045896       10982.766                                10554.66                 22.466689                 395.85114                      9.7873878
              2       5496.1558       3.0283215       3.1518417      0.96441778     0.022011319      0.12205219     0.047223493       1.0405266       0.9997714        22.44884       15.180931       12.400612      0.77143617       1.0348603       1.0367746       1.0005654       1.0008992   2.0662521e-09       67.443193      0.80918184      0.31813938      0.83328625       0.1058417       13.743716       10982.722       4.7950757        4.7950757       10982.722                               10554.225                 23.042979                    395.81                      9.6435089
              3       5499.0607       3.0282407       3.1538219      0.96476158       0.0220163      0.12271854     0.048075977       1.0404737      0.99832226       20.730775       13.371271       10.394361       1.0829501       1.2181407       1.2391681       1.0019784      0.99942601   2.0660853e-09       67.221643      0.81124576      0.32172556      0.84010698      0.10782185        13.74545       10988.058       5.0316559        5.0316559       10988.058                                 10559.8                 22.983384                 395.74369                      9.5306822
              8       5499.0793       3.0341305       3.1538219      0.96272655       0.0220163      0.12271854     0.048075977       1.0404737      0.99998964       20.853582       14.148339       11.784366       1.0316684      0.84594168       1.1435234       1.0007687       1.0039297   2.0782899e-09       67.221643      0.81301207      0.32172556      0.84193613      0.10782185        13.74545       10988.428       4.8654295        4.8654295       10988.428                               10559.835                 23.608971                 395.78007                      9.2040844
              5       5497.2135       3.0338234       3.1538219      0.96190632       0.0220163      0.12271854     0.048075977       1.0404737       0.9997125       21.581807       14.771591       12.363294      0.91553477      0.82179907       1.0396461       1.0006492       1.0052637   2.0776518e-09       67.221643      0.81263523      0.32172556      0.84154588      0.10782185        13.74545       10984.562       4.9325092        4.9325092       10984.562                               10555.832                 23.817308                 395.74867                      9.1642831
              5       5497.3892       3.0334871       3.1474564      0.96190363     0.021962433      0.12276794     0.048490137       1.0404656      0.99930435       21.538438       14.744925       12.315748      0.92878296      0.86547473       1.0826401        1.001132       1.0055294   2.0769531e-09       67.084266      0.81304567      0.32303464      0.84368214      0.10145635       13.757796       10984.812       4.9832496        4.9832496       10984.812                               10556.067                  23.76191                 395.75738                      9.2252918
              3       5497.1701       3.0315247       3.1540528      0.96205013     0.021954836      0.12333296     0.047796769       1.0402951      0.99770626       20.094363       13.833861       11.347998       1.0076641       1.1807491       1.4718018      0.99815625       1.0017033   2.0728814e-09       66.902303      0.81374781      0.32603962      0.84832915      0.10805276        13.75912       10983.865        5.237658         5.237658       10983.865                                10554.84                 23.825908                 395.78389                      9.4152642
              3       5494.9872       3.0354877       3.1735528      0.96272489      0.02215195      0.12305012     0.049593477         1.04047      0.99778296       19.629099       13.426421       10.468254       1.1029641       1.2181361       1.5092481      0.99497872       1.0034434   2.0811125e-09        67.44532      0.81350062      0.32062225      0.84099631      0.12755283       13.713171       10979.247       5.3638276        5.3638276       10979.247                               10550.418                  23.91623                 395.76271                      9.1495589
              4       5497.8574       3.0344378       3.2092416      0.96411814     0.022266908      0.12379034     0.049781475       1.0402611      0.99620686       18.344051       12.430909       8.9047067        1.106681       1.4654782       1.6505613      0.99342886       1.0016627   2.0789286e-09       67.625533      0.81416753      0.32078568      0.84190024      0.16324158       13.674661       10983.383       6.1660123        6.1660123       10983.383                                10554.68                 23.733612                 395.74793                      9.2211669
              4       5497.8077       3.0333723       3.2092416      0.96496221     0.022266908      0.12379034     0.049781475       1.0402611       0.9959394       19.133429       12.294684         9.28489       1.2940113       1.6176668       1.9613011      0.99277597      0.99877539   2.0767147e-09       67.625533      0.81399594      0.32078568      0.84172282      0.16324158       13.674661        10982.87       6.3727629        6.3727629        10982.87                               10554.384                 23.503829                 395.72897                      9.2535198
              1       5497.6615       3.0332043       3.2092416      0.96483762     0.022266908      0.12379034     0.049781475       1.0402611      0.99587873       19.803234       12.964473       10.100332       1.1469179       1.3920692        1.714389      0.99228607      0.99810859   2.0763659e-09       67.625533      0.81388889      0.32078568      0.84161211      0.16324158       13.674661       10982.404       6.4594567        6.4594567       10982.404                               10553.893                 23.528537                 395.73555                      9.2473408
              5       5496.4739       3.0346989       3.2953114      0.96981021     0.022380624      0.12425199     0.049221099       1.0403794      0.99585962       19.127608       13.018245       10.009604       1.0646674        1.480237       1.5590963      0.99253803       0.9985173   2.0794716e-09       68.588133       0.8147244      0.31306779      0.83227968      0.24931144       13.575619       10980.056       6.4460707        6.4460707       10980.056                               10552.078                 22.838013                  395.7466                      9.3934879
              7       5495.5441       3.0365841       3.2953114      0.96939485     0.022380624      0.12425199     0.049221099       1.0403794      0.99716291       19.043058       14.008294       10.411843      0.97028969       1.3935664       1.5255116       1.0009923       1.0022977   2.0833955e-09       68.588133      0.81536134      0.31306779      0.83293034      0.24931144       13.575619       10980.167       5.4605026        5.4605026       10980.167                               10552.167                   22.8695                 395.75174                      9.3787501
              1       5498.4928       3.0365664       3.3430896      0.97181785     0.022464035       0.1243937     0.049108312       1.0403303      0.99831752        20.49226       15.511005        11.94773      0.92778835       1.1507302        1.308134       1.0034235       1.0039131   2.0833587e-09       69.140702      0.81482778      0.30855466      0.82636375      0.29708955       13.522191       10986.692       5.1468778        5.1468778       10986.692                               10558.586                 22.367871                 395.75055                      9.9871137
              5       5495.3996       3.0342622       3.3188066      0.97057394     0.022320605      0.12377742     0.047695828       1.0402692      0.99952736       21.228478       15.393168        11.99453      0.84214107       1.2022579       1.1304173       1.0062661        1.001607   2.0785637e-09       68.933797      0.81273421      0.30881094      0.82458277      0.27280661       13.559608       10980.775       5.0123601        5.0123601       10980.775                               10552.344                 22.424715                 395.82177                      10.184245
              2       5498.6356       3.0302081       3.2941085        0.969232     0.022162862      0.12387189     0.046194175       1.0400356      0.99992318       21.257272       15.204236       12.111147      0.81897543       1.1858583       1.0791345       1.0057875       1.0002601   2.0701541e-09       68.405212      0.81208806      0.31346668      0.83011485      0.24810851       13.607025       10987.364       4.9535419        4.9535419       10987.364                               10558.724                 22.397243                 395.98052                       10.26283
              2       5500.1897       3.0317176       3.2941085      0.96579876     0.022162862      0.12387189     0.046194175       1.0400356       1.0001414       22.033418       16.443963       13.104365      0.92056729        1.256611       1.2416368       1.0074303       1.0008885   2.0732814e-09       68.405212      0.81162438      0.31346668      0.82964088      0.24810851       13.607025       10990.246        5.066845         5.066845       10990.246                                10561.27                 23.143042                 395.93679                      9.8954691
              2        5500.438       3.0318746       3.2703016      0.96425364     0.022153208      0.12344175     0.045992709       1.0400605       1.0009353       23.863386       16.802626       13.895139      0.83773475       1.1040501       1.0449794       1.0073835      0.99837147   2.0736068e-09       68.282194      0.81058189      0.31365393       0.8288227      0.22430155        13.62925       10990.594       5.1410719        5.1410719       10990.594                               10561.442                 23.396579                 395.95472                      9.8005335
              1       5496.1985       3.0330951       3.2703016      0.97051067     0.022153208      0.12344175     0.045992709       1.0400605       1.0007694       21.269976       14.851957       12.109184      0.82723812       1.1307223       1.0642533       1.0010281      0.99933058   2.0761391e-09       68.282194       0.8130338      0.31365393      0.83132978      0.22430155        13.62925       10982.717       4.8401364        4.8401364       10982.717                               10554.731                 22.268007                 396.00405                       9.713226
              2        5495.757       3.0334846       3.2541974      0.97000805     0.022116634      0.12358902     0.047089381       1.0400787      0.99999998       21.212844       13.995907        11.38924      0.85112249       1.1905107         1.15299       0.9982076      0.99730855    2.076948e-09        68.02212      0.81410777      0.31629618       0.8359268      0.20819742       13.649077       10981.839       4.8375373        4.8375373       10981.839                               10554.056                 22.309889                 395.85181                        9.62085
              2       5496.2861       3.0334738        3.255533      0.97003601     0.022124946      0.12362215     0.047089112       1.0400705      0.99994605       19.890775       12.945464       10.461391      0.91626979       1.3795585       1.4620583       1.0025261      0.99755529   2.0769255e-09       68.030154      0.81415537      0.31631103      0.83599529      0.20953302       13.647285       10982.878       4.8472766        4.8472766       10982.878                               10555.097                 22.311179                 395.85181                      9.6171844
              4       5499.8275       3.0339274       3.2260201      0.96806502     0.022133437      0.12319086     0.047022532       1.0401017       1.0011252       19.991181        12.63716       10.485938      0.94823132       1.2269248       1.3777585       1.0025851       1.0052625   2.0778679e-09       67.859004      0.81319642      0.31699042      0.83590689      0.18002008       13.673438       10989.538       5.0584299        5.0584299       10989.538                               10561.606                 22.556577                 395.85953                      9.5163176
              2       5498.0368       3.0382456       3.2260201      0.96739502     0.022133437      0.12319086     0.047022532       1.0401017       1.0024068       19.341061       12.593385       10.159535       1.1531476       1.4081717       1.5951373      0.99497949       1.0018822   2.0868599e-09       67.859004      0.81474507      0.31699042      0.83749879      0.18002008       13.673438       10985.289       5.3923929        5.3923929       10985.289                               10557.372                 22.804574                 395.84249                      9.2694807
              1       5497.4729       3.0376122        3.240807       0.9684436     0.022109884      0.12340836     0.047025642        1.040062       1.0019097       19.159629       12.836754       10.247469       1.1516102       1.2782774       1.5882121      0.99586334       1.0002608   2.0855385e-09       67.920039      0.81514248       0.3168414      0.83771032      0.19480703       13.662958        10984.62       5.1629248        5.1629248        10984.62                               10556.769                 22.619517                 395.87185                      9.3598285
              1       5496.8073        3.039934       3.3017983      0.97150462     0.022262289      0.12267585     0.047590653       1.0401807       1.0027773       21.358655        14.32604        12.07701       1.0300269       1.0871848         1.27117      0.99773547       1.0021602   2.0903863e-09       69.044411      0.81241003      0.30538916      0.81967456      0.25579827       13.580256       10982.712       5.4513178        5.4513178       10982.712                                 10554.7                 22.300808                 395.84119                      9.8700669
              1       5494.8764       3.0412359       3.2811414      0.97037016     0.022276062      0.12257739     0.047977673       1.0402791       1.0030968       21.782003       14.381447       11.666051       1.0910329       1.1670735       1.3003913      0.99579397       1.0013673   2.0931095e-09       68.886212      0.81290396      0.30661498      0.82181734      0.23514135        13.59617       10978.452       5.6502652        5.6502652       10978.452                               10550.548                 22.490654                 395.80965                      9.6039741
              2       5498.7711       3.0388821       3.2904871      0.97217677     0.022139683       0.1248471     0.048433107       1.0401235      0.99941146       19.865317       13.024608       9.6324162       1.1356478       1.3194884       1.4426342      0.99393298      0.99872557   2.0881885e-09       68.037584      0.81990852      0.31891997      0.84536766      0.24448709       13.614226       10987.532       5.0051293        5.0051293       10987.532                               10559.887                 22.127903                 395.78938                      9.7281545
              1       5499.3812       3.0418366       3.2904871       0.9670474     0.022139683       0.1248471     0.048433107       1.0401235      0.99995276       20.032906       14.302374       11.166985       1.0924624        1.244824       1.6178593      0.99290686       1.0041993   2.0943674e-09       68.037584      0.81949871      0.31891997      0.84494513      0.24448709       13.614226       10988.512       5.1251666        5.1251666       10988.512                               10560.009                 23.236878                 395.75334                      9.5129107
              3        5496.293       3.0426574        3.308731      0.96843495     0.022152805      0.12492918     0.049652352       1.0401547      0.99915137       20.281048       13.623204       10.455617       1.1288544       1.4420589       1.6628854      0.99842646       1.0070341    2.096087e-09       68.239047      0.81999413      0.31724409      0.84323162      0.26273104       13.594218       10982.381       5.1026423        5.1026423       10982.381                               10554.056                  23.02039                 395.80305                       9.501617
              1       5494.4803       3.0421921        3.308731      0.97031316     0.022152805      0.12492918     0.049652352       1.0401547      0.99883624       18.858512       12.475025       9.3944524       1.1401828       1.5720578       1.7954574      0.99787533       1.0034417    2.095112e-09       68.239047      0.82039881      0.31724409      0.84364777      0.26273104       13.594218        10979.01       4.9753981        4.9753981        10979.01                               10550.995                 22.660692                 395.75379                      9.6003039
              6       5494.7616       3.0427321       3.3476071       0.9716434     0.022325782      0.12540661     0.049134212       1.0400942      0.99897455       19.340501       12.601769       9.5588636        1.192076       1.4506855       1.7626024      0.99953653       1.0024708   2.0962436e-09       68.644041      0.82070773      0.31489201        0.840831      0.30160714       13.542386       10979.721       4.9009779        4.9009779       10979.721                               10551.877                 22.542126                 395.76296                      9.5390363
              2       5495.1269       3.0423125       3.3476071      0.97463551     0.022325782      0.12540661     0.049134212       1.0400942      0.99906031       18.518105        11.95629       9.1486384       1.1488173       1.5595977       1.8714098      0.99850447       1.0018396   2.0953643e-09       68.644041      0.82149315      0.31489201      0.84163568      0.30160714       13.542386       10980.486       4.8839996        4.8839996       10980.486                               10553.052                 21.978704                 395.76084                      9.6944753
              1       5495.0321       3.0416811       3.3505284      0.97486053     0.022297697      0.12531151      0.04895152       1.0400629       0.9991115        18.59655       12.130582       9.3006118        1.133894       1.5489544       1.8540078      0.99869613       1.0022897   2.0940418e-09       68.675537      0.82100457      0.31434206      0.84040029      0.30452837       13.542836       10980.298       4.8831227        4.8831227       10980.298                               10552.905                 21.923888                 395.78352                      9.6859268
              1       5495.8536       3.0410929       3.3485986      0.97462342     0.022296609      0.12538094     0.048771519       1.0400083      0.99859569       17.867288       11.455284       8.6694584       1.2300203       1.6788385       2.0297925       0.9986231       1.0010129   2.0928104e-09       68.610102      0.82091132      0.31508712      0.84130011      0.30259855       13.546718       10981.792       4.9576314        4.9576314       10981.792                               10554.314                 21.991447                 395.79698                      9.6893249
              2       5495.5255       3.0412157       3.3460534      0.97421363     0.022328449      0.12516556     0.049015702       1.0399826      0.99898144       18.622023       11.943511        9.372328       1.1642758       1.5854333       1.9339778      0.99906387       1.0014103   2.0930673e-09       68.673482      0.82007246      0.31411661      0.83914508      0.30005335       13.545978       10981.286       4.8825774        4.8825774       10981.286                               10553.909                 22.023983                  395.7493                      9.6038528
              2       5496.7855       3.0410896       3.3296672      0.97337109     0.022290651      0.12497744     0.048897464       1.0400014      0.99933596       18.112891       11.905735       9.0936334       1.1156404        1.727671       1.9404563       1.0032465        1.006445   2.0928033e-09       68.525701      0.81978686      0.31499181      0.84002064      0.28366715        13.56456       10983.409       5.0809186        5.0809186       10983.409                               10555.965                 22.110551                 395.75141                      9.5821806
              1       5498.4097       3.0441683       3.3296672      0.96975448     0.022290651      0.12497744     0.048897464       1.0400014       1.0004964       20.557437       13.604992       10.420535       1.3602802       1.5912834       1.8477843       1.0027983       1.0049099   2.0992565e-09       68.525701      0.81989698      0.31499181      0.84013348      0.28366715        13.56456        10986.89       4.9646558        4.9646558        10986.89                               10558.896                 22.825443                 395.76781                      9.4009417
              3       5497.6078       3.0443911        3.314088      0.96895289     0.022271589      0.12489659      0.04907038       1.0400274       1.0006065       20.234573       12.453114       10.145501       1.1091525       1.5103033        1.642735        1.005846       1.0060237   2.0997242e-09       68.368477      0.82002007      0.31622847      0.84190742      0.26808796       13.580756       10984.882       5.1669851        5.1669851       10984.882                               10556.765                 22.938992                 395.75479                      9.4224598
             15       5496.3237       3.0443933       3.3142586      0.96895798     0.022272634      0.12490138     0.049074826       1.0400266       1.0001342       20.274546        12.73121       10.005534       1.0598684       1.3995292       1.5038229       1.0030335        1.001794   2.0997288e-09       68.369373      0.82002792      0.31623266      0.84192105      0.26825863       13.580527        10982.95       4.8487969        4.8487969        10982.95                               10554.729                 23.004517                 395.76872                      9.4475518
              2       5496.9878       3.0407595       3.3142586      0.97019045     0.022272634      0.12490138     0.049074826       1.0400266      0.99905074       20.161183       13.430592       10.303984      0.90893347       1.4285256       1.4806392        1.000088       1.0006419   2.0921126e-09       68.369373      0.81893008      0.31623266      0.84079391      0.26825863       13.580527       10984.257        4.859441         4.859441       10984.257                               10556.395                 22.659349                 395.74226                      9.4600805
              4       5498.2686       3.0401575       3.2573906      0.96796972     0.022082131      0.12496798       0.0494901       1.0400878      0.99847042       18.814511       12.593051       9.3541246      0.83072792       1.5974683       1.4772715      0.99941696       1.0012256   2.0908536e-09       67.558733       0.8205966      0.32359568      0.85225674       0.2113906       13.654468       10986.574       4.9816328        4.9816328       10986.574                               10557.983                 22.906611                 395.78192                      9.9026422
              2        5495.957       3.0437758       3.2250266      0.96608179     0.022141521      0.12418767     0.050276584       1.0403706       1.0000608       19.949663       13.519923       10.242708       1.1728651       1.6288073       1.7530645      0.99976657        1.000779   2.0984326e-09       67.601684      0.81999847      0.32160712      0.84901477      0.17902659         13.6696       10982.336       4.7888571        4.7888571       10982.336                               10553.581                 23.312426                 395.75647                      9.6859325
              3       5495.7511       3.0441299       3.2250266      0.96508988     0.022141521      0.12418767     0.050276584       1.0403706       1.0000986       19.301334       12.939067        9.746357        1.187353       1.7692028       1.8998056       0.9958369       1.0009885   2.0991757e-09       67.601684      0.81983306      0.32160712      0.84884351      0.17902659         13.6696       10981.747       4.8775749        4.8775749       10981.747                               10552.768                 23.549533                 395.76812                      9.6617655
              3       5496.5804       3.0440177       3.2367359        0.965884     0.022136514      0.12420969     0.050527619       1.0403583      0.99981369       19.727336       12.915391       9.6144951       1.1859119       1.5881969       1.7283611      0.99310599      0.99718545   2.0989404e-09       67.719616      0.81978164      0.32052506      0.84736116      0.19073591       13.658789        10983.03       5.0652763        5.0652763        10983.03                               10554.243                 23.403601                  395.7961                      9.5874238
              1       5496.2251        3.042091       3.2732155      0.96733855     0.022177449      0.12430699     0.048897682       1.0402059       1.0001083       19.466123       13.369263       9.7573151       1.1326387       1.5648087       1.6146191      0.99395136      0.99850071   2.0949002e-09       68.085877      0.81841152      0.31738407      0.84178981      0.22721551       13.623111        10982.49       4.9803611        4.9803611        10982.49                               10554.193                 23.171965                 395.74499                      9.3799899
              1        5494.155       3.0410953       3.2732155      0.96781843     0.022177449      0.12430699     0.048897682       1.0402059      0.99983615       19.130411       12.918654       9.8831674      0.95003718       1.4694179       1.4867484      0.99492727       1.0006785   2.0928154e-09       68.085877       0.8181553      0.31738407      0.84152628      0.22721551       13.623111       10978.473       4.9183671        4.9183671       10978.473                               10550.274                 23.039753                 395.77245                      9.3875406
              3       5493.1982       3.0417865       3.2771333      0.96812864     0.022191252      0.12433981     0.049038109       1.0402618       1.0006844       21.147782       14.479489        11.77733      0.98486065       1.2377459       1.3629287        1.002087       1.0007579   2.0942624e-09       68.149933       0.8185273      0.31688808      0.84125081      0.23113334       13.616309       10976.702       4.8473756        4.8473756       10976.702                               10548.642                 22.901422                 395.76144                      9.3968861
              3       5494.1505       3.0422036       3.3051978      0.96929724     0.022281121      0.12422115       0.0491812       1.0402338       1.0009194       21.754253        14.68263       11.885036       1.0375461       1.1032466       1.2479493       1.0034335       0.9983669   2.0951361e-09       68.578244      0.81750301      0.31288094      0.83486891      0.25919779       13.579847       10978.451       4.9251612        4.9251612       10978.451                               10550.587                 22.752197                 395.73306                      9.3781789
              1       5495.3248       3.0392513       3.3051978       0.9710511     0.022281121      0.12422115       0.0491812       1.0402338      0.99839119       20.034992       12.890482       9.9501807       1.2010341        1.538525       1.6099181       1.0014782       1.0012387   2.0889598e-09       68.578244      0.81685274      0.31288094      0.83420482      0.25919779       13.579847       10980.628       5.0109118        5.0109118       10980.628                               10552.932                 22.557599                 395.74062                        9.39761
              1       5495.0904       3.0388326       3.3051978      0.97021599     0.022281121      0.12422115       0.0491812       1.0402338      0.99902084       21.492981         13.5861       11.385847       1.0598631       1.3143936       1.4706614       1.0013915       1.0037153   2.0880853e-09       68.578244      0.81641714      0.31288094      0.83375997      0.25919779       13.579847       10980.299        4.940652         4.940652       10980.299                               10552.491                 22.604033                 395.73451                      9.4703499
              8       5496.9615       3.0398456       3.3318864      0.97084099     0.022448988       0.1244804     0.048588713       1.0402262      0.99925684       21.151143       13.036611       10.959962       1.0373661       1.2907056       1.4250637       1.0019824       1.0037085   2.0902017e-09       68.933857      0.81641531      0.31055994      0.83065988      0.28588644       13.538112       10984.087       4.9178502        4.9178502       10984.087                               10556.282                 22.650916                 395.74931                      9.4046363
              2         5498.33       3.0400553       3.3318864      0.97079705     0.022448988       0.1244804     0.048588713       1.0402262       0.9996747       21.032443       12.899922       10.651815       1.0501223        1.248143       1.3717899        1.002442       1.0054082     2.09064e-09       68.933857      0.81648692      0.31055994      0.83073274      0.28588644       13.538112        10986.72       4.9697794        4.9697794        10986.72                               10558.908                 22.617032                 395.74931                      9.4462442
              7       5496.9657       3.0398245       3.3316309      0.97077653     0.022442068      0.12448381     0.048494167        1.040212      0.99967098       20.009744       13.225564        10.88704       1.0783595       1.3043295       1.4365136      0.99980332      0.99593119   2.0901574e-09       68.919021      0.81641865      0.31068628      0.83083222       0.2856309       13.539478       10984.178       4.8768837        4.8768837       10984.178                               10556.345                 22.612496                 395.76796                       9.452348
              5       5495.9704       3.0379641       3.3316309      0.96973105     0.022442068      0.12448381     0.048494167        1.040212       0.9988942       20.209175       14.179279       11.418786      0.98017618       1.1113274       1.2575158      0.99861505      0.99441128   2.0862726e-09       68.919021      0.81532713      0.31068628      0.82972143       0.2856309       13.539478       10981.843       5.0488373        5.0488373       10981.843                               10553.784                  22.79404                 395.75389                      9.5115126
              4       5497.6803       3.0386822       3.3316309      0.96889704     0.022442068      0.12448381     0.048494167        1.040212      0.99905539       20.900432       14.073322       11.525448      0.86691598      0.81733554      0.96746896      0.99837337      0.99692926   2.0877712e-09       68.919021      0.81535484      0.31068628      0.82974962       0.2856309       13.539478       10985.527       4.9170139        4.9170139       10985.527                               10557.363                  22.98758                 395.75789                      9.4184291
              4       5496.6565       3.0387138       3.3500766      0.96985917     0.022473867      0.12433371     0.049074349       1.0401724      0.99871991       21.042347       14.464695       11.928932      0.94978609      0.92396069       1.1423593      0.99771589      0.99682644   2.0878373e-09       69.196006      0.81449727      0.30795689      0.82522802       0.3040766       13.518736       10983.327       4.9927888        4.9927888       10983.327                               10555.119                 22.849171                 395.73813                      9.6211435
              3       5500.2247       3.0387746       3.3444586       0.9702608     0.022355547      0.12388815     0.048720747       1.0403003      0.99964586       21.590511       14.706343       12.715301      0.87906588      0.81106825       1.0491793       1.0037052       1.0011619   2.0879641e-09       69.229846      0.81397197      0.30647937      0.82271506      0.29845857       13.530364       10990.708        4.870678         4.870678       10990.708                               10562.428                 22.710457                 395.73093                      9.8387607
              2       5494.3209       3.0423926       3.3444586      0.97039585     0.022355547      0.12388815     0.048720747       1.0403003       1.0007696       20.932144       14.087127       11.021243       1.1093219       1.2901637       1.4213573      0.99907366      0.99977624   2.0955322e-09       69.229846      0.81548886      0.30647937      0.82424824      0.29845857       13.530364       10978.967       4.8371813        4.8371813       10978.967                               10550.966                 22.777847                 395.75004                      9.4731341
              3       5493.9521       3.0393802       3.2455987       0.9648088     0.022167787      0.12347787     0.048670348       1.0401082       1.0007854       20.544688       14.060276       11.017064       1.0601658       1.3264697       1.3880966      0.99959374       1.0003686    2.089229e-09       68.014969      0.81459638        0.316233      0.83634495      0.19959872       13.651285       10978.232       4.8361019        4.8361019       10978.232                               10549.833                 23.487419                 395.76295                      9.1485584
              5       5494.0404       3.0367369       3.2455987      0.96848065     0.022167787      0.12347787     0.048670348       1.0401082       0.9999468       19.419223       13.254458       10.191212        1.017491       1.3507278       1.3793656       1.0004358      0.99909301   2.0837138e-09       68.014969      0.81466715        0.316233      0.83641762      0.19959872       13.651285         10978.5       4.7905433        4.7905433         10978.5                               10550.703                 22.659821                  395.7386                      9.3982586
              1       5495.6618       3.0382649       3.2236213      0.96857772     0.022019097      0.12298797     0.050224783       1.0403286       0.9994305       19.409778       13.523511       10.199046        1.016118       1.3811653       1.3958057      0.99895361      0.99827979   2.0869002e-09       67.882948      0.81522137      0.31607843      0.83678205      0.17762127       13.679715       10981.661       4.8314707        4.8314707       10981.661                               10553.884                 22.639513                 395.73945                      9.3973453
              2       5495.1679       3.0372668       3.2186869      0.96787177     0.022046848      0.12276389     0.050978543       1.0401661      0.99879316       19.972296       14.246608       11.112509      0.91847637       1.4123326       1.3733153      0.99764757      0.99899933   2.0848182e-09       67.872453      0.81375062      0.31575001      0.83483835      0.17268695       13.685837       10980.467       4.9344484        4.9344484       10980.467                               10552.551                 22.733026                 395.80285                      9.3796004
              5       5495.2545        3.038042       3.2150708      0.96759815     0.022079463      0.12283963     0.051212979        1.040206      0.99877763       21.116433       14.867891       11.948291      0.76405076       1.0072006      0.97887242      0.99716151      0.99624555   2.0864351e-09       67.845291       0.8142325      0.31623828      0.83597834      0.16907079        13.68536       10980.478       5.0155536        5.0155536       10980.478                               10552.524                 22.809669                 395.82224                      9.3217873
              6        5496.722       3.0378449       3.2008183      0.96679912     0.022054272      0.12278462     0.050947167       1.0402125      0.99904423       19.927248       15.000625       11.896626      0.67871932       1.0300957       1.0696065      0.99788082       1.0006745   2.0860238e-09       67.681979      0.81424465      0.31759117      0.83777712      0.15481834       13.701884       10983.678       4.8830632        4.8830632       10983.678                               10555.673                 22.916443                 395.80585                      9.2821533
              2       5496.9299       3.0434172       3.2008183      0.96573212     0.022054272      0.12278462     0.050947167       1.0402125       1.0006834       19.287803       14.527625        10.86904      0.77348285       1.1577008       1.0929769      0.99587549       1.0044816   2.0976802e-09       67.681979      0.81618427      0.31759117       0.8397728      0.15481834       13.701884       10983.844       5.0080977        5.0080977       10983.844                               10555.554                 23.305975                 395.79571                      9.1883735
              3       5500.2031       3.0464751       3.1855072      0.96357487      0.02234858      0.12377245       0.0525142       1.0401885       1.0011806       19.302813       14.569179       10.688805      0.67109575      0.96582211      0.95800063      0.99752187      0.99703796   2.1041047e-09       67.403829      0.81913122      0.32303978      0.85000378      0.13950724       13.692527       10990.464       4.9713289        4.9713289       10990.464                               10561.438                 23.648137                 395.95836                      9.4195158
              1       5502.4708       3.0472898       3.1861004      0.96359092     0.022384443      0.12400484     0.052722457       1.0402317       1.0009922       19.342094       13.772019       10.107104      0.61005916      0.89565312      0.70456338      0.99894609      0.99824167   2.1058196e-09       67.375757       0.8200858      0.32389996      0.85212658      0.14010038       13.687938       10995.171       4.8850293        4.8850293       10995.171                               10565.902                 23.691317                 395.99078                       9.587645
              3       5499.7418       3.0492094       3.1861004       0.9632559     0.022384443      0.12400484     0.052722457       1.0402317       1.0015593       20.075425       14.157443       11.015889      0.75459823       1.0871072       1.0212488       1.0009448       1.0002945   2.1098658e-09       67.375757      0.82076878      0.32389996      0.85283624      0.14010038       13.687938       10989.514       4.9846521        4.9846521       10989.514                               10559.947                 23.830297                 396.00025                      9.7369508
              3       5498.0404       3.0483235       3.1380305      0.96148454     0.022170397       0.1237502     0.051831155       1.0403464        1.002334       19.364997       14.086336       10.886311      0.73921046       1.0442617       1.0588171       1.0015388      0.99929433   2.1079975e-09       66.772493      0.82138012      0.32872782      0.85980861     0.092030477       13.753853        10985.61       5.2354051        5.2354051        10985.61                               10555.296                 24.015946                 395.92736                      10.370353
              1       5500.9223       3.0457193       3.1050621      0.96032344      0.02196467      0.12355702     0.051385167       1.0402613       1.0028139       19.878318       14.609871       11.474808      0.67928767      0.95786866      0.97453431       1.0027828       1.0004838    2.102515e-09       66.262863      0.82101094      0.33289527      0.86485267     0.059062109       13.810166       10990.927       5.4585718        5.4585718       10990.927                               10560.567                 23.930619                 395.92627                      10.503573
              7        5499.805       3.0465801       3.1283577      0.96211535     0.021966238      0.12403488     0.051548543       1.0403515       1.0008432       17.548685       12.145374       9.0448453      0.79670419       1.3052652       1.3079141      0.99837644      0.99890466   2.1043255e-09       66.397922      0.82283477      0.33262984      0.86642826     0.082357659       13.785198       10989.887       4.8613111        4.8613111       10989.887                               10558.701                 23.867814                 395.95615                      11.362193
              4       5501.2549       3.0461417       3.1283577      0.95850444     0.021966238      0.12403488     0.051548543       1.0403515       1.0007269       19.666884       12.636259       10.087055      0.90852534       1.4595803       1.5026909       1.0020705      0.99366325   2.1034032e-09       66.397922      0.82154339      0.33262984      0.86506846     0.082357659       13.785198        10992.41       5.0497275        5.0497275        10992.41                               10560.721                 24.732455                 395.94524                      11.011244
              1       5502.5264       3.0467497        3.107375      0.95704348     0.021993185      0.12402905     0.051160146       1.0403973       1.0012379       19.555422        12.34149       9.9341485      0.91349094       1.4421785       1.5025072       1.0018987       0.9925519   2.1046825e-09       66.198117      0.82185068        0.334689      0.86806653     0.061374954       13.802585       10994.646       5.2032381        5.2032381       10994.646                               10562.083                 25.083393                 395.93104                      11.549358
              4       5500.6207       3.0474532       3.0699149       0.9539136     0.022070511      0.12317863     0.050493849       1.0404175       1.0020124       18.396413       13.316138       10.023978       1.0512427       1.4078556       1.5977514      0.99943909      0.99473239   2.1061636e-09       66.128683      0.81930676      0.33362431      0.86400202     0.023914902       13.829602       10990.742       5.2495477        5.2495477       10990.742                               10557.259                 26.045742                 395.80747                      11.630362
              2       5499.6737       3.0380112       3.0699149      0.95671035     0.022070511      0.12317863     0.050493849       1.0404175      0.99930594       18.344184       13.720283       10.081414      0.88883025       1.4091735        1.458552      0.99589058      0.98893527   2.0863709e-09       66.128683      0.81629477      0.33362431      0.86082571     0.023914902       13.829602       10988.307       5.5203692        5.5203692       10988.307                               10557.472                 24.898481                 395.83112                      10.104839
              2        5495.551       3.0407132       3.0992426      0.95851838     0.022160538      0.12260479     0.052521168       1.0405531      0.99919199       19.014824         13.2895       9.7950563      0.95892933       1.3732295        1.386091      0.99910628       0.9966343   2.0920157e-09       66.780107      0.81508777      0.32606233      0.84975565     0.053242604       13.784047       10981.306        4.898118         4.898118       10981.306                               10551.363                 24.643842                  396.0079                      9.2909851
              4       5495.6959       3.0425577       3.0813827      0.95776999     0.022158689      0.12249763     0.052725762       1.0407317      0.99984174       19.287442        14.13174       10.400101      0.93781008       1.1552328        1.196581      0.99642445      0.99795176   2.0958781e-09       66.669666      0.81596343      0.32689826       0.8517583      0.03538271       13.796878       10981.647       4.8721571        4.8721571       10981.647                               10551.298                 24.837863                 396.04028                      9.4711844
              2       5497.3836       3.0467883       3.1490632      0.96138921     0.022404613      0.12269909     0.055138889       1.0408853      0.99891446       19.891426       14.149529       10.758505       1.0054464       1.1743577       1.2093262      0.99825759      0.99652347   2.1047638e-09       67.635329      0.81664242      0.31860829       0.8415886      0.10306318       13.699014       10984.857       4.9551367        4.9551367       10984.857                               10555.041                 24.380617                  396.3944                      9.0409067
              1        5499.578       3.0464998        3.127357        0.960573     0.022320089      0.12258459     0.055211357       1.0409178      0.99953548       20.063558       14.316822       10.650501      0.98883211       1.0982815       1.0909145       0.9992937       0.9973915   2.1041567e-09       67.365065      0.81690889      0.32073133      0.84466342     0.081356989       13.728212       10989.478       4.8390319        4.8390319       10989.478                               10559.559                 24.376707                 396.44041                      9.1020856
              1       5495.0466       3.0427839       3.1286935       0.9608674     0.022145414      0.12173699     0.053988078       1.0407428       1.0003453       20.862648        15.16255       11.935037      0.71070343      0.86576087      0.83777079      0.99736634      0.99729041   2.0963522e-09       67.469621       0.8132629      0.31749234       0.8366368      0.08269348       13.746237       10980.361       4.8661814        4.8661814       10980.361                               10551.127                  24.09539                 396.18423                      8.9544534
              3       5495.3105       3.0453119       3.1286935      0.96397189     0.022145414      0.12173699     0.053988078       1.0407428       1.0018643       20.124611       14.298542       11.095846      0.79845739      0.90735803         0.90998      0.99726547      0.99803844   2.1016585e-09       67.469621      0.81524927      0.31749234      0.83868025      0.08269348       13.746237       10980.381       5.1199232        5.1199232       10980.381                               10551.805                  23.34424                 396.16916                      9.0632493
              1       5493.8071       3.0452478       3.0957353      0.96162185     0.022154664      0.12126854     0.053584391       1.0407318       1.0018447       19.814826       13.815427       10.840952      0.77530556      0.91872632      0.92852327      0.99577505      0.99771031   2.1015238e-09       67.255733       0.8138992      0.31849977      0.83861873     0.049735315        13.77764       10977.268       5.1729611        5.1729611       10977.268                               10548.391                 23.915532                 396.05231                      8.9094514
             11       5494.9408       3.0398678       3.0957353      0.96527664     0.022154664      0.12126854     0.053584391       1.0407318       1.0004507       19.543986       13.837534       10.783619      0.66140849      0.84608786      0.79724256      0.99684224      0.99533341   2.0902479e-09       67.255733      0.81283297      0.31849977      0.83752012     0.049735315        13.77764       10979.961       4.9602446        4.9602446       10979.961                               10551.818                 22.916162                 396.05766                      9.1698296
              6       5496.4596       3.0416062       3.0957353      0.96063996     0.022154664      0.12126854     0.053584391       1.0407318       1.0006529       19.739532       14.252925       10.888185      0.87675957        1.314181       1.1740476      0.99618769      0.99850819   2.0938848e-09       67.255733      0.81211802      0.31849977      0.83678345     0.049735315        13.77764       10983.113       4.9031496        4.9031496       10983.113                               10554.099                 24.045116                 396.06911                      8.8994565
              5       5496.6478        3.043484       3.1214574      0.96113638     0.022345428      0.12104414     0.053513348       1.0407753       1.0013379       19.998065       14.325646       11.008328      0.84552363       1.2150332       1.1016909      0.99572726       0.9993728   2.0978203e-09       67.804399      0.81078965      0.31329294      0.82855792     0.075457354       13.729775       10983.252       5.0216995        5.0216995       10983.252                               10554.244                 24.151683                 396.00936                      8.8467985
              1       5497.3821       3.0434028       3.1217949      0.96116235     0.022342456      0.12104526     0.053497017       1.0407703       1.0005789       22.017262       15.074612        11.81751      0.83037714      0.81262872      0.73576409       1.0032282       1.0004266   2.0976501e-09       67.803766      0.81076615      0.31329474      0.82853629     0.075794901        13.72988       10985.034       4.8650765        4.8650765       10985.034                               10555.996                 24.266582                 396.00936                      8.7620915
              6       5497.6174       3.0440192       3.1342556      0.96206596     0.022347844      0.12116541      0.05344002       1.0408379       1.0006387        21.86675       15.025673       11.696703      0.83405035      0.80638611      0.72737743       1.0030469       1.0005165   2.0989435e-09        67.93338      0.81133596      0.31237241      0.82789722     0.088255574       13.715055       10985.503        4.865643         4.865643       10985.503                               10556.587                 24.115585                 395.99976                      8.8012786
              3       5495.8122       3.0369232       3.1606077      0.96312224     0.022198589      0.12065215     0.051956142       1.0403063       1.0000188       22.746682       15.298699       12.482723       0.8591452      0.91700512      0.94410787       1.0024644       1.0020236   2.0841021e-09       68.115597      0.80646829      0.30927545      0.81884065      0.11460771       13.716697       10981.952       4.8361254        4.8361254       10981.952                               10552.936                 23.655027                 395.83153                      9.5297998
              2       5496.3628       3.0374067       3.2106302      0.96554877     0.022334449       0.1213423     0.051960596        1.040255      0.99779624       20.245059       13.981817       10.723169      0.99762643       1.1213985        1.217702       1.0040681       1.0016535   2.0851101e-09       68.547428      0.80759593      0.30714895      0.81716172      0.16463024       13.656709       10982.185       5.2701951        5.2701951       10982.185                                10553.55                  23.54583                 395.80378                      9.2855945
              3       5495.9302       3.0360697       3.2106302      0.97008589     0.022334449       0.1213423     0.051960596        1.040255      0.99775679       19.321533       13.047405       9.6576532       1.0270277       1.2043959       1.2404779       1.0032847      0.99990678   2.0823241e-09       68.547428       0.8084672      0.30714895      0.81804331      0.16463024       13.656709       10981.377       5.2418007        5.2418007       10981.377                               10553.392                 22.521196                 395.82154                      9.6425392
              3       5496.4315       3.0359727       3.2106302      0.97218356     0.022334449       0.1213423     0.051960596        1.040255       0.9978776       18.637344       12.805976       9.5416104       1.0759548       1.2142083       1.2902714      0.99928637       0.9995008   2.0821221e-09       68.547428      0.80908228      0.30714895      0.81866567      0.16463024       13.656709       10982.564       5.1494115        5.1494115       10982.564                               10554.932                 22.119336                 395.76553                      9.7474019
              3       5496.2295       3.0371073       3.1917658      0.97142367     0.022308869      0.12113161     0.052560403       1.0403638       0.9981429       17.107087       10.824901       8.1342396       1.2775475       1.5258496       1.9697383       1.0010666       1.0004382   2.0844858e-09       68.418746       0.8093686       0.3078007       0.8198238      0.14576579       13.674262       10982.323       5.0678067        5.0678067       10982.323                               10554.664                 22.219691                 395.82732                      9.6120109
              4       5496.9883       3.0372736       3.1893589      0.97131732     0.022307126      0.12110201     0.052623763       1.0403792      0.99819554       18.703372       11.386921       9.0647787       1.3136516       1.4169818       1.9221709       1.0036045       1.0019414   2.0848325e-09       68.405043      0.80939708      0.30785704      0.81992769      0.14335887       13.676299       10983.718        5.129547         5.129547       10983.718                               10556.075                 22.235534                  395.8129                      9.5936063
              2       5497.4123       3.0365048       3.1857763      0.97126364     0.022261958      0.12093134     0.052910738       1.0403262      0.99746333       18.381462       11.209567       8.8660371       1.3214042       1.5010489       1.9936316       1.0035625       1.0027482   2.0832303e-09       68.368107       0.8087488      0.30772801      0.81909927      0.13977633       13.685294       10984.022       5.4012502        5.4012502       10984.022                                10556.32                 22.261053                 395.86239                      9.5786997
              3       5496.6422       3.0363375       3.1857763      0.97130206     0.022261958      0.12093134     0.052910738       1.0403262      0.99801386       17.755671       11.317977       8.7451564      0.95254057       1.3264794       1.5613335      0.99786216        1.003283   2.0828818e-09       68.368107      0.80869309      0.30772801      0.81904285      0.13977633       13.685294       10982.929       5.1775756        5.1775756       10982.929                               10555.099                 22.174747                 395.86988                      9.7852945
              3       5495.7933       3.0388648       3.1743275      0.97070182     0.022327651      0.12108777     0.053528613       1.0404997      0.99819516       18.477605       11.584694       8.8777676      0.96809721       1.2628909       1.4826966      0.99969196       1.0040379   2.0881524e-09       68.293852      0.81027074      0.30887379      0.82216704      0.12832749       13.685899       10981.331       5.1278491        5.1278491       10981.331                               10553.622                 22.340696                 395.94777                      9.4203653
              3       5495.6964       3.0390997       3.1919949      0.97243544     0.022262678      0.12140268     0.053361854       1.0405962      0.99802587       18.836905       12.300838       9.3435927      0.91776461       1.2813801       1.4174645      0.99752735       1.0036083    2.088643e-09       68.366037      0.81178605      0.30875663      0.82354835      0.14599491       13.672901       10981.007       5.1926974        5.1926974       10981.007                               10553.526                 22.069874                 395.88607                      9.5258885
              4       5494.0812       3.0387871       3.1919949      0.97242756     0.022262678      0.12140268     0.053361854       1.0405962      0.99792906       17.751259       11.580961       8.4312477      0.99456191        1.484548       1.4612333      0.99759018       1.0005733   2.0879903e-09       68.366037      0.81165673      0.30875663      0.82341715      0.14599491       13.672901       10977.844       5.1590361        5.1590361       10977.844                               10550.339                 22.064025                 395.88607                      9.5553791
              1       5493.8515       3.0413271       3.1919949      0.96883046     0.022262678      0.12140268     0.053361854       1.0405962      0.99845276       18.660575       12.162809        9.213254      0.96405252       1.3939593        1.398483      0.99479157       0.9994845   2.0933004e-09       68.366037      0.81156425      0.30875663      0.82332333      0.14599491       13.672901       10977.476       5.1137372        5.1137372       10977.476                               10549.494                 22.829852                 395.97483                      9.1766184
              1       5495.0823       3.0416572        3.188847      0.96885497      0.02223591      0.12118867     0.053442683       1.0406514      0.99878684       19.161824       13.248148        9.895453      0.83698384        1.173368       1.2023988      0.99563583       1.0010245   2.0939917e-09       68.401196      0.81125413      0.30792469      0.82189918      0.14284696       13.676226       10980.158        5.003473         5.003473       10980.158                               10552.136                 22.813152                 395.98817                      9.2204972
              1       5493.8065       3.0475082        3.188847       0.9673683      0.02223591      0.12118867     0.053442683       1.0406514        1.001898       19.189406       12.993846       9.8356419       0.9297472       1.4453391       1.4862519      0.99916949       1.0065874   2.1062794e-09       68.401196      0.81316626      0.30792469       0.8238364      0.14284696       13.676226       10977.025       5.2938524        5.2938524       10977.025                               10548.941                 23.090924                 395.99401                      8.9999368
              1       5497.9058       3.0481535       3.2040393      0.96730494     0.022387309      0.12140659     0.052882173       1.0406132       1.0020898       19.663567       13.331339       9.8547866       1.0454526       1.3723219        1.188078       0.9969768      0.99933042   2.1076392e-09       68.614172      0.81301345      0.30680053      0.82217669       0.1580393       13.647779       10985.447       5.1825702        5.1825702       10985.447                               10557.433                 23.232628                 395.86639                      8.9148583
              1       5499.3699        3.046823       3.2208064      0.96856508     0.022341167      0.12213283     0.052183621       1.0405477       1.0029773       19.594142        14.10538       10.087028       1.1029944       1.1986623       1.1393462      0.99800767      0.99728941   2.1048367e-09       68.492234       0.8149029      0.30934366      0.82749589      0.17480635       13.640435       10987.638       5.5509713        5.5509713       10987.638                               10559.843                 22.745468                  395.8301                      9.2196807
              1       5498.2564       3.0466933       3.2208064      0.96897972     0.022341167      0.12213283     0.052183621       1.0405477       1.0029671       20.620081       15.075031       10.924877       1.0712438       1.1264838        1.086446      0.99538909      0.99481099   2.1045637e-09       68.492234      0.81498034      0.30934366      0.82757453      0.17480635       13.640435       10985.052       5.7304907        5.7304907       10985.052                               10557.331                 22.656786                 395.81634                      9.2477596
              3       5496.5637       3.0456998       3.1784589       0.9666304     0.022243848      0.12171273      0.05143727       1.0405442       1.0039109       20.741397       14.970056       11.805531      0.95913727      0.80729661      0.99131927      0.99405757      0.99665022    2.102474e-09        68.06759      0.81410422      0.31209864      0.83035789      0.13245889       13.691373       10980.644       6.2415177        6.2415177       10980.644                               10552.788                 22.941832                 395.80975                      9.1052945
              2       5494.1366       3.0459006        3.190169      0.96742228     0.022246782      0.12179164     0.051501447       1.0405652       1.0035869       20.811784       14.132933        10.83064        1.100888       1.2156926       1.2865018      0.99411314      0.99769524   2.1028962e-09       68.184764      0.81435504      0.31120293      0.82942095      0.14416896       13.678893       10976.245       6.0143324        6.0143324       10976.245                               10548.459                 22.852479                  395.7994                      9.1333691
              1       5494.2725       3.0456686        3.190169      0.96751802     0.022246782      0.12179164     0.051501447       1.0405652       1.0035223       20.135259       13.846654       10.576196      0.93354912       1.0737083       1.0853733      0.99598815      0.99541088   2.1024083e-09       68.184764      0.81429046      0.31120293      0.82935517      0.14416896       13.678893       10976.618       5.9635474        5.9635474       10976.618                               10548.843                 22.823797                  395.7994                      9.1515277
              3       5495.0443       3.0454437       3.1813417      0.96766629     0.022188451      0.12234619     0.052953381        1.040524       1.0026035       21.273517       14.011515       11.377682      0.84556922      0.94656627      0.98145735      0.99720975      0.99556132   2.1019354e-09        67.82702      0.81651019      0.31557301      0.83743461      0.13534166       13.697186       10979.159       5.4649657        5.4649657       10979.159                               10551.297                 22.635182                 395.95563                      9.2709034
              1       5495.7687       3.0470857       3.1770847      0.96742785     0.022229373       0.1221653      0.05344974       1.0406378       1.0011739       20.135138       12.991214       10.304846      0.86533924       1.0198621       1.1035143      0.99332642      0.99441975   2.1053897e-09       67.913383      0.81658257      0.31446744      0.83604051      0.13108473       13.693299        10980.99       5.2738858        5.2738858        10980.99                               10552.885                 22.974554                 396.03344                      9.0965101
              1       5494.4509       3.0471093       3.1773387      0.96745407      0.02222971      0.12220666     0.053421375        1.040641       1.0011534       20.448531       13.399778       11.043944       1.0617766        1.177674       1.4170192      0.99973795      0.99763068   2.1054394e-09        67.90329      0.81672922      0.31465135      0.83643514      0.13133871        13.69308       10979.062       4.9200911        4.9200911       10979.062                               10550.949                 22.971779                 396.03303                      9.1074612
              2       5494.9302       3.0501307       3.1773387      0.96467503      0.02222971      0.12220666     0.053421375        1.040641        1.001824       20.774297       13.068753        10.61713       1.2317766       1.4319812       1.6784584      0.99974469       1.0000835   2.1118103e-09        67.90329      0.81709601      0.31465135      0.83681078      0.13133871        13.69308       10979.757       5.0517696        5.0517696       10979.757                               10550.968                 23.698984                 396.05404                      9.0357662
              5       5493.0422       3.0503197       3.1743557       0.9644644     0.022234766      0.12215094     0.053365336       1.0406577       1.0019993        20.19735       13.731337        10.82444       1.0774245       1.2056635       1.4066807      0.99682326       1.0002049   2.1122096e-09       67.898099      0.81700833      0.31458957      0.83663883      0.12835573       13.694885       10975.773       5.1557088        5.1557088       10975.773                               10546.962                 23.745246                 396.04178                      9.0234932
              3       5496.0536       3.0402103       3.1743557      0.97204613     0.022234766      0.12215094     0.053365336       1.0406577      0.99943112       19.691533       12.994088       9.8657576       1.0888225       1.1391132       1.3304259        1.000211      0.99573714   2.0909641e-09       67.898099       0.8152493      0.31458957      0.83483753      0.12835573       13.694885       10982.303        4.902227         4.902227       10982.303                               10554.878                 21.906449                 395.97068                       9.548022
              1       5496.2958       3.0389502       3.1679917      0.97128805     0.022217753      0.12149952     0.052906566       1.0405615       1.0001498       20.213713       13.411712       11.072195      0.97264011       1.0746289       1.2954533      0.99887911      0.99298812   2.0883309e-09       68.005331      0.81254054      0.31215291      0.82883504      0.12199171       13.703237       10982.513       5.0391645        5.0391645       10982.513                               10554.949                 21.973419                 395.89373                      9.6966987
              3       5495.5728        3.038705       3.1679917      0.97107085     0.022217753      0.12149952     0.052906566       1.0405615       1.0000587       20.385406       13.330905       10.417734      0.84737782       1.0469745       1.1095412      0.99911797      0.99452502   2.0878188e-09       68.005331      0.81237331      0.31215291      0.82866446      0.12199171       13.703237       10981.267       4.9392967        4.9392967       10981.267                               10553.657                 22.006448                 395.89169                      9.7113603
              2        5495.581       3.0386216        3.172178      0.97128861     0.022225418      0.12159155     0.052931205       1.0405462      0.99988417       19.674775       12.558143       9.6657513      0.89828064       1.1524204       1.2128061      0.99917313      0.99786855   2.0876447e-09       68.022747      0.81254041      0.31220854      0.82890877      0.12617799       13.699042       10981.537       4.8124614        4.8124614       10981.537                               10553.956                 21.981028                 395.88125                       9.719108
              1       5495.2174       3.0381523        3.172178      0.97099625     0.022225418      0.12159155     0.052931205       1.0405462      0.99966579        18.41435       12.202926       9.3785294        1.018055       1.2802671       1.4740508      0.99727288      0.99688964   2.0866651e-09       68.022747      0.81225875      0.31220854      0.82862143      0.12617799       13.699042       10980.675       4.8797475        4.8797475       10980.675                               10553.022                 22.028784                 395.88487                      9.7399066
              4       5497.8244       3.0373713       3.1703802      0.97176118     0.022087222      0.12178883     0.052317173       1.0406119      0.99975832       18.919046       13.256959       10.537624      0.91567005       1.2696677       1.4606228      0.99858978       1.0036703   2.0850362e-09       67.840162      0.81350576      0.31401976       0.8322973      0.12438016       13.713568       10985.914       4.8672279        4.8672279       10985.914                               10558.426                  21.84517                 395.85842                      9.7852835
              1       5498.9585       3.0387294       3.1703802      0.96851248     0.022087222      0.12178883     0.052317173       1.0406119      0.99879117       16.627189       12.396241       8.5515997      0.93477003       1.5099641       1.5304722      0.99353114       1.0016645   2.0878699e-09       67.840162      0.81304821      0.31401976      0.83182919      0.12438016       13.713568       10987.666       5.1252395        5.1252395       10987.666                               10559.882                 22.630622                 395.85739                      9.2962447
              3       5494.3668       3.0408371       3.1737503      0.96871561     0.022141884      0.12143718      0.05291197       1.0407632      0.99940259       18.361375       12.705921       9.2291828       1.0330328       1.5808954        1.641604      0.99335266      0.99927403    2.092275e-09       68.098554      0.81263669      0.31100083      0.82740202      0.12775032       13.698709       10978.659       5.0373768        5.0373768       10978.659                               10550.789                 22.668113                 395.90874                      9.2934863
              1       5493.4388       3.0401065       3.1342984      0.96582072     0.022131835      0.12070638     0.051860474       1.0407256       1.0016549       19.768748       13.714356       10.626664      0.92871031       1.3372069       1.4127131      0.99227901      0.99932635    2.090747e-09       67.877511      0.81019181      0.31142171       0.8254707      0.08829841       13.738096       10976.268       5.3046862        5.3046862       10976.268                               10548.151                 23.008122                 395.83051                      9.2789746
              5       5493.1613       3.0412631       3.1594127      0.96673565     0.022260715        0.121072      0.05157376       1.0407535        1.001627       18.931993       13.443759       10.134172       1.0642132       1.4702039       1.5853548      0.99446966      0.99838902   2.0931665e-09       68.156517      0.81091287      0.30994175      0.82423985      0.11341271       13.700192       10975.997       5.1629237        5.1629237       10975.997                               10547.981                 22.980842                  395.7956                       9.239565
              1       5494.2805       3.0420016        3.075864      0.96148497     0.022235357      0.12055234     0.050294288       1.0408702       1.0032353        18.56098       12.896363       9.9254178      0.96610721         1.40142       1.4812453      0.99182807      0.99649621   2.0947128e-09       67.388356      0.81057729      0.31584792      0.83171171     0.029864019       13.782983       10976.525       6.0179199        6.0179199       10976.525                                10548.09                 23.975199                 395.70481                      8.7547509
              1       5494.7094       3.0395095       3.0193767      0.95868826     0.022063089      0.12011268     0.051261077        1.040697       1.0032605       20.433133       14.007706       11.428673      0.77016856        1.187645       1.2328634      0.99503612       1.0001393   2.0894992e-09       66.690736      0.80958705      0.32110571      0.83758124    -0.026623326       13.862439       10977.901       5.7590032        5.7590032       10977.901                               10549.173                 24.168605                 395.78845                      8.7704443
              2       5495.4363       3.0405375       3.0193767      0.95881787     0.022063089      0.12011268     0.051261077        1.040697       1.0035863       21.221688       13.424399       11.385113      0.98319324       1.1700136        1.326228       0.9950351      0.99981057   2.0916483e-09       66.690736      0.81004239      0.32110571      0.83805232    -0.026623326       13.862439       10978.997       5.9376192        5.9376192       10978.997                               10550.267                 24.168585                 395.79116                      8.7703027
              2       5494.1981       3.0386722       3.0476363      0.95997175     0.022093371      0.12063245     0.049774477       1.0405474       1.0033388       19.866223        13.31096       10.517489      0.81694284      0.95809319       1.0081551      0.99813759      0.99584829   2.0877503e-09       66.808755      0.81014591      0.32121338      0.83829993    0.0016362539       13.836638       10976.835       5.7805689        5.7805689       10976.835                                10548.33                 23.955291                 395.71577                      8.8339179
              5       5494.5368       3.0370392       3.0476363      0.96101444     0.022093371      0.12063245     0.049774477       1.0405474       1.0016681       19.186462       13.765051       10.063306      0.80045254       1.0718282       1.0466293       0.9983445      0.99593119   2.0843438e-09       66.808755      0.80980028      0.32121338      0.83794229    0.0016362539       13.836638       10978.865       5.1043316        5.1043316       10978.865                               10550.419                 23.847648                 395.72362                      8.8745412
              4       5495.0703        3.037849       3.0476363      0.96144985     0.022093371      0.12063245     0.049774477       1.0405474       1.0019487       18.843757       13.423148       9.6796831      0.81349101         1.18042       1.1035754      0.99343268      0.99496521   2.0860324e-09       66.808755      0.81026015      0.32121338      0.83841814    0.0016362539       13.836638       10979.278       5.4314441        5.4314441       10979.278                               10550.873                  23.76632                 395.73571                      8.9025541
              5       5493.4496       3.0379995       3.0873688      0.96418674     0.022066239      0.12033318     0.050224059       1.0405904        1.001903       18.850383       13.349149       9.9731538      0.90087128       1.4010577       1.4547501      0.99480649      0.99892269   2.0863464e-09       67.365254      0.80916815        0.315209      0.82942563     0.041368817       13.795559       10976.468        5.215625         5.215625       10976.468                               10548.543                 23.265162                 395.72051                      8.9397447
              2       5493.1528       3.0399554       3.0108248      0.95875866     0.022182415      0.11980711     0.050818707        1.040632       1.0028865       19.530346       12.714599       9.6982087       1.0789416       1.4810538       1.6363588      0.99607826      0.99752672   2.0904311e-09       66.775253      0.80850946      0.31987263      0.83485879    -0.035175155        13.85995       10975.187       5.5592776        5.5592776       10975.187                               10546.376                 24.370447                 395.77137                      8.6695964
              5       5493.1333       3.0394415       2.9968259      0.95805377     0.022138346      0.11994692     0.050081732       1.0406408       1.0031854       19.105658       12.720405       9.5870965       1.1165982       1.4619022       1.6211509      0.99798077      0.99615877   2.0893572e-09       66.532928      0.80920228      0.32241821      0.83889238    -0.049174129       13.879319       10974.884       5.6911774        5.6911774       10974.884                               10545.894                 24.471989                 395.72087                      8.7973263
              1       5492.6352       3.0372921       2.9968259      0.95830401     0.022138346      0.11994692     0.050081732       1.0406408       1.0025798       18.774904       12.719646       9.3379784       1.0618014       1.4684063       1.5355007       1.0004062      0.99640374   2.0848711e-09       66.532928      0.80840821      0.32241821      0.83806918    -0.049174129       13.879319       10974.504       5.3831915        5.3831915       10974.504                               10545.738                 24.330316                 395.69033                       8.745294
              6       5494.5914       3.0371333       3.0153994      0.95916846     0.022136854      0.11909678     0.049455895       1.0406673       1.0049462       20.751712       15.057518       11.328809      0.91794438        1.169463       1.1310058      0.99662818      0.99759976   2.0845399e-09       67.051115      0.80522249      0.31556632       0.8258489    -0.030600595        13.85578       10975.527       6.8280876        6.8280876       10975.527                               10546.979                 23.997535                 395.69471                      8.8553345
              1       5494.0029       3.0309487       3.0153994      0.96359187     0.022136854      0.11909678     0.049455895       1.0406673       1.0021139       19.110019       14.164651       10.260414      0.83930488       1.1719645        1.104753      0.99697176      0.99392786   2.0716877e-09       67.051115      0.80406558      0.31556632      0.82466235    -0.030600595        13.85578        10977.26       5.3729627        5.3729627        10977.26                               10549.248                 22.974137                 395.71137                      9.3267985
              1       5493.9865       3.0309356       3.0132112       0.9637322     0.022106207      0.11910314     0.049868044       1.0406748       1.0018306       20.337913       13.876112       10.490922      0.86840124       0.9971084       1.0314278      0.99612622      0.99616919   2.0716606e-09       67.001143      0.80433208      0.31598234      0.82547926    -0.032788832       13.860967        10977.57       5.2017401        5.2017401        10977.57                               10549.576                 22.924464                 395.72512                      9.3437726
              3       5494.0229       3.0309703       3.0195143      0.96405823     0.022117383      0.11910795     0.049886725       1.0406707       1.0015837        19.63937       13.379062       10.506506       1.0253198       1.1499052       1.4333831      0.99464852      0.99442438   2.0717324e-09       67.079734      0.80420044      0.31528013      0.82442657     -0.02648566       13.853407       10977.477       5.2845227        5.2845227       10977.477                               10549.488                  22.90969                 395.72626                      9.3532796
              8       5494.7155        3.033109       3.0195143      0.96394036     0.022117383      0.11910795     0.049886725       1.0406707       1.0022338       19.170069       12.497738       9.9142121      0.98718405       1.0214845       1.3048982      0.99922461       1.0001002    2.076168e-09       67.079734      0.80502532      0.31528013       0.8252722     -0.02648566       13.853407       10979.056       5.1874827        5.1874827       10979.056                               10551.189                 22.994163                 395.73651                      9.1358909
              5       5493.9448       3.0327821       3.0214286      0.96409348     0.022100078       0.1190475     0.049728784         1.04066        1.002552       19.255277       12.950655       10.038623       1.0614961       1.0982116       1.3392764       1.0005271      0.99989544   2.0754895e-09       67.105316      0.80473908      0.31486779      0.82443911    -0.024571354       13.853229       10977.274       5.3077128        5.3077128       10977.274                               10549.389                  22.91951                 395.71059                      9.2548339
              2       5496.9812       3.0302469       3.0214286      0.96306419     0.022100078       0.1190475     0.049728784         1.04066      0.99906407       17.018245       11.883251       8.3936783      0.99622603       1.3900512       1.4761571      0.99312828      0.99694485   2.0702342e-09       67.105316      0.80340966      0.31486779      0.82307715    -0.024571354       13.853229       10983.686       5.1381041        5.1381041       10983.686                               10555.641                 23.463692                  395.7085                      8.8726885
              3        5497.602       3.0299444       2.9973912      0.96302697     0.021954396      0.11872929     0.054403806        1.040551      0.99607487       17.502113       10.429055       7.5097723       1.1510118       1.9128504       1.9211883      0.99528137      0.99901672   2.0696081e-09        66.78587      0.80353318       0.3168385      0.82577581    -0.048608827       13.895035       10982.936        6.133948         6.133948       10982.936                               10554.394                 23.295708                 396.20302                       9.043463
              3       5496.9737        3.033863       2.9269031       0.9584274     0.022053885      0.11787408     0.054996102       1.0408191      0.99951451       19.399029       11.817359       9.1647001       1.2867676       1.7977317       1.9701784      0.99618882      0.99778594   2.0777342e-09       66.444528       0.8030762      0.31836491      0.82729182     -0.11909693       13.947519       10984.145       4.9012463        4.9012463       10984.145                               10555.012                 24.053574                 396.31468                      8.7649552
              4       5493.7568       3.0344084        2.979078      0.96198407     0.022058123      0.11830152     0.055393474       1.0408787      0.99872006       19.258398       12.472084       9.6767101       1.1532984       1.6121802       1.7412385      0.99671132      0.99670436   2.0788675e-09       66.919072      0.80406255      0.31484829       0.8237205    -0.066921956        13.89203       10977.464       5.0246977        5.0246977       10977.464                               10548.556                 23.421592                 396.36403                      9.1224636
              2       5497.4847       3.0360599       3.0059611      0.96311736     0.022216781      0.11954178     0.055104293       1.0409266      0.99773662       18.799323       11.284054       8.1908285       1.2498835       1.6973131       1.7399851      0.99212876      0.99506068   2.0823036e-09       66.938283      0.80766758      0.31779924      0.83128214    -0.040038933       13.851592       10983.716       5.6268535        5.6268535       10983.716                               10555.185                 23.397285                 396.26453                      8.8693975
              3       5494.5286       3.0329544       3.0059611      0.96054547     0.022216781      0.11954178     0.055104293       1.0409266      0.99639857       18.844372       12.591091       9.7567544      0.94495157        1.530071       1.5975366      0.99436351      0.99733514   2.0758471e-09       66.938283       0.8056393      0.31779924      0.82919455    -0.040038933       13.851592       10977.023       6.0172365        6.0172365       10977.023                               10547.841                 23.951816                 396.33165                      8.8980753
              1       5492.8071        3.031369        2.934681      0.95609366     0.022093561      0.11856608     0.052657301       1.0409459      0.99894405        19.75938       13.220529       10.270559       1.0590187       1.2320697       1.3877664      0.99235211      0.99792514   2.0725586e-09       66.365229      0.80336185      0.32079028      0.83073245     -0.11131903        13.93431       10975.237       5.1884331        5.1884331       10975.237                               10545.918                 24.743831                 395.95593                      8.6192456
              3       5500.1506       3.0300549       2.9622797      0.95667392      0.02220453      0.11853151      0.05223052       1.0407404      0.99820731       17.311991       12.911392       9.3014566       1.3074271       1.5038558       1.8967189      0.99679951      0.99681766   2.0698369e-09       66.717627      0.80131074      0.31759201      0.82447049     -0.08372033       13.899959       10990.013       5.1442052        5.1442052       10990.013                               10560.673                 24.773727                 395.90377                      8.6622785
              2       5497.9069       3.0301448       2.9623734      0.95695791     0.022185807      0.11872553     0.052809192       1.0407408       0.9977825       17.513693       12.919188       8.5986638       1.1754602       1.3354665       1.5834921      0.99493996      0.99580301   2.0700229e-09       66.635464      0.80215009      0.31877051      0.82686399    -0.083626562       13.902565       10985.024       5.3947338        5.3947338       10985.024                               10555.739                 24.662585                 395.94299                      8.6796438
              8       5497.8441       3.0277035       2.8730341      0.95218305     0.021983326      0.11866531     0.051723655        1.040668      0.99827509       17.093191       12.153576        8.055094       1.1469334       1.2723244       1.5296011      0.99579167      0.99338928   2.0649756e-09       65.440871      0.80331724      0.32986782      0.84235747     -0.17296588       14.019963       10985.027       5.3303367        5.3303367       10985.027                               10555.007                 25.445769                 395.91123                      8.6639381
              3       5496.0344       3.0290027       2.8024986      0.94847953     0.021896726      0.11794501     0.052129783       1.0408349      0.99951626       17.310326        12.37516       8.9411393       1.0531834       1.3468319       1.6799886      0.99475116      0.99009138   2.0676601e-09       64.864693       0.8032817      0.33380922      0.84733746     -0.24350141       14.096886       10981.204         5.43263          5.43263       10981.204                               10550.129                 26.236804                 395.98369                      8.8537277
              1       5495.0139        3.030325       2.8196844      0.94943846     0.021965986       0.1177942     0.053585287       1.0408596      0.99893296       17.786311       12.561843       9.2106796       1.0664157       1.3846235       1.7091493       0.9952627      0.99102249    2.070396e-09       65.178258      0.80275437       0.3304197       0.8424711     -0.22631561       14.069784       10979.245       5.3915277        5.3915277       10979.245                               10548.355                 26.098318                 396.18928                      8.6019498
              4       5494.4009       3.0305534       2.7848956      0.94715128     0.021936905      0.11725211     0.051807518       1.0409715       1.0011058       17.813348       12.214647       9.1921595       0.9810467       1.3535909       1.6008398      0.99182447       0.9922663   2.0708689e-09       64.978859      0.80180278      0.33108459      0.84231865     -0.26110436       14.104914       10977.769       5.5163314        5.5163314       10977.769                               10546.591                 26.642257                 395.91917                      8.6163268
              2       5495.2668       3.0330924       2.7731868      0.94690465     0.021953555      0.11733197     0.052542731       1.0411857       1.0014976       18.973946        12.38507       9.6568317       1.0070889        1.328505       1.5779884       0.9924815      0.99029114   2.0761335e-09       64.898879      0.80353542      0.33212575      0.84546508     -0.27281323       14.109721       10979.096       5.7186373        5.7186373       10979.096                                10547.42                 26.751386                 396.06428                      8.8608158
              3       5498.1021       3.0324455       2.7692302      0.94710877     0.021873863      0.11730247     0.052430557       1.0411922       1.0014834       18.961023       12.714205       9.9967042        1.023194       1.3724788       1.7444064      0.99337934      0.99070282   2.0747909e-09       64.802204      0.80372011      0.33285588      0.84658843     -0.27676975       14.121956       10984.979       5.6126349        5.6126349       10984.979                               10553.423                  26.60408                 396.04957                      8.9026158
              7       5500.0389       3.0329729       2.7692302      0.94673599     0.021873863      0.11730247     0.052430557       1.0411922        1.001619       18.949054        12.66635       9.9119728       1.2179233       1.4938918       1.9388014      0.99144156      0.99010163   2.0758854e-09       64.802204      0.80382493      0.33285588      0.84669884     -0.27676975       14.121956       10988.376       5.8510635        5.8510635       10988.376                                10556.62                 26.745583                 396.06747                      8.9423043
              5         5496.02       3.0329567       2.7584555      0.94602833     0.021871118      0.11727799     0.052132801       1.0412004       1.0019023       18.666097       11.313147        8.870924       1.1182462       1.4878099       1.7106299      0.99051334      0.99363923   2.0758519e-09        64.68681      0.80391641      0.33397525      0.84821786      -0.2875445       14.133662       10980.586       5.7270496        5.7270496       10980.586                               10548.584                 26.920614                 396.00787                       9.073762
              4       5499.0062       3.0346384       2.7721066      0.94606024     0.021986898      0.11639998     0.051562159       1.0413104       1.0037633       19.725335       12.133397       9.4398025       1.0362326       1.6764314       1.5637741      0.99278999      0.99391469   2.0793457e-09       65.278925      0.80083103      0.32616057      0.83501829      -0.2738934       14.099851       10985.286       6.3633181        6.3633181       10985.286                               10553.963                 27.094121                 395.85839                      8.3700877
              1       5498.5879       3.0348588       2.7661536      0.94573907     0.021982969       0.1163752     0.051461926       1.0413385       1.0039637       18.388317       11.416259       8.9004308       1.0877336       1.6348381       1.6760836      0.99545206      0.99852595   2.0798041e-09       65.224605      0.80099046       0.3266343      0.83579085     -0.27984638       14.105796       10984.863       6.1564396        6.1564396       10984.863                               10553.406                 27.178598                 395.86801                      8.4100935
              4       5495.1636       3.0297875       2.7661536      0.95267546     0.021982969       0.1163752     0.051461926       1.0413385       1.0029005        18.84659       12.210978          9.2624      0.95477308       1.1736679       1.2987521      0.99909878      0.99727381   2.0692836e-09       65.224605      0.80095711       0.3266343      0.83575605     -0.27984638       14.105796       10979.328       5.4995038        5.4995038       10979.328                               10550.215                 24.871539                 395.78436                      8.4574965
              4       5494.9853       3.0272424        2.782399      0.95370905     0.021945056      0.11748226     0.050924489       1.0411283       1.0011368       17.553557       11.252542       8.3921995       1.0296195       1.5017499       1.6755496      0.99588475      0.98829747   2.0640237e-09       64.927587      0.80331614      0.33217202      0.84529322     -0.26360096       14.102923       10978.654       5.6580705        5.6580705       10978.654                               10549.502                  24.57047                 395.81199                      8.7701083
              1        5496.181       3.0269903        2.771683      0.95309369     0.021917792      0.11735242     0.050427171       1.0411429        1.001296       16.886235       10.252303       7.5235161       1.1669818       1.6621733       1.8678081      0.99585534      0.98810472   2.0635034e-09       64.832053      0.80309893      0.33277377      0.84582976     -0.27431697       14.116446       10980.936       5.7130082        5.7130082       10980.936                               10551.598                 24.731822                 395.78765                      8.8189671
              5       5501.0025       3.0220604        2.771683      0.95429907     0.021917792      0.11735242     0.050427171       1.0411429      0.99986461        18.91878       11.910187       9.3893707      0.91239659      0.95261019       1.1825173      0.99793726      0.98535997   2.0533556e-09       64.832053      0.80146865      0.33277377      0.84411274     -0.27431697       14.116446       10990.246       5.8796476        5.8796476       10990.246                               10561.539                 24.248655                 395.72882                      8.7293039
              1       5496.4106       3.0230391        2.771683      0.95132695     0.021917792      0.11735242     0.050427171       1.0411429      0.99976055         18.4021        12.49677       9.4742809      0.89482617       1.0143818       1.1895071      0.99654432      0.98717088   2.0553661e-09       64.832053      0.80100592      0.33277377      0.84362539     -0.27431697       14.116446       10981.476       5.6724812        5.6724812       10981.476                               10551.956                 25.120659                 395.76407                       8.635292
             11       5497.9252        3.026817       2.7720053      0.95193573     0.021934779      0.11682098     0.051164572       1.0414971       1.0010755         18.3681       11.460507       9.1652541       1.1138757       1.2484233       1.6877408       1.0014965      0.99339118   2.0631458e-09       65.149745      0.80119708      0.32832431      0.83816641     -0.27399471        14.10137       10985.636       5.1073623        5.1073623       10985.636                               10556.206                 25.098014                 395.79522                      8.5359883
              1       5497.4662       3.0266769       2.7485057      0.94984817     0.021991506      0.11637275      0.05106344       1.0414273       1.0010499       18.175593       10.933671       8.7843461       1.1427102       1.4169705       1.8262046       1.0008047       0.9918851   2.0628567e-09       65.056411      0.79953369      0.32833301      0.83643735     -0.29749433       14.121499        10984.52       5.2059255        5.2059255        10984.52                               10554.622                 25.713521                 395.76284                      8.4219722
              3       5497.5026       3.0274671       2.7485057      0.95244286     0.021991506      0.11637275      0.05106344       1.0414273       1.0012988       17.658847       9.6168402       7.0555761       1.2356469       1.5621853       1.9007115      0.99515188      0.99735495   2.0644875e-09       65.056411      0.80059515      0.32833301       0.8375478     -0.29749433       14.121499        10984.86       5.0727084        5.0727084        10984.86                               10555.522                 25.024102                  395.7873                       8.526482
              2       5498.8437       3.0305287       2.7796841      0.95378006     0.022174628      0.11671255     0.051369373       1.0415847       1.0012346        16.92393       9.3917157       7.0860771       1.1533196       1.5986598       1.9691922      0.98955328      0.98981025   2.0708178e-09        65.49683      0.80164241      0.32516306      0.83458517     -0.26631591       14.065148       10985.743       5.9720241        5.9720241       10985.743                               10556.436                 25.014694                 395.77855                      8.5140026
              4       5498.5014       3.0299182        2.793854      0.95420632     0.022221238      0.11679992     0.051221696       1.0414914       1.0009499       16.238046       8.7001509       6.3347176       1.1649212       2.1954816       2.3465628      0.99124589      0.98843869   2.0695541e-09        65.63762      0.80104714      0.32408594      0.83258301     -0.25214603       14.048161       10985.185       5.9089251        5.9089251       10985.185                               10556.025                 24.951976                 395.75156                      8.4566052
              3       5504.4984       3.0296479       2.7960304      0.95432754     0.022215262      0.11690277     0.050913173       1.0414818       1.0010367       16.597593       8.9465765       6.6089829      0.99751507       1.8565439       2.0158326      0.98236465      0.99372395   2.0689946e-09       65.618927      0.80126185      0.32449643      0.83333342     -0.24996958       14.047132        10995.75       6.6232076        6.6232076        10995.75                                10566.61                 24.907254                 395.75255                      8.4806618
             11       5502.3037       3.0296958       2.7936913      0.95419325     0.022214393      0.11688332     0.050941493       1.0414854       1.0013346        13.90247       10.499437       6.3592215      0.88838757       1.7162262        1.908253      0.98839417      0.98679863   2.0690937e-09       65.599067      0.80126293      0.32464483      0.83352507     -0.25230865       14.049567       10991.662       6.4726017        6.4726017       10991.662                               10562.563                 24.886461                 395.74193                      8.4710921
              3        5502.034       3.0298854       2.7900785      0.95416324     0.022186219      0.11676581     0.050733627       1.0415385       1.0029267       15.225838       11.704567        7.531102      0.70117572       1.5141765       1.5948234      0.98994259      0.98766167    2.069486e-09       65.593039      0.80123017      0.32436453       0.8331311     -0.25592145       14.054292       10990.593       6.7374254        6.7374254       10990.593                               10561.715                  24.66544                  395.7404                      8.4725704
              3       5504.6322       3.0297651       2.8033637      0.95568141     0.022101276      0.11697345     0.050674731       1.0416096       1.0034464       16.322532       12.611909       8.6569657      0.86078528       1.2790892       1.6561041      0.99440595      0.98691585   2.0692371e-09       65.629672      0.80230323       0.3242924      0.83415412     -0.24263628       14.047326       10995.769       6.7478884        6.7478884       10995.769                               10567.245                 24.172004                 395.72719                      8.6246749
              2        5499.636       3.0348528       2.8033637      0.95380378     0.022101276      0.11697345     0.050674731       1.0416096       1.0045303       16.450581       11.980461       8.2907231      0.99372773       1.5115199       1.8655578      0.99293484      0.98939643   2.0797916e-09       65.629672      0.80379807       0.3242924      0.83570831     -0.24263628       14.047326       10984.794       7.2389092        7.2389092       10984.794                               10555.627                 24.902151                 395.74255                      8.5230287
              1       5501.6767       3.0279103       2.8033637      0.95793103     0.022101276      0.11697345     0.050674731       1.0416096        1.001212       13.697943       9.9881676       5.6844581       1.0014146       1.7726082       2.0301187      0.99010609      0.98743893   2.0654027e-09       65.629672       0.8022159       0.3242924      0.83406333     -0.24263628       14.047326       10990.991       6.1811107        6.1811107       10990.991                               10562.802                  23.84628                 395.69885                      8.6435349
              4       5503.1095       3.0295411        2.779885      0.95722283     0.022049552      0.11691383     0.051304262       1.0417893       1.0014825       13.712797        9.808377       5.5433221       1.0390535        1.788917       2.0623728       0.9904014      0.98802507   2.0687737e-09       65.395584      0.80364557      0.32634894      0.83819493     -0.26611502        14.07241       10993.941       6.1387385        6.1387385       10993.941                               10565.503                 23.967682                 395.76177                      8.7088886
              1       5500.2815       3.0268751       2.6986706      0.95298279     0.021796135      0.11540338     0.050749314       1.0417305       1.0032705       15.257078       11.246083       7.4733892       0.8513938       1.5290989        1.819062      0.99250368      0.99367206   2.0632657e-09       64.761288      0.80017111      0.32853576       0.8373626     -0.34732942       14.183366       10988.319       6.1221555        6.1221555       10988.319                               10559.487                 24.522603                  395.7801                      8.5287957
              6       5498.9538       3.0271359       2.6618013      0.95007258     0.021888407      0.11551466     0.051260117       1.0416343       1.0019626        15.18212       9.1446557       6.3746759      0.84520969       1.6885475        1.876263      0.99265532      0.98689651   2.0638039e-09       64.334922      0.80057858      0.33338196      0.84394547     -0.38419867       14.218164       10985.464       6.2216413        6.2216413       10985.464                               10555.479                 25.371599                 395.77719                       8.836588
              1       5498.3882       3.0268685       2.6612913      0.94982476     0.021909179      0.11551249     0.051250554       1.0415878       1.0016217       14.039178       9.3800606       6.0860033      0.84234192       1.6558229       1.9052386      0.99199914      0.99128973    2.063252e-09       64.331045      0.80027626      0.33346689      0.84373422      -0.3847087       14.217993       10985.386       5.6950717        5.6950717       10985.386                               10555.258                 25.482653                 395.78618                      8.8598447
              1       5497.6535       3.0259364       2.6612913      0.94818153     0.021909179      0.11551249     0.051250554       1.0415878       1.0012167       14.573645       9.9557272       6.6666534      0.79354003       1.6075102       1.8505372      0.99214265      0.99074811   2.0613298e-09       64.331045      0.79943797      0.33346689      0.84285041      -0.3847087       14.217993       10984.026       5.6403585        5.6403585       10984.026                               10553.508                 25.939659                 395.83403                      8.7450704
              4       5495.3775       3.0253435       2.7738873      0.95464561     0.022015831       0.1161606      0.05184446       1.0414561      0.99955273       14.598689       10.272596       6.6521612      0.78454391       1.6477354       1.8176539      0.99333155       0.9922352   2.0601081e-09       65.454345      0.79873462      0.32392412      0.82997216      -0.2721127       14.089474       10980.105       5.3250599        5.3250599       10980.105                               10551.205                 24.588335                 395.82239                      8.4890098
              2       5494.3291       3.0301555       2.7738873      0.95166249     0.022015831       0.1161606      0.05184446       1.0414561       1.0012755       15.346218       10.453659        6.680244      0.96300863        1.659217       1.8116937      0.99684808      0.99420646   2.0700452e-09       65.454345      0.79979585      0.32392412      0.83107489      -0.2721127       14.089474       10978.392       5.1329126        5.1329126       10978.392                               10548.638                 25.511998                 395.87677                      8.3659983
              3       5495.2979       3.0310543         2.78694      0.95208032      0.02209895      0.11634621     0.051745831       1.0414853       1.0014604       16.741369       11.249397       7.8415608      0.92389861       1.3376063       1.5652142       0.9989906       0.9978909   2.0719066e-09       65.616611      0.80012042       0.3229531      0.83016507     -0.25906002       14.066573       10980.629       4.9832016        4.9832016       10980.629                                10550.93                 25.494217                 395.84914                      8.3559598
              2       5494.1218       3.0309636         2.78694      0.95170216      0.02209895      0.11634621     0.051745831       1.0414853       1.0014053       16.900712       10.269469        7.128031       1.0514703       1.7690564       2.0226575       0.9923269      0.99460215   2.0717186e-09       65.616611      0.79997455       0.3229531      0.83001371     -0.25906002       14.066573       10977.477       5.3833008        5.3833008       10977.477                               10547.685                 25.602053                 395.84498                      8.3445254
              4       5496.7287       3.0309589       2.7213601      0.94922932     0.021892383      0.11666071     0.052079017       1.0416211       1.0011936       16.570924        10.34957       7.2538229      0.96963124       1.7386891       1.9988035      0.99208026      0.99405567   2.0717088e-09       64.625661      0.80355566      0.33316601      0.84680942     -0.32463993       14.156801       10982.678       5.3895092        5.3895092       10982.678                                10551.66                 25.958256                  395.9307                      9.1296976
              2       5498.1225       3.0295619       2.7213601      0.95210287     0.021892383      0.11666071     0.052079017       1.0416211       1.0009698       15.361656       9.6606294       6.0882414      0.88850143       1.7023664       1.8954426      0.99163284      0.99225891   2.0688167e-09       64.625661      0.80381849      0.33316601       0.8470864     -0.32463993       14.156801       10985.225       5.5101698        5.5101698       10985.225                               10555.152                 25.065046                 395.93613                      9.0709534
              4       5499.8709       3.0290326       2.7884245        0.956478     0.021901361      0.11718235     0.053397215       1.0415312      0.99896932       15.892114        9.532528       5.6822386       1.1307192       1.9097499        2.137287      0.99316808       0.9934135   2.0677219e-09       65.198145      0.80422227      0.32861482      0.84170332     -0.25757551       14.087368       10989.101       5.3205233        5.3205233       10989.101                               10560.103                 24.162657                 396.02385                      8.8108713
              3       5497.9672       3.0298963       2.7880434      0.95648318     0.021920213      0.11702504     0.053733708       1.0415917      0.99836494       15.155855       8.5762983       5.2702826       1.1089629       2.0058868       2.2786214       0.9940065      0.99717503   2.0695087e-09       65.283421      0.80403897      0.32743188      0.83999548     -0.25795665       14.083354       10985.497       5.2186396        5.2186396       10985.497                               10556.178                 24.330055                 396.17091                      8.8184532
              6       5497.1027       3.0314515       2.7880434      0.95460722     0.021920213      0.11702504     0.053733708       1.0415917      0.99996285       16.593038       9.6203999       6.4932731        1.055523       1.8201502       2.1221791       0.9954591      0.99760159   2.0727297e-09       65.283421      0.80411852      0.32743188      0.84007858     -0.25795665       14.083354       10984.371       4.9172251        4.9172251       10984.371                               10554.834                 24.664789                 396.17191                      8.7005229
              1        5495.911       3.0312329       2.7880434      0.95629147     0.021920213      0.11702504     0.053733708       1.0415917       1.0000165       16.108035       9.0533391       6.3130774       1.2112559        2.038664       2.4284785      0.99497564      0.99196287   2.0722767e-09       65.283421      0.80452067      0.32743188      0.84049872     -0.25795665       14.083354       10981.353       5.2344748        5.2344748       10981.353                               10552.222                 24.211594                 396.16675                      8.7529219
              2       5497.0771       3.0288409        2.822758      0.95871555     0.021831634      0.11687356     0.054361016       1.0414117        0.998891       16.461554       9.8706382       6.8462948       1.2409676       2.1172241       2.4443202      0.99608377      0.99302005   2.0673257e-09       65.608955      0.80281138      0.32364606      0.83385024     -0.22324201        14.05967       10983.746       5.2039278        5.2039278       10983.746                               10555.106                 23.627763                 396.24035                      8.7722485
              2       5497.7874       3.0282836       2.8871775      0.96137076     0.022026842      0.11775353     0.053742171       1.0412301      0.99774617       16.551865       9.4564758       6.5903114       1.2904648       2.3057358       2.6349088       0.9932131      0.99172242   2.0661739e-09       66.141875      0.80313289      0.32093317      0.83068064     -0.15882246        13.97961       10984.046       5.7645362        5.7645362       10984.046                               10555.815                  23.30494                 396.03416                      8.8916534
              3       5495.0349        3.028371       2.8976269      0.96213559     0.022029334      0.11793296     0.054219732       1.0412207      0.99621487       15.208542       9.6950728       6.2999616       1.0240039       1.7839218       2.1747736      0.99498846      0.99503194   2.0663544e-09       66.198521      0.80362262      0.32080313      0.83101876     -0.14837309       13.969246       10977.709       6.1804155        6.1804155       10977.709                               10549.401                 23.316789                   396.159                      8.8316199
              2       5494.5873       3.0281413       2.8976269      0.96212075     0.022029334      0.11793296     0.054219732       1.0412207      0.99695765       15.762297       9.8301495       7.0195751       1.0122139       1.7918465        2.182088      0.99481776      0.99249948   2.0658799e-09       66.198521      0.80352596      0.32080313       0.8309188     -0.14837309       13.969246       10977.292       5.9412939        5.9412939       10977.292                               10549.007                 23.191778                 396.15456                      8.9382794
              1       5494.9792       3.0267527       2.8986436       0.9618172     0.022045413      0.11816594     0.054025847       1.0410676       0.9966127       15.841614       9.7175908       6.8598034       0.9037041       1.7710774       2.0469253      0.99583128      0.99195276   2.0630131e-09       66.091076      0.80340293      0.32241759      0.83287945     -0.14735638       13.972124       10977.731       6.1138376        6.1138376       10977.731                                 10549.5                 23.188341                 396.08387                      8.9587338
              2       5496.9967       3.0268424       2.8781608      0.96076003     0.022014403      0.11800766     0.054313704       1.0410835      0.99613163       14.720133         8.75907       6.1503641        1.050242       1.8737602       2.3172677       1.0003244      0.99604798   2.0631982e-09       65.890408      0.80342868      0.32394082      0.83487133     -0.16783918       13.996012       10981.871       6.0610173        6.0610173       10981.871                               10553.422                 23.431331                 396.18576                      8.8319656
              4       5497.9591       3.0249844       2.8250899      0.95901067     0.021945988      0.11687382     0.056029021       1.0409373      0.99557111       15.371574       10.939054       7.2484413      0.82733875       1.6836893        1.874538      0.99897962      0.99331209   2.0593683e-09       65.571827      0.80033455      0.32428012      0.83209152     -0.22091009       14.059844       10982.752        6.583309         6.583309       10982.752                               10553.831                  23.58498                 396.56157                      8.7738465
              1       5495.9418       3.0247319       2.8083474      0.95847272      0.02196241       0.1165721     0.056029321       1.0410064      0.99572582        15.57479       10.311401       6.9008543      0.90218877       1.6755808       1.9003021       1.0001656       0.9926291   2.0588483e-09       65.519813      0.79962588      0.32412428      0.83115495     -0.23765258       14.072922       10978.846       6.5185312        6.5185312       10978.846                               10549.859                 23.681932                 396.57379                      8.7313454
              1       5497.5289       3.0225725       2.8083474      0.95851844      0.02196241       0.1165721     0.056029321       1.0410064      0.99479258       16.724635       9.8904478       6.7943612       1.0955676       1.9209982       2.2294827       0.9960551      0.99320404   2.0544073e-09       65.519813      0.79877627      0.32412428      0.83027184     -0.23765258       14.072922       10980.531       7.2633689        7.2633689       10980.531                                 10551.5                 23.649042                 396.56051                      8.8210004
              8       5499.4692       3.0227339       2.8083474      0.95858883      0.02196241       0.1165721     0.056029321       1.0410064      0.99486867       14.843356       8.8780339       5.4424772      0.90746211       2.2131473       2.3014012       1.0010695      0.99684126   2.0547389e-09       65.519813      0.79886114      0.32412428      0.83036005     -0.23765258       14.072922       10985.044       6.9473053        6.9473053       10985.044                               10556.039                 23.633526                 396.55481                      8.8168281
              1       5496.9149       3.0315979       2.8083474      0.95451459      0.02196241       0.1165721     0.056029321       1.0410064      0.99836504       15.688115       9.3150824       5.9856163      0.93178777       2.2650786       2.2736222      0.99840091      0.99856384   2.0730331e-09       65.519813      0.80122446      0.32412428      0.83281656     -0.23765258       14.072922       10983.785       5.0221994        5.0221994       10983.785                               10553.883                 24.791095                 396.66271                      8.4489071
              2       5496.6715       3.0342378       2.7703163      0.95404766     0.022144658      0.11537898     0.058199976       1.0413117      0.99823151       15.374717       8.2206103       5.3958885        0.991982       2.2221511       2.4204076      0.99694266      0.99864539   2.0785129e-09       65.744393      0.79888648      0.31956068      0.82451984     -0.27568371       14.081174        10983.16       5.0913689        5.0913689        10983.16                               10552.607                 25.085544                 397.19274                      8.2754918
              2       5497.5959       3.0337186       2.8590221      0.95802497     0.022258101      0.11566693     0.056862892       1.0411513      0.99852875       16.063253       8.8207858       6.0728052      0.99430364       2.1145763       2.3140256      0.99738902       1.0006899   2.0774341e-09       66.714926      0.79712687      0.31126483      0.81195478     -0.18697789       13.979512       10985.202       4.9948851        4.9948851       10985.202                               10555.437                 24.368091                 396.63528                      8.7617208
              3       5495.6162       3.0344451       2.8590221      0.95933524     0.022258101      0.11566693     0.056862892       1.0411513      0.99895682       14.991019       8.6663971       6.0016734       1.0122575       2.2718399       2.4367801      0.99759558      0.99857337   2.0789439e-09       66.714926      0.79780198      0.31126483      0.81264246     -0.18697789       13.979512        10981.41       4.9113942        4.9113942        10981.41                               10552.011                 24.028008                 396.60983                      8.7608868
              1       5496.3276       3.0369394        2.844775      0.95843625     0.022260299      0.11591723     0.058729231       1.0411353      0.99908241       16.431759       9.9558047       7.3995474      0.95941582       1.9369034       2.0500056      0.99590685      0.98807937   2.0841359e-09        66.45599      0.79986273      0.31426167      0.81865429       -0.201225       13.996207       10981.361        5.646888         5.646888       10981.361                               10551.471                 24.119036                 397.16673                      8.6047763
              2       5495.3053       3.0361755        2.844775      0.95862619     0.022260299      0.11591723     0.058729231       1.0411353      0.99783369       15.854868       9.7452909       7.0126518      0.82416256       1.8374402       1.8986514        0.993812      0.99183859   2.0825444e-09        66.45599       0.7996131      0.31426167      0.81839879       -0.201225       13.996207        10979.24       5.6851867        5.6851867        10979.24                               10549.364                 24.216826                 397.17256                      8.4869653
              2       5494.8862       3.0328847       2.7928074      0.95708727     0.022055727      0.11508142     0.058787647       1.0411131      0.99774426       17.014124       10.273943       7.4997373       1.0275857       1.8154716       1.8902799      0.99438852      0.99215971   2.0757023e-09       65.976669      0.79764482      0.31643506      0.81920241     -0.25319265       14.070538       10978.458       5.6571159        5.6571159       10978.458                               10548.387                 24.267706                 397.28313                      8.5206708
              3       5499.1946       3.0263181       2.7928074       0.9606556     0.022055727      0.11508142     0.058787647       1.0411131      0.99520148       16.859019       9.8312577       7.1406962      0.90664218        1.738156       1.7651874      0.99386286      0.99028667   2.0621168e-09       65.976669      0.79606485      0.31643506      0.81757974     -0.25319265       14.070538       10983.814       7.2873876        7.2873876       10983.814                                10554.25                  23.31322                 397.17811                      9.0731244
              1       5497.3135       3.0308809       2.8855994      0.96530777     0.022223536      0.11581063     0.058891341       1.0413403      0.99575407       16.276124       9.2380165       6.2528532       1.1126591       1.7839972       2.0134289      0.99724485      0.99274861   2.0715473e-09       67.008223      0.79804589      0.30879854      0.80966406      -0.1604006        13.94946        10981.57       6.5283587        6.5283587        10981.57                               10552.024                 22.747632                 397.08434                      9.7139214
              1        5497.741       3.0269478       2.8855994       0.9611019     0.022223536      0.11581063     0.058891341       1.0413403      0.99368506       17.368945       10.799919       7.8018105        1.152649       1.6667284       2.0212737      0.99556398      0.99646916   2.0634156e-09       67.008223      0.79523437      0.30879854       0.8068116      -0.1604006        13.94946        10979.21       8.1362608        8.1362608        10979.21                               10548.413                 23.673563                 397.16831                       9.954804
              1       5500.5787       3.0269038        2.879706      0.96093069      0.02221917      0.11572009     0.058962863       1.0413623      0.99370498       15.987049       9.5330822       6.6547444       1.2206656       1.9442793       2.3348543       1.0036969      0.99556696   2.0633249e-09       66.975679      0.79509557      0.30888504      0.80678375     -0.16629401       13.955141       10984.913       8.1220298        8.1220298       10984.913                               10554.098                 23.698254                 397.18054                      9.9361233
              5       5501.0712       3.0259115       2.8754097      0.96031659     0.022053662      0.11628019     0.058358491       1.0412898      0.99282148       15.385609       8.9942882       6.0533243       1.2718935       2.1068881       2.5231295         1.00381      0.99730784   2.0612785e-09       66.567923       0.7972489      0.31356963      0.81508011     -0.17059027       13.981332       10984.109       9.0165666        9.0165666       10984.109                               10553.908                 23.808148                 397.14739                      9.2453465
              3        5501.433       3.0268703        2.948421      0.96234391     0.022094518      0.11734384      0.05875423       1.0408543      0.99198122       16.952621       9.9770273       7.3290711       1.1097789       1.6919396       2.0656013       1.0050391       0.9987129   2.0632558e-09       66.925574      0.79878984      0.31271927      0.81554744    -0.097579034       13.917234       10982.737       10.064573        10.064573       10982.737                               10552.544                 23.497267                 397.20177                      9.4936644
              3       5503.2012       3.0277639       2.9044442      0.96026882     0.022110694      0.11730319     0.058786177       1.0410713      0.99215374       16.287419       9.9930185       6.8082043      0.82729404       1.6058712       1.7155737       1.0025926      0.99657154   2.0651004e-09       66.515639      0.80000521      0.31651445      0.82172966     -0.14155581       13.955536       10986.797       9.8027319        9.8027319       10986.797                               10556.632                 23.926364                 397.33989                       8.898628
              2       5497.8589       3.0277837       2.9050129      0.96029833     0.022110652       0.1173078     0.058789998       1.0410716      0.99355613       17.555953       12.237633       9.0592492      0.75004692       1.3924566       1.2728012       1.0001964      0.99410245   2.0651412e-09       66.520657       0.8000186      0.31647723       0.8216951     -0.14098715       13.954945       10979.155       8.2812335        8.2812335       10979.155                               10548.893                 23.695445                  397.3044                      9.2620686
              1         5495.52       3.0352371       2.9050129      0.95929193     0.022110652       0.1173078     0.058789998       1.0410716      0.99670435       18.264653       12.214991       9.5431503       0.7862154       1.2314626       1.1438526      0.99807363      0.99424813   2.0805911e-09       66.520657      0.80270708      0.31647723      0.82445642     -0.14098715       13.954945       10979.364       5.8381344        5.8381344       10979.364                               10549.281                 24.024458                 397.31744                      8.7405995
              1       5496.1715       3.0365055       2.9686676      0.96126858     0.022162273      0.11829841     0.058448447        1.040875      0.99643452       18.827786       12.963169       10.210932      0.73259867       1.1713584       1.0261873       0.9967444      0.99461226   2.0832317e-09       66.883635       0.8045799      0.31540415      0.82497779    -0.077332403       13.892495       10980.342        6.000399         6.000399       10980.342                               10550.551                 23.746169                 397.19126                      8.8542023
              2       5496.0698       3.0363915       3.0413741      0.96379928     0.022201346      0.11928282     0.056542128       1.0407621      0.99675833       19.182482        12.88709       10.466313      0.69975412       1.2848411       1.1601067      0.99723988      0.99782976   2.0829943e-09       67.369092      0.80588448      0.31315556      0.82336467   -0.0046259106        13.82019       10980.765       5.6875695        5.6875695       10980.765                               10551.707                 23.369099                 396.60016                      9.0884614
              6       5499.1148       3.0368317        3.131907      0.96731969     0.022123463       0.1203469     0.056635299       1.0403905      0.99610596       20.438081       14.117512       11.694585      0.65680189       1.1545407      0.98691361      0.99909712       1.0001471   2.0839113e-09       67.856714      0.80795913      0.31081373      0.82239198     0.085906966        13.74985       10986.225       6.0025224        6.0025224       10986.225                               10557.247                 22.758623                 396.62137                      9.5974891
              1        5497.757       3.0380523        3.131907      0.96817592     0.022123463       0.1203469     0.056635299       1.0403905      0.99706531       18.532833       13.400802       9.9093231      0.91619768       1.5022589       1.4898688       1.0049238       1.0036977   2.0864566e-09       67.856714      0.80871591      0.31081373      0.82316227     0.085906966        13.74985       10984.186       5.6638306        5.6638306       10984.186                               10555.373                 22.542414                 396.62122                      9.6497324
              5       5497.4884        3.036833       3.1596837      0.96905279     0.022124587        0.120862     0.054227315       1.0404562      0.99847321       19.791227         14.0463       10.866175      0.84727863      0.92742502       1.0915564        1.004282       1.0013648   2.0839142e-09       68.020041      0.80942529      0.31043864      0.82338704      0.11368371       13.721489       10984.831        5.072732         5.072732       10984.831                               10556.493                 22.352061                 396.06135                      9.9251143
              1       5497.1211       3.0400043       3.1596837      0.96669921     0.022124587        0.120862     0.054227315       1.0404562      0.99881206       19.061596       12.435256       10.090495       1.1374875       1.4047552       1.8313834       1.0031359       1.0054052   2.0905333e-09       68.020041      0.80998139      0.31043864      0.82395273      0.11368371       13.721489       10984.055       5.0933986        5.0933986       10984.055                               10555.625                 22.980045                   396.136                      9.3145407
              2       5494.2855       3.0399872         3.14178      0.96583789     0.022102517      0.12077404      0.05467308       1.0404395      0.99860737       19.608835       12.692641       10.351044       1.0713251       1.5186772        1.698055      0.99910369       1.0020901   2.0904975e-09        67.81986      0.81000603      0.31203474       0.8260933     0.095780009       13.742167       10978.638       4.9662676        4.9662676       10978.638                               10550.115                 23.101744                  396.2237                      9.1977506
              1       5493.3489       3.0420469       3.0821704      0.96413544     0.022044617      0.12032877     0.055897104       1.0408532      0.99879638       19.121595       12.400145       9.7786211       1.1071911       1.6117263       1.7628947      0.99862899       1.0014953   2.0948079e-09       67.376695      0.81126381       0.3150446      0.83135689     0.036170383       13.795246       10976.854       4.9217275        4.9217275       10976.854                               10547.973                 23.385801                 396.53557                      8.9601173
              1       5493.3226       3.0410154       3.0233504       0.9629447     0.022036494      0.11891161      0.05669275       1.0410945      0.99920712        19.18387       12.405393       9.5730045       1.1115786       1.5220684       1.6909274      0.99990389       1.0022644   2.0926481e-09       67.268196      0.80786063      0.31290467      0.82505298    -0.022649636       13.844037       10976.923       4.8612307        4.8612307       10976.923                               10547.783                 23.508932                 396.68763                      8.9434192
              2       5494.8369       3.0365698       2.8904776      0.95700996     0.021957042      0.11773546     0.055156292       1.0413173      0.99979571       17.560648       10.588953       7.5827405       1.1975317       1.8373661       2.1218277      0.99611314        1.001887   2.0833657e-09       66.158794      0.80538446      0.32056949      0.83253733     -0.15552244       13.980508        10979.91       4.8819359        4.8819359        10979.91                               10550.388                 24.493097                 396.43429                      8.5946953
              7       5495.5933        3.031773       2.8904776      0.96114294     0.021957042      0.11773546     0.055156292       1.0413173      0.99843817       16.131858       10.425857       6.9741739       1.1265382       1.8153083       2.1167313      0.99522202      0.99174641   2.0733961e-09       66.158794      0.80467739      0.32056949      0.83180642     -0.15552244       13.980508       10980.316       5.4351525        5.4351525       10980.316                               10551.742                 23.345822                 396.33973                      8.8891298
              2       5495.1675        3.032127       2.8904776      0.95536916     0.021957042      0.11773546     0.055156292       1.0413173      0.99809487        19.17818       12.332194       9.8908431       0.8506256       1.3242391        1.434611      0.99461492      0.99775724   2.0741302e-09       66.158794      0.80311334      0.32056949      0.83018964     -0.15552244       13.980508       10979.843       5.2457619        5.2457619       10979.843                               10549.925                 24.825549                 396.46067                      8.6325517
              2       5495.1056       3.0298422       3.0002804      0.95649986     0.022067694       0.1201437     0.051673451       1.0405234      0.99595201       17.447439       10.798215       8.1227855       1.0782854       1.6828956       1.9423104      0.99424248      0.99894107   2.0693967e-09       66.407463      0.80557011      0.32392491        0.837076    -0.045719574       13.887217       10977.676       6.2675066        6.2675066       10977.676                               10548.042                 25.026121                 395.87812                       8.729671
              1       5495.6511       3.0328726       3.0551398      0.95834099     0.022106704      0.12115649     0.052481132       1.0404175      0.99545715       17.632067       10.975903       8.2810237       1.0636796       1.6703323       1.9071915      0.99479894      0.99938887   2.0756774e-09       66.681424      0.80859865      0.32364982      0.83986614     0.009139758       13.833482       10978.155       6.5733785        6.5733785       10978.155                                10548.51                 24.769629                 395.97905                      8.8967668
              1       5496.3652       3.0397433       3.0551398      0.95640038     0.022106704      0.12115649     0.052481132       1.0404175      0.99827205       18.200089       12.640724       9.1856288      0.95061609       1.4545628       1.5278804      0.99862438      0.99638148   2.0899878e-09       66.681424       0.8107943      0.32364982      0.84214669     0.009139758       13.833482       10982.532       5.0990501        5.0990501       10982.532                               10552.033                 25.397442                  396.0095                      9.0927402
              1        5497.895       3.0402425       3.0453448      0.95633781     0.022107669      0.12057311     0.054887658       1.0402183       0.9974642        18.91074       13.440069       10.157778      0.86394299       1.1060833        1.078217       0.9995132      0.99775333   2.0910313e-09       66.705029      0.80918416      0.32211188      0.83847499  -0.00065515321       13.847217       10985.138       5.3260997        5.3260997       10985.138                               10554.598                 25.335902                 396.42716                       8.777081
              8       5498.8102       3.0334495       2.8407085      0.95009854     0.022119653      0.11661397     0.053953622       1.0408852      0.99898661       17.272204       11.390822        7.710079       1.1035612       1.5575778       1.5887324      0.99729235      0.99430691    2.076875e-09       65.966296      0.79893135      0.32022117      0.82541785     -0.20529145       14.025615       10987.488       5.0661247        5.0661247       10987.488                               10556.533                 26.535783                 396.19903                      8.2206449
              9       5496.8834       3.0283162       2.8407085      0.95983191     0.022119653      0.11661397     0.053953622       1.0408852      0.99813976       16.114628        10.11107       7.0304171       1.1241407       1.8029442       2.0671715       1.0005912      0.99795779   2.0662413e-09       65.966296      0.79971853      0.32022117      0.82623112     -0.20529145       14.025615       10983.598       5.0846933        5.0846933       10983.598                               10555.348                 23.635166                 396.02891                        8.58572
              3       5499.4652       3.0234677       2.7644306      0.95612599     0.022005397      0.11601202     0.051879261        1.040898      0.99796233        13.54237       8.6181863       4.8944745      0.99527665        1.732954       1.9929641       1.0003249      0.99668499   2.0562472e-09       65.206371      0.79776103      0.32601491      0.83163149     -0.28156943       14.117318       10988.585       5.1728979        5.1728979       10988.585                               10560.028                 24.274656                  395.8143                      8.4674578
              5        5496.898       3.0236238       2.7644306      0.95590715     0.022005397      0.11601202     0.051879261        1.040898      0.99865162       15.071501       9.2910736       5.7304035       1.0446398       1.7415486       1.7940585      0.99382162      0.99605837   2.0565683e-09       65.206371      0.79776037      0.32601491       0.8316308     -0.28156943       14.117318       10983.398       5.1992491        5.1992491       10983.398                               10554.895                 24.225647                  395.8143                      8.4622096
              3       5496.4737       3.0196424       2.7644306      0.94890843     0.022005397      0.11601202     0.051879261        1.040898      0.99632127       17.326282       11.164665       7.6404377       1.0332762       1.6197936       1.6552679      0.99507828      0.99794234   2.0483964e-09       65.206371      0.79417195      0.32601491      0.82789003     -0.28156943       14.117318       10980.927       6.0101849        6.0101849       10980.927                               10550.576                 26.184881                 395.88058                      8.2854871
              1       5497.8259       3.0194768       2.7644988      0.94883026     0.022002943      0.11604633     0.051769195        1.040882      0.99619532       17.654382       11.198026       7.8583499       1.1158709         1.76367       1.8728401      0.99874787      0.99413165   2.0480574e-09       65.187941      0.79419221      0.32627428       0.8282404     -0.28150115        14.11813       10983.405       6.1233298        6.1233298       10983.405                                10553.03                 26.228443                 395.86805                      8.2786011
              3       5498.0813       3.0188507       2.7392882      0.94750959     0.021887053      0.11628653     0.051306801       1.0409384      0.99615485       15.220699       9.6910097       6.4921504       1.0353247       1.8972381       2.1619778       1.0017261      0.99202784   2.0467754e-09       64.738005      0.79576871      0.33111213      0.83601444     -0.30671182       14.157055       10983.561       6.3007412        6.3007412       10983.561                               10552.841                 26.463501                 395.87427                      8.3820496
              2       5504.0298        3.019793       2.7392882      0.94329774     0.021887053      0.11628653     0.051306801       1.0409384       0.9962013       15.863596       10.076443       6.3252891       1.2342278       1.8504682       2.2333358      0.99872109      0.99149275    2.048705e-09       64.738005      0.79495091      0.33111213      0.83515528     -0.30671182       14.157055        10995.44       6.3097089        6.3097089        10995.44                               10563.355                 27.891439                 395.88991                      8.3036257
              4       5499.8239       3.0196624        2.736126      0.94318321     0.021880964      0.11624345     0.051311805       1.0409401      0.99677132       15.859536        11.15149        7.429714       1.1279365       1.6784017       2.0727741      0.99491398      0.99364926   2.0484374e-09       64.712166       0.7948594      0.33125795        0.835243     -0.30987399       14.160938       10987.747        5.950203         5.950203       10987.747                               10555.816                 27.784308                  395.8861                      8.2609775
              4       5499.4782       3.0184689       2.6839295      0.94114595     0.021831917       0.1156901     0.051291264       1.0410534      0.99657931       15.365301       10.346873       6.7856153       1.1588156       1.7999156       2.2121229      0.99448637      0.99371652   2.0459941e-09       64.298644      0.79414344      0.33405476      0.83800605     -0.36207046       14.218023       10986.815       6.0707554        6.0707554       10986.815                               10554.275                 28.310777                 395.86166                      8.3669632
              2       5499.5272       3.0187665       2.6926372      0.94141265     0.021838478      0.11583644     0.051350017       1.0410232       0.9967857       15.716745       10.269526       6.7416286       1.0576861       1.7598662       2.0737894       0.9955044      0.99394337   2.0466032e-09       64.343902      0.79446719      0.33395776      0.83822596     -0.35336276       14.209194       10987.262       5.8962586        5.8962586       10987.262                               10554.843                 28.193026                 395.88554                      8.3405296
              1       5495.7637       3.0169864       2.6926372      0.94448187     0.021838478      0.11583644     0.051350017       1.0410232      0.99627727        15.83952        9.913945       6.6724221       1.1820623       1.8339833       2.2091918      0.99725391      0.99754612   2.0429631e-09       64.343902      0.79462133      0.33395776      0.83838859     -0.35336276       14.209194       10979.604       5.9617662        5.9617662       10979.604                               10548.248                 27.102162                   395.898                       8.355288
              4       5496.6048       3.0164367       2.6926372      0.94452086     0.021838478      0.11583644     0.051350017       1.0410232      0.99604205       15.901557       10.400903       7.0460266       1.0132034       1.7798261       2.1265984      0.99316301      0.99082621   2.0418404e-09       64.343902      0.79441391      0.33395776      0.83816975     -0.35336276       14.209194       10979.824       6.6929974        6.6929974       10979.824                               10548.507                 27.081618                 395.89076                      8.3446079
              4       5501.3415       3.0112379        2.705015      0.94524512     0.021737894      0.11537627     0.049170097       1.0407983      0.99530551       16.180609       9.5576901       6.4894237       1.0909201       1.8367169       2.0900469      0.99337862      0.99495787   2.0312529e-09       64.496958      0.79085161      0.33103148      0.83074747     -0.34098496       14.210937       10988.894       6.8946432        6.8946432       10988.894                               10558.028                 26.906254                 395.71414                      8.2453721
             10       5500.3877       3.0107315       2.6562142      0.94392939     0.021715941      0.11445025     0.050049987       1.0409426      0.99540145       16.068255        10.06216       6.6930636       1.0478259       1.6534622        1.903718      0.99531965      0.99662942   2.0302246e-09       64.285319      0.78909235      0.33090144      0.82873663     -0.38978584       14.259316       10987.489       6.6433218        6.6433218       10987.489                               10556.418                 27.150677                 395.74652                       8.173793
              7       5499.6117       3.0116245       2.7394687      0.94649882     0.021798318      0.11566568     0.048955555       1.0406983      0.99528324       16.893528       10.849709       7.7019625       1.0868061       1.5827621       1.8469109      0.99662473      0.99535705   2.0320384e-09       64.809856      0.79072485      0.32868907      0.82767033      -0.3065313       14.170841       10985.764        6.729824         6.729824       10985.764                               10555.156                 26.666733                 395.65823                      8.2824147
              9       5499.8324       3.0134806       2.7713334      0.94804957     0.021845173      0.11590226     0.049709777       1.0406924      0.99514279       16.853957       11.263552       8.2668448      0.95339459       1.6068105       1.8326704      0.99557432      0.99597739   2.0358135e-09       65.131061      0.79139689       0.3261355      0.82514971     -0.27466656       14.132147       10985.962       6.8514908        6.8514908       10985.962                               10555.553                 26.369276                 395.68217                      8.3576816
              3       5499.5499       3.0164039       2.7914832      0.94940294     0.021892925       0.1160236     0.051054322       1.0408097      0.99493028       16.574483       11.611594       8.3317548      0.86526816       1.5924131       1.7131464      0.99510438      0.99873084   2.0417734e-09       65.398022      0.79256105       0.3238813      0.82350272     -0.25451677       14.102114       10985.161       6.9693118        6.9693118       10985.161                               10554.824                 26.164667                 395.78247                      8.3897137
              4       5496.3456       3.0165139       2.7860754      0.94903942     0.021911835      0.11606532     0.050852389       1.0408464      0.99609192       17.204019       12.078409       8.6674959      0.82867823        1.270828       1.2844977      0.99609172      0.99814726   2.0419981e-09       65.347558      0.79277397      0.32452166      0.82453785     -0.25992457       14.105123        10980.49       6.1006391        6.1006391        10980.49                               10550.191                 26.065175                 395.74956                        8.48402
              4        5497.574       3.0190468       2.7860754      0.94770127     0.021911835      0.11606532     0.050852389       1.0408464      0.99707606       19.493303       12.945931       9.8568324       1.1997385       1.2564834       1.4572989      0.99733464       1.0006232   2.0471769e-09       65.347558      0.79339666      0.32452166      0.82518549     -0.25992457       14.105123       10984.135       5.5066689        5.5066689       10984.135                               10553.499                 26.521178                 395.77388                      8.3408937
              4       5497.9973       3.0193346       2.8183705      0.94892534     0.021933959      0.11642937      0.05044578       1.0407848      0.99769557       20.749888        13.43594       10.690397       1.1699266       1.1196872       1.3235482      0.99926072       1.0012593   2.0477661e-09       65.590989      0.79382934      0.32302711      0.82373212     -0.22762948        14.07113       10985.553       5.2207475        5.2207475       10985.553                                10555.13                 26.153971                 395.73222                      8.5366011
              1       5496.8816       3.0174037       2.7460228      0.94557625     0.021853014      0.11606888      0.04957081       1.0409415      0.99775631       19.235405       11.859271        9.191473       1.1118689       1.5032063       1.6343108       0.9910956      0.99332897   2.0438159e-09       64.866327      0.79385179      0.32920782      0.83159883     -0.29997719       14.152183       10982.149       5.8069388        5.8069388       10982.149                                10551.27                 26.912857                 395.70283                      8.2641732
              1       5495.8015        3.015332       2.7344875       0.9452838     0.021843525      0.11566281     0.048515278       1.0409631      0.99816996       18.902226       12.223953       9.1013045       1.0834189       1.3644202       1.4696272      0.99246392      0.99589332   2.0395861e-09       64.874718       0.7920536      0.32813081      0.82835681     -0.31151253       14.163503        10980.76       5.4214651        5.4214651        10980.76                               10549.887                 26.922472                 395.68986                      8.2608994
              1       5498.2992       3.0121388       2.6125143      0.94035131     0.021787264      0.11413514      0.04887227       1.0410941      0.99827703       17.526361       10.955362       8.2508177       1.1699296       1.4752499       1.7656398      0.99041549      0.99377165   2.0330838e-09       63.991475      0.78892246      0.33333444      0.83159867     -0.43348566       14.295039       10985.246       5.6760204        5.6760204       10985.246                               10553.453                 28.000279                 395.69153                      8.1012326
              1       5498.7928       3.0174526       2.6125143      0.94818182     0.021787264      0.11413514      0.04887227       1.0410941          1.0028       17.795133        11.18958       8.4657218      0.92585776       1.1664416       1.4039501      0.99341347      0.99230792   2.0439159e-09       63.991475      0.79319268      0.33333444      0.83609989     -0.43348566       14.295039       10985.735       5.9251866        5.9251866       10985.735                               10556.533                 25.228318                  395.6779                      8.2957757
              1       5496.1579       3.0206489       2.6356504      0.94875591     0.021784543      0.11496569     0.050140598       1.0410745       1.0022226       16.934333       10.244683       7.1954899       1.1151551        1.565746       1.9493679      0.99678698      0.99175068   2.0504593e-09       63.961032      0.79660344       0.3356847      0.84265019     -0.41034962       14.273307       10981.171       5.5723215        5.5723215       10981.171                               10551.743                 25.193071                 395.76449                      8.4701688
              1       5495.7264        3.021054       2.6356504      0.94842293     0.021784543      0.11496569     0.050140598       1.0410745       1.0014381       14.990271       8.8422265       5.7746438       1.0922242       1.6341458       2.0575304      0.99707313      0.99268428     2.05129e-09       63.961032      0.79667154       0.3356847      0.84272223     -0.41034962       14.273307        10980.93       5.2611293        5.2611293        10980.93                               10551.129                 25.468235                  395.7607                      8.5722583
              4       5503.1309       3.0244349       2.6356504      0.94954715     0.021784543      0.11496569     0.050140598       1.0410745       1.0030022       14.794856       7.4481786       4.1739047       1.2527432       2.2662507       2.4266031      0.99287003      0.98792754    2.058237e-09       63.961032      0.79833491       0.3356847      0.84448175     -0.41034962       14.273307       10993.283       6.4891985        6.4891985       10993.283                               10563.567                 25.181961                 395.77979                      8.7545322
              1       5499.2271       3.0294518       2.7849993       0.9553495     0.022032676      0.11638411      0.05140869       1.0407307       1.0026728       16.010611        8.577135       5.5184641        1.079211       2.0009142       2.0149426      0.99465779      0.98861145    2.068589e-09       65.281242      0.80020594      0.32621252      0.83443297      -0.2610007       14.098706       10986.158       6.1479356        6.1479356       10986.158                                10557.71                 24.226532                 395.76849                      8.4529473
              1       5502.5544        3.027641       2.7849993      0.95479545     0.022032676      0.11638411      0.05140869       1.0407307       1.0018392       17.002037        8.615565       6.1087735       1.0943307       2.1224289       2.0439856      0.98684734      0.99016196   2.0648466e-09       65.281242      0.79932191      0.32621252      0.83351112      -0.2610007       14.098706       10992.299       6.4047591        6.4047591       10992.299                               10563.729                 24.351565                 395.77445                      8.4443118
              1       5502.9593        3.032722       2.7995508      0.95592329     0.022198048      0.11644006      0.05360494       1.0409665       1.0017415       17.180733       8.3712407       5.9396512       1.2531304        2.039273       2.1375127      0.98908027      0.99153375   2.0753646e-09       65.639508      0.80088023      0.32318041      0.83124579     -0.24644921       14.058866       10993.954       5.9824659        5.9824659       10993.954                               10565.214                 24.333042                 396.00094                      8.4060773
              2       5500.8131       3.0326728       2.7992954      0.95572286     0.022211873      0.11644917     0.053820039       1.0408958       1.0015752       15.281908       9.1182223       5.3638754       1.2874469       2.0822796       2.2168441      0.99311354      0.99211434   2.0752625e-09       65.621266      0.80071593      0.32341327      0.83137461     -0.24670458        14.05991       10990.563       5.5317883        5.5317883       10990.563                               10561.767                 24.375639                 396.02596                      8.3940296
              3       5496.0431       3.0329469       2.7601051      0.95561596     0.022029509      0.11550693     0.056230995       1.0410098       1.0011725       16.867202       11.058578       7.6594117       1.0838375       1.8260592       1.9309047      0.99588996      0.99245009   2.0758315e-09       65.389843      0.79984119      0.32306149      0.83001461     -0.28589488       14.114004       10981.557       5.2647034        5.2647034       10981.557                               10552.352                 24.196084                 396.59755                      8.4106562
              3       5499.3474       3.0273821       2.7601051      0.96067446     0.022029509      0.11550693     0.056230995       1.0410098      0.99919274       15.433662       9.8597447       6.4106333       1.0801136       1.9615412       2.0864967      0.99667426      0.99079875   2.0643121e-09       65.389843      0.79907859      0.32306149      0.82922324     -0.28589488       14.114004       10988.063       5.3160053        5.3160053       10988.063                               10559.847                 22.914996                 396.50342                      8.7978579
              6       5498.6954        3.024291       2.7601051      0.95992855     0.022029509      0.11550693     0.056230995       1.0410098      0.99778696       14.972225       9.6874572       6.3851334      0.84707317       1.8892914       1.8699004      0.99176979      0.99075274   2.0579408e-09       65.389843      0.79762915      0.32306149      0.82771912     -0.28589488       14.114004       10985.504       5.9432996        5.9432996       10985.504                                   10557                 23.058099                 396.51271                      8.9335107
              1       5498.3862       3.0221068        2.695559      0.95802731     0.022044008      0.11406438     0.056594082       1.0411315      0.99812692       15.277446       9.7134276       6.4305103      0.93069951       1.5146154       1.6924553       0.9986874      0.98801084   2.0534509e-09       65.199626       0.7936093      0.32156515      0.82163818     -0.35044098       14.173773       10985.186       5.7932428        5.7932428       10985.186                               10556.311                 23.300619                 396.55532                      9.0195655
              2       5500.1931       3.0255106       2.6877132      0.96056722     0.022152406      0.11267244      0.05802582       1.0418261      0.99780954       13.802072       8.1785292       4.9312935       1.0230872       1.7444936       1.9744512      0.99629438      0.99247635   2.0604522e-09       65.918645      0.79121145      0.31163151      0.80640389     -0.35828682       14.143716       10989.345         5.52079          5.52079       10989.345                               10560.016                 23.174172                 396.79914                      9.3555468
              1       5500.7831       3.0291613       2.8806405      0.96795562      0.02242375      0.11453307     0.057234745       1.0414279      0.99770322         14.8733       9.7724878       6.4109199      0.90577936       1.4277887        1.569967      0.99902218      0.99452519   2.0679882e-09       67.602513      0.79303285      0.30103403      0.79439838      -0.1653595       13.925852       10990.842       5.3619194        5.3619194       10990.842                               10560.938                 22.263348                 396.42058                      11.220563
              2       5503.9304       3.0312924       2.8806405      0.95775805      0.02242375      0.11453307     0.057234745       1.0414279      0.99749311       17.271044       12.144623        8.820848      0.84245443       1.6650701       1.6676891       0.9946128      0.99710795      2.0724e-09       67.602513       0.7908603      0.30103403      0.79222208      -0.1653595       13.925852       10996.911       5.4749426        5.4749426       10996.911                               10565.241                 24.719361                 396.63862                      10.312055
              1       5508.5327       3.0330715       2.9005922        0.958853     0.022465773      0.11455002     0.058603177       1.0413789       0.9978515       17.823145       11.955335       9.6017538      0.62816714       1.5199134       1.4044408      0.99503617      0.99496963   2.0760903e-09       67.848665      0.79100888      0.29898879      0.78967462     -0.14540779       13.901791       11006.257       5.4042591        5.4042591       11006.257                               10573.759                 24.421522                 396.96847                      11.107619
              2       5504.5306       3.0323757       2.9005922      0.96269022     0.022465773      0.11455002     0.058603177       1.0413789      0.99787977       17.094675       10.672405        8.150518      0.68429384       1.1533315       1.1472904      0.99684569      0.99133637   2.0746461e-09       67.848665      0.79187044      0.29898879      0.79053473     -0.14540779       13.901791       10997.921       5.5699263        5.5699263       10997.921                               10566.221                 23.446816                 396.86258                      11.391352
              2       5506.8067       3.0311749       2.9834693      0.96231416     0.022437661      0.11733718     0.056532451       1.0405293      0.99646088       16.670316       10.196301       7.8925145      0.96194041        1.406589       1.6171788      0.99895286      0.98738943   2.0721564e-09       67.505804      0.79749701      0.30811725      0.80821414    -0.062530735       13.855219       11000.438       6.5878973        6.5878973       11000.438                               10570.631                 23.573783                 396.45873                      9.7745344
              1       5506.5171       3.0267746       2.9834693      0.96336917     0.022437661      0.11733718     0.056532451       1.0405293      0.99464194       18.957741       11.663848       9.1545523       1.1009881      0.99737627       1.3803737      0.99593426      0.98677905   2.0630583e-09       67.505804      0.79605935      0.30811725      0.80675716    -0.062530735       13.855219       10996.957       8.0385786        8.0385786       10996.957                               10566.869                 23.284043                 396.44906                      10.354689
              1       5503.5955       3.0232324       2.9840556      0.96295631     0.022298588      0.11753615     0.054687366       1.0403554      0.99472842       19.085163       13.041452       10.098803       1.0555803       1.0288555       1.4090889      0.99683417      0.99274028   2.0557634e-09       67.269929      0.79562369      0.31041436      0.80931573    -0.061944376        13.87482       10992.547       7.3220503        7.3220503       10992.547                               10562.821                 23.221571                 396.09569                      10.408373
              3       5499.1564       3.0375755       2.9840556      0.96122701     0.022298588      0.11753615     0.054687366       1.0403554       1.0008046       19.892062       13.245389         10.4473      0.92203858      0.91848069       1.0932934      0.99640518      0.99732763    2.085462e-09       67.269929      0.80083209      0.31041436      0.81461376    -0.061944376        13.87482       10988.438       4.9373659        4.9373659       10988.438                               10559.601                 23.775167                 396.17239                      8.8896318
              3       5500.0743       3.0383669       3.0048954      0.96195904      0.02222347      0.11789901     0.055984989        1.040141       1.0001132       19.740818       13.488564       10.679173      0.74987026      0.78172187      0.85263632      0.99763768      0.99727348   2.0871132e-09       67.249007      0.80204009      0.31125115      0.81694145    -0.041104588        13.86863       10990.446       4.8513519        4.8513519       10990.446                               10561.466                 23.578165                 396.42031                      8.9818062
              3       5499.2133       3.0358323       2.6240244      0.94796514       0.0221488      0.11348523     0.058305341       1.0413953       1.0013749       14.880315       9.6038349       5.9661134      0.91167774       1.3477684       1.6031246      0.99542321      0.99079563   2.0818298e-09       64.735243      0.79647246      0.32503524      0.82903976     -0.42197559       14.232207       10987.497       5.4648175        5.4648175       10987.497                               10555.709                 26.282634                 397.29357                      8.2117367
              6       5501.1222       3.0419686       2.7054539      0.95255833     0.022301441      0.11354949     0.062522549        1.041303       1.0004751       16.136981       10.533989       7.2081199       0.9426422       1.0707575       1.4562343      0.99476848      0.99054175   2.0946438e-09       65.759129       0.7967858       0.3155248      0.81714232     -0.34054614       14.128574        10991.47        5.387452         5.387452        10991.47                               10559.252                 25.427436                 398.70017                      8.0904244
              4       5500.1409       3.0411301       2.6718581      0.95094806     0.022262503      0.11341028     0.062209546        1.041358       1.0005799       15.406479       9.1359424       6.0297685       1.2728571       1.4969064       2.0590122        0.995337      0.99333743   2.0928882e-09       65.401166      0.79692298      0.31855883      0.82120303     -0.37414192       14.167634       10989.996       5.1428268        5.1428268       10989.996                               10557.563                 25.736149                 398.65314                      8.0435496
              5       5497.1877       3.0350146       2.8478668      0.95888588     0.022084592      0.11496839     0.054223719        1.041315       1.0027855       16.879099        10.90004        7.490455       1.2524854       1.3342386       1.9084182      0.99721372      0.99973852   2.0801282e-09       66.749803      0.79677307      0.30897837      0.80860804     -0.19813316       14.001169       10983.485       5.4451523        5.4451523       10983.485                               10554.478                 23.946267                 396.03391                      9.0271803
              1       5502.0608       3.0426596       2.9744816      0.96391111     0.021983085      0.11744516     0.056815371       1.0411775       1.0014525       18.585762       11.706835       9.3727805      0.95298391       1.2766038       1.5126287       1.0095295       1.0058628   2.0960917e-09       67.208189      0.80580375      0.31008164      0.81923157     -0.07151837       13.891746       10992.962        5.579939         5.579939       10992.962                               10564.191                 23.172662                 396.63935                      8.9584422
              2       5500.2927       3.0421726       2.9741839      0.96390231     0.021953683      0.11740368     0.056900546       1.0411173       1.0013312       18.319884       11.420989       8.7963661      0.97494775       1.5194304       1.7440325        1.006842      0.99939204   2.0950711e-09       67.175659      0.80554699      0.31022485      0.81915964    -0.071816056       13.896667       10990.259       5.1629371        5.1629371       10990.259                               10561.432                 23.140388                 396.68111                       9.006175
              4         5497.05       3.0434386       3.0147748      0.96223967     0.022016654      0.11991633     0.054843966       1.0407725       1.0006738       16.763699       10.110578       7.4556608       1.0453125       1.7777653       2.0720589       1.0055028      0.99635185   2.0977251e-09       66.693596      0.81202644       0.3205307      0.83935244    -0.031225175       13.868861       10984.021       5.0395225        5.0395225       10984.021                               10555.107                 23.631411                 396.32281                      8.9600863
              2       5493.4648       3.0451575       3.0634557      0.96397443     0.022059185      0.12048893     0.055793601       1.0405627       1.0001085       16.836885        10.79234       7.5919883       1.1327951       1.6995371        2.172521      0.99944466       1.0001937    2.101334e-09        67.01877      0.81321842      0.31880771      0.83832224     0.017455716       13.822578       10977.354       4.7879261        4.7879261       10977.354                               10548.503                 23.381862                 396.50784                      8.9608092
              2       5493.4179       3.0458176       3.1072028      0.96571906     0.022113468      0.12087536     0.055523456       1.0404813      0.99990146       16.920603       10.661625       7.4828643       1.2064243       1.8891582       2.3788002        1.000555       1.0000663   2.1027216e-09       67.407465      0.81370344      0.31611154      0.83526772     0.061202782       13.775819       10977.261       4.7875932        4.7875932       10977.261                               10548.719                 23.174127                 396.41827                      8.9492751
              3       5493.2728       3.0427455       2.9537812       0.9605553     0.022070888      0.11877986     0.054610867       1.0411328       1.0012514       15.434746       9.3413675       6.1658077       1.2498214       2.0296283       2.5958645      0.99790019      0.99822763   2.0962717e-09       66.553868      0.80962122      0.31941273      0.83540557    -0.092218799       13.911707       10976.649       4.9482868        4.9482868       10976.649                               10547.653                 23.976984                 396.22855                      8.7903939
              1        5492.688       3.0419941       2.9537812      0.96231787     0.022070888      0.11877986     0.054610867       1.0411328        1.001077       15.779944       9.2630795       6.2681629       1.1863443       1.9659597       2.4605847      0.99663418      0.99840821   2.0946972e-09       66.553868       0.8098468      0.31941273      0.83563833    -0.092218799       13.911707       10975.481       4.9473597        4.9473597       10975.481                               10546.899                  23.53668                 396.20913                      8.8366138
              3       5493.4911       3.0425563       3.0356222      0.96553795     0.022133007      0.11958733     0.053581904       1.0409808       1.0012121        16.75523       9.9205812       6.9669003       1.3078867       1.8909011       2.5229494       0.9966795      0.99845573   2.0958753e-09       67.212658      0.81060264      0.31513574      0.83079949    -0.010377838         13.8278       10977.042       4.9698338        4.9698338       10977.042                                10549.12                 23.062855                 396.01036                      8.8497029
              1       5495.1436       3.0448967       3.0356222      0.96199241     0.022133007      0.11958733     0.053581904       1.0409808       1.0019226       17.837959        10.83542       7.9479002       1.2984122       1.8989586       2.4670301      0.99634216      0.99964204   2.1007861e-09       67.212658      0.81047102      0.31513574      0.83066458    -0.010377838         13.8278        10979.99       5.1485113        5.1485113        10979.99                               10551.316                 23.919125                 396.04297                      8.7120621
              7       5497.3919       3.0521711       3.0356222      0.96176784     0.022133007      0.11958733     0.053581904       1.0409808       1.0050604       16.643494       10.118237       7.0589762        1.352482       2.1537337       2.7521326      0.99586704       1.0012818   2.1161237e-09       67.212658      0.81335564      0.31513574      0.83362107    -0.010377838         13.8278       10980.929       6.9275005        6.9275005       10980.929                               10551.986                  24.05562                 396.01379                      8.8728958
              5        5494.965       3.0537703       3.0261302      0.96162563      0.02212239      0.11940244     0.055554501       1.0409408       1.0044755       16.495426       10.702681       7.3980621       1.0844037       1.9982186       2.3053373      0.99697302       0.9995512   2.1195106e-09       67.146397      0.81367043      0.31532103      0.83418884    -0.019869754       13.839153       10977.061       6.4345042        6.4345042       10977.061                                10547.67                 24.070763                 396.45538                      8.8647933
              1       5496.2557        3.058736          3.2292      0.96922172      0.02227912      0.12172509     0.056558603       1.0403381       1.0033688       18.514541       12.615062       9.3238936       1.0457763       1.7842803       1.9078969      0.99674559       1.0049385   2.1300616e-09       68.609144      0.81843861      0.30729229      0.82832604      0.18320002       13.642635       10980.775       5.8680345        5.8680345       10980.775                               10552.344                 22.965976                 396.59253                      8.8726481
              7       5496.9005       3.0587877       3.2903157      0.97144752     0.022346308      0.12241477      0.05507295       1.0402585       1.0039931       17.593062        11.60925       8.7557011        1.107809       1.8127658        2.204498        1.000169       1.0027602   2.1301717e-09       69.101393        0.819288       0.3045149      0.82542998      0.24431574       13.579969       10981.603       6.0990864        6.0990864       10981.603                               10553.803                 22.653334                 396.19801                      8.9480576
              2       5496.7178       3.0523684       3.0750258      0.96272091     0.022135948      0.12028138     0.053459636       1.0407366       1.0049234       16.461416       10.328677       7.3197613      0.95330004       1.9775461       2.2147845       1.0003914       1.0014614   2.1165412e-09       67.346678      0.81458854       0.3154224      0.83526434     0.029025832       13.796742       10979.964       6.7358758        6.7358758       10979.964                               10551.133                 23.857511                 396.05488                       8.918169
              1       5495.3461       3.0407269       3.0750258      0.97106518     0.022135948      0.12028138     0.053459636       1.0407366       1.0005891       14.829876       8.7563263       5.8216229      0.96311355       2.1811392       2.4716512       1.0004877      0.99711915   2.0920445e-09       67.346678      0.81241743       0.3154224      0.83303811     0.029025832       13.796742       10980.981       4.8557049        4.8557049       10980.981                               10553.875                  21.97157                 395.95568                      9.1789114
              2       5495.2418       3.0424231       3.1176128      0.97267418     0.022318279      0.12066538     0.052654691        1.040826       1.0010966       14.518837       9.0320349       5.5707729      0.96769456       2.0544821       2.2675124       0.9979423      0.99672091    2.095596e-09       67.886924      0.81294997      0.31165095      0.82858567     0.071612754       13.733366       10980.571       4.9563883        4.9563883       10980.571                                10553.66                 21.898796                 395.83939                      9.1725715
              4       5495.1086       3.0420438       3.1176128      0.97248669     0.022318279      0.12066538     0.052654691        1.040826       1.0005328       14.995648       9.4126019       5.8227526       1.0912972       2.1134233       2.4030791      0.99683209      0.99666898   2.0948012e-09       67.886924      0.81273757      0.31165095      0.82836918     0.071612754       13.733366        10980.39       4.9136177        4.9136177        10980.39                               10553.455                 21.973478                 395.82756                      9.1335857
              3       5495.8548       3.0432926       3.1176128      0.97205642     0.022318279      0.12066538     0.052654691        1.040826       1.0016646        16.67804       10.192097       6.7998806       1.1028051       1.9870376       2.1794225      0.99691184      0.99428203   2.0974189e-09       67.886924      0.81311156      0.31165095      0.82875037     0.071612754       13.733366       10981.273       5.2180766        5.2180766       10981.273                               10554.309                 21.985485                 395.83296                      9.1457829
              1       5497.7263       3.0427869       3.2131001      0.97476115     0.022421136      0.12216787     0.049565395       1.0406123       1.0017957       16.818311       10.719375       7.3697114       1.1034749       1.8431948       2.1457346      0.99940868       0.9992171   2.0963586e-09       68.480091      0.81528252       0.3096986      0.82835619      0.16710012       13.638468       10985.357       5.0480409        5.0480409       10985.357                                10558.55                 21.800511                 395.73617                      9.2701777
              7       5495.8493       3.0436182       3.2597379      0.97638119     0.022371964      0.12283687     0.050360425       1.0403385       1.0016815       17.380494       11.009019       7.5817306       1.2842712       1.7212098       2.1548823      0.99842365       0.9972494    2.098102e-09       68.649894      0.81691003      0.30948365      0.82972171      0.21373788       13.607375       10981.575       5.0617036        5.0617036       10981.575                               10554.827                 21.525438                 395.72514                      9.4980433
              2       5495.1215       3.0417489       3.1286521      0.97340144     0.022211517      0.12004332     0.053775275       1.0406235       1.0015391       17.746457       11.502106       8.0493942       1.2873582       1.6430858       2.0093139        0.998965      0.99828861   2.0941837e-09       68.077403      0.81076229      0.30833681      0.82195038     0.082652138       13.736118       10980.253       4.9947672        4.9947672       10980.253                               10553.021                 21.651568                 395.95614                       9.624722
              3       5497.8919       3.0423386       3.2205865      0.97826884     0.022288584      0.12014447     0.053283965       1.0405798       1.0020082       18.894875       12.524562       9.1463865       1.2590519       1.4711506       1.8172688      0.99976505       1.0009609   2.0954189e-09       69.159868      0.80975102      0.29913298      0.80858006      0.17458654       13.636343       10985.558       5.1127606        5.1127606       10985.558                               10557.589                 21.133741                 395.83498                      11.000941
              1       5496.5662       3.0426451       3.2205865      0.97555184     0.022288584      0.12014447     0.053283965       1.0405798       1.0019074       19.574117       13.513865       9.9373654       1.0801472       1.4621577       1.4573384       1.0004089       1.0032494   2.0960614e-09       69.159868      0.80901937      0.29913298      0.80784947      0.17458654       13.636343       10982.873       5.1299249        5.1299249       10982.873                               10554.631                 21.541104                 395.88413                      10.816051
              1       5497.6156       3.0455434       3.2205865      0.97478519     0.022288584      0.12014447     0.053283965       1.0405798       1.0030512       20.624339        13.64374       10.428871      0.99062351       1.4056849       1.3441245      0.99852491       1.0004768   2.1021452e-09       69.159868      0.80995117      0.29913298      0.80877991      0.17458654       13.636343       10984.147       5.5420644        5.5420644       10984.147                               10556.186                 21.692705                 395.87364                      10.394662
              2       5496.4746       3.0440549       3.2205865      0.97369239     0.022288584      0.12014447     0.053283965       1.0405798       1.0023111       20.513012       13.285515       10.292292      0.97883594       1.4288602       1.4093375       0.9966252       1.0027635   2.0990184e-09       69.159868      0.80900497      0.29913298      0.80783509      0.17458654       13.636343       10982.334       5.3076912        5.3076912       10982.334                               10554.067                 21.867752                 395.87994                      10.518818
              6       5494.0788       3.0404418       3.1309931      0.96756601     0.022244725      0.12033292     0.052098754       1.0402991       1.0014767       18.918667         11.9077       8.9284505       1.0169684       1.6366111       1.6606485      0.99563118      0.99975531   2.0914482e-09       67.920714      0.80888582      0.31046081      0.82286765     0.084993088       13.741286       10978.047       5.0554482        5.0554482       10978.047                               10550.388                 22.729659                 395.80588                      9.1228572
              1       5494.1945       3.0408516       3.1385196      0.96816296     0.022261338      0.12029159      0.05202706       1.0403735       1.0012236       18.149804       10.983704       8.2293053         1.07183       1.7784278       1.8653708       0.9943022       1.0000682   2.0923053e-09       68.061428      0.80887424      0.30912506      0.82108381     0.092519572       13.729496       10978.254       5.0673824        5.0673824       10978.254                                10550.63                 22.714091                 395.81196                      9.0977317
              3        5493.861       3.0403461       3.1210406      0.96740201     0.022233643       0.1201793      0.05189504       1.0404047       1.0021542       18.746168       11.406404       8.8436499       1.0498576       1.6726176       1.7640453      0.99508051      0.99818808   2.0912479e-09       67.885737      0.80872535      0.31042343      0.82265487     0.075040557       13.748833       10977.134       5.2939204        5.2939204       10977.134                               10549.438                  22.68726                 395.80258                      9.2060399
              1       5496.5373       3.0380917       3.1210406      0.96710418     0.022233643       0.1201793      0.05189504       1.0404047       1.0011502       17.893476       11.842643       8.9036563       0.9273043       1.9533372         1.91449      0.99620146      0.99803359   2.0865388e-09       67.885737      0.80772274      0.31042343      0.82163499     0.075040557       13.748833        10983.11       4.9825608        4.9825608        10983.11                               10555.237                  22.72861                 395.79982                      9.3443531
              1       5497.7405       3.0407218       3.1654369      0.96841578     0.022297506      0.12108602     0.052294765       1.0403411       1.0008419       17.824601       12.570198       9.8337831      0.74879539       1.6010413       1.5606254      0.99932644       1.0012304   2.0920337e-09       68.112845      0.81054752      0.31044886       0.8245422      0.11943689       13.702676       10985.777       4.8517954        4.8517954       10985.777                               10558.092                 22.634972                 395.80496                      9.2455766
              1       5502.6741       3.0439104       3.2688904      0.97139975     0.022372257       0.1229693     0.052368745       1.0400039       1.0001012       19.432814       13.531935       10.826701      0.76763539       1.2288737       1.0671951       1.0046425       1.0063649   2.0987152e-09       68.595542      0.81527553      0.31025635      0.82909467      0.22289043       13.608615       10995.155       5.0963962        5.0963962       10995.155                               10567.679                 22.342793                 395.83053                      9.3034513
