#        weight    minuslogpost         theta_i      log10_m_eV        C_agamma        beta_deg             eta         Omega_a           w_a_0   minuslogprior minuslogprior__0            chi2 chi2__birefringence_lk.BirefringenceLikelihood
              1       6.7764341       1.2975324      -31.969436       8.3804586      0.34064645      0.94154214      0.20831941      0.48918323       6.7763305        6.7763305   0.00020734446                                  0.00020734446
              1       7.1625036       1.4990895      -31.778288       7.8939096      0.42461024       1.0784317      0.32975664     -0.86862349       6.7763305        6.7763305      0.77234631                                     0.77234631
              1       6.8793637       1.1924829      -31.141468       7.4983783      0.29932913       1.0061237      0.19585379      0.77182769       6.7763305        6.7763305      0.20606648                                     0.20606648
              1       6.8886438       1.2746697      -30.960761       9.1383564       0.3865511      0.99738553      0.23598454      0.90940956       6.7763305        6.7763305      0.22462663                                     0.22462663
              1       6.9241539      0.82518267      -31.828704       10.405885      0.29088898       1.0181694     0.082095505      0.90312735       6.7763305        6.7763305      0.29564695                                     0.29564695
              2       7.6111065      0.77169989       -31.89326       9.4405708      0.22054152      0.90984116     0.088395509     -0.43860501       6.7763305        6.7763305        1.669552                                       1.669552
              2       7.8071469      0.72259592      -31.981259       9.0869571      0.20703116      0.94764056     0.055862402      0.55100037       6.7763305        6.7763305       2.0616328                                      2.0616328
              2       7.4948728       1.0018789       -31.44831       6.6437698      0.22931424       1.0354357       0.1312721     -0.95807482       6.7763305        6.7763305       1.4370847                                      1.4370847
              1       7.0343593       1.2336808      -30.659976        6.676873      0.27447308        1.001488      0.21736323      0.88025423       6.7763305        6.7763305      0.51605757                                     0.51605757
              2       7.5051659       1.1654803       -30.61179       5.8658366         0.22851       1.0045978      0.18763263     -0.47251671       6.7763305        6.7763305       1.4576709                                      1.4576709
              1       7.5692153       1.1593499      -30.657468       5.8175416      0.22362829      0.99653973      0.18505548      0.32418249       6.7763305        6.7763305       1.5857697                                      1.5857697
              1       7.3646776       1.0300494       -30.72733       6.9620459      0.24003299       1.0059998      0.14091569     -0.53056388       6.7763305        6.7763305       1.1766943                                      1.1766943
              3       7.0046301       1.7652993      -30.202226       6.8945789       0.4055178       1.0013957      0.55309143      0.28793781       6.7763305        6.7763305      0.45659924                                     0.45659924
              1       6.8349968       1.7720931      -30.274669        6.328958      0.37419863       1.0027793      0.55780429     -0.99022867       6.7763305        6.7763305       0.1173327                                      0.1173327
              3       6.7996481       1.4892036      -30.433428       6.4699389      0.32170052       1.0035047      0.34418694     -0.73552781       6.7763305        6.7763305     0.046635226                                    0.046635226
              4       6.9009746       1.8115539      -30.563102       4.8731875      0.29506694       1.0045651      0.59067196     -0.39374708       6.7763305        6.7763305      0.24928833                                     0.24928833
              1       6.7898521       2.1100143      -31.254288       4.5193306      0.32654186       1.0292035      0.96299139     -0.96454627       6.7763305        6.7763305     0.027043256                                    0.027043256
              5       7.1479274       1.1531913      -30.253339       6.7904223      0.26096383       1.0016225        0.183752     0.023904308       6.7763305        6.7763305      0.74319381                                     0.74319381
              1       7.2493934       1.2349682      -30.297787       6.0896835      0.25056714       1.0013722        0.217718      0.45024099       6.7763305        6.7763305      0.94612586                                     0.94612586
              2       7.0331182        1.320872      -30.429571       6.2559592      0.27463567      0.99890506      0.25441542      0.81978867       6.7763305        6.7763305      0.51357551                                     0.51357551
              2       7.2791931       1.1624149      -30.092515       11.270752      0.43626871       1.0008337      0.18839046      0.42579157       6.7763305        6.7763305       1.0057253                                      1.0057253
              1       6.7854885      0.88317741      -30.040243       12.055863      0.35472165        1.001298      0.10117308     -0.88691825       6.7763305        6.7763305     0.018316019                                    0.018316019
              1        6.907549      0.93525576      -30.044687       12.522213       0.3901549       1.0012615      0.11483944     -0.72377944       6.7763305        6.7763305      0.26243715                                     0.26243715
              2       6.7776434      0.79789736      -30.260713       12.677632      0.33718316       1.0018498     0.080767619      -0.3344635       6.7763305        6.7763305    0.0026258466                                   0.0026258466
              1       6.7784388      0.74857317      -30.137846       13.485388       0.3358961       1.0000671     0.070678719      0.99268448       6.7763305        6.7763305    0.0042165694                                   0.0042165694
              1       6.9589361      0.87348173      -30.091789       13.731691      0.39880675      0.99932458     0.098456878      0.67462275       6.7763305        6.7763305      0.36521124                                     0.36521124
              1       6.7763746      0.57888654      -30.238757       17.772029      0.34288286        1.001699     0.041018218     -0.29854188       6.7763305        6.7763305   8.8212854e-05                                  8.8212854e-05
              1        6.785924      0.60014238      -30.362953       17.760579      0.35502066       1.0010692     0.044219556      0.71143976       6.7763305        6.7763305     0.019187147                                    0.019187147
              1       7.4726638      0.41550942      -30.507868       16.664444      0.23106938       1.0029808     0.020665094     -0.15635287       6.7763305        6.7763305       1.3926667                                      1.3926667
              1       7.6306027      0.39628315      -30.462453       16.678693      0.21913138      0.99645764     0.018871454     -0.98545288       6.7763305        6.7763305       1.7085444                                      1.7085444
              5       6.7775243      0.69946751      -30.123549       14.904153      0.34659322      0.99923381     0.061071416      0.61546449       6.7763305        6.7763305    0.0023876946                                   0.0023876946
              1       6.7890433      0.65941948      -30.041438       16.267485      0.35698867       1.0002168     0.053999565      0.91872889       6.7763305        6.7763305     0.025425571                                    0.025425571
              3       6.7819837      0.65107564      -30.009111       16.239724      0.35199522       1.0005726     0.052724149      0.49085616       6.7763305        6.7763305     0.011306517                                    0.011306517
              1       6.9702366      0.73715601      -30.115213        16.31531       0.4005381       1.0009468     0.068239337      0.26503194       6.7763305        6.7763305      0.38781233                                     0.38781233
              2       6.8856475      0.73014404       -30.22529       15.876355      0.38595282       1.0006836      0.06689195      0.77220569       6.7763305        6.7763305        0.218634                                       0.218634
              1       6.8482559      0.65917559      -30.735466       17.326215      0.37765201      0.99382262     0.054490379     -0.65262132       6.7763305        6.7763305      0.14385081                                     0.14385081
              3       7.6706979      0.36917213      -31.089801       17.538606      0.21628102       1.0039599     0.016136163      0.85917621       6.7763305        6.7763305       1.7887348                                      1.7887348
              2       6.8199025      0.57844746      -31.082873        16.11274      0.31425102       1.0133636     0.040274261     -0.62848309       6.7763305        6.7763305     0.087144162                                    0.087144162
              6        6.778841       0.6205715      -30.568608       16.295068      0.33533927       0.9966859      0.04797009    -0.030168513       6.7763305        6.7763305    0.0050209768                                   0.0050209768
              1       7.2348871      0.49556098      -31.625798       15.403926      0.25197993      0.99210887     0.030682239      0.95511114       6.7763305        6.7763305      0.91711327                                     0.91711327
              4       10.173693      0.14092065       -30.94436       20.608338     0.096973067       1.0035879    0.0023796433      0.77674715       6.7763305        6.7763305       6.7947259                                      6.7947259
              1       6.7789757      0.50924475      -31.352928       20.127497      0.34883712       1.0228884     0.030224333      -0.4224176       6.7763305        6.7763305    0.0052904214                                   0.0052904214
              1       8.4679594      0.25319753      -31.984158       21.183666      0.16909984      0.94755517    0.0064664829      0.52849476       6.7763305        6.7763305       3.3832578                                      3.3832578
              1       7.2850379      0.66342498      -31.882778       21.411819      0.43681496      0.92421715     0.065218675    -0.068711562       6.7763305        6.7763305       1.0174148                                      1.0174148
              1       7.0272534      0.63700004      -31.304871       19.746361      0.40859062      0.97630106      0.04905873     -0.83407634       6.7763305        6.7763305      0.50184596                                     0.50184596
              3       6.9642882       0.5876524       -31.05482        20.73001      0.39963322      0.98596945     0.042582246      -0.9936055       6.7763305        6.7763305      0.37591542                                     0.37591542
              1        7.062855      0.63136663      -31.365096       19.588902        0.413158       1.0040293     0.048657788      0.96020285       6.7763305        6.7763305      0.57304905                                     0.57304905
              1       7.5760318      0.69492539      -31.139099       19.704881      0.46087944        1.011573      0.05862422     0.065297664       6.7763305        6.7763305       1.5994026                                      1.5994026
              3       7.1647995      0.61589104      -31.125123       20.485093      0.42485544       1.0120949      0.04822236    -0.039682678       6.7763305        6.7763305      0.77693798                                     0.77693798
              1       6.8813539      0.54363433      -31.091898       21.293889      0.38508101      0.99979772     0.036160686      0.99964959       6.7763305        6.7763305       0.2100468                                      0.2100468
              2       7.5298677      0.58968002      -31.773888       21.708024      0.45739718       1.0739367     0.044135965     -0.96096775       6.7763305        6.7763305       1.5070745                                      1.5070745
              1        6.844928      0.58157946      -31.979017       20.669108      0.37681746      0.94215449     0.034960864      0.42686924       6.7763305        6.7763305      0.13719505                                     0.13719505
              3       7.3089622      0.61654105      -31.754141       20.168952      0.43901891       1.0611085     0.052898291     -0.33815364       6.7763305        6.7763305       1.0652636                                      1.0652636
              2       7.2050962      0.62514012      -31.600775         19.9471      0.42904681       1.0341165     0.044450812    -0.034169674       6.7763305        6.7763305      0.85753144                                     0.85753144
              1       6.7794378       0.5920641      -31.939871       19.714507      0.34941033      0.89971091     0.039442891      -0.8947822       6.7763305        6.7763305    0.0062146876                                   0.0062146876
              2       6.8289439      0.50214262      -31.775083       17.364806      0.31150763       1.0737262     0.031502133     -0.97013608       6.7763305        6.7763305      0.10522688                                     0.10522688
              1       7.0750965      0.45177957      -32.033209       17.219385      0.26933781       1.0405789     0.028285784      0.83608857       6.7763305        6.7763305      0.59753206                                     0.59753206
              2       7.6948874      0.65728986      -32.191235       18.556708      0.46940777       1.1566829     0.042155079     -0.67497184       6.7763305        6.7763305        1.837114                                       1.837114
              1       7.0351915      0.77267029      -32.448414       17.273394      0.27436427      0.61784218      0.17045811    -0.035198796       6.7763305        6.7763305      0.51772207                                     0.51772207
              1       8.9774759       1.2040849       -32.70801        18.82113      0.14477262       0.1920019       0.3004533     -0.79456947       6.7763305        6.7763305       4.4022908                                      4.4022908
              2       11.310409       1.5061408      -32.894971        16.45195     0.058934231     0.071483627      0.22322028     -0.93561112       6.7763305        6.7763305       9.0681564                                      9.0681564
              3       6.8114647        1.182493      -32.427368       15.010371      0.36691771      0.62129889      0.43184923    -0.025668642       6.7763305        6.7763305     0.070268493                                    0.070268493
              2       7.8396842       1.2590938      -32.365304       15.035859      0.47908241      0.76058158      0.42328162      0.36312269       6.7763305        6.7763305       2.1267074                                      2.1267074
              1       6.7763307      0.82054346       -31.84048       12.583999      0.34205998      0.99564358     0.087493166      0.99510583       6.7763305        6.7763305   4.0718173e-07                                  4.0718173e-07
              1       6.7903849      0.69669608      -31.551867       13.824219      0.32624026        1.018065     0.064279862      0.68803761       6.7763305        6.7763305     0.028108823                                    0.028108823
              1       6.9344341       0.6572136      -31.455046       12.820677      0.28914163       1.0313712      0.05120541     -0.64137937       6.7763305        6.7763305      0.31620721                                     0.31620721
              2       7.0193178        0.660033      -31.484117        12.78674      0.27647084      0.98456804     0.056879876      0.68455372       6.7763305        6.7763305      0.48597458                                     0.48597458
              1       6.7777487      0.76375287      -31.319857       13.692706      0.34700636       0.9972802     0.073123596      0.97825743       6.7763305        6.7763305    0.0028365413                                   0.0028365413
              3       6.8125854      0.70480341      -31.305029       13.831557      0.31668802      0.97637013     0.060607118     -0.80556695       6.7763305        6.7763305     0.072509788                                    0.072509788
              3       6.9473996      0.93717795      -30.379461       12.700061      0.39698303       1.0024575      0.11574238     -0.29547353       6.7763305        6.7763305      0.34213825                                     0.34213825
              4        6.789392      0.94765948      -30.352423       11.300319       0.3571929       1.0024938      0.11755883     -0.52260186       6.7763305        6.7763305      0.02612315                                     0.02612315
              1        6.850597      0.99204363      -30.383562       11.473079      0.37822759      0.99876743      0.13123506      0.69250614       6.7763305        6.7763305      0.14853311                                     0.14853311
              2       6.7845828      0.92260785      -30.178116       11.513025      0.35407622       1.0018716      0.11114528     -0.95856782       6.7763305        6.7763305     0.016504656                                    0.016504656
              5       6.7770173      0.83560029      -30.256368       12.203809      0.33851617      0.99771697     0.089489433     -0.97097638       6.7763305        6.7763305    0.0013735899                                   0.0013735899
              4       6.7785711      0.82853567      -30.241248       12.203987      0.33570742      0.99786068     0.088115665     -0.84765471       6.7763305        6.7763305    0.0044812736                                   0.0044812736
              1       7.1461754      0.52146164      -30.750891       14.969677      0.26115509       1.0055082     0.032770649     -0.27557708       6.7763305        6.7763305      0.73968987                                     0.73968987
              2       7.4373491      0.55083397      -30.265116       12.777246      0.23391892      0.99891674     0.037010995      0.56176988       6.7763305        6.7763305       1.3220372                                      1.3220372
              1       7.4165356      0.53223945      -30.053884       13.291044       0.2356341       1.0011379     0.034661513     -0.46348715       6.7763305        6.7763305       1.2804103                                      1.2804103
              1       7.5731183      0.49864614      -30.059125       13.443481      0.22333731        1.001334     0.030210866     -0.94693652       6.7763305        6.7763305       1.5935756                                      1.5935756
              2       7.2368496       0.8492569      -30.352734       15.262974      0.43221249        1.002169      0.09234038     -0.17824631       6.7763305        6.7763305      0.92103826                                     0.92103826
              3       6.9322222      0.91136552      -30.483376       13.004591      0.39448732       1.0003815      0.10813834      0.97986267       6.7763305        6.7763305      0.31178353                                     0.31178353
              3       7.0828031       1.0521961      -30.112358       11.885482      0.41559337      0.99879651      0.14891938      0.03189584       6.7763305        6.7763305      0.61294517                                     0.61294517
              2       7.5551956      0.71866965       -31.50406        9.781648      0.22467948       0.9606031      0.06681726     -0.89276339       6.7763305        6.7763305       1.5577302                                      1.5577302
              6       7.5161433      0.70487617      -31.467869       9.5703078      0.22765853       1.0143016     0.059451189       0.6813972       6.7763305        6.7763305       1.4796256                                      1.4796256
              4       6.9823178      0.81175236      -31.736897       10.033659      0.28166586       1.0393773     0.094166141      0.41417375       6.7763305        6.7763305      0.41197473                                     0.41197473
              1       6.8205444       1.0732024      -31.890073       9.6991243      0.31404739      0.90678212      0.18259989     -0.46051568       6.7763305        6.7763305     0.088427816                                    0.088427816
              3       6.7763306       1.0661272      -31.801817       9.1118761      0.34205491       1.0582808      0.13531228     -0.14212242       6.7763305        6.7763305   3.4122635e-07                                  3.4122635e-07
              1        6.783638      0.88321703      -32.138677       10.202251      0.35336394       1.1786387      0.10759849     -0.95965113       6.7763305        6.7763305     0.014615121                                    0.014615121
              1       6.7763363      0.85692052      -31.797974       11.261488      0.34167955       1.0641542     0.084210466     -0.46238442       6.7763305        6.7763305   1.1621906e-05                                  1.1621906e-05
              2       6.8973593      0.85376044      -31.853371        10.73586       0.2957526      0.96978978      0.10352384      0.79707899       6.7763305        6.7763305      0.24205769                                     0.24205769
              3       6.9999616      0.86426015      -31.904026         10.7936      0.27913499      0.89934307      0.10797902     -0.75172239       6.7763305        6.7763305      0.44726223                                     0.44726223
              2       6.8285799      0.83981852      -31.693899       11.593553       0.3116133       0.9619132     0.081881528      0.17765901       6.7763305        6.7763305      0.10449881                                     0.10449881
              2       6.7765532      0.93175941       -31.40364       11.358271      0.34398381      0.97688603      0.10778661    -0.078064942       6.7763305        6.7763305   0.00044539302                                  0.00044539302
              2       6.7787413      0.93243505      -31.077761       11.066064      0.34852714       1.0151887      0.11462736      -0.9662483       6.7763305        6.7763305    0.0048215949                                   0.0048215949
              1       6.7764341       1.2708338      -31.329516       7.9660034      0.34335352       1.0193754      0.24347225      0.12232564       6.7763305        6.7763305   0.00020733428                                  0.00020733428
              2       6.9199823       1.1195006      -30.931338       7.9156762      0.29161533      0.98905381      0.17349428     -0.90850903       6.7763305        6.7763305      0.28730363                                     0.28730363
              1       6.8028698        1.166906       -30.88748       8.2075055      0.32034351       1.0052887      0.18685679      0.44968082       6.7763305        6.7763305     0.053078729                                    0.053078729
              1       6.7804159       1.2074709      -30.922868       8.7128126      0.35049695       1.0013159      0.20468887      0.97167986       6.7763305        6.7763305    0.0081709131                                   0.0081709131
              1       6.7797765       1.0794443      -30.449657       9.3379781      0.33419627      0.99648422      0.15885009     -0.82955138       6.7763305        6.7763305    0.0068920493                                   0.0068920493
              1       6.9671833      0.88816943       -30.59801       9.6064166       0.2839246       1.0001559      0.10226102      0.99797485       6.7763305        6.7763305      0.38170573                                     0.38170573
              1       6.9530129      0.89025936      -30.559989       9.6410801      0.28612216       1.0019156      0.10345776      0.65535384       6.7763305        6.7763305      0.35336497                                     0.35336497
              1       6.9199285       0.9222752      -30.556045        9.544748      0.29162477      0.99568351      0.11061442      -0.7750285       6.7763305        6.7763305      0.28719602                                     0.28719602
              4       7.8824911      0.74624341      -30.419364       8.1443386      0.20218558       0.9998521     0.070201372      0.99648994       6.7763305        6.7763305       2.2123213                                      2.2123213
              1       7.1983079      0.94442125       -30.43964       8.1612111      0.25564501      0.99687077      0.11658842     -0.58129263       6.7763305        6.7763305      0.84395479                                     0.84395479
              1        6.789134      0.94401343      -30.210219       11.344221      0.35704207       1.0020478      0.11707437     -0.99673227       6.7763305        6.7763305     0.025607051                                    0.025607051
              2       6.8623528      0.87798839      -31.580093       12.441077      0.38098956       1.0483064      0.10004563     -0.99844605       6.7763305        6.7763305       0.1720446                                      0.1720446
              6       6.9526036       0.7732411      -31.900014       12.310167      0.28618694      0.90363457     0.086796415     -0.62890634       6.7763305        6.7763305      0.35254617                                     0.35254617
              1        6.966922      0.74653556      -31.418323        11.42148      0.28396437       1.0009511     0.070532127      0.99832584       6.7763305        6.7763305      0.38118315                                     0.38118315
              2       6.8105199      0.84445826      -31.143719       13.001716      0.36658038       1.0034881     0.090585377      0.92055057       6.7763305        6.7763305     0.068378801                                    0.068378801
              1       6.9165215      0.67300777       -31.15144       13.181786      0.29222595      0.99002546     0.058062064      0.37888301       6.7763305        6.7763305      0.28038207                                     0.28038207
              1       7.0297398      0.79342352      -31.399795       15.929764      0.40891973      0.97240139     0.076699061     -0.59418262       6.7763305        6.7763305      0.50681867                                     0.50681867
              1       6.9518699      0.45651126      -30.538901        18.90252       0.2863032      0.99718768     0.025409501      0.13208618       6.7763305        6.7763305      0.35107892                                     0.35107892
              2       7.3368678      0.39545488      -30.431929       18.385321      0.24247203       1.0023408      0.01892185   -0.0047000933       6.7763305        6.7763305       1.1210747                                      1.1210747
              1       7.4753072      0.72112448      -31.077709        18.61154      0.45314098       1.0147585     0.065903234     -0.93178477       6.7763305        6.7763305       1.3979535                                      1.3979535
              5       8.1817524      0.28338526      -31.529298        20.04227      0.18440363      0.97581438    0.0089392266      0.26188707       6.7763305        6.7763305       2.8108438                                      2.8108438
              3       9.3086039      0.19929854      -31.697446        20.40495      0.13045725      0.96416297    0.0042608042      0.22475243       6.7763305        6.7763305        5.064547                                       5.064547
              2       7.5277401      0.43760728      -32.360431       18.502608      0.22676584      0.84174793     0.037345209      0.60758064       6.7763305        6.7763305       1.5028194                                      1.5028194
              2         7.60441      0.71665265      -32.528087       20.025734      0.22102966      0.46288735      0.15135825     -0.36569538       6.7763305        6.7763305       1.6561592                                      1.6561592
              5       6.9796067        1.004573      -32.562787       22.149183      0.28206421      0.38100501      0.29741047     -0.51537846       6.7763305        6.7763305      0.40655255                                     0.40655255
              6       7.0767822       1.0576262      -32.552199       19.476872      0.26913312      0.39267894      0.33658457     -0.49685671       6.7763305        6.7763305      0.60090343                                     0.60090343
             18       6.8255796      0.54394227      -31.028214       20.302969      0.37150137       1.0110438     0.036961756     -0.37837131       6.7763305        6.7763305     0.098498316                                    0.098498316
              2       7.0287416      0.49029179      -30.947024       16.736265      0.27521221       1.0080369     0.029767513    -0.070420797       6.7763305        6.7763305      0.50482218                                     0.50482218
              2       6.9827964      0.73322178       -31.17948       16.378479      0.40240419       1.0071067     0.069206611      0.72401433       6.7763305        6.7763305      0.41293192                                     0.41293192
              2       7.0447557      0.83826196       -31.28905       14.976933      0.41087388      0.98362097     0.094087727      0.14917432       6.7763305        6.7763305      0.53685046                                     0.53685046
              2       7.1604542      0.62420439      -30.571416       12.554026      0.25960926      0.99570852     0.047906661      -0.7288041       6.7763305        6.7763305      0.76824741                                     0.76824741
              6       6.8593153      0.83377795      -30.657502       10.988485        0.303705      0.99628962     0.088292991      0.15784783       6.7763305        6.7763305      0.16596959                                     0.16596959
              1       6.7764901      0.59032893       -31.46974       17.296926      0.34367956       1.0116088     0.041261169      0.78966968       6.7763305        6.7763305   0.00031925375                                  0.00031925375
              8       7.2015494      0.75770795      -30.081169       17.028195      0.42868604      0.99859824      0.07241016     -0.60773063       6.7763305        6.7763305      0.85043793                                     0.85043793
              2       7.2974826       1.0535246      -32.070446       11.096496      0.43796771       1.1259873      0.19908482     -0.02689933       6.7763305        6.7763305       1.0423043                                      1.0423043
              1       6.9490655       1.0575847      -32.129506       6.9059875      0.28674991       1.1800061      0.16615864     -0.92535794       6.7763305        6.7763305      0.34546997                                     0.34546997
              2       6.9413693       1.7261668       -31.86233       5.4722864      0.28799476      0.91633633      0.61430182    -0.027059009       6.7763305        6.7763305      0.33007767                                     0.33007767
              7        6.893296       1.6042982      -31.884649       6.2128238      0.29653556      0.89417918      0.48244073     -0.62959965       6.7763305        6.7763305      0.23393116                                     0.23393116
              1       6.8324188       1.5711055       -31.92143        6.685235      0.31051677      0.88855631      0.36940664     -0.91073568       6.7763305        6.7763305      0.11217673                                     0.11217673
              4       6.8204738       1.2949422      -30.865215        8.667904      0.36993028       0.9905521      0.24537149     -0.82375865       6.7763305        6.7763305     0.088286631                                    0.088286631
              6       6.8424757       1.2872449      -31.029137       8.6628703      0.37618944       1.0139242      0.24249025     -0.86238674       6.7763305        6.7763305      0.13229038                                     0.13229038
              3       6.7811979      0.71383008      -31.597747       14.254865      0.35127458       1.0375539     0.058949401     -0.24927095       6.7763305        6.7763305     0.009734938                                    0.009734938
              9       6.9109781      0.48776631      -32.122428       15.481334      0.29321995       1.1670655     0.034799817     -0.74452882       6.7763305        6.7763305      0.26929527                                     0.26929527
              9       6.9653582      0.79660181      -32.259767       10.194556      0.28420296       1.0518187     0.068341987      0.87884891       6.7763305        6.7763305      0.37805547                                     0.37805547
              1       7.0423071       0.7719994      -32.275201       10.421697      0.27344098       1.0214805     0.070660802      0.98238489       6.7763305        6.7763305      0.53195334                                     0.53195334
              3       8.0946271       1.0739815      -32.174443       11.857581      0.49463335       1.1673804      0.12891721     -0.79965709       6.7763305        6.7763305       2.6365933                                      2.6365933
              3       7.6585412       1.0466166      -32.107564       11.470981      0.46686164       1.1687507      0.18193724     -0.67510292       6.7763305        6.7763305       1.7644215                                      1.7644215
              5       6.8693831       1.0000288      -32.380595       12.010415      0.30144847      0.75433534      0.25299883      0.33874296       6.7763305        6.7763305      0.18610528                                     0.18610528
              5       7.9489316        1.194408      -32.450834       8.7814888       0.1980479       0.5675071      0.45598084     -0.15377922       6.7763305        6.7763305       2.3452023                                      2.3452023
              4       7.4775248      0.71874791       -30.85444       9.5681455      0.23068286       1.0081679     0.064120075     -0.68965095       6.7763305        6.7763305       1.4023887                                      1.4023887
              1       6.9225864      0.98114375      -30.926977       8.9699013       0.2911607      0.99433872      0.12963901      0.46467468       6.7763305        6.7763305      0.29251183                                     0.29251183
              5       7.2886801      0.90404981      -31.886865        8.974861      0.24684621      0.91438329       0.1259215     -0.28709014       6.7763305        6.7763305       1.0246993                                      1.0246993
              4        6.776499       1.1505551      -30.015059        8.979892        0.343726      0.99989815      0.18350976      0.99779713       6.7763305        6.7763305   0.00033715321                                  0.00033715321
              7       7.0215261       1.5450864      -30.460135       5.3877697      0.27617374      0.99710866      0.38308559    -0.002071927       6.7763305        6.7763305       0.4903912                                      0.4903912
              4       6.9099463       1.5971267      -30.225016       5.5180613      0.29340721       1.0006145      0.41533956      0.86031288       6.7763305        6.7763305      0.26723173                                     0.26723173
              3        6.807268       2.2917057      -30.465087       4.7723936      0.36538221       1.0040936       1.3326672     -0.24858351       6.7763305        6.7763305     0.061875048                                    0.061875048
             10       6.8705284       2.1586266       -30.10988       5.3319099      0.38280031      0.99961753       1.0560594      0.94313547       6.7763305        6.7763305      0.18839584                                     0.18839584
              2       7.2400642       1.9419671      -32.446778       9.0987331       0.2514732      0.42775079       1.5661277     -0.45968752       6.7763305        6.7763305      0.92746741                                     0.92746741
              1       6.9340146       1.6175667      -32.071159        6.319426       0.3947882       1.1607701      0.56115319     -0.38816427       6.7763305        6.7763305      0.31536823                                     0.31536823
              1       6.7888775        1.477735      -31.137613       7.1768083      0.35689064       1.0114145      0.32928214        0.262984       6.7763305        6.7763305     0.025094065                                    0.025094065
              6       8.3967701      0.62397556      -32.002968       8.4513518      0.17277704      0.98472323     0.045706239      0.96847636       6.7763305        6.7763305       3.2408793                                      3.2408793
              2       8.4124874      0.60810309      -32.011953        8.484106      0.17195834       1.0017558     0.045946713      0.99962252       6.7763305        6.7763305       3.2723139                                      3.2723139
              2       7.3552698      0.61520594      -32.257184       11.066665      0.24085152       1.0632466     0.037926082      0.80370526       6.7763305        6.7763305       1.1578786                                      1.1578786
              2       7.7955827      0.54093439      -31.095831       11.630182      0.20779037      0.99269588     0.036579958      0.55881889       6.7763305        6.7763305       2.0385045                                      2.0385045
              5       8.0233736        0.751349      -30.321219       7.7592074      0.19354884      0.99782277     0.070964603     -0.36087458       6.7763305        6.7763305       2.4940863                                      2.4940863
              2       7.3250462      0.83516871      -30.709857       8.7692165      0.24352714      0.99938831     0.089658537      0.98234848       6.7763305        6.7763305       1.0974315                                      1.0974315
              2        6.804299       1.3111147       -30.57072       7.3655248      0.31976802      0.99520502      0.24955571      -0.8351101       6.7763305        6.7763305     0.055937166                                    0.055937166
              1       6.8016441       1.3770919      -30.744915       7.8812361      0.36315049       1.0056602      0.28645519     -0.10441055       6.7763305        6.7763305      0.05062735                                     0.05062735
              4       6.8207609       1.4483601      -31.138884       6.4549403      0.31397904       1.0093779      0.31355931      0.50106366       6.7763305        6.7763305     0.088860821                                    0.088860821
              6       6.7896419       1.4257261      -31.275076       7.4985773      0.35733752       1.0045824      0.30465571      0.93654361       6.7763305        6.7763305      0.02662285                                     0.02662285
              1       6.7881113       1.4371893      -31.175015       7.4283486      0.35642881       1.0034332      0.31871109      0.94514667       6.7763305        6.7763305     0.023561629                                    0.023561629
              3       6.7855741       2.4491091       -32.44666        16.39994        0.354781      0.26548003       2.8690064     -0.75661463       6.7763305        6.7763305     0.018487318                                    0.018487318
              3       8.6612804       2.2346618      -32.373757       14.487959      0.52451256      0.48692133       2.5132925     -0.34610316       6.7763305        6.7763305       3.7698998                                      3.7698998
             10       7.7938595       2.1989577      -32.395551       14.411369      0.47609614      0.45153814       2.3547657     -0.42081187       6.7763305        6.7763305       2.0350581                                      2.0350581
              9       7.5888428        2.203393        -32.4007       14.356774      0.46182787      0.43878646       2.3587178     -0.44695577       6.7763305        6.7763305       1.6250247                                      1.6250247
              7       7.9703598       1.6671017      -32.569166       12.285847      0.19673856      0.28869827       0.8684447     -0.68116955       6.7763305        6.7763305       2.3880587                                      2.3880587
             12       6.9768904       2.4370811      -32.248236       6.6306705      0.40153398      0.74682144       3.0099016      0.37208573       6.7763305        6.7763305      0.40111988                                     0.40111988
              5       6.9842404       1.6238252      -32.282964       5.6750196      0.28138495      0.91773254      0.57197291      0.86393702       6.7763305        6.7763305      0.41581985                                     0.41581985
              2       6.8032003       2.0444173      -31.993888       5.0504895      0.36379092       1.0589385       1.0289229      0.76697301       6.7763305        6.7763305     0.053739735                                    0.053739735
              2       6.7841584       2.0178609      -30.695664       4.9348524      0.33023837      0.99674498      0.82831859      0.66026064       6.7763305        6.7763305     0.015655947                                    0.015655947
              1       7.2762804       1.3659889      -31.227212       9.7983672      0.43599529      0.97904539      0.27039314     -0.71060511       6.7763305        6.7763305      0.99989985                                     0.99989985
              4       6.8212497      0.94091916      -31.331023       9.8421662      0.31382533       1.0185137      0.12176079      0.12765255       6.7763305        6.7763305     0.089838386                                    0.089838386
              6       7.1398754       1.7123294      -30.702422       7.3564505      0.42215339       1.0072484      0.50703662     -0.92365674       6.7763305        6.7763305      0.72708988                                     0.72708988
              8       7.0587518      0.74030074      -30.403933       16.768204      0.41264665      0.99909206     0.069252758      0.84066093       6.7763305        6.7763305      0.56484262                                     0.56484262
              4       8.5240626      0.21085931      -32.125988       20.310303      0.16625609       1.1667835    0.0063128961     -0.76277487       6.7763305        6.7763305       3.4954642                                      3.4954642
             19       7.4022623      0.42917466      -31.238796        16.71235      0.23682649      0.99238592     0.021678322      0.73636126       6.7763305        6.7763305       1.2518637                                      1.2518637
              6       6.7832588      0.74566101      -31.422477       13.222441      0.33093483       1.0088145     0.072208274      0.86256498       6.7763305        6.7763305     0.013856731                                    0.013856731
              9       6.7963146      0.64942793        -31.4404       14.484761      0.32320748       1.0326687     0.054443208     -0.74873232       6.7763305        6.7763305     0.039968179                                    0.039968179
              1       6.8061045      0.80623595      -30.257745       11.902296      0.31906169       0.9993179     0.082724634      0.83151038       6.7763305        6.7763305      0.05954797                                     0.05954797
              3       6.8003223       0.8112303      -30.247066       11.909494      0.32140916      0.99986802     0.084048147      0.99511638       6.7763305        6.7763305     0.047983569                                    0.047983569
              3       7.2416623      0.46510114      -30.227462       16.274563      0.25131735      0.99790138     0.026203986     -0.99999992       6.7763305        6.7763305      0.93066364                                     0.93066364
              3       6.7764551      0.65311032      -30.282443       15.775572      0.34348406       1.0019749     0.053169869     -0.39689946       6.7763305        6.7763305   0.00024925701                                  0.00024925701
              3       6.8908929      0.77309961      -30.237113        15.02201      0.38699497       1.0015295     0.076034419    -0.022252778       6.7763305        6.7763305      0.22912487                                     0.22912487
             26       6.8449634      0.43548785      -30.446436       21.158711      0.30717356       1.0019372     0.022772868      0.35077757       6.7763305        6.7763305      0.13726583                                     0.13726583
              1       7.1165645      0.28275772      -30.999905       28.089605      0.26445894       1.0007372    0.0095073268      0.99263469       6.7763305        6.7763305      0.68046816                                     0.68046816
              4       6.9486168       0.3093524      -30.945224       27.723065      0.28682171       1.0051692     0.011615736      0.54440666       6.7763305        6.7763305      0.34457266                                     0.34457266
              4       7.2192359      0.28324538      -31.116778       26.979303      0.25352953      0.99714175    0.0094704585      0.93504403       6.7763305        6.7763305      0.88581086                                     0.88581086
              2       7.3367709      0.27096118      -31.045358       26.975921      0.24248064      0.99704698    0.0088366288      0.90552494       6.7763305        6.7763305       1.1208808                                      1.1208808
             26       7.7959829      0.22902168      -30.741133       27.348354      0.20776402      0.99697545    0.0061740649      0.58916045       6.7763305        6.7763305       2.0393048                                      2.0393048
              4       6.7851548      0.32391141      -31.452401       29.597139      0.32951224       1.0330408     0.012180634     -0.88206343       6.7763305        6.7763305     0.017648732                                    0.017648732
             10       6.7775434      0.36317876      -31.410505       29.113828      0.34662989      0.98529926     0.015111976      0.54213881       6.7763305        6.7763305    0.0024259669                                   0.0024259669
              1       6.9707879      0.39110577      -32.295314       31.021011      0.40062126      0.99244337     0.018926145      0.99809582       6.7763305        6.7763305      0.38891493                                     0.38891493
              3       7.7312789      0.42507398      -31.826678       32.507882      0.47190708       1.0264202     0.019956741      0.77431303       6.7763305        6.7763305       1.9098969                                      1.9098969
             10       6.8670454      0.25788086      -30.299879       35.113962      0.30196109       1.0022451    0.0078936437     -0.74488749       6.7763305        6.7763305      0.18142987                                     0.18142987
              6       6.8717162      0.25775144      -30.301859       35.118097      0.30094324      0.99925062    0.0079279584      0.82096942       6.7763305        6.7763305      0.19077152                                     0.19077152
              4        8.840662      0.45179676      -30.513827       35.590533      0.53299965      0.99625663     0.024575755     -0.74900589       6.7763305        6.7763305       4.1286631                                      4.1286631
              2       6.7858843      0.30333869      -30.490156       35.171487      0.35499369       1.0000553     0.010988183      0.99943798       6.7763305        6.7763305     0.019107745                                    0.019107745
              2        8.140974       0.1513146      -30.166429       37.033932      0.18670679       1.0013856    0.0027035673     -0.27750035       6.7763305        6.7763305       2.7292871                                      2.7292871
             19       7.2401524      0.37096609      -30.007639       35.089438      0.43253541      0.99869516     0.016527677     -0.96308153       6.7763305        6.7763305      0.92764383                                     0.92764383
              4       7.0558299      0.32394916      -32.026419          37.297      0.41228025       1.0255662     0.013710993      0.92879205       6.7763305        6.7763305      0.55899882                                     0.55899882
              3       6.7925583      0.33881645       -32.36887       38.587473      0.35893454      0.82513751     0.023070775      0.55275435       6.7763305        6.7763305     0.032455718                                    0.032455718
              1       8.3529545      0.37598261       -32.30292       41.668927      0.50891944      0.97631705     0.018474192      0.98290172       6.7763305        6.7763305       3.1532481                                      3.1532481
              4       7.4491088       0.1557672      -31.858776       46.405315      0.23296175      0.96864089    0.0031892521      0.76954274       6.7763305        6.7763305       1.3455567                                      1.3455567
              7       6.7763373      0.23590757      -30.974954       43.899162      0.34165201      0.99153439    0.0064845306     -0.10937808       6.7763305        6.7763305   1.3705206e-05                                  1.3705206e-05
             12         6.77721      0.24552271      -30.669145       42.327596      0.34594258       1.0004852    0.0071582209      0.98516674       6.7763305        6.7763305    0.0017591584                                   0.0017591584
              6       6.7786606      0.24856689      -30.152105       42.152237      0.34841698      0.99944134    0.0073379324      0.81762709       6.7763305        6.7763305    0.0046602172                                   0.0046602172
              5        7.722539      0.17906477      -30.633625       35.775253      0.21268876      0.99786911    0.0038280182      0.67085109       6.7763305        6.7763305        1.892417                                       1.892417
             12       7.9344928      0.95745339        -32.5773       41.947141      0.48506308      0.36299456      0.26298183     -0.54399058       6.7763305        6.7763305       2.3163246                                      2.3163246
              7       6.9523054      0.82999643      -32.596538       41.769774      0.39776585      0.34483477      0.18931927     -0.57039645       6.7763305        6.7763305      0.35194996                                     0.35194996
              1       6.8588353      0.27776108      -32.329157       44.735017      0.38018411      0.91959557     0.012036789      0.85371055       6.7763305        6.7763305      0.16500973                                     0.16500973
              1       6.8615538      0.27998695      -32.332273       44.803748      0.38080807      0.91238032      0.01250104      0.83246001       6.7763305        6.7763305      0.17044659                                     0.17044659
              2       11.240395      0.73750316      -32.465337       43.452602      0.62287178      0.58417221      0.15789525     -0.11444362       6.7763305        6.7763305       8.9281301                                      8.9281301
              1       12.908062      0.74116304       -33.38322       50.085477     0.012819267     0.010379096     0.007114468      -0.9896577       6.7763305        6.7763305       12.263463                                      12.263463
              2        13.39384       1.6526644      -34.788236       48.288527   2.8330989e-05   1.0669769e-05   4.6111991e-05     -0.99999157       6.7763305        6.7763305       13.235018                                      13.235018
              1       11.977435       1.9688618      -33.162634       39.973156     0.038826912     0.014827607      0.10395717     -0.98966951       6.7763305        6.7763305       10.402209                                      10.402209
              7       8.0152544       1.4464759      -32.826787       39.966939       0.1940329      0.10087538      0.27470152     -0.90492175       6.7763305        6.7763305       2.4778479                                      2.4778479
              5       7.3035111       1.5027975      -32.759458        36.88269      0.24547883      0.13311068       0.3822527     -0.87197195       6.7763305        6.7763305       1.0543612                                      1.0543612
              6       8.4400269       1.5487826      -32.831652       35.482281      0.17053326     0.093267217       0.3041186     -0.91496836       6.7763305        6.7763305       3.3273928                                      3.3273928
             11       7.7553464       1.6938708      -32.781711       34.802218      0.21046609      0.10730423      0.43424453     -0.90448747       6.7763305        6.7763305       1.9580319                                      1.9580319
             15       7.3859972       1.8143256       -32.62838       36.713801      0.44579803      0.20114789      0.86679227     -0.80484126       6.7763305        6.7763305       1.2193336                                      1.2193336
             12        7.504918       1.4075369      -32.775125       37.495392       0.2285293      0.13014459      0.31938093     -0.87266983       6.7763305        6.7763305       1.4571751                                      1.4571751
             10       7.1375724        1.340559      -32.726009       35.062186      0.26210089       0.1675967      0.34821799     -0.82802009       6.7763305        6.7763305       0.7224839                                      0.7224839
              6       8.3408536       1.3375831      -32.816272       35.368295      0.17572236      0.11163851      0.24830623     -0.89115815       6.7763305        6.7763305       3.1290464                                      3.1290464
             12       9.1343882       1.4279032      -32.552121        33.00645      0.54613622      0.34827741      0.64420284     -0.58066968       6.7763305        6.7763305       4.7161154                                      4.7161154
              6       7.1034511       1.5799219       -32.61596       32.466221      0.41803208      0.24494249      0.68405445     -0.73878827       6.7763305        6.7763305      0.65424134                                     0.65424134
             15       7.0347938        1.578104      -32.620601       32.488787      0.40958376      0.24010185      0.67329531     -0.74519189       6.7763305        6.7763305      0.51692673                                     0.51692673
              4       6.7768243      0.91481496      -32.569291       29.407337      0.33904589      0.37878383       0.2420786     -0.51721399       6.7763305        6.7763305   0.00098763672                                  0.00098763672
              4        6.862421       0.6083989      -31.383537       19.322022      0.38100502      0.97411808     0.047898776     -0.42269946       6.7763305        6.7763305      0.17218104                                     0.17218104
              3       7.6256429      0.42922073      -30.296135        15.39904      0.21948857      0.99806651     0.022141708     -0.25354649       6.7763305        6.7763305       1.6986249                                      1.6986249
              3       6.7816064      0.48922735      -30.427787       20.484952      0.33234411      0.99669946     0.029062299     -0.99864649       6.7763305        6.7763305     0.010551847                                    0.010551847
              9       7.5232035       0.3993435      -32.455939       27.406668      0.22711423      0.62368226     0.043451848    -0.021531341       6.7763305        6.7763305       1.4937462                                      1.4937462
              4       7.4558181      0.40630099      -32.458137       27.789793      0.23241941      0.61867293     0.045180694    -0.033591802       6.7763305        6.7763305       1.3589753                                      1.3589753
              2       7.2507255      0.46893737      -31.691197       29.050369       0.4335615      0.95654657      0.02407834     -0.14920081       6.7763305        6.7763305      0.94879001                                     0.94879001
              1       7.1604371      0.46995711      -31.675663       28.755699      0.42438891      0.94385176     0.025755826     -0.93515534       6.7763305        6.7763305      0.76821334                                     0.76821334
              7        7.135714      0.47245863      -31.881724       28.897632      0.42169333      0.92830906     0.032240013     0.013888822       6.7763305        6.7763305      0.71876712                                     0.71876712
              3       7.0684041      0.45801105      -32.378306       34.007884      0.41384375      0.79855115     0.045053887      0.46840194       6.7763305        6.7763305      0.58414719                                     0.58414719
             34        6.825154       1.2721761      -32.637322       34.334706      0.37137363      0.25553618      0.41468076     -0.71343728       6.7763305        6.7763305     0.097647155                                    0.097647155
              6       6.9538845       1.3337982      -32.702199       34.458091      0.28598451      0.18701786      0.37392182     -0.80441894       6.7763305        6.7763305      0.35510811                                     0.35510811
              1       7.4216591      0.91225133      -30.584499       14.846877      0.44879068      0.99590088      0.10934616     -0.38997614       6.7763305        6.7763305       1.2906574                                      1.2906574
             18       6.7765054       1.3735563      -30.597583       7.4439912      0.34024158       1.0001312      0.28110629      0.99875112       6.7763305        6.7763305   0.00034993793                                  0.00034993793
              4        7.075676       2.5905613       -32.57564       29.093842      0.26926738      0.10737686        1.961745     -0.93819171       6.7763305        6.7763305      0.59869102                                     0.59869102
              3       7.0290931       2.6338212      -32.517728        23.56687      0.27516571      0.13323797       2.5525758     -0.91926283       6.7763305        6.7763305      0.50552534                                     0.50552534
             38       6.7932381       2.8537093      -32.447836        34.96093      0.35928558      0.10823531       3.8280598     -0.95123578       6.7763305        6.7763305     0.033815233                                    0.033815233
             40       6.7959712       2.8591499      -32.463382       34.991001       0.3233696     0.097146644       3.5884079      -0.9589374       6.7763305        6.7763305     0.039281542                                    0.039281542
             73       7.2757331        2.964441      -32.430909       34.874203      0.24805617     0.072114871       4.3000514     -0.97797738       6.7763305        6.7763305      0.99880526                                     0.99880526
             16       7.5451249        2.864418      -32.520791       34.105417      0.22544042     0.069357582       2.7938349     -0.97520607       6.7763305        6.7763305       1.5375889                                      1.5375889
              2       6.7824024       2.5870536      -32.585628       37.511343      0.33164129       0.1027123       1.8775834     -0.94160792       6.7763305        6.7763305     0.012143817                                    0.012143817
              2        7.934584       2.7537444      -32.375177       23.613739      0.48506871      0.22420061         4.78932     -0.83195946       6.7763305        6.7763305        2.316507                                       2.316507
             28       7.1233807        2.817814       -32.45022       23.311261      0.26368607      0.12065102       3.7256151     -0.94015528       6.7763305        6.7763305       0.6941004                                      0.6941004
             25       6.7799047       2.0549916      -32.681608       37.813481      0.33405246      0.12920517      0.89466144      -0.8948673       6.7763305        6.7763305     0.007148407                                    0.007148407
              1       7.3881543       2.1124554      -32.617348       38.141354       0.4459815      0.16636236       1.1979547     -0.85890802       6.7763305        6.7763305       1.2236477                                      1.2236477
              9       8.4498555       1.9312941      -30.349568       7.9815443      0.51397248       1.0021355      0.72763645       0.2435104       6.7763305        6.7763305         3.34705                                        3.34705
              3       8.0671505        1.670774      -31.111019       8.9385569      0.49303434      0.99223364      0.46136831       0.6481949       6.7763305        6.7763305         2.58164                                        2.58164
              4       9.0270335       1.8214485      -31.335719       8.6524436      0.54143526        1.032554      0.61193235     -0.96756325       6.7763305        6.7763305       4.5014062                                      4.5014062
              4       9.8982486        2.500348      -30.652852       6.9855525      0.57688409      0.99267994       1.9198531     -0.38704917       6.7763305        6.7763305       6.2438363                                      6.2438363
              1       8.7711167       1.3263104      -32.033928       11.163894      0.52975479       1.0753155       0.3199951      0.57159649       6.7763305        6.7763305       3.9895725                                      3.9895725
              2       9.2993054      0.38147306      -32.776601       59.782997        0.130846       0.1724411      0.02462646     -0.80495222       6.7763305        6.7763305       5.0459499                                      5.0459499
             29       6.8062087      0.40020763      -32.533884       58.403087      0.36497843      0.46931879     0.045746597     -0.35092789       6.7763305        6.7763305     0.059756496                                    0.059756496
              8       6.9491427      0.36367844      -32.483555       57.895561      0.39726245      0.56706991     0.037233681      -0.1520753       6.7763305        6.7763305      0.34562452                                     0.34562452
              6       6.7829932       0.3885329       -32.53404       58.140242      0.35285099      0.46947083     0.043081519     -0.35057342       6.7763305        6.7763305     0.013325492                                    0.013325492
              3       7.0745118      0.52704951      -32.470705        40.31819      0.41459105      0.58639381     0.078512667     -0.10907581       6.7763305        6.7763305      0.59636262                                     0.59636262
              3       7.4636846      0.15387081       -32.08638       40.137207      0.23178692       1.1279957    0.0037363275     -0.12108249       6.7763305        6.7763305       1.3747083                                      1.3747083
              1       6.9512266      0.60195929      -32.596969       39.943666      0.28640535      0.35800409     0.098140553       -0.545804       6.7763305        6.7763305       0.3497923                                      0.3497923
              5       6.9017155      0.58456193      -32.582945       39.928967      0.29492768      0.37976841     0.094453411        -0.51026       6.7763305        6.7763305      0.25076998                                     0.25076998
             22       8.6517766      0.11408974      -31.152352       42.574248      0.15994813       0.9897089    0.0015860226      0.30733138       6.7763305        6.7763305       3.7508924                                      3.7508924
              4       6.8118031       1.1796693      -30.023769       8.0775557      0.31696259      0.99974599      0.19467827      0.95872491       6.7763305        6.7763305     0.070945227                                    0.070945227
             12        6.776792       1.2754548      -30.506734       8.0941623      0.34485589       1.0039742      0.23326544      -0.7214152       6.7763305        6.7763305   0.00092305212                                  0.00092305212
             12        6.864435       1.0413799      -30.089044       8.7240328      0.30254137       1.0008758      0.14550602      0.33000826       6.7763305        6.7763305      0.17620912                                     0.17620912
              8       7.2463265       1.0312987       -30.94763       12.498744        0.433136       1.0099394      0.14511311       -0.481644       6.7763305        6.7763305      0.93999208                                     0.93999208
              2       7.1220221        1.867195      -31.613273       4.3063801      0.26383951      0.98618796      0.67889477      0.90652934       6.7763305        6.7763305      0.69138319                                     0.69138319
             16       6.8949546       2.3020641      -30.060477       5.0731996      0.38778566      0.99796263       1.3497693     -0.94661576       6.7763305        6.7763305      0.23724835                                     0.23724835
             10       6.8418778       2.3092782      -30.095347       4.9048831      0.37603457      0.99780289       1.3644513     -0.92700784       6.7763305        6.7763305      0.13109462                                     0.13109462
             50       6.9317369       2.9235777      -30.682482       4.0917217      0.39440555      0.99093277       5.4489314      0.10544238       6.7763305        6.7763305      0.31081277                                     0.31081277
              2       11.442528     0.049250142      -30.287327       33.545695      0.05483968      0.99763697   0.00028642721     -0.98933083       6.7763305        6.7763305       9.3323958                                      9.3323958
              6       10.007461      0.09111317      -30.566376       33.965893       0.1030428       1.0007264   0.00097904866      0.94619136       6.7763305        6.7763305       6.4622615                                      6.4622615
              1       8.4599926      0.15958855      -30.610944       31.766208      0.16950746       1.0049481    0.0030155526     -0.99791249       6.7763305        6.7763305       3.3673242                                      3.3673242
              1       7.6062148      0.14734896      -30.804235       45.068109      0.22089791      0.99976309    0.0025732946      0.99815446       6.7763305        6.7763305       1.6597686                                      1.6597686
              4       7.6070571      0.14734742      -30.804388       45.068766      0.22083647      0.99948089    0.0025758161      0.99107696       6.7763305        6.7763305       1.6614533                                      1.6614533
              4       7.8066377      0.13741579      -30.939908       45.489717       0.2070645       0.9955835    0.0022037521      0.64583451       6.7763305        6.7763305       2.0606144                                      2.0606144
              7       7.0542749      0.95037107      -32.592629       38.190956      0.41208447      0.34123567       0.2521484     -0.57853508       6.7763305        6.7763305      0.55588882                                     0.55588882
             15         7.55996      0.13595873      -31.089885       49.391177       0.2243212       1.0040047    0.0021583202      0.85400732       6.7763305        6.7763305        1.567259                                       1.567259
              3        7.195355       1.0219394      -30.717308       12.650511      0.42805231      0.99514317      0.13821863    -0.052215413       6.7763305        6.7763305      0.83804899                                     0.83804899
              9       7.4692225       1.0483992      -30.704429        12.89264      0.45265617       1.0065186      0.14780874     -0.98284773       6.7763305        6.7763305        1.385784                                       1.385784
             30       7.1693981       1.0609423      -31.832647       7.2866303      0.25865559          1.0056      0.14962318      0.99180358       6.7763305        6.7763305      0.78613517                                     0.78613517
              3        7.112574       1.0284628      -31.795455       7.2632407      0.26491501       1.0658828      0.12660034     -0.49473294       6.7763305        6.7763305      0.67248707                                     0.67248707
              5       6.7764361      0.19881795      -31.043067       51.425497      0.34063344       1.0013251    0.0046687621      0.98038369       6.7763305        6.7763305   0.00021134962                                  0.00021134962
              6       7.6306805      0.13214437       -30.82185       49.501545      0.21912578        1.006811    0.0020941196     -0.41315847       6.7763305        6.7763305       1.7087001                                      1.7087001
              6       7.1157701      0.15389962      -30.932569       52.200791      0.26454952      0.98972433    0.0028226191     -0.94254686       6.7763305        6.7763305      0.67887931                                     0.67887931
             54       6.8306754       2.1259433      -32.698414       47.361096      0.37299006       0.1113386      0.88418573     -0.91473061       6.7763305        6.7763305      0.10868991                                     0.10868991
             13       6.7777875       1.6503733      -32.725812       43.002772      0.33692562      0.14268467      0.51447789     -0.86598227       6.7763305        6.7763305    0.0029141366                                   0.0029141366
              1       6.8968301       1.4576552      -30.636761       8.0497309      0.38814617      0.99421668      0.32541825     -0.86823759       6.7763305        6.7763305      0.24099924                                     0.24099924
              4       7.4038236      0.35655953      -30.796666       19.803526       0.2366954       1.0074817     0.015328434     -0.90462518       6.7763305        6.7763305       1.2549862                                      1.2549862
             17       6.9814485      0.48230669      -30.539495       17.622858       0.2817933      0.99644412     0.028428583     -0.38181138       6.7763305        6.7763305      0.41023617                                     0.41023617
              2       7.2412939      0.19161226      -32.425573       56.573253      0.25135325      0.69690241    0.0091600259      0.16631661       6.7763305        6.7763305      0.92992688                                     0.92992688
              6       7.2814833      0.20484013      -32.448676       56.285111      0.24751688      0.64523536     0.011094817     0.031275146       6.7763305        6.7763305       1.0103056                                      1.0103056
              6       7.2670659      0.20622915      -32.154155       54.008706      0.43512506       1.1741462    0.0051230462     -0.98974289       6.7763305        6.7763305      0.98147082                                     0.98147082
             28       7.0512857       0.2292193      -32.305988        55.50766      0.41170659      0.97253586    0.0068800747      0.97737345       6.7763305        6.7763305       0.5499105                                      0.5499105
              6       7.4822812      0.15380465      -31.801974       42.384312      0.23030595       1.0618238    0.0024879352     -0.45416936       6.7763305        6.7763305       1.4119014                                      1.4119014
              3       6.7972669      0.48024367       -32.39231       26.422074      0.32276492      0.76450385     0.052931491      0.36284019       6.7763305        6.7763305     0.041872812                                    0.041872812
              1        7.270952      0.98294867        -32.6596       29.819308      0.24850694      0.25481913      0.23170813     -0.70644593       6.7763305        6.7763305      0.98924316                                     0.98924316
             11       7.7413254      0.97865012      -32.615379       21.077906      0.21141137      0.30803164      0.25584426     -0.62999235       6.7763305        6.7763305       1.9299898                                      1.9299898
              6       6.9044342      0.87488355      -31.206264       10.091565      0.29442008       1.0022604     0.098246727       0.9752446       6.7763305        6.7763305      0.25620745                                     0.25620745
              3        7.151596      0.77971387      -30.663934       9.9866918      0.26056479       1.0057284     0.077385859     -0.95011491       6.7763305        6.7763305      0.75053111                                     0.75053111
              3       6.9795285      0.99503445      -30.826786       8.4642128      0.28207575        1.006614      0.12977638     -0.19173205       6.7763305        6.7763305      0.40639604                                     0.40639604
              2       7.6539028       1.0834606      -30.493002         12.8896      0.46653296       1.0040415      0.15968905     -0.99971769       6.7763305        6.7763305       1.7551446                                      1.7551446
             11       7.9600433        1.208137      -30.351585       4.8954928      0.19736745       1.0029629      0.20577005     -0.99843356       6.7763305        6.7763305       2.3674257                                      2.3674257
              4       8.1973779       1.2150834      -30.387655       4.5411868      0.18352997      0.99966256      0.20842822      0.97950835       6.7763305        6.7763305        2.842095                                       2.842095
              3       6.9554817       1.1642433      -30.522541       7.3712229      0.28573313       1.0006892      0.18820236      0.94964182       6.7763305        6.7763305      0.35830248                                     0.35830248
              1       6.7851203       1.1665373      -30.549686       8.4646432      0.32953667       1.0030402      0.18807207       0.1421001       6.7763305        6.7763305     0.017579743                                    0.017579743
              3       6.7851949      0.51500581      -31.417494       19.264737       0.3294839      0.99811574     0.032102731      0.99310583       6.7763305        6.7763305      0.01772891                                     0.01772891
              6       6.9293981      0.49222669      -31.521241       24.899054      0.39400972      0.96623072     0.027644712     -0.45687103       6.7763305        6.7763305      0.30613526                                     0.30613526
              4        7.357573      0.69318766      -30.662577       19.133269      0.44334948       1.0046808      0.06062094     -0.32232421       6.7763305        6.7763305        1.162485                                       1.162485
              1       7.2317728      0.60171165      -30.621556       21.638139      0.43171386      0.99657405      0.04421942       0.1195129       6.7763305        6.7763305      0.91088465                                     0.91088465
             12       6.7787399       0.4262301      -31.155375       24.940194      0.34852534      0.98539947     0.022566839     -0.34876588       6.7763305        6.7763305    0.0048189326                                   0.0048189326
              3       7.2069529      0.78882071      -31.589988       9.2918882      0.25476492       1.0446703      0.07488769     -0.76083141       6.7763305        6.7763305      0.86124484                                     0.86124484
              1       7.0511504      0.51877702      -31.824369       23.164224      0.41168943       1.0296583     0.029777872      0.71307523       6.7763305        6.7763305      0.54963978                                     0.54963978
             16        7.103345      0.35069199      -30.133418       22.832035      0.26598026      0.99839142     0.014763528     -0.78097352       6.7763305        6.7763305      0.65402904                                     0.65402904
              6       7.2000131      0.90428787      -30.403312        14.24076       0.4285293        1.000144      0.10638233      0.99540008       6.7763305        6.7763305      0.84736531                                     0.84736531
             14       6.7804436      0.50686011      -30.426186       20.829122       0.3505257      0.99789006     0.031446998      0.18667411       6.7763305        6.7763305    0.0082262982                                   0.0082262982
              7       6.8717685       1.7120021      -30.148543       5.2776436        0.300932       1.0010273      0.50331255      0.47957035       6.7763305        6.7763305        0.190876                                       0.190876
             13       6.8663745       1.7095517      -30.140009       5.3158468      0.30210943      0.99915186      0.50148676       0.6655124       6.7763305        6.7763305      0.18008799                                     0.18008799
              8       6.8004855       1.5954921      -30.193262       6.0664242      0.32133924      0.99783383      0.41566138     -0.86261387       6.7763305        6.7763305     0.048309972                                    0.048309972
             32       6.8487042       1.6055042      -30.161056       5.7347754      0.30623705      0.99965879      0.42246772      0.95261194       6.7763305        6.7763305      0.14474748                                     0.14474748
              5       7.1798462       1.7106323      -30.678843       7.4743572      0.42644484       1.0024304      0.50691531      0.75906088       6.7763305        6.7763305      0.80703149                                     0.80703149
              3       7.3813326       2.0301475      -30.718118       6.5932697      0.44540018        1.000101       0.8523195      0.99970246       6.7763305        6.7763305       1.2100043                                      1.2100043
              1        7.618061        1.222843      -30.811106       5.4529211      0.22003664      0.99178371       0.2102385     -0.84149509       6.7763305        6.7763305       1.6834611                                      1.6834611
              2       8.0065742       1.3582726      -31.116172       4.3043722      0.19455215       1.0001409      0.27364264      0.99987332       6.7763305        6.7763305       2.4604875                                      2.4604875
              4       7.6893625       1.3612595      -31.245712       4.6944728      0.21497598       1.0110766      0.28377297      0.58460443       6.7763305        6.7763305       1.8260641                                      1.8260641
              1        7.140144      0.47969678      -30.929863       16.546217        0.261817      0.99141217     0.028411133     -0.32597652       6.7763305        6.7763305      0.72762715                                     0.72762715
             31       7.5869754      0.12872059       -30.84052       52.296915      0.22230991      0.99255972    0.0019373611     -0.58559539       6.7763305        6.7763305       1.6212899                                      1.6212899
              5       8.2586603      0.28131206      -31.229799       54.880167      0.50385096      0.98088981    0.0092078034     -0.75102703       6.7763305        6.7763305       2.9646597                                      2.9646597
             20       7.1846815      0.23238273      -30.627918       54.936537      0.42694927        1.005155    0.0064243137     -0.99558445       6.7763305        6.7763305      0.81670197                                     0.81670197
              5       7.5434358      0.13231923      -30.173916         51.2815      0.22556854      0.99911792    0.0020779253      0.56297692       6.7763305        6.7763305       1.5342107                                      1.5342107
             14       7.4579751      0.16253041       -30.11438       42.881882      0.23224562       1.0015231    0.0031321741     -0.96873245       6.7763305        6.7763305       1.3632893                                      1.3632893
              9         7.43177      0.15444439      -30.411886         45.4721      0.23437599       1.0030392    0.0028185472     -0.89965566       6.7763305        6.7763305        1.310879                                       1.310879
             21       7.7865286      0.13644263      -30.421404       45.775683      0.20838779       1.0027883    0.0022145896      -0.5206968       6.7763305        6.7763305       2.0203963                                      2.0203963
             29       6.8083825        1.752189      -31.706329        5.414661      0.31820033       1.0080227      0.55390033      0.97782501       6.7763305        6.7763305     0.064104148                                    0.064104148
              5       7.2065677        1.797945      -31.160532       4.3438465      0.25480394      0.98056677      0.56826706     -0.64864799       6.7763305        6.7763305       0.8604745                                      0.8604745
              5       7.1159894       1.3456642      -30.956818       9.3229758       0.4194755       1.0049333       0.2634282      0.67181172       6.7763305        6.7763305      0.67931794                                     0.67931794
              1       7.7134609      0.43982407      -32.584578       37.992074      0.21331057      0.38367393     0.052939231     -0.50223555       6.7763305        6.7763305       1.8742609                                      1.8742609
             11       8.1286216      0.46163833      -32.622547       37.163818      0.18741123      0.32831847     0.054824939     -0.59048666       6.7763305        6.7763305       2.7045823                                      2.7045823
              9       6.7816065      0.34145505      -30.963077       31.082766      0.35165599      0.99583348     0.014152246      0.72760357       6.7763305        6.7763305     0.010552072                                    0.010552072
              2       7.2545748      0.43374982      -30.957872       29.915258      0.43393222       1.0051057     0.022355155      0.57167228       6.7763305        6.7763305      0.95648858                                     0.95648858
              7       7.1097339      0.38253472      -30.814976       33.042212      0.41875874       0.9957397      0.01735957      0.42386174       6.7763305        6.7763305      0.66680678                                     0.66680678
             10       7.2092969       1.8448621      -31.613509       7.0905205      0.42947218      0.98676767      0.65354665      0.91309667       6.7763305        6.7763305      0.86593282                                     0.86593282
             10       7.1282901      0.56003757      -32.395067       18.727486       0.2631341       0.7540539     0.073904902      0.33200386       6.7763305        6.7763305      0.70391924                                     0.70391924
              2       8.1638518      0.62656415      -32.522117        18.54535      0.18541048      0.47957398        0.114775     -0.33312134       6.7763305        6.7763305       2.7750427                                      2.7750427
              1       7.9185209      0.53645299      -32.315325        28.74717      0.48407318      0.94342234     0.042723901      0.91887524       6.7763305        6.7763305       2.2843808                                      2.2843808
             17       6.9624527       1.3857032      -31.088807       6.1609897      0.28464887       1.0020991      0.28562962      0.96835549       6.7763305        6.7763305      0.37224449                                     0.37224449
              9       6.8952121       1.3586145       -31.53992       6.5210889      0.29616469       1.0047056      0.27797679      0.98033327       6.7763305        6.7763305      0.23776323                                     0.23776323
              7       6.7766424       1.7362983      -31.937825       6.4824953      0.33965228      0.90696365      0.44603757     -0.24951366       6.7763305        6.7763305   0.00062379041                                  0.00062379041
              4       8.2769353      0.79922299      -31.953479       7.3974105       0.1791544      0.91075529     0.069034082     -0.46706586       6.7763305        6.7763305       3.0012097                                      3.0012097
              2        8.280515       1.5116735      -31.604037       9.8507619      0.50503971       1.0193413      0.34018846      0.74984048       6.7763305        6.7763305        3.008369                                       3.008369
             15       8.2645402        0.977335      -30.771744       15.387828      0.50417165       1.0075801      0.12660106     -0.99467492       6.7763305        6.7763305       2.9764195                                      2.9764195
             10        7.413085      0.76615789      -30.423856       17.545095      0.44807887       1.0018492     0.073907971      0.37341186       6.7763305        6.7763305       1.2735091                                      1.2735091
              3       7.2731982       2.2475339      -30.345898       5.8490355      0.43570511      0.99614843       1.2263208     -0.99167704       6.7763305        6.7763305      0.99373556                                     0.99373556
              5       7.1073967       1.3658549      -31.064384       5.8524139      0.26551077      0.99830775      0.27585109      0.97686663       6.7763305        6.7763305      0.66213245                                     0.66213245
             14       7.1798085       1.3816091       -31.06944         5.55575      0.25755911       1.0084885      0.29198508      0.44997861       6.7763305        6.7763305      0.80695611                                     0.80695611
              3       7.1322945       1.3712723      -31.071181       5.6933433      0.26268672       1.0112742      0.28736183     0.036600666       6.7763305        6.7763305      0.71192813                                     0.71192813
             22       7.7094282       1.2805384      -31.070656       4.9643259      0.21358776       1.0098233      0.24263936      0.24280118       6.7763305        6.7763305       1.8661955                                      1.8661955
              6       7.5780686       1.8167717      -32.422978       7.2299548      0.22296926      0.51018885       1.3190071     -0.28753321       6.7763305        6.7763305       1.6034762                                      1.6034762
              3       6.7942649       1.1276268      -32.576729        24.83761      0.32419726      0.34790131      0.37107462     -0.57229255       6.7763305        6.7763305     0.035868883                                    0.035868883
              9       6.8497536       1.0855939      -32.589284       25.360293      0.30597871      0.33403461      0.33465951     -0.59301884       6.7763305        6.7763305      0.14684627                                     0.14684627
              2       6.7856563      0.94651847      -32.540763       26.682864      0.35483771      0.42226991      0.26925964     -0.44316157       6.7763305        6.7763305     0.018651748                                    0.018651748
              2       6.8048471      0.95269993      -32.435567       16.003912      0.31955125      0.62991237      0.26474621   -0.0050977261       6.7763305        6.7763305     0.057033319                                    0.057033319
             13       7.9327211       1.3098309      -32.535104       11.675928      0.19904639      0.39117364       0.5476228      -0.5057129       6.7763305        6.7763305       2.3127813                                      2.3127813
             24       7.8264294       1.2971355      -32.529243       11.842813      0.20577464      0.40259978      0.54005281     -0.48556176       6.7763305        6.7763305       2.1001979                                      2.1001979
             15       6.7980903      0.66534555      -32.271097        15.79113      0.36160971        1.034431     0.049155198      0.95075462       6.7763305        6.7763305     0.043519763                                    0.043519763
             13       7.6754544      0.31481276      -32.070912       18.631326      0.21594716       1.1065558     0.015636347      0.16552725       6.7763305        6.7763305       1.7982478                                      1.7982478
              3       6.9271027       2.0015059       -31.82128       4.4474212      0.29038172      0.98045131      0.86302134      0.93506699       6.7763305        6.7763305      0.30154448                                     0.30154448
              5       6.8860968       2.0091304      -31.812357       4.4494856      0.29795696       1.0017458      0.82559721      0.99943159       6.7763305        6.7763305      0.21953257                                     0.21953257
              2       6.9983828       1.9520128      -32.033339        5.491957      0.40464271        1.134446      0.98808617     0.044463721       6.7763305        6.7763305      0.44410472                                     0.44410472
              8       6.8210054       1.1195778      -31.587054       8.0511318      0.31390205       1.0466581      0.16367997     -0.79438799       6.7763305        6.7763305     0.089349798                                    0.089349798
              4       6.7841468      0.91614722      -31.620669       11.633718      0.35375286      0.99755776      0.11049583      0.99582205       6.7763305        6.7763305     0.015632613                                    0.015632613
              1       6.7787773      0.91725178      -31.618984       11.412232      0.34857574       1.0008291      0.10956936      0.99950942       6.7763305        6.7763305    0.0048936613                                   0.0048936613
              3       6.7943323       1.0148742       -31.59833       10.291357      0.35983614       1.0354802      0.12668021    -0.046012151       6.7763305        6.7763305     0.036003604                                    0.036003604
              1       6.8352149       1.2098043      -32.223561       8.4587213      0.37425841       1.0991922      0.15762679      0.47607971       6.7763305        6.7763305       0.1177688                                      0.1177688
             13       7.0020011        1.189269      -32.269421       10.169138      0.40515103       1.0068729      0.19749828      0.99842752       6.7763305        6.7763305      0.45134136                                     0.45134136
              8       7.2226913      0.40261061      -31.696148       33.402596      0.43081491      0.96282462     0.017624216      0.17201775       6.7763305        6.7763305      0.89272164                                     0.89272164
              8       6.9363521      0.27073248      -31.621356       32.012507      0.28882197       1.0015948    0.0086829476      0.99802615       6.7763305        6.7763305       0.3200433                                      0.3200433
              1       8.5980168      0.12962572      -31.038103       37.344102      0.16257636       1.0094066    0.0019427314    -0.032375666       6.7763305        6.7763305       3.6433727                                      3.6433727
              2       6.8528534      0.82263888      -30.411631       13.794497      0.37877381       1.0031982     0.086434016     -0.94633978       6.7763305        6.7763305      0.15304583                                     0.15304583
              4       7.2041211      0.76572922      -30.259575       16.800697      0.42894778       1.0021294     0.074397618     -0.77265098       6.7763305        6.7763305      0.85558128                                     0.85558128
             28       7.1120608      0.96421951      -30.417292       13.102206      0.41902614       0.9968795       0.1222134     -0.73215807       6.7763305        6.7763305      0.67146061                                     0.67146061
              9       7.5478967      0.35551432      -30.223535       19.006145      0.22523049        1.001839     0.015191531     -0.66313557       6.7763305        6.7763305       1.5431325                                      1.5431325
             11       7.5615325       1.5112716      -30.588459       4.4672962      0.22420318      0.99810539      0.35713643      0.75533075       6.7763305        6.7763305        1.570404                                       1.570404
              9       7.5186096       1.5145087      -30.588584       4.5214976      0.22746809      0.99836264      0.35938684      0.81783117       6.7763305        6.7763305       1.4845583                                      1.4845583
              8       7.0397727       1.3346475      -31.021357       9.2082091       0.4102316       1.0032502      0.26453871      0.89633187       6.7763305        6.7763305      0.52688441                                     0.52688441
              4       6.9739737       1.3768469      -30.968455       8.8679484      0.40109951      0.98733655      0.28359293     -0.99237238       6.7763305        6.7763305      0.39528654                                     0.39528654
             10       7.2939142       1.6275079      -30.563424       4.5299302      0.24636141       1.0043382      0.43488205     -0.37814493       6.7763305        6.7763305       1.0351675                                      1.0351675
              5       8.8732253        1.633866      -30.791211       9.7959446       0.5345002       1.0037072      0.44731391      0.65492012       6.7763305        6.7763305       4.1937897                                      4.1937897
              8       9.0641694       1.6262036       -30.78755       10.077856      0.54307384      0.99595044      0.43241234      0.57140028       6.7763305        6.7763305       4.5756779                                      4.5756779
              8       8.3083567      0.50236411       -30.40209         10.5921      0.17745831       1.0023458      0.03053594     -0.15886147       6.7763305        6.7763305       3.0640525                                      3.0640525
             18       10.081491      0.23295987      -30.389423       12.915659      0.10032087       1.0021103    0.0064854052   -0.0087707285       6.7763305        6.7763305       6.6103217                                      6.6103217
             11       9.3643717      0.31320183      -30.065727       12.311837      0.12814055      0.99876044     0.011747376     -0.39000215       6.7763305        6.7763305       5.1760825                                      5.1760825
             21        6.786022       1.4045146       -32.54489       20.955324      0.35508694      0.36260684      0.62931114     -0.55658831       6.7763305        6.7763305     0.019382984                                    0.019382984
              2       9.9113256       1.6954362      -32.803457       19.494559      0.10662448     0.096958077       0.3985938      -0.9148261       6.7763305        6.7763305       6.2699902                                      6.2699902
              4       7.6398587       1.0127429      -31.441308       13.347071      0.46553247       1.0351105      0.14059666      -0.8940522       6.7763305        6.7763305       1.7270564                                      1.7270564
             14       6.8941248      0.62745976      -30.473765       14.246662      0.29637478       0.9964698     0.048881598     -0.81240927       6.7763305        6.7763305      0.23558861                                     0.23558861
              9       7.2838179      0.50437012      -30.330514       14.759262      0.24729879      0.99845827      0.03081874      0.32585998       6.7763305        6.7763305       1.0149749                                      1.0149749
              6       7.1564322       0.2965169      -30.058591       26.328689      0.26004174       1.0011203     0.010515873     -0.42393757       6.7763305        6.7763305      0.76020338                                     0.76020338
              6       6.8802319      0.32709937      -30.118106       27.509125      0.29914973      0.99920369     0.012766513      0.55702209       6.7763305        6.7763305      0.20780282                                     0.20780282
             29       6.8922458      0.32330059      -30.126148       27.559007      0.29674012       1.0009863      0.01246222       0.2024077       6.7763305        6.7763305      0.23183076                                     0.23183076
              8       6.8317452      0.24229877      -31.897474       42.292389      0.31070639      0.91129433    0.0081669529     -0.45791828       6.7763305        6.7763305      0.11082955                                     0.11082955
             32       6.7934265      0.23798639       -31.16312       41.718276      0.32461836      0.98268994    0.0066571665     -0.93333281       6.7763305        6.7763305      0.03419212                                     0.03419212
              8       8.5777134       1.3347227      -32.722225        21.55268      0.16357904      0.17090597      0.34987064     -0.82392051       6.7763305        6.7763305       3.6027659                                      3.6027659
              3       7.6980694      0.70576269      -30.634188       9.1601995      0.21437175      0.99661134       0.0629529      0.21447171       6.7763305        6.7763305       1.8434779                                      1.8434779
              3       7.3059925      0.54808025       -30.36877       13.438828      0.24525194       1.0007574      0.03684496       0.8575265       6.7763305        6.7763305       1.0593241                                      1.0593241
             10       6.8625885       0.6596278      -30.492162       13.758033      0.30295704       1.0033389     0.054402283     -0.49260907       6.7763305        6.7763305      0.17251612                                     0.17251612
              1        6.849575      0.79766189      -30.740944        11.56496      0.30602255      0.99703951     0.080275539      0.63239475       6.7763305        6.7763305      0.14648898                                     0.14648898
              4       6.7927434      0.78386081      -30.770081       12.380517      0.32496917       1.0064364     0.078900051     -0.49604455       6.7763305        6.7763305     0.032825863                                    0.032825863
              8       6.8499733       1.4979309      -31.214277       7.7210935      0.37807513      0.98249292      0.36360132     -0.13331442       6.7763305        6.7763305      0.14728558                                     0.14728558
             36       6.8796264      0.68382869      -30.863767       17.020734      0.38472524      0.99345219     0.059285438     -0.01761039       6.7763305        6.7763305      0.20659193                                     0.20659193
              4       8.3270897       1.0416807      -32.780109       34.503113      0.17645539      0.14755841      0.17706955     -0.84444077       6.7763305        6.7763305       3.1015184                                      3.1015184
              7       8.2808073       1.4003437      -32.352746       14.057476      0.50505556      0.77111482      0.53709756      0.39938951       6.7763305        6.7763305       3.0089538                                      3.0089538
              1        10.37497       2.4346142      -32.812134       25.269927     0.089819198     0.043879023      0.65175442     -0.97641993       6.7763305        6.7763305        7.197279                                       7.197279
              1       7.9613541         1.71035      -32.848523       44.472441       0.1972874     0.077955234      0.33612594     -0.93343804       6.7763305        6.7763305       2.3700472                                      2.3700472
              4       8.4538005       1.8888381       -32.82443       35.412473      0.16982494     0.076308408      0.43655897     -0.93905453       6.7763305        6.7763305       3.3549402                                      3.3549402
              2       7.8031455       1.9426838      -32.777818       35.354345      0.20729337     0.090711511      0.55425197     -0.92751182       6.7763305        6.7763305       2.0536302                                      2.0536302
              2       8.3287805      0.14578163      -31.766746       34.004394      0.17636517       1.0692934    0.0027284229     -0.76009403       6.7763305        6.7763305          3.1049                                         3.1049
              6       7.0808406      0.31853812      -31.463821       24.804907      0.26864264       1.0218751     0.011417932      0.19248606       6.7763305        6.7763305      0.60902017                                     0.60902017
              4       6.9667674      0.33502614       -31.46441       24.952581      0.28398792       1.0210044     0.012657482       0.2590885       6.7763305        6.7763305      0.38087384                                     0.38087384
             18       7.2807585      0.29176463      -31.434636       24.859926      0.24758468       1.0259193     0.010774324     -0.15293484       6.7763305        6.7763305       1.0088561                                      1.0088561
              2       6.9360244      0.40420094      -30.821591       21.337462      0.28887646       1.0066859     0.019936469     -0.33984957       6.7763305        6.7763305      0.31938777                                     0.31938777
             28       6.7961798       2.2454852      -32.691813       47.863251      0.36072906      0.10087665      0.98777439     -0.92860281       6.7763305        6.7763305     0.039698682                                    0.039698682
             19       6.7774307        2.255653      -30.254699       4.6291843      0.34640944      0.99709114        1.247765     -0.70677507       6.7763305        6.7763305     0.002200446                                    0.002200446
             72       6.7914528       2.3395007      -30.467093       4.1638162      0.32565248       1.0047582       1.4334395     -0.61890094       6.7763305        6.7763305     0.030244596                                    0.030244596
             14       6.8225633       1.9322495      -31.120547       5.6747795      0.37058367       1.0157714      0.74650422     -0.14781986       6.7763305        6.7763305     0.092465609                                    0.092465609
              4       6.8563411      0.34850405      -32.143173       22.361727      0.30439749       1.1739506     0.015751962     -0.93913164       6.7763305        6.7763305      0.16002133                                     0.16002133
             12       7.3217837      0.63882171      -31.139415       20.479949      0.44017968       1.0112146     0.049107246      0.11583055       6.7763305        6.7763305       1.0909065                                      1.0909065
              4       6.7884391      0.54735973      -31.129987        19.26863      0.35662818       1.0162812     0.037134881     -0.88943607       6.7763305        6.7763305     0.024217251                                    0.024217251
              1       8.1888245      0.37253991      -31.953062       16.334969      0.18400761      0.90879633      0.01432427     -0.60800029       6.7763305        6.7763305       2.8249881                                      2.8249881
             14       8.9597317      0.14459621      -31.964666       32.881468      0.14556918      0.92020212    0.0020601827     -0.22238642       6.7763305        6.7763305       4.3668025                                      4.3668025
              3       7.4774305      0.24172187      -32.297277       28.938234      0.23069035       0.9912047    0.0071740111      0.99742385       6.7763305        6.7763305          1.4022                                         1.4022
              6       7.3317437       1.4477002      -31.976413       5.2491951        0.242928      0.96078922      0.28767038      0.79932919       6.7763305        6.7763305       1.1108264                                      1.1108264
              6       7.3529515       1.0052477      -32.175481       11.347047      0.44294576       1.1671227      0.11129079     -0.81270607       6.7763305        6.7763305        1.153242                                       1.153242
              1       6.7855315      0.81856173      -31.489566       13.369673      0.35475149      0.97425782     0.091637226      0.18280819       6.7763305        6.7763305     0.018402034                                    0.018402034
              5       6.7790251       1.9987525      -32.645633       32.563325      0.34890075      0.16111502      0.97772143     -0.85931099       6.7763305        6.7763305      0.00538935                                     0.00538935
             10       6.9390541        1.967136      -32.710157       36.099814       0.2883749      0.12205063      0.74346418     -0.89855637       6.7763305        6.7763305      0.32544717                                     0.32544717
             17       7.0788786       2.0700349      -32.712029        35.40609      0.26887934      0.11026145       0.8021898     -0.91364856       6.7763305        6.7763305      0.60509634                                     0.60509634
              3       6.9708327       1.4709741      -32.620052        22.82038        0.283372       0.2537178      0.58450959     -0.72271649       6.7763305        6.7763305      0.38900441                                     0.38900441
             14       6.9767106      0.34684766      -32.530136        51.21743      0.28249271      0.47793914     0.034288639     -0.33433402       6.7763305        6.7763305      0.40076028                                     0.40076028
             34       6.9704916      0.34509423      -32.527836         51.1935      0.28342343      0.48217549     0.033958286     -0.32623648       6.7763305        6.7763305      0.38832219                                     0.38832219
             29       6.7948937      0.36766237      -32.510323       51.502594      0.32388788        0.514089      0.03861433     -0.26361715       6.7763305        6.7763305     0.037126415                                    0.037126415
              7       9.0463214      0.23048358      -32.618137       54.246287      0.14171201      0.34065796     0.013700971     -0.56962118       6.7763305        6.7763305       4.5399819                                      4.5399819
              8       7.0347277      0.29862545      -32.508219       53.080756      0.27442489      0.52033313       0.0253478     -0.25073844       6.7763305        6.7763305      0.51679445                                     0.51679445
             19       7.0169386      0.16437321      -32.327701       54.726163      0.27679243      0.92480476    0.0041245259      0.86835155       6.7763305        6.7763305      0.48121637                                     0.48121637
             38       7.5361522      0.14465162      -32.353875       54.352077      0.22612261      0.86442323     0.003788113      0.68012242       6.7763305        6.7763305       1.5196435                                      1.5196435
              7       7.7577441      0.29060663      -32.323925       52.605214      0.47369488      0.93129289     0.012718665      0.88663918       6.7763305        6.7763305       1.9628273                                      1.9628273
              2       8.0233129      0.27109664      -32.027032       52.985038      0.49044755        1.026212    0.0095879826      0.92525023       6.7763305        6.7763305       2.4939649                                      2.4939649
             13       6.8436454       2.1553403      -32.635531       35.941432      0.37649043      0.14607121       1.1588321     -0.88230226       6.7763305        6.7763305       0.1346299                                      0.1346299
              6       6.7878524       2.1628619      -32.645393       35.818965      0.35626941       0.1382161       1.1221352     -0.89054405       6.7763305        6.7763305     0.023043929                                    0.023043929
              6       6.8585891       2.1682297      -32.632341       35.996893      0.38012708      0.14637955       1.1850412     -0.88258962       6.7763305        6.7763305      0.16451724                                     0.16451724
             27       6.8118674       2.1451097      -32.627085       33.454429      0.36706012      0.15372906       1.1869258     -0.87393034       6.7763305        6.7763305     0.071073962                                    0.071073962
              3       9.4315511       2.5749763      -32.763369       33.603871      0.12538269      0.04355088      0.85874537     -0.97969646       6.7763305        6.7763305       5.3104413                                      5.3104413
              1       8.1611185       2.7112254      -32.271031       11.936286      0.49843521      0.46290915       5.8130766     -0.40594284       6.7763305        6.7763305       2.7695761                                      2.7695761
             32       6.8083186       2.8209051      -32.308768       12.127536       0.3182241      0.27957216       6.3679952     -0.76031758       6.7763305        6.7763305     0.063976176                                    0.063976176
              8       7.1109301       2.9051597      -32.187841       9.0498077      0.41889632       0.4788716       9.3849908     -0.36040942       6.7763305        6.7763305      0.66919918                                     0.66919918
             12       7.0025792       2.1678406      -30.695575       5.6316757      0.40523186      0.99760935       1.0653411      0.83549892       6.7763305        6.7763305      0.45249753                                     0.45249753
              4       9.0169606      0.46367575      -31.282026       9.2936158      0.14301152      0.99745619     0.026272636       0.9767765       6.7763305        6.7763305       4.4812602                                      4.4812602
              7       10.103248      0.37252954      -31.145331       8.0158071     0.099526728       1.0017369     0.016557924       0.9791778       6.7763305        6.7763305       6.6538352                                      6.6538352
              2       9.3694213      0.35063897      -31.612719       10.783793      0.12793202       1.0168793     0.013926203       0.7593898       6.7763305        6.7763305       5.1861816                                      5.1861816
              2       11.539389       2.3597756       -32.67869       7.0995118     0.051874564     0.093063029       1.1204482     -0.93945295       6.7763305        6.7763305       9.5261168                                      9.5261168
              5       9.4618551       2.2587503      -32.466488       5.4889813      0.12415007      0.30096008        2.234011     -0.69297885       6.7763305        6.7763305       5.3710493                                      5.3710493
             17        7.161909       2.5055063      -32.230426       4.0700351      0.25945339      0.76469386       3.3229143       0.4347707       6.7763305        6.7763305      0.77115697                                     0.77115697
              1       7.4097538      0.73032412      -32.499885       35.810144      0.44780102      0.51461836      0.15814922     -0.26462687       6.7763305        6.7763305       1.2668466                                      1.2668466
              2        7.226115      0.76337846      -32.540977       38.853614      0.43115487      0.43690184      0.17126562     -0.41409757       6.7763305        6.7763305        0.899569                                       0.899569
              4       7.3675471      0.19319887      -31.513485       38.807996      0.23978464      0.96120819    0.0043339216     -0.95789056       6.7763305        6.7763305       1.1824333                                      1.1824333
              3       6.9587624      0.44838365      -31.295455       27.337105      0.39877972      0.97780595     0.025136698     -0.62441483       6.7763305        6.7763305      0.36486384                                     0.36486384
              6       7.3847558      0.88961983      -30.930423       15.207179       0.4456923       0.9901567      0.10416423     -0.63003262       6.7763305        6.7763305       1.2168507                                      1.2168507
              4       6.8743687      0.81437952      -30.836276       14.273323      0.38362369      0.99191713     0.085585215     -0.72913489       6.7763305        6.7763305      0.19607644                                     0.19607644
             12       6.8451496       1.0418348      -31.453563        8.582728      0.30712634        1.032321      0.13922278     -0.62123034       6.7763305        6.7763305      0.13763829                                     0.13763829
              4       6.7773344       0.9959063      -31.548168       10.296744      0.34621198       1.0147186      0.13824447      0.79986028       6.7763305        6.7763305    0.0020077803                                   0.0020077803
              7       6.8305349      0.89937853      -31.701903       12.778179      0.37294998      0.97535115     0.097413816      0.67997225       6.7763305        6.7763305      0.10840895                                     0.10840895
             62       7.2108883       1.9148899      -32.683535       46.706907      0.42963279       0.1443758      0.78669495     -0.87372887       6.7763305        6.7763305      0.86911566                                     0.86911566
              5       7.1658891      0.40277416      -32.465109       52.508559      0.42497156      0.60393481     0.044863442    -0.068507609       6.7763305        6.7763305      0.77911725                                     0.77911725
              6       7.4121128      0.92493724      -32.731461       40.472525      0.23600214      0.18948083      0.16573657     -0.79113202       6.7763305        6.7763305       1.2715647                                      1.2715647
              8       6.7767808      0.31008967      -32.233611       30.144203      0.34482101       1.1087267    0.0083683524      0.25544382       6.7763305        6.7763305   0.00090064524                                  0.00090064524
             10       6.9215444      0.50197827      -32.020376        23.13321      0.39265788       1.0162847     0.032460419      0.96987151       6.7763305        6.7763305      0.29042791                                     0.29042791
             10       7.7391259       1.3151228      -31.213512       10.955348      0.47243972      0.98554356      0.26164745      0.16930419       6.7763305        6.7763305       1.9255908                                      1.9255908
              3       8.5373214      0.45916337      -30.762429       10.903985      0.16559072      0.99404359     0.025235824     -0.42187166       6.7763305        6.7763305       3.5219819                                      3.5219819
             26       8.5742919      0.25614691      -30.892497       19.259105      0.16374857      0.99764078    0.0078729873      0.87779887       6.7763305        6.7763305       3.5959228                                      3.5959228
             16       6.7802987       0.6538212      -30.950133       15.171027      0.33362587       1.0108987     0.053486256     -0.92037067       6.7763305        6.7763305    0.0079364077                                   0.0079364077
              9       6.8293978       1.3714436      -31.645758       7.2107615      0.31137638      0.94634277      0.30593014     -0.45355529       6.7763305        6.7763305      0.10613472                                     0.10613472
             10       6.9253426      0.35149785      -31.682069       26.233009       0.2906839      0.94748449     0.013772492     -0.71953571       6.7763305        6.7763305      0.29802424                                     0.29802424
              5       8.0329681       0.4600984      -31.594826       30.811666      0.49102114       1.0410131     0.023891545     -0.54807279       6.7763305        6.7763305       2.5132753                                      2.5132753
              6       6.9433581      0.28161332      -31.170778       30.999474      0.28767033      0.99039733    0.0091864444        0.417213       6.7763305        6.7763305      0.33405533                                     0.33405533
              7       7.9442541       2.2776415      -32.791038        43.37204       0.1983353     0.060342974      0.66030102     -0.96173629       6.7763305        6.7763305       2.3358472                                      2.3358472
             14        7.059852       2.0159511      -32.643483       38.373491      0.41278413      0.16037386       1.0007276     -0.86088642       6.7763305        6.7763305      0.56704307                                     0.56704307
              4       7.3446842      0.14011493      -31.085189       51.291298       0.2417805       1.0111488    0.0022653641     -0.16978007       6.7763305        6.7763305       1.1367075                                      1.1367075
             10       7.3694404      0.44810973      -31.111935       30.124253       0.4443789      0.98940631     0.023619794       0.0841308       6.7763305        6.7763305       1.1862199                                      1.1862199
              1       7.9946611       2.5634711      -32.543314       17.159341       0.1952678      0.13342079       2.2081054     -0.91514625       6.7763305        6.7763305       2.4366613                                      2.4366613
              4       9.0723496       2.6868437      -32.626234       23.260406      0.14056701      0.06759983       1.6469185     -0.96942947       6.7763305        6.7763305       4.5920383                                      4.5920383
             35       8.2280939       2.6784858       -32.57923       23.275531      0.18182646     0.087657694       2.0150081     -0.95653051       6.7763305        6.7763305       2.9035268                                      2.9035268
              1       8.3718476        2.173651      -32.681659       20.969847      0.17408342       0.1147874      0.97974729     -0.91341475       6.7763305        6.7763305       3.1910343                                      3.1910343
              7       8.3000005       2.3922437      -32.694123       27.090796      0.17790766     0.082506728       1.0690712     -0.94885658       6.7763305        6.7763305         3.04734                                        3.04734
              1       7.8539022       1.4314717      -31.937986       11.188362      0.47999583      0.90076212      0.27055026     -0.59266017       6.7763305        6.7763305       2.1551435                                      2.1551435
              6       6.9074071      0.91070519      -32.484768       24.324232      0.39012885      0.52931358      0.25252387     -0.23559151       6.7763305        6.7763305      0.26215331                                     0.26215331
              1       6.8197784      0.57079038       -32.33276       18.357005      0.31429058      0.90151886      0.05516899       0.8011694       6.7763305        6.7763305     0.086895845                                    0.086895845
              1        12.28018      0.95508665      -32.811729       7.1991817     0.030128193      0.13169494      0.13343557     -0.86131164       6.7763305        6.7763305       11.007699                                      11.007699
              3       13.220541      0.85859627       -33.42251       18.928857    0.0045357863    0.0083880519    0.0078660803      -0.9917892       6.7763305        6.7763305       12.888422                                      12.888422
              3       8.0794246       1.0137482      -32.608884       17.980896      0.19024928      0.31369203      0.27896445     -0.62235031       6.7763305        6.7763305       2.6061883                                      2.6061883
             26       8.0638872      0.31076693      -32.430679       27.088368      0.19115669      0.68248604     0.024670838      0.12772157       6.7763305        6.7763305       2.5751135                                      2.5751135
              2       10.289399      0.35634222      -31.306415       8.0118717     0.092835517      0.97731552     0.014775412     -0.73366818       6.7763305        6.7763305       7.0261362                                      7.0261362
              5       8.8879233      0.53678569      -30.886919       29.759672      0.53517368       1.0069029      0.03462298    -0.073411195       6.7763305        6.7763305       4.2231858                                      4.2231858
              5       11.687197     0.059467253      -30.898685       24.190489     0.047407331      0.99047812   0.00041996231      -0.9564273       6.7763305        6.7763305       9.8217339                                      9.8217339
              2       12.397618     0.035752916      -30.794262       22.427924     0.026818465       1.0052065   0.00015306901     0.060743098       6.7763305        6.7763305       11.242576                                      11.242576
             19        9.276652      0.33890153      -31.156161       11.869319      0.13179609      0.98474797     0.014129386     -0.48077832       6.7763305        6.7763305       5.0006432                                      5.0006432
              3        8.423921      0.41249913      -31.278151        12.42662      0.17136525       1.0047745     0.020165617      0.91410232       6.7763305        6.7763305        3.295181                                       3.295181
              2       8.3970869      0.37617252      -31.240031       13.880139       0.1727605      0.99445579     0.016673657      0.86117255       6.7763305        6.7763305       3.2415129                                      3.2415129
             25       7.9862097      0.33573841      -31.506108       18.235411      0.19577762      0.96109952      0.01382753     -0.92795894       6.7763305        6.7763305       2.4197584                                      2.4197584
             46       7.2239038      0.93248303      -31.416038       8.1731422      0.25306454      0.99798317      0.11314413      0.99260353       6.7763305        6.7763305      0.89514659                                     0.89514659
             14       8.5320927      0.50933214      -32.391435        12.78994      0.16585282      0.76520034     0.059639259      0.36520979       6.7763305        6.7763305       3.5115245                                      3.5115245
              7       7.3173231      0.95644391      -30.839376       13.935094      0.43977741      0.99171162      0.11935587     -0.77283863       6.7763305        6.7763305       1.0819854                                      1.0819854
              8       6.9083879      0.46694444      -31.065682       18.952731      0.29369143      0.99741565     0.026182203      0.93395609       6.7763305        6.7763305      0.26411478                                     0.26411478
              8       8.3666254      0.98773148      -32.736546       29.150347      0.17435844      0.18200456      0.18551894     -0.80176322       6.7763305        6.7763305       3.1805899                                      3.1805899
             11       7.6314953      0.93904998      -32.685659       30.426551       0.2190672      0.23043998      0.19658417     -0.73846576       6.7763305        6.7763305       1.7103297                                      1.7103297
              5       7.9095951       1.0252185       -32.75117        34.84341      0.20048303      0.16867955      0.18998764     -0.81889631       6.7763305        6.7763305       2.2665293                                      2.2665293
              1       8.2623874       1.0646812      -32.744196       29.572358       0.1799457      0.17177416      0.20943836     -0.81600061       6.7763305        6.7763305       2.9721138                                      2.9721138
              8       6.7774282       1.3063312      -32.608385       27.138558      0.33759548      0.28620582      0.47194629     -0.67126742       6.7763305        6.7763305    0.0021955443                                   0.0021955443
             16         8.04827       1.6116616      -32.703534       22.150987       0.1920743      0.16170528      0.53420952     -0.84339541       6.7763305        6.7763305       2.5438791                                      2.5438791
             20       6.7772571      0.93438817      -32.015482       10.680814      0.33795323       1.0177634      0.12176713      0.96613465       6.7763305        6.7763305    0.0018533626                                   0.0018533626
             16       6.7765386      0.77756263      -31.985794       13.746317      0.34008213       0.9562776     0.066761733      0.70291873       6.7763305        6.7763305   0.00041627728                                  0.00041627728
             12       7.9885724      0.86701024      -32.144752       14.362264      0.48836509       1.1787437     0.099588722     -0.98646485       6.7763305        6.7763305        2.424484                                       2.424484
              2       6.9711201      0.55258038      -32.234769       19.748841      0.40067131       1.1035019     0.027536038      0.35243436       6.7763305        6.7763305      0.38957925                                     0.38957925
              4       8.6184801      0.14885627      -31.748276       31.046011      0.16157143       1.0507842    0.0029776551     0.016629478       6.7763305        6.7763305       3.6842993                                      3.6842993
              6       6.8422181      0.59031053      -30.017512       15.669668       0.3078772       1.0003664      0.04293491      0.77426741       6.7763305        6.7763305      0.13177517                                     0.13177517
              6       6.7772458      0.65944573      -30.123866       15.407051      0.33797803      0.99979691        0.054024      0.98060324       6.7763305        6.7763305    0.0018307228                                   0.0018307228
             24        6.812639      0.91070916       -31.30438       10.708817      0.31666931      0.97590303      0.10536421     -0.80868163       6.7763305        6.7763305     0.072617015                                    0.072617015
              1       7.2121308      0.80848425      -31.427332       9.2849405      0.25424202       1.0179315     0.087892436      0.46283074       6.7763305        6.7763305      0.87160058                                     0.87160058
             19       6.7763308      0.82414419      -31.555098       12.166005      0.34192344       1.0249427     0.093427749      0.43589336       6.7763305        6.7763305    6.633412e-07                                   6.633412e-07
             10       6.9584807       1.0562056      -31.589791       10.861433      0.39873587       1.0446519      0.14161347     -0.66941496       6.7763305        6.7763305      0.36430049                                     0.36430049
              3       7.8258427       2.7061573      -32.484486       16.842765       0.2058127      0.13571494       3.0458927     -0.92135533       6.7763305        6.7763305       2.0990245                                      2.0990245
              5       7.2124809        2.616256      -32.511158       20.432157      0.25420677       0.1429271        2.594273     -0.90964369       6.7763305        6.7763305      0.87230094                                     0.87230094
              6       6.9425823       2.6559043      -32.159355       4.8806591      0.39620335      0.91864806       3.4884655       0.8971323       6.7763305        6.7763305      0.33250377                                     0.33250377
             19       6.9117089       2.3556715      -32.065133       4.0842402      0.39091225       1.2211673       1.5967952     -0.97908214       6.7763305        6.7763305      0.27075688                                     0.27075688
             11       6.7901572       2.2095502      -31.966811       4.7875418      0.35763157       1.0161114       1.2237338      0.98060578       6.7763305        6.7763305     0.027653465                                    0.027653465
             17       6.7884917       2.1647502      -31.967481       4.5005105      0.32734006       1.0098375       1.1158553      0.99241153       6.7763305        6.7763305     0.024322511                                    0.024322511
             20       6.8612494       1.5240622      -32.788446       51.881241       0.3032613      0.11527253      0.35091618     -0.89171604       6.7763305        6.7763305      0.16983782                                     0.16983782
              7        6.858207       1.5010273      -32.737439       51.666384      0.38003843      0.14728305      0.41392175     -0.85618978       6.7763305        6.7763305      0.16375305                                     0.16375305
              3       6.8547836       1.4338303      -32.798177       55.226487      0.30476529      0.11567573      0.30254669     -0.88903401       6.7763305        6.7763305      0.15690622                                     0.15690622
              7       7.0341072        1.003135      -32.618111       40.552483      0.40949393      0.30254678      0.26753737     -0.63873427       6.7763305        6.7763305      0.51555344                                     0.51555344
              4       7.0413982      0.39641672      -32.315105       21.862976      0.27355822      0.94865965     0.022580121      0.93090858       6.7763305        6.7763305      0.53013553                                     0.53013553
              8       6.7765882      0.74080286      -32.404242       19.127968       0.3398657      0.72087133      0.13943113      0.23655696       6.7763305        6.7763305   0.00051553032                                  0.00051553032
             16       6.8777179       0.8726943      -32.313918       14.257604       0.3843287      0.92835916       0.1254932      0.88207624       6.7763305        6.7763305      0.20277486                                     0.20277486
              1       6.7822044      0.77715408      -32.083378       11.310894      0.33181155       1.1345127      0.10178118      -0.1745595       6.7763305        6.7763305     0.011747897                                    0.011747897
              3       6.8531545      0.53057301      -32.033815       16.570252      0.30515391       1.0431976     0.039665991      0.81782198       6.7763305        6.7763305      0.15364808                                     0.15364808
              5       6.8235396       0.5182257      -32.088952       15.989695      0.31311609       1.1357119     0.043439786     -0.21466508       6.7763305        6.7763305     0.094418344                                    0.094418344
             16        8.066758      0.79275655      -32.598018       20.970551      0.19098863      0.34528661       0.1718338     -0.56898917       6.7763305        6.7763305        2.580855                                       2.580855
             18       7.3173859        1.410216        -32.6847       26.625338      0.24421691      0.19548655       0.4414683     -0.79637429       6.7763305        6.7763305        1.082111                                       1.082111
             14       6.9450465       2.6511049      -32.530184       27.081304      0.28739643       0.1203114       2.4484036     -0.93105225       6.7763305        6.7763305      0.33743212                                     0.33743212
              2       6.7987989      0.41397737      -32.044148       24.766573      0.36192644       1.0609617      0.02505552      0.66657518       6.7763305        6.7763305     0.044936941                                    0.044936941
              3       6.8159919      0.56373058      -32.417927       28.040021      0.36847446      0.70061488     0.081105467      0.17809439       6.7763305        6.7763305      0.07932286                                     0.07932286
              9       7.2743267      0.31331681       -32.25333       38.834365      0.43581146       1.0765164    0.0091019571      0.68390773       6.7763305        6.7763305       0.9959925                                      0.9959925
              8       6.9283305       1.0972318      -32.344485       12.944943      0.39382803      0.83335493      0.26771636      0.59028623       6.7763305        6.7763305       0.3040001                                      0.3040001
              7       7.0989141        1.047555      -32.346817       14.382962      0.41750297      0.83282995      0.24135434      0.58749988       6.7763305        6.7763305      0.64516736                                     0.64516736
              2       7.7247118      0.81264472      -32.595469       22.616232      0.21254037      0.34757007      0.18162011     -0.56575735       6.7763305        6.7763305       1.8967628                                      1.8967628
              5       13.373927      0.70007762      -33.551565       4.8222262    0.0005432336    0.0048363169    0.0029613266     -0.99517256       6.7763305        6.7763305       13.195193                                      13.195193
              3       13.389783         1.51688      -34.018151        6.531278   0.00013316987   0.00040399734    0.0013982481     -0.99966419       6.7763305        6.7763305       13.226905                                      13.226905
              1       13.391304       1.1815283      -34.462756       38.492703   9.3850869e-05   6.2020844e-05   0.00011839681     -0.99994329       6.7763305        6.7763305       13.229947                                      13.229947
              1       13.298617      0.66375985      -33.645253       35.679586     0.002497649    0.0031697319    0.0017404811     -0.99682561       6.7763305        6.7763305       13.044573                                      13.044573
              1       12.889969       1.5027275      -33.394229        36.91879     0.013305285    0.0072080597     0.024174611     -0.99393482       6.7763305        6.7763305       12.227277                                      12.227277
             19       7.2204747      0.22338026      -31.627918       34.455337      0.25340589      0.98954899    0.0061476382      0.92092993       6.7763305        6.7763305      0.88828846                                     0.88828846
              9       7.9939377       1.0814626      -32.792331       39.371196      0.19531137      0.13786668       0.1820842     -0.85651549       6.7763305        6.7763305       2.4352145                                      2.4352145
              8       7.7147755       1.0034989      -32.768097       40.531581      0.21322034      0.15755787      0.17185645     -0.83183373       6.7763305        6.7763305       1.8768901                                      1.8768901
             15       6.9728368      0.31442751      -31.500658        39.74821      0.40092928      0.96416547      0.01245796     -0.63315969       6.7763305        6.7763305      0.39301268                                     0.39301268
             38       6.9601358      0.26020495      -32.382646       57.986911      0.39899305      0.79477043     0.014439475      0.45509908       6.7763305        6.7763305      0.36761062                                     0.36761062
              1       7.6343826       1.4388606      -32.871758       55.432902      0.21885984     0.082471072       0.2268768     -0.92355444       6.7763305        6.7763305       1.7161043                                      1.7161043
              1       7.0034261       1.4606551      -32.778413       45.929089       0.2786499      0.12483757      0.33768615     -0.87984352       6.7763305        6.7763305      0.45419135                                     0.45419135
             13       6.7902412        1.462808      -32.742421       45.652818        0.326321      0.14686287      0.38738163     -0.85553612       6.7763305        6.7763305      0.02782152                                     0.02782152
             12       7.6440695      0.41697913      -31.930192        17.53504      0.21816671      0.89678698     0.020543858     -0.99856061       6.7763305        6.7763305       1.7354781                                      1.7354781
              5       6.8317093      0.68306107      -31.821595       15.903563      0.37328345       1.0327773     0.052483047      0.65086607       6.7763305        6.7763305      0.11075759                                     0.11075759
              8       7.3248848      0.69172905      -32.058258       17.512875      0.44045838       1.0927814     0.077354153      0.34566735       6.7763305        6.7763305       1.0971087                                      1.0971087
             40       6.8013442      0.88114989      -32.565415       31.947543      0.36302479      0.38758855       0.2250679     -0.50186965       6.7763305        6.7763305     0.050027378                                    0.050027378
              3       6.8144124       0.8271085       -32.59225       32.703177      0.31605806      0.35118531      0.18939274     -0.56030426       6.7763305        6.7763305     0.076163932                                    0.076163932
             10       6.7885023      0.79819418      -32.575914       32.645562      0.32733368      0.37755471      0.18062672     -0.51708776       6.7763305        6.7763305     0.024343696                                    0.024343696
              4       7.4991304       1.0248626        -32.1434       5.6876048      0.22898088       1.1806633      0.14241973     -0.99348856       6.7763305        6.7763305       1.4455999                                      1.4455999
             12        7.975285       1.0242087      -32.126313       4.8918712      0.19643928       1.1783838      0.15816451     -0.89102608       6.7763305        6.7763305        2.397909                                       2.397909
              2       8.3922238       1.0206334      -32.093591       4.4111504       0.1730146       1.1550027      0.18054932     -0.44506617       6.7763305        6.7763305       3.2317866                                      3.2317866
              4       6.8702886        1.696116      -32.584542       25.597012      0.38274836      0.26496616       0.8650076     -0.71623623       6.7763305        6.7763305      0.18791634                                     0.18791634
             34       6.7892689       1.1458052      -31.606334       9.1696162       0.3571211       1.0215873      0.17042435      0.64636827       6.7763305        6.7763305      0.02587683                                     0.02587683
              1       7.4615786       1.2837054      -31.515618       5.6438259      0.23195589      0.96225093      0.22478304     -0.56246478       6.7763305        6.7763305       1.3704963                                      1.3704963
              6       7.3577854      0.82385589      -32.573349       23.123291        0.240632       0.3796421      0.19356093      -0.5140847       6.7763305        6.7763305       1.1629099                                      1.1629099
              4       6.7763457        1.024666      -30.443795       10.013121      0.34251944       1.0033567      0.14117557      -0.7535944       6.7763305        6.7763305   3.0535838e-05                                  3.0535838e-05
             11       6.8521577       0.8179576      -30.290321       11.199475      0.30539372       1.0019673     0.085874019     -0.29636556       6.7763305        6.7763305      0.15165455                                     0.15165455
             10       7.1107692      0.82743524      -30.515473       15.238056      0.41887783      0.99849456     0.087268622      0.73607849       6.7763305        6.7763305      0.66887742                                     0.66887742
              2       6.8934836      0.81806166      -30.444616       14.187034      0.38750088        1.003499     0.085515932     -0.99767284       6.7763305        6.7763305      0.23430621                                     0.23430621
              2       6.8723476       1.0103363      -30.454443       8.9276851       0.3008076       1.0023188      0.13704678      0.20048844       6.7763305        6.7763305      0.19203418                                     0.19203418
              4       9.4752089       1.0442457       -31.53507       16.294292      0.56039089      0.98986227      0.14207479      0.89211141       6.7763305        6.7763305       5.3977569                                      5.3977569
              1       10.320975     0.099553255      -31.512302       28.815221     0.091718233      0.96094861    0.0011563966     -0.98529776       6.7763305        6.7763305       7.0892896                                      7.0892896
              1       8.4484914      0.36687663      -31.109301       42.681952      0.51390238      0.98636626     0.015778109     -0.54076429       6.7763305        6.7763305       3.3443219                                      3.3443219
              2       6.7894506      0.25287636      -30.836459       39.138705      0.32677305      0.99232391    0.0076939089     -0.67110284       6.7763305        6.7763305     0.026240365                                    0.026240365
              7       7.1082838      0.35972608      -30.861422       35.055901      0.41859164      0.99765271     0.015641548      0.86145811       6.7763305        6.7763305      0.66390666                                     0.66390666
              6       7.1501578      0.37343538      -31.093354       34.155293        0.423279      0.99741327     0.016893235      0.94225666       6.7763305        6.7763305      0.74765459                                     0.74765459
              9        7.048343      0.35606297      -31.077443       34.236102      0.41133257        1.014154     0.015400475      -0.8559852       6.7763305        6.7763305      0.54402497                                     0.54402497
             14       8.0845118      0.14050271      -32.334988       44.732333      0.18995336      0.90836967    0.0031645623       0.8199863       6.7763305        6.7763305       2.6163627                                      2.6163627
              3       6.7881769       0.1829153      -32.164506       49.952314      0.35646891       1.1725677    0.0037595551     -0.99704573       6.7763305        6.7763305     0.023692788                                    0.023692788
             56       7.8464311      0.34457856      -30.562235       17.760187      0.20448339       1.0042553     0.014283931     -0.82148365       6.7763305        6.7763305       2.1402012                                      2.1402012
              9       8.0921248       1.0170081        -30.6772       5.6168678      0.18951158      0.99710071      0.13708141      0.55005648       6.7763305        6.7763305       2.6315887                                      2.6315887
              1       8.0254897      0.50214731      -30.817438       11.574931      0.19342294        1.000185     0.030693286      0.99893272       6.7763305        6.7763305       2.4983185                                      2.4983185
              5       6.7797684       1.4031662      -32.491492       16.489608      0.34979461       0.4543762      0.66957174     -0.39334612       6.7763305        6.7763305    0.0068759635                                   0.0068759635
              5       8.1465871      0.38107115      -32.390829       19.042391      0.18638774      0.77199003     0.032600779       0.3849445       6.7763305        6.7763305       2.7405134                                      2.7405134
              7         7.78801      0.78957996       -32.56317       19.914007      0.20828987      0.39813951      0.17965261     -0.48243762       6.7763305        6.7763305        2.023359                                       2.023359
              5       7.7193996      0.81588891       -32.57458        20.73013      0.21290345      0.37833068      0.18937003     -0.51611442       6.7763305        6.7763305       1.8861383                                      1.8861383
              4        7.342714       1.4533537      -32.642906       21.658099      0.24195436      0.23102751       0.5340267     -0.75250822       6.7763305        6.7763305        1.132767                                       1.132767
              4       7.4077449       1.6234144       -32.63788       20.195777      0.23636688      0.21667986      0.67606863     -0.77748583       6.7763305        6.7763305       1.2628289                                      1.2628289
              7       6.7899232       1.6053117      -32.577093       21.237217      0.32650128      0.28783913      0.78549761     -0.67984609       6.7763305        6.7763305     0.027185419                                    0.027185419
             12       6.8325598       2.2811045      -32.705856       45.288792      0.31047723     0.090326617       0.9530993     -0.93875362       6.7763305        6.7763305       0.1124587                                      0.1124587
              7       6.7943323       2.2022744      -32.669964       37.581969      0.32416384        0.117716       1.0483633     -0.91188306       6.7763305        6.7763305     0.036003707                                    0.036003707
             10       6.7792091       1.7173331      -31.759565       5.6319198      0.34913237       1.0849282      0.52264407     -0.97633774       6.7763305        6.7763305    0.0057572034                                   0.0057572034
              4        7.858126      0.70420892      -31.307184       8.8909963      0.20373399      0.97798779     0.059903862     -0.56691878       6.7763305        6.7763305       2.1635911                                      2.1635911
              4       8.0260232      0.59402352      -30.769068       9.7362952      0.19339122       1.0049889     0.043992558     0.069690532       6.7763305        6.7763305       2.4993854                                      2.4993854
              2       7.5591255      0.59558649      -30.874268        11.34363      0.22438387      0.99819791     0.043406615      0.92398818       6.7763305        6.7763305       1.5655901                                      1.5655901
              4       6.9107068      0.47699439      -30.527947       24.706788      0.39073089      0.99648344     0.027418192     -0.44504169       6.7763305        6.7763305      0.26875274                                     0.26875274
             23       8.6335372      0.60962168      -30.733514       25.890258      0.52316445      0.99623855     0.046350435       0.3786513       6.7763305        6.7763305       3.7144134                                      3.7144134
              1       8.1679336       0.5712648      -30.688791       26.231834      0.49881967       1.0004592     0.039981892      0.98824966       6.7763305        6.7763305       2.7832062                                      2.7832062
              8       8.4811814      0.59508093      -30.713401       26.188651      0.51557456      0.99431552     0.044002472     -0.56313097       6.7763305        6.7763305        3.409702                                       3.409702
             11        7.032901       1.5020809       -30.70564       5.4650931      0.27466416       1.0056179      0.34970825     -0.27059913       6.7763305        6.7763305      0.51314114                                     0.51314114
              2       7.2962342      0.84228935      -30.077329        15.61702      0.43785269       1.0004387     0.091281083      0.79314807       6.7763305        6.7763305       1.0398074                                      1.0398074
              8       7.2561783      0.83348281      -30.074532       15.651449      0.43408621       1.0001075     0.089035424      0.97839096       6.7763305        6.7763305      0.95969566                                     0.95969566
              1       12.426619       2.4606669      -30.622464       7.9878598      0.65799351       1.0061443       1.8126147      -0.1537606       6.7763305        6.7763305       11.300577                                      11.300577
             14       7.9960546       2.2140131      -30.199475       6.6538436      0.48881609       0.9972743       1.1586798     -0.99997917       6.7763305        6.7763305       2.4394483                                      2.4394483
              9       8.6076065       2.2222795      -30.226727       7.0783193      0.52189527      0.99718662       1.1730613     -0.87260868       6.7763305        6.7763305        3.662552                                       3.662552
             40       6.7766981       2.4216867      -30.034705        4.268787      0.34454891       1.0017292       1.6743104     -0.46462331       6.7763305        6.7763305   0.00073528094                                  0.00073528094
             29       6.7863274       2.4132566      -30.043276       4.0908977      0.32870841       1.0007154       1.6477938      0.75008312       6.7763305        6.7763305     0.019993936                                    0.019993936
             10       7.3561105      0.81413398      -31.364695       8.8550952       0.2407781        1.003806     0.083586929      0.96556674       6.7763305        6.7763305         1.15956                                        1.15956
              4       7.1050448      0.71388268      -31.651484       18.529058      0.41821706       0.9502622     0.069842385     -0.44426483       6.7763305        6.7763305      0.65742875                                     0.65742875
             30       6.7763642      0.42305279       -31.12316       24.140217      0.34277175       1.0087678     0.022156633      0.43384295       6.7763305        6.7763305   6.7405307e-05                                  6.7405307e-05
             22       8.0563825      0.26434235      -31.184045       21.503164      0.19159694       1.0130745    0.0086035215      0.04370892       6.7763305        6.7763305       2.5601041                                      2.5601041
              1       6.7878701      0.40364512      -31.323247        24.34826      0.32771967       1.0022055     0.019766703      0.98545218       6.7763305        6.7763305     0.023079203                                    0.023079203
             16       7.9612761       0.7309151       -31.48086       20.216826      0.48670784      0.98994333     0.069490797      0.86349764       6.7763305        6.7763305       2.3698914                                      2.3698914
              1       6.8855216      0.45690544      -31.340278       19.112319      0.29807249       1.0258978     0.025973636     -0.80818418       6.7763305        6.7763305      0.21838234                                     0.21838234
              6       7.0041472       0.3396629      -31.646752        25.71809       0.2785494      0.95837904     0.015245216    -0.072084776       6.7763305        6.7763305      0.45563356                                     0.45563356
              5       7.5110084      0.77706097      -30.773545       8.7599861      0.22805603       1.0069432      0.07593755     -0.74934673       6.7763305        6.7763305       1.4693558                                      1.4693558
              9       6.7782431       1.1875138      -30.750973       8.7595388      0.34781382       1.0049601      0.19524408      0.10005635       6.7763305        6.7763305    0.0038253137                                   0.0038253137
             12       6.7764539      0.30569364      -30.028948       33.811373      0.34347715      0.99878162     0.011180377     -0.56153282       6.7763305        6.7763305   0.00024694111                                  0.00024694111
             83       6.8949845      0.28493926      -30.005222       31.215039      0.29620858       1.0009292    0.0097015384     -0.32117448       6.7763305        6.7763305      0.23730812                                     0.23730812
             28       6.7796599       1.4213554      -30.300834       7.3904314      0.34967057       1.0004802      0.30606142      0.93531742       6.7763305        6.7763305    0.0066588466                                   0.0066588466
             15       7.8214645       1.2593419      -30.527911       4.9350885      0.20609706      0.99667858       0.2256631    -0.092629833       6.7763305        6.7763305       2.0902681                                      2.0902681
             32       6.9612244       1.6094525      -30.537846       7.4759117      0.39916157      0.99707607      0.42793607       0.3030791       6.7763305        6.7763305      0.36978786                                     0.36978786
             20       6.8011515      0.81268146      -31.034425       11.723525      0.32105631        1.012802     0.083129218     -0.78641704       6.7763305        6.7763305     0.049642149                                    0.049642149
              8       6.8973808      0.20030443      -30.367355       44.456909       0.2957485      0.99819329    0.0047380568      0.19418872       6.7763305        6.7763305      0.24210063                                     0.24210063
              9       6.7812701      0.23227068      -30.419037       43.086198      0.33265689      0.99904687    0.0063922647      0.82517121       6.7763305        6.7763305    0.0098793158                                   0.0098793158
              1       6.7806898      0.23247445      -30.436266       43.090002      0.33322286      0.99978116    0.0064288184      0.99210966       6.7763305        6.7763305    0.0087186799                                   0.0087186799
             15       6.9633235      0.25373924      -30.229541       33.682357      0.28451486       1.0005453    0.0076772302      0.84692405       6.7763305        6.7763305      0.37398605                                     0.37398605
              7       7.5552229       0.2816907      -31.691081       25.074863      0.22467742       0.9560272     0.008552667     -0.19617935       6.7763305        6.7763305       1.5577849                                      1.5577849
              3       8.1184906      0.20594083      -31.292257       27.953308      0.18799138      0.98148616    0.0052523884     -0.15811417       6.7763305        6.7763305       2.6843204                                      2.6843204
              8       8.1742467      0.21216527      -31.229204       26.702225      0.18482502       0.9805301    0.0052343738     -0.82366289       6.7763305        6.7763305       2.7958324                                      2.7958324
              3       8.5056466      0.25114077      -31.873437        21.22203      0.16718445      0.94278716    0.0088280004      0.32666581       6.7763305        6.7763305       3.4586323                                      3.4586323
              8       8.4050561       1.3018893      -32.464924       7.6161664      0.17234494      0.52240817      0.56393524     -0.25401236       6.7763305        6.7763305       3.2574513                                      3.2574513
              8       6.8890441       1.8342658       -32.72345       38.233149      0.29736957      0.12744303      0.62647614     -0.88838132       6.7763305        6.7763305      0.22542725                                     0.22542725
              4       7.7286998       1.8606744      -32.624119       38.363443      0.47173153      0.19862269      0.92309153     -0.80997378       6.7763305        6.7763305       1.9047386                                      1.9047386
              2       7.4830539      0.51716192      -31.141864       26.170531      0.45375516       1.0076377     0.031822508      0.58987577       6.7763305        6.7763305       1.4134468                                      1.4134468
              3       7.1732453       2.8276579      -32.544397       39.398642       0.2582487     0.069670984        2.486038     -0.97357998       6.7763305        6.7763305      0.79382976                                     0.79382976
             19       9.5026586       2.8869042      -32.619421       33.798719      0.12250132     0.037733757       1.8036562     -0.98967487       6.7763305        6.7763305       5.4526563                                      5.4526563
              7       8.8288683       2.7461365      -32.629925       29.035595      0.15154673     0.057123604       1.6548525     -0.97720714       6.7763305        6.7763305       4.1050758                                      4.1050758
             24       6.7767429       2.5360728      -32.562022       31.621846      0.33930038      0.12716199       2.0137034     -0.91914624       6.7763305        6.7763305   0.00082479956                                  0.00082479956
             20       7.0273386       2.5266192      -32.459777       22.035893      0.40860192      0.22057275       2.9496583     -0.82081048       6.7763305        6.7763305      0.50201629                                     0.50201629
             15       6.9339233        2.258191      -32.660006        33.21415      0.28922708      0.11589829       1.1348106     -0.91588609       6.7763305        6.7763305      0.31518571                                     0.31518571
             13        6.882314       2.1597732      -32.621607       34.475089      0.38527749      0.15551848       1.2261258     -0.87276412       6.7763305        6.7763305      0.21196707                                     0.21196707
             41       6.7851253       2.1412646      -32.644438       35.048653      0.35446687       0.1419567       1.1074697       -0.885826       6.7763305        6.7763305     0.017589741                                    0.017589741
             12       6.7912926       2.1387282      -32.642516       35.049705      0.35826071      0.14364189       1.1134582     -0.88400696       6.7763305        6.7763305     0.029924253                                    0.029924253
             37       6.9085202       3.0379148      -32.284928       27.393217      0.29366723      0.10606174       8.4273607     -0.96256297       6.7763305        6.7763305      0.26437948                                     0.26437948
              7        6.805579       2.7724006      -32.515739       35.909196      0.31926499     0.096385461       2.7595356     -0.95507157       6.7763305        6.7763305     0.058497122                                    0.058497122
              6       6.8252791       2.8274712      -32.454641       34.625254      0.37141124      0.11402125       3.6737921     -0.94565518       6.7763305        6.7763305     0.097897337                                    0.097897337
             31       6.9627518       2.8112705      -32.454266        35.46522      0.39939719      0.12039865       3.6508159     -0.93996899       6.7763305        6.7763305      0.37284258                                     0.37284258
              5       6.8402787        2.399253      -32.707369       50.441253      0.30838313     0.076586217       1.0139447     -0.95349888       6.7763305        6.7763305      0.12789654                                     0.12789654
              8       6.8960632      0.39365223       -32.36166       35.248463       0.3879991      0.84042647     0.030196108       0.6029116       6.7763305        6.7763305      0.23946549                                     0.23946549
              2       6.7769653      0.75800458      -31.383025       13.787564      0.33865067      0.97390025     0.076198139     -0.41500371       6.7763305        6.7763305    0.0012695811                                   0.0012695811
              1       6.7960721      0.78061306      -31.396307       14.316091      0.36067818      0.97002183     0.075376387     -0.88261911       6.7763305        6.7763305     0.039483311                                    0.039483311
             13       6.8180335      0.78144172      -31.362232       14.077367      0.36914729       1.0085642     0.075370637      0.81983575       6.7763305        6.7763305     0.083405972                                    0.083405972
              5       7.0117671      0.51567218      -31.370505       16.264675      0.27749701      0.99440002     0.033031213      0.92632518       6.7763305        6.7763305      0.47087326                                     0.47087326
             17       7.2772444       1.1659187      -31.921167       12.615942      0.43608587        0.891058      0.18629233     -0.99879137       6.7763305        6.7763305        1.001828                                       1.001828
             10       6.8095113      0.72846945      -30.907912        13.09515      0.31778488       1.0012287     0.067001468      0.97057267       6.7763305        6.7763305     0.066361696                                    0.066361696
             11       6.9457267      0.52029137      -30.879064       16.489392      0.28728647       1.0064352     0.033547852     0.062114422       6.7763305        6.7763305      0.33879254                                     0.33879254
              2       12.316862      0.54627008      -33.169261       55.452471     0.029090638     0.028863357     0.010286441     -0.97030149       6.7763305        6.7763305       11.081063                                      11.081063
              4       13.214995     0.050675387      -32.968019       36.810782    0.0046810478     0.075421101   0.00021307778     -0.91858418       6.7763305        6.7763305       12.877329                                      12.877329
              1       12.894551      0.47751923      -33.199856       32.675563     0.013182135     0.025391814    0.0069013198     -0.97377742       6.7763305        6.7763305        12.23644                                       12.23644
              1       13.090787      0.43306183      -33.291883       32.891491    0.0079504883     0.016775761    0.0037754031     -0.98270178       6.7763305        6.7763305       12.628913                                      12.628913
              1       13.067306      0.39126055      -33.286725       38.116897    0.0085721804      0.01727546     0.003162352     -0.98213152       6.7763305        6.7763305        12.58195                                       12.58195
              9       7.1301312       0.3522206      -31.476453       22.428727      0.26292809       1.0003213      0.01485048       0.9998454       6.7763305        6.7763305      0.70760146                                     0.70760146
             13       6.9436417       0.3792614      -31.081719       22.476113      0.28762423       1.0141158      0.01704367     -0.85552958       6.7763305        6.7763305      0.33462246                                     0.33462246
              2       6.7768589      0.86570337       -30.93365       11.895591      0.33894401      0.98922426     0.096307678      -0.9712849       6.7763305        6.7763305    0.0010569335                                   0.0010569335
              2       6.8156333      0.85709278       -30.92234        11.03154      0.31564549       1.0033617     0.093632689      0.79607272       6.7763305        6.7763305     0.078605724                                    0.078605724
             22        7.024381       2.1056162      -32.554143       25.662359      0.40820838      0.22705341       1.4815652      -0.7870246       6.7763305        6.7763305      0.49610116                                     0.49610116
              8       7.0828233       2.0981648      -32.556949        26.39799       0.4155958      0.22551871       1.4577748     -0.78856651       6.7763305        6.7763305      0.61298576                                     0.61298576
              8       7.4044242      0.34298135      -31.487704       39.993588      0.44735498      0.98019685     0.014955343      0.47524736       6.7763305        6.7763305       1.2561875                                      1.2561875
              3        6.836281       1.7453904      -32.776664       50.228205      0.30945087      0.10608974      0.46650133     -0.90715343       6.7763305        6.7763305      0.11990104                                     0.11990104
             15       6.7891028      0.48607493      -31.778373       18.825874      0.32697624       1.0739393     0.028857855     -0.99643341       6.7763305        6.7763305      0.02554474                                     0.02554474
              1        6.782866      0.35527739      -32.216886       24.767372       0.3312531       1.1314474     0.011022219     -0.17131326       6.7763305        6.7763305     0.013071059                                    0.013071059
             18         6.92227       0.7306346      -32.491805       22.583438      0.29121572      0.53045241      0.15792609     -0.23192694       6.7763305        6.7763305      0.29187903                                     0.29187903
             15       6.8957403      0.83434166       -32.56914       27.673019      0.29606297      0.38539452      0.19987926     -0.50469639       6.7763305        6.7763305       0.2388197                                      0.2388197
             12       6.8365077       1.3936193      -32.674378        32.34574      0.30938939      0.20628424      0.44594862     -0.78233576       6.7763305        6.7763305      0.12035448                                     0.12035448
             10       6.7846239        1.456729      -32.645262       32.008665      0.35410625      0.22824915      0.53274114     -0.75627266       6.7763305        6.7763305     0.016586832                                    0.016586832
              4       7.2270511       1.9407808      -32.688005       28.268939      0.25275239      0.13846219      0.79180797     -0.88094029       6.7763305        6.7763305      0.90144131                                     0.90144131
             20       6.7805384       1.8597147       -32.61908       26.477539      0.33337666      0.20348536      0.93781197     -0.80402413       6.7763305        6.7763305    0.0084157946                                   0.0084157946
              4       6.7806193       1.3315668      -32.121455       6.6821172      0.35070587       1.1846441      0.28666202     -0.92788975       6.7763305        6.7763305    0.0085776575                                   0.0085776575
              9       6.8266545       1.9109603      -31.866932       6.5216222      0.37182158      0.89670419      0.82199666     -0.40177161       6.7763305        6.7763305      0.10064808                                     0.10064808
              2       7.7519819       1.3179447      -31.505164       11.280459       0.4733077      0.95684484      0.25383451     -0.99994279       6.7763305        6.7763305       1.9513028                                      1.9513028
             16       6.8721678       1.3920843      -31.509898       6.7804486      0.30084618      0.95794911      0.28102321     -0.87228078       6.7763305        6.7763305      0.19167457                                     0.19167457
             15        6.813938       2.2265242      -31.978091       4.0638488      0.31622017       1.0503802       1.3654114      0.83630769       6.7763305        6.7763305     0.075214978                                    0.075214978
              1        6.784925       1.4076594      -31.682042       7.9554218      0.35432405      0.95095889      0.27149473     -0.21969313       6.7763305        6.7763305     0.017189027                                    0.017189027
              8       6.8574513       1.3544756      -31.640735       7.0819053      0.30413753      0.95295109      0.29946536     -0.13980465       6.7763305        6.7763305      0.16224161                                     0.16224161
              2         8.58604       1.1303688      -30.612061        4.319813      0.16316716       1.0043141      0.17460076     -0.30899426       6.7763305        6.7763305        3.619419                                       3.619419
              1       8.6347181      0.74240983      -30.762017       6.5501468      0.16077796      0.99369632      0.06873789     -0.53147682       6.7763305        6.7763305       3.7167753                                      3.7167753
              8       9.2376026      0.38991189      -30.298728       10.264439      0.13344401        1.002119     0.018344916     -0.53837779       6.7763305        6.7763305       4.9225444                                      4.9225444
              8       8.4198111      0.44979748      -30.228365        11.48147       0.1715782       0.9985493     0.024378842     0.053842077       6.7763305        6.7763305       3.2869612                                      3.2869612
              1       8.3440284      0.55737194      -30.167453       9.4697575      0.17555374      0.99965013     0.038093629      0.93936657       6.7763305        6.7763305       3.1353959                                      3.1353959
              4       9.0313265       0.9463952      -30.570765       17.281639      0.54162537      0.99532163      0.11735921     -0.93445321       6.7763305        6.7763305        4.509992                                       4.509992
              9       8.5909954      0.93028323      -30.496223       16.831341      0.52107752        1.000208      0.11322141      0.99423447       6.7763305        6.7763305       3.6293298                                      3.6293298
              4       7.9926154      0.65135657      -31.112102       9.1081443      0.19539104      0.98986929     0.051256869      0.18515114       6.7763305        6.7763305       2.4325698                                      2.4325698
             29       7.0104997      0.86907421      -30.059383       9.5915664      0.27767085       1.0011653     0.097346339     -0.40422896       6.7763305        6.7763305      0.46833854                                     0.46833854
             27       7.4588041      0.49682489      -30.252142        14.01729       0.2321789        1.002022     0.030087414     -0.72694744       6.7763305        6.7763305       1.3649472                                      1.3649472
             21       7.4012812      0.78453565      -31.808033       8.6222612      0.23690895       1.0526149     0.068525041     0.032571102       6.7763305        6.7763305       1.2499015                                      1.2499015
              7       6.8029934       2.1362392      -31.623283       4.7535427      0.32029314      0.94798674       1.1205516   -0.0028495062       6.7763305        6.7763305     0.053325904                                    0.053325904
             14       6.8112456        2.142518      -31.623736       4.6995029      0.31716011      0.94672547       1.1323892    -0.044966089       6.7763305        6.7763305     0.069830227                                    0.069830227
              1       6.7889045      0.56614745        -32.2967       19.255091      0.35690668      0.98401437     0.041724833      0.99195223       6.7763305        6.7763305      0.02514815                                     0.02514815
              4       6.7969192      0.72000134      -32.541681       30.724387      0.32292532      0.43874026      0.15156019     -0.41020997       6.7763305        6.7763305     0.041177377                                    0.041177377
             13        6.835216      0.31752725      -31.694412       30.532466      0.30974128      0.96023628     0.010870791     0.037062595       6.7763305        6.7763305      0.11777104                                     0.11777104
              7       7.2181849      0.30881295      -31.656034       26.021884      0.25363455      0.94862832     0.012325962     -0.59990442       6.7763305        6.7763305      0.88370894                                     0.88370894
              1       6.9378837       0.5384506      -31.962138       24.026974      0.39543191      0.91864704     0.029548489     -0.24254185       6.7763305        6.7763305       0.3231065                                      0.3231065
             47       6.8205895      0.51113626      -31.959577        23.75923      0.36996687       0.9156209     0.026692553     -0.34922941       6.7763305        6.7763305     0.088518107                                    0.088518107
              6       7.0631193      0.40835496      -31.721132       19.814023      0.27080918       1.0059463     0.020509169      0.98330779       6.7763305        6.7763305       0.5735777                                      0.5735777
             12       6.9126871      0.55166567       -31.98621       22.347285      0.39108863      0.95344657     0.032088236       0.6479373       6.7763305        6.7763305      0.27271317                                     0.27271317
              7       7.3858643      0.81914715      -32.312251       9.3386808      0.23821329      0.93592367       0.1068535       0.9016254       6.7763305        6.7763305       1.2190677                                      1.2190677
              2       9.6408962      0.15213286      -30.572498       23.190797      0.11700532      0.99675591    0.0027192942    -0.027702797       6.7763305        6.7763305       5.7291315                                      5.7291315
              4       6.7895723      0.73437303      -31.662281       14.183754       0.3267026      0.94268498     0.070582648     -0.91073517       6.7763305        6.7763305     0.026483752                                    0.026483752
              3       6.8926826      0.54936718      -31.119095       16.198846      0.29665493       1.0019054     0.037173999      0.97260949       6.7763305        6.7763305      0.23270429                                     0.23270429
             11       10.042403       0.1531328      -31.134867       19.660277      0.10175423       1.0158194    0.0027348473     -0.85364277       6.7763305        6.7763305       6.5321446                                      6.5321446
              3       8.5505782      0.37388702      -31.503622       13.780656      0.16492796      0.96206834     0.017442345      -0.8229748       6.7763305        6.7763305       3.5484954                                      3.5484954
              4       7.3235919      0.50709571      -31.336316       14.118379      0.24365772       1.0228862     0.032682436     -0.40777666       6.7763305        6.7763305       1.0945228                                      1.0945228
             14       7.3081237      0.52933592      -31.462279       13.593251      0.24505749       1.0236116     0.032171437     0.071383974       6.7763305        6.7763305       1.0635864                                      1.0635864
             14       7.0237122       1.0732229      -31.919224       8.6635172      0.27588094      0.89178352      0.15735814     -0.99661494       6.7763305        6.7763305      0.49476349                                     0.49476349
              3       8.1382662       1.0461835      -31.382656       14.688852      0.49713906      0.97230849      0.15429379     -0.50095723       6.7763305        6.7763305       2.7238714                                      2.7238714
              9       8.1303469       1.0475972      -31.379951       14.610302      0.49668735      0.97532979      0.15571202     -0.19849416       6.7763305        6.7763305       2.7080328                                      2.7080328
             22       6.8459376      0.75298593      -31.721334       12.130665      0.30692725       1.0099175     0.074086424       0.9563361       6.7763305        6.7763305      0.13921432                                     0.13921432
              2       6.7786366      0.73884761      -31.852618       14.021977      0.33561617      0.97364503     0.075039765      0.83987962       6.7763305        6.7763305    0.0046121875                                   0.0046121875
              4        6.961205      0.89010365      -31.899329       14.938257      0.39915857      0.90224994      0.11742882     -0.64649887       6.7763305        6.7763305      0.36974904                                     0.36974904
              3        7.541211      0.57725902      -32.638177       38.747437       0.2257375      0.30332758     0.083308237     -0.62947917       6.7763305        6.7763305       1.5297612                                      1.5297612
             10       7.4158185      0.61126844      -32.597769       32.519119      0.23569368      0.35636833      0.10111644     -0.54854089       6.7763305        6.7763305       1.2789762                                      1.2789762
              3       7.1565277      0.42550032      -32.518046        36.93449      0.26003143      0.49729691      0.05197406     -0.29730068       6.7763305        6.7763305      0.76039449                                     0.76039449
             30       7.0749818       1.0537499      -32.619344       25.885037      0.26935176      0.29679419      0.29515984     -0.64848464       6.7763305        6.7763305      0.59730267                                     0.59730267
             11       6.8950762      0.95922251      -32.619306       39.909083      0.38780912      0.30447302      0.24342483     -0.63483383       6.7763305        6.7763305      0.23749154                                     0.23749154
              5       6.9081226       1.1678439      -32.616864       34.670094      0.39026004      0.28969177      0.36678921     -0.66197044       6.7763305        6.7763305      0.26358434                                     0.26358434
              9        6.788537       1.0275378      -32.646724       35.994793      0.32731281      0.26597904      0.26219534     -0.69202337       6.7763305        6.7763305     0.024413037                                    0.024413037
              6       6.7835591       1.0603557      -32.649403       35.993549      0.33069758       0.2604214      0.27748573     -0.70061538       6.7763305        6.7763305     0.014457308                                    0.014457308
             11       6.8154715       1.1469688      -32.624017       34.124257       0.3683002       0.2828193      0.34737239     -0.67130944       6.7763305        6.7763305     0.078282109                                    0.078282109
             27       7.0356406      0.30908832      -32.106638       34.560747      0.40969438       1.1526997     0.014682336     -0.49225596       6.7763305        6.7763305      0.51862032                                     0.51862032
              5       8.1428731      0.18098817      -31.892385       33.794473      0.18659877      0.91692713    0.0045976921     -0.29733967       6.7763305        6.7763305       2.7330853                                      2.7330853
              8       7.7613565      0.92877831      -32.494773       30.202396      0.47393703      0.50779578      0.26414481     -0.28027961       6.7763305        6.7763305       1.9700521                                      1.9700521
             13       7.1722503      0.25816214      -32.235213       27.175936      0.25835375       1.1067757    0.0057890623      0.28579757       6.7763305        6.7763305      0.79183964                                     0.79183964
              6       6.8478761      0.34066496      -32.311432       28.211089      0.30644224      0.95834796     0.016070354      0.95200633       6.7763305        6.7763305      0.14309123                                     0.14309123
              7       6.7925466      0.46544604      -32.436115       31.593906      0.32507157      0.66439788     0.057139916     0.080634057       6.7763305        6.7763305     0.032432286                                    0.032432286
             23       7.4509517       1.1725813      -32.237267       5.5458701      0.23281252       1.0760082      0.15391987      0.72200045       6.7763305        6.7763305       1.3492425                                      1.3492425
              3       7.6336909      0.74512897      -32.014607       18.571123      0.46509051       1.0101591     0.072627611      0.98814212       6.7763305        6.7763305       1.7147208                                      1.7147208
              1       7.6128073      0.70836349      -31.712114       19.834197      0.46358215      0.99169433     0.061124795      0.96572587       6.7763305        6.7763305       1.6729538                                      1.6729538
             14       7.6396636      0.71445143      -31.711881       19.754674      0.46551851      0.99132553     0.062168135      0.96256724       6.7763305        6.7763305       1.7266663                                      1.7266663
             22       7.5633338      0.49249389      -31.547323       13.562837      0.22406814       1.0082091       0.0303196      0.93030787       6.7763305        6.7763305       1.5740067                                      1.5740067
              1       7.9666947      0.42111846      -31.538992       14.165933      0.19696167      0.99232549     0.020823085      0.93262069       6.7763305        6.7763305       2.3807285                                      2.3807285
              2       8.5926172      0.38708375       -31.40543       12.928742      0.16284247      0.97797643     0.017065573    -0.058160247       6.7763305        6.7763305       3.6325735                                      3.6325735
              2       8.2361303      0.44452028       -31.39819       12.627553      0.18138374      0.97120181      0.02314717     -0.81878011       6.7763305        6.7763305       2.9195996                                      2.9195996
             23       7.2945154      0.97967202      -31.630396       7.7273621      0.24630589      0.97787811      0.13615147      0.69582292       6.7763305        6.7763305       1.0363698                                      1.0363698
              2       6.8842934      0.95079837      -31.596954       9.0883942      0.29832024       1.0375978      0.10964164     -0.19874539       6.7763305        6.7763305      0.21592592                                     0.21592592
              5       6.8831727      0.94787539      -31.608131       9.2738844      0.29854755       1.0207573      0.11080986      0.65869377       6.7763305        6.7763305      0.21368441                                     0.21368441
             17       6.8653685      0.93276903          -31.59       9.3256539      0.30233288       1.0446093      0.10746441     -0.71090201       6.7763305        6.7763305      0.17807613                                     0.17807613
              9       6.9435333      0.51714028      -32.437569       34.975391      0.39635815      0.65862583     0.071313547      0.06589925       6.7763305        6.7763305      0.33440568                                     0.33440568
             33       6.8071472      0.25783331       -32.28648       42.012833      0.36533651       1.0136639    0.0075442719      0.99293025       6.7763305        6.7763305     0.061633402                                    0.061633402
             11       7.7053654      0.13141818      -32.149285       41.665401      0.21386762        1.173913    0.0021445418     -0.96881739       6.7763305        6.7763305         1.85807                                        1.85807
              4       6.9605936      0.17236979      -32.241528       45.265915      0.28493602       1.0975816    0.0026021506      0.42533702       6.7763305        6.7763305      0.36852618                                     0.36852618
              2       7.3505174       1.3643022      -32.765394       38.282539      0.24126752      0.13883835      0.31250752     -0.86187535       6.7763305        6.7763305       1.1483739                                      1.1483739
              3       6.9408988       2.3667193      -32.468628       19.069583      0.39592821      0.26366374         2.48032     -0.75387513       6.7763305        6.7763305      0.32913664                                     0.32913664
             19         6.86539       1.6527214      -32.470908       12.250916      0.30232809      0.44877868       1.0088524     -0.41031124       6.7763305        6.7763305      0.17811907                                     0.17811907
             12       6.7925544         1.30508      -32.656031       32.216822      0.32506753      0.23236766      0.41405722     -0.74574671       6.7763305        6.7763305      0.03244778                                     0.03244778
              2        6.816524       2.3256765      -32.429348       14.093101      0.36865145      0.33805081       2.6327318     -0.63781394       6.7763305        6.7763305     0.080387025                                    0.080387025
              4       6.7932106       2.3298594      -32.454341        14.13931      0.32472849      0.29626774       2.4878752     -0.70430905       6.7763305        6.7763305     0.033760184                                    0.033760184
             13        6.800681       2.3122406      -32.496792       19.341302       0.3627442      0.24378313       2.1603467     -0.77741433       6.7763305        6.7763305     0.048700969                                    0.048700969
              6        7.472512        2.213319      -32.629883       22.228041      0.23108147      0.14116981        1.238495     -0.88993776       6.7763305        6.7763305       1.3923631                                      1.3923631
             11       7.3296769       1.0728437      -32.095742       5.8754439      0.24311249       1.1591831      0.20032486     -0.50226548       6.7763305        6.7763305       1.1066929                                      1.1066929
              3       8.5578302       1.0384535      -31.801857       4.4997264      0.16456646        1.058498      0.12747261     -0.15863076       6.7763305        6.7763305       3.5629994                                      3.5629994
             15       7.6612776      0.89238424      -31.697292       7.5517101      0.21694487      0.96755149     0.094168137      0.42306332       6.7763305        6.7763305       1.7698943                                      1.7698943
              2       9.0042749      0.81139855      -31.423216       5.2619785      0.14357562       1.0106931     0.087032298      0.80197308       6.7763305        6.7763305       4.4558889                                      4.4558889
              4       7.5032268       1.1144903      -31.019141       6.1812683      0.22866107      0.99760878      0.16907806      0.93820291       6.7763305        6.7763305       1.4537927                                      1.4537927
              1       7.0863084       1.5054035      -32.590217       18.768938      0.26798696      0.28506436      0.66364021     -0.67993241       6.7763305        6.7763305      0.61995594                                     0.61995594
             31       7.4574516        2.077519      -32.092847       5.4116842      0.45171223       1.2075533      0.96410688     -0.99041572       6.7763305        6.7763305       1.3622423                                      1.3622423
              7       6.7869269      0.34497993      -31.452409       29.996703      0.35568432       1.0330451      0.01383606      -0.8798482       6.7763305        6.7763305     0.021192929                                    0.021192929
              3       6.8495782      0.30629491      -31.501219       31.157739      0.30602175      0.96375908     0.011787683     -0.67093625       6.7763305        6.7763305      0.14649555                                     0.14649555
              4       7.1145613       0.7382096      -30.466849       17.024358      0.41931246       1.0027882     0.069063749     -0.15546014       6.7763305        6.7763305      0.67646173                                     0.67646173
              3       7.4004641       1.3538908      -30.960975       9.9582752      0.44702233      0.99651388      0.27422121      0.84376114       6.7763305        6.7763305       1.2482672                                      1.2482672
             12       7.3990755       1.1304136      -31.258613       11.607372      0.44690543       1.0236848      0.17769603     -0.97081143       6.7763305        6.7763305         1.24549                                        1.24549
             22        6.829777      0.85020005      -31.241145       13.201903      0.37273283      0.99807203     0.092404829      0.98460738       6.7763305        6.7763305      0.10689302                                     0.10689302
              1       7.0738649      0.80853804      -31.247639       15.255758      0.41451226       1.0100085     0.086019834      0.60876943       6.7763305        6.7763305      0.59506885                                     0.59506885
              4        7.381763      0.85369461      -31.253603       15.390819      0.44543695       1.0189289     0.097361484     -0.34095944       6.7763305        6.7763305        1.210865                                       1.210865
              1       7.3008597      0.79209775      -31.081455       9.1916183      0.24572186       1.0143666     0.078617774     -0.81974571       6.7763305        6.7763305       1.0490585                                      1.0490585
              1       7.5222685       0.6801614      -30.985743       9.9420747      0.22718616       1.0097521     0.058868886     -0.28313081       6.7763305        6.7763305       1.4918761                                      1.4918761
              2       7.0359018       1.2186256      -30.416506       6.7880044      0.27427154       0.9965297      0.21009475     -0.99999748       6.7763305        6.7763305      0.51914264                                     0.51914264
              7       7.0822665       1.0695562      -30.095281       11.690462      0.41552891      0.99882145      0.15543253     0.011966287       6.7763305        6.7763305      0.61187203                                     0.61187203
              7       8.8125675      0.40944303      -32.218749       34.582612       0.5316955       1.1285833     0.014676584     -0.10837224       6.7763305        6.7763305       4.0724741                                      4.0724741
              1       8.5131913      0.93418066      -32.655647       20.439865      0.16680352      0.26255375      0.21128828     -0.69458423       6.7763305        6.7763305       3.4737218                                      3.4737218
              1       7.2599251       1.3554022      -31.521299       5.7071272      0.24955497      0.96962182      0.25384032     0.026820432       6.7763305        6.7763305      0.96718918                                     0.96718918
             19       7.9250002       2.7460264      -32.357531       20.884628      0.48447558      0.25389979       5.0466193     -0.79258046       6.7763305        6.7763305       2.2973395                                      2.2973395
              5       6.8131423      0.30813935      -30.690236       30.932299      0.31649433      0.99799527     0.011416082      0.77694592       6.7763305        6.7763305     0.073623702                                    0.073623702
             13       6.7919378        1.976086      -30.643061       4.9167542      0.32539238       1.0065722      0.78405488     -0.79045214       6.7763305        6.7763305     0.031214705                                    0.031214705
              4         6.84611       2.2633005      -30.593955       4.9856745      0.37711615       1.0044559       1.2504036       0.1510518       6.7763305        6.7763305      0.13955905                                     0.13955905
              2       6.7797331       1.6552116      -31.161227       6.4737953      0.34975446      0.98100831      0.44871603     -0.68467836       6.7763305        6.7763305    0.0068053013                                   0.0068053013
              2       6.7870306      0.28362674      -31.119778       34.691156      0.32824888       1.0026728     0.009681486      0.94501966       6.7763305        6.7763305     0.021400324                                    0.021400324
              1        8.117816      0.39847913      -31.361816       37.013771      0.49596991       1.0106676     0.018451414      0.70252954       6.7763305        6.7763305        2.682971                                       2.682971
              5       7.5665871      0.32920362      -32.183267       17.554736      0.22382465       1.1640481     0.010822794     -0.86228385       6.7763305        6.7763305       1.5805132                                      1.5805132
             16       7.4826003      0.48506006      -32.451809       22.689775       0.2302807      0.62885966     0.064299497   -0.0088402383       6.7763305        6.7763305       1.4125397                                      1.4125397
             22       7.6850545      0.47358034      -32.464318        22.67492        0.215276       0.6025292     0.062448038    -0.071800753       6.7763305        6.7763305       1.8174481                                      1.8174481
             10       7.5757639      0.49940583      -30.236203       13.430914      0.22314047       0.9998643     0.030317736      0.99451551       6.7763305        6.7763305        1.598867                                       1.598867
             14       6.9570352      0.68615553      -30.482334       12.475859       0.2854897       1.0023499     0.058397998      0.21864291       6.7763305        6.7763305      0.36140945                                     0.36140945
             32       6.9184604      0.69691913      -30.531996       12.548092      0.29188293       1.0031607     0.061184872     -0.10438031       6.7763305        6.7763305      0.28425994                                     0.28425994
             15       7.1020993      0.80017919      -30.572723       15.738816       0.4178748      0.99726088     0.080947522      0.31994864       6.7763305        6.7763305      0.65153758                                     0.65153758
              9       7.1825595      0.80995712      -30.508405       15.801849      0.42672827       1.0020823     0.083219325      0.46804586       6.7763305        6.7763305      0.81245806                                     0.81245806
             26       6.8995854      0.80553476      -30.339078       14.531192      0.38867077      0.99797176     0.082361259    -0.077695305       6.7763305        6.7763305      0.24650983                                     0.24650983
             20       6.8142708       0.7576329      -30.301887       14.608753      0.36789366      0.99901555     0.072767341      0.70464715       6.7763305        6.7763305       0.0758807                                      0.0758807
             16        8.068117       1.0482632      -30.322064       14.148388      0.49309087      0.99924407      0.14771618      0.85077904       6.7763305        6.7763305       2.5835731                                      2.5835731
             39       7.6957438       1.6240554       -30.06049       8.6985659      0.46946714      0.99880019       0.4366091    0.0039038303       6.7763305        6.7763305       1.8388266                                      1.8388266
              5       7.4389294      0.95197274      -31.014188       7.4614377       0.2337898      0.98923718      0.11679575     -0.35331541       6.7763305        6.7763305       1.3251978                                      1.3251978
              3       6.9427328      0.86696523      -30.933993       10.083921      0.28777212      0.98932616     0.096405287     -0.93479106       6.7763305        6.7763305      0.33280471                                     0.33280471
             14       7.5455606       0.6191315      -31.065833        10.96433       0.2254074       0.9979874     0.047029217      0.96082847       6.7763305        6.7763305       1.5384603                                      1.5384603
             10       7.5638883       0.6100663      -31.053402       11.189912       0.2240266      0.98631987     0.046439159     -0.88521599       6.7763305        6.7763305       1.5751158                                      1.5751158
              8       6.7763856      0.58362979      -31.565294       16.927938      0.34101289       1.0374118     0.045298348     -0.25244911       6.7763305        6.7763305   0.00011027531                                  0.00011027531
             15       6.7877534       0.6212473      -31.536261        16.04441      0.32779202      0.98839835       0.0458792      0.84597943       6.7763305        6.7763305     0.022845929                                    0.022845929
              7       7.0876163      0.70814018      -30.771141       17.538373      0.41616901       1.0071244     0.063240188      -0.8571717       6.7763305        6.7763305       0.6225716                                      0.6225716
              1       6.7946023       0.7321127      -30.756731       13.362797      0.32403059      0.99548013     0.068253154      0.21011246       6.7763305        6.7763305     0.036543633                                    0.036543633
              1        8.221542      0.40160953      -30.623877       13.628045       0.1821883       1.0004717     0.019445138      0.98292733       6.7763305        6.7763305        2.890423                                       2.890423
              4       8.3022338      0.37854565      -30.617561       14.173484      0.17778744      0.99592843     0.017359877     -0.27736931       6.7763305        6.7763305       3.0518066                                      3.0518066
              4       6.8725387       1.1299735      -30.352462        10.16869      0.38323338       1.0024252       0.1751375     -0.37340293       6.7763305        6.7763305       0.1924164                                      0.1924164
              2       6.8051754        1.122518      -30.329597       9.7863506      0.36457759      0.99746533      0.17263141     -0.63470056       6.7763305        6.7763305     0.057689878                                    0.057689878
              8       6.8412477        1.168139      -30.342606       9.6434126      0.37587061       1.0028478      0.18983103      -0.9514837       6.7763305        6.7763305      0.12983453                                     0.12983453
             50       8.3608443       1.1891522      -30.063507       12.854462      0.50933657       1.0014642      0.19841683      -0.9467575       6.7763305        6.7763305       3.1690277                                      3.1690277
             10       8.3241273       1.3074319       -30.76897       11.590226      0.50738641       1.0063517      0.25201347     -0.27534165       6.7763305        6.7763305       3.0955937                                      3.0955937
             38       7.5623913       2.3432652      -31.307493       5.9000784      0.45986122      0.99969947       1.4510197      0.99986673       6.7763305        6.7763305       1.5721216                                      1.5721216
              6       7.5013535       1.4751546      -30.539767       9.3185247      0.45519278      0.99525092      0.33801847     -0.93992094       6.7763305        6.7763305        1.450046                                       1.450046
              6       6.8582657       1.0900125      -30.136738        10.46231      0.38005206       1.0016268      0.16156773     -0.73539281       6.7763305        6.7763305      0.16387041                                     0.16387041
              5       8.0202485      0.14319052      -30.685603       40.451068      0.19373497       1.0052768    0.0024079426     -0.62332738       6.7763305        6.7763305        2.487836                                       2.487836
             40       6.8299549      0.20443998       -30.39207       45.663769      0.31121607       1.0019507    0.0049350054      0.13744712       6.7763305        6.7763305      0.10724878                                     0.10724878
              1       7.0003071      0.19844908      -30.189476       42.241781      0.27908645       1.0006204    0.0046834653      0.75974797       6.7763305        6.7763305      0.44795327                                     0.44795327
              1       6.9187833       0.2973153      -30.125409       39.581904      0.39217396       1.0015825     0.010546888     -0.99651483       6.7763305        6.7763305      0.28490566                                     0.28490566
              7       7.0787903      0.31268319      -30.126874       39.911594      0.41510999      0.99972712     0.011690394      0.96005737       6.7763305        6.7763305      0.60491974                                     0.60491974
              8       7.2336154      0.29568743       -30.13374       43.974972      0.43189515      0.99830168     0.010431963     -0.99937931       6.7763305        6.7763305       0.9145698                                      0.9145698
             21       6.8158225       0.2514824      -30.118004       44.073042      0.36841785      0.99903785    0.0075055918      0.33691544       6.7763305        6.7763305     0.078984033                                    0.078984033
             17       6.8131831      0.22133323      -30.212196       42.987319      0.31648021      0.99972713    0.0058247177      0.96964102       6.7763305        6.7763305     0.073705237                                    0.073705237
              2       7.1064645       0.3410847      -30.226335       36.906755      0.41838147      0.99890975     0.013974237      0.46597551       6.7763305        6.7763305      0.66026813                                     0.66026813
             31       7.0370615      0.34335929      -30.092523       35.858867       0.4098796       1.0005363      0.01414533      0.70019998       6.7763305        6.7763305      0.52146215                                     0.52146215
             63       6.7913333       0.2535519      -30.439903       38.723223      0.32571718      0.99706667    0.0076123823     -0.53009096       6.7763305        6.7763305       0.0300057                                      0.0300057
             11       7.0352226      0.46807336      -31.399425       18.124301      0.27436021       0.9720035     0.025562336     -0.71604186       6.7763305        6.7763305      0.51778422                                     0.51778422
              4       8.0929082       1.3892553      -31.819902       4.0144007       0.1894662        1.021059        0.271967      0.88405712       6.7763305        6.7763305       2.6331554                                      2.6331554
             13       7.8678834       1.4000673       -31.89312        4.873615      0.20311183      0.89465788      0.33322157     -0.71354024       6.7763305        6.7763305       2.1831059                                      2.1831059
              3       7.9025643       1.3355431      -31.887609       5.0151649       0.2009227      0.90158732      0.30436906     -0.52871791       6.7763305        6.7763305       2.2524676                                      2.2524676
              1       7.2356841       1.4113553      -31.976709       9.5892335      0.43209827      0.95958664      0.26845687       0.7831969       6.7763305        6.7763305      0.91870736                                     0.91870736
              8       6.8866354      0.99709856      -31.478506       11.736363      0.38615098      0.99176188      0.13589593       0.9118832       6.7763305        6.7763305      0.22060991                                     0.22060991
              4       7.7588392       1.0887018      -31.339607       12.722762      0.47376834       1.0280106        0.164773     -0.89883026       6.7763305        6.7763305       1.9650175                                      1.9650175
              4       7.7625072       1.0887021      -31.339742       12.728666      0.47401407       1.0280665      0.16464171     -0.90675045       6.7763305        6.7763305       1.9723535                                      1.9723535
              4       9.7010389       0.8171829      -31.255605       20.515103      0.56934434       1.0207137     0.088033143     -0.61231147       6.7763305        6.7763305       5.8494168                                      5.8494168
             11       6.7764127      0.31370994      -31.577633       31.441377      0.34320519       1.0457934     0.012144631     -0.91055933       6.7763305        6.7763305   0.00016438117                                  0.00016438117
             14       6.7772374      0.64145096      -32.422576       23.657851      0.34600343       0.6852729      0.10803657      0.13672388       6.7763305        6.7763305    0.0018138775                                   0.0018138775
              4       7.1083086      0.35605681      -32.043796       21.146111       0.2654055       1.0594538     0.018372134      0.67953303       6.7763305        6.7763305      0.66395624                                     0.66395624
              5       7.4428079      0.37170347      -30.803932       18.874435      0.23347355        1.000205     0.016572228       0.9985854       6.7763305        6.7763305       1.3329549                                      1.3329549
              3       7.2901593       1.1766665       -31.88581        12.29366      0.43729104      0.90856901      0.22748756     -0.38245668       6.7763305        6.7763305       1.0276576                                      1.0276576
              7       6.7843492      0.97371513      -31.212968       11.043765      0.35390405      0.98914139      0.12939842      0.47919269       6.7763305        6.7763305     0.016037382                                    0.016037382
              5       7.1486212       1.1608245      -31.394546       11.308465      0.42311179       0.9687391      0.18264035     -0.88343345       6.7763305        6.7763305      0.74458154                                     0.74458154
              3       6.9586941       0.9985985      -31.230719       8.7426141      0.28523091      0.98194299      0.12835316     -0.40721221       6.7763305        6.7763305      0.36472722                                     0.36472722
              4       7.7938779       1.0108329      -31.115527       6.2018791      0.20790265      0.99673403      0.13492166       0.9237397       6.7763305        6.7763305       2.0350949                                      2.0350949
             13       9.6099051       3.1124173      -32.121804       10.074974      0.11822571      0.11331622       18.047894     -0.95997296       6.7763305        6.7763305       5.6671492                                      5.6671492
              3       8.7820633       1.1289128      -32.441034       23.625778      0.53026925       0.5975467      0.39489045    -0.083623069       6.7763305        6.7763305       4.0114657                                      4.0114657
              8       7.3205094       1.4443916      -32.634057       21.033852      0.24393507      0.24131947       0.5413055     -0.73853045       6.7763305        6.7763305       1.0883579                                      1.0883579
              5       7.2765968       2.3136921      -32.512746       14.343812      0.24797497      0.22457406       2.0547632     -0.80220976       6.7763305        6.7763305       1.0005326                                      1.0005326
              4       9.1631627       2.2133951       -32.37331       14.967042      0.54737794      0.49660866       2.4328565     -0.32416556       6.7763305        6.7763305       4.7736645                                      4.7736645
             23       7.0170638       2.4634579      -32.510256       18.097022      0.27677547      0.18659382       2.3452623     -0.85628153       6.7763305        6.7763305      0.48146658                                     0.48146658
              1       8.7036554       1.4686413      -32.747907       22.559983      0.15744733       0.1428245      0.38247991     -0.86024515       6.7763305        6.7763305       3.8546499                                      3.8546499
              4       7.9075927       1.0987577       -31.43795       12.790313      0.48339189       1.0338039      0.17187552     -0.71684171       6.7763305        6.7763305       2.2625246                                      2.2625246
              3       7.3085607       1.2221808      -31.922974       6.7626136      0.24501767      0.89098274      0.20440135     -0.98765663       6.7763305        6.7763305       1.0644604                                      1.0644604
              5       10.381626      0.29738762      -30.911918       8.9890946     0.089586084       1.0072183     0.010743309    -0.034746212       6.7763305        6.7763305       7.2105913                                      7.2105913
              3       7.4333129      0.47248198      -31.896037       16.356362      0.23424939      0.91102108     0.031685858     -0.44709124       6.7763305        6.7763305       1.3139648                                      1.3139648
              7       6.7838928      0.49020553      -32.204647       17.698934      0.33043966       1.1446923     0.021859553     -0.44106515       6.7763305        6.7763305     0.015124661                                    0.015124661
             10        6.780214      0.62339864       -32.21601       14.244871      0.33371573       1.1294687     0.035042565     -0.10449716       6.7763305        6.7763305     0.007766997                                    0.007766997
              9       7.2715181      0.81686335      -31.790332       14.966935      0.43554654       1.0707158     0.078565601     -0.79253721       6.7763305        6.7763305      0.99037527                                     0.99037527
              5       7.1147062       1.3209222      -30.723495       5.9841814      0.26467099       1.0063435       0.2577083     -0.56575786       6.7763305        6.7763305      0.67675153                                     0.67675153
              9       6.8849389       0.4108073      -31.721198       28.055735      0.38581014       1.0060874     0.020771272      0.98252388       6.7763305        6.7763305      0.21721686                                     0.21721686
              9       6.7865623      0.38468863      -32.226459       22.952438      0.32855316         1.11838     0.012889342     0.088609089       6.7763305        6.7763305     0.020463741                                    0.020463741
              6       7.7222299       1.7639713      -32.431536        7.182554      0.21270988      0.50459059       1.2151596     -0.29880072       6.7763305        6.7763305       1.8917989                                      1.8917989
              4       7.3178054       1.2519599      -31.021361       10.529776      0.43982098       1.0027399       0.2260783       0.9241437       6.7763305        6.7763305       1.0829498                                      1.0829498
             13         7.04268      0.90199484      -30.573537       9.1211136      0.27339294      0.99875112      0.10541462      0.86312641       6.7763305        6.7763305      0.53269909                                     0.53269909
             13       7.8861476       1.3661436      -30.496262       4.4453534      0.20195469      0.99947794      0.27790586      0.97070314       6.7763305        6.7763305       2.2196342                                      2.2196342
              1       8.5993083       0.2034746      -30.487936       24.084643      0.16251277      0.99668742    0.0048874063     -0.57197673       6.7763305        6.7763305       3.6459557                                      3.6459557
              1       7.6377379      0.25638017        -30.9458       25.474819      0.21861932       1.0060392    0.0079640184      0.37870804       6.7763305        6.7763305       1.7228148                                      1.7228148
             28       6.7802223        1.514425       -31.77554       6.1323815      0.33370681       1.0799659      0.34368349     -0.92615017       6.7763305        6.7763305    0.0077837266                                   0.0077837266
             20       6.7801413       1.0821331      -30.363385       9.2713069      0.33379354      0.99994981      0.15923793      0.99967195       6.7763305        6.7763305    0.0076217672                                   0.0076217672
              8       6.8418121       1.0838415      -30.434133       10.396894      0.37601752       1.0029068      0.15892598     -0.36771003       6.7763305        6.7763305       0.1309633                                      0.1309633
              9       6.7777509       1.2917048      -30.529479       8.0782374      0.34701026      0.99950357      0.24132339      0.97656385       6.7763305        6.7763305    0.0028409602                                   0.0028409602
              1       7.1994077       1.3673169      -30.566866        9.432856      0.42846745      0.99845242      0.27934828      0.81161215       6.7763305        6.7763305      0.84615442                                     0.84615442
              8       7.0969764       1.3025192      -30.704386       9.5645449      0.41727586       1.0066923      0.24574417     -0.94043547       6.7763305        6.7763305      0.64129187                                     0.64129187
             43       6.8690776       2.2347544      -30.746816       5.1001686       0.3824849       1.0086068       1.1891014     -0.60515341       6.7763305        6.7763305      0.18549428                                     0.18549428
              6       6.7763842        2.263118      -30.802749       4.5603075      0.34102523      0.99313227       1.2775396      0.24624478       6.7763305        6.7763305   0.00010753472                                  0.00010753472
             10       7.0778346       1.9827138      -30.503689       4.0610373      0.26900561       1.0041214      0.79318568     -0.33275634       6.7763305        6.7763305      0.60300823                                     0.60300823
              7       6.9966381        1.913045      -30.629689        4.382573      0.27960387         1.00233      0.69860844      0.74795452       6.7763305        6.7763305      0.44061535                                     0.44061535
              8       7.4952301      0.76607859      -32.548044       42.008036      0.45471377      0.42467267      0.17149231     -0.43600291       6.7763305        6.7763305       1.4377992                                      1.4377992
             20       7.8466273       0.3273436      -32.331108       48.172982      0.47952922      0.91396505     0.017062884      0.83736523       6.7763305        6.7763305       2.1405937                                      2.1405937
              1       7.2701566      0.14717243      -32.265155       48.036081      0.24858215       1.0568122    0.0021062077      0.84264668       6.7763305        6.7763305      0.98765227                                     0.98765227
              4       7.2790203      0.28613495      -32.437795       38.998725       0.2477475      0.66728269     0.021249802     0.087623541       6.7763305        6.7763305       1.0053796                                      1.0053796
             14       7.5081027      0.37326526      -32.532652       38.901671      0.22828158       0.4725056     0.039743727     -0.34477054       6.7763305        6.7763305       1.4635444                                      1.4635444
              6       7.8954695      0.87152391      -32.756974       40.412851      0.20136777      0.17183557      0.13548701     -0.81201877       6.7763305        6.7763305       2.2382781                                      2.2382781
              8       8.5123715      0.90827513      -32.832628       45.393906      0.16684488      0.12162415      0.11199517     -0.87212682       6.7763305        6.7763305        3.472082                                       3.472082
              3       9.8334754       2.2505378      -32.517515       32.589141      0.57443465      0.23539829       1.9102094     -0.78462062       6.7763305        6.7763305       6.1142898                                      6.1142898
              3       7.2584116       1.4136376      -31.384269       5.4861735      0.24969975      0.96768137      0.31109992     -0.83746711       6.7763305        6.7763305      0.96416218                                     0.96416218
              6        6.924072       1.3744264      -31.373926       6.4887927      0.29090315      0.98035852      0.29615566       0.2931258       6.7763305        6.7763305      0.29548308                                     0.29548308
              2       6.8766771       1.2301442      -31.844336       9.6103945      0.38411088       0.9765203      0.23183572      0.88154106       6.7763305        6.7763305      0.20069328                                     0.20069328
             50       6.8459229       1.8768009      -32.212214       4.6551255      0.30693097       1.0558762      0.59350972      0.88800692       6.7763305        6.7763305       0.1391848                                      0.1391848
              9       7.0326659      0.82624964      -32.335431       11.353128      0.27469503      0.88012811      0.12771997      0.73677022       6.7763305        6.7763305      0.51267079                                     0.51267079
              5        6.791924       0.8283114      -32.431951       20.023506      0.35860026      0.64982848      0.19230657     0.044657031       6.7763305        6.7763305     0.031187036                                    0.031187036
              1       7.7463881      0.58183001      -32.283072       24.122913      0.47293074       1.0127298     0.039958795      0.99400722       6.7763305        6.7763305       1.9401152                                      1.9401152
             11       6.7781294      0.57822152      -31.858686        18.11861      0.33636171      0.96496005     0.045981491      0.72489471       6.7763305        6.7763305    0.0035978196                                   0.0035978196
              3       9.9162918      0.22267005      -31.058793        14.54832      0.10643812      0.98751677    0.0057797223     -0.63907022       6.7763305        6.7763305       6.2799228                                      6.2799228
              1       9.3352962      0.98362896      -31.012842       17.154081      0.55465475      0.98797481      0.12619631     -0.67965915       6.7763305        6.7763305       5.1179314                                      5.1179314
              1       10.262696       1.0144602      -31.107059       17.758471      0.59021575      0.98467321      0.13502117     -0.75782562       6.7763305        6.7763305        6.972732                                       6.972732
              7       10.013707       1.0251389      -31.105597        17.31847      0.58118804      0.98388952      0.13937323     -0.93433361       6.7763305        6.7763305       6.4747531                                      6.4747531
              4       7.2565834       0.2940671      -30.623087       25.565162      0.24987492       0.9989634     0.010280844       0.9182533       6.7763305        6.7763305      0.96050595                                     0.96050595
              3       7.4684729      0.63119987      -30.619376       21.662719      0.45259629      0.99483951     0.049262411      -0.9948224       6.7763305        6.7763305       1.3842848                                      1.3842848
              6       8.4462233      0.66054905      -31.205953       7.7162999      0.17021424       1.0036993      0.05356464      0.93057875       6.7763305        6.7763305       3.3397856                                      3.3397856
              7       8.4885985      0.73875038      -31.310733       6.9624405      0.16804828      0.98196672     0.065817487    -0.036278977       6.7763305        6.7763305        3.424536                                       3.424536
             23       8.3979003       0.3676461      -32.272037       13.565586      0.17271804        1.040857     0.014074716       0.9263748       6.7763305        6.7763305       3.2431397                                      3.2431397
              6       7.2274309      0.14015836      -32.022775        53.28447       0.2527148       1.0170281    0.0024692797      0.96661107       6.7763305        6.7763305      0.90220084                                     0.90220084
              4       7.0698089      0.13683461      -32.070238       53.716252      0.26998367       1.1039712    0.0029202612      0.19375577       6.7763305        6.7763305      0.58695693                                     0.58695693
             63       6.8870504      0.16572141      -32.040073       51.404573      0.29776604       1.0505499    0.0038424054      0.75588192       6.7763305        6.7763305      0.22143989                                     0.22143989
             10       7.4850493      0.22879977      -32.103766        51.88592      0.45391282       1.1491831    0.0080777019     -0.43761731       6.7763305        6.7763305       1.4174376                                      1.4174376
             12       7.6452303      0.34414377      -31.620857       40.599546      0.46591609       1.0022326     0.014072854      0.99613475       6.7763305        6.7763305       1.7377996                                      1.7377996
             23       6.7921377       0.2395426      -30.413072       40.737693      0.32528637       1.0018635    0.0067869038      0.28706659       6.7763305        6.7763305     0.031614455                                    0.031614455
              2       8.5080936       0.1077668      -30.323026       46.561421      0.16706082       1.0006571    0.0013769018      0.86068623       6.7763305        6.7763305       3.4635262                                      3.4635262
              2        8.087645       0.7500956      -31.175236       19.818208      0.49422861      0.99923766     0.070826947      0.99669132       6.7763305        6.7763305       2.6226291                                      2.6226291
              5       8.7946324      0.65961796      -31.128481       23.815946      0.53085823       1.0156408     0.055191293     -0.71570681       6.7763305        6.7763305       4.0366039                                      4.0366039
              9       7.7357555      0.60235861      -31.222309       24.043381      0.47221121      0.97995818     0.045574866     -0.84662352       6.7763305        6.7763305       1.9188501                                      1.9188501
             12        7.057566        0.562881      -31.196899       21.656569      0.41249818       1.0170392     0.037780388      -0.5806385       6.7763305        6.7763305      0.56247099                                     0.56247099
              3       6.9159703      0.43600069        -30.8608       20.177104      0.29232389      0.99871184     0.023060096      0.95834596       6.7763305        6.7763305      0.27927974                                     0.27927974
              8       6.8301293       1.7620414      -32.161071       5.4606856      0.37283396       1.1645928      0.43299158     -0.47686371       6.7763305        6.7763305      0.10759767                                     0.10759767
             12       6.9063026       2.0168059      -32.259518        6.509136      0.38992565      0.89272205       1.1609972      0.80459251       6.7763305        6.7763305      0.25994436                                     0.25994436
              7       6.8476604       1.1272961      -31.932828       11.240239      0.37750412      0.89542675       0.1605238     -0.89396727       6.7763305        6.7763305      0.14265987                                     0.14265987
              5       9.2230745      0.28658742      -31.463515       13.752025      0.13406044        1.022348    0.0092179547      0.15378075       6.7763305        6.7763305       4.8934881                                      4.8934881
             17       9.0191041      0.19217792       -31.76332       20.946456      0.14291636       1.0670624    0.0048226234     -0.64660332       6.7763305        6.7763305       4.4855473                                      4.4855473
             12       6.8698677      0.27339335      -31.840185       33.031663      0.30134302       1.0029162    0.0088151218      0.99758024       6.7763305        6.7763305      0.18707446                                     0.18707446
             13       6.8583475       0.2513719      -32.212215        39.94088      0.38007105       1.1377644    0.0055304695      -0.3116718       6.7763305        6.7763305      0.16403406                                     0.16403406
              3       6.7973869      0.21576583      -32.048576       42.134744      0.32270985        1.066869     0.006812947      0.60728735       6.7763305        6.7763305     0.042112927                                    0.042112927
             10       6.9332796      0.92869481      -32.677802       53.430393      0.39466503      0.23905023      0.19662629     -0.72669924       6.7763305        6.7763305      0.31389835                                     0.31389835
             22       7.5451464       1.3336323      -32.868522       57.603663      0.22543879     0.088199141      0.20065263     -0.91578827       6.7763305        6.7763305       1.5376319                                      1.5376319
              7       7.3699961      0.78625169       -32.62316         54.5363      0.44442685      0.31151211      0.16084717     -0.62070661       6.7763305        6.7763305       1.1873313                                      1.1873313
             13       6.8797136       1.2906751      -30.695924       7.0026934      0.29925674      0.99513913      0.23867892    -0.074333917       6.7763305        6.7763305      0.20676624                                     0.20676624
              8       6.7791896       1.3127356      -30.788991       7.6852111      0.33489185      0.99768492      0.24964151      0.84304184       6.7763305        6.7763305    0.0057181794                                   0.0057181794
              8       6.8643461      0.97923624       -30.65118       11.730336      0.38143871      0.99804184      0.12777904      0.77019107       6.7763305        6.7763305      0.17603126                                     0.17603126
              4       6.7954368      0.99415303      -30.655976       10.953704       0.3603752      0.99463229      0.13046176     -0.70880529       6.7763305        6.7763305     0.038212765                                    0.038212765
              4       8.2600546       1.0575226        -30.6209       14.380531      0.50392706       0.9959213      0.14972261     -0.14265945       6.7763305        6.7763305       2.9674483                                      2.9674483
              4       6.7860163       1.0372991       -32.21724        9.206864      0.35508314       1.1174709      0.10677095      0.17898337       6.7763305        6.7763305     0.019371711                                    0.019371711
             10       6.7922807       1.4368616      -31.764307       6.9447426      0.35878906       1.0806623      0.32544091     -0.96224569       6.7763305        6.7763305     0.031900454                                    0.031900454
             17       7.0736936       1.3427677      -30.705109       5.9948442      0.26950861       1.0062729      0.26370044     -0.68290514       6.7763305        6.7763305      0.59472632                                     0.59472632
             10       6.7860717      0.89204816      -32.533721        25.22756       0.3288795       0.4392332      0.23890284     -0.41174749       6.7763305        6.7763305     0.019482519                                    0.019482519
             14       7.1805557       0.8224724      -32.490277       29.618714      0.42651904       0.5262266      0.20303741     -0.24138402       6.7763305        6.7763305      0.80845043                                     0.80845043
              2       8.3793797      0.16726069      -30.915045        30.90695      0.17368754        1.009812    0.0033385551     -0.91826007       6.7763305        6.7763305       3.2060984                                      3.2060984
              7        9.476043      0.12509604      -30.881218       29.440893      0.12357537       1.0084614    0.0018748855     -0.66053513       6.7763305        6.7763305        5.399425                                       5.399425
              4       8.2259561      0.45648277      -30.593444       32.904954      0.50205556       1.0045881     0.025342733     -0.81312885       6.7763305        6.7763305       2.8992512                                      2.8992512
             22       9.3317009      0.98530676      -30.208912       16.903793      0.55450531       1.0006265      0.12902783       0.8039912       6.7763305        6.7763305       5.1107409                                      5.1107409
             17       6.9380412      0.97046262      -30.143863       12.254829      0.39545794       0.9993926        0.124692      0.79389433       6.7763305        6.7763305      0.32342139                                     0.32342139
              7       10.011083      0.54824949      -30.718491       31.966581      0.58109107      0.99653298     0.036398664      0.41750984       6.7763305        6.7763305       6.4695041                                      6.4695041
             13       7.1544105       1.6273151      -30.115126       7.8205596      0.42374002       1.0007184      0.43702596      0.68089236       6.7763305        6.7763305      0.75616012                                     0.75616012
              4       7.0274897       1.9484648      -30.454395       6.2773526      0.40862197       1.0040944      0.74825063     -0.69056725       6.7763305        6.7763305       0.5023185                                      0.5023185
              1       7.2918041       2.0794074      -30.356597       6.3385428      0.43744344      0.99750437      0.91988594     0.093657571       6.7763305        6.7763305       1.0309472                                      1.0309472
             27       7.0734295       2.0940743      -30.362627       5.9518087      0.41445919      0.99945359      0.94851406       0.9591363       6.7763305        6.7763305      0.59419809                                     0.59419809
             18       6.9937288       1.9336337       -31.70147       6.2330944      0.40398277       1.0074114      0.74510781      0.98247999       6.7763305        6.7763305      0.43479674                                     0.43479674
              9       6.8644558       1.6826151      -31.807715       6.5908263      0.38146328       1.0338321       0.4395474      0.71277137       6.7763305        6.7763305       0.1762506                                      0.1762506
              3        6.907616       1.6907653       -31.81574       6.8227072      0.39016719        1.016559      0.46632088      0.93687557       6.7763305        6.7763305      0.26257108                                     0.26257108
             15       6.8776517      0.79553585       -32.71046       52.802509      0.29968513       0.2144237      0.13123656     -0.75668398       6.7763305        6.7763305      0.20264238                                     0.20264238
              2        7.289701      0.28158031      -30.818093       26.305951      0.24675146       1.0012104    0.0094924941      0.95440586       6.7763305        6.7763305       1.0267411                                      1.0267411
             28       7.4865695       1.4544406      -30.503959       4.7383639      0.22996722       1.0029134      0.32732015      0.13107309       6.7763305        6.7763305       1.4204781                                      1.4204781
             11       7.2579245       1.4605752      -30.514401       5.1531855      0.24974638       0.9972899      0.32641008      0.28048439       6.7763305        6.7763305      0.96318811                                     0.96318811
             19       8.0884295        1.393602      -30.376522       10.684026      0.49427414      0.99773709      0.29013551     0.035188058       6.7763305        6.7763305       2.6241981                                      2.6241981
             22       7.4519529       1.2451044      -30.160128       5.6089405      0.23273152       1.0015912      0.22054743     -0.41702064       6.7763305        6.7763305       1.3512449                                      1.3512449
             11       7.2969286       1.2892292      -30.500506       5.7575415      0.24608331       0.9964072      0.23910265     -0.43451626       6.7763305        6.7763305       1.0411963                                      1.0411963
             10       7.3578146       1.2258294      -30.464982       10.869173      0.44337055       1.0001432      0.21317496      0.99699803       6.7763305        6.7763305       1.1629683                                      1.1629683
              8       7.5056564      0.21303648      -30.027303       32.195393      0.22847182       1.0011677    0.0053823403      -0.8224371       6.7763305        6.7763305       1.4586519                                      1.4586519
             42       6.9012081      0.30748233      -30.298603       37.946036        0.388977       1.0019805     0.011336751     -0.35504315       6.7763305        6.7763305      0.24975536                                     0.24975536
              2       6.8756603      0.34359516      -30.233751       33.636684      0.38389697      0.99833518     0.014189021         -0.2248       6.7763305        6.7763305      0.19865958                                     0.19865958
             23        7.973554       2.8213404      -32.409977       13.919572      0.19654439      0.15041847       4.4085622     -0.91564798       6.7763305        6.7763305       2.3944472                                      2.3944472
              1       6.9125834       2.8277996      -32.431595       23.965624      0.29293002      0.12991175       4.0485545     -0.93349907       6.7763305        6.7763305      0.27250595                                     0.27250595
             48       6.9938916       2.8112848      -32.449535       24.207097      0.27999402      0.12365825       3.7241192     -0.93745701       6.7763305        6.7763305      0.43512236                                     0.43512236
             15         7.27099       1.7166376      -31.075463       4.2763769      0.24850335       1.0174183      0.51049073     -0.98879958       6.7763305        6.7763305      0.98931915                                     0.98931915
              1        7.167281       1.5471166      -30.957605       8.2396743      0.42511966       1.0023053      0.37940782      0.93445243       6.7763305        6.7763305      0.78190112                                     0.78190112
              1       7.0032587       1.0785613      -31.136194       7.6537379      0.27867326       1.0146092      0.15380288     -0.38596599       6.7763305        6.7763305      0.45385645                                     0.45385645
              2       7.3166506       0.3065308      -31.062116       43.492394      0.43971662      0.99130512      0.01095339      0.21694835       6.7763305        6.7763305       1.0806402                                      1.0806402
              1       6.8787918       0.2614794      -31.397587       45.525013      0.38455228      0.97093405    0.0079282254     -0.87690512       6.7763305        6.7763305      0.20492261                                     0.20492261
              4       9.1640231      0.41827968      -30.249263        9.834941      0.13658504      0.99789886     0.021046325      -0.8301083       6.7763305        6.7763305       4.7753852                                      4.7753852
              4       7.3151141      0.53301929      -31.506098       14.347393      0.24442242      0.96060981     0.035458832     -0.94302465       6.7763305        6.7763305       1.0775673                                      1.0775673
              9       7.0057496      0.50365571      -31.592404       15.924324      0.27832665       1.0429943     0.029047652     -0.69554374       6.7763305        6.7763305      0.45883831                                     0.45883831
              3       7.1381514      0.48568344      -31.547242       16.086534      0.26203689       1.0080186      0.02944543      0.93338627       6.7763305        6.7763305      0.72364184                                     0.72364184
              5       6.9319097      0.41706629       -30.82815       20.759716      0.28956531       1.0051756     0.020671562      0.19999075       6.7763305        6.7763305       0.3111585                                      0.3111585
              8       6.8974827      0.40726677      -30.851222         21.6454      0.29572903       1.0082571      0.02016251     -0.78949328       6.7763305        6.7763305      0.24230453                                     0.24230453
             10       7.3889496       0.3309229      -30.756361       21.687508      0.23795095      0.99648981     0.013242575       0.4976548       6.7763305        6.7763305       1.2252382                                      1.2252382
             15       7.2506218      0.35914828      -30.623158       20.977283       0.2504485      0.99911923     0.015419187      0.94140666       6.7763305        6.7763305      0.94858277                                     0.94858277
              3       10.848621      0.45824892      -30.068161        4.830464     0.073736102       1.0011791     0.025475741     -0.47213736       6.7763305        6.7763305       8.1445811                                      8.1445811
              6       7.1847197      0.55730398      -31.004479         23.2035      0.42695325      0.99233105     0.038859206      0.25992184       6.7763305        6.7763305      0.81677843                                     0.81677843
             19        6.867395      0.42309062      -31.091347       27.115903      0.38211598       1.0010589     0.021509254      0.99014109       6.7763305        6.7763305      0.18212899                                     0.18212899
             22       7.2017261      0.25861515      -30.672132       29.801596      0.25529595      0.99557127    0.0080419174      -0.1850139       6.7763305        6.7763305      0.85079126                                     0.85079126
              1       7.1554328      0.16579146      -31.056036       47.819151      0.26014955      0.98623629    0.0032463881     -0.99176806       6.7763305        6.7763305      0.75820457                                     0.75820457
              4        7.867828      0.12617766      -30.993481       47.884295      0.20311535       1.0103901    0.0018507262      -0.5385828       6.7763305        6.7763305       2.1829951                                      2.1829951
              4       7.3554865      0.80616962      -31.308158       16.875981      0.44316741      0.97902607     0.079649922     -0.39587792       6.7763305        6.7763305       1.1583121                                      1.1583121
             12       6.8522569       1.4301476      -30.815814        7.963003      0.37863021      0.99926213      0.31066503      0.98658798       6.7763305        6.7763305      0.15185289                                     0.15185289
              1       7.0512558       1.6085379      -30.978566        5.077978       0.2722972       1.0019429      0.42674811      0.95937038       6.7763305        6.7763305      0.54985067                                     0.54985067
             12       7.8352878       1.7408543      -31.103482       8.4171111      0.47879873      0.98208575      0.52207538     -0.85921879       6.7763305        6.7763305       2.1179146                                      2.1179146
             11       6.7831444       2.3112111      -31.778925        4.360521      0.35297339       1.0526546       1.2408818       0.4696174       6.7763305        6.7763305     0.013627806                                    0.013627806
             12       7.4997673      0.47630382      -31.727948       28.173224       0.4550689       1.0192447     0.029355182      0.83894998       6.7763305        6.7763305       1.4468737                                      1.4468737
              9       7.3908271      0.42806884      -31.595529       30.112574      0.44620837       1.0403947      0.02056719      -0.5051687       6.7763305        6.7763305       1.2289932                                      1.2289932
             37       7.7505775      0.45650466       -31.60188        30.15497      0.47321316       1.0331767     0.023193035    0.0055402528       6.7763305        6.7763305       1.9484942                                      1.9484942
             22       7.6178633      0.39328744      -30.689541       35.483796      0.46394904      0.99919909     0.018654081      0.96455957       6.7763305        6.7763305       1.6830656                                      1.6830656
             19        6.783005      0.27178953      -30.781594       36.807836      0.33113943      0.99485501    0.0089169856     0.036988805       6.7763305        6.7763305     0.013349021                                    0.013349021
              6       7.0635787      0.33171356      -30.834024       37.627638      0.41324781      0.99508981     0.013351131      0.31447272       6.7763305        6.7763305       0.5744964                                      0.5744964
              3       6.9030264        1.317785      -30.799467       6.6778327      0.29468223       1.0064583      0.25043713     -0.17120044       6.7763305        6.7763305      0.25339195                                     0.25339195
              5       7.0613914      0.66518523      -32.140472       15.865216      0.41297603       1.1761377     0.059319625     -0.94582561       6.7763305        6.7763305      0.57012191                                     0.57012191
              1       7.1949633      0.68069393      -32.146261       16.058623      0.42801209       1.1768409     0.059946294     -0.97885401       6.7763305        6.7763305      0.83726566                                     0.83726566
             11       7.9953648       0.9198749      -32.371568       20.362898      0.48877457      0.78426375      0.19982476       0.4295127       6.7763305        6.7763305       2.4380686                                      2.4380686
              7       7.8547634       0.8212553      -32.377038       22.537666      0.48005096      0.77951077      0.15776518      0.41303587       6.7763305        6.7763305        2.156866                                       2.156866
             16       7.0694819      0.40922317      -32.435406       45.487433      0.41397619      0.66841414     0.043769949     0.090898521       6.7763305        6.7763305      0.58630279                                     0.58630279
              2       7.6684262      0.37266666      -32.343606        42.67385      0.46755921       0.8836416     0.024204785      0.74342822       6.7763305        6.7763305       1.7841915                                      1.7841915
             25       7.0159442      0.32636616      -32.451484        40.10141      0.27692732      0.63594995     0.028579141    0.0083510573       6.7763305        6.7763305      0.47922743                                     0.47922743
             14        7.128969      0.93634013      -32.752326       48.997413      0.26305807      0.17233232      0.15846253     -0.81262947       6.7763305        6.7763305      0.70527713                                     0.70527713
              5       6.7765007       0.8686369      -32.673548       48.121619      0.34373442      0.24715331      0.17398005     -0.71441421       6.7763305        6.7763305   0.00034045152                                  0.00034045152
              3       7.4333815       0.8757803      -32.427244       23.519548      0.44975623      0.65625851      0.21537673     0.061489961       6.7763305        6.7763305        1.314102                                       1.314102
             29       9.2426417     0.096535736      -31.508217       43.169032      0.13323062      0.96087202    0.0011166959     -0.97758064       6.7763305        6.7763305       4.9326225                                      4.9326225
              1       8.0534542       2.3105703      -32.619289       18.799024      0.19176908      0.13269238       1.3849541     -0.90276236       6.7763305        6.7763305       2.5542474                                      2.5542474
              6       8.5192175        2.262379      -32.644752       17.809611      0.16649986      0.12419839       1.2102082     -0.90847552       6.7763305        6.7763305       3.4857742                                      3.4857742
              1       6.7842271      0.42233112      -31.300845       24.088137       0.3301869      0.97549589     0.021584823     -0.99566815       6.7763305        6.7763305     0.015793279                                    0.015793279
             27       6.7788118      0.31755026      -31.128263       31.276986      0.33537801       1.0148904     0.012331239     -0.61465676       6.7763305        6.7763305    0.0049627312                                   0.0049627312
              1       7.4061248       1.1434713      -31.641201       6.4964834      0.23650248      0.95687236      0.19958804    -0.022093525       6.7763305        6.7763305       1.2595887                                      1.2595887
             30        6.860015       1.5580779      -31.425334       5.7128787      0.30354388       1.0249418      0.41275211      0.17057206       6.7763305        6.7763305      0.16736904                                     0.16736904
              3       8.1879396      0.30673442      -31.665393       19.114047      0.18405711      0.94353788     0.011587349     -0.94272749       6.7763305        6.7763305       2.8232183                                      2.8232183
              1       8.5178235      0.55798024      -31.801314       26.248685      0.51742994       1.0618107     0.033801326     -0.41226124       6.7763305        6.7763305       3.4829861                                      3.4829861
              1        9.432518       1.4393693      -32.751562       18.358041      0.12534325      0.14256874      0.36348631     -0.85970323       6.7763305        6.7763305        5.312375                                       5.312375
             11       7.2953175      0.70757551       -32.45239       17.030181      0.24623185      0.61414944      0.14199723    -0.044186579       6.7763305        6.7763305       1.0379741                                      1.0379741
             31       6.8555217      0.63130539      -32.065471       13.141115      0.30459055       1.1034854     0.064797006      0.21703805       6.7763305        6.7763305       0.1583824                                      0.1583824
             10       7.3169177      0.40520917      -31.588839       17.334049      0.24425923       1.0451861       0.0189897     -0.88501241       6.7763305        6.7763305       1.0811745                                      1.0811745
              9       7.7003513      0.41216081      -31.777816       14.548813      0.21421386       1.0736809     0.020706969     -0.99165619       6.7763305        6.7763305       1.8480417                                      1.8480417
              4       6.8595323      0.74299904      -32.169166       13.129831      0.38034504       1.1717967     0.061623897     -0.94754817       6.7763305        6.7763305      0.16640359                                     0.16640359
             35       6.7826187      0.73478841      -32.146301       12.247936      0.35254161       1.1773541     0.070093414     -0.98274136       6.7763305        6.7763305     0.012576457                                    0.012576457
              6       6.8638298      0.41300299      -32.349299       31.934728      0.38132288      0.86895711     0.031021627      0.69624878       6.7763305        6.7763305      0.17499873                                     0.17499873
              2       6.8266579       0.4052195      -32.349721       31.763824      0.37182259      0.86822954     0.029898933      0.69382488       6.7763305        6.7763305      0.10065491                                     0.10065491
             31       7.1868453      0.33814492      -31.900187       25.134098      0.25682595      0.90822748     0.015856853     -0.54581999       6.7763305        6.7763305      0.82102968                                     0.82102968
             12       7.0960087      0.49127815      -31.940752       28.349206      0.41716219      0.90024038     0.026785544     -0.89333097       6.7763305        6.7763305      0.63935656                                     0.63935656
              9       6.7815383      0.90522506      -32.362018       14.430603      0.35159339      0.80894975      0.18385383      0.50753967       6.7763305        6.7763305     0.010415699                                    0.010415699
              2       6.8947095      0.99090049      -32.011337       8.8849956      0.29626167       1.0113701      0.13590461      0.98574956       6.7763305        6.7763305      0.23675817                                     0.23675817
              4       9.9981033      0.64026546      -32.367613       5.9561747      0.10338908       0.8148339     0.086930212      0.52237041       6.7763305        6.7763305       6.4435457                                      6.4435457
              5        8.014159      0.79509104      -32.632854       24.572245      0.19409832      0.29859463      0.16109331     -0.64003909       6.7763305        6.7763305       2.4756571                                      2.4756571
              2       6.9199653      0.88360618      -32.568867        25.96735      0.29161831      0.38198852        0.225302      -0.5112826       6.7763305        6.7763305       0.2872697                                      0.2872697
              1       7.2852049      0.54447948      -32.565563       33.352631      0.24716947      0.40907704     0.083525189     -0.46044263       6.7763305        6.7763305       1.0177489                                      1.0177489
              1       7.8867494      0.56913605      -32.641683       35.627669      0.20191673      0.29928897      0.08033987     -0.63532084       6.7763305        6.7763305       2.2208378                                      2.2208378
              6       7.1965241      0.32846089      -31.520184       40.594248      0.42817228      0.96514438     0.012177536     -0.57663884       6.7763305        6.7763305      0.84038729                                     0.84038729
              9       6.7891743      0.38785458       -31.35905       24.956024      0.32693425       1.0151682     0.017290813      0.38418712       6.7763305        6.7763305     0.025687751                                    0.025687751
              7       6.7928273       2.2974278      -32.372888       9.1913917      0.32492571      0.46246922        2.763361     -0.40061237       6.7763305        6.7763305     0.032993587                                    0.032993587
             11       6.8968291       2.2223556      -32.496012       19.463837      0.38814598       0.2696963       1.9840162      -0.7366089       6.7763305        6.7763305      0.24099724                                     0.24099724
              2       6.7893721       1.4769503      -32.530331       17.734233      0.32681872      0.37501664      0.72089141     -0.53826928       6.7763305        6.7763305     0.026083215                                    0.026083215
             10       6.8165305       2.8349618      -32.181559       5.4270729      0.31534638      0.61602295       7.5404339    0.0091072672       6.7763305        6.7763305     0.080400093                                    0.080400093
             39       6.8185767       2.8265437       -32.18491       6.3817394      0.36932354      0.61536689       7.3850509    0.0060186575       6.7763305        6.7763305     0.084492542                                    0.084492542
             20        8.871473       2.6549727      -32.634169       24.246895      0.14958026     0.069836101       1.5707099      -0.9669505       6.7763305        6.7763305        4.190285                                       4.190285
              6       6.8731789       2.5864137      -32.497694       21.494659      0.30062965      0.16252687       2.6843805     -0.88919414       6.7763305        6.7763305       0.1936969                                      0.1936969
              1       7.6671602       2.6411284      -32.527549       19.776162      0.21652991       0.1245972       2.4619252      -0.9269965       6.7763305        6.7763305       1.7816596                                      1.7816596
             15       6.8341088       2.0995087      -32.535189       17.741486        0.310046      0.25017296       1.5619887     -0.75643776       6.7763305        6.7763305      0.11555658                                     0.11555658
              5       7.5771976       1.8228328      -32.463636       17.867158      0.46096606      0.42539123       1.3021201     -0.46013882       6.7763305        6.7763305       1.6017342                                      1.6017342
              1       6.9025894       1.7475262      -32.545393       16.499476      0.29476391      0.30725742        1.019297     -0.65712945       6.7763305        6.7763305      0.25251785                                     0.25251785
             16       8.4376626       1.5607217       -32.42901       17.818788      0.51334486      0.55478856      0.87240514      -0.1848282       6.7763305        6.7763305       3.3226642                                      3.3226642
              9       8.5610665       1.5567093      -32.424033        17.69873      0.51959464      0.56680926      0.86303476     -0.15694589       6.7763305        6.7763305       3.5694721                                      3.5694721
             13       6.8134752        2.489414      -32.506266       24.236784      0.36762073      0.18312591       2.4267909     -0.86169982       6.7763305        6.7763305     0.074289484                                    0.074289484
             21       7.7743509       2.5247073      -32.611701       24.713693      0.20919557      0.10076871       1.6284914     -0.94023747       6.7763305        6.7763305       1.9960409                                      1.9960409
              8        10.28717       2.8857993      -32.700002        38.34459     0.092914577     0.025236873       1.2495602     -0.99376885       6.7763305        6.7763305       7.0216781                                      7.0216781
             20       7.2084209       2.6259108      -32.637295       39.833443      0.25461635     0.073161124       1.5309181       -0.963828       6.7763305        6.7763305      0.86418095                                     0.86418095
             11       6.8186916      0.58799673      -30.473275       18.938901      0.36936065       0.9968799     0.042772376     -0.42314373       6.7763305        6.7763305     0.084722172                                    0.084722172
              6       6.7813907      0.86611631       -30.30059       11.524243      0.33254359       1.0013407     0.096465054      0.42287923       6.7763305        6.7763305     0.010120385                                    0.010120385
              5         6.78465       1.2590415      -30.441291        7.876848      0.32987467      0.99971997      0.22697139      0.98908045       6.7763305        6.7763305     0.016639157                                    0.016639157
              7       6.8046257       1.3098056      -30.665576       8.3168642      0.36436142       1.0052819       0.2478332     -0.44964428       6.7763305        6.7763305     0.056590419                                    0.056590419
              6       6.8529002       1.5755467      -30.504926       5.7974139      0.30521493       1.0042968      0.40279019     -0.79202495       6.7763305        6.7763305      0.15313955                                     0.15313955
              8       6.8418478       1.5777753      -30.519151       5.8393275      0.30797322        1.004678      0.40237569     -0.99641035       6.7763305        6.7763305      0.13103461                                     0.13103461
              1        6.922373        1.589798       -30.54698       5.4778585      0.29119779       1.0049796       0.4116564     -0.97424539       6.7763305        6.7763305      0.29208514                                     0.29208514
             10       6.7823077       1.6930188      -30.689797       5.9143948      0.33172239      0.99569103      0.49396752      0.27797523       6.7763305        6.7763305     0.011954425                                    0.011954425
              3       10.325446       0.6793808      -30.278719       4.0594998     0.091560432      0.99780101     0.057724848     -0.69135535       6.7763305        6.7763305       7.0982319                                      7.0982319
             12       8.6167697      0.69169365      -30.755588       22.755604      0.52234479       0.9974176     0.060278922      0.73820895       6.7763305        6.7763305       3.6808785                                      3.6808785
             12       6.8037126      0.46224012      -30.699378        23.66426      0.36399765        1.000138     0.025887295      0.99894802       6.7763305        6.7763305     0.054764195                                    0.054764195
             26       6.8612313      0.25831079      -30.396373       35.386867      0.30326542      0.99714919    0.0079152224     -0.75969526       6.7763305        6.7763305      0.16980164                                     0.16980164
             15       6.8459298      0.26801837      -30.395684       34.523536      0.30692922       0.9969659    0.0085623597     -0.99099972       6.7763305        6.7763305       0.1391987                                      0.1391987
              5       7.0530399      0.36869734      -30.876637       33.501782       0.4119286       1.0023189     0.016442912      0.87372563       6.7763305        6.7763305      0.55341889                                     0.55341889
             10       7.1132677      0.40274038      -31.315786       31.635827      0.41916447      0.98878531     0.018844322      0.59354541       6.7763305        6.7763305      0.67387452                                     0.67387452
              6       6.7977668      0.29622059      -30.825056       32.465298      0.32253663       1.0080134     0.010421575     -0.94606612       6.7763305        6.7763305     0.042872672                                    0.042872672
              9       6.9640349      0.26336924      -30.749389       32.241041      0.28440562       1.0066674      0.00821879     -0.91389571       6.7763305        6.7763305      0.37540882                                     0.37540882
             17       6.9199215       0.2538246      -30.710273       34.559724      0.29162599      0.99918096    0.0076894664      0.96593337       6.7763305        6.7763305      0.28718208                                     0.28718208
             12        7.087117      0.23790974      -30.631862       33.807633      0.26789048       1.0010418    0.0067054967       0.9191236       6.7763305        6.7763305      0.62157314                                     0.62157314
              3       6.9552776       2.6009016      -32.469946       25.076237      0.39823481      0.18351638       3.0137219     -0.86843316       6.7763305        6.7763305      0.35789422                                     0.35789422
              7       7.6855516       2.9346061      -32.320552       13.145154      0.21524135      0.16769963       6.8014612     -0.90687832       6.7763305        6.7763305       1.8184423                                      1.8184423
            101       6.7821452       2.3317904       -31.47168       4.4466998      0.33186301      0.96195206       1.5212069     0.052976696       6.7763305        6.7763305     0.011629528                                    0.011629528
             12       7.1594362       1.8256795      -32.532188       13.733617       0.2597185      0.31132595       1.1587945     -0.65448789       6.7763305        6.7763305      0.76621151                                     0.76621151
             15       6.8208217        1.707686      -32.523875       15.963971      0.31395988      0.34613626       1.0138122     -0.59453961       6.7763305        6.7763305     0.088982401                                    0.088982401
             13       7.4084441       1.6004876      -32.622464       18.860098      0.23630841      0.23529073      0.68892239     -0.75245891       6.7763305        6.7763305       1.2642273                                      1.2642273
             13       7.2325412       1.5935632      -32.621727       20.075266      0.25221049      0.23694877      0.68441947     -0.74999171       6.7763305        6.7763305      0.91242152                                     0.91242152
              4       7.0735018        1.855254      -32.660906       39.976286        0.414468      0.16796047      0.80778639      -0.8455373       6.7763305        6.7763305       0.5943426                                      0.5943426
             29       6.7769844       1.8702052      -32.702767       39.832767      0.33860053      0.13660916      0.70164059     -0.88017335       6.7763305        6.7763305    0.0013078734                                   0.0013078734
             33        6.803164       1.8028748      -30.132638       6.0741113      0.36377617      0.99840752      0.58821583     -0.18873069       6.7763305        6.7763305     0.053666998                                    0.053666998
              5       6.8058866       1.1943148      -30.357963         8.04095      0.31914575      0.99881442      0.19958752      0.69538983       6.7763305        6.7763305     0.059112343                                    0.059112343
             57       6.9518289       1.4634941      -30.307007       5.8638264      0.28630971       1.0027344      0.33091859     -0.90957542       6.7763305        6.7763305      0.35099682                                     0.35099682
              4       6.7766555      0.91613182      -31.375374       11.331415      0.33960324      0.98322204      0.11488375      0.41314965       6.7763305        6.7763305   0.00065011814                                  0.00065011814
             13       6.8267041      0.53727985      -31.380888       17.865116      0.31216372      0.97745763      0.03717148    -0.097887328       6.7763305        6.7763305      0.10074734                                     0.10074734
             17       6.8862869      0.52096244      -31.407719       17.514228      0.29791882      0.98134662     0.031405493      0.26068357       6.7763305        6.7763305      0.21991293                                     0.21991293
              1       7.4656102      0.62583477      -30.527218       21.813011      0.45236734      0.99595069      0.04826842     -0.88095061       6.7763305        6.7763305       1.3785594                                      1.3785594
              5       7.3690086      0.69805879      -30.166598       10.307029      0.23965838       1.0011266     0.060759901       0.1954202       6.7763305        6.7763305       1.1853563                                      1.1853563
             32       6.8081693      0.95939848      -30.420619       11.431266      0.36572038       1.0022539      0.12201219       0.1046614       6.7763305        6.7763305     0.063677757                                    0.063677757
              7       11.017069      0.70734002      -32.859043       25.497951     0.068244044      0.11372427     0.062283571     -0.87853198       6.7763305        6.7763305       8.4814762                                      8.4814762
              2       10.168986      0.73915439      -32.755351        22.11759     0.097142878      0.17859114     0.098410139     -0.80143312       6.7763305        6.7763305       6.7853113                                      6.7853113
             22       6.9406243        1.263109      -32.735208       56.675617      0.39588321      0.16620799      0.30084841     -0.82754263       6.7763305        6.7763305       0.3285876                                      0.3285876
             27       6.9097074       1.1991873      -32.734462       57.235074      0.39054933      0.17102064      0.27285028     -0.82012508       6.7763305        6.7763305      0.26675395                                     0.26675395
             10       6.8392881      0.20176076      -31.493426       47.296547      0.30864452      0.97210761    0.0051757607    -0.013838119       6.7763305        6.7763305      0.12591535                                     0.12591535
              6       7.2747574      0.15293736       -31.45799       47.392319      0.24814798       1.0289899    0.0026237602     -0.46141055       6.7763305        6.7763305       0.9968539                                      0.9968539
              3       7.3972208      0.19762521      -31.267129       35.366185       0.2372509       1.0202326    0.0044989456      -0.6694894       6.7763305        6.7763305       1.2417806                                      1.2417806
              6       7.4991002      0.25502122      -30.742787        26.98867      0.22898325      0.99992588    0.0077384555       0.9997733       6.7763305        6.7763305       1.4455395                                      1.4455395
              3       8.4636368      0.14413225      -31.334282       34.622755      0.16932088       1.0197874    0.0025786884     -0.08767027       6.7763305        6.7763305       3.3746128                                      3.3746128
              8       7.7894723      0.17970494      -31.186663        34.26992      0.20819326       1.0160509    0.0039459766     -0.43486593       6.7763305        6.7763305       2.0262837                                      2.0262837
             11       6.8448109      0.31999598      -31.582244       27.568477      0.30721227       1.0466541     0.012277895     -0.99803002       6.7763305        6.7763305      0.13696089                                     0.13696089
              3       7.7141761       1.2987782      -30.307588       10.864308      0.47073853       1.0026852      0.24463247     -0.95850858       6.7763305        6.7763305       1.8756913                                      1.8756913
             30       7.1689103      0.89220359       -30.43718       14.357978      0.42529268      0.99782083      0.10393661      0.22559728       6.7763305        6.7763305      0.78515958                                     0.78515958
              4       7.2093679      0.99292351      -32.731464       41.457859      0.25452064      0.18583275      0.19060112      -0.7971187       6.7763305        6.7763305       0.8660749                                      0.8660749
              1       8.4548017      0.68552773      -32.400449       30.726301      0.51422643      0.73373798      0.11622077      0.27316867       6.7763305        6.7763305       3.3569424                                      3.3569424
              6        7.197147       1.8281735      -32.446285        15.36868      0.42823613      0.45809045       1.3320879     -0.39676259       6.7763305        6.7763305      0.84163316                                     0.84163316
             11       11.360045       2.7866551      -32.900042       45.507452     0.057389039     0.013601447      0.49100077     -0.99610099       6.7763305        6.7763305       9.1674286                                      9.1674286
             14       10.973207       2.5036962      -32.965772       44.138652     0.069663431     0.018946372      0.33536316     -0.99126687       6.7763305        6.7763305       8.3937536                                      8.3937536
              6       12.362542       2.9011222      -32.994883        50.30341     0.027803366    0.0057260592      0.32393864     -0.99888795       6.7763305        6.7763305       11.172422                                      11.172422
              2       12.209343       2.9084658       -32.95592       49.895467     0.032141647    0.0066567918      0.38786518     -0.99872772       6.7763305        6.7763305       10.866025                                      10.866025
              1       12.972756       3.0120724      -33.032316       44.076065     0.011087279    0.0025100285      0.27578321     -0.99973104       6.7763305        6.7763305       12.392851                                      12.392851
             10       6.9981889      0.86098234       -31.85846       10.159188      0.27938465      0.95999997       0.1082223      0.66194912       6.7763305        6.7763305      0.44371685                                     0.44371685
              3       7.0965825       1.0329423      -31.518565       12.587035       0.4172296      0.96448957      0.13464621     -0.47449851       6.7763305        6.7763305      0.64050401                                     0.64050401
              8       7.2591965      0.91936122      -31.496726       14.725169      0.43437536      0.96436321      0.11719291      -0.4946158       6.7763305        6.7763305      0.96573197                                     0.96573197
              1       6.7861981      0.84273698      -32.150884       10.753551      0.35520533       1.1780329     0.090184936     -0.99904351       6.7763305        6.7763305     0.019735247                                    0.019735247
              3       6.7978605       1.2570517      -32.379853       10.643957      0.32249412        0.724415      0.44553089      0.25451191       6.7763305        6.7763305     0.043060149                                    0.043060149
              7       6.8691368        2.735681      -32.521932       32.153303      0.30150218      0.10301994       2.6437239      -0.9486523       6.7763305        6.7763305      0.18561267                                     0.18561267
              7       7.7472906       1.8684665      -30.793621       7.5419932      0.47299163       1.0087973      0.65958632     -0.70372419       6.7763305        6.7763305       1.9419202                                      1.9419202
              9       7.7535497      0.79818385      -31.664019       8.4198113      0.21058684      0.94177649     0.083273148     -0.95854699       6.7763305        6.7763305       1.9544384                                      1.9544384
              7       6.8163209       1.0881947      -31.276073       10.122866      0.36858405       1.0056534      0.15837147      0.89225714       6.7763305        6.7763305     0.079980964                                    0.079980964
              2       7.3476866       1.3813977      -31.353179       9.4380015      0.44248386       1.0200479      0.27208713      0.10907956       6.7763305        6.7763305       1.1427123                                      1.1427123
              4       6.7767448       1.5236153      -31.716437       6.6684995        0.344706        1.019688      0.38975035      0.86303382       6.7763305        6.7763305    0.0008287022                                   0.0008287022
             23       6.7820458       1.5462899      -31.688156       6.7032153      0.33195008      0.96254402      0.34755231      0.34788693       6.7763305        6.7763305     0.011430611                                    0.011430611
              4       8.2224248       1.3461845      -31.368221       4.1015042       0.1821395      0.99146708      0.27467522      0.85832907       6.7763305        6.7763305       2.8921886                                      2.8921886
             22       7.1835969      0.95603423       -30.28681       13.451565      0.42683638      0.99755555      0.12057986     -0.91573041       6.7763305        6.7763305      0.81453282                                     0.81453282
              9       7.4223442      0.72980614      -30.103042       18.467575      0.44884735       1.0009288     0.067158641      0.25005974       6.7763305        6.7763305       1.2920275                                      1.2920275
             30       9.0054273      0.89304423      -30.427832        18.25141      0.54047569       0.9966179      0.10339778     -0.96652798       6.7763305        6.7763305       4.4581937                                      4.4581937
             31       6.9283402      0.92149553       -30.07481       12.850975      0.39382968        0.999542      0.11110232      0.85289573       6.7763305        6.7763305      0.30401949                                     0.30401949
              4       6.8302332      0.31126923      -32.385511       45.763628      0.37286372      0.78671132     0.021055502      0.43007985       6.7763305        6.7763305      0.10780551                                     0.10780551
             16       7.0651333       1.1910574      -32.638387       39.833782      0.41344035      0.26190907      0.36167085     -0.70215561       6.7763305        6.7763305      0.57760565                                     0.57760565
             11       6.8520009      0.16908312      -31.731945       52.983666      0.30543159       1.0246926    0.0036752743       0.7379959       6.7763305        6.7763305      0.15134092                                     0.15134092
             27        7.841352      0.34713089       -31.19302       40.717613      0.47918987       1.0189526     0.014365514     -0.99125934       6.7763305        6.7763305        2.130043                                       2.130043
              1       6.9294331      0.39492906      -31.239311        22.21944      0.28998433      0.99321718     0.018339466      0.79108374       6.7763305        6.7763305      0.30620533                                     0.30620533
              3       8.3608906      0.37134365      -30.323806       14.109492      0.17466098        1.001914     0.016626895     -0.11886671       6.7763305        6.7763305       3.1691202                                      3.1691202
             13       8.0812233      0.46763454      -30.239568       12.214934      0.19014459       1.0004794     0.026452011      0.88803473       6.7763305        6.7763305       2.6097857                                      2.6097857
              6       9.1862217      0.32326774      -30.165667       12.588382      0.13563237       1.0017352     0.012505473     -0.96320539       6.7763305        6.7763305       4.8197826                                      4.8197826
              2       6.9752473      0.50681726      -30.292312       16.739257      0.28271039       1.0015579     0.031133161      0.14158265       6.7763305        6.7763305      0.39783368                                     0.39783368
             16        6.779346       1.3604549      -31.702747       7.8310573      0.34930006      0.98540787      0.26282251      0.90524843       6.7763305        6.7763305    0.0060311023                                   0.0060311023
             12       7.0699098       1.1166613      -31.456699        7.062431       0.2699713       1.0288778      0.16146495     -0.26361402       6.7763305        6.7763305      0.58715858                                     0.58715858
              1       6.9991075       1.0987287      -31.378988       7.8260337      0.27925515      0.97609236      0.17376302     -0.11440979       6.7763305        6.7763305      0.44555412                                     0.44555412
              8       7.1161772       1.3962013      -31.386119        5.888246      0.26450309      0.96698262      0.29850324     -0.93316023       6.7763305        6.7763305      0.67969346                                     0.67969346
              4        7.216562       1.1386745      -31.364911        11.34675      0.43020301        1.000747      0.17869308      0.99878729       6.7763305        6.7763305      0.88046307                                     0.88046307
              9       6.8368193       1.2393716      -31.348254       8.8518096      0.37469492       1.0265169      0.21098797     -0.65502093       6.7763305        6.7763305      0.12097759                                     0.12097759
              5       6.9100827       1.3361988      -31.798115       8.2900786      0.39061758        1.059849      0.23133428     -0.12540319       6.7763305        6.7763305      0.26750445                                     0.26750445
              6       7.1851641      0.57678657      -31.657848       14.156703      0.25700054      0.94597291     0.043697772     -0.72669599       6.7763305        6.7763305      0.81766723                                     0.81766723
             23       6.8519331      0.69451883      -31.934854       14.731889      0.30544799      0.89725669     0.056560485     -0.95264272       6.7763305        6.7763305      0.15120523                                     0.15120523
              9       6.8354917      0.69568395      -31.957248       14.635839      0.30966584      0.91408288     0.050911666     -0.37307351       6.7763305        6.7763305      0.11832256                                     0.11832256
              1       6.9525242      0.17102848      -32.038742       47.989074       0.2861995       1.0480451    0.0040640177      0.77656754       6.7763305        6.7763305      0.35238742                                     0.35238742
              4       6.7855401      0.18555967      -32.074295       48.014738      0.32924256       1.1106564    0.0054132872      0.11078154       6.7763305        6.7763305      0.01841923                                     0.01841923
             14       7.3458871      0.12678804      -32.091814       50.477583      0.24167451       1.1349478    0.0025251732     -0.22098976       6.7763305        6.7763305       1.1391133                                      1.1391133
              3       7.1041754      0.37754374      -32.276905       32.283937      0.41811619       1.0310153     0.015370468      0.95993734       6.7763305        6.7763305      0.65568979                                     0.65568979
              9       6.7805289      0.27058672      -32.257367       34.611821      0.33338639       1.0698893      0.00689082      0.74498213       6.7763305        6.7763305    0.0083968232                                   0.0083968232
              2       8.1795469       1.0488207      -32.714333       26.846545      0.18452733      0.19696677      0.22440586     -0.78441523       6.7763305        6.7763305       2.8064329                                      2.8064329
             33       6.7947456      0.91479484      -32.482144       19.924298      0.32396027      0.53420374      0.25473376     -0.22528743       6.7763305        6.7763305     0.036830236                                    0.036830236
             30       6.8741509       1.0803005      -32.565113       22.584414      0.30042257      0.37008463      0.34561247      -0.5352055       6.7763305        6.7763305      0.19564088                                     0.19564088
              3       6.8842732       1.1024771      -32.575367       23.075974      0.29832432      0.35243657       0.3546909     -0.56440301       6.7763305        6.7763305      0.21588554                                     0.21588554
              4       8.2427672       1.2774876      -32.588525       13.511134      0.18101904      0.31520832      0.47159099     -0.62739547       6.7763305        6.7763305       2.9328735                                      2.9328735
             10       7.9870361       1.3526013      -32.508536       10.095779      0.19572768      0.43078895      0.60690633     -0.43643578       6.7763305        6.7763305       2.4214113                                      2.4214113
             10       8.5204265       2.7088718      -32.126795       5.7310699        0.517561       1.0019806        3.347018       0.9999229       6.7763305        6.7763305       3.4881921                                      3.4881921
             20       7.4074213       2.4399975      -32.537385       17.331825      0.23639395      0.16800591        2.083639      -0.8747624       6.7763305        6.7763305       1.2621818                                      1.2621818
             14       6.8697341       2.4211864      -32.535156       21.431029      0.30137207      0.17456358       2.0724574     -0.86675218       6.7763305        6.7763305      0.18680727                                     0.18680727
             37       7.0872201      0.65359876      -32.468495        32.79426       0.4161218      0.58348987      0.12267105     -0.11586307       6.7763305        6.7763305      0.62177919                                     0.62177919
              5       7.1613877      0.94525285      -32.637346       29.149548      0.25950921      0.28307066      0.22657316     -0.66577781       6.7763305        6.7763305      0.77011443                                     0.77011443
              9       7.8092601      0.60371909      -32.657847       37.009857      0.20689289      0.27830125     0.087142212     -0.66621557       6.7763305        6.7763305       2.0658592                                      2.0658592
              4       7.3721248      0.32952212      -32.059659       37.273777      0.44461032       1.0879614     0.016716947      0.38623512       6.7763305        6.7763305       1.1915886                                      1.1915886
             24       6.7883864      0.25105476      -32.104065       37.133207      0.35659631       1.1496558    0.0097273364     -0.44444852       6.7763305        6.7763305     0.024111838                                    0.024111838
             10       7.4131208      0.88394409      -30.604733       8.0452909      0.23591815      0.99704947      0.10042818      0.32971228       6.7763305        6.7763305       1.2735807                                      1.2735807
             14       7.3731621      0.89702886      -30.601852       8.0585113      0.23930039      0.99495647      0.10481869     -0.96052925       6.7763305        6.7763305       1.1936634                                      1.1936634
             20       6.8365247      0.65454412      -30.727926       14.128548      0.30938477       1.0055053     0.052651129     -0.38908971       6.7763305        6.7763305      0.12038853                                     0.12038853
             14        6.806515      0.72399053      -30.788729       13.290323      0.31890407      0.99612431     0.065093852      0.48607175       6.7763305        6.7763305     0.060369167                                    0.060369167
              6       6.8587003      0.75053781      -30.797788       15.105361      0.38015284       1.0078049     0.070885202     -0.97559058       6.7763305        6.7763305      0.16473965                                     0.16473965
             28       6.7915916      0.71365099      -30.736358       15.197087       0.3584224      0.99327803     0.064121246     -0.94130416       6.7763305        6.7763305     0.030522327                                    0.030522327
              2       7.0570892      0.76712356      -31.628543       16.415548       0.4124384      0.98437437     0.078450109      0.83711836       6.7763305        6.7763305       0.5615175                                      0.5615175
             27       6.9957601       1.8363046      -31.824384       6.7014828      0.40427167      0.98736923      0.64624451      0.96995877       6.7763305        6.7763305      0.43885934                                     0.43885934
              2       6.8452644       2.0725512       -31.52243       5.5264366      0.37690273      0.98901009      0.89015212      0.91550963       6.7763305        6.7763305      0.13786786                                     0.13786786
              2       6.7889833        1.578627      -31.451574       6.0292423      0.32704671       1.0327363       0.3818523     -0.40486302       6.7763305        6.7763305     0.025305667                                    0.025305667
              5       6.9683306       1.0655325        -31.5972       10.890583      0.40024969        1.036657      0.14156383     -0.10711629       6.7763305        6.7763305      0.38400028                                     0.38400028
              1       7.0714152      0.58873946      -30.463555       21.204523      0.41421314       0.9972272      0.04237407     -0.18834936       6.7763305        6.7763305      0.59016947                                     0.59016947
             16       6.8808664      0.57198152      -30.175404       20.263297      0.38498091      0.99831819      0.04004671     -0.59306733       6.7763305        6.7763305      0.20907186                                     0.20907186
             14       6.7869288      0.46906758      -30.279999       22.835302      0.35568554      0.99803538      0.02656349     -0.38631171       6.7763305        6.7763305       0.0211967                                      0.0211967
             14       7.6268332      0.71682266      -30.255815       19.521346      0.46459724      0.99787711     0.064643073     -0.73695686       6.7763305        6.7763305       1.7010055                                      1.7010055
             12       7.5495293       1.5690858      -31.905778       4.8733913      0.22510702      0.88477527      0.40740021     -0.98507626       6.7763305        6.7763305       1.5463976                                      1.5463976
             12       7.8944125       1.4672868      -31.661033       4.4062809      0.20143419      0.93641401      0.33313004     -0.99945389       6.7763305        6.7763305       2.2361642                                      2.2361642
              1       8.1353471        1.269956      -31.532897       4.4765547      0.18702729       0.9887678       0.2240678      0.87454848       6.7763305        6.7763305       2.7180333                                      2.7180333
              5       6.7763356      0.63435177      -32.221401       14.430026       0.3416984       1.1219347     0.036258372     0.043593339       6.7763305        6.7763305   1.0294451e-05                                  1.0294451e-05
              8       6.7902254      0.96474544      -32.389541       13.808315      0.32632992      0.73625011      0.24049315      0.28412866       6.7763305        6.7763305     0.027789872                                    0.027789872
              6       6.9871336       1.0752788      -32.505302       16.623516      0.28096466      0.47242146      0.36341038     -0.35235564       6.7763305        6.7763305      0.42160626                                     0.42160626
              9       7.1686648      0.76610488      -32.079482       14.780146      0.42526663        1.128798     0.098889317    -0.096689705       6.7763305        6.7763305      0.78466859                                     0.78466859
             14       6.9391129      0.24319821      -30.550761       48.805136       0.3956348       1.0018218    0.0069932958      0.64046081       6.7763305        6.7763305      0.32556493                                     0.32556493
             47        6.793785      0.18379342      -30.739787       53.320159      0.32443707       0.9950181    0.0039591978     -0.12715299       6.7763305        6.7763305      0.03490905                                     0.03490905
              2       7.3680567       1.0375653      -32.161943       10.947366      0.44425941       1.1755294      0.12925954     -0.95134674       6.7763305        6.7763305       1.1834525                                      1.1834525
              2        7.382667       1.4492508      -32.642931        21.36972      0.23848585      0.23144199      0.53097004     -0.75181682       6.7763305        6.7763305       1.2126731                                      1.2126731
             14       7.6188672       1.4028062      -32.643129       19.958914      0.21997824      0.23613863      0.49707031     -0.74397933       6.7763305        6.7763305       1.6850735                                      1.6850735
              6       6.7772098      0.47857317      -32.593797       57.649246       0.3380579      0.36827396     0.061963096     -0.52781377       6.7763305        6.7763305    0.0017587337                                   0.0017587337
             11       7.2345203         2.06423      -32.683378        49.51592      0.43198406      0.12702426      0.89512781     -0.89738726       6.7763305        6.7763305      0.91637965                                     0.91637965
              3       6.7789506      0.24481337      -31.105995       43.493004      0.34880466      0.98457691     0.007091738     -0.98334528       6.7763305        6.7763305    0.0052403147                                   0.0052403147
              1       7.1539944      0.30292269      -31.304732       43.056126      0.42369502      0.97635671     0.010734207      -0.8879457       6.7763305        6.7763305      0.75532787                                     0.75532787
             24       6.8907599       1.5887394      -30.453494        7.308344      0.38696885       1.0016737      0.41212481      0.65589015       6.7763305        6.7763305      0.22885893                                     0.22885893
             11       7.0673401      0.84383796       -31.61163       14.509175      0.41371277       1.0155915     0.086993956      0.80870936       6.7763305        6.7763305      0.58201923                                     0.58201923
              3       7.0363299       1.1614637      -31.238228       7.1363018      0.27421571      0.99434111      0.18424721      0.87418379       6.7763305        6.7763305      0.51999893                                     0.51999893
             17       6.7773461       1.1350866      -31.348939       8.7165874      0.33776336       1.0260274       0.1713742      -0.6414285       6.7763305        6.7763305    0.0020313587                                   0.0020313587
             17       6.9052949       1.2829961      -31.366827       9.1742659       0.3897395      0.99517545      0.24150993      0.95291228       6.7763305        6.7763305      0.25792887                                     0.25792887
              5       6.8902629       1.3083412      -31.364163       8.8847066      0.38687109       1.0002857      0.24921579       0.9998314       6.7763305        6.7763305      0.22786491                                     0.22786491
             17       7.6225363       1.3293344      -31.404083       10.714528      0.46428716      0.97971846      0.24629708      0.26214994       6.7763305        6.7763305       1.6924117                                      1.6924117
              3       7.8855103      0.82922366      -32.559731       18.270398      0.20199491      0.40072149      0.19973803     -0.47868479       6.7763305        6.7763305       2.2183597                                      2.2183597
              4       8.3933162      0.15793008      -30.884992       32.628793      0.17295748       1.0087775    0.0029250772     -0.79405606       6.7763305        6.7763305       3.2339715                                      3.2339715
              5       7.8127206        0.794673      -30.850327       17.909137      0.47733324       1.0080463     0.081345547      -0.6101999       6.7763305        6.7763305       2.0727803                                      2.0727803
             12       6.9663348      0.46464545      -31.370734        18.48143      0.28405384      0.99418068     0.026681275      0.92011834       6.7763305        6.7763305      0.38000877                                     0.38000877
              2       6.8838218      0.94133279      -30.032474       12.310262      0.38558424       1.0000707       0.1162573      0.98288869       6.7763305        6.7763305       0.2149826                                      0.2149826
              3        8.932479      0.66118022       -30.07103       24.456615      0.53720107      0.99848735     0.054335905     -0.99136072       6.7763305        6.7763305        4.312297                                       4.312297
              6       8.7153644      0.62345269      -30.060486       25.427074      0.52711242       0.9993676     0.048139593      0.67169266       6.7763305        6.7763305       3.8780678                                      3.8780678
             12       7.5209951       0.4307204      -30.036169       31.830674       0.4567158       1.0012134     0.022364005       -0.838939       6.7763305        6.7763305       1.4893293                                      1.4893293
             35       7.1231572      0.42375239       -30.08717       29.807993      0.42028871       1.0000569     0.021666915      0.98984991       6.7763305        6.7763305      0.69365341                                     0.69365341
             13       7.0480183      0.56497168      -30.057262       21.901697      0.41129118      0.99900317     0.039040813      0.10589169       6.7763305        6.7763305       0.5433757                                      0.5433757
              6       7.0870988        0.306206      -31.782467        38.05715      0.41610734       1.0731917      0.01101379     -0.99625645       6.7763305        6.7763305      0.62153661                                     0.62153661
             29       6.7857286      0.30839945      -31.539148       32.326002      0.32911268       0.9922039     0.011054966      0.92981003       6.7763305        6.7763305     0.018796171                                    0.018796171
              7       6.8423056      0.28955804      -31.118845       39.005528      0.37614545       1.0009582     0.010034739      0.99285962       6.7763305        6.7763305      0.13195021                                     0.13195021
              4        8.829711      0.29814251       -31.35686       52.707958      0.53249236       1.0184394     0.010109857     0.070955333       6.7763305        6.7763305       4.1067611                                      4.1067611
             24       8.1084802      0.58511771      -32.362853       30.686498      0.49543321      0.82930914     0.069829356      0.56852436       6.7763305        6.7763305       2.6642995                                      2.6642995
              1       6.8030613        0.416553      -30.270955       26.299656      0.36373449      0.99789776     0.020978049     -0.65313219       6.7763305        6.7763305     0.053461751                                    0.053461751
              1        6.829178      0.31509983      -30.310141       29.725186      0.31143988      0.99936324     0.011889402      0.87681366       6.7763305        6.7763305      0.10569499                                     0.10569499
              1       6.7772875       0.3384586      -30.323271       29.971133      0.33788755       1.0011183      0.01376225      0.61087317       6.7763305        6.7763305    0.0019140165                                   0.0019140165
             11       6.7785226      0.74720882      -30.528614       13.541533      0.33577596      0.99738237     0.069932036      0.23277852       6.7763305        6.7763305    0.0043841845                                   0.0043841845
              3       7.0184654      0.74219754      -32.497262       21.586965      0.27658586      0.51884877       0.1635314     -0.25605859       6.7763305        6.7763305      0.48426993                                     0.48426993
              8       6.7854707      0.89704151      -32.615444       37.831212      0.35470928      0.31414609      0.21397751     -0.61898536       6.7763305        6.7763305     0.018280421                                    0.018280421
              9       6.7765748      0.84643967       -32.61938       38.619929      0.33992191      0.31253135      0.18844814     -0.62035467       6.7763305        6.7763305     0.000488733                                    0.000488733
              4       7.8218972       1.1009392      -32.839404       50.751494      0.20606893      0.11084657      0.15776162      -0.8873932       6.7763305        6.7763305       2.0911334                                      2.0911334
             20       7.9988998       1.4066956      -32.875938       50.647518      0.19501277     0.082267189      0.21424739     -0.92316827       6.7763305        6.7763305       2.4451386                                      2.4451386
             14       8.8489601       1.2794679      -32.940314       54.266829      0.15061685     0.065197601      0.13841843      -0.9383216       6.7763305        6.7763305       4.1452592                                      4.1452592
             19       6.8984124       1.8626923      -32.702516       45.566983      0.38844816      0.13755094      0.69737832     -0.87890893       6.7763305        6.7763305       0.2441638                                      0.2441638
              5       10.199028       2.1160974      -32.602695       46.941062      0.58793883      0.17789571       1.2674743      -0.8463647       6.7763305        6.7763305       6.8453949                                      6.8453949
              2       11.983029       2.4229719      -33.133765       48.567685     0.038663924     0.009874885      0.15115036     -0.99518027       6.7763305        6.7763305       10.413397                                      10.413397
              2       12.061281        2.970956      -32.812988       38.857377     0.036392979     0.009474795      0.75374546     -0.99854807       6.7763305        6.7763305       10.569902                                      10.569902
             17        11.13918        2.463169      -33.015605       48.873029     0.064330636     0.016061137      0.26328587     -0.99233282       6.7763305        6.7763305       8.7256989                                      8.7256989
             23       6.9194081       2.0764109      -32.753746       46.945074      0.29171612     0.089945409      0.67929138     -0.93222344       6.7763305        6.7763305      0.28615529                                     0.28615529
              2       7.5835997       1.3575034      -31.767809        9.459171      0.46144062       1.0800496      0.27817485     -0.98605042       6.7763305        6.7763305       1.6145385                                      1.6145385
              9        7.751674       1.6967532      -32.555657       27.771557      0.47328698      0.30187528      0.93252871     -0.66299909       6.7763305        6.7763305       1.9506871                                      1.9506871
              1       8.6712295       2.0660584      -32.754436       25.542905      0.15900641     0.090557339      0.67219504     -0.93136273       6.7763305        6.7763305        3.789798                                       3.789798
             16       7.2702041       2.5109818      -32.722042       49.760121      0.24857765     0.059794193       1.0047632     -0.96847373       6.7763305        6.7763305      0.98774725                                     0.98774725
             40       6.9524021       2.4522048      -32.712568       50.874542      0.28621883     0.068954539       1.0187722     -0.96064478       6.7763305        6.7763305      0.35214332                                     0.35214332
             29       7.6768888       2.3538361      -32.631105       50.476628      0.46815334      0.11842503       1.3594333     -0.91783392       6.7763305        6.7763305       1.8011166                                      1.8011166
             17       6.7979527       2.9995887      -32.376404       40.482802       0.3224524     0.079809621       5.5435543     -0.97572678       6.7763305        6.7763305     0.043244518                                    0.043244518
              1       7.3532899       2.9894424      -32.432918       39.791625      0.24102462     0.060897778       4.2919539     -0.98398919       6.7763305        6.7763305       1.1539189                                      1.1539189
              4       9.8432162        2.308588      -32.424686       21.225936      0.57480465      0.35255663       2.6061035     -0.61239337       6.7763305        6.7763305       6.1337715                                      6.1337715
             11       7.6812846        2.456433       -32.68724       34.023841      0.21553914     0.077510366       1.1391927     -0.95479288       6.7763305        6.7763305       1.8099083                                      1.8099083
              8       7.8489891       2.4792194      -32.688917       33.413558      0.20431913      0.07412987       1.1439393     -0.95796402       6.7763305        6.7763305       2.1453172                                      2.1453172
              4       7.0189241       2.2286649      -32.592147       32.937023      0.40747606      0.16683797       1.4465214     -0.86425783       6.7763305        6.7763305      0.48518718                                     0.48518718
              1       7.5669665       1.9138619      -32.808862       43.721898      0.22379628     0.080383179      0.47576935     -0.93604663       6.7763305        6.7763305        1.581272                                       1.581272
              2       7.3936368      0.48915799      -32.487785       26.383553      0.23755366      0.55322423     0.068412155      -0.1824922       6.7763305        6.7763305       1.2346127                                      1.2346127
              5       7.4362352      0.55682273       -32.52452       26.361472      0.23401002      0.47914808     0.089946181      -0.3333611       6.7763305        6.7763305       1.3198094                                      1.3198094
             10       6.8187993       1.7957341      -32.591631       25.611702      0.36939541      0.24139759      0.95378351     -0.75276397       6.7763305        6.7763305     0.084937599                                    0.084937599
              5       7.0060949        1.793484       -32.66853       27.534017      0.27827875      0.16936937       0.7384035      -0.8414173       6.7763305        6.7763305      0.45952893                                     0.45952893
              5       7.0266378       1.7843026      -32.672304        27.70722      0.27549111      0.16748195      0.72163316     -0.84319803       6.7763305        6.7763305      0.50061476                                     0.50061476
             17       6.8068537      0.43600879      -31.613778       21.656008      0.31877488       1.0146876     0.021848671      0.82132314       6.7763305        6.7763305     0.061046398                                    0.061046398
              2       6.8243462      0.70836747      -30.996812       13.199795       0.3128704       1.0056818      0.06178279      0.57217723       6.7763305        6.7763305     0.096031434                                    0.096031434
             12       7.4241525      0.51859827      -30.784854         26.2182      0.44899678      0.99250155     0.032751361     -0.99798904       6.7763305        6.7763305       1.2956441                                      1.2956441
              4       6.8844535      0.49126595      -30.667284       23.514306      0.38571214       1.0035439     0.029036346      0.22182649       6.7763305        6.7763305      0.21624613                                     0.21624613
              4       8.1870972       0.7564335      -30.235224        19.89566      0.49989576      0.99832569     0.072035441     -0.17781324       6.7763305        6.7763305       2.8215336                                      2.8215336
              1       8.6793384      0.68036003      -30.023543       23.201151      0.52538472       1.0003478     0.057651813      0.80401242       6.7763305        6.7763305        3.806016                                       3.806016
              4       8.4196619      0.66446173      -30.017633       23.164119      0.51241406       1.0005924     0.055031893      0.48525504       6.7763305        6.7763305       3.2866629                                      3.2866629
              3       6.7765757      0.41126551      -30.107778        25.14764      0.34408171      0.99991705     0.020373569       0.9988513       6.7763305        6.7763305   0.00049043845                                  0.00049043845
             27       7.3979699      0.44086072       -31.03184       30.065473      0.44681227       1.0131589     0.023585314     -0.98113524       6.7763305        6.7763305       1.2432789                                      1.2432789
              3       7.4296242      0.73841191      -30.608143       9.5182732      0.23455231       1.0030088     0.069250481      0.30167222       6.7763305        6.7763305       1.3065875                                      1.3065875
              8       6.7775332      0.93157035      -31.411559        11.30125      0.34661032      0.98951238       0.1099064       0.7902096       6.7763305        6.7763305     0.002405502                                    0.002405502
             11       6.8364761      0.96999857      -31.433194       11.291452      0.37460206       1.0279481      0.13180215     -0.21917222       6.7763305        6.7763305      0.12029135                                     0.12029135
              2       6.8242974      0.95474636      -31.428311       11.444042      0.37111481       1.0208519      0.12700654      0.30215034       6.7763305        6.7763305     0.095933937                                    0.095933937
              2        6.876128      0.75448593      -32.483714       28.074534      0.38399549      0.54485925      0.16838508      -0.2015535       6.7763305        6.7763305      0.19959497                                     0.19959497
              6        6.776828        1.326149      -32.661764       34.207762      0.33903493      0.22462048      0.42029694     -0.75660293       6.7763305        6.7763305   0.00099498138                                  0.00099498138
              6       10.788407      0.34177798      -32.814888       45.464092     0.075726797      0.14647344     0.017346044     -0.83661072       6.7763305        6.7763305       8.0241533                                      8.0241533
              3       7.9701685       1.1244111      -32.601969       41.611205      0.48724981      0.31299554      0.35082546     -0.62626207       6.7763305        6.7763305       2.3876761                                      2.3876761
             13       6.7763784       1.0684184      -32.679457       42.301464       0.3429205      0.22804398      0.25907191     -0.74472158       6.7763305        6.7763305   9.5894483e-05                                  9.5894483e-05
              3       7.0474739      0.88084239      -32.611633        43.79644      0.41122172      0.32037671       0.2077762     -0.60922236       6.7763305        6.7763305      0.54228681                                     0.54228681
              5       6.8007992      0.52389511      -32.562383       44.377443      0.32120548      0.41523909     0.077480283       -0.449583       6.7763305        6.7763305     0.048937543                                    0.048937543
             21         7.69653      0.57120436      -32.664673        41.52541      0.21447837      0.27176904     0.076670959     -0.67504542       6.7763305        6.7763305        1.840399                                       1.840399
             35       6.9129103      0.52942206      -32.490449       40.678944       0.3911288      0.54584582     0.080641372     -0.19843579       6.7763305        6.7763305      0.27315967                                     0.27315967
              2       7.3094601      0.49912737      -32.426465       38.623619      0.43906424      0.68451919     0.064435242      0.13389239       6.7763305        6.7763305       1.0662592                                      1.0662592
              2       7.4492938       1.5734772      -32.695399       50.240389      0.45105323      0.17148899      0.52557998     -0.83076242       6.7763305        6.7763305       1.3459267                                      1.3459267
              9       7.3740327         2.53681      -32.422819       19.905275      0.44477448      0.26473152       3.3561766     -0.76343262       6.7763305        6.7763305       1.1954044                                      1.1954044
              4       7.1926187      0.26210492       -32.36606       35.239084      0.25622911      0.83377831     0.013472366      0.58038861       6.7763305        6.7763305      0.83257639                                     0.83257639
              4       7.7038668      0.58250337      -32.369386       29.799589      0.47002899      0.81383776     0.071567126      0.51847047       6.7763305        6.7763305       1.8550727                                      1.8550727
              3       8.4448575      0.62601477      -32.352488       28.951798      0.51371549      0.85189183      0.07622449      0.64264583       6.7763305        6.7763305       3.3370541                                      3.3370541
              2       8.5990616      0.75540623      -32.742279       34.320014      0.16252492      0.18841429       0.1072205     -0.78937513       6.7763305        6.7763305       3.6454623                                      3.6454623
              9       9.0796896      0.48225789      -32.017969        8.643272      0.14024529       1.0112363     0.029378314      0.98520903       6.7763305        6.7763305       4.6067183                                      4.6067183
              2       7.6987274      0.73081142      -32.390488       11.687748       0.2143262      0.75415569      0.12869936      0.33416999       6.7763305        6.7763305       1.8447939                                      1.8447939
              2       9.6244351      0.59826533      -32.509092       11.689882      0.11765271      0.50561494      0.10444355     -0.28185505       6.7763305        6.7763305       5.6962092                                      5.6962092
             11       7.2856367       1.3003005      -31.722569        5.576543      0.24712925       1.0243238      0.26473999      0.78207296       6.7763305        6.7763305       1.0186124                                      1.0186124
             20       7.2533912       1.2977409      -31.723435       5.6475014       0.2501816       1.0259659       0.2646089      0.75349691       6.7763305        6.7763305      0.95412153                                     0.95412153
              1       7.9628712       1.2435325      -31.895977       5.3130813       0.1971948      0.89704405      0.24949238     -0.70280754       6.7763305        6.7763305       2.3730814                                      2.3730814
              7       7.0601917      0.76510932      -31.062022       10.741749      0.27117348      0.99167783     0.072373911      0.32330805       6.7763305        6.7763305       0.5677225                                      0.5677225
              1        9.803569       1.7476478      -32.983783       46.844237      0.11070504     0.040642386      0.19468678      -0.9673813       6.7763305        6.7763305       6.0544771                                      6.0544771
              4       10.084489       1.7232164      -33.006766       46.985345      0.10021129     0.037199431      0.17214549     -0.97000023       6.7763305        6.7763305       6.6163176                                      6.6163176
             10        10.64229       2.2933438      -33.002187       48.245586     0.080620495     0.021899823      0.25987481     -0.98752235       6.7763305        6.7763305       7.7319201                                      7.7319201
             11       8.4413032       2.1472898      -32.852712       45.489406       0.1704675     0.052452063      0.46675618     -0.96453858       6.7763305        6.7763305       3.3299456                                      3.3299456
             10       7.5397487        1.496519      -32.692915       25.106003      0.22584869      0.18066735       0.4818142     -0.81727462       6.7763305        6.7763305       1.5268364                                      1.5268364
              7       7.0796333       1.1315563      -32.488458       14.333338       0.2687882      0.49809089       0.4086979     -0.30236193       6.7763305        6.7763305      0.60660565                                     0.60660565
             13       6.7840923      0.30703003      -30.746616       32.143496      0.33028815       1.0058678      0.01137801     -0.47411765       6.7763305        6.7763305     0.015523709                                    0.015523709
              8       6.8736791      0.27700968      -30.722518       32.494114      0.30052295       1.0034597    0.0092403929      0.42566564       6.7763305        6.7763305       0.1946973                                      0.1946973
             21       6.7898917      0.73738772      -30.222191        13.30944      0.32651922      0.99994238     0.068462475      0.99951501       6.7763305        6.7763305     0.027122513                                    0.027122513
              4       6.8404856      0.69476379       -30.34092       13.323096      0.30832881       1.0011374     0.060560258      0.64618749       6.7763305        6.7763305      0.12831018                                     0.12831018
              2       6.8095662      0.74002919      -30.387574       12.917056      0.31776486      0.99911479      0.06879451      0.83614389       6.7763305        6.7763305     0.066471475                                    0.066471475
             21       6.7989217      0.91000231       -30.25329        11.93453       0.3619808       1.0017506       0.1075171     -0.20995094       6.7763305        6.7763305     0.045182477                                    0.045182477
             28       6.7763305      0.62862624      -30.002911       16.365115      0.34200278      0.99917137     0.048992329      0.26510685       6.7763305        6.7763305   8.7207037e-10                                  8.7207037e-10
              1        10.51466      0.52651094      -31.143964       4.8313905     0.084971289       1.0039557     0.033367912      0.89229173       6.7763305        6.7763305       7.4766589                                      7.4766589
              3       7.2223467      0.92100199      -31.724002        13.81172      0.43078062       1.0178171      0.11753322      0.86872753       6.7763305        6.7763305      0.89203237                                     0.89203237
              6       7.6160025       1.1460412      -31.843869       12.406665      0.46381414      0.98041648      0.19398192      0.91433221       6.7763305        6.7763305       1.6793442                                      1.6793442
             18       6.8024932       1.0561367      -31.908826       11.573311      0.36350226      0.89382249      0.16215385     -0.89506951       6.7763305        6.7763305     0.052325396                                    0.052325396
             24       7.0368505       1.0825172      -32.498848       15.732975      0.27414788      0.48379475       0.3695818     -0.33024284       6.7763305        6.7763305      0.52104007                                     0.52104007
             26        6.788408      0.70172396      -32.549169       35.753816      0.35660938       0.4271948      0.14281422     -0.43065564       6.7763305        6.7763305     0.024155032                                    0.024155032
              1       7.3436684       0.1723692      -30.509111       42.126644       0.2418701       1.0011233    0.0035081765      0.83312028       6.7763305        6.7763305       1.1346759                                      1.1346759
             10       7.5556467      0.29860846      -30.675061       46.493872      0.45935449      0.99442502     0.010589774     -0.87634006       6.7763305        6.7763305       1.5586324                                      1.5586324
              7       7.2509953      0.16293455      -30.561086       46.048502      0.25041246       1.0031114    0.0031704841     0.012829225       6.7763305        6.7763305      0.94932974                                     0.94932974
             11       9.7513036       1.9866752      -32.812465       22.973649      0.11271039     0.074221375       0.4964509     -0.94330183       6.7763305        6.7763305       5.9499463                                      5.9499463
              9       6.8645779       1.6451506      -32.629337       24.835799       0.3025094      0.22252405       0.7129125     -0.77088649       6.7763305        6.7763305      0.17649478                                     0.17649478
             22       7.2915761       2.6667273       -32.54391       25.688112      0.24657767      0.10818446        2.330352     -0.94135972       6.7763305        6.7763305       1.0304913                                      1.0304913
              1       11.267492       2.8649271       -32.73091       26.861255     0.060277086     0.023541508       1.0808356     -0.99395195       6.7763305        6.7763305       8.9823223                                      8.9823223
              2       12.432714       2.6940361      -33.027269       29.987755     0.025836114    0.0096117335      0.26839831     -0.99676706       6.7763305        6.7763305       11.312766                                      11.312766
             20       10.673609       3.0889276      -32.348674       22.362082     0.079563899     0.034619277       6.4277497     -0.99544233       6.7763305        6.7763305       7.7945571                                      7.7945571
              8       10.288502       3.0859963      -32.330373       21.925412     0.092867321     0.041251683       6.9848814     -0.99374986       6.7763305        6.7763305       7.0243427                                      7.0243427
              4       6.8102691       3.0372157      -32.168507       13.844598      0.36649006      0.26195587        13.37199     -0.79441106       6.7763305        6.7763305     0.067877215                                    0.067877215
              7       6.7847448       2.5372329      -31.323462       4.0256791      0.35419417       1.0422306       2.1050947     -0.97478196       6.7763305        6.7763305     0.016828618                                    0.016828618
             46       6.8451087       2.1965753      -31.449589       5.0301688      0.37686329       1.0251256         1.06779      0.42176228       6.7763305        6.7763305      0.13755648                                     0.13755648
             19       6.7819615       2.1458165      -31.287437       5.0906826      0.35197551      0.96842447       1.0555063     -0.86010534       6.7763305        6.7763305     0.011261985                                    0.011261985
              5       7.4236213       2.9215059       -32.23845       7.7366348       0.2350471      0.31254887        8.918486     -0.71171338       6.7763305        6.7763305       1.2945816                                      1.2945816
              4       10.346447       1.3166463      -30.501086       13.578771      0.59317943      0.99719115      0.25155399      0.13381763       6.7763305        6.7763305       7.1402339                                      7.1402339
             19       7.1481202       2.6672191      -30.960098        4.863928      0.42305719      0.98011074       2.7221856     -0.99657796       6.7763305        6.7763305      0.74357947                                     0.74357947
              1       8.0826863       1.2757217      -32.397475        17.15323      0.49394052      0.67841384      0.48853936      0.12439104       6.7763305        6.7763305       2.6127117                                      2.6127117
              9       7.6993848       1.4717247      -32.489637       9.7964577      0.21428071      0.44669321      0.75028006     -0.40963858       6.7763305        6.7763305       1.8461087                                      1.8461087
              4       8.9509487       1.6965123       -32.30027       11.132034      0.53803534       0.8562512      0.74923518       0.6814598       6.7763305        6.7763305       4.3492365                                      4.3492365
             15       6.7942971       2.3078155      -30.597923       4.2451614      0.32418131      0.99452246       1.3739024     -0.19033981       6.7763305        6.7763305     0.035933189                                    0.035933189
             14       10.332201       1.8937473      -30.670864       9.4661009      0.59267776      0.99368189      0.68688454     -0.52445747       6.7763305        6.7763305       7.1117407                                      7.1117407
              1       7.3375755       1.7264554      -30.734168       7.7451761      0.44159078      0.99255653      0.52107141     -0.73221976       6.7763305        6.7763305       1.1224902                                      1.1224902
             16        6.973377      0.24657701      -30.896577       49.287177      0.40101022      0.99172402    0.0073427657     -0.46742301       6.7763305        6.7763305      0.39409306                                     0.39409306
             11       6.7849851      0.23461281      -30.844091       45.511156       0.3543671      0.99748345    0.0064879161      0.82313405       6.7763305        6.7763305     0.017309318                                    0.017309318
              3       7.2726029      0.29134813       -31.01326       45.474067      0.43564895      0.98828575     0.009981358     -0.76459666       6.7763305        6.7763305      0.99254478                                     0.99254478
              2       7.2949939      0.31348413      -31.114761       42.237548      0.43773829      0.99362426     0.011501024      0.67090045       6.7763305        6.7763305       1.0373269                                      1.0373269
              9       7.2414607      0.45411915      -30.297371       16.633099      0.25133699       1.0000813     0.024960428      0.99661285       6.7763305        6.7763305      0.93026055                                     0.93026055
              2       7.5304121      0.44239652      -30.327648       15.410582      0.22656114       0.9987955     0.023739237       0.5862657       6.7763305        6.7763305       1.5081632                                      1.5081632
              8       7.1708951      0.49823693      -30.355015        15.61812      0.25849703       0.9984189      0.03032121      0.37011997       6.7763305        6.7763305      0.78912919                                     0.78912919
              5       6.8793743      0.53494793      -30.427896       16.872901      0.29932694      0.99670455     0.034912392      -0.9821917       6.7763305        6.7763305      0.20608764                                     0.20608764
              5       7.4023957      0.65743659      -30.522436       20.415245      0.44718472       1.0013834     0.053464329      0.77361793       6.7763305        6.7763305       1.2521304                                      1.2521304
              5       7.3925526      0.66844063      -30.416449        20.13414      0.44635457       0.9967953     0.055730688     -0.93208842       6.7763305        6.7763305       1.2324442                                      1.2324442
              7       7.0396575      0.47655293      -30.261282       17.247691      0.27378333       1.0011215     0.027449995      0.47776046       6.7763305        6.7763305      0.52665397                                     0.52665397
             12       6.7866631      0.54931594      -30.348356       18.007275      0.32848708      0.99809066     0.036744143     0.047252859       6.7763305        6.7763305     0.020665344                                    0.020665344
              1       6.8002855      0.37316735      -31.685354       27.245254      0.32142492      0.95018234      0.01533087     -0.54326549       6.7763305        6.7763305     0.047910141                                    0.047910141
              2       6.8883745      0.27102365      -31.790482       40.039651      0.38649767       1.0704621    0.0081879274     -0.87900935       6.7763305        6.7763305      0.22408814                                     0.22408814
             29       6.8291918      0.27267858      -31.583061       39.237447      0.37256413        1.046577    0.0088439273     -0.99998698       6.7763305        6.7763305       0.1057227                                      0.1057227
             29       7.3089736       3.0005922      -32.285389       30.465238      0.43901995      0.14434263       8.2246134     -0.93210384       6.7763305        6.7763305       1.0652863                                      1.0652863
              6       6.9850272       3.0493384      -32.234869       29.162771      0.40272964      0.13611346       10.522542     -0.94136117       6.7763305        6.7763305      0.41739348                                     0.41739348
             45       6.7800179       2.8278692      -32.160676       5.2169489      0.35007239      0.71318773        6.911019      0.30907031       6.7763305        6.7763305    0.0073747762                                   0.0073747762
             27       6.8502816      0.85873547      -31.980666       11.278856      0.30584943      0.94908499     0.081412862      0.58745721       6.7763305        6.7763305      0.14790219                                     0.14790219
              5       7.7963084      0.82155696      -31.880603       8.2224922       0.2077426      0.92428588      0.10285617    -0.047626646       6.7763305        6.7763305       2.0399558                                      2.0399558
              1       6.9456714      0.85616545      -32.069908       9.0261012      0.28729541       1.1173589      0.12530979     0.062148339       6.7763305        6.7763305      0.33868181                                     0.33868181
              1       6.8224908       1.7800769      -32.643744       32.636871      0.37056125      0.19170552      0.79359565     -0.81477056       6.7763305        6.7763305       0.0923206                                      0.0923206
              8       6.8453763      0.90622991      -32.709994       48.692309      0.30706895      0.20915057      0.17031272     -0.76568786       6.7763305        6.7763305      0.13809166                                     0.13809166
             21       6.7864961       1.0113345      -32.701773       50.173276      0.35540322      0.21051156      0.21719216     -0.76624002       6.7763305        6.7763305     0.020331169                                    0.020331169
              9       6.8383121      0.99951671      -32.687447       50.162274       0.3750959       0.2248521       0.2215231     -0.74725285       6.7763305        6.7763305      0.12396318                                     0.12396318
             19        6.949804       1.3035163      -32.711833       36.421352      0.28663192      0.18145709       0.3462965     -0.81031966       6.7763305        6.7763305      0.34694701                                     0.34694701
              8       7.4950009       1.3578377      -32.768871       37.025636       0.2293042      0.13708297      0.30577784     -0.86368126       6.7763305        6.7763305       1.4373408                                      1.4373408
              2       6.7818848      0.57061474      -31.239718       18.641203       0.3519074      0.99433652     0.039196353      0.85799978       6.7763305        6.7763305     0.011108722                                    0.011108722
              3       6.8007976       0.3378236      -31.457868       27.770676      0.32120619       1.0290332     0.012934186     -0.45159565       6.7763305        6.7763305      0.04893419                                     0.04893419
              2       6.8558327      0.77248443      -31.242535       14.759514      0.37948285       1.0003506     0.075716902      0.99948957       6.7763305        6.7763305      0.15900453                                     0.15900453
              1       6.8387309      0.65561527      -30.715989       14.244194      0.30879246      0.99380608     0.053075643     -0.84561019       6.7763305        6.7763305      0.12480087                                     0.12480087
              4       6.9606677       1.0127727      -30.117518       11.860823      0.39907545      0.99850462       0.1366274     -0.49323647       6.7763305        6.7763305      0.36867438                                     0.36867438
              3       7.8289868       1.0775791      -30.224584       13.320773      0.47839114       1.0016741       0.1571305      -0.2152771       6.7763305        6.7763305       2.1053126                                      2.1053126
              2       6.7766621      0.64648732        -30.2364       15.782619      0.33957917       1.0002853     0.051901527      0.95830869       6.7763305        6.7763305   0.00066324171                                  0.00066324171
             10       6.7846631      0.66872234      -30.210065       14.797026      0.32986514       1.0019316     0.055759865     -0.87962346       6.7763305        6.7763305     0.016665317                                    0.016665317
              7       6.9796865      0.71428351      -30.270092       16.931774      0.40194754      0.99889123     0.064202762      0.56366411       6.7763305        6.7763305      0.40671201                                     0.40671201
              7         7.67315       1.2484286      -31.843679       11.527305       0.4678912      0.97718166       0.2396793      0.88820261       6.7763305        6.7763305        1.793639                                       1.793639
              9       9.5782539       1.2308819      -32.174573       11.827619      0.56452099       1.1654356      0.17341615     -0.71438661       6.7763305        6.7763305       5.6038468                                      5.6038468
             15       9.9893662      0.45676542      -32.049552       6.3674159      0.10371285       1.0717612     0.031436142      0.56273302       6.7763305        6.7763305       6.4260715                                      6.4260715
             16       9.4381712       0.9347112      -31.973338       4.2861683      0.12511282      0.93859242     0.096280139       0.3782423       6.7763305        6.7763305       5.3236816                                      5.3236816
             13       6.8427552       1.4748964      -32.763961       57.936225       0.3762616      0.13234273      0.36310865     -0.87203957       6.7763305        6.7763305      0.13284941                                     0.13284941
             13       7.2901363         1.23287      -32.832508       55.372208      0.24671109      0.10861791      0.20042935     -0.89226664       6.7763305        6.7763305       1.0276117                                      1.0276117
             13       10.062705      0.59343185      -30.836763       29.768369      0.58299131      0.99187764     0.043723495     -0.81073095       6.7763305        6.7763305       6.5727493                                      6.5727493
              4       6.8355196       1.0529079      -30.878648       10.611242      0.37434177       1.0070095      0.15204399   -0.0073545957       6.7763305        6.7763305      0.11837827                                     0.11837827
              4        6.790341      0.23948528      -30.513143       41.109384      0.32626489      0.99603006    0.0068176434     -0.99891669       6.7763305        6.7763305     0.028021026                                    0.028021026
             13       6.7879666      0.31105677      -30.261884       34.427558      0.35633996       1.0000934     0.011553553      0.99458133       6.7763305        6.7763305     0.023272347                                    0.023272347
             10       7.0081318      0.83526786      -30.270537       14.635941      0.40600307      0.99817067     0.089851893     -0.17610687       6.7763305        6.7763305      0.46360264                                     0.46360264
              8        6.868029      0.84361006      -30.114768       10.734602      0.30174461       1.0014602     0.091255733     -0.66327848       6.7763305        6.7763305      0.18339709                                     0.18339709
              1       6.9299978      0.30181338      -31.421393       28.734445       0.2898885       1.0046426     0.011052857      0.95898793       6.7763305        6.7763305       0.3073346                                      0.3073346
              8       6.7765886       0.3255038      -31.432684       31.046586      0.34413588       1.0234861     0.013449589     0.047615493       6.7763305        6.7763305   0.00051629658                                  0.00051629658
              2       6.7850415      0.38757106      -31.336956       26.860717      0.35440733       1.0231885     0.018830838     -0.46091289       6.7763305        6.7763305     0.017422127                                    0.017422127
              4       6.7769759      0.52280747      -32.500602       37.000017      0.33862268      0.52613143     0.078958013     -0.23974131       6.7763305        6.7763305    0.0012908878                                   0.0012908878
              2       7.5665647      0.44275815      -32.358796       36.948877      0.46017368      0.84542655     0.037914531      0.61964443       6.7763305        6.7763305       1.5804684                                      1.5804684
              1        8.682387      0.69428187      -32.317806       24.453649      0.52553155      0.93033894     0.076322344      0.88601251       6.7763305        6.7763305        3.812113                                       3.812113
              2       8.6943147      0.69363485      -32.316879       24.445506      0.52610491      0.93253326     0.075658821      0.89188196       6.7763305        6.7763305       3.8359686                                      3.8359686
              1       8.6482421      0.71118927       -32.31991       23.947915      0.52388024      0.92448745     0.081757592      0.87007004       6.7763305        6.7763305       3.7438232                                      3.7438232
             26         8.31875      0.84282177      -32.408451       25.733219      0.50709887      0.70272385      0.18806468      0.18630394       6.7763305        6.7763305       3.0848391                                      3.0848391
              5       13.352355     0.022041877      -32.976056       20.648136    0.0011019202     0.072768364   3.9016584e-05     -0.92154828       6.7763305        6.7763305       13.152049                                      13.152049
              3       13.348113      0.48896522      -33.766481       39.671265     0.001211874    0.0018776964   0.00055063429     -0.99808802       6.7763305        6.7763305       13.143566                                      13.143566
              7       13.394182       1.6668896      -34.831962       40.660126   1.9479773e-05   8.6383387e-06   3.8195728e-05     -0.99999321       6.7763305        6.7763305       13.235704                                      13.235704
              1       13.014085      0.61415577      -33.395329       48.335335    0.0099855437     0.010109981    0.0046881902     -0.98977759       6.7763305        6.7763305       12.475509                                      12.475509
              4       11.113613       1.1337638      -33.061098        43.20968     0.065145427     0.039967062      0.06631336     -0.96185151       6.7763305        6.7763305       8.6745648                                      8.6745648
              6       7.4616254       1.7011505      -32.856911       54.304611      0.23195213     0.075464178      0.32167058     -0.93557299       6.7763305        6.7763305       1.3705899                                      1.3705899
             45       7.1398287       1.8050251       -32.84167       57.983457      0.26185176     0.075195188      0.37775095      -0.9380919       6.7763305        6.7763305      0.72699646                                     0.72699646
              4       7.1403251       1.0704862      -31.909864       8.2289144      0.26179705      0.89322944      0.16599161     -0.91395996       6.7763305        6.7763305      0.72798924                                     0.72798924
              3        7.284074        1.492669      -31.640472       5.2425769      0.24727491      0.94971572      0.38261411     -0.23890048       6.7763305        6.7763305        1.015487                                       1.015487
              2       7.5770231       1.7195334      -32.415281       14.612251       0.4609531      0.55137988       1.1262068     -0.19373197       6.7763305        6.7763305       1.6013852                                      1.6013852
              4       6.8102539       1.2184557      -32.449993       15.970905      0.36648459       0.5660286      0.47768128     -0.15725305       6.7763305        6.7763305     0.067846889                                    0.067846889
             22       6.8007426       1.2175548      -32.452756       15.985463      0.36277046      0.56019614      0.47794272     -0.17046242       6.7763305        6.7763305     0.048824363                                    0.048824363
              3       6.7876506       1.3403295      -32.538969       20.971567       0.3561439      0.38080702      0.57301062     -0.52425211       6.7763305        6.7763305     0.022640329                                    0.022640329
              9       8.1900052       3.0735334      -32.401091       55.684406      0.18394159     0.032302067       5.0455916      -0.9956147       6.7763305        6.7763305       2.8273496                                      2.8273496
              8       7.4401224      0.70701827      -31.243107       19.120691      0.45030758       1.0011449     0.062867808      0.99452875       6.7763305        6.7763305       1.3275839                                      1.3275839
             14       7.2433096      0.65069037      -31.217169       20.308615      0.43284302      0.98445901     0.054474271     -0.10997274       6.7763305        6.7763305      0.93395826                                     0.93395826
              2       7.0214015      0.93583644      -30.416709        8.899884      0.27619047      0.99665831      0.11477027     -0.99857723       6.7763305        6.7763305      0.49014199                                     0.49014199
              5       6.7991792      0.83861109      -30.707061       11.487257      0.32190565       1.0043234     0.089294476     0.086947791       6.7763305        6.7763305     0.045697489                                    0.045697489
             17       7.6101193      0.58826905      -30.655408       11.334412      0.22061336      0.99444028     0.042474323     -0.97658747       6.7763305        6.7763305       1.6675777                                      1.6675777
              3       7.7030794      0.43930232      -30.689238       14.646738      0.21402537      0.99973006     0.023335645      0.99604011       6.7763305        6.7763305       1.8534978                                      1.8534978
             14       7.3720128      0.58876458      -30.392651       12.209475      0.23939933       1.0009357     0.042505645      0.80702527       6.7763305        6.7763305       1.1913646                                      1.1913646
              2       7.3659922      0.57903188      -30.554891       12.507611      0.23991914      0.99565747     0.041321435     -0.90529649       6.7763305        6.7763305       1.1793235                                      1.1793235
              3       7.1232356      0.62510756      -30.493692       12.631317      0.26370244       1.0037665     0.048183444     -0.91140215       6.7763305        6.7763305      0.69381027                                     0.69381027
              8       7.3741522       3.1075685      -31.170091       4.6050123      0.44478475       0.9341579       15.438543     -0.98471577       6.7763305        6.7763305       1.1956434                                      1.1956434
              7        8.930816       3.1092194      -31.184646        5.226478      0.53712577      0.99343031       15.598842      0.98162844       6.7763305        6.7763305        4.308971                                       4.308971
              1       7.8454724          1.1391      -32.493306       25.936384        0.479455      0.48775134      0.41460544     -0.32322964       6.7763305        6.7763305       2.1382839                                      2.1382839
              8       7.0138286       1.1744699      -32.579964       30.764871      0.40678477      0.33836825      0.40193491      -0.5886241       6.7763305        6.7763305       0.4749962                                      0.4749962
              1       7.0299587       1.0427023      -32.668453       32.883474      0.27505137      0.24110027      0.25465806     -0.72662522       6.7763305        6.7763305      0.50725651                                     0.50725651
             18       7.0723501       0.2836342      -31.325723       43.622134      0.41432744       1.0064683    0.0098071912      0.87689326       6.7763305        6.7763305      0.59203926                                     0.59203926
             21       7.0412813      0.19152427      -31.145332       42.847564      0.27357331       1.0019492    0.0043215605      0.97344398       6.7763305        6.7763305      0.52990171                                     0.52990171
              3        8.056357      0.16541917      -30.534542       34.676378      0.19159844       1.0039089    0.0032276353     -0.78198549       6.7763305        6.7763305       2.5600532                                      2.5600532
             16       6.7799264       0.4804442      -32.494527       40.530557      0.34997168      0.54016854     0.066210696      -0.2102874       6.7763305        6.7763305    0.0071919029                                   0.0071919029
             28       10.068653      0.26287454       -32.69365       46.336069       0.1007907      0.24869935     0.015033303     -0.70416951       6.7763305        6.7763305       6.5846455                                      6.5846455
              6       8.5941935      0.44930172      -32.626995        33.72717      0.16276475      0.32282285     0.051465575     -0.59872662       6.7763305        6.7763305       3.6357262                                      3.6357262
              4       6.8117616      0.36969846      -31.513693       26.810483      0.31697724      0.96116447       0.0160061     -0.94369156       6.7763305        6.7763305     0.070862196                                    0.070862196
              1       7.2647835      0.67162097      -30.316063       19.412671      0.43490824       1.0025591     0.056195853     -0.99693158       6.7763305        6.7763305      0.97690603                                     0.97690603
              3       7.3621011      0.65765223      -30.319601       20.323661      0.44374349      0.99782797     0.053970737     -0.37390782       6.7763305        6.7763305       1.1715412                                      1.1715412
              4       7.3721331      0.12727994      -30.815502       56.727111      0.23938897      0.99649563    0.0018959082      0.60588087       6.7763305        6.7763305       1.1916053                                      1.1916053
              1       10.345656      0.05748189      -30.397375       47.584625     0.090848394      0.99825494   0.00038848508      0.34146785       6.7763305        6.7763305        7.138652                                       7.138652
             15       7.6447302      0.92073267      -32.598986       21.275402      0.21811957      0.33466108      0.23335704     -0.58814396       6.7763305        6.7763305       1.7367995                                      1.7367995
             17       6.8246307      0.49224552      -32.327432       24.710013      0.37121579      0.91726242     0.038805538      0.84790863       6.7763305        6.7763305     0.096600509                                    0.096600509
              1       8.7643692      0.14097889      -32.212492       28.959181      0.15456302       1.1378556    0.0017308097     -0.31845015       6.7763305        6.7763305       3.9760775                                      3.9760775
             19       7.2507076      0.38139106      -30.068605       19.708703      0.25044023       1.0013766     0.017472651     -0.99836541       6.7763305        6.7763305      0.94875422                                     0.94875422
              2        7.965003      0.43199637      -30.207208       33.944618      0.48693523      0.99802652     0.022501773     -0.94208156       6.7763305        6.7763305       2.3773451                                      2.3773451
              3       7.1775966      0.23660032      -31.567396       31.542004      0.25779088       1.0382091    0.0071849686     -0.34060293       6.7763305        6.7763305      0.80253234                                     0.80253234
              7        6.777514      0.77834216      -30.975899       13.117966       0.3374267      0.99326307     0.075408284      0.34521222       6.7763305        6.7763305    0.0023670336                                   0.0023670336
              1       7.1742302      0.83530856      -30.882834       15.176368      0.42585514       1.0096458     0.089534216     -0.99970314       6.7763305        6.7763305      0.79579953                                     0.79579953
             45       7.2458557       0.5487483       -30.29608       23.767869      0.43309034      0.99801476     0.036692769     -0.30495965       6.7763305        6.7763305      0.93905042                                     0.93905042
              9       6.9168506      0.48962813      -30.229482        24.04044      0.39183243       1.0004917     0.029171805      0.87712224       6.7763305        6.7763305      0.28104019                                     0.28104019
             36       6.8669294      0.45720951      -30.224152       25.061937      0.38201329       1.0020064     0.025274124     -0.95688785       6.7763305        6.7763305      0.18119777                                     0.18119777
              3       6.8795939      0.47472626       -30.33743       18.993557       0.2992815      0.99759026      0.02743161     -0.60039389       6.7763305        6.7763305      0.20652678                                     0.20652678
             16       7.9068354      0.27967393      -30.476437       21.605467      0.20065545      0.99806129    0.0092695591      0.43666486       6.7763305        6.7763305       2.2610098                                      2.2610098
              8        8.095654      0.37678065      -30.240618       15.121144      0.18930722       0.9986558     0.017110669       0.2332726       6.7763305        6.7763305        2.638647                                       2.638647
              8       7.5503167      0.39262739      -30.793711       17.148636      0.22504751       1.0045833     0.018780168      0.28268716       6.7763305        6.7763305       1.5479725                                      1.5479725
              2       6.9186076      0.56155581      -30.831548       15.634351      0.29185699      0.99912358     0.038764404      0.97825967       6.7763305        6.7763305      0.28455429                                     0.28455429
             15       6.9206296      0.57318647      -30.786443       15.389899      0.29150194      0.99318846     0.039919875     -0.64026279       6.7763305        6.7763305      0.28859827                                     0.28859827
              7       7.0034655      0.47993787      -30.721669       17.411643      0.27864441        1.002184     0.028151196      0.77340685       6.7763305        6.7763305      0.45427009                                     0.45427009
             29       7.0688278      0.52347071      -30.660782       15.479671      0.27010415       1.0018416     0.033624192      0.78730499       6.7763305        6.7763305      0.58499466                                     0.58499466
              5       6.8829262       0.8408969      -30.943512       13.731576      0.38540229       1.0031666     0.091757415      0.83878811       6.7763305        6.7763305      0.21319137                                     0.21319137
             27       8.0354143       1.7096319      -32.781372       31.874108      0.19283389      0.10635664      0.44183916     -0.90587789       6.7763305        6.7763305       2.5181677                                      2.5181677
              2       7.5023311        1.886736      -32.721888       29.539673      0.22873092      0.12334739      0.66163414     -0.89437844       6.7763305        6.7763305       1.4520013                                      1.4520013
             14       7.3574876       1.8692511      -32.703257       28.369676      0.24065796      0.13639553       0.6997027     -0.88036104       6.7763305        6.7763305       1.1623142                                      1.1623142
             10       8.4851125       1.5192513      -30.851034        10.10317      0.51577456       1.0099376      0.36456929     -0.99622124       6.7763305        6.7763305       3.4175641                                      3.4175641
             16       7.3067979       1.0846003      -31.048225       12.284084      0.43882159      0.98991392      0.16399497     0.060686615       6.7763305        6.7763305       1.0609349                                      1.0609349
              2       7.4830556       1.6569048       -32.64003       19.838888       0.2302447       0.2105216      0.69904622     -0.78660634       6.7763305        6.7763305       1.4134503                                      1.4134503
              1       7.5427045       2.1570294      -32.756361        38.42754      0.22562405     0.081810426      0.71108222     -0.94164901       6.7763305        6.7763305        1.532748                                       1.532748
              5       7.1425903      0.53136034      -30.436225       23.901104      0.42245212      0.99975205     0.034496681      0.98999056       6.7763305        6.7763305      0.73251966                                     0.73251966
              5        7.329903      0.49607261      -30.456846       26.623418       0.4409077       1.0033686     0.029815696     -0.84640662       6.7763305        6.7763305        1.107145                                       1.107145
              4       7.8968293       0.5773712      -30.713213       25.266961      0.48271764      0.99450495      0.04134842     -0.46451191       6.7763305        6.7763305       2.2409976                                      2.2409976
              9       6.9538743      0.94576251      -30.879823       12.546027      0.39801388       1.0081655      0.11930994     -0.39790633       6.7763305        6.7763305      0.35508765                                     0.35508765
              3       7.1689391      0.61589428      -30.977358       12.682719      0.25870426      0.99542138     0.046157208      0.69272458       6.7763305        6.7763305      0.78521729                                     0.78521729
             12       6.9209646       1.8187785       -32.65343       36.339825      0.39255665      0.17850961      0.79945699     -0.83195046       6.7763305        6.7763305      0.28926836                                     0.28926836
              4       6.8518049      0.94665222      -31.962744       10.505173      0.30547898      0.92322933     0.097996049    -0.028106469       6.7763305        6.7763305      0.15094892                                     0.15094892
             14       6.8849282      0.91676633      -31.956248       10.687412      0.29819203      0.91471694     0.092076739     -0.30475504       6.7763305        6.7763305      0.21719538                                     0.21719538
             11       6.8592404      0.90474742      -31.964115       10.913483      0.30372227      0.92450189     0.088608229    0.0018231409       6.7763305        6.7763305      0.16581988                                     0.16581988
             20       7.2652803      0.77342842      -32.070486       8.6753691      0.24904451       1.1155545      0.10056725     0.077747078       6.7763305        6.7763305      0.97789976                                     0.97789976
             13       6.8230735      0.31225259       -31.67442       31.953915      0.31325903      0.94361614     0.011329862     -0.96969798       6.7763305        6.7763305     0.093486152                                    0.093486152
              3       6.9765765      0.36445532      -32.066261       30.109197      0.40148738       1.0996395     0.020869766      0.25145611       6.7763305        6.7763305      0.40049212                                     0.40049212
              4       6.9301579      0.30218192      -31.742816       27.629022      0.28986135       1.0434658     0.012299446      0.26300949       6.7763305        6.7763305      0.30765494                                     0.30765494
              5         6.79759      0.39176299      -31.685725       29.167244      0.36138295      0.95054082     0.016899164     -0.51832848       6.7763305        6.7763305     0.042519104                                    0.042519104
              3       6.7813283      0.36617449      -31.654313       28.739955      0.33260204      0.94988853     0.017506729     -0.51900996       6.7763305        6.7763305    0.0099956665                                   0.0099956665
             10       6.8349597      0.34180928      -31.668376        28.89006      0.30981156      0.94294689     0.014148455     -0.98977495       6.7763305        6.7763305      0.11725847                                     0.11725847
             10       8.0154756      0.58052509      -31.933623       28.276855      0.48998031      0.89711565     0.039400318     -0.97523598       6.7763305        6.7763305       2.4782903                                      2.4782903
              5       7.2249446      0.16177849      -31.801305       44.232301      0.25296119       1.0624671    0.0027592642     -0.48556689       6.7763305        6.7763305      0.89722827                                     0.89722827
             19       7.3001321      0.22585069      -31.455967       56.575513      0.43821134       1.0307553    0.0057820921     -0.64293144       6.7763305        6.7763305       1.0476032                                      1.0476032
             25       6.8120731      0.18743848      -31.444024        56.96769      0.36713251       1.0333736    0.0042710261     -0.90589281       6.7763305        6.7763305     0.071485188                                    0.071485188
              5       6.7857659       0.1816684       -31.45253       56.844811       0.3549129       1.0329361    0.0038005741     -0.88429771       6.7763305        6.7763305     0.018870861                                    0.018870861
              7       6.8430708      0.19776504       -31.27193       56.343858      0.37634289       1.0151016    0.0044602965     0.081056025       6.7763305        6.7763305      0.13348058                                     0.13348058
              4        6.887689      0.41787841      -31.766218       20.008137      0.29763866       1.0699283     0.022797925     -0.76683812       6.7763305        6.7763305      0.22271713                                     0.22271713
             23       8.1039613      0.59089459      -31.421527       9.5467294      0.18882724       1.0060555     0.043865114      0.93265366       6.7763305        6.7763305       2.6552618                                      2.6552618
             19       6.7788818      0.86203321      -32.497824       23.011588      0.33528531      0.50800249      0.22491583     -0.27920229       6.7763305        6.7763305    0.0051026587                                   0.0051026587
              7       6.8780045      0.86781708      -31.811693       12.720064      0.38438848       1.0465856     0.085615421      0.26967202       6.7763305        6.7763305      0.20334801                                     0.20334801
             15       6.8335488       0.8506025      -31.824485       12.879595      0.37379879       1.0254888     0.085758472      0.80228335       6.7763305        6.7763305      0.11443677                                     0.11443677
              1       7.3756271      0.71854914      -31.686339       10.507426      0.23908853      0.95176089     0.058981812     -0.38811454       6.7763305        6.7763305       1.1985932                                      1.1985932
             24       6.8992131       0.6196097      -30.033131       18.868413      0.38860023      0.99901355      0.04754446     0.046947141       6.7763305        6.7763305      0.24576521                                     0.24576521
              3       7.8417164      0.40326471       -31.04392       35.732553      0.47921334      0.99953163     0.019608426      0.99761718       6.7763305        6.7763305       2.1307718                                      2.1307718
             13       6.9915527      0.25577881      -31.176802        32.90905      0.28032822       1.0009418    0.0078129001      0.99470706       6.7763305        6.7763305      0.43044454                                     0.43044454
             11       7.4903472      0.42166139      -31.488945       33.115987      0.45433034      0.97789472     0.022853095      0.35696935       6.7763305        6.7763305       1.4280336                                      1.4280336
             13        7.381239      0.50878095      -31.491016       14.466521      0.23860782      0.97434245     0.033725623      0.15346315       6.7763305        6.7763305        1.209817                                       1.209817
              3       7.6039762      0.35857499      -31.274021       18.311062      0.22106136       1.0119084     0.014872739      0.44203564       6.7763305        6.7763305       1.6552914                                      1.6552914
              4       7.0738038      0.67960942       -30.78075       18.410918      0.41450482      0.99567284      0.05830691      0.34616533       6.7763305        6.7763305      0.59494672                                     0.59494672
              1       7.0552836      0.67962983      -30.783698       18.365065      0.41221154      0.99260659     0.057933098     -0.89599964       6.7763305        6.7763305      0.55790633                                     0.55790633
              5       6.8478914       1.7787233      -30.737744        5.211154      0.30643845       0.9936258      0.55724006     -0.24020466       6.7763305        6.7763305      0.14312178                                     0.14312178
             13       8.8834838       2.0454787      -30.624306       7.8168699       0.5349705       1.0055968      0.88140832     -0.34934229       6.7763305        6.7763305       4.2143067                                      4.2143067
              4       8.3135642      0.60871875      -31.460713       8.5307371       0.1771789       1.0254882     0.043007891    -0.078165689       6.7763305        6.7763305       3.0744674                                      3.0744674
              6        7.594515      0.69504374      -31.463289        9.385563      0.22175459       1.0216969      0.05690495      0.23925439       6.7763305        6.7763305       1.6363691                                      1.6363691
             11       7.5646479       1.3085628      -32.627426       19.548213      0.22396972      0.26315376      0.45107496      -0.7040573       6.7763305        6.7763305       1.5766349                                      1.5766349
              1       6.8532154       1.6100131      -32.474366       15.695236      0.37886068      0.45061347      0.94289866      -0.4056262       6.7763305        6.7763305      0.15376977                                     0.15376977
              4       6.8082187       1.6180583      -32.487128       15.980534      0.36573875      0.42511597      0.94381888     -0.45416294       6.7763305        6.7763305     0.063776386                                    0.063776386
             10       6.8031921      0.61129606       -30.30921       15.728347      0.32021241         1.00098     0.045965784      0.68707979       6.7763305        6.7763305     0.053723281                                    0.053723281
              4        6.874107      0.74617241      -30.336681       15.474984       0.3835681      0.99837795     0.070535439      0.30460164       6.7763305        6.7763305      0.19555305                                     0.19555305
             61       7.0713305      0.27919428      -31.461475        43.49929      0.41420278       1.0250528    0.0087408238    -0.074431518       6.7763305        6.7763305      0.59000014                                     0.59000014
             43       6.9632365      0.45473944      -31.521844       19.451407      0.28452825      0.96679334     0.023461155     -0.41280488       6.7763305        6.7763305      0.37381197                                     0.37381197
              7       6.8061313      0.52064115      -31.532718       21.458611      0.36494866      0.98177865     0.031203386      0.60120617       6.7763305        6.7763305     0.059601757                                    0.059601757
              3       6.8053635      0.83224526      -31.485792        11.76586      0.31934891      0.98019464      0.09415363      0.50479171       6.7763305        6.7763305     0.058066069                                    0.058066069
              2       6.7772174      0.91338719      -31.564973        10.69659      0.33804091       1.0398984      0.11742618     -0.34777347       6.7763305        6.7763305    0.0017739207                                   0.0017739207
              4       6.8086172      0.91197045       -31.53371       12.229954      0.36588664      0.98596807       0.1036872      0.78263204       6.7763305        6.7763305     0.064573506                                    0.064573506
             12       6.7953373       0.7777954      -31.327818       12.356496      0.32367275       1.0122024     0.079669581      0.59834531       6.7763305        6.7763305     0.038013602                                    0.038013602
              6       6.9848848      0.37904596      -31.121197       22.184896      0.28129109       1.0053762     0.017569045      0.78251909       6.7763305        6.7763305      0.41710857                                     0.41710857
              4       6.7903149      0.36636813      -31.416202        26.89563      0.32627955      0.99520456     0.015836667      0.95391514       6.7763305        6.7763305     0.027968842                                    0.027968842
             31       9.5287369      0.13106421      -31.262431         27.2473      0.12145402       1.0221773    0.0020288256     -0.99913026       6.7763305        6.7763305        5.504813                                       5.504813
              7       8.5117132      0.20473259      -30.676834        24.59482      0.16687809      0.99607165    0.0049248234     0.066438791       6.7763305        6.7763305       3.4707655                                      3.4707655
             10        8.373179       1.2864402      -32.756042       27.118462      0.17401337      0.14991665      0.28941859     -0.84724571       6.7763305        6.7763305       3.1936971                                      3.1936971
             23       7.5424434      0.42862704       -31.65241       16.630327      0.22564387      0.95140425     0.024250924     -0.42542354       6.7763305        6.7763305       1.5322259                                      1.5322259
              3        7.061043      0.27539686      -32.107201       25.658681      0.27106736       1.1529377     0.011617365     -0.49805566       6.7763305        6.7763305      0.56942497                                     0.56942497
              1       6.7823332       0.6164215      -32.483917       29.191447       0.3317005      0.55403173      0.11006047     -0.18117607       6.7763305        6.7763305     0.012005398                                    0.012005398
             19       7.3482285        1.422001      -32.818422       48.092328      0.24146851      0.10612231       0.2753491     -0.89889333       6.7763305        6.7763305        1.143796                                       1.143796
             13       7.2088982       1.2990759      -32.799354       48.021122       0.2545681       0.1226476       0.2510503     -0.87831906       6.7763305        6.7763305      0.86513548                                     0.86513548
              9       10.270451       1.1235412      -32.984094       43.857375     0.093508339     0.057034892     0.090838759     -0.94470117       6.7763305        6.7763305       6.9882419                                      6.9882419
             10       8.0104788      0.73116401      -32.758752       45.318544      0.19431835      0.17625643     0.095237196     -0.80421497       6.7763305        6.7763305       2.4682966                                      2.4682966
              2       8.5242941      0.78543812      -32.811857       46.169729      0.16624445      0.13778431     0.091136958     -0.85156677       6.7763305        6.7763305       3.4959273                                      3.4959273
              6       8.0622417      0.82630385      -32.784453       45.171847      0.19125312      0.15400074      0.11101179     -0.83290208       6.7763305        6.7763305       2.5718224                                      2.5718224
              4       8.0914864      0.85445869      -32.790747       44.836629      0.18954858      0.14870255      0.11593786     -0.83969228       6.7763305        6.7763305       2.6303118                                      2.6303118
             14       6.8008747       2.3427039      -32.726598       54.570673      0.32117343      0.07550658      0.90506447     -0.95244253       6.7763305        6.7763305     0.049088519                                    0.049088519
            103       6.7882533       2.7388023      -32.555592       45.764677      0.35651553     0.085488809       2.2899572     -0.96060776       6.7763305        6.7763305     0.023845708                                    0.023845708
             11       7.8145908       2.6409103      -32.698405       44.955953      0.20654471     0.052287167       1.1760011     -0.97661189       6.7763305        6.7763305       2.0765207                                      2.0765207
              8       7.0057464       2.6350575      -32.418463        20.29805       0.4056729      0.22795729       3.7233368     -0.81902987       6.7763305        6.7763305      0.45883191                                     0.45883191
             12       7.3153025       1.5850787      -32.769938       38.243386      0.24440536      0.12117847      0.40455748     -0.88712416       6.7763305        6.7763305       1.0779441                                      1.0779441
              8       6.8339958       1.2370085       -32.71435       40.870955      0.31007724      0.18433353      0.31016997     -0.80494158       6.7763305        6.7763305      0.11533074                                     0.11533074
             22       6.8165429       1.1930434      -32.570571       26.533099      0.36865771      0.35002658      0.42282272      -0.5706652       6.7763305        6.7763305     0.080424805                                    0.080424805
              6       7.1702982      0.29531443      -32.359406       31.007495      0.25856021       0.8486571     0.016541935      0.62916888       6.7763305        6.7763305      0.78793556                                     0.78793556
             37       6.9802503       2.1111653      -30.391026       4.0057518      0.28196941       1.0021152      0.96991134      0.45145646       6.7763305        6.7763305      0.40783965                                     0.40783965
             11       6.9445612      0.39860689      -31.188969       29.366546      0.39652498       1.0181102      0.01950345      -0.7990888       6.7763305        6.7763305      0.33646142                                     0.33646142
              4       7.1033321      0.50834651      -30.880911       15.593872      0.26598176       1.0084629      0.03186834     -0.61608688       6.7763305        6.7763305      0.65400324                                     0.65400324
              8       6.9104443      0.54800043      -30.929547       16.222167      0.29331674      0.99167414     0.037403111     -0.23727363       6.7763305        6.7763305      0.26822768                                     0.26822768
             21        7.627678      0.36054664      -30.840199       18.426167      0.21934188      0.99230918     0.015417429     -0.67276437       6.7763305        6.7763305        1.702695                                       1.702695
              1        6.856287       1.4342575      -31.257078       6.2245332      0.30441022       1.0248191      0.31664592     -0.96883982       6.7763305        6.7763305      0.15991307                                     0.15991307
              1       7.3648799       1.1320732       -32.26648       6.2585382      0.24001546       1.0181546      0.16916139      0.98823485       6.7763305        6.7763305        1.177099                                       1.177099
             17        6.788869       1.1410586       -32.21295       8.3921982      0.35688561       1.1201269      0.13332832      0.15170442       6.7763305        6.7763305     0.025077116                                    0.025077116
             22       6.9239123      0.57166371      -30.710817       15.327064      0.29093078      0.99795738     0.040376194      0.79493837       6.7763305        6.7763305      0.29516361                                     0.29516361
              2       6.8548256      0.58353108      -30.715569       15.797012      0.30475532      0.99365193     0.041718123     -0.95765001       6.7763305        6.7763305      0.15699028                                     0.15699028
              7       6.8502963      0.56625267       -31.14222       19.932961      0.37815418       1.0069519     0.038456747      0.66347596       6.7763305        6.7763305      0.14793172                                     0.14793172
             12       7.3629114      0.29469256      -31.525196       25.244776      0.24018616      0.97035176    0.0096601892     -0.13111731       6.7763305        6.7763305       1.1731618                                      1.1731618
              1       7.0928186      0.72675604      -30.970073       11.181286      0.26721378       0.9883263     0.066393231     -0.99993596       6.7763305        6.7763305      0.63297626                                     0.63297626
              4       7.0244452      0.52069778      -30.562827       15.847348      0.27578305       1.0044936     0.033073657     -0.99722769       6.7763305        6.7763305      0.49622954                                     0.49622954
              8       6.8256305        1.841604      -30.029534       6.0695541      0.37151662      0.99895775      0.62370228      0.22592796       6.7763305        6.7763305     0.098600135                                    0.098600135
              5       6.8665091      0.75055095      -30.995863       12.010797      0.30207962       1.0071435     0.069689694       0.3240351       6.7763305        6.7763305      0.18035722                                     0.18035722
             15       6.8240231      0.90064101      -31.747631       9.8801565      0.31296857       1.0570781      0.11958552     -0.13543012       6.7763305        6.7763305     0.095385203                                    0.095385203
              9       8.3474529      0.89786041      -31.753732       15.997882      0.50862796       1.0642675      0.11758815     -0.41451569       6.7763305        6.7763305       3.1422449                                      3.1422449
             10       8.4703453      0.59001746      -31.591492       8.2477496      0.16897795       1.0436421      0.04042666      -0.7298943       6.7763305        6.7763305       3.3880298                                      3.3880298
              4       9.4721312      0.56076337      -31.682635       6.9954111      0.12373367      0.94801874     0.035633765     -0.65289149       6.7763305        6.7763305       5.3916014                                      5.3916014
              8       7.6858585      0.55553917      -31.569925       11.174822      0.21521996       1.0419554     0.040405889     -0.56620081       6.7763305        6.7763305       1.8190561                                      1.8190561
              4       7.0476794      0.75896416      -31.398093       11.122882      0.27275205      0.97107177     0.070308113     -0.76209177       6.7763305        6.7763305       0.5426979                                      0.5426979
             23        6.794424      0.56149492      -32.392832       25.371994      0.35988153      0.75924341     0.073652008      0.34763416       6.7763305        6.7763305     0.036187069                                    0.036187069
             16       7.0682032      0.44368018      -32.483461       32.446344      0.27018096       0.5640802      0.05582471     -0.15878954       6.7763305        6.7763305      0.58374537                                     0.58374537
             26       6.9629496       1.6680434      -31.336548       6.9792246      0.39942764       1.0312062      0.47649475      -0.9399948       6.7763305        6.7763305      0.37323828                                     0.37323828
              4        8.002399       1.2584643      -30.939291       11.725264      0.48919743       0.9964202      0.22444082      0.80783119       6.7763305        6.7763305       2.4521372                                      2.4521372
              5       8.2351162       1.3100153       -30.95882       11.516913      0.50256046       1.0011469      0.24924411      0.98238125       6.7763305        6.7763305       2.9175714                                      2.9175714
             11       7.7311025       1.3057695      -30.901813       10.950606      0.47189508      0.99188804      0.24401612     -0.16143591       6.7763305        6.7763305       1.9095441                                      1.9095441
             20       8.4876695      0.58901476      -30.345999       26.375938      0.51590452      0.99806114     0.042882615     0.021376267       6.7763305        6.7763305        3.422678                                       3.422678
             10       8.4471081      0.51384646      -30.212772        30.09376      0.51383126      0.99869437     0.032275726        0.193618       6.7763305        6.7763305       3.3415552                                      3.3415552
             30       8.5447775      0.52282781      -30.116336       29.852015      0.51878234       0.9990213     0.033424154      0.32614589       6.7763305        6.7763305        3.536894                                       3.536894
              6       7.5967789      0.46569813      -30.068844       29.804589      0.46241165       1.0012973      0.02623068     -0.76699695       6.7763305        6.7763305       1.6408969                                      1.6408969
             15       8.6432886      0.13467458      -30.178062       35.723598      0.16036057       1.0017946    0.0021473265     -0.99873337       6.7763305        6.7763305       3.7339162                                      3.7339162
             19        8.316517      0.13073012      -31.632661       41.478441      0.17702068      0.98117804    0.0021530704       0.7546124       6.7763305        6.7763305        3.080373                                       3.080373
              1       9.8797329     0.081592497      -31.943843       44.027702      0.10781348      0.90202529   0.00071229213     -0.86782498       6.7763305        6.7763305       6.2068048                                      6.2068048
              2       11.981398       2.1727058      -33.208429       54.995452     0.038711428    0.0097371843     0.095616981     -0.99409215       6.7763305        6.7763305       10.410136                                      10.410136
              3       12.347477      0.37925874      -33.055523       45.026156     0.028227316     0.049681079    0.0082129802     -0.94765161       6.7763305        6.7763305       11.142293                                      11.142293
              2       13.218963       1.8150228      -33.524485       23.773972    0.0045771216    0.0031880897     0.017773836     -0.99764232       6.7763305        6.7763305       12.885265                                      12.885265
              4       13.393989       2.9971132      -33.977947       6.9132615   2.4464148e-05   3.5486721e-05    0.0035401297       -0.999996       6.7763305        6.7763305       13.235318                                      13.235318
              2       12.453261      0.36863411      -33.111754       53.457886     0.025262392     0.038529118    0.0060951434     -0.95962715       6.7763305        6.7763305       11.353861                                      11.353861
              5       10.461515       0.3699317      -32.351307       8.1471914     0.086804818      0.86563792     0.025010745      0.68513736       6.7763305        6.7763305        7.370369                                       7.370369
             10       10.489643      0.72316354      -32.646317       12.464608     0.085832753      0.28619352      0.12889082     -0.65678875       6.7763305        6.7763305        7.426625                                       7.426625
              5       6.8757006      0.25736671      -32.283592       34.371429      0.30009451       1.0196004    0.0073598179      0.98494304       6.7763305        6.7763305      0.19874035                                     0.19874035
              5       8.9425352      0.22541391      -31.559987       18.969064      0.14634426        1.028658    0.0065323031      0.22094982       6.7763305        6.7763305       4.3324094                                      4.3324094
              2       8.7946856      0.28861858      -31.521789       16.498139      0.15313928      0.96660552    0.0093258984     -0.44836524       6.7763305        6.7763305       4.0367102                                      4.0367102
              4       8.5727529      0.53851629      -32.208795       8.0235595      0.16382487       1.1395564     0.026190856     -0.32466967       6.7763305        6.7763305       3.5928449                                      3.5928449
             13       9.3695394      0.44103148      -32.187192       7.5086094      0.12792714       1.1610622     0.019082254     -0.79425196       6.7763305        6.7763305       5.1864179                                      5.1864179
              7        9.967682      0.71104553      -32.719524         21.0463      0.10451829      0.20991381       0.1020962     -0.76111217       6.7763305        6.7763305       6.3827031                                      6.3827031
              9       10.002341       0.2943041      -32.535011       22.395408      0.10323219      0.47074072     0.024580258     -0.34770804       6.7763305        6.7763305        6.452022                                       6.452022
              4        10.46101       1.0502054      -32.545521       42.269784      0.59717768      0.40431626      0.33434218     -0.47669531       6.7763305        6.7763305       7.3693582                                      7.3693582
              3       9.1486462      0.75324869      -32.890825        56.09547      0.13724755     0.097624841     0.062264382     -0.89727326       6.7763305        6.7763305       4.7446316                                      4.7446316
              6       8.4676241       1.2039094      -32.871799       45.884794      0.16911698     0.092012433      0.16416792     -0.90954501       6.7763305        6.7763305       3.3825872                                      3.3825872
              2       7.2442299      0.28499055      -32.158339       38.891323       0.4329325       1.1739752    0.0095326362     -0.99898449       6.7763305        6.7763305      0.93579893                                     0.93579893
             12       6.8007644      0.52053822      -32.504811       40.431119      0.36277969      0.51807959     0.078349974     -0.25623243       6.7763305        6.7763305      0.04886777                                     0.04886777
             11       7.0012751      0.31347873      -32.302875       39.715182      0.40504936      0.97783417     0.012706674      0.98485903       6.7763305        6.7763305      0.44988924                                     0.44988924
              5       7.2438238        1.736738      -32.762465       38.130116      0.25110698      0.11396677      0.48934209     -0.89899162       6.7763305        6.7763305      0.93498661                                     0.93498661
              5       7.8515678       1.3791444      -32.763431       31.982995      0.20415373      0.13910744      0.32122356     -0.86195946       6.7763305        6.7763305       2.1504747                                      2.1504747
              1       9.8413669      0.11738529      -31.859779       28.932954      0.10926555      0.96693815    0.0018178835      0.74595563       6.7763305        6.7763305        6.130073                                       6.130073
              5       7.3724791      0.55653392      -30.138358       24.032108      0.44464083      0.99918922     0.038025112      0.58700547       6.7763305        6.7763305       1.1922973                                      1.1922973
              5       7.4986759       1.3706685      -32.551162       14.043699      0.22901642      0.35758113      0.59009575     -0.56374036       6.7763305        6.7763305       1.4446908                                      1.4446908
              2       7.4313151      0.76858094      -32.469513       30.683616      0.44958666      0.57297962      0.17323779     -0.13988364       6.7763305        6.7763305       1.3099693                                      1.3099693
              1       7.2564967      0.37314195      -31.999898       20.634156      0.24988324      0.97543477     0.015352015      0.91198057       6.7763305        6.7763305      0.96033251                                     0.96033251
              2       6.7895567       0.7812648      -31.535614        13.90731      0.35728835      0.98832406     0.074552327      0.84772192       6.7763305        6.7763305     0.026452443                                    0.026452443
              7       6.8327686       0.8518105       -31.53244       13.406546      0.37358125      0.98321179     0.088611431      0.68050176       6.7763305        6.7763305      0.11287632                                     0.11287632
              9       7.1016259      0.81024603      -31.395108       10.184578      0.26618034      0.96947797     0.082210171     -0.93841515       6.7763305        6.7763305      0.65059081                                     0.65059081
              2       6.9508647      0.96264155      -31.526868       12.731921       0.3975371      0.97485724      0.11421979      0.27153691       6.7763305        6.7763305      0.34906847                                     0.34906847
             11       6.7765077      0.61228648      -31.170607       16.859839      0.34023003      0.99057294     0.044986053      0.45738509       6.7763305        6.7763305   0.00035454845                                  0.00035454845
             18       6.8751348      0.26013116      -31.338645       33.859423      0.30021399       1.0244267    0.0083562465     -0.63294213       6.7763305        6.7763305      0.19760869                                     0.19760869
              6       8.4819005      0.19950259      -31.044117         25.3836      0.16838884      0.99938645    0.0047335204      0.99585574       6.7763305        6.7763305       3.4111401                                      3.4111401
             31       7.1538616      0.30571003      -31.146636       25.607748      0.26031934      0.99941822     0.011183061      0.99768858       6.7763305        6.7763305      0.75506226                                     0.75506226
             12       6.8830659      0.33678808      -31.075803       26.301893      0.29856927       1.0130323     0.013865263     -0.57547087       6.7763305        6.7763305      0.21347086                                     0.21347086
              6       6.9378048       2.2994496      -32.504439       15.845468      0.28858115      0.23804601        2.083833     -0.78414354       6.7763305        6.7763305       0.3229486                                      0.3229486
              2       7.0212289       1.3062218      -31.870498       6.8717643      0.27621364      0.92487248      0.29539908     0.049323841       6.7763305        6.7763305      0.48979684                                     0.48979684
              9       7.2054062       1.5769134      -31.788932       7.6568846      0.42907828        1.068067      0.35780765     -0.36682276       6.7763305        6.7763305      0.85815146                                     0.85815146
             34       7.8081679       1.0948764      -31.364644       13.072644      0.47703567       1.0017151       0.1626633       0.9934996       6.7763305        6.7763305       2.0636749                                      2.0636749
              1       7.9477025       1.0760417      -31.375016       13.815642      0.48587664      0.98230814      0.16500641      0.37222044       6.7763305        6.7763305       2.3427441                                      2.3427441
             20       6.8622949       2.1871507      -32.584933       23.051045      0.30302355      0.18064626       1.4355707     -0.84695986       6.7763305        6.7763305      0.17192887                                     0.17192887
             46       6.7946529       2.1630215      -32.460948       14.757437      0.35999428      0.33895788       2.0324173     -0.62753657       6.7763305        6.7763305     0.036644882                                    0.036644882
             11       6.8451277      0.30741051      -32.168268       25.630128       0.3071319       1.1715945     0.010383038     -0.98443599       6.7763305        6.7763305      0.13759444                                     0.13759444
             16       7.2876609      0.49395772      -32.478322        26.25594      0.24694091      0.57226554     0.069247172     -0.14082718       6.7763305        6.7763305       1.0226608                                      1.0226608
              9       7.1739726      0.68646202      -32.489307       20.987406      0.25817201       0.5385869      0.13832534      -0.2145542       6.7763305        6.7763305      0.79528419                                     0.79528419
              7       7.7320264       1.1144517      -32.518869        12.90348      0.21204209      0.44317564      0.39018491     -0.40838805       6.7763305        6.7763305       1.9113918                                      1.9113918
             43       6.9727297       1.2774959      -32.256009       6.4711161      0.28308678       1.0292071      0.21866125       0.9685218       6.7763305        6.7763305      0.39279856                                     0.39279856
              3       11.125106       1.2969201      -33.061309       40.377398     0.064778863     0.037179512     0.084279293      -0.9658398       6.7763305        6.7763305       8.6975508                                      8.6975508
              2       9.5493533      0.46560463      -31.539255       36.622551      0.56337041      0.99300184     0.025632821      0.94442964       6.7763305        6.7763305       5.5460456                                      5.5460456
              5       7.8082936      0.18964757      -30.930466       33.094907      0.20695611       0.9910412    0.0043361632     -0.47369675       6.7763305        6.7763305       2.0639262                                      2.0639262
             17       7.0351801       0.4579346      -31.057987       27.241183      0.40963424      0.98693541     0.024980479     -0.76334701       6.7763305        6.7763305      0.51769921                                     0.51769921
              4       7.2755854        1.172382      -31.796419       10.504759      0.43592994       1.0638572      0.16991654     -0.35343069       6.7763305        6.7763305      0.99850997                                     0.99850997
              1       7.7572294       1.0900457      -31.764262       12.145365      0.47366034       1.0753099      0.17235629     -0.86017058       6.7763305        6.7763305       1.9617978                                      1.9617978
              3       7.3424664       1.0882648      -31.081621       12.035805      0.44202377       1.0142798      0.15826708     -0.68442525       6.7763305        6.7763305       1.1322719                                      1.1322719
              1       6.8540727       1.1475376      -30.870838       9.9950332      0.37906563      0.99331079      0.17947817     0.043678613       6.7763305        6.7763305      0.15548449                                     0.15548449
              7       7.9067711      0.57839331      -30.568207       25.184365      0.48334054      0.99728862     0.041406593      0.30529337       6.7763305        6.7763305       2.2608813                                      2.2608813
             10       7.2777458      0.18811253      -30.680275       39.524107      0.24786705       1.0019843    0.0042251276      0.76811815       6.7763305        6.7763305       1.0028307                                      1.0028307
             13       6.9933734      0.20370955      -30.961673       41.384624      0.28006792      0.99846964    0.0049520829      0.96240636       6.7763305        6.7763305      0.43408584                                     0.43408584
              3       8.0314963      0.84627159      -31.071703       6.7939319      0.19306615       1.0092461     0.094398777      0.25051253       6.7763305        6.7763305       2.5103317                                      2.5103317
             11       7.6188261       1.7246385      -32.789193       37.750784      0.21998122      0.10155082      0.43468318     -0.91107246       6.7763305        6.7763305       1.6849912                                      1.6849912
              1       6.7790521      0.77127075      -31.635318       13.431512      0.33506481      0.97211794     0.081894576      0.51324762       6.7763305        6.7763305    0.0054432888                                   0.0054432888
              2       6.9233388       0.4145663      -31.770131       19.683909      0.29103009       1.0719004     0.021969846     -0.87362824       6.7763305        6.7763305      0.29401671                                     0.29401671
              7       6.8856705       1.1024894      -32.612508       26.971786      0.29804256      0.30124237      0.32904815     -0.64321297       6.7763305        6.7763305      0.21867998                                     0.21867998
             34       7.1617232       3.0175301      -32.431215       51.852507      0.25947328     0.049841738       4.3542466     -0.98914504       6.7763305        6.7763305      0.77078545                                     0.77078545
             39       7.2096081       2.3086065      -32.712047       39.119264      0.25449639     0.084696009      0.94420357     -0.94423875       6.7763305        6.7763305      0.86655526                                     0.86655526
             12       6.7763835       2.4179132      -32.653572       43.974752       0.3429681     0.096946367       1.2877793     -0.93865987       6.7763305        6.7763305   0.00010606851                                  0.00010606851
             29       7.0321538       2.2873863      -32.741479       47.803636      0.27476229     0.075522886      0.82251905     -0.95068552       6.7763305        6.7763305       0.5116466                                      0.5116466
              7       6.9522237       2.0825541      -32.733242       41.933342      0.28624711     0.098516106      0.74277148     -0.92483227       6.7763305        6.7763305       0.3517864                                      0.3517864
              1       6.8710799      0.50184319      -31.466856       22.553196      0.38291957       1.0168417     0.029079381      0.53999267       6.7763305        6.7763305      0.18949877                                     0.18949877
              4       7.9038496      0.68390727      -30.603509       8.8663072      0.20084223      0.99549007     0.057976485      -0.6344491       6.7763305        6.7763305       2.2550382                                      2.2550382
             12       7.9510593       1.0274127      -30.527346       5.8130216      0.19791736      0.99599909      0.14073751     -0.69681906       6.7763305        6.7763305       2.3494577                                      2.3494577
              2       7.0852553       1.0182482      -30.521215       12.237597      0.41588721       1.0031079      0.13765227    -0.064625904       6.7763305        6.7763305      0.61784967                                     0.61784967
              1       6.7773499      0.80883886      -30.328192       12.577669      0.33775544      0.99784269     0.083853671     -0.26965521       6.7763305        6.7763305    0.0020389673                                   0.0020389673
              1       6.8054597      0.80056183        -30.3291       12.020324       0.3193114      0.99729877     0.081654522     -0.99995809       6.7763305        6.7763305     0.058258528                                    0.058258528
              2       6.7800012      0.42292402      -31.042376       24.818157      0.35005409       1.0023634     0.021395762      0.93821356       6.7763305        6.7763305    0.0073413803                                   0.0073413803
              9       6.7854791      0.21825524      -31.019687       45.496424      0.32928486      0.99667079    0.0055937717      0.86148187       6.7763305        6.7763305     0.018297272                                    0.018297272
              4        6.785484      0.21798677      -31.020279         45.5034      0.32928144      0.99773491    0.0055995051      0.93628966       6.7763305        6.7763305     0.018307139                                    0.018307139
              8       6.7865613      0.21755537      -31.020307       45.490594      0.32855382       0.9977851    0.0055781907      0.93909906       6.7763305        6.7763305     0.020461722                                    0.020461722
             24       8.2264699      0.11354055      -30.976634       48.453105      0.18191607       0.9938489    0.0014971632      0.41695323       6.7763305        6.7763305        2.900279                                       2.900279
             15       7.2471434      0.24129252      -31.273355       53.266164      0.43321517       1.0130486    0.0066669414      0.32119573       6.7763305        6.7763305      0.94162595                                     0.94162595
             49       7.4819319      0.25185968      -31.292288         55.1646      0.45366642        0.981385    0.0078744041     -0.16786599       6.7763305        6.7763305       1.4112029                                      1.4112029
              4       6.7859561      0.80033716       -30.85612       13.248894      0.35504243       1.0063511     0.080353401   -0.0030917965       6.7763305        6.7763305      0.01925135                                     0.01925135
              1        6.790223      0.59548094      -31.489618       18.497975       0.3576687       0.9759123     0.046646002      0.25626263       6.7763305        6.7763305     0.027784982                                    0.027784982
              4       7.1517366      0.46927115      -31.489161       27.749673      0.42345046      0.97733351     0.028467664      0.32843332       6.7763305        6.7763305      0.75081221                                     0.75081221
             22       6.9192424      0.75227498      -30.511765       15.726489      0.39225475      0.99651014      0.07190071     -0.45417456       6.7763305        6.7763305      0.28582393                                     0.28582393
             19       7.6032383      0.83572858      -30.530458        16.63385      0.46288472       1.0007756     0.089838494      0.93365997       6.7763305        6.7763305       1.6538157                                      1.6538157
              8       6.9281863        0.750464       -30.30062       11.606629      0.29019656       1.0013322      0.07080742       0.4166277       6.7763305        6.7763305      0.30371168                                     0.30371168
             19       7.0846921      0.74163464       -30.31247       10.893366      0.26818017      0.99769192     0.069066336     -0.59433128       6.7763305        6.7763305      0.61672332                                     0.61672332
             18       7.0580824      0.66000929      -30.289938       12.343791      0.27143711       1.0013652     0.054365529      0.35090056       6.7763305        6.7763305      0.56350394                                     0.56350394
              2       7.1638895      0.73783757      -31.251253       17.040073      0.42475834        1.015387     0.071282729     0.086091195       6.7763305        6.7763305      0.77511807                                     0.77511807
              8        6.785479      0.48278111      -31.805312       20.878773      0.35471506       1.0576605     0.024865312     -0.22791157       6.7763305        6.7763305     0.018297064                                    0.018297064
              1       7.0524742       1.1654929       -32.75201       43.816144      0.27214291      0.16016777      0.24299356     -0.83226653       6.7763305        6.7763305      0.55228756                                     0.55228756
             26       7.2781671      0.85833312      -32.793119       59.033609      0.24782752      0.14699962      0.11598446     -0.84177979       6.7763305        6.7763305       1.0036732                                      1.0036732
             23         7.75478      0.93364207      -32.844576       59.212511      0.21050414      0.11444285      0.11287634     -0.88066449       6.7763305        6.7763305       1.9568991                                      1.9568991
              5       7.0010401      0.96295009       -32.01742       12.359807      0.40501642       1.0227725      0.13231316      0.94608318       6.7763305        6.7763305      0.44941934                                     0.44941934
              1       6.8251889      0.77927036       -31.47541       14.325084      0.37138411      0.99990767     0.077090523      0.99998793       6.7763305        6.7763305     0.097716828                                    0.097716828
              2       7.3933277      0.31873726      -31.625373       22.539761      0.23757982      0.99391516     0.012405818      0.97263842       6.7763305        6.7763305       1.2339944                                      1.2339944
             13       7.9609262      0.19417199      -31.659502       32.270433      0.19731352       0.9464276    0.0047725748     -0.74842981       6.7763305        6.7763305       2.3691915                                      2.3691915
              8       6.7918672        1.834828      -30.864568       5.3899966      0.32542998      0.98899847      0.62059951     -0.96892669       6.7763305        6.7763305     0.031073512                                    0.031073512
             32       6.8472706       2.8258407      -32.528187       42.656315      0.30659302     0.076445717       2.6689711     -0.96980979       6.7763305        6.7763305      0.14188031                                     0.14188031
             88        6.779227       2.8417904      -32.485835       40.489145      0.34915452     0.091202958       3.2322784     -0.96182129       6.7763305        6.7763305    0.0057930174                                   0.0057930174
              6       7.0923926       2.5865034       -32.60473       33.287836      0.26726413     0.093296205        1.730904     -0.94857085       6.7763305        6.7763305      0.63212423                                     0.63212423
              2       6.7776388       1.6313578      -32.224271       6.0115325      0.34680848       1.0628628      0.37909957      0.84137786       6.7763305        6.7763305    0.0026167389                                   0.0026167389
              2         6.77639      0.97707308      -31.533417       10.636938      0.34097457      0.98605291       0.1208989      0.78830617       6.7763305        6.7763305   0.00011900334                                  0.00011900334
              2       6.9249995      0.69091747      -31.520238       13.099555        0.290743      0.96549148     0.056069359     -0.48468432       6.7763305        6.7763305      0.29733814                                     0.29733814
              1        7.795777      0.90236006      -31.168931       7.0001673      0.20777757      0.98862661        0.102756      0.24317304       6.7763305        6.7763305       2.0388931                                      2.0388931
              5       7.5996418      0.53492154      -30.760122       12.527375      0.22137845      0.99290364     0.034974694     -0.99773201       6.7763305        6.7763305       1.6466226                                      1.6466226
              8       7.6814686      0.39498168      -31.348186       15.979249      0.21552628       1.0263342     0.018375506      -0.9043178       6.7763305        6.7763305       1.8102762                                      1.8102762
              8       6.8236023      0.28980427      -31.870037       34.248356      0.31309691      0.94810443     0.011677772      0.43352488       6.7763305        6.7763305     0.094543742                                    0.094543742
              4       6.9575942      0.42921662      -31.858257       28.844775      0.39859763      0.96763806     0.024725123      0.75905581       6.7763305        6.7763305      0.36252741                                     0.36252741
              8       6.8197985      0.19867141      -31.788028       44.370868      0.31428418       1.0715468     0.004452517     -0.93613443       6.7763305        6.7763305      0.08693599                                     0.08693599
              1       7.8480156      0.19986036      -32.178139       26.333134      0.20438161       1.1671711     0.004103083     -0.92531079       6.7763305        6.7763305       2.1433703                                      2.1433703
              4       8.2980782       1.2680814      -32.726705        24.48721       0.1780112      0.17229901      0.31215945     -0.82039727       6.7763305        6.7763305       3.0434954                                      3.0434954
              2       12.935613        2.135328      -33.136033       11.979968      0.01208056     0.014193474       0.1302478     -0.99107358       6.7763305        6.7763305       12.318565                                      12.318565
              6       13.231296       2.1127277      -33.405735       14.467476    0.0042542989    0.0041832479     0.037472297     -0.99738457       6.7763305        6.7763305       12.909932                                      12.909932
              2        13.17354       2.2373543      -33.244892       10.169579    0.0057686906    0.0076201133     0.083702955     -0.99562021       6.7763305        6.7763305        12.79442                                       12.79442
              1       12.773543       2.4573934      -32.858181        5.916884     0.016450104     0.034003437       0.5357574     -0.98266036       6.7763305        6.7763305       11.994424                                      11.994424
              8       11.720321      0.61885082      -31.359618       30.545895      0.63758451       1.0137266     0.045378653      0.51205805       6.7763305        6.7763305       9.8879816                                      9.8879816
             13       7.7795493      0.44547492      -31.670926       34.004497      0.47514985      0.94274207     0.023810552     -0.99906128       6.7763305        6.7763305       2.0064376                                      2.0064376
              3       7.3135791      0.26371847      -32.411459       38.309331      0.24456152      0.72755348      0.01667959      0.25233531       6.7763305        6.7763305       1.0744972                                      1.0744972
             10       7.6753871      0.36492033      -32.290979       38.461068      0.46804812       1.0022891      0.01587336      0.99981496       6.7763305        6.7763305       1.7981132                                      1.7981132
             27       7.0587063      0.17474297      -31.734517       45.346865      0.27135904        1.029246     0.003974173      0.64123768       6.7763305        6.7763305      0.56475165                                     0.56475165
             67       6.9319828       1.5020479      -32.755857       42.801063      0.28955299      0.13536664      0.38710336     -0.86947528       6.7763305        6.7763305      0.31130472                                     0.31130472
              4        7.565994       2.3567794      -32.567178       17.622033      0.22386899      0.16200966       1.7521534     -0.87621949       6.7763305        6.7763305       1.5793271                                      1.5793271
             35       7.9755394       2.4928691      -32.586657       19.640172      0.19642383       0.1205789       1.7752331     -0.92259494       6.7763305        6.7763305       2.3984178                                      2.3984178
              5       6.8521054       2.5360429      -32.493146       19.893968      0.30540635       0.1819374       2.6367977     -0.86593136       6.7763305        6.7763305      0.15154994                                     0.15154994
              2       7.3935545       1.6353673       -32.01106       7.8119966      0.44643938       1.0502847      0.51690109      0.80025118       6.7763305        6.7763305       1.2344481                                      1.2344481
              4        6.777242       1.6654049      -31.959699       6.6431985      0.34601362      0.93997871      0.40218755      0.51958573       6.7763305        6.7763305    0.0018231265                                   0.0018231265
             10       6.7872876      0.98236974      -31.956267       10.964881      0.32808474      0.91543822      0.10720384      -0.2649045       6.7763305        6.7763305     0.021914263                                    0.021914263
             11       8.1367111      0.40286016      -32.380184       17.515678      0.18694953      0.79627853     0.034844984      0.46075723       6.7763305        6.7763305       2.7207613                                      2.7207613
             16       7.9314113      0.45521864      -32.398363       42.604424      0.48487263      0.75140631     0.048520568      0.32320388       6.7763305        6.7763305       2.3101616                                      2.3101616
              7       9.1344378      0.52466457      -32.410528       43.465073      0.54613837      0.71978443     0.068148258      0.23156275       6.7763305        6.7763305       4.7162147                                      4.7162147
             28       6.8116073      0.33456158      -32.449401       44.485378      0.31703177      0.64022307     0.029933044      0.01893979       6.7763305        6.7763305     0.070553728                                    0.070553728
             10       6.9190119      0.98043641       -31.62226       9.0033431      0.29178579      0.99348843      0.13020368      0.97134404       6.7763305        6.7763305      0.28536294                                     0.28536294
             23       7.0130894      0.75196721      -30.917772       10.978671      0.27731613       1.0095977     0.070527938     -0.73409645       6.7763305        6.7763305      0.47351781                                     0.47351781
             12        8.181993      0.93874209      -30.756339       16.064782      0.49960986      0.99570751      0.11696371      0.31526125       6.7763305        6.7763305       2.8113251                                      2.8113251
              4       8.1567774      0.76732116      -30.939666       19.596367      0.49818981      0.99578139     0.073551995      0.69777414       6.7763305        6.7763305       2.7608938                                      2.7608938
              2       6.9023445       1.9854681      -32.367634       7.5224993      0.29480975      0.59325126       1.6724926      -0.0918579       6.7763305        6.7763305        0.252028                                       0.252028
              3       7.2605285       0.4407417      -31.570293       16.332616      0.24949731       1.0417125     0.025092861     -0.56641432       6.7763305        6.7763305      0.96839615                                     0.96839615
              5       7.4703179      0.46074347      -30.795132       29.344289       0.4527436       1.0064483     0.026023192     -0.40148787       6.7763305        6.7763305       1.3879749                                      1.3879749
             10       6.7995811       1.3697461      -32.697249       37.506869      0.32172971      0.18821844      0.40026767     -0.80404097       6.7763305        6.7763305      0.04650121                                     0.04650121
              5       6.8206955       1.4513483      -32.629642       31.232606      0.37000032      0.24532631      0.55357078     -0.73339645       6.7763305        6.7763305      0.08872999                                     0.08872999
              3       7.0810134       1.2461155      -32.581204       30.467616      0.41537818      0.32882802      0.45439846     -0.60556667       6.7763305        6.7763305      0.60936586                                     0.60936586
              3        6.890819      0.37781853      -32.298921       31.253366      0.38698046      0.98498787     0.018105631      0.99278978       6.7763305        6.7763305      0.22897708                                     0.22897708
              2       6.8362474      0.33630659      -32.253119       31.091462      0.37454001       1.0765733     0.010507154      0.68374937       6.7763305        6.7763305      0.11983391                                     0.11983391
             12       7.1044112      0.28410764      -32.324601       30.245149      0.26585644      0.92988758     0.012204481       0.8827878       6.7763305        6.7763305      0.65616142                                     0.65616142
             20       8.5274659      0.41566338      -32.257852       35.103936      0.51791494       1.0667994     0.016639239      0.77284811       6.7763305        6.7763305       3.5022709                                      3.5022709
              4        8.628401      0.41647285      -32.247815       34.795695      0.52291377       1.0845255      0.01592719      0.60052528       6.7763305        6.7763305       3.7041412                                      3.7041412
              1       9.9642968      0.49159944      -32.302094       36.336888      0.57935573      0.97478336      0.03215104      0.98088549       6.7763305        6.7763305       6.3759328                                      6.3759328
              4       7.1694054       1.9377022      -31.830878       4.1642488      0.25865481      0.96342688       0.8107939      0.78312829       6.7763305        6.7763305      0.78614995                                     0.78614995
              7       6.8695043       1.4562085      -31.508653       6.4995687      0.30142207      0.95716948      0.31626067     -0.89939594       6.7763305        6.7763305      0.18634772                                     0.18634772
              2       6.7888696       1.0070096      -30.677346       9.7891154      0.32711404      0.99734188      0.13413341      0.62137319       6.7763305        6.7763305     0.025078285                                    0.025078285
             14         6.83925       0.3986521      -30.589362       28.341875      0.37534538      0.99845924     0.019024608      0.79011536       6.7763305        6.7763305      0.12583911                                     0.12583911
              2       7.3230668      0.83582462      -31.777236        8.147568      0.24370492       1.0755808     0.089454844      -0.9997985       6.7763305        6.7763305       1.0934726                                      1.0934726
             28       7.0264958      0.89164629      -32.472044       16.670977      0.27550998      0.55706462      0.23942472     -0.17573789       6.7763305        6.7763305      0.50033071                                     0.50033071
              6       7.0273145      0.90068748      -32.469217       16.349538      0.27540128      0.56209308      0.24422769     -0.16466302       6.7763305        6.7763305        0.501968                                       0.501968
             37       6.7765193       1.0199547      -32.426114       15.561498      0.34017331       0.6441542      0.30380546     0.031180701       6.7763305        6.7763305   0.00037763557                                  0.00037763557
              7       7.5203437      0.50264922      -30.726689       13.506767      0.22733439          1.0064     0.030593752     -0.91593537       6.7763305        6.7763305       1.4880265                                      1.4880265
              2       7.6276714       0.4687943      -30.743271       14.048928      0.21934236        1.000965     0.026722309      0.95964143       6.7763305        6.7763305        1.702682                                       1.702682
              5       10.071685      0.79707917      -32.586024       10.475578      0.10067966      0.36239665      0.17734183     -0.54180654       6.7763305        6.7763305       6.5907094                                      6.5907094
              6       9.4986619       0.8556412      -32.405048       6.0719486      0.12266227       0.7095992      0.19250495        0.205748       6.7763305        6.7763305       5.4446628                                      5.4446628
              1       9.2594105      0.86779121      -32.326799       5.1117051       0.1325221      0.89790251       0.1353813      0.79318872       6.7763305        6.7763305         4.96616                                        4.96616
              2       9.1056612        1.109368      -32.606086       12.198538      0.13911103      0.30895844      0.33811756     -0.63191687       6.7763305        6.7763305       4.6586615                                      4.6586615
             17       6.8132183      0.40968371      -32.174736       23.066395      0.36753196       1.1689303     0.017733575     -0.94099356       6.7763305        6.7763305       0.0737756                                      0.0737756
              4       7.3525197       1.5515987      -32.375186       6.8104707      0.24109205      0.68572225      0.78270269      0.14935435       6.7763305        6.7763305       1.1523784                                      1.1523784
             22       7.3220311       1.5833255      -32.415974        7.980713      0.24379806      0.57988282      0.89630595     -0.12605204       6.7763305        6.7763305       1.0914012                                      1.0914012
              3       7.3473434       1.7987734      -32.265232       4.3318515      0.24154633      0.93169193      0.73791998      0.90316545       6.7763305        6.7763305       1.1420258                                      1.1420258
              8       7.8377431      0.14405945      -30.985308       42.416203      0.20504276       1.0085393    0.0025095407    -0.037413059       6.7763305        6.7763305       2.1228253                                      2.1228253
              6       7.5132055      0.16055233      -31.012458       43.183895      0.22788578      0.98787206    0.0030246017      -0.9025023       6.7763305        6.7763305       1.4737501                                      1.4737501
              1       6.8695567      0.52662638       -30.52007       21.747035      0.38258934       1.0040425     0.033780102     -0.97283398       6.7763305        6.7763305      0.18645248                                     0.18645248
              1       6.8156185      0.59282336      -31.755815       15.059384      0.31565045       1.0626636     0.048570614     -0.40598421       6.7763305        6.7763305     0.078576166                                    0.078576166
             15       12.250781       1.7324566      -33.240274       42.683807      0.03096224     0.012584291     0.060871504     -0.99021525       6.7763305        6.7763305       10.948901                                      10.948901
              3       13.389336       1.1350003        -34.3102       30.004122   0.00014471148   0.00012771678   0.00022259188     -0.99988197       6.7763305        6.7763305       13.226012                                      13.226012
             13       13.104938      0.77792758      -33.430527       35.387455    0.0075763819    0.0082717092    0.0062931199      -0.9918086       6.7763305        6.7763305       12.657216                                      12.657216
              2       13.218147     0.081676594      -33.070231       35.619917    0.0045984987      0.04750589   0.00036097057     -0.94948957       6.7763305        6.7763305       12.883632                                      12.883632
             14       6.9045604       2.2817352      -32.665897       35.414173      0.29439664      0.10949957       1.1255229     -0.92256121       6.7763305        6.7763305      0.25645994                                     0.25645994
             15       9.4416109       1.6608428      -32.959709       46.868197      0.12497273     0.048253674      0.19946755     -0.95963149       6.7763305        6.7763305       5.3305608                                      5.3305608
              5       8.5108165       1.4465346      -32.910841       50.495381      0.16692334      0.06868446      0.19472071     -0.93733404       6.7763305        6.7763305        3.468972                                       3.468972
              4       7.1005962       1.5613274      -32.729725       54.461376      0.41769956      0.14763976      0.45804187     -0.85763972       6.7763305        6.7763305      0.64853141                                     0.64853141
             16       6.8353723       1.2971639      -32.665658       38.821415       0.3743015      0.22339697      0.39750318     -0.75728565       6.7763305        6.7763305      0.11808366                                     0.11808366
             33       7.6119924       1.9236929      -32.531776       11.786768      0.22047709      0.29225027       1.3036258     -0.68781408       6.7763305        6.7763305       1.6713239                                      1.6713239
             34       7.5654241       2.6366705      -32.456382       13.850779      0.22391163      0.18427588       3.2535576     -0.86998485       6.7763305        6.7763305       1.5781872                                      1.5781872
              7        7.628714       2.3505212      -32.513325       27.745343      0.46473272      0.21417605       2.1177192     -0.81729309       6.7763305        6.7763305        1.704767                                       1.704767
              7        8.917733       1.6540563       -30.61104       9.6991368      0.53653243       1.0051584      0.45471951      -0.5449895       6.7763305        6.7763305        4.282805                                       4.282805
              7       7.7185201       1.2797667      -30.465566       11.046959      0.47103633       1.0013889      0.23730878      0.74677105       6.7763305        6.7763305       1.8843793                                      1.8843793
              4       6.8784882       1.1275939      -30.102354       7.9843596      0.29951082      0.99986558      0.17501582      0.99326796       6.7763305        6.7763305      0.20431537                                     0.20431537
             10       6.7866861       1.2035765      -30.175961       8.8847577      0.35552792      0.99925502      0.20354513      0.73731684       6.7763305        6.7763305     0.020711238                                    0.020711238
             50       6.7771387       1.2181452      -30.145001       8.5474704      0.34577925      0.99812321      0.20980581     -0.98810448       6.7763305        6.7763305    0.0016164218                                   0.0016164218
              1       8.0217985       1.0437576      -30.611341       14.049963      0.49035738       1.0049855      0.14583409     -0.79017173       6.7763305        6.7763305        2.490936                                       2.490936
             12       6.7763333      0.65046508      -30.313081       15.838064      0.34222482      0.99840636     0.052292462      0.23522213       6.7763305        6.7763305   5.7204286e-06                                  5.7204286e-06
             11       6.8947522      0.93730764      -30.793869       9.4464488      0.29625343       1.0056215      0.11677249     0.011879294       6.7763305        6.7763305      0.23684344                                     0.23684344
             37       6.7863208      0.94707672      -30.881814       10.332473      0.32871283       1.0095995      0.11858803     -0.93129596       6.7763305        6.7763305     0.019980632                                    0.019980632
              2       6.8300027      0.75208397      -30.764791       14.933014      0.37279767      0.99765711     0.070869644      0.79232326       6.7763305        6.7763305      0.10734456                                     0.10734456
             30       6.8107168      0.67202029      -31.135009       16.142709      0.36665106       1.0158183     0.055191841     -0.76752109       6.7763305        6.7763305     0.068772599                                    0.068772599
             12       6.8042351      0.88654317      -32.202718       9.4962748      0.31979346        1.141664     0.075842394     -0.31266773       6.7763305        6.7763305     0.055809228                                    0.055809228
             39        6.834193       1.1970434      -31.763296       7.2312697      0.31002273       1.0764429      0.21391463     -0.87030949       6.7763305        6.7763305      0.11572498                                     0.11572498
              2       7.3355738      0.91756133      -31.756595       7.4443687      0.24258698       1.0673981      0.12221706     -0.54262124       6.7763305        6.7763305       1.1184867                                      1.1184867
              3       7.0699556      0.96719716      -31.939803       9.3243617      0.26996568      0.89969713      0.11041081     -0.80656187       6.7763305        6.7763305      0.58725028                                     0.58725028
              3        7.296445      0.90709351         -31.974       15.448901      0.43787213       0.9391167     0.090137578      0.38703315       6.7763305        6.7763305       1.0402291                                      1.0402291
              1       6.8021214      0.48347594      -32.454073       31.943311      0.32065106      0.62402186     0.064124073    -0.020621123       6.7763305        6.7763305      0.05158183                                     0.05158183
              3       7.5226731      0.86222121      -32.636204       27.287281      0.22715503      0.29017855      0.18846536     -0.65368174       6.7763305        6.7763305       1.4926853                                      1.4926853
             25       9.3073023      0.55516476      -32.501867       13.536865      0.13051162      0.52195267     0.089385052      -0.2485014       6.7763305        6.7763305       5.0619436                                      5.0619436
              2       6.9249481       1.3919356      -32.327251       10.121893      0.39324813      0.83889515      0.46424508      0.61581683       6.7763305        6.7763305      0.29723527                                     0.29723527
              9       7.2933809      0.39174932       -32.52566       39.017235      0.24641069      0.48452559     0.043910656     -0.32195831       6.7763305        6.7763305       1.0341009                                      1.0341009
              4       7.3159017       0.5428657      -32.649201       46.467839      0.24435112      0.29113296     0.071818241     -0.64689213       6.7763305        6.7763305       1.0791425                                      1.0791425
             21       7.4475043       1.1284736      -30.869312       12.112606      0.45090814      0.99147325      0.17310334     -0.56912311       6.7763305        6.7763305       1.3423476                                      1.3423476
              6       6.8266308       1.2691173      -30.606132       7.3916476      0.31218546       1.0002108      0.23174296      0.99685168       6.7763305        6.7763305      0.10060062                                     0.10060062
             42       6.9562931       1.6072371       -30.82018       7.3904165      0.39839415       1.0080591      0.42879768     -0.44007721       6.7763305        6.7763305      0.35992527                                     0.35992527
              5       6.9734262       1.1694992      -30.220398       7.2885515      0.28298241      0.99779238      0.19058105     -0.99746949       6.7763305        6.7763305      0.39419153                                     0.39419153
              4       6.8799002       1.3817226      -30.291462       8.3498461      0.38478182       1.0023909      0.28449253     -0.63035584       6.7763305        6.7763305      0.20713947                                     0.20713947
             19       7.4130376       1.3084481      -30.059816       5.4172462      0.23592508       1.0003706      0.24910145      0.85651775       6.7763305        6.7763305       1.2734144                                      1.2734144
             27       7.0623699       2.0333605      -31.464524       4.0174516      0.27090226      0.99671156      0.86555571      0.99022301       6.7763305        6.7763305      0.57207879                                     0.57207879
             15       6.8161777       1.9612668      -31.412898       4.7797701      0.31546361       1.0114106       0.7848901       0.8468122       6.7763305        6.7763305     0.079694415                                    0.079694415
             15        6.850177       1.9558761      -31.412625       4.6511106      0.30587498       1.0105734       0.7764104       0.8675925       6.7763305        6.7763305      0.14769317                                     0.14769317
             26       6.9675296       0.9899919       -30.48951       8.6242085      0.28387194      0.99929448       0.1298345      0.93782443       6.7763305        6.7763305      0.38239824                                     0.38239824
              5       8.7316076       1.5502077      -30.623495        10.21665      0.52788614       1.0017602      0.38605452       0.8238758       6.7763305        6.7763305       3.9105543                                      3.9105543
              2       6.7767646      0.73862972      -31.088933       13.961671      0.34476984        1.004817     0.067640349      0.80020983       6.7763305        6.7763305   0.00086826562                                  0.00086826562
             16       6.9432367      0.73048556      -31.125597       16.096017      0.39630992       1.0130405     0.069061355     -0.18455653       6.7763305        6.7763305       0.3338125                                      0.3338125
              4       8.2649192       0.1388939      -30.608587       38.781327      0.17980771       1.0032851    0.0023039466      0.11652972       6.7763305        6.7763305       2.9771775                                      2.9771775
              6       7.8164057      0.16534586      -30.528048       37.652003      0.20642637       0.9965651    0.0032182606      -0.4104334       6.7763305        6.7763305       2.0801504                                      2.0801504
              5        6.799128      0.24107993      -31.355561       39.341976      0.32192819       1.0201492    0.0065885901     -0.11964476       6.7763305        6.7763305     0.045595016                                    0.045595016
              2       6.7961646      0.38772519        -31.3332       27.445554      0.36072188       1.0188222      0.01894559     0.025821115       6.7763305        6.7763305     0.039668285                                    0.039668285
              4       6.8002537      0.64986606       -32.52569       35.554078      0.36256142      0.47161783      0.12364771     -0.34852753       6.7763305        6.7763305     0.047846541                                    0.047846541
              4       7.2641771       1.7902735      -31.884972       8.2431566      0.43485055      0.88562322      0.64040593     -0.78135364       6.7763305        6.7763305       0.9756932                                      0.9756932
              7       7.4414809      0.89230985      -30.462605        7.895846      0.23358165      0.99642879      0.10304981     -0.87337024       6.7763305        6.7763305       1.3303009                                      1.3303009
             16       7.1613636      0.32443712      -32.566455       57.768469      0.25951179      0.41615737     0.029276412     -0.44636822       6.7763305        6.7763305      0.77006622                                     0.77006622
              4       8.5057564     0.082552538      -31.454271       58.980344      0.16717891       1.0319666   0.00077516345     -0.78268542       6.7763305        6.7763305       3.4588519                                      3.4588519
              2       7.3888514       0.1262477      -31.497451       58.556018      0.23795929      0.96745232    0.0020113588      -0.3653607       6.7763305        6.7763305       1.2250418                                      1.2250418
              2       6.9125187      0.15420632      -31.463207       55.817262      0.29294168       1.0228981    0.0026498458      0.10396669       6.7763305        6.7763305      0.27237652                                     0.27237652
              2       6.7879034       0.1834954      -31.733939       56.755583      0.35630094       1.0282651    0.0043728583       0.6632845       6.7763305        6.7763305     0.023145861                                    0.023145861
              3       9.2609956       2.5311425      -32.858972       52.629412      0.13245525     0.029884498      0.54969959     -0.98609879       6.7763305        6.7763305       4.9693303                                      4.9693303
             46       6.9623974        2.936918      -32.526001       59.378867      0.28465739      0.04905922       2.7846235     -0.98687823       6.7763305        6.7763305      0.37213388                                     0.37213388
              6       6.7868467       2.9526408      -32.468327       53.790481      0.32836756     0.062139264        3.624872     -0.98207511       6.7763305        6.7763305     0.021032533                                    0.021032533
             49       6.9534661       2.9160143      -32.465228       53.936576      0.39794945     0.076046075        3.635123     -0.97392076       6.7763305        6.7763305      0.35427129                                     0.35427129
             23       7.3355137       2.9281159      -32.549046       54.982537      0.24259233     0.045288289       2.5039712     -0.98802807       6.7763305        6.7763305       1.1183664                                      1.1183664
              1       8.6105292       2.9297174      -32.516827       31.074902      0.16196122     0.053468433       2.8972786     -0.98491018       6.7763305        6.7763305       3.6683976                                      3.6683976
              7       6.8124221       2.6707916      -32.523721       34.654931      0.36725491      0.11925716       2.5413914     -0.93296783       6.7763305        6.7763305     0.072183192                                    0.072183192
             25       6.8404364       2.6551614      -32.525115       34.711543      0.37565829      0.12250393       2.5058304     -0.92949087       6.7763305        6.7763305       0.1282119                                      0.1282119
             26       6.8302501       2.3996509      -32.385778       10.014303      0.31113144      0.38913205       3.1396881     -0.55129347       6.7763305        6.7763305      0.10783932                                     0.10783932
             10       6.7766783       2.3912335       -32.16682       4.0753071      0.33952063       1.0471424       1.5363443      0.93839258       6.7763305        6.7763305   0.00069570518                                  0.00069570518
              2       6.8465017       2.5259027      -32.319858       7.7331261      0.30678544      0.47204667       4.0731532     -0.38416635       6.7763305        6.7763305      0.14034239                                     0.14034239
              5       6.8444036        2.314905      -31.654596       4.2834718      0.30731588      0.93148921       1.2799814     -0.54678862       6.7763305        6.7763305      0.13614621                                     0.13614621
              6       6.8096962      0.88011132      -32.118801       10.675072      0.36628248       1.1717356      0.11950438       -0.774749       6.7763305        6.7763305     0.066731448                                    0.066731448
              1       6.7771639      0.91192031      -32.090977       9.7059725      0.33816231       1.1482889      0.14207569     -0.35878075       6.7763305        6.7763305    0.0016668042                                   0.0016668042
              1       8.3399765      0.51623603      -31.465963       10.050148      0.17576898       1.0182241     0.030739577      0.45859964       6.7763305        6.7763305       3.1272921                                      3.1272921
              3       8.4876477      0.90459433       -31.52642       17.601734      0.51590342      0.97382516     0.099406907      0.19730607       6.7763305        6.7763305       3.4226345                                      3.4226345
             14       7.0679596      0.48703461      -31.685572       26.864792      0.41378907      0.95051201     0.026360797     -0.50712304       6.7763305        6.7763305      0.58325831                                     0.58325831
              3       7.0455684      0.25191363      -32.451433       51.042006      0.27302195       0.6381754      0.01692411     0.013763224       6.7763305        6.7763305      0.53847578                                     0.53847578
             15       7.5154205       1.5853937       -32.69824        51.43887       0.4562856      0.16816288      0.52783104     -0.83505022       6.7763305        6.7763305         1.47818                                        1.47818
              2       10.364872       1.3135945      -31.774393       12.589778      0.59382674       1.0792008      0.24678669     -0.99084301       6.7763305        6.7763305       7.1770834                                      7.1770834
             17       7.4778019      0.90615763      -31.652357       8.0751523      0.23066087      0.94741738      0.11604685     -0.55889053       6.7763305        6.7763305       1.4029428                                      1.4029428
             11       6.9124228       1.1382762      -31.558551       7.4764297      0.29295896       1.0346341      0.19402983     0.016824487       6.7763305        6.7763305      0.27218469                                     0.27218469
              7       7.6719537      0.88606929      -31.184835       7.2186251      0.21619279       1.0158766       0.1050917     -0.29232618       6.7763305        6.7763305       1.7912465                                      1.7912465
             18       7.7698439      0.77266327      -31.214613       8.2515684      0.20949578      0.98757572     0.078299876      0.29584445       6.7763305        6.7763305       1.9870268                                      1.9870268
              6       7.3828843      0.75403162      -31.338216       17.316922       0.4455327       1.0255132     0.074314351     -0.68635474       6.7763305        6.7763305       1.2131077                                      1.2131077
              9       6.7861331      0.87252984      -31.299798       12.551662      0.35516176      0.97469012     0.098764837     -0.99560039       6.7763305        6.7763305      0.01960523                                     0.01960523
              4       6.8190345      0.59775915      -31.699409       16.327928      0.31452882      0.96855669     0.040075024      0.43433738       6.7763305        6.7763305     0.085408045                                    0.085408045
              6       7.0254907      0.63809326       -31.71245       19.397803      0.40835631      0.99157249     0.049011797      0.96434534       6.7763305        6.7763305       0.4983205                                      0.4983205
             14       8.7965764      0.91476397      -31.948188       19.248708      0.53094916      0.90628379     0.094021012     -0.59416888       6.7763305        6.7763305       4.0404919                                      4.0404919
              7       8.0761526        1.378259      -31.306726       4.2430277      0.19043992      0.97875316      0.27203515     -0.23393045       6.7763305        6.7763305       2.5996443                                      2.5996443
              4       7.4163308       1.8637651      -32.367759       6.0337305      0.23565111       0.6298169       1.3546076    0.0019739219       6.7763305        6.7763305       1.2800006                                      1.2800006
              1       6.7953128       1.8460019      -32.426486       10.646578      0.32368453      0.49499597       1.3794018     -0.32087564       6.7763305        6.7763305      0.03796472                                     0.03796472
              2       6.8362133       1.0212637      -31.501677       9.4885297      0.30946924      0.95984822      0.14455257     -0.85522723       6.7763305        6.7763305      0.11976573                                     0.11976573
              4       8.0864563       1.0391811      -31.360417       5.4347368       0.1898404       1.0102777      0.14059248      0.75194858       6.7763305        6.7763305       2.6202517                                      2.6202517
             10       7.7406854      0.73790039      -30.820847       8.5594957      0.21145468       1.0062208     0.069557376     -0.11179654       6.7763305        6.7763305       1.9287099                                      1.9287099
              3       6.8045241      0.61327473      -31.091752       17.856331      0.36432126      0.99990587     0.046440835      0.99992516       6.7763305        6.7763305     0.056387342                                    0.056387342
              8       7.8003974       0.2635149      -32.348555       27.047661      0.20747375      0.87488342      0.01229672      0.71459901       6.7763305        6.7763305       2.0481338                                      2.0481338
             19       6.9555708      0.90139617      -32.450504       22.061572      0.39828085      0.60194826      0.23961771     -0.07318244       6.7763305        6.7763305      0.35848059                                     0.35848059
             16       6.7928316       0.5051183      -31.231688       21.746264      0.35907652       0.9824968     0.030045247     -0.43882232       6.7763305        6.7763305     0.033002201                                    0.033002201
             10        6.916907       1.0232965      -32.682798       37.660153      0.29215757      0.22785338      0.23536164     -0.74385494       6.7763305        6.7763305      0.28115297                                     0.28115297
              3       6.7802516       1.0656629      -32.650708       38.214735      0.35032427      0.25854814      0.27933523      -0.7033521       6.7763305        6.7763305    0.0078421739                                   0.0078421739
              3       8.9531981       2.3033443      -32.824242       38.156019       0.1458633     0.049882249      0.57904683     -0.96970859       6.7763305        6.7763305       4.3537352                                      4.3537352
             10       9.9687138       2.2495696      -32.576275       43.937757       0.5795201      0.17621914        1.559488     -0.85521313       6.7763305        6.7763305       6.3847667                                      6.3847667
              6       10.220287       2.2788452      -32.562982       42.659595      0.58870144      0.18200589       1.6758302     -0.85044017       6.7763305        6.7763305       6.8879129                                      6.8879129
             29       6.7991818        2.132146      -30.537547       4.5586897      0.32190451      0.99538709       1.0165137     -0.28541785       6.7763305        6.7763305     0.045702656                                    0.045702656
             23       7.0943131       2.6455086      -30.729959       4.7896564      0.41696259      0.98902086       2.6185506     -0.79581703       6.7763305        6.7763305      0.63596534                                     0.63596534
             34       6.9085509        2.413508      -31.901495       4.1091612      0.29366162       0.8899532       1.4331255      -0.2381626       6.7763305        6.7763305      0.26444081                                     0.26444081
             36       6.7955765       2.6045771      -31.859403       4.8920431      0.36044221      0.85021754       2.3406949     -0.97189448       6.7763305        6.7763305     0.038491977                                    0.038491977
             15       7.3183205      0.22741404      -31.337934       56.782483      0.43986751       1.0237929    0.0063928858     -0.55283315       6.7763305        6.7763305       1.0839802                                      1.0839802
             17       7.1906577      0.13905154      -31.144534       55.236768      0.25643136       1.0034344    0.0022618378      0.91667245       6.7763305        6.7763305      0.82865452                                     0.82865452
              4       6.7967749      0.30759914      -30.972263       35.662086      0.36100772      0.98911442     0.011173156     -0.83255011       6.7763305        6.7763305     0.040888808                                    0.040888808
              6       7.7455048       1.8593539      -30.790284       7.6184624      0.47287111       1.0033104      0.64930817      0.75345817       6.7763305        6.7763305       1.9383486                                      1.9383486
             21       7.5997949       1.8575514       -30.87471       7.4508258      0.46263276        1.004646      0.64951801      0.67167251       6.7763305        6.7763305       1.6469288                                      1.6469288
              2        7.626653       1.8971476      -30.898698       7.4407495      0.46458426      0.98916463       0.6755632     -0.60293602       6.7763305        6.7763305       1.7006451                                      1.7006451
             32         6.96484       1.4382891      -30.453433       8.3426808      0.39971776       1.0012062      0.31706012      0.80884024       6.7763305        6.7763305      0.37701904                                     0.37701904
              7       7.0835872       1.5116624      -30.447316       8.2712176      0.41568745      0.99922792      0.36017338      0.92379841       6.7763305        6.7763305      0.61451339                                     0.61451339
              3       7.0199189       1.9130548      -30.436229       6.4204148      0.40761017      0.99741618      0.70690636      0.25764779       6.7763305        6.7763305      0.48717682                                     0.48717682
              1       6.7836601      0.54493865      -30.473806       19.559099      0.35338112      0.99648049     0.036447563     -0.82179941       6.7763305        6.7763305     0.014659336                                    0.014659336
              4       7.4188356      0.99159709      -32.176173       11.653257      0.44855679       1.1666935      0.10768617       -0.807871       6.7763305        6.7763305       1.2850102                                      1.2850102
              2       6.9320372      0.94311869      -32.134321       10.662926      0.39445617       1.1789025      0.12676536     -0.94019499       6.7763305        6.7763305      0.31141353                                     0.31141353
              4       7.7709886       1.1561889      -31.942599       6.0309971      0.20941946       0.9026534       0.1613009     -0.64270525       6.7763305        6.7763305       1.9893163                                      1.9893163
             17       7.6009936       1.8319393      -32.660568       21.220054      0.22127947      0.17108245      0.79009884     -0.84103256       6.7763305        6.7763305       1.6493263                                      1.6493263
              8       7.5878938       2.5911965      -31.751034       4.9500635      0.46175787       1.0819946       2.0944278      -0.0863201       6.7763305        6.7763305       1.6231266                                      1.6231266
             14       7.0913386        2.515882      -31.659322       5.2132553      0.41661115      0.95467058       1.8494729      0.45783453       6.7763305        6.7763305      0.63001631                                     0.63001631
             63       7.0389235        2.770767      -31.746535       4.2218022      0.41012154       1.0537476       3.2468216       0.6478403       6.7763305        6.7763305      0.52518601                                     0.52518601
             16       6.8167635       2.7195529      -31.604723       4.4535607      0.36873075      0.91501113       3.3293114     -0.58539572       6.7763305        6.7763305     0.080866099                                    0.080866099
              3       6.7999095       2.9475513      -32.346656       27.865252      0.36241297      0.13261764       6.1619359     -0.93862115       6.7763305        6.7763305     0.047158154                                    0.047158154
              3       6.7766643       1.7750031      -30.193398       5.8457385      0.34442895      0.99766113      0.56023095     -0.99955868       6.7763305        6.7763305   0.00066770061                                  0.00066770061
             13       6.7763311       1.8627416      -30.386523       5.5286863      0.34210873      0.99841593      0.64456941      0.63688701       6.7763305        6.7763305    1.337933e-06                                   1.337933e-06
             17       6.8163868      0.65462166      -31.979308        17.93698      0.36860592      0.94350569     0.044919684      0.46167926       6.7763305        6.7763305     0.080112595                                    0.080112595
              1       7.0677457      0.39028217      -31.734085        20.21216      0.27023726        1.029617     0.020116911      0.63670593       6.7763305        6.7763305      0.58283052                                     0.58283052
             18       7.3180931      0.38317302      -31.708745       19.483357      0.24415303      0.98293614     0.016646731      0.84213836       6.7763305        6.7763305       1.0835253                                      1.0835253
              1       7.0390199      0.35650104      -31.698914       23.884481      0.27386596      0.96668134     0.013818997      0.34333967       6.7763305        6.7763305       0.5253789                                      0.5253789
             17       7.3853468       1.7344594      -32.517254       11.748319      0.23825735      0.35142151       1.0642033     -0.58701755       6.7763305        6.7763305       1.2180328                                      1.2180328
             15       7.2709445       2.1264278      -31.716048       5.8260035      0.43549235       1.0565281       1.1271039      0.23897054       6.7763305        6.7763305      0.98922804                                     0.98922804
              1       6.9320284       1.4690856      -32.572512       18.909167      0.28954532      0.31327009      0.65711936     -0.63680756       6.7763305        6.7763305      0.31139578                                     0.31139578
              1       7.3965569       1.4629759      -32.646884       21.577996      0.23730692      0.22593527      0.53469103     -0.75951635       6.7763305        6.7763305       1.2404528                                      1.2404528
             24       7.1151858      0.78145592       -32.41296       23.130759      0.41938379      0.69733132      0.16115968      0.17072858       6.7763305        6.7763305      0.67771061                                     0.67771061
              5       6.7823289       0.5474275      -31.989302       18.997032      0.33170415      0.95865083     0.032016225      0.72976102       6.7763305        6.7763305      0.01199688                                     0.01199688
              1       6.8126068        0.525155      -31.983295       19.111593      0.31668052      0.94832862     0.028624628      0.55344793       6.7763305        6.7763305     0.072552753                                    0.072552753
             10       6.9582886      0.51766753      -31.916878       18.462419      0.28529405      0.89717074     0.034729391     -0.92279466       6.7763305        6.7763305      0.36391629                                     0.36391629
              4       7.4247448      0.48291343      -31.955455       16.046842      0.23495431      0.91126876     0.024058195       -0.505937       6.7763305        6.7763305       1.2968287                                      1.2968287
             13       6.8759969       1.7900263      -32.114978       5.3859943       0.3839679       1.1969928      0.58313098     -0.99777583       6.7763305        6.7763305      0.19933283                                     0.19933283
              3       8.4507687       1.5011659      -32.679772       17.792603      0.16998061      0.19127275        0.506614     -0.80460376       6.7763305        6.7763305       3.3488764                                      3.3488764
             16       6.7947656       1.0684739      -32.483787       19.674575      0.36004954      0.51477194      0.35919148     -0.26742748       6.7763305        6.7763305      0.03687028                                     0.03687028
              9       9.3289359      0.96792203      -32.334494       19.764439      0.55439031      0.87098898      0.18480677      0.70971912       6.7763305        6.7763305        5.105211                                       5.105211
             12       6.8861718       1.1706224      -32.456903       17.774203       0.3860581      0.55765756      0.43712141     -0.17590281       6.7763305        6.7763305      0.21968265                                     0.21968265
              9       6.8891418       2.5096557      -32.346961       8.5501909      0.29735023      0.41648581       3.8698707     -0.50250916       6.7763305        6.7763305      0.22562272                                     0.22562272
              4       7.0092705      0.31704076      -32.202286       33.532915      0.40616008       1.1482401     0.009110994     -0.53496208       6.7763305        6.7763305      0.46588003                                     0.46588003
              4       7.1150569      0.30350341      -32.176036       35.547906      0.41936908       1.1682632    0.0096153356      -0.9378875       6.7763305        6.7763305      0.67745295                                     0.67745295
             28       6.8317818      0.21958511      -32.132249       36.348922      0.31069607       1.1699391    0.0066331225     -0.83518348       6.7763305        6.7763305      0.11090268                                     0.11090268
              2       7.0037802         2.91281      -32.155485       4.9035228      0.27860054      0.58625088       9.4616335    -0.066839918       6.7763305        6.7763305      0.45489944                                     0.45489944
             75       6.8715664       2.9205485      -32.171775       6.1020998      0.30097549      0.50758563       9.8421133     -0.28505373       6.7763305        6.7763305      0.19047195                                     0.19047195
              3       8.7160293       2.7856761      -32.177051        8.077373      0.52714415      0.70412625       6.2842709      0.27365304       6.7763305        6.7763305       3.8793976                                      3.8793976
              8       7.6464287        2.825427      -32.189276       8.2603717      0.46600151      0.60010266       7.4182394    -0.039108945       6.7763305        6.7763305       1.7401964                                      1.7401964
              2       6.8142691      0.77102671      -31.952389       13.548273      0.31610693      0.90949969     0.064208551     -0.51721222       6.7763305        6.7763305     0.075877237                                    0.075877237
              2       7.0785323      0.45889109      -31.070823       17.495235       0.2689212       1.0067405     0.026032921      0.57355946       6.7763305        6.7763305      0.60440368                                     0.60440368
             18       7.5060408      0.42233322      -31.031099       32.005504       0.4555581       1.0129447     0.021706645     -0.91824115       6.7763305        6.7763305       1.4594207                                      1.4594207
              8       9.7970244      0.55548928      -31.096694       31.278479      0.57304481      0.99126365     0.038753345      0.37422036       6.7763305        6.7763305       6.0413878                                      6.0413878
              6       8.0722322       1.0055818      -32.591987       16.885841      0.19066866      0.33749015      0.28383587     -0.58565985       6.7763305        6.7763305       2.5918035                                      2.5918035
              8       6.9645939       2.1039673      -32.441421       14.591993      0.39968008      0.39127383       1.9596395     -0.53412148       6.7763305        6.7763305      0.37652689                                     0.37652689
             19       6.8062598         2.08788       -32.45513       14.155394      0.36499806      0.37118034       1.8766057     -0.56920498       6.7763305        6.7763305     0.059858616                                    0.059858616
             11       6.7794925      0.82634126      -31.125531       12.007566      0.33452469       1.0132945     0.089961461     -0.20981077       6.7763305        6.7763305    0.0063241577                                   0.0063241577
              2       7.2734443       0.9418103      -31.614035       7.8441772      0.24827169       1.0100393      0.11266715      0.92455632       6.7763305        6.7763305      0.99422763                                     0.99422763
             14       7.5345255       1.1199273      -31.722996       5.9518081      0.22624672       1.0201533      0.18383292      0.84048799       6.7763305        6.7763305       1.5163901                                      1.5163901
             18       7.2078093       1.9092369      -31.940181       4.3648955      0.25467822      0.91850184      0.59316074      0.13750041       6.7763305        6.7763305      0.86295763                                     0.86295763
              5       7.2743799      0.42772229      -30.083275       17.414584      0.24818353       1.0014283     0.022085174     -0.98493906       6.7763305        6.7763305      0.99609884                                     0.99609884
              1        7.027482      0.47929768      -30.205805       17.282778      0.27537905      0.99915746     0.027944699      0.66063677       6.7763305        6.7763305      0.50230313                                     0.50230313
              1       7.0151137      0.67414746      -30.071776        18.15796      0.40695981      0.99919782     0.056496864       0.4756871       6.7763305        6.7763305      0.47756649                                     0.47756649
              3       7.0345357      0.66453614      -30.074146       18.507712         0.40955       1.0008235     0.054802207      0.29661183       6.7763305        6.7763305      0.51641048                                     0.51641048
              1       6.8299453       0.6730599      -30.135384       16.637838      0.37278119       1.0005189     0.056534023      0.78582211       6.7763305        6.7763305      0.10722969                                     0.10722969
             14       6.8419808      0.44944052      -30.521371       25.071017      0.37606131       1.0030819     0.024255872     -0.15734067       6.7763305        6.7763305      0.13130065                                     0.13130065
              5       7.3745388      0.78478026      -30.406566       17.088066      0.44481798      0.99692677     0.077988397     -0.83093698       6.7763305        6.7763305       1.1964167                                      1.1964167
              8       7.4244176       0.7850358      -30.400912        17.13685      0.44901867       1.0031499     0.078245813     -0.99635642       6.7763305        6.7763305       1.2961742                                      1.2961742
             17       7.0461882      0.77114917      -31.006926       10.758183      0.27294259      0.98881694     0.076785872      -0.5078677       6.7763305        6.7763305      0.53971549                                     0.53971549
              3       6.9164001       1.4201971      -31.543276       6.1051122      0.29224751        1.013049      0.31846785      0.85797064       6.7763305        6.7763305      0.28013923                                     0.28013923
              7       7.2843693       1.6356226       -31.31728       4.5376582      0.24724736       1.0012411       0.4459534      0.99655362       6.7763305        6.7763305       1.0160778                                      1.0160778
             14          6.8461       1.6168071      -31.394479       5.8884259      0.30688638      0.96881774      0.41264601     -0.60937006       6.7763305        6.7763305      0.13953899                                     0.13953899
              7       6.7765242       1.5696042      -30.908489       6.5457516      0.34385013        1.005869      0.40322827      0.48424842       6.7763305        6.7763305   0.00038739004                                  0.00038739004
              1       7.1848392      0.70755736      -32.125579       15.475515      0.42696568       1.1719474     0.073333821     -0.81747848       6.7763305        6.7763305      0.81701744                                     0.81701744
              2       6.7822238      0.39547465      -32.266473        23.99031      0.33179472       1.0510827     0.015784916      0.87817547       6.7763305        6.7763305     0.011786742                                    0.011786742
              2       6.7770792      0.37711929      -32.204851       24.052171      0.34563761       1.1452752     0.012815444     -0.46538028       6.7763305        6.7763305    0.0014975372                                   0.0014975372
              3       7.9198729       1.2517327      -32.764455        32.76134      0.19984276      0.14646608      0.26652649     -0.85036338       6.7763305        6.7763305       2.2870849                                      2.2870849
             14        6.787803       1.1220618      -32.611702       31.755053      0.35623877      0.30049237      0.34184511     -0.64485411       6.7763305        6.7763305     0.022945062                                    0.022945062
              8       6.7824447      0.29394797      -30.753285       35.958656      0.35239477       1.0020224     0.010238795       0.8267681       6.7763305        6.7763305     0.012228518                                    0.012228518
              3       7.2437101      0.35295572      -30.840182       37.147518      0.43288198      0.99229633     0.014767083     -0.67939977       6.7763305        6.7763305      0.93475937                                     0.93475937
              8       6.8006554      0.29114646      -30.746648       37.226071      0.36273333       1.0058904     0.010219062     -0.48700713       6.7763305        6.7763305     0.048649968                                    0.048649968
              9       7.0081413      0.50368375       -30.08708        16.58989      0.27799562      0.99990422     0.030862116      0.99807759       6.7763305        6.7763305      0.46362165                                     0.46362165
             15       6.9118874      0.40872948      -30.420857       21.501483      0.29305551         1.00223     0.020235635      0.04061893       6.7763305        6.7763305      0.27111394                                     0.27111394
             31         7.47765      0.30132161       -30.47383       23.088406      0.23067292      0.99653896     0.010880068     -0.80383669       6.7763305        6.7763305       1.4026391                                      1.4026391
             12       6.9744583      0.37329889      -30.493453       22.685308       0.2828281       1.0037905     0.016715347     -0.99248404       6.7763305        6.7763305      0.39625558                                     0.39625558
              3       7.7712399      0.35241505      -31.837392       17.723576      0.20940272       1.0076238     0.014490856       0.9830672       6.7763305        6.7763305       1.9898188                                      1.9898188
              4       7.9159037      0.78761762       -31.79801        17.34878      0.48391032        1.064394      0.07028399     -0.49109821       6.7763305        6.7763305       2.2791464                                      2.2791464
              4       6.7828154      0.77997479      -31.591028       12.228946       0.3312948       1.0439193     0.072740756     -0.70510178       6.7763305        6.7763305     0.012969817                                    0.012969817
             18       6.7763572      0.84807467      -31.631027       12.408686      0.34268734      0.97872363     0.098930179      0.71065154       6.7763305        6.7763305   5.3466436e-05                                  5.3466436e-05
              7       7.3958387      0.88524074      -31.340376       14.760239      0.44663245       1.0273476      0.10371341     -0.89456869       6.7763305        6.7763305       1.2390164                                      1.2390164
              2       7.0716689      0.95888531      -32.262424       12.503646      0.41424418       1.0384246      0.10773482      0.93951423       6.7763305        6.7763305      0.59067693                                     0.59067693
              1       6.7826315      0.87665764       -32.42301       18.152137      0.35255236      0.66586737      0.21373118      0.08661078       6.7763305        6.7763305     0.012602112                                    0.012602112
             21       6.9270529      0.39852482      -30.249998       29.724269      0.39360975      0.99866812     0.019039815      0.27421302       6.7763305        6.7763305       0.3014448                                      0.3014448
              2       7.0915501      0.38738669      -30.437378       32.394388       0.4166362      0.99784809      0.01814373      0.18609283       6.7763305        6.7763305      0.63043934                                     0.63043934
              3       7.1074505      0.14381399      -31.026566       55.017087      0.26550456       1.0085447    0.0025057376      0.14266206       6.7763305        6.7763305      0.66224004                                     0.66224004
             14       6.7884764      0.22275277      -30.931066       44.591403      0.32734927      0.99051039    0.0059781686     -0.65006355       6.7763305        6.7763305     0.024291964                                    0.024291964
              3       6.9394696      0.19831103      -30.931794       44.134307      0.28830648      0.99004084    0.0047161117     -0.81982528       6.7763305        6.7763305      0.32627821                                     0.32627821
             11       6.8937476      0.22082389      -30.413964       40.333987      0.29644789       1.0003525    0.0057853309      0.97335203       6.7763305        6.7763305      0.23483418                                     0.23483418
             11       6.9131761      0.20281173      -30.370134        43.28395      0.29282342        1.002554    0.0049014769      -0.6176283       6.7763305        6.7763305      0.27369121                                     0.27369121
             16       6.8232018      0.41623131      -30.021303       26.790273      0.37078037      0.99937103     0.020844303      0.61812854       6.7763305        6.7763305     0.093742601                                    0.093742601
             14       6.8934339      0.29516158       -30.66479       39.236605      0.38749122       1.0056168     0.010384362     -0.99454816       6.7763305        6.7763305       0.2342068                                      0.2342068
              1        9.651877     0.082004024      -30.611553       42.522532       0.1165745       1.0047804   0.00079151438     -0.87079012       6.7763305        6.7763305       5.7510931                                      5.7510931
              4       7.2249477      0.26845684      -30.964903       48.599195      0.43103911      0.99296748     0.008753786      0.23084947       6.7763305        6.7763305      0.89723438                                     0.89723438
             12       7.1248724      0.31399938      -32.349901       46.233478      0.42048206      0.87053056     0.017717866      0.70072374       6.7763305        6.7763305      0.69708387                                     0.69708387
              2       9.4489978      0.39350054      -32.312649       44.768456      0.55932781      0.95426913     0.021836928      0.94351125       6.7763305        6.7763305       5.3453346                                      5.3453346
              3       7.1217092      0.81283812      -32.650808       56.326032      0.42012511       0.2757956      0.16147371     -0.67335653       6.7763305        6.7763305      0.69075751                                     0.69075751
              8       7.2229743      0.82534154      -32.647113       56.156933      0.43084306      0.27938554      0.16805055     -0.66848355       6.7763305        6.7763305       0.8932877                                      0.8932877
             12       7.5744007      0.79991148      -32.629923       57.327372      0.46075814      0.30198889      0.16415437     -0.63513009       6.7763305        6.7763305       1.5961404                                      1.5961404
              2       8.1913873      0.80096851      -32.844358       58.081261      0.18386435      0.11878674     0.083943595     -0.87385935       6.7763305        6.7763305       2.8301136                                      2.8301136
             15       6.8353379      0.17023263      -32.264435       51.683682       0.3097079       1.0579812    0.0028103405      0.83511505       6.7763305        6.7763305      0.11801493                                     0.11801493
             10       6.9102641      0.23006032      -32.261865       48.047598      0.39065054       1.0621771    0.0050828444      0.80624405       6.7763305        6.7763305      0.26786729                                     0.26786729
              1       7.0256877        1.166927      -32.042542       9.7130406      0.40838254       1.0829045      0.23963297      0.48426163       6.7763305        6.7763305      0.49871447                                     0.49871447
              3       7.6682406      0.68359131      -32.187311       8.2048176      0.21645385       1.1599032     0.046614042     -0.73736357       6.7763305        6.7763305       1.7838203                                      1.7838203
              6       10.337679      0.56575088      -32.572902       12.216057       0.0911292      0.39629917     0.089543857      -0.4824553       6.7763305        6.7763305       7.1226979                                      7.1226979
              1       10.627876     0.095516372      -32.184563       21.937412     0.081108238       1.1633855   0.00089912453     -0.86115472       6.7763305        6.7763305        7.703091                                       7.703091
              7       7.0047638       1.0512304      -32.387646       15.848318       0.4055364      0.73159491      0.29289753       0.2718161       6.7763305        6.7763305      0.45686663                                     0.45686663
              1       7.1261071      0.88511989      -30.828859       8.9112342      0.26337906       1.0036059      0.10042532      0.64110386       6.7763305        6.7763305      0.69955327                                     0.69955327
              2       6.7784432      0.28700909      -30.987948       36.050269      0.34811035       1.0111945    0.0099580852     -0.76174051       6.7763305        6.7763305    0.0042254843                                   0.0042254843
             10       6.7832343      0.27912185      -31.013779        36.04558      0.33095444      0.98865383    0.0091317245     -0.65681388       6.7763305        6.7763305     0.013807656                                    0.013807656
             32       7.1262022      0.17768943      -31.323944       44.412533      0.26336837       1.0030403     0.003783663      0.97210301       6.7763305        6.7763305      0.69974347                                     0.69974347
              3       6.7763898       2.4460935      -31.831955       4.6972117      0.34097603      0.89193369       2.0716661     -0.16874893       6.7763305        6.7763305   0.00011866383                                  0.00011866383
             38       6.7999317        2.444214       -31.79659       4.5275588      0.36242256      0.98431433       1.8306103      0.96706868       6.7763305        6.7763305     0.047202457                                    0.047202457
              3       7.6525981       2.3396359      -31.447359       5.8536483      0.46644035       1.0236303       1.3742448      0.54449316       6.7763305        6.7763305       1.7525352                                      1.7525352
             14       7.4568308       1.8357461      -31.908107       4.3180396      0.23233778      0.88093225      0.59326232     -0.96868937       6.7763305        6.7763305       1.3610007                                      1.3610007
              1        6.981725        1.934586      -31.927044       4.8679302      0.28175274      0.89920282      0.62539675     -0.36334547       6.7763305        6.7763305       0.4107891                                      0.4107891
              1         6.81828      0.71199524       -32.29762       13.619407      0.31477257      0.97562635     0.069546446      0.98232239       6.7763305        6.7763305     0.083899127                                    0.083899127
              1       6.8122279      0.71130692       -32.29782       13.726782      0.31681312      0.97521258     0.069500338      0.98175714       6.7763305        6.7763305     0.071794797                                    0.071794797
              6       6.8049757      0.63174316       -32.15358       12.924005       0.3195007        1.176132     0.049063767     -0.99775925       6.7763305        6.7763305     0.057290444                                    0.057290444
              4       6.8676194      0.53724091      -31.778963       15.720704      0.30183462       1.0741128     0.035273598       -0.999149       6.7763305        6.7763305      0.18257788                                     0.18257788
              4       7.2229956      0.28441499      -32.291658        26.68682      0.25315482       1.0024409    0.0095719774      0.99978872       6.7763305        6.7763305      0.89333022                                     0.89333022
              6       7.2544979      0.22645188       -32.07061       30.032048      0.25007517       1.1051764    0.0080369225      0.18038254       6.7763305        6.7763305      0.95633491                                     0.95633491
             11       6.8000623      0.25763929      -32.267221       40.200692        0.362479       1.0518629    0.0065994799      0.87296243       6.7763305        6.7763305     0.047463728                                    0.047463728
             23       7.1157053       2.8129316      -32.500426        48.35373      0.41944309      0.09268422       2.9987955     -0.95948075       6.7763305        6.7763305      0.67874968                                     0.67874968
             30       6.9022498       3.0169283      -32.327446       40.527783      0.38917251     0.095663491       6.9285361     -0.96790216       6.7763305        6.7763305      0.25183863                                     0.25183863
             24       6.7766269       1.7278254      -32.693742        38.02597      0.34428884      0.15749425      0.62952362     -0.85229489       6.7763305        6.7763305   0.00059289319                                  0.00059289319
              5       7.0767495       1.7662221      -32.752917        39.23813      0.26913708      0.11671907        0.523089     -0.89709879       6.7763305        6.7763305      0.60083808                                     0.60083808
              8       8.6864245       1.6593902      -32.879679       41.037119      0.15827416     0.069856458      0.28054348     -0.93996616       6.7763305        6.7763305       3.8201882                                      3.8201882
              2       10.179866       1.1351067      -33.004029       49.414448     0.096750573     0.051842366     0.085025475     -0.95005429       6.7763305        6.7763305       6.8070713                                      6.8070713
             23       6.8087039      0.25159644      -31.293859       38.787404      0.31808131      0.97963626    0.0078357381     -0.39145934       6.7763305        6.7763305     0.064746909                                    0.064746909
              4         6.98507      0.37986684      -30.010476       31.843857      0.40273586       1.0006568     0.017297328      0.32259959       6.7763305        6.7763305      0.41747898                                     0.41747898
             14       6.9145369      0.35531275      -30.092364       33.101159      0.39142048       1.0002567     0.015149205      0.91818338       6.7763305        6.7763305       0.2764128                                      0.2764128
              4       6.9993863      0.37223116      -30.106323       32.735528       0.4047841         0.99842     0.016649347     -0.92953733       6.7763305        6.7763305      0.44611172                                     0.44611172
             12       8.0173859      0.51373691      -31.426364       11.183321      0.19390567       1.0143804     0.033645191      0.63395714       6.7763305        6.7763305       2.4821109                                      2.4821109
              1       7.3669365       0.4143083      -31.543604       32.194111      0.44416257        1.000838     0.020747163      0.99923584       6.7763305        6.7763305       1.1812121                                      1.1812121
              4       6.7818051      0.30002126      -31.459727       34.315794      0.35183602        1.027108     0.010128409     -0.26374312       6.7763305        6.7763305     0.010949223                                    0.010949223
             12       7.8870994      0.43531982      -31.604045       32.306993      0.48210535       1.0302886     0.021065964      0.17841829       6.7763305        6.7763305       2.2215378                                      2.2215378
             14       8.4993333      0.11861782      -31.768829       39.650305      0.16750385       1.0704102     0.001786079     -0.82038791       6.7763305        6.7763305       3.4460057                                      3.4460057
              7       7.7909636      0.17320663      -31.700385       37.285717      0.20809482       0.9684477    0.0032331364       0.4098679       6.7763305        6.7763305       2.0292663                                      2.0292663
              3        8.113479      0.50524421      -31.383255       30.250561      0.49572082      0.97481965     0.032632295     -0.36493492       6.7763305        6.7763305       2.6742971                                      2.6742971
              8       8.2939777      0.15053933      -31.973233       38.220052      0.17823229       0.9310372    0.0022230939      0.11843272       6.7763305        6.7763305       3.0352945                                      3.0352945
              1       9.1459077       1.1160864      -32.950175       55.417071      0.13736577     0.066751193      0.10350426     -0.93468769       6.7763305        6.7763305       4.7391545                                      4.7391545
             41       7.0745916       1.2477213      -32.804503        52.97228      0.26939924      0.12250449      0.22829855     -0.87734719       6.7763305        6.7763305      0.59652227                                     0.59652227
             26       8.7060468       1.5499543      -32.906406        46.13447      0.15733287     0.066129763       0.2234707     -0.94149989       6.7763305        6.7763305       3.8594327                                      3.8594327
             15       6.8964723       1.0936789       -32.69044       49.460739      0.38807761      0.21562051      0.26265797     -0.76163958       6.7763305        6.7763305      0.24028363                                     0.24028363
              1       10.602618       1.4374952       -32.91671        25.50735     0.081965086      0.06718604      0.18791421     -0.93865199       6.7763305        6.7763305       7.6525754                                      7.6525754
              3       7.0686175      0.18740477      -32.096169       58.195292         0.41387        1.140558    0.0054959127     -0.30323364       6.7763305        6.7763305      0.58457416                                     0.58457416
              1       6.7787129      0.62096128      -32.586987       45.371708       0.3484886      0.37175843      0.10619432     -0.52386471       6.7763305        6.7763305    0.0047648191                                   0.0047648191
             10       6.8153372      0.53816367      -32.578331       45.314789      0.31574495       0.3891383     0.080332857     -0.49416433       6.7763305        6.7763305     0.078013567                                    0.078013567
              3       6.8046294      0.26920773      -32.249245       37.523412      0.36436287       1.0840921    0.0065675808      0.60196137       6.7763305        6.7763305     0.056597794                                    0.056597794
              7       6.7841093      0.22553569      -32.203099        38.34663      0.33027537       1.1477719    0.0045774366     -0.53076307       6.7763305        6.7763305      0.01555761                                     0.01555761
              8       6.8111274      0.99338058      -30.823471       11.003631      0.36679781       1.0085489      0.13139732     -0.98985963       6.7763305        6.7763305     0.069593864                                    0.069593864
             14       6.7866136       1.7717484      -31.556518       5.3256151      0.32851954       1.0464327      0.60018218      -0.3965049       6.7763305        6.7763305     0.020566195                                    0.020566195
              1       7.1581935       1.7314348      -32.306096        5.419045      0.25985206      0.83237531      0.83408539      0.60627795       6.7763305        6.7763305      0.76372606                                     0.76372606
              8       6.8797359      0.33460239      -32.251091       31.995686      0.38474788       1.0801341     0.010302888      0.64707717       6.7763305        6.7763305      0.20681087                                     0.20681087
              1        6.798529      0.31390915      -32.264552       32.800394      0.36180638       1.0561244    0.0097059905      0.84797661       6.7763305        6.7763305     0.044397079                                    0.044397079
             28       7.0459139      0.25419398      -32.292053       32.208659       0.2729777       1.0021003    0.0076390419      0.99984372       6.7763305        6.7763305       0.5391668                                      0.5391668
              7       7.1038882      0.34834805      -32.411883       31.685045      0.26591715      0.72410332     0.029401685      0.24281838       6.7763305        6.7763305      0.65511549                                     0.65511549
              1       8.1485237        1.065052      -32.229697       12.818157      0.49772218       1.0957527      0.11695313      0.50407546       6.7763305        6.7763305       2.7443864                                      2.7443864
              3       7.3879199      0.70879835      -30.859013       10.076653      0.23803843       1.0016823     0.062592466       0.9299911       6.7763305        6.7763305       1.2231788                                      1.2231788
              2       6.8038131       1.0839356      -30.715095       8.9316508        0.319962      0.99331068      0.15937248     -0.96796407       6.7763305        6.7763305     0.054965306                                    0.054965306
             16       6.8422812       1.7889832      -30.992741       5.1265325      0.30786086        1.008896      0.56173151      0.25048529       6.7763305        6.7763305      0.13190138                                     0.13190138
             10       6.7818467      0.58879898      -30.659093       16.974354      0.33212665      0.99876963     0.042466707      0.90505608       6.7763305        6.7763305     0.011032494                                    0.011032494
             12       6.7779551      0.58902577      -30.684557       17.620321      0.34735828       1.0058922     0.042535943     -0.94791028       6.7763305        6.7763305    0.0032493375                                   0.0032493375
              4       6.8665876      0.72017742      -30.892151       15.977222      0.38193775      0.99763972      0.06563278      0.88382507       6.7763305        6.7763305      0.18051429                                     0.18051429
              4       6.8315522       0.7655619      -30.930982       14.801456      0.37323905      0.98997499     0.075114406     -0.73185836       6.7763305        6.7763305      0.11044342                                     0.11044342
             23       7.1681263      0.39491051       -30.93236       19.901022      0.25879053      0.98968323     0.018886171     -0.92880145       6.7763305        6.7763305      0.78359168                                     0.78359168
              2       8.7194419      0.43520982      -32.247917       33.592715      0.52730695       1.0840308     0.017452517      0.60673326       6.7763305        6.7763305       3.8862228                                      3.8862228
             13       6.9330934       0.9079413       -32.68322       55.640902      0.39463377      0.23478169      0.18506101      -0.7319851       6.7763305        6.7763305      0.31352577                                     0.31352577
