#        weight    minuslogpost         theta_i      log10_m_eV        C_agamma        beta_deg             eta         Omega_a           w_a_0   minuslogprior minuslogprior__0            chi2 chi2__birefringence_lk.BirefringenceLikelihood
              2       6.8083631       1.2379056      -31.158814       9.0548553      0.36579246      0.98081614      0.21886806      -0.9932269       6.7763305        6.7763305     0.064065296                                    0.064065296
              3       6.8307904       1.2406894      -31.148666       9.1124521      0.37302282      0.99165126      0.22470624      0.61297439       6.7763305        6.7763305      0.10891978                                     0.10891978
              1       6.8449756       1.2058074      -31.120465        9.322903      0.37682955       1.0074831       0.2094756      0.64120849       6.7763305        6.7763305      0.13729034                                     0.13729034
              1       7.1536311       1.3155237      -31.064605       9.6943658      0.42365572      0.99842832      0.25148814      0.97971742       6.7763305        6.7763305      0.75460122                                     0.75460122
              1       6.9467325       1.1439752      -31.858386       7.9240723      0.28712427      0.95197774       0.2081545      0.55269364       6.7763305        6.7763305      0.34080413                                     0.34080413
              1       6.9830126        1.091976      -31.851581       8.0161424      0.28156419      0.96676473       0.1804877      0.76766161       6.7763305        6.7763305      0.41336431                                     0.41336431
              2       7.9017501      0.98307299      -31.418624       6.1229349      0.20097371       1.0034962      0.12963929      0.97869126       6.7763305        6.7763305       2.2508393                                      2.2508393
              1       7.6159467       1.0395858      -31.391064       6.5752167      0.22018991      0.96816395      0.14540921     -0.99963208       6.7763305        6.7763305       1.6792325                                      1.6792325
              1        7.242895       1.0163344      -31.784226       6.9140441      0.25119731       1.0744052      0.13026488     -0.90522599       6.7763305        6.7763305      0.93312915                                     0.93312915
              1       6.8519325       1.2521587      -31.433358       8.8117784      0.37855187       1.0311559      0.23679175     -0.40416834       6.7763305        6.7763305      0.15120405                                     0.15120405
              3       6.9108651        1.089311      -31.785661       10.041431      0.39075957       1.0737027      0.15053243     -0.84603307       6.7763305        6.7763305      0.26906917                                     0.26906917
              1       6.8973919      0.81458543      -31.550585       10.730269      0.29574638       1.0169371     0.089467102      0.72906285       6.7763305        6.7763305      0.24212286                                     0.24212286
              2       6.7996887      0.79842355      -32.001698       12.279672      0.32168286      0.98611989     0.077576193       0.9747491       6.7763305        6.7763305     0.046716407                                    0.046716407
              1        6.776955      0.72307214      -32.189108       12.155876       0.3386779       1.1580861     0.051878013     -0.69290815       6.7763305        6.7763305    0.0012490205                                   0.0012490205
              4       6.7974849      0.77393313      -32.318417       13.557001      0.32266503      0.92428675     0.097965472      0.87002103       6.7763305        6.7763305     0.042308869                                    0.042308869
              2       6.8385119      0.82393122        -32.3543       13.500443      0.30885078      0.83451016      0.14194293       0.5887633       6.7763305        6.7763305      0.12436292                                     0.12436292
              1       6.7891224      0.89350077       -31.94618       12.160968      0.32696477      0.90439842     0.090161954     -0.66581674       6.7763305        6.7763305      0.02558378                                     0.02558378
              1       7.1054516      0.66450511       -32.32981       13.298894      0.26573579      0.90377037     0.075290755      0.80890097       6.7763305        6.7763305      0.65824233                                     0.65824233
              1       7.2605829      0.43938709      -31.074288       16.869391      0.24949211       1.0116541     0.023913068     -0.25208032       6.7763305        6.7763305       0.9685049                                      0.9685049
              4       7.4162638      0.42188834      -31.066388       16.810945      0.23565668      0.99864702     0.021362783       0.9819555       6.7763305        6.7763305       1.2798666                                      1.2798666
              1       6.7856653        0.553674      -31.618612       17.775078      0.32915609       1.0052131     0.036860119      0.97895798       6.7763305        6.7763305     0.018669761                                    0.018669761
              8       6.8051902       0.5554917      -31.722783       17.105912      0.31941661       1.0103122     0.039163611      0.95172055       6.7763305        6.7763305     0.057719481                                    0.057719481
              4       8.8728351      0.27179241      -30.899408       16.695226      0.14951771      0.99034142    0.0088003889     -0.99999911       6.7763305        6.7763305       4.1930093                                      4.1930093
              2       8.8906956       0.2754462      -30.306238       16.207555      0.14869956       1.0010996    0.0090733831      0.58984542       6.7763305        6.7763305       4.2287303                                      4.2287303
              2       6.7822452      0.61262043      -30.570306       16.352283      0.33177623      0.99539925      0.04637978     -0.98733177       6.7763305        6.7763305     0.011829491                                    0.011829491
              1       6.8905252      0.70989304      -30.474775       12.623568       0.2970773      0.99636012     0.062984943     -0.90563329       6.7763305        6.7763305      0.22838943                                     0.22838943
              1       6.7777211      0.80982448      -30.360635       12.474612      0.33704258       1.0027409      0.08394594     -0.80955195       6.7763305        6.7763305    0.0027813469                                   0.0027813469
              1       7.0426951       1.0110537      -30.791709       12.179447      0.41060901       1.0021865      0.13740628      0.85056554       6.7763305        6.7763305      0.53272937                                     0.53272937
              3       7.5309434      0.79427784      -30.794091       8.5234063      0.22652048       1.0056428     0.081369266    -0.024974935       6.7763305        6.7763305       1.5092259                                      1.5092259
              1       8.0242105       1.2395197      -31.337472        11.57094      0.49050096       1.0278736      0.22502466     -0.80231896       6.7763305        6.7763305       2.4957601                                      2.4957601
              2       7.4609835       1.6517354      -31.124217       8.0867999      0.45199631       1.0170438      0.46763078     -0.53748852       6.7763305        6.7763305       1.3693061                                      1.3693061
              2       6.8981125        1.485051      -30.752355       7.8466776      0.38839108       1.0017607      0.34123751      0.89907154       6.7763305        6.7763305      0.24356408                                     0.24356408
              1       7.6603069       1.4562486      -30.303791       9.6617203      0.46698652      0.99755366      0.32492845     -0.53354139       6.7763305        6.7763305       1.7679528                                      1.7679528
              1       7.0962352       1.3178694      -30.279074       9.5389519      0.41718881      0.99742796      0.25368784     -0.98944333       6.7763305        6.7763305      0.63980954                                     0.63980954
              2       7.5385141       1.2512714       -31.15439       11.190319      0.45805735      0.98321336      0.22985395     -0.51538286       6.7763305        6.7763305       1.5243672                                      1.5243672
              1       7.0510325         1.10066      -31.097277       11.374832      0.41167449      0.98827469      0.17013967   -0.0053395489       6.7763305        6.7763305       0.5494041                                      0.5494041
              1       7.7394865       1.2837283      -30.678928       11.050706      0.47246415       1.0009852      0.23884285      0.95253681       6.7763305        6.7763305       1.9263121                                      1.9263121
              2       7.9183142       1.3215067      -30.724323       10.933128      0.48406033       1.0069493      0.25695904     -0.87893082       6.7763305        6.7763305       2.2839674                                      2.2839674
              1       7.6086384       1.4075335      -30.693321        9.959875      0.46327879       0.9932343      0.29904957     -0.99997228       6.7763305        6.7763305       1.6646158                                      1.6646158
              3       10.159537      0.39236847      -31.109464       7.5693043     0.097484086      0.98651925     0.018076233     -0.50281234       6.7763305        6.7763305       6.7664138                                      6.7664138
              1       12.933286     0.065734777      -31.525138       5.7229235     0.012142882      0.97013138    0.0004761992     -0.15906407       6.7763305        6.7763305       12.313911                                      12.313911
              3       12.089835      0.18345721      -31.861084       6.0426305      0.03556852      0.96433268    0.0044822924      0.70886576       6.7763305        6.7763305       10.627009                                      10.627009
              2        12.20769      0.19173313       -31.90587       5.5789389     0.032188797      0.90443611    0.0049522659     -0.68104878       6.7763305        6.7763305       10.862719                                      10.862719
              1       10.135274      0.68619962      -31.533968       4.3750405     0.098362475       0.9847337     0.055953654      0.73038112       6.7763305        6.7763305       6.7178863                                      6.7178863
              1        7.469655       0.9503358      -31.473175       7.2958634       0.2313093       1.0026774       0.1177504      0.98999917       6.7763305        6.7763305       1.3866491                                      1.3866491
              2       7.5169808       1.5458717      -30.606145       4.4205259      0.22759383       1.0010021      0.38237551      0.93774139       6.7763305        6.7763305       1.4813006                                      1.4813006
              1       6.9217726       1.6412533      -30.474313       5.3561049      0.29130234       0.9959584       0.4465243     -0.77832917       6.7763305        6.7763305      0.29088424                                     0.29088424
              1       6.7808423       1.5494218      -30.848759       6.7483189      0.35092934       1.0087332      0.38860076      -0.5202255       6.7763305        6.7763305    0.0090236656                                   0.0090236656
              1       6.7815949       1.5536461      -30.931563       6.5078322      0.33235466      0.98795057      0.38608923     -0.99947179       6.7763305        6.7763305     0.010528816                                    0.010528816
              2       6.7938329       1.6260947      -30.944427       6.5888598      0.35958701        1.008718      0.44548043     0.063183395       6.7763305        6.7763305      0.03500487                                     0.03500487
              1        6.779067       1.5937292       -31.00942        6.410222       0.3350458      0.98568576      0.41084618     -0.94963816       6.7763305        6.7763305    0.0054731678                                   0.0054731678
              2       7.1618576        1.081555      -30.631416       7.2020327      0.25945888       1.0011214      0.15844198      0.91802004       6.7763305        6.7763305      0.77105434                                     0.77105434
              3       7.3525737      0.96706409      -30.621697       7.5151774      0.24108731      0.99701516      0.12246661       0.3771117       6.7763305        6.7763305       1.1524866                                      1.1524866
              2       7.4026008      0.98832212      -30.638509       7.2321758      0.23679805      0.99570923      0.12845602      -0.1872815       6.7763305        6.7763305       1.2525408                                      1.2525408
              1       7.1089966       1.0537052        -30.7432       7.5546547      0.26532617       1.0017705      0.15068369      0.87856375       6.7763305        6.7763305      0.66533228                                     0.66533228
              1       7.1528529       1.0428131      -30.763583       7.5363412      0.26042853      0.99596354      0.14467478      0.41574459       6.7763305        6.7763305      0.75304494                                     0.75304494
              1       7.2889259       1.2617395        -30.8979       5.9421476       0.2468234      0.98945281      0.22887927     -0.99011724       6.7763305        6.7763305       1.0251908                                      1.0251908
              1       6.8147148       1.3302158      -31.572639       7.9166305      0.36804472       1.0504128      0.26690594     -0.93767925       6.7763305        6.7763305     0.076768583                                    0.076768583
              1       6.8010126        1.327322      -31.588237       7.8599138        0.362885       1.0454345      0.24205553     -0.60826906       6.7763305        6.7763305     0.049364318                                    0.049364318
              1        6.965277       1.5354533      -31.600645       7.6323478      0.39978463       1.0253054      0.34987895      0.56369412       6.7763305        6.7763305      0.37789313                                     0.37789313
              2       7.1069744       1.2952455      -31.394553       10.024308      0.41844043      0.96861017      0.23612439     -0.82863121       6.7763305        6.7763305       0.6612878                                      0.6612878
              1       7.4801431       1.3586384      -31.240057       10.035556      0.45352478      0.99971825        0.273481      0.99971523       6.7763305        6.7763305       1.4076253                                      1.4076253
              1       6.9223624       1.7543363      -31.249364       6.5823898      0.39280036       1.0223446      0.56115705     -0.39592622       6.7763305        6.7763305      0.29206388                                     0.29206388
              2       6.8749469       1.7524275      -31.360571       6.5802519      0.38374625       1.0001922      0.53970015      0.99993572       6.7763305        6.7763305      0.19723281                                     0.19723281
              1       7.0769257       1.8873472      -31.236155       6.6126684      0.41488429      0.99912622      0.67249293      0.99780953       6.7763305        6.7763305      0.60119057                                     0.60119057
              3       6.7765421       1.8005771      -31.004327       5.7549889      0.34006613       0.9863455      0.59467183     -0.60158205       6.7763305        6.7763305   0.00042325317                                  0.00042325317
              1       6.9202528       1.5754033      -30.673385       5.5997787      0.29156792      0.99334253      0.40032198     -0.98649255       6.7763305        6.7763305      0.28784461                                     0.28784461
              3       6.9647755        1.719377      -30.393686       7.0044163      0.39970789      0.99751992      0.51361651     0.076804308       6.7763305        6.7763305      0.37689012                                     0.37689012
              1        6.919187        1.659907      -30.404416       7.1233524      0.39224501      0.99703673      0.46504116     -0.29253401       6.7763305        6.7763305      0.28571316                                     0.28571316
              1       6.8825946       1.6437125      -30.549866       7.0317986      0.38533475       1.0020002      0.44771201      0.69038228       6.7763305        6.7763305      0.21252835                                     0.21252835
              2       6.8332117        1.321544      -30.554602       8.5400733      0.37370498      0.99519359      0.25608999     -0.96593634       6.7763305        6.7763305      0.11376251                                     0.11376251
              2       6.9604576        1.433517      -30.438537       8.3981603      0.39904292      0.99621831      0.31306451     -0.99529341       6.7763305        6.7763305       0.3682543                                      0.3682543
              2       8.2210502       1.6414904      -30.802591       9.1922906       0.5017845      0.99948678      0.44921597      0.99372457       6.7763305        6.7763305       2.8894394                                      2.8894394
              1       8.1585932       1.6665179      -30.718564       8.9966325       0.4982925      0.99888683      0.46623809      0.95676291       6.7763305        6.7763305       2.7645254                                      2.7645254
              2       7.8108859       1.4494857      -30.390984       9.8657182       0.4772134       1.0029791      0.32082635     -0.55254546       6.7763305        6.7763305       2.0691109                                      2.0691109
              1       7.2287636       1.4685709      -30.313736       8.8271486      0.43141699        1.000239      0.33354268      0.98452601       6.7763305        6.7763305      0.90486619                                     0.90486619
              4       7.1077893      0.95772834       -30.58486       8.3683983      0.26546542      0.99550899      0.12161731     -0.65102558       6.7763305        6.7763305      0.66291776                                     0.66291776
              3       6.7784978      0.87337733      -30.485087       11.586656      0.33581119      0.99737168     0.099275828     0.091104377       6.7763305        6.7763305    0.0043346906                                   0.0043346906
              5        6.777102      0.84475045      -30.206835       12.061371      0.33830743      0.99794894     0.091784332     -0.97685706       6.7763305        6.7763305    0.0015431312                                   0.0015431312
              2       6.7773716      0.82337661      -30.611797       12.270255      0.33771069       1.0046496     0.086169815     -0.63680386       6.7763305        6.7763305    0.0020821802                                   0.0020821802
             11        7.494436      0.63333615      -31.419243       10.862203       0.2293485       1.0019951     0.050008147      0.99255471       6.7763305        6.7763305       1.4362111                                      1.4362111
              1       6.8263912       1.4618592      -31.401871       7.8201154      0.37174347      0.97734195      0.31247685       0.1132365       6.7763305        6.7763305      0.10012153                                     0.10012153
              1       6.7887854       1.4078006      -31.329901        7.456606      0.35683587       1.0216639      0.31362862    -0.043428476       6.7763305        6.7763305     0.024909793                                    0.024909793
              1       7.2267543       1.5444869      -30.656403       8.4300156      0.43121821      0.99542005      0.37662093    -0.038182816       6.7763305        6.7763305       0.9008476                                      0.9008476
              1       7.1029162       1.6092076      -30.760204       7.8669246      0.41796989      0.99231564      0.42130615     -0.75962143       6.7763305        6.7763305      0.65317157                                     0.65317157
              1       6.9122902       1.5115456      -30.871309       7.8138678      0.39101715      0.99501678      0.35446247      0.53477247       6.7763305        6.7763305      0.27191948                                     0.27191948
              1       6.8082185         1.38925       -30.58953       6.8853024      0.31826131       1.0000053      0.28935279      0.99999433       6.7763305        6.7763305     0.063776096                                    0.063776096
              2       6.9222401       1.3814043      -30.585333       6.3694707      0.29122092       0.9947646       0.2856806     -0.98397685       6.7763305        6.7763305      0.29181922                                     0.29181922
              4       7.1731589       2.0788719      -30.102419       6.1479196      0.42574217       1.0011811      0.92595962      0.32447954       6.7763305        6.7763305      0.79365681                                     0.79365681
              1       6.8023506       1.6578046      -30.134015        5.820081       0.3205564      0.99853662      0.45963067    -0.073063443       6.7763305        6.7763305      0.05204027                                     0.05204027
              2       6.8277448       1.6670423      -30.216062       5.6113233       0.3118571       1.0019952      0.46968263       -0.423708       6.7763305        6.7763305      0.10282871                                     0.10282871
              1       6.7985412       1.4129284      -31.377856        7.037607      0.32218818      0.97383715      0.31791919     -0.21250612       6.7763305        6.7763305     0.044421474                                    0.044421474
              2       6.8329462       1.0176722      -30.734563       11.099312      0.37363088      0.99417009      0.13998181      -0.3714178       6.7763305        6.7763305      0.11323138                                     0.11323138
              1       6.8973032       1.0885822      -30.829692       10.701524      0.38823668       1.0016399      0.16054366      0.92997174       6.7763305        6.7763305      0.24194552                                     0.24194552
              2       7.6520766       1.2689261      -30.642602       11.008097      0.46640332       1.0035406      0.23362466      0.27857692       6.7763305        6.7763305       1.7514922                                      1.7514922
              1       8.6107436       1.2392305      -30.791327       12.634386       0.5220493       1.0021372      0.22015348       0.8659143       6.7763305        6.7763305       3.6688263                                      3.6688263
              1       8.6360008       1.2557497      -30.890744       12.540907      0.52328457      0.99868329      0.22670477      0.96798464       6.7763305        6.7763305       3.7193407                                      3.7193407
              1       9.1239508       1.2941097      -30.878903       12.570451      0.54568394       1.0081871      0.24666531     -0.27802715       6.7763305        6.7763305       4.6952406                                      4.6952406
              5       6.8387585      0.84138786      -30.827797       13.331375      0.37521487       1.0053812     0.089643415      0.18711163       6.7763305        6.7763305      0.12485601                                     0.12485601
              1       7.1473422      0.58499065      -30.593342        13.34966      0.26102766       1.0045911     0.042292546     -0.78739587       6.7763305        6.7763305      0.74202347                                     0.74202347
              3       8.1891358      0.36595095      -31.119461       15.077735       0.1839902       1.0022074     0.016191783      0.96261341       6.7763305        6.7763305       2.8256107                                      2.8256107
              2       6.8101132      0.55758448      -31.082014        16.88168      0.31756626       1.0139812     0.037472136     -0.78713041       6.7763305        6.7763305     0.067565402                                    0.067565402
              1       7.3951736      0.84346508      -30.385672        15.96184      0.44657626      0.99693643     0.091306426       -0.975304       6.7763305        6.7763305       1.2376862                                      1.2376862
              3       7.7485684      0.80697253       -30.96022       17.615321       0.4730778       1.0002421     0.082999381      0.99910573       6.7763305        6.7763305       1.9444759                                      1.9444759
              4       6.8443954      0.69367227      -30.998033       16.262692      0.37668203       1.0035755     0.059432054      0.83203424       6.7763305        6.7763305      0.13612985                                     0.13612985
              1       6.7787217      0.68829419      -31.214563       15.402245      0.34850055      0.98802346     0.061194533      0.33548465       6.7763305        6.7763305    0.0047823917                                   0.0047823917
              2       6.8758141      0.81219706      -30.776298       14.157459      0.38392939       1.0035212     0.083338986      0.55752826       6.7763305        6.7763305      0.19896717                                     0.19896717
              2       6.9768217      0.85295659      -30.747474       14.051133      0.40152378       1.0069198     0.094146107     -0.90423503       6.7763305        6.7763305      0.40098243                                     0.40098243
              1       7.8179037      0.95655409      -31.145314       15.009572      0.47767123      0.99993817      0.12055456      0.99997637       6.7763305        6.7763305       2.0831464                                      2.0831464
              2       7.7345954      0.40061105      -31.353718       15.550681      0.21186754       1.0221485     0.018460359     -0.34466593       6.7763305        6.7763305       1.9165298                                      1.9165298
              2       7.4455903      0.45171848      -31.317836       15.638171      0.23324725      0.99239515     0.024059218      0.81756944       6.7763305        6.7763305       1.3385197                                      1.3385197
              1       6.8453988      0.54679328      -31.997384       17.346385      0.30706327      0.97301075     0.033365104      0.89380255       6.7763305        6.7763305      0.13813658                                     0.13813658
              2       6.9749662      0.55975466      -31.747027       14.436408      0.28275229       1.0516499     0.043557074     0.011118624       6.7763305        6.7763305       0.3972715                                      0.3972715
              6       6.7906611       0.7752513      -31.648094       14.554977      0.35791388      0.95333693     0.083834891     -0.26859687       6.7763305        6.7763305     0.028661346                                    0.028661346
              5       6.8530661      0.69588489      -31.649107       13.830928      0.30517512      0.95297675     0.066548531     -0.30155366       6.7763305        6.7763305      0.15347125                                     0.15347125
              1       6.7770562      0.84210043      -31.712926       12.139667      0.33841889       0.9949605     0.089592283      0.98787925       6.7763305        6.7763305     0.001451374                                    0.001451374
              6       6.8165486      0.85148643      -32.327943       12.417812       0.3153404      0.89635221      0.13047144      0.78818983       6.7763305        6.7763305     0.080436213                                    0.080436213
              1       6.9172412      0.83223623      -32.343725       12.271928      0.29209835      0.85959047       0.1366954      0.67058633       6.7763305        6.7763305      0.28182148                                     0.28182148
              1       7.0451182      0.81414218      -31.756914       9.4547742      0.27307964       1.0662519     0.094342551     -0.51813198       6.7763305        6.7763305      0.53757542                                     0.53757542
              1       6.8298569       1.1098596      -32.126391       8.5521595      0.37275581       1.1803274      0.18758553     -0.91153125       6.7763305        6.7763305      0.10705292                                     0.10705292
              1       7.0652393      0.98540733      -32.277837       8.2216324      0.27054654       1.0036679      0.12882071      0.99954651       6.7763305        6.7763305      0.57781766                                     0.57781766
              2       7.8724045      0.63579263      -32.099335        8.335783       0.2028245       1.1502187     0.065098252     -0.42450496       6.7763305        6.7763305        2.192148                                       2.192148
              2       7.2440247      0.80946412      -31.403674       9.5465633      0.25108744      0.97656743     0.079291648     -0.13656963       6.7763305        6.7763305      0.93538856                                     0.93538856
              1        7.078033      0.67105631      -30.724255       11.976148       0.2689816       1.0059314     0.056591616     -0.60356762       6.7763305        6.7763305      0.60340497                                     0.60340497
              1       7.2884116       0.6522893      -30.555686       11.425651      0.24687115      0.99556828      0.05272227     -0.96666715       6.7763305        6.7763305       1.0241624                                      1.0241624
              2        6.924988      0.87545418      -31.032389       13.319429      0.39325501       1.0136246     0.098853118     -0.99310629       6.7763305        6.7763305      0.29731505                                     0.29731505
              2        6.802478      0.59873463      -30.319883       16.127453      0.32050398      0.99759708     0.044300611     -0.69796061       6.7763305        6.7763305     0.052295024                                    0.052295024
              2       6.9895169      0.76199064      -30.258986       15.886609       0.4033794       1.0015088       0.0737267      0.10100772       6.7763305        6.7763305      0.42637285                                     0.42637285
              1       7.8221184       1.2171801      -30.770373       11.714574      0.47794545       1.0074393      0.21111834     -0.79825447       6.7763305        6.7763305       2.0915758                                      2.0915758
              5       8.3078483       1.3553028      -30.125234       11.212678      0.50651439         1.00177      0.27184989     -0.97903553       6.7763305        6.7763305       3.0630358                                      3.0630358
              4       9.4506448       1.6667917      -30.525059       10.133345      0.55939476      0.99541954      0.47013055      -0.7726442       6.7763305        6.7763305       5.3486286                                      5.3486286
              1       8.0735269       1.5858181       -31.07424        9.202508      0.49340692       1.0161728       0.4143375     -0.81296869       6.7763305        6.7763305       2.5943928                                      2.5943928
              1       7.3837043        1.879019      -30.859057       7.1542567      0.44560266      0.99626296      0.67138144      0.77415379       6.7763305        6.7763305       1.2147477                                      1.2147477
              1       7.3472576        1.512383      -31.294906       9.0398315      0.44244613      0.97265806      0.36521264     -0.93513919       6.7763305        6.7763305       1.1418543                                      1.1418543
              1       6.9512179        1.445055      -31.378133       8.4987904      0.39759326      0.97301477      0.33638077     -0.27355753       6.7763305        6.7763305      0.34977487                                     0.34977487
              2       7.2904716       1.7362359      -31.920812       8.5204651         0.43732      0.88848316      0.47586691     -0.81796303       6.7763305        6.7763305       1.0282822                                      1.0282822
              1       7.2575189       1.7306603      -31.917068       8.5120482      0.43421476      0.88589157      0.48222997     -0.89849951       6.7763305        6.7763305      0.96237682                                     0.96237682
              2       7.8537777       1.2082665      -32.560819       13.981491      0.20401215      0.36296245       0.4418181     -0.55016934       6.7763305        6.7763305       2.1548944                                      2.1548944
              2       6.8291644       1.3498775      -32.387448       10.029049       0.3114438      0.69142884      0.55059697      0.16163101       6.7763305        6.7763305      0.10566785                                     0.10566785
              1       6.8446334       1.3032145       -31.81023       6.8024188      0.30725738       1.0417055       0.2203195       0.4836396       6.7763305        6.7763305      0.13660586                                     0.13660586
              1       6.8645914       1.2995704      -31.816646       6.7909839      0.30250635       1.0302056      0.22446407      0.74329562       6.7763305        6.7763305      0.17652197                                     0.17652197
              2       8.1124854       0.6866573      -31.249672       8.1395469      0.18833631       1.0127813     0.061044268      0.35759439       6.7763305        6.7763305       2.6723099                                      2.6723099
              1       8.2276953      0.65955951      -31.259029       8.1060811      0.18184845       1.0222723     0.054912728     -0.91628038       6.7763305        6.7763305       2.9027297                                      2.9027297
              4       8.4595364      0.40783408      -30.994613       12.380214      0.16953083       1.0091574     0.019616965     -0.17186953       6.7763305        6.7763305       3.3664118                                      3.3664118
              1        6.803689      0.86780492       -31.00753       12.758529      0.36398819      0.98806718     0.098827291     -0.68459708       6.7763305        6.7763305     0.054717104                                    0.054717104
              1       6.8300621      0.87880905      -30.110971       12.764181      0.37281469      0.99891254      0.10024569      0.18532207       6.7763305        6.7763305      0.10746325                                     0.10746325
              8       6.9788452      0.80586127      -30.110215       14.981792      0.40182342       1.0003065     0.082725408      0.90810097       6.7763305        6.7763305      0.40502957                                     0.40502957
              2       7.0466901       0.6322904      -30.332716        12.94288       0.2728784        1.002175     0.049704364     -0.34037309       6.7763305        6.7763305      0.54071925                                     0.54071925
              1       8.0513633      0.42439732      -30.810299       13.697673      0.19189211      0.99210944     0.021782611     -0.98157475       6.7763305        6.7763305       2.5500656                                      2.5500656
              2       8.1256333      0.40519811      -30.767967       13.870927      0.18758213       1.0030913      0.01996353      0.63169379       6.7763305        6.7763305       2.6986056                                      2.6986056
              4       8.1884788       1.0985267      -31.376891       13.971274      0.49997305       0.9790884      0.17363454       0.1387914       6.7763305        6.7763305       2.8242967                                      2.8242967
              1       8.0917295      0.92791303        -31.6303       16.361283      0.49446551      0.97888861      0.12039442      0.71882297       6.7763305        6.7763305        2.630798                                       2.630798
              3       6.8064255      0.62024897      -30.832628       15.500328      0.31893835      0.99706096     0.047993593      0.75967459       6.7763305        6.7763305     0.060190104                                    0.060190104
              7       8.2113367       0.4133238      -30.651446       13.312666      0.18275356      0.99823389     0.020706107      0.79490478       6.7763305        6.7763305       2.8700124                                      2.8700124
              3       7.3025927      0.47186402      -32.360103       18.594527      0.24556294      0.84116796     0.043625935      0.60598807       6.7763305        6.7763305       1.0525245                                      1.0525245
              7        7.030436      0.54393426      -32.147225       19.222226      0.40901158       1.1757295     0.037733533     -0.97436747       6.7763305        6.7763305      0.50821101                                     0.50821101
              4       6.7786269      0.43399677      -30.073684       23.212308       0.3356296       1.0013303      0.02270846     -0.81680015       6.7763305        6.7763305    0.0045928044                                   0.0045928044
              2       6.8215791      0.40018163      -31.063121       23.730334       0.3137222      0.99290147     0.018859617      0.48576581       6.7763305        6.7763305      0.09049728                                     0.09049728
              3       7.1547447      0.38304718      -30.874987       20.432702      0.26022386      0.99928865      0.01758559      0.98797531       6.7763305        6.7763305      0.75682848                                     0.75682848
              1       7.2675625      0.36938998      -30.865699       20.413654      0.24882783       0.9917792     0.016571635     -0.65974144       6.7763305        6.7763305      0.98246415                                     0.98246415
              3       7.4640878      0.33666734      -31.062379       20.862461       0.2317546      0.99170783     0.013248991      0.29060046       6.7763305        6.7763305       1.3755146                                      1.3755146
              1         6.97307      0.90224171      -30.242898        9.436672      0.28303576      0.99912875      0.10562753      0.70790308       6.7763305        6.7763305      0.39347914                                     0.39347914
              2       6.7772163       1.1724103      -30.776679       8.6468522       0.3380434       1.0022054      0.19041993      0.84192321       6.7763305        6.7763305    0.0017716912                                   0.0017716912
              2       7.0015537      0.99951001      -31.092242       8.4074762      0.27891161      0.99755237      0.13404876       0.9530838       6.7763305        6.7763305      0.45044645                                     0.45044645
             10       7.0580444       1.4079793      -30.021857        8.799671      0.41255813       1.0007932      0.29992235      0.31918374       6.7763305        6.7763305      0.56342796                                     0.56342796
              3       6.8919334      0.89625374      -30.298926       12.953002      0.38719885       1.0024311      0.10459421     -0.86756534       6.7763305        6.7763305      0.23120595                                     0.23120595
              1       6.8306726       1.8550066      -32.520018       15.592664      0.31101073      0.32317034       1.2352497     -0.63754697       6.7763305        6.7763305      0.10868434                                     0.10868434
              9       7.0953547       1.6994177      -32.558336       15.851157      0.26691474      0.29780594      0.92967818     -0.66917025       6.7763305        6.7763305      0.63804842                                     0.63804842
              1       7.3837683       1.3196839      -32.552732       15.003762      0.23839189      0.36186226      0.54182635     -0.55517197       6.7763305        6.7763305       1.2148756                                      1.2148756
              5       6.9345244        1.173483      -32.517982       16.913914      0.28912653      0.43781328      0.43749494     -0.41945962       6.7763305        6.7763305      0.31638794                                     0.31638794
              5       6.8873459       1.1826273      -32.509481       16.738266      0.29770705      0.45201479      0.44787572     -0.39320164       6.7763305        6.7763305      0.22203092                                     0.22203092
             15        6.807036       1.6933349      -32.557406       18.851505      0.31870562      0.30007011       0.9245556     -0.66554413       6.7763305        6.7763305     0.061411077                                    0.061411077
              3       6.9186534       1.7023486      -32.575922       18.766891      0.29184892      0.27456119      0.89222787     -0.70301751       6.7763305        6.7763305      0.28464581                                     0.28464581
              3       6.9792588      0.85880051      -31.868709       10.482874      0.28211553      0.94183809      0.11164421       0.3425363       6.7763305        6.7763305      0.40585673                                     0.40585673
              2       6.9233042      0.86984092      -31.825924       9.8342784       0.2910361       1.0225544      0.09084935      0.84818528       6.7763305        6.7763305      0.29394742                                     0.29394742
              1       7.2401422      0.89604063      -31.406928       8.5941734      0.25146558      0.98145105     0.099109445        0.312201       6.7763305        6.7763305      0.92762345                                     0.92762345
              5       6.8188496      0.75343374      -30.213059       12.571261      0.31458836      0.99825301     0.071919008     -0.40862962       6.7763305        6.7763305     0.085038259                                    0.085038259
              2       6.8112649       1.2777993      -30.045961       8.6279422      0.36684675       1.0000845      0.23533751      0.98451346       6.7763305        6.7763305     0.069868831                                    0.069868831
              5       6.7784034       1.2932882      -30.056488       8.1013095      0.34805256      0.99842672      0.24241926     -0.99992026       6.7763305        6.7763305    0.0041459375                                   0.0041459375
              1       6.8362746       1.0829199      -30.503191       8.5814126      0.30945262       1.0008314      0.15991815      0.91850406       6.7763305        6.7763305      0.11988821                                     0.11988821
              3       6.7816417      0.67758483      -32.045364       14.594572       0.3516881       1.0688692     0.070661595       0.5980788       6.7763305        6.7763305     0.010622373                                    0.010622373
              2       7.6365619      0.37069807      -31.847821       17.951034      0.21870357      0.98779765     0.017214071      0.96149165       6.7763305        6.7763305       1.7204629                                      1.7204629
              4       7.4577767      0.37328827      -31.747762       17.791326       0.2322616       1.0511063     0.018981015      0.01522785       6.7763305        6.7763305       1.3628924                                      1.3628924
              1       11.142085      0.33477933      -32.665506       20.720085     0.064238194      0.27833324     0.026199077     -0.66315241       6.7763305        6.7763305       8.7315099                                      8.7315099
              3       10.210131      0.12791198      -31.654501       23.650544     0.095662577      0.95041138    0.0021090408     -0.50539713       6.7763305        6.7763305       6.8676014                                      6.8676014
             10       6.9019175      0.39611505      -30.084365       22.366446      0.29488976        1.000376     0.018848497      0.83483258       6.7763305        6.7763305      0.25117417                                     0.25117417
             10       6.7825028        0.486221      -30.236901       21.762005      0.35244403       1.0011046     0.028802041      0.43479462       6.7763305        6.7763305     0.012344698                                    0.012344698
              6       7.1044368      0.70469437      -30.823029       17.690949      0.41814653       1.0080881     0.062596077     -0.88543139       6.7763305        6.7763305      0.65621262                                     0.65621262
              4       6.8139892      0.71834893       -31.66937       16.339496       0.3677974      0.94179514     0.064414094     -0.99967362       6.7763305        6.7763305     0.075317531                                    0.075317531
              5       6.9724787       1.9403899      -32.631858       24.311234      0.28312445      0.18038618      0.97325501     -0.83510161       6.7763305        6.7763305      0.39229639                                     0.39229639
              3       6.7805489       1.9269324      -32.605227       25.166525      0.33336588      0.20661094       1.0520258     -0.80334332       6.7763305        6.7763305    0.0084368601                                   0.0084368601
             16       7.2100374       2.0250485       -32.54053       24.545133      0.42954695      0.25973574       1.4237511     -0.73938122       6.7763305        6.7763305      0.86741378                                     0.86741378
              6       7.7702779       2.1620562      -32.689886        26.06484      0.20946684      0.11171594      0.93978116     -0.91577402       6.7763305        6.7763305       1.9878948                                      1.9878948
              4       8.6506868       2.2528045      -32.731872       25.874434      0.16000103     0.082499312      0.83910701     -0.94411267       6.7763305        6.7763305       3.7487126                                      3.7487126
              2        13.39411       1.8359232      -34.763751       33.572168   2.1349086e-05   1.0410397e-05   6.0216795e-05     -0.99999241       6.7763305        6.7763305       13.235559                                      13.235559
              3        13.39409       2.2306089      -34.713244       33.291921   2.1871832e-05   8.8520686e-06   9.7115364e-05     -0.99999498       6.7763305        6.7763305       13.235518                                      13.235518
              1       13.389988       2.6930531      -34.222399       36.987115   0.00012787005   3.8582945e-05    0.0010973609      -0.9999877       6.7763305        6.7763305       13.227315                                      13.227315
              3        13.37122       1.1722889      -34.091099       45.601639   0.00061329229   0.00034480559   0.00064636864     -0.99968397       6.7763305        6.7763305       13.189779                                      13.189779
              4       12.609592       1.8292144      -33.342953       47.264855     0.020930855    0.0072762219     0.041282773     -0.99462245       6.7763305        6.7763305       11.666523                                      11.666523
             18       6.8023041      0.20494347      -31.414722       53.716042      0.36342444      0.99219705    0.0048532756      0.87455668       6.7763305        6.7763305     0.051947314                                    0.051947314
             11        6.812282      0.20883312      -31.967654       49.347989      0.31679412      0.92391111    0.0042919424    -0.097550914       6.7763305        6.7763305      0.07190314                                     0.07190314
              6       6.7770021      0.22694361       -31.88232        49.21824      0.34544521      0.92951636     0.007291072      0.03010531       6.7763305        6.7763305    0.0013433094                                   0.0013433094
              7       7.4351439      0.14758611      -30.470262       47.580294      0.23409935       1.0019579    0.0025644121      0.39438176       6.7763305        6.7763305       1.3176269                                      1.3176269
              2       6.7808064      0.20978083      -30.956891       47.404196      0.33310627       1.0067511    0.0051272206      0.23282564       6.7763305        6.7763305     0.008951847                                    0.008951847
             14       6.7764995      0.22483977      -30.712884       45.710673      0.34027171      0.99507769     0.006072595     -0.21504532       6.7763305        6.7763305   0.00033804877                                  0.00033804877
              8       7.9432078      0.13890833      -30.674237       43.175026      0.19839967      0.99426454    0.0022853901     -0.99890901       6.7763305        6.7763305       2.3337546                                      2.3337546
              6       7.9602711      0.78416986      -32.751097       41.991706      0.19735354      0.18013295      0.11218281     -0.80023555       6.7763305        6.7763305       2.3678812                                      2.3678812
             29       7.0677242      0.91744802      -32.608682       42.142998      0.41376009      0.32163522       0.2272501     -0.60809355       6.7763305        6.7763305      0.58278749                                     0.58278749
              1       6.8255184       1.0842111      -32.631425       36.862975      0.37148302      0.27935511       0.3039954     -0.67455425       6.7763305        6.7763305     0.098375778                                    0.098375778
             11       6.8397106       1.1238156      -32.632682        36.58389      0.37546722      0.27447892      0.32607049     -0.68257566       6.7763305        6.7763305      0.12676036                                     0.12676036
             30       7.0267793       1.2441252      -32.635515       37.920483      0.40852767      0.26025882      0.39824221     -0.70604198       6.7763305        6.7763305      0.50089764                                     0.50089764
              9        7.295816       1.2548027      -32.623734       38.426727      0.43781413      0.27289956       0.4179693     -0.68866353       6.7763305        6.7763305        1.038971                                       1.038971
              5       7.0653767      0.22701313      -31.412565       36.234232      0.27052955      0.98847702    0.0058950575      0.72090125       6.7763305        6.7763305       0.5780925                                      0.5780925
              3       9.3080087       1.3839182      -32.513719       28.826312      0.55351789      0.41701731      0.63610335     -0.46229088       6.7763305        6.7763305       5.0633564                                      5.0633564
              1       8.7664011       2.5618363      -32.679719       26.973458      0.15446726     0.067184695       1.2372293     -0.96537416       6.7763305        6.7763305       3.9801413                                      3.9801413
              7       6.7979876       2.5665009      -32.498458       25.228554      0.36156336      0.16783114        2.640724     -0.88262228       6.7763305        6.7763305      0.04331429                                     0.04331429
              5       11.084683        2.505271      -32.860773       25.558057     0.066070301     0.031013134      0.53990313     -0.98509514       6.7763305        6.7763305       8.6167042                                      8.6167042
              1       11.399445       2.5190805      -32.888811       25.283406     0.056168456     0.026505546      0.47820216      -0.9876566       6.7763305        6.7763305       9.2462281                                      9.2462281
              1       7.0550688      0.73906388      -30.815289       16.820296       0.4121845      0.99654735     0.068063253      0.64031705       6.7763305        6.7763305      0.55747667                                     0.55747667
              3       7.1318307      0.75261417      -30.686922       16.763039       0.4212616       1.0035722     0.070811614      0.30506144       6.7763305        6.7763305      0.71100054                                     0.71100054
              6       7.1955395      0.75471748      -30.802235        16.99787      0.42807126       1.0029033     0.071281256      0.73048908       6.7763305        6.7763305      0.83841804                                     0.83841804
              5       7.0058066      0.45798636      -31.595315       25.584934      0.40568126       1.0405669     0.023626438     -0.51412258       6.7763305        6.7763305      0.45895228                                     0.45895228
              4       6.9709299      0.46058926      -31.556571       25.522459      0.40064266       1.0243368     0.027605494      0.43614297       6.7763305        6.7763305       0.3891989                                      0.3891989
             21       6.9151559      0.44029195      -31.453117       25.880327      0.39153104       1.0327081     0.022621795     -0.82886384       6.7763305        6.7763305      0.27765091                                     0.27765091
              2       6.7795458      0.54822889      -30.543502       19.194531      0.34953802      0.99833639     0.036573341       0.7029067       6.7763305        6.7763305    0.0064307054                                   0.0064307054
              2       7.2815475      0.62196236      -31.816882       20.261317      0.43648913       1.0410308     0.042328614      0.42524957       6.7763305        6.7763305       1.0104341                                      1.0104341
              3       7.1754665      0.61262367      -31.811168       19.912241       0.4259853       1.0495487     0.040604421      0.12971052       6.7763305        6.7763305      0.79827199                                     0.79827199
             18        9.596883      0.69755723      -31.727963       23.837067       0.5652595       1.0217323     0.065360408      0.80217817       6.7763305        6.7763305        5.641105                                       5.641105
              1       9.0904206      0.69110079      -31.720136       23.508174      0.54422414       1.0067912     0.061105391      0.97897266       6.7763305        6.7763305       4.6281803                                      4.6281803
              4       6.8002852      0.40663398      -31.804312       22.433477      0.32142504       1.0590132     0.017542615     -0.29933287       6.7763305        6.7763305     0.047909553                                    0.047909553
              3       7.4483034      0.63893605      -31.526417       21.810257      0.45097296      0.97264472      0.04714261     0.077660918       6.7763305        6.7763305       1.3439458                                      1.3439458
              1       6.8684018      0.56667644      -31.423711       20.078538      0.38233714        1.009953     0.040710308      0.82151154       6.7763305        6.7763305      0.18414266                                     0.18414266
              5       6.8426649      0.59111215      -30.140731       19.132274      0.37623833      0.99988132     0.042982595      0.99552776       6.7763305        6.7763305      0.13266896                                     0.13266896
              4       7.7860426      0.34917848      -30.498072        17.98629      0.20841994      0.99740631     0.014707008      0.10075726       6.7763305        6.7763305       2.0194243                                      2.0194243
              2       7.3738757       0.4523656      -30.455557       15.844278      0.23923902       1.0032101     0.024866474     -0.68228763       6.7763305        6.7763305       1.1950905                                      1.1950905
              8       6.9219583       0.4580355      -32.078101       23.015888      0.39273002       1.1196676     0.033805726    0.0032102778       6.7763305        6.7763305       0.2912557                                      0.2912557
              5       7.1599368      0.74455542         -31.175       17.150198      0.42433523      0.99876848      0.06960293      0.99133072       6.7763305        6.7763305      0.76721263                                     0.76721263
              1        6.864344      0.68130801      -31.501154       17.484835      0.38143824      0.96236785     0.060655873     -0.73281839       6.7763305        6.7763305      0.17602703                                     0.17602703
              9       8.1715239      0.34536659      -31.030019        15.90166      0.18497816       1.0123241     0.014506537     -0.74851208       6.7763305        6.7763305       2.7903868                                      2.7903868
              3       7.8602183       0.3861385      -31.052334       16.052016      0.20360034      0.98725131     0.018244361     -0.67777372       6.7763305        6.7763305       2.1677756                                      2.1677756
              3       7.6112003      0.37132911      -31.779816       16.626697       0.2205347       1.0735786     0.016543687     -0.99932519       6.7763305        6.7763305       1.6697397                                      1.6697397
              1       7.4003017      0.44135635      -30.921573       16.054502      0.23699134       1.0052363     0.023167481      0.46797214       6.7763305        6.7763305       1.2479424                                      1.2479424
              1       7.3555057      0.34970173      -31.188247       20.340841      0.24083091       1.0175774     0.015004063      -0.7012592       6.7763305        6.7763305       1.1583505                                      1.1583505
              1       6.9066971      0.44164442      -31.234013       20.310351      0.29400168       0.9851028      0.02272338    -0.042303459       6.7763305        6.7763305      0.26073317                                     0.26073317
              3       10.217666      0.12828685      -31.625524       22.478842     0.095392467      0.99421406    0.0019879759      0.97500805       6.7763305        6.7763305       6.8826704                                      6.8826704
              6       10.311341      0.12312557      -31.626378        22.63843     0.092058597      0.99263982    0.0018409636      0.95992979       6.7763305        6.7763305       7.0700209                                      7.0700209
              1       7.1816006      0.55225214      -30.398208        14.00987       0.2573718      0.99979588     0.037305926      0.99221886       6.7763305        6.7763305      0.81054018                                     0.81054018
              1       8.6817061       0.3455734      -30.213126       13.808801      0.15850123      0.99829352      0.01434954     -0.41220161       6.7763305        6.7763305       3.8107513                                      3.8107513
              7       8.6357005      0.34978313      -30.169743       13.826029      0.16073007      0.99890163     0.014614593      0.30276944       6.7763305        6.7763305       3.7187401                                      3.7187401
              2       7.0233729      0.82430845      -30.217018       10.040009      0.27592629        1.002054     0.086991036      -0.9979597       6.7763305        6.7763305      0.49408494                                     0.49408494
              5       7.1443731       1.0250287      -31.872648       13.309875      0.42264768      0.93108729      0.16708762       0.1374104       6.7763305        6.7763305      0.73608521                                     0.73608521
              4       7.0701783       1.1520028      -31.670631       11.486939      0.41406163      0.94043559      0.17759024     -0.94170341       6.7763305        6.7763305      0.58769558                                     0.58769558
              2       7.3290371       0.8295623      -30.843759       8.8321401      0.24316968      0.99750798     0.087458368      0.83888096       6.7763305        6.7763305       1.1054133                                      1.1054133
              4       7.3664169      0.79737593      -30.818726       9.0145707      0.23988239       1.0030258     0.081740408      0.73592876       6.7763305        6.7763305       1.1801728                                      1.1801728
              5        7.184062      0.77556336      -31.509782       10.383768      0.25711519      0.95957155     0.075688075     -0.99588026       6.7763305        6.7763305      0.81546306                                     0.81546306
              6       7.1827629      0.70942005      -31.555402       10.640364      0.25725053       1.0242789     0.067727663      0.45444163       6.7763305        6.7763305      0.81286478                                     0.81286478
              4       7.2574716       1.6353464      -31.405083       4.6597584      0.24978977      0.98519772      0.42648559      0.65807184       6.7763305        6.7763305      0.96228225                                     0.96228225
              3       6.9952115       2.2221989      -32.067958        4.513048      0.40419377       1.2113193       1.3368574     -0.90371408       6.7763305        6.7763305      0.43776204                                     0.43776204
              5       7.9966575       2.4730759      -31.667783       6.1150733      0.48885238      0.97153962       1.7458985      0.78945486       6.7763305        6.7763305       2.4406542                                      2.4406542
              6       8.1359077       2.0254505      -32.480788       8.0478736      0.18699532       0.3447862       1.6542168     -0.61098866       6.7763305        6.7763305       2.7191545                                      2.7191545
              6       6.8000506       1.0375728      -30.393669       10.513457      0.36247392      0.99869886      0.14523396      0.67604948       6.7763305        6.7763305     0.047440195                                    0.047440195
             12       6.7928063       1.0437671      -30.523939       10.358286      0.35906345      0.99816331      0.14744334      0.64335484       6.7763305        6.7763305     0.032951695                                    0.032951695
              2       6.7833012       1.0045495       -30.94389       9.8570274      0.33090107       1.0043909      0.13631272       0.7028038       6.7763305        6.7763305     0.013941415                                    0.013941415
             12       6.8251295       1.2913404      -31.552777       8.4059938      0.37136625       1.0282401      0.26032108      0.35604141       6.7763305        6.7763305     0.097598048                                    0.097598048
              6       6.7764437      0.73240109      -31.906318       15.662082      0.34341459      0.89979212     0.075299609     -0.76942531       6.7763305        6.7763305   0.00022646871                                  0.00022646871
              1       8.3400852      0.37254171      -31.048031       14.289137       0.1757632      0.99235932     0.017038514      0.38735922       6.7763305        6.7763305       3.1275094                                      3.1275094
              6       7.2064959      0.72936582      -30.561955       10.455506      0.25481122       1.0042688     0.067245286     -0.74646912       6.7763305        6.7763305      0.86033082                                     0.86033082
              8       8.2986878      0.50252297      -30.988163       10.523523      0.17797836       1.0115143     0.031082176     -0.82878898       6.7763305        6.7763305       3.0447147                                      3.0447147
              4       6.8017397       1.0270265       -30.44821       9.4041509      0.32080965      0.99831609      0.14205813      0.57451841       6.7763305        6.7763305     0.050818372                                    0.050818372
             12       6.8078767       1.0382082      -30.221892       9.2215036      0.31838888      0.99952483      0.14464954      0.91180312       6.7763305        6.7763305     0.063092474                                    0.063092474
              1       7.0380265      0.97483451       -31.03599       8.3524858      0.27399492       1.0113879      0.12301952     -0.36454783       6.7763305        6.7763305      0.52339198                                     0.52339198
              4       6.7798963       1.3295983      -31.218417       8.0769033      0.34993825       0.9793727      0.26654251     -0.65898664       6.7763305        6.7763305    0.0071317187                                   0.0071317187
              1       6.7850882       1.3512308       -31.22258       8.0665672      0.35444052      0.97734293      0.27072409     -0.99660177       6.7763305        6.7763305      0.01751544                                     0.01751544
              9       6.9764226       1.3180484      -31.523665       9.4099452      0.40146452      0.97286059      0.23725437      0.22263306       6.7763305        6.7763305      0.40018436                                     0.40018436
              2       6.7792942       1.4169492      -31.799232       7.0088953       0.3492371        1.056911      0.26776345     0.016430328       6.7763305        6.7763305    0.0059275262                                   0.0059275262
              3       7.3778752         1.39768      -31.357274       9.4495165      0.44510431       1.0128995      0.28318975       0.6439723       6.7763305        6.7763305       1.2030895                                      1.2030895
              1       6.8206859       1.4199381       -31.26132       7.6463097      0.36999732        1.024234      0.30054111     -0.90091454       6.7763305        6.7763305     0.088710924                                    0.088710924
              3       6.9369114       1.7205311       -30.70971       6.9265285      0.39527087      0.99687009      0.51617837      0.65655453       6.7763305        6.7763305       0.3211618                                      0.3211618
             14       6.7783673       1.8448549      -30.656917       5.4896064      0.33600049      0.99714517      0.62382962      0.65346508       6.7763305        6.7763305    0.0040735803                                   0.0040735803
              5       6.8710827        1.533536      -30.213548       7.5219311      0.38292018      0.99771578      0.37277654     -0.94689316       6.7763305        6.7763305      0.18950445                                     0.18950445
              9       6.8847631        1.535073       -30.20337       7.5363527      0.38577466       1.0022253      0.37416054      -0.9997261       6.7763305        6.7763305      0.21686518                                     0.21686518
              1       6.7855016       1.2187401      -31.329166       7.9747003      0.32926927       1.0182341      0.22005654      0.20773816       6.7763305        6.7763305     0.018342169                                    0.018342169
              3       6.8546246        1.263875      -31.245501       8.9314304      0.37919697       1.0096285      0.23592233         0.67422       6.7763305        6.7763305      0.15658836                                     0.15658836
              1       7.5455521      0.98899386      -30.291632       6.8346231      0.22540804       1.0022663      0.12942656     -0.65331721       6.7763305        6.7763305       1.5384433                                      1.5384433
              1       7.9299863      0.73341349       -30.64645       8.1202055      0.19921553       1.0053775     0.067393857     -0.89265086       6.7763305        6.7763305       2.3073117                                      2.3073117
              2       7.3712169      0.72284969      -30.198905       9.9603289       0.2394679      0.99964898     0.065702424      0.94664665       6.7763305        6.7763305       1.1897728                                      1.1897728
             35       7.3695425      0.72713604      -30.218262       9.8950144      0.23961229       1.0009189     0.066267495      0.58120394       6.7763305        6.7763305       1.1864242                                      1.1864242
              4       8.2652164      0.73848044      -31.278738       20.467556      0.50420849       1.0025986     0.068079978       0.9759084       6.7763305        6.7763305       2.9777719                                      2.9777719
              7        8.702806       1.8130843      -31.412914       8.6720252      0.52651199       1.0064487      0.60799915      0.94602333       6.7763305        6.7763305        3.852951                                       3.852951
              1       9.4323941       1.4200753      -30.786244       11.902895       0.5586517      0.99334254      0.30198761     -0.27270368       6.7763305        6.7763305       5.3121273                                      5.3121273
              6       8.8082177       1.4026596      -30.765721       11.376603      0.53149277       1.0010467      0.29740392      0.96562413       6.7763305        6.7763305       4.0637745                                      4.0637745
              2        9.307345      0.84948382      -30.711518       4.6343153      0.13050984      0.99637879     0.093796584      0.38858771       6.7763305        6.7763305        5.062029                                       5.062029
              3       8.8558531      0.88312335       -30.87385       5.1258077      0.15029887      0.99791589      0.10035174      0.90310275       6.7763305        6.7763305       4.1590453                                      4.1590453
              7       8.9431833      0.88887094      -30.791469       4.9402122      0.14631499       1.0014434      0.10299056      0.93271073       6.7763305        6.7763305       4.3337056                                      4.3337056
             10       6.7806613      0.95759504      -31.091154       10.460913      0.33325156      0.99986791      0.12087376      0.99986107       6.7763305        6.7763305    0.0086617492                                   0.0086617492
             22       7.1826594       1.0986966      -30.990197       6.9502705      0.25726132        1.012551      0.16380231     -0.95250203       6.7763305        6.7763305       0.8126578                                      0.8126578
              3       6.9811828      0.99066845      -31.575361       11.640095      0.40216768       1.0482001      0.13407992     -0.93169507       6.7763305        6.7763305      0.40970458                                     0.40970458
              7       6.8954933      0.97797338      -31.517727       12.371468      0.38788949      0.96356644       0.1195452     -0.57317961       6.7763305        6.7763305      0.23832566                                     0.23832566
              4       6.9448739      0.67886192      -31.156564       12.936001      0.28742437      0.98370301     0.058871452     -0.62508252       6.7763305        6.7763305      0.33708683                                     0.33708683
              2       7.1944466      0.68103922      -31.019486        11.33438        0.256041      0.99692283     0.057254306      0.88732236       6.7763305        6.7763305      0.83623235                                     0.83623235
             17       6.8464566      0.52091137        -30.6417       17.688417      0.30679675       1.0007368     0.033168082      0.96244319       6.7763305        6.7763305      0.14025228                                     0.14025228
             14       6.9270543      0.48580844      -30.558886       17.974415      0.29039001      0.99950221     0.028605972      0.97550367       6.7763305        6.7763305      0.30144758                                     0.30144758
              3        7.123926       1.2736524      -30.292411       9.9091479      0.42037543       1.0010874      0.23283525      0.64594492       6.7763305        6.7763305      0.69519108                                     0.69519108
             13        6.872117      0.93158652      -30.250765       9.7042199      0.30085709       1.0002264      0.11375001       0.9763736       6.7763305        6.7763305      0.19157298                                     0.19157298
              7       7.2413524       0.4937806      -30.080867       26.375002      0.43265245      0.99846892     0.029625881     -0.99788962       6.7763305        6.7763305      0.93004383                                     0.93004383
              7       6.8198365      0.89120318      -30.819348       10.553206      0.31427207       1.0043072      0.10438981      0.47826824       6.7763305        6.7763305     0.087012009                                    0.087012009
             23       6.8249142       1.6520643      -30.413469       6.7554491       0.3713014      0.99992474      0.45665077      0.99933104       6.7763305        6.7763305     0.097167528                                    0.097167528
              8       7.8801663       1.5472313      -30.013516       9.3449355      0.48166741       1.0012387      0.38281787     -0.56018327       6.7763305        6.7763305       2.2076716                                      2.2076716
             13       7.1610778        1.317974       -30.09713       5.9190181      0.25954241      0.99993949      0.25387147      0.99957709       6.7763305        6.7763305      0.76949459                                     0.76949459
              2       6.9146485       1.2585513       -30.15703       6.9988716      0.29255956      0.99824524      0.22641159     -0.62682958       6.7763305        6.7763305      0.27663613                                     0.27663613
              1       6.9033395       1.2691277      -30.175668        6.985807       0.2946238      0.99877537      0.23087034      0.28209197       6.7763305        6.7763305       0.2540181                                      0.2540181
              5       7.1102758       0.6002709       -30.58934       21.001202      0.41882111      0.99852519     0.044177834      0.81223471       6.7763305        6.7763305      0.66789072                                     0.66789072
              9       6.8436713      0.30642653      -30.458357       30.110317      0.30750295       1.0016811     0.011154317      0.53165691       6.7763305        6.7763305       0.1346816                                      0.1346816
             14       6.8537143      0.27127292      -30.359155       33.776202      0.30501991       1.0005362    0.0087839392      0.92187062       6.7763305        6.7763305      0.15476769                                     0.15476769
              1       7.0646204      0.34338081      -30.214004       36.253243      0.41337688      0.99803369      0.01409682     -0.88541126       6.7763305        6.7763305      0.57657977                                     0.57657977
             10       7.1291211       2.8437908      -32.196336       8.1330048      0.42095895      0.54703231        7.905185     -0.18738944       6.7763305        6.7763305      0.70558131                                     0.70558131
             25         7.09308        2.384942      -31.429235       5.0062347      0.41681709       1.0492486        1.547896     -0.98237664       6.7763305        6.7763305      0.63349904                                     0.63349904
              5       8.4260104       2.0606893      -31.240392         7.37939      0.51274292        1.013418      0.92537439      0.56103528       6.7763305        6.7763305       3.2993599                                      3.2993599
              1       6.7832893      0.93688883      -32.712687       51.777973      0.33091051      0.20502148      0.18043404     -0.77164895       6.7763305        6.7763305     0.013917702                                    0.013917702
             42       7.2264821       1.7202324      -32.855865       59.015253      0.25280875     0.074844969      0.32909006     -0.93655398       6.7763305        6.7763305      0.90030324                                     0.90030324
              3       6.7832878       2.2627352      -32.663239       38.731529      0.33091174      0.11348428       1.1234784     -0.91824525       6.7763305        6.7763305     0.013914615                                    0.013914615
              4       10.184713       1.6755435      -32.543329       32.646398      0.58742401      0.32276216      0.93306465     -0.63029527       6.7763305        6.7763305       6.8167661                                      6.8167661
             11       8.9598078      0.63293859      -30.039757       6.9073148      0.14556576       1.0007148     0.049704529      0.35300816       6.7763305        6.7763305       4.3669546                                      4.3669546
              6       8.5010518      0.61373434      -30.794058       8.1552221      0.16741685       1.0053212     0.047128985     0.060191839       6.7763305        6.7763305       3.4494427                                      3.4494427
              4       10.274857      0.77987716      -31.141812       22.601128      0.59064826       1.0071508     0.075474015       0.6552217       6.7763305        6.7763305       6.9970525                                      6.9970525
             25       8.3612257       1.1255699      -32.602196       43.511618      0.50935671      0.31258362      0.35140444     -0.62691418       6.7763305        6.7763305       3.1697904                                      3.1697904
              4        6.776572      0.64619809      -30.383543       15.825428      0.33993415       0.9990692     0.051955212      0.81361522       6.7763305        6.7763305   0.00048299559                                  0.00048299559
             22       6.8621432      0.65655264      -30.371014        13.83362      0.30305796       1.0028644     0.053465996     -0.94334027       6.7763305        6.7763305      0.17162545                                     0.17162545
              5       7.0888148      0.80554756      -31.071734       9.8970704      0.26768833       1.0091448     0.084833668      0.26091264       6.7763305        6.7763305      0.62496876                                     0.62496876
              6       7.0238982      0.19084199      -31.356474       42.632792      0.27585609       1.0190295    0.0041167566     0.002623637       6.7763305        6.7763305      0.49513551                                     0.49513551
              5       6.9843055      0.18390216      -31.035236       45.430308      0.28137546       1.0122216    0.0039487275     -0.74864851       6.7763305        6.7763305      0.41595001                                     0.41595001
              4       8.8040321      0.59025153       -30.95065       26.759542       0.5312975       1.0109831     0.043063012     -0.96943539       6.7763305        6.7763305       4.0554034                                      4.0554034
             17       7.1293998      0.26688395      -31.284855       29.835152      0.26300987      0.99275762    0.0086931899      0.81394217       6.7763305        6.7763305      0.70613863                                     0.70613863
             28       8.1626854      0.18568812      -31.039002        29.77777      0.18547631       1.0081707    0.0039969703      0.22629943       6.7763305        6.7763305       2.7727099                                      2.7727099
              4       7.4351574      0.36294252      -31.267903       36.541271      0.44990176       1.0195725     0.015281601     -0.54579541       6.7763305        6.7763305       1.3176539                                      1.3176539
              4       6.8560935      0.36846285      -31.118931       24.803805      0.30445574       1.0012305     0.016362779      0.98831399       6.7763305        6.7763305      0.15952599                                     0.15952599
             11       7.0507455      0.33054242      -31.165338       25.169543      0.27236192      0.98393353     0.012763858      -0.6587135       6.7763305        6.7763305      0.54883008                                     0.54883008
             10       7.5857799      0.32605596      -31.042513       20.454726       0.2223982       1.0022299     0.012615215      0.94458326       6.7763305        6.7763305       1.6188989                                      1.6188989
              1       7.5805897      0.30648911      -31.075157       21.579079      0.22278226       1.0124056     0.011481845     -0.43196926       6.7763305        6.7763305       1.6085185                                      1.6085185
              4       7.8717951       0.2525016      -30.378691          24.124      0.20286319       1.0009484    0.0076116129      0.78227878       6.7763305        6.7763305       2.1909293                                      2.1909293
              2       7.7584119      0.28003558      -30.422214       22.494454      0.21026032        1.003207    0.0093519477     -0.99698726       6.7763305        6.7763305       1.9641628                                      1.9641628
              2       7.3378079      0.42901951      -30.290581        16.94544      0.24238861       1.0020842     0.022290962     -0.54092686       6.7763305        6.7763305       1.1229549                                      1.1229549
              7       6.9877321       1.5322813      -31.645397       5.8429343      0.28087808      0.94291004      0.40418447     -0.55703912       6.7763305        6.7763305       0.4228032                                      0.4228032
              3       7.9212092       1.0936955      -31.416124       5.4910069      0.19975972      0.99972703      0.16304575      0.99987078       6.7763305        6.7763305       2.2897574                                      2.2897574
              2       7.1836578        1.090625       -30.05369       11.749936      0.42684273       1.0011032      0.16248943     -0.21932332       6.7763305        6.7763305      0.81465463                                     0.81465463
              4       6.8252027       1.4700083      -30.140765       6.3884761      0.31261174        1.000484      0.33464051      0.85818339       6.7763305        6.7763305     0.097744404                                    0.097744404
              1       6.9351349       1.4420762      -30.183987       8.2148712      0.39497538       1.0020813      0.31816994     -0.99311756       6.7763305        6.7763305      0.31760878                                     0.31760878
             24       6.8832728       2.1264813      -30.302403       5.4664358      0.38547281      0.99666643       1.0000416     -0.99750414       6.7763305        6.7763305      0.21388467                                     0.21388467
              1       6.8101433       2.1290655      -30.245811       5.1687505      0.36644465       1.0008194       1.0019926      0.83878968       6.7763305        6.7763305     0.067625734                                    0.067625734
              7       6.9680278       2.2433416      -30.337076       5.3815264      0.40020374      0.99632758       1.2157251     -0.89461078       6.7763305        6.7763305      0.38339462                                     0.38339462
             13       6.9221142        2.229417      -30.358884       5.2777925      0.39275717       1.0032344       1.1951024      -0.3438232       6.7763305        6.7763305      0.29156746                                     0.29156746
             24       6.8327339       2.5350306      -31.650998       4.7245258      0.37357153      0.93746326       1.9028742    -0.056999199       6.7763305        6.7763305      0.11280687                                     0.11280687
             27       6.8116242       2.6164766      -31.811338       4.6899075       0.3669742       0.8988274       2.8958095     0.078003317       6.7763305        6.7763305     0.070587439                                    0.070587439
             57       6.8173997        1.915521      -31.076572       5.6869191      0.36894023       1.0179207      0.69815749      -0.9068291       6.7763305        6.7763305     0.082138544                                    0.082138544
              1         7.56731       1.4057569      -31.889666       10.966232       0.4602294      0.89728131      0.34142655     -0.62888032       6.7763305        6.7763305       1.5819591                                      1.5819591
              2       7.6195393       1.4173304      -31.896894       11.037181      0.46407042      0.89161331       0.3368259     -0.80717752       6.7763305        6.7763305       1.6864177                                      1.6864177
              4       7.9174879         1.50121       -32.03363       8.9110354      0.48400892       1.0874409      0.44659088       0.4695158       6.7763305        6.7763305       2.2823149                                      2.2823149
              3       7.1758059       1.0011212      -32.497893       15.662116      0.25797899      0.49450323      0.31111225     -0.30789269       6.7763305        6.7763305      0.79895086                                     0.79895086
              7       7.6362225      0.90552928      -32.201766       13.517319       0.4652721       1.1424465     0.079593451     -0.32510545       6.7763305        6.7763305        1.719784                                       1.719784
              1       7.2335384      0.93721929      -32.266664       13.435997      0.43188759       1.0308169      0.10494132      0.96257969       6.7763305        6.7763305      0.91441596                                     0.91441596
              6        8.329421       1.2435476      -32.007851       4.1969531      0.17633101       1.0154395      0.23299445      0.97547062       6.7763305        6.7763305        3.106181                                       3.106181
              1       7.8939144      0.80746092      -30.397294       7.5118088      0.20146551      0.99828965     0.082769414      0.41317972       6.7763305        6.7763305       2.2351679                                      2.2351679
              2       6.8028963      0.87005054       -30.48119       12.517853      0.36366729       1.0035796     0.097384922     -0.75314874       6.7763305        6.7763305     0.053131685                                    0.053131685
             12       7.4388263       1.5664828      -31.303046       4.5999063      0.23379821      0.97518825      0.38137393     -0.57695261       6.7763305        6.7763305       1.3249917                                      1.3249917
              7       6.9263195      0.34935785      -31.753362        31.99321      0.39348404       1.0580853     0.016537981     -0.24625253       6.7763305        6.7763305      0.29997804                                     0.29997804
              7       6.7840223       0.3821161      -32.393151       33.898023      0.33034112      0.76650475     0.033107238      0.36818837       6.7763305        6.7763305     0.015383589                                    0.015383589
             17       7.0192353      0.53949219      -30.519627       15.340644      0.27648195       1.0040606     0.035609805     -0.98565631       6.7763305        6.7763305      0.48580972                                     0.48580972
             11       6.7763357      0.67834215      -30.010037       15.149306      0.34230379       1.0011336     0.057289958     -0.77917896       6.7763305        6.7763305   1.0444628e-05                                  1.0444628e-05
              4       6.8850254      0.85004932       -30.02025       10.556424      0.29817242      0.99868477     0.093103008     -0.78587975       6.7763305        6.7763305       0.2173899                                      0.2173899
              6        7.325721      0.53868638      -30.631307       24.532553      0.44053339       1.0018945     0.035238225      0.73937575       6.7763305        6.7763305       1.0987811                                      1.0987811
             12          7.4249       1.5041692      -30.389154       4.6813472      0.23494151       1.0027995      0.35646226     -0.34032767       6.7763305        6.7763305       1.2971391                                      1.2971391
              5       6.8001643      0.88415101      -30.981122       10.894455      0.32147706       1.0030901       0.1023419      0.87204405       6.7763305        6.7763305      0.04766761                                     0.04766761
              9       7.9805579      0.78575678      -30.656464       18.754895      0.48788045      0.99502171     0.077792497     -0.53617037       6.7763305        6.7763305       2.4084548                                      2.4084548
             29       7.9402607      0.32648222      -30.688902       44.667917      0.48541888       1.0004222     0.012728433      0.98979428       6.7763305        6.7763305       2.3278605                                      2.3278605
              1       8.0954018      0.12051036       -30.25273       47.116254      0.18932181       1.0021378    0.0017171966     -0.98379398       6.7763305        6.7763305       2.6381426                                      2.6381426
             11       6.8359354      0.17119666      -30.482081       54.193061      0.30954483       1.0027819     0.003451426     -0.15412881       6.7763305        6.7763305      0.11920983                                     0.11920983
              4        6.848545       0.1690426      -30.485062       54.574873       0.3062764        0.997807    0.0034080115      0.31078292       6.7763305        6.7763305      0.14442914                                     0.14442914
              2        6.778601      0.18681609      -30.473204       54.159907      0.33566558      0.99709498    0.0041649319     -0.27844889       6.7763305        6.7763305    0.0045410657                                   0.0045410657
             63       6.7802127      0.19343832       -30.47075       54.362661      0.35028297       1.0011467    0.0044219935      0.79223024       6.7763305        6.7763305    0.0077645499                                   0.0077645499
             22       6.8376955      0.24579999      -31.389356       47.224532      0.37493089      0.97078622    0.0073723791     -0.87140385       6.7763305        6.7763305      0.12273012                                     0.12273012
              2       7.4398415      0.16616251      -31.063774       42.538229      0.23371534       0.9937947     0.003207713      0.60288031       6.7763305        6.7763305       1.3270222                                      1.3270222
             14       9.3000566      0.39471003      -30.137732       42.107272      0.55318543       1.0003624     0.018713739      0.88530043       6.7763305        6.7763305       5.0474522                                      5.0474522
              1       10.497426      0.37619339      -30.442204       47.776693      0.59843557       1.0007188     0.017036875      0.90750577       6.7763305        6.7763305       7.4421912                                      7.4421912
              1        9.079061     0.089335474      -30.716439       47.472203      0.14027282      0.99410465   0.00093667061     -0.75524864       6.7763305        6.7763305       4.6054611                                      4.6054611
              6       8.1649564       1.8507116      -32.475617       20.411375      0.49865184      0.39674213       1.3332752     -0.51388692       6.7763305        6.7763305       2.7772519                                      2.7772519
             21       8.5772685       1.0628533      -32.736105       25.969819      0.16360108       0.1781418      0.21451106     -0.80818191       6.7763305        6.7763305        3.601876                                       3.601876
              4       6.8760247        0.955215      -32.517941       26.174843      0.38397377      0.46157071      0.27926235       -0.371276       6.7763305        6.7763305      0.19938854                                     0.19938854
              6        7.663178       1.1711042      -32.694793       27.007267      0.21681067      0.20602805      0.29675982      -0.7760108       6.7763305        6.7763305        1.773695                                       1.773695
             26       7.2802646       1.1757197      -31.641067       6.6186444      0.24763092      0.95643166      0.21300677    -0.033906164       6.7763305        6.7763305       1.0078682                                      1.0078682
             11       6.9443247        1.493069      -30.494466       5.7716854      0.28751336       1.0027609      0.34560525      0.18611131       6.7763305        6.7763305       0.3359884                                      0.3359884
              8       6.8716031       1.8231181      -31.022542       6.2516396       0.3830324       1.0100635      0.62022424      0.21355481       6.7763305        6.7763305      0.19054524                                     0.19054524
             34       6.7826774        1.781727      -31.096507       5.6822274      0.33140927      0.98384521      0.58024135      -0.4715416       6.7763305        6.7763305     0.012693934                                    0.012693934
              7       6.7769953       1.5452288      -31.006321       6.6762851       0.3385724       0.9863835      0.38594999     -0.79081818       6.7763305        6.7763305    0.0013296128                                   0.0013296128
              9       6.8384205       1.4583869      -31.803778        7.370765      0.37512483       1.0488476      0.28980915      0.30540161       6.7763305        6.7763305      0.12417997                                     0.12417997
              9       8.2863505       1.6683458      -32.655885       16.546496      0.17864433      0.19449975      0.67265831     -0.80684508       6.7763305        6.7763305       3.0200401                                      3.0200401
              5       7.1627289        1.504396      -32.531932       23.041268      0.42463434      0.36818701      0.74943256     -0.55064524       6.7763305        6.7763305      0.77279695                                     0.77279695
              1       7.4165374        1.242182      -32.565834        16.21991      0.23563395       0.3515006      0.46478039     -0.56969179       6.7763305        6.7763305       1.2804139                                      1.2804139
              6       6.8002322       1.3500699      -31.971711       8.5184283      0.36255217      0.94749448      0.23279295      0.60490428       6.7763305        6.7763305     0.047803479                                    0.047803479
             20       7.9478684       1.6626913       -32.31229       4.3135782      0.19811317      0.83020618      0.74902794      0.59667395       6.7763305        6.7763305        2.343076                                       2.343076
              2       9.0511713       2.4061225         -31.828       7.4667763      0.54250184      0.90755352        1.923919     0.090940351       6.7763305        6.7763305       4.5496817                                      4.5496817
              7       8.9050613       2.4084714      -31.834519       7.4847437        0.535956      0.89357831        1.933091     -0.16420081       6.7763305        6.7763305       4.2574616                                      4.2574616
              1       7.6183052       2.5186045      -32.469111       12.349648      0.22001895      0.21260203       2.8371981     -0.82993916       6.7763305        6.7763305       1.6839495                                      1.6839495
              5       7.9015222       1.8814776      -32.610049       15.365894      0.20098799      0.20894652      0.98831202     -0.79832375       6.7763305        6.7763305       2.2503834                                      2.2503834
             11       6.8290724       1.7960866      -32.515969       15.270862      0.31147043      0.34130912       1.1566687     -0.60607528       6.7763305        6.7763305      0.10548381                                     0.10548381
              2       8.0508519       2.1740508      -32.565303       13.170101      0.19192221      0.20145978       1.5209507     -0.82225694       6.7763305        6.7763305       2.5490429                                      2.5490429
              1       7.8056097       2.1764652      -32.538019       12.456781      0.20713184      0.22962079       1.6691219     -0.78771673       6.7763305        6.7763305       2.0585584                                      2.0585584
              9       8.3458451       1.4606201      -31.438308       10.086015      0.50854267       1.0375104      0.33715171     -0.90100012       6.7763305        6.7763305       3.1390292                                      3.1390292
              3       8.3306607       1.3466134      -31.381944        11.68138       0.5077351      0.97011231      0.27916587     -0.60625019       6.7763305        6.7763305       3.1086605                                      3.1086605
             37       6.8197873      0.34288117      -30.711213        32.48981      0.36971225      0.99745874     0.014194468      0.67564219       6.7763305        6.7763305     0.086913613                                    0.086913613
              2       7.1826873       1.5051102      -31.096181       5.2047348       0.2572584      0.98701685      0.36507904    -0.079607054       6.7763305        6.7763305      0.81271368                                     0.81271368
             14       6.9235141      0.80931625      -31.291668       14.888405      0.39300029      0.98027592     0.087153798     -0.22671881       6.7763305        6.7763305      0.29436734                                     0.29436734
             16        6.836392       2.1762499      -32.507631       16.034249      0.30942075      0.26651027       1.8310203     -0.73838766       6.7763305        6.7763305      0.12012309                                     0.12012309
             27       7.8787543       1.9349318      -32.707711       24.791804      0.20242195      0.12682524      0.72999537     -0.89260856       6.7763305        6.7763305       2.2048476                                      2.2048476
              6       7.7419972       1.7990789      -32.472623       19.068134      0.47263408      0.41408409       1.2465163     -0.48042885       6.7763305        6.7763305       1.9313334                                      1.9313334
              3       6.9469371       1.8102665      -32.518118       19.662131      0.39690865      0.33515012        1.172675      -0.6165866       6.7763305        6.7763305      0.34121325                                     0.34121325
              2       7.4558895        1.621511      -31.559724       4.1181363      0.23241366       1.0460752      0.46597127     -0.46191044       6.7763305        6.7763305        1.359118                                       1.359118
             17       6.7814458      0.95464958      -31.564465       10.067353       0.3324922       1.0397863      0.12955757      -0.3300432       6.7763305        6.7763305     0.010230677                                    0.010230677
             12       6.7769724       0.9439038      -31.579028       10.282853      0.33863176       1.0485961      0.11784101     -0.99427504       6.7763305        6.7763305    0.0012839544                                   0.0012839544
              1       6.9886116      0.96217819      -31.924059       14.103043      0.40324893      0.89315493      0.12043304     -0.99952354       6.7763305        6.7763305      0.42456219                                     0.42456219
              2       7.0477688      0.93618665      -31.912875       14.764613      0.41125936      0.89423813      0.12202439     -0.92746115       6.7763305        6.7763305      0.54287668                                     0.54287668
              4       6.9862275      0.66266507      -31.300754       18.739915      0.40290403      0.97512845     0.054669655     -0.99929654       6.7763305        6.7763305      0.41979411                                     0.41979411
              1        7.162844      0.46964895      -30.728347       27.037956      0.42464664       1.0050841     0.026433015      -0.2126216       6.7763305        6.7763305      0.77302707                                     0.77302707
             11       7.1620642      0.46333086      -30.727803       27.385633      0.42456323       1.0056579     0.025742458     -0.50449827       6.7763305        6.7763305      0.77146749                                     0.77146749
              4       8.1959936      0.45489816      -31.025772       32.807968      0.50039283        1.007719     0.025595288      0.31217349       6.7763305        6.7763305       2.8393264                                      2.8393264
              1       8.6082095      0.11089911      -31.183204       43.414701      0.16207511       1.0117503    0.0015029412      0.21875637       6.7763305        6.7763305        3.663758                                       3.663758
             15       6.7774172      0.22864637      -31.125412       45.002586      0.34638238       1.0117563     0.006396498    -0.019264781       6.7763305        6.7763305    0.0021735217                                   0.0021735217
              1        6.857306       0.4270017      -30.740949       26.822061      0.37982856      0.99675349     0.021779572      0.53307968       6.7763305        6.7763305      0.16195106                                     0.16195106
             25       6.7944199       0.4015522      -30.687761       26.871031       0.3598795       1.0024268     0.019255562      0.66522623       6.7763305        6.7763305      0.03617886                                     0.03617886
             11       7.6918891      0.15572243      -30.135722       41.417757      0.21480035       1.0009655    0.0028807448      0.26645814       6.7763305        6.7763305       1.8311173                                      1.8311173
             13       7.1238126      0.19834214      -30.915026       39.561469      0.26363735       1.0098141    0.0047011242     -0.91660625       6.7763305        6.7763305      0.69496433                                     0.69496433
              1       6.7765323       1.9531776      -32.450957        12.70012      0.34388837       0.4166677       1.5829412     -0.48112485       6.7763305        6.7763305   0.00040357158                                  0.00040357158
              1       6.8323123       1.7877449      -32.386753       10.421976      0.37345331      0.60242445       1.2256124    -0.070000776       6.7763305        6.7763305      0.11196363                                     0.11196363
             32       6.8682054        1.884961      -32.089291       5.0948135       0.3822941       1.1964343      0.77228568     -0.87010401       6.7763305        6.7763305      0.18374994                                     0.18374994
              7       7.1282197      0.85367855      -31.717179       9.2332481      0.26314199       1.0033748     0.094980084      0.99483289       6.7763305        6.7763305      0.70377844                                     0.70377844
             11       6.9289394      0.82123747      -31.736433       10.219793      0.29006826       1.0387505     0.096448486      0.43186674       6.7763305        6.7763305      0.30521793                                     0.30521793
              2       6.8189122      0.80794804      -31.740671       11.192939      0.31456817       1.0454641     0.094033692      0.23865212       6.7763305        6.7763305     0.085163568                                    0.085163568
              1       6.7894051      0.78339606      -31.632192       12.826874      0.32679952      0.97746478     0.083643528      0.67415415       6.7763305        6.7763305     0.026149215                                    0.026149215
              1       7.2075232      0.75981276      -31.484176       10.242587      0.25470717      0.98366415     0.076814955      0.65322922       6.7763305        6.7763305      0.86238552                                     0.86238552
             12       7.2154908      0.72101491      -31.478183       10.636412      0.25390436      0.99506778     0.066396685      0.96614668       6.7763305        6.7763305      0.87832071                                     0.87832071
             20       6.7774825      0.77635083      -31.684098       14.126009      0.34651203       0.9496481     0.069976766     -0.50347296       6.7763305        6.7763305    0.0023040279                                   0.0023040279
              6       7.1963225       2.8663677      -31.583678       4.8746268      0.42815161      0.92097155       4.9609264     -0.12617804       6.7763305        6.7763305      0.83998414                                     0.83998414
              6       7.2039027       3.0260551      -31.239741       4.3032611      0.42892558      0.98998662       8.3687417      0.94153536       6.7763305        6.7763305      0.85514456                                     0.85514456
             12       7.0994963       3.1218126      -32.114515       48.735931      0.41757107     0.082489033       18.812137      -0.9786521       6.7763305        6.7763305      0.64633167                                     0.64633167
            219       6.8934161       3.0876558      -32.242324       50.402874      0.38748777     0.074833443        10.41533     -0.98172592       6.7763305        6.7763305      0.23417129                                     0.23417129
            122        6.897734       3.1112813      -32.201143       49.222252      0.29568107     0.058028943       12.659323     -0.98921468       6.7763305        6.7763305      0.24280711                                     0.24280711
              8       6.8493108       3.1100826      -32.201838       49.305245      0.30608749     0.059993258       12.613727     -0.98847575       6.7763305        6.7763305      0.14596063                                     0.14596063
             10       6.9322492       3.1142115      -32.191992       49.424498      0.28950814     0.056531735        13.21048     -0.98980155       6.7763305        6.7763305      0.31183741                                     0.31183741
              6       6.9728577       2.9246535       -32.29582       14.039874      0.28306758      0.20719269       7.4209479     -0.86388134       6.7763305        6.7763305       0.3930545                                      0.3930545
              2       7.3685683       2.8308384      -31.722179       4.2743081       0.4443036       1.1036233       3.7389035     -0.32032049       6.7763305        6.7763305       1.1844757                                      1.1844757
              1       6.8256609      0.33992372      -31.572191       26.492724      0.31247428        1.042865      0.01469306      -0.6657955       6.7763305        6.7763305     0.098660916                                    0.098660916
              6       6.7798784      0.30549433      -31.735985       31.837654      0.33408169       1.0323581     0.012324322       0.5700773       6.7763305        6.7763305    0.0070959357                                   0.0070959357
              6       7.5116731       0.2185505      -31.701319       32.326213      0.22800449      0.96997083    0.0051728542      0.47036827       6.7763305        6.7763305       1.4706853                                      1.4706853
              6       7.5260222      0.48174344      -31.387133       29.353058      0.45710236      0.97155234     0.029177206     -0.74003945       6.7763305        6.7763305       1.4993835                                      1.4993835
              2       8.0754876      0.52706612      -30.572975        10.88886       0.1904787      0.99751813     0.033647795      0.41829309       6.7763305        6.7763305       2.5983143                                      2.5983143
              2       8.8766718      0.36196282      -30.482427       12.372006      0.14934167       1.0023025     0.015613446      0.21910358       6.7763305        6.7763305       4.2006827                                      4.2006827
              6       6.7771322      0.53675967      -30.025755       18.947918      0.33823592      0.99954017      0.03515011      0.81742147       6.7763305        6.7763305      0.00160347                                     0.00160347
              2       8.3499048       1.6133692      -31.734498          8.9572      0.50875792       1.0581009      0.48480928     0.011216529       6.7763305        6.7763305       3.1471487                                      3.1471487
              2       8.1416987       1.9094636      -32.460144       7.1533978      0.18666556      0.41073561       1.4744834     -0.49058277       6.7763305        6.7763305       2.7307365                                      2.7307365
              7       7.2251198       1.5595705      -32.421645       8.5269207      0.25294381      0.57167435      0.86538339     -0.14552319       6.7763305        6.7763305      0.89757873                                     0.89757873
              4       6.8229709       1.7742063      -32.388199       10.425833       0.3707094      0.60233851       1.2000294    -0.070305795       6.7763305        6.7763305     0.093280838                                    0.093280838
              3       7.1547528       2.4655813      -32.269211       4.8152065      0.26022299      0.65876923       3.4609655      0.10319438       6.7763305        6.7763305      0.75684471                                     0.75684471
             25       6.8693569       2.1411512      -32.486088       13.837348      0.30145419      0.30580392       1.8694868     -0.67892019       6.7763305        6.7763305      0.18605281                                     0.18605281
             26       6.7965758       2.0910774      -32.475157       13.803482      0.32308502      0.33641856       1.8108636     -0.62796369       6.7763305        6.7763305     0.040490767                                    0.040490767
              8       7.0191559       1.2110184      -31.725548       6.6781468      0.27649266       1.0275402      0.22512331      0.71891823       6.7763305        6.7763305      0.48565092                                     0.48565092
             25       8.7994067       1.1480888      -32.705198          20.178      0.15291853      0.19839394      0.27612185     -0.78507592       6.7763305        6.7763305       4.0461526                                      4.0461526
              6       7.0408977       1.3392746      -31.949113       6.7334615      0.27362286      0.91194003       0.2225301     -0.26861986       6.7763305        6.7763305      0.52913456                                     0.52913456
              7       8.6894152       1.0600334      -31.686276       4.7032749      0.15813039      0.95327308      0.13761912     -0.21508425       6.7763305        6.7763305       3.8261695                                      3.8261695
              3       7.3707046      0.66718131      -31.513409       11.230379      0.23951205      0.96075132     0.053868634      -0.9235819       6.7763305        6.7763305       1.1887484                                      1.1887484
              1       7.4068022      0.55292686      -30.634391       12.898038      0.23644576      0.99646511     0.037773849      0.12641647       6.7763305        6.7763305       1.2609435                                      1.2609435
              4       7.2751656      0.38585081      -30.820955       19.212412      0.24810956       1.0059215     0.018151748    -0.055058959       6.7763305        6.7763305       0.9976703                                      0.9976703
              7       7.2590525      0.38085819      -31.028895       33.888604       0.4343616       1.0114778     0.017775354      -0.5129939       6.7763305        6.7763305      0.96544412                                     0.96544412
              5         6.87472      0.85856297      -31.210292        13.50452      0.38369819      0.99462725     0.096709854      0.86572546       6.7763305        6.7763305      0.19677901                                     0.19677901
              1       6.7880811      0.82592707      -31.130336       12.753848       0.3564103       1.0169257     0.088062706     -0.95739604       6.7763305        6.7763305     0.023501232                                    0.023501232
              1        6.923204      0.87061568       -31.08592       13.437328      0.39294654       1.0095224     0.095487165      0.22097266       6.7763305        6.7763305      0.29374712                                     0.29374712
              7       6.8251899       0.6997666      -30.536235       15.923723      0.37138443       1.0017233     0.060929653      0.67305255       6.7763305        6.7763305     0.097718928                                    0.097718928
             16       6.9002939      0.42939348      -30.527876        20.73657      0.29519528      0.99641199     0.022112869     -0.51213855       6.7763305        6.7763305      0.24792683                                     0.24792683
              7       8.0988447      0.32144595      -31.119011       17.659981      0.18912269       1.0013073      0.01240982      0.98676896       6.7763305        6.7763305       2.6450284                                      2.6450284
              2       9.1106805      0.28165701      -30.929449       14.939307      0.13889256      0.99208719     0.009631795      -0.1469267       6.7763305        6.7763305       4.6687001                                      4.6687001
              9        6.882172      0.40729967      -30.240368       28.455413      0.38524848      0.99904234       0.0200367      0.61699043       6.7763305        6.7763305      0.21168302                                     0.21168302
              1       7.3168528      0.76739105      -31.127995       16.958675       0.4397349       1.0155568      0.07618735     -0.66789695       6.7763305        6.7763305       1.0810448                                      1.0810448
             13       6.7828332      0.83790311      -30.599427         11.9116      0.33128013      0.99759294     0.090761988      0.54584481       6.7763305        6.7763305     0.013005399                                    0.013005399
             18       6.8207885       1.4503938      -32.371031       10.716537      0.37002966      0.71551385      0.63680246        0.232618       6.7763305        6.7763305     0.088915979                                    0.088915979
             35       6.8175216       1.4457774      -32.364174       10.452079      0.36898018      0.73387287      0.61602505      0.28677942       6.7763305        6.7763305     0.082382335                                    0.082382335
             19       6.8413584       1.3765981      -30.816897       8.1965434      0.37589945       1.0012803      0.28392979      0.95904929       6.7763305        6.7763305       0.1300558                                      0.1300558
              5       6.8445892       1.8502868      -30.790299        6.099516      0.37673137       1.0032733      0.63966971      0.75770949       6.7763305        6.7763305      0.13651747                                     0.13651747
              3       7.9606041       1.4077012      -31.227408       10.610967       0.4866668      0.97923779       0.2910626      -0.6553131       6.7763305        6.7763305       2.3685473                                      2.3685473
             18       8.1257825       1.7286003       -31.76849       7.9616024      0.49642641       1.0841309      0.50162791     -0.96483482       6.7763305        6.7763305        2.698904                                       2.698904
             27       7.0649076       1.9899235      -31.910088       4.6333382      0.27058757       0.8820625      0.72858255      -0.8301315       6.7763305        6.7763305      0.57715425                                     0.57715425
              8       7.0943337        1.439137      -32.122911       4.6949837      0.26703499       1.1878288      0.33733842     -0.96493587       6.7763305        6.7763305      0.63600648                                     0.63600648
              3       7.9812262      0.85308024      -30.740642       6.9318172      0.19607907      0.99658918     0.092748922       0.5161729       6.7763305        6.7763305       2.4097914                                      2.4097914
              2       8.0943107      0.68086355      -30.801208        8.321114      0.18938497       1.0046756     0.057070779      0.28641174       6.7763305        6.7763305       2.6359605                                      2.6359605
              9       7.8965586      0.71435519      -30.774237       8.4156555      0.20129936       1.0063803     0.063293373     -0.49315571       6.7763305        6.7763305       2.2404562                                      2.2404562
              1       6.8504905       1.1808102      -32.430371       15.660648      0.37820161      0.61468904      0.43252511    -0.042026291       6.7763305        6.7763305      0.14832011                                     0.14832011
              2       6.8407025       1.5581257      -32.594707       26.602176      0.37572807      0.27244315       0.7050306     -0.70001601       6.7763305        6.7763305      0.12874408                                     0.12874408
              5       7.2764102      0.43453437      -30.719745       30.199256       0.4360075      0.99860903     0.022690607      0.90628428       6.7763305        6.7763305       1.0001595                                      1.0001595
              5       7.4105156       0.4074795      -30.954029       32.708891      0.44786463       1.0099435     0.019704278     -0.65541463       6.7763305        6.7763305       1.2683702                                      1.2683702
              5       8.0089612       2.4232378      -32.586716        17.98061      0.19440918      0.13410291        1.700015     -0.90704532       6.7763305        6.7763305       2.4652615                                      2.4652615
              1       7.4370532       1.5147074      -31.095314       4.6971593      0.23394311      0.98825295      0.37116665      0.11603166       6.7763305        6.7763305       1.3214455                                      1.3214455
              1       7.5929682       1.2624432      -31.135955       10.844015      0.46213168       1.0145786      0.22238695     -0.30917142       6.7763305        6.7763305       1.6332754                                      1.6332754
             16       6.8430343      0.30526652      -30.472262       37.111754      0.37633351      0.99839899     0.011183858      0.61405993       6.7763305        6.7763305      0.13340762                                     0.13340762
              5        7.639439      0.16958634      -30.326691       38.701277      0.21849756       1.0005812    0.0034015061      0.89199265       6.7763305        6.7763305        1.726217                                       1.726217
              7       7.1180956      0.17359459       -30.65762       45.930589      0.26428466      0.99622094    0.0035374058     0.055463756       6.7763305        6.7763305      0.68353031                                     0.68353031
             20       6.7796321      0.19114648      -30.288636        55.03544      0.34963844      0.99892371    0.0043197034      0.59858003       6.7763305        6.7763305    0.0066031847                                   0.0066031847
             14       7.9460485       0.1276056      -30.133657       46.767445      0.19822498      0.99831342     0.001928046     -0.98584614       6.7763305        6.7763305        2.339436                                       2.339436
              3       7.7688252      0.12505176      -30.356388       50.506736      0.20956373      0.99723818    0.0018521753     -0.98426045       6.7763305        6.7763305       1.9849894                                      1.9849894
              4       6.9251498      0.18885085      -30.998727       46.131215      0.29071711       1.0029486    0.0041874671      0.88020585       6.7763305        6.7763305      0.29763859                                     0.29763859
             16       6.9246318      0.18584177      -30.937888       47.382703      0.29080643      0.99257369    0.0040205458    -0.013461821       6.7763305        6.7763305      0.29660267                                     0.29660267
             13       7.1474285      0.16430029      -30.944057       47.602059      0.26101825       1.0030641    0.0032322816      0.83680732       6.7763305        6.7763305      0.74219604                                     0.74219604
             24       7.0102593      0.42404171       -32.34184       32.498645      0.40629612      0.88611634     0.031269215      0.75168005       6.7763305        6.7763305      0.46785771                                     0.46785771
              4        7.993094      0.70487141      -32.543622       19.087449       0.1953622      0.43642001      0.14481361     -0.41420551       6.7763305        6.7763305        2.433527                                       2.433527
             16       6.7978896       1.9845668      -32.726528       43.873833      0.32248096      0.11131525       0.7068642     -0.90961187       6.7763305        6.7763305     0.043118251                                    0.043118251
             27       6.9275107       2.0652999      -32.673952        43.16911      0.39368807      0.13271437      0.92955522     -0.89180381       6.7763305        6.7763305      0.30236042                                     0.30236042
             13       6.9266641        2.064809      -32.674062       43.166296      0.39354314       0.1327057      0.92878595     -0.89179217       6.7763305        6.7763305      0.30066719                                     0.30066719
              6       6.7832672       1.9075784      -32.723279       46.149478      0.35307184      0.12054128      0.67042984     -0.89792006       6.7763305        6.7763305     0.013873434                                    0.013873434
             13       6.8671895       2.2626365      -32.703273       54.259167      0.38207069     0.093535767      0.95233968     -0.93544568       6.7763305        6.7763305      0.18171797                                     0.18171797
             25       6.7889185       2.0532081      -32.768788       55.882642      0.32708503     0.085678662      0.62717848     -0.93523643       6.7763305        6.7763305     0.025176149                                    0.025176149
             20       6.7764013       2.0799684      -32.757053       55.819674       0.3408811     0.088243108      0.67174434     -0.93381831       6.7763305        6.7763305   0.00014168703                                  0.00014168703
             15       6.7860476       1.8644128      -32.751492       48.505289      0.32889574      0.10930726      0.57680492     -0.90756426       6.7763305        6.7763305     0.019434309                                    0.019434309
             16       6.8120979       1.7362833      -32.736073       49.342415      0.36714125      0.12879948      0.54203801     -0.88367975       6.7763305        6.7763305     0.071534915                                    0.071534915
              4       6.7765384       1.9470949      -32.745535       49.933163      0.34008295      0.10513095      0.63472333     -0.91423803       6.7763305        6.7763305   0.00041591922                                  0.00041591922
              8       6.9006002       2.6730491        -32.5626       45.196584      0.38886251     0.096739855       2.1590053     -0.95003749       6.7763305        6.7763305      0.24853945                                     0.24853945
             41       6.8529015       2.6723821      -32.567848       45.185282      0.37878538     0.094279996       2.1103937     -0.95173355       6.7763305        6.7763305      0.15314215                                     0.15314215
              7       6.8431769        1.029466      -32.363446       13.849192      0.37637019      0.79341553      0.25176788      0.46043518       6.7763305        6.7763305      0.13369287                                     0.13369287
             16       7.2000876      0.27741301       -31.79465       25.916769       0.2554631        1.067929    0.0083869868     -0.75226531       6.7763305        6.7763305      0.84751419                                     0.84751419
              3       7.5812012      0.53910381      -30.841304       12.500043      0.22273695      0.99341396     0.034999267     -0.20193257       6.7763305        6.7763305       1.6097415                                      1.6097415
              2       8.0550261       1.4186159      -32.615378       39.332918      0.49232335      0.26518646      0.54963629     -0.70496938       6.7763305        6.7763305       2.5573913                                      2.5573913
              5       8.2407519       1.4429178      -32.638412       44.225748      0.50287031      0.23684331      0.53339068      -0.7444488       6.7763305        6.7763305       2.9288429                                      2.9288429
              1       9.0560986      0.51822655      -31.435501       30.627488      0.54271886       1.0276986     0.034665383     -0.28590097       6.7763305        6.7763305       4.5595362                                      4.5595362
             26       6.7801501      0.84505131      -31.777641       11.037012       0.3337841       1.0756054     0.091320276     -0.99998849       6.7763305        6.7763305     0.007639309                                    0.007639309
             31       7.0228561      0.76926327      -31.655462       11.395894      0.27599545      0.94623808     0.080653005     -0.66589039       6.7763305        6.7763305      0.49305125                                     0.49305125
             37       7.0078455       1.7023132      -32.391024       8.0071214      0.27803646      0.61306677       1.0646009    -0.043543435       6.7763305        6.7763305      0.46303017                                     0.46303017
              5       7.5351752      0.87379151      -32.430595       11.991538      0.22619713      0.64882307      0.21587305     0.042316459       6.7763305        6.7763305       1.5176895                                      1.5176895
              9       7.1853383       1.0566551      -31.990989       7.5123515      0.25698243       0.9730075      0.13853615      0.90161354       6.7763305        6.7763305       0.8180157                                      0.8180157
              9       9.1931487       1.6075196      -32.344256       13.587779      0.54866401      0.75495942      0.78276183      0.35556603       6.7763305        6.7763305       4.8336365                                      4.8336365
              9       10.779083       1.9936096      -32.708255       9.5232704     0.076036378      0.12036967      0.76595632     -0.90118339       6.7763305        6.7763305       8.0055057                                      8.0055057
              9       7.2880121       1.8343298      -32.410086       7.5675582      0.24690826      0.53459433       1.3520841     -0.23327017       6.7763305        6.7763305       1.0233633                                      1.0233633
              9       7.3054504       1.9235465      -32.134356       5.7734517      0.43869854        1.187271      0.61399401     -0.81018111       6.7763305        6.7763305       1.0582398                                      1.0582398
              9       7.7260808       1.2008614      -31.883123       5.8366619      0.21244697      0.91099296      0.23977793      -0.3107487       6.7763305        6.7763305       1.8995008                                      1.8995008
              8       7.3975152      0.63127522      -31.838235       21.204428      0.44677393       1.0031466     0.048811737      0.99726289       6.7763305        6.7763305       1.2423694                                      1.2423694
              4       7.6574543      0.54776519      -31.222907       26.140225       0.4667847      0.97979394     0.037302426     -0.89120968       6.7763305        6.7763305       1.7622477                                      1.7622477
              5       7.5755044      0.47572462      -30.889102        14.04774      0.22315976       1.0036348     0.027124345      0.70450604       6.7763305        6.7763305       1.5983479                                      1.5983479
              3       8.8454801      0.32332187       -30.40454       14.040343      0.15077758      0.99826509     0.012562594      0.38347933       6.7763305        6.7763305       4.1382993                                      4.1382993
              7       6.8855585      0.21365294      -32.294421       42.027621      0.29806508      0.99767555    0.0054688075      0.99981316       6.7763305        6.7763305      0.21845598                                     0.21845598
              2       6.8142412       0.2595165      -32.266105       40.424738      0.36788355       1.0539502    0.0066515375      0.86089875       6.7763305        6.7763305     0.075821438                                    0.075821438
              9       6.7763681      0.54820104      -30.767905       18.736346        0.342815       1.0031294     0.037131239      0.62847181       6.7763305        6.7763305   7.5172222e-05                                  7.5172222e-05
              5       6.7768837      0.54746522      -30.769145       18.852133       0.3451268       1.0050405     0.037133897     0.044754127       6.7763305        6.7763305    0.0011064821                                   0.0011064821
              5       6.7801379      0.69077436      -30.674176       15.327458       0.3502027       0.9941114     0.059586608     -0.99931198       6.7763305        6.7763305    0.0076147972                                   0.0076147972
              3       6.9922364      0.36062641       -30.83504       23.503766      0.28023035      0.99366981     0.015827077     -0.13083987       6.7763305        6.7763305      0.43181186                                     0.43181186
              1       7.1456264       0.3450386       -31.83948       22.668128      0.26121512       1.0037762     0.014071572      0.99593844       6.7763305        6.7763305      0.73859177                                     0.73859177
              5       6.7882273      0.44437207      -31.938157       24.637827      0.32750033      0.89905132     0.022193146     -0.93750548       6.7763305        6.7763305     0.023793616                                    0.023793616
             12       6.9376606      0.50308037      -31.833822       23.319863      0.39539501        1.012954      0.02944398      0.95015809       6.7763305        6.7763305      0.32266035                                     0.32266035
             21       6.7810142      0.45170257      -31.812171       22.269057      0.35109783       1.0490487      0.02162461      0.13342344       6.7763305        6.7763305    0.0093674163                                   0.0093674163
              8       7.1895097      0.56213074      -31.718465       22.804763      0.42745001       1.0021768       0.0390344      0.99774527       6.7763305        6.7763305      0.82635857                                     0.82635857
              1       10.362962      0.63527713      -31.590048       26.891303      0.59375971       1.0446181     0.047480331     -0.79665529       6.7763305        6.7763305       7.1732631                                      7.1732631
             17        7.180909      0.41189658      -31.701909       32.037113      0.42655597      0.97153037     0.018705991      0.53367382       6.7763305        6.7763305      0.80915712                                     0.80915712
             13       6.8863294      0.36370523      -31.625957       32.142647       0.3860897      0.99261068      0.01628346      0.96007953       6.7763305        6.7763305      0.21999792                                     0.21999792
              1       6.7776436      0.30847705      -31.849672       34.313182      0.34681719      0.98477875     0.011984369      0.94090646       6.7763305        6.7763305    0.0026262255                                   0.0026262255
              3       7.2698507       1.6212079      -32.433326       15.148957      0.43538891       0.5328167      0.96742758     -0.23501779       6.7763305        6.7763305      0.98704042                                     0.98704042
              6       9.9088109       1.1190435      -32.853554       27.744901       0.1067189       0.1033078      0.15397239     -0.89597845       6.7763305        6.7763305       6.2649609                                      6.2649609
              1       12.612579       2.2732708      -33.178633       27.845986     0.020848651    0.0098988807      0.11533376     -0.99444255       6.7763305        6.7763305       11.672498                                      11.672498
              5       10.367817       2.7493273      -32.651567       19.397451     0.090069954     0.050761065       1.5039343     -0.98049147       6.7763305        6.7763305       7.1829728                                      7.1829728
             19        9.018109       2.8200692      -32.262496       4.0334253      0.14296053      0.37774983       7.1448744      -0.5891552       6.7763305        6.7763305        4.483557                                       4.483557
              8       7.0982942       1.1728548      -31.348031       10.418393      0.41743038       1.0267412      0.18559843     -0.71527517       6.7763305        6.7763305       0.6439274                                      0.6439274
              1       8.6166723      0.36747888      -31.518258       13.720998      0.16165999      0.96362122     0.015413789      -0.7134915       6.7763305        6.7763305       3.6806836                                      3.6806836
              4       9.2040863       0.2947564      -31.373544       13.896169      0.13486888       0.9896356     0.010728186      0.74965296       6.7763305        6.7763305       4.8555117                                      4.8555117
              3       9.2033487      0.30291894      -31.391664       13.798777      0.13490035      0.96999156     0.011076573     -0.97493581       6.7763305        6.7763305       4.8540364                                      4.8540364
             11       9.2006315      0.54354103      -31.495489       7.7100707      0.13501631      0.96831674     0.038609775     -0.26063411       6.7763305        6.7763305       4.8486021                                      4.8486021
             16        10.56794       0.3139891      -30.680952       7.9337545     0.083146146       1.0031611      0.01189138      0.41998882       6.7763305        6.7763305       7.5832184                                      7.5832184
              3       8.6030815     0.099493503      -30.913007        48.62904      0.16232712       1.0083762     0.001189841     -0.40103196       6.7763305        6.7763305       3.6535021                                      3.6535021
              4       8.3294715      0.48508783      -32.620885       33.138359      0.17632831      0.32967998     0.060775316     -0.58866115       6.7763305        6.7763305       3.1062821                                      3.1062821
              3       8.2701356      0.78673939      -32.741088       36.465451      0.17952377      0.18807513      0.11665978     -0.79032555       6.7763305        6.7763305       2.9876103                                      2.9876103
             15       8.6975015      0.83703236      -32.764168       33.723846      0.15774221      0.16795405       0.1221277      -0.8161685       6.7763305        6.7763305        3.842342                                       3.842342
              5       8.8591607      0.44765947      -32.507899       19.552294      0.15014647      0.51557463     0.057583928     -0.26095712       6.7763305        6.7763305       4.1656605                                      4.1656605
             12       7.4829375       0.7222317      -31.612317       9.4361213      0.23025404       1.0154513     0.062269939      0.80834412       6.7763305        6.7763305       1.4132141                                      1.4132141
              7       7.0953664       1.0384524      -31.605628       7.5432436      0.26691336        1.024112       0.1350532      0.54121062       6.7763305        6.7763305      0.63807195                                     0.63807195
             40       6.9834192         2.37738      -32.504077       16.400963      0.28150477      0.21698999        2.236051     -0.81553214       6.7763305        6.7763305      0.41417751                                     0.41417751
              1       7.8396544       2.4183678      -32.554479       16.030122      0.20491951      0.15887152       1.9224761     -0.88286836       6.7763305        6.7763305       2.1266478                                      2.1266478
              2       7.3074836       2.3838216      -32.505431        14.46109      0.24511586       0.2137069       2.2379942     -0.81992731       6.7763305        6.7763305       1.0623062                                      1.0623062
             36       7.0704726       2.2829704      -32.547871       18.198744      0.26990229      0.19524808       1.7747968      -0.8356701       6.7763305        6.7763305      0.58828424                                     0.58828424
              1       6.7763492       2.2920676      -32.555637       24.085909      0.34142484      0.18587738       1.7393497     -0.84686267       6.7763305        6.7763305    3.743914e-05                                   3.743914e-05
             15       6.9392502       2.1611717       -32.54998       25.025839       0.3956574      0.21986863       1.5827392     -0.79915097       6.7763305        6.7763305      0.32583942                                     0.32583942
              7       7.0808861       2.6819505      -32.521804        25.62493      0.26863715      0.11748287       2.5767045     -0.93498146       6.7763305        6.7763305      0.60911134                                     0.60911134
             25       7.1893435        2.827471      -32.456132       24.121223      0.25656718      0.11306431       3.6505971     -0.94635149       6.7763305        6.7763305      0.82602611                                     0.82602611
              1       7.6727777       2.8511873      -32.476778       24.559703      0.21613493     0.092767962       3.3747532      -0.9613086       6.7763305        6.7763305       1.7928944                                      1.7928944
             19        6.806335       3.0260033      -32.248477       20.557595      0.31897306       0.1541112       9.7625417     -0.92485966       6.7763305        6.7763305     0.060009029                                    0.060009029
              1       6.9182661        1.300002      -32.736607       41.494608       0.2919172      0.16264694      0.31639241     -0.83274579       6.7763305        6.7763305      0.28387129                                     0.28387129
             12       6.7819705      0.50165671      -32.514872       39.795718      0.33201651      0.49984875      0.07271903     -0.29269971       6.7763305        6.7763305     0.011279998                                    0.011279998
              2       7.8844205      0.89545924      -32.781068        44.17656       0.2020637      0.15352266      0.13149147     -0.83463389       6.7763305        6.7763305         2.21618                                        2.21618
             26       6.8950683       1.1674695      -32.687848       35.849003      0.29619242      0.21270281      0.30137546     -0.76736007       6.7763305        6.7763305      0.23747559                                     0.23747559
             29       6.7763819       1.1585324      -32.661429       37.139699      0.34295304      0.23955763      0.32098074     -0.73177939       6.7763305        6.7763305   0.00010279402                                  0.00010279402
              2       6.9308563      0.48739185      -31.927188       27.127588      0.39425687      0.89621401     0.028764332     -0.99924071       6.7763305        6.7763305      0.30905162                                     0.30905162
              2       6.7805293      0.37611871      -32.259181       26.305281        0.350614       1.0650826     0.013633615      0.78583952       6.7763305        6.7763305    0.0083975842                                   0.0083975842
              6       6.8463074      0.29972201      -32.139988       26.230819      0.30683423       1.1729925     0.011857315      -0.9124337       6.7763305        6.7763305      0.13995377                                     0.13995377
              2        6.789863       0.2018034      -31.785039       45.343369       0.3265356       1.0725318    0.0046828525     -0.97911509       6.7763305        6.7763305     0.027065167                                    0.027065167
              1       6.9931872      0.26083346      -31.819811       44.812214      0.40390551       1.0385848    0.0071895183      0.48073453       6.7763305        6.7763305       0.4337135                                      0.4337135
             10       6.8335692      0.24755613      -31.749629       43.101318      0.37380446       1.0529364    0.0082732895    -0.056981561       6.7763305        6.7763305      0.11447753                                     0.11447753
             18       6.7902095      0.24306411       -31.73624        42.83434      0.35766111       1.0324778    0.0077740217      0.56584907       6.7763305        6.7763305     0.027758061                                    0.027758061
             10       6.8515757      0.28370959       -31.92561        44.70381      0.37846552      0.89687037    0.0097355658     -0.99093616       6.7763305        6.7763305      0.15049051                                     0.15049051
              9        6.777126       2.2205229      -32.613741       30.221187      0.33825044      0.15149333       1.3251154     -0.87989101       6.7763305        6.7763305    0.0015911245                                   0.0015911245
             21       8.5655084       2.3413543      -32.731831       28.573504       0.1641845     0.073760424      0.88427575     -0.95370252       6.7763305        6.7763305       3.5783559                                      3.5783559
              5       7.4063964      0.30881612      -30.746262       43.316139      0.44752026       1.0055066     0.011522539     -0.29904276       6.7763305        6.7763305        1.260132                                       1.260132
              1        7.835098      0.47673075      -31.066394       30.222839      0.47878647      0.99874668     0.027445492      0.98461168       6.7763305        6.7763305        2.117535                                       2.117535
              9       7.5104804       1.1805148      -30.715749       5.8447103      0.22809698      0.99358959      0.19346224     -0.76063499       6.7763305        6.7763305       1.4682998                                      1.4682998
             14       7.6711268       1.0549586      -30.445535       6.1427114      0.21625088       1.0029615      0.14938678     -0.35720848       6.7763305        6.7763305       1.7895926                                      1.7895926
             16       7.5904182      0.94280735      -30.482539       14.698326      0.46194398       1.0018908       0.1160586      0.51939922       6.7763305        6.7763305       1.6281754                                      1.6281754
              9        7.361426      0.87776105      -30.369319       15.163574      0.44368485       1.0018867      0.10020694      0.18638608       6.7763305        6.7763305       1.1701911                                      1.1701911
              8       6.8205914      0.90373241      -30.085109       12.317273      0.36996748      0.99892077      0.10657376      0.10960193       6.7763305        6.7763305     0.088521968                                    0.088521968
              2       6.8471287       1.6877414      -30.209573       6.7053188      0.37737154       1.0022261      0.48566216     -0.80741921       6.7763305        6.7763305      0.14159638                                     0.14159638
             22       7.2446775      0.16719417       -30.09454       45.108115      0.25102402       1.0003717    0.0033080355      0.84421647       6.7763305        6.7763305      0.93669403                                     0.93669403
             29       7.0379866      0.18923165       -30.04762       43.576665      0.27400009      0.99867654    0.0042406175     -0.73696793       6.7763305        6.7763305      0.52331226                                     0.52331226
             14       6.9891693      0.18962311      -30.095347       44.532267      0.28067067      0.99897097    0.0042765273       0.1633558       6.7763305        6.7763305      0.42567758                                     0.42567758
             99       6.8545901      0.18777373      -30.829477       48.634027      0.30481124       1.0031776    0.0041386274      0.69642816       6.7763305        6.7763305      0.15651924                                     0.15651924
              2       6.9199039      0.25365188      -30.848903       34.355654      0.29162908       1.0058111     0.007774656     0.098662824       6.7763305        6.7763305       0.2871468                                      0.2871468
             36       7.3819922      0.22029802      -30.669981       32.578657      0.23854347      0.99895439      0.00578606      0.93306155       6.7763305        6.7763305       1.2113234                                      1.2113234
             13       6.9006504      0.29141937      -30.766681       30.416076      0.29512803       1.0007158     0.010156676      0.97970492       6.7763305        6.7763305      0.24863983                                     0.24863983
             31       6.7985178      0.39052081      -30.689239       24.803047      0.32219861      0.99976135     0.018351886      0.99689994       6.7763305        6.7763305     0.044374735                                    0.044374735
              7       7.4905155      0.40888073      -30.437737       16.925714      0.22965643      0.99737135     0.020252812     -0.21218121       6.7763305        6.7763305         1.42837                                        1.42837
              1       7.6232379      0.42320794      -30.427166       15.648627      0.21966215      0.99688967     0.021679121     -0.78480778       6.7763305        6.7763305       1.6938149                                      1.6938149
              1       7.7249377      0.46214389       -30.42251       13.777427      0.21252496       1.0031977     0.025819691     -0.95553659       6.7763305        6.7763305       1.8972144                                      1.8972144
              6       6.8116944      0.67222387      -30.422769       14.129413      0.31700095       1.0031005     0.056084996     -0.78846512       6.7763305        6.7763305      0.07072796                                     0.07072796
              1       6.8580269      0.66689434      -31.089535       17.058933      0.37999658       1.0039052     0.054626415      0.86781619       6.7763305        6.7763305      0.16339297                                     0.16339297
              6       6.8232259      0.50550636      -31.043394       18.615918      0.31321224       1.0003444     0.031059813      0.99871099       6.7763305        6.7763305     0.093790773                                    0.093790773
             17       6.9234933      0.53282335      -30.817054       16.423039      0.29100331      0.99950062     0.034604083      0.99241421       6.7763305        6.7763305      0.29432572                                     0.29432572
              7       6.9874066       1.6123923      -31.844963       5.4732591      0.28092515      0.95674413      0.48280889      0.66939578       6.7763305        6.7763305      0.42215227                                     0.42215227
             10       6.9266595       1.5949226      -31.893391       6.1634229      0.29045764      0.88806171      0.45642471     -0.82930078       6.7763305        6.7763305      0.30065809                                     0.30065809
              2       6.8410256       1.5926489      -31.817799       5.7181375      0.30818738       1.0170964       0.3940146      0.93000503       6.7763305        6.7763305      0.12939034                                     0.12939034
              4       6.8260507       2.5913165      -32.677377       56.391283      0.31235788     0.064245384       1.2658469      -0.9681782       6.7763305        6.7763305     0.099440377                                    0.099440377
              6       6.7835755       2.7166862      -32.606314       52.583061      0.33068475     0.069574601       1.8183521     -0.96937059       6.7763305        6.7763305     0.014490135                                    0.014490135
             16       6.8752468       1.9765004      -32.740327       43.451666      0.30019033      0.10505465      0.66421541     -0.91527475       6.7763305        6.7763305      0.19783261                                     0.19783261
              3       6.7810742       1.9868812      -32.655858       34.257165      0.35115591      0.15505957      0.93146722     -0.86533548       6.7763305        6.7763305    0.0094874127                                   0.0094874127
             16       7.9548793       2.4455061      -32.547582       37.778384      0.48631672       0.1582082       2.0119629     -0.88508066       6.7763305        6.7763305       2.3570977                                      2.3570977
             22       7.0972503       2.7538791      -32.575928        39.43121        0.266692     0.073815388        2.107513     -0.96834607       6.7763305        6.7763305      0.64183966                                     0.64183966
              3       7.7394871       2.4092334       -32.52764       31.959006      0.47246419      0.18442452       2.1115989     -0.85534932       6.7763305        6.7763305       1.9263133                                      1.9263133
             17       7.2225252       2.4235409      -32.549172       32.976445      0.43079839      0.16200999       1.9690979     -0.87997791       6.7763305        6.7763305      0.89238954                                     0.89238954
             16       8.5245522       2.5758958      -32.696095       32.136652      0.16623147     0.060354025       1.1582682     -0.97006316       6.7763305        6.7763305       3.4964435                                      3.4964435
              1       7.4170507       2.2291085      -32.681521       29.402454      0.23559131      0.10803548       1.0192294     -0.92172146       6.7763305        6.7763305       1.2814406                                      1.2814406
              3       6.8267133       1.8927978      -30.587148       5.9246729      0.37183898      0.99657095      0.67459066      0.32900058       6.7763305        6.7763305      0.10076562                                     0.10076562
             19       7.4915319       1.9564472      -31.495228       7.3415088      0.45442348       0.9508877      0.76418551     -0.98372058       6.7763305        6.7763305       1.4304029                                      1.4304029
              8       7.0616544       1.8288969       -31.52289       4.5409318      0.27099123      0.98071527      0.58264702        0.691164       6.7763305        6.7763305      0.57064793                                     0.57064793
              3       7.1303501       1.1769042      -31.841296       10.921685      0.42109636      0.98462898      0.20374275      0.94637648       6.7763305        6.7763305      0.70803924                                     0.70803924
              1       6.7857043       1.1575921      -31.832021       8.5099983      0.32912935       1.0041614      0.18396688        0.995605       6.7763305        6.7763305     0.018747569                                    0.018747569
              9       6.8017655        1.641023      -32.375333       8.8163327      0.32079887      0.66642626      0.92405044     0.097322811       6.7763305        6.7763305     0.050870078                                    0.050870078
             16       6.8252563       1.8966035      -31.979069       5.8757498      0.37140438       1.0016802      0.69737137      0.99974223       6.7763305        6.7763305     0.097851703                                    0.097851703
              2       6.7901671       1.8933807      -31.974892       5.7273036      0.35763716      0.99123447      0.67347792      0.99261981       6.7763305        6.7763305     0.027673237                                    0.027673237
              7       7.0907558        1.468091      -31.006789       8.6446393       0.4165421      0.98646332      0.33716144     -0.82482189       6.7763305        6.7763305      0.62885061                                     0.62885061
              2       7.3532512       1.1825416      -32.535791       27.731434      0.44297199      0.40598446      0.43707605     -0.47676535       6.7763305        6.7763305       1.1538415                                      1.1538415
              4        8.181167       1.6223581      -32.762315        27.83825      0.18443646      0.12273827      0.43433139      -0.8865419       6.7763305        6.7763305        2.809673                                       2.809673
              3         9.02617       1.6737528      -32.818259       27.876375        0.142603     0.091859261      0.36719689     -0.91928102       6.7763305        6.7763305       4.4996791                                      4.4996791
              2       6.8303005      0.61982175      -31.933025       20.161468      0.37288297      0.89682043     0.045248407     -0.97730598       6.7763305        6.7763305         0.10794                                        0.10794
              9       7.6885802      0.69846011      -31.762761       18.864551      0.46896959       1.0697407     0.066689139     -0.70508226       6.7763305        6.7763305       1.8244994                                      1.8244994
              2       7.1563336      0.51060729      -32.170807       13.073663      0.26005236       1.1708423     0.028388484     -0.96104194       6.7763305        6.7763305      0.76000632                                     0.76000632
              2       7.5938863      0.47401083       -32.09968       12.254368       0.2218008       1.1476405     0.035561124     -0.39839022       6.7763305        6.7763305       1.6351117                                      1.6351117
             19       6.8863744      0.45949737      -32.007625       25.486629       0.3860987      0.99088858      0.02477084      0.98901756       6.7763305        6.7763305      0.22008779                                     0.22008779
             26       7.2472404       1.3655244      -32.772595       41.094926      0.25077544      0.13431337      0.30476865     -0.86697559       6.7763305        6.7763305      0.94181995                                     0.94181995
              4       7.2067158       1.3177917      -32.775809       42.953557      0.25478894      0.13528716      0.28174253     -0.86469685       6.7763305        6.7763305      0.86077057                                     0.86077057
              7       6.8611101       1.2314087      -32.710169       39.333136      0.30329307      0.18820173      0.31172028      -0.8000259       6.7763305        6.7763305      0.16955935                                     0.16955935
             10       6.7768159        1.041026      -32.640403       36.579532      0.34492889      0.27223989      0.27362059      -0.6835489       6.7763305        6.7763305   0.00097084493                                  0.00097084493
             10       6.9739897       1.0259314      -32.678079       35.662358      0.28289811      0.23239329      0.23984222     -0.73788848       6.7763305        6.7763305      0.39531842                                     0.39531842
              6       7.0050017      0.48010482      -31.113523       25.599534      0.40556948      0.99178845     0.027285876      0.45719254       6.7763305        6.7763305      0.45734249                                     0.45734249
              2       6.8032611       1.9259795      -32.674172        37.96639      0.36381556      0.14953822      0.82322441     -0.86868852       6.7763305        6.7763305     0.053861337                                    0.053861337
              7       6.7763473       1.4110307      -32.154726       6.1888306      0.34254598       1.1789509      0.26270211     -0.90313751       6.7763305        6.7763305   3.3736467e-05                                  3.3736467e-05
             12       7.1086716       1.2514393      -32.499385       13.801914      0.26536364      0.46175779      0.51175023     -0.37599834       6.7763305        6.7763305      0.66468219                                     0.66468219
             22       7.6710776       1.4178982      -32.591152        15.53349      0.21625434      0.29510233         0.58382     -0.66209055       6.7763305        6.7763305       1.7894943                                      1.7894943
             28       7.5827539        1.265006      -32.242749        10.35452      0.46137803       1.0586595      0.19468416      0.85141075       6.7763305        6.7763305       1.6128469                                      1.6128469
              1       7.4942742       1.3229911      -32.331438        12.32199      0.45463881      0.83820579      0.41059923      0.61163521       6.7763305        6.7763305       1.4358876                                      1.4358876
              5       6.7763388       1.2938595      -32.412101       12.385398      0.34161691      0.64071393      0.52410787     0.024221464       6.7763305        6.7763305   1.6609243e-05                                  1.6609243e-05
              1        6.967012      0.65742552      -31.290852       18.623578      0.40004933       0.9820323     0.056054957     -0.04833294       6.7763305        6.7763305      0.38136313                                     0.38136313
             17        7.076706       1.3965069       -30.88467       5.7415079      0.26914235       1.0088693       0.2888834     -0.45223487       6.7763305        6.7763305      0.60075113                                     0.60075113
             18       7.2963013      0.70186632      -30.408015       18.774957      0.43785888      0.99867164     0.061398691      0.65799443       6.7763305        6.7763305       1.0399417                                      1.0399417
              8       6.7876999      0.69323562      -31.173837       15.497719      0.35617463      0.99640575     0.059332894       0.9244759       6.7763305        6.7763305     0.022738816                                    0.022738816
              3       7.0042191      0.47210263       -31.48666       26.303085       0.4054606      0.98135798     0.028610423      0.53723349       6.7763305        6.7763305      0.45577727                                     0.45577727
             30       7.3539649      0.41829138      -31.826528       31.004584      0.44303443        1.026726     0.019294182      0.76853141       6.7763305        6.7763305       1.1552689                                      1.1552689
              5       9.4134776      0.53720147      -32.086347       27.556208      0.55787882       1.1326745     0.046881525     -0.16983141       6.7763305        6.7763305       5.2742942                                      5.2742942
             12       6.8429881       0.3493966      -32.098397        28.28318      0.37632161       1.1445484     0.019188183     -0.35799253       6.7763305        6.7763305       0.1333152                                      0.1333152
              5       6.8652994       0.4602636      -31.582098        23.80511      0.38165173       1.0469172     0.025693383     -0.99893105       6.7763305        6.7763305      0.17793796                                     0.17793796
              4       6.8786732      0.66109226      -31.318795       17.572979      0.38452764      0.99481423     0.053389518      0.91848655       6.7763305        6.7763305      0.20468538                                     0.20468538
             21       6.7836827      0.48836289      -30.350306       21.717849      0.35339859       1.0014453     0.029092207      0.44028981       6.7763305        6.7763305     0.014704382                                    0.014704382
             20       6.8038585      0.43372503      -30.399696       22.121071       0.3199438       1.0022475     0.022836003    -0.072737369       6.7763305        6.7763305     0.055056149                                    0.055056149
             21       6.7977867      0.41709725      -30.452442       23.280002      0.32252759      0.99831694      0.02086166       0.5324808       6.7763305        6.7763305     0.042912468                                    0.042912468
             25       6.7797191      0.48217963      -30.400108       21.741041      0.34973846       1.0027117     0.028345489     -0.54917099       6.7763305        6.7763305    0.0067772549                                   0.0067772549
             17       7.1168166      0.60359778      -30.633982       20.954129      0.41956978      0.99703149     0.045296917      0.38686525       6.7763305        6.7763305      0.68097233                                     0.68097233
              9       6.8516867       1.3616404      -31.531997       8.4514017       0.3784924       0.9885255      0.26580994      0.87260038       6.7763305        6.7763305      0.15071242                                     0.15071242
              9       7.1827234       1.0276073      -31.056791       12.657565      0.42674536      0.98608276      0.13952094     -0.81407447       6.7763305        6.7763305      0.81278581                                     0.81278581
              3       7.2631287       1.0104824      -31.036224        12.78927      0.43475073       1.0110852      0.13325327     -0.28117169       6.7763305        6.7763305      0.97359645                                     0.97359645
             17       6.8047135      0.79035092       -31.23225       12.359498      0.31960389       0.9833614     0.076668615     -0.24420585       6.7763305        6.7763305     0.056766162                                    0.056766162
              8        6.991367       0.8206817      -31.227499       10.482816      0.28035483      0.97943866       0.0847356     -0.89461478       6.7763305        6.7763305      0.43007317                                     0.43007317
              8       7.0269712       0.5369903      -30.967333       23.102794      0.40855315      0.98978193     0.035813018     -0.57052054       6.7763305        6.7763305      0.50128137                                     0.50128137
              3       9.1519473       0.2913156      -31.371858       14.249977      0.13710515      0.99265367     0.010381657      0.87205511       6.7763305        6.7763305       4.7512337                                      4.7512337
              4       6.7790197      0.96343873       -30.91475       10.771427      0.34889381        1.010457      0.12303252     -0.96414958       6.7763305        6.7763305    0.0053785274                                   0.0053785274
             12        6.783306      0.69311202      -31.446365       14.795416      0.35310279       1.0348859     0.060229759     -0.99755995       6.7763305        6.7763305     0.013951091                                    0.013951091
              2       6.8882406      0.85534318      -32.263208       13.029139      0.38647107       1.0422761     0.082403473       0.9241045       6.7763305        6.7763305      0.22382024                                     0.22382024
             18       6.7865274      0.82072404      -32.239477       11.956361      0.35542387         1.08861      0.06583986      0.57157123       6.7763305        6.7763305     0.020393862                                    0.020393862
              4       6.7848877      0.99201576      -32.099877       9.2504794       0.3542973       1.1603979      0.16663773     -0.53866702       6.7763305        6.7763305     0.017114493                                    0.017114493
              6       7.2206427      0.74054396      -32.598019       50.124813      0.43061086      0.34866093      0.14945342     -0.56275166       6.7763305        6.7763305      0.88862442                                     0.88862442
              1       7.1031159      0.73345027      -32.712962       50.706718      0.26600689      0.21497038      0.11078028     -0.75488365       6.7763305        6.7763305      0.65357091                                     0.65357091
              3       7.2464589      0.73994382      -32.734581       52.122718      0.25085116      0.19548445      0.10547163      -0.7801569       6.7763305        6.7763305      0.94025693                                     0.94025693
              7       7.4610422      0.75222688      -32.755641       52.117667      0.23199897      0.17785831      0.10178608     -0.80255057       6.7763305        6.7763305       1.3694235                                      1.3694235
              8       7.5239928      0.83349852      -32.794648       55.716775      0.22705354      0.14694655      0.10891486      -0.8414455       6.7763305        6.7763305       1.4953247                                      1.4953247
             21       6.8912016      0.35081554      -32.403887       44.658725      0.38705555      0.74252325     0.028992314      0.29622412       6.7763305        6.7763305      0.22974225                                     0.22974225
              6       7.3985407      0.45975906      -32.454818       46.849881      0.44686038      0.62352656     0.057886395    -0.021847829       6.7763305        6.7763305       1.2444204                                      1.2444204
             10       6.9179484      0.48557627      -32.495441        45.09264      0.39202671      0.53811419     0.067700269     -0.21463081       6.7763305        6.7763305      0.28323577                                     0.28323577
              5        6.792203      0.52564065      -32.568194       45.836008      0.32525191      0.40573832     0.077524631     -0.46597092       6.7763305        6.7763305     0.031744979                                    0.031744979
              1        6.779147       1.0902803      -32.642061        34.66308       0.3349449      0.26637286      0.29929444     -0.69309689       6.7763305        6.7763305     0.005633149                                    0.005633149
              9       7.4020188      0.68126398      -32.624936       33.142806      0.23684695      0.31527171       0.1197745     -0.61322855       6.7763305        6.7763305       1.2513767                                      1.2513767
             15       6.7981404      0.78267068      -32.546666       32.614863      0.36163224      0.42578898      0.17954449     -0.43426208       6.7763305        6.7763305     0.043619843                                    0.043619843
             20       6.9274521      0.30635634      -31.794044       26.660315      0.29032195       1.0683404     0.010276096     -0.77022856       6.7763305        6.7763305      0.30224317                                     0.30224317
              1       6.9626451      0.31042748      -31.818772       26.496481      0.28461923       1.0400106     0.010191346      0.43941107       6.7763305        6.7763305      0.37262936                                     0.37262936
              5       6.7915371      0.34616258      -31.762353       26.498281      0.32560696       1.0668854     0.015834961     -0.62567427       6.7763305        6.7763305     0.030413291                                    0.030413291
             27       7.0006387      0.41304974      -31.565648       28.418776      0.40496011        1.036875     0.022247082     -0.23892909       6.7763305        6.7763305      0.44861646                                     0.44861646
              8        7.291773      0.34087648      -30.504237        38.49106      0.43744056       1.0020377     0.013997995      0.45271363       6.7763305        6.7763305        1.030885                                       1.030885
              9       9.0470321      0.44637888      -30.470915       36.486393      0.54231935       1.0007888     0.024022657      0.90310383       6.7763305        6.7763305       4.5414034                                      4.5414034
             10       7.6944328      0.37436961      -30.472953       37.783011      0.46937623        0.997346     0.016935443     -0.05457128       6.7763305        6.7763305       1.8362047                                      1.8362047
             13       6.9584815       1.0439908      -32.780034        55.67918        0.285264      0.14749571      0.17787727     -0.84456063       6.7763305        6.7763305      0.36430215                                     0.36430215
              6       7.8711498      0.51618093      -32.506138       54.314733      0.48109582      0.51574364     0.077031756     -0.26095656       6.7763305        6.7763305       2.1896387                                      2.1896387
              4       8.7223501      0.25503348      -32.251146       57.501684      0.52744557       1.0809903     0.005933139       0.6364017       6.7763305        6.7763305       3.8920393                                      3.8920393
              6       7.3292532      0.64725917      -32.677706        44.43383      0.24315036      0.25410011     0.095309791     -0.70086415       6.7763305        6.7763305       1.1058455                                      1.1058455
              6       9.0993915      0.91325448      -32.904367       52.122931      0.13938427     0.088006557     0.085579205     -0.90970919       6.7763305        6.7763305        4.646122                                       4.646122
             16        8.956113      0.91189391       -32.91399       56.976244      0.14573203     0.084302175     0.082092943     -0.91372011       6.7763305        6.7763305       4.3595651                                      4.3595651
              4       7.6570257      0.20186517      -30.715579       32.549432      0.21724565      0.99372955    0.0048244146     -0.97642536       6.7763305        6.7763305       1.7613906                                      1.7613906
              6       6.9509566      0.36015667      -30.845497       33.171789      0.39755172       1.0001271     0.015561735       0.9995485       6.7763305        6.7763305       0.3492523                                      0.3492523
              8        6.911837      0.24028601      -31.049205       36.998041      0.29306462      0.99078193    0.0070346017      0.10631696       6.7763305        6.7763305      0.27101306                                     0.27101306
              4       8.4432301     0.097019431       -31.83739       52.319057      0.17036827       1.0087696    0.0010789893      0.97719465       6.7763305        6.7763305       3.3337992                                      3.3337992
             12       10.960309      0.31055844      -31.777611       55.351797      0.61391778       1.0733888     0.011698727     -0.98755812       6.7763305        6.7763305        8.367958                                       8.367958
              6       9.5659172     0.059387537       -31.77185       56.654159      0.11996942       1.0716806    0.0004398185     -0.89397325       6.7763305        6.7763305       5.5791736                                      5.5791736
              8       7.4976306      0.13388079      -31.970923       55.426311       0.2290982      0.92791745     0.001756121     0.025353657       6.7763305        6.7763305       1.4426003                                      1.4426003
             16         8.74645      0.12652973      -31.316987       37.271701      0.15540967      0.99043995    0.0018359235      0.70241316       6.7763305        6.7763305       3.9402391                                      3.9402391
              2       7.2161224      0.50222104      -32.525578       53.633024      0.43015896      0.47998061     0.072788198     -0.33136226       6.7763305        6.7763305      0.87958383                                     0.87958383
              5       6.8836278       0.4841389      -32.542789       53.171784       0.3855449      0.45013798     0.067043802     -0.38706727       6.7763305        6.7763305      0.21459464                                     0.21459464
             15       7.1180357      0.44351758      -32.496649       52.900859      0.41970853      0.53764564     0.056281346     -0.21545963       6.7763305        6.7763305      0.68341049                                     0.68341049
              8       6.8098979      0.31151433      -32.466136         50.6576      0.31764424      0.60497893     0.026653054       -0.066062       6.7763305        6.7763305     0.067134768                                    0.067134768
              3       7.4101508      0.90376801      -32.800681       55.934979      0.23616582      0.14041015      0.12482207     -0.85030506       6.7763305        6.7763305       1.2676407                                      1.2676407
              3       6.8531937      0.66796887      -32.674061       53.397698      0.30514451      0.25712761      0.10250868     -0.69699794       6.7763305        6.7763305      0.15372647                                     0.15372647
              1       6.8367722      0.43453245      -31.925117       23.867933      0.30931781      0.89637513     0.023093969     -0.99213769       6.7763305        6.7763305       0.1208834                                      0.1208834
              3        7.595268      0.52559355      -32.219059       23.460417      0.46230073       1.1268361     0.024502462    -0.062797242       6.7763305        6.7763305       1.6378751                                      1.6378751
             11       6.8018728      0.53509144      -32.266327       19.466798      0.36324582       1.0480935     0.029714541      0.89491652       6.7763305        6.7763305     0.051084764                                    0.051084764
              3       6.7927666       1.2891781      -32.162372       7.1262886      0.35904289       1.1746052      0.20542256     -0.86924711       6.7763305        6.7763305     0.032872342                                    0.032872342
              4        8.212567      0.36703287      -31.431101       40.192375       0.5013147       1.0213715     0.017133831      0.20717544       6.7763305        6.7763305       2.8724731                                      2.8724731
              6       7.2900067      0.31188912      -31.895578       46.164112      0.43727689        0.912796     0.013651576     -0.40883986       6.7763305        6.7763305       1.0273524                                      1.0273524
             12       6.7865597      0.19397357      -31.716561       55.277169      0.35544512      0.99633668    0.0044063279      0.99320508       6.7763305        6.7763305     0.020458502                                    0.020458502
             18       7.3130481      0.14071486      -31.908147       57.855122      0.24460968      0.90305409    0.0026363583     -0.73215825       6.7763305        6.7763305       1.0734354                                      1.0734354
             20       7.6647614      0.34917284      -32.579612       47.288789      0.21669896      0.39443921      0.03345061     -0.48355691       6.7763305        6.7763305       1.7768619                                      1.7768619
             11       7.8068065      0.31111607       -32.25092       42.633273      0.47694656       1.0807382    0.0088746517      0.64013203       6.7763305        6.7763305       2.0609521                                      2.0609521
              4       8.1329983      0.41842861      -31.364926        13.37517      0.18716127       1.0051183     0.020735213      0.93376109       6.7763305        6.7763305       2.7133356                                      2.7133356
              1       8.1575598       1.9640104      -32.811441       37.359346      0.18576593     0.076093038      0.48994741     -0.94111099       6.7763305        6.7763305       2.7624586                                      2.7624586
              3       9.7093085       2.2292451      -32.843112       30.820214      0.11433448     0.050015621      0.51144343     -0.96802804       6.7763305        6.7763305       5.8659562                                      5.8659562
              5       6.7796195       1.5448645      -32.600598       24.354235      0.33437608      0.26711128      0.68184144     -0.70699367       6.7763305        6.7763305    0.0065781061                                   0.0065781061
              1       6.9057374      0.55968961      -30.488578       15.837749      0.29417867      0.99745288     0.038128073      0.10230257       6.7763305        6.7763305       0.2588139                                      0.2588139
              4       9.1890438      0.80075739      -30.491878       20.522289      0.54848842       1.0031425     0.082221055     -0.29100291       6.7763305        6.7763305       4.8254266                                      4.8254266
             33       6.7765312       1.7714128      -30.575529       5.8084008      0.34388346        1.004516      0.56121938     -0.29620958       6.7763305        6.7763305   0.00040147317                                  0.00040147317
             12       7.1862956       1.8344124      -31.019949       4.1879715        0.256883        1.004978      0.62624472      0.80470922       6.7763305        6.7763305      0.81993025                                     0.81993025
              6       7.0444429       1.8480632      -31.060873        4.464095      0.27316626      0.99517328      0.62358828      0.84505036       6.7763305        6.7763305      0.53622495                                     0.53622495
             33       7.0427209      0.99671975      -30.254802       8.2516824      0.27338767      0.99904547      0.13250785      0.67440843       6.7763305        6.7763305      0.53278094                                     0.53278094
              8        6.958143      0.93234885      -30.353114       12.831502      0.39868325       1.0015992      0.11334786      0.36977434       6.7763305        6.7763305      0.36362499                                     0.36362499
             39       6.7778948       2.0008498      -31.585779       5.0131021      0.34725786       1.0405261      0.75084286     0.052222503       6.7763305        6.7763305    0.0031286917                                   0.0031286917
              4       6.8207874       2.0374753      -31.627687       4.8927179      0.31397067      0.94660425      0.95070805     -0.11045911       6.7763305        6.7763305     0.088913937                                    0.088913937
              6       7.5496946       1.1856066      -30.848722        5.664994      0.22509452        1.007272      0.19984337     -0.20048111       6.7763305        6.7763305       1.5467282                                      1.5467282
              8       7.3250956      0.32388184      -30.583351       22.643042      0.24352271      0.99802173     0.012622575      0.64568244       6.7763305        6.7763305       1.0975303                                      1.0975303
             18       7.1615458      0.52723038       -30.85234       23.989584      0.42450773       1.0087519     0.033995245     -0.98793936       6.7763305        6.7763305      0.77043072                                     0.77043072
              4       7.0440373      0.51504322      -30.827488       23.827506      0.41078165       1.0060294     0.031856364    -0.077597161       6.7763305        6.7763305      0.53541372                                     0.53541372
             21       7.6143131       2.2763429      -32.275176       8.2243151      0.46369153      0.74441249       2.3027138      0.35311013       6.7763305        6.7763305       1.6759652                                      1.6759652
              1       7.8116129       0.4829968      -31.692035       31.012836       0.4772609      0.95761739     0.025563888    -0.088190054       6.7763305        6.7763305       2.0705648                                      2.0705648
              1       6.8821477      0.81234832      -31.631015       14.555636      0.38524352      0.97922789     0.090017572      0.72188068       6.7763305        6.7763305      0.21163448                                     0.21163448
             13       7.0987353       1.5801914      -32.511084       20.367977      0.41748204      0.38985411      0.86612526      -0.5162953       6.7763305        6.7763305       0.6448097                                      0.6448097
              2       7.0591119       1.9862485      -32.560806        16.87211      0.27130832      0.24332238        1.287332     -0.75951552       6.7763305        6.7763305      0.56556285                                     0.56556285
              8       6.9027498       1.9487301      -32.519993       14.984938      0.29473391      0.30335097       1.3822023     -0.67251554       6.7763305        6.7763305      0.25283871                                     0.25283871
              5       7.9566087       1.9709161      -32.617799        16.01761      0.19757744        0.188102        1.052655     -0.82757889       6.7763305        6.7763305       2.3605564                                      2.3605564
              6       7.8810617      0.32226298      -32.011644       18.923307      0.20227595      0.99691632     0.012285388      0.99877529       6.7763305        6.7763305       2.2094625                                      2.2094625
              5       8.1789699       1.2699402       -32.84362       42.964536      0.18455971      0.10166358      0.20270918     -0.90046398       6.7763305        6.7763305       2.8052788                                      2.8052788
              5       13.091357      0.94703716      -33.450186       35.065291    0.0079354181    0.0071820306      0.00832716     -0.99307601       6.7763305        6.7763305       12.630053                                      12.630053
              2       13.393391       2.3477632      -34.534511       29.563775    3.992144e-05   1.7286772e-05   0.00023327126     -0.99999117       6.7763305        6.7763305       13.234121                                      13.234121
              7       13.392923       2.3616968      -34.453857       26.937755   5.2009702e-05   2.4570881e-05   0.00034015637     -0.99998762       6.7763305        6.7763305       13.233186                                      13.233186
             11       13.394566       2.5575978      -34.755215       25.336865   9.5743289e-06   4.4406355e-06   9.1030141e-05     -0.99999823       6.7763305        6.7763305        13.23647                                       13.23647
              4       13.382629      0.30384222      -34.042115       58.156261    0.0003181176    0.0005410844    6.060406e-05     -0.99944255       6.7763305        6.7763305       13.212597                                      13.212597
              1       13.382066      0.30234938      -34.031146       58.100324   0.00033268256   0.00056919922   6.3121253e-05     -0.99941353       6.7763305        6.7763305       13.211471                                      13.211471
              4       13.385109      0.20003322      -34.000482       57.719438   0.00025399035   0.00066117267   3.1951468e-05     -0.99931579       6.7763305        6.7763305       13.217557                                      13.217557
              1       13.391182      0.73578604      -34.478949       59.091997   9.7006978e-05   6.7057085e-05   4.5814776e-05     -0.99993356       6.7763305        6.7763305       13.229703                                      13.229703
              2       13.365293       0.4316861      -33.883616       48.313408   0.00076671767    0.0011048966    0.0002516361     -0.99887035       6.7763305        6.7763305       13.177926                                      13.177926
              2       13.362669       1.3337643      -33.992087       37.298282   0.00083468624   0.00050428638    0.0012748798     -0.99955636       6.7763305        6.7763305       13.172677                                      13.172677
              1       13.213384       1.0087591      -33.622472       44.223718    0.0047232314    0.0031821337    0.0042533965     -0.99697497       6.7763305        6.7763305       12.874108                                      12.874108
             10       9.5125205      0.45715436      -32.625872       24.774108      0.12210468      0.32403606     0.053410735     -0.59696746       6.7763305        6.7763305       5.4723801                                      5.4723801
              8       7.5847317      0.26237297      -32.454272       40.340245      0.22247567      0.63175225     0.018471871   -0.0020260399       6.7763305        6.7763305       1.6168025                                      1.6168025
              6       7.7010518      0.26191411      -32.465819       40.484482      0.21416544      0.60704909     0.018763994     -0.06121282       6.7763305        6.7763305       1.8494427                                      1.8494427
             12       7.0854292       1.7945939      -32.789755       46.568244        0.268092     0.096416134      0.46379474     -0.91798991       6.7763305        6.7763305      0.61819746                                     0.61819746
             19       7.2703304       2.1173517      -32.687353       29.802143      0.24856571      0.11839208      0.91846582     -0.90781472       6.7763305        6.7763305      0.98799985                                     0.98799985
              5       6.9620669        1.745993      -31.700529       4.9277332      0.28470834      0.99456326      0.52715711       0.9890878       6.7763305        6.7763305      0.37147284                                     0.37147284
              4       7.0617266      0.46106112      -31.051198        27.24684      0.41301775      0.98813429     0.026308698     -0.44450534       6.7763305        6.7763305      0.57079231                                     0.57079231
              7       7.4857201       2.2831476      -32.709677        34.23376      0.23003423     0.088455691      0.93908635     -0.94034638       6.7763305        6.7763305       1.4187793                                      1.4187793
              2       6.7872992       2.5191761      -32.544271       29.619056      0.35592261      0.14336652       2.1405316     -0.90363517       6.7763305        6.7763305     0.021937423                                    0.021937423
              5       7.1329117       1.4429663      -31.036836       8.6969417      0.42138201       1.0091951      0.31143329      0.23302431       6.7763305        6.7763305       0.7131625                                      0.7131625
             12       6.8443003       1.3190913      -30.999578        8.597355       0.3766578      0.99822662      0.25586685      0.96557599       6.7763305        6.7763305      0.13593972                                     0.13593972
              2        7.481547       1.1379467      -30.858729       6.0767974      0.23036404        1.001244      0.17810395      0.96526785       6.7763305        6.7763305       1.4104331                                      1.4104331
              2       7.5164774       1.4704496      -30.821832       9.2453813      0.45636729       1.0089309      0.33674781     -0.87063083       6.7763305        6.7763305       1.4802938                                      1.4802938
              1       8.5260317       1.0911384      -32.908641       56.251261      0.16615711     0.081363336      0.11780049     -0.91911606       6.7763305        6.7763305       3.4994025                                      3.4994025
              2       12.321577       2.0121116      -33.296678          56.432     0.028957521    0.0076648872     0.058089748     -0.99485611       6.7763305        6.7763305       11.090493                                      11.090493
             38       6.7900064       2.2165646       -30.99731        4.460448       0.3264539      0.99239572       1.1841516      0.60955403       6.7763305        6.7763305     0.027351896                                    0.027351896
              7        6.832676       1.6092835      -30.888157       5.7848658      0.31044468       1.0022597      0.42196304      0.91561671       6.7763305        6.7763305      0.11269107                                     0.11269107
              5       7.2480691       2.6281238      -30.507929       4.9802282       0.4333048      0.99499373       2.5227058    -0.062924662       6.7763305        6.7763305      0.94347736                                     0.94347736
             21       8.5353543       2.0840611      -30.202761       7.4556953      0.51831072       1.0025672      0.93246018     -0.95878551       6.7763305        6.7763305       3.5180476                                      3.5180476
             33       6.9253347       2.0512836       -32.62939       25.622744      0.29068526      0.16622394       1.0872803      -0.8561361       6.7763305        6.7763305       0.2980084                                      0.2980084
             10       7.4491956       2.0706918      -32.659641       23.919489      0.23295472      0.14135985      0.98678015     -0.88331202       6.7763305        6.7763305       1.3457302                                      1.3457302
             19       6.9453484       1.5032719        -32.6517       26.494293      0.28734759       0.2168401       0.5560801     -0.77271235       6.7763305        6.7763305      0.33803594                                     0.33803594
             34       7.0795129       1.5363702      -32.668125       26.558133      0.26880274      0.19799862      0.55067606     -0.79758959       6.7763305        6.7763305      0.60636483                                     0.60636483
              3       6.9998255       1.5338836      -32.658588       26.426168      0.27915413      0.20698523      0.56616163     -0.78631742       6.7763305        6.7763305      0.44698999                                     0.44698999
              2       7.0718315       1.5263914      -32.668423        26.72224      0.26973594      0.19875678      0.54320745     -0.79629488       6.7763305        6.7763305      0.59100212                                     0.59100212
             15       7.2908303      0.39111726      -31.922208       21.135544      0.24664676      0.89676138     0.019014198     -0.97196654       6.7763305        6.7763305       1.0289996                                      1.0289996
              1       7.3187027      0.38798606      -31.919581       21.075057        0.244098      0.89722478     0.019018579     -0.94609882       6.7763305        6.7763305       1.0847444                                      1.0847444
              6       6.7921132      0.40076549      -32.122372       20.921491      0.32529935       1.1660633     0.023376341     -0.73301182       6.7763305        6.7763305      0.03156539                                     0.03156539
             19        6.787648       1.7304827       -31.59978       5.5715644      0.32785772       1.0220282       0.4910277      0.69957811       6.7763305        6.7763305      0.02263514                                     0.02263514
             31       6.8011281       1.6586682      -31.680303       6.1098073       0.3210662      0.95220279      0.41873001    -0.051261071       6.7763305        6.7763305     0.049595277                                    0.049595277
             11       7.1328024      0.59750904      -32.095665       11.533759      0.26263016       1.1453841     0.057698483     -0.35241368       6.7763305        6.7763305      0.71294389                                     0.71294389
             10       6.9684396      0.61056018      -32.155394       11.879137      0.28373378       1.1757625     0.045222753     -0.99940288       6.7763305        6.7763305      0.38421819                                     0.38421819
             19       8.0946018      0.44374053      -32.509474       25.015568      0.18936812      0.51273068     0.056577355     -0.26668216       6.7763305        6.7763305       2.6365426                                      2.6365426
              8       7.5311243      0.42757717      -32.442388       24.414868      0.22650664      0.65212966      0.04867125     0.049028919       6.7763305        6.7763305       1.5095876                                      1.5095876
             12       6.7913201       1.0544042      -32.449494       15.790826      0.32572433      0.58797672      0.34069265     -0.10616126       6.7763305        6.7763305     0.029979344                                    0.029979344
              1       6.9445787      0.97798257      -32.395034        16.88591      0.39652782      0.72167223      0.25315393      0.24178393       6.7763305        6.7763305      0.33649653                                     0.33649653
              2       6.8807376      0.88023925      -32.444946       16.572378      0.29904558      0.61613193      0.22542613    -0.039171598       6.7763305        6.7763305      0.20881422                                     0.20881422
              2       6.8623341      0.84122502      -32.264525       13.084804      0.38098533       1.0402813     0.079960125      0.93173172       6.7763305        6.7763305      0.17200727                                     0.17200727
             13       6.8451601      0.91529851      -32.336624       11.587834      0.30712368      0.87030243      0.16365941       0.7066115       6.7763305        6.7763305      0.13765933                                     0.13765933
             17       7.2235786      0.34092023      -31.832782       21.957842      0.25309686       1.0161697      0.01315547      0.91979677       6.7763305        6.7763305      0.89449628                                     0.89449628
              3       7.3177282      0.34554934      -31.899063       23.360369      0.24418598      0.90918626     0.016628306      -0.5151917       6.7763305        6.7763305       1.0827956                                      1.0827956
              7       7.1622608      0.29964747      -30.914425       42.182723      0.42458427       1.0095796     0.010827614     -0.81464697       6.7763305        6.7763305      0.77186076                                     0.77186076
              9       6.8590768      0.61303477      -30.388538       14.879953      0.30376007       1.0008429     0.046519968      0.84140198       6.7763305        6.7763305      0.16549258                                     0.16549258
             26       6.8056001      0.63931641      -30.466458       14.976214      0.31925681       1.0021764     0.050955758      0.28174902       6.7763305        6.7763305     0.058539257                                    0.058539257
             19       6.8088367      0.94632356      -30.564733       10.069585      0.31803231       1.0030947      0.11675776      0.12081164       6.7763305        6.7763305     0.065012482                                    0.065012482
              6       6.9611948      0.59710493      -30.455417       20.028377      0.39915701       1.0031578      0.04412475     -0.59933233       6.7763305        6.7763305      0.36972876                                     0.36972876
              4       6.8125128      0.49587636      -30.506658       22.175013      0.36728666       1.0038984      0.02983154     -0.96007827       6.7763305        6.7763305      0.07236475                                     0.07236475
             23       6.8177229       1.2707545      -30.171013       7.4378628      0.31495397       1.0015189       0.2330349      -0.2099437       6.7763305        6.7763305     0.082784925                                    0.082784925
              5       6.8939697      0.99408195       -30.26267       8.9758071      0.29640482      0.99841584      0.13186178      0.11995496       6.7763305        6.7763305       0.2352785                                      0.2352785
              1       6.7780902       1.6931554      -30.281345       6.1614165      0.34757656        1.001371      0.49080337      0.50823344       6.7763305        6.7763305    0.0035194713                                   0.0035194713
             29       6.8648883       1.6604981      -30.176377        5.471069         0.30244       1.0005771      0.46386167      0.84859786       6.7763305        6.7763305      0.17711566                                     0.17711566
              8       6.8600186        2.022753      -30.320952       4.5177112      0.30354305      0.99834555      0.83847082      0.51486309       6.7763305        6.7763305      0.16737634                                     0.16737634
              7       6.8651468       1.9993714      -30.336287       4.5586154       0.3023823      0.99713017      0.81345192     -0.37563004       6.7763305        6.7763305      0.17763262                                     0.17763262
              6       8.9358655      0.72836663      -31.751322       20.935104       0.5373543         1.05915     0.075430159      -0.2431058       6.7763305        6.7763305         4.31907                                        4.31907
             13       6.9361451      0.50055758      -30.630619       17.291416      0.28885639       1.0030424      0.03020935      0.32195969       6.7763305        6.7763305       0.3196292                                      0.3196292
              4       7.8437727      0.44415726      -30.673943       13.928988      0.20465431      0.99422908       0.0238889     -0.98213781       6.7763305        6.7763305       2.1348844                                      2.1348844
              9        9.323217      0.45281871      -31.742626       8.2535548      0.12984774       1.0442174     0.028003216      0.24714088       6.7763305        6.7763305       5.0937732                                      5.0937732
             17       7.1135212       1.4999253      -31.733957       5.0410825      0.26480651       1.0525849      0.39836548      0.14572925       6.7763305        6.7763305      0.67438144                                     0.67438144
              8       7.3641458       1.5544577      -31.781245       4.3132215      0.24007909       1.0762064      0.35513156     -0.73742947       6.7763305        6.7763305       1.1756306                                      1.1756306
              8       7.0023576       1.4055159      -31.254927       8.4643052      0.40520088       1.0236823      0.30490449     -0.80559524       6.7763305        6.7763305      0.45205421                                     0.45205421
              2       7.0389627       1.2190705      -31.338185       9.8346766      0.41012663       1.0281369      0.21556278     -0.84834536       6.7763305        6.7763305      0.52526455                                     0.52526455
              1       7.6660379       1.1520756      -30.374893       5.6676107      0.21660897      0.99705094      0.18464275     -0.77490161       6.7763305        6.7763305       1.7794149                                      1.7794149
              3       7.0561297      0.91391342      -30.334337       8.9144945      0.27168207       1.0022616      0.10847896     -0.37478693       6.7763305        6.7763305      0.55959843                                     0.55959843
              8       7.1170658      0.47741606      -30.053553       26.397053      0.41959817        1.000698     0.027709695      0.41009716       6.7763305        6.7763305      0.68147073                                     0.68147073
              3       7.4058887      0.25526049      -30.157819        27.87377      0.23652226      0.99911298    0.0077347162      0.52656257       6.7763305        6.7763305       1.2591166                                      1.2591166
             15       6.8101503      0.75856302      -31.040936       14.456312      0.36644717       1.0043477     0.071708513      0.79800847       6.7763305        6.7763305     0.067639646                                    0.067639646
              3       6.8287989      0.99685972      -31.879968       10.198541      0.31154968      0.92103707      0.15734788     -0.09963044       6.7763305        6.7763305      0.10493685                                     0.10493685
              3       6.7884139      0.38360785      -32.437479       38.584618      0.32738705      0.66478574     0.038537442     0.081385001       6.7763305        6.7763305     0.024166867                                    0.024166867
              6       6.9335929       2.9098528      -31.261225       4.2650112      0.39471757      0.95591035       5.3498569     -0.48313239       6.7763305        6.7763305       0.3145249                                      0.3145249
              1       8.0165921      0.32856316      -32.325894       48.413543      0.49004697      0.92592088     0.016577843      0.87193072       6.7763305        6.7763305       2.4805233                                      2.4805233
              4       7.0845896      0.24964407      -31.895883       54.839744      0.41580755      0.91284618    0.0087093261     -0.41124261       6.7763305        6.7763305       0.6165182                                      0.6165182
              7       6.7821459      0.17672549      -31.689762       59.134647      0.33186239      0.95441826    0.0033561852     -0.29706438       6.7763305        6.7763305     0.011630962                                    0.011630962
              1       9.9322578      0.17004334      -31.182104       18.519736      0.10583999       1.0101301    0.0035321592      0.41618415       6.7763305        6.7763305       6.3118547                                      6.3118547
              5       7.3639293      0.40146666      -31.319144       18.072041      0.24009786      0.99461155     0.019041186      0.90914046       6.7763305        6.7763305       1.1751977                                      1.1751977
             11       7.4065067      0.40423683      -31.334071       17.236958       0.2364705       1.0200052     0.020621984    -0.094570818       6.7763305        6.7763305       1.2603525                                      1.2603525
              3       7.8908824       1.6177393      -32.801251       36.400837      0.20165628      0.10292331      0.37085002     -0.90688392       6.7763305        6.7763305       2.2291038                                      2.2291038
              6       7.0329554       1.1433587      -32.541356         17.9938      0.27465703      0.40124278      0.40347702     -0.48409602       6.7763305        6.7763305      0.51324984                                     0.51324984
              3       7.0363081      0.34260876      -32.360659       42.571633      0.40978144        0.844414     0.022566482      0.61557884       6.7763305        6.7763305      0.51995521                                     0.51995521
             25       6.7763823       1.0115147      -31.697157       10.461507      0.34104321      0.96864547      0.12477737      0.47734814       6.7763305        6.7763305   0.00010360339                                  0.00010360339
             14       8.4617647       1.6867496      -32.041627       8.1882501       0.5145833       1.1197881      0.63582193      0.15079047       6.7763305        6.7763305       3.3708685                                      3.3708685
              1       6.9196097       1.7121234      -32.368832       7.6802857      0.29168071      0.66667962       1.0349844     0.099402561       6.7763305        6.7763305      0.28655855                                     0.28655855
              1       7.4227686       1.2864846      -32.351901       13.261887      0.44888244      0.79075986       0.4225345      0.45804184       6.7763305        6.7763305       1.2928763                                      1.2928763
             35       7.3451725        1.206098       -32.25499       10.623405      0.44226254       1.0374226      0.18488484      0.94526913       6.7763305        6.7763305       1.1376842                                      1.1376842
              5       7.4258021       1.1721356      -32.257125       11.122014      0.44913292       1.0354652      0.17363745      0.95104945       6.7763305        6.7763305       1.2989434                                      1.2989434
              6       6.9201304       1.1939271      -32.349689       12.213075      0.39241064      0.80883484      0.34232567      0.51334165       6.7763305        6.7763305      0.28759991                                     0.28759991
              4       6.7957844       1.2086147      -32.347989       11.051525      0.36054157      0.81127331       0.3505026      0.52154271       6.7763305        6.7763305     0.038907862                                    0.038907862
             12       7.1525363        1.596365      -32.505238       12.353364      0.26046284      0.39696317      0.89427153      -0.5043847       6.7763305        6.7763305      0.75241158                                     0.75241158
             10       6.8841399      0.44520046      -32.057234       23.985742       0.3856487        1.085438     0.030676742       0.4175796       6.7763305        6.7763305      0.21561893                                     0.21561893
              9       6.7900927       1.1233938       -32.64738       33.896616      0.32640495      0.25762634      0.31358958     -0.70617214       6.7763305        6.7763305     0.027524388                                    0.027524388
              6       7.4001928       1.2840597      -32.780659       41.297657       0.2370005      0.13432614      0.26354572     -0.86496614       6.7763305        6.7763305       1.2477247                                      1.2477247
             19       7.2393427       1.2244357       -32.64075       41.432737      0.43245635      0.25620322      0.38013976      -0.7110489       6.7763305        6.7763305      0.92602443                                     0.92602443
             19       7.1098671       1.8086024      -32.844363       59.510846      0.26522592     0.074062547      0.37469223     -0.93919988       6.7763305        6.7763305      0.66707324                                     0.66707324
             35       6.7920834       1.8089671      -32.800479       59.547479      0.32531512     0.090767864      0.44982315     -0.92375889       6.7763305        6.7763305     0.031505789                                    0.031505789
              1       6.8003816       1.8582492        -32.7921       57.186547      0.32138372     0.090896665       0.4865254     -0.92496435       6.7763305        6.7763305     0.048102215                                    0.048102215
             32       6.7928316       1.9203804      -32.764849       57.226469      0.35907653     0.098202989      0.57381595     -0.91992654       6.7763305        6.7763305     0.033002262                                    0.033002262
              6       7.8926673       1.8780361      -32.703775       57.127429      0.48245606      0.13515466      0.70405766     -0.88197947       6.7763305        6.7763305       2.2326736                                      2.2326736
             15       11.325766       1.9236909      -33.164875       59.759019     0.058455252     0.015282932     0.099691437     -0.98908515       6.7763305        6.7763305        9.098871                                       9.098871
             11       11.301355       2.5241101      -33.014738       48.530144     0.059216991     0.014529423      0.27026607     -0.99357057       6.7763305        6.7763305       9.0500487                                      9.0500487
              3       13.391475       0.8886985      -34.376355       29.372174   8.9446771e-05   0.00010299023   0.00010497507     -0.99990022       6.7763305        6.7763305       13.230288                                      13.230288
              3       11.742594       2.3807412      -32.800817       11.510087     0.045750418     0.050179485      0.66808616     -0.97125029       6.7763305        6.7763305       9.9325277                                      9.9325277
              4       8.5356362       1.5556741       -31.53085       10.113488      0.51832484      0.99015771      0.37679816      0.91323134       6.7763305        6.7763305       3.5186114                                      3.5186114
             11       7.2576854      0.36244942      -32.036859       34.414094      0.43423071        1.046306       0.0183677      0.79196386       6.7763305        6.7763305      0.96270989                                     0.96270989
              7       6.8671472      0.60431175      -31.681625       15.853056      0.30193863      0.94725423     0.041785818     -0.69330417       6.7763305        6.7763305      0.18163345                                     0.18163345
             24       7.3630779      0.46739269      -31.599377       14.903617      0.24017171       1.0362633     0.024385633     -0.19827483       6.7763305        6.7763305        1.173495                                       1.173495
              7       8.3907324      0.40536193      -31.634952       13.148369      0.17309259      0.97608031     0.021335647      0.61951621       6.7763305        6.7763305        3.228804                                       3.228804
             12       7.8096771      0.69222628      -30.572709       9.0071645      0.20686562       0.9971811     0.059413246      0.26557131       6.7763305        6.7763305       2.0666933                                      2.0666933
              2       6.9183351       1.0354123      -30.533865       8.4366758      0.29190503       1.0043355      0.14360118     -0.93486112       6.7763305        6.7763305      0.28400925                                     0.28400925
              7       6.7855383       1.2297278      -30.846608       8.0140037      0.32924379       1.0041092      0.21728737       0.6169148       6.7763305        6.7763305     0.018415688                                    0.018415688
              2       6.8686415        1.047661      -30.852702       8.5742202      0.30161038       1.0091431      0.14734404     -0.97315565       6.7763305        6.7763305      0.18462216                                     0.18462216
             22        7.321931        1.159399      -30.908791       6.2937715      0.24380706       1.0042094      0.18918672      0.69183666       6.7763305        6.7763305       1.0912011                                      1.0912011
              2       6.9222093       2.3552453      -32.433759       15.677569      0.39277373      0.31970502       2.6949706     -0.66941388       6.7763305        6.7763305      0.29175776                                     0.29175776
              6       8.8086762      0.42575424      -32.643144       35.549241      0.15248585      0.30280437     0.044661017     -0.62844347       6.7763305        6.7763305       4.0646914                                      4.0646914
             28       7.1713304      0.34272328        -31.6396       38.523965      0.42554902      0.96871699     0.015400795      0.36917303       6.7763305        6.7763305      0.78999993                                     0.78999993
             40       7.2502544       1.1006546       -32.69098       55.157155      0.43351603      0.21462196      0.26555846     -0.76311239       6.7763305        6.7763305      0.94784781                                     0.94784781
             17       8.1471851      0.35372428       -31.98869       44.249001      0.49764621      0.95559589     0.012965803      0.67778752       6.7763305        6.7763305       2.7417093                                      2.7417093
              5       6.9249676      0.38629326      -32.465803       50.731549       0.3932515       0.6031107     0.041239304    -0.070432856       6.7763305        6.7763305      0.29727434                                     0.29727434
             31       6.7785323      0.19528269      -32.127042       45.914973      0.34823788       1.1672929    0.0053847675     -0.77478741       6.7763305        6.7763305    0.0044037088                                   0.0044037088
             11       6.8621656      0.16210151      -32.188312       48.407566      0.30305288       1.1607535    0.0025360301     -0.80820119       6.7763305        6.7763305      0.17167024                                     0.17167024
              1       7.5626599      0.30667823      -32.256698       42.096295      0.45988136       1.0706337    0.0088585873      0.73892513       6.7763305        6.7763305       1.5726589                                      1.5726589
              6         6.89313      0.38813237      -31.027696       29.697325      0.38743217       1.0102303     0.018524769     -0.20447809       6.7763305        6.7763305      0.23359911                                     0.23359911
              5       6.7772648      0.41453916      -30.706426        24.95992      0.34606341       1.0052378     0.020504284     -0.43011641       6.7763305        6.7763305     0.001868638                                    0.001868638
             23       6.7787363       0.4645206      -30.355443       22.598754      0.34852048      0.99783961     0.026263232     -0.18356891       6.7763305        6.7763305    0.0048117475                                   0.0048117475
             12       6.7807171       1.7083194      -30.676313        5.879992      0.33319545       0.9969541      0.49754396      0.61211622       6.7763305        6.7763305    0.0087732132                                   0.0087732132
              2       7.2782167        1.548991      -30.904585       8.4833259      0.43617713      0.99763059      0.38057105        0.911764       6.7763305        6.7763305       1.0037724                                      1.0037724
              1       7.1386908        1.173351      -30.980821       10.770267      0.42202269       1.0036986      0.19435376      0.82978406       6.7763305        6.7763305      0.72472065                                     0.72472065
              4       6.8081235       1.0509992      -30.708076       10.432712       0.3657033       1.0024233      0.14783212      0.72890084       6.7763305        6.7763305     0.063586042                                    0.063586042
             10       6.8265695       1.0386567      -30.658626       10.775569      0.37179639      0.99842355      0.14427241      0.85667044       6.7763305        6.7763305      0.10047813                                     0.10047813
             22        8.394913       1.8255327      -30.098128       8.3995075      0.51112596       1.0018586      0.60906335     -0.98776342       6.7763305        6.7763305       3.2371651                                      3.2371651
             17       6.7900815      0.24211908      -30.961734       40.586708       0.3264113      0.99833028    0.0070127934      0.95536569       6.7763305        6.7763305     0.027501971                                    0.027501971
             11       6.7834848      0.28671638       -32.23185       33.312848      0.35324414       1.1115592     0.007122224      0.20619083       6.7763305        6.7763305     0.014308578                                    0.014308578
             12       6.8852171       0.5523075       -32.41599       29.754759      0.38586622       0.7057019     0.077233839      0.19212166       6.7763305        6.7763305       0.2177733                                      0.2177733
             23       7.4747188      0.13555253      -31.961349       55.862889      0.23090581      0.91648584    0.0018227129     -0.35041914       6.7763305        6.7763305       1.3967766                                      1.3967766
              5       7.4589661      0.13635389      -31.961357       55.837028      0.23216587      0.91649574      0.00184433     -0.35004534       6.7763305        6.7763305       1.3652713                                      1.3652713
             49       6.7796804      0.18087828       -31.98417       58.641923      0.33430583      0.94726442    0.0032849982      0.52108928       6.7763305        6.7763305    0.0066998927                                   0.0066998927
              3       7.2094742      0.37597284      -32.496102       37.577361      0.25450991      0.54143192     0.040196218     -0.20728371       6.7763305        6.7763305      0.86628739                                     0.86628739
              3       7.4527453      0.40085362      -32.331224       37.120355      0.45133253      0.91163421      0.02592378      0.83076073       6.7763305        6.7763305       1.3528296                                      1.3528296
             22       7.2685505       1.7791204       -32.68385       26.374472      0.24873418      0.15931925      0.68851832     -0.85218465       6.7763305        6.7763305      0.98444006                                     0.98444006
              9       8.3021138       2.3583772      -32.806995        45.05915       0.1777939     0.050285468      0.64290473      -0.9706674       6.7763305        6.7763305       3.0515667                                      3.0515667
              6       6.9327525       1.0010785      -32.698913       55.408008      0.39457651      0.21380234      0.21470911     -0.76174327       6.7763305        6.7763305      0.31284404                                     0.31284404
             21       8.8837246      0.78848415      -31.824023       19.851393      0.53498153       1.0272514     0.072376587      0.76940094       6.7763305        6.7763305       4.2147884                                      4.2147884
              2       8.9923881       1.3439621      -31.940382        13.38317      0.53989434       0.9021623      0.23039039     -0.58520405       6.7763305        6.7763305       4.4321153                                      4.4321153
              5       8.7665592       1.3421232      -31.930272       13.266297      0.52954019      0.89387904      0.24148188     -0.85856192       6.7763305        6.7763305       3.9804575                                      3.9804575
              4       8.7974422      0.22899241      -31.363891       19.935706      0.15301036       1.0073723    0.0060762125       0.8588738       6.7763305        6.7763305       4.0422234                                      4.0422234
              9       6.9038459      0.54349312      -31.433745       20.998001      0.38947055       1.0257099      0.03832825     -0.11103929       6.7763305        6.7763305      0.25503086                                     0.25503086
             12       8.6414581        1.104987       -32.49543       29.196734      0.52355037      0.48774063       0.3871519     -0.32275457       6.7763305        6.7763305       3.7302553                                      3.7302553
              6       7.5670652        0.314246      -30.167157        21.39843       0.2237889       1.0002505      0.01178753      0.94920077       6.7763305        6.7763305       1.5814695                                      1.5814695
              9       7.0732476      0.73596218      -30.208156       16.940338        0.414437      0.99908596     0.068001206      0.61352582       6.7763305        6.7763305      0.59383427                                     0.59383427
             14       6.9063951      0.69375382      -30.050004       16.874007      0.38994269       1.0011499     0.060029934     -0.48888694       6.7763305        6.7763305      0.26012924                                     0.26012924
             13       6.8398926      0.60607002      -30.437797       15.340628      0.30848477      0.99721708      0.04554793     -0.32782089       6.7763305        6.7763305       0.1271243                                      0.1271243
             12       6.8370321      0.60812167      -30.438195       15.332288      0.30924761      0.99685225     0.045807855     -0.69886841       6.7763305        6.7763305      0.12140324                                     0.12140324
              1       7.4449353        0.487375       -30.66746       14.340061      0.23330049       1.0032827     0.028574499      0.33267724       6.7763305        6.7763305       1.3372096                                      1.3372096
              5        6.783106      0.40468288      -31.051476       24.887251      0.33105755      0.98794697     0.020138504      -0.4981447       6.7763305        6.7763305     0.013551064                                    0.013551064
              1        6.784524      0.40351055      -31.048986       24.803385      0.32996684      0.99089209     0.020079757      0.13719493       6.7763305        6.7763305     0.016387155                                    0.016387155
             22       7.0221844      0.32801487       -30.96658       25.532998      0.27608543      0.99076361     0.013117245     -0.31177789       6.7763305        6.7763305      0.49170786                                     0.49170786
              2       6.7930795      0.34870799      -30.818766       30.883652      0.35920433       1.0024735     0.014689567      0.81216267       6.7763305        6.7763305     0.033498072                                    0.033498072
             11       7.0154436      0.39426371      -30.930584       31.315004      0.40700468      0.99079095     0.018989837     -0.53592911       6.7763305        6.7763305      0.47822634                                     0.47822634
              2       6.7764182      0.26874418      -31.617281       37.765556      0.34075482       1.0090878    0.0083341882      0.93296078       6.7763305        6.7763305   0.00017547358                                  0.00017547358
              1       6.8650493      0.30155042      -31.616686       37.654832      0.38159594       1.0100549     0.010482299      0.91762237       6.7763305        6.7763305      0.17743761                                     0.17743761
             53       6.7767269      0.23370038      -31.619482       44.095591       0.3446468       1.0051747    0.0063747843       0.9787271       6.7763305        6.7763305   0.00079283969                                  0.00079283969
             12       7.2633497      0.37341741       -31.18985       19.694941      0.24922822       1.0185207     0.016996964     -0.88711995       6.7763305        6.7763305      0.97403848                                     0.97403848
              6       7.6911393      0.35078279      -31.153493       18.635815      0.21485244       0.9878148     0.015209239     0.047697102       6.7763305        6.7763305       1.8296177                                      1.8296177
              6       6.8592843       0.2487657      -30.646441       36.500279      0.30371215       1.0053039    0.0073395598     -0.94540831       6.7763305        6.7763305      0.16590758                                     0.16590758
             10        6.825905      0.32636178       -30.42429       34.177652      0.37159868       1.0012777     0.012684862        0.682479       6.7763305        6.7763305     0.099149129                                    0.099149129
             32       7.1570688      0.21809886      -30.317688       35.785692      0.25997313       1.0011233    0.0056295078      0.59065158       6.7763305        6.7763305      0.76147667                                     0.76147667
             21       7.0733329      0.18812748       -31.06684       43.097266      0.26955259      0.99922537    0.0041863032      0.99401435       6.7763305        6.7763305      0.59400491                                     0.59400491
              6       7.0574078      0.18557487      -31.137424       43.372947      0.27152164        1.013884    0.0039767638     -0.42516942       6.7763305        6.7763305      0.56215473                                     0.56215473
              1       7.3351949      0.16884235      -31.156285       43.854995      0.24262066      0.98480269     0.003471858     -0.48421059       6.7763305        6.7763305       1.1177289                                      1.1177289
              3       7.1695127      0.46411893      -32.230455       24.780038      0.42535656       1.1115878     0.019006481      0.21523796       6.7763305        6.7763305      0.78636446                                     0.78636446
              1       6.8735231      0.52355826      -31.761253       16.168846      0.30055621       1.0670962     0.036933564     -0.61253332       6.7763305        6.7763305       0.1943852                                      0.1943852
              1       6.8160888      0.63679827      -32.057115       15.966733      0.36850678       1.0893049     0.064656106      0.38205112       6.7763305        6.7763305     0.079516672                                    0.079516672
             12       6.9599489      0.83855542      -31.954266       11.203908      0.28503593       0.9118433     0.076308008      -0.4204594       6.7763305        6.7763305      0.36723695                                     0.36723695
              2       7.1719891       1.4586064      -32.582051       29.058438      0.42561865      0.30180899      0.63324386     -0.65364018       6.7763305        6.7763305      0.79131724                                     0.79131724
             16       7.0989805       1.4238217        -32.5905       19.055478      0.26648926      0.29520667      0.58987879     -0.66214765       6.7763305        6.7763305      0.64530005                                     0.64530005
              5       7.5005344       1.7453744      -32.129596       6.5736256      0.45512883       1.1922372      0.49959087     -0.97569822       6.7763305        6.7763305       1.4484078                                      1.4484078
              7         8.20789      0.54058263      -32.184661       23.960832      0.50105508        1.162635     0.029252061     -0.81362286       6.7763305        6.7763305        2.863119                                       2.863119
              8       6.7931317      0.28535078      -32.273536       36.405754      0.35923111       1.0393139    0.0084613628      0.93215961       6.7763305        6.7763305      0.03360244                                     0.03360244
              4        6.776538       1.2842339       -32.47362       15.690713      0.34008497      0.50725057      0.54674601     -0.28566666       6.7763305        6.7763305   0.00041504537                                  0.00041504537
              9       6.8634374       1.3025446      -32.512034        16.18432       0.3027654      0.43165926      0.55529902       -0.433629       6.7763305        6.7763305      0.17421392                                     0.17421392
             30       6.7846892       1.2071354      -32.525253       20.947633      0.35415385      0.42094265      0.46262156     -0.45084613       6.7763305        6.7763305     0.016717521                                    0.016717521
              7        7.513836       1.3768362      -31.885232       11.032301      0.45616303      0.90259645      0.32980444     -0.48489573       6.7763305        6.7763305       1.4750111                                      1.4750111
              9       7.4616809        1.746421      -31.733667       7.3190401      0.45205232        1.062937       0.6054212    -0.092533131       6.7763305        6.7763305       1.3707009                                      1.3707009
              5       7.8188466      0.92108912      -30.849773       15.468349      0.47773262       1.0077694      0.11236033     -0.46394191       6.7763305        6.7763305       2.0850323                                      2.0850323
              6       7.0541969       1.4135624      -31.412264       8.7953609      0.41207465      0.99616015      0.29880948      0.97626052       6.7763305        6.7763305       0.5557329                                      0.5557329
              3        7.211232        2.822854      -32.464743       41.830695      0.42966744      0.10936311       3.5116113     -0.94875241       6.7763305        6.7763305        0.869803                                       0.869803
             14       6.8779638       1.7521026       -32.77119       47.454161         0.29962      0.10830758      0.47994046     -0.90513818       6.7763305        6.7763305      0.20326666                                     0.20326666
              5       7.3684912       1.7278066      -32.812818       45.897532      0.23970306     0.090847089       0.3961919      -0.9215951       6.7763305        6.7763305       1.1843214                                      1.1843214
              1       8.8812856       1.9045909      -32.895761       43.543729      0.14913018     0.054045572      0.32599722     -0.95855094       6.7763305        6.7763305       4.2099103                                      4.2099103
             26       7.0677185       1.8637327      -32.673118       42.320661      0.41375939      0.15766442      0.77921894     -0.85735055       6.7763305        6.7763305      0.58277607                                     0.58277607
              8       6.8389226      0.62574342      -32.408007       20.598555      0.30874151      0.71991938     0.098049465      0.23274322       6.7763305        6.7763305      0.12518418                                     0.12518418
              4       7.7222221       1.0637262      -32.690321       27.594139      0.21271041      0.21780305      0.24864004     -0.75804717       6.7763305        6.7763305       1.8917833                                      1.8917833
              4       6.8716445      0.59183144      -31.947805       21.497235      0.38304132      0.90487145       0.0377265     -0.71711977       6.7763305        6.7763305      0.19062807                                     0.19062807
              5       7.6515578      0.44630896      -31.114469       14.754908      0.21763354      0.99328899     0.023570171      0.63888724       6.7763305        6.7763305       1.7504546                                      1.7504546
              4       6.9135803      0.51695435      -30.600603        17.08546      0.29275085      0.99618777     0.032843463     -0.19319261       6.7763305        6.7763305      0.27449968                                     0.27449968
              5       7.3353538      0.46705216      -30.400565       15.565252      0.24260653       1.0030044     0.026491327     -0.90347438       6.7763305        6.7763305       1.1180468                                      1.1180468
              4       9.6996108      0.21750467      -30.216258       15.829851      0.11471118       1.0013415    0.0056390015     0.065564437       6.7763305        6.7763305       5.8465606                                      5.8465606
             47       7.0481898       2.9566306      -32.413852       50.129334      0.41131304     0.083407551       4.6264816     -0.97186581       6.7763305        6.7763305      0.54371857                                     0.54371857
             58       7.2018635       2.7230255      -32.570631       57.487607      0.42871805     0.082312867       2.1312054     -0.96192875       6.7763305        6.7763305      0.85106606                                     0.85106606
             13       10.090446       2.9276896      -32.728043       56.464332       0.0999937      0.01818006       1.1069528     -0.99630568       6.7763305        6.7763305        6.628231                                       6.628231
              6       7.8672294       2.9898402      -32.526035       56.852887      0.20315344     0.035920766       2.8143595     -0.99274773       6.7763305        6.7763305       2.1817979                                      2.1817979
             41       7.8883367       2.9914865      -32.525116       56.805304      0.20181664     0.035694635       2.8269725     -0.99285235       6.7763305        6.7763305       2.2240124                                      2.2240124
              2       7.2121515      0.96354186      -32.683301       34.291212      0.25423993      0.23126625      0.20838608     -0.73791647       6.7763305        6.7763305      0.87164211                                     0.87164211
              7       7.2625136       1.5387462      -32.437429       15.709436      0.43469212      0.54047557      0.84479866     -0.21709169       6.7763305        6.7763305      0.97236628                                     0.97236628
             19       7.0385983       1.3350827      -31.950547       10.103731      0.41007935      0.91369205      0.22027824     -0.21542017       6.7763305        6.7763305      0.52453575                                     0.52453575
             14       6.7777187       1.1919925      -31.887276       9.3751989      0.33704697       0.9064802      0.23352623     -0.43605082       6.7763305        6.7763305    0.0027764284                                   0.0027764284
              7       6.7944005       1.9482944      -32.491925       14.454555      0.32413007      0.34592498       1.4712564     -0.60543103       6.7763305        6.7763305     0.036140146                                    0.036140146
             56       7.0056455       1.6868189      -32.590621       19.139096      0.27834111      0.25912505      0.84089563     -0.72392573       6.7763305        6.7763305      0.45862997                                     0.45862997
              4       7.5510088       1.3837913      -32.525904        25.16306      0.45900477      0.39619141      0.62665765     -0.49913302       6.7763305        6.7763305       1.5493567                                      1.5493567
              8       7.7933638       2.8259823      -32.511074       26.385921      0.20793654      0.08381293       2.8774598     -0.96556272       6.7763305        6.7763305       2.0340666                                      2.0340666
             19       9.0005779       2.8514855       -32.56027       25.713575      0.14374032     0.058920563       2.3337404     -0.97984901       6.7763305        6.7763305       4.4484949                                      4.4484949
             20       9.0017954       2.6464894      -32.676685       28.369952      0.14368607     0.057518535       1.2978113     -0.97387472       6.7763305        6.7763305       4.4509298                                      4.4509298
             11       7.9718106       2.6367651      -32.746036       53.653894      0.19665034      0.04177764      0.94907964     -0.98204175       6.7763305        6.7763305       2.3909602                                      2.3909602
              5       6.7950773        2.703952      -32.616479       52.792149      0.32379853      0.06817552       1.7304345     -0.96971207       6.7763305        6.7763305     0.037493624                                    0.037493624
             56       6.8356814       2.6577818      -32.577272       45.640928      0.37438595     0.092761476        2.013324     -0.95212405       6.7763305        6.7763305      0.11870186                                     0.11870186
             92       7.6101768       3.1251231      -32.075727       43.525495      0.46339082      0.10239022       22.419418     -0.96692287       6.7763305        6.7763305       1.6676926                                      1.6676926
              3       6.8680549       2.8504835      -32.442059       35.613439      0.38226108      0.11317475       3.9178904     -0.94756364       6.7763305        6.7763305      0.18344891                                     0.18344891
              6       7.1130885       2.7508336      -32.623205       49.586621      0.26485605     0.058358345       1.7077894      -0.9767222       6.7763305        6.7763305      0.67351615                                     0.67351615
              6       7.2073171       2.7420161      -32.548706       53.533099      0.42927196     0.087894567       2.3625647     -0.95921143       6.7763305        6.7763305      0.86197319                                     0.86197319
             18       7.2403962        2.889784      -32.559172       51.235063       0.2514408     0.051041684        2.370093     -0.98461431       6.7763305        6.7763305      0.92813138                                     0.92813138
             24       6.9362182       2.8165478       -32.58237       52.077758      0.28884424     0.059185621       2.0922382      -0.9785123       6.7763305        6.7763305      0.31977537                                     0.31977537
             15       7.0535432       2.7816313      -32.534463       52.443832      0.41199217     0.084882251       2.5540311     -0.96290449       6.7763305        6.7763305      0.55442552                                     0.55442552
             20       7.3136973       2.8429892      -32.599862       52.340537       0.2445508     0.049394389       1.9492932     -0.98387887       6.7763305        6.7763305       1.0747336                                      1.0747336
             43       7.1916775       2.9202328      -32.541934       53.984904      0.25632613     0.048868045       2.5810694     -0.98643645       6.7763305        6.7763305      0.83069406                                     0.83069406
             16       6.8602106       1.2498799      -32.748502       58.111824      0.38050102      0.15745082      0.28140154     -0.83754426       6.7763305        6.7763305      0.16776017                                     0.16776017
              8       6.9870168      0.33080065      -31.674811       38.800808      0.40301843      0.94371247     0.012697973     -0.96218899       6.7763305        6.7763305      0.42137261                                     0.42137261
              8       6.9069493      0.23944407      -31.984602       38.913699      0.29395527      0.94819258    0.0057860441       0.5410605       6.7763305        6.7763305      0.26123771                                     0.26123771
             10       6.9305458      0.23269085      -31.988227       39.234166      0.28979565      0.95404757      0.00553841       0.6496633       6.7763305        6.7763305      0.30843076                                     0.30843076
             30       6.8740717      0.23891435      -31.993164       39.270756      0.30043941      0.96242591    0.0059777425       0.7763608       6.7763305        6.7763305      0.19548238                                     0.19548238
             16       6.8388196      0.32677584      -31.909141       38.273216      0.37523114      0.90172867     0.014254319      -0.7670177       6.7763305        6.7763305      0.12497833                                     0.12497833
              4       6.9668518       1.7162194       -32.34036       6.7090372      0.28397507      0.74125749      0.95241845      0.31712859       6.7763305        6.7763305      0.38104265                                     0.38104265
              5       6.9526349       1.0350218      -31.799982       10.889473      0.39781803       1.0608403      0.12688764     -0.26155925       6.7763305        6.7763305      0.35260895                                     0.35260895
             13       6.9316115       1.3218929      -31.722128       8.7557393      0.39438441        1.024124      0.27543609      0.78663086       6.7763305        6.7763305      0.31056206                                     0.31056206
              6        7.024498       1.6161637      -32.039542       6.8447391      0.40822399       1.1091191      0.55979163       0.2575105       6.7763305        6.7763305      0.49633515                                     0.49633515
              7       6.8016953       1.3565634      -31.809413       7.7232927      0.36317187       1.0418172      0.24340016      0.48893018       6.7763305        6.7763305     0.050729728                                    0.050729728
             12       7.0704579       2.1248566      -30.949056       5.7787353      0.41409591       1.0135856       0.9839996     -0.72129311       6.7763305        6.7763305       0.5882549                                      0.5882549
             12       7.4271226       0.9061013      -31.394344       8.0355093      0.23475823      0.96906423      0.10514352     -0.95400797       6.7763305        6.7763305       1.3015842                                      1.3015842
              5       6.8890594      0.79220037      -30.248295       14.698056      0.38663346      0.99799046     0.080074843     -0.58632891       6.7763305        6.7763305      0.22545786                                     0.22545786
              6       6.7939746      0.84145164      -30.328103       11.609034      0.32434195      0.99792933      0.09135404     -0.16195972       6.7763305        6.7763305      0.03528822                                     0.03528822
              4       7.3472252      0.55382291      -30.492692       13.060956      0.24155673       1.0036797     0.037688382     -0.83950499       6.7763305        6.7763305       1.1417894                                      1.1417894
              2        7.108628      0.71840367      -32.613842        53.40177      0.41863134      0.32796647      0.13642442     -0.59457089       6.7763305        6.7763305      0.66459514                                     0.66459514
             91       6.9215637      0.66921275      -32.606244       51.682552      0.39266124      0.34121789      0.11979129     -0.57328292       6.7763305        6.7763305      0.29046646                                     0.29046646
             14        6.783682      0.76959981      -32.669388       53.657564      0.35339812      0.25721141      0.13793669      -0.6986307       6.7763305        6.7763305     0.014703152                                    0.014703152
             49       6.7991609      0.96697763      -32.708953       54.459673      0.36208631       0.2066534      0.19434704     -0.77020412       6.7763305        6.7763305      0.04566091                                     0.04566091
             21       7.0530546      0.99598179      -32.678334       53.085629      0.41193045      0.23416255      0.22586677     -0.73480556       6.7763305        6.7763305      0.55344822                                     0.55344822
              1        7.337588      0.89555186      -32.633122        50.80261      0.44159188      0.29172001      0.20504158     -0.65215028       6.7763305        6.7763305        1.122515                                       1.122515
             14       9.0306375      0.93059573      -32.882924       47.695956      0.14240513     0.096428391     0.096626767     -0.90070217       6.7763305        6.7763305        4.508614                                       4.508614
             12       7.1194367      0.47138381      -31.699987       27.633612      0.41986766      0.96877297     0.024522924      0.43453128       6.7763305        6.7763305      0.68621238                                     0.68621238
             35       7.0728798      0.49575592      -30.316406       16.304536      0.26960788       1.0024855      0.02982656     -0.93232742       6.7763305        6.7763305      0.59309864                                     0.59309864
              2       7.5015683      0.50394198      -31.229575       27.682461      0.45520955       0.9807268     0.030154199     -0.74706502       6.7763305        6.7763305       1.4504757                                      1.4504757
              9       6.7767487      0.41114941      -31.204814       25.040003      0.34471866       1.0063583     0.019936528      0.78541265       6.7763305        6.7763305   0.00083647618                                  0.00083647618
              7       7.3011751      0.71028655       -31.70052       19.098048      0.43830708      0.97113101     0.057909396      0.53646881       6.7763305        6.7763305       1.0496892                                      1.0496892
              5       7.0722754      0.77711937      -31.201609       15.851184      0.41431832       1.0108963     0.074239937      0.38644847       6.7763305        6.7763305      0.59188988                                     0.59188988
              1       6.9713861      0.61782303      -31.284788       19.654284      0.40071135      0.99181854     0.048428429      0.77152103       6.7763305        6.7763305      0.39011125                                     0.39011125
             10       6.9251302      0.62089226      -31.360799        18.81604      0.39327952       1.0117629     0.045896782      0.64531241       6.7763305        6.7763305       0.2975995                                      0.2975995
              4       6.9904986      0.46868358      -31.193328       17.651397      0.28047944       1.0189764     0.026417044      -0.9761064       6.7763305        6.7763305      0.42833623                                     0.42833623
             27       8.4058842      0.26634208      -31.065892       19.491153      0.17230182      0.99754945    0.0083766141       0.9396733       6.7763305        6.7763305       3.2591075                                      3.2591075
              5       7.4324312      0.51319826      -30.726395       13.634458      0.23432172       1.0064945     0.031988888     -0.96954583       6.7763305        6.7763305       1.3122014                                      1.3122014
             16       6.7763374      0.53251211      -30.818718       19.272808      0.34235056       1.0025786     0.034920652      0.79971637       6.7763305        6.7763305   1.3908247e-05                                  1.3908247e-05
             34       6.7818806      0.55754223      -30.838158       19.132779      0.35190364      0.99149346     0.038086163     -0.99974385       6.7763305        6.7763305     0.011100283                                    0.011100283
             28       6.8300002      0.37597523      -31.054044        30.21406      0.37279695      0.98633837     0.017124068     -0.93083054       6.7763305        6.7763305      0.10733952                                     0.10733952
             12       6.8093488      0.30100153      -31.608647       31.000542      0.31784425       1.0237603      0.01004833      0.50385799       6.7763305        6.7763305     0.066036718                                    0.066036718
              5       9.5855932       1.0939595      -32.763515       20.976337      0.11918777      0.15610711      0.20648652     -0.83545143       6.7763305        6.7763305       5.6185255                                      5.6185255
              2       6.9892548      0.34676375      -31.744891       33.394668      0.40334166       1.0468493     0.016306942      0.15770533       6.7763305        6.7763305      0.42584875                                     0.42584875
              4       6.9915813       0.3471179      -31.744918       33.386909      0.40367587        1.046891     0.016341289      0.15636226       6.7763305        6.7763305      0.43050172                                     0.43050172
              5       7.7179916         1.09595      -30.653467       12.986546      0.47100014      0.99462305      0.16512067      -0.6656138       6.7763305        6.7763305       1.8833222                                      1.8833222
             13       7.4738607      0.98250001      -30.565641        13.83694      0.45302592       1.0015493      0.12730944      0.78241307       6.7763305        6.7763305       1.3950605                                      1.3950605
              2       6.9531847       2.1102352      -30.474934        4.084753      0.28609501      0.99755193      0.96761664      0.50380697       6.7763305        6.7763305      0.35370849                                     0.35370849
             24       7.4513796       2.0842793      -30.512375       6.5379703       0.4512221      0.99520695      0.92684412     -0.63298301       6.7763305        6.7763305       1.3500982                                      1.3500982
              8       6.8515054       1.9428773      -30.492128       5.8262474      0.37844848       1.0048341      0.73769464     -0.99628452       6.7763305        6.7763305      0.15034988                                     0.15034988
             20       6.9140354       1.9483899      -30.510432       6.0620174      0.39133073      0.99580161      0.74971639     -0.36517371       6.7763305        6.7763305      0.27540985                                     0.27540985
              7       6.9166003       1.8871355      -32.514163       19.189455      0.39178803      0.32516765       1.3018331     -0.63591602       6.7763305        6.7763305      0.28053962                                     0.28053962
              4       6.7900449       1.6470962      -32.625819       26.372373      0.32643206      0.22586375      0.72239754     -0.76665958       6.7763305        6.7763305     0.027428791                                    0.027428791
              7       6.8560647       1.6024342      -32.641707       26.507567       0.3044625      0.21542973      0.65101853     -0.77824894       6.7763305        6.7763305      0.15946854                                     0.15946854
              2       6.8547688       1.9895032       -32.51516       19.022613      0.37923121      0.30116963        1.466183     -0.67786753       6.7763305        6.7763305      0.15687677                                     0.15687677
             17       6.9585668       1.3714059      -32.638176       35.716581      0.39874928      0.24467293      0.48172646     -0.73147991       6.7763305        6.7763305      0.36447276                                     0.36447276
              3       6.7962919       1.3475047      -32.667649       33.239646      0.32321814      0.21688571      0.42615671     -0.76731909       6.7763305        6.7763305     0.039922866                                    0.039922866
              4       8.3107581       1.3723804      -32.531311       28.535988      0.50667059      0.38884829      0.61061071     -0.51148802       6.7763305        6.7763305       3.0688552                                      3.0688552
              8       10.833849       1.2692937      -32.472333       28.200443      0.60977689      0.51200571      0.53187375     -0.27556441       6.7763305        6.7763305       8.1150364                                      8.1150364
              7       10.156304       1.2789889      -32.482897       28.148855      0.58639904      0.48953939      0.54121228     -0.32181189       6.7763305        6.7763305       6.7599469                                      6.7599469
              3       7.1073046       1.1934538       -32.53988       26.485681      0.41847859      0.39790408      0.44367885     -0.49107377       6.7763305        6.7763305       0.6619483                                      0.6619483
              5       7.1705098      0.69376566      -32.360463       22.241113      0.42546219      0.82873094      0.09977789      0.56801767       6.7763305        6.7763305      0.78835858                                     0.78835858
              3       7.6153564      0.63184389      -32.271196       21.305233      0.46376726       1.0354423      0.04391247      0.94734742       6.7763305        6.7763305       1.6780518                                      1.6780518
             13       9.0579659      0.92229826      -32.054693       16.165997      0.54280105       1.0941798      0.14376273      0.34459844       6.7763305        6.7763305       4.5632709                                      4.5632709
             11       10.021069      0.23544548      -31.932313       14.583712      0.10254014      0.89754735      0.00640334     -0.99492828       6.7763305        6.7763305       6.4894776                                      6.4894776
              7       9.5459424       1.8617952      -31.610123       9.1493411      0.56323422      0.99377762      0.65920029      0.98029123       6.7763305        6.7763305       5.5392238                                      5.5392238
              4       8.3481853       1.4594574      -30.412202       10.447608      0.50866679       1.0026446      0.32616496     -0.10654779       6.7763305        6.7763305       3.1437097                                      3.1437097
              1       7.1003267      0.68789785      -30.605152       18.292695       0.4176681      0.99758883     0.058656861      0.53712541       6.7763305        6.7763305       0.6479925                                      0.6479925
              2       6.8546479       1.6462018      -32.596353       26.804599      0.37920251      0.25828592      0.78680935     -0.72335289       6.7763305        6.7763305      0.15663496                                     0.15663496
             39       6.7787482       1.6532307      -32.614608        26.75265      0.34853648      0.23684808      0.75294321      -0.7525541       6.7763305        6.7763305    0.0048353907                                   0.0048353907
              7       6.8751152       1.1361994      -30.129184       7.9447773      0.30021814      0.99959148      0.17797546       0.9096592       6.7763305        6.7763305      0.19756946                                     0.19756946
             53       6.8782896      0.35222526      -30.038724       32.840375      0.38444786       0.9989201      0.01483303      -0.1637166       6.7763305        6.7763305      0.20391819                                     0.20391819
              2       6.9498185      0.17859707      -30.179285       48.206277      0.28662961       1.0006105    0.0037736865      0.75332505       6.7763305        6.7763305        0.346976                                       0.346976
             10       9.4272408      0.37060434      -30.495934       45.238604      0.55844142       1.0011055     0.016422897      0.83028385       6.7763305        6.7763305       5.3018206                                      5.3018206
             14       9.9274123      0.38750474      -30.491583        44.71659      0.57797864       1.0025084     0.018170224      0.12572347       6.7763305        6.7763305       6.3021637                                      6.3021637
              1       8.0095252      0.69014828      -30.434045       21.258118      0.48962458       1.0030392     0.059226014     -0.62810638       6.7763305        6.7763305       2.4663894                                      2.4663894
              1         7.30766      0.60124003      -30.555286       22.038208      0.43890023      0.99555106     0.044576672     -0.99522274       6.7763305        6.7763305        1.062659                                       1.062659
              6       9.1763458      0.20591655      -30.151639       19.884068      0.13605566      0.99871608    0.0050180254     -0.04909638       6.7763305        6.7763305       4.8000306                                      4.8000306
              1       7.5237332      0.70227659      -30.207174       19.594366       0.4569265      0.99799611     0.061654837     -0.93533721       6.7763305        6.7763305       1.4948054                                      1.4948054
             24       6.9995215       0.6933423      -30.189483       17.534313      0.40480312       1.0007585     0.060230857      0.66706322       6.7763305        6.7763305      0.44638202                                     0.44638202
              5       7.2226417      0.30263757      -30.197555       25.100561      0.25319002       1.0017566     0.010909331     -0.73521049       6.7763305        6.7763305      0.89262251                                     0.89262251
              8       6.9246787      0.33877794       -30.20072       25.847657      0.29079833      0.99810795     0.013714281     -0.85112372       6.7763305        6.7763305      0.29669654                                     0.29669654
              3       7.8888731       0.4491204      -30.794392        32.09108      0.48221717       1.0055819     0.024723765    -0.054007748       6.7763305        6.7763305       2.2250853                                      2.2250853
              3       7.9540638      0.45184428      -30.797037       32.099723      0.48626678       1.0076424     0.024774785      -0.9711549       6.7763305        6.7763305       2.3554666                                      2.3554666
             21       7.3853524      0.91450227      -30.476281       14.677992      0.44574312      0.99805648      0.10848802      0.48186477       6.7763305        6.7763305       1.2180438                                      1.2180438
             31       7.7061849       1.3905957      -32.433823       17.666418      0.47018887      0.57523444      0.65000138     -0.13665903       6.7763305        6.7763305       1.8597088                                      1.8597088
              2       6.8076722       1.4032472      -32.472444       15.935562      0.36553448      0.49130217      0.67492736     -0.32031397       6.7763305        6.7763305     0.062683539                                    0.062683539
              4       6.7924271       1.3492097      -32.483542        15.15428      0.32513407      0.47793583      0.61308578     -0.34624777       6.7763305        6.7763305     0.032193265                                    0.032193265
             17        6.851765      0.77333801      -32.487391       27.445755      0.37851135       0.5359895      0.17780632      -0.2205473       6.7763305        6.7763305      0.15086906                                     0.15086906
              5       7.1823374      0.79685676      -32.464384       27.678161      0.42670511      0.58147662      0.18623546     -0.12071021       6.7763305        6.7763305      0.81201393                                     0.81201393
              6       6.9526859       1.5800947      -31.340975       7.3403326      0.39782609       1.0308994      0.40105507     -0.98693418       6.7763305        6.7763305      0.35271077                                     0.35271077
              8       7.1533324       1.2940229      -30.741211       9.8544192      0.42362339      0.99845579      0.24158725      0.91272352       6.7763305        6.7763305      0.75400383                                     0.75400383
              6       11.941189       1.3459937      -31.083925       14.222948      0.64411483        1.011236      0.26057263     0.041244226       6.7763305        6.7763305       10.329716                                      10.329716
             11       8.8979684       1.1151341      -30.766707        14.40696      0.53563261       1.0020502      0.17174075       0.8564976       6.7763305        6.7763305       4.2432759                                      4.2432759
              7        9.522123       1.1603985      -30.762851       14.637117      0.56228083       0.9949757      0.18487201      0.11969689       6.7763305        6.7763305       5.4915851                                      5.4915851
              3       6.9005476       1.4588211      -30.207207       6.0930125      0.29514741      0.99799136      0.32669404     -0.59466754       6.7763305        6.7763305      0.24843422                                     0.24843422
              2       7.2000541        1.343153      -30.626516       9.5367143      0.42853349       1.0055008      0.26734464     -0.83499621       6.7763305        6.7763305      0.84744729                                     0.84744729
              1       7.1205911       1.4129916      -30.655946       8.9812713      0.41999855      0.99470039      0.29938168      -0.4668108       6.7763305        6.7763305      0.68852126                                     0.68852126
             11       6.8335276       1.4291152       -30.36685       6.5376752      0.31020711      0.99789089       0.3092612      0.13619983       6.7763305        6.7763305      0.11439429                                     0.11439429
             21       7.0347414       1.0965013      -30.176878       7.5148964       0.2744231       1.0009455      0.16457657      0.50762886       6.7763305        6.7763305      0.51682179                                     0.51682179
              7       7.5478531        1.142464      -30.231471       12.047208      0.45876621       1.0018077      0.17986275     -0.34354917       6.7763305        6.7763305       1.5430452                                      1.5430452
              4       6.8881123       1.2667854      -30.210432       7.0451118      0.29755443       1.0020684      0.23014133     -0.85836885       6.7763305        6.7763305      0.22356366                                     0.22356366
              4       7.0584079      0.86492512      -30.032522       14.337568      0.41260363       1.0000022     0.096533652      0.99610621       6.7763305        6.7763305       0.5641549                                      0.5641549
             10       7.0327074      0.89939407      -30.035088       13.670938      0.40931043       1.0005214      0.10536519      0.64903744       6.7763305        6.7763305      0.51275391                                     0.51275391
              3       6.8981265      0.88345079      -30.048466       13.212958      0.38839375        1.000027      0.10115863      0.99355538       6.7763305        6.7763305      0.24359212                                     0.24359212
              3       7.3784166      0.48918369      -32.122706       12.572165      0.23884931       1.1672499     0.034959921     -0.74825372       6.7763305        6.7763305       1.2041722                                      1.2041722
              5       7.1252786       0.4672645      -31.884647       29.262445      0.42052778      0.92436438       0.0315196    -0.083456007       6.7763305        6.7763305      0.69789633                                     0.69789633
             24       7.1475358      0.60874239      -30.531441       20.836618      0.42299347       1.0022932      0.04601972      0.40783482       6.7763305        6.7763305      0.74241075                                     0.74241075
             12       6.7774768       1.1352013      -30.323019       8.9251253      0.33749911       1.0011689      0.17845301      0.63312902       6.7763305        6.7763305    0.0022926632                                   0.0022926632
             14       6.7766151       1.1671232      -30.741656       8.8736405      0.34424288      0.99900655      0.18911321      0.96259664       6.7763305        6.7763305   0.00056932037                                  0.00056932037
             23       6.7765235       1.1020629      -30.325505       9.3569812       0.3438468       1.0021778       0.1653104     -0.26705321       6.7763305        6.7763305   0.00038599847                                  0.00038599847
             11       8.7096661       2.7015509      -31.723276       5.2572106      0.52684022       1.1148907       2.8558296     -0.92386895       6.7763305        6.7763305       3.8666712                                      3.8666712
              1        6.859188      0.52436506      -31.350789       21.268651      0.38026562       1.0247909     0.032353833     -0.66917948       6.7763305        6.7763305      0.16571498                                     0.16571498
             13       6.9274409       0.4968552      -31.383273       18.015473      0.29032387      0.97483056     0.031526499     -0.36498677       6.7763305        6.7763305      0.30222079                                     0.30222079
             13       8.0131845      0.66855498      -30.077757       21.998072      0.48984345       1.0010539       0.0557816       -0.096547       6.7763305        6.7763305       2.4737082                                      2.4737082
             14       10.319403       1.2220545      -30.528994       14.588104      0.59222625      0.99843575      0.21050621      0.75743581       6.7763305        6.7763305       7.0861448                                      7.0861448
              2       13.441168       1.0438848      -30.647339       19.636676      0.68519238       1.0046479      0.14534499     -0.32279564       6.7763305        6.7763305       13.329675                                      13.329675
              3       6.8034587      0.68226655      -30.239767       16.029688      0.36389543       1.0000446     0.058057467      0.99802253       6.7763305        6.7763305     0.054256459                                    0.054256459
              4       6.7764777      0.73646665      -30.234611       14.053094       0.3436129      0.99785245     0.068214472     -0.95704657       6.7763305        6.7763305   0.00029441455                                  0.00029441455
             14       6.7769989      0.71394683       -30.00784       14.561103      0.34543706         0.99869     0.063868048     -0.90946894       6.7763305        6.7763305     0.001336964                                    0.001336964
             33          6.7804      0.41923695       -32.52558       49.440673      0.33351957      0.48361449     0.050387244     -0.32386201       6.7763305        6.7763305     0.008139165                                    0.008139165
              2       6.7920559       0.4265462      -32.549676       52.017185      0.32532967      0.44068946     0.051604258     -0.40375951       6.7763305        6.7763305     0.031450865                                    0.031450865
             19       6.7955027      0.45134947        -32.5395       52.478678      0.36040684      0.45731886     0.058241067     -0.37362305       6.7763305        6.7763305     0.038344488                                    0.038344488
             13       7.3091756      0.46391579      -32.488026       51.348914      0.43903834      0.55392879     0.061379829     -0.18090018       6.7763305        6.7763305       1.0656903                                      1.0656903
             25       7.0185107       1.2044314      -32.377248       9.3492726      0.27657976      0.73821422      0.39522891      0.29422767       6.7763305        6.7763305      0.48436038                                     0.48436038
              7        7.403695      0.63899928      -31.752714       19.852628      0.44729381       1.0597329       0.0571494     -0.27964377       6.7763305        6.7763305        1.254729                                       1.254729
             15       6.8186575       2.2110299      -31.070679       4.1944709      0.31465036       1.0197139       1.1664921     -0.89054996       6.7763305        6.7763305     0.084654007                                    0.084654007
             12       8.1299767       2.6031987        -32.2867       11.280095      0.49666621      0.50835424       4.7137306     -0.29895976       6.7763305        6.7763305       2.7072924                                      2.7072924
             11       9.6092324        2.535706      -31.977391       5.9138407      0.56574772       1.1339038       2.6873896      0.24203599       6.7763305        6.7763305       5.6658039                                      5.6658039
              9       10.136849       2.2937741      -32.150439       6.8450552      0.58569465       1.1211548       1.0969303      0.43755141       6.7763305        6.7763305       6.7210367                                      6.7210367
              3       7.3737037        1.496314      -32.555006       14.379432      0.23925381       0.3342076      0.70965728     -0.60544346       6.7763305        6.7763305       1.1947465                                      1.1947465
              2       7.5029611        1.515416      -32.571271       14.700081      0.22868179      0.30853321      0.70430889     -0.64568572       6.7763305        6.7763305       1.4532614                                      1.4532614
             19       6.7764362       1.4824774      -32.460445        13.86407      0.34336673      0.50211279      0.77263892     -0.29932607       6.7763305        6.7763305   0.00021140299                                  0.00021140299
              3       7.5133972      0.20164118      -31.854206        34.76836      0.22787094      0.97689391    0.0052218818      0.86922512       6.7763305        6.7763305       1.4741334                                      1.4741334
              9       7.4427244      0.16735097      -32.067322       38.140449      0.23348036       1.0994063    0.0043487914      0.24973497       6.7763305        6.7763305       1.3327878                                      1.3327878
              1        7.764799      0.16488168      -32.043691       36.173064      0.20983262       1.0573949    0.0038757112      0.69625642       6.7763305        6.7763305       1.9769372                                      1.9769372
              3       8.6809082       0.2278014       -32.49496       38.166934      0.15853966      0.54804492     0.014605829     -0.19296526       6.7763305        6.7763305       3.8091555                                      3.8091555
             14       6.9889732       1.6050148      -32.628565       33.076051      0.40330109       0.2283277      0.68022848     -0.76176391       6.7763305        6.7763305      0.42528554                                     0.42528554
              7       6.9382355       1.9415065       -32.21624       5.9215895      0.39549005       1.0339042       0.7053452      0.96353291       6.7763305        6.7763305      0.32380998                                     0.32380998
              5       6.8336901       1.9974631      -32.018782       5.0636542      0.37383802       1.1108683       1.0430439       0.3096274       6.7763305        6.7763305      0.11471927                                     0.11471927
             11       7.0224786      0.71056849      -31.926095       13.045282        0.276046       0.8950431     0.062802396     -0.99995732       6.7763305        6.7763305       0.4922963                                      0.4922963
             14       9.0004491       2.9341616      -32.501743       25.918751      0.14374606     0.056809343       3.1043382     -0.98368241       6.7763305        6.7763305       4.4482373                                      4.4482373
             12       6.7842547       2.7550878      -32.451547       26.827355       0.3538337      0.14388244       3.5819493     -0.91724385       6.7763305        6.7763305     0.015848397                                    0.015848397
              8       6.7782257       2.7632998       -32.45019       26.676838      0.34778728      0.14179903       3.6188859     -0.91958277       6.7763305        6.7763305    0.0037904725                                   0.0037904725
              4       6.7783473      0.83771409      -31.445121       12.059182      0.34797002       1.0352615     0.090761845     -0.98962913       6.7763305        6.7763305    0.0040336277                                   0.0040336277
              5       6.8682198       1.5186479      -31.618238       7.6474152      0.38229725      0.98935306       0.3761673      0.93518887       6.7763305        6.7763305      0.18377863                                     0.18377863
              3       8.8084476      0.21989028      -31.558337       20.312817       0.1524965       1.0261376    0.0061940534       0.3446844       6.7763305        6.7763305       4.0642343                                      4.0642343
              2        7.656537      0.86328557      -31.670967       8.0344358      0.21728027      0.94152604     0.094064076     -0.98124448       6.7763305        6.7763305       1.7604131                                      1.7604131
             20       6.7823834       1.7344422      -32.554155       20.521096      0.35234249      0.29752711      0.98177154     -0.67111549       6.7763305        6.7763305     0.012105821                                    0.012105821
             11       6.7809685       1.7506509      -32.572885       21.123161      0.33294662      0.27060639      0.95430306     -0.71075241       6.7763305        6.7763305    0.0092761135                                   0.0092761135
              6       6.8020287       1.7506309       -32.55944       21.678342      0.36331055      0.28772611      0.98859623     -0.68623811       6.7763305        6.7763305     0.051396507                                    0.051396507
             24       8.4531763      0.41276719      -31.217104       37.998309      0.51414302      0.98522723     0.021281272    -0.033391137       6.7763305        6.7763305       3.3536916                                      3.3536916
              4       7.5105652       0.3753195      -31.220798       37.201208       0.4559096      0.98139191     0.017393047     -0.63069928       6.7763305        6.7763305       1.4684696                                      1.4684696
              9       7.3143668      0.35508728      -31.344533       36.222464      0.43950989       1.0270166     0.015154861     -0.99741338       6.7763305        6.7763305       1.0760726                                      1.0760726
              3       7.0230715      0.25716743      -30.634854       32.381108      0.27596662      0.99602623    0.0079455141     -0.13310707       6.7763305        6.7763305      0.49348209                                     0.49348209
              2       6.8875972       0.3978906       -31.13764       22.182198      0.29765696       1.0136072     0.018529931     -0.34924317       6.7763305        6.7763305      0.22253342                                     0.22253342
              1       7.2841286      0.53553813      -30.844421       13.900802      0.24726981      0.99830383     0.034827041      0.92216963       6.7763305        6.7763305       1.0155962                                      1.0155962
             13       7.1837504      0.43848778      -30.385192       17.676844      0.25714763      0.99710804     0.023286094     -0.86716549       6.7763305        6.7763305      0.81483979                                     0.81483979
             14       6.9977853       1.2337471      -30.088057         9.84014      0.40455837        1.001557      0.21660046     -0.91834371       6.7763305        6.7763305      0.44290968                                     0.44290968
              6       6.7989114       1.2421968      -30.016638       8.7669535      0.36197625      0.99899401      0.21944762     0.051329646       6.7763305        6.7763305     0.045161896                                    0.045161896
              1       6.7915243        1.223504      -30.028903       8.8159707      0.35838613      0.99861377      0.21242605      -0.7664586       6.7763305        6.7763305     0.030387641                                    0.030387641
             10       6.7922478       1.2242837      -30.029019        8.820384      0.35877176      0.99855182      0.21260859     -0.93414941       6.7763305        6.7763305     0.031834746                                    0.031834746
             15       6.7765725       1.2247026      -30.838056       8.5207742      0.34406802      0.99096089      0.21172172     -0.96094547       6.7763305        6.7763305   0.00048401094                                  0.00048401094
             16       6.7787792       1.2269431      -30.806157       8.5859303      0.34857832      0.99451308      0.21647498      0.17868488       6.7763305        6.7763305    0.0048974908                                   0.0048974908
             16       6.8014559       2.1764827      -30.617679       5.0477845       0.3630717      0.99324931       1.0824169     -0.86372766       6.7763305        6.7763305     0.050250843                                    0.050250843
              8       7.7292185       1.3306275      -32.354648       13.710246      0.47176685      0.77722646      0.46938462      0.41657211       6.7763305        6.7763305        1.905776                                       1.905776
             24       7.6225406       1.7060986      -32.472403       18.808375      0.46428747      0.43486399       1.0910305      -0.4385167       6.7763305        6.7763305       1.6924202                                      1.6924202
              2       8.5310322       2.0776063       -32.53273       9.3010309      0.16590602      0.25804159       1.5386087     -0.74454837       6.7763305        6.7763305       3.5094035                                      3.5094035
              5       9.2624068       2.2102484       -32.60964       11.519097      0.13239575      0.15629188       1.3352194     -0.87443527       6.7763305        6.7763305       4.9721527                                      4.9721527
              5       8.4806565      0.20296745      -32.199481       21.665192      0.16845217       1.1513559    0.0037603855     -0.60982019       6.7763305        6.7763305        3.408652                                       3.408652
              4        6.866539      0.43707632      -32.051471       19.323755        0.302073       1.0749419     0.028931429      0.52970806       6.7763305        6.7763305      0.18041712                                     0.18041712
              9       6.9223204       1.1622011      -31.864446       10.802101      0.39279305       0.9403644      0.22045491      0.34635673       6.7763305        6.7763305      0.29197983                                     0.29197983
              7       6.9070679       1.1206369      -31.874454       11.304683      0.39006653      0.92541659      0.20539342     0.025859807       6.7763305        6.7763305      0.26147477                                     0.26147477
              4       7.7244052      0.74802734      -31.602169       18.359904       0.4714387       1.0317139     0.064977965      0.13031234       6.7763305        6.7763305       1.8961495                                      1.8961495
              6       6.7895018       1.5474895      -31.386017       6.5711083       0.3267434      0.96574484      0.38678175      -0.9735935       6.7763305        6.7763305     0.026342663                                    0.026342663
             13       7.4568742       2.6686716      -30.551024       5.1263575      0.45166571      0.99228173       2.7399063     -0.96729008       6.7763305        6.7763305       1.3610874                                      1.3610874
              7       6.9503139       2.8128276      -30.646735       4.2853842      0.39744939      0.99099361       3.9062051     -0.34353616       6.7763305        6.7763305      0.34796679                                     0.34796679
             10       8.2323061       2.2825664      -31.637073        7.165853      0.50240574      0.92317745       1.3482512      -0.9451292       6.7763305        6.7763305       2.9119514                                      2.9119514
             40       6.9375896       2.1472341      -31.546713        5.279881      0.39538325       1.0481819       1.1195271     -0.23832057       6.7763305        6.7763305      0.32251828                                     0.32251828
              3        7.378365       1.2417469      -30.568148        5.801496      0.23885372      0.99650813      0.22151381    0.0055649555       6.7763305        6.7763305       1.2040691                                      1.2040691
              6       6.7819675       0.9943793      -30.442222       10.625975      0.35198088       1.0011983      0.13193433      0.77108658       6.7763305        6.7763305     0.011274099                                    0.011274099
             10       6.9700258      0.71964827      -30.636111        11.90281      0.28349372      0.99470786     0.065270377     -0.90591334       6.7763305        6.7763305      0.38739076                                     0.38739076
              6       6.8099802       2.0302144      -32.717589       42.181636       0.3176144      0.11146968      0.76030601     -0.91107532       6.7763305        6.7763305     0.067299376                                    0.067299376
             16       7.0176289       2.7156038      -32.494853       24.424658      0.27669896      0.12538181       2.9337241     -0.93053536       6.7763305        6.7763305      0.48259682                                     0.48259682
             18       6.8110719       1.2283863      -30.692841       9.0318678      0.36677803      0.99360254      0.21513887     -0.89717139       6.7763305        6.7763305     0.069482902                                    0.069482902
              6       6.9896343      0.92618417      -30.557224       9.1336558      0.28060371      0.99694985      0.11134033      0.11764682       6.7763305        6.7763305      0.42660762                                     0.42660762
              6       6.7799522        0.889161      -31.368136       11.327599      0.33399979      0.99666642      0.10374145      0.97501494       6.7763305        6.7763305      0.00724347                                     0.00724347
             17       6.9382647       0.8474714      -31.390959       10.560681      0.28850512      0.96885426     0.092996001     -0.98971178       6.7763305        6.7763305      0.32386853                                     0.32386853
             10       6.8597573      0.84795802       -31.41813       10.746746      0.30360314       1.0013291     0.092908577      0.99679542       6.7763305        6.7763305      0.16685369                                     0.16685369
              4       6.9144394      0.79165488      -30.305732       14.853723      0.39140304       1.0004028     0.079822006      0.94562812       6.7763305        6.7763305      0.27621782                                     0.27621782
              1       7.0655995      0.61219999      -30.360871       13.243234      0.27050202       1.0027785     0.046343104     -0.92353981       6.7763305        6.7763305        0.578538                                       0.578538
             11       8.5495079       1.1656955       -30.69786       4.2613216      0.16498138      0.99822263      0.18812121      0.85292639       6.7763305        6.7763305        3.546355                                       3.546355
             20       7.0335827      0.39863893      -31.329994       20.413599      0.27457478       1.0141058      0.01994381      0.44240385       6.7763305        6.7763305      0.51450441                                     0.51450441
             24       7.8950214      0.30832396      -31.263355       19.207096      0.20139593        1.022124     0.011252691     -0.97668221       6.7763305        6.7763305       2.2373818                                      2.2373818
              1       7.5505015      0.22592709      -30.681906       29.803712      0.22503355        1.004455    0.0061279627      -0.1516011       6.7763305        6.7763305       1.5483421                                      1.5483421
              2       6.7943161      0.21713594      -31.990738       46.829997      0.32417185      0.95816736    0.0048716053      0.71588328       6.7763305        6.7763305     0.035971363                                    0.035971363
             25       7.8725929       2.5310971       -32.75199       48.250042      0.20281254     0.049912602      0.88782432     -0.97504124       6.7763305        6.7763305       2.1925248                                      2.1925248
             19       9.2543131       1.8642648      -32.901509       39.340101      0.13273722     0.054396575      0.30783962     -0.95753025       6.7763305        6.7763305       4.9559653                                      4.9559653
              1       10.389913       1.9836141      -33.000749       43.709221     0.089296146      0.03095454      0.21773779     -0.97799459       6.7763305        6.7763305       7.2271659                                      7.2271659
              7       6.9171642       1.6374521      -32.777242       47.219785      0.29211199      0.11354779      0.41659509     -0.89655534       6.7763305        6.7763305      0.28166741                                     0.28166741
              4       7.2929309       1.6243905      -32.813434       47.050046       0.2464523     0.096917964      0.35567945     -0.91308395       6.7763305        6.7763305       1.0332008                                      1.0332008
             12       7.9309318       1.8062021      -32.663546       46.956302      0.48484297      0.17181567      0.76152884      -0.8391391       6.7763305        6.7763305       2.3092026                                      2.3092026
              5       7.4935474       1.9709591      -32.788558       41.557674      0.22941821     0.084182332      0.54227238     -0.93418967       6.7763305        6.7763305       1.4344339                                      1.4344339
              1       6.7833321       1.4029048       -31.19891       6.9996007      0.33087651        1.012713       0.2871754      0.28757478       6.7763305        6.7763305      0.01400318                                     0.01400318
             13       7.6154466       1.9594092      -30.592757       7.0705282      0.46377381       1.0061231      0.75770943     -0.99370079       6.7763305        6.7763305       1.6782322                                      1.6782322
              1       7.0651768       1.7800885      -30.530027       6.9666681      0.41344573       1.0020138      0.56793986      0.68209595       6.7763305        6.7763305      0.57769271                                     0.57769271
              6       8.3568407       1.7996538      -30.514787       8.5131171      0.50912503      0.99877756      0.58143734       0.8757906       6.7763305        6.7763305       3.1610205                                      3.1610205
              6       8.8697926       1.8358999       -30.51785       8.7073617      0.53434257       1.0046299      0.62233135     -0.72174018       6.7763305        6.7763305       4.1869243                                      4.1869243
              9       8.8543753      0.72483812       -32.41496       31.744225        0.533633      0.69704181      0.13751883      0.16943674       6.7763305        6.7763305       4.1560896                                      4.1560896
             10       7.1239648      0.46190041      -32.448414       26.913337      0.26362019      0.63735983     0.057759341     0.012046077       6.7763305        6.7763305      0.69526868                                     0.69526868
             11       7.7009096      0.52012036      -32.203518       23.697257      0.46982473       1.1456603     0.024769078     -0.45844218       6.7763305        6.7763305       1.8491583                                      1.8491583
             11       6.8723811       1.0816651      -32.377577       14.145057      0.38319959      0.75274765      0.30223311      0.33543918       6.7763305        6.7763305      0.19210119                                     0.19210119
             10       6.8476381       2.4657776      -32.627354       36.395479      0.30650144      0.10264861       1.4767395     -0.93614704       6.7763305        6.7763305       0.1426152                                      0.1426152
              3       6.9217618       1.1289869      -32.658669       31.671022      0.29130421      0.24485991       0.3071101     -0.72380402       6.7763305        6.7763305      0.29086271                                     0.29086271
             11       6.7922565       1.1119464      -31.434609       8.5268098      0.32522366       1.0309405      0.17885649     -0.43751778       6.7763305        6.7763305     0.031852151                                    0.031852151
              3       6.7940947       1.4994927      -32.479668       14.104092      0.32428196      0.46084533      0.78980304     -0.38302465       6.7763305        6.7763305     0.035528392                                    0.035528392
             19       6.8978849       2.1389189      -32.597903       23.329252       0.2956523      0.17807708       1.3151367     -0.84732146       6.7763305        6.7763305       0.2431088                                      0.2431088
             15       7.1125388       2.0498946      -32.568067       27.544568      0.41908095      0.22307573       1.3421326     -0.78906869       6.7763305        6.7763305      0.67241659                                     0.67241659
             49       8.2840249       2.5544626      -30.422332       5.9429952      0.50522983        1.000244       2.1522889       0.9957693       6.7763305        6.7763305       3.0153889                                      3.0153889
             30       8.7160556       2.4662429      -30.813946       6.3862767      0.52714541       1.0059323       1.8369478      0.55869004       6.7763305        6.7763305       3.8794503                                      3.8794503
             26       6.8361116       2.1059301      -30.944275       5.2758137      0.37450312       1.0130804      0.98091109     -0.60733667       6.7763305        6.7763305      0.11956231                                     0.11956231
              4       7.3312955       2.0081935      -31.158298       6.7432497      0.44103202      0.97885245      0.80494289     -0.73720859       6.7763305        6.7763305       1.1099301                                      1.1099301
             24        7.144212      0.99487583      -30.652602       7.9299814      0.26136996       0.9957184      0.13286252    -0.085543996       6.7763305        6.7763305       0.7357631                                      0.7357631
              6       7.3112411       1.1017884      -30.811953       6.7282851      0.24477377      0.99239413      0.16415924     -0.63420299       6.7763305        6.7763305       1.0698213                                      1.0698213
              3       8.2991945      0.83470375       -30.82566       6.3580013      0.17795106       1.0077888     0.088465772     -0.71486038       6.7763305        6.7763305       3.0457282                                      3.0457282
             22       7.8077384      0.86665026      -30.918428       7.1142109      0.20699244       1.0090339     0.095488809     -0.50272361       6.7763305        6.7763305        2.062816                                       2.062816
              1        7.261775       0.5982814      -30.209619        12.50857      0.24937832        1.001538      0.04423937     -0.21397002       6.7763305        6.7763305      0.97088905                                     0.97088905
              9       7.6753482      0.94610918      -32.640906       24.610507      0.21595461      0.27875493      0.22503023     -0.67198316       6.7763305        6.7763305       1.7980354                                      1.7980354
              6         7.53795       2.6114268      -32.362812       16.176989       0.4580144      0.32585582       4.2924433     -0.67444587       6.7763305        6.7763305       1.5232391                                      1.5232391
             58       6.9011733       1.2365029      -32.168862       8.0792526      0.38897045       1.1702326       0.1805473     -0.80596901       6.7763305        6.7763305      0.24968574                                     0.24968574
              5        8.249762        1.300365      -32.246581       11.104061      0.50336444       1.0477492       0.2155842       0.9076794       6.7763305        6.7763305       2.9468631                                      2.9468631
              6       8.2179332       1.3229698      -32.268022       11.426202      0.50161204      0.99732805      0.26453666      0.99977901       6.7763305        6.7763305       2.8832054                                      2.8832054
             31       6.8121527      0.23762948      -31.994693        48.11901      0.36716048      0.96507451    0.0059604772       0.8096427       6.7763305        6.7763305     0.071644375                                    0.071644375
             12       6.7791941      0.20961343      -32.029383       48.587045      0.34911383        1.030266    0.0057892379      0.90238607       6.7763305        6.7763305    0.0057273114                                   0.0057273114
              1       7.4679282      0.27170588      -32.332959       54.952329      0.45255277      0.91097404     0.011815714      0.82821461       6.7763305        6.7763305       1.3831955                                      1.3831955
             18       7.1936533      0.20331113      -32.063358       57.868995      0.42787741       1.0930352    0.0063700362       0.3256267       6.7763305        6.7763305      0.83464563                                     0.83464563
             15       7.4834935      0.87113682      -32.765694        48.02571      0.23021009      0.16538118      0.13141679     -0.81990192       6.7763305        6.7763305       1.4143261                                      1.4143261
              6       6.7785001       1.0903896      -31.250217       9.1100691      0.33580794       1.0160369      0.16845666     0.078203735       6.7763305        6.7763305    0.0043392502                                   0.0043392502
              5         6.79382       1.6111157      -31.083344       5.9861618      0.32441949       1.0110058       0.4154055      0.17109662       6.7763305        6.7763305     0.034979002                                    0.034979002
              4       6.8805592       1.6088229      -31.100339       7.3208014      0.38491772      0.98225207      0.42884361     -0.92505926       6.7763305        6.7763305      0.20845753                                     0.20845753
              2        7.330645       1.5752642      -31.178152        8.319436      0.44097397       1.0113176      0.41291492      0.45523212       6.7763305        6.7763305       1.1086291                                      1.1086291
             11       7.2305808       2.1335613      -31.782689       5.7401866      0.43159639       1.0591771      0.90274858      0.22883156       6.7763305        6.7763305      0.90850076                                     0.90850076
             10        6.941493       2.0993503      -31.753045       5.1875192      0.39602548       1.0929503        0.951866     -0.99885366       6.7763305        6.7763305      0.33032507                                     0.33032507
              5       6.8214108      0.27302386      -32.380838       51.026451      0.37022517      0.79871509     0.015782576      0.46762805       6.7763305        6.7763305     0.090160729                                    0.090160729
              2       7.2946824      0.32321219      -30.476354        22.94973      0.24629046      0.99793947     0.012415599       0.3648675       6.7763305        6.7763305       1.0367038                                      1.0367038
              2       7.4427965      0.30682881      -30.472046       22.898182      0.23347448      0.99876702      0.01128875      0.77141176       6.7763305        6.7763305       1.3329321                                      1.3329321
              5       6.7901542      0.44425504       -30.59182        24.12637      0.35762985       1.0028392     0.024047936      0.30081706       6.7763305        6.7763305     0.027647386                                    0.027647386
             10       6.7859546      0.55002249      -30.533498       17.900509      0.32895865       1.0041935     0.037068855     -0.98310709       6.7763305        6.7763305     0.019248175                                    0.019248175
             13       6.7923392      0.92439948      -30.685199       10.514119       0.3251802       1.0055725      0.11083361     -0.64188999       6.7763305        6.7763305     0.032017411                                    0.032017411
              4       6.9545316      0.86588409      -30.472951       9.9525697      0.28588253       0.9970445     0.097394891     -0.21800865       6.7763305        6.7763305      0.35640222                                     0.35640222
             32       7.9071341      0.83279722      -30.183758       7.2289006      0.20063677       1.0016614     0.089171845      -0.5330297       6.7763305        6.7763305       2.2616073                                      2.2616073
              3        6.840283       1.1628791      -31.362235       7.9243817        0.308382       1.0057985      0.18466498      0.92535289       6.7763305        6.7763305      0.12790516                                     0.12790516
              8       7.5674108       1.1919036      -32.129826       9.8111644      0.46023693       1.1828827      0.21408304     -0.95445715       6.7763305        6.7763305       1.5821606                                      1.5821606
              1       7.1283886      0.98655585      -31.560544       12.385397      0.42087694       1.0352504      0.14001648    -0.050548749       6.7763305        6.7763305      0.70411636                                     0.70411636
              3       7.0917619      0.67832243      -31.519969       12.272212      0.26733873      0.96521659     0.053990089     -0.51180933       6.7763305        6.7763305      0.63086291                                     0.63086291
             11       6.9836375      0.65512035      -31.639779       13.366516       0.2814729      0.96609354     0.058549441      0.28835686       6.7763305        6.7763305        0.414614                                       0.414614
             19       7.0340994      0.23070553      -30.378527       35.738356       0.2745071       1.0006516    0.0063406415       0.8956191       6.7763305        6.7763305      0.51553778                                     0.51553778
             21       6.7781536      0.20699959      -31.893698       53.348025      0.33632395      0.91535987    0.0060057206     -0.34051814       6.7763305        6.7763305    0.0036461714                                   0.0036461714
             10       7.3260306      0.14186061      -31.773952       48.092804      0.24343885       1.0724323    0.0024818932     -0.93665052       6.7763305        6.7763305       1.0994003                                      1.0994003
              2       6.8371566       1.0461955      -31.353428       8.6974451      0.30921403       1.0213546      0.14057035     -0.12098652       6.7763305        6.7763305      0.12165229                                     0.12165229
             18       6.8080741       1.2444606      -30.991423       8.7276147      0.36568489        1.011934      0.21757106     -0.69541931       6.7763305        6.7763305      0.06348733                                     0.06348733
             54       6.7787324       1.7382502      -31.443773       5.5816675      0.33548484       1.0392465       0.5129558     -0.88880802       6.7763305        6.7763305    0.0048038993                                   0.0048038993
              1       6.8353598      0.72643565      -32.467505       22.075701      0.30970192      0.58043576        0.153255     -0.12293843       6.7763305        6.7763305      0.11805861                                     0.11805861
              9       8.6706252       1.3379014      -32.534624       9.2033798      0.15903559       0.3881904       0.5743276      -0.5116186       6.7763305        6.7763305       3.7885894                                      3.7885894
             12       8.0255525      0.93941278      -32.037705       5.8224114      0.19341921        1.062826      0.14050148      0.66509016       6.7763305        6.7763305        2.498444                                       2.498444
              2       7.1392897      0.41180693       -30.53621       19.079154       0.2619112       1.0018973      0.02030876      0.58827842       6.7763305        6.7763305      0.72591843                                     0.72591843
             40       6.8344763       0.1875629      -31.960039       54.269787      0.30994452      0.91516799    0.0035079471      -0.3945275       6.7763305        6.7763305      0.11629172                                     0.11629172
             30       8.4490507      0.10209588      -31.927839        55.80234      0.17006887      0.89719347    0.0012361449     -0.99737832       6.7763305        6.7763305       3.3454405                                      3.3454405
              7       8.2409662      0.26424191      -31.782909       53.304453      0.50288208       1.0730572    0.0081615718     -0.99470466       6.7763305        6.7763305       2.9292715                                      2.9292715
              4       7.0615004      0.27311803      -31.880698       48.786845       0.4129896      0.93155373     0.010578181     0.080113851       6.7763305        6.7763305      0.57033984                                     0.57033984
             82       7.1269982      0.96032083      -32.797978       58.941593      0.26327897      0.13979764       0.1418255     -0.85199386       6.7763305        6.7763305      0.70133557                                     0.70133557
             27       7.2767501      0.96058486      -32.810817        58.76948      0.24796056      0.13201307      0.13538051     -0.86103771       6.7763305        6.7763305       1.0008393                                      1.0008393
              4       6.7773091       0.1724479      -32.245951       55.328047      0.34615867       1.0904201    0.0026407724      0.52317581       6.7763305        6.7763305    0.0019572814                                   0.0019572814
              3       6.8099873      0.15449364      -32.225447       55.096511      0.31761183       1.1214603    0.0020442704     0.019612208       6.7763305        6.7763305      0.06731358                                     0.06731358
             51       6.8233538      0.17242316       -32.16341       55.114432        0.370827       1.1728226    0.0033647813      -0.9986559       6.7763305        6.7763305     0.094046646                                    0.094046646
             21       7.3786142      0.21083322      -32.222904       56.428639      0.44516762       1.1246228    0.0038205351    -0.040563195       6.7763305        6.7763305       1.2045675                                      1.2045675
             13       7.8284679       0.1211358      -32.353836       59.001078      0.20564248      0.86477333     0.002652383      0.68120893       6.7763305        6.7763305       2.1042749                                      2.1042749
              2        6.997357      0.55894826      -32.525982       45.658869      0.40449784      0.47636666     0.090615591      -0.3386947       6.7763305        6.7763305      0.44205301                                     0.44205301
              2       7.1596307      0.57679216      -32.640319       45.008384      0.25969762        0.300661     0.082782707     -0.63340699       6.7763305        6.7763305      0.76660051                                     0.76660051
              2       8.4204601      0.58570013      -30.606024        26.32156      0.51245545      0.99905886     0.042043516      0.92937458       6.7763305        6.7763305       3.2882593                                      3.2882593
              1       9.7849816      0.19911973      -30.453075       16.827931      0.11141621      0.99936767    0.0046948037      0.93462245       6.7763305        6.7763305       6.0173022                                      6.0173022
             17       9.9975744      0.18870516      -30.421217       16.427184      0.10340867       1.0026098    0.0042465666     -0.33078665       6.7763305        6.7763305       6.4424878                                      6.4424878
             16       9.9998212      0.20895727      -30.360614       14.824067      0.10332548       1.0025464    0.0052026963       -0.681013       6.7763305        6.7763305       6.4469814                                      6.4469814
             11        9.373147       0.3043164      -30.215602       12.616335      0.12777829       1.0002773     0.011069319      0.95357571       6.7763305        6.7763305       5.1936331                                      5.1936331
              1        9.174645      0.33068066      -30.214491       12.391999      0.13612865      0.99843839     0.013036427     -0.18099294       6.7763305        6.7763305        4.796629                                       4.796629
              3       6.9694415      0.74911668      -30.465654       11.367482      0.28358204       1.0008912     0.071026151      0.87967051       6.7763305        6.7763305      0.38622209                                     0.38622209
             10       6.7824383       1.9170494      -30.610298       5.1692176      0.33161071       1.0057553      0.70293793     -0.67640169       6.7763305        6.7763305      0.01221564                                     0.01221564
              2       6.8499394       1.1004043      -32.173385       7.1541941      0.30593316       1.1679802      0.13663411     -0.80388427       6.7763305        6.7763305      0.14721785                                     0.14721785
             59       6.7788127      0.26419469      -30.040993        39.62214      0.34862311       1.0009585    0.0082926471      -0.1682056       6.7763305        6.7763305    0.0049644095                                   0.0049644095
              1       8.2341687      0.36966851      -30.214317       40.927165      0.50250831      0.99825395     0.016349639     -0.47825498       6.7763305        6.7763305       2.9156765                                      2.9156765
              1       7.8234997      0.12062717      -30.770775       50.984662      0.20596481       1.0065381    0.0017384041      -0.6540182       6.7763305        6.7763305       2.0943384                                      2.0943384
             20       7.6762622       0.1263665      -30.765275       51.446652      0.21589055      0.99808253    0.0018773982      0.85217534       6.7763305        6.7763305       1.7998634                                      1.7998634
             58       7.4156777      0.24089002      -30.921245       55.607331      0.44829461       1.0058531    0.0067848223      0.32283214       6.7763305        6.7763305       1.2786944                                      1.2786944
             13       6.7855879      0.79030193      -30.838426       12.628817      0.32920947      0.99137625     0.079197154     -0.98346401       6.7763305        6.7763305      0.01851489                                     0.01851489
              5       6.7861043      0.76279256      -30.845415       12.950912       0.3288576       1.0005136     0.073735179      0.99314398       6.7763305        6.7763305     0.019547614                                    0.019547614
              2       9.1638388      0.38091034      -30.470947       10.769635      0.13659297       1.0007521     0.017384433      0.91126583       6.7763305        6.7763305       4.7750167                                      4.7750167
              2       6.8134426       1.8053337       -32.64548       32.735333      0.36760949      0.18695383      0.81037756      -0.8214947       6.7763305        6.7763305     0.074224293                                    0.074224293
             54       7.0768379       1.5049482      -32.754602       39.539851      0.26912636      0.13593195      0.39030911     -0.86893593       6.7763305        6.7763305      0.60101493                                     0.60101493
              1       8.1002904       1.3602585      -32.838549        41.84424      0.18903915     0.099819765      0.23457791     -0.90419826       6.7763305        6.7763305       2.6479199                                      2.6479199
             63       6.8532886       1.0881005      -32.686788       47.680275      0.37887825      0.21948954      0.26288888     -0.75646296       6.7763305        6.7763305      0.15391636                                     0.15391636
              6       6.8212498       1.4138771      -32.756782       55.810478       0.3701747       0.1409942      0.34487121     -0.86076811       6.7763305        6.7763305     0.089838572                                    0.089838572
              6       6.7785441       1.6771956      -32.265473       6.3012078      0.33574549      0.95482671      0.56512287      0.95193947       6.7763305        6.7763305    0.0044272243                                   0.0044272243
             11       6.9344726       2.0483388      -32.606511        31.16901      0.39486481      0.18588551       1.1771935     -0.83389824       6.7763305        6.7763305      0.31628434                                     0.31628434
             19       6.9810011       1.5093247      -32.725854        36.31162        0.281859      0.15457011      0.43618407      -0.8481912       6.7763305        6.7763305      0.40934127                                     0.40934127
              2       7.5298434      0.97774224      -30.668845       14.055173      0.45739532       1.0003525      0.12640719       0.9929411       6.7763305        6.7763305       1.5070259                                      1.5070259
              3       7.3743838       0.2306724      -30.491287       31.103069      0.23919534       1.0020185    0.0063627666      0.42537988       6.7763305        6.7763305       1.1961066                                      1.1961066
              1       6.7777887      0.25853929      -30.399691       40.259625      0.34707642       1.0021915    0.0080004596    -0.035050562       6.7763305        6.7763305    0.0029164833                                   0.0029164833
              7       6.9940784       2.1919367      -30.947386       5.4592533      0.40403258        1.014792       1.1090012      -0.9415266       6.7763305        6.7763305      0.43549578                                     0.43549578
              6       7.2620272       2.4711668      -32.676079       37.917903      0.24935426     0.079982012       1.2042315     -0.95354905       6.7763305        6.7763305      0.97139351                                     0.97139351
             14       7.6770936       2.5677043      -32.648224        32.51763      0.21583231     0.077691673         1.42289     -0.95870422       6.7763305        6.7763305       1.8015262                                      1.8015262
             15       7.4193912       2.6075676      -32.481407       30.350017      0.44860285      0.17036855       2.8993358     -0.88263701       6.7763305        6.7763305       1.2861214                                      1.2861214
              1       7.5322273      0.30014158       -31.63435        23.19106      0.22642228      0.97767453      0.01155262      0.66347013       6.7763305        6.7763305       1.5117937                                      1.5117937
              5       9.6692369      0.63084461      -31.892683       6.0502516      0.11589506      0.91262216     0.057974644     -0.38066351       6.7763305        6.7763305       5.7858128                                      5.7858128
             10        7.502084       0.6678577      -32.360968       24.709615      0.45524979      0.82912831     0.092031339      0.56895929       6.7763305        6.7763305        1.451507                                       1.451507
              6       7.2882914      0.86583357      -32.574614       22.881989      0.24688232       0.3745275       0.2141835     -0.52329994       6.7763305        6.7763305       1.0239218                                      1.0239218
              9       6.9814049      0.52622743      -32.144194       19.544653      0.40220029       1.1753382     0.035969932      -0.9571239       6.7763305        6.7763305      0.41014881                                     0.41014881
             32       6.8996705       2.6933824      -32.595587       55.736111      0.38868689     0.077819262       1.8886582     -0.96350977       6.7763305        6.7763305       0.2466801                                      0.2466801
             28       6.9661145      0.15267042      -30.194827         55.9973      0.28408746      0.99873893    0.0027515533      0.16013687       6.7763305        6.7763305        0.379568                                       0.379568
             19       6.9674226      0.20130724      -30.924336       42.360764      0.28388821       1.0005668    0.0047997798      0.99379824       6.7763305        6.7763305      0.38218422                                     0.38218422
             13       6.7768834      0.21956261      -31.011785       47.834589      0.34512591      0.98764083    0.0056941954     -0.96877361       6.7763305        6.7763305    0.0011058516                                   0.0011058516
             28       7.1019507      0.15591338      -31.341335       50.003816       0.2661425       1.0260053    0.0029487428     -0.86097907       6.7763305        6.7763305      0.65124039                                     0.65124039
              2       7.2459186      0.40397935      -30.796847       31.979589      0.43309644       1.0075682     0.019735695     -0.94148523       6.7763305        6.7763305      0.93917636                                     0.93917636
              6       7.0933629      0.17865575      -31.032499       44.361978       0.2671495       1.0130908    0.0037881433     -0.99867173       6.7763305        6.7763305      0.63406482                                     0.63406482
              5       7.7754956      0.33495721       -31.40621       43.527976      0.47488057      0.97892294     0.012721264     0.029945759       6.7763305        6.7763305       1.9983303                                      1.9983303
             48       6.8837709      0.49876325      -32.553439       41.700047      0.29842607      0.43124857     0.070685342     -0.42123309       6.7763305        6.7763305       0.2148809                                      0.2148809
              1        9.526563       0.6914646       -32.50354       47.908144      0.56245886      0.51030916      0.14107398      -0.2730828       6.7763305        6.7763305        5.500465                                       5.500465
             12       6.8225978       1.7648436      -32.719502       46.273039      0.37059435      0.13639123      0.59436844     -0.87662685       6.7763305        6.7763305      0.09253475                                     0.09253475
              4       6.8056216       1.5696947      -32.737425       43.086846      0.31924847      0.14187009      0.44960829     -0.86431127       6.7763305        6.7763305     0.058582176                                    0.058582176
              6       7.1214248       1.5109403      -32.681114        44.17364      0.42009294      0.18917197      0.51072073     -0.80750171       6.7763305        6.7763305      0.69018877                                     0.69018877
             11       7.8084889       2.5348385      -31.856337       6.6327705      0.47705667      0.85279886       2.1598806     -0.98485078       6.7763305        6.7763305        2.064317                                       2.064317
             12       6.9542357       1.0111415      -31.733757       11.401755      0.39807086       1.0377642      0.15209021      0.47486659       6.7763305        6.7763305      0.35581049                                     0.35581049
              4       6.8193694       1.2122003       -31.42368       9.0193518      0.36957868       1.0159659      0.21740699      0.60640966       6.7763305        6.7763305      0.08607779                                     0.08607779
              8       6.9014298      0.99704522      -31.331587       11.499415      0.38901867       1.0197689      0.13862095     0.021558047       6.7763305        6.7763305      0.25019871                                     0.25019871
              3       6.8340691       0.4529445      -32.279174       20.078154      0.31005698       1.0246951     0.022809102      0.97562165       6.7763305        6.7763305      0.11547718                                     0.11547718
              1        6.779837      0.46593752      -32.218374       19.999123      0.34987194       1.1284761     0.019127027     -0.10135972       6.7763305        6.7763305    0.0070130582                                   0.0070130582
              5       6.8950175      0.72045995      -32.358265       19.437457      0.38779778      0.83229624      0.10718341       0.5799777       6.7763305        6.7763305      0.23737401                                     0.23737401
              6       6.8030877       1.9383411      -32.595756       23.188769      0.32025479      0.21414584       1.0978904     -0.79459485       6.7763305        6.7763305     0.053514519                                    0.053514519
             26       6.7990385       2.0978906      -32.621868       27.944203      0.32196761      0.16506672       1.1637033     -0.85960979       6.7763305        6.7763305     0.045416092                                    0.045416092
             10       6.8094517       1.9375321      -32.637362       32.244242      0.36619335      0.17616972      0.95188102     -0.83979738       6.7763305        6.7763305     0.066242412                                    0.066242412
              5       8.4059722       1.9298889      -32.562771        31.66722      0.51170277      0.25165029       1.2053824     -0.74548182       6.7763305        6.7763305       3.2592835                                      3.2592835
             12       7.2700571       1.7768828      -32.776755       40.537873      0.24859156      0.10372622      0.48073622      -0.9103902       6.7763305        6.7763305      0.98745329                                     0.98745329
              5       7.3329809       1.5969332      -32.679909         45.7142      0.44118229      0.18163607      0.57030326     -0.81961658       6.7763305        6.7763305       1.1133008                                      1.1133008
             67       8.6541025       2.4785368       -32.77632       39.909566      0.15983527     0.048564861      0.77927296     -0.97455916       6.7763305        6.7763305       3.7555442                                      3.7555442
              3         8.75798       2.4921112      -32.778472         39.7447      0.15486446     0.046992334      0.77641105     -0.97582273       6.7763305        6.7763305        3.963299                                       3.963299
              1       7.0163152       1.1210801      -32.710398       55.768118      0.40712304      0.19571538      0.25912916     -0.78775492       6.7763305        6.7763305      0.47996947                                     0.47996947
             13       7.4708272       2.0588138      -32.627658       39.706719      0.45278424      0.16646852       1.1014344     -0.85622229       6.7763305        6.7763305       1.3889935                                      1.3889935
             16       6.7953981       1.7702763      -31.265729       5.3951411      0.32364342        1.018462      0.53466368     0.055459565       6.7763305        6.7763305     0.038135356                                    0.038135356
             32       6.9388361        1.845856      -30.123966       6.4348642      0.39558917       1.0009885      0.63105757      0.49864897       6.7763305        6.7763305      0.32501123                                     0.32501123
              6       7.1119919        1.971107      -30.270994       6.4074379      0.41901824      0.99714941      0.77163349     -0.87459278       6.7763305        6.7763305      0.67132287                                     0.67132287
              1       7.2958143       2.0149293      -30.358443       6.5207035      0.43781398       1.0015145      0.83405524      0.65252716       6.7763305        6.7763305       1.0389676                                      1.0389676
              7       6.7890259        1.904596       -30.35286       5.1557859      0.32702155       1.0009227      0.69145439      0.85631239       6.7763305        6.7763305     0.025390905                                    0.025390905
             39       6.7985878       1.9208938      -30.382607        5.046319      0.32216739      0.99890784      0.71404205        0.831863       6.7763305        6.7763305     0.044514759                                    0.044514759
              3       6.7766829       1.9524769      -30.382272       5.2283666      0.33950441      0.99957503      0.75071239      0.97538885       6.7763305        6.7763305   0.00070483896                                  0.00070483896
             13       6.7837942       1.9277671      -30.382306       5.5134088      0.35348473      0.99958057      0.72087371      0.97569157       6.7763305        6.7763305     0.014927467                                    0.014927467
              2       6.7970874      0.25760867      -30.890722       37.632868      0.32284755       1.0009021     0.007874324      0.98171246       6.7763305        6.7763305     0.041513845                                    0.041513845
              7       9.8005503      0.89536955       -32.92391       45.922647      0.11082039     0.081005094     0.076150887      -0.9171047       6.7763305        6.7763305       6.0484397                                      6.0484397
              1       9.5707359       1.0448427      -32.922186       44.283227      0.11977774     0.077805063       0.1027655     -0.92227811       6.7763305        6.7763305       5.5888109                                      5.5888109
             10       7.1504288      0.87203256      -32.664163       34.949832      0.26069154      0.25708164      0.17983369      -0.7008329       6.7763305        6.7763305       0.7481966                                      0.7481966
             11        7.624464       1.5643353      -32.407592       6.9912084      0.21957363       0.6034204       0.8580022    -0.068632032       6.7763305        6.7763305       1.6962672                                      1.6962672
              6       7.6750476      0.76284555      -30.738673       8.5610653      0.21597568      0.99394494     0.072901864      -0.5661994       6.7763305        6.7763305       1.7974343                                      1.7974343
              9       7.1343569      0.69142855      -30.752495       18.267024      0.42154271       1.0031096     0.059155559      0.60673405       6.7763305        6.7763305      0.71605286                                     0.71605286
              1       7.0077822      0.85924849      -30.337095       14.231776      0.40595478      0.99774989     0.095601357     -0.31402901       6.7763305        6.7763305       0.4629034                                      0.4629034
              3       7.5951637      0.87043747      -30.383733        15.98527      0.46229306       0.9985774     0.098319101      0.57865246       6.7763305        6.7763305       1.6376664                                      1.6376664
              5       7.3906829      0.91357137      -30.133898       14.704173      0.44619615      0.99830822      0.10867967     -0.82717899       6.7763305        6.7763305       1.2287049                                      1.2287049
              1       6.8964656      0.50246628      -30.853945        17.55248      0.29592366       1.0084543     0.030475717     -0.86561078       6.7763305        6.7763305      0.24027035                                     0.24027035
              9       6.7819547       0.6185404      -30.438059       16.182886      0.33203049       0.9969556     0.047489371     -0.58652668       6.7763305        6.7763305     0.011248427                                    0.011248427
              9       7.2401887      0.65760471      -30.420314       19.738681      0.43253896       1.0015303     0.053991445      0.55894056       6.7763305        6.7763305      0.92771655                                     0.92771655
              7       6.8195995      0.55837621      -30.435995       16.917318      0.31434768       1.0001698     0.038170177      0.99431211       6.7763305        6.7763305     0.086538096                                    0.086538096
             11        6.819138      0.55785225       -30.43031       16.949892      0.31449555      0.99965534      0.03807548      0.97972004       6.7763305        6.7763305     0.085615062                                    0.085615062
             16        8.182192      0.54121232      -30.077828       27.714931      0.49962102       1.0011084     0.035893102     -0.23225501       6.7763305        6.7763305       2.8117231                                      2.8117231
              6       9.1455522       1.1850645      -32.598944        11.20051      0.13738112      0.31107789      0.39392767     -0.63085265       6.7763305        6.7763305       4.7384435                                      4.7384435
              1       7.0644657       1.4052501        -31.6043       8.6581416      0.41335773       1.0211033      0.28036863      0.68810966       6.7763305        6.7763305      0.57627039                                     0.57627039
              6       6.8933094        1.747509      -31.753236       6.1500243      0.38746704       1.0835786      0.56847022     -0.87599079       6.7763305        6.7763305      0.23395791                                     0.23395791
             27       7.2441977      0.89225794      -31.496016       8.7611015      0.25107063      0.96531417      0.11000212      -0.4255086       6.7763305        6.7763305      0.93573455                                     0.93573455
              6       8.0475269      0.93677368      -31.396804       6.3532689       0.1921181      0.97019332      0.11145471     -0.80847846       6.7763305        6.7763305       2.5423928                                      2.5423928
              2       6.8213906       1.1656468        -31.3249       9.4497601      0.37021883       1.0101658      0.19516232      0.74095157       6.7763305        6.7763305     0.090120202                                    0.090120202
              2       6.9697767       1.1494842      -31.338878       10.185442      0.40046864       1.0280342        0.187329     -0.87128954       6.7763305        6.7763305       0.3868925                                      0.3868925
              7       7.7821528      0.82811459      -30.776225       17.188896      0.47532252       1.0036259     0.086892886      0.53205572       6.7763305        6.7763305       2.0116448                                      2.0116448
              6       10.226664       0.7822237      -30.861043        22.68041      0.58892974      0.99770814      0.07827629      0.87498044       6.7763305        6.7763305       6.9006673                                      6.9006673
              1       7.2657669      0.51722107      -30.843085       25.380476      0.43500172      0.99594855     0.032195555      0.54872975       6.7763305        6.7763305      0.97887279                                     0.97887279
              7       7.4990781      0.56582422      -31.382865       24.789053      0.45501503       0.9750035     0.041263763     -0.33648681       6.7763305        6.7763305       1.4454954                                      1.4454954
              6       7.5002812      0.56601018      -31.382942       24.788159      0.45510905      0.97491973     0.041284992     -0.34517746       6.7763305        6.7763305       1.4479015                                      1.4479015
              2        8.081152      0.65335752      -31.763222        21.23872      0.49385127        1.069643     0.057891866       -0.710305       6.7763305        6.7763305       2.6096432                                      2.6096432
              7       7.6710896       3.0901512       -31.79338       4.5418443      0.46774651       1.0016604       13.850257      0.99992088       6.7763305        6.7763305       1.7895184                                      1.7895184
              1       9.0163775       1.0015914      -31.969161       17.391417      0.54096259      0.93339097      0.11172715      0.26216436       6.7763305        6.7763305        4.480094                                       4.480094
             12       9.3349932       1.2846187       -32.99224       58.989024      0.12935784     0.051306125      0.11182393     -0.95211787       6.7763305        6.7763305       5.1173255                                      5.1173255
              1       9.2444094       1.2466805      -32.984466       59.352702      0.13315582     0.054086192       0.1095733     -0.94897081       6.7763305        6.7763305        4.936158                                       4.936158
              8        6.780585      0.54021358      -31.814452       18.664247      0.35067096       1.0453115     0.031363433      0.27830743       6.7763305        6.7763305    0.0085090068                                   0.0085090068
              5       8.0850056      0.70435837       -31.03322       7.9978142      0.18992467       1.0133006      0.06171597     -0.96191692       6.7763305        6.7763305       2.6173503                                      2.6173503
              7       7.1316618      0.66588416      -31.310079       12.089421      0.26275724      0.98100767     0.052855455     -0.16639646       6.7763305        6.7763305      0.71066268                                     0.71066268
              6        7.082872      0.65472578      -31.366259       19.045214      0.41560165       1.0017373     0.052927041      0.99272373       6.7763305        6.7763305      0.61308316                                     0.61308316
              3       6.9232099      0.60129221       -31.43585       19.097652      0.39294756       1.0284684     0.047129467     -0.34292128       6.7763305        6.7763305       0.2937589                                      0.2937589
             24       6.9070856       0.4228883      -32.601685       58.218856      0.29393022      0.35882013     0.047678414     -0.54245072       6.7763305        6.7763305      0.26151021                                     0.26151021
              2       7.3428583      0.17513176      -31.869388       43.713084      0.24194162      0.94985243    0.0042252747       0.4645117       6.7763305        6.7763305       1.1330556                                      1.1330556
             13       7.1739364      0.17748537      -31.818929       42.030574      0.25817583       1.0401826    0.0033041808      0.43031794       6.7763305        6.7763305      0.79521182                                     0.79521182
              9       7.0858638      0.31541634      -31.435134       38.609846      0.41595994       1.0265761     0.012605539     -0.20802784       6.7763305        6.7763305      0.61906662                                     0.61906662
              7       7.0785738       1.3825952      -30.861706       9.0734663      0.41508381      0.99446485      0.29008256      0.38665299       6.7763305        6.7763305      0.60448661                                     0.60448661
              9       7.2505855       1.3875747      -30.813717       9.4375651      0.43354799       0.9950451      0.28474936      0.37105264       6.7763305        6.7763305      0.94851006                                     0.94851006
              6       6.9645915       1.0091161      -30.971807       12.039732      0.39967972       0.9887262      0.13409561     -0.76639392       6.7763305        6.7763305      0.37652216                                     0.37652216
             13       10.245255      0.19303125      -31.148776       14.763779     0.094405912      0.99562533    0.0044874074      0.87127087       6.7763305        6.7763305       6.9378488                                      6.9378488
              5       8.3774871      0.34761671      -31.183896       14.833006      0.17378692       1.0129994     0.014965868     0.059570558       6.7763305        6.7763305       3.2023132                                      3.2023132
              1       8.5333221      0.80175308      -31.138787       19.198943      0.51820884       1.0118328     0.079542401     0.040019752       6.7763305        6.7763305       3.5139832                                      3.5139832
              5       7.0086297      0.48040214      -31.425787       25.073431      0.40607178       1.0132253     0.029222196       0.6874709       6.7763305        6.7763305      0.46459853                                     0.46459853
              4       6.7907834       0.4650252      -31.518519       21.861801      0.32601837      0.96383244      0.02486293     -0.67935458       6.7763305        6.7763305     0.028905914                                    0.028905914
              7       6.7813393        1.170594      -30.594103       8.9764528      0.35140827       1.0051314      0.19068586     -0.97502598       6.7763305        6.7763305     0.010017602                                    0.010017602
              9       7.9704667      0.40269089        -30.6718       36.517052      0.48726794      0.99591491      0.01971903    0.0016238309       6.7763305        6.7763305       2.3882725                                      2.3882725
              8       7.4519879      0.27897008      -30.888755       48.408008       0.4512713       1.0043493    0.0091501668      0.56806518       6.7763305        6.7763305       1.3513148                                      1.3513148
             15       6.8134035      0.46853376      -30.274571        23.53691        0.367596       1.0018492     0.026705506     -0.30495954       6.7763305        6.7763305     0.074146131                                    0.074146131
              2       7.1334775      0.62057566      -31.307024       13.004456      0.26255503      0.97781194     0.045975005     -0.61212589       6.7763305        6.7763305      0.71429411                                     0.71429411
             52       6.7859459       2.1073937      -31.516344       5.1853911      0.35503549      0.97648707      0.91827809      0.60142847       6.7763305        6.7763305     0.019230886                                    0.019230886
              1       8.7424432       1.5678912      -32.957323       57.618808       0.1555995     0.051766634      0.18334143     -0.95517578       6.7763305        6.7763305       3.9322256                                      3.9322256
              9       7.8098036       1.5936996      -32.896604       57.902554      0.20685735      0.06737343       0.2441481     -0.94108087       6.7763305        6.7763305       2.0669462                                      2.0669462
              4       6.9018849       1.1903382      -32.686576       35.096695      0.29489588      0.21215536      0.31441625     -0.76869476       6.7763305        6.7763305       0.2511089                                      0.2511089
              7       7.4922063       1.1736618      -32.737137       34.448304      0.22952353      0.17062329      0.25932186     -0.81996323       6.7763305        6.7763305       1.4317516                                      1.4317516
             14       7.0303233       1.1698387       -32.68621       33.006144      0.27500328      0.21406172      0.30411634      -0.7656727       6.7763305        6.7763305      0.50798564                                     0.50798564
              1       8.5317446      0.13140306      -32.310902       39.400432      0.16587028      0.96290628    0.0023265111       0.9607847       6.7763305        6.7763305       3.5108283                                      3.5108283
             11       7.1920377      0.87330467      -32.572721        23.40576      0.25628899      0.37684548      0.21865249     -0.51961883       6.7763305        6.7763305      0.83141439                                     0.83141439
             11       6.8747594        1.235665      -32.230436       8.6011766      0.38370654       1.0850819      0.17105273       0.6408895       6.7763305        6.7763305      0.19685779                                     0.19685779
             14       6.8006715       1.2418118      -32.231903       8.1147517      0.36274018       1.0818986      0.17449825       0.6727742       6.7763305        6.7763305     0.048682089                                    0.048682089
             45       7.2859961       1.1302436      -32.624958       23.203409      0.24709578      0.28318053      0.33629105     -0.67032091       6.7763305        6.7763305       1.0193312                                      1.0193312
              1       7.1301327       1.1273883      -32.607122       22.912486      0.26292792      0.30592351      0.34879054     -0.63694099       6.7763305        6.7763305      0.70760451                                     0.70760451
              5       10.801826      0.49558738      -31.967236       39.925617      0.60871813      0.92462634     0.024755633    -0.053504534       6.7763305        6.7763305       8.0509912                                      8.0509912
             10       7.9136302      0.32424431      -32.526566       38.256341      0.20023131      0.48515231     0.029950235     -0.32042641       6.7763305        6.7763305       2.2745995                                      2.2745995
             17       7.2052312       0.3219477      -32.400569       31.684151      0.25493949      0.75115853     0.024028472      0.32161838       6.7763305        6.7763305       0.8578014                                      0.8578014
             15       7.2523528      0.27492235       -32.36535       32.762354      0.25028159      0.83515227     0.014785866      0.58493299       6.7763305        6.7763305      0.95204459                                     0.95204459
             23       6.8005259      0.40255651      -32.394513        31.46014      0.32132194      0.76256132     0.037060091       0.3563525       6.7763305        6.7763305     0.048390941                                    0.048390941
              4       7.0315959      0.82114122      -31.499376       10.448102      0.27483565      0.96280803     0.090838707     -0.65512117       6.7763305        6.7763305      0.51053085                                     0.51053085
              2       7.9612141       1.3748193      -32.637909       17.632888      0.19729594      0.24460819      0.48452186     -0.73168306       6.7763305        6.7763305       2.3697673                                      2.3697673
             17       8.5668792       1.2709458      -32.664619       17.115378      0.16411639      0.22675682       0.3828329     -0.75207996       6.7763305        6.7763305       3.5810975                                      3.5810975
             11       8.8754483       1.3472166      -32.465781       23.215648      0.53460221      0.51372939      0.61209345     -0.27296634       6.7763305        6.7763305       4.1982357                                      4.1982357
             11       9.2777514       1.6993105      -32.808615       24.675971      0.13174989     0.094433299       0.3918667     -0.91739985       6.7763305        6.7763305       5.0028419                                      5.0028419
              4       8.5112099      0.50068818      -32.675217       38.162841      0.16690348       0.2625302     0.057312709     -0.68714142       6.7763305        6.7763305        3.469759                                       3.469759
              1       6.8380752      0.77989466      -32.508384       24.075197       0.3089674      0.49457115      0.18173188     -0.30531407       6.7763305        6.7763305      0.12348942                                     0.12348942
              3       7.1071923      0.65286285       -31.20721       19.238148      0.41846561       1.0013743     0.052675543      0.99053472       6.7763305        6.7763305      0.66172363                                     0.66172363
              1       6.9253872       0.5687716      -30.688135       15.334462      0.29067622       1.0016707      0.03946172      0.84476846       6.7763305        6.7763305      0.29811339                                     0.29811339
              4       7.0727446      0.75194424      -30.732277       16.593068      0.41437562      0.99816832     0.071819557      0.85468996       6.7763305        6.7763305      0.59282826                                     0.59282826
              1       7.3642858      0.76187143      -30.810537       17.656045      0.44393305      0.99189174      0.07338045      -0.9995799       6.7763305        6.7763305       1.1759106                                      1.1759106
              9       7.3259112       0.7650249      -30.817759       17.287472      0.44055045       1.0011761     0.074364218      0.95938119       6.7763305        6.7763305       1.0991615                                      1.0991615
              6       6.9544438      0.65952406      -30.643072       18.083503      0.39810365         1.00324     0.054560681      0.30229291       6.7763305        6.7763305       0.3562267                                      0.3562267
              7       7.2217624      0.95643365      -30.164748       13.521422      0.43072245       1.0010187      0.12084424      0.37256203       6.7763305        6.7763305      0.89086383                                     0.89086383
             25       7.0292047       1.8787251      -30.605529       6.5338074      0.40884904        1.001049      0.66634119      0.94210736       6.7763305        6.7763305       0.5057485                                      0.5057485
              5       6.8076028       2.1425289      -31.012442        4.504363       0.3184916      0.99188155       1.0083505      0.54457502       6.7763305        6.7763305     0.062544676                                    0.062544676
              6       7.6944271      0.27719641      -30.103286       23.244078      0.21462416       1.0011533    0.0091823535      -0.2044627       6.7763305        6.7763305       1.8361934                                      1.8361934
              2       8.1197232      0.58796257      -30.059609       25.335396      0.49607932       1.0009114     0.042414489     0.070180895       6.7763305        6.7763305       2.6867854                                      2.6867854
              3       6.8041933      0.43325284      -30.734062        22.28378      0.31981007      0.99559744     0.022927724      0.13291133       6.7763305        6.7763305      0.05572576                                     0.05572576
              9       6.9983578      0.28641384      -30.021274       29.335405      0.27936083      0.99931248    0.0097640918      0.53082589       6.7763305        6.7763305      0.44405458                                     0.44405458
              5       7.3451224       0.2028877      -30.771547       35.561767      0.24174188       1.0070122    0.0049130486     -0.89759028       6.7763305        6.7763305       1.1375838                                      1.1375838
              4       8.8901353      0.13748253      -30.681848       32.371993      0.14872517       1.0043601     0.002260915      -0.1074419       6.7763305        6.7763305       4.2276096                                      4.2276096
              4       8.0371738      0.17866127      -30.669687       32.438066       0.1927297       0.9995055    0.0037910706      0.98506287       6.7763305        6.7763305       2.5216866                                      2.5216866
              7       8.3672987       0.1581339      -30.842199       33.317224      0.17432296       0.9944494    0.0029188303      0.12294052       6.7763305        6.7763305       3.1819365                                      3.1819365
              7       6.7953423      0.53760442      -31.063623       18.206399      0.32367031      0.99388902     0.034634333      0.62634422       6.7763305        6.7763305     0.038023715                                    0.038023715
              1        6.942675      0.60061931      -31.046801        19.94815      0.39621845      0.99392743     0.045302292       0.6195551       6.7763305        6.7763305      0.33268902                                     0.33268902
              8       6.7765839      0.78932421      -30.791241       12.931323      0.33988368        1.000815     0.079426235      0.97799686       6.7763305        6.7763305    0.0005068833                                   0.0005068833
              2       7.3454076       0.5046112      -31.528376       14.766427      0.24171675      0.97498143     0.028912233      0.22240968       6.7763305        6.7763305       1.1381543                                      1.1381543
              3       6.9848649       0.2823011      -32.283178       29.359023      0.28129398       1.0200658    0.0088561707      0.98419156       6.7763305        6.7763305      0.41706885                                     0.41706885
              6       7.0036752      0.33936557       -32.23274       22.235122      0.27861517       1.1097352     0.010039322      0.23976656       6.7763305        6.7763305      0.45468953                                     0.45468953
              2        9.673567       0.5911132      -30.493656        28.78543      0.56827409        1.003775     0.042887263     -0.92930686       6.7763305        6.7763305       5.7944731                                      5.7944731
             10       8.2927638      0.80269769       -30.28099       18.941348       0.5057022      0.99966356     0.082033204      0.96507862       6.7763305        6.7763305       3.0328667                                      3.0328667
              4       6.8768071      0.56849164      -30.474549       20.383839      0.38413814      0.99632096     0.039603071     -0.98753448       6.7763305        6.7763305      0.20095325                                     0.20095325
             15       6.8426244       1.0752233      -32.521875       23.782735      0.37622787      0.44219354      0.35996254     -0.40946138       6.7763305        6.7763305      0.13258796                                     0.13258796
             14       6.9337802       1.4251709       -31.43785       8.0284983      0.39474895       1.0369113      0.31800866     -0.86195867       6.7763305        6.7763305      0.31489944                                     0.31489944
              4       6.9140768       1.3092436      -32.012974       8.7212122      0.39133816       1.0300938       0.2760591      0.91485808       6.7763305        6.7763305      0.27549274                                     0.27549274
              1       6.9989406       1.6114058      -31.900116       8.5319955      0.40472134      0.88475388      0.45036412     -0.94433434       6.7763305        6.7763305      0.44522034                                     0.44522034
             40       6.9652357       1.6908436       -31.97983       7.2242491      0.39977831      0.98365991      0.46917319      0.97130218       6.7763305        6.7763305      0.37781041                                     0.37781041
              1       6.7902462       1.8751975      -31.801333       5.5277514      0.35768182       1.0371063      0.60327517      0.67805099       6.7763305        6.7763305     0.027831543                                    0.027831543
             23       7.0680136       1.7604539      -31.696227        7.167255      0.41379571      0.98566736      0.52650049      0.92126299       6.7763305        6.7763305      0.58336625                                     0.58336625
             38       6.7940296       2.6324258      -31.662106        4.180835      0.35968556      0.98225839       2.4674021      0.93265257       6.7763305        6.7763305     0.035398264                                    0.035398264
             10       6.7766007       3.0436471      -32.145464       11.186903      0.33981451      0.29995744        14.54279     -0.73224063       6.7763305        6.7763305   0.00054055932                                  0.00054055932
              6       7.3953337       1.5377071      -31.354027       8.5805498      0.44658979       1.0172834      0.35974578       0.3818529       6.7763305        6.7763305       1.2380065                                      1.2380065
              3       7.2002405       1.2657664      -30.907789       10.147858      0.42855252       1.0027623      0.23210899      0.87045474       6.7763305        6.7763305      0.84782012                                     0.84782012
              5       6.8836229       1.4924096      -30.823629        5.956148      0.29845609        1.009134      0.34587327     -0.94617138       6.7763305        6.7763305       0.2145849                                      0.2145849
              4       6.7845707       1.8259005      -30.027311        5.425412      0.32993263       1.0010075      0.60779663      0.15356779       6.7763305        6.7763305     0.016480455                                    0.016480455
             83       7.4508046       1.8835463      -30.168211       7.2157071      0.45117558       0.9977283      0.66991235     -0.99305398       6.7763305        6.7763305       1.3489483                                      1.3489483
             10       7.6697416       2.4589412       -30.30388       5.7162225      0.46765174      0.99997053       1.7904278       0.9999188       6.7763305        6.7763305       1.7868222                                      1.7868222
             12       7.0601431       2.2775408      -30.172081       5.4426782      0.41282045       1.0009313       1.2895266      0.73973165       6.7763305        6.7763305      0.56762522                                     0.56762522
              3       6.7778639       1.1105435      -30.478294       9.3775636      0.34720572       1.0020357      0.16998071       0.4622653       6.7763305        6.7763305    0.0030669464                                   0.0030669464
              6        6.937999      0.61142363      -31.934618       15.806231      0.28854903      0.89736883     0.043545031     -0.96371633       6.7763305        6.7763305      0.32333701                                     0.32333701
             22       6.8218665      0.28196521      -30.064959       33.431788      0.31363253      0.99997207    0.0094775599      0.99920878       6.7763305        6.7763305     0.091072158                                    0.091072158
              6       8.5066535      0.31027746      -30.173553       16.193838      0.16713357      0.99973655      0.01150913      0.96814158       6.7763305        6.7763305        3.460646                                       3.460646
              7       7.4981257      0.40865873      -30.106271       16.872856      0.22905946      0.99843722     0.020140046     -0.88062413       6.7763305        6.7763305       1.4435904                                      1.4435904
             17       8.9156543      0.24069559      -30.066663       18.447991      0.14756201      0.99880168    0.0068731502     -0.30111261       6.7763305        6.7763305       4.2786477                                      4.2786477
             11       7.2578176      0.30455313      -30.071124       24.684089      0.24975663      0.99852455     0.011067153      -0.9607936       6.7763305        6.7763305       0.9629742                                      0.9629742
              8       6.9222276       1.9425206        -31.1806       4.4146217       0.2912231       1.0206776      0.75950611     -0.48628905       6.7763305        6.7763305      0.29179418                                     0.29179418
              3        6.847994       2.1744099      -32.459594       15.452499      0.37758704       0.3377527       2.0657776     -0.63011481       6.7763305        6.7763305      0.14332703                                     0.14332703
             19       6.7806677       1.5808548      -30.374839       6.6908154      0.35075482      0.99667716      0.40546777     -0.93670276       6.7763305        6.7763305    0.0086743762                                   0.0086743762
             38       6.7855989       1.5709235      -30.378589       6.7743709      0.35479814       1.0020266      0.39992213        0.281404       6.7763305        6.7763305     0.018536928                                    0.018536928
             25       7.8334118       1.5327976      -30.092609       4.0208808      0.20532249       1.0012728      0.37371889     -0.12425353       6.7763305        6.7763305       2.1141627                                      2.1141627
             17       6.8076627       2.7243257      -32.493033       28.352206      0.31846911      0.12392055       2.9695989     -0.93221352       6.7763305        6.7763305     0.062664442                                    0.062664442
             19       6.8089082        2.400119      -32.581549       32.225785      0.36599404      0.14221966       1.7088856      -0.8982263       6.7763305        6.7763305     0.065155489                                    0.065155489
              4       8.0835597       2.4129318      -32.514822       31.407858       0.4939913      0.19591056       2.2180525     -0.84267951       6.7763305        6.7763305       2.6144585                                      2.6144585
              8       8.7224014       2.9058945       -32.25967       5.6295514      0.15655199      0.28762515       8.2068216     -0.75218276       6.7763305        6.7763305       3.8921418                                      3.8921418
             21       7.4846523        2.634769       -30.30288       5.1857312      0.45388147      0.99841664       2.5332264      0.72745194       6.7763305        6.7763305       1.4166436                                      1.4166436
              9       7.6067337      0.28829411      -31.361546       22.767267      0.22086006       1.0113289     0.009555334      0.66047333       6.7763305        6.7763305       1.6608065                                      1.6608065
              1       7.7589647      0.56822576      -31.842433       25.161298      0.47377675      0.99595952     0.040186403      0.99564376       6.7763305        6.7763305       1.9652685                                      1.9652685
              2       6.7918007      0.34445636       -31.95738       31.112238      0.32546551      0.91277012     0.012026324     -0.46834449       6.7763305        6.7763305     0.030940409                                    0.030940409
             11       6.8345144      0.31724569      -31.843342       29.459896      0.30993403      0.99669947     0.012171149      0.99702085       6.7763305        6.7763305      0.11636784                                     0.11636784
              4       7.0294303      0.89105409      -31.037261       13.655739      0.40887885        1.009944      0.10067432    -0.056056447       6.7763305        6.7763305      0.50619975                                     0.50619975
              6       7.0218976      0.88249799      -31.029383       13.715542      0.40787612       1.0127995      0.10244747      -0.7487774       6.7763305        6.7763305      0.49113435                                     0.49113435
              5       8.3214175      0.36917368      -31.636524       14.780409      0.17675843      0.97360959     0.017741038      0.54135529       6.7763305        6.7763305        3.090174                                       3.090174
              2        7.391724      0.51362911      -31.608844       13.601393      0.23771561       1.0226961     0.029943276      0.55805982       6.7763305        6.7763305       1.2307871                                      1.2307871
              6       7.6775352      0.48821251      -31.621176       13.273816      0.21580139       1.0008556     0.028864041      0.99944375       6.7763305        6.7763305       1.8024094                                      1.8024094
              8       6.7879532       2.3527187      -31.653816       4.8861512      0.35633165      0.93162128       1.3655726     -0.49710703       6.7763305        6.7763305     0.023245374                                    0.023245374
              2       9.5801649       2.3520707      -32.593952       10.696724      0.11940314      0.14263841       1.5750166     -0.89532538       6.7763305        6.7763305       5.6076689                                      5.6076689
             26       6.8037689       2.0275464      -32.590552       23.224609      0.31997974      0.20423264       1.2196946     -0.81119457       6.7763305        6.7763305     0.054876872                                    0.054876872
              1       6.8517504      0.38583084      -30.994444        23.57638      0.30549219       1.0093643     0.017525903     -0.22858216       6.7763305        6.7763305       0.1508398                                      0.1508398
              6       7.4821701      0.31499864      -31.067143       21.977436      0.23031473      0.99990311     0.011852409      0.99990832       6.7763305        6.7763305       1.4116794                                      1.4116794
              5       7.9529431      0.41249942       -31.03076        14.23006      0.19780188       1.0127967     0.020729919     -0.87550742       6.7763305        6.7763305       2.3532252                                      2.3532252
             18       7.8711748      0.60457453      -30.750385       10.026654      0.20290259       1.0060131     0.044591222     -0.50507464       6.7763305        6.7763305       2.1896887                                      2.1896887
             14       8.5144186      0.35983934      -31.032799       13.746144      0.16674164       1.0131562     0.015503142     -0.99829277       6.7763305        6.7763305       3.4761762                                      3.4761762
             14       7.5909647        0.376861      -31.786385       34.359391      0.46198423       1.0723151     0.016331016      -0.9550749       6.7763305        6.7763305       1.6292684                                      1.6292684
              2       7.4206078      0.29052826      -32.254839       43.214394      0.44870365       1.0741494    0.0078613577        0.706537       6.7763305        6.7763305       1.2885547                                      1.2885547
             32       7.1482537      0.26718256      -32.239421         43.2571      0.42307174       1.1001969    0.0062612176      0.38912684       6.7763305        6.7763305      0.74384652                                     0.74384652
              7       6.7780415       1.1494373      -31.477964       8.8804744      0.33650113       0.9908023      0.18859481      0.89455759       6.7763305        6.7763305    0.0034220832                                   0.0034220832
              8       7.4259807       1.4659382      -32.530903       12.813498      0.23485235       0.3757798      0.70822023     -0.53662207       6.7763305        6.7763305       1.2993005                                      1.2993005
              2       7.7018444       1.5797441      -32.471143       8.8040031      0.21411066      0.46269337       0.9015145     -0.38127543       6.7763305        6.7763305       1.8510279                                      1.8510279
              1       7.8253782        1.223008      -31.936959       5.6313411      0.20584284      0.89828994      0.18818336     -0.76474341       6.7763305        6.7763305       2.0980955                                      2.0980955
              1       7.8462783      0.64153988      -32.100519       8.3192142      0.20449321       1.1515819     0.066128907     -0.44585089       6.7763305        6.7763305       2.1398956                                      2.1398956
              3       7.0400311      0.52767098      -32.138171        19.90064      0.41026506       1.1742382     0.037528015     -0.91497462       6.7763305        6.7763305      0.52740136                                     0.52740136
             19       6.9459193      0.55025214      -32.076011       19.378139      0.39674463       1.1183021     0.049281079      0.02634232       6.7763305        6.7763305      0.33917776                                     0.33917776
              6       6.9534841      0.33047647      -31.901837       28.686364       0.2860477      0.90686852     0.015050181     -0.58992735       6.7763305        6.7763305      0.35430735                                     0.35430735
             26       6.9352746      0.54224897      -32.664807       58.730004      0.28900132      0.27274887     0.069040407     -0.67327153       6.7763305        6.7763305      0.31788818                                     0.31788818
              3       7.1866783      0.76998296      -32.762856       58.408925      0.25684328      0.17164446      0.10405412      -0.8105287       6.7763305        6.7763305      0.82069575                                     0.82069575
             13       6.9744057      0.20046959      -31.401494       43.553285      0.28283595      0.97361463    0.0045592057     -0.55272477       6.7763305        6.7763305      0.39615041                                     0.39615041
             16       6.7864076      0.24954483      -31.649504       44.798555      0.35534479      0.95534288    0.0081603403      -0.2288854       6.7763305        6.7763305     0.020154294                                    0.020154294
             13       6.7845121      0.25063658      -31.652801       44.604943      0.35402436      0.95176037    0.0081776818      -0.4217152       6.7763305        6.7763305     0.016363205                                    0.016363205
              4       8.2896939      0.45174502      -30.572041       33.760761      0.50553641      0.99625093     0.024499498     -0.34683982       6.7763305        6.7763305       3.0267269                                      3.0267269
              1       8.2469046      0.44089171      -31.164948       34.873786       0.5032079      0.98364485      0.02296473     -0.70274625       6.7763305        6.7763305       2.9411483                                      2.9411483
             22       8.5088462      0.32253755      -31.199647        15.34471      0.16702281        1.014282     0.012027393     -0.13095751       6.7763305        6.7763305       3.4650315                                      3.4650315
             10       8.4263955      0.31396788      -31.223818         16.7302      0.17123715      0.97979125     0.011925295     -0.93591364       6.7763305        6.7763305       3.3001301                                      3.3001301
              2       8.3570134      0.54030043       -31.91032       31.482565      0.50913416      0.89959849     0.039336572     -0.81703146       6.7763305        6.7763305       3.1613658                                      3.1613658
              6       6.8391473      0.39738316      -31.621348       28.356363      0.37531814       1.0010632      0.01892903      0.99913308       6.7763305        6.7763305      0.12563359                                     0.12563359
              3       7.2096565       1.1691521      -31.481327       6.6484425       0.2544915      0.98402074      0.19995146      0.69421635       6.7763305        6.7763305      0.86665209                                     0.86665209
             20        6.776528       0.9726957       -31.33301       10.288578      0.34013156       1.0214956      0.13108916     -0.15667306       6.7763305        6.7763305   0.00039509441                                  0.00039509441
             17       6.7846675      0.97165335      -31.377046       11.176958      0.35413802      0.98007538      0.13141762       0.1924078       6.7763305        6.7763305     0.016673996                                    0.016673996
              3       8.1864204        1.006383      -31.519533       15.462709      0.49985788      0.96542733      0.12665074     -0.40419587       6.7763305        6.7763305       2.8201799                                      2.8201799
              6       7.4378518       0.9971261      -31.498341       7.3262234      0.23387783      0.96223403      0.13934188     -0.64831265       6.7763305        6.7763305       1.3230426                                      1.3230426
              2       9.0789771      0.99805463      -31.570108       4.0403579       0.1402765       1.0455208       0.1402341     -0.71292886       6.7763305        6.7763305       4.6052933                                      4.6052933
              5       6.9409842      0.78721783      -32.002868       11.130212       0.2880578      0.98810523     0.075754827      0.98163863       6.7763305        6.7763305      0.32930752                                     0.32930752
             30       7.2387383      0.99398403      -32.635613       27.021225       0.2516027      0.28154821      0.25203398       -0.669117       6.7763305        6.7763305      0.92481575                                     0.92481575
             10       6.8251573       1.0105008      -31.908914       12.348336      0.37137462      0.89451789      0.14722491     -0.88522965       6.7763305        6.7763305     0.097653699                                    0.097653699
             11       7.1236435      0.89983502      -31.816496       13.518243      0.42034358       1.0385877     0.093901219      0.51952535       6.7763305        6.7763305      0.69462607                                     0.69462607
              4        7.503941      0.90061096      -31.765019       7.1081994       0.2286054       1.0732764      0.11307284     -0.82642515       6.7763305        6.7763305       1.4552212                                      1.4552212
              1       7.2882514      0.34459641      -30.314685       38.081243      0.43711396       1.0011398     0.014273366      0.57939871       6.7763305        6.7763305       1.0238418                                      1.0238418
              2       7.0754372      0.22219543      -30.185966       36.429929      0.26929639      0.99990556    0.0058666947      0.99777952       6.7763305        6.7763305      0.59821355                                     0.59821355
             27       8.0686748      0.38124997      -30.355569       38.963542      0.49312349      0.99772153     0.017542933     -0.32757459       6.7763305        6.7763305       2.5846887                                      2.5846887
              2        6.792642      0.47444755      -31.904437       25.161562      0.35897815      0.90378287     0.031021523     -0.67657092       6.7763305        6.7763305     0.032623088                                    0.032623088
             15       6.8031562      0.65471394      -31.361038       16.513901        0.363773       1.0112327     0.051368154      0.67903062       6.7763305        6.7763305     0.053651391                                    0.053651391
              9       7.3749097       2.9257273      -32.416718       25.536041      0.23915015     0.096206663       4.5157632     -0.96295287       6.7763305        6.7763305       1.1971584                                      1.1971584
              7       7.2974182       2.7072874      -32.359398       17.679919      0.43796178      0.27500684       4.8236467     -0.76004422       6.7763305        6.7763305       1.0421755                                      1.0421755
             10       7.4927803       1.4628862      -31.074984       4.6408214      0.22947844       1.0159174       0.3345311     -0.84465275       6.7763305        6.7763305       1.4328997                                      1.4328997
              8       7.2024139       1.0022613      -32.731796       41.361259      0.25522588      0.18504269      0.19393164     -0.79830482       6.7763305        6.7763305      0.85216696                                     0.85216696
              4       6.9798868       2.6426963       -32.58752       50.284337      0.40197705     0.090916601       1.9134111     -0.95273215       6.7763305        6.7763305       0.4071126                                      0.4071126
             16       7.0101928        2.639488      -32.586673       50.320175      0.40628698     0.091937559       1.9175457     -0.95187772       6.7763305        6.7763305      0.46772467                                     0.46772467
             10       8.9822481       2.3333416      -32.600391       49.093394      0.53944107      0.14153522       1.5158693      -0.8954379       6.7763305        6.7763305       4.4118353                                      4.4118353
              5       9.1642106       1.5545574      -32.672613       55.076549      0.54742302      0.19216376      0.55509535     -0.80540062       6.7763305        6.7763305       4.7757603                                      4.7757603
              5       7.4955577       1.1156881      -32.544188       30.653439      0.45473945      0.39963409       0.3813364     -0.48623848       6.7763305        6.7763305       1.4384545                                      1.4384545
              4       7.1456877       1.3556174       -32.48468       19.744432      0.42279159      0.47475165      0.61969189     -0.35267902       6.7763305        6.7763305      0.73871453                                     0.73871453
              6       6.9342747        1.736924      -32.390082       11.254754      0.39483172      0.60703976       1.1286908    -0.058639048       6.7763305        6.7763305      0.31588854                                     0.31588854
              1       7.4570666      0.86668551      -32.431334       24.179619      0.45168121      0.64780298      0.21231693     0.039669511       6.7763305        6.7763305       1.3614722                                      1.3614722
              3       7.9111334       0.7061727       -32.22577       18.474541      0.48361298       1.1141285     0.045677078      0.19222508       6.7763305        6.7763305       2.2696058                                      2.2696058
             16       8.6581377       1.0327367      -30.131864       15.251086      0.52436035       1.0006021      0.14285599      0.73484685       6.7763305        6.7763305       3.7636145                                      3.7636145
              4       9.2557482      0.15487631      -30.390584       25.671156      0.13267664       1.0029654    0.0028433445       -0.990611       6.7763305        6.7763305       4.9588355                                      4.9588355
             12       7.1008798      0.60051609      -31.777827       19.459746      0.41773266       1.0743815     0.044675835     -0.99680103       6.7763305        6.7763305      0.64909863                                     0.64909863
             11       6.9530712       1.2446954      -31.509239       7.2116835      0.28611295      0.95798712      0.21605777     -0.94938155       6.7763305        6.7763305      0.35348148                                     0.35348148
              6       6.8859242       1.6995688      -32.606371       22.010457      0.29799159      0.23941873       0.8160694     -0.75111223       6.7763305        6.7763305      0.21918741                                     0.21918741
              6       9.1705442       1.3971585      -30.921699       11.748533      0.54769527       1.0028398        0.290975      0.87519955       6.7763305        6.7763305       4.7884274                                      4.7884274
              8       7.3834611       0.6759415       -30.71519        19.94124      0.44558191       0.9935465     0.056874162     -0.99486269       6.7763305        6.7763305       1.2142613                                      1.2142613
              7       7.3708512      0.57478094      -30.468022       12.478602      0.23949941        1.003594     0.040626676      -0.9656109       6.7763305        6.7763305       1.1890416                                      1.1890416
             34       7.2323042      0.60094609      -30.489043       12.638099      0.25223382      0.99817789     0.044251246       0.5456997       6.7763305        6.7763305      0.91194747                                     0.91194747
              5       8.4076939      0.45763655      -32.308812       34.977758      0.51179239      0.96095501     0.029079398       0.9574299       6.7763305        6.7763305       3.2627269                                      3.2627269
             20       7.6890439      0.20576374      -32.232471       28.260354      0.21499814       1.1112459    0.0036491783      0.20877035       6.7763305        6.7763305       1.8254269                                      1.8254269
              3       7.6591474      0.35605237      -31.403447       18.783802      0.21709547      0.97560786     0.014437691      -0.3100338       6.7763305        6.7763305       1.7656339                                      1.7656339
             23       6.9783139      0.55734191      -31.162694       15.493535      0.28225512      0.98240711     0.037637035     -0.94109944       6.7763305        6.7763305      0.40396686                                     0.40396686
              8       6.7777336      0.62062222       -31.32263       16.291218      0.33702039       1.0018373     0.047902218      0.99012281       6.7763305        6.7763305    0.0028063052                                   0.0028063052
              6       6.8870894      0.67339208         -31.373       13.436846      0.29775826      0.98905482     0.058518976      0.73218988       6.7763305        6.7763305      0.22151787                                     0.22151787
              5       7.9489012      0.88390426      -30.444436       6.7106471      0.19804976       1.0035213      0.10130045     -0.99538576       6.7763305        6.7763305       2.3451415                                      2.3451415
              5       7.3607688      0.91147406      -30.434407       7.9053387      0.24037228       1.0026318       0.1076848     -0.16992256       6.7763305        6.7763305       1.1688766                                      1.1688766
              1       8.4666941      0.84061671      -30.312197       6.0634618      0.16916451      0.99749907     0.090525758      -0.8397777       6.7763305        6.7763305       3.3807272                                      3.3807272
             10       8.3189649      0.42360787      -30.400979       12.512053      0.17688963        1.003071      0.02163773     -0.99890576       6.7763305        6.7763305       3.0852688                                      3.0852688
             19       6.9744545       1.2958919        -32.4808       18.940703      0.40117134      0.49123233      0.55822008     -0.31866624       6.7763305        6.7763305      0.39624806                                     0.39624806
             16       7.3660503       2.1189943      -32.326665       5.1826131      0.23991411      0.65659734       1.9695881     0.081525246       6.7763305        6.7763305       1.1794396                                      1.1794396
              2       7.0931195      0.57400861      -30.815984       21.877939      0.41682176      0.99757943     0.040121901      0.81975294       6.7763305        6.7763305      0.63357811                                     0.63357811
             10       6.9277492      0.73569017      -30.453315        16.08443      0.39372883       1.0000426     0.068146591      0.99958456       6.7763305        6.7763305      0.30283742                                     0.30283742
              3       8.2658243      0.78380352      -30.579683       19.260327       0.5042416       1.0038983      0.07742194     -0.34631451       6.7763305        6.7763305       2.9789877                                      2.9789877
              6       6.7851536      0.50643085      -31.078908       20.732164      0.35448686       1.0147458     0.031321457     -0.99020731       6.7763305        6.7763305     0.017646176                                    0.017646176
              6       6.8395918      0.47312747      -30.823414       19.444978      0.30856419       1.0080494     0.027284762     -0.92780577       6.7763305        6.7763305      0.12652259                                     0.12652259
             27       7.1515845      0.27934972      -30.459693       28.054252      0.26056604      0.99929284    0.0093243457      0.92107416       6.7763305        6.7763305      0.75050816                                     0.75050816
             21       7.5402291      0.54915956      -31.082194       24.733568      0.45818785        1.013865     0.036276896     -0.75956132       6.7763305        6.7763305       1.5277973                                      1.5277973
              6       7.1391645        1.629183       -31.67427       5.1193714      0.26192502      0.94387041      0.40344702      -0.4922727       6.7763305        6.7763305      0.72566807                                     0.72566807
             26       6.9153667      0.27143984      -31.517595       45.014912      0.39156862      0.96316302    0.0083842191     -0.76771453       6.7763305        6.7763305      0.27807249                                     0.27807249
              4       7.3486538      0.16418268      -30.871278       44.498001      0.24143113      0.99322429    0.0031440048     -0.14419829       6.7763305        6.7763305       1.1446466                                      1.1446466
             12       8.3963599       0.1172252      -30.997176       44.055862      0.17279846       1.0056274    0.0015972867      0.55618789       6.7763305        6.7763305       3.2400588                                      3.2400588
              3       7.9486533      0.29247706      -31.551907       49.168084      0.48593502       1.0156054      0.01074601      0.75462633       6.7763305        6.7763305       2.3446458                                      2.3446458
             35       7.8988434      0.28632101      -31.558808       49.348767      0.48284406       1.0270682     0.010556442       0.3023402       6.7763305        6.7763305       2.2450258                                      2.2450258
             10       6.7826132      0.20873693      -31.491467       52.073044      0.35253703      0.97479744     0.005535352       0.1640902       6.7763305        6.7763305     0.012565518                                    0.012565518
              9       8.0794109       1.2381248      -32.661023       19.798021      0.19025008      0.23327089      0.36718738     -0.74248567       6.7763305        6.7763305       2.6061609                                      2.6061609
             11       8.7024561       1.1793265      -32.716172       21.478482      0.15750476      0.18688652      0.28087107     -0.80025639       6.7763305        6.7763305       3.8522512                                      3.8522512
              1       8.3949121       1.0877389      -31.750604        13.27074      0.51112592       1.0642165      0.18128568     -0.36379507       6.7763305        6.7763305       3.2371634                                      3.2371634
              5       7.3210815       1.7937922      -31.923721       8.2704476      0.44011646      0.89163761      0.51089652     -0.68388438       6.7763305        6.7763305        1.089502                                       1.089502
              2       6.8083153       1.9409001      -31.933089       6.2351429      0.36577471       0.9084185       0.6254062     -0.10227732       6.7763305        6.7763305     0.063969759                                    0.063969759
              5       6.7859749       1.9092813       -31.81496       5.1576086      0.32894486       1.0039838       0.6955202       0.9968648       6.7763305        6.7763305     0.019288904                                    0.019288904
             10       6.8747418       1.9085242      -31.779217       4.4029563      0.30029718       1.0740664      0.62530402     -0.41756665       6.7763305        6.7763305      0.19682266                                     0.19682266
              9       7.8895285      0.70663892      -30.564266       8.5483768      0.20174154       1.0037742     0.062088763     -0.37357924       6.7763305        6.7763305       2.2263961                                      2.2263961
              9       6.7817407       1.3343565      -30.236626       7.9140414      0.35177805       1.0011991      0.26259349      0.45629135       6.7763305        6.7763305     0.010820543                                    0.010820543
             15       11.622281         2.90444      -31.249257       6.5757304       0.6346391      0.99871673       5.0857014      0.99860674       6.7763305        6.7763305       9.6919017                                      9.6919017
              3       11.593477       2.3555425      -30.467005        8.047557      0.63376807       1.0048408        1.475174     -0.65115802       6.7763305        6.7763305       9.6342925                                      9.6342925
             18       9.4434786       2.3943415      -30.580338       7.0383097       0.5591033       0.9971477       1.5991573      0.67648744       6.7763305        6.7763305       5.3342963                                      5.3342963
              8       10.499957        2.411165      -30.489129       7.4322844      0.59852275       1.0038142       1.6498202      0.13260681       6.7763305        6.7763305       7.4472522                                      7.4472522
              4       9.6089557       1.4975477      -30.009198       11.341643      0.56573679       1.0011052      0.35136616     -0.30985257       6.7763305        6.7763305       5.6652505                                      5.6652505
              2       7.1253228       1.1261949      -30.443218       11.190378      0.42053275       1.0029133      0.17557289     -0.28714987       6.7763305        6.7763305      0.69798469                                     0.69798469
             31       6.8096141       1.2611899      -30.230947       8.7088811      0.36625259       1.0022123      0.22780013     -0.93098178       6.7763305        6.7763305     0.066567228                                    0.066567228
             20       6.9149326       1.2933271      -30.231156       9.0787635      0.39149119       1.0020948      0.24181984      -0.7146272       6.7763305        6.7763305      0.27720435                                     0.27720435
              2       6.8495024       1.3312263      -30.271136       8.5549754      0.37795962      0.99746272      0.26030662     -0.99584478       6.7763305        6.7763305      0.14634389                                     0.14634389
              3       7.2683366      0.99456333      -30.353668       7.5129552      0.24875445       1.0005747        0.131233      0.91798366       6.7763305        6.7763305      0.98401221                                     0.98401221
             20       6.7779517       1.2373938      -30.591353       8.4105928      0.34735267       1.0031318      0.21968342      0.27668455       6.7763305        6.7763305    0.0032425428                                   0.0032425428
             23       6.7763358       1.2964098      -30.542515       7.9432616      0.34169159      0.99727519      0.24212387      0.32118863       6.7763305        6.7763305   1.0764656e-05                                  1.0764656e-05
             11       6.9424293       1.3254922      -30.559195       8.9726745       0.3961784       1.0011833      0.25841284      0.88263666       6.7763305        6.7763305      0.33219767                                     0.33219767
              8       6.8012364       1.3484025      -30.626193       7.1178082      0.32102053       1.0052843      0.27036866     -0.69014715       6.7763305        6.7763305     0.049811943                                    0.049811943
              9       6.8999385       1.2954825      -30.625695       6.8181983      0.29526243       1.0046827      0.24552037     -0.35244241       6.7763305        6.7763305      0.24721598                                     0.24721598
             15       6.9539858      0.76341911      -30.015121       11.259365      0.28596853      0.99991535     0.073740268      0.99952984       6.7763305        6.7763305      0.35531069                                     0.35531069
              8       7.0066488      0.75965039       -30.06446       10.998451      0.27820199       1.0007759     0.072787609      0.35134379       6.7763305        6.7763305      0.46063666                                     0.46063666
              1        7.128756      0.92102272      -30.426758       8.6112984      0.26308191      0.99695124      0.11134658     -0.58526021       6.7763305        6.7763305      0.70485109                                     0.70485109
              8       7.7053134      0.66644499      -30.435842       9.6413275      0.21387121       1.0003986      0.05519064      0.97103735       6.7763305        6.7763305       1.8579659                                      1.8579659
              1       7.8570032      0.67994768       -30.43867       9.0395029      0.20380576      0.99659409     0.057738391     -0.96954801       6.7763305        6.7763305       2.1613455                                      2.1613455
              1       8.9583658       1.6136327      -32.832599       30.364002      0.14563063     0.089332801      0.32531076     -0.92034429       6.7763305        6.7763305       4.3640706                                      4.3640706
              2       7.9624544       1.5656809       -32.80707       36.622618      0.19722023      0.10337624       0.3421255     -0.90512043       6.7763305        6.7763305       2.3722478                                      2.3722478
              8       7.6852962       1.5030483      -32.787283        36.71763      0.21525915      0.11722924      0.34379273     -0.88910386       6.7763305        6.7763305       1.8179314                                      1.8179314
             11       7.1539016      0.83941647      -32.502805        18.62809      0.26031501      0.50035162        0.212512     -0.29439798       6.7763305        6.7763305      0.75514224                                     0.75514224
              2        7.001387      0.85421785      -32.495892       19.151599      0.27893497      0.51244963      0.22051044      -0.2700786       6.7763305        6.7763305      0.45011301                                     0.45011301
              1       9.9329341       1.2544537      -32.753715       16.513089      0.10581469      0.15352705      0.27817168     -0.84224822       6.7763305        6.7763305       6.3132073                                      6.3132073
              8       10.561327       2.5536751      -32.444237       4.2788409     0.083371966      0.22932435        3.181678     -0.81174056       6.7763305        6.7763305       7.5699932                                      7.5699932
              2       7.0210046        2.440028      -32.371259       8.5044601      0.27624378      0.40010396         3.39072     -0.53217783       6.7763305        6.7763305       0.4893482                                      0.4893482
             24       7.4875359       2.4343899      -32.383909       7.5307501      0.22989103       0.3768908       3.2950531       -0.575617       6.7763305        6.7763305       1.4224108                                      1.4224108
             14       8.2859961       1.7005399      -32.811933        33.98259       0.1786635     0.092921125      0.38708775     -0.91890545       6.7763305        6.7763305       3.0193312                                      3.0193312
              8       7.8862316      0.67796794      -32.377949       27.128646      0.48205061      0.78772978      0.10350137      0.43667759       6.7763305        6.7763305       2.2198022                                      2.2198022
              6       6.8784207      0.67848281      -32.520344       27.668591      0.29952484      0.47954443      0.13544139     -0.33365114       6.7763305        6.7763305      0.20418056                                     0.20418056
             35       6.9916828       0.5987487      -30.280171       20.299598      0.40369041      0.99824771     0.043979334    -0.082354006       6.7763305        6.7763305      0.43070465                                     0.43070465
             22       6.7799334      0.48394397      -30.405913       20.809062      0.33402062      0.99689086     0.028474937     -0.95684229       6.7763305        6.7763305    0.0072057995                                   0.0072057995
             19       6.8693988      0.44450465      -30.359016       20.375596      0.30144506       1.0003303     0.023910866      0.96982138       6.7763305        6.7763305      0.18613663                                     0.18613663
              1       8.9907126      0.41095873      -30.085429       10.558708      0.14418048      0.99866397     0.020392177     -0.48509393       6.7763305        6.7763305       4.4287642                                      4.4287642
              5       7.5196666      0.94055547      -31.760239       6.7859451      0.22738658       1.0707596      0.12714509     -0.68871116       6.7763305        6.7763305       1.4866723                                      1.4866723
              1       6.8589723      0.93747467       -32.14141       10.333916      0.38021579       1.1795805      0.11972199     -0.97956846       6.7763305        6.7763305      0.16528365                                     0.16528365
              2       7.9919955       1.1170761      -32.214445       11.749702      0.48857159       1.1187692      0.12687095      0.17046044       6.7763305        6.7763305         2.43133                                        2.43133
             41       6.8691144       1.0391858      -30.309048       11.050622      0.38249293       1.0010722       0.1446931      0.65814119       6.7763305        6.7763305      0.18556783                                     0.18556783
             16       6.8326539         1.01846      -30.296286        11.04143      0.37354914      0.99839029      0.13812752      0.21691169       6.7763305        6.7763305      0.11264691                                     0.11264691
              5       7.3500136        1.331119      -30.292021       9.9783606      0.44268828       1.0017143      0.25907512      0.14369812       6.7763305        6.7763305       1.1473663                                      1.1473663
              2       7.3087477      0.25314869       -30.96921       29.415559      0.24500063      0.98886346    0.0076878965     -0.91474014       6.7763305        6.7763305       1.0648344                                      1.0648344
              5       6.9071012      0.39608544      -31.189451       21.901277      0.29392734       1.0183653     0.019203192     -0.85124073       6.7763305        6.7763305      0.26154155                                     0.26154155
             11       6.8460644      0.34739924      -31.358599        26.13524      0.30689532       1.0159137     0.013807855      0.31760522       6.7763305        6.7763305      0.13946792                                     0.13946792
              1       7.5297215      0.53628616      -31.276761       25.456326      0.45738599       1.0069605     0.034323542      0.81755024       6.7763305        6.7763305       1.5067821                                      1.5067821
             10        7.477846      0.51660243      -31.268288       25.879287      0.45334263       1.0191538     0.031391599     -0.45744488       6.7763305        6.7763305        1.403031                                       1.403031
              6       7.3960278      0.51441967      -31.277048       25.927027      0.44664842       1.0065084     0.031538854      0.84047648       6.7763305        6.7763305       1.2393946                                      1.2393946
             23       8.9301911        1.033296      -32.896933        48.79156      0.14690252     0.087575317      0.11150593     -0.91170677       6.7763305        6.7763305       4.3077213                                      4.3077213
             16       9.2385835       1.0732138      -32.922722       48.623294      0.13340245     0.076834295      0.10781864     -0.92365963       6.7763305        6.7763305       4.9245061                                      4.9245061
              1       8.9391572      0.15529194      -31.670352        30.06181      0.14649687      0.94316182     0.002858631     -0.99925127       6.7763305        6.7763305       4.3256534                                      4.3256534
              9       8.1540422      0.76409118      -31.368865       19.665622        0.498035      0.99615955     0.074853639      0.96617503       6.7763305        6.7763305       2.7554235                                      2.7554235
              1       6.7845566      0.83694811      -31.602762       12.339834      0.35405701       1.0303559     0.082846527      0.21978283       6.7763305        6.7763305     0.016452174                                    0.016452174
             12       8.0173785       1.3314244      -31.657077       11.785101      0.49009389      0.93875304      0.27049534     -0.91602307       6.7763305        6.7763305        2.482096                                       2.482096
              5       7.9208348      0.28817011      -31.167208       51.237169      0.48421702      0.98566173    0.0096132416     -0.32171314       6.7763305        6.7763305       2.2890087                                      2.2890087
              8       7.0906711      0.15759287      -31.122233        50.66109      0.26746794       1.0068912    0.0030080779      0.64098372       6.7763305        6.7763305      0.62868132                                     0.62868132
              4        6.777036      0.19951337      -31.084156       50.370118       0.3384689       1.0122684    0.0046131106     -0.41712161       6.7763305        6.7763305    0.0014111219                                   0.0014111219
             30       6.9734989      0.16632005      -31.182378       50.601229      0.28297153       1.0105527    0.0033810891      0.36760832       6.7763305        6.7763305      0.39433688                                     0.39433688
              3       6.8952466      0.87427899      -32.643639         47.5477      0.38784197      0.28041236       0.1904449     -0.66802233       6.7763305        6.7763305       0.2378323                                      0.2378323
              2       7.9764292      0.82323854      -32.798286       49.451831      0.19636984       0.1449735      0.10493329     -0.84362895       6.7763305        6.7763305       2.4001975                                      2.4001975
              8       9.4669104     0.069292051      -31.300744       55.096545      0.12394513      0.97576128   0.00057090793     -0.98828213       6.7763305        6.7763305       5.3811598                                      5.3811598
              1       7.2566706      0.13381165      -31.565116       54.203606      0.24986656       1.0353994    0.0022966326     -0.16361867       6.7763305        6.7763305      0.96068034                                     0.96068034
              4       6.9059023      0.30474476      -30.862432         29.1283      0.29414821      0.99594816     0.011231527      0.58911211       6.7763305        6.7763305      0.25914368                                     0.25914368
              6       8.9137548       1.0947144      -30.777645        4.051618      0.14764835       1.0005094      0.16322599      0.99141474       6.7763305        6.7763305       4.2748486                                      4.2748486
              5       6.9173582       2.1650439      -31.520347       4.1004976      0.29207764      0.98881933       1.0395889      0.91750182       6.7763305        6.7763305      0.28205543                                     0.28205543
              7       7.3399958       1.9304895      -32.501608       11.263704      0.24219472      0.33476336        1.410752     -0.62272023       6.7763305        6.7763305       1.1273307                                      1.1273307
              8       6.8252859         1.57273      -32.074227       5.1437642      0.31258673       1.1613342      0.51872836     -0.40990344       6.7763305        6.7763305     0.097910844                                    0.097910844
              1        7.319541      0.37821235      -31.261703       18.967946      0.24402237       1.0223404      0.01720347     -0.99891039       6.7763305        6.7763305       1.0864211                                      1.0864211
              9       7.0027054      0.54037398      -31.255799       22.099329      0.40524949       1.0199312      0.03686655     -0.55733745       6.7763305        6.7763305      0.45274994                                     0.45274994
              8        7.082423      0.66069327      -30.915034       18.713855      0.41554772       1.0101356     0.054552893      -0.9545825       6.7763305        6.7763305      0.61218498                                     0.61218498
              2       7.4112724      0.70978345      -30.108342       18.948692      0.44792777       1.0009786      0.06331014      0.18985039       6.7763305        6.7763305       1.2698838                                      1.2698838
              5       6.7770156       0.5642277      -30.129955       18.388684      0.34547951       1.0007812     0.039127111      0.51525634       6.7763305        6.7763305    0.0013701878                                   0.0013701878
              5        6.983731      0.36165975      -30.330141        23.43871      0.28145925      0.99793796     0.015616556     -0.23182342       6.7763305        6.7763305      0.41480108                                     0.41480108
              4       7.7065368      0.43578302      -30.283841        14.71441      0.21378687       1.0020509       0.0228542     -0.55022642       6.7763305        6.7763305       1.8604127                                      1.8604127
              8       7.8408438      0.41614504      -30.289088       14.797959      0.20484286      0.99976101     0.020856243      0.98304005       6.7763305        6.7763305       2.1290267                                      2.1290267
             11       7.0684432      0.35936684      -30.633558       22.641215      0.27015144      0.99791019     0.015590683      0.68683392       6.7763305        6.7763305      0.58422543                                     0.58422543
             18       6.8064521      0.59036181      -30.435751       18.574493      0.36507182       1.0006103     0.042789589      0.93232674       6.7763305        6.7763305     0.060243182                                    0.060243182
             30       6.7906909      0.67313706      -30.432499       14.514371      0.32606958       1.0030682     0.056692292     -0.66089282       6.7763305        6.7763305     0.028720933                                    0.028720933
              7       9.3758953      0.14060243      -31.355271       26.740469      0.12766496       1.0205441    0.0022319318     -0.17029645       6.7763305        6.7763305       5.1991297                                      5.1991297
             25       9.3108313     0.083429449      -31.003922           47.26      0.13036423      0.99372739   0.00083882736      0.48468892       6.7763305        6.7763305       5.0690017                                      5.0690017
              1       8.6308026      0.10076929      -31.025839       47.654815      0.16096898        1.007463    0.0012272723      0.34219359       6.7763305        6.7763305       3.7089443                                      3.7089443
              6       6.7855759      0.37018375      -30.083548       26.692394      0.32921776       1.0013832     0.016426421     -0.87730413       6.7763305        6.7763305     0.018490914                                    0.018490914
              1       7.6803312      0.22796375      -30.082748       28.397327      0.21560577       1.0010114    0.0061919496    -0.042061279       6.7763305        6.7763305       1.8080015                                      1.8080015
              4       7.5733333      0.23388618      -30.093691       28.657266       0.2233213       1.0014119    0.0064945519     -0.87780461       6.7763305        6.7763305       1.5940056                                      1.5940056
              1       7.4682666       1.8537653      -32.755193        34.63785      0.23142018       0.1083222      0.56290164     -0.90819168       6.7763305        6.7763305       1.3838724                                      1.3838724
              5       8.9696454       1.9892203      -32.814147       29.844411      0.14512374     0.073470748      0.49388505      -0.9440089       6.7763305        6.7763305       4.3866299                                      4.3866299
              1       7.4479563        1.350196      -32.776447        39.02534      0.23305519      0.13293434      0.29415062     -0.86812902       6.7763305        6.7763305       1.3432516                                      1.3432516
             10       7.9853131       1.2149711      -32.586688       37.203555      0.48816819      0.32459439      0.42597844     -0.61117561       6.7763305        6.7763305       2.4179652                                      2.4179652
              1       10.176409      0.64779686      -31.832204       26.856515      0.58712482        1.014294     0.049599749      0.93982063       6.7763305        6.7763305       6.8001561                                      6.8001561
             16       7.0708803      0.17131234      -31.184084       46.734638      0.26985234       1.0130259    0.0035964886     0.046493901       6.7763305        6.7763305      0.58909971                                     0.58909971
              8       13.313685       2.7001802      -33.551323       28.079981    0.0021057003    0.0008346971     0.024157148     -0.99973625       6.7763305        6.7763305        13.07471                                       13.07471
              1        13.35464       2.5409836      -33.779225       30.053451    0.0010426972   0.00041037783    0.0081069959     -0.99983213       6.7763305        6.7763305       13.156619                                      13.156619
              9       12.006476       2.7726162       -32.92942       33.361462     0.037981681      0.01234131      0.42791557     -0.99638359       6.7763305        6.7763305       10.460292                                      10.460292
             10       12.860965       2.7484987      -33.159326       34.182196     0.014085899    0.0045062054      0.14819825     -0.99868054       6.7763305        6.7763305       12.169269                                      12.169269
              3       12.214831       2.5200134       -33.14604       48.056449     0.031985199    0.0079380976      0.14803755     -0.99655872       6.7763305        6.7763305       10.877001                                      10.877001
              2       12.692642       2.2866729      -33.298367       43.849639     0.018653358    0.0055912494     0.067091736     -0.99693148       6.7763305        6.7763305       11.832622                                      11.832622
              3       12.236037       2.2859128      -33.174278       41.520471     0.031381365     0.009937378      0.11836287      -0.9944793       6.7763305        6.7763305       10.919413                                      10.919413
             13       11.526422        2.225926      -33.063042       39.321572     0.052269737     0.017948602      0.19065747     -0.98932699       6.7763305        6.7763305       9.5001839                                      9.5001839
              3       12.068625       2.2517777      -32.981357       18.980377      0.03618071     0.025443019      0.27957518     -0.98489046       6.7763305        6.7763305        10.58459                                       10.58459
              2       13.383477       2.4409572      -33.820274       9.0417776   0.00029619083   0.00040334764    0.0064877564     -0.99981304       6.7763305        6.7763305       13.214293                                      13.214293
              1       13.271378       1.7543874      -33.540088       17.668318    0.0032073216    0.0031098806     0.015752132     -0.99763562       6.7763305        6.7763305       12.990095                                      12.990095
              9       11.812942       1.6987439      -32.825188       8.8270126     0.043659602     0.087510472      0.36601032     -0.92409685       6.7763305        6.7763305       10.073222                                      10.073222
              3       10.789947        1.432472      -32.945355       26.874887     0.075675693     0.059080684      0.16546687     -0.94642194       6.7763305        6.7763305       8.0272336                                      8.0272336
              3       10.254911       1.6378406      -32.930583       30.807057     0.094061565     0.056028922      0.22110474     -0.95231503       6.7763305        6.7763305       6.9571602                                      6.9571602
              3       9.2512824      0.60948447      -32.731428       32.247941      0.13286523      0.20317423     0.072415253     -0.76834299       6.7763305        6.7763305       4.9499039                                      4.9499039
              7       7.6280524      0.51994373      -32.592752       34.442546      0.21931491      0.36807683     0.073399068     -0.52858546       6.7763305        6.7763305        1.703444                                       1.703444
              1       13.339628       2.5405406      -33.713812       30.512972    0.0014319523   0.00055518764     0.010954437     -0.99977261       6.7763305        6.7763305       13.126595                                      13.126595
              1       13.383597       1.8404351      -34.301621       54.938505   0.00029309276   8.7122366e-05   0.00050750204     -0.99993666       6.7763305        6.7763305       13.214533                                      13.214533
              3       13.392568       1.8732158      -34.630228       52.603556    6.119791e-05   1.8666186e-05   0.00011452669     -0.99998665       6.7763305        6.7763305       13.232474                                      13.232474
              5       13.392164       1.2610507      -34.340096       16.220468   7.1620348e-05   0.00010523553   0.00023334703     -0.99990564       6.7763305        6.7763305       13.231668                                      13.231668
              2         13.3835       1.0816332       -34.00503       15.439279   0.00029559595   0.00053200212   0.00083205879     -0.99950252       6.7763305        6.7763305       13.214339                                      13.214339
              3       13.377325       1.7322187      -34.121497       36.359973   0.00045530521   0.00021726924    0.0010660705     -0.99983386       6.7763305        6.7763305       13.201989                                      13.201989
              2       13.202045       2.2707391      -33.507391        30.55042    0.0050204435    0.0021751017     0.025502304     -0.99880069       6.7763305        6.7763305       12.851428                                      12.851428
              1       11.163815       2.4763745      -32.623765       7.5052089     0.063547791      0.10276453       1.5079712     -0.93652132       6.7763305        6.7763305       8.7749698                                      8.7749698
             16       11.877485         2.98672      -32.533032       11.895848     0.041754093     0.035320842       2.7245542     -0.99284536       6.7763305        6.7763305       10.202309                                      10.202309
              3       8.3262306        2.022316      -32.507262       8.6033075      0.17650125      0.30489846       1.5522294     -0.67393078       6.7763305        6.7763305       3.0998002                                      3.0998002
              5       7.0393917       1.6498342      -32.343235       9.9813025      0.41018224      0.74863692      0.84672676      0.33749214       6.7763305        6.7763305      0.52612247                                     0.52612247
             30       7.1095987       1.2000067      -32.535324       16.416721      0.26525682       0.4046862      0.45155889      -0.4794538       6.7763305        6.7763305      0.66653646                                     0.66653646
              3       7.1417883      0.50648696      -32.118485       21.518019      0.42236399       1.1647648     0.038243791     -0.69525933       6.7763305        6.7763305       0.7309157                                      0.7309157
              3       6.8240996      0.60361428      -30.447827       15.591832      0.31294529      0.99938697     0.045004717      0.93965462       6.7763305        6.7763305     0.095538291                                    0.095538291
             15       8.7387925      0.21087162      -30.348533       22.240075      0.15577264      0.99829456    0.0052550396      0.21944847       6.7763305        6.7763305        3.924924                                       3.924924
              1       6.8457327      0.46348531      -30.182241       24.471589      0.37702108        0.999055     0.025944964      0.52060346       6.7763305        6.7763305      0.13880448                                     0.13880448
              6       6.9016019      0.48203614      -30.207969       24.288351        0.389051      0.99873624     0.028104434      0.22147643       6.7763305        6.7763305      0.25054282                                     0.25054282
              5       6.8656683      0.46936667      -30.204293       24.403961      0.38173385       1.0016362     0.026616674     -0.43968604       6.7763305        6.7763305      0.17867573                                     0.17867573
              3       7.3433198        0.639046      -30.862875       20.900812      0.44209913      0.99482409     0.051356647      0.35639556       6.7763305        6.7763305       1.1339786                                      1.1339786
             46       6.7930867      0.46144937      -30.710117        21.16849      0.32479199      0.99934004     0.025843174      0.97826545       6.7763305        6.7763305     0.033512395                                    0.033512395
             19       6.7862893       1.2836902      -31.328858       8.1669097      0.35526621       1.0184925      0.24931696      0.20093423       6.7763305        6.7763305     0.019917656                                    0.019917656
              2       6.8340967       1.1328903      -31.317911       8.2580445      0.31004933      0.99606485      0.17475566      0.95771681       6.7763305        6.7763305      0.11553254                                     0.11553254
             22       6.8643082         2.20612      -31.474606       5.3892619      0.38143022      0.96422542       1.2236882     0.080711859       6.7763305        6.7763305      0.17595542                                     0.17595542
              6       7.4038793      0.42946622      -31.778042       15.426705      0.23669073       1.0737445     0.022477093     -0.99347726       6.7763305        6.7763305       1.2550977                                      1.2550977
              1       7.5983091      0.38261575      -31.788556       16.237205      0.22147611       1.0714568     0.016613751     -0.91496034       6.7763305        6.7763305       1.6439574                                      1.6439574
              2       7.4891428      0.42561915      -30.803023       32.017376      0.45423555       1.0018349     0.021716622      0.88794522       6.7763305        6.7763305       1.4256247                                      1.4256247
              1       6.7987174       1.9460023      -31.398509       5.7135372      0.36189024      0.97825117      0.70667017      0.34985417       6.7763305        6.7763305     0.044773846                                    0.044773846
              4       6.8094478       2.3790645      -30.495393        4.641175      0.36619192      0.99677355       1.5558674      0.37906859       6.7763305        6.7763305     0.066234629                                    0.066234629
              7       6.9850031       2.3514214      -30.558829       5.1199487      0.40272612       1.0053925       1.4823699     -0.33061282       6.7763305        6.7763305      0.41734518                                     0.41734518
              7       7.5535865       2.7138265      -32.307055       13.727037      0.45919927      0.37047954       5.5559145     -0.60009908       6.7763305        6.7763305       1.5545121                                      1.5545121
              5       6.8581577       2.5249184      -32.242312       5.1034776      0.30397302      0.70899534       3.6737034      0.26023788       6.7763305        6.7763305      0.16365453                                     0.16365453
             45       6.7804405       1.8630554      -32.732691       45.037473      0.33347751       0.1194507      0.62068423     -0.89748034       6.7763305        6.7763305    0.0082200955                                   0.0082200955
              6       6.7817632       1.9353076      -32.717934       42.691347      0.33220163      0.12084642      0.70155753     -0.89859647       6.7763305        6.7763305     0.010865553                                    0.010865553
             21       6.8342931       2.5437854       -32.57665       31.461797      0.30999508      0.11641601       1.9047817     -0.92863996       6.7763305        6.7763305      0.11592522                                     0.11592522
             16       7.5046971       1.6858488      -32.771126       35.973601       0.2285465      0.11326454      0.44909938     -0.89821416       6.7763305        6.7763305       1.4567333                                      1.4567333
             29       6.9785766       2.2645298      -32.676366       50.181489      0.40178372      0.10626559       1.0660421     -0.92468563       6.7763305        6.7763305       0.4044922                                      0.4044922
              6       6.8608321      0.56107674      -30.393132       20.388823      0.38064341       1.0000594      0.03856863      0.99890936       6.7763305        6.7763305      0.16900332                                     0.16900332
             10       6.8634224      0.59130875      -30.391056       19.320993      0.38123122       1.0029207     0.042907653      -0.8606159       6.7763305        6.7763305      0.17418387                                     0.17418387
              4       6.7798042       2.9578281      -32.295425       20.205323      0.34983503      0.17593266       7.6488519     -0.90013446       6.7763305        6.7763305    0.0069474542                                   0.0069474542
             11       6.8586197       2.9361306       -32.33712       20.813191      0.30386582      0.14944786       6.3669652     -0.92386453       6.7763305        6.7763305       0.1645785                                      0.1645785
              4        6.934494      0.54048725      -31.631797       22.390268      0.39486839      0.98068498     0.038027626      0.74891804       6.7763305        6.7763305      0.31632714                                     0.31632714
             13       6.9665707       1.9864423      -32.654381       27.510517      0.28401789      0.15620427      0.93622576     -0.86408557       6.7763305        6.7763305      0.38048048                                     0.38048048
             14       9.0217148       2.9404693      -32.378766       49.182609      0.54119948      0.11247372       5.3563534     -0.95313645       6.7763305        6.7763305       4.4907687                                      4.4907687
             10       6.8029065        1.660124       -32.31868       8.0965206      0.36367146      0.81319029      0.77137565      0.54172633       6.7763305        6.7763305     0.053152148                                    0.053152148
              8       6.9085676      0.40864877       -30.50156       21.653661      0.29365856       0.9974314     0.019976517       0.1248096       6.7763305        6.7763305      0.26447432                                     0.26447432
             12       7.2819487      0.31202672      -30.340558       23.829416      0.24747336       1.0003343     0.011645591      0.96568321       6.7763305        6.7763305       1.0112366                                      1.0112366
             59        6.973717      0.38913361      -30.278657       21.898542      0.28293888       0.9979312     0.018266961     -0.54906528       6.7763305        6.7763305      0.39477317                                     0.39477317
             22       7.2008972      0.41054676      -30.260067       18.654784      0.25538047       1.0022054     0.020301864     -0.99979982       6.7763305        6.7763305      0.84913348                                     0.84913348
              8       6.7856764       0.8571403      -31.309612       11.767592      0.32914851      0.98078607     0.090696142     -0.15520846       6.7763305        6.7763305     0.018691809                                    0.018691809
              4       6.7831065       1.7828948      -31.544394        5.436272      0.33105716       1.0265923      0.60755951      0.51531337       6.7763305        6.7763305      0.01355203                                     0.01355203
              8       6.7970516      0.28139957      -32.331473       42.192062      0.36113594      0.91419416     0.012560347      0.83786905       6.7763305        6.7763305     0.041442317                                    0.041442317
             10       6.7763939      0.36694979       -31.92203       31.135713      0.34094137      0.89688374     0.016733136     -0.96939457       6.7763305        6.7763305   0.00012683235                                  0.00012683235
              4       6.9313365      0.59359396      -31.782199       13.657004        0.289662       1.0739116     0.042384098     -0.99015405       6.7763305        6.7763305      0.31001199                                     0.31001199
             13       7.0178752      0.53561835      -30.288182       22.896103      0.40733435      0.99828818     0.034894976    -0.004089472       6.7763305        6.7763305      0.48308937                                     0.48308937
              7       6.8366799      0.26966336      -31.499348       43.255448      0.37465723      0.96536883    0.0091829864     -0.53125048       6.7763305        6.7763305      0.12069882                                     0.12069882
              6       6.8087837      0.23380132      -31.525931        42.09849      0.31805186      0.97119487    0.0060548186    -0.068610797       6.7763305        6.7763305     0.064906438                                    0.064906438
              8        6.787986      0.30529585      -31.376842       35.649469      0.35635186       0.9840722     0.011670023      0.42569456       6.7763305        6.7763305     0.023310988                                    0.023310988
             28       6.8141063       2.2170581      -32.573384       23.141139      0.31616252      0.18521258       1.5343094     -0.84343253       6.7763305        6.7763305     0.075551753                                    0.075551753
              4       8.3703297       2.2045001      -32.433042       18.567998      0.50983669      0.37434996       2.2579982      -0.5691196       6.7763305        6.7763305       3.1879985                                      3.1879985
              3       7.4410565       2.1741684      -32.576893       16.963671      0.23361625      0.19037588       1.4609905     -0.83521976       6.7763305        6.7763305        1.329452                                       1.329452
              7       7.0703399       2.0055334      -32.619116       22.268193      0.26991855      0.18165183        1.082559     -0.83668531       6.7763305        6.7763305      0.58801894                                     0.58801894
              4       7.0785903       1.9102644      -32.511744       20.169453      0.41508581      0.32379653       1.3462789     -0.63916644       6.7763305        6.7763305      0.60451969                                     0.60451969
              9       7.0991475       1.8880159      -32.511463       20.199191      0.41753027      0.32905633       1.3109913     -0.62982056       6.7763305        6.7763305      0.64563403                                     0.64563403
             18       6.7843246      0.64757265      -32.462972       27.578391      0.35388584      0.59556294      0.11949215    -0.088092806       6.7763305        6.7763305     0.015988365                                    0.015988365
              2       8.3149157       1.0191304      -32.863388       51.019871      0.17710646      0.10237342       0.1241156     -0.89540655       6.7763305        6.7763305       3.0771706                                      3.0771706
              3       11.213358       1.0651869      -33.104588       51.988122     0.061980076     0.033639076     0.048918594     -0.96762629       6.7763305        6.7763305       8.8740559                                      8.8740559
             17       7.1432709       1.1881959      -32.715839       35.453641      0.26147317       0.1865521      0.28532836     -0.80090192       6.7763305        6.7763305      0.73388085                                     0.73388085
             12       6.8927552      0.34126733      -31.081418       33.635357       0.3873592         1.01425     0.013782151     -0.89606449       6.7763305        6.7763305      0.23284938                                     0.23284938
              3       6.8150859      0.30025485      -31.064403       31.775261      0.31582967      0.99493722     0.010582325      0.73912723       6.7763305        6.7763305     0.077510866                                    0.077510866
              6       9.3721974      0.15539141      -31.351408        24.13436      0.12781746       1.0243521    0.0027574939     -0.65484366       6.7763305        6.7763305       5.1917338                                      5.1917338
              4       9.5631904      0.16099054      -31.379255       22.858682      0.12007797      0.98069438    0.0032347018      0.16291084       6.7763305        6.7763305       5.5737199                                      5.5737199
              1       7.4476325      0.73501625      -31.404112       18.873753      0.45091854      0.97693303     0.064466811     -0.11468973       6.7763305        6.7763305        1.342604                                       1.342604
              9       7.6945338      0.24529977      -31.376625       26.708485      0.21461676       0.9845531    0.0074988391      0.45677652       6.7763305        6.7763305       1.8364066                                      1.8364066
             20       6.9146713      0.71939354      -30.965675       12.330871      0.29255549       0.9912196     0.066271729     -0.13332425       6.7763305        6.7763305      0.27668168                                     0.27668168
              1       6.7767045      0.81702456      -30.752719        12.45422      0.33942888         1.00258     0.084617181      0.73594848       6.7763305        6.7763305    0.0007481532                                   0.0007481532
             17       6.7832263      0.81173399      -30.730087       13.042953      0.35303916       1.0022017     0.083530093      0.78649133       6.7763305        6.7763305     0.013791659                                    0.013791659
             20        6.911229      0.74528995      -30.766415       15.749871      0.39082547       1.0006968     0.070211767      0.98178965       6.7763305        6.7763305      0.26979707                                     0.26979707
              3       7.1721355      0.25315836      -31.078774       30.234122      0.25836588       1.0145359    0.0076695786     -0.97486276       6.7763305        6.7763305      0.79161002                                     0.79161002
             36       6.7852789      0.42319277      -30.619665       23.514895      0.32942477      0.99493992     0.021550866     -0.96794369       6.7763305        6.7763305     0.017896846                                    0.017896846
              5       6.8978724      0.54661275      -31.035207       21.094636      0.38834532        1.012251     0.035944047     -0.70551239       6.7763305        6.7763305      0.24308385                                     0.24308385
              7       6.9088747      0.54272612      -31.040133        21.48782      0.39039754       1.0061342     0.035327525      0.58069223       6.7763305        6.7763305      0.26508851                                     0.26508851
             20       6.8459722       0.5405337      -31.019039       21.053978      0.37708146      0.99586427     0.035223059      0.79113846       6.7763305        6.7763305      0.13928351                                     0.13928351
              1        7.018399      0.55396465      -30.836706       15.128453      0.27659483      0.99194908     0.037914999     -0.78821338       6.7763305        6.7763305      0.48413715                                     0.48413715
              5       7.0176721      0.75231144      -31.650804       11.628699      0.27669311      0.95058611     0.078185056     -0.41861633       6.7763305        6.7763305      0.48268329                                     0.48268329
              2       7.1925602      0.67718043       -31.55271       11.156295      0.25623514       1.0193802     0.060740791      0.64241791       6.7763305        6.7763305      0.83245939                                     0.83245939
              8       8.5952967      0.74906806      -31.510387       6.8024647      0.16271037      0.95973109     0.070038793     -0.99062669       6.7763305        6.7763305       3.6379324                                      3.6379324
              1       7.8445958      0.91289369      -31.117608        15.77829      0.47939863       1.0003191      0.10880286      0.99926882       6.7763305        6.7763305       2.1365306                                      2.1365306
              5       6.7819011       1.3000809      -31.000539       7.7046715       0.3320781      0.99640899      0.24829594        0.859284       6.7763305        6.7763305     0.011141261                                    0.011141261
             27       6.7907765       1.2944695      -30.988139       8.2046645      0.35797783       1.0130372      0.24389108     -0.98270966       6.7763305        6.7763305     0.028892143                                    0.028892143
              9       7.6158077       1.8005053      -32.729135       28.895414      0.22019999      0.12720842      0.59336767      -0.8874684       6.7763305        6.7763305       1.6789545                                      1.6789545
             16       7.5742116       1.9893849      -32.653362       21.542734      0.22325593      0.15656882      0.94225247      -0.8638211       6.7763305        6.7763305       1.5957622                                      1.5957622
             10       7.9359717       1.4621766      -31.545112       4.0157237      0.19884561       1.0178277      0.34735892      0.74454323       6.7763305        6.7763305       2.3192824                                      2.3192824
              9        7.068354      0.89087882      -31.589984       8.7248741       0.2701624       1.0446457     0.097247058     -0.72762499       6.7763305        6.7763305      0.58404712                                     0.58404712
              3       7.4291712      0.25473374      -31.960249       30.233075      0.23458956      0.91550727    0.0064860543     -0.37869972       6.7763305        6.7763305       1.3056815                                      1.3056815
              6        7.020474       2.5626872      -32.582461       29.663255      0.27631512      0.10924766       1.8786543     -0.93537095       6.7763305        6.7763305      0.48828701                                     0.48828701
              3       7.0995837      0.91116502      -30.046707       13.789062      0.41758128      0.99892106      0.10849003    -0.043006466       6.7763305        6.7763305      0.64650639                                     0.64650639
             52       7.5330933        2.731182      -31.346421       5.1544153      0.45764391      0.97705619       3.2882099      0.61073856       6.7763305        6.7763305       1.5135258                                      1.5135258
             15       6.8286311        2.801438      -31.341243       4.0710427      0.37240158      0.98140158        3.887339      0.76685272       6.7763305        6.7763305       0.1046012                                      0.1046012
              6       6.8551989       2.7988518      -31.346113       4.2169434      0.37933314      0.96597309       3.9256424      0.24613647       6.7763305        6.7763305      0.15773694                                     0.15773694
             54       7.5195761       2.7050606      -30.945606       5.0081844      0.45660644       1.0129934       2.9136454      0.12446695       6.7763305        6.7763305       1.4864913                                      1.4864913
             67       6.8925329       2.7418179      -30.832645        4.295943      0.38731588      0.98830297       3.1890678      -0.1204013       6.7763305        6.7763305      0.23240487                                     0.23240487
             26       7.0048672       2.7923247      -30.824188       4.4039707      0.40555078      0.99118975       3.7176835      0.41200816       6.7763305        6.7763305      0.45707348                                     0.45707348
             29       7.0197191       0.3370135      -30.390961       24.578981      0.27641674       1.0029403     0.013569253      -0.9382636       6.7763305        6.7763305      0.48677724                                     0.48677724
              7        7.129041      0.20967469      -30.708532       37.617908      0.26305002       1.0023505    0.0051794177      0.71074693       6.7763305        6.7763305        0.705421                                       0.705421
              5        7.054865      0.21227706      -30.698794       38.530029      0.27184117      0.99892927    0.0053307678      0.93798929       6.7763305        6.7763305      0.55706899                                     0.55706899
              1       6.8798083       0.2512605      -30.663614       35.605357      0.29923716       1.0053051     0.007558939     -0.78107045       6.7763305        6.7763305      0.20695567                                     0.20695567
             34        6.791329      0.24099189      -31.814675       38.824354      0.32571954       1.0463068    0.0060599194      0.22442052       6.7763305        6.7763305     0.029996989                                    0.029996989
              6       6.7990482      0.24480137      -31.835422       39.064283      0.32196335       1.0118931    0.0068361495      0.95746792       6.7763305        6.7763305     0.045435423                                    0.045435423
             13       6.7837225      0.27610575      -31.516744       37.380852      0.33057053      0.96263446     0.008716149     -0.81730741       6.7763305        6.7763305     0.014784146                                    0.014784146
              5       7.3068121      0.20094944      -31.292639       37.379093      0.24517711      0.98103903    0.0049974886     -0.21341631       6.7763305        6.7763305       1.0609633                                      1.0609633
              3       9.3005404      0.41845531      -32.126797       33.996367      0.55320568       1.1687643     0.024973065     -0.78964451       6.7763305        6.7763305         5.04842                                        5.04842
             14       9.0836696       0.6098323       -31.01913       6.9300995      0.14007106      0.99614012     0.045296983      0.82001154       6.7763305        6.7763305       4.6146782                                      4.6146782
              2       8.2511102      0.26270783      -32.246087       18.961075      0.18056175        1.089461    0.0061750876      0.53705421       6.7763305        6.7763305       2.9495595                                      2.9495595
              1        7.330348      0.37318648      -31.797064       18.361859      0.24305255       1.0660548      0.01509324     -0.64772001       6.7763305        6.7763305        1.108035                                       1.108035
             16       7.2923201      0.42666251      -31.782215       16.176346      0.24650881       1.0734688     0.021579652     -0.99535314       6.7763305        6.7763305       1.0319792                                      1.0319792
             28       7.0108438      0.61925086      -31.910256       14.989783      0.27762361      0.89891023     0.052080695     -0.82797746       6.7763305        6.7763305      0.46902671                                     0.46902671
             17        7.540427      0.54404424      -31.733751       12.106126       0.2257971       1.0303882     0.039808657      0.62386715       6.7763305        6.7763305       1.5281931                                      1.5281931
             10       8.5034841      0.45030421       -31.59168       10.700207      0.16729379       1.0435267     0.023179979      -0.7465879       6.7763305        6.7763305       3.4543073                                      3.4543073
             17       7.2453329      0.73336688      -31.138186       10.155829      0.25096039       1.0127223     0.065732736     -0.12667643       6.7763305        6.7763305      0.93800492                                     0.93800492
             12       6.9795797      0.84201105      -31.151951       10.184804       0.2820682      0.98856577     0.093875733      0.21164985       6.7763305        6.7763305      0.40649853                                     0.40649853
              9       7.0551107      0.86528124      -31.090736       9.4313576      0.27181022        1.001051     0.096296546      0.99090251       6.7763305        6.7763305      0.55756056                                     0.55756056
              5        6.891414      0.95350155      -31.188995       9.1802178      0.29690282       1.0194404      0.12134893     -0.90625156       6.7763305        6.7763305      0.23016705                                     0.23016705
              2       6.7807218       0.8993529      -31.030897       10.985935      0.33319072       1.0135557      0.10585535      -0.9578755       6.7763305        6.7763305    0.0087826356                                   0.0087826356
              9       6.8718799       1.2289715      -30.173419       9.3726406      0.38309197      0.99958833        0.214641      0.92446706       6.7763305        6.7763305      0.19109887                                     0.19109887
              5       6.9202095       1.1501095      -30.079552       10.257108      0.39242449      0.99980179      0.18340934      0.98042741       6.7763305        6.7763305      0.28775799                                     0.28775799
              6       6.8687156       1.1544958      -30.027014       9.9419641      0.38240582       1.0013407      0.18489134     -0.98925961       6.7763305        6.7763305      0.18477031                                     0.18477031
             10       7.0912497      0.17058756      -31.958265       51.582552      0.26739938      0.91333921    0.0029155837     -0.46026186       6.7763305        6.7763305      0.62983852                                     0.62983852
              6       6.9480997      0.18922582      -32.076921       56.582576      0.39709542       1.1146889    0.0056454296     0.058973571       6.7763305        6.7763305      0.34353842                                     0.34353842
              6       6.8455606      0.21244796      -31.853756       54.549026      0.37697763      0.97768267    0.0057850208      0.87750293       6.7763305        6.7763305      0.13846026                                     0.13846026
             10       6.8272556      0.20576256      -31.717386       54.451321      0.37199915      0.99790472    0.0049886323      0.99779908       6.7763305        6.7763305      0.10185027                                     0.10185027
              6        7.017674      0.44557824      -32.461849       45.108335      0.40730715      0.60906432     0.054899581     -0.05644516       6.7763305        6.7763305      0.48268714                                     0.48268714
             15       6.9983966      0.34149214      -31.333534       34.944328      0.40464466       1.0191505     0.014639619    -0.010840023       6.7763305        6.7763305      0.44413231                                     0.44413231
              1       8.5783189      0.89584412      -31.137195       5.4127927      0.16354906       1.0137155      0.10136389     -0.27288369       6.7763305        6.7763305       3.6039768                                      3.6039768
             22       7.4875144      0.63329258      -32.127911       9.3101038      0.22989272       1.1718937     0.057676841     -0.83075066       6.7763305        6.7763305       1.4223678                                      1.4223678
              8        7.594428      0.61707063      -32.193278       9.3507561      0.22176099       1.1551156     0.036661021     -0.64832493       6.7763305        6.7763305        1.636195                                       1.636195
             14       7.3145109      0.42629653      -31.659215       18.222701      0.24447706      0.94587874     0.023362757     -0.75929949       6.7763305        6.7763305       1.0763608                                      1.0763608
              2        6.966149      0.35863902      -32.471589       40.218029      0.28408219      0.59195349     0.035729918    -0.096231394       6.7763305        6.7763305      0.37963708                                     0.37963708
              4       6.7888369      0.25977978      -32.094211       36.256486      0.35686652       1.1387717     0.010625621     -0.27391949       6.7763305        6.7763305     0.025012851                                    0.025012851
             21       6.8305753      0.24007856      -31.820781       45.019363       0.3729615         1.03713    0.0061011965      0.52210835       6.7763305        6.7763305      0.10848966                                     0.10848966
              1       7.4099466      0.28980723      -31.820554       44.771785      0.44781713        1.037311    0.0089158305      0.51830497       6.7763305        6.7763305       1.2672322                                      1.2672322
             12       7.4043658      0.49501132      -32.065103       24.695199      0.44735008       1.0998711     0.038991017      0.25354354       6.7763305        6.7763305       1.2560706                                      1.2560706
              3        7.694896      0.40234547      -32.099634       30.582608      0.46940836       1.1465661     0.025474667     -0.38648921       6.7763305        6.7763305        1.837131                                       1.837131
             19       7.2886481      0.28196376      -31.927534       29.337365      0.24684918      0.89689002    0.0094949101     -0.99780449       6.7763305        6.7763305       1.0246353                                      1.0246353
              7       7.2493963      0.35075622       -31.25934       21.011879      0.25056686        1.021822     0.014987031     -0.90355827       6.7763305        6.7763305      0.94613168                                     0.94613168
              6       8.5466161      0.27223635      -30.676244       18.315193      0.16512578      0.99535771    0.0087443986     -0.30215602       6.7763305        6.7763305       3.5405714                                      3.5405714
              9       7.0159862      0.36040059      -30.254521       23.097131      0.27692161      0.99985086     0.015583066      0.99342067       6.7763305        6.7763305      0.47931152                                     0.47931152
             13       7.2522883      0.44344052      -30.543013       29.469609       0.4337122      0.99750203     0.023596312      0.31764694       6.7763305        6.7763305      0.95191576                                     0.95191576
              9       7.3170104      0.43550993      -30.577764       30.211192      0.43974915       1.0045255     0.022984126     -0.90340081       6.7763305        6.7763305         1.08136                                        1.08136
              5       9.2627069      0.43243089      -30.873962       38.436693       0.5516169      0.99746289     0.022381165      0.84568645       6.7763305        6.7763305       4.9727529                                      4.9727529
              1       8.2783398      0.52474987      -30.381187       28.840588      0.50492179       1.0027428     0.033470064     -0.73548758       6.7763305        6.7763305       3.0040188                                      3.0040188
              1       7.9024796      0.48612593      -30.324126       29.798501        0.483072       1.0022834     0.028801617      -0.5683323       6.7763305        6.7763305       2.2522983                                      2.2522983
              2       7.8223077       0.3876798      -32.271348       35.567121      0.47795775       1.0418124     0.015632074      0.92255593       6.7763305        6.7763305       2.0919544                                      2.0919544
             33       8.0667991      0.14156488      -32.132466       34.664266      0.19098622       1.1697321    0.0027490846     -0.83421742       6.7763305        6.7763305       2.5809373                                      2.5809373
             10       6.7788846      0.33398312      -32.371938       36.883612      0.33528156      0.81803825     0.022763592      0.52976675       6.7763305        6.7763305    0.0051083583                                   0.0051083583
              5       8.9692265      0.46938333      -32.170431       29.466238      0.53885746       1.1709638     0.024002647       -0.966357       6.7763305        6.7763305       4.3857921                                      4.3857921
              2       7.8361225      0.44315721      -31.927404       15.521356      0.20514736      0.89639692     0.023674929     -0.99913367       6.7763305        6.7763305       2.1195841                                      2.1195841
              9       6.7805767      0.61584705       -32.03237       15.609072      0.33333746        1.042212      0.05388086       0.8263104       6.7763305        6.7763305    0.0084924874                                   0.0084924874
             36       6.8317281      0.33369282      -32.042783        31.80116      0.37328877       1.0572483      0.01601603      0.69922653       6.7763305        6.7763305      0.11079528                                     0.11079528
              1       7.5102528      0.25532328      -32.038765       25.604367      0.22811464       1.0487467    0.0091118729       0.7713974       6.7763305        6.7763305       1.4678447                                      1.4678447
              8       6.8427521       1.9975418      -32.439867       10.872899       0.3077392      0.42585671       1.7037331     -0.46526102       6.7763305        6.7763305       0.1328432                                      0.1328432
             20       7.1507186      0.27097984      -31.903716       31.920901      0.26066005      0.90569978     0.010013466     -0.63310085       6.7763305        6.7763305      0.74877622                                     0.74877622
              4       6.9605207       0.7447149      -32.301766       16.696576      0.39905269      0.96457208     0.079427269      0.96490067       6.7763305        6.7763305      0.36838042                                     0.36838042
              4       6.8846107      0.71550168       -32.44108       19.624345      0.29825611      0.63841842      0.14253062     0.015317627       6.7763305        6.7763305      0.21656043                                     0.21656043
              1       7.4609572      0.69299365      -31.899478       11.115477       0.2320058      0.90523929     0.069097905     -0.59328102       6.7763305        6.7763305       1.3692534                                      1.3692534
              5       7.3349259      0.94952845      -31.695347       7.9585615      0.24264458      0.96505029      0.10763725      0.33110299       6.7763305        6.7763305        1.117191                                       1.117191
             18       7.2637654      0.79228669      -32.011081        16.42219      0.43481137       1.0044062     0.081230077      0.99770829       6.7763305        6.7763305      0.97486994                                     0.97486994
             18       6.8453643      0.64247647      -32.515414       35.911756      0.37692801       0.4910056      0.12104868     -0.31109262       6.7763305        6.7763305      0.13806767                                     0.13806767
              1       6.7974154      0.41158403      -31.372163       23.760301      0.32269683      0.99175901     0.020984758      0.84122391       6.7763305        6.7763305     0.042169796                                    0.042169796
              3       6.9970647      0.59020783      -30.923619       20.565569      0.40445651       1.0014933     0.042636836      0.95831203       6.7763305        6.7763305      0.44146848                                     0.44146848
              3       7.9432572      0.69960639      -31.201958       20.644187      0.48560337       1.0105366      0.05937691      0.41956654       6.7763305        6.7763305       2.3338534                                      2.3338534
             11       8.3809392       1.3823702      -32.894448       49.320113      0.17360569     0.076531009      0.19245441     -0.92851487       6.7763305        6.7763305       3.2092174                                      3.2092174
             27       8.5307732       1.0631703      -32.912646       58.110925      0.16591902     0.080715594      0.11039386     -0.91942941       6.7763305        6.7763305       3.5088855                                      3.5088855
             18       6.8088339      0.81792007      -32.686499       56.846145      0.36596666      0.23656557      0.14875857     -0.72774953       6.7763305        6.7763305     0.065006876                                    0.065006876
             28       6.8356247       1.1594788      -32.780234       56.721233      0.30962952      0.14149978      0.21748614     -0.85395662       6.7763305        6.7763305      0.11858853                                     0.11858853
             15        6.832924      0.98636704      -32.719571       58.032913      0.37362468       0.1961754       0.1955001     -0.78399242       6.7763305        6.7763305      0.11318703                                     0.11318703
             12       7.3311799       0.2316745      -31.399572       58.855997      0.44102171      0.97210441    0.0061484488     -0.73406761       6.7763305        6.7763305       1.1096988                                      1.1096988
              8       7.3364662      0.23197054      -31.399369       58.851985      0.44149231      0.97196602    0.0061704436     -0.75117572       6.7763305        6.7763305       1.1202715                                      1.1202715
             50       7.6047324      0.22771429      -31.439733       59.275895      0.46299388        1.030929    0.0064540976     -0.63066927       6.7763305        6.7763305       1.6568039                                      1.6568039
              6       7.9907305      0.90359838      -32.622678        53.39918      0.48849531      0.30427921       0.2138214     -0.63386883       6.7763305        6.7763305          2.4288                                         2.4288
              2       7.8087255      0.30201215       -30.07286       20.572513      0.20692785       1.0009885     0.010916847    -0.043610979       6.7763305        6.7763305         2.06479                                        2.06479
              5       8.2741284       1.0166027      -31.264351       5.1859777      0.17930677        1.022202      0.13485729     -0.79742773       6.7763305        6.7763305       2.9955959                                      2.9955959
              4        9.117004       0.9385778      -31.527056       4.5527212      0.13861765       0.9749876      0.10797695      0.27566488       6.7763305        6.7763305        4.681347                                       4.681347
              6       10.228462      0.56470658      -31.416853       5.0710099     0.095005928      0.99713809     0.038712024      0.98409516       6.7763305        6.7763305       6.9042634                                      6.9042634
              4       6.9146356      0.66987716       -30.31431       17.551962      0.39143813       1.0006085     0.055987352      0.88156537       6.7763305        6.7763305       0.2766103                                      0.2766103
              6       6.8570221      0.53509722      -32.032092       20.511627      0.37976219       1.0399221       0.0399731      0.84170115       6.7763305        6.7763305       0.1613833                                      0.1613833
              7       8.9948729      0.60771988      -32.073899        23.92266      0.54000526        1.116367     0.060512568     0.055077004       6.7763305        6.7763305       4.4370849                                      4.4370849
              2       7.5696821        1.040496      -31.956036         7.05194      0.22359346      0.91586603      0.12194789     -0.23610215       6.7763305        6.7763305       1.5867032                                      1.5867032
              7       7.3087056      0.51342092      -31.453759       24.893641      0.43899554       1.0323335     0.030880083      -0.7750194       6.7763305        6.7763305       1.0647503                                      1.0647503
              9       8.1342051      0.25421419      -30.975554       22.290917      0.18709242      0.99231683    0.0075374211     0.089651982       6.7763305        6.7763305       2.7157492                                      2.7157492
              3       9.3315826      0.18914022      -30.717331       20.684027      0.12949961      0.99488152    0.0041983699     -0.31760292       6.7763305        6.7763305       5.1105043                                      5.1105043
              2       7.0923692      0.62841595      -30.171427       19.898594       0.4167331       1.0016369     0.048975203     -0.64041247       6.7763305        6.7763305      0.63207748                                     0.63207748
              2       7.6161111      0.20258444      -30.275103       32.593423      0.22017799       1.0022123     0.004879621     -0.90045291       6.7763305        6.7763305       1.6795612                                      1.6795612
              1       6.8278636      0.31688986      -30.349322       35.311978      0.37217769       0.9996359     0.011986223      0.96716557       6.7763305        6.7763305      0.10306619                                     0.10306619
             31       7.1752511      0.32744543      -31.017466       39.372308      0.42596264      0.99303283     0.012562611      0.38560893       6.7763305        6.7763305      0.79784124                                     0.79784124
             20       6.9003139      0.27861848      -30.883566       41.555666      0.38880849       1.0092935    0.0092369715     -0.99522208       6.7763305        6.7763305      0.24796681                                     0.24796681
              3       7.4931415       0.3095811      -30.911052       43.865353      0.45454992       1.0060219      0.01164411      0.27703232       6.7763305        6.7763305       1.4336221                                      1.4336221
              2       9.9614922       2.0804319      -32.990782       51.271731       0.1047487     0.029514747      0.24281473     -0.98017228       6.7763305        6.7763305       6.3703234                                      6.3703234
              8       8.3464962       1.8511771       -31.71849       7.9333202      0.50857721       1.0408205      0.70471778       0.5240009       6.7763305        6.7763305       3.1403314                                      3.1403314
              1       7.2892329       2.5475211      -31.766486       4.9062695      0.43720511       1.0513273       1.9542874      0.58836948       6.7763305        6.7763305       1.0258049                                      1.0258049
             28       6.7777652       2.6154043      -31.646133       4.2641623       0.3470353      0.93523985       2.2444909    -0.045743222       6.7763305        6.7763305    0.0028694235                                   0.0028694235
              6       6.9619117       2.1592849      -31.522175       5.5962214      0.39926772      0.99307323       1.0403849      0.96879098       6.7763305        6.7763305      0.37116253                                     0.37116253
              8       6.9515018       2.3625943      -32.478529        20.08158      0.39763837       0.2518971       2.3973544     -0.76973443       6.7763305        6.7763305      0.35034271                                     0.35034271
              9       6.8290572       2.0188499       -32.62498       26.548042      0.31147482      0.17466598       1.0732423     -0.84524385       6.7763305        6.7763305      0.10545347                                     0.10545347
              6       6.7772257       0.8725956       -31.51625       12.384228      0.34597755      0.96224986     0.093756222     -0.72613811       6.7763305        6.7763305    0.0017905055                                   0.0017905055
             17       6.7786879      0.63566675      -31.567708        15.24943      0.33554556       1.0403759     0.053832117     -0.44005299       6.7763305        6.7763305    0.0047147753                                   0.0047147753
              9       7.4873593      0.24525309      -31.764564       26.377583      0.22990494       1.0681217    0.0078297202     -0.69460761       6.7763305        6.7763305       1.4220577                                      1.4220577
              2        6.832667      0.47292257      -31.900042         26.1661      0.37355279      0.90728736     0.031351719     -0.56169695       6.7763305        6.7763305      0.11267302                                     0.11267302
             12       6.8131381      0.44340138      -31.837585       24.749309       0.3675042       1.0065239     0.023228159      0.98776569       6.7763305        6.7763305     0.073615219                                    0.073615219
              6       6.9440847       1.0411773      -31.844174       11.641761      0.39644771       0.9830247      0.15438371      0.93333819       6.7763305        6.7763305      0.33550846                                     0.33550846
             11       6.8738333       1.0399687      -31.950884       12.180829      0.38350987      0.90991602        0.123328     -0.43331803       6.7763305        6.7763305       0.1950056                                      0.1950056
             11       6.8125682       1.7404648      -32.428478       12.272184      0.36730601      0.51684799       1.1709365     -0.27180036       6.7763305        6.7763305     0.072475543                                    0.072475543
             15       7.1645659         1.77777       -32.60241        18.85612      0.25916947      0.23236881      0.90459998     -0.76382602       6.7763305        6.7763305      0.77647086                                     0.77647086
              8       7.8183742      0.23279788      -32.142956       22.699154      0.20629813       1.1733525    0.0070136604     -0.93221789       6.7763305        6.7763305       2.0840874                                      2.0840874
              2       8.2536155      0.22735049       -32.46951        39.74696      0.18042469      0.60009231     0.014182573    -0.077433328       6.7763305        6.7763305       2.9545702                                      2.9545702
             15       8.0699326      0.17958803       -32.41096       43.714656      0.19080298      0.73047039    0.0076727938      0.26045784       6.7763305        6.7763305       2.5872044                                      2.5872044
             18       6.9794204      0.35025509      -32.352479       39.940795      0.40190831      0.86347093     0.022511057      0.67794026       6.7763305        6.7763305      0.40617987                                     0.40617987
             10       7.6268329      0.43776887      -31.566371       30.735045      0.46459722       1.0378146     0.025018205     -0.29704659       6.7763305        6.7763305       1.7010048                                      1.7010048
              2        7.484768      0.39664367      -31.743361       32.915302       0.4538906          1.0449     0.021386093      0.22271058       6.7763305        6.7763305        1.416875                                       1.416875
              4       7.8991015      0.49791116      -31.882921       31.464261      0.48286025      0.92634757     0.035920083    -0.031820268       6.7763305        6.7763305        2.245542                                       2.245542
             24       6.8962004      0.34310292      -31.872631       36.029224      0.38802544      0.94341499     0.016561968      0.34231499       6.7763305        6.7763305      0.23973981                                     0.23973981
              2        7.183334       0.2978775      -32.380076       53.839228        0.426809      0.79986914     0.018770123      0.47142031       6.7763305        6.7763305        0.814007                                       0.814007
              9       7.3825973      0.31083306      -31.431486       22.569328       0.2384918       1.0217615     0.012239062      0.17611298       6.7763305        6.7763305       1.2125338                                      1.2125338
              7       7.2068654      0.74569065      -30.933162       17.487924      0.42922622      0.98926172     0.070100979     -0.99992603       6.7763305        6.7763305      0.86106986                                     0.86106986
              6       7.4316499      0.92126329      -30.445982       14.632492      0.44961415       1.0024433      0.11022567     0.045810884       6.7763305        6.7763305       1.3106389                                      1.3106389
              2       9.1220335      0.92162854      -30.576282       4.4971139      0.13839925        1.003612      0.11189028     -0.12336665       6.7763305        6.7763305       4.6914062                                      4.6914062
              8       6.8527346       0.6654236      -30.412462       17.062609      0.37874525       1.0025948     0.054799878      -0.3195129       6.7763305        6.7763305       0.1528082                                      0.1528082
              5       8.1360938      0.38999612      -31.518261       39.748687      0.49701528      0.96362614      0.01739113     -0.70999172       6.7763305        6.7763305       2.7195267                                      2.7195267
             17       7.3078726      0.37798352      -30.776506       34.777858      0.43891962       1.0035319     0.016972444      0.52697628       6.7763305        6.7763305       1.0630842                                      1.0630842
              3       7.0046225      0.33333677      -30.793902       36.388152      0.40551674       1.0048182     0.013472393      0.20423956       6.7763305        6.7763305        0.456584                                       0.456584
              1       6.8260512      0.32979928      -30.592646       33.738215      0.37164228       1.0038648     0.013116719     -0.30282897       6.7763305        6.7763305     0.099441451                                    0.099441451
             38       6.9992175       2.6073669      -31.772027       4.5656675      0.40476033       1.0219118       2.3347942      0.93580605       6.7763305        6.7763305      0.44577403                                     0.44577403
             31       7.1258344       2.5844553      -31.780532       4.8864502      0.42059029       1.0009644       2.3233654       0.9998819       6.7763305        6.7763305      0.69900789                                     0.69900789
             27       6.8455911       2.4423907      -32.214107       5.3742082      0.37698535      0.86321058       2.5384309       0.7387439       6.7763305        6.7763305      0.13852135                                     0.13852135
              1       6.7871379       2.6511116      -32.494806       25.617916      0.32818012      0.14523202        2.828961      -0.9096304       6.7763305        6.7763305     0.021614893                                    0.021614893
             24       6.9679003       2.5133422      -32.504741       26.928208      0.40018439      0.17771454        2.483817     -0.86901515       6.7763305        6.7763305      0.38313975                                     0.38313975
              8       7.6702027       1.7727572      -32.582283       31.007487      0.46768417       0.2557165      0.95447421     -0.73241835       6.7763305        6.7763305       1.7877444                                      1.7877444
              6       6.7796653       1.7036051      -32.749975       47.783645      0.33432318      0.12343553      0.49680762      -0.8882486       6.7763305        6.7763305    0.0066697059                                   0.0066697059
             14       6.8985886       1.9532164      -32.774486       49.798897      0.29551832     0.091313762       0.5667732     -0.92726937       6.7763305        6.7763305      0.24451631                                     0.24451631
             12       7.0387683       1.9654581      -32.789895       49.826054       0.2738986     0.084060395      0.53691294      -0.9341457       6.7763305        6.7763305      0.52487565                                     0.52487565
              1       6.8602971      0.65717413      -31.499344       18.055315      0.38052089      0.96386202     0.056683712      -0.6042537       6.7763305        6.7763305      0.16793332                                     0.16793332
              6       7.0883912      0.35794793      -31.217419       22.824759      0.26773872      0.98493379     0.015923997    -0.078684877       6.7763305        6.7763305      0.62412147                                     0.62412147
              7       6.8053709      0.40947577        -31.1776       23.377356      0.31934601       1.0026741     0.020385117      0.95825819       6.7763305        6.7763305     0.058080925                                    0.058080925
              4       6.7823572      0.41832685      -31.189045       23.404522      0.33167989       1.0181823     0.021510278     -0.81033017       6.7763305        6.7763305     0.012053499                                    0.012053499
             21       7.3085587      0.26829615       -31.15312       27.768375      0.24501785      0.98845004    0.0088421837      0.13758579       6.7763305        6.7763305       1.0644565                                      1.0644565
              8       6.9552231      0.24312076      -31.381571       36.142415      0.28577375       0.9774736     0.007408926     -0.12273622       6.7763305        6.7763305      0.35778529                                     0.35778529
              3       7.0318018      0.31062104      -32.088842       34.959418      0.40919144       1.1325396     0.015325808     -0.18069557       6.7763305        6.7763305      0.51094272                                     0.51094272
              2       7.3390945      0.43313401      -32.018094       30.326215      0.44172545       1.0107269      0.02353091      0.98643186       6.7763305        6.7763305        1.125528                                       1.125528
              5       7.6364756      0.48505461      -30.593871       28.693652      0.46529025       1.0047763     0.028631411      -0.9597757       6.7763305        6.7763305       1.7202903                                      1.7202903
             14       7.1342088      0.44642271      -30.599298       28.430749      0.42152626      0.99818711     0.024236311      0.72642583       6.7763305        6.7763305      0.71575672                                     0.71575672
             22        7.527679       1.9255855      -30.836192       7.2124495      0.45722948        0.989488       0.7144998     -0.95967032       6.7763305        6.7763305       1.5026972                                      1.5026972
              6        7.370925        1.957253      -30.892224       6.8888276      0.44450695      0.99085061      0.76867165     -0.10147873       6.7763305        6.7763305        1.189189                                       1.189189
             15       7.7992751       1.8524206        -31.3134       7.7534783      0.47645251      0.99702338      0.63134442      0.98171969       6.7763305        6.7763305       2.0458892                                      2.0458892
              5       8.5699589        2.212409      -30.547745       7.0339087      0.52003652       1.0043697       1.1468297     -0.05253297       6.7763305        6.7763305       3.5872569                                      3.5872569
              3       10.923026       2.2197454      -32.555834       4.7956251     0.071296481        0.201299       1.6357069     -0.82499196       6.7763305        6.7763305       8.2933901                                      8.2933901
              8       10.082388        2.070067      -32.546752       5.9968313      0.10028807       0.2428091       1.4640704     -0.76464264       6.7763305        6.7763305       6.6121159                                      6.6121159
              7       11.036077        1.499058      -32.985706       28.654826     0.067631203     0.047320879       0.1504065     -0.95837629       6.7763305        6.7763305       8.5194926                                      8.5194926
              9       8.2009979       1.4716378      -32.747652       26.224826      0.18332825      0.14277026      0.38429229     -0.86039183       6.7763305        6.7763305       2.8493349                                      2.8493349
              3        8.479295       1.1677398      -32.828375       38.178707       0.1685215      0.11360827      0.18398378     -0.88556017       6.7763305        6.7763305       3.4059291                                      3.4059291
              3       7.1574936       1.1297318         -32.591       34.461488      0.42407262      0.32738046      0.36250081     -0.60448645       6.7763305        6.7763305      0.76232625                                     0.76232625
              1       6.9135968       1.1755589      -32.243235       9.4006282      0.39125211       1.0640875      0.16005751      0.81411763       6.7763305        6.7763305      0.27453267                                     0.27453267
             14       6.9950808       1.0592908      -32.027902       7.5738056      0.27982479       1.0482835      0.17692796      0.79102895       6.7763305        6.7763305      0.43750076                                     0.43750076
             10       7.8109239      0.91331342      -32.101289       13.546734      0.47721589        1.159264      0.13880489     -0.53419248       6.7763305        6.7763305       2.0691869                                      2.0691869
             28       6.7786974      0.75048944      -32.237052       12.271292      0.33553248       1.0950188     0.053458992      0.48695693       6.7763305        6.7763305    0.0047339128                                   0.0047339128
              8       6.8027791      0.72776097      -32.264038       12.646994      0.32038057       1.0461934     0.057229647      0.90590762       6.7763305        6.7763305     0.052897231                                    0.052897231
              2       7.1017742      0.68951393      -31.952817       12.756066      0.26616306      0.90951506      0.05068267      -0.5337655       6.7763305        6.7763305      0.65088747                                     0.65088747
              7       7.0143546      0.62657147      -31.968163       14.343426      0.27714353      0.92683648      0.04027347     0.028902941       6.7763305        6.7763305      0.47604824                                     0.47604824
             13       6.7770038       1.1328687      -32.618307       30.850441       0.3385504      0.29114162      0.34335235     -0.65887077       6.7763305        6.7763305    0.0013467323                                   0.0013467323
              1       6.7782761       1.1379381      -32.613385       30.948525      0.34786365      0.29687415      0.35054646     -0.65062557       6.7763305        6.7763305    0.0038911736                                   0.0038911736
             23       6.7791831      0.77678354      -32.600196       37.750331      0.33489993      0.34325445      0.16416996      -0.5718918       6.7763305        6.7763305     0.005705185                                    0.005705185
              8       6.8558743       1.0688349      -32.661008       34.659957      0.30450735      0.24704782      0.27327054     -0.71922882       6.7763305        6.7763305      0.15908765                                     0.15908765
              6       7.1784108        0.974514      -32.681785       34.246032      0.25770549      0.23208509      0.21409404     -0.73707701       6.7763305        6.7763305       0.8041607                                      0.8041607
              5        6.924383       1.7511943      -31.400169       5.1049031       0.2908494      0.97784099      0.51189399      0.25123258       6.7763305        6.7763305      0.29610502                                     0.29610502
             35       6.9239727       2.1137734      -31.278922       4.2148427      0.29092031       0.9814228       1.0188698      0.32670114       6.7763305        6.7763305      0.29528456                                     0.29528456
             15       6.8789992       2.0978959      -31.282292       4.3964644      0.29940467      0.97564758      0.99431967     -0.14973557       6.7763305        6.7763305      0.20533747                                     0.20533747
             22       7.7507689       1.9737658      -31.664303       7.6934133      0.47322605       0.9366468      0.72169784     -0.63212571       6.7763305        6.7763305       1.9488768                                      1.9488768
             14       6.7763598       2.5483362       -32.47415       20.509362      0.34271974      0.19708435       2.8533462     -0.84999025       6.7763305        6.7763305   5.8626658e-05                                  5.8626658e-05
              8       7.2315846       1.3255369      -32.699564       30.124645      0.25230467       0.1899037      0.37266619      -0.8006261       6.7763305        6.7763305      0.91050834                                     0.91050834
             22       6.8941619      0.79576155      -32.130423         12.4559       0.3876324       1.1753952     0.091058891     -0.88313847       6.7763305        6.7763305      0.23566278                                     0.23566278
              7       11.572805       0.2118149      -31.032294       7.1233214     0.050858624       1.0130887     0.005339575     -0.99438169       6.7763305        6.7763305       9.5929494                                      9.5929494
              4       12.469386      0.12593599      -30.823927       5.8743993     0.024812855       1.0080576    0.0018822493     -0.97931513       6.7763305        6.7763305       11.386112                                      11.386112
              2       13.258296      0.19705765      -33.383492       47.913141     0.003548681     0.011296422   0.00052317141     -0.98824417       6.7763305        6.7763305       12.963931                                      12.963931
              1       12.759327      0.19133536      -33.076627       57.583964      0.01683618     0.045927061    0.0019236152     -0.95131756       6.7763305        6.7763305       11.965993                                      11.965993
              3       11.620936       1.1283176      -33.027971        28.23844     0.049401513      0.04660045     0.075880891     -0.95523458       6.7763305        6.7763305       9.6892117                                      9.6892117
              5       6.8886363       1.2693237      -32.696475       35.742598      0.29745038      0.19705067       0.3458779     -0.79009839       6.7763305        6.7763305      0.22461165                                     0.22461165
              3       6.8314332       1.3118483      -32.687583       35.341234      0.31079461      0.20147913       0.3796728     -0.78580766       6.7763305        6.7763305      0.11020553                                     0.11020553
              8       7.0335062       1.3439481      -32.719309       35.607153      0.27458479      0.17245613      0.35811077     -0.82233609       6.7763305        6.7763305      0.51435155                                     0.51435155
              5       6.9767781       1.1917301      -32.512702       16.008247      0.28248268      0.44503281      0.45459256     -0.40646458       6.7763305        6.7763305      0.40089534                                     0.40089534
              2       6.8291929       1.9839179      -32.454937       11.770094      0.31143557      0.40085425       1.6413131      -0.5116439       6.7763305        6.7763305      0.10572483                                     0.10572483
              3       6.8493957       1.5581475      -31.418178       7.2082129      0.37793339       1.0113489      0.40263951      0.81803027       6.7763305        6.7763305      0.14613044                                     0.14613044
             16       7.2128203      0.23894647      -31.169936       32.322678      0.25417262      0.98910574    0.0065843411      0.24362173       6.7763305        6.7763305      0.87297974                                     0.87297974
              5       6.8137272      0.48537172       -31.52409       20.205869      0.31629251      0.96930134     0.026688881     -0.19679882       6.7763305        6.7763305     0.074793485                                    0.074793485
              4       7.4784857      0.74054786      -31.290177       9.5254365      0.23060661       0.9825522     0.072118926     0.022037673       6.7763305        6.7763305       1.4043106                                      1.4043106
              4       6.9798273      0.74926987      -31.344369       11.008545      0.28203171       1.0276652     0.070724832     -0.99975991       6.7763305        6.7763305      0.40699357                                     0.40699357
             11       6.9443224       0.8053976      -31.125757       10.586482      0.28751374       1.0134878     0.085084402     -0.24942886       6.7763305        6.7763305      0.33598379                                     0.33598379
              4       6.9353699      0.41600242      -31.658737       22.065172      0.28898542      0.94622552     0.022280577     -0.73811549       6.7763305        6.7763305      0.31807891                                     0.31807891
              4       6.8361956        1.108552      -32.651928       33.059723      0.30947407      0.25379958      0.30154499     -0.71104338       6.7763305        6.7763305       0.1197302                                      0.1197302
             25       6.8280724       1.1595792      -32.605895       31.689961      0.37223879       0.3044538      0.37076059     -0.64002868       6.7763305        6.7763305      0.10348395                                     0.10348395
             26       8.0686765      0.46257747      -32.042917       30.242296      0.49312359       1.0594451     0.031309129      0.68141772       6.7763305        6.7763305        2.584692                                       2.584692
              1       6.8247154      0.91332632       -32.06914       10.925129      0.37124138        1.118216      0.14436691     0.056832962       6.7763305        6.7763305     0.096769826                                    0.096769826
              1       6.8811338      0.93150309      -32.094622       10.774408      0.38503585       1.1530426      0.14756959     -0.42945481       6.7763305        6.7763305      0.20960667                                     0.20960667
             14       7.0345054        1.479606      -32.586934       28.425882      0.40954604      0.29266082      0.64513385     -0.66791226       6.7763305        6.7763305      0.51634985                                     0.51634985
              2        7.568519       2.3524272      -32.748617        42.63698      0.22368028     0.067026567      0.82746077     -0.95895936       6.7763305        6.7763305       1.5843771                                      1.5843771
              5       7.9822593       2.2915969      -32.596325       42.090776      0.48798348      0.15205541       1.4943718     -0.88290179       6.7763305        6.7763305       2.4118577                                      2.4118577
             19       8.3253841       2.2713595      -32.846599        49.98168      0.17654645     0.046739512      0.51568746     -0.97118553       6.7763305        6.7763305       3.0981073                                      3.0981073
             23       7.7440783       1.6426521      -32.885973       56.336385      0.21122523     0.068601426      0.26862799     -0.94082009       6.7763305        6.7763305       1.9354957                                      1.9354957
              1       7.0950924       1.4104312      -32.709808       50.896816      0.41705439      0.17461119      0.40593424     -0.82174864       6.7763305        6.7763305      0.63752392                                     0.63752392
             13       6.7815673       1.5440291      -32.755125       48.738275      0.33237996      0.13274895      0.40827199     -0.87354275       6.7763305        6.7763305     0.010473641                                    0.010473641
              6       6.7970929       1.8688046      -32.689487       35.683805      0.32284499        0.145506      0.73685686     -0.87072531       6.7763305        6.7763305     0.041524925                                    0.041524925
              7       8.3668818       1.2811327      -32.540986       31.029831      0.50965507      0.38532281      0.51726833     -0.51491624       6.7763305        6.7763305       3.1811026                                      3.1811026
             11       10.396521       1.8553878      -32.897507       25.849994     0.089065195     0.055812925      0.31093105     -0.95617096       6.7763305        6.7763305        7.240382                                       7.240382
              2       7.0540639       1.9270722      -32.652473        25.63579      0.27194213      0.16544503       0.8926931     -0.85139957       6.7763305        6.7763305      0.55546679                                     0.55546679
              6       7.7001017       1.9051689      -32.471721       18.970451      0.46976887      0.39065647       1.4426259     -0.52691648       6.7763305        6.7763305       1.8475425                                      1.8475425
              8       6.8491697       1.6293166      -31.680195       5.9346893      0.30612222      0.95150984      0.39862287    -0.097218656       6.7763305        6.7763305      0.14567852                                     0.14567852
              5       6.7777234      0.37516934      -31.030103       27.454987       0.3469615       1.0124058     0.017152164     -0.76756404       6.7763305        6.7763305    0.0027859289                                   0.0027859289
             22       6.7828373       1.4267111      -31.360264       6.9323056      0.33127668       1.0066976      0.30328263      0.90789231       6.7763305        6.7763305     0.013013759                                    0.013013759
             10       7.2705597       1.9568384      -32.508288       20.993767      0.43545598       0.3185817       1.4348671     -0.64957958       6.7763305        6.7763305      0.98845856                                     0.98845856
             14       7.0617806       2.1442103      -32.516658       22.027836      0.41302446      0.26282003        1.726489     -0.74168627       6.7763305        6.7763305       0.5709002                                      0.5709002
             11       6.9783039       1.6500329      -32.606543       20.889637      0.28225659      0.24611751      0.76798525     -0.74006675       6.7763305        6.7763305      0.40394695                                     0.40394695
             24       6.8272875      0.43343596      -32.539454       47.221821      0.31199146      0.45813866     0.053644655     -0.37198186       6.7763305        6.7763305      0.10191403                                     0.10191403
              1       6.8497524      0.58607507      -32.617303       47.517702        0.305979      0.33022112     0.089656828     -0.58909212       6.7763305        6.7763305      0.14684384                                     0.14684384
              5       7.3253701      0.58722042      -32.672329       47.476352      0.24349808      0.26250583     0.079500088     -0.68829809       6.7763305        6.7763305       1.0980792                                      1.0980792
              1       6.8584323       0.8397281      -32.626614       44.802969      0.38009072      0.30364329      0.18253488     -0.63346882       6.7763305        6.7763305      0.16420359                                     0.16420359
              9       7.5828653      0.30733445      -31.406602       46.069046      0.46138628      0.97941357     0.010688515     0.074425539       6.7763305        6.7763305       1.6130697                                      1.6130697
              6       6.8768659      0.20529121      -31.303066       44.986358      0.29984954      0.97582985    0.0049550707     -0.97816961       6.7763305        6.7763305      0.20107081                                     0.20107081
             13       6.7929282      0.22066356      -31.463789       43.294942      0.32487357       1.0220414    0.0054446809      0.17482312       6.7763305        6.7763305     0.033195399                                    0.033195399
             15       6.7764089      0.23194775      -31.457457       42.898853      0.34082234        1.029471    0.0060654384     -0.50642852       6.7763305        6.7763305   0.00015695854                                  0.00015695854
             21        7.727612      0.38559276      -30.090008       36.789351      0.47165742      0.99930389     0.017905959      0.63114881       6.7763305        6.7763305       1.9025631                                      1.9025631
             33       6.9408389      0.58232944       -32.57318       37.640029       0.2880816      0.39501968     0.094939516     -0.48480902       6.7763305        6.7763305      0.32901695                                     0.32901695
              8       8.0167187      0.69590369       -32.72666       41.031011      0.19394548      0.20414569     0.095698035       -0.768346       6.7763305        6.7763305       2.4807764                                      2.4807764
              2       7.2003817      0.68010913      -32.648348       39.470772      0.25543307      0.28598602      0.11332416     -0.65636084       6.7763305        6.7763305      0.84810242                                     0.84810242
             26       6.8058156      0.66103068      -32.549701       38.677001      0.36482678      0.42887842      0.12618756     -0.42715631       6.7763305        6.7763305     0.058970322                                    0.058970322
             13       7.7641022       0.2255208      -32.376749       34.557782      0.20987922      0.80939193      0.01050722      0.50139505       6.7763305        6.7763305       1.9755434                                      1.9755434
              7       7.5688537      0.70712989      -32.381483       25.171053      0.46034471      0.77732831      0.11530061      0.40462928       6.7763305        6.7763305       1.5850465                                      1.5850465
              2       7.6470461      0.65759098       -32.36392       25.892528      0.46604551      0.82265915     0.090378831      0.54784941       6.7763305        6.7763305       1.7414314                                      1.7414314
              6       6.7765981      0.42714765      -32.073513       21.773837       0.3441748       1.1122131     0.029194551     0.098458073       6.7763305        6.7763305   0.00053528409                                  0.00053528409
             16       6.7973034      0.95857909      -30.696582       10.162674      0.32274814      0.99574863      0.11980981     0.099942864       6.7763305        6.7763305     0.041945913                                    0.041945913
              1        7.147298        1.088189      -30.838347       11.786435      0.42296751      0.99115621      0.16052852     -0.95191445       6.7763305        6.7763305      0.74193509                                     0.74193509
              8        7.241701        1.191305       -31.02616       6.2733928      0.25131358       1.0106771      0.20372685     -0.13181394       6.7763305        6.7763305      0.93074098                                     0.93074098
              3       8.5227912       1.5702586       -32.65648       15.527843      0.16632002      0.20501428      0.59678909     -0.79013036       6.7763305        6.7763305       3.4929215                                      3.4929215
              1       7.0188073       1.6136637      -32.112385       4.3229926       0.2765397       1.1914666      0.46619202     -0.94613417       6.7763305        6.7763305      0.48495368                                     0.48495368
              3       7.2165576      0.58520593      -30.871812       22.226086      0.43020257      0.99408428     0.041445886      0.16152906       6.7763305        6.7763305      0.88045418                                     0.88045418
             22       7.0308521      0.62529523      -30.574082       19.671576      0.40906643      0.99951995     0.048268431      0.97911743       6.7763305        6.7763305      0.50904325                                     0.50904325
             23       6.8965916       0.5880776      -30.571463       19.919789      0.38810048      0.99574173     0.042295724     -0.71082788       6.7763305        6.7763305      0.24052219                                     0.24052219
              1       6.8476816      0.34535689      -30.469267       26.588782       0.3064906       1.0031653     0.014210488       -0.565831       6.7763305        6.7763305      0.14270227                                     0.14270227
             21       6.8915652      0.45745977      -30.229556       25.418785      0.38712681        1.000616     0.025383664      0.81036089       6.7763305        6.7763305      0.23046953                                     0.23046953
             13       7.1170004      0.49683557      -30.297856       25.357879      0.41959071       1.0009726     0.030104709       0.6714835       6.7763305        6.7763305      0.68133984                                     0.68133984
              9       7.9650725      0.39436661      -30.117991       15.032899      0.19706053      0.99903034     0.018656499      0.33219747       6.7763305        6.7763305        2.377484                                       2.377484
              1       7.4028988      0.61415249      -30.374746       21.940898      0.44722697      0.99751464     0.046782114     -0.41068164       6.7763305        6.7763305       1.2531367                                      1.2531367
              9        6.995803       1.6815162      -31.879744       8.0701484      0.40427775      0.89540431      0.55479425     -0.55540311       6.7763305        6.7763305      0.43894506                                     0.43894506
              8       6.7838264       1.8069936      -31.299456       5.6531923      0.33049053      0.97236777      0.57436134     -0.75673859       6.7763305        6.7763305      0.01499185                                     0.01499185
             14       6.9129637       1.0663158      -31.487072       11.302667       0.3911384      0.97540634      0.16435607      0.28613621       6.7763305        6.7763305      0.27326647                                     0.27326647
              9       6.9786753       1.1603964      -31.258592       10.164998      0.40179832        1.023803      0.18875557     -0.97480601       6.7763305        6.7763305      0.40468974                                     0.40468974
              4       6.9616031      0.94482299      -30.689213       9.0666274      0.28477992      0.99916002      0.11759341      0.96421207       6.7763305        6.7763305      0.37054522                                     0.37054522
              4       8.6619418       1.1060314       -30.95499       4.2962841      0.15945542       1.0085577      0.16422679    -0.079077899       6.7763305        6.7763305       3.7712228                                      3.7712228
              5       7.8191871      0.98552709       -32.65519       24.237047      0.20624521      0.25951205      0.23568559     -0.70001423       6.7763305        6.7763305       2.0857132                                      2.0857132
              6       8.4183075      0.68945921      -32.683528       30.416138      0.17165618      0.24601903      0.10650461     -0.71263657       6.7763305        6.7763305       3.2839541                                      3.2839541
             18       7.2423071       0.6640442      -32.390422       25.809817      0.43274546      0.75887897      0.10440992      0.34761386       6.7763305        6.7763305      0.93195327                                     0.93195327
             13       6.7763521      0.34791803       -32.08187       26.249154      0.34138099       1.1234895     0.019324113    -0.053080994       6.7763305        6.7763305   4.3364722e-05                                  4.3364722e-05
             15       6.9886371      0.23017031      -31.375287       53.361706      0.40325262      0.98677944    0.0065653872      0.59736751       6.7763305        6.7763305      0.42461328                                     0.42461328
             24       6.9159711      0.21959723      -31.292406       54.629219      0.39167625      0.98128981    0.0059750949     -0.18140078       6.7763305        6.7763305      0.27928134                                     0.27928134
             11       7.2538783       0.2890662      -30.673616       45.366042      0.43386526      0.99437127     0.010008604     -0.90915206       6.7763305        6.7763305      0.95509565                                     0.95509565
             14       10.449035      0.14567357      -31.739644       17.343121     0.087237308       1.0378059    0.0028111731      0.42474819       6.7763305        6.7763305       7.3454085                                      7.3454085
              6       8.2428999       1.4530175      -32.844206       40.327716      0.18101176     0.092844076      0.25825053     -0.91333125       6.7763305        6.7763305       2.9331388                                      2.9331388
              2       8.7881208      0.72399419      -32.820218       47.304987      0.15344667      0.13465961     0.075353321     -0.85441423       6.7763305        6.7763305       4.0235807                                      4.0235807
              1       7.1623552      0.31170853      -31.444401       39.606592      0.42459437       1.0336654     0.011859815     -0.92812992       6.7763305        6.7763305      0.77204947                                     0.77204947
              3       7.2683545      0.65460658      -32.290424       20.100936      0.43524725      0.99417143     0.054612725      0.99887515       6.7763305        6.7763305      0.98404811                                     0.98404811
              3       8.2486071      0.39127901      -30.908259       38.608374      0.50330119       1.0013405      0.01849581      0.96345549       6.7763305        6.7763305       2.9445532                                      2.9445532
              2       7.3578569      0.54076726      -30.487433       24.732818      0.44337423      0.99634184     0.035621792     -0.86329291       6.7763305        6.7763305       1.1630528                                      1.1630528
              8       7.4055475      0.54413565      -30.489723       24.730895      0.44744915      0.99935224     0.036123834      0.94339583       6.7763305        6.7763305       1.2584341                                      1.2584341
              2       8.4298261      0.20800729        -30.9826       24.607359      0.17105973       1.0044449    0.0052121711      0.71425094       6.7763305        6.7763305       3.3069913                                      3.3069913
              6        7.113714      0.44950008       -32.44449       43.354658      0.41921555      0.64653755     0.054181778     0.034943847       6.7763305        6.7763305      0.67476706                                     0.67476706
             22       7.7469241      0.12526553       -31.86695       53.064703      0.21103309      0.95419065    0.0021385667      0.54322719       6.7763305        6.7763305       1.9411874                                      1.9411874
              1       6.8340857      0.28416526      -31.465733       32.178224      0.31005238       1.0191167    0.0090960495      0.38933048       6.7763305        6.7763305      0.11551043                                     0.11551043
              2       6.7763851      0.33325149      -31.514356       32.173755      0.34298296      0.96143647     0.012919539     -0.92347047       6.7763305        6.7763305   0.00010934838                                  0.00010934838
              4       7.2467498      0.24281329      -31.458091       30.175853      0.25082297       1.0288622    0.0066373141     -0.44272331       6.7763305        6.7763305      0.94083876                                     0.94083876
              8       7.1909305       0.2619891      -31.485362       29.881258       0.2564032      0.98438106    0.0085946814      0.66498539       6.7763305        6.7763305      0.82920007                                     0.82920007
              1       7.0890644      0.23156838      -31.908338       38.486087      0.26765866       0.9026517    0.0071538637      -0.7415414       6.7763305        6.7763305      0.62546789                                     0.62546789
