#        weight    minuslogpost         theta_i      log10_m_eV        C_agamma        beta_deg             eta         Omega_a           w_a_0   minuslogprior minuslogprior__0            chi2 chi2__birefringence_lk.BirefringenceLikelihood
              1       6.8033431       1.7571509      -30.664558       6.1858586      0.36384874       1.0060828      0.53956643     -0.59625811       6.7763305        6.7763305     0.054025268                                    0.054025268
              1       6.7851927       1.7020603      -30.700042       5.7922175      0.32948547       1.0044732      0.50161911      0.25999645       6.7763305        6.7763305     0.017724465                                    0.017724465
              2       6.8816095       1.2345953      -30.585459       7.3130088      0.29886658      0.99489798       0.2170916     -0.97902477       6.7763305        6.7763305      0.21055813                                     0.21055813
              4        6.974903       1.1916112      -30.486069       7.1601252      0.28276173      0.99606425      0.19984909     -0.88031742       6.7763305        6.7763305      0.39714499                                     0.39714499
              1       7.3400976      0.96892461      -30.679925       7.4961354      0.24218571       1.0021737      0.12487689      0.74999979       6.7763305        6.7763305       1.1275343                                      1.1275343
              1       6.9478865       1.0398055       -30.74511       8.2526604      0.28693878       1.0049977      0.14713189      0.04493773       6.7763305        6.7763305      0.34311202                                     0.34311202
              1       6.9585116       1.0303677      -30.557815       8.3376481      0.28525931      0.99798942      0.14153651      0.62832097       6.7763305        6.7763305      0.36436237                                     0.36436237
              2       6.9152565       1.0630998      -30.550935       8.2600548      0.29245103       1.0009631      0.15240329      0.91162962       6.7763305        6.7763305      0.27785206                                     0.27785206
              2       6.7939081        1.520489      -31.028844       7.0053386      0.35962473         1.01475        0.368117     -0.92325993       6.7763305        6.7763305     0.035155189                                    0.035155189
              1       6.8182191       1.3565505      -31.405169       7.1039522      0.31479236      0.98177071      0.25969027      0.41420476       6.7763305        6.7763305      0.08377726                                     0.08377726
              1       6.8183843       1.3401647      -31.489956       7.2996452      0.31473874      0.96696819      0.28310844     -0.16519104       6.7763305        6.7763305     0.084107751                                    0.084107751
              1       6.8462523       1.1375113      -31.266889        7.949295      0.30684807       1.0199079       0.1723236     -0.39953674       6.7763305        6.7763305      0.13984362                                     0.13984362
              3       8.1715072      0.84558489      -31.459896       6.4090467       0.1849791       1.0258737     0.086498631    -0.069966706       6.7763305        6.7763305       2.7903535                                      2.7903535
              2       6.7776542       1.2174093       -31.72769       8.0671099      0.33716332       1.0318288      0.23030499      0.63277724       6.7763305        6.7763305    0.0026475151                                   0.0026475151
              1       6.9788918       1.0941416      -31.661642       8.2453006      0.28216971      0.94005284      0.16764857     -0.95883358       6.7763305        6.7763305       0.4051226                                      0.4051226
              2       6.9333974        1.091799       -31.68925        8.318485      0.28931522      0.95742827      0.14688098      0.01113203       6.7763305        6.7763305      0.31413377                                     0.31413377
              1       6.8526023       1.0988734      -31.361332       8.2827126      0.30528657       1.0081133      0.16074792      0.84946267       6.7763305        6.7763305      0.15254369                                     0.15254369
              2       7.2948003       1.5093447      -31.374943       8.9257935      0.43772042      0.97652517      0.37721114      0.04848274       6.7763305        6.7763305       1.0369397                                      1.0369397
              1       7.3950535       1.9069177       -31.03186       6.9380786      0.44656612       1.0144637      0.68258337        -0.54701       6.7763305        6.7763305       1.2374462                                      1.2374462
              1       7.0355343       1.8290988      -30.987092       6.6348115      0.40968051       1.0146154      0.61110098     -0.99504855       6.7763305        6.7763305      0.51840774                                     0.51840774
              7       7.3996808       2.1608663      -30.432003       6.1887758      0.44695641       1.0045104       1.0577676     -0.97793488       6.7763305        6.7763305       1.2467007                                      1.2467007
              3        9.440311        2.087953      -30.540151       8.0873599      0.55897434      0.99491574      0.93207705     -0.61376399       6.7763305        6.7763305       5.3279611                                      5.3279611
              2       9.2956459       2.3773787      -30.236394       6.9701964      0.55300081       1.0030078       1.5448685     -0.80021331       6.7763305        6.7763305       5.0386309                                      5.0386309
              1       9.1017243       2.4682857       -30.50016       6.6364265      0.54471744       0.9994555       1.8201055      0.98417196       6.7763305        6.7763305       4.6507877                                      4.6507877
              1       7.7817503       2.2185906      -30.674495       6.4670071      0.47529583      0.99564705       1.1571036        0.420221       6.7763305        6.7763305       2.0108397                                      2.0108397
              2       6.7839194       2.2076621      -30.494654        4.813464      0.35358068       1.0000463       1.1461294      0.99983062       6.7763305        6.7763305     0.015177931                                    0.015177931
              3       6.7771239       2.1957162      -30.466214       4.7096147      0.34574446       1.0048831       1.1260337     -0.91998888       6.7763305        6.7763305    0.0015868001                                   0.0015868001
              1       6.9437532       2.0638729      -30.335934       5.7871252      0.39639389       0.9974773      0.90512272    -0.019234373       6.7763305        6.7763305      0.33484553                                     0.33484553
              1       7.1501767        2.007538      -30.926111       6.4076605      0.42328106      0.98897989      0.83532658     -0.32348717       6.7763305        6.7763305       0.7476924                                      0.7476924
              3       6.9068586       2.2886912      -31.386164       5.3121433      0.39002804      0.96418584       1.2597458     -0.44738166       6.7763305        6.7763305      0.26105622                                     0.26105622
              1       6.9595941       2.2027406       -31.30675       5.4902425        0.398909      0.99138161        1.114059      0.87337923       6.7763305        6.7763305      0.36652725                                     0.36652725
              1       7.1682462       1.9106187       -32.21984       6.4896217       0.4252222       1.0307289      0.67473569      0.97016971       6.7763305        6.7763305      0.78383145                                     0.78383145
              1       8.7146059       1.9934437      -32.193755       7.3596729      0.52707621       1.0797739      0.68538045      0.75749219       6.7763305        6.7763305       3.8765508                                      3.8765508
              2       8.3616564       1.9803706      -32.100349       6.4224676      0.50937945       1.2036908      0.81611912     -0.99178072       6.7763305        6.7763305        3.170652                                       3.170652
              1         6.79671       1.8132955      -31.928189       6.6713782      0.36097755      0.89684615      0.51673138     -0.51060726       6.7763305        6.7763305     0.040759088                                    0.040759088
              1       6.7770346       1.7690027      -31.941821       6.2910962       0.3384726      0.91409347      0.46862085    -0.033625522       6.7763305        6.7763305    0.0014081681                                   0.0014081681
              2       6.7771845       1.8069676      -31.938211       6.1791102      0.33811516      0.91014426       0.5001272     -0.12380254       6.7763305        6.7763305    0.0017080137                                   0.0017080137
              4       6.8304869       1.7035666      -31.723452       5.2641696      0.31106373        1.042515       0.5550429      0.45733008       6.7763305        6.7763305       0.1083129                                      0.1083129
              2       6.8055479       1.6972393      -31.743052       5.2671476      0.31927709       1.0734235      0.55003441     -0.47997313       6.7763305        6.7763305     0.058434889                                    0.058434889
              4        7.725643       1.6324547        -31.9499       4.2462951      0.21247683      0.92125989      0.37202403       0.1020347       6.7763305        6.7763305       1.8986251                                      1.8986251
              7       7.7266793       1.6325935      -31.953278       4.2189794      0.21240616      0.92683737      0.37337884      0.23920724       6.7763305        6.7763305       1.9006976                                      1.9006976
              5       7.0261477       1.7437265      -31.751227       4.3882615      0.27555626       1.0823341       0.5714629     -0.82004754       6.7763305        6.7763305      0.49963449                                     0.49963449
              4       7.0134621         1.73822      -31.749493       4.4350197      0.27726523       1.0809784      0.57167965      -0.7629743       6.7763305        6.7763305      0.47426331                                     0.47426331
              3       6.9198238       1.9264443       -31.63809       4.8521277      0.29164313      0.93774547       0.7792015     -0.56912674       6.7763305        6.7763305      0.28698671                                     0.28698671
              1       7.0169125       2.7157824      -31.464267       4.8023908      0.40720403      0.93838595       3.2083302     -0.64997248       6.7763305        6.7763305      0.48116399                                     0.48116399
              2       7.5631926       2.7602509      -31.252266       4.9371343      0.45992128       1.0143362       3.3073866      0.76185237       6.7763305        6.7763305       1.5737243                                      1.5737243
              2       8.4917063       2.8692265      -31.338358        5.543087      0.51610951      0.97532025       4.7260404      0.64110386       6.7763305        6.7763305       3.4307516                                      3.4307516
              4       8.4894269        2.868824      -31.338443       5.5437456      0.51599379      0.97512253       4.7215197      0.63522869       6.7763305        6.7763305       3.4261928                                      3.4261928
              4       8.0046566       2.8241186       -31.31047       4.9586363      0.48933289        1.050222       4.0823879     -0.89289131       6.7763305        6.7763305       2.4566522                                      2.4566522
              2       6.8688715       2.3950183      -30.685623        4.802846       0.3824399      0.99925793       1.5942211      0.98648581       6.7763305        6.7763305      0.18508212                                     0.18508212
              2       7.0182028       1.9716498      -31.305802       6.3173421      0.40737865      0.98300564      0.74453517      0.40722516       6.7763305        6.7763305      0.48374466                                     0.48374466
              2        7.546344       1.7102202      -32.297042        4.592774      0.22534804      0.86228052      0.75606216      0.70105046       6.7763305        6.7763305       1.5400271                                      1.5400271
              2       7.0969888       1.7523667      -32.193745       4.1110973      0.26672269       1.1127539      0.42085659      0.39098242       6.7763305        6.7763305      0.64131658                                     0.64131658
              1       6.9239158       1.5978394      -31.550136       5.3066764      0.29093017       1.0312286      0.44979261      0.29376213       6.7763305        6.7763305      0.29517062                                     0.29517062
              2       7.0018543       1.9064168      -30.682788       4.3645949      0.27886953       1.0073054      0.69280841     -0.94032512       6.7763305        6.7763305       0.4510476                                      0.4510476
              3       7.0465188       2.2179996      -30.809126       5.6236649      0.41109969      0.99057683       1.1524799     -0.46726593       6.7763305        6.7763305      0.54037661                                     0.54037661
              2       6.9354069        2.523997      -31.365589       4.9186201      0.39502074      0.95633421        2.104016     -0.72165605       6.7763305        6.7763305      0.31815289                                     0.31815289
              4       6.8984524       2.4848315      -31.538086       4.4380191      0.38845577       1.0587109       2.0242211     -0.41574373       6.7763305        6.7763305      0.24424388                                     0.24424388
              2        7.048854       2.5434832      -31.591952        4.959481      0.41139766      0.98020885       2.2098131      0.87932945       6.7763305        6.7763305        0.545047                                       0.545047
              2       7.0416792       2.5439815      -31.591687       4.9437792      0.41047805      0.98093183       2.2088637      0.88775367       6.7763305        6.7763305      0.53069754                                     0.53069754
              1       6.9370135       2.4182383      -30.889913       4.9724547      0.39528781      0.98801922        1.687242     -0.32758846       6.7763305        6.7763305      0.32136609                                     0.32136609
              1       6.8022872       1.9194886      -31.091338       5.0682991      0.32058253      0.99040764      0.72715887      0.50791841       6.7763305        6.7763305     0.051913533                                    0.051913533
              1       6.7763836       1.9222022      -31.091526       5.4169283      0.34296933      0.98997682      0.73089089      0.46442009       6.7763305        6.7763305   0.00010633759                                  0.00010633759
              3       6.8370944       1.8192345      -30.666254       6.1711026      0.37476919       1.0033081       0.5975255      0.54633987       6.7763305        6.7763305      0.12152785                                     0.12152785
              1       6.7781914       1.7851989      -30.656988       5.8716789      0.34773461      0.99705911      0.56533912      0.62016224       6.7763305        6.7763305    0.0037217912                                   0.0037217912
              5       6.7863443       1.7360844      -30.228123       6.1587072      0.35530277      0.99875761      0.52360333      0.51263524       6.7763305        6.7763305     0.020027584                                    0.020027584
              1       7.1863153       1.5937995      -30.461682       8.0877927      0.42711905       0.9958803      0.41347432     -0.99401105       6.7763305        6.7763305      0.81996975                                     0.81996975
              2        6.872014       1.5365552      -30.879685       7.4199185      0.38312079       1.0099743      0.37936601      -0.7324167       6.7763305        6.7763305      0.19136707                                     0.19136707
              1        6.879157       1.3035602      -30.932369       8.9712637      0.38462806      0.98850339      0.24678845     -0.99721579       6.7763305        6.7763305      0.20565316                                     0.20565316
              2       6.8293946       1.2716581      -32.244776        8.356255      0.37262268       1.0539236      0.20005565      0.87765666       6.7763305        6.7763305       0.1061282                                      0.1061282
              2       7.4039819        2.012058      -32.387914       6.6152553      0.23668212      0.53444159       1.7774654      -0.2352716       6.7763305        6.7763305       1.2553029                                      1.2553029
              1       7.5777925        1.936105      -32.372039       5.7932349      0.22298976      0.59752596       1.5465026    -0.081360405       6.7763305        6.7763305       1.6029241                                      1.6029241
              1       7.1601291       1.6879608      -32.258256       4.7566964      0.25964413      0.97192475      0.54781619      0.97994156       6.7763305        6.7763305      0.76759719                                     0.76759719
              1       6.7807135       1.0058012      -32.169182       8.9480137      0.35080097       1.1715043      0.11564363     -0.89306631       6.7763305        6.7763305     0.008766078                                    0.008766078
              2       6.8650736       1.2123853      -30.742529       9.4516986      0.38160138       1.0008784      0.20814388      0.97120747       6.7763305        6.7763305      0.17748633                                     0.17748633
              3       8.0815792       1.2799601       -31.23015        11.81139      0.49387612      0.98184401      0.22842181     -0.31680218       6.7763305        6.7763305       2.6104975                                      2.6104975
              1       7.5334721      0.54027301      -30.923158       12.560259      0.22632716        1.002413     0.035381832      0.88990342       6.7763305        6.7763305       1.5142833                                      1.5142833
              1       7.0211448       0.5899853      -30.953039        13.92393      0.27622494       1.0106057     0.042378777     -0.84400951       6.7763305        6.7763305      0.48962866                                     0.48962866
              1       6.8792498      0.63904195      -31.104548       14.305148      0.29935273      0.98420007     0.050687632     -0.99754276       6.7763305        6.7763305       0.2058386                                      0.2058386
              2       6.8350495      0.76453015      -31.596834       11.727529      0.30978692       1.0384459     0.068320321     -0.30134928       6.7763305        6.7763305      0.11743801                                     0.11743801
              2       6.8028752      0.80413841      -30.975792       12.055785       0.3203413      0.99313557     0.080873634      0.32308396       6.7763305        6.7763305     0.053089537                                    0.053089537
              2        6.871259      0.87578496      -31.029738       12.973682      0.38295823       1.0130073      0.10057422     -0.80881415       6.7763305        6.7763305        0.189857                                       0.189857
              1       6.9801889      0.55170116      -30.088225       15.339402      0.28197845       1.0014413     0.037287937     -0.94001591       6.7763305        6.7763305      0.40771688                                     0.40771688
              5       7.3690647      0.46801763      -30.167806        15.40471      0.23965353       0.9990564      0.02661576      0.49471989       6.7763305        6.7763305       1.1854684                                      1.1854684
              6       7.3506739      0.46496806      -30.154175       15.569563       0.2412538       1.0016051     0.026136501     -0.76128853       6.7763305        6.7763305       1.1486869                                      1.1486869
              1       9.9156895       1.0080545      -30.316528       17.177262      0.57753928       1.0024563      0.13510878     -0.71881334       6.7763305        6.7763305        6.278718                                       6.278718
              2       9.7236008       1.0875121      -31.182873       15.534147      0.57021955       1.0144777      0.16650045    -0.031023186       6.7763305        6.7763305       5.8945407                                      5.8945407
              1       8.7832178       1.1212827      -31.290554        14.51146      0.53032343      0.97957227      0.18016842     -0.22804056       6.7763305        6.7763305       4.0137747                                      4.0137747
              3        7.419167      0.97875287      -30.814491       13.836848      0.44858427      0.99553319      0.12525096      0.42398236       6.7763305        6.7763305        1.285673                                       1.285673
              1       6.8275737       1.2051648      -31.217456       9.4574165      0.37209271      0.98119229      0.21137571     -0.43523597       6.7763305        6.7763305      0.10248654                                     0.10248654
              1       6.9468336        1.461064      -32.271534       8.3952592        0.396892      0.97250288      0.36865212      0.97984775       6.7763305        6.7763305      0.34100636                                     0.34100636
              4       7.2388429       1.4943706      -32.168282       7.4573478      0.43240752       1.1661984      0.27852649     -0.63177493       6.7763305        6.7763305      0.92502485                                     0.92502485
              2       7.2447003       1.4543357      -32.081171       7.7015447      0.43297819       1.1618376      0.42015576     -0.45172556       6.7763305        6.7763305      0.93673967                                     0.93673967
              1       6.7763309       1.3969365      -32.001301       7.2859655      0.34209109       1.0101826      0.30507552      0.98940233       6.7763305        6.7763305   9.3901878e-07                                  9.3901878e-07
              1       7.7491219       1.9626298      -31.185395       7.0749502      0.47311511       1.0240636      0.76470975     -0.99614079       6.7763305        6.7763305       1.9455829                                      1.9455829
              1       7.6720221       2.1314399      -31.228384       6.6858974      0.46781201      0.98664397      0.97837945      0.53490291       6.7763305        6.7763305       1.7913832                                      1.7913832
              1       8.6598427       2.1822274      -31.629994       7.7298842      0.52444295      0.93443081       1.1951273      -0.5108072       6.7763305        6.7763305       3.7670245                                      3.7670245
              6       7.6908334       1.9656408      -32.104878       5.9634867       0.4691263       1.2028384      0.77828585     -0.99896967       6.7763305        6.7763305       1.8290059                                      1.8290059
              2       6.7943442       2.1657102      -31.943145       5.2686235      0.35984203      0.94784271      0.95984015      0.72264674       6.7763305        6.7763305     0.036027378                                    0.036027378
              2       6.7994295       2.1876595      -31.956645       5.0524096      0.36220412      0.98491105       1.0885967      0.98035579       6.7763305        6.7763305     0.046198112                                    0.046198112
              2        6.869761       2.0672074      -32.042777       4.7679595      0.38263378        1.166779       1.1859961     -0.30996981       6.7763305        6.7763305      0.18686104                                     0.18686104
              2       6.7923296        2.011191      -31.987037       5.1734367      0.35881476       1.0364772       0.9245732      0.90071305       6.7763305        6.7763305      0.03199822                                     0.03199822
              3       6.8007591       2.3399883      -31.232984       4.1027657      0.32122256       1.0056284       1.4622627      0.93478203       6.7763305        6.7763305     0.048857174                                    0.048857174
              1       6.7798081        2.334941      -31.243554       4.1830018      0.33416053       1.0282841       1.4766183     -0.54617247       6.7763305        6.7763305    0.0069553209                                   0.0069553209
              3       6.9253309       2.5025058      -31.057193       4.7193112      0.39331409       1.0009392        1.950033       0.9964996       6.7763305        6.7763305      0.29800091                                     0.29800091
              5       7.0018737       2.7362254      -31.777031       4.6327827       0.4051332      0.96056318       3.5050164       0.8510336       6.7763305        6.7763305      0.45108652                                     0.45108652
              1       6.8097113       2.7270814      -31.796345       4.4769007      0.36628798       0.9017144       3.6857249      0.20436364       6.7763305        6.7763305     0.066761636                                    0.066761636
              6       6.7903031       2.4300642      -31.335429       4.2779206      0.35771382       1.0342063       1.6308013     -0.45242208       6.7763305        6.7763305     0.027945254                                    0.027945254
              1       6.8682793       2.0144021      -31.480859       5.9269699       0.3823103      0.96240753      0.88853726     -0.13252018       6.7763305        6.7763305       0.1838977                                      0.1838977
              1       7.2505876       1.3763625      -31.685954       5.7209546       0.2504518      0.95597103      0.25584784      0.02034244       6.7763305        6.7763305      0.94851431                                     0.94851431
              1       6.7764168       1.3700639      -31.757161       6.9962851      0.34323484       1.0762296      0.30253352     -0.77171175       6.7763305        6.7763305   0.00017257094                                  0.00017257094
              2       6.8537613       1.2010167      -30.634944       7.6716164      0.30500869      0.99494295      0.20454509     -0.55532177       6.7763305        6.7763305      0.15486162                                     0.15486162
              2       7.1688195      0.86680102      -30.416763       9.0005621      0.25871695      0.99668459      0.09696471     -0.99679254       6.7763305        6.7763305      0.78497809                                     0.78497809
              2       6.8462446      0.92370933      -30.418495       10.000408         0.30685      0.99837793      0.11100931      0.53243964       6.7763305        6.7763305      0.13982826                                     0.13982826
              1        8.181214      0.52657321      -30.462424       10.564658      0.18443382      0.99643335     0.033792825     -0.98518577       6.7763305        6.7763305       2.8097671                                      2.8097671
              2       7.3899662      0.64868916      -30.598584       11.028314      0.23786466       0.9993234      0.05233849      0.96292604       6.7763305        6.7763305       1.2272714                                      1.2272714
              2       7.3525708      0.66718265      -30.600398       10.900626      0.24108756      0.99632383     0.055875587    -0.087319751       6.7763305        6.7763305       1.1524807                                      1.1524807
              2        6.798221       1.0453631      -30.697985       10.416761      0.36166848      0.99823479      0.14630873       0.8501058       6.7763305        6.7763305     0.043781001                                    0.043781001
              1       6.8111797       1.1811543      -31.039598       8.0272971      0.31718356       1.0054411      0.19194038      0.71169804       6.7763305        6.7763305     0.069698461                                    0.069698461
              2       6.8438071       1.4957338      -30.471048       7.5710758      0.37653182      0.99933638      0.35022206      0.94923289       6.7763305        6.7763305      0.13495325                                     0.13495325
              1       6.8752297       1.4573248      -30.669002       7.9245821      0.38380608      0.99885176      0.32790003      0.93722736       6.7763305        6.7763305      0.19779855                                     0.19779855
              1       6.8309898       1.2249459      -30.365459       9.1820002      0.37307958      0.99694034      0.21301758     -0.95565511       6.7763305        6.7763305      0.10931873                                     0.10931873
              2        6.777438       1.1638627      -30.378519       8.9348181      0.34642404       1.0012498      0.18919814      0.68009949       6.7763305        6.7763305    0.0022150426                                   0.0022150426
              1       6.7965481       1.0757885      -30.119209       9.0146121      0.32309798       1.0013415      0.15751579     -0.29473213       6.7763305        6.7763305     0.040435295                                    0.040435295
              1       6.8410301       1.1613188      -30.025312       7.9842891      0.30818622      0.99895838       0.1870927    -0.006174973       6.7763305        6.7763305      0.12939925                                     0.12939925
              2       7.0420833       1.1228975      -30.326285       7.3128107      0.27346983       1.0009373      0.17287276      0.76399218       6.7763305        6.7763305      0.53150564                                     0.53150564
              1       7.3115593       1.1418175      -30.157799       6.4466396      0.24474485      0.99932185      0.17988639      0.76299041       6.7763305        6.7763305       1.0704577                                      1.0704577
              1       7.8237715       1.1696986      -30.075897         5.30022      0.20594715       0.9984121      0.19054528     -0.94348546       6.7763305        6.7763305       2.0948821                                      2.0948821
              2       7.8244425       1.1694829      -30.075883       5.3001002      0.20590358      0.99840757      0.19047978     -0.95495092       6.7763305        6.7763305       2.0962241                                      2.0962241
              4       6.8294319       1.2745443      -30.386383        7.360834      0.31136654      0.99749762      0.23277807     -0.17621197       6.7763305        6.7763305      0.10620292                                     0.10620292
              1       6.8523679       1.3940239      -30.677522       8.1768139      0.37865698       0.9984206      0.29044365      0.88189718       6.7763305        6.7763305      0.15207494                                     0.15207494
              1       6.9866921      0.99024448      -30.960313       8.5337992      0.28102861      0.99951102      0.13042582      0.99654185       6.7763305        6.7763305      0.42072327                                     0.42072327
              1       7.2976272       1.2495277      -31.240146       5.9244381      0.24601898       0.9988435      0.22226423      0.99500387       6.7763305        6.7763305       1.0425935                                      1.0425935
              1       7.0801138       1.7414936      -31.177976       7.0724815      0.41526977       1.0133478      0.54703245      0.30041208       6.7763305        6.7763305      0.60756667                                     0.60756667
              1       7.4739739       1.7235998      -31.578313       7.5050637      0.45303493       1.0525986      0.49397615      -0.8635691       6.7763305        6.7763305       1.3952869                                      1.3952869
              1       7.1603391       1.8795887       -31.38091       7.0419954       0.4243784      0.96364396      0.68003348     -0.90946345       6.7763305        6.7763305      0.76801732                                     0.76801732
              1       8.1501476       1.3380423      -31.009476       4.2407021       0.1861857      0.98619002      0.26305578     -0.99725819       6.7763305        6.7763305       2.7476342                                      2.7476342
              2       7.9663462       1.3124718      -30.905617       4.5172959      0.19698291      0.99857784      0.25017368      0.96546781       6.7763305        6.7763305       2.3800314                                      2.3800314
              1       7.2459694       1.4722708      -31.113022       5.1498203      0.25089863       0.9945816      0.33014174      0.81589047       6.7763305        6.7763305      0.93927797                                     0.93927797
              2       7.9795028        1.338574      -31.594177       4.2412331      0.19618347       1.0386035      0.24327089     -0.14327977       6.7763305        6.7763305       2.4063446                                      2.4063446
              3       6.7868811       1.3079167      -31.575234       7.1806918      0.32834533       1.0507669      0.25225836     -0.98610998       6.7763305        6.7763305     0.021101191                                    0.021101191
              1       7.1793736       1.2119271      -31.373062       10.745207      0.42639537      0.98410876      0.21691129       0.5068284       6.7763305        6.7763305      0.80608627                                     0.80608627
              2       8.5557898       1.4760361      -31.105183       10.754196      0.51933191      0.98331343      0.33226234     -0.80798806       6.7763305        6.7763305       3.5589188                                      3.5589188
              1       7.5242406       1.2882125      -31.102807       10.845847      0.45696551      0.98300182      0.24085169     -0.99312877       6.7763305        6.7763305       1.4958203                                      1.4958203
              1       6.8675288       1.2207497      -31.533459       7.5135878      0.30185454      0.98911239      0.20394449      0.88064775       6.7763305        6.7763305      0.18239677                                     0.18239677
              3       6.7770663       1.2845154      -31.323092       8.0220355      0.34560606       1.0080437      0.24449573      0.84147577       6.7763305        6.7763305     0.001471671                                    0.001471671
              1       6.7816325       1.2370816        -31.2417         8.52817      0.35167976       1.0018785      0.21913383      0.98698119       6.7763305        6.7763305     0.010604088                                    0.010604088
              2       6.7764169       1.2171569      -31.307076       8.5983012      0.34076378      0.97862455      0.20109887     -0.31548336       6.7763305        6.7763305   0.00017295601                                  0.00017295601
              4       6.7809802       1.4195143      -32.395053       11.244592       0.3510648      0.66103693      0.64276347     0.079157249       6.7763305        6.7763305    0.0092995204                                   0.0092995204
              1       7.2345728      0.85107193      -32.171061       7.6018274      0.25201079       1.1707301     0.080587702     -0.91227533       6.7763305        6.7763305      0.91648459                                     0.91648459
              1        6.978457       1.1201966       -32.08186       6.6128687      0.28223395       1.1451094      0.22746017     -0.27806018       6.7763305        6.7763305      0.40425313                                     0.40425313
              3       7.2115364       1.1389398      -31.528365       6.8564614      0.25430188      0.97874755      0.16862929      0.50989812       6.7763305        6.7763305      0.87041191                                     0.87041191
              1       6.9722361      0.88804756      -30.684049       9.5251146      0.28316086       1.0061175      0.10214673     -0.99184466       6.7763305        6.7763305      0.39181126                                     0.39181126
              1       7.0568606      0.78991253      -30.955472       10.248614      0.27159028       1.0083051     0.077816822    -0.091628251       6.7763305        6.7763305      0.56106024                                     0.56106024
              3       7.3649578       1.1890116      -31.009523        11.37665      0.44399129      0.98649719       0.1983199     -0.99947462       6.7763305        6.7763305       1.1772548                                      1.1772548
              1       7.4597264        1.181913      -30.828499       11.449573      0.45189528       1.0036561      0.19330305      0.65767699       6.7763305        6.7763305       1.3667918                                      1.3667918
              1       8.5139519       1.2169535      -30.840974       12.857179      0.51723483      0.99355059      0.20632048    0.0021074481       6.7763305        6.7763305        3.475243                                       3.475243
              1       7.3505328       1.0454854      -31.373197       12.911484      0.44273383      0.98575833      0.15353873      0.58381564       6.7763305        6.7763305       1.1484047                                      1.1484047
              1       8.1525987       1.2020888      -31.487715       12.802747      0.49795324      0.97245779      0.21766011      0.14340943       6.7763305        6.7763305       2.7525365                                      2.7525365
              1       7.4753332       1.1563108       -31.49688       12.245371      0.45314304      0.96185738      0.19591977     -0.61887756       6.7763305        6.7763305       1.3980054                                      1.3980054
              3       8.4524487       1.0496458      -32.557938       12.658232      0.16989433       0.3843129       0.3286236     -0.51083299       6.7763305        6.7763305       3.3522366                                      3.3522366
              1        6.851325      0.85769047      -32.229366       12.006645      0.37840472       1.1043995     0.070456406      0.36427527       6.7763305        6.7763305      0.14998913                                     0.14998913
              3       7.2387136       1.0065855      -32.186233       11.151717      0.43239489       1.1577373      0.10567701      -0.6231739       6.7763305        6.7763305      0.92476635                                     0.92476635
              1       8.2961921       1.1500375      -32.188874       11.473166      0.50588714        1.152339      0.14021155     -0.47081028       6.7763305        6.7763305       3.0397233                                      3.0397233
              3       11.166433       1.1110325      -32.732061       9.6203732     0.063464738      0.17845787      0.23711649     -0.80891891       6.7763305        6.7763305       8.7802051                                      8.7802051
              1       13.385089       1.3103444       -33.96066       9.8992775   0.00025450914   0.00058970707    0.0014295442     -0.99947782       6.7763305        6.7763305       13.217517                                      13.217517
              1       13.382402       1.2971133      -33.936523       11.317038   0.00032398798     0.000663346    0.0015699996     -0.99941048       6.7763305        6.7763305       13.212143                                      13.212143
              1       13.387261       1.0659967      -34.021656        11.27922   0.00019834339    0.0004957979   0.00075078188     -0.99953489       6.7763305        6.7763305       13.221862                                      13.221862
              1       13.358271       1.0466329      -33.727289       14.063198   0.00094859842     0.001936983    0.0028118401      -0.9981738       6.7763305        6.7763305       13.163882                                      13.163882
              1       13.388523      0.59819873      -34.016807       14.325361   0.00016572799     0.000581255   0.00025813546     -0.99941458       6.7763305        6.7763305       13.224385                                      13.224385
              1       13.394446      0.79429176      -34.637944       15.089199   1.2660014e-05   3.1747523e-05   2.5481293e-05      -0.9999688       6.7763305        6.7763305       13.236231                                      13.236231
              2       13.394739      0.95351692      -34.816986        12.11508   5.0944777e-06   1.3254608e-05   1.5726857e-05      -0.9999873       6.7763305        6.7763305       13.236817                                      13.236817
              3       13.394361      0.92354037      -34.576193       11.913895   1.4855004e-05   4.0577475e-05   4.4929776e-05     -0.99996092       6.7763305        6.7763305       13.236061                                      13.236061
              2       13.394068      0.86655396      -34.524334       14.834243   2.2436313e-05   5.2458079e-05   5.0660084e-05       -0.999949       6.7763305        6.7763305       13.235475                                      13.235475
              2       13.394688      0.69480258      -34.765872       15.317394    6.399194e-06   1.8071778e-05   1.0953433e-05       -0.999982       6.7763305        6.7763305       13.236716                                      13.236716
              1       13.393973      0.79837539      -34.502912       15.862296    2.488465e-05   5.9058207e-05   4.7916641e-05     -0.99994199       6.7763305        6.7763305       13.235285                                      13.235285
              3       13.393536      0.80583827      -34.416328        15.36257   3.6168309e-05   8.7808861e-05   7.2657372e-05     -0.99991384       6.7763305        6.7763305       13.234412                                      13.234412
              1       13.394342      0.56488232      -34.523833       14.421895   1.5357032e-05   5.6656387e-05   2.2374816e-05     -0.99994276       6.7763305        6.7763305       13.236023                                      13.236023
              1       13.380559      0.60374401      -33.826816       13.287941   0.00037166002    0.0013923782   0.00062964477      -0.9985978       6.7763305        6.7763305       13.208457                                      13.208457
              1       13.357006      0.63006473      -33.638494       14.210592     0.000981393    0.0032943332    0.0016234559     -0.99668805       6.7763305        6.7763305        13.16135                                       13.16135
              1       13.393282      0.24437466      -34.146649       15.638103   4.2747623e-05   0.00033619686    2.429739e-05     -0.99965272       6.7763305        6.7763305       13.233902                                      13.233902
              3       13.394508      0.66871807      -34.655861       16.490306    1.107207e-05   3.0177202e-05   1.6889815e-05     -0.99996985       6.7763305        6.7763305       13.236354                                      13.236354
              2       13.394637     0.089077534      -34.267442       13.426927   7.7376147e-06   0.00019443936   1.8593636e-06     -0.99979829       6.7763305        6.7763305       13.236612                                      13.236612
              2       13.394724      0.22568142      -34.526099       12.450959   5.4846105e-06   5.8663651e-05   3.6143879e-06     -0.99993937       6.7763305        6.7763305       13.236787                                      13.236787
              1       13.394794      0.10011563      -34.440667       12.592512   3.6718807e-06   8.7537911e-05   1.0577269e-06     -0.99990921       6.7763305        6.7763305       13.236927                                      13.236927
              1       13.394645       0.1823796      -34.444306       14.441227   7.5143934e-06   8.5750268e-05   3.4451306e-06     -0.99991124       6.7763305        6.7763305        13.23663                                       13.23663
              2       13.393819      0.24807946      -34.216879       14.373112   2.8855821e-05   0.00024322809   1.8120182e-05      -0.9997488       6.7763305        6.7763305       13.234978                                      13.234978
              2       13.394852     0.068726332      -34.442579       10.940887   2.1727561e-06   8.6847471e-05   4.9429415e-07     -0.99990989       6.7763305        6.7763305       13.237043                                      13.237043
              2       13.394891     0.010066897      -34.157315       10.659365   1.1542274e-06   0.00032328558    3.945231e-08     -0.99966439       6.7763305        6.7763305       13.237122                                      13.237122
              1       13.386894      0.52193714      -33.884966       11.059289   0.00020783852    0.0010821876   0.00036296648     -0.99890168       6.7763305        6.7763305       13.221127                                      13.221127
              1       13.349138      0.67342447      -33.564234       11.522074    0.0011853073     0.004591275    0.0025936505      -0.9954032       6.7763305        6.7763305       13.145615                                      13.145615
              1         13.3939       1.3201545      -34.518853       13.580638   2.6777638e-05    4.488996e-05   0.00011082205     -0.99996038       6.7763305        6.7763305       13.235139                                      13.235139
              1       13.394214       1.7811843      -34.530665        9.898782   1.8660193e-05   3.1808809e-05   0.00016872397     -0.99997621       6.7763305        6.7763305       13.235767                                      13.235767
              1       13.389009       1.8236414      -33.975681       6.3712491    0.0001531801   0.00039624175    0.0022468673     -0.99970939       6.7763305        6.7763305       13.225356                                      13.225356
              1       13.372167       1.7297588      -33.702386       6.8207477   0.00058877979    0.0014998826    0.0073196168     -0.99884987       6.7763305        6.7763305       13.191673                                      13.191673
              1       13.371975       1.7328776      -33.700581        6.824841   0.00059375207    0.0015089214    0.0074002648     -0.99884448       6.7763305        6.7763305       13.191289                                      13.191289
              1       13.394515       2.2584896      -34.525873       7.1493045   1.0886482e-05   2.0264111e-05   0.00023326726     -0.99998877       6.7763305        6.7763305       13.236369                                      13.236369
              1       13.391614       2.5143864      -34.078096        9.440811   8.5855484e-05   0.00010870478    0.0020301681     -0.99995398       6.7763305        6.7763305       13.230566                                      13.230566
              1       13.391782       2.5005934      -34.095186       9.5164229    8.150693e-05   0.00010294366    0.0018680491     -0.99995564       6.7763305        6.7763305       13.230903                                      13.230903
              2       13.390508       2.0868515      -34.141881       11.388636   0.00011441593   0.00014469219    0.0012488995     -0.99990871       6.7763305        6.7763305       13.228356                                      13.228356
              1        13.39472       2.3380543      -34.778366       12.600091   5.5874393e-06   5.7004147e-06   7.5574617e-05     -0.99999706       6.7763305        6.7763305       13.236779                                      13.236779
              1       13.394795       2.1628874      -34.936982       14.831938   3.6520898e-06    3.421618e-06    3.347977e-05     -0.99999795       6.7763305        6.7763305       13.236929                                      13.236929
              1       13.368638       2.7044327      -33.684154       16.883831   0.00068011296   0.00044766772     0.013118124     -0.99986005       6.7763305        6.7763305       13.184616                                      13.184616
              2       11.705014       2.0292727      -32.921058       16.161669     0.046873433     0.042955824      0.31999605     -0.96954778       6.7763305        6.7763305       9.8573665                                      9.8573665
              3       8.5713659       1.8697692      -32.668444       16.422398      0.16389367      0.16042037      0.79731779      -0.8545569       6.7763305        6.7763305       3.5900708                                      3.5900708
              3       6.8012584       1.4419775      -32.495472       17.165082      0.36298872      0.44076862      0.71174876     -0.42010499       6.7763305        6.7763305     0.049855843                                    0.049855843
              3        6.856236       1.4628313      -32.488604       17.326056       0.3795778      0.45012044      0.74012111     -0.40288508       6.7763305        6.7763305      0.15981112                                     0.15981112
              7       7.3736835       1.5927311      -32.581493       15.894805      0.23925554      0.28404441      0.76398755     -0.68483154       6.7763305        6.7763305       1.1947061                                      1.1947061
              1       7.0263611       1.5820834      -32.546586       15.697268      0.27552789      0.33345252      0.81600889      -0.6098339       6.7763305        6.7763305      0.50006133                                     0.50006133
              5       6.8150387       1.5418543      -32.466799       15.000356       0.3681544      0.47841743      0.85058692     -0.34907407       6.7763305        6.7763305     0.077416522                                    0.077416522
              1       7.4325837       1.5582393      -32.563484       14.438714       0.2343092      0.31300307      0.76119001     -0.64056417       6.7763305        6.7763305       1.3125066                                      1.3125066
              6       7.4896793       1.6760841      -32.567378       14.223772      0.22972222       0.2896105      0.88244598      -0.6802224       6.7763305        6.7763305       1.4266976                                      1.4266976
              2        7.029176       1.7173242      -32.519594       13.719256      0.27515475      0.35100724       1.0354842      -0.5869961       6.7763305        6.7763305      0.50569113                                     0.50569113
              1       7.1950004      0.86614628       -32.39462       12.111351       0.2559841      0.73341716      0.19103914      0.27438202       6.7763305        6.7763305      0.83733977                                     0.83733977
              1        7.169353       1.1258602      -31.924741       12.727654      0.42533963      0.89212337      0.16847836      -0.9879996       6.7763305        6.7763305      0.78604505                                     0.78604505
              1       7.8101984        1.644056      -32.564911        12.69143      0.20683153      0.29792811      0.85177181     -0.66663903       6.7763305        6.7763305       2.0677359                                      2.0677359
              1       7.5272126       1.7847754      -32.289173       8.8730807       0.4571937      0.86768909      0.84344068      0.72068584       6.7763305        6.7763305       1.5017642                                      1.5017642
              1       6.8892819       1.8034171      -32.410073       9.1307396      0.29732251      0.54268468       1.2867578     -0.21444294       6.7763305        6.7763305      0.22590288                                     0.22590288
             12       6.7828352       1.7538589      -32.374236       9.4072207      0.35272157       0.6425367       1.1298146     0.034270561       6.7763305        6.7763305     0.013009518                                    0.013009518
              1       6.9047709       1.5390829      -32.465898       11.957209      0.29435758      0.48073451       0.8470587     -0.34433338       6.7763305        6.7763305      0.25688095                                     0.25688095
              3       7.0325215       1.0856987      -32.010291       11.184508      0.40928602       1.0130306      0.16814458      0.98175131       6.7763305        6.7763305      0.51238212                                     0.51238212
              3       7.3089078       1.2643882      -31.329489       10.238478      0.43901395       1.0192586      0.24048699      0.13088074       6.7763305        6.7763305       1.0651547                                      1.0651547
              1        6.962508       1.2383189       -31.23444       9.8113738      0.39935965      0.98792449      0.21120393      0.42187126       6.7763305        6.7763305      0.37235502                                     0.37235502
              3       6.8319708       1.1497209      -31.584756       7.7483416      0.31064277       1.0480499      0.17611483     -0.88497654       6.7763305        6.7763305      0.11128066                                     0.11128066
              1       7.2006006      0.74243158      -31.426408       10.178255      0.25541073        1.015854     0.072913912      0.57133619       6.7763305        6.7763305       0.8485402                                      0.8485402
              1       6.8533053      0.90516228      -30.448511       10.152093      0.30511777      0.99794675      0.10727397      0.34927811       6.7763305        6.7763305      0.15394959                                     0.15394959
              2        8.292821      0.60732924       -30.34019       8.8256314      0.17829472      0.99974766     0.045452772      0.98466471       6.7763305        6.7763305        3.032981                                       3.032981
              1       8.4089125       0.5890414      -30.362987       8.7746261      0.17214421       1.0010134     0.042538777      0.74009888       6.7763305        6.7763305       3.2651641                                      3.2651641
              3       6.9560225      0.93860187      -31.392018       9.4439957      0.28564826      0.96853718      0.11527323      -0.9994619       6.7763305        6.7763305      0.35938414                                     0.35938414
              2       7.9926142      0.91956748      -30.593055       6.3565794      0.19539111       1.0046612      0.11107532     -0.73535202       6.7763305        6.7763305       2.4325675                                      2.4325675
              2       6.8443991       1.3314951      -30.524533       6.9599036      0.30731702      0.99670288      0.26223238    -0.052039478       6.7763305        6.7763305       0.1361373                                      0.1361373
              7         6.81064        1.073147      -31.193683       10.073094      0.36662351       1.0193425      0.15344128     -0.85005712       6.7763305        6.7763305     0.068618998                                    0.068618998
              1       8.8210847       1.1225493      -31.446852       13.749094      0.53209181       1.0361651      0.17099914     -0.97874179       6.7763305        6.7763305       4.0895085                                      4.0895085
              1        8.466757       1.1217703      -31.418274       13.734527       0.5148387       1.0043278        0.175497      0.96854475       6.7763305        6.7763305        3.380853                                       3.380853
              2        7.645478      0.98507649      -30.393097       14.218271      0.46593375      0.99983732      0.12875763      0.99541581       6.7763305        6.7763305       1.7382951                                      1.7382951
              2       9.6299942       1.2804123      -30.128254       13.321973      0.56656613      0.99828397        0.236153     -0.75377544       6.7763305        6.7763305       5.7073275                                      5.7073275
              2       9.1278027       1.2093944      -30.120563       13.552428      0.54585097       1.0009466      0.20579232      0.36944528       6.7763305        6.7763305       4.7029444                                      4.7029444
              2        10.13968      0.98772842      -31.120742       17.707478      0.58579729       1.0066419      0.13216341         0.69976       6.7763305        6.7763305       6.7266998                                      6.7266998
              1       7.0869761      0.77059048      -31.489454       16.647504      0.41609271      0.97485327     0.080433644      0.21222496       6.7763305        6.7763305      0.62129125                                     0.62129125
             17       7.7452614       0.8763118      -31.694987       16.826596      0.47285468      0.96381719       0.0900094      0.26856304       6.7763305        6.7763305        1.937862                                       1.937862
             12       7.9130215      0.73286447      -32.368294       10.174148      0.20026925      0.80726192      0.11729304      0.49932654       6.7763305        6.7763305       2.2733822                                      2.2733822
              2        6.940675       1.1868166      -31.936544       11.166242      0.39589153      0.89785764      0.17623173     -0.79319885       6.7763305        6.7763305      0.32868908                                     0.32868908
              2       8.1127695       1.5573838      -32.553569       11.109272      0.18831997      0.32714255      0.77688078     -0.61877641       6.7763305        6.7763305       2.6728781                                      2.6728781
              8       8.3232703       1.0926221      -31.321394       13.919428      0.50734062       1.0026057      0.16421574      0.98193778       6.7763305        6.7763305       3.0938797                                      3.0938797
              2       8.1739641       1.2200586      -32.378565       6.2136123       0.1848409      0.73281638      0.41051273      0.27851308       6.7763305        6.7763305       2.7952672                                      2.7952672
              5       7.2919344       1.2405458       -32.28306       6.1570224       0.2465445      0.97013839      0.24631927      0.97568145       6.7763305        6.7763305       1.0312078                                      1.0312078
              1       8.3924422      0.93641211      -32.401954       7.8279024      0.17300317      0.70935486      0.23410403      0.20601196       6.7763305        6.7763305       3.2322236                                      3.2322236
              1       7.4751123       1.2086104      -31.581825        10.73721      0.45312548       1.0494521      0.20104102     -0.95898778       6.7763305        6.7763305       1.3975637                                      1.3975637
              1       6.7924674       1.1272704      -30.979685       9.5566806      0.35888704       1.0012545      0.17568123      0.97988371       6.7763305        6.7763305     0.032273882                                    0.032273882
              6       8.5755862       1.9310996      -30.556204       8.1250967      0.52031558      0.99667953      0.71865609      0.29126622       6.7763305        6.7763305       3.5985114                                      3.5985114
              6       8.2372613       2.6124446      -30.684419       5.7915085      0.50267847      0.99855823       2.4311799       0.9599131       6.7763305        6.7763305       2.9218616                                      2.9218616
              7       8.8797142      0.84847474      -30.834729       19.070218      0.53479781      0.99338351     0.093964718     -0.15364766       6.7763305        6.7763305       4.2067675                                      4.2067675
              6       9.3166649      0.24158901      -31.620681       16.140486      0.13012081       1.0029398    0.0068692993      0.99322847       6.7763305        6.7763305       5.0806689                                      5.0806689
              5       8.9991972      0.30859847      -31.702697       14.402878      0.14380187      0.97239643     0.010425617      0.56008112       6.7763305        6.7763305       4.4457334                                      4.4457334
              2       7.6015102      0.58774624      -31.906008       12.547741      0.22124166      0.90164048     0.047772775     -0.73319753       6.7763305        6.7763305       1.6503596                                      1.6503596
              5       7.1756268      0.96521227      -31.144259       13.239331      0.42600217       1.0019472      0.12217227      0.97607359       6.7763305        6.7763305      0.79859267                                     0.79859267
              2       8.2225698      0.71113805      -30.783129       21.362766      0.50186851      0.99288842     0.063949841     -0.74446388       6.7763305        6.7763305       2.8924787                                      2.8924787
             11       6.8096284      0.49076814       -31.02228       22.390718      0.36625779       1.0017616     0.029440034      0.96313946       6.7763305        6.7763305     0.066595779                                    0.066595779
              4       6.8454824      0.48398177      -30.886123       23.227066      0.37695787       1.0078395      0.02800531     -0.39648386       6.7763305        6.7763305      0.13830384                                     0.13830384
              3       7.0278196      0.28556293      -30.808123       29.166227      0.27533429       0.9935738    0.0098528892     -0.32864503       6.7763305        6.7763305      0.50297832                                     0.50297832
              5       7.2380401       0.2647363      -30.967157       28.854091      0.25167097      0.99022555     0.008495346     -0.47364298       6.7763305        6.7763305      0.92341935                                     0.92341935
              2       6.9471766      0.38828042      -30.990053       30.363269      0.39694718       1.0119536     0.018134093     -0.99938415       6.7763305        6.7763305      0.34169218                                     0.34169218
             12       6.9646338      0.23341831      -32.067238       33.287772      0.28431382       1.0997658    0.0084886487      0.24655214       6.7763305        6.7763305      0.37660659                                     0.37660659
             21       6.8064878      0.31583789      -32.261626       32.727695      0.36508551       1.0615412    0.0096613717      0.81158792       6.7763305        6.7763305      0.06031471                                     0.06031471
              5       6.7763305      0.26273458       -32.13981       33.358147      0.34198428       1.1727593    0.0091107648     -0.90906897       6.7763305        6.7763305   2.7969982e-08                                  2.7969982e-08
              9       8.1591089      0.37192895      -32.162792       34.319768      0.49832165       1.1733493     0.015799051     -0.99780723       6.7763305        6.7763305       2.7655568                                      2.7655568
              1       7.9338905      0.17196933      -32.010567       34.994171      0.19897413      0.99373777     0.003428393       0.9948205       6.7763305        6.7763305         2.31512                                        2.31512
              1       7.0317944      0.35484705      -31.665082       36.733684      0.40919047      0.94349962     0.015583174     -0.93867285       6.7763305        6.7763305      0.51092788                                     0.51092788
              5       8.0578051      0.44261099       -30.32527       33.361097      0.49248661       1.0024295     0.023607401     -0.78458559       6.7763305        6.7763305       2.5629493                                      2.5629493
              3       6.7767986      0.23011891      -30.874892       44.336339      0.33912373      0.99900565    0.0062716955      0.97618868       6.7763305        6.7763305    0.0009362722                                   0.0009362722
              6       6.7793314      0.20444283      -31.121127       48.961458      0.33471762       1.0050189     0.005045954      0.80795606       6.7763305        6.7763305    0.0060019288                                   0.0060019288
             21       6.8540755      0.21432757      -31.758899       49.989914      0.37906629        1.063351    0.0060990931     -0.47484985       6.7763305        6.7763305      0.15548998                                     0.15548998
              3       7.3447313      0.15627961      -32.289342       46.084925      0.24177636       1.0089613    0.0028030665      0.99703252       6.7763305        6.7763305       1.1368016                                      1.1368016
              6       7.1229006      0.17771972      -31.246335       44.349713      0.26374026        1.005708    0.0038184904      0.86066217       6.7763305        6.7763305      0.69314025                                     0.69314025
              7       6.7778271      0.23729768      -31.281086       43.981121      0.34714278       0.9997013    0.0067022712      0.99967023       6.7763305        6.7763305    0.0029932286                                   0.0029932286
             14       7.3452068      0.31970354       -30.01058       41.556782      0.44226556       1.0004967     0.012195876      0.58536228       6.7763305        6.7763305       1.1377526                                      1.1377526
              1       8.3793281      0.12647474      -30.266717       41.210555      0.17369024       1.0015787    0.0019006027    -0.015427646       6.7763305        6.7763305       3.2059952                                      3.2059952
              2       13.392589      0.36402918      -34.413203       51.457871   6.0657089e-05   9.7322993e-05   1.5708221e-05      -0.9999001       6.7763305        6.7763305       13.232516                                      13.232516
              5       11.816156      0.30760219       -32.90025       42.262796     0.043564421      0.10071779     0.010235163      -0.8904254       6.7763305        6.7763305       10.079651                                      10.079651
              3        7.258633      0.32571825      -31.366512       39.978864      0.43432145       1.0024452     0.012578372      0.98500765       6.7763305        6.7763305        0.964605                                       0.964605
              2       7.9456915       0.3760487      -31.305848       39.739703      0.48575308      0.97694195     0.016527669     -0.78800969       6.7763305        6.7763305        2.338722                                       2.338722
             19        7.927929      0.36481472      -31.207446       39.861507       0.4846571       1.0016833     0.015871554      0.98530257       6.7763305        6.7763305        2.303197                                       2.303197
              3       7.5377675      0.35082711      -30.985223       38.902823       0.4580005       1.0085875     0.015061003    -0.037191032       6.7763305        6.7763305       1.5228741                                      1.5228741
              8       7.5661513      0.34163535      -31.257188       39.663142      0.46014277       1.0206212     0.014370683     -0.69848674       6.7763305        6.7763305       1.5796416                                      1.5796416
              5       6.9390151      0.32784347      -31.876759       38.706278      0.39561868      0.93702408     0.015231257      0.20646416       6.7763305        6.7763305       0.3253693                                      0.3253693
              5        9.875761      0.21890885      -32.619768       43.774958      0.10796338      0.33861745     0.012320759     -0.57272652       6.7763305        6.7763305       6.1988612                                      6.1988612
              6       6.7818047      0.73773066      -32.603054        39.60345      0.33216428      0.34169921      0.14697093     -0.57364388       6.7763305        6.7763305     0.010948555                                    0.010948555
              1       7.8969828      0.79489448      -32.524562       39.380465      0.48272728       0.4634826      0.18833641     -0.36549093       6.7763305        6.7763305       2.2413047                                      2.2413047
              2       8.6317406      0.40935444       -30.80114       38.216275       0.5230768       1.0049385     0.019914983      0.17506905       6.7763305        6.7763305       3.7108202                                      3.7108202
              7        8.429586      0.90811376      -32.756642       33.223792      0.17107214      0.17041654      0.14705899     -0.81443326       6.7763305        6.7763305       3.3065111                                      3.3065111
              8        6.779321      0.23336599      -30.064692       43.090401      0.33473027       1.0004578    0.0064628393      0.73413694       6.7763305        6.7763305    0.0059810967                                   0.0059810967
             24       7.0001203      0.16336002      -32.081854       45.777917      0.27911269       1.1217593    0.0042141169     -0.03519392       6.7763305        6.7763305       0.4475796                                      0.4475796
             17       6.7927771      0.20168325      -31.827214       47.168226       0.3249517       1.0266475    0.0044133723      0.76686483       6.7763305        6.7763305     0.032893207                                    0.032893207
              5        6.997699      0.23477119      -32.211116       45.465254      0.40454618       1.1391098    0.0048336031     -0.34158058       6.7763305        6.7763305      0.44273709                                     0.44273709
              3       7.1874619      0.20351147      -31.906727       41.955646      0.25676201      0.90380217    0.0055606728     -0.70242258       6.7763305        6.7763305      0.82226282                                     0.82226282
              1       7.3784935      0.24083291      -30.050469       29.790489      0.23884272       1.0005538    0.0068841698      0.59540563       6.7763305        6.7763305       1.2043261                                      1.2043261
              4       6.7764302      0.34941505      -30.373132       29.526052      0.34332742       1.0001921     0.014617101       0.9898255       6.7763305        6.7763305   0.00019941519                                  0.00019941519
             12       6.9920898      0.28355096      -30.662327       29.584715      0.28025133       1.0040864    0.0096820421    -0.057381281       6.7763305        6.7763305       0.4315186                                      0.4315186
              4       7.3660519      0.43045042       -30.83155       31.030063      0.44408602      0.99927084     0.022420738       0.9847254       6.7763305        6.7763305       1.1794428                                      1.1794428
              4       7.7891479      0.45838348      -30.832129       31.253435      0.47578531      0.99817393      0.02559378      0.90483199       6.7763305        6.7763305       2.0256349                                      2.0256349
              6       7.0388346      0.46714759      -30.500803         26.4765      0.41011001      0.99656947     0.026291286     -0.55776742       6.7763305        6.7763305       0.5250083                                      0.5250083
             10        6.845533      0.42012971      -30.151284       27.012008      0.37697065      0.99836464     0.021235926     -0.70057326       6.7763305        6.7763305      0.13840501                                     0.13840501
              3       7.1632614      0.47777217       -32.17202       22.829165      0.42469125       1.1702653     0.024619711     -0.95562477       6.7763305        6.7763305      0.77386181                                     0.77386181
              8       6.8515401      0.46408279      -32.101452       21.324621       0.3784569       1.1493745     0.033916779     -0.42693493       6.7763305        6.7763305      0.15041935                                     0.15041935
              6       7.1381489      0.50020542       -31.97961       16.710114      0.26203717      0.94223013     0.025576063      0.42353994       6.7763305        6.7763305      0.72363678                                     0.72363678
             12        6.783646      0.69574191      -32.313507       16.235338      0.35337012      0.94024758     0.074336156      0.91179687       6.7763305        6.7763305     0.014631022                                    0.014631022
              5       7.0264571      0.48017101      -30.183615       25.532752      0.40848486       1.0013924     0.028067805     -0.14970103       6.7763305        6.7763305       0.5002532                                      0.5002532
              2       7.0505942      0.70035617      -31.388102       18.205786      0.41161888      0.97026152     0.063078439     -0.85065158       6.7763305        6.7763305      0.54852749                                     0.54852749
              8       6.9586007      0.60323426      -30.584228       19.936715      0.39875456      0.99652445     0.045226377    -0.057067307       6.7763305        6.7763305      0.36454047                                     0.36454047
              1       7.6971402      0.70084266      -30.269625       20.142245       0.4695639      0.99974264      0.06151444      0.97917326       6.7763305        6.7763305       1.8416194                                      1.8416194
              2       6.9556612      0.42933641      -32.065947       25.345187      0.39829505       1.1001036     0.029143733      0.24812926       6.7763305        6.7763305      0.35866146                                     0.35866146
             14       7.1674887      0.47549916      -32.038275       25.573239      0.42514173       1.0508002      0.03236276      0.75702154       6.7763305        6.7763305       0.7823164                                      0.7823164
              4        7.256438      0.46794463      -32.055809       25.737978      0.43411113       1.0833129     0.033834617      0.44161665       6.7763305        6.7763305       0.9602151                                      0.9602151
              1       7.5869773      0.30567297      -31.825292       21.232446      0.22230977        1.029493     0.010121464       0.7114133       6.7763305        6.7763305       1.6212936                                      1.6212936
              7       7.3541252      0.38740947      -31.270794       18.390673      0.24095156       1.0164448     0.017339586    -0.081265797       6.7763305        6.7763305       1.1555894                                      1.1555894
              3       7.8926907      0.33156786      -31.366042        18.20903      0.20154247       1.0032963     0.013001402      0.97262675       6.7763305        6.7763305       2.2327205                                      2.2327205
              1       7.8243587      0.35073435      -31.350801       17.217902      0.20590902       1.0247991     0.014237346     -0.69806401       6.7763305        6.7763305       2.0960565                                      2.0960565
             10        6.863795      0.55726984      -30.563284        16.25247      0.30268494       1.0044488     0.037943429     -0.95045148       6.7763305        6.7763305      0.17492912                                     0.17492912
              4       6.8638217      0.55726611      -30.563349       16.252602      0.30267895       1.0044275     0.037927492      -0.9320273       6.7763305        6.7763305      0.17498242                                     0.17498242
              6       6.7893589      0.73228361      -30.766994       13.390435      0.32682641       1.0017631     0.067864879      0.88426792       6.7763305        6.7763305     0.026056798                                    0.026056798
              5       6.7771174      0.75469821      -31.155485       13.985913      0.34572916      0.98445024      0.07395627     -0.46277897       6.7763305        6.7763305    0.0015738635                                   0.0015738635
              3       6.7796424      0.91236878      -31.250678       10.846141      0.33434965       1.0154934      0.11284639      0.10267443       6.7763305        6.7763305    0.0066237969                                   0.0066237969
              4       7.1584023      0.98280039      -30.359105       7.9393634      0.25982961       1.0008282      0.12837454      0.83646264       6.7763305        6.7763305      0.76414358                                     0.76414358
              1       6.9113895       1.0515347       -30.74493       8.3390721      0.29314549       1.0047633      0.15091451      0.13422315       6.7763305        6.7763305      0.27011809                                     0.27011809
              1       7.0166199      0.96185752      -30.732259        12.75052      0.40716437      0.99782187      0.12286903      0.80335343       6.7763305        6.7763305      0.48057892                                     0.48057892
              3       7.2754998      0.85351695       -32.52945       19.411964      0.24807812      0.45001681       0.2182415     -0.39139318       6.7763305        6.7763305      0.99833861                                     0.99833861
              2       6.7793324      0.76604517      -31.493525       13.549316      0.33471639      0.96923066      0.07950913     -0.15720323       6.7763305        6.7763305    0.0060039534                                   0.0060039534
              3       10.465197      0.55815451      -32.607485       13.525629     0.086677373      0.34507677     0.082704257     -0.56568227       6.7763305        6.7763305       7.3777324                                      7.3777324
              4       9.5522037      0.75842191      -32.626075         15.4345      0.12051584      0.30943014      0.14855603     -0.62330514       6.7763305        6.7763305       5.5517464                                      5.5517464
              2       6.7766869       1.3222326      -32.424717       12.901598      0.34450976       0.6069768       0.5660138    -0.060592125       6.7763305        6.7763305   0.00071286639                                  0.00071286639
              1       6.8628421       1.1649702      -30.970726       9.9509716      0.38110031      0.98805446      0.18725513     -0.90218483       6.7763305        6.7763305      0.17302333                                     0.17302333
             21       9.5845084      0.55761024      -30.524611       6.4423347      0.11923079      0.99755375     0.038349142      0.30732081       6.7763305        6.7763305       5.6163559                                      5.6163559
              2        6.823318       1.2651726      -30.168021        8.823469      0.37081603      0.99836944      0.23054163     -0.32442123       6.7763305        6.7763305     0.093975042                                    0.093975042
              4       6.7783786      0.44767758      -32.199963       20.319307      0.34801619       1.1498657     0.018484503     -0.55808979       6.7763305        6.7763305    0.0040962608                                   0.0040962608
             11       7.0844059      0.35259659      -32.303738       23.446711      0.26821444      0.97508847     0.016281727      0.98119248       6.7763305        6.7763305      0.61615087                                     0.61615087
              8       7.3136891       1.1905788      -31.656789       11.792306      0.43944846      0.94074729      0.20888616     -0.85959333       6.7763305        6.7763305       1.0747172                                      1.0747172
              1       6.7777718       1.0035215      -31.316092       10.176937      0.33695307      0.99162524      0.13064491       0.7972983       6.7763305        6.7763305    0.0028827006                                   0.0028827006
              1       7.2935446      0.56832236      -31.303895       13.352697      0.24639556      0.97586796     0.038921776     -0.91661432       6.7763305        6.7763305       1.0344283                                      1.0344283
              5       7.1913984       1.3914891      -32.501936       12.674156      0.25635492      0.43688255      0.65154866     -0.42612261       6.7763305        6.7763305      0.83013582                                     0.83013582
             19       7.0320741      0.65712899      -30.181278       12.591354      0.27477276      0.99809648     0.053612941     -0.97026629       6.7763305        6.7763305      0.51148729                                     0.51148729
             17       7.1601047      0.85564377        -30.1694       14.928143      0.42435326      0.99850596     0.094016407     -0.22815895       6.7763305        6.7763305      0.76754851                                     0.76754851
              3       7.1208771      0.87347883       -30.09479       14.456235      0.42003094      0.99975966     0.098715757      0.96887744       6.7763305        6.7763305       0.6890932                                      0.6890932
              1       7.0378191       0.6865927      -30.134211       17.972533      0.40997814      0.99855992     0.058691027     -0.36779657       6.7763305        6.7763305      0.52297735                                     0.52297735
              5       8.3060548      0.76117086      -30.245637       19.955747      0.50641803       1.0020304     0.073080966      -0.7328061       6.7763305        6.7763305       3.0594486                                      3.0594486
              1       7.6614529      0.66936775      -32.554588       23.181714      0.21693248      0.42018076      0.12890869     -0.44261762       6.7763305        6.7763305       1.7702449                                      1.7702449
              1       6.8317724       1.4065104      -32.302922       7.3759066      0.31069873       0.9001254       0.4113148       0.8091829       6.7763305        6.7763305      0.11088381                                     0.11088381
              1       7.3176468       1.2714211       -30.80139       5.7526718      0.24419334       1.0034523      0.23024687      0.66401089       6.7763305        6.7763305       1.0826327                                      1.0826327
             13       6.7946488       1.8708717      -30.432645       5.7598748      0.35999227       1.0040562      0.65450385      -0.9338488       6.7763305        6.7763305     0.036636696                                    0.036636696
              2       6.9719292       1.9743373      -30.526243       6.1307018      0.40079303      0.99520036      0.77300693     -0.65260494       6.7763305        6.7763305       0.3911974                                      0.3911974
              1       7.8323555       1.4421475      -32.537136       11.588558      0.20539079      0.36937185      0.67596885     -0.54659758       6.7763305        6.7763305       2.1120502                                      2.1120502
              2       7.4523567       1.9229845      -31.698058       7.0636945      0.45130113      0.99857487      0.71445864      0.99932124       6.7763305        6.7763305       1.3520525                                      1.3520525
              3       7.4351903        2.322812      -32.423982       8.6918637      0.23409555      0.34848822       2.6545662     -0.62009909       6.7763305        6.7763305       1.3177196                                      1.3177196
              3       6.8069345      0.79167966      -30.432558       12.062508      0.31874414       1.0031757     0.080026614     -0.74244249       6.7763305        6.7763305     0.061208143                                    0.061208143
              3       7.1385942      0.72602859      -30.509748       10.848843      0.26198797      0.99969178     0.066313542      0.98889321       6.7763305        6.7763305      0.72452744                                     0.72452744
              2       7.5650255      0.65309472      -30.716455       10.366824      0.22394146      0.99411014     0.052524968     -0.66974766       6.7763305        6.7763305       1.5773901                                      1.5773901
              1       7.2850179      0.76402433      -30.807702       9.7871586       0.2471869      0.99353583     0.074856492     -0.26920879       6.7763305        6.7763305       1.0173749                                      1.0173749
              3       7.5139145      0.80596285      -30.179098       8.4891494      0.22783089       1.0008185     0.082628573      0.60114989       6.7763305        6.7763305       1.4751681                                      1.4751681
              4        7.317928       1.7265106      -30.781175       7.7187833      0.43983206      0.99195205      0.52227134     -0.62735166       6.7763305        6.7763305       1.0831951                                      1.0831951
              1       7.4257234       1.9855634      -31.149968       6.9334572      0.44912643      0.98052105      0.81358858      -0.4813251       6.7763305        6.7763305        1.298786                                       1.298786
              7       6.8308917       1.8380136      -31.405829        6.155468      0.37305166      0.99101696      0.60664681      0.88854818       6.7763305        6.7763305      0.10912244                                     0.10912244
              1       7.3773325         1.78009       -31.52505       7.6379249      0.44505779      0.98383204      0.54114016      0.78076708       6.7763305        6.7763305        1.202004                                       1.202004
             10       7.9167423       1.5505782       -31.16705       9.4903905      0.48396252      0.98845266      0.37329322       0.3603735       6.7763305        6.7763305       2.2808237                                      2.2808237
              1       7.7706201       1.4592272       -30.20616       9.7934356      0.47455598      0.99804782      0.32882956     -0.50354344       6.7763305        6.7763305       1.9885793                                      1.9885793
              1       6.8166767      0.79686946      -30.695334       11.960295      0.31529797      0.99429215     0.080214124     -0.68471783       6.7763305        6.7763305     0.080692447                                    0.080692447
              4       6.8670408       1.4399168      -30.373061       7.9789483      0.38203791      0.99941371      0.31739465       0.9373112       6.7763305        6.7763305      0.18142076                                     0.18142076
              7       6.7785154       1.4724006      -30.020342       7.1185922      0.34821381      0.99849935      0.33549271     -0.99829921       6.7763305        6.7763305    0.0043697797                                   0.0043697797
              1       7.1694648       1.7950115      -30.938349        7.138783      0.42535148      0.99765051      0.57517045       0.9340013       6.7763305        6.7763305       0.7862686                                      0.7862686
              5       7.2143728        1.805076      -30.727793        7.130152      0.42998343       1.0041055      0.58272199      0.46895115       6.7763305        6.7763305      0.87608462                                     0.87608462
              1       7.1108386       1.8476509      -30.716225       6.8487938      0.41888581      0.99490943      0.62442285      0.15909956       6.7763305        6.7763305      0.66901631                                     0.66901631
              1       6.8540747       1.8026417      -30.481251       6.3007831       0.3790661       1.0030739       0.5824949     0.073551814       6.7763305        6.7763305      0.15548844                                     0.15548844
              2       6.8226545       2.2463251       -30.15181       4.1896089      0.31338815       1.0008256       1.2269403      0.76880582       6.7763305        6.7763305      0.09264801                                     0.09264801
              3       7.1803682       1.4941679      -31.806819        4.968118      0.25750057       1.0425786       0.3116648      0.49200054       6.7763305        6.7763305      0.80807541                                     0.80807541
              1       6.8019471       1.5699887      -32.188775        5.404393      0.32072333       1.1360802      0.30034013    -0.020284745       6.7763305        6.7763305     0.051233231                                    0.051233231
              6       6.7972138       1.5999168      -32.158901       5.1698447      0.32278932        1.172914      0.34257666     -0.71663597       6.7763305        6.7763305     0.041766675                                    0.041766675
              2       6.8262773       1.5936079      -32.058722       5.1617203      0.31229041       1.1410499      0.54801548     -0.12615118       6.7763305        6.7763305     0.099893612                                    0.099893612
             30       7.4597049       2.1688656      -32.476246       10.278783      0.23210645      0.31292105       1.9753696     -0.66948257       6.7763305        6.7763305       1.3667489                                      1.3667489
             12       7.8437234       1.3981295      -32.561253       12.985127      0.20465748      0.33880975      0.60471068     -0.59476786       6.7763305        6.7763305       2.1347859                                      2.1347859
             16       6.8951187       0.3976008      -32.355052       34.250984      0.38781732      0.85591137     0.029680369      0.65356978       6.7763305        6.7763305      0.23757655                                     0.23757655
              1       7.3546284      0.34406857      -31.752861       19.900379      0.24090756       1.0574649     0.016045592     -0.22224361       6.7763305        6.7763305       1.1565959                                      1.1565959
              9        6.784002      0.52355465      -30.198818       20.303788      0.35364348      0.99988136     0.033441022      0.99578954       6.7763305        6.7763305     0.015342994                                    0.015342994
              9       6.8292364      0.57942793      -30.283939        19.28824      0.37257702       1.0019498     0.041086741     -0.37789408       6.7763305        6.7763305      0.10581191                                     0.10581191
             24       7.1077455       1.3061812      -31.335965       5.9457757      0.26547048       1.0273684       0.2568396      -0.7022591       6.7763305        6.7763305      0.66283011                                     0.66283011
             12       7.4742594       1.1579387      -30.994164       5.9411879      0.23094236       1.0089431      0.18235293     0.028787753       6.7763305        6.7763305       1.3958578                                      1.3958578
             12       7.3218829        1.563514      -32.718202       30.155648      0.24381139      0.15541948      0.47891573     -0.84894567       6.7763305        6.7763305       1.0911049                                      1.0911049
              9       7.2929732       1.3969423      -32.721988       31.876979      0.24644839       0.1663383      0.38206816     -0.83114345       6.7763305        6.7763305       1.0332855                                      1.0332855
              9       9.1825202       1.9561722      -32.793458       25.034221      0.13579092     0.083339611      0.52509552     -0.93453194       6.7763305        6.7763305       4.8123794                                      4.8123794
              8       9.5922391       2.1309394       -32.79933       24.440772      0.11892437      0.06862885       0.5820094     -0.95163747       6.7763305        6.7763305       5.6318173                                      5.6318173
             11       8.7206025       2.0076504      -32.767403       26.062176      0.15663772     0.089974509      0.60939458     -0.93009031       6.7763305        6.7763305        3.888544                                       3.888544
             10       8.0002692       2.1851892      -32.666399       21.975533      0.19493047      0.12200375       1.0504275     -0.90717944       6.7763305        6.7763305       2.4478775                                      2.4478775
              2       6.7837964       2.2113723      -31.572314       4.5516926      0.35348642       1.0555039       1.0854175     -0.59718689       6.7763305        6.7763305     0.014931863                                    0.014931863
              7       7.5219976       1.4592976      -31.865417       5.0516541      0.22720701      0.92633095       0.3892347      0.11376581       6.7763305        6.7763305       1.4913344                                      1.4913344
              2       7.0273317       1.4591024      -31.978826       5.8711773      0.27539899      0.96621393      0.29804414      0.85552936       6.7763305        6.7763305      0.50200251                                     0.50200251
             22       6.8327087       1.3719229      -31.968113       8.6888322      0.37356448      0.94188169       0.2397311      0.50653229       6.7763305        6.7763305      0.11275649                                     0.11275649
              2       7.1559458        1.475564      -32.275071       8.9784327      0.42390582      0.96168466      0.39090364      0.96297554       6.7763305        6.7763305      0.75923073                                     0.75923073
              6       7.7837529        1.269535      -31.189407       4.8377306      0.20857148        1.020682      0.23283654     -0.98952462       6.7763305        6.7763305       2.0148448                                      2.0148448
             42        6.805814       1.9222379      -31.106331        5.786313      0.36482614      0.98582265      0.69450128    -0.053371513       6.7763305        6.7763305     0.058967028                                    0.058967028
              7       7.1532345      0.42509823      -31.470721       29.638061      0.42361279       1.0105362     0.021037808      0.82458489       6.7763305        6.7763305      0.75380797                                     0.75380797
              4       7.0799071      0.44333254      -31.438766       27.313967      0.41524483       1.0306513     0.024939972     -0.57790109       6.7763305        6.7763305      0.60715318                                     0.60715318
              9       7.3806257      0.89752111      -31.842168       15.053278      0.44533976      0.99068966      0.10816473      0.97853412       6.7763305        6.7763305       1.2085905                                      1.2085905
              3       7.1234826      0.69159832      -32.538956       25.729221      0.26367457      0.44535833      0.13969623     -0.39784471       6.7763305        6.7763305       0.6943043                                      0.6943043
              7       6.8206547       1.0692026       -32.60497       28.103373      0.31401255      0.31408734      0.31402107     -0.62314931       6.7763305        6.7763305     0.088648429                                    0.088648429
              9       7.3521552       0.9852596      -32.663578       29.382781      0.24112396      0.25033335      0.23031857     -0.71266565       6.7763305        6.7763305       1.1516495                                      1.1516495
              1       7.1021076      0.97247053      -32.522871       28.636034      0.41787578      0.45100336      0.28941562     -0.39136422       6.7763305        6.7763305      0.65155427                                     0.65155427
              1       7.5233363      0.82036198       -32.49691       32.607402      0.45689599      0.51335468      0.20225426     -0.26793264       6.7763305        6.7763305       1.4940117                                      1.4940117
              2       7.3081467       2.0687453      -32.791503       46.945667       0.2450554     0.075837435      0.57646992      -0.9440816       6.7763305        6.7763305       1.0636325                                      1.0636325
              6       7.1247461       2.0688003      -32.774587       46.618919      0.26353216     0.082124883      0.61915448     -0.93875875       6.7763305        6.7763305      0.69683134                                     0.69683134
             20       6.9866811       1.5364981      -30.033974       7.8920578       0.4029698      0.99878527      0.37425757     -0.19133584       6.7763305        6.7763305      0.42070125                                     0.42070125
              3       7.0009455       1.4247353      -30.970016       8.6516692      0.40500315      0.98752074      0.30577733     -0.90769398       6.7763305        6.7763305      0.44923002                                     0.44923002
             14       6.7767579       1.1398987      -32.673967       39.194066      0.33925171      0.22822194      0.29964559     -0.74636543       6.7763305        6.7763305   0.00085480778                                  0.00085480778
             10       7.4397974      0.77202404       -30.28172       9.0896563      0.23371894        1.001008     0.075766953      0.63562854       6.7763305        6.7763305       1.3269338                                      1.3269338
              1       6.9026028      0.82940419      -30.586472       14.172965      0.38923859      0.99520115     0.087891678     -0.94195814       6.7763305        6.7763305      0.25254463                                     0.25254463
              2       6.9789654      0.88694082       -30.52473       13.656785      0.40184116      0.99708737      0.10274692     0.072102149       6.7763305        6.7763305      0.40526985                                     0.40526985
              3       6.8452128      0.71632249      -30.171998       15.785082      0.37688967       1.0017993     0.064311885     -0.94763694       6.7763305        6.7763305      0.13776475                                     0.13776475
              6       6.8979152      0.16840001      -30.005718       52.705308      0.29564651       1.0011478    0.0033592708     -0.97404799       6.7763305        6.7763305       0.2431695                                      0.2431695
              2       7.0116897      0.77400463      -30.689603        10.78999      0.27750761      0.99869346     0.076274572      0.91038643       6.7763305        6.7763305      0.47071845                                     0.47071845
              3       6.8723687      0.79852715      -30.778454       11.326705      0.30080306      0.99956464     0.081326074      0.99343116       6.7763305        6.7763305      0.19207649                                     0.19207649
              4       7.0711193      0.98512309      -30.706109       8.1876348      0.26982308       1.0054305      0.12741964     -0.39879342       6.7763305        6.7763305      0.58957764                                     0.58957764
              4       7.1011882      0.99224765      -30.711988        8.101437      0.26623137      0.99540312      0.13226918     0.048466883       6.7763305        6.7763305       0.6497154                                      0.6497154
             13       6.9755414      0.46820768      -30.194552       25.803486      0.40133343      0.99841322     0.026479352     -0.31640945       6.7763305        6.7763305      0.39842185                                     0.39842185
              5       7.0332639      0.49113465      -30.070866       25.089653      0.40938344      0.99852042      0.02933047     -0.94107392       6.7763305        6.7763305      0.51386688                                     0.51386688
              3       8.1198345      0.72571937      -30.402267       20.502832       0.4960857       1.0020653     0.065828547      0.13036458       6.7763305        6.7763305        2.687008                                       2.687008
              1       6.8940794      0.75322658      -31.503214       12.308775      0.29638357      0.96080568     0.074143228      -0.8617377       6.7763305        6.7763305      0.23549782                                     0.23549782
             19       6.8059538       0.7884847      -31.606383       13.568249      0.36488021       1.0250738     0.073368565      0.47532488       6.7763305        6.7763305     0.059246702                                    0.059246702
              3       6.8117058      0.73364686      -31.777591       13.985913      0.36700304       1.0750129     0.067811134     -0.99897611       6.7763305        6.7763305     0.070750589                                    0.070750589
              1       7.0197109       0.3324973      -31.491461       37.807909      0.40758216      0.97446511     0.014157251      0.14868266       6.7763305        6.7763305      0.48676092                                     0.48676092
              2       6.7763681       1.2417484       -32.68455       39.511897      0.34281517      0.21000056      0.34401199     -0.77291995       6.7763305        6.7763305   7.5203768e-05                                  7.5203768e-05
             16       6.8136856      0.33625262      -30.498075       32.951059      0.36769319      0.99740707     0.013624263      0.10037701       6.7763305        6.7763305     0.074710307                                    0.074710307
             10       8.0187687      0.47339728      -31.154411       31.549637      0.49017681      0.98640337     0.028018659      -0.1672762       6.7763305        6.7763305       2.4848764                                      2.4848764
              5       8.0165799      0.47529762       -31.16176       31.548125      0.49004624      0.98224488     0.027281313     -0.99217419       6.7763305        6.7763305       2.4804989                                      2.4804989
              3       8.8386273       0.8211346      -30.112289       19.531558       0.5329055       0.9986674      0.08601634     -0.25389671       6.7763305        6.7763305       4.1245936                                      4.1245936
             16       7.9771317       0.6286771      -30.693192        23.45258      0.48767278      0.99410478     0.049177566     -0.84256447       6.7763305        6.7763305       2.4016025                                      2.4016025
              3       7.0718378       1.0652069      -32.259575       11.262489      0.41426483       1.0378428      0.13740604      0.94248598       6.7763305        6.7763305       0.5910146                                      0.5910146
              1       7.0546647       1.9939619      -32.516838       20.860822       0.4121336      0.29779106        1.467471     -0.68315965       6.7763305        6.7763305      0.55666842                                     0.55666842
              1       8.0653131       1.9128566         -32.686       21.002301       0.1910732      0.14294613      0.77794505     -0.87515711       6.7763305        6.7763305       2.5779652                                      2.5779652
              2       8.7319025       1.7899443      -32.789777       27.096266      0.15609984     0.096733166      0.46174896      -0.9175573       6.7763305        6.7763305       3.9111441                                      3.9111441
              8       9.5885775       2.1283213      -32.736791       18.172758      0.11906945     0.092526093      0.75669072     -0.93164726       6.7763305        6.7763305        5.624494                                       5.624494
              8       10.078972       2.1363397       -32.78872        19.68984        0.100413     0.071746277      0.61124032     -0.94927823       6.7763305        6.7763305       6.6052827                                      6.6052827
              3       6.8874466       1.7977333      -32.563047       18.097988      0.29768698      0.27499588       1.0367169     -0.70670035       6.7763305        6.7763305      0.22223218                                     0.22223218
             10       6.8024995        1.755999      -32.531506       16.846728      0.32049515      0.32561435       1.0632914     -0.62927433       6.7763305        6.7763305     0.052338009                                    0.052338009
              1       7.0615919       1.3332661      -32.536938       24.179359      0.41300098      0.38504488      0.56805198     -0.51685589       6.7763305        6.7763305      0.57052284                                     0.57052284
             31       6.9213127      0.15244232      -31.531423        58.69172      0.29138256      0.97882052    0.0025808904      0.43820614       6.7763305        6.7763305       0.2899644                                      0.2899644
             23       6.7770746      0.17855075      -31.641416       58.931581      0.33837376      0.96651545    0.0041529181      0.27859471       6.7763305        6.7763305    0.0014881858                                   0.0014881858
              1          7.4102       1.0582462      -31.375213       12.950058      0.44783829      0.98216551      0.15888263      0.35978227       6.7763305        6.7763305       1.2677391                                      1.2677391
              5       7.2361997       1.6014755      -30.785421       8.1709542      0.43214882      0.99257231       0.4143766     -0.47404295       6.7763305        6.7763305      0.91973852                                     0.91973852
             11       6.9407863       0.3916966      -31.958051       33.252654      0.39590977      0.91357038     0.015571043     -0.43521831       6.7763305        6.7763305      0.32891167                                     0.32891167
             10       6.8060725      0.24384301      -32.071469       35.536485      0.31907399       1.1066965    0.0093414036      0.16189068       6.7763305        6.7763305     0.059484129                                    0.059484129
              4       6.9515201      0.51224134      -31.657743       24.652151      0.39764127         0.94642     0.034240988     -0.71020307       6.7763305        6.7763305      0.35037924                                     0.35037924
             26         6.78988      0.99167974      -30.017328        10.83244       0.3574741       1.0001583       0.1307297      0.94693977       6.7763305        6.7763305       0.0270991                                      0.0270991
             10       6.7980426       1.1579429      -30.237166        8.353159      0.32241182       1.0018322      0.18690348     -0.32769904       6.7763305        6.7763305     0.043424269                                    0.043424269
              8       6.7784052       1.0231055      -30.216379       9.8514734      0.33594493       1.0017709      0.14058962     -0.42285139       6.7763305        6.7763305    0.0041493704                                   0.0041493704
             11       6.7867027      0.94338335      -31.215396       10.618389      0.32846121      0.98550578      0.12113707     0.079912943       6.7763305        6.7763305     0.020744546                                    0.020744546
              7       6.9303181       1.5230648      -32.101175       4.8339225      0.28983422       1.1831873      0.43423992     -0.79673087       6.7763305        6.7763305      0.30797517                                     0.30797517
              1       7.2243078       1.4865083      -32.123285       4.3023619      0.25302442       1.1890773      0.36170851     -0.97686497       6.7763305        6.7763305      0.89595458                                     0.89595458
              2       8.1536588       1.2172981      -31.551427       4.4826587      0.18598671       1.0244038      0.22452092      0.50143495       6.7763305        6.7763305       2.7546566                                      2.7546566
             11       7.7363747        1.275521      -31.433213       4.8380707      0.21174678       1.0312854      0.24757689      -0.4061209       6.7763305        6.7763305       1.9200884                                      1.9200884
              2         7.02212      0.67597294      -31.638456       18.736354      0.40790593      0.96798255     0.062368826      0.36190016       6.7763305        6.7763305      0.49157902                                     0.49157902
              8       8.2968972      0.24102676      -31.145583        22.17343      0.17807485       1.0014432    0.0068734443      0.98551752       6.7763305        6.7763305       3.0411335                                      3.0411335
              6       7.2253149       1.6266521      -32.579076       16.562935      0.25292445      0.28215044      0.80375102     -0.68895047       6.7763305        6.7763305       0.8979689                                      0.8979689
              7       7.4384642       1.8918889      -32.498853       20.558292      0.45017221      0.34787076       1.3523216     -0.59963863       6.7763305        6.7763305       1.3242674                                      1.3242674
              6       7.1403395       2.0697813      -32.545785        25.12662      0.42220453        0.243998       1.4679731     -0.76305254       6.7763305        6.7763305      0.72801803                                     0.72801803
             17       7.4655909       1.8741221      -32.603741       33.533693       0.4523658       0.2163378       1.0010352     -0.78877953       6.7763305        6.7763305       1.3785208                                      1.3785208
              2       7.8817063       1.5105703       -32.81278       38.725012      0.20223519      0.10390732      0.31385738     -0.90324499       6.7763305        6.7763305       2.2107516                                      2.2107516
             34       6.8010683       1.4924277      -32.650718         33.3773      0.36290855      0.21896494      0.54983184     -0.76959425       6.7763305        6.7763305     0.049475704                                    0.049475704
              3       7.3610119       1.0298802      -32.601895       40.248709      0.44364886      0.32167893      0.29246462     -0.61064358       6.7763305        6.7763305       1.1693629                                      1.1693629
             12       9.0059421        1.447204      -32.882672       38.153968       0.1435014     0.078110343      0.21913085     -0.92806239       6.7763305        6.7763305       4.4592232                                      4.4592232
              6       11.178407       1.7298267      -32.928929       20.664886     0.063085155     0.053041216      0.24328677     -0.95643358       6.7763305        6.7763305       8.8041524                                      8.8041524
              8       7.1028164       1.0090125      -31.300195       12.777872      0.41795827       0.9743158      0.13552107     -0.99918108       6.7763305        6.7763305       0.6529718                                      0.6529718
             21       6.7776927       1.1290798      -31.638987        9.342792      0.33709347      0.96044153       0.1935757       0.1266577       6.7763305        6.7763305    0.0027245358                                   0.0027245358
              6       8.6328563      0.67366412      -31.817954       22.466082      0.52313124       1.0388714      0.05027605      0.49300022       6.7763305        6.7763305       3.7130517                                      3.7130517
              4       7.2157938      0.21346842      -32.127431       30.613743      0.25387398       1.1675891    0.0064251356     -0.78041752       6.7763305        6.7763305      0.87892669                                     0.87892669
             13       7.0194152      0.24072094      -32.086781       30.569568       0.2764577        1.129139    0.0091774752     -0.13495108       6.7763305        6.7763305      0.48616949                                     0.48616949
              3       6.7777751       0.2923682      -32.082327       30.830721      0.33694734       1.1234923     0.013590911    -0.055225542       6.7763305        6.7763305    0.0028892462                                   0.0028892462
              6       7.0497079      0.27350818      -31.979332        31.84851      0.27249369      0.94019716    0.0074544458      0.36547568       6.7763305        6.7763305      0.54675494                                     0.54675494
              1       6.9769577      0.37694892      -32.014683       31.909197      0.40154398       1.0033597     0.017275009      0.99860514       6.7763305        6.7763305      0.40125455                                     0.40125455
              5       6.9032036      0.52863004      -31.669733       23.488415      0.38935083      0.94244815     0.034045918     -0.99990987       6.7763305        6.7763305      0.25374619                                     0.25374619
              7       6.8563501      0.43462956      -31.839745        26.18367      0.37960462       1.0025444      0.02261191      0.99818139       6.7763305        6.7763305      0.16003934                                     0.16003934
              4       6.8233866      0.28674067      -31.555823       38.021909      0.37083705       1.0223081     0.010499474      0.51555358       6.7763305        6.7763305     0.094112228                                    0.094112228
              1       6.8061771      0.69860127       -30.50402        15.67186      0.36496627       1.0019008     0.061403794      0.54354223       6.7763305        6.7763305     0.059693247                                    0.059693247
              8       6.7818393      0.58863941      -30.289517       17.954938      0.35186675       1.0006147       0.0427119      0.86192578       6.7763305        6.7763305     0.011017738                                    0.011017738
             25        6.794856      0.52653152      -30.079948       20.569048      0.36009373      0.99930693     0.033893199      0.62443713       6.7763305        6.7763305     0.037051059                                    0.037051059
              4       6.7774418      0.49186591      -30.022312        20.60574      0.33756844       1.0010339     0.029455275     -0.44249378       6.7763305        6.7763305    0.0022225782                                   0.0022225782
              6       6.8739469      0.89281715      -30.842462       10.162042      0.30046594      0.99534504      0.10211416      0.43863726       6.7763305        6.7763305      0.19523289                                     0.19523289
             11       6.7933997       1.3422217      -30.708528       8.0397863        0.359368       1.0009043      0.26479154      0.96560672       6.7763305        6.7763305     0.034138475                                    0.034138475
              1       6.8845494       1.3155527      -30.618791       6.8526798       0.2982685      0.99439885      0.25257513     -0.99730224       6.7763305        6.7763305       0.2164378                                      0.2164378
             30       6.8962525       1.2903381      -30.673581       6.9377204      0.29596455      0.99366796      0.24105263     -0.99995904       6.7763305        6.7763305      0.23984412                                     0.23984412
              4       8.1018076      0.72683366      -30.869026       7.8823938      0.18895154       0.9912408     0.065780226     -0.80999259       6.7763305        6.7763305       2.6509543                                      2.6509543
              4       8.3325077       1.1285184      -30.777677       13.520065      0.50783354        1.000359      0.17519613      0.99576764       6.7763305        6.7763305       3.1123544                                      3.1123544
             27       7.9486392       2.5324592      -31.777746       5.6421927      0.48593415       1.0221366       1.9981791      0.92965668       6.7763305        6.7763305       2.3446176                                      2.3446176
             10       8.4141171       2.5789898      -32.027485       4.8408201      0.51212632       1.2329073       2.6154146     -0.89588279       6.7763305        6.7763305       3.2755733                                      3.2755733
             15       6.8265037       2.2502564      -31.802213       4.9614646      0.37177686       1.0008347       1.2437733      0.99988662       6.7763305        6.7763305      0.10034649                                     0.10034649
             12       7.4043221       2.1985564      -31.804715        6.110005      0.44734642       1.0008908       1.1376228      0.99986678       6.7763305        6.7763305       1.2559832                                      1.2559832
              4       6.9047091       1.7392433      -31.739316       6.2886696      0.38963094       1.0706715      0.59401093     -0.35640388       6.7763305        6.7763305      0.25675718                                     0.25675718
             19       6.8949316       1.6145086      -32.519194       19.489756      0.38778122      0.37039226       0.8988765      -0.5508289       6.7763305        6.7763305      0.23720233                                     0.23720233
             19        7.514757       1.6107128      -32.480885       19.432087      0.45623429        0.438099      0.93901018     -0.42961373       6.7763305        6.7763305       1.4768531                                      1.4768531
              6       6.9151991       1.3885364      -31.044631       6.3674763      0.29246126      0.99418144      0.29394392      0.70939412       6.7763305        6.7763305      0.27773732                                     0.27773732
              1       6.8085913       1.3105753      -30.703017       8.3354193      0.36587705       1.0066248      0.25164489     -0.89186798       6.7763305        6.7763305      0.06452168                                     0.06452168
             28       6.7788329       2.1373436      -30.457071       4.7079136      0.33534996       1.0016531       1.0139839      0.75775323       6.7763305        6.7763305    0.0050048743                                   0.0050048743
              7       7.0418628       2.1611113      -30.558173       5.6946654      0.41050173       1.0025166       1.0657824      0.65810458       6.7763305        6.7763305      0.53106467                                     0.53106467
              7       9.0352292       1.3480767      -30.617255       12.139148      0.54179805      0.99507664       0.2704834     -0.52364289       6.7763305        6.7763305       4.5177975                                      4.5177975
              1       8.2228588       1.9061547      -31.817082       7.9199695      0.50188449      0.99918065      0.70132894      0.99987019       6.7763305        6.7763305       2.8930568                                      2.8930568
             12       7.3468403        1.938691      -32.667239       44.849831      0.44240941      0.15292443      0.85472725     -0.86558217       6.7763305        6.7763305       1.1410197                                      1.1410197
             41       6.7924897       1.9376422      -32.737189        45.76133      0.32510131      0.11019665      0.65118728     -0.90908535       6.7763305        6.7763305     0.032318437                                    0.032318437
              6       7.0325884       2.2166104      -32.646701       42.807532      0.40929481      0.12964285        1.162322     -0.90130754       6.7763305        6.7763305      0.51251595                                     0.51251595
              3       6.9273484       2.2064722       -32.65691       42.970275      0.39366033      0.12478919       1.1079659     -0.90546691       6.7763305        6.7763305      0.30203592                                     0.30203592
              3       8.2844833        2.340677       -32.70904       27.850834      0.17874536     0.082409445      0.97449282     -0.94712824       6.7763305        6.7763305       3.0163057                                      3.0163057
              9       6.9687531       2.3742163      -32.628709        30.80293      0.28368625       0.1165864       1.3906781     -0.92038025       6.7763305        6.7763305      0.38484535                                     0.38484535
             12       6.7860842       2.3187376      -32.628947        34.03287      0.32887113       0.1252557       1.3400477     -0.91006405       6.7763305        6.7763305     0.019507371                                    0.019507371
              4       6.8207157       2.2743548      -32.640437       33.182713       0.3139933      0.12504669       1.2415716     -0.90822625       6.7763305        6.7763305     0.088770382                                    0.088770382
              3        6.797959       2.4368139      -32.606262       33.364792      0.32244955      0.11919908        1.584365     -0.92103781       6.7763305        6.7763305     0.043257123                                    0.043257123
              5        8.102896       3.1357182      -32.056582       40.119362      0.18888871     0.045127042       24.721491      -0.9934885       6.7763305        6.7763305       2.6531311                                      2.6531311
              4       8.5169288        3.021134      -32.330335        18.29079      0.16661513     0.090622052       6.8529131     -0.97098263       6.7763305        6.7763305       3.4811967                                      3.4811967
             10       6.8436741       3.0041257      -32.240468       15.815382      0.30750222      0.19452364       9.8771994     -0.88277515       6.7763305        6.7763305      0.13468729                                     0.13468729
              1       6.7777405       2.9845583      -32.234005       14.576951      0.33700828      0.23281756       9.8915177     -0.83502166       6.7763305        6.7763305    0.0028199738                                   0.0028199738
             25       6.8854102       2.7982053      -32.340961       16.964754       0.3859051      0.24432915       5.6090649     -0.80904747       6.7763305        6.7763305      0.21815951                                     0.21815951
             20       6.8885688       2.8109006      -32.342552       13.644104      0.29746376      0.23311244       5.6470523     -0.82461327       6.7763305        6.7763305      0.22447673                                     0.22447673
              3       7.6785263       2.1267781      -32.502162         23.0989      0.46826799      0.28648567        1.765402      -0.7070047       6.7763305        6.7763305       1.8043918                                      1.8043918
             10       6.7906986       2.1470181      -32.565576        24.24914      0.35793468      0.20663012       1.4831092     -0.81459219       6.7763305        6.7763305     0.028736305                                    0.028736305
              3       6.8233423       2.0464345      -32.707624       39.955205      0.31317653      0.11511712      0.80158038     -0.90820621       6.7763305        6.7763305     0.094023576                                    0.094023576
             26       6.8602337       2.2095374      -32.681136       37.307469      0.30349366      0.11065585       1.0071544     -0.91860591       6.7763305        6.7763305      0.16780653                                     0.16780653
             16         6.77671       1.7034601      -31.476354       6.0974245      0.33941009      0.98212838      0.52265202      0.68217441       6.7763305        6.7763305   0.00075912716                                  0.00075912716
              2       7.5549238       2.0173386        -31.9783       6.7411306      0.45930005       1.0150954      0.88371239      0.98135964       6.7763305        6.7763305       1.5571867                                      1.5571867
              3       7.0348043       2.5317557      -32.116988       4.2787228      0.40958512       1.1363971       1.7400066      0.36355365       6.7763305        6.7763305      0.51694759                                     0.51694759
              7       8.8805125       1.5188976        -32.8245       30.110565       0.1491656     0.098026432      0.30245495     -0.90947548       6.7763305        6.7763305       4.2083641                                      4.2083641
              9       6.9017279      0.34252726      -31.485899       26.320525      0.29492534      0.98320552     0.014816473      0.61688503       6.7763305        6.7763305      0.25079485                                     0.25079485
              7       6.7774791      0.78173693      -31.524148       13.732301      0.34650545       0.9701258     0.072325241    -0.084576967       6.7763305        6.7763305    0.0022973198                                   0.0022973198
             16       6.7957254       1.0279375      -31.461817       9.2519668      0.32348657       1.0222977      0.13351826      0.24592285       6.7763305        6.7763305     0.038789859                                    0.038789859
              4       6.9945098       0.5266241      -30.819785       15.905074      0.27990599       1.0043791     0.034277657      0.42763657       6.7763305        6.7763305      0.43635877                                     0.43635877
              3       8.1551957      0.34976181         -31.505       16.614583      0.18589969      0.96147664     0.015120323     -0.88615873       6.7763305        6.7763305       2.7577306                                      2.7577306
              2       7.8492358         1.39943      -31.590615       9.8815244      0.47969671       1.0425899      0.27327934     -0.37627147       6.7763305        6.7763305       2.1458106                                      2.1458106
              1       7.2707128       1.2244415      -31.955864       6.6412394      0.24852955      0.91857104      0.17767178     -0.10123988       6.7763305        6.7763305      0.98876469                                     0.98876469
              2       7.1318282      0.72020052      -32.423461       25.936609      0.42126132      0.67780826      0.13885318      0.11720032       6.7763305        6.7763305      0.71099549                                     0.71099549
             12       7.0854605      0.63825327      -32.518752       26.026219      0.26808825       0.4850601       0.1193427     -0.32263669       6.7763305        6.7763305      0.61826014                                     0.61826014
              1       7.3879096      0.64514202      -32.576979       28.753073      0.23803931      0.38568343      0.11645127     -0.50125274       6.7763305        6.7763305       1.2231582                                      1.2231582
             19       6.7852388      0.49874171      -32.417228       30.279237      0.35454704      0.70562693     0.062635967      0.19157114       6.7763305        6.7763305     0.017816672                                    0.017816672
              2       6.8738407      0.32784881      -32.184665        23.68389      0.30048855       1.1631164     0.010644512     -0.84474881       6.7763305        6.7763305      0.19502039                                     0.19502039
              2       6.8962379       1.1383542      -31.994113       10.431533      0.38803264      0.98212014       0.1695279      0.95963977       6.7763305        6.7763305      0.23981484                                     0.23981484
              4       6.8963969      0.91848063       -31.99777       9.8635458      0.29593685      0.98178837      0.10388484      0.95625907       6.7763305        6.7763305      0.24013287                                     0.24013287
              2       6.8397022      0.77518742      -31.296818       12.257761      0.30853503      0.97590719     0.078004706      -0.8321728       6.7763305        6.7763305      0.12674338                                     0.12674338
              7       7.2702398      0.54523468      -30.893911       13.772632      0.24857428      0.99489599     0.036911997      0.45051825       6.7763305        6.7763305      0.98781859                                     0.98781859
              3       9.6374292      0.28402415      -31.339199       12.094987      0.11714152       1.0248778    0.0099520304     -0.69114797       6.7763305        6.7763305       5.7221974                                      5.7221974
              2       9.7101767       2.6223942      -32.789856       37.603375      0.11430079     0.034837448      0.77549641      -0.9851983       6.7763305        6.7763305       5.8676925                                      5.8676925
             11       6.9159655       2.1118483      -32.764374       50.386237      0.29232475     0.082568207      0.66646599     -0.93964949       6.7763305        6.7763305      0.27927011                                     0.27927011
             18        6.779431       2.2022767      -32.728788       51.438625      0.33459779     0.088773577      0.82299984     -0.93730731       6.7763305        6.7763305    0.0062010838                                   0.0062010838
              2          6.9506       2.2497398      -32.585574       31.550815      0.39749497      0.16831029       1.5072125     -0.86379214       6.7763305        6.7763305       0.3485391                                      0.3485391
             13       7.0371488      0.81629089      -30.526408       10.135427      0.27410904      0.99576826      0.08525164     -0.98663828       6.7763305        6.7763305       0.5216367                                      0.5216367
              5       6.9740699      0.78122977      -30.524089       10.902563      0.28288611      0.99821974     0.077899456      0.64523314       6.7763305        6.7763305      0.39547889                                     0.39547889
              4       6.9778535      0.66105139      -31.377964       18.617994      0.40167676        0.980913     0.057196952      0.21514953       6.7763305        6.7763305      0.40304614                                     0.40304614
              1       9.0220403      0.27291693      -31.061633       15.873521      0.14278608      0.99061302    0.0086590327     0.082771136       6.7763305        6.7763305       4.4914197                                      4.4914197
              3       7.8235497      0.42349526      -31.363306        14.50076      0.20596156       1.0080191     0.021052808      0.83472996       6.7763305        6.7763305       2.0944384                                      2.0944384
              8       6.7794897      0.43137385      -31.770088       22.714418      0.34947191       1.0719604     0.023823357     -0.87427974       6.7763305        6.7763305    0.0063184134                                   0.0063184134
              4       7.5381391      0.48772145      -31.754736       26.613055       0.4580288       1.0605914     0.032560129     -0.33392089       6.7763305        6.7763305       1.5236173                                      1.5236173
              9       6.8783386      0.47863243      -31.652663       25.389073      0.38445806      0.95087166     0.030364575     -0.44913588       6.7763305        6.7763305      0.20401617                                     0.20401617
             17       6.7811171      0.72479968      -32.571552       37.408799      0.35119727      0.38929721      0.14893859     -0.49636175       6.7763305        6.7763305    0.0095733184                                   0.0095733184
              8        8.092605      0.44881839      -32.592229       34.130901      0.18948376      0.37177099     0.054553784     -0.52184016       6.7763305        6.7763305       2.6325491                                      2.6325491
              9       7.9938387      0.86872432       -32.72322       33.896607      0.19531733      0.19935378      0.15030203     -0.77751757       6.7763305        6.7763305       2.4350164                                      2.4350164
             43       8.3807925      0.48815338      -32.670113       39.787418      0.17361338      0.26866002     0.055178548      -0.6783861       6.7763305        6.7763305        3.208924                                       3.208924
              9       8.1679357       0.6182694      -32.696018       38.111196      0.18518021       0.2362034     0.082715851     -0.72486363       6.7763305        6.7763305       2.7832104                                      2.7832104
              4         7.56234      0.17385735       -32.24083       35.268119      0.22414262       1.0986795    0.0026424995      0.40938055       6.7763305        6.7763305       1.5720192                                      1.5720192
              2       7.8171271        0.526377      -32.197506        23.67804      0.47762064       1.1517609     0.025974438      -0.5895656       6.7763305        6.7763305       2.0815933                                      2.0815933
              7       7.3315352      0.48306217      -32.160174       23.368546      0.44105341       1.1742981     0.027241526     -0.99944155       6.7763305        6.7763305       1.1104094                                      1.1104094
             20       6.8685413      0.32220967       -32.38971       45.930829      0.38236769      0.77653358     0.023016898      0.39854829       6.7763305        6.7763305       0.1844217                                      0.1844217
              1       7.0530739      0.47497928      -32.624742       52.989213       0.2720671      0.32488959      0.05781613     -0.59586364       6.7763305        6.7763305       0.5534869                                      0.5534869
             37       6.7763324      0.52370016        -32.5924       53.301603      0.34218388      0.36843296     0.074517276     -0.52805173       6.7763305        6.7763305    3.826799e-06                                   3.826799e-06
              3       7.4702015       1.7149931      -32.264636       8.3504326      0.45273431      0.95015391      0.61029958      0.94313289       6.7763305        6.7763305        1.387742                                       1.387742
             17       6.8543049        2.190546      -30.929504       4.2432157      0.30487906      0.98582996       1.1063959      -0.9365249       6.7763305        6.7763305      0.15594886                                     0.15594886
              2       6.8903748       1.6442157      -31.029665       6.9647938      0.38689311       1.0154203      0.45075142     -0.99980806       6.7763305        6.7763305      0.22808861                                     0.22808861
              4       7.7551651       1.5598633      -30.957327       9.0982608      0.47352173        1.002806      0.38724957      0.90316547       6.7763305        6.7763305       1.9576693                                      1.9576693
             15       6.8378639       1.4153717      -31.415236       7.9436086      0.37497605       1.0023908      0.30569476      0.99110275       6.7763305        6.7763305      0.12306696                                     0.12306696
             15       6.7763869       1.4587062      -31.353284       6.8930652      0.34100154       1.0192906        0.312646      0.19991533       6.7763305        6.7763305   0.00011282558                                  0.00011282558
              7       6.8200778       1.7290263      -31.499335       5.7280923      0.31419527      0.95347636      0.52359272     -0.99161622       6.7763305        6.7763305     0.087494711                                    0.087494711
              2       6.7785101         1.69421      -31.490434       6.2092812      0.33579373      0.95936954      0.51926634     -0.53236343       6.7763305        6.7763305    0.0043591879                                   0.0043591879
              3        6.912957       2.1554831      -32.381234       8.1617531       0.2928628      0.50033172       2.2225725     -0.31488525       6.7763305        6.7763305      0.27325311                                     0.27325311
              7       6.8412023       1.9283979      -32.596304       22.314673      0.30814126      0.21522096       1.0848753     -0.79277092       6.7763305        6.7763305      0.12974359                                     0.12974359
             12       6.8177068       1.6413964      -31.074963        5.671416      0.31495926       1.0168838       0.4526483     -0.93117638       6.7763305        6.7763305     0.082752586                                    0.082752586
             15       9.8613542      0.35491401      -30.888841       9.1507053      0.10850794       1.0041665     0.014900088      0.60614677       6.7763305        6.7763305       6.1700475                                      6.1700475
              7       9.9192245      0.35493355      -30.890889       8.9990335      0.10632814       1.0005233     0.015072251      0.99388952       6.7763305        6.7763305       6.2857881                                      6.2857881
             11       10.663538      0.49915613       -30.44821       4.8171613       0.0799032       0.9987539     0.030421293      0.74437075       6.7763305        6.7763305       7.7744152                                      7.7744152
              2       6.9360799      0.74087786      -31.269741       11.519113      0.28886722       1.0173128      0.06650279     -0.14831965       6.7763305        6.7763305      0.31949885                                     0.31949885
              1       6.9087836      0.75258917      -31.288453       11.904452       0.2936191      0.98500588     0.074514066      0.27229929       6.7763305        6.7763305      0.26490626                                     0.26490626
              4       7.0441113      0.86603214      -30.419118       9.4866483      0.27320885      0.99947021     0.096652371      0.95104645       6.7763305        6.7763305      0.53556158                                     0.53556158
              5       7.1509013      0.84817307      -30.384089       9.2541706       0.2606402      0.99802479      0.09300357      0.18233923       6.7763305        6.7763305      0.74914175                                     0.74914175
             17       6.8561595       1.1754265      -30.770392        9.634281       0.3795598       1.0073661      0.19443323     -0.78512008       6.7763305        6.7763305      0.15965802                                     0.15965802
              5        7.079649       1.2653406      -30.906387       9.8631071       0.4152137       0.9999364      0.22988117      0.99993223       6.7763305        6.7763305      0.60663708                                     0.60663708
             21       6.9705554       1.2747389      -30.898845       9.5452364       0.4005862      0.98948671      0.23313288     -0.97286742       6.7763305        6.7763305      0.38844988                                     0.38844988
              3       6.8315107      0.35694754      -31.859534       27.088446      0.31077268      0.96599806     0.017069129      0.73509843       6.7763305        6.7763305       0.1103605                                      0.1103605
             13       7.6665409       2.7844474      -32.391683       12.487638      0.21657353      0.18720092       4.6215892     -0.87690282       6.7763305        6.7763305       1.7804208                                      1.7804208
             27       6.7770047      0.56936682      -32.626776       57.282755      0.34545184      0.31834158     0.082996474     -0.60694659       6.7763305        6.7763305    0.0013484854                                   0.0013484854
             18       7.0300158      0.63524251      -32.702471       56.798592      0.27504384      0.22911141     0.085737414     -0.73463362       6.7763305        6.7763305      0.50737064                                     0.50737064
              3       7.5116513       2.4725018      -32.582728        21.81525      0.22800618      0.12704913       1.7819449     -0.91593983       6.7763305        6.7763305       1.4706418                                      1.4706418
             39        6.851216       1.5419715      -32.818571       59.918354      0.30562176     0.099419131      0.31808966     -0.90858925       6.7763305        6.7763305      0.14977101                                     0.14977101
             23       6.7778236      0.26222162       -31.82465       37.458386      0.33686324        1.030761    0.0074006272      0.68310019       6.7763305        6.7763305    0.0029862242                                   0.0029862242
             12        6.834626       1.9152875      -30.464807       5.8612895       0.3740967       1.0015639      0.70836372      0.75923036       6.7763305        6.7763305      0.11659103                                     0.11659103
              3       8.1470395      0.13955246      -31.440086       38.926467      0.18636206       1.0310908    0.0024121217     -0.65318929       6.7763305        6.7763305        2.741418                                       2.741418
              6        6.788126      0.78572532      -30.221672       12.542246      0.32756216      0.99900936     0.078200356      0.57351549       6.7763305        6.7763305     0.023591125                                    0.023591125
             24       6.8187873      0.83573427      -30.351782       13.246968      0.36939157       1.0028228     0.089562894       -0.995616       6.7763305        6.7763305     0.084913747                                    0.084913747
             24       6.7771313       1.1550176      -31.921104       10.096281      0.34576205      0.89114669       0.1825459      -0.9992266       6.7763305        6.7763305    0.0016017491                                   0.0016017491
              6       6.7855645       1.2112919      -31.940192         9.77144      0.35477437      0.90087961      0.18120508     -0.68228894       6.7763305        6.7763305     0.018468146                                    0.018468146
             28       6.8833228       1.2867121       -31.86709       9.6697483      0.38548297      0.93117333      0.28366864      0.18086624       6.7763305        6.7763305      0.21398464                                     0.21398464
              3       6.8814146       1.2872104      -31.865497       9.6286413      0.38509346      0.93384223       0.2831977      0.23569078       6.7763305        6.7763305       0.2101682                                      0.2101682
              6       6.8496622      0.38998628      -31.551919       23.210609      0.30600115        1.016036     0.019274738      0.74318683       6.7763305        6.7763305      0.14666337                                     0.14666337
              9       7.3853774      0.40470741      -31.709788       17.965049      0.23825474      0.98490402      0.01872488      0.87805573       6.7763305        6.7763305       1.2180939                                      1.2180939
             14       6.7800674       1.3470407      -31.469647       7.4157723      0.33387352       1.0045389       0.2642312      0.97384511       6.7763305        6.7763305    0.0074739404                                   0.0074739404
              3       6.9188238       0.4507526      -31.532005       19.847746       0.2918189      0.98036069     0.023124583      0.52989665       6.7763305        6.7763305       0.2849867                                      0.2849867
              1       7.0416089      0.64161295      -31.219956       19.590485      0.41046897      0.98148558     0.052566012     -0.56705761       6.7763305        6.7763305      0.53055678                                     0.53055678
             12       7.1357239       0.4652544      -31.035771       16.747028      0.26230558       1.0118152     0.025735715     -0.60097134       6.7763305        6.7763305      0.71878678                                     0.71878678
             22       7.3943063      0.18373552      -31.242412       38.907483      0.23749704      0.99851326    0.0039822972      0.99013936       6.7763305        6.7763305       1.2359517                                      1.2359517
              1       6.9795397       1.5138831       -32.50438       13.565221       0.2820741      0.41282491      0.79062915      -0.4735109       6.7763305        6.7763305      0.40641851                                     0.40641851
              2       11.026903        2.479784      -32.060778       6.0791432      0.61607319       1.2282817       1.8965802     -0.99879142       6.7763305        6.7763305       8.5011446                                      8.5011446
             11        7.285674       2.1824121      -31.163125        6.086089      0.43687423      0.98856056       1.0707765      0.55857556       6.7763305        6.7763305       1.0186872                                      1.0186872
             15       7.2953129       2.2066525      -31.124613       5.8298422      0.43776772       1.0227627       1.1428624      -0.9987825       6.7763305        6.7763305       1.0379648                                      1.0379648
              1       7.0621717       2.1733839      -31.140621       5.7437519       0.4130731      0.99452727       1.0969248      0.89151059       6.7763305        6.7763305      0.57168238                                     0.57168238
             24       7.3121005      0.13298728      -30.626658       55.053007       0.2446957       1.0045165    0.0021096207     -0.53703024       6.7763305        6.7763305         1.07154                                        1.07154
             10       7.0690346      0.14804992      -30.619363       55.106904      0.27007874      0.99494282     0.002595861     -0.99996385       6.7763305        6.7763305      0.58540836                                     0.58540836
             23       7.3986936      0.26239518      -30.356668       27.236352      0.23712674      0.99723531    0.0081896579     -0.97760532       6.7763305        6.7763305       1.2447262                                      1.2447262
             13       9.2819773      0.15225247      -30.252552       25.917435      0.13157236       1.0021442    0.0027468601     -0.99281979       6.7763305        6.7763305       5.0112937                                      5.0112937
              1       7.6058069      0.23407161      -31.798654       55.839671      0.46307232       1.0648272    0.0058500269     -0.59916398       6.7763305        6.7763305       1.6589529                                      1.6589529
              6       7.3075543       1.4000124       -32.68524       48.089093       0.4388906      0.19592944       0.4344961     -0.79549545       6.7763305        6.7763305       1.0624477                                      1.0624477
             11       7.9114849       1.1426256      -30.355607       5.2847533      0.20036509      0.99727585      0.18121232     -0.65664549       6.7763305        6.7763305       2.2703088                                      2.2703088
              4       7.1427258      0.51254896      -31.067013       15.336497        0.261533      0.99996975     0.031993611      0.99999144       6.7763305        6.7763305      0.73279068                                     0.73279068
             16        7.017026       1.9179185      -32.628944          23.306      0.27678059      0.18610569      0.96198576     -0.82744724       6.7763305        6.7763305        0.481391                                       0.481391
             19       6.8399207       1.8882982      -32.607971       23.387237      0.30847738      0.20994027        1.002135      -0.7974155       6.7763305        6.7763305      0.12718041                                     0.12718041
              6          6.7764        1.870119      -32.555705       20.191947      0.34089118      0.27132526       1.1505921     -0.71533848       6.7763305        6.7763305   0.00013914443                                  0.00013914443
              3       8.6218459       1.0902095       -32.14336       12.194212      0.52259333       1.1814682      0.16227347      -0.9970554       6.7763305        6.7763305        3.691031                                       3.691031
              4       9.7520796       1.4661938      -31.800416       11.110423      0.57131951       1.0540931      0.29259025      0.13403151       6.7763305        6.7763305       5.9514982                                      5.9514982
             13       8.0148895       2.0456614      -32.525207       26.197433      0.48994531      0.27477488       1.5198306     -0.71944603       6.7763305        6.7763305       2.4771181                                      2.4771181
              3       7.8553131      0.51224257       -32.18545       24.238442      0.48008614        1.162146     0.026101674     -0.80758999       6.7763305        6.7763305       2.1579653                                      2.1579653
              6       6.8758339      0.42990452      -32.075027       24.081983      0.38393358       1.1145864     0.029626871     0.068171499       6.7763305        6.7763305      0.19900694                                     0.19900694
             27       7.3390496      0.56422558       -32.31847       25.163579      0.44172148      0.93507242     0.048707527      0.89782753       6.7763305        6.7763305       1.1254383                                      1.1254383
              4       7.2187986      0.80577335      -31.639822       16.649086      0.43042679      0.96431274     0.091083173      0.23353419       6.7763305        6.7763305      0.88493634                                     0.88493634
             38       6.7857543      0.65732514      -31.804959       15.347312      0.35490493       1.0573563     0.047164308     -0.18930662       6.7763305        6.7763305     0.018847591                                    0.018847591
              2       7.6729064      0.38306522      -31.161429       17.263116      0.21612589      0.98228339     0.017606939     -0.99940272       6.7763305        6.7763305       1.7931519                                      1.7931519
              6       7.1275369      0.17880243      -31.095262       44.501665      0.26321853      0.99423416    0.0038630227       0.7148324       6.7763305        6.7763305      0.70241291                                     0.70241291
             14       7.5646497      0.16229529      -31.039743       41.185589      0.22396959       1.0070702    0.0030551942      0.42299219       6.7763305        6.7763305       1.5766386                                      1.5766386
             10       7.5491667      0.36871344      -31.240365       18.443115      0.22513443      0.99504009     0.016038492      0.88919921       6.7763305        6.7763305       1.5456724                                      1.5456724
              7       7.5512994      0.34379912      -31.260462       19.241145      0.22497329        1.022156     0.014292049     -0.96668899       6.7763305        6.7763305       1.5499378                                      1.5499378
              9       7.4101297      0.14091314      -30.956676       50.018336      0.23616759       1.0070742    0.0023062783      0.15421022       6.7763305        6.7763305       1.2675985                                      1.2675985
              2       8.4510023       1.7080193      -32.109344       7.5736798      0.51403139       1.1942956      0.54176359     -0.95694144       6.7763305        6.7763305       3.3493436                                      3.3493436
              9       6.8629788      0.75475618      -31.188461        11.84081      0.30286881       1.0185641     0.073385714     -0.80545847       6.7763305        6.7763305      0.17329672                                     0.17329672
             12       7.5822727      0.42471133      -30.542349       15.810236      0.22265759      0.99661453     0.021601433     -0.26132769       6.7763305        6.7763305       1.6118845                                      1.6118845
             10        7.251669      0.30241204      -30.613908       24.830206      0.25034749       1.0020416     0.010845948      0.66419042       6.7763305        6.7763305      0.95067713                                     0.95067713
              4       6.7911425      0.37625872      -30.233878       26.073529      0.32582107      0.99819336     0.017056763     -0.44170935       6.7763305        6.7763305     0.029624015                                    0.029624015
             20       6.7893731      0.43017481      -30.289112       24.960275      0.35718189       0.9998089      0.02232091      0.98964984       6.7763305        6.7763305     0.026085303                                    0.026085303
              7       6.8079432      0.33734513      -30.341865       32.501269      0.36563599       1.0022962     0.013678306     -0.48054268       6.7763305        6.7763305     0.063225461                                    0.063225461
              6       7.4478712      0.55445868       -30.68668       24.345648       0.4509379       1.0040333     0.037250461     0.085077398       6.7763305        6.7763305       1.3430814                                      1.3430814
              6        7.313281      0.51956032      -31.667151       15.010946      0.24458856      0.94257088     0.033417631     -0.98326201       6.7763305        6.7763305        1.073901                                       1.073901
              6       8.2178723      0.54114178      -32.050561       9.4211291      0.18239133       1.0752565     0.044879276       0.5294172       6.7763305        6.7763305       2.8830836                                      2.8830836
              2       8.3908646      0.52699719      -32.038032       9.3895372      0.17308568       1.0513094     0.040040082      0.75363478       6.7763305        6.7763305       3.2290684                                      3.2290684
              3       8.6308148       1.0075742      -32.531005       36.015352      0.52303162      0.43319672      0.31046695     -0.42466026       6.7763305        6.7763305       3.7089687                                      3.7089687
             11       9.3423116       1.2473163      -32.564461       37.886415      0.55494605      0.35294949       0.4700537     -0.56751001       6.7763305        6.7763305       5.1319623                                      5.1319623
              9       7.6708255      0.61108829      -32.518514       47.222565      0.46772794      0.48714886      0.10907503     -0.31835673       6.7763305        6.7763305         1.78899                                        1.78899
              3       7.7710546      0.44501456      -30.943949       31.952344      0.47458493       1.0031339     0.024192332      0.83259833       6.7763305        6.7763305       1.9894483                                      1.9894483
              9       7.0619812        2.203036      -31.144417       5.7216466      0.41304942      0.98487541       1.1721556      0.21711662       6.7763305        6.7763305      0.57130156                                     0.57130156
             20       8.5392543       1.6583241      -31.256509       9.1583528      0.51850606       1.0260983      0.46311624     -0.99500525       6.7763305        6.7763305       3.5258477                                      3.5258477
             22       8.8652464       1.6179056      -31.277684       9.9588566      0.53413361      0.99634361      0.43590615      0.96407709       6.7763305        6.7763305       4.1778319                                      4.1778319
              5       8.2511591       1.3758502      -31.064876       11.004327      0.50344092      0.99939182      0.28188022      0.99704222       6.7763305        6.7763305       2.9496573                                      2.9496573
              5       6.8353077       1.0572148      -31.007263       8.9141639      0.30971618      0.98773842      0.15334012     -0.70350009       6.7763305        6.7763305       0.1179544                                      0.1179544
             29       6.9300205       1.0230227      -30.987272       8.4159007      0.28988464        1.011955      0.14189445     -0.79705224       6.7763305        6.7763305      0.30738016                                     0.30738016
              3       6.9332503       1.0291391      -30.995897       8.3950547      0.28933989       1.0065436      0.13937354      0.46685724       6.7763305        6.7763305       0.3138397                                      0.3138397
              3       7.2718146       1.0350728      -30.862117       7.2488828      0.24842546      0.99512134      0.14589671      0.47008961       6.7763305        6.7763305      0.99096819                                     0.99096819
             16       6.9743382        2.041799       -31.70525       5.7633098      0.40115397       1.0245851      0.92940102      0.83067147       6.7763305        6.7763305      0.39601537                                     0.39601537
             15       6.9608461        1.947251      -32.024625        5.518588      0.39910307       1.1162387      0.96754913      0.24330495       6.7763305        6.7763305       0.3690313                                      0.3690313
             50       6.7975686       1.9230739      -32.070709       4.7625673      0.36137319         1.18588      0.88841617     -0.65176124       6.7763305        6.7763305     0.042476293                                    0.042476293
              1       6.8416218        1.888578      -31.837729       6.2840498      0.37596805      0.95213448      0.76708469      0.63869649       6.7763305        6.7763305      0.13058264                                     0.13058264
             13       6.8346121       2.4632638        -32.3424       10.076085      0.37409288      0.45300043       3.6291398     -0.42500471       6.7763305        6.7763305      0.11656324                                     0.11656324
              9       7.8116958      0.46568798      -30.515661       13.360967      0.20673368      0.99861993     0.026152681      0.76613149       6.7763305        6.7763305       2.0707307                                      2.0707307
             15       7.8974433      0.47284846      -31.402051       13.129658      0.20124381      0.97424693     0.025832258     -0.44871282       6.7763305        6.7763305       2.2422256                                      2.2422256
              5       7.8634895      0.47542506       -31.40617       13.132825      0.20339165      0.97907238     0.025973542     0.056202227       6.7763305        6.7763305        2.174318                                       2.174318
              7       7.9815894      0.56429013       -32.15976       8.8893814      0.19605708       1.1747094     0.037421801     -0.99891587       6.7763305        6.7763305       2.4105178                                      2.4105178
              9       7.1329812      0.30557661      -32.196879       35.932237      0.42138974       1.1534573    0.0086578587     -0.64861932       6.7763305        6.7763305      0.71330144                                     0.71330144
             14       6.7833284      0.44864876      -32.272148       22.769955      0.35312062       1.0389062     0.021291986      0.93431268       6.7763305        6.7763305     0.013995943                                    0.013995943
              2       8.8300304      0.76115651      -31.351278       5.8401348      0.15149282       1.0242763     0.070375579     -0.54696663       6.7763305        6.7763305       4.1073999                                      4.1073999
              7       9.2661251      0.11984087      -32.151717       28.249347      0.13223906       1.1740006     0.001755395     -0.97988543       6.7763305        6.7763305       4.9795892                                      4.9795892
              1       12.387833     0.028538481      -32.226445       25.466825     0.027092923       1.1203974   6.9539313e-05     0.038101004       6.7763305        6.7763305       11.223004                                      11.223004
              3       7.9156783      0.74361399      -32.501566       15.846627      0.20010372      0.51037885      0.16431861     -0.27334719       6.7763305        6.7763305       2.2786957                                      2.2786957
              1       6.9225318      0.41051254      -31.799811       20.042983      0.29117019       1.0636042     0.018116378     -0.52075607       6.7763305        6.7763305      0.29240258                                     0.29240258
              5       7.3965011      0.37741837      -31.727883       18.557534      0.23731163       1.0183513     0.018204413      0.85168331       6.7763305        6.7763305       1.2403412                                      1.2403412
              2       6.9877919      0.39028772      -31.491944       22.216488      0.28086943      0.97356755     0.019611613     0.094704345       6.7763305        6.7763305      0.42292282                                     0.42292282
              6       8.0646729       1.0523334       -32.67533       23.392756      0.19111068      0.23333084      0.25436459     -0.73729254       6.7763305        6.7763305       2.5766848                                      2.5766848
              9       7.3416159       1.2060143      -32.035675       5.6295319      0.24205139       1.0715311      0.25285714      0.59880711       6.7763305        6.7763305       1.1305708                                      1.1305708
             22       6.9433467      0.33633516      -30.137126       25.673658      0.28767219       1.0012897      0.01350048     -0.26655642       6.7763305        6.7763305      0.33403241                                     0.33403241
              9       6.9123804      0.34696413      -30.112276       25.412923      0.29296659      0.99862125     0.014384105     -0.42752269       6.7763305        6.7763305      0.27209997                                     0.27209997
             14       6.8798677      0.33779086      -30.049158       26.596911      0.29922489       1.0010149     0.013690324     -0.23420682       6.7763305        6.7763305      0.20707448                                     0.20707448
              3       7.1169269      0.20556936      -31.696808       40.133203      0.26441765       0.9632747    0.0045310048      0.18306521       6.7763305        6.7763305      0.68119288                                     0.68119288
              6       6.8230387      0.34645182      -30.954128        26.91118      0.31326975       1.0098684     0.014164053     -0.63896641       6.7763305        6.7763305     0.093416395                                    0.093416395
             30       6.7823956      0.26534584      -31.388406       41.092574      0.35235291      0.97123461    0.0086455193     -0.81096509       6.7763305        6.7763305     0.012130245                                    0.012130245
              2       6.7763908      0.31721376      -31.669177        34.46793      0.34303215      0.94295185     0.012104181     -0.99544334       6.7763305        6.7763305   0.00012056812                                  0.00012056812
              3       6.8667412      0.32097485      -30.865605        28.51263      0.30202827      0.99188476     0.012469742     -0.62360455       6.7763305        6.7763305      0.18082152                                     0.18082152
              3       7.1578594      0.39799779      -30.834194       32.195476      0.42411199      0.99477977     0.019335557      0.23036703       6.7763305        6.7763305       0.7630578                                      0.7630578
             12       7.0984267      0.24804107       -30.82688       32.080888      0.26655409       1.0067863    0.0072232055     -0.40019259       6.7763305        6.7763305      0.64419247                                     0.64419247
              2       7.6164816      0.20229553      -30.860953       32.753551      0.22015111      0.99861507    0.0048806718      0.95105725       6.7763305        6.7763305       1.6803023                                      1.6803023
             25       8.1032727      0.11530757      -31.009211       49.828886      0.18886698      0.98795903     0.001590211     -0.86751093       6.7763305        6.7763305       2.6538845                                      2.6538845
             14       6.8352253      0.24854754       -30.28833       37.512713      0.30973873      0.99845726    0.0073193937       0.1662541       6.7763305        6.7763305       0.1177897                                      0.1177897
             22       6.8067793      0.52496003      -30.032923       20.922038       0.3651968      0.99935237     0.033678437      0.61347748       6.7763305        6.7763305     0.060897663                                    0.060897663
             10       7.0586905      0.44435461      -30.080754        18.38229      0.27136102      0.99848157     0.023880184     -0.97295415       6.7763305        6.7763305      0.56471997                                     0.56471997
             13         7.07236       0.6986462      -30.631145       17.787403      0.41432865       1.0020676       0.0606547      0.69657155       6.7763305        6.7763305      0.59205903                                     0.59205903
             14       6.9990845      0.67745221      -30.636474       18.053497       0.4047416       0.9946259     0.057314318     -0.98016178       6.7763305        6.7763305        0.445508                                       0.445508
             28       7.0494371      0.68994231      -30.640248       17.957193      0.41147187      0.99818455     0.059108379      0.77724344       6.7763305        6.7763305      0.54621336                                     0.54621336
             11       7.1603149       0.2938124      -32.380873       54.393209      0.42437581      0.79810075     0.018322423      0.46579555       6.7763305        6.7763305      0.76796896                                     0.76796896
              7        6.800568      0.68355925      -32.603126       40.972879      0.32130396      0.34479847      0.12578056     -0.56790272       6.7763305        6.7763305     0.048475132                                    0.048475132
             13       7.1087366        0.657827      -32.534768       42.050426      0.41864386      0.45486711      0.12627265     -0.37999741       6.7763305        6.7763305      0.66481222                                     0.66481222
              1       7.0649351      0.65899454      -31.524969       12.712184      0.27058417      0.97078331      0.05030607    -0.055859009       6.7763305        6.7763305      0.57720929                                     0.57720929
              2       6.7837441       0.9122079       -31.78315       10.836671      0.35344611       1.0746212      0.10373888      -0.9483022       6.7763305        6.7763305     0.014827239                                    0.014827239
              1       6.7952255      0.83354042       -31.80194       11.012541      0.32372669        1.059952     0.078529708     -0.27236171       6.7763305        6.7763305      0.03779015                                     0.03779015
             15       6.9016776      0.64717001      -31.582203       13.077318      0.29493477       1.0473958     0.051788199     -0.99986165       6.7763305        6.7763305      0.25069437                                     0.25069437
             13       6.9003886      0.62858977      -31.619751       14.078475      0.29517741       1.0024947     0.048469994       0.9953013       6.7763305        6.7763305       0.2481162                                      0.2481162
              5       6.9007419      0.96012394      -31.534141       9.3577202      0.29511077      0.98721016      0.11664639      0.82242697       6.7763305        6.7763305      0.24882295                                     0.24882295
              8       6.9115352      0.96182757      -31.524368       9.4310173      0.29311915      0.97120372       0.1137418     0.030972446       6.7763305        6.7763305      0.27040942                                     0.27040942
              5       6.9141366      0.96314924       -31.52355       9.4137281      0.29265113      0.97010083      0.11410329    -0.048162149       6.7763305        6.7763305      0.27561236                                     0.27561236
             19       6.7922954       1.0472262      -31.450036       9.0195538       0.3252032       1.0347875      0.14336127     -0.87297204       6.7763305        6.7763305     0.031929898                                    0.031929898
              5        7.093383       1.0864815      -31.401692       7.5799897      0.26714712      0.97494802      0.15254819     -0.22761074       6.7763305        6.7763305      0.63410516                                     0.63410516
              3       7.0447648       1.2990159      -32.558338       26.709383      0.41087504      0.35592078      0.51856127     -0.56423179       6.7763305        6.7763305      0.53686864                                     0.53686864
             25       6.9790956      0.82281648      -32.460093       24.946829      0.40186039      0.58840828       0.1986347     -0.10483625       6.7763305        6.7763305      0.40553033                                     0.40553033
              3        7.444211       0.1363754      -31.153329       52.039109      0.23335938      0.98828292    0.0022707552       0.1079109       6.7763305        6.7763305       1.3357611                                      1.3357611
              7       7.7013558       0.3576272      -30.761303       39.757406      0.46985558      0.99320227     0.015239376     -0.87017214       6.7763305        6.7763305       1.8500507                                      1.8500507
              3       7.6824615      0.35644659      -30.761537       39.772664      0.46854307      0.99332707     0.015117981      -0.8026661       6.7763305        6.7763305       1.8122621                                      1.8122621
              5       7.6394104      0.33171597      -30.879226       41.906615       0.4655004       1.0064518     0.013383015     0.040108555       6.7763305        6.7763305       1.7261598                                      1.7261598
              5        6.936182       0.2791754      -30.681248       42.388581      0.39514976       1.0035929     0.009384095      0.25059784       6.7763305        6.7763305       0.3197031                                      0.3197031
              6       6.9770503      0.29901091      -30.715781       40.615895      0.40155771      0.99377211     0.010630006     -0.93965226       6.7763305        6.7763305       0.4014396                                      0.4014396
              2       7.3010233      0.32526642      -30.754394       40.500037      0.43829316      0.99998146      0.01265237      0.99998905       6.7763305        6.7763305       1.0493857                                      1.0493857
             15       6.9852775      0.20231301      -30.938404        42.06261      0.28123396      0.99327531     0.004769584      0.17181436       6.7763305        6.7763305      0.41789406                                     0.41789406
             20       8.3560494      0.39676706      -30.481641       38.439137      0.50908319       1.0032321     0.018834412      -0.5351184       6.7763305        6.7763305       3.1594378                                      3.1594378
             10       8.4013092      0.40846176      -30.468145       37.500044       0.5114598       1.0035759     0.020116438     -0.98374196       6.7763305        6.7763305       3.2499576                                      3.2499576
              7        9.092486       0.4474191       -30.52804       36.689958      0.54431436      0.99657493     0.024040919     -0.37479527       6.7763305        6.7763305        4.632311                                       4.632311
             14       8.9818761     0.098683488      -30.166984       44.007022      0.14457558       1.0005767    0.0011493054      0.76346514       6.7763305        6.7763305       4.4110913                                      4.4110913
             13       8.7167472      0.46272199      -32.106335       8.8250527      0.15682159       1.1542246     0.033268992     -0.50732394       6.7763305        6.7763305       3.8808334                                      3.8808334
             11       7.4811659      0.54080119      -32.173948       10.950002      0.23039422       1.1693423     0.031250646     -0.93508706       6.7763305        6.7763305       1.4096708                                      1.4096708
             17       7.1787065       0.7452981       -32.18522       8.9483318      0.25767451       1.1612381     0.056346711     -0.75354538       6.7763305        6.7763305        0.804752                                       0.804752
             32       6.8673416       0.8049958       -32.21292       9.9725782      0.30189578       1.1302588     0.060516219    -0.094572749       6.7763305        6.7763305      0.18202226                                     0.18202226
             20       7.0515903       2.0648183      -32.343967       6.3034911      0.27225481        0.628687       1.8501753    0.0025927668       6.7763305        6.7763305      0.55051967                                     0.55051967
              6       7.0222064       1.7187423      -32.337735       9.5388982      0.40791752      0.74779968      0.94722333      0.33727352       6.7763305        6.7763305      0.49175183                                     0.49175183
              1       7.0476923       1.7187607      -32.333235       9.4612581       0.4112496       0.7600866      0.92981568      0.37531152       6.7763305        6.7763305      0.54272369                                     0.54272369
             23       6.9323626       1.6832439      -32.331905       9.1258341      0.39451096      0.77190055      0.86180962      0.41097649       6.7763305        6.7763305      0.31206436                                     0.31206436
              2       7.4753155       1.6823769      -32.554416       26.457757      0.45314164       0.3059705      0.91809351     -0.65624411       6.7763305        6.7763305         1.39797                                        1.39797
              7       7.0092077       1.8455627      -32.586909       27.710297      0.40615143      0.23869312       1.0229871     -0.75866568       6.7763305        6.7763305      0.46575442                                     0.46575442
             10       7.2189151       0.8076288      -31.114633       16.109835      0.43043843      0.99432885     0.081710645      0.75660509       6.7763305        6.7763305      0.88516922                                     0.88516922
              2       6.7862099      0.78276585       -30.84358       12.660867      0.32878676      0.99710503     0.077070673      0.78009768       6.7763305        6.7763305     0.019758922                                    0.019758922
              1       7.3766751      0.73680619       -31.14768       18.218284      0.44500141      0.99637438     0.069198276      0.91603783       6.7763305        6.7763305       1.2006892                                      1.2006892
              4       7.5729009      0.77781917      -31.175602       17.798843       0.4606465       1.0000444     0.076760653      0.99998873       6.7763305        6.7763305       1.5931409                                      1.5931409
              7       7.3499082      0.57870878       -30.83253       23.052952      0.44267902      0.99729635     0.041507829      0.79522251       6.7763305        6.7763305       1.1471554                                      1.1471554
             28       7.6791714      0.65112825      -30.821478       21.470158      0.46831312       1.0068307     0.053342012     -0.35704546       6.7763305        6.7763305       1.8056819                                      1.8056819
              1        7.569708      0.65792663      -30.826996       20.895177      0.46040848       1.0065647     0.053046292     -0.25459146       6.7763305        6.7763305       1.5867551                                      1.5867551
              3       7.4835434      0.93939131      -30.866868       7.4351027      0.23020614      0.99061591      0.11606983      -0.9863747       6.7763305        6.7763305       1.4144259                                      1.4144259
             22       6.8065596      0.86921807      -30.766368       12.614309      0.36511297       1.0008223     0.097874026      0.97527506       6.7763305        6.7763305     0.060458263                                    0.060458263
             15       6.9750444      0.84082408      -30.416882       10.139972      0.28274063      0.99670864     0.090686613     -0.97867534       6.7763305        6.7763305      0.39742795                                     0.39742795
              4       6.8781141      0.93532472      -30.338224       9.6533979      0.29958869       0.9972515      0.11447542     -0.93513204       6.7763305        6.7763305      0.20356718                                     0.20356718
             44       7.4783914      0.71051338      -30.284448       9.7431043      0.23061409       1.0012399     0.063040903      0.44954768       6.7763305        6.7763305       1.4041219                                      1.4041219
              1        7.020653       1.7189617      -30.484049       7.1465713      0.40770896      0.99748924      0.51366224      0.37500417       6.7763305        6.7763305      0.48864502                                     0.48864502
              1       6.9511674       1.7087704      -30.437722       7.0204554      0.39758523      0.99610052      0.50334075     -0.88324768       6.7763305        6.7763305      0.34967387                                     0.34967387
              2       6.7996097       1.4074104       -30.99783       6.8614435      0.32171722       1.0012902      0.29777686      0.98200607       6.7763305        6.7763305     0.046558542                                    0.046558542
              8       6.9029544       2.2545796      -32.653827       43.271916      0.38930431       0.1199332       1.1606073     -0.91206322       6.7763305        6.7763305      0.25324781                                     0.25324781
              6       6.7832079       2.3296571      -32.661293       43.196771      0.35302444      0.10543466       1.1829212      -0.9280488       6.7763305        6.7763305     0.013754887                                    0.013754887
              9       6.7907854       2.0986996      -32.671855       39.482317      0.35798275      0.12984675      0.96261021     -0.89602576       6.7763305        6.7763305     0.028909947                                    0.028909947
              5       7.4373779      0.23314352      -32.139738       49.481063      0.45008344       1.1726072    0.0071714785      -0.9071096       6.7763305        6.7763305       1.3220948                                      1.3220948
             47       8.5743971     0.084533682       -32.16662        49.67783      0.16374335       1.1719071   0.00079068755      -0.9931841       6.7763305        6.7763305       3.5961333                                      3.5961333
              1       7.7047727        1.495239      -32.359164       5.8273949       0.2139085      0.73784457      0.66635017       0.3000055       6.7763305        6.7763305       1.8568845                                      1.8568845
             31       7.1057983       1.5488998      -32.089222       6.9038683      0.41830436       1.1757053      0.47670978     -0.64584707       6.7763305        6.7763305      0.65893567                                     0.65893567
              2       7.5941407       1.2287232      -31.912499       6.0944104       0.2217821      0.89014884      0.22152044     -0.97515279       6.7763305        6.7763305       1.6356206                                      1.6356206
              8       6.8547071       1.1663531      -31.131813       9.6025121      0.37921655       1.0176402      0.18809178     -0.97163384       6.7763305        6.7763305      0.15675323                                     0.15675323
             32        6.807626       1.2047008      -30.548587       9.0799906      0.36551713       1.0043036      0.20333363     -0.70275208       6.7763305        6.7763305     0.062591124                                    0.062591124
              5       7.4183956       1.3599867      -30.972798       5.2571572      0.23547969      0.98989643      0.26909782     -0.27822175       6.7763305        6.7763305       1.2841303                                      1.2841303
             64       7.6001442       1.5237563        -32.6934        51.33973      0.46265835      0.17775147      0.49790416     -0.82167313       6.7763305        6.7763305       1.6476275                                      1.6476275
             13       7.1065619      0.47888815      -30.617082       26.351821      0.41839274      0.99646334      0.02807335     0.044361198       6.7763305        6.7763305       0.6604629                                      0.6604629
             10       6.8464435      0.37354718      -30.995576       30.110498      0.37719998       1.0079295     0.016402877      0.12229409       6.7763305        6.7763305      0.14022615                                     0.14022615
              2       7.0535979      0.35526436      -31.302801         35.7234      0.41199907      0.97569417     0.014996762     -0.98184337       6.7763305        6.7763305      0.55453481                                     0.55453481
              2       6.9487488       2.6004032      -32.495847       20.733451      0.28680056      0.15987834       2.7288282     -0.89267531       6.7763305        6.7763305      0.34483676                                     0.34483676
              3       8.1508661        2.698517      -32.499724       16.293715      0.18614496      0.12724124       2.8490085      -0.9280359       6.7763305        6.7763305       2.7490714                                      2.7490714
             12       8.2314382       2.6168623      -32.570359       19.912162      0.18164208      0.10477051       2.0330294       -0.941468       6.7763305        6.7763305       2.9102154                                      2.9102154
              1       7.2105318       2.6301513      -32.465703       16.383228      0.25440316      0.17744518       3.1266855     -0.87679097       6.7763305        6.7763305      0.86840275                                     0.86840275
             20       7.8656619      0.52087751      -32.439655       17.938545      0.20325323       0.6537874     0.072729301     0.053513703       6.7763305        6.7763305       2.1786629                                      2.1786629
              3       8.4560479      0.56756395      -32.495917       16.863894      0.16970965      0.53291232     0.093358068     -0.22588143       6.7763305        6.7763305       3.3594348                                      3.3594348
              1       8.3192268      0.75519878      -32.516566       14.630719      0.17687561      0.48113052      0.16959106     -0.33135455       6.7763305        6.7763305       3.0857928                                      3.0857928
             11       8.3592441      0.65604921      -32.377798       10.140423      0.17474795      0.78948067     0.096296008       0.4418949       6.7763305        6.7763305       3.1658273                                      3.1658273
              7       7.2707428      0.58718662      -32.338622       14.342838      0.24852672      0.88691858     0.060946505      0.75558039       6.7763305        6.7763305      0.98882457                                     0.98882457
              4        9.583918       2.2897736      -32.909818        46.17174      0.11925421     0.033902118      0.39312404     -0.98002295       6.7763305        6.7763305       5.6151751                                      5.6151751
             16       6.9188943       2.2205739      -32.738696       47.626912      0.29180649     0.082927619      0.79881446     -0.94272356       6.7763305        6.7763305      0.28512767                                     0.28512767
              6       7.7518266       1.9678391      -32.689483       53.765856      0.47329725      0.13444967      0.80635133     -0.88612958       6.7763305        6.7763305       1.9509923                                      1.9509923
              3        8.288038       0.2877559      -30.907862       52.765691      0.50544692       1.0005104    0.0098933437      0.99461908       6.7763305        6.7763305       3.0234151                                      3.0234151
             13         9.80723      0.31762613      -30.118169       54.298763      0.57343478      0.99930896      0.01203227      0.67225223       6.7763305        6.7763305        6.061799                                       6.061799
              1        8.228763      0.10482918      -30.718709       52.291848      0.18178955      0.99672341    0.0012868369      0.46262062       6.7763305        6.7763305       2.9048651                                      2.9048651
             11       7.9938632      0.28311367      -30.918288       51.404649      0.48868415       1.0092225    0.0094338903     -0.69281742       6.7763305        6.7763305       2.4350655                                      2.4350655
             58       7.2911179      0.14695805      -30.815114       50.646817      0.24662011      0.99587503    0.0025256593      0.45247755       6.7763305        6.7763305       1.0295749                                      1.0295749
              4       7.1293966      0.17383715      -30.379045       45.403618      0.26301022       1.0015243    0.0035988456      0.44299255       6.7763305        6.7763305       0.7061323                                      0.7061323
              5       7.4236295       0.2267036      -30.695988       59.830645      0.44895359      0.99481255     0.006050402       -0.488342       6.7763305        6.7763305       1.2945982                                      1.2945982
              4       7.2383476       0.2174737      -30.698872       59.808507       0.4323591      0.99907206    0.0055991375      0.95351704       6.7763305        6.7763305       0.9240343                                      0.9240343
             23       9.1933053     0.068199326      -30.464107       59.764946       0.1353293       0.9979002   0.00054642738      0.29436652       6.7763305        6.7763305       4.8339498                                      4.8339498
              8       8.8974521      0.28667438      -30.659211        56.22096      0.53560904      0.99880949    0.0097604071      0.90840848       6.7763305        6.7763305       4.2422432                                      4.2422432
              3       7.1920208      0.23243979      -30.837288       55.759245      0.42770927      0.99184363    0.0064655146     -0.88980856       6.7763305        6.7763305      0.83138064                                     0.83138064
             10       6.9435518       0.2144054      -30.664476       55.252277      0.39636115       1.0056042      0.00546508     -0.99368234       6.7763305        6.7763305      0.33444257                                     0.33444257
              9       8.4120859      0.30491316      -30.413612       50.421088       0.5120208       1.0009701     0.011064662      0.80635672       6.7763305        6.7763305        3.271511                                       3.271511
             76       7.0592098      0.25833402      -30.688664       47.972579      0.41270391       1.0008888     0.007919563      0.95479447       6.7763305        6.7763305      0.56575861                                     0.56575861
              8       6.8329029      0.19811398      -30.624446       47.020299      0.31038122       1.0014213    0.0046801318      0.84553295       6.7763305        6.7763305      0.11314481                                     0.11314481
             10       6.9824175      0.49150624       -31.13965       17.034349      0.28165127       1.0110649     0.028504549      0.12315762       6.7763305        6.7763305      0.41217398                                     0.41217398
              3       7.0739411      0.47882304      -31.118169       16.914746      0.26947845       1.0000125     0.027816598      0.99999871       6.7763305        6.7763305      0.59522134                                     0.59522134
              3       6.8659622       1.3502433      -32.743174       43.545897      0.30220085      0.15447504       0.3322832     -0.84365799       6.7763305        6.7763305      0.17926352                                     0.17926352
             19       7.0823795       1.0926521      -32.651268       44.684073       0.4155425      0.25580126      0.29338886     -0.70785998       6.7763305        6.7763305      0.61209814                                     0.61209814
             14       6.8180279      0.73795257      -32.492742       24.284289      0.31485451      0.52805357      0.16134423     -0.23698337       6.7763305        6.7763305     0.083394929                                    0.083394929
             11       8.5884742       0.5544188      -32.630497       28.137022      0.16304692      0.31413652     0.078057852     -0.61307567       6.7763305        6.7763305       3.6242875                                      3.6242875
              6       7.2866119      0.46266269      -32.463519       26.537247      0.24703846      0.60473643     0.059455784     -0.06663104       6.7763305        6.7763305       1.0205629                                      1.0205629
              1       8.3402633       1.1015075        -30.9039        4.821333      0.17575373      0.99465369      0.16334767      0.46891221       6.7763305        6.7763305       3.1278657                                      3.1278657
             12       6.8266367       1.3052525      -31.036786       7.1190459      0.31218371       1.0097546      0.24225584     0.091867278       6.7763305        6.7763305      0.10061239                                     0.10061239
             11        7.097514       1.3104426      -30.989591       6.0375748      0.26666106       1.0129803      0.24887136     -0.96077335       6.7763305        6.7763305      0.64236713                                     0.64236713
              2       7.4476351       1.3313033      -31.422631       10.021148      0.45091876        1.015841      0.27246122      0.62529175       6.7763305        6.7763305       1.3426093                                      1.3426093
              1       7.4210827      0.33816788      -31.098715       40.335612      0.44874297      0.98877745     0.014068204    -0.044466354       6.7763305        6.7763305       1.2895045                                      1.2895045
              1       6.9807725      0.37619513      -30.803296       32.081412       0.4021074       1.0013763     0.016912936      0.93679021       6.7763305        6.7763305      0.40888405                                     0.40888405
              2       6.8090793      0.32558939      -31.137788       28.959264      0.31794303       1.0134759     0.012329701     -0.33078874       6.7763305        6.7763305     0.065497715                                    0.065497715
              6       6.8007449      0.58364947      -31.367116         16.5343      0.32122856       1.0004564      0.04180764      0.99949664       6.7763305        6.7763305     0.048828951                                    0.048828951
             24       7.1811142       1.4633846      -31.579632       8.3343681      0.42657741       1.0512078      0.32137535      -0.9456481       6.7763305        6.7763305      0.80956741                                     0.80956741
             18       7.1280223       1.4626853      -31.571492       8.2230365       0.4208359       1.0516024      0.33830487     -0.94669419       6.7763305        6.7763305      0.70338371                                     0.70338371
             21       7.1152486       1.4724118      -31.668551       9.1209823      0.41939096      0.93857735      0.32028172     -0.88772797       6.7763305        6.7763305      0.67783628                                     0.67783628
              5       6.8293057       1.6529813      -31.305821       5.7830936      0.31140297      0.97907621      0.43821887    -0.072974412       6.7763305        6.7763305      0.10595048                                     0.10595048
              9        7.563693      0.45149988      -31.380518       31.298713      0.45995877      0.97826539     0.025994948    -0.032377138       6.7763305        6.7763305       1.5747251                                      1.5747251
              8        7.056995      0.29979419      -31.134186       26.793384      0.27157342       1.0161513     0.010600425     -0.91664642       6.7763305        6.7763305      0.56132902                                     0.56132902
             17       7.2690665      0.22610641      -32.477581       56.671539      0.24868531      0.58330294     0.014169354     -0.11580161       6.7763305        6.7763305      0.98547209                                     0.98547209
              8       7.1671678      0.16412892      -32.274643       45.648462      0.25889237       1.0385559    0.0027859091       0.9347693       6.7763305        6.7763305      0.78167468                                     0.78167468
              8       7.1255892      0.24695355      -31.431365       31.388948      0.26343728       1.0214265    0.0076915528      0.19731519       6.7763305        6.7763305      0.69851755                                     0.69851755
              2       7.1599883      0.24886859      -31.408035        31.95454      0.25965924      0.98134799    0.0069915149      0.24334439       6.7763305        6.7763305      0.76731566                                     0.76731566
              6       6.7793071      0.19729852      -30.462369       53.391728      0.34925276      0.99646936      0.00461743      -0.9986639       6.7763305        6.7763305    0.0059532094                                   0.0059532094
             12       7.3846107      0.24683119      -30.566289       54.221764      0.44567993       1.0008553    0.0072260709      0.92596947       6.7763305        6.7763305       1.2165604                                      1.2165604
              2        6.783705      0.18781559      -30.463367       53.061812      0.33058408      0.99698845    0.0041605659     -0.45447528       6.7763305        6.7763305     0.014749125                                    0.014749125
              7       7.5659423      0.55645976      -31.126096       24.529694      0.46012714       1.0131503     0.039012135     -0.23458752       6.7763305        6.7763305       1.5792237                                      1.5792237
              9       6.8652612       2.9661512      -32.240314       15.607487       0.3816432      0.24777254       9.4555807     -0.81394097       6.7763305        6.7763305      0.17786139                                     0.17786139
              3       7.2981523       2.3037773      -32.553998       30.919258      0.43802935       0.1848228       1.7662685      -0.8487116       6.7763305        6.7763305       1.0436437                                      1.0436437
             12       7.6854137       2.3023257      -32.540163       30.847524      0.46874904      0.19836965       1.8532175     -0.83317827       6.7763305        6.7763305       1.8181665                                      1.8181665
             20       6.8576006      0.68798546      -30.633173       13.307413       0.3041027      0.99831888      0.05943078      0.80493753       6.7763305        6.7763305      0.16254017                                     0.16254017
              8       6.8268487       1.2985911      -31.697569       8.8369406      0.37187906      0.97397829      0.22702276      0.67452342       6.7763305        6.7763305      0.10103649                                     0.10103649
             12       6.7806733       1.3577867      -31.671768       7.8420543      0.33323947      0.94062595      0.25833795     -0.83252306       6.7763305        6.7763305    0.0086857003                                   0.0086857003
              5       7.2250724      0.29299029      -31.338709       25.326639      0.25294851       1.0245266     0.010618756     -0.64303596       6.7763305        6.7763305      0.89748393                                     0.89748393
             22       7.5993127       0.7911897      -30.972607       8.5014036      0.22140256      0.98931203     0.078409726     -0.66285892       6.7763305        6.7763305       1.6459645                                      1.6459645
              1       6.8262435      0.55869452      -30.914318       16.638507      0.31230046       1.0097311     0.038622153     -0.82580117       6.7763305        6.7763305     0.099825992                                    0.099825992
              6       6.8337479       0.4386033      -31.538951       21.417189      0.31014594       0.9923243     0.022628404      0.93270682       6.7763305        6.7763305      0.11483492                                     0.11483492
              7       6.8065085      0.43386604      -31.544832       22.020591      0.31890657       1.0032305     0.022988507      0.98882496       6.7763305        6.7763305     0.060356125                                    0.060356125
             12       6.8125688      0.43486048      -31.541827       21.940599      0.31669381      0.99761519     0.022644836      0.99370328       6.7763305        6.7763305     0.072476586                                    0.072476586
             13        7.727452      0.14286103      -32.326074       48.102393      0.21235348      0.92875428     0.003075179      0.87936417       6.7763305        6.7763305       1.9022431                                      1.9022431
             18       7.3671678       1.1868877      -32.610581       38.029855      0.44418257       0.2957666      0.38491704     -0.65365061       6.7763305        6.7763305       1.1816747                                      1.1816747
             56       6.7841502       1.3259493      -32.623686       28.175122      0.33024457      0.26568367      0.46804592     -0.70109699       6.7763305        6.7763305     0.015639435                                    0.015639435
              4       7.9838663      0.73136033      -30.756004       8.0784952      0.19591929      0.99663751     0.067976377      0.56064417       6.7763305        6.7763305       2.4150717                                      2.4150717
              4       7.8593431       1.0505696      -30.705008        5.789779      0.20365623       1.0063123      0.14797834     -0.85995208       6.7763305        6.7763305       2.1660252                                      2.1660252
              9       7.2419353       1.0767148      -30.672793       12.149246      0.43270925      0.99418695      0.15837477     -0.79253612       6.7763305        6.7763305      0.93120957                                     0.93120957
              7       7.5698312       1.7910385      -30.504773        7.690735      0.46041767       1.0046184      0.57717082     -0.86747881       6.7763305        6.7763305       1.5870014                                      1.5870014
              4       7.5344751       1.7827803      -30.503441       7.6942135      0.45774944       1.0029694      0.57124708      0.22164831       6.7763305        6.7763305       1.5162893                                      1.5162893
             17       6.7928513       1.9349816      -30.394117       5.5975589       0.3590867      0.99642749      0.73139825      -0.7045036       6.7763305        6.7763305     0.033041582                                    0.033041582
             21       6.8186058       1.9348873      -30.395936       5.7537191      0.36933295      0.99709288      0.72464634     -0.12876518       6.7763305        6.7763305     0.084550694                                    0.084550694
              8       6.8052222       1.9964738      -30.493398       5.4684128      0.36459592       1.0037113      0.80073507     -0.13837182       6.7763305        6.7763305     0.057783564                                    0.057783564
             17       6.7809949       1.7406764      -30.581614        5.755441      0.33292088      0.99877184      0.53112096      0.90547003       6.7763305        6.7763305    0.0093289295                                   0.0093289295
             16       9.0585827       1.8673891      -30.857883       8.7451793      0.54282819      0.99903511      0.65395887      0.98466865       6.7763305        6.7763305       4.5645044                                      4.5645044
             10       7.1982068       0.3835696       -31.70161       20.632028      0.25565535      0.97093619      0.01615709      0.51139511       6.7763305        6.7763305      0.84375273                                     0.84375273
             16       6.7925795      0.61410741      -31.821037       16.982934      0.35894558       1.0344118     0.041782712      0.60828549       6.7763305        6.7763305     0.032498036                                    0.032498036
              1       7.4023798      0.86346416      -31.693433       16.190153      0.44718338      0.96141809     0.086962104      0.15826916       6.7763305        6.7763305       1.2520986                                      1.2520986
             12       7.2319081      0.57397809      -31.483227       22.910431      0.43172719      0.98673998     0.042237295      0.76183691       6.7763305        6.7763305      0.91115532                                     0.91115532
              7       7.0564049      0.58174151      -30.859098       21.267669      0.41235251       1.0017067     0.041345057      0.92654248       6.7763305        6.7763305      0.56014896                                     0.56014896
             18       7.3543807      0.97655428      -31.443813       7.1597281      0.24092921        1.035663      0.12773636     -0.97696129       6.7763305        6.7763305       1.1561005                                      1.1561005
             34       6.7922139       1.0321011      -31.470482       10.374005      0.35875385       1.0070471      0.13970365      0.93026456       6.7763305        6.7763305     0.031766794                                    0.031766794
              4        9.281814      0.93687711      -30.818586       4.2081164      0.13157922       1.0030875      0.11621344      0.73285743       6.7763305        6.7763305       5.0109671                                      5.0109671
             15       7.6321058        1.148716      -30.667376       5.7143695      0.21902333       1.0028392      0.18129035      0.56277593       6.7763305        6.7763305       1.7115508                                      1.7115508
              1       6.7765242       1.1498169      -30.609992       8.9406044      0.34385047       1.0053007      0.18364176     -0.96207025       6.7763305        6.7763305   0.00038753433                                  0.00038753433
             14       6.9170839       1.6775722      -31.700616       5.2777177      0.29212622      0.99166521      0.46617453      0.97323816       6.7763305        6.7763305       0.2815068                                      0.2815068
              7       7.5977984      0.43897741      -32.380705       19.109416      0.22151356       0.7936566     0.041720128      0.45277291       6.7763305        6.7763305       1.6429359                                      1.6429359
              9        7.149112      0.55516505      -31.997692       14.502377      0.26083477      0.97370201     0.034512426      0.89965981       6.7763305        6.7763305      0.74556307                                     0.74556307
              8       6.8398874      0.50585024      -31.910871       20.374379      0.30848614      0.89960366     0.034278297     -0.82296305       6.7763305        6.7763305      0.12711396                                     0.12711396
             13       6.8151796      0.49859712      -31.838571       18.958055      0.31579807       1.0041251     0.029804158      0.99520152       6.7763305        6.7763305     0.077698192                                    0.077698192
             22       7.0397405      0.74173872      -32.369169       20.661085      0.41022743      0.80453055        0.120994      0.49072705       6.7763305        6.7763305      0.52682013                                     0.52682013
              3       7.0407273      0.35612632      -32.251246       21.392347      0.27364489       1.0795599     0.011712733       0.6536056       6.7763305        6.7763305      0.52879366                                     0.52879366
             24        7.059893      0.35342743       -32.24566       21.176601      0.27121076       1.0891114     0.011273053      0.54372897       6.7763305        6.7763305      0.56712499                                     0.56712499
              3       8.9965416      0.35901922       -32.69186       48.456618      0.14392029      0.24864122     0.028184847     -0.70495199       6.7763305        6.7763305       4.4404223                                      4.4404223
             10       9.0875075       1.4735266      -32.541072       30.952502      0.54409681      0.35854556      0.70439319     -0.56554225       6.7763305        6.7763305        4.622354                                       4.622354
              5       7.5113286       1.1933073      -32.813166       47.680459       0.2280312      0.12045462       0.2031398     -0.87848627       6.7763305        6.7763305       1.4699962                                      1.4699962
             12       8.2371301       1.1918302      -32.868736       48.770074      0.18132875     0.093760683       0.1631164     -0.90748683       6.7763305        6.7763305       2.9215992                                      2.9215992
             13       7.7276268       1.8411113      -32.891492       59.718243      0.21234157     0.058045676      0.31531888     -0.95400071       6.7763305        6.7763305       1.9025927                                      1.9025927
             73       7.5917356       1.9247475      -32.717244       58.997578      0.46204099      0.12229099      0.69700209     -0.89678295       6.7763305        6.7763305       1.6308103                                      1.6308103
              5       7.4689655       2.3509584      -32.613409       22.801934      0.23136435      0.12971844       1.4571967     -0.90748315       6.7763305        6.7763305       1.3852702                                      1.3852702
              8       7.0419678      0.87515721      -31.000259       9.4025994      0.27348473       0.9988976     0.099436576        0.984989       6.7763305        6.7763305      0.53127466                                     0.53127466
             34       6.7831905       1.0065294       -31.23595        9.990152      0.33098956      0.98932196      0.13091322      0.52149767       6.7763305        6.7763305     0.013719978                                    0.013719978
              4        6.790159       1.3429822      -31.723752       7.7852922      0.35763261       1.0280491      0.28922929       0.7185939       6.7763305        6.7763305      0.02765715                                     0.02765715
              1       6.7766371       1.3401909      -31.715709       7.5304284      0.33967217        1.011569      0.27480253       0.9479243       6.7763305        6.7763305   0.00061326284                                  0.00061326284
              4       7.0157325       1.7535718      -31.540615        4.665064      0.27695608       1.0175404      0.56815146      0.77800121       6.7763305        6.7763305      0.47880398                                     0.47880398
             12       7.0744466      0.70231015      -31.729603       11.250332      0.26941689       1.0248314     0.066889435      0.74611319       6.7763305        6.7763305      0.59623229                                     0.59623229
             14       7.1285303      0.76911768      -31.797595       15.445693      0.42089281       1.0648617     0.066917079     -0.51809844       6.7763305        6.7763305      0.70439971                                     0.70439971
             16       6.8599742      0.88358521      -31.873041       13.852852      0.38044675      0.93417478      0.11990543      0.18643655       6.7763305        6.7763305      0.16728753                                     0.16728753
              8       7.3744936         1.35856      -31.021896       9.7966651       0.4448141       1.0044848      0.27738323      0.80545619       6.7763305        6.7763305       1.1963262                                      1.1963262
             36       6.7764015       1.9539129      -30.244795        5.229517      0.34087987       1.0026665      0.75037533     -0.90017767       6.7763305        6.7763305   0.00014199825                                  0.00014199825
             14       6.7946154      0.55119615      -30.545984       17.620107      0.32402416       1.0027313     0.037461109      0.20962894       6.7763305        6.7763305     0.036569798                                    0.036569798
              3       6.7886999      0.53662607      -30.785887       20.127422       0.3567849      0.99281531     0.034921259     -0.83321081       6.7763305        6.7763305     0.024738952                                    0.024738952
             16       6.7868122      0.54138211      -30.780893       19.828584      0.35561007      0.99563548     0.036272923      0.32194286       6.7763305        6.7763305     0.020963566                                    0.020963566
              3       7.8365171      0.18988068      -31.261081       31.764379      0.20512188       1.0221456    0.0043046547     -0.98426274       6.7763305        6.7763305       2.1203734                                      2.1203734
             10       7.9787957       1.5764926      -31.547411        9.067747      0.48777368       1.0255314      0.43014545      0.51337934       6.7763305        6.7763305       2.4049305                                      2.4049305
              3       7.8507138       1.3558753      -31.541485       4.4912249      0.20420848       1.0078854      0.27931688      0.94565373       6.7763305        6.7763305       2.1487666                                      2.1487666
              3       6.9723065       1.5100603      -31.586198       5.3842656      0.28315029       1.0466902      0.33579229     -0.59936415       6.7763305        6.7763305      0.39195203                                     0.39195203
              4        6.864494        1.507386      -31.610887       5.9996124      0.30252817       1.0054027      0.35127907      0.98178624       6.7763305        6.7763305      0.17632699                                     0.17632699
             10       6.8321798       1.6696777      -31.756672       5.1621355      0.31058394       1.0830259      0.49471478     -0.91184546       6.7763305        6.7763305      0.11169862                                     0.11169862
             24       7.2876136       1.7097614      -31.420552         4.25653      0.24694531       1.0198387      0.52918007      0.49614839       6.7763305        6.7763305       1.0225662                                      1.0225662
              2       7.5576936      0.45894181      -31.842089       30.156697      0.45950851      0.99787023     0.025696923      0.99876329       6.7763305        6.7763305       1.5627262                                      1.5627262
              7       7.1737784      0.61990742      -32.590808       34.191611      0.25819249      0.36611634      0.10521322     -0.53301052       6.7763305        6.7763305      0.79489578                                     0.79489578
              7       6.8288247      0.87431332      -30.725526        10.63793      0.31154219       1.0067335     0.098976968      -0.9938644       6.7763305        6.7763305      0.10498846                                     0.10498846
              5       7.4138707      0.20363399      -32.001702       35.615865       0.2358557      0.97740495    0.0045470577      0.92574153       6.7763305        6.7763305       1.2750805                                      1.2750805
              1       6.7863149      0.39522887      -31.153472       25.307023      0.32871676      0.98776593     0.019382469     0.043657454       6.7763305        6.7763305     0.019968821                                    0.019968821
              9       6.7956933      0.42988628      -31.172492       25.372043      0.36049811      0.99338107     0.021824077      0.73055293       6.7763305        6.7763305     0.038725672                                    0.038725672
              8       6.7896868      0.32241023      -30.975731       30.676656      0.32663661      0.99259009     0.012181401      0.15795062       6.7763305        6.7763305      0.02671275                                     0.02671275
              8       9.5985174       0.6118983      -31.309094       28.340092      0.56532418      0.97980345     0.044351364     -0.33339668       6.7763305        6.7763305       5.6443739                                      5.6443739
              1       9.5670683      0.60008418       -32.80604       40.876519      0.11992362      0.14694017     0.054768796     -0.83830899       6.7763305        6.7763305       5.5814758                                      5.5814758
              2       10.657711      0.97173968      -32.908602       29.217447     0.080099722     0.084793137     0.094700445     -0.91390403       6.7763305        6.7763305        7.762761                                       7.762761
              2       13.376697     0.078378853      -33.366924       14.755376   0.00047154732     0.012254568   8.9440235e-05     -0.98720683       6.7763305        6.7763305       13.200734                                      13.200734
              7       13.394692       1.4855243      -34.811897       11.994948   6.3091535e-06   1.0641794e-05   3.4970039e-05     -0.99999106       6.7763305        6.7763305       13.236723                                      13.236723
              2       13.394734       1.6979039      -34.860469       12.481459   5.2258373e-06   7.4113845e-06   3.4438558e-05     -0.99999425       6.7763305        6.7763305       13.236807                                      13.236807
              6       13.394521       1.7258007       -34.57259       6.8238828   1.0714221e-05    2.734389e-05   0.00013283442     -0.99997904       6.7763305        6.7763305       13.236382                                      13.236382
              2       13.392872       2.6702688      -34.467605       45.571106   5.3327958e-05   1.3171411e-05   0.00035287846     -0.99999562       6.7763305        6.7763305       13.233084                                      13.233084
              3        13.39216       2.1519715      -34.534788       45.373936   7.1728684e-05   2.2078613e-05   0.00021213987     -0.99998669       6.7763305        6.7763305       13.231659                                      13.231659
              9       12.578442       1.3407065      -33.132335       18.592496     0.021789267        0.026272     0.065249614     -0.97636438       6.7763305        6.7763305       11.604223                                      11.604223
              7       13.394412       1.4881992      -34.734945       18.050878   1.3535422e-05   1.5143781e-05   4.9987382e-05      -0.9999873       6.7763305        6.7763305       13.236164                                      13.236164
              1       13.394403       1.4559897      -34.729411       17.981752   1.3787559e-05   1.5827742e-05   4.9486248e-05     -0.99998658       6.7763305        6.7763305       13.236144                                      13.236144
              5       13.394279       1.2653518      -34.708122        20.92493    1.698963e-05   1.9285483e-05   4.3107426e-05     -0.99998273       6.7763305        6.7763305       13.235896                                      13.235896
              2        13.39438      0.23009807      -34.150656        5.677364   1.4361883e-05   0.00033042551   2.1159691e-05     -0.99965849       6.7763305        6.7763305         13.2361                                        13.2361
              1       13.342013       2.4859777      -33.675513       22.700164    0.0013700916   0.00072970158     0.012836003     -0.99967896       6.7763305        6.7763305       13.131364                                      13.131364
              1       13.394115       2.9627381      -34.298787       21.257107   2.1207089e-05   1.0120583e-05   0.00080562029      -0.9999986       6.7763305        6.7763305        13.23557                                       13.23557
              1       13.319641      0.96333711      -33.673515       23.809956    0.0019509147    0.0025563676    0.0030923185     -0.99755059       6.7763305        6.7763305       13.086621                                      13.086621
              4       13.383182       1.0232035      -34.079752       23.145045   0.00030381791   0.00038558065   0.00053344616     -0.99963522       6.7763305        6.7763305       13.213703                                      13.213703
              3       13.388418      0.79455778      -34.218491        29.08876    0.0001684591   0.00021906131   0.00017591001     -0.99978468       6.7763305        6.7763305       13.224174                                      13.224174
              3       10.602846       2.4002697      -32.869563         29.1658      0.08195735     0.035186485      0.49654713     -0.98100503       6.7763305        6.7763305       7.6530308                                      7.6530308
             12       8.5551498       1.6024214      -32.802013       29.840112      0.16469998      0.10352334      0.36362144     -0.90588674       6.7763305        6.7763305       3.5576387                                      3.5576387
              2       7.1693609        1.175699      -31.349801       10.606278      0.42534047       1.0251784      0.18529134      -0.5181665       6.7763305        6.7763305      0.78606093                                     0.78606093
             15       6.9085724       1.2047251      -31.513717       7.6273808      0.29365768      0.96050552      0.19518489     -0.75000769       6.7763305        6.7763305      0.26448394                                     0.26448394
              3       7.1033026       2.0577838      -32.671453       28.725139      0.26598519      0.13524384      0.93287873     -0.88895948       6.7763305        6.7763305      0.65394419                                     0.65394419
              9       7.0351015       1.7334922      -32.674692       41.452437      0.40962398      0.17133075      0.67811709     -0.83680662       6.7763305        6.7763305      0.51754215                                     0.51754215
              1       6.8277765       1.4638139      -32.708515       44.644228      0.37215219      0.17115568      0.43775984     -0.82751859       6.7763305        6.7763305      0.10289207                                     0.10289207
              8       6.9192288       1.0371955      -32.366452       14.476744      0.39225236      0.78515603      0.26002717      0.43454249       6.7763305        6.7763305      0.28579676                                     0.28579676
              3       7.2636166       1.1492574      -31.014491       11.487413       0.4347972      0.98984933      0.17903094     -0.14291599       6.7763305        6.7763305      0.97457229                                     0.97457229
              7       7.2425818      0.54106008      -30.402886        13.93959       0.2512278       1.0011383     0.035647918      0.72707527       6.7763305        6.7763305       0.9325026                                      0.9325026
             13       7.4042831        1.661009      -31.406825       4.3290095      0.23665685       0.9891917      0.44966326      0.82304709       6.7763305        6.7763305       1.2559052                                      1.2559052
              2       6.9257838       1.7422499      -32.186583       4.4484827      0.29060798       1.1269564      0.40725626      0.18552354       6.7763305        6.7763305      0.29890667                                     0.29890667
              6       6.9235458       1.7409744      -32.186303       4.4552512      0.29099422       1.1275652       0.4061854      0.17569494       6.7763305        6.7763305       0.2944307                                      0.2944307
             13       6.9789692      0.88097208      -31.608272       13.425118      0.40184172       1.0211668     0.094162462      0.63945885       6.7763305        6.7763305      0.40527749                                     0.40527749
              2       8.8244463      0.53338617      -30.734487       8.5943939        0.151752      0.99494556     0.035147786     -0.12793498       6.7763305        6.7763305       4.0962316                                      4.0962316
              5       9.5680924     0.076896589      -30.874596       46.931145      0.11988288      0.99841439   0.00069508619      0.93885175       6.7763305        6.7763305       5.5835238                                      5.5835238
              3       8.3818976      0.10772084       -30.79306       48.259772       0.1735554       1.0034022    0.0013874649      0.59593903       6.7763305        6.7763305       3.2111342                                      3.2111342
             13        7.677507      0.27500803      -30.744246       51.037335      0.46819664       1.0025749    0.0090888219      0.71146318       6.7763305        6.7763305       1.8023531                                      1.8023531
              1       7.0332148       0.3048862      -30.280126       40.430141      0.40937699      0.99816494     0.011054973     -0.22471698       6.7763305        6.7763305      0.51376858                                     0.51376858
             93       6.7772205       2.5567707      -30.506891       4.0711313      0.34596591      0.99896051        2.168119      0.94942086       6.7763305        6.7763305    0.0017800392                                   0.0017800392
             60         7.02023       2.4521547      -30.515507       4.9731408      0.40765206        1.004692        1.780468     -0.11365214       6.7763305        6.7763305      0.48779908                                     0.48779908
             19       6.7893087       2.5709225      -31.610989       4.1192067      0.32685562      0.92763109        2.439959     -0.36402438       6.7763305        6.7763305     0.025956567                                    0.025956567
             62       6.8670753       1.7937556       -32.53362         20.2949       0.3820455      0.31541824       1.1101596     -0.64676099       6.7763305        6.7763305      0.18148958                                     0.18148958
             12       9.1544204       2.6402019      -32.452504       8.3445057      0.13699852      0.18689601       3.3095344     -0.86739522       6.7763305        6.7763305       4.7561799                                      4.7561799
             14       9.8227045       2.3277909      -32.705756       16.672517      0.10997517     0.085167011      0.98080434     -0.94453504       6.7763305        6.7763305       6.0927481                                      6.0927481
             13       11.539145       1.8461176       -32.05957       8.8305871        0.632118       1.1653896      0.82046781     -0.37756041       6.7763305        6.7763305       9.5256289                                      9.5256289
              2       12.475693       1.9658517      -33.255796       38.956411     0.024637223    0.0096690535     0.067898967     -0.99331278       6.7763305        6.7763305       11.398725                                      11.398725
             12       14.473631      0.38291876       -31.53752        56.38299      0.71081796      0.98952222     0.016996796      0.87191643       6.7763305        6.7763305         15.3946                                        15.3946
             27       9.5806888       2.3803066      -32.738476       22.265871      0.11938235     0.067700118      0.87761363     -0.95930292       6.7763305        6.7763305       5.6087166                                      5.6087166
              5       9.9191884       2.3940244       -32.75391       21.660466       0.1063295     0.061628175      0.82643184     -0.96393343       6.7763305        6.7763305       6.2857158                                      6.2857158
             31       7.6426437      0.11554437      -31.040215       56.418223      0.21826849         1.00634    0.0015484482      0.53698384       6.7763305        6.7763305       1.7326265                                      1.7326265
             11       6.8876342      0.27386266      -31.352527       41.431502      0.38635042       1.0233868    0.0085748978     -0.51663479       6.7763305        6.7763305      0.22260745                                     0.22260745
              7       7.4937208       0.3196997      -31.416716       42.907697      0.45459539      0.99602332      0.01204769      0.96835387       6.7763305        6.7763305       1.4347807                                      1.4347807
              2       6.8364001        1.708811      -31.791094       6.2010054      0.37458145       1.0624587      0.44370823    -0.079017873       6.7763305        6.7763305      0.12013931                                     0.12013931
             20        6.924794       1.3390845      -31.771508         6.04379      0.29077844       1.0798582      0.26299949     -0.99997538       6.7763305        6.7763305      0.29692715                                     0.29692715
              3       7.0014843       1.4670009      -31.492995        5.945243      0.27892133       0.9611776      0.35234675     -0.52791645       6.7763305        6.7763305       0.4503076                                      0.4503076
              7       6.7852947      0.45709375      -30.555547       23.418457      0.35458631      0.99558951     0.025270906     -0.99661506       6.7763305        6.7763305     0.017928384                                    0.017928384
              8       7.4150468       0.5019393      -30.565507       26.783069      0.44824216       1.0021277     0.030445269      0.55232826       6.7763305        6.7763305       1.2774328                                      1.2774328
             17       7.4437056       0.5054549      -30.574796       26.772946      0.45059951       1.0007695     0.031174179      0.94397952       6.7763305        6.7763305       1.3347503                                      1.3347503
             14       6.8912495      0.54857556      -30.223805       21.163849      0.38706495        1.002016     0.036858711     -0.95241809       6.7763305        6.7763305      0.22983812                                     0.22983812
              9        6.970633      0.73694523      -30.230768       16.303824       0.4005979        1.002088     0.068447325     -0.96606663       6.7763305        6.7763305      0.38860506                                     0.38860506
              9       6.8878858      0.57268099      -30.936477        20.46187      0.38640051      0.99106354     0.039581298     -0.42485344       6.7763305        6.7763305       0.2231106                                      0.2231106
              1         6.90824      0.99409888      -31.065485       11.817343      0.39028152      0.99850555      0.13069936      0.97993435       6.7763305        6.7763305      0.26381904                                     0.26381904
              6       7.0688273      0.77829535       -31.80278       15.088708      0.41389579       1.0592938     0.067673509     -0.25431193       6.7763305        6.7763305      0.58499374                                     0.58499374
              5       7.1883306      0.79640143      -31.930929        18.00723      0.42732799      0.89557985     0.077156221     -0.97927706       6.7763305        6.7763305      0.82400023                                     0.82400023
              1       7.1541449      0.42562393      -30.410765       18.327407      0.26028869       1.0028827     0.021944039     -0.67624708       6.7763305        6.7763305      0.75562896                                     0.75562896
              1       7.1214925      0.43253694      -30.411232       18.280335       0.2638994       1.0031202      0.02261979     -0.96206362       6.7763305        6.7763305      0.69032401                                     0.69032401
              5       7.9412829       0.1118036      -30.916797       52.841724      0.19851816       1.0099255     0.001472452     -0.97259131       6.7763305        6.7763305       2.3299048                                      2.3299048
              4       9.3422321        0.514813      -30.660366       32.363216      0.55494275       1.0010803     0.032409505      0.92621851       6.7763305        6.7763305       5.1318032                                      5.1318032
              7       6.9830143      0.25192761      -31.127437        47.34427      0.40243606       1.0140879    0.0077511148     -0.45272769       6.7763305        6.7763305      0.41336769                                     0.41336769
              1       7.2592383      0.39140146      -32.211538        16.84843      0.24962063        1.137681     0.013553645     -0.29989631       6.7763305        6.7763305      0.96581567                                     0.96581567
              4       7.9005162      0.34895557      -32.338761       19.333929      0.20105104      0.89564925     0.020486725      0.78140378       6.7763305        6.7763305       2.2483714                                      2.2483714
              2       7.8999939      0.34189827      -32.331347       19.360304      0.20108379      0.91304017     0.018686303      0.83467626       6.7763305        6.7763305       2.2473268                                      2.2473268
              1       8.7164952      0.89716717      -32.891002        55.94649      0.15683361     0.093910645     0.087244867     -0.90304815       6.7763305        6.7763305       3.8803295                                      3.8803295
              7       8.7390767      0.89738854       -32.89264       55.964104      0.15575916     0.093214919     0.086720306      -0.9038161       6.7763305        6.7763305       3.9254924                                      3.9254924
              2       7.6098643       1.4987052      -31.512272       9.6824652      0.46336808      0.95972292      0.33356801     -0.65898187       6.7763305        6.7763305       1.6670676                                      1.6670676
             18       7.7263015       2.5809384      -32.752678       54.560505      0.21243192     0.045340432      0.90281083     -0.97885813       6.7763305        6.7763305       1.8999421                                      1.8999421
              9       7.4794309       1.0932711      -32.666326       52.034166      0.45346834      0.23958103      0.28175037      -0.7299731       6.7763305        6.7763305       1.4062009                                      1.4062009
              5       9.8401799      0.91090815      -32.472513       34.210698      0.57468938      0.55426641      0.25098217     -0.18198171       6.7763305        6.7763305        6.127699                                       6.127699
              6       9.9794721       1.3067713       -32.90617       31.817875      0.10408001     0.075234747      0.16577579     -0.92860398       6.7763305        6.7763305       6.4062834                                      6.4062834
              1       12.386744       1.4225652       -32.98242       11.435613     0.027123485      0.05011131      0.13949918     -0.95484538       6.7763305        6.7763305       11.220826                                      11.220826
              2       11.218196      0.84563542      -32.680713       9.1189572     0.061827457      0.24097664       0.1616305      -0.7223415       6.7763305        6.7763305       8.8837318                                      8.8837318
              3       11.126505      0.82490026        -32.6932       10.278256     0.064734263      0.22947492      0.14844428      -0.7373812       6.7763305        6.7763305       8.7003496                                      8.7003496
              2       8.5035273      0.36092459      -32.399045       18.489311      0.16729161      0.75345769     0.030162928      0.32869474       6.7763305        6.7763305       3.4543936                                      3.4543936
              1       6.8388629       0.5291097      -31.986327       22.357703      0.37524265      0.95336936     0.029420085      0.64578401       6.7763305        6.7763305      0.12506494                                     0.12506494
              8       6.7867874      0.78398771      -31.757112       11.809864      0.32840604       1.0660532     0.086990925     -0.51622934       6.7763305        6.7763305     0.020913951                                    0.020913951
             30       7.3612937      0.58000364      -31.647705       13.031495      0.24032665      0.95565003     0.045559397     -0.18246604       6.7763305        6.7763305       1.1699265                                      1.1699265
              8        7.242228      0.57279532      -31.638067       13.597378      0.25126224      0.96960427     0.044001759      0.41364436       6.7763305        6.7763305      0.93179499                                     0.93179499
              2       7.3705525      0.75439091      -31.541358       9.5536347      0.23952516       0.9988677     0.071616889      0.99864639       6.7763305        6.7763305       1.1884441                                      1.1884441
              4       7.0584459      0.54594804      -30.281785       22.691825      0.41260838       1.0010118     0.036572624      0.61904635       6.7763305        6.7763305      0.56423085                                     0.56423085
              8       6.7853444      0.46893336      -30.310321       21.131971      0.32937883      0.99900225     0.026733475      0.69578299       6.7763305        6.7763305      0.01802782                                     0.01802782
              8       8.0036908      0.89080953      -30.759177       16.626787      0.48927496      0.99284557       0.1035095        -0.91114       6.7763305        6.7763305       2.4547207                                      2.4547207
             11       8.2309478      0.29934325      -32.556191       42.043089       0.1816691      0.43384928     0.025125957     -0.41518112       6.7763305        6.7763305       2.9092347                                      2.9092347
              2        6.796096      0.46294516      -32.491025       42.734872      0.36068947      0.54795314     0.061241177     -0.19371446       6.7763305        6.7763305     0.039531055                                    0.039531055
              5        6.825969       1.0050827      -31.940407       10.376904      0.31238224      0.90019924        0.119605     -0.77785712       6.7763305        6.7763305     0.099276995                                    0.099276995
             11       6.7827965       1.9355559      -32.000596       4.8555167      0.33131039       1.0595362      0.86334814      0.75369717       6.7763305        6.7763305     0.012932064                                    0.012932064
              8        6.948765       1.3503432      -32.021458         6.07441      0.28679797       1.0508718      0.31561685      0.78235513       6.7763305        6.7763305      0.34486916                                     0.34486916
              5       6.9652795       1.3440096        -32.0092       6.2064423      0.28421499       1.0240562       0.2891247      0.94429562       6.7763305        6.7763305      0.37789812                                     0.37789812
              5       6.8253121       1.3500982      -32.057951       6.2022822      0.31257885        1.121927      0.35657203     0.066630579       6.7763305        6.7763305     0.097963352                                    0.097963352
              1       7.0629109        1.048401      -32.076359       10.440351      0.41316494       1.1344957      0.19678803     -0.14074561       6.7763305        6.7763305      0.57316079                                     0.57316079
             29       7.2068757      0.96257803      -32.060748        7.190079      0.25477273       1.1063824      0.16053206      0.20690004       6.7763305        6.7763305      0.86109054                                     0.86109054
              3       6.7764284       1.2169068      -32.090521       7.3115475      0.34331548       1.1597081      0.26969414     -0.47924559       6.7763305        6.7763305   0.00019584443                                  0.00019584443
             11        6.808977       1.0006773      -32.040638       10.263472      0.36601937       1.0711188      0.16481918      0.59050958       6.7763305        6.7763305     0.065293131                                    0.065293131
              8       9.1997493      0.90393893      -32.853838       40.545568      0.13505397      0.11075078      0.10235757     -0.88439445       6.7763305        6.7763305       4.8468378                                      4.8468378
              2       11.842081      0.74534118      -33.121949       50.285466     0.042797811     0.034319888     0.023140567     -0.96529929       6.7763305        6.7763305       10.131502                                      10.131502
              2       11.210813       1.6850499      -33.087109       41.965997     0.062060403     0.026377048      0.11637617     -0.97871737       6.7763305        6.7763305       8.8689653                                      8.8689653
              2       12.246979       1.7348615      -33.237726       42.348735     0.031070276     0.012710475     0.061707913      -0.9901254       6.7763305        6.7763305       10.941296                                      10.941296
              1       12.370698       1.7377562      -33.266046         42.8445     0.027574074     0.011131122     0.054391562     -0.99138143       6.7763305        6.7763305       11.188735                                      11.188735
              4       13.201191       2.5401624      -33.495562       39.264819    0.0050428196    0.0015196034     0.029908488     -0.99937479       6.7763305        6.7763305       12.849722                                      12.849722
              3       13.394122       2.4809196      -34.678398       35.105669   2.1030565e-05   7.2574306e-06   0.00012650473      -0.9999968       6.7763305        6.7763305       13.235583                                      13.235583
              2         13.3944        2.752922       -34.66375       35.034499   1.3865594e-05   4.3208637e-06   0.00014560524     -0.99999878       6.7763305        6.7763305       13.236138                                      13.236138
              1       13.327946        2.499171      -33.579577       18.798502     0.001735188    0.0011100671     0.020050738     -0.99951888       6.7763305        6.7763305        13.10323                                       13.10323
              2       13.364501        2.413776      -33.811623       22.380041   0.00078723369   0.00043799357    0.0066831253     -0.99979072       6.7763305        6.7763305       13.176341                                      13.176341
              6       11.204838       1.9946683      -33.112777       51.451333     0.062249068     0.018230033      0.13260367     -0.98740312       6.7763305        6.7763305       8.8570149                                      8.8570149
             12       11.748493       1.8073585      -33.194196       51.544759     0.045574523     0.014703313     0.079874202     -0.98890128       6.7763305        6.7763305       9.9443259                                      9.9443259
              3       11.811126       1.8014954      -33.202755       51.361815     0.043713371     0.014199161     0.076470725     -0.98926132       6.7763305        6.7763305       10.069592                                      10.069592
              1       11.815082       1.8030027      -33.203251       51.359188     0.043596221     0.014149993     0.076392132     -0.98930654       6.7763305        6.7763305       10.077503                                      10.077503
              1       6.9864562       1.1453452       -32.67344       46.308815       0.4029372      0.22832801      0.30298256     -0.74637391       6.7763305        6.7763305      0.42025156                                     0.42025156
              6       7.3647302       1.2213791      -32.645098         43.4116      0.44397156      0.25166382      0.37375446     -0.71719001       6.7763305        6.7763305       1.1767994                                      1.1767994
              3       8.1070035       1.4135692      -32.844412        42.37009      0.18865186     0.094668724      0.24563777     -0.91064681       6.7763305        6.7763305        2.661346                                       2.661346
             10       7.5423247      0.63282881      -32.229387       9.6528996      0.22565289       1.1102449     0.036302209       0.2508639       6.7763305        6.7763305       1.5319884                                      1.5319884
             25       7.7022094      0.73554092      -32.523994       18.654341      0.21408545      0.46894542      0.16008749     -0.35447731       6.7763305        6.7763305       1.8517578                                      1.8517578
              2       12.253015      0.81459688      -33.048269       24.176292     0.030898782     0.047155336     0.037763733     -0.95234018       6.7763305        6.7763305       10.953369                                      10.953369
              6       12.725126       1.6677195      -33.214224       21.549999      0.01776688     0.014858084     0.064643318     -0.98810722       6.7763305        6.7763305       11.897591                                      11.897591
             13       10.926612       1.8380595       -32.72676       9.3007416     0.071179448      0.12514093      0.62069868     -0.89087113       6.7763305        6.7763305       8.3005626                                      8.3005626
              3       6.7796024       1.3872999      -32.478565       15.722406      0.34960402      0.48173583      0.65580554     -0.33937072       6.7763305        6.7763305    0.0065438187                                   0.0065438187
              5        7.481365       1.2797784      -31.650695       5.7348429      0.23037845      0.94342514      0.25461017     -0.65278038       6.7763305        6.7763305       1.4100692                                      1.4100692
              5       8.6181778       1.8342927      -32.746042       23.079569      0.16158623      0.11471757      0.57346166     -0.90126374       6.7763305        6.7763305       3.6836947                                      3.6836947
              2       8.4256513       1.4497335      -32.872322       43.415135      0.17127567     0.081787748      0.22938375     -0.92444205       6.7763305        6.7763305       3.2986417                                      3.2986417
              2       8.4128741      0.58038045      -31.902117       9.8441321      0.17193825      0.90449088     0.047342604     -0.63708749       6.7763305        6.7763305       3.2730874                                      3.2730874
             15       9.5991978      0.35243214      -30.692714       10.173293       0.1186489      0.99460024     0.015013111     -0.59462068       6.7763305        6.7763305       5.6457347                                      5.6457347
              6       8.4348662      0.34442148      -31.219492       15.168326       0.1707994      0.98260816     0.014677113     -0.43016585       6.7763305        6.7763305       3.3170715                                      3.3170715
              7       7.9366135      0.38780218      -31.103521        15.64745        0.198806      0.98468559     0.018260885     -0.92745401       6.7763305        6.7763305       2.3205661                                      2.3205661
             25       7.3346119       0.4723668      -31.072957       15.287189      0.24267251       1.0100329     0.027755528     0.070299555       6.7763305        6.7763305       1.1165628                                      1.1165628
              8       6.7981151       1.1107839      -30.413004       8.7085648      0.32237915       1.0016424      0.16828251      0.52007196       6.7763305        6.7763305     0.043569249                                    0.043569249
              2       6.8661112       1.0180161      -30.424558          8.9173       0.3021678       1.0004193      0.13837027      0.96873648       6.7763305        6.7763305      0.17956139                                     0.17956139
             12       6.8517179       1.6458685      -31.606006        6.832246      0.37849996       1.0116472      0.43734437      0.91710207       6.7763305        6.7763305      0.15077492                                     0.15077492
              1       6.7930565       1.6456192      -31.604671       6.4665976      0.35919254       1.0144813       0.4337393      0.87003167       6.7763305        6.7763305     0.033452168                                    0.033452168
              5        6.856156       1.6518745      -31.624254       5.6988314      0.30444103      0.97199097       0.4926612      0.60593375       6.7763305        6.7763305      0.15965099                                     0.15965099
             12       6.9296958       1.5621325      -31.589047       7.2678504      0.39406028       1.0431835      0.36328945     -0.33571768       6.7763305        6.7763305      0.30673068                                     0.30673068
             13       6.9148031       1.1173154      -30.441833       10.523936      0.39146806       1.0006086       0.1717386      0.94190635       6.7763305        6.7763305      0.27694535                                     0.27694535
              8       6.7794312      0.68931514      -30.610302       15.158321      0.34940239       1.0050296     0.059494898     -0.95752184       6.7763305        6.7763305    0.0062013826                                   0.0062013826
              1       7.9676537      0.52215728      -30.306479       11.316254      0.19690326       1.0015458     0.033388988      0.21757023       6.7763305        6.7763305       2.3826465                                      2.3826465
              2       7.1218236      0.46738301      -30.556428       17.036611      0.26386195      0.99596148     0.026316525     -0.67353569       6.7763305        6.7763305      0.69098628                                     0.69098628
              7       6.7763347      0.45381141      -30.221257       22.705609      0.34227237      0.99835543     0.024830809     -0.25971924       6.7763305        6.7763305   8.3959694e-06                                  8.3959694e-06
              5       7.1046831      0.34048239      -30.398021       23.479758      0.26582489      0.99937684     0.013850011      0.91962402       6.7763305        6.7763305      0.65670523                                     0.65670523
             25       7.4511691      0.27360114      -30.562497       25.461791      0.23279493       1.0043581    0.0089469418     -0.92061976       6.7763305        6.7763305       1.3496772                                      1.3496772
             26       6.8967727      0.21365576      -30.973958       42.022391      0.29586481      0.99042105    0.0053223724     -0.42600387       6.7763305        6.7763305      0.24088449                                     0.24088449
             20       7.0406809       0.2544984      -30.605466       32.384485      0.27365089      0.99792227    0.0076572423      0.64046021       6.7763305        6.7763305      0.52870085                                     0.52870085
             18       6.8387068      0.27821301      -31.326512       40.216212      0.37520112       1.0078768    0.0094741555      0.81884161       6.7763305        6.7763305      0.12475267                                     0.12475267
              4       8.5331793       1.8691002      -32.803204       31.151738      0.16579832      0.08558293      0.46911857     -0.93017301       6.7763305        6.7763305       3.5136976                                      3.5136976
              7       8.0156612       1.5560685      -32.783445       32.350016      0.19400861      0.11583497      0.37141133     -0.89196247       6.7763305        6.7763305       2.4786615                                      2.4786615
              3       8.2890242       1.3736874      -31.603806       10.815409      0.50550023       1.0226156        0.263802      0.63539469       6.7763305        6.7763305       3.0253875                                      3.0253875
              5       7.4778365      0.90208807      -30.796365       7.6253136      0.23065812       1.0078224      0.10642094     -0.92204214       6.7763305        6.7763305        1.403012                                       1.403012
              1       7.9036656        1.003994      -30.675593       6.0439706      0.20085374      0.99482883       0.1330845     -0.44876531       6.7763305        6.7763305       2.2546703                                      2.2546703
              7        8.898297      0.63551052        -31.2231       25.861651       0.5356476      0.97953978     0.050726141     -0.91766028       6.7763305        6.7763305       4.2439331                                      4.2439331
              8       8.3365886      0.15672914      -31.204041       33.474632      0.17594916       1.0079606    0.0028356724      0.65514407       6.7763305        6.7763305       3.1205162                                      3.1205162
             45       6.8554584       2.1038394      -31.714149       5.1595122      0.37939451       1.0504895       1.0790002      0.37359763       6.7763305        6.7763305      0.15825595                                     0.15825595
              2       6.8567583        2.048549      -31.688548       5.6607787      0.37970041      0.98410273      0.84638092        0.915474       6.7763305        6.7763305      0.16085568                                     0.16085568
             12       7.0589761       2.0519957      -31.701263       5.9511719       0.4126747       1.0156657      0.92486026      0.92891613       6.7763305        6.7763305      0.56529122                                     0.56529122
              4       6.7803524       1.5683282      -30.882904       6.3271777      0.33356932       1.0103248       0.3926612     -0.84088883       6.7763305        6.7763305    0.0080439472                                   0.0080439472
             15       7.1082341      0.77304837      -31.247134        10.22767       0.2654141       1.0089334     0.077905176      0.68465395       6.7763305        6.7763305      0.66380721                                     0.66380721
              2       7.2093708      0.78993128      -31.275495       9.6038876      0.25452035       1.0083424     0.077239857      0.74584181       6.7763305        6.7763305      0.86608062                                     0.86608062
              4       8.1203705       1.0539619      -31.558084       13.700213      0.49611643       1.0326504      0.16245363      0.10331255       6.7763305        6.7763305         2.68808                                        2.68808
              5       6.7784671       1.7847436      -31.976241       5.9607828      0.34814475      0.98356401      0.54950219      0.97191892       6.7763305        6.7763305    0.0042732006                                   0.0042732006
             14       7.1992145       1.6146594      -32.675958       25.980683      0.25555229      0.18309235       0.5903627     -0.81852856       6.7763305        6.7763305      0.84576804                                     0.84576804
             17       7.0307373       0.6606492      -30.959696       12.488899      0.27494869       1.0015635     0.053970625      0.96169705       6.7763305        6.7763305      0.50881376                                     0.50881376
              7       9.1328308      0.68321026      -30.922472       6.0469682       0.1379312       1.0034422     0.057588165      0.77924314       6.7763305        6.7763305       4.7130007                                      4.7130007
              2       6.9005758      0.98671404      -31.201615       11.724836      0.38885791       1.0102172      0.12540094      0.48514094       6.7763305        6.7763305      0.24849065                                     0.24849065
             14       6.7768527      0.31933724       -31.57978       30.487884      0.33896215       1.0463964     0.012423319     -0.96706091       6.7763305        6.7763305    0.0010444253                                   0.0010444253
             13       7.0754698      0.55620057       -31.68594       15.301914      0.26929243      0.95097448     0.034599955     -0.46716452       6.7763305        6.7763305      0.59827867                                     0.59827867
              1        6.780216       1.0526145      -31.620322       10.040539      0.35028643       0.9961364      0.15149452      0.98991614       6.7763305        6.7763305    0.0077710425                                   0.0077710425
              7       6.7767074       1.0538977      -31.627776        9.862029      0.33941911      0.98150718      0.15893169      0.78670547       6.7763305        6.7763305   0.00075384491                                  0.00075384491
              8       6.9765898       1.0517119      -32.664429       46.892107      0.40148936      0.24468053      0.26203379     -0.72200724       6.7763305        6.7763305      0.40051877                                     0.40051877
              4       6.7827357      0.97378883      -32.696888       50.065314      0.35263926      0.21739564      0.20447345     -0.75644203       6.7763305        6.7763305     0.012810528                                    0.012810528
              4       6.8329259       1.4948093      -32.697236       42.364856      0.37362521       0.1773236      0.47371025     -0.82121164       6.7763305        6.7763305      0.11319079                                     0.11319079
              6       6.9954555       1.7002802      -32.597091       28.620396      0.40422843       0.2496621      0.83925665     -0.73742602       6.7763305        6.7763305       0.4382501                                      0.4382501
              4       7.5864823       1.9082117      -32.533262        24.78351      0.46165368      0.29339239       1.2756202     -0.68536209       6.7763305        6.7763305       1.6203036                                      1.6203036
             24       6.8042746       2.4174011      -32.599847       35.759394      0.36422225      0.12663376       1.6067036     -0.91354025       6.7763305        6.7763305     0.055888235                                    0.055888235
              1       6.8071809       2.5946632      -32.496196        26.23311      0.36534929      0.16132415       2.7148556     -0.89089731       6.7763305        6.7763305     0.061700919                                    0.061700919
             11       7.5592383      0.29860831      -32.126077       19.345876       0.2243754       1.1673655     0.012691782     -0.76979087       6.7763305        6.7763305       1.5658157                                      1.5658157
              3       8.6055419      0.16681322      -31.501448       30.321582      0.16220616      0.96384443     0.003468863     -0.67447924       6.7763305        6.7763305       3.6584229                                      3.6584229
             21       7.4878356      0.70064769      -32.755788       54.874626       0.2298674       0.1796917     0.088388638      -0.7994761       6.7763305        6.7763305       1.4230103                                      1.4230103
              3       7.1917573      0.30596913      -32.407182       57.058682       0.4276821      0.73628106     0.022207326      0.27773794       6.7763305        6.7763305      0.83085364                                     0.83085364
              1       7.6467067      0.21856438        -30.4363       29.983199      0.21797867      0.99972041    0.0056795876      0.98684233       6.7763305        6.7763305       1.7407525                                      1.7407525
             15       7.7125232       0.3520179      -30.244184       40.132459      0.47062503       1.0012359     0.014903327      0.31046427       6.7763305        6.7763305       1.8723854                                      1.8723854
             13       7.3840991      0.49223718      -30.309049       14.535596      0.23836368       1.0012781     0.029325968      0.46264591       6.7763305        6.7763305       1.2155373                                      1.2155373
             20       6.9438842      0.70876399      -30.547585       12.142464      0.28758484       1.0043369     0.063110593     -0.93807768       6.7763305        6.7763305      0.33510749                                     0.33510749
              3       6.7848971       1.0634374      -30.263694        9.340425      0.32969594      0.99760112      0.15296759     -0.99898875       6.7763305        6.7763305     0.017133303                                    0.017133303
             27       7.7274804       1.0364733       -30.24137       6.1716602      0.21235155      0.99773965      0.14444012     -0.97291508       6.7763305        6.7763305       1.9022998                                      1.9022998
              3       6.7770356       1.7691745      -30.049235       5.7407145      0.33847006       1.0016259      0.55499486     -0.99079985       6.7763305        6.7763305    0.0014101948                                   0.0014101948
              7        6.976576      0.30370411      -30.383157       39.735582       0.4014873      0.99991589     0.011015287      0.99883174       6.7763305        6.7763305       0.4004911                                      0.4004911
             29       6.7962028       0.2318351       -31.86178       43.525409      0.32326011      0.96283525     0.007202813      0.68688052       6.7763305        6.7763305     0.039744609                                    0.039744609
              3       8.3150312       1.1060569      -32.825103       40.785017      0.17710028      0.11799484      0.16814078     -0.87954392       6.7763305        6.7763305       3.0774014                                      3.0774014
             23       6.8092719       2.6391191      -32.197985       5.3427313       0.3661276      0.78042656       4.2032554      0.49824792       6.7763305        6.7763305     0.065882878                                    0.065882878
              4       8.3374356      0.64421978      -30.505816       8.1749634       0.1759041       1.0038712     0.051625802     -0.89219906       6.7763305        6.7763305       3.1222102                                      3.1222102
              4       9.6043365      0.40767081      -30.392191       8.7171038      0.11844571       1.0017501     0.019913766      0.31542288       6.7763305        6.7763305        5.656012                                       5.656012
              3       8.0480902      0.99572603      -30.291276       5.7836924       0.1920849        1.002467      0.13166283     -0.95287051       6.7763305        6.7763305       2.5435194                                      2.5435194
              1        8.191903        2.343264      -32.749665       34.918998      0.18383554      0.06752559      0.81962794     -0.95833219       6.7763305        6.7763305       2.8311451                                      2.8311451
              3        8.761631       2.3828677      -32.769454       33.570166      0.15469215     0.058121492      0.76774344      -0.9660198       6.7763305        6.7763305        3.970601                                       3.970601
             58       6.7856706       1.9242952      -32.538296       18.142829      0.32915247      0.28336246       1.2826147      -0.7008204       6.7763305        6.7763305     0.018680278                                    0.018680278
             22       7.2334509       1.3155658      -32.625208       21.735824      0.25212101       0.2649978      0.45872106     -0.70171407       6.7763305        6.7763305      0.91424085                                     0.91424085
              2       7.1136698       1.2403014      -32.594272       20.594906      0.26478951      0.31155565      0.43771689     -0.63176992       6.7763305        6.7763305      0.67467859                                     0.67467859
              2       6.8309738       1.5908777      -31.906699       6.6426451      0.31092499      0.88430014      0.41869204     -0.99330147       6.7763305        6.7763305      0.10928657                                     0.10928657
              7       6.7771044       1.6108947      -31.684805       6.5863648      0.33830167      0.95832565      0.38675209       0.2004987       6.7763305        6.7763305    0.0015479416                                   0.0015479416
              6       6.8053662        1.572191      -31.615933       6.1507815      0.31934787      0.99254526      0.40852011      0.96830868       6.7763305        6.7763305     0.058071408                                    0.058071408
              2        6.776335       1.5346204      -31.690015       6.9313739      0.34171829      0.96553901      0.34205676      0.45225185       6.7763305        6.7763305   8.9816034e-06                                  8.9816034e-06
              4       6.9265707      0.56204867      -30.267639        15.49783      0.29047286       1.0022652     0.038711312     -0.99934478       6.7763305        6.7763305      0.30048055                                     0.30048055
              2       6.7842937      0.58688862      -30.478535       18.087273      0.35386279       1.0019084     0.042601069       0.4730827       6.7763305        6.7763305     0.015926422                                    0.015926422
              5       7.2521051      0.81100394      -30.671468       9.3137557      0.25030546      0.99596579     0.084821473     0.080386169       6.7763305        6.7763305      0.95154922                                     0.95154922
              3       7.0047264      0.77765805      -30.065262       10.769796      0.27846881      0.99931482     0.076863752      0.62359445       6.7763305        6.7763305      0.45679182                                     0.45679182
              2       7.0026922       1.0186629      -30.251085       8.2171827      0.27875235       1.0008916      0.13915606      0.68646994       6.7763305        6.7763305      0.45272349                                     0.45272349
             10       6.8242914      0.85190341      -30.543474       11.055448      0.31288703       0.9984878     0.092962257      0.76681135       6.7763305        6.7763305     0.095921827                                    0.095921827
             34       6.8174273      0.79628717      -30.458139       13.899824      0.36894926       1.0018657     0.080272876      0.45921261       6.7763305        6.7763305     0.082193609                                    0.082193609
              2        6.947665      0.92324347      -30.500998       12.965748      0.39702567      0.99684278      0.11067775     -0.22327811       6.7763305        6.7763305      0.34266917                                     0.34266917
              9       7.0124157       1.3004789      -31.851895       6.6887776      0.27740822      0.95849791      0.27793951      0.66683841       6.7763305        6.7763305      0.47217044                                     0.47217044
              4       7.7255082      0.80930772      -31.581754       7.5299939      0.21248602       1.0479582     0.083125594     -0.99899247       6.7763305        6.7763305       1.8983556                                      1.8983556
             12       6.7786012      0.91515835      -32.371261       14.564822      0.34833469      0.78544757      0.19716036      0.43314011       6.7763305        6.7763305    0.0045414541                                   0.0045414541
              1       6.7887306      0.91358004      -32.353624       14.163101      0.35680323      0.82879231      0.17982577      0.57174016       6.7763305        6.7763305     0.024800318                                    0.024800318
              4       7.0724692      0.97123805      -32.323563       14.287143      0.41434199      0.89744896      0.17366753       0.7932332       6.7763305        6.7763305      0.59227737                                     0.59227737
              2       6.9642916      0.90288601       -32.34907        11.25722      0.28436625      0.84088361       0.1705529      0.61086269       6.7763305        6.7763305      0.37592232                                     0.37592232
              4        6.964416      0.92483047      -32.345518       10.900915      0.28434718      0.84770693      0.17692261      0.63347762       6.7763305        6.7763305       0.3761711                                      0.3761711
             13       8.3225847       1.0706088      -32.452394       8.5555034      0.17669602       0.5797921      0.35399014     -0.12519659       6.7763305        6.7763305       3.0925084                                      3.0925084
              2       7.9163776       1.0513647       -32.42121       8.7734691      0.20006018      0.65186524      0.32265071     0.051258145       6.7763305        6.7763305       2.2800943                                      2.2800943
             14       6.8201971       1.1040317      -31.856625       10.524696       0.3698426      0.95663821      0.18983116      0.62448181       6.7763305        6.7763305     0.087733197                                    0.087733197
              8       6.8693034         1.21809      -31.952048       8.1426743      0.30146584      0.91351055      0.17642115     -0.26005683       6.7763305        6.7763305      0.18594595                                     0.18594595
              4       6.9715863       1.1812917      -32.423462       16.173372      0.40074147      0.63041778      0.42779309   -0.0028227909       6.7763305        6.7763305       0.3905116                                      0.3905116
             13       6.9263058       1.2039155      -32.432125       16.167985      0.39348169      0.60756747      0.45443301    -0.059403898       6.7763305        6.7763305      0.29995064                                     0.29995064
              3       7.0287544       1.5577114      -31.517755         5.49413      0.27521051      0.96649803      0.36339039     -0.10990331       6.7763305        6.7763305      0.50484792                                     0.50484792
             62       7.1766659       1.6024487      -31.230651       4.9155341       0.2578886      0.98400932      0.40510919     0.099363474       6.7763305        6.7763305      0.80067083                                     0.80067083
              2       7.1666714       1.1322295      -30.259034       6.8613227      0.25894517       1.0018147      0.17742912     -0.18407317       6.7763305        6.7763305      0.78068194                                     0.78068194
             20       6.7770784      0.83695922      -30.323381       12.132215       0.3383645       1.0015261     0.090276597        0.331502       6.7763305        6.7763305     0.001495798                                    0.001495798
              7       6.9150729      0.59012376      -30.069414       14.887508      0.29248378       1.0005956     0.042758703      0.60059125       6.7763305        6.7763305      0.27748484                                     0.27748484
              8       6.8226082      0.43331412       -30.85408       25.491728      0.37059754       1.0083756     0.022481426     -0.84483797       6.7763305        6.7763305     0.092555395                                    0.092555395
              6       7.5919696      0.45975248      -30.583966       30.297482      0.46205822      0.99698353     0.025799588      0.18864857       6.7763305        6.7763305       1.6312784                                      1.6312784
             18       8.1976644      0.91965404      -30.814313       6.0265748      0.18351399      0.99516722      0.10900475      0.31538842       6.7763305        6.7763305       2.8426679                                      2.8426679
             22       8.1494121       1.0543924      -30.725421       5.2721109      0.18622742       1.0068823      0.15015822     -0.99763275       6.7763305        6.7763305       2.7461632                                      2.7461632
             12       6.9668064       1.0381514      -30.738963       8.2683464      0.28398198      0.99433641      0.14321854     -0.29005264       6.7763305        6.7763305       0.3809518                                      0.3809518
             17       6.8167089       1.6877809      -30.841297       5.6401714       0.3152873      0.99545127      0.47890766      0.58928606       6.7763305        6.7763305     0.080756964                                    0.080756964
              9       7.3440068        1.149094      -30.601735       6.3587285      0.24184025      0.99477451      0.18327267     -0.97658952       6.7763305        6.7763305       1.1353527                                      1.1353527
             12       6.7765193      0.21909112      -30.718329       46.845328      0.34017307      0.99616384    0.0056401869      0.26444631       6.7763305        6.7763305   0.00037773675                                  0.00037773675
              1       6.8364911      0.23952962      -30.726948       46.712008       0.3746061       1.0062572    0.0067841799     -0.87328931       6.7763305        6.7763305      0.12032118                                     0.12032118
              7        7.091103      0.22028827      -30.206553       36.550478      0.26741676       0.9982196    0.0057806547     -0.59824903       6.7763305        6.7763305      0.62954508                                     0.62954508
              1       7.3181419       2.0439544      -32.822815       53.544414      0.24414862     0.067048768      0.49561754     -0.95074271       6.7763305        6.7763305       1.0836229                                      1.0836229
              7       8.4672508       0.9786177      -32.446437       26.220521      0.51486395      0.60305928      0.28634885    -0.070516616       6.7763305        6.7763305       3.3818406                                      3.3818406
              4       7.7381192      0.81746831      -31.676493       18.400638      0.47237151      0.94384743     0.080923946     -0.85650205       6.7763305        6.7763305       1.9235774                                      1.9235774
              7        6.943781      0.71744882      -31.467531       11.872307      0.28760159       1.0148156     0.061644831      0.65784942       6.7763305        6.7763305      0.33490115                                     0.33490115
             22       6.8472894       0.6190087      -31.657602       15.738028      0.30658833      0.94586786      0.05064222     -0.72464561       6.7763305        6.7763305      0.14191786                                     0.14191786
              1       7.9283478      0.84148113      -31.816785       16.663439      0.48468304       1.0388927     0.081005847      0.50585574       6.7763305        6.7763305       2.3040347                                      2.3040347
             30       8.1371408      0.74383823      -31.987458       20.953291      0.49707495      0.95854618     0.061061008      0.73482967       6.7763305        6.7763305       2.7216206                                      2.7216206
             10       8.8504645      0.70539448       -30.69728       22.806714       0.5334526      0.99660477     0.061703155      0.39860175       6.7763305        6.7763305       4.1482681                                      4.1482681
             14       7.7110258       1.0204884       -30.89626       6.3452844      0.21347787       0.9908676      0.14125413     -0.59336968       6.7763305        6.7763305       1.8693908                                      1.8693908
             11       7.0864128      0.68781016      -31.490175       18.656072       0.4160255      0.97443544      0.06319668       0.1771697       6.7763305        6.7763305      0.62016471                                     0.62016471
              4       8.9377891      0.70226849      -31.779938       21.402884      0.53744129       1.0746758     0.060944476     -0.99806769       6.7763305        6.7763305       4.3229172                                      4.3229172
             10       7.3319975      0.26329147      -31.905243       30.652592      0.24290536      0.90459671    0.0093905693     -0.67091415       6.7763305        6.7763305       1.1113341                                      1.1113341
              9       6.7777929      0.33483266      -31.748882       29.604217      0.34708378       1.0523854     0.015225337    -0.032497829       6.7763305        6.7763305    0.0029249458                                   0.0029249458
              8       6.9118549      0.37368592      -31.494897       32.423336      0.39093861      0.96976395       0.0179437     -0.17085683       6.7763305        6.7763305      0.27104888                                     0.27104888
              1       7.3101805      0.17090417      -31.551957       42.412024       0.2448702        1.015351    0.0036431008      0.76091707       6.7763305        6.7763305       1.0677001                                      1.0677001
             23       6.9107929      0.26701729      -31.807484       41.662648      0.39074649       1.0556762    0.0074468927     -0.15776606       6.7763305        6.7763305       0.2689249                                      0.2689249
              1       6.8304134      0.25029906      -31.862974       38.886988      0.31108475       0.9605879    0.0084532287      0.65217841       6.7763305        6.7763305      0.10816577                                     0.10816577
              1       6.7857873      0.27496507      -31.890573       39.158989      0.32907244      0.91855343       0.0106901     -0.24826686       6.7763305        6.7763305     0.018913732                                    0.018913732
              4       7.3683703      0.77373115      -32.197556        15.01578       0.4442865       1.1493361     0.057624707     -0.49782135       6.7763305        6.7763305       1.1840797                                      1.1840797
             18       7.4145165      0.74130816      -32.158251       8.1302138      0.23580196       1.1758951      0.06593622     -0.99718485       6.7763305        6.7763305        1.276372                                       1.276372
              9       7.6199621       1.0979656      -32.416868       9.1703832      0.21989899      0.65640051      0.35400578     0.063446038       6.7763305        6.7763305       1.6872632                                      1.6872632
              6       6.8521257      0.90379946      -32.153782       8.6216964      0.30540146       1.1779537      0.10224581     -0.99878759       6.7763305        6.7763305      0.15159047                                     0.15159047
             32       7.5844559      0.55812515      -32.269498       11.507208      0.22249605       1.0412204      0.03319344      0.92590751       6.7763305        6.7763305       1.6162509                                      1.6162509
              5       9.5970346      0.77680731      -32.701654       20.539971       0.1187345      0.22365866      0.12846277     -0.74420543       6.7763305        6.7763305       5.6414082                                      5.6414082
              2       7.5872073       1.1876305      -32.544765       14.402298      0.22229279       0.3906017      0.43616889     -0.50346654       6.7763305        6.7763305       1.6217538                                      1.6217538
              5       7.4333425       1.1981367      -32.546681       15.211924      0.23424696      0.38628278      0.44340031     -0.51108009       6.7763305        6.7763305       1.3140241                                      1.3140241
             11       7.2179652       0.8712223      -32.739569       47.175493      0.25365653      0.18549086      0.14344271     -0.79508511       6.7763305        6.7763305      0.88326948                                     0.88326948
              7       7.3339459      0.82273952       -32.59637       46.645604      0.44126822      0.34558229      0.18598853     -0.56908164       6.7763305        6.7763305       1.1152308                                      1.1152308
             20       7.2037584       1.5101599      -32.732071       56.833962      0.42891091      0.15019592      0.42690548     -0.85318136       6.7763305        6.7763305       0.8548559                                      0.8548559
              7       7.0363072        2.015263      -32.697913       49.286312      0.40978133      0.12399838      0.81232263     -0.89844005       6.7763305        6.7763305      0.51995342                                     0.51995342
              7        7.194775       2.5165182      -32.743567       57.317986      0.25600726     0.053343705      0.91595168     -0.97261753       6.7763305        6.7763305       0.8368891                                      0.8368891
              1       7.0662273       2.5192602       -32.73099       57.170174      0.27042447     0.056431989      0.96944973     -0.97080555       6.7763305        6.7763305      0.57979363                                     0.57979363
             14       7.4406739       2.5252153      -32.761228       57.655582      0.23364744     0.048232875      0.85004393     -0.97587961       6.7763305        6.7763305       1.3286869                                      1.3286869
             26       6.9802669       2.4983091      -32.730067       57.728992      0.28196696     0.058759756      0.96443248     -0.96876243       6.7763305        6.7763305      0.40787295                                     0.40787295
              8       6.7829121      0.78360049      -30.694793       12.781071      0.33121526      0.99396317     0.077592487     -0.88864161       6.7763305        6.7763305      0.01316326                                     0.01316326
              6       7.1372039      0.48641712      -30.791526       16.182566      0.26214166       1.0009254     0.028822127      0.97036372       6.7763305        6.7763305      0.72174684                                     0.72174684
             10       7.6403839      0.40024496      -30.740903       16.457305      0.21842997      0.99666574     0.019082492      0.50600557       6.7763305        6.7763305       1.7281069                                      1.7281069
             14       8.6162335      0.22390718      -30.655152       21.822732      0.16168148      0.99450059    0.0059584413     -0.99939211       6.7763305        6.7763305       3.6798061                                      3.6798061
              6       9.9171482       1.5492459      -31.967653        11.80875      0.57759399       0.9488997      0.33467922      0.65079562       6.7763305        6.7763305       6.2816354                                      6.2816354
              5       9.4700254      0.87102115       -32.89737       46.469557      0.12381894     0.091941532     0.080364812     -0.90489969       6.7763305        6.7763305       5.3873898                                      5.3873898
             30       7.2611768      0.78264055      -32.679545       38.998109       0.2494354      0.24562587      0.13883411     -0.71480319       6.7763305        6.7763305      0.96969274                                     0.96969274
              5       6.7792181       1.5916517      -32.595247       23.662869      0.33485639       0.2672176      0.73592918     -0.70870723       6.7763305        6.7763305    0.0057753671                                   0.0057753671
             11       6.7790944       1.5750311      -32.590579       23.231053      0.33501114      0.27518396      0.72896786     -0.69680543       6.7763305        6.7763305    0.0055278666                                   0.0055278666
             11       7.1169718       1.9653699      -32.765256       42.853117      0.26441254     0.094357679      0.59456616     -0.92485132       6.7763305        6.7763305      0.68128266                                     0.68128266
             14       7.1883839       2.4732323      -32.212368       6.1032492      0.42733351      0.85086927       2.7455865      0.70384571       6.7763305        6.7763305      0.82410692                                     0.82410692
              2       8.0336291        1.290303      -30.739877       11.484843      0.49106033      0.99595563      0.23846171      0.39234103       6.7763305        6.7763305       2.5145974                                      2.5145974
              3       8.2093942       1.1972927      -30.913888       12.447658      0.50113863       1.0106291      0.20297591     -0.90718949       6.7763305        6.7763305       2.8661276                                      2.8661276
              2       6.9804201       0.8829072      -30.343403        9.576136      0.28194443       1.0022592      0.10053995     -0.32445406       6.7763305        6.7763305      0.40817927                                     0.40817927
              1       7.6061719      0.53884937      -30.503133        25.82543      0.46309896        1.000186     0.035503818      0.99516399       6.7763305        6.7763305       1.6596829                                      1.6596829
              5       8.0149755      0.60138948      -30.293338       24.492244      0.48995045      0.99974594     0.044603444       0.9812938       6.7763305        6.7763305         2.47729                                        2.47729
             22        6.783641      0.64614176       -30.59532       16.364901      0.35336629        1.004398     0.051447107     -0.63012144       6.7763305        6.7763305     0.014621155                                    0.014621155
             17       7.1509327      0.85878335      -30.882773       9.0343216       0.2606368       1.0096677     0.095114584     -0.99930414       6.7763305        6.7763305      0.74920444                                     0.74920444
             13       6.7940228      0.47417439      -30.854658       20.393435      0.32431785       1.0080087     0.026956323      -0.6800871       6.7763305        6.7763305     0.035384611                                    0.035384611
             11       6.8991627      0.44782387      -30.838211       19.995185      0.29540932      0.99154727     0.024257224     -0.99957909       6.7763305        6.7763305       0.2456645                                      0.2456645
              9       6.7887093      0.38843211      -31.017468       27.799473      0.35679052      0.99307838     0.017769985      0.39675847       6.7763305        6.7763305     0.024757756                                    0.024757756
             12       6.8715815       0.3253542      -31.318546        27.98827      0.30097224      0.99338104     0.012375134      0.86107495       6.7763305        6.7763305      0.19050217                                     0.19050217
             10       7.3299906      0.66774344      -30.360239       10.915786      0.24308447       1.0023386     0.055753302     -0.35378154       6.7763305        6.7763305       1.1073203                                      1.1073203
             28       6.8193192      0.79840536      -30.232438       13.906433      0.36956261       1.0003932      0.08106498      0.92472396       6.7763305        6.7763305     0.085977541                                    0.085977541
              7       7.0836546      0.89275655      -32.514483       29.542787      0.41569554      0.47371022       0.2419062     -0.34726451       6.7763305        6.7763305      0.61464829                                     0.61464829
              5       8.0534925       1.2343891      -30.542488       12.019165      0.49223317      0.99716358      0.21507131      0.24913141       6.7763305        6.7763305        2.554324                                       2.554324
              2       6.7906245       0.7709016      -30.059507       13.938959      0.35789354       1.0010286     0.075106537     -0.13058275       6.7763305        6.7763305     0.028588123                                    0.028588123
              2       6.9429381      0.51920058      -30.078482       16.633174      0.28773869       1.0014053     0.032832926     -0.95000405       6.7763305        6.7763305       0.3332152                                      0.3332152
              6       6.8228825      0.53351863      -30.088581       17.625671      0.31331781       1.0014096     0.034712004     -0.86392186       6.7763305        6.7763305     0.093104147                                    0.093104147
             11       6.8992328       2.0767826      -32.610917          31.699      0.38860396       0.1774159        1.188954     -0.84494379       6.7763305        6.7763305       0.2458046                                      0.2458046
             20       6.9201375      0.15604351      -31.647638        58.63296      0.29158811      0.95786475    0.0031830596     -0.10614737       6.7763305        6.7763305      0.28761415                                     0.28761415
              5       7.3747702       2.3127928      -32.708429       36.254659      0.23916213     0.085726238      0.96118368     -0.94356973       6.7763305        6.7763305       1.1968795                                      1.1968795
              9       10.938689       1.4138069       -32.03801       11.964442      0.61321432       1.0895613      0.38488687      0.43864072       6.7763305        6.7763305        8.324718                                       8.324718
              8       6.8422976       1.1076527       -32.04671       9.3827853       0.3761434       1.0877772      0.21437523      0.42880026       6.7763305        6.7763305      0.13193431                                     0.13193431
             15        6.931577      0.82768557       -31.87956       11.361898      0.28962141      0.92562762      0.10451749    -0.014523226       6.7763305        6.7763305      0.31049301                                     0.31049301
             12       6.8016896        1.222887      -31.847739       9.2029801      0.36316949      0.96987651      0.23295977      0.81123222       6.7763305        6.7763305     0.050718365                                    0.050718365
             12       6.7810999      0.28758951      -32.341495       39.044567      0.33281925      0.89083382     0.014043172      0.76590907       6.7763305        6.7763305    0.0095389457                                   0.0095389457
              2       6.8353703       1.0765902      -32.581024        30.14037      0.37430095      0.34669202      0.33401123     -0.57290662       6.7763305        6.7763305      0.11807962                                     0.11807962
              4       7.3065124       1.0003634      -32.507737       27.701552      0.43879553      0.47590714      0.30994484     -0.34448501       6.7763305        6.7763305       1.0603638                                      1.0603638
             15       7.2228425      0.35572982      -32.398644       28.347512      0.25317004      0.75456906     0.029235165      0.33198778       6.7763305        6.7763305      0.89302411                                     0.89302411
              3       9.2837021        0.406123      -32.566342       23.524246      0.13149995      0.41368922     0.046052893      -0.4512109       6.7763305        6.7763305       5.0147432                                      5.0147432
              1       13.390842     0.050528046      -33.705756       24.358159   0.00010579716    0.0025835624   7.9235746e-06     -0.99731542       6.7763305        6.7763305       13.229023                                      13.229023
              9       13.394345      0.48923304        -34.8052       59.725539   1.5281151e-05   1.5718175e-05   4.6245136e-06     -0.99998401       6.7763305        6.7763305       13.236029                                      13.236029
              2       13.393292      0.93884107       -34.64883       47.070488    4.248521e-05   2.8894747e-05   3.3150683e-05     -0.99997224       6.7763305        6.7763305       13.233923                                      13.233923
              1         13.3946      0.60573498      -34.933904       50.621626   8.6749461e-06   8.5029563e-06   3.8775445e-06     -0.99999145       6.7763305        6.7763305        13.23654                                       13.23654
              2       13.393715      0.19351246      -34.343414       35.937547   3.1553205e-05    0.0001363666   6.1697849e-06     -0.99985889       6.7763305        6.7763305       13.234769                                      13.234769
              2       13.362045       1.0189271      -33.965445       38.391648   0.00085083528   0.00065371364   0.00089584209     -0.99938092       6.7763305        6.7763305        13.17143                                       13.17143
              1       13.335132      0.54834101       -33.76145       44.634372    0.0015486258    0.0019017273   0.00070505272     -0.99807371       6.7763305        6.7763305       13.117603                                      13.117603
              5       13.367289      0.73527892      -34.015162       51.497811   0.00071505337   0.00056757006   0.00038699107     -0.99943747       6.7763305        6.7763305       13.181917                                      13.181917
              1       13.350481       1.6769962      -33.628281       9.4080906    0.0011504967    0.0021916627    0.0098238669     -0.99828022       6.7763305        6.7763305       13.148301                                      13.148301
             13       7.5657825       2.7121564      -32.422686       13.153917      0.22388482      0.18861522       3.8993748      -0.8704102       6.7763305        6.7763305       1.5789041                                      1.5789041
              7       6.8386228      0.42789701      -30.129001       26.377346      0.37517875      0.99905591     0.022034819      0.39860627       6.7763305        6.7763305      0.12458459                                     0.12458459
              3       6.8054078      0.41983804      -30.103182        26.07864      0.36466835       1.0010442      0.02131061     0.016910596       6.7763305        6.7763305     0.058154626                                    0.058154626
             13       7.3971439      0.43608046      -30.083473       30.746711      0.44674261       1.0014148     0.022946532      -0.9475167       6.7763305        6.7763305       1.2416268                                      1.2416268
             11       8.0698006       0.3902846      -30.254029       37.951749       0.4931893       1.0007425     0.018267813      0.75607912       6.7763305        6.7763305       2.5869403                                      2.5869403
              4       8.8192967      0.37748413      -30.231061       42.272036      0.53200868       1.0020485     0.017103339      -0.9884618       6.7763305        6.7763305       4.0859325                                      4.0859325
             18       6.8810308       1.8557536      -31.841807       5.1188167      0.29898531      0.94597979      0.73585617      0.54549678       6.7763305        6.7763305       0.2094006                                      0.2094006
              9       10.482483       2.1170886      -31.700087       8.3355156      0.59792014       1.0183418       1.0367442      0.90697078       6.7763305        6.7763305       7.4123043                                      7.4123043
              2       7.4676143       1.2441825      -30.753095       5.5858666      0.23147232       1.0010282      0.22005304      0.96259893       6.7763305        6.7763305       1.3825677                                      1.3825677
              2       7.0368952       1.0533414      -30.483705       7.8254791      0.27414206      0.99957984      0.14991019       0.9780882       6.7763305        6.7763305       0.5211295                                      0.5211295
              5       7.1460419       1.1051721      -30.445264       7.0797163      0.26116968       1.0032262      0.16631024      -0.5889198       6.7763305        6.7763305      0.73942283                                     0.73942283
              9        6.776376       2.3548116      -31.041397       4.4393916      0.34289732      0.98583988       1.5167707     0.026277917       6.7763305        6.7763305   9.1125695e-05                                  9.1125695e-05
              2       9.0546253      0.49647625       -30.57606       8.5319607        0.141346       1.0029011     0.030203873       0.2193666       6.7763305        6.7763305       4.5565897                                      4.5565897
              3       6.8279744       1.3175957      -31.539149       8.4712108      0.37221012       1.0022647      0.25573627      0.99532628       6.7763305        6.7763305      0.10328784                                     0.10328784
             14       6.7783979        1.339605      -31.538668       7.5245921      0.33595549       1.0017144      0.26591577      0.99733141       6.7763305        6.7763305    0.0041349183                                   0.0041349183
              5       8.1448934      0.72841459      -31.031447       7.5928289      0.18648394       1.0134005     0.067029557     -0.97708403       6.7763305        6.7763305       2.7371258                                      2.7371258
             10       7.3435621      0.81433947      -31.207918        8.932803      0.24187948      0.99937319     0.084899157      0.99810797       6.7763305        6.7763305       1.1344634                                      1.1344634
              1       6.7803468      0.77846113      -31.159327       13.115349      0.33357522      0.98197156      0.07753355     -0.96054636       6.7763305        6.7763305     0.008032695                                    0.008032695
              6       6.7935755      0.79793173       -31.08265       13.359096       0.3594572       1.0135059     0.079413784     -0.60680715       6.7763305        6.7763305     0.034490018                                    0.034490018
             13       7.1220386      0.73399088       -31.27378       17.009602      0.42016236       1.0114729     0.065503968      0.50675505       6.7763305        6.7763305      0.69141636                                     0.69141636
             26        7.021086      0.90305543      -32.666553       36.403264      0.27623284      0.25254715      0.19171969     -0.70775478       6.7763305        6.7763305      0.48951106                                     0.48951106
             10       7.0938719       0.8545418      -32.659788       35.717274      0.26708944      0.26300681       0.1746266     -0.69222737       6.7763305        6.7763305      0.63508292                                     0.63508292
              8       6.9930082      0.91035982      -32.653739       34.728442      0.28012004      0.26629788      0.20153657     -0.68881273       6.7763305        6.7763305      0.43335549                                     0.43335549
             11       6.9891783      0.49636803       -32.43291        36.44494      0.40333064      0.67010379     0.064770811     0.095630323       6.7763305        6.7763305      0.42569577                                     0.42569577
              2       7.0296489      0.39031404      -32.322632       33.794174      0.40890772      0.93173241     0.023095069      0.88815874       6.7763305        6.7763305      0.50663688                                     0.50663688
              4       12.915382     0.028143843      -30.960602       13.473383     0.012622823       1.0005029   9.3404871e-05      0.99585158       6.7763305        6.7763305       12.278104                                      12.278104
              1       11.558341      0.11136807      -31.286959       13.993486     0.051297943      0.98931651    0.0015178008      0.60009932       6.7763305        6.7763305       9.5640206                                      9.5640206
              1       7.9143979      0.17125612      -30.798497       34.872504      0.20018347       1.0074439    0.0034568236     -0.91251151       6.7763305        6.7763305       2.2761348                                      2.2761348
             12       9.1978738      0.46464093      -32.451464       56.303186      0.54886593      0.63057645     0.058805749   -0.0046682504       6.7763305        6.7763305       4.8430866                                      4.8430866
              2       7.8886901      0.12613435      -32.290171       47.726397      0.20179437       1.0074858    0.0018335891      0.99794576       6.7763305        6.7763305       2.2247193                                      2.2247193
             25       7.0429876      0.39984462      -32.582795       52.976319      0.27335333      0.38785844     0.043778005     -0.49494299       6.7763305        6.7763305      0.53331425                                     0.53331425
              2        6.777753       1.1635496      -32.610281       30.037896      0.34701392       0.2984107      0.36968339     -0.64908802       6.7763305        6.7763305    0.0028451102                                   0.0028451102
              2       6.8351713       1.0254624      -32.569718       29.777951      0.37424648      0.36835371      0.30736911     -0.53676382       6.7763305        6.7763305      0.11768167                                     0.11768167
              4       6.7764022       1.0307646      -32.590839        29.69793      0.34312578      0.33689113      0.29947441     -0.58719782       6.7763305        6.7763305   0.00014343428                                  0.00014343428
             10       6.8471283       1.4857252      -32.762594       46.844087      0.30662855      0.13241623       0.3699242      -0.8722569       6.7763305        6.7763305      0.14159571                                     0.14159571
             15       6.8393748       1.4877146      -32.760619       46.712956      0.30862157      0.13347232      0.37360081     -0.87115374       6.7763305        6.7763305      0.12608868                                     0.12608868
             39       6.8720861       1.4903491      -32.767841       47.043598      0.30086372       0.1289743      0.36473442     -0.87614217       6.7763305        6.7763305      0.19151124                                     0.19151124
             32       6.7855998       1.4655475      -32.686583       35.757573      0.32920123      0.18880584      0.47277664     -0.80640333       6.7763305        6.7763305     0.018538756                                    0.018538756
              7       6.7887868       1.5129606      -32.693444       36.365368       0.3271633      0.17871906      0.49111207     -0.82015588       6.7763305        6.7763305     0.024912591                                    0.024912591
              5       6.8551884        1.460547       -32.77805       50.135845      0.30466935       0.1250509      0.33810811     -0.87960945       6.7763305        6.7763305      0.15771589                                     0.15771589
              4       7.9602589       1.3982335      -32.872796       50.613713      0.19735429     0.083814773       0.2147004     -0.92144896       6.7763305        6.7763305       2.3678568                                      2.3678568
              9       8.2872285        1.943429      -32.817519       36.683089      0.17859685     0.075294127      0.46986229     -0.94128917       6.7763305        6.7763305       3.0217961                                      3.0217961
              3       7.2926002       2.3371016      -32.624693       25.371793      0.24648289       0.1249338       1.3799693     -0.91121377       6.7763305        6.7763305       1.0325395                                      1.0325395
             12       7.0227914       2.2392818       -32.53468       25.024975      0.40799589      0.21882416       1.7878778     -0.80492057       6.7763305        6.7763305       0.4929218                                      0.4929218
              5       7.3017376       2.3382863      -32.473868        21.21259      0.43835868      0.26561961       2.3752194     -0.74936518       6.7763305        6.7763305       1.0508143                                      1.0508143
              6       6.8043949       2.3989582      -32.488141       19.935086      0.36427005      0.22893099       2.4030735     -0.80205187       6.7763305        6.7763305     0.056128919                                    0.056128919
             35       6.7816719       2.8972558      -32.470778       45.550516      0.35171561     0.080100164       3.5245948     -0.97092112       6.7763305        6.7763305      0.01068278                                     0.01068278
             15       6.9241725       1.3678121      -32.748395       42.703705      0.29088577      0.14967608       0.3341725     -0.84966433       6.7763305        6.7763305      0.29568408                                     0.29568408
              1        7.163865       1.3841408      -32.776094       42.956376      0.25924427      0.13104582      0.30848029     -0.87107816       6.7763305        6.7763305      0.77506905                                     0.77506905
              8       6.8154019       1.3882663      -32.720873       40.721912      0.31572318      0.16785236      0.37902481     -0.82910154       6.7763305        6.7763305     0.078142956                                    0.078142956
              2       6.9955858      0.97303911      -32.710308       42.134807      0.27975307      0.20508101      0.19594417     -0.77235648       6.7763305        6.7763305      0.43851072                                     0.43851072
              1       7.6961637        1.069779      -32.778802       40.985811      0.21450375      0.14703787       0.1872879     -0.84562056       6.7763305        6.7763305       1.8396664                                      1.8396664
              3       7.2049309      0.83858893      -32.515813       32.307829      0.42903003      0.47594054      0.21161053     -0.34230063       6.7763305        6.7763305      0.85720078                                     0.85720078
              7       6.8274762      0.72356311      -32.459284       21.663897      0.31193593      0.59810069      0.15045156    -0.082217341       6.7763305        6.7763305      0.10229157                                     0.10229157
              9        7.329231       1.3178025       -32.42217       16.387965      0.44084765      0.61352899        0.559052     -0.04445241       6.7763305        6.7763305        1.105801                                       1.105801
             10       7.1073593      0.38834927      -30.065032       20.552528      0.26551508      0.99982354     0.018137728      0.98547539       6.7763305        6.7763305      0.66205776                                     0.66205776
             20       7.2720596       0.3560661      -30.023205       20.948616      0.24840232       1.0009021     0.015164203     -0.13519462       6.7763305        6.7763305       0.9914583                                      0.9914583
             14       6.7916572      0.44235826      -30.192951        24.38328      0.35845765       0.9988344     0.023723123      0.29740851       6.7763305        6.7763305     0.030653505                                    0.030653505
              4       6.7820103       0.4482793      -30.220273       23.648831      0.35201869      0.99799705     0.024340587     -0.87926568       6.7763305        6.7763305     0.011359673                                    0.011359673
              4       6.7779726      0.40417335      -30.225592       25.826878      0.34738708        1.000221     0.019649116      0.97105627       6.7763305        6.7763305    0.0032843669                                   0.0032843669
              1         6.77634      0.39943253      -30.219312       25.787625      0.34240965      0.99910957     0.019251995      0.63841025       6.7763305        6.7763305   1.8991596e-05                                  1.8991596e-05
              3        6.889082      0.36844675      -30.264539       24.302824      0.29736207      0.99810449     0.016231249     -0.39545094       6.7763305        6.7763305      0.22550299                                     0.22550299
              4       6.8623499      0.41890594      -30.054459       21.712023       0.3030111       1.0012987     0.021134821     -0.91139259       6.7763305        6.7763305      0.17203877                                     0.17203877
             11       6.8072636       0.4420303      -30.057098        21.69038      0.31861944      0.99879182     0.023557012     -0.35837981       6.7763305        6.7763305     0.061866289                                    0.061866289
              3       6.8684132      0.45822711      -30.568627       25.159138      0.38233964      0.99676938     0.025620856   0.00094605484       6.7763305        6.7763305      0.18416549                                     0.18416549
              2       7.2601902      0.17277254      -31.187196       42.701379      0.24952963       1.0165469    0.0036403582     -0.52411272       6.7763305        6.7763305      0.96771947                                     0.96771947
             23       6.7920411      0.26773798      -31.085138       39.817226      0.35866249       1.0111763    0.0083216325     -0.16875799       6.7763305        6.7763305       0.0314213                                      0.0314213
             10       6.7818251       1.2635918      -30.482869       8.3611688      0.35185403        1.000946      0.22847042      0.88977507       6.7763305        6.7763305     0.010989343                                    0.010989343
              3       6.9667355       1.2243209      -32.755935       45.309397      0.28399278      0.15386706      0.26343968     -0.84110474       6.7763305        6.7763305       0.3808101                                      0.3808101
              5       7.3914643        1.355179      -32.686137       49.714776      0.44626239      0.19908111      0.40653489     -0.79014879       6.7763305        6.7763305       1.2302677                                      1.2302677
             29       7.0175494       1.3353217      -32.706713       50.050721      0.40729028      0.18315961      0.36914832     -0.80917639       6.7763305        6.7763305      0.48243786                                     0.48243786
              2       7.3629379      0.14421752      -31.493462       51.488555      0.24018386       0.9721583     0.002638379    -0.012320649       6.7763305        6.7763305       1.1732149                                      1.1732149
              9       7.1854929       1.9361936      -32.652937       40.445552      0.42703363      0.16389452      0.89886692     -0.85351256       6.7763305        6.7763305      0.81832478                                     0.81832478
              3       7.2706694       1.6969847      -32.839265       53.614438      0.24853366     0.082100807      0.34476957     -0.92922755       6.7763305        6.7763305      0.98867787                                     0.98867787
             26       6.8259578       1.5450266      -32.802008       56.756509      0.31238557      0.10706838      0.34095403     -0.90081376       6.7763305        6.7763305     0.099254695                                    0.099254695
             14       6.8310296      0.15752353      -31.733713       57.717308      0.31090913       1.0277888    0.0032154177      0.67347264       6.7763305        6.7763305      0.10939819                                     0.10939819
              2       6.9437226      0.23542084       -31.43386       49.379786      0.39638891        1.024824    0.0069944243    -0.064430956       6.7763305        6.7763305      0.33478421                                     0.33478421
              7       6.7771596       0.2255274      -30.853672       45.698041      0.34582785       1.0085211    0.0060110944     -0.93818631       6.7763305        6.7763305    0.0016582655                                   0.0016582655
              1       7.3514553      0.58975632      -30.498021       22.626682      0.44281471       0.9973566     0.043080665     0.089871874       6.7763305        6.7763305       1.1502497                                      1.1502497
              5       6.7763919      0.65533968      -30.769023       15.654331      0.34304183       1.0050045     0.054031296     0.072170288       6.7763305        6.7763305   0.00012283848                                  0.00012283848
             14       6.8042057      0.40952373      -31.426099       23.158849      0.31980517        1.013471     0.021095314      0.67406124       6.7763305        6.7763305     0.055750383                                    0.055750383
              4       7.0635135      0.31717103      -31.429688       38.425817      0.41323973       1.0190778     0.012707175      0.35971146       6.7763305        6.7763305      0.57436606                                     0.57436606
              4        7.121353      0.20586493      -31.009075       38.998708      0.26391518      0.98799259    0.0050890387     -0.85088152       6.7763305        6.7763305      0.69004515                                     0.69004515
             12       6.8593008       0.2648303      -31.453244       41.796799      0.38029167       1.0325902    0.0080743932     -0.83935554       6.7763305        6.7763305      0.16594068                                     0.16594068
              3       7.2607486      0.57700487      -32.568268        56.15015      0.43452372      0.40309275     0.093726752     -0.47105575       6.7763305        6.7763305      0.96883634                                     0.96883634
             11       8.3338826      0.12333547       -30.22154        42.96767      0.17609322       0.9986993    0.0017937321      0.20338422       6.7763305        6.7763305       3.1151042                                      3.1151042
              2       7.0301566      0.34660876      -32.519377        47.91455      0.27502526       0.4977228     0.034295114     -0.29609124       6.7763305        6.7763305      0.50765231                                     0.50765231
             24       6.7943456      0.31906368       -31.64464       35.260908      0.35984276      0.96131079     0.013427922     0.062885524       6.7763305        6.7763305      0.03603033                                     0.03603033
              3       6.7924222      0.20137832      -31.229767       54.604185      0.35886338      0.98087215     0.004699489     -0.76162976       6.7763305        6.7763305     0.032183515                                    0.032183515
             27       6.7765147      0.19892141      -30.813143        51.74588      0.34019572      0.99332973    0.0046369933     -0.44227192       6.7763305        6.7763305   0.00036842726                                  0.00036842726
              4       7.0190394      0.19388389      -32.115522        36.96354      0.27650839        1.159618    0.0055814508     -0.62022583       6.7763305        6.7763305      0.48541779                                     0.48541779
              2       7.5769428      0.46519578      -32.479154        52.07129      0.46094714       0.5719248     0.061268234     -0.14152993       6.7763305        6.7763305       1.6012247                                      1.6012247
              2       7.3503152      0.70780173      -32.725006       49.947638      0.24128526      0.20512856     0.099488385     -0.76726351       6.7763305        6.7763305       1.1479695                                      1.1479695
              2       11.768042      0.87000926      -33.111563       44.687051     0.044992391     0.034782069     0.032523924     -0.96540044       6.7763305        6.7763305       9.9834224                                      9.9834224
             28       8.2319506      0.89559563      -32.765503       37.062435      0.18161384      0.16444662      0.13884657     -0.82147666       6.7763305        6.7763305       2.9112403                                      2.9112403
              6       8.4308372      0.89550109      -32.780064       37.219818      0.17100748      0.15420436      0.13196861     -0.83381927       6.7763305        6.7763305       3.3090134                                      3.3090134
              3       8.6890276      0.34662448      -32.138712       38.873424      0.52585098       1.1729313     0.016004652      -0.9046676       6.7763305        6.7763305       3.8253942                                      3.8253942
             17       7.1232707      0.23708611      -31.747872       31.821171      0.26369848       1.0505271    0.0075826908     0.028500193       6.7763305        6.7763305      0.69388044                                     0.69388044
              1       6.8043134        0.396771      -30.942364       24.218137      0.31976233       1.0001579      0.01894981      0.99956061       6.7763305        6.7763305     0.055965796                                    0.055965796
              5       6.8793917      0.43969763      -31.286252       20.668812      0.29932334      0.98990349     0.024121435      0.64853673       6.7763305        6.7763305      0.20612239                                     0.20612239
             37       6.7814034      0.49093949      -31.353479       19.912915      0.33253166       1.0223323     0.027992294     -0.35544385       6.7763305        6.7763305     0.010145938                                    0.010145938
             17       6.7826312      0.51222974      -31.353588       20.236991      0.35255211       1.0221967     0.030538797     -0.33546716       6.7763305        6.7763305     0.012601514                                    0.012601514
              6       7.0317185      0.72308358      -31.513615        17.70224      0.40918049      0.96077149     0.063699334     -0.90694813       6.7763305        6.7763305      0.51077615                                     0.51077615
              4       7.1994751       0.5201517      -31.957988       27.088736      0.42847435      0.91396165     0.027787528     -0.40572088       6.7763305        6.7763305      0.84628933                                     0.84628933
              8       7.4997838       0.5062195      -31.223306       13.873541      0.22892981      0.97971117     0.031631918     -0.91686688       6.7763305        6.7763305       1.4469068                                      1.4469068
             43       6.7765219      0.71653594      -31.020306       14.443679      0.34383945       0.9985316     0.064094951      0.97473601       6.7763305        6.7763305   0.00038293021                                  0.00038293021
              2       6.7835311      0.66952415      -30.734642       15.944836      0.35328046      0.99461546     0.056445933     -0.25509844       6.7763305        6.7763305     0.014401174                                    0.014401174
             11       6.9374954      0.60690469      -30.825653       19.428377      0.39536765       1.0077807     0.045012524     -0.77814891       6.7763305        6.7763305      0.32232981                                     0.32232981
              7       6.7995145      0.54699187      -31.240117       20.004103      0.36224124      0.99499259     0.035979863      0.88908089       6.7763305        6.7763305     0.046368002                                    0.046368002
              8       6.7779568       0.4704525      -31.322206       21.496553      0.33663891       1.0004643     0.026870652      0.99935216       6.7763305        6.7763305    0.0032527447                                   0.0032527447
             22       7.4222466      0.57181601      -31.232944       23.977219      0.44883927      0.98391512     0.038717103     -0.20141811       6.7763305        6.7763305       1.2918322                                      1.2918322
              3        7.506599       0.5841672      -31.234328       23.780975      0.45560152      0.98568978     0.040446198     0.056002591       6.7763305        6.7763305       1.4605371                                      1.4605371
              1       7.0754734      0.32444507      -31.312846       25.347394        0.269292      0.98417165     0.012056432      0.16749636       6.7763305        6.7763305      0.59828582                                     0.59828582
              3       10.489334      0.23181006      -30.889441       11.094348      0.08584342        1.003217    0.0063188724      0.76442298       6.7763305        6.7763305       7.4260065                                      7.4260065
             44       9.9354498      0.11945036      -30.393911       26.633374       0.1057206      0.99877546    0.0016949224      0.67594246       6.7763305        6.7763305       6.3182387                                      6.3182387
              2       10.866345       1.2008998      -30.273486       15.279011      0.61084705       1.0005813       0.2033019      0.88418845       6.7763305        6.7763305       8.1800293                                      8.1800293
              1       7.5639192      0.55598488      -30.426119       24.916074      0.45997571      0.99796248     0.038068265      0.24610042       6.7763305        6.7763305       1.5751774                                      1.5751774
              4       6.7895262       0.5898695      -30.876532       18.160055      0.35727075        1.002412     0.043156104      0.86671397       6.7763305        6.7763305     0.026391564                                    0.026391564
              8       6.8281408      0.54751144      -30.849683       20.291761      0.37225874       1.0070566      0.03721295     -0.28898405       6.7763305        6.7763305       0.1036206                                      0.1036206
              3       7.4658582      0.33099299      -30.400437       20.970231       0.2316128       1.0029111     0.013148565      -0.8101095       6.7763305        6.7763305       1.3790554                                      1.3790554
             15       6.8563624      0.39227638      -30.445827       23.257946       0.3043925       1.0027492     0.018399369     -0.31319137       6.7763305        6.7763305      0.16006384                                     0.16006384
              1       7.0471402      0.19708443      -31.291476        42.34737      0.27282088      0.98247331    0.0048106365    -0.041582512       6.7763305        6.7763305      0.54161951                                     0.54161951
              5       6.7803659      0.23976572       -31.23493       42.399199      0.33355519      0.98615428    0.0065912174      0.08900305       6.7763305        6.7763305    0.0080709379                                   0.0080709379
              8       7.4614783      0.34365162      -31.009451       40.024947      0.45203605      0.98774721     0.014269647     -0.91202424       6.7763305        6.7763305       1.3702956                                      1.3702956
             13       6.8131691      0.29662959      -31.321044       32.135872      0.31648506      0.99786216     0.010421274      0.98585985       6.7763305        6.7763305     0.073677275                                    0.073677275
             10       8.4147407      0.21270085      -30.244726       24.236533      0.17184129       1.0018662    0.0053891376     -0.56323604       6.7763305        6.7763305       3.2768204                                      3.2768204
              4       11.546401      0.86137112      -30.597705       22.046837      0.63233893       1.0007722     0.095438776      0.95195508       6.7763305        6.7763305       9.5401418                                      9.5401418
             10       7.2026369      0.70373757      -30.051963        18.33993      0.42879681      0.99853906     0.061991924     -0.99692019       6.7763305        6.7763305      0.85261283                                     0.85261283
              5       7.4682098       2.0186064      -31.503201       7.0683853      0.45257528      0.95332474      0.80039434     -0.75550473       6.7763305        6.7763305       1.3837587                                      1.3837587
             15       6.7770914        2.071291      -31.644535       5.4053219      0.34566711      0.92793441      0.93905872     -0.95669104       6.7763305        6.7763305    0.0015219224                                   0.0015219224
             19       8.9318148       2.4724826      -32.864277       55.371097        0.146829     0.032234236      0.52454447     -0.98390164       6.7763305        6.7763305       4.3109687                                      4.3109687
              6       7.7529083       2.1519897      -32.685934       57.460121      0.47337003      0.11505777      0.94792096     -0.91230331       6.7763305        6.7763305       1.9531557                                      1.9531557
             14       7.1186985       2.1823655      -32.707724       57.602725      0.41978386      0.10036381      0.88633661     -0.92669739       6.7763305        6.7763305      0.68473613                                     0.68473613
             10       7.1812708       2.7499822      -32.627544       49.168327      0.25740623     0.057217076       1.6746261     -0.97728278       6.7763305        6.7763305      0.80988063                                     0.80988063
             27       6.8181395       1.6820138      -32.759213       46.895711      0.31481821      0.11995519      0.46865823     -0.89121124       6.7763305        6.7763305     0.083618139                                    0.083618139
              3       6.7864164       1.6695856      -32.747001       46.255449      0.32864941      0.12790372      0.48487736     -0.88250408       6.7763305        6.7763305     0.020171839                                    0.020171839
             10       6.8058154       1.9901146      -30.969184       4.8840173       0.3191733      0.98694552      0.78499506     -0.59272965       6.7763305        6.7763305     0.058969915                                    0.058969915
              8       7.8224771       1.5351951      -30.702059       4.0075066      0.20603124       1.0065079      0.37727957     -0.67816245       6.7763305        6.7763305       2.0922932                                      2.0922932
             10       7.0410772       1.6860662      -31.391797       7.5682247      0.41040033      0.96663156      0.46794909     -0.78923019       6.7763305        6.7763305      0.52949353                                     0.52949353
              4        6.957523       1.5469856      -30.994936       7.6956389      0.39858652       1.0062678      0.37547963      0.58793911       6.7763305        6.7763305        0.362385                                       0.362385
              3       11.705022        1.586678      -33.199515       52.921086     0.046873185     0.016777561     0.063893475     -0.98613136       6.7763305        6.7763305       9.8573831                                      9.8573831
              5       7.8884767       1.7571508      -32.615531       37.212358      0.48219218      0.22163883      0.84851218     -0.77675373       6.7763305        6.7763305       2.2242925                                      2.2242925
             10       7.6284301       1.9128167      -32.790461       39.302056      0.21928772      0.08766931      0.51320618     -0.92944213       6.7763305        6.7763305       1.7041992                                      1.7041992
             40       7.1956608       1.9949973      -32.724407       34.606418      0.25591629      0.11140915      0.71903565     -0.90988595       6.7763305        6.7763305      0.83866066                                     0.83866066
              5       6.8400365      0.34805665       -32.44973       41.678964      0.30844687      0.63905085     0.032459448     0.016049423       6.7763305        6.7763305      0.12741204                                     0.12741204
             17       6.8502659       0.8650678      -32.609555       32.767137      0.30585326      0.32429958      0.20106616      -0.6029214       6.7763305        6.7763305      0.14787084                                     0.14787084
              6       6.9720203       1.0237062      -32.630232       29.097045      0.28319328      0.28574631      0.27114824     -0.66380791       6.7763305        6.7763305      0.39137958                                     0.39137958
             12        7.070147       1.0864657       -32.64729       28.640239      0.26994221      0.26073543       0.2931307     -0.70086384       6.7763305        6.7763305      0.58763299                                     0.58763299
              1       7.1456954      0.72621316      -32.418334       15.686801      0.26120757      0.68914267      0.13942957      0.14780889       6.7763305        6.7763305      0.73872989                                     0.73872989
              3       7.1042602      0.56423928      -32.374053       17.622176      0.26587396      0.80366461     0.068439923      0.48569846       6.7763305        6.7763305       0.6558595                                      0.6558595
             13       6.8081783       1.1323597      -32.681756       38.202264       0.3182763      0.22113256      0.28893986     -0.75547506       6.7763305        6.7763305     0.063695574                                    0.063695574
             15       6.7765236       0.8930963      -32.636495       39.781042      0.34015252      0.28775385      0.20229233     -0.65785516       6.7763305        6.7763305   0.00038628262                                  0.00038628262
              7       6.8627585       1.1284727       -32.55382       21.081076       0.3029186       0.3827049      0.38576883     -0.51538048       6.7763305        6.7763305      0.17285603                                     0.17285603
             10       8.5592549       1.0080781      -32.687963       21.914897      0.16449552      0.22379087      0.22498151     -0.74885336       6.7763305        6.7763305       3.5658488                                      3.5658488
              1       9.3696604       0.2186877      -31.723539       17.416546      0.12792215       1.0094417    0.0058720673      0.95830921       6.7763305        6.7763305       5.1866599                                      5.1866599
              4       9.9424159      0.17595039      -31.771802       16.807562      0.10546023       1.0718048    0.0038710623     -0.89583719       6.7763305        6.7763305       6.3321709                                      6.3321709
              6       9.5387913      0.78078142      -32.252357       20.314773      0.56294843       1.0667167     0.062498177      0.78172565       6.7763305        6.7763305       5.5249216                                      5.5249216
             11       12.396815       1.8022474      -33.278933       44.821608     0.026840991    0.0099866222     0.054120804     -0.99249588       6.7763305        6.7763305       11.240969                                      11.240969
              8       8.3066826       1.0430761      -32.834308       44.202151      0.17754824      0.11573877      0.14519194      -0.8809546       6.7763305        6.7763305       3.0607043                                      3.0607043
             12       8.4916738       1.3828145      -32.494164       24.787922      0.51610786      0.45254141      0.64596094      -0.3963987       6.7763305        6.7763305       3.4306866                                      3.4306866
              3       8.1254964       1.3824816      -32.502535       24.686375      0.49641004      0.43716539      0.64152148     -0.42537546       6.7763305        6.7763305       2.6983319                                      2.6983319
             32       7.1188473       1.5081965       -32.61326       20.488831      0.26419924       0.2569676      0.62688795     -0.71965241       6.7763305        6.7763305      0.68503371                                     0.68503371
             30       6.8324352       2.2985387      -32.566882       27.996491      0.37348781      0.17443873       1.6782141     -0.85984268       6.7763305        6.7763305      0.11220939                                     0.11220939
             16       6.9378153       2.1504228      -32.576833       28.342337       0.3954206       0.1949942         1.43126      -0.8285872       6.7763305        6.7763305      0.32296971                                     0.32296971
             10       7.8346637      0.66691243        -31.0024       21.673167      0.47875842      0.99551347     0.056160928      0.74663748       6.7763305        6.7763305       2.1166665                                      2.1166665
              1       7.2435866      0.59552783      -30.266972       12.649293      0.25113003       1.0019643     0.043817671     -0.49993479       6.7763305        6.7763305      0.93451236                                     0.93451236
              4       6.9499666      0.39925524      -32.012949       29.906597      0.39739402       1.0002893     0.019210944      0.99998949       6.7763305        6.7763305      0.34727225                                     0.34727225
              9       6.7787809      0.96335274      -30.780804        10.92927      0.34858059      0.99505853      0.12402317      0.19460313       6.7763305        6.7763305     0.004900882                                    0.004900882
             10       7.6131719      0.93072979      -30.579963       7.0920772      0.22039136       1.0035046      0.11250035    -0.054729812       6.7763305        6.7763305       1.6736829                                      1.6736829
             11       7.5599357       2.0944866      -31.190339       6.4610461      0.45967698       1.0209259      0.91979529      -0.3971553       6.7763305        6.7763305       1.5672104                                      1.5672104
              6       7.5602422       0.2415297      -30.026609       27.885285      0.22430001       1.0009343    0.0069534984     -0.19649813       6.7763305        6.7763305       1.5678235                                      1.5678235
              1       7.8696944      0.51773472      -30.019031       27.904799      0.48100334       1.0006537     0.032600242      0.37091482       6.7763305        6.7763305        2.186728                                       2.186728
              2       7.8381367      0.51688544      -30.016361       27.888119      0.47898263      0.99868411     0.032527375     -0.90706646       6.7763305        6.7763305       2.1236126                                      2.1236126
             13       7.8944444      0.49420557      -30.130688       29.301487      0.48256781       1.0015738     0.029723619     -0.88516999       6.7763305        6.7763305       2.2362278                                      2.2362278
             30       7.7773003      0.48659002      -30.132812        29.36727      0.47500052      0.99905461     0.028827333      0.41281495       6.7763305        6.7763305       2.0019397                                      2.0019397
              1       7.9143112      0.52977149      -30.257849       27.464157      0.48381112      0.99940819     0.034189419      0.86945794       6.7763305        6.7763305       2.2759614                                      2.2759614
              5       7.8176402       2.0013281      -32.622699       40.023941      0.47765407      0.17922445       1.0647541     -0.83925885       6.7763305        6.7763305       2.0826196                                      2.0826196
              9       6.9092001      0.41838444      -30.634437       28.147746       0.3904569      0.99649671     0.021298428      0.12895148       6.7763305        6.7763305      0.26573917                                     0.26573917
              2       7.7416621      0.54290343       -30.56514        26.09377      0.47261141         1.00269     0.035762162      0.28689086       6.7763305        6.7763305       1.9306633                                      1.9306633
              6       7.2124864      0.31079267      -31.511747       25.588397      0.25420622      0.96071426     0.011408104     -0.98998961       6.7763305        6.7763305      0.87231184                                     0.87231184
              2        7.696408      0.23671764      -31.745511       26.005813      0.21448682       1.0471803    0.0075457586      0.14215691       6.7763305        6.7763305        1.840155                                       1.840155
              1       7.0106825      0.50378398      -31.134675       16.303568      0.27764576       1.0159818     0.030392222     -0.84417653       6.7763305        6.7763305      0.46870399                                     0.46870399
             12       7.5047505       1.9520444      -32.396395       13.154455      0.45545766      0.53309836       1.6212542     -0.23784987       6.7763305        6.7763305       1.4568402                                      1.4568402
             10       7.0940696       1.9607647      -32.667244       27.256783      0.26706612      0.15018986      0.87203606     -0.86942992       6.7763305        6.7763305      0.63547835                                     0.63547835
             16       7.1392478       1.0312386      -32.674788       52.265488      0.42208418      0.23536768      0.24463631     -0.73404585       6.7763305        6.7763305      0.72583469                                     0.72583469
              7       7.2714504      0.32022779      -31.597087        39.34472      0.43554015       1.0389739     0.011355557     -0.41004443       6.7763305        6.7763305       0.9902399                                      0.9902399
              2       7.0459935      0.28694862      -31.928212       48.000208       0.4110325      0.89691399    0.0097917523     -0.99915088       6.7763305        6.7763305      0.53932614                                     0.53932614
              5       6.8327251       0.5337857      -32.616552       52.397391      0.31043093      0.33358791      0.07432597     -0.58323195       6.7763305        6.7763305      0.11278928                                     0.11278928
              3       7.0344954       1.6177209      -31.512401       5.3098109      0.27445526      0.96030857      0.40674709     -0.53842759       6.7763305        6.7763305      0.51632994                                     0.51632994
             11        6.823721       2.0779253      -31.589288       4.3920626      0.31306065        1.030984       0.8613162      0.48737387       6.7763305        6.7763305     0.094781097                                    0.094781097
             15       7.3863891       1.5953377      -31.428721       8.1478453      0.44583138       1.0308539      0.43965012     -0.22982877       6.7763305        6.7763305       1.2201173                                      1.2201173
             11       6.8763258      0.95554703       -31.23848       12.157419       0.3840371      0.99357721      0.11778006      0.82858729       6.7763305        6.7763305      0.19999072                                     0.19999072
              9       6.8758446      0.51037943       -31.47537       17.640311      0.30006416       1.0016976     0.031531898      0.99571273       6.7763305        6.7763305      0.19902834                                     0.19902834
              6       6.8616307      0.42161489      -32.124364       23.253519      0.38082558       1.1674637     0.025660289     -0.76058638       6.7763305        6.7763305      0.17060044                                     0.17060044
              8       7.5736984       0.5445491      -32.521509       25.393943      0.22329412      0.48532426     0.085981252     -0.32138107       6.7763305        6.7763305       1.5947359                                      1.5947359
              8       7.1836675      0.38434217      -32.089378       17.731195      0.25715626       1.1341304     0.023581321       -0.200115       6.7763305        6.7763305        0.814674                                       0.814674
             17       7.1233276      0.61752311      -31.415537       20.560747      0.42030794      0.99494113     0.046289148      0.94999724       6.7763305        6.7763305       0.6939942                                      0.6939942
              5       6.8033516      0.64864202      -32.206509       14.776728      0.36385217       1.1409418     0.038728246     -0.33935525       6.7763305        6.7763305      0.05404224                                     0.05404224
              4       6.8107886      0.64659287      -32.212061       15.027251      0.36667678       1.1342136     0.038025211      -0.1982381       6.7763305        6.7763305     0.068916215                                    0.068916215
              8       6.8459988       1.7768548      -32.651883       28.058629      0.30691183      0.18501935      0.76919007     -0.82258599       6.7763305        6.7763305      0.13933674                                     0.13933674
              2       7.6363183       1.5928457      -32.739437       29.751346      0.21872103      0.13871777      0.45836502     -0.86849079       6.7763305        6.7763305       1.7199756                                      1.7199756
             16       7.8089227       1.6310026      -32.534736       25.622858      0.47708505      0.34311165      0.89432835     -0.59635706       6.7763305        6.7763305       2.0651844                                      2.0651844
              1       9.3135303       1.6691744      -32.510286       26.583719      0.55374843        0.375074      0.98536416     -0.54490786       6.7763305        6.7763305       5.0743997                                      5.0743997
              2       7.1556195      0.68357642       -31.54444        11.39014       0.2601294       1.0041422     0.059155226      0.98224482       6.7763305        6.7763305      0.75857806                                     0.75857806
              6       8.9508085       1.0600762      -30.984318       4.1013189      0.14597098       1.0090852      0.15511768    -0.033374298       6.7763305        6.7763305        4.348956                                       4.348956
             13       8.4008959        1.083041      -31.070463        4.749228      0.17256175       1.0083203       0.1632826      0.42203194       6.7763305        6.7763305       3.2491309                                      3.2491309
              6       7.4308053      0.88538854      -31.757777       7.4520859      0.23445523       1.0679971      0.11264314     -0.57765485       6.7763305        6.7763305       1.3089496                                      1.3089496
              3       7.9350542       1.1726439      -32.149576       4.3166849      0.19890225       1.1809869      0.18174136     -0.99317196       6.7763305        6.7763305       2.3174475                                      2.3174475
              3         7.53748       1.5876558      -31.316934       4.2802579      0.22602141      0.99964356      0.40918034      0.99970786       6.7763305        6.7763305        1.522299                                       1.522299
             16       7.6045419      0.73303841      -31.104972       9.2085511      0.22102003      0.98409156     0.067474675     -0.99778329       6.7763305        6.7763305       1.6564229                                      1.6564229
             16       6.9883203      0.49096764      -30.782523       17.299653       0.2807931      0.99361486      0.02962949     -0.45062963       6.7763305        6.7763305      0.42397964                                     0.42397964
             14       6.8308785       1.1842651      -30.647232       9.4232613      0.37304791       1.0046999      0.19455733     -0.30098329       6.7763305        6.7763305      0.10909603                                     0.10909603
             14       7.2753492      0.41032277      -30.000049       18.185723      0.24809229      0.99926106     0.020241431      0.40978854       6.7763305        6.7763305       0.9980374                                      0.9980374
              3       7.2398608       1.0796632      -31.085002       11.915898      0.43250695       1.0104153      0.15434842      0.10956985       6.7763305        6.7763305      0.92706066                                     0.92706066
              2       7.1335308       1.0287301      -31.100208       7.7854179       0.2625491      0.98525593      0.14499732      -0.6076186       6.7763305        6.7763305      0.71440072                                     0.71440072
              4       6.8476797       1.0248676      -31.202688        8.915085      0.30649107       1.0081995      0.13719705      0.67464028       6.7763305        6.7763305      0.14269854                                     0.14269854
             17       7.2351972      0.99554847      -32.137347       6.4450383       0.2519495       1.1801779      0.13934478     -0.96667722       6.7763305        6.7763305       0.9177335                                      0.9177335
              5       6.9030828      0.92778793      -32.415376       14.066147       0.2946717      0.67863531      0.23829259      0.12104885       6.7763305        6.7763305      0.25350473                                     0.25350473
              1       6.8203238      0.74068151      -32.129585       10.855219      0.31411722        1.174204     0.078874354     -0.86562177       6.7763305        6.7763305     0.087986586                                    0.087986586
              2       6.8403243      0.84292668      -32.026052       10.612692      0.30837115        1.036049      0.10297108      0.87216003       6.7763305        6.7763305      0.12798771                                     0.12798771
              5       6.8625555      0.66720123      -32.050816       15.911494      0.38103549       1.0787468     0.069898075      0.49773102       6.7763305        6.7763305      0.17245011                                     0.17245011
             14       7.6813834      0.32064851      -31.386775        20.78059      0.21553224      0.97218083     0.012769741     -0.68717851       6.7763305        6.7763305       1.8101058                                      1.8101058
             46       7.5109669      0.23407722      -31.406899       29.888112      0.22805925      0.97974256    0.0061723854      0.10094817       6.7763305        6.7763305       1.4692728                                      1.4692728
             10       6.9483468      0.16100786      -31.627054        54.01838      0.28686495      0.99131291     0.003166269      0.94467311       6.7763305        6.7763305      0.34403273                                     0.34403273
             13       6.9084712      0.16099727      -31.607397       53.437269      0.29367618       1.0259539    0.0028409626      0.39752526       6.7763305        6.7763305      0.26428155                                     0.26428155
            100       6.7789444      0.17543389      -31.615942        56.76166      0.33520344       1.0117234    0.0035032695      0.88620263       6.7763305        6.7763305    0.0052278513                                   0.0052278513
             13       6.7764831      0.17922398      -31.563009       55.797693      0.34364241       1.0328002    0.0041305959   -0.0061599669       6.7763305        6.7763305   0.00030528605                                  0.00030528605
              1       8.1010494      0.15028782      -30.060659       37.828164      0.18899532       0.9991574    0.0026812361      0.36912516       6.7763305        6.7763305       2.6494378                                      2.6494378
              1       8.2718115      0.14248897      -30.058338       37.817883      0.17943266       1.0007946    0.0024097535      0.24681513       6.7763305        6.7763305       2.9909621                                      2.9909621
              2       8.8794257      0.12264707      -30.060032       36.556432      0.14921541       1.0002639    0.0017780142      0.89312472       6.7763305        6.7763305       4.2061905                                      4.2061905
              1       9.2555339       2.2355256      -32.565855       39.343883      0.55131432       0.1883928       1.6006254     -0.84084226       6.7763305        6.7763305       4.9584068                                      4.9584068
              3       7.4297807       1.9573159       -32.86134       59.401078      0.23453943     0.060629296      0.39402994     -0.95410594       6.7763305        6.7763305       1.3069005                                      1.3069005
              3       8.0910963      0.25148311      -31.795058       21.220604      0.18957119        1.067647     0.006869567     -0.74025655       6.7763305        6.7763305       2.6295318                                      2.6295318
              2       6.8347153      0.68189233      -32.071143       12.261162      0.30987872       1.1139513     0.076905884     0.091008014       6.7763305        6.7763305      0.11676966                                     0.11676966
              1       7.2726773       1.3764467      -31.347966       9.2663629      0.43565597       1.0265896      0.27209921     -0.59364766       6.7763305        6.7763305      0.99269359                                     0.99269359
              3       8.0841519       1.1965322      -31.397687       4.9146663      0.18997427       0.9709531      0.19286277     -0.61262717       6.7763305        6.7763305       2.6156429                                      2.6156429
              2       6.7988089       1.1931119      -31.468513       8.0406934      0.32206913        1.009012      0.19424332      0.88939132       6.7763305        6.7763305     0.044956965                                    0.044956965
              6       6.8114568       1.1912182      -31.415277       8.0068994      0.31708509      0.99917612      0.19859628      0.99884854       6.7763305        6.7763305     0.070252681                                    0.070252681
              3       6.9179524       1.1680248      -31.352029       9.8635288      0.39202743       1.0227135      0.18145093     -0.23250108       6.7763305        6.7763305      0.28324393                                     0.28324393
              7       6.7864381       1.2079075      -31.543535        8.103401      0.32863507       1.0091014      0.21192377      0.92497828       6.7763305        6.7763305     0.020215171                                    0.020215171
              5       6.8487893       1.2875897      -31.676357       9.3415436      0.37778397      0.94399411      0.22251688      -0.6669047       6.7763305        6.7763305      0.14491764                                     0.14491764
             16       7.5901669       2.7598967      -32.373415       22.560102      0.46192546      0.22297692       4.8447663     -0.83390154       6.7763305        6.7763305       1.6276728                                      1.6276728
              7       6.8470317       2.9303696      -31.620281       4.1208781      0.37734732      0.93918469        5.195504      0.43677053       6.7763305        6.7763305      0.14140255                                     0.14140255
              1       7.0255342       2.7088802      -32.369698       11.856132       0.2756379      0.25794553       4.6794247     -0.78449127       6.7763305        6.7763305      0.49840745                                     0.49840745
              7       6.7861961        2.671098      -32.343705       12.282992      0.35520399      0.32539116       4.8351611     -0.67860632       6.7763305        6.7763305     0.019731243                                    0.019731243
             23       6.9329464       2.4357608      -32.513526       18.693395      0.28939091      0.19102225       2.2687557     -0.84963158       6.7763305        6.7763305      0.31323188                                     0.31323188
              3       7.8707976       2.4486558      -32.657572       27.443077      0.20292656     0.090761203       1.2879972     -0.94471408       6.7763305        6.7763305       2.1889342                                      2.1889342
             12       8.0302268       2.2767757      -32.379941       14.233663      0.49085851      0.45524093       2.6671548     -0.41536198       6.7763305        6.7763305       2.5077927                                      2.5077927
              4       8.3893931       2.1560627      -32.395743       15.249937      0.51083733      0.46695507       2.2128948     -0.38744938       6.7763305        6.7763305       3.2261253                                      3.2261253
              5       8.4141623        2.134143      -32.399077       15.430195      0.51212867      0.46741867         2.13903     -0.38590395       6.7763305        6.7763305       3.2756638                                      3.2756638
              1       8.3243414       2.0476111      -32.774499       30.914976      0.17660215     0.083849696      0.60983502     -0.93665908       6.7763305        6.7763305       3.0960219                                      3.0960219
              5       8.0532043       2.0647118        -32.7479       29.852407      0.19178377     0.093517949      0.68996391     -0.92870452       6.7763305        6.7763305       2.5537477                                      2.5537477
             11       6.8297677        2.142351      -32.612213       31.572833      0.37273017      0.16561981       1.2518782       -0.861179       6.7763305        6.7763305      0.10687456                                     0.10687456
             12       6.9411022       1.4652149       -32.62031       23.252166      0.28803848      0.25410176      0.57942971     -0.72197922       6.7763305        6.7763305      0.32954337                                     0.32954337
             20       6.8141915       1.1456306      -32.587085       29.134418      0.36786659      0.33125414      0.37619913     -0.59892965       6.7763305        6.7763305     0.075722124                                    0.075722124
              4       6.8592248      0.64995123      -31.643139       14.613441      0.30372588      0.96110416     0.057844127     0.081330031       6.7763305        6.7763305       0.1657886                                      0.1657886
              2       7.8280751       0.3572068       -31.24081        40.41565      0.47833206      0.99582289     0.015077068      0.92170094       6.7763305        6.7763305       2.1034893                                      2.1034893
              2       7.7705579      0.36145535      -31.619027       39.241774      0.47455183       1.0055467     0.015366743      0.97569422       6.7763305        6.7763305       1.9884548                                      1.9884548
              2       8.1871449      0.39616265      -31.649027       39.700918      0.49989842      0.95527759     0.020797112     -0.22146769       6.7763305        6.7763305       2.8216288                                      2.8216288
              7         8.16724      0.38817797      -32.671113       53.005216      0.18521941      0.27055708     0.034764864     -0.67466327       6.7763305        6.7763305       2.7818191                                      2.7818191
             20       8.0460778      0.65650995       -31.97356       24.086708      0.49179644      0.93473505     0.044619058      0.25305463       6.7763305        6.7763305       2.5394946                                      2.5394946
              1       7.3887345      0.61212569      -31.923228       24.454684      0.44603079      0.89553811     0.047036849     -0.98933984       6.7763305        6.7763305       1.2248081                                      1.2248081
              7       6.9007648      0.99405406      -31.228236       12.001034      0.38889353      0.97976958      0.12831353     -0.77098025       6.7763305        6.7763305      0.24886862                                     0.24886862
              1       7.7639489       1.3258179      -31.911565       5.3537751      0.20988947      0.88872739      0.26462591     -0.98311274       6.7763305        6.7763305       1.9752368                                      1.9752368
              5         7.65381      0.99939604      -32.187965       12.135489      0.46652637       1.1561207       0.1032748     -0.59127078       6.7763305        6.7763305        1.754959                                       1.754959
              3        7.057448      0.95392634      -31.933972       9.5446105       0.2715166      0.89628317      0.11089383     -0.92165442       6.7763305        6.7763305      0.56223511                                     0.56223511
             18       6.7953412       1.2854703      -31.944201       9.3048708      0.36032914      0.90541753      0.20449652      -0.5006376       6.7763305        6.7763305     0.038021422                                    0.038021422
             23       6.8644686       1.0464084      -31.143928        8.670571      0.30253384       1.0021828      0.14641924      0.97046934       6.7763305        6.7763305      0.17627633                                     0.17627633
             14       7.2350013        1.384185      -31.226549       9.5864866      0.43203128      0.97855105      0.28027924     -0.78084497       6.7763305        6.7763305       0.9173417                                      0.9173417
              4       7.8567962        1.380734      -31.268237       10.274174      0.48018101        1.017349      0.27393933     0.021005893       6.7763305        6.7763305       2.1609316                                      2.1609316
             11       6.8384549       1.3396855      -31.239494       6.9406456      0.30886599      0.99836484      0.26298536       0.9902666       6.7763305        6.7763305      0.12424884                                     0.12424884
             22       7.4281175       1.3143469      -31.233389       10.414278      0.44932372      0.98660226      0.24359796      0.30150653       6.7763305        6.7763305       1.3035741                                      1.3035741
             19       6.8446252       1.4827846       -31.99705       7.5871122      0.37674052       1.0064904      0.35146095      0.99570582       6.7763305        6.7763305      0.13658937                                     0.13658937
              1         6.99337      0.34393499      -32.370111       29.772109      0.28006841      0.82205346     0.023945479      0.54280162       6.7763305        6.7763305      0.43407897                                     0.43407897
              2       8.4490258      0.16699783      -32.178264        26.22578      0.17007015       1.1671072    0.0028606848     -0.92548346       6.7763305        6.7763305       3.3453907                                      3.3453907
              8        7.468358       1.4061681       -32.56423       14.835066      0.23141288      0.33341313      0.60865445     -0.60353323       6.7763305        6.7763305       1.3840552                                      1.3840552
             11       6.7764182       1.4482466      -32.488946       15.648813      0.34075456      0.45189722      0.72257883     -0.39913714       6.7763305        6.7763305   0.00017554684                                  0.00017554684
              5       7.1494566      0.90438764      -30.256265       14.096827      0.42320274      0.99768715      0.10642109     -0.99471203       6.7763305        6.7763305      0.74625224                                     0.74625224
             26       7.9250453      0.85929718      -30.280304       16.971069      0.48447838      0.99848997     0.094807778      0.23403726       6.7763305        6.7763305       2.2974296                                      2.2974296
              3       6.8314616       1.4893919      -31.047322       6.3430667       0.3107866      0.98872591      0.35419666    -0.028972247       6.7763305        6.7763305      0.11026217                                     0.11026217
             10       6.7963669       1.6920835      -31.088217       5.7374262       0.3231829       1.0005329      0.48749132      0.99821202       6.7763305        6.7763305     0.040072781                                    0.040072781
             21       6.9332779       1.1526116      -32.590293       31.560039      0.39466474      0.32608417      0.37857535     -0.60710841       6.7763305        6.7763305      0.31389485                                     0.31389485
             13       6.8466296       1.1989325      -32.667865       33.486823      0.30675334      0.22963735      0.33746381      -0.7461482       6.7763305        6.7763305      0.14059834                                     0.14059834
              5       6.7768023      0.21718223      -32.130707        40.81987      0.34488754       1.1692396    0.0065414237     -0.81832236       6.7763305        6.7763305   0.00094362961                                  0.00094362961
              2       7.5415715      0.18398751      -31.965582       40.018654      0.22571011      0.92134458    0.0033355716     -0.18261995       6.7763305        6.7763305        1.530482                                       1.530482
              6       6.7772769      0.53846827      -31.828743       18.904595      0.34608967       1.0218403     0.032911423       0.8513535       6.7763305        6.7763305    0.0018928656                                   0.0018928656
              1       7.0692151      0.48769918      -32.198928       22.170426      0.41394343        1.150633      0.02209644      -0.5700908       6.7763305        6.7763305      0.58576922                                     0.58576922
             12       7.0850084      0.93330559      -32.689768       59.067376      0.41585768      0.22672274      0.19188281     -0.74327529       6.7763305        6.7763305      0.61735595                                     0.61735595
             45       7.1639737       1.2432017      -32.710901       54.994207      0.42476733      0.18673016      0.31680621     -0.80216571       6.7763305        6.7763305      0.77528638                                     0.77528638
              1        6.816477      0.58467011       -31.58335       15.481968      0.31536414       1.0471217     0.041638921     -0.99614628       6.7763305        6.7763305     0.080292989                                    0.080292989
              2       8.0305478      0.34499001      -31.046621       16.914066      0.19312244      0.99471829     0.014502038      0.70314511       6.7763305        6.7763305       2.5084346                                      2.5084346
             16       7.5276273      0.18823362      -30.288336        36.26498      0.22677449      0.99846183    0.0041852898      0.16884001       6.7763305        6.7763305       1.5025938                                      1.5025938
             26       6.9302395      0.27200017      -30.102785       32.014904      0.28984753       1.0003918     0.008827871      0.83829944       6.7763305        6.7763305      0.30781807                                     0.30781807
             10       6.8603112      0.27923739      -30.464883        32.68976      0.30347589      0.99921927    0.0092693901      0.90530254       6.7763305        6.7763305      0.16796138                                     0.16796138
              2       8.1349817      0.39347769      -30.660616       37.904243      0.49695188       1.0014477     0.018712785      0.86629634       6.7763305        6.7763305       2.7173024                                      2.7173024
              7       6.9179509       2.5105567      -30.442224       4.6677092      0.39202715       1.0054587       1.9745325     -0.99675382       6.7763305        6.7763305      0.28324079                                     0.28324079
              5       6.7772073       2.4807702      -32.584003       32.871272      0.33806368      0.12459981        1.781668     -0.91851217       6.7763305        6.7763305    0.0017535754                                   0.0017535754
              5       8.9288873      0.31770211      -32.349039        58.23217      0.53703842      0.87245732      0.01805123      0.70700446       6.7763305        6.7763305       4.3051136                                      4.3051136
              1       8.6184263      0.16481581      -31.804754        27.82432      0.16157407        1.058937    0.0028367306     -0.31400757       6.7763305        6.7763305       3.6841916                                      3.6841916
              1        7.868798      0.21034576      -31.821534       28.004526      0.20305366       1.0360262    0.0046870831      0.55199292       6.7763305        6.7763305       2.1849351                                      2.1849351
             14       8.0833738      0.21110047      -31.866999       28.365849      0.19001951      0.95375123    0.0060988654      0.53646641       6.7763305        6.7763305       2.6140866                                      2.6140866
             39       6.8440414      0.84943964      -32.641779       38.266557      0.30740828      0.28424023       0.1804442      -0.6620055       6.7763305        6.7763305      0.13542181                                     0.13542181
              2       6.7881096      0.77648037      -32.586364       37.974965      0.35642781      0.36330019      0.16794837     -0.53998617       6.7763305        6.7763305     0.023558354                                    0.023558354
              8       6.9766408      0.74676804       -32.64305       39.362982      0.28250308      0.28884934      0.13859544     -0.65336501       6.7763305        6.7763305      0.40062059                                     0.40062059
              5       6.8958194       1.1054046      -32.703398        39.66883      0.29604775      0.20291446       0.2577123     -0.77825736       6.7763305        6.7763305      0.23897796                                     0.23897796
              8       6.7765236       1.0116261      -32.660155        40.50931      0.34384756      0.25218137      0.24517274     -0.71076826       6.7763305        6.7763305   0.00038631667                                  0.00038631667
             11       6.8332929      0.25965377      -31.162517       36.554079      0.31027241      0.98250458    0.0079638741     -0.97067129       6.7763305        6.7763305      0.11392486                                     0.11392486
             13       7.1267849      0.39803441      -31.597803       30.599428      0.42069709       1.0381437     0.017618903     -0.34044409       6.7763305        6.7763305      0.70090894                                     0.70090894
              8       7.2013487      0.44917871      -31.536601       29.026937      0.42866558       0.9881438     0.023440447      0.83567241       6.7763305        6.7763305      0.85003653                                     0.85003653
              2       6.7814377       2.2705123      -32.478251       15.703289      0.33249971      0.28028425       2.1913201     -0.72435373       6.7763305        6.7763305     0.010214528                                    0.010214528
              8       6.8530848       1.1877594      -31.330459       9.3990898      0.37882938       1.0198852      0.20724998     0.055411827       6.7763305        6.7763305      0.15350875                                     0.15350875
              2       7.0743776      0.77390435      -31.395142       10.792128      0.26942529      0.96954035     0.074526208     -0.94250351       6.7763305        6.7763305       0.5960943                                      0.5960943
              8       7.0275061      0.78114031      -31.392905       10.934083      0.27537586       0.9690281     0.077118424     -0.99781627       6.7763305        6.7763305      0.50235129                                     0.50235129
              8       7.0175782      0.77988301      -31.394586       11.000912      0.27670583      0.96935319     0.076022018     -0.96267354       6.7763305        6.7763305      0.48249538                                     0.48249538
              5       6.7899779      0.89279495      -31.583521       11.485645      0.35752987       1.0479176      0.10141931     -0.97432628       6.7763305        6.7763305     0.027294784                                    0.027294784
             20       9.1215222       2.5558066      -32.382313       20.012313      0.54557855      0.32059293        3.833212     -0.67987313       6.7763305        6.7763305       4.6903834                                      4.6903834
              5       8.1559619       2.0721801      -32.313113         10.1296      0.49814367      0.71327455       1.7278669      0.24596593       6.7763305        6.7763305       2.7592628                                      2.7592628
              6       8.1707885      0.34326868      -32.394984       21.216835      0.18501955      0.76352759     0.026782436      0.35889929       6.7763305        6.7763305       2.7889161                                      2.7889161
              3       7.2817642      0.22305869      -32.176225       28.546883      0.24749061       1.1681613    0.0051765721     -0.94044574       6.7763305        6.7763305       1.0108674                                      1.0108674
             24       6.7806342       2.5649238      -32.630844       45.844933      0.33327901     0.085185181       1.5317424     -0.95344628       6.7763305        6.7763305    0.0086074802                                   0.0086074802
             18       6.8700184       2.5377256      -32.661199       46.385255      0.30131027     0.076932746       1.3265428     -0.95810798       6.7763305        6.7763305      0.18737593                                     0.18737593
              5       7.2344715       2.4494419      -32.242555       4.0755913      0.25202073      0.75875296       3.0292515      0.41103093       6.7763305        6.7763305      0.91628205                                     0.91628205
             28       6.8368565       2.3943154       -32.28378       7.1763888      0.37470499      0.65542659       3.0719403     0.089391318       6.7763305        6.7763305      0.12105209                                     0.12105209
             42        7.039542       2.3578782      -32.228843       4.0683293      0.27379829      0.85785752       2.2063819      0.71737646       6.7763305        6.7763305      0.52642299                                     0.52642299
             18       7.1255627       2.3382778      -32.266138       4.5588671      0.26344026      0.74276428       2.5563473      0.35199462       6.7763305        6.7763305      0.69846455                                     0.69846455
              2       7.1598349       2.2243502      -32.371428       11.544045       0.4243243      0.49665936       2.4752312     -0.32422891       6.7763305        6.7763305      0.76700894                                     0.76700894
              4       7.1617775       1.4856989      -32.750992        37.60073      0.25946746      0.13959753       0.3863195     -0.86433278       6.7763305        6.7763305      0.77089407                                     0.77089407
             26         6.89655       1.5560943      -32.683319       40.983171       0.3880925      0.18290083      0.53647261     -0.81664709       6.7763305        6.7763305      0.24043897                                     0.24043897
              8        7.039083      0.96570499        -32.7779        55.85358      0.27385778      0.15259893      0.15407666     -0.83700955       6.7763305        6.7763305      0.52550505                                     0.52550505
              3       6.7836492      0.81873932      -32.693882       56.615451      0.35337259      0.22912588      0.14594913     -0.73772754       6.7763305        6.7763305     0.014637372                                    0.014637372
             12       8.3079777        0.758222      -32.845449       58.900349      0.17747866       0.1194411     0.075116465     -0.87256254       6.7763305        6.7763305       3.0632945                                      3.0632945
              3       7.0977894      0.36951945      -30.526622       34.087541      0.41737124      0.99589016     0.016400413     -0.99332413       6.7763305        6.7763305      0.64291796                                     0.64291796
              6        7.198615      0.19142589        -30.7723       39.846908      0.25561358        1.007188    0.0043507098      -0.9974277       6.7763305        6.7763305      0.84456915                                     0.84456915
              2       8.4200334      0.12073034      -31.140662       42.293372      0.17156668       1.0098715    0.0016765522      0.28739587       6.7763305        6.7763305       3.2874059                                      3.2874059
             54       6.9481016      0.38519762       -31.15144       31.271567      0.39709573      0.99079518     0.018330997      0.45115445       6.7763305        6.7763305       0.3435423                                      0.3435423
             11       7.5527642      0.65207049      -31.286879       21.418905      0.45913725      0.98803568     0.054736792      0.52305863       6.7763305        6.7763305       1.5528674                                      1.5528674
              8        6.960675      0.66227255      -31.216695       18.386146      0.39907658      0.98503279     0.056543322    -0.029721636       6.7763305        6.7763305      0.36868902                                     0.36868902
             20       8.2254181       1.2325472      -32.303831       13.304726      0.50202586      0.92010735      0.28190122      0.86364694       6.7763305        6.7763305       2.8981753                                      2.8981753
             13       7.1135589       1.5507377       -32.48402       18.322761       0.4191978      0.44341627      0.85404022     -0.41788673       6.7763305        6.7763305      0.67445684                                     0.67445684
              2         8.81145       2.2078708      -32.765072       27.949822      0.15235657     0.074204522      0.70835319     -0.94932341       6.7763305        6.7763305        4.070239                                       4.070239
              7       7.4094535       2.2120986      -32.525714       25.851288      0.44777595      0.23534013       1.7952417     -0.78242611       6.7763305        6.7763305       1.2662461                                      1.2662461
              2       6.8553782       2.1881598      -32.583228       28.637068      0.37937555      0.18196324       1.4456208     -0.84553677       6.7763305        6.7763305      0.15809548                                     0.15809548
             20       6.9243603       2.3954044      -32.544712       28.624155      0.39314668      0.17233164       1.9619256     -0.86761052       6.7763305        6.7763305      0.29605968                                     0.29605968
             15       6.8371965       1.6471392       -32.00007       6.6643082       0.3747967       1.0262007      0.49412848      0.93943914       6.7763305        6.7763305      0.12173198                                     0.12173198
             12       6.8570858      0.84320323      -31.951919       11.923443      0.30422292      0.90945222     0.077806032     -0.50214631       6.7763305        6.7763305      0.16151061                                     0.16151061
              4       6.8502724      0.84991086      -31.956177       11.833185      0.30585167      0.91402425     0.078140273      -0.3434797       6.7763305        6.7763305      0.14788383                                     0.14788383
              4       7.6722445      0.71993319      -31.830441       8.8774725      0.21617237       1.0165776     0.061546805       0.9187747       6.7763305        6.7763305        1.791828                                       1.791828
              4       7.8730819      0.82616122      -31.611803       7.2648446       0.2027815       1.0154513      0.08311613      0.81167062       6.7763305        6.7763305       2.1935028                                      2.1935028
              7       7.6757842       1.0654403      -31.703482       6.2117915      0.21592405      0.98056619      0.14456525      0.81324058       6.7763305        6.7763305       1.7989074                                      1.7989074
              8       6.8712306      0.48914668      -30.983378       18.385996       0.3010479        1.006077     0.029599744      0.48181372       6.7763305        6.7763305      0.18980024                                     0.18980024
             21       6.7770439      0.53653858      -30.984255       18.817537      0.33844937       1.0075159     0.035894067      0.21680275       6.7763305        6.7763305    0.0014267724                                   0.0014267724
              8       6.7962742      0.51742579      -30.966265       18.947686      0.32322645      0.99088796     0.033268254      -0.2544087       6.7763305        6.7763305     0.039887532                                    0.039887532
             14       7.4918822      0.24014754      -32.106215       49.384073      0.45445101       1.1517121    0.0088450722     -0.47901051       6.7763305        6.7763305       1.4311035                                      1.4311035
              2       7.8409765      0.51233284      -32.479425        49.39523      0.47916569      0.56907618     0.074735077     -0.14794005       6.7763305        6.7763305       2.1292922                                      2.1292922
             17       7.2391453       1.0301332      -30.400952       7.3161523      0.25156293       1.0032113      0.14212015     -0.96545027       6.7763305        6.7763305      0.92562957                                     0.92562957
              5       7.8656741      0.30767781      -30.607869       19.810239      0.20325246       1.0022402     0.011386164      0.59018658       6.7763305        6.7763305       2.1786873                                      2.1786873
              6       7.2590671      0.78081099      -30.462026       9.6442588      0.24963701      0.99635958     0.077453762     -0.98833302       6.7763305        6.7763305      0.96547335                                     0.96547335
              1       6.9959465       1.0427482      -31.044351       8.0875937      0.27970188      0.99682411      0.14782925      0.90280571       6.7763305        6.7763305      0.43923214                                     0.43923214
             11       6.7765627       2.1782801      -31.946397        4.958163      0.34402595      0.95736728       1.0015569      0.82295447       6.7763305        6.7763305   0.00046451712                                  0.00046451712
              6       6.8131341       2.1348674      -31.861614       5.0326253      0.31649716      0.88537292       1.1746388      -0.5423026       6.7763305        6.7763305      0.07360736                                     0.07360736
              3       9.4761912       2.7554338       -32.55635       16.552891      0.12356937     0.081427094       2.2976668      -0.9638708       6.7763305        6.7763305       5.3997214                                      5.3997214
              2       8.1189889       1.9514612      -32.624518       41.273182      0.49603721      0.18510079       1.0093075     -0.83016187       6.7763305        6.7763305        2.685317                                       2.685317
              8        9.501131       1.6785893        -32.9657        47.31466      0.12256282     0.046381041      0.19769623     -0.96152693       6.7763305        6.7763305        5.449601                                       5.449601
             17       7.6028881       1.9632877      -32.673487        48.68945      0.46285912       0.1455298      0.85371306     -0.87446529       6.7763305        6.7763305       1.6531154                                      1.6531154
              2       7.9545842       1.3474197       -32.80917       38.424572      0.19770135      0.11476768      0.25871188     -0.88800171       6.7763305        6.7763305       2.3565074                                      2.3565074
              6       8.2741164       1.2460168      -32.808341       35.897034      0.17930743      0.12048632      0.22441084     -0.87954335       6.7763305        6.7763305       2.9955718                                      2.9955718
              9       8.3227664       1.7762303      -32.695363       56.720535      0.50731369      0.15134179      0.65813539     -0.86090034       6.7763305        6.7763305       3.0928718                                      3.0928718
             27       7.9766947       1.8511674      -32.905223       59.002186      0.19635373      0.05403153      0.29968458     -0.95760716       6.7763305        6.7763305       2.4007284                                      2.4007284
             21       8.1633477       1.7385178      -32.706957        58.58016      0.49856107      0.14713317      0.60646624     -0.86413342       6.7763305        6.7763305       2.7740344                                      2.7740344
              4       6.8189175       1.7947352      -32.761302       56.234323      0.36943351      0.11001613      0.52012291     -0.90470512       6.7763305        6.7763305     0.085173997                                    0.085173997
              4        6.912354       1.9698264      -32.746457       58.114167      0.39102864      0.10266455      0.64437843     -0.91729941       6.7763305        6.7763305      0.27204708                                     0.27204708
             38        7.963739       1.9294705      -32.698994        57.14436      0.48685815       0.1327128      0.75146159     -0.88642646       6.7763305        6.7763305        2.374817                                       2.374817
              2       10.464303       1.5958932      -32.025619       10.427112      0.59729168        1.078799      0.51600408      0.56273979       6.7763305        6.7763305       7.3759441                                      7.3759441
              9       6.7821008        1.766515      -31.520622       6.1467124      0.35209815      0.97459778       0.5193622      0.43331297       6.7763305        6.7763305     0.011540581                                    0.011540581
             11        6.777868       1.7734862      -31.524957       5.9832807      0.34721269      0.98344548      0.53473235      0.76902787       6.7763305        6.7763305    0.0030751586                                   0.0030751586
              1       6.8635138      0.85440193      -31.884316       14.599504      0.38125181      0.91861491      0.11174959     -0.18444461       6.7763305        6.7763305      0.17436672                                     0.17436672
              5       6.7786565      0.84114732      -31.852311        12.80635      0.34841142      0.97211321     0.099565686      0.82463473       6.7763305        6.7763305    0.0046521345                                   0.0046521345
              7       6.8080082      0.37338641      -31.768313       23.928476      0.31833971        1.070876     0.017948798     -0.82298149       6.7763305        6.7763305     0.063355523                                    0.063355523
              2       9.0218464       0.1043051      -32.064849       37.577147      0.14279468        1.094976    0.0016759495      0.30172023       6.7763305        6.7763305       4.4910319                                      4.4910319
             23       6.7777712      0.34327217      -31.033058       29.992183      0.34704585       1.0131228       0.0140664     -0.99171734       6.7763305        6.7763305    0.0028814649                                   0.0028814649
             21       6.9316093      0.27596412      -31.265874       30.890857      0.28961596       1.0210848    0.0088623022     -0.80514454       6.7763305        6.7763305       0.3105577                                      0.3105577
             16       7.1508575      0.86593661      -30.460354       9.0665071      0.26064497      0.99780377     0.097379282      0.28862071       6.7763305        6.7763305      0.74905405                                     0.74905405
              6       7.1581698       1.2062853      -30.741268       6.4852062      0.25985462      0.99834011      0.20400386      0.89624418       6.7763305        6.7763305      0.76367861                                     0.76367861
              1       7.1121323       0.7617139      -31.390528       17.059454      0.41903435      0.96920249     0.074239684     -0.97266504       6.7763305        6.7763305      0.67160376                                     0.67160376
              5       7.0000573       1.5525796      -32.289812       5.9259617      0.27912154       0.9118062      0.51477945       0.8461087       6.7763305        6.7763305      0.44745369                                     0.44745369
             14       7.2925743       1.9215194      -32.029552       6.0941932      0.43751472       1.1229323      0.93384886      0.16560028       6.7763305        6.7763305       1.0324877                                      1.0324877
             10       7.0193195       1.5652564       -31.81123       5.1451893       0.2764706       1.0317727      0.36119473      0.73749323       6.7763305        6.7763305      0.48597802                                     0.48597802
             20       7.2226601       1.5881459      -31.818022       4.7122039      0.25318819       1.0168359      0.39127324      0.93210154       6.7763305        6.7763305       0.8926593                                      0.8926593
             33       7.0207617       1.8194032      -31.617269       6.8762202      0.40772358      0.97951032      0.63853943      0.79615295       6.7763305        6.7763305      0.48886247                                     0.48886247
              5         7.68772       0.7549581      -30.686612       18.592697      0.46890971       1.0040282     0.071253471      0.11525253       6.7763305        6.7763305       1.8227791                                      1.8227791
              2       7.6631148      0.88984946      -30.561358       15.718334      0.46718487       1.0038934      0.10348284     -0.40927065       6.7763305        6.7763305       1.7735687                                      1.7735687
              1       8.4944617      0.57408805      -31.022802       8.7569844      0.16775071       1.0028897     0.040859255      0.90247199       6.7763305        6.7763305       3.4362626                                      3.4362626
             12       7.4176878      0.30856643      -32.158247       37.205795      0.44846157       1.1740535     0.011189094     -0.99905137       6.7763305        6.7763305       1.2827146                                      1.2827146
              6        6.784426      0.37437438      -32.308867       27.507517      0.33003905      0.96322941     0.019149195      0.96164028       6.7763305        6.7763305     0.016191077                                    0.016191077
              7       6.8854843      0.34933522       -32.27045       24.557957         0.29808       1.0442876     0.012538201         0.91168       6.7763305        6.7763305      0.21830767                                     0.21830767
             10       6.7953952       1.5099721      -32.792738       56.551415      0.32364481      0.11391428      0.33937747      -0.8927874       6.7763305        6.7763305     0.038129564                                    0.038129564
             14       8.0331949      0.93732768      -30.025426       6.1931608      0.19296541      0.99907382       0.1149542      0.17743747       6.7763305        6.7763305       2.5137288                                      2.5137288
              1       6.7979019       1.0714166      -31.681589       10.696545      0.36152461      0.94810808      0.14265273     -0.50903297       6.7763305        6.7763305     0.043142848                                    0.043142848
              2       6.9709265        1.153882      -31.615894       10.402493      0.40064215       1.0031819      0.18293758      0.99305341       6.7763305        6.7763305      0.38919208                                     0.38919208
              6       7.2377219        1.037316      -31.399922       7.4965473      0.25170211      0.97282874      0.13790604     -0.46803374       6.7763305        6.7763305      0.92278288                                     0.92278288
             27       7.1870498       2.3153577      -31.169766       5.4915222      0.42719526       1.0098049       1.4120418       0.7315327       6.7763305        6.7763305      0.82143866                                     0.82143866
             14       7.7196406       1.4336819      -30.474662       9.9137501      0.47111304      0.99622233      0.31188882     -0.69360628       6.7763305        6.7763305       1.8866203                                      1.8866203
              1       7.6728527       1.4304206       -30.46921       9.8016874      0.46787033       1.0029581      0.30956006    -0.075823862       6.7763305        6.7763305       1.7930444                                      1.7930444
              2       7.8750815      0.32894167      -32.252777       17.188272      0.20265465       1.0772769     0.010026244      0.67657274       6.7763305        6.7763305        2.197502                                       2.197502
              7       6.8490198      0.56074427      -32.119435       17.366295      0.37784084       1.1661617     0.046871536     -0.71652882       6.7763305        6.7763305      0.14537866                                     0.14537866
             10       6.8440506      0.58151101      -32.158844       16.565492      0.37659408       1.1749871      0.04002198     -0.99950044       6.7763305        6.7763305       0.1354403                                      0.1354403
              1       7.8161527       1.6222603      -31.941128       9.7438095      0.47755714      0.90802523      0.36797902     -0.27305293       6.7763305        6.7763305       2.0796446                                      2.0796446
             20       7.0258888      0.92633015      -30.343891       8.9276402      0.27559071       1.0015762      0.11174466      0.35975287       6.7763305        6.7763305      0.49911659                                     0.49911659
              6        6.857652        1.175696      -30.332817         7.75353      0.30409072       1.0026066      0.19365251     -0.70045465       6.7763305        6.7763305      0.16264303                                     0.16264303
              8       7.0415576       1.1926918      -30.331959       6.8824694      0.27353764       1.0015358      0.20050085      0.40685742       6.7763305        6.7763305      0.53045433                                     0.53045433
              2       6.8542593      0.41022619      -30.194822       27.810357      0.37911009      0.99875118     0.020204157      0.18954874       6.7763305        6.7763305      0.15585773                                     0.15585773
              3       8.4570982      0.80990736      -30.348787       19.109121      0.51434421      0.99884868     0.083422748      0.67181254       6.7763305        6.7763305       3.3615354                                      3.3615354
              3       7.4821213       1.2364535      -31.689412       5.8364185       0.2303186      0.95923872      0.19685683      0.13316313       6.7763305        6.7763305       1.4115816                                      1.4115816
              9        8.627946      0.66056646      -32.724272       35.299969      0.16110846      0.20765836     0.086898667     -0.76326179       6.7763305        6.7763305        3.703231                                       3.703231
             34        8.627064       1.0636133      -32.042658       4.2246955      0.16115155       1.0778968       0.1918176      0.52760262       6.7763305        6.7763305       3.7014671                                      3.7014671
             12        8.128056      0.65087193      -32.602903       24.949416      0.18744356      0.34692573       0.1138839     -0.56406063       6.7763305        6.7763305       2.7034511                                      2.7034511
             11       8.4829154      0.67591067      -32.628542       24.078757       0.1683372      0.31086987      0.11698749     -0.61974224       6.7763305        6.7763305       3.4131699                                      3.4131699
             10        7.901465      0.89580484      -32.654612       25.327112      0.20099157      0.26625677      0.19464239     -0.68855163       6.7763305        6.7763305       2.2502691                                      2.2502691
             13       6.7937133       1.7666243      -32.633159       27.179228      0.32447316      0.20310442      0.81023492     -0.80037494       6.7763305        6.7763305     0.034765747                                    0.034765747
              1       7.2846078       1.7443941      -32.552568       25.257293      0.43677487      0.29795326      0.99795261     -0.67092481       6.7763305        6.7763305       1.0165546                                      1.0165546
              5       6.8471527         1.79106       -32.62306       24.569758      0.30662246      0.20941841      0.86019343     -0.79363795       6.7763305        6.7763305      0.14164445                                     0.14164445
              1       7.3798506       1.7397522      -32.662707       22.869296      0.23872654      0.18033599      0.71196962     -0.82658778       6.7763305        6.7763305       1.2070402                                      1.2070402
              9       6.7903347      0.88903058      -31.108459       11.189337      0.32626841      0.98577065      0.10021262      -0.5577132       6.7763305        6.7763305      0.02800848                                     0.02800848
             23       6.7880557      0.73845133      -31.263708        13.04226      0.32760524       1.0223462     0.067613895     -0.92199416       6.7763305        6.7763305     0.023450554                                    0.023450554
              4       6.7937634      0.95416008      -31.946823       12.511062      0.35955207      0.90524949      0.10359721     -0.61908555       6.7763305        6.7763305     0.034865895                                    0.034865895
             22       8.2998235       2.9225392      -32.249489       18.085112      0.50608281      0.28778088       8.6568489     -0.75257707       6.7763305        6.7763305        3.046986                                       3.046986
              3       6.8025462       1.0788744      -31.138392       8.8238575      0.32047594       1.0117843      0.15357525      0.10542239       6.7763305        6.7763305     0.052431529                                    0.052431529
             13       7.3130052      0.43937074      -31.069892       16.647841      0.24461357       1.0051096     0.023717101      0.75235453       6.7763305        6.7763305       1.0733495                                      1.0733495
              6       6.8060217      0.29413648      -32.206153       28.493026      0.31909358       1.1443332    0.0077233768     -0.45146086       6.7763305        6.7763305     0.059382545                                    0.059382545
             32       6.7948339       1.7819741      -32.653355       29.832182      0.32391707      0.18313415      0.76947509     -0.82501886       6.7763305        6.7763305     0.037006819                                    0.037006819
              8        6.802714        1.783658      -32.655793       29.849515      0.32040718      0.18087364      0.76436486     -0.82773859       6.7763305        6.7763305     0.052767056                                    0.052767056
             16       7.0302338        1.777311      -32.602049       29.705539      0.40898492      0.23282431      0.90512621      -0.7632111       6.7763305        6.7763305      0.50780661                                     0.50780661
             35       7.2561313       2.0450931      -32.687062       28.906983      0.24991829      0.12705861      0.86871936     -0.89659034       6.7763305        6.7763305      0.95960173                                     0.95960173
              1       6.8007752       2.6223454      -32.416459       17.600707       0.3627843      0.23623834       3.7073204     -0.80761503       6.7763305        6.7763305     0.048889443                                    0.048889443
             15       7.5738928       2.6878034       -32.49719       18.879354      0.22327965      0.13224717       2.8620076     -0.92323041       6.7763305        6.7763305       1.5951247                                      1.5951247
              4        7.120777       2.4814214      -32.529481       19.447834      0.26398039      0.16440757       2.2112065     -0.88091449       6.7763305        6.7763305      0.68889311                                     0.68889311
              1       7.5936488       2.5765203      -32.553692       20.959127      0.22181826      0.12345607       2.1327106      -0.9244579       6.7763305        6.7763305       1.6346367                                      1.6346367
              3       7.7574651      0.24232938      -31.076228       57.977979      0.47367616       1.0132912    0.0071224183     -0.64834518       6.7763305        6.7763305       1.9622692                                      1.9622692
             10       8.2143532       1.1464296       -30.43746       13.182728      0.50141373      0.99716138      0.18299922     -0.23367786       6.7763305        6.7763305       2.8760456                                      2.8760456
             44       6.7763309       1.2378424      -30.340456       8.2997824      0.34209083       1.0007631      0.21862403      0.85880691       6.7763305        6.7763305    9.336262e-07                                   9.336262e-07
             23       6.8018006       0.8506461      -30.409994       12.804099      0.36321573        1.002279     0.093632637     0.014604965       6.7763305        6.7763305     0.050940171                                    0.050940171
              3       6.8590579      0.66500841      -30.366566       13.765256      0.30376442      0.99734949     0.054812542     -0.66776433       6.7763305        6.7763305       0.1654549                                      0.1654549
             10       6.7763529      0.76532325      -30.255636       13.482492       0.3426301      0.99800411     0.074375088     -0.52077836       6.7763305        6.7763305   4.4932708e-05                                  4.4932708e-05
             14       7.0417095        2.234766      -32.744518        46.36755      0.27351805     0.079334428      0.78636657     -0.94606427       6.7763305        6.7763305      0.53075799                                     0.53075799
              5       6.9515316      0.71068605      -31.318341       16.914841       0.3976431      0.99419057     0.062082137      0.89811709       6.7763305        6.7763305      0.35040234                                     0.35040234
             13       7.7632105       0.8384668      -32.170511       6.4261213      0.20993886       1.1710622     0.078402132     -0.92016521       6.7763305        6.7763305       1.9737601                                      1.9737601
              4       9.3995359      0.82374946      -32.381714       26.475832      0.55730742        0.768019      0.16210721        0.377561       6.7763305        6.7763305       5.2464109                                      5.2464109
              7       7.7838067       0.7852486       -32.41722       26.482389      0.47543208      0.68714131      0.16488291      0.14283519       6.7763305        6.7763305       2.0149526                                      2.0149526
             24       8.3445067        1.894208      -31.033185       7.9659553      0.50847165       1.0127986      0.66635741     -0.21691632       6.7763305        6.7763305       3.1363524                                      3.1363524
             19       7.9300323       1.9750305      -31.103715       7.5086849      0.48478732       0.9825066       0.7609751     -0.56384891       6.7763305        6.7763305       2.3074038                                      2.3074038
             17       7.8599257       1.7187555      -30.693833       8.4580093      0.48038098      0.99317426      0.50700337     -0.78636514       6.7763305        6.7763305       2.1671905                                      2.1671905
             21       7.5245268       2.6872556      -30.794229       5.0738623       0.4569875       1.0073458       2.8162415      0.42622257       6.7763305        6.7763305       1.4963926                                      1.4963926
             23       7.0513187       2.7327373      -30.707494       4.5792963      0.41171077      0.98882061       3.1863532     -0.81065954       6.7763305        6.7763305      0.54997642                                     0.54997642
             49       6.8549708       2.2859616      -32.471545       17.490188      0.37927912      0.28511326       2.2682509     -0.71824816       6.7763305        6.7763305      0.15728074                                     0.15728074
              4       7.5722399       1.2280284      -32.485316       11.116218      0.22340273       0.4918639       0.4924896     -0.31632576       6.7763305        6.7763305        1.591819                                       1.591819
             39       6.8677649       2.2893331       -32.64873       33.595737      0.30180263      0.11793746       1.2131387     -0.91538931       6.7763305        6.7763305      0.18286881                                     0.18286881
              6       6.9432472      0.23028549      -31.353955       36.739349      0.28768838       1.0219889    0.0060235615     -0.34071727       6.7763305        6.7763305      0.33383339                                     0.33383339
              3        6.913497      0.18813532      -30.339086       46.868613       0.2927658      0.99790638    0.0041790131     -0.23306983       6.7763305        6.7763305      0.27433306                                     0.27433306
              1       8.3290972      0.13043661      -30.805379       40.728522      0.17634828      0.99768855    0.0020295644       0.8238608       6.7763305        6.7763305       3.1055335                                      3.1055335
              3       6.9895824      0.26167032      -31.153318       46.887202      0.40338883      0.98818213    0.0084087437     0.097708919       6.7763305        6.7763305      0.42650393                                     0.42650393
             11        6.851515      0.18295791      -31.124586       49.668034      0.30554919       1.0105897    0.0040848539      0.16764392       6.7763305        6.7763305      0.15036915                                     0.15036915
             10       7.2961556       0.1496115      -31.086605       48.994235      0.24615455        1.009299    0.0025838252      0.19178604       6.7763305        6.7763305       1.0396503                                      1.0396503
              1       7.6138452      0.13673547      -31.062805       48.811086      0.22034244      0.99224844    0.0021631269      0.37491559       6.7763305        6.7763305       1.6750296                                      1.6750296
              9       7.8394606      0.12490814      -31.066124       49.415534        0.204932      0.99787798    0.0018325766      0.95457511       6.7763305        6.7763305       2.1262603                                      2.1262603
              7       9.6763997     0.074721018      -30.908168       46.459246      0.11561532        1.000973   0.00066222724      0.98036882       6.7763305        6.7763305       5.8001384                                      5.8001384
             36       6.8085072      0.30508551      -30.216934       31.281934       0.3181541       1.0019458     0.011128726     -0.92848433       6.7763305        6.7763305     0.064353444                                    0.064353444
              6       6.7935076      0.33006031      -30.656603       29.701384      0.32457719      0.99510731     0.012928084     -0.57415079       6.7763305        6.7763305     0.034354254                                    0.034354254
             29       7.0339106      0.46871542       -30.59475       26.132796      0.40946819       1.0047244     0.026536452     -0.92397077       6.7763305        6.7763305      0.51516033                                     0.51516033
             10       7.3677232      0.20235147      -31.036074       35.205297      0.23976942       1.0115825    0.0047670732     -0.56899858       6.7763305        6.7763305       1.1827855                                      1.1827855
              1       7.4892997      0.32862667      -30.057877        21.01199      0.22975209       1.0000262     0.012921752      0.99276159       6.7763305        6.7763305       1.4259385                                      1.4259385
              4       7.1550305      0.45460573      -30.026396       28.000378      0.42380701       1.0006708     0.025060393      0.36346087       6.7763305        6.7763305      0.75740003                                     0.75740003
             18       6.7768521      0.33747933      -30.250571       30.739828      0.34503629       0.9996272     0.013615849       0.9483196       6.7763305        6.7763305    0.0010433543                                   0.0010433543
              2       7.2548479      0.28935073      -31.510946       46.923422      0.43395847      0.96062926    0.0099276619     -0.99803983       6.7763305        6.7763305      0.95703485                                     0.95703485
              9       6.8037933      0.25071745      -31.494205       44.942651      0.36403005      0.97099254    0.0080111174    -0.090022513       6.7763305        6.7763305     0.054925669                                    0.054925669
             12       6.7772121      0.22080668       -31.46865       46.413067       0.3459471       1.0145632    0.0055246056      0.65238476       6.7763305        6.7763305    0.0017632001                                   0.0017632001
             24       6.8255724      0.24477103      -31.299409       39.317688      0.31250079       0.9759443    0.0072263314     -0.94252315       6.7763305        6.7763305     0.098483874                                    0.098483874
              2       6.8290602      0.24379734      -31.300047       39.351358      0.31147395      0.97578682    0.0071399368     -0.97023618       6.7763305        6.7763305      0.10545944                                     0.10545944
             24       7.9305189      0.25092639      -30.397039       58.198476      0.48481743      0.99779698    0.0074519184    -0.047418186       6.7763305        6.7763305       2.3083768                                      2.3083768
              2       7.0039609       1.0616037      -32.719682       59.904473      0.40542463      0.19160655      0.22590861     -0.79145885       6.7763305        6.7763305      0.45526077                                     0.45526077
              3       6.7820771      0.45459939      -32.558377       54.782142      0.35207739      0.42490533     0.058304375     -0.43205852       6.7763305        6.7763305     0.011493176                                    0.011493176
             32       7.6891994      0.20141985      -32.460319       51.731182      0.21498732       0.6201262     0.010961224    -0.030215179       6.7763305        6.7763305        1.825738                                       1.825738
              9       7.6833979      0.20293268      -32.461993       51.742986      0.21539157      0.61651994     0.011158146    -0.038832334       6.7763305        6.7763305       1.8141349                                      1.8141349
              4       7.3468117         0.55664      -32.189427       11.256537      0.24159311       1.1588501     0.030253431     -0.73526684       6.7763305        6.7763305       1.1409624                                      1.1409624
              5       7.5201156      0.66304396      -32.061145       9.3944046      0.22735197       1.0970061     0.071210912      0.29555092       6.7763305        6.7763305       1.4875702                                      1.4875702
              5       7.8655403      0.47063225      -32.416335       18.308002      0.20326098       0.7090115     0.055371193      0.20083669       6.7763305        6.7763305       2.1784197                                      2.1784197
              2       9.0631979      0.50466676      -32.035779       8.0222405      0.14096885       1.0465132     0.036127792      0.79207991       6.7763305        6.7763305       4.5737349                                      4.5737349
              2       8.6320285       1.2065334      -31.521255       13.455512      0.52309085      0.96841038      0.19145826     -0.10581675       6.7763305        6.7763305       3.7113961                                      3.7113961
              8       7.1330779      0.31228016      -31.311362       25.732361      0.26259949       0.9821815     0.011154348    -0.063669801       6.7763305        6.7763305      0.71349496                                     0.71349496
             16       6.8128999      0.45109856      -31.423494       24.261681      0.36742154        1.009007     0.025374503      0.85124116       6.7763305        6.7763305     0.073138824                                    0.073138824
              4       7.0855868      0.31324047        -32.3772       49.500218      0.41592685      0.80622057     0.020506148      0.49171584       6.7763305        6.7763305      0.61851274                                     0.61851274
             16       7.3626231      0.30905585      -32.024551       42.238772      0.44378881       1.0217626     0.012308501      0.94723573       6.7763305        6.7763305       1.1725852                                      1.1725852
              3        9.516855       1.3045507      -30.500573       12.995077      0.56206942      0.99648789      0.24603546     -0.36354597       6.7763305        6.7763305       5.4810491                                      5.4810491
             20       10.186394       2.1067161      -31.030038       8.2499077       0.5874845       1.0159286      0.95082478     -0.65775757       6.7763305        6.7763305       6.8201266                                      6.8201266
              2       9.2030442       2.0774456      -31.004577       8.0751331      0.54908666      0.98374707      0.92878998     -0.93173107       6.7763305        6.7763305       4.8534274                                      4.8534274
              1       7.8085756       1.0727777      -31.403079       13.684737      0.47706234      0.97667681      0.14797461    -0.062617823       6.7763305        6.7763305       2.0644903                                      2.0644903
              9       6.7955887      0.51316639      -30.572045       19.021019      0.32355193      0.99626279     0.031833408     -0.32913615       6.7763305        6.7763305     0.038516452                                    0.038516452
              2       6.8550203      0.60426188        -30.7641       15.211756      0.30470916      0.99632921     0.044519668      0.47414574       6.7763305        6.7763305      0.15737966                                     0.15737966
             37       6.9939821        1.754517      -31.445003       4.6185077      0.27998114        1.038464      0.52276376     -0.80343847       6.7763305        6.7763305      0.43530317                                     0.43530317
             11        7.522351      0.42333686       -31.77238        15.03509      0.22717982       1.0727525     0.022624543     -0.92241695       6.7763305        6.7763305        1.492041                                       1.492041
             13       6.8878694      0.57591613      -31.372719       15.686595      0.29760275      0.99008142     0.042077381      0.77598728       6.7763305        6.7763305      0.22307788                                     0.22307788
              5        7.730204      0.65631689      -31.437541        20.96876      0.47183394       1.0304448      0.05632119      -0.5192972       6.7763305        6.7763305        1.907747                                       1.907747
             12       8.7961393      0.80417523      -30.470695       5.7152125      0.15307128       1.0009965     0.082174735      0.85396282       6.7763305        6.7763305       4.0396177                                      4.0396177
              9       8.2210205      0.71493408      -31.995248       21.701807      0.50178286      0.97202139     0.058412805      0.88745662       6.7763305        6.7763305       2.8893801                                      2.8893801
              6        8.127133       1.4152469      -31.531098       10.675338      0.49650366      0.98771242      0.29231516      0.85589135       6.7763305        6.7763305        2.701605                                       2.701605
             14       6.8196902      0.66652932      -31.567145       16.028323      0.36968129       1.0400208     0.059538441      -0.4101047       6.7763305        6.7763305     0.086719511                                    0.086719511
              9       6.9309609      0.77357601      -31.224017       15.647264      0.39427455      0.97899223     0.076347063      -0.9818595       6.7763305        6.7763305      0.30926078                                     0.30926078
              3        7.886568       1.2404139      -30.836072       11.784098      0.48207183      0.99122143       0.2209737     -0.83452369       6.7763305        6.7763305       2.2204751                                      2.2204751
              7       7.4558037       1.3411149      -31.016728        5.240146      0.23242057      0.99400163      0.26047689      0.63029883       6.7763305        6.7763305       1.3589464                                      1.3589464
              3         6.77869       1.3908073      -30.825165       7.1927578      0.33554261       1.0081083      0.28682113     -0.59489356       6.7763305        6.7763305    0.0047190844                                   0.0047190844
              7       6.8130839      0.50081336      -30.454973       21.995644      0.36748541       1.0026501     0.030692478     -0.14292125       6.7763305        6.7763305     0.073506818                                    0.073506818
              9       6.8437483      0.62420197      -30.679466        18.11448      0.37651677       1.0008183     0.048307899        0.961721       6.7763305        6.7763305      0.13483562                                     0.13483562
              5       7.0674619      0.38724375       -32.48425       37.141072      0.27027222      0.56478671     0.042327102     -0.15712711       6.7763305        6.7763305      0.58226282                                     0.58226282
             30       8.9885932      0.18683038      -32.042031       22.011978      0.14427517       1.0544038    0.0049403811      0.72299989       6.7763305        6.7763305       4.4245255                                      4.4245255
             19       8.2000184      0.33851611      -32.359766       19.231013      0.18338281      0.84664046     0.021906391      0.62283286       6.7763305        6.7763305        2.847376                                       2.847376
             15       8.4178786      0.29517008      -32.331594       19.133927      0.17167842      0.91361074     0.013856481      0.83618541       6.7763305        6.7763305       3.2830963                                      3.2830963
             28       7.7012554       1.2890255      -32.689127       24.720979      0.21415136      0.20198336      0.36500129      -0.7844868       6.7763305        6.7763305       1.8498499                                      1.8498499
              3       10.123332      0.79754482      -31.363785       21.930118      0.58520405       1.0056183     0.079478418      0.92395508       6.7763305        6.7763305        6.694003                                       6.694003
             19       8.6877169        1.052868      -31.874312       4.8683276      0.15821202      0.92770021      0.17789383      0.06635751       6.7763305        6.7763305       3.8227729                                      3.8227729
              7       7.5584771      0.81973207      -32.034297       7.8239501       0.2244326       1.0517435       0.1014466      0.75660425       6.7763305        6.7763305       1.5642932                                      1.5642932
              4       6.8215201       1.0242081      -31.735424       8.8446174      0.31374065       1.0409394      0.15741755      0.39291728       6.7763305        6.7763305     0.090379197                                    0.090379197
             17        6.800323      0.93448361      -31.626284       10.480132      0.32140886      0.98637326      0.11970523      0.87827152       6.7763305        6.7763305     0.047984969                                    0.047984969
              1       6.7766464       1.4502654      -31.937527       7.8161427      0.33963724      0.90052801       0.2797785     -0.59158325       6.7763305        6.7763305   0.00063180719                                  0.00063180719
              6       6.7784983       1.4417261      -31.967265       7.6962139      0.34818945      0.94314319      0.27304556      0.54029846       6.7763305        6.7763305    0.0043355936                                   0.0043355936
              2       7.7277464       1.0381864      -31.619529       6.1596499      0.21233342      0.99795028      0.14593719      0.99712356       6.7763305        6.7763305       1.9028319                                      1.9028319
              5       7.0381021      0.85070391      -31.954938       15.872089      0.41001492      0.91266004     0.078551194     -0.38965558       6.7763305        6.7763305      0.52354332                                     0.52354332
             12       7.2873893      0.92829993      -31.948605       15.604896      0.43703385      0.90675048      0.09689225     -0.57417938       6.7763305        6.7763305       1.0221177                                      1.0221177
              4       6.8254025      0.54232608      -31.601528       16.761576      0.31255174       1.0334001     0.033067552   0.00069082949       6.7763305        6.7763305     0.098143991                                    0.098143991
              9       6.8798055      0.69290341      -31.269851       12.759594      0.29923773       1.0172524     0.057692337     -0.14915858       6.7763305        6.7763305      0.20695015                                     0.20695015
              3       7.6708299       0.6233978      -30.230771       22.503773      0.46772826       1.0020627     0.048093525     -0.95575209       6.7763305        6.7763305       1.7889989                                      1.7889989
              3       7.8358744      0.47459554      -30.184061       30.270066      0.47883662       1.0017798     0.027359344     -0.86030811       6.7763305        6.7763305       2.1190879                                      2.1190879
             37       6.7991935      0.16788536       -31.20704       57.473335      0.32189936        1.002681    0.0033088521      0.96205855       6.7763305        6.7763305     0.045726105                                    0.045726105
             15       7.2946045      0.23266694      -31.203939       56.088384      0.43770235       1.0080758    0.0062690555      0.64604913       6.7763305        6.7763305       1.0365481                                      1.0365481
              2       7.2426335       1.8001525      -32.716034       53.434954      0.43277724      0.13522331      0.62375776     -0.87909347       6.7763305        6.7763305      0.93260616                                     0.93260616
              3       6.7784126       1.5071329      -32.716019       41.399532      0.33593408      0.16181881      0.45059033     -0.83980315       6.7763305        6.7763305    0.0041642627                                   0.0041642627
              2       6.7777085       1.5078119      -32.715272       41.394362      0.33706509      0.16231076      0.45217076     -0.83925602       6.7763305        6.7763305     0.002756152                                    0.002756152
             10       7.0848375       1.4530214      -32.758176       40.368438      0.26816277      0.13740623      0.36096554     -0.86584821       6.7763305        6.7763305      0.61701416                                     0.61701416
              2       7.0930595       1.5677647      -32.737909       36.145146      0.26718532      0.14171103      0.44778779     -0.86442748       6.7763305        6.7763305      0.63345812                                     0.63345812
              2       6.9863288       1.3383129      -32.758026       43.458804      0.28108128      0.14525075      0.30968056     -0.85393747       6.7763305        6.7763305      0.41999665                                     0.41999665
              2       7.0476901       1.3583916      -32.766013       43.469036      0.27275069      0.13882982      0.30926765     -0.86173241       6.7763305        6.7763305      0.54271926                                     0.54271926
             13       6.9358232       1.2481206      -32.740315       58.208925      0.39509007       0.1634451      0.28883688     -0.83043022       6.7763305        6.7763305      0.31898542                                     0.31898542
             25       7.5075236      0.24481582      -32.135012       23.934364      0.22832659       1.1711621    0.0081271597     -0.86475128       6.7763305        6.7763305       1.4623862                                      1.4623862
              9       7.2105733       0.2935481      -32.206275       22.764277      0.25439897       1.1442057    0.0076891386     -0.44872236       6.7763305        6.7763305      0.86848575                                     0.86848575
              5       7.3904071      0.90810748      -32.530719       33.328085      0.44617276      0.44307509       0.2486772     -0.40498222       6.7763305        6.7763305       1.2281534                                      1.2281534
             12       8.8891625      0.62688199      -32.785275       44.521702      0.14876965      0.16020597     0.064207815       -0.822548       6.7763305        6.7763305        4.225664                                       4.225664
              6       8.3189921       1.8356017      -30.761782       8.3465123      0.50711183      0.99481462      0.61166626      0.28716839       6.7763305        6.7763305       3.0853232                                      3.0853232
             26        7.147147       2.7889085      -31.072635       4.5193241      0.42295103       1.0085658       3.5864301      0.81693213       6.7763305        6.7763305        0.741633                                       0.741633
             17       6.8062172       2.5065625      -31.229027       4.3600516      0.36498168       1.0037436       1.9786271      0.97508315       6.7763305        6.7763305     0.059773386                                    0.059773386
             34       6.7798971      0.37271249       -30.49941       28.326592      0.34993913      0.99619906     0.016718429     -0.92730318       6.7763305        6.7763305    0.0071332876                                   0.0071332876
              3       8.7826196      0.47566138      -30.700419       33.438723      0.53029536       1.0020564     0.027627165      0.77817156       6.7763305        6.7763305       4.0125783                                      4.0125783
              7       8.1861909      0.48953019      -30.707407       30.565638      0.49984503       1.0040246     0.028795133      0.16510832       6.7763305        6.7763305       2.8197209                                      2.8197209
             11       6.7767802       1.9437129      -32.523863       17.833695      0.34481916      0.29897842       1.3610772      -0.6788299       6.7763305        6.7763305   0.00089946514                                  0.00089946514
             15       7.2691574      0.27169034      -30.848643       27.360258       0.2486767        1.005455     0.008927259      0.20544004       6.7763305        6.7763305      0.98565388                                     0.98565388
             10       6.7800111        1.145668      -32.699612       43.045724      0.33393497      0.20351434      0.27989457      -0.7785318       6.7763305        6.7763305    0.0073613322                                   0.0073613322
             11       7.5928255      0.33845062      -32.021528       19.389406      0.22187881        1.016197     0.014516564      0.96986349       6.7763305        6.7763305       1.6329902                                      1.6329902
              3        7.212254      0.63912162      -32.495882       22.613214      0.25422962       0.5286914      0.11945272     -0.23505085       6.7763305        6.7763305        0.871847                                       0.871847
              2       7.1974334      0.59378688       -32.48616       39.351246      0.42826547      0.55086588      0.10197223     -0.18792638       6.7763305        6.7763305      0.84220588                                     0.84220588
              4       6.8998585      0.70031044      -32.607704       37.555747      0.29527754      0.33743127      0.13104373     -0.57967095       6.7763305        6.7763305      0.24705611                                     0.24705611
             16        6.905048      0.39875394      -31.641231       22.966575      0.29430623      0.96587323     0.021031828      0.26140432       6.7763305        6.7763305      0.25743503                                     0.25743503
             10       7.3988252      0.35554694      -32.529182       41.812252      0.23711565       0.4793819     0.036057821      -0.3316279       6.7763305        6.7763305       1.2449894                                      1.2449894
              8       6.8274659      0.76927276      -32.603415       42.852944      0.37206103      0.33921502      0.15999488     -0.57807214       6.7763305        6.7763305      0.10227089                                     0.10227089
              8        7.362368       1.9966323      -32.851121       58.909247      0.24023333     0.061386604      0.42406868     -0.95431532       6.7763305        6.7763305       1.1720751                                      1.1720751
             20        6.934531      0.43052483      -32.591099       53.947715      0.28912543       0.3741424     0.050241088     -0.51780411       6.7763305        6.7763305       0.3164011                                      0.3164011
             40       7.4634542       1.2349379      -32.596906       35.659659       0.4521946      0.30862064      0.43125206     -0.63601694       6.7763305        6.7763305       1.3742474                                      1.3742474
             27       7.2505898       1.5112307       -32.73687       58.708219      0.43354841       0.1468689      0.42003932      -0.8569619       6.7763305        6.7763305      0.94851864                                     0.94851864
              1       9.7087055       1.0432487      -32.971985       53.053995      0.11435789     0.062098641     0.083336611     -0.93868808       6.7763305        6.7763305         5.86475                                        5.86475
             28       9.8554505      0.96783473      -32.968372       52.133792      0.10873147     0.064767425     0.073498809      -0.9351511       6.7763305        6.7763305       6.1582401                                      6.1582401
              8       7.5683125      0.26896547      -31.945154       56.974641       0.4603043      0.90279429    0.0077219046     -0.83177872       6.7763305        6.7763305       1.5839641                                      1.5839641
             11       6.8215747      0.18338907      -30.945529       51.131042      0.31372356       1.0055669    0.0040563507      0.46901688       6.7763305        6.7763305      0.09048856                                     0.09048856
              3       6.8056149      0.19078522      -30.931798       50.799097      0.31925104      0.99004174    0.0043634433     -0.82009839       6.7763305        6.7763305     0.058568964                                    0.058568964
             20        7.230881      0.27773044      -30.911552       46.398128      0.43162598       1.0067127    0.0093568393      0.10234354       6.7763305        6.7763305      0.90910102                                     0.90910102
              5       7.5448008       0.1455879      -30.710739       46.621085      0.22546499      0.99837426     0.002523936      0.86528848       6.7763305        6.7763305       1.5369407                                      1.5369407
             31       7.1721102      0.15994217      -30.723447       48.322237      0.25836855        1.004735    0.0030656277    -0.075994172       6.7763305        6.7763305      0.79155953                                     0.79155953
              4       6.7877086      0.21754842      -30.730446        49.10919      0.35618008       1.0020118    0.0055830815      0.80866178       6.7763305        6.7763305     0.022756285                                    0.022756285
              8       6.9680868      0.32992649      -30.385649       36.567092       0.4002127      0.99702295     0.013019415     -0.99961813       6.7763305        6.7763305      0.38351269                                     0.38351269
              2       6.8370291      0.31471686      -30.386471       29.609267      0.30924842      0.99742838     0.011781019     -0.49271974       6.7763305        6.7763305      0.12139727                                     0.12139727
             10       6.7771923       1.2649762      -31.008225       8.1426214      0.33809734      0.98654539      0.23152942     -0.93623801       6.7763305        6.7763305     0.001723713                                    0.001723713
              7        6.779079       1.7467537      -31.723024       5.7516756      0.34896933       1.0439582      0.59729255      0.43212852       6.7763305        6.7763305    0.0054970101                                   0.0054970101
              1       6.8859286      0.34196232      -30.695217       26.342488       0.2979907      0.99423617     0.013917101     -0.82426509       6.7763305        6.7763305      0.21919633                                     0.21919633
             30       7.3909197      0.42663226      -30.283835       31.370477      0.44621622        1.002057     0.021884922      -0.5609145       6.7763305        6.7763305       1.2291784                                      1.2291784
              3        7.390306      0.42319523      -30.281288       31.684218      0.44616418       1.0000756     0.021607774      0.99663789       6.7763305        6.7763305       1.2279511                                      1.2279511
              2       6.9278989      0.30002063      -30.233862       29.127913      0.29024561      0.99822187     0.010780732     -0.40397305       6.7763305        6.7763305      0.30313685                                     0.30313685
              4       8.5434816      0.13797219       -30.62341       36.022103      0.16528245      0.99951201    0.0022497634      0.98197566       6.7763305        6.7763305       3.5343022                                      3.5343022
             32       6.8217684      0.31960652      -30.228652       34.862171       0.3703369      0.99896169     0.012171991      0.51793461       6.7763305        6.7763305     0.090875928                                    0.090875928
              3       6.8300687      0.30920979      -30.027087       36.193422      0.37281659       1.0012309     0.011420039     -0.99999941       6.7763305        6.7763305       0.1074765                                      0.1074765
             29       6.7956897      0.29937373      -30.034069       36.236562      0.36049638      0.99876228     0.010677437      -0.5875176       6.7763305        6.7763305     0.038718413                                    0.038718413
              1       7.6722119       0.1771514      -30.020436       36.724747      0.21617466      0.99867293    0.0037232426      -0.9507135       6.7763305        6.7763305       1.7917628                                      1.7917628
             23       8.9810576      0.69013073       -31.47202       6.2544538      0.14461221       1.0069459     0.058108928      0.92769086       6.7763305        6.7763305       4.4094544                                      4.4094544
             15       7.5606473      0.67486172      -31.796436       19.203601       0.4597304       1.0661729     0.051041739     -0.60352108       6.7763305        6.7763305       1.5686337                                      1.5686337
              2       7.8076779      0.30914757      -31.924725        22.43921       0.2069964      0.89683245     0.011639243     -0.98683098       6.7763305        6.7763305       2.0626948                                      2.0626948
              3       7.0106967      0.32883877      -31.576304       24.276647      0.27764381       1.0452934     0.013460151     -0.86433182       6.7763305        6.7763305      0.46873239                                     0.46873239
             38       7.0408542       0.3823326      -31.050704       21.754614      0.27362849      0.98875912     0.017975869     -0.30765403       6.7763305        6.7763305      0.52904753                                     0.52904753
              1       7.3693521      0.33463582      -30.986812        21.30193      0.23962872       1.0103443     0.013646886     -0.50006121       6.7763305        6.7763305       1.1860432                                      1.1860432
              2       6.7850464      0.60306464      -31.071774       16.286032      0.32958916       1.0085924     0.045930519       0.3246792       6.7763305        6.7763305     0.017431965                                    0.017431965
              3       6.7990515      0.49486796      -31.772212       20.491583      0.36203814       1.0730288      0.03112623     -0.92541236       6.7763305        6.7763305     0.045442157                                    0.045442157
             13       9.4527416      0.89820915      -32.914227       49.277772      0.12452003     0.084553692      0.07967673     -0.91329063       6.7763305        6.7763305       5.3528223                                      5.3528223
              6       7.1151696       1.1692959      -30.310317       6.8115935      0.26461806      0.99854635      0.19131421      0.43001356       6.7763305        6.7763305      0.67767828                                     0.67767828
              3       8.5127121       1.0644257      -30.098391       4.7032021       0.1668277       1.0015694      0.15344536      -0.9542811       6.7763305        6.7763305       3.4727632                                      3.4727632
              6       6.8965558       1.3674922      -30.881954       8.4421887      0.38809363       1.0103655        0.278189     -0.99989119       6.7763305        6.7763305      0.24045069                                     0.24045069
              3       6.7856937       1.2609992      -31.268987       8.3179702      0.35486343       1.0168362      0.21922129     0.042351636       6.7763305        6.7763305     0.018726561                                    0.018726561
              9       6.9223872        1.429252       -31.39362       6.3262986      0.29119533      0.96793859      0.30167119      -0.8259341       6.7763305        6.7763305      0.29211343                                     0.29211343
              8       6.8717821       1.4650775      -32.766761       59.835968      0.38307093       0.1313343      0.35490974     -0.87287844       6.7763305        6.7763305      0.19090324                                     0.19090324
             42       6.9195575       2.3837886      -32.694316       44.083717      0.29168988      0.08342521       1.0632074      -0.9478602       6.7763305        6.7763305      0.28645412                                     0.28645412
             12       6.9422673       2.3931226      -32.694382       43.926144      0.28784803     0.082299489        1.068408     -0.94904398       6.7763305        6.7763305      0.33187362                                     0.33187362
              2       6.8598562       2.2458777      -32.693617       50.930996      0.38041961     0.099957764      0.98068196     -0.92940578       6.7763305        6.7763305      0.16705145                                     0.16705145
              1       6.7876796       1.8194423      -31.494337       6.1695333      0.35616198      0.95362771      0.62206937     -0.88701944       6.7763305        6.7763305     0.022698254                                    0.022698254
              2        6.851059       2.0169297      -31.464396       4.5650081      0.30565991      0.99776455      0.84004413      0.99541696       6.7763305        6.7763305        0.149457                                       0.149457
              2       6.8942378       1.9958103      -31.443919       4.2966799      0.29635289       1.0386729      0.76904062     -0.61140461       6.7763305        6.7763305      0.23581475                                     0.23581475
             23        7.023883        1.363577      -30.866498        9.086932      0.40814188       0.9900021       0.2762057      -0.9998961       6.7763305        6.7763305       0.4951051                                      0.4951051
              3       7.3884172      0.84048024      -31.080374       15.714828      0.44600383       1.0149002     0.089881702     -0.93730115       6.7763305        6.7763305       1.2241734                                      1.2241734
              3       8.6161795      0.37553304      -32.480937       22.623148      0.16168413      0.57198957     0.039643788     -0.14123567       6.7763305        6.7763305       3.6796981                                      3.6796981
              2        6.991007      0.45858037      -31.459536       25.752016      0.40359353       1.0271631     0.023994436     -0.25244543       6.7763305        6.7763305      0.42935304                                     0.42935304
             10       7.3166114       1.1809171      -30.810866       6.2694671      0.24428692      0.99168119      0.19390701     -0.91089274       6.7763305        6.7763305        1.080562                                       1.080562
              9       7.0243905      0.28392465      -31.485115       29.646524      0.27579035       0.9847457     0.010098331      0.68021331       6.7763305        6.7763305      0.49612013                                     0.49612013
              3       7.2392549      0.53099845      -30.912811       14.118198      0.25155222       1.0085038     0.034983681     -0.40019302       6.7763305        6.7763305      0.92584896                                     0.92584896
              3       7.3828337      0.50620755      -30.917719       14.024146      0.23847162       1.0096098     0.030853592     -0.80133226       6.7763305        6.7763305       1.2130064                                      1.2130064
              1       8.4279381      0.65927609      -30.916807       7.7249492      0.17115735       1.0100771     0.053689927     -0.93882283       6.7763305        6.7763305       3.3032153                                      3.3032153
              7       8.2327303      0.70369099      -30.597571       7.7459501       0.1815709       1.0011784     0.061748212      0.88491574       6.7763305        6.7763305       2.9127996                                      2.9127996
             13       7.6719687      0.39631213      -31.159894       16.688783      0.21619174      0.98242396      0.01905568     -0.95992513       6.7763305        6.7763305       1.7912765                                      1.7912765
              3       6.7858512      0.33024845      -31.212897        30.19105      0.32902887      0.99182922     0.013396111      0.67223807       6.7763305        6.7763305     0.019041457                                    0.019041457
              2       6.8427906      0.29332162      -31.264583        30.86094      0.30772926       1.0217331     0.010096776      -0.9131366       6.7763305        6.7763305       0.1329203                                      0.1329203
             14       6.8028085      0.30979519      -31.324991       30.920618      0.32036853       1.0051917     0.011671974      0.92023149       6.7763305        6.7763305      0.05295615                                     0.05295615
             12       6.7852071      0.30138243      -31.393672       33.877906      0.32947532      0.96986278      0.01082096     -0.99976904       6.7763305        6.7763305     0.017753236                                    0.017753236
             10       7.3499351      0.60865527      -30.686933       11.873021      0.24131861       1.0036449     0.045238206      0.25932253       6.7763305        6.7763305       1.1472093                                      1.1472093
             10       6.9329676      0.40967129      -30.972876       21.456044      0.28938735      0.98950107     0.019920967      -0.6911494       6.7763305        6.7763305      0.31327419                                     0.31327419
              8        6.859081      0.40403632       -31.30688       28.931783      0.38024092      0.97765395     0.019028977     -0.67575595       6.7763305        6.7763305      0.16550114                                     0.16550114
              9       7.0459063      0.37738715      -31.383001       33.556205      0.41102133      0.97549784     0.017986455     -0.30973132       6.7763305        6.7763305      0.53915162                                     0.53915162
              6       6.7765162      0.40089629      -31.209863       25.577699      0.34018847      0.99712126     0.019537978      0.95831971       6.7763305        6.7763305   0.00037139613                                  0.00037139613
              1        9.253555      0.31673164      -30.954112       12.475487      0.13276924       1.0098815     0.011812582     -0.64700176       6.7763305        6.7763305       4.9544491                                      4.9544491
              8       9.3897836        0.304212       -30.91748       12.435713      0.12709317        1.009711     0.010953419     -0.87336823       6.7763305        6.7763305       5.2269063                                      5.2269063
              2       6.7832464      0.92089709       -30.64009       10.821262      0.33094476      0.99813296      0.11013589      0.77449474       6.7763305        6.7763305     0.013831863                                    0.013831863
              2       7.1636354      0.84260399      -32.371313       11.682165      0.25926879      0.79163557      0.16293921      0.45136917       6.7763305        6.7763305       0.7746099                                      0.7746099
              6       7.0571635      0.71822253      -32.358175       13.647342      0.27155228      0.83266109      0.10639364      0.58113255       6.7763305        6.7763305      0.56166605                                     0.56166605
             13       6.9395482       1.1385222       -32.39745       14.978825      0.39570645      0.69739013      0.36725242      0.17502965       6.7763305        6.7763305       0.3264354                                      0.3264354
              1       6.8688086       1.0369162      -31.901931       9.7379133      0.30157384      0.89764792      0.16161786     -0.75822948       6.7763305        6.7763305      0.18495634                                     0.18495634
              6       6.8019664        1.822646      -31.970691       6.1482814       0.3632847      0.97434544      0.57061218      0.92951673       6.7763305        6.7763305     0.051271877                                    0.051271877
              2       6.9692982      0.93265094      -32.474848       23.574308      0.40039628       0.5473358      0.26473616     -0.19722405       6.7763305        6.7763305      0.38593543                                     0.38593543
              3       7.2468105       0.9825872      -31.540175       7.6797114      0.25081709      0.99899433      0.12757946      0.99897757       6.7763305        6.7763305      0.94096015                                     0.94096015
             25       6.8468858       1.0252493      -31.583966       8.5777162      0.30668919       1.0481398      0.13682935     -0.94367217       6.7763305        6.7763305      0.14111058                                     0.14111058
              4       6.8015188       1.0601786      -31.258646       10.058079      0.36309808        1.023415      0.15354848     -0.96041504       6.7763305        6.7763305     0.050376743                                    0.050376743
             19       6.8507412      0.84642129        -30.9017       10.950963      0.30573726      0.99135996     0.090742234     -0.48950017       6.7763305        6.7763305      0.14882144                                     0.14882144
              1       6.8212586      0.63520457      -31.046843       14.941951      0.31382252      0.99376822     0.050944247      0.60157889       6.7763305        6.7763305     0.089856319                                    0.089856319
              1       7.7241477      0.56939808      -31.021472       11.216376      0.21257888       1.0003995     0.039831055      0.99810179       6.7763305        6.7763305       1.8956345                                      1.8956345
              2       8.9007179       1.2122084      -32.031461       12.492191      0.53575803       1.0633462       0.2511624       0.6736674       6.7763305        6.7763305       4.2487748                                      4.2487748
              7       6.8922604      0.41648925      -31.874569       29.742064      0.38726271      0.93962094     0.024689954      0.26641142       6.7763305        6.7763305      0.23185981                                     0.23185981
             11       6.8561932      0.27857342      -31.538954       33.117888      0.30443228      0.99176845    0.0089882834      0.92140306       6.7763305        6.7763305       0.1597254                                      0.1597254
             17       6.9457226      0.81948617      -32.550779       34.964797      0.39671286      0.41612667       0.1968299     -0.45185814       6.7763305        6.7763305      0.33878423                                     0.33878423
              3        7.457435      0.62303188       -31.78055        20.28388      0.45171089       1.0742891     0.047345897     -0.99785829       6.7763305        6.7763305       1.3622091                                      1.3622091
              4       7.0782904      0.63274093      -31.615855       19.524769      0.41504954        1.009741     0.047944965      0.92529226       6.7763305        6.7763305      0.60391986                                     0.60391986
              9       6.7834436       1.0002459      -31.027664       10.490966      0.35321174       1.0116605      0.13601604     -0.41552612       6.7763305        6.7763305     0.014226235                                    0.014226235
              3       6.7793139      0.98801954      -31.051143       10.317785      0.33473896      0.98690681      0.13208474     -0.60914831       6.7763305        6.7763305    0.0059668048                                   0.0059668048
              6       7.3865273       1.3055684      -31.178072        10.18004      0.44584314        1.008219      0.25416659      0.67925935       6.7763305        6.7763305       1.2203936                                      1.2203936
              4        8.467504       1.8617296      -31.217721       8.5242676      0.51487689      0.97510555      0.65432994     -0.93584416       6.7763305        6.7763305       3.3823471                                      3.3823471
             19       6.7892622      0.36568846      -32.139206        25.01808      0.35711721       1.1731876     0.017774871     -0.91005974       6.7763305        6.7763305     0.025863525                                    0.025863525
              2       6.7766559      0.91848927      -32.017591       11.032451      0.34439802       1.0214955      0.11866846       0.9513071       6.7763305        6.7763305   0.00065080453                                  0.00065080453
              7       6.9667096       0.9553431      -31.801169       11.871394      0.40000327       1.0600451      0.10590673     -0.24751894       6.7763305        6.7763305      0.38075821                                     0.38075821
              3       6.7900862      0.75525962      -31.096809       14.366865      0.35759136      0.99049127     0.073969959      0.28241367       6.7763305        6.7763305     0.027511386                                    0.027511386
              3       6.8316316      0.80242263      -31.074833       13.800629      0.37326151       1.0130551     0.083928335     -0.48927504       6.7763305        6.7763305      0.11060229                                     0.11060229
              3       6.7790468      0.43004769      -31.663286       25.836972      0.34892837      0.94384343     0.023264292     -0.89978787       6.7763305        6.7763305    0.0054325882                                   0.0054325882
             18       7.0177494      0.31713327      -31.514716       27.269083      0.27668266      0.96159346     0.011662265     -0.91085048       6.7763305        6.7763305      0.48283779                                     0.48283779
             17       6.7830703       0.3095557      -31.473355       31.949066      0.33108645       1.0061583      0.01120209      0.94103941       6.7763305        6.7763305      0.01347959                                     0.01347959
              1       7.1801703      0.23771959      -31.495563       33.587958      0.25752126        0.969363    0.0071880416     -0.21069437       6.7763305        6.7763305      0.80767958                                     0.80767958
              3       8.6893187       2.2351568      -30.683971        7.034616      0.52586497        1.005189       1.1892444      0.22031089       6.7763305        6.7763305       3.8259764                                      3.8259764
              2       6.9687052       2.2800798      -30.602726       5.2933813      0.40030649      0.99685343       1.2891332      0.60047845       6.7763305        6.7763305       0.3847495                                      0.3847495
              3       7.5403594       2.0787527      -30.372943       6.6386236      0.45819776      0.99791602      0.92767364      0.41943362       6.7763305        6.7763305       1.5280578                                      1.5280578
              9       7.0262613        2.146613      -30.268388       5.7168536      0.40845884       1.0003671        1.033013      0.97058377       6.7763305        6.7763305      0.49986168                                     0.49986168
             16       6.7991767       0.8134762      -30.202936       11.875018      0.32190677       1.0015505      0.08480421      -0.2259037       6.7763305        6.7763305       0.0456924                                      0.0456924
              4       6.9881343       1.1006232      -30.389567       10.979605      0.40318004       1.0027566      0.16630614     -0.49071976       6.7763305        6.7763305      0.42360772                                     0.42360772
              4       7.2373679      0.65122987      -30.500843       11.657485      0.25173676      0.99661948     0.052332582     -0.47674305       6.7763305        6.7763305      0.92207483                                     0.92207483
              8       7.3301312      0.82165784       -30.67277       8.9403005      0.24307192      0.99452011     0.087006539     -0.68849144       6.7763305        6.7763305       1.1076014                                      1.1076014
              3       7.5503376      0.97112452      -30.634863       6.9971801      0.22504593      0.99539419      0.12573775     -0.37234117       6.7763305        6.7763305       1.5480142                                      1.5480142
              8        6.780243       0.9120648      -31.489178       11.290335      0.33368477      0.97392555      0.11603287      0.17647563       6.7763305        6.7763305     0.007825158                                    0.007825158
             21       6.7767133      0.91619708      -31.514126       11.765123      0.34460088      0.96084405      0.10538424     -0.83929317       6.7763305        6.7763305    0.0007655692                                   0.0007655692
              3         6.85253       1.0807446      -31.489923       8.7452853      0.30530397      0.97086151      0.17003651     0.018005819       6.7763305        6.7763305      0.15239916                                     0.15239916
              4       6.8711545       1.1680578      -31.512117       8.0738893      0.30106431      0.95947587      0.18329045     -0.85803705       6.7763305        6.7763305      0.18964814                                     0.18964814
              1       6.9329903       1.0861608      -32.029268       7.6094344      0.28938353       1.0523234      0.18936713      0.76046085       6.7763305        6.7763305      0.31331972                                     0.31331972
              2       6.7905039       1.0756865      -32.045295       8.4109691      0.32617366       1.0835252      0.19898021      0.47098343       6.7763305        6.7763305     0.028346893                                    0.028346893
              7       6.8447922      0.46010293      -32.273803       19.383322      0.30721702       1.0353424      0.02270059      0.94693583       6.7763305        6.7763305      0.13692342                                     0.13692342
              7       6.9522505      0.45055955      -32.316876       20.248615      0.28624286      0.94299426      0.02987345      0.91750366       6.7763305        6.7763305      0.35184004                                     0.35184004
              9       6.8245575        1.740739      -30.122115       5.4115188      0.31280638      0.99803249      0.52962898     -0.97819752       6.7763305        6.7763305     0.096453996                                    0.096453996
             17        6.803747         2.04523      -30.984698       5.2678376      0.36401149       1.0154592      0.87852236      -0.9626635       6.7763305        6.7763305     0.054833142                                    0.054833142
              4       7.1080975      0.39398019      -32.225671       18.089075      0.26542985       1.1193887     0.013529877     0.070362948       6.7763305        6.7763305      0.66353413                                     0.66353413
              8       6.7866951      0.69495679      -32.464391       26.091941      0.35553379      0.58930294      0.13898153      -0.1026112       6.7763305        6.7763305     0.020729224                                    0.020729224
             17       6.8566406      0.75639709      -32.435258       23.270039       0.3796728      0.64831256      0.15878882     0.040448445       6.7763305        6.7763305      0.16062021                                     0.16062021
             11       7.0535394      0.72675512       -32.37545       21.554967      0.41199169      0.79045091      0.11916792      0.44588055       6.7763305        6.7763305      0.55441792                                     0.55441792
             14       7.5040262      0.42149195      -31.017371       16.416348      0.22859877      0.99295589     0.020985262      0.37677669       6.7763305        6.7763305       1.4553915                                      1.4553915
              5       7.1479871      0.39810339      -31.399763       32.849937      0.42304268      0.97224492     0.018342374     -0.69762095       6.7763305        6.7763305      0.74331334                                     0.74331334
              4       6.8728297      0.33439582       -31.31099       35.091361       0.3832957      0.98173621     0.012814416     -0.11729661       6.7763305        6.7763305      0.19299852                                     0.19299852
              6        7.349968      0.37437506      -31.377475       36.158046      0.44268427       0.9828882     0.017678156       0.3439097       6.7763305        6.7763305        1.147275                                       1.147275
              3       7.5737666      0.38259669      -31.065639       36.292771      0.46071096      0.99721572     0.017418616      0.92262548       6.7763305        6.7763305       1.5948722                                      1.5948722
             28       6.7768702      0.19116142      -31.112697       54.787459      0.34508826      0.99030888    0.0042192981      0.22191456       6.7763305        6.7763305    0.0010793772                                   0.0010793772
             20       6.8531452      0.16808246      -31.036075       53.941114      0.30515614       1.0115834     0.003284449     -0.57148304       6.7763305        6.7763305       0.1536295                                      0.1536295
             20       6.7847549      0.92105117      -31.881686       12.555231       0.3542015      0.92058486      0.13191878     -0.12371197       6.7763305        6.7763305     0.016848876                                    0.016848876
              3       7.1775915       1.4296331      -32.608434       19.915095      0.25779142      0.27213437      0.56880784     -0.69560521       6.7763305        6.7763305      0.80252214                                     0.80252214
             22       6.7904341       1.2399153      -31.104965       8.8190421      0.35778734      0.98340729      0.21682308     -0.93509646       6.7763305        6.7763305     0.028207337                                    0.028207337
             31       7.0355732      0.71578085      -31.379533       17.583197      0.40968558      0.97835093     0.067758503    0.0079144566       6.7763305        6.7763305      0.51848544                                     0.51848544
              3       6.8466936      0.71394884       -31.15344       16.091574      0.37726268      0.98696131     0.065943404    -0.042023671       6.7763305        6.7763305       0.1407262                                      0.1407262
              6       7.0679452      0.71762588      -31.191272       17.000055      0.41378729       1.0194141     0.064830572     -0.99464264       6.7763305        6.7763305      0.58322939                                     0.58322939
              8       7.2044209      0.77477183       -31.17031       16.801486      0.42897823      0.99045707     0.073995742      0.45798892       6.7763305        6.7763305      0.85618077                                     0.85618077
              1       7.4842685      0.81484624      -31.518879       8.8025238      0.23014884      0.96437918     0.079987557     -0.55202945       6.7763305        6.7763305       1.4158762                                      1.4158762
             17       6.9563428       1.8810093      -32.515649        14.07381      0.28559808      0.32424594       1.2878468     -0.63707549       6.7763305        6.7763305      0.36002457                                     0.36002457
              1       6.8115779       1.7568234      -31.082403       5.3611398      0.31704219       1.0117046      0.52990668      0.12234547       6.7763305        6.7763305     0.070494804                                    0.070494804
              4       7.6786863       2.7377518      -32.411369       12.526443      0.21572081      0.18905672       4.1457283      -0.8716882       6.7763305        6.7763305       1.8047117                                      1.8047117
              1       6.9090487       1.6785137      -32.404867       8.9826339      0.29357071      0.58520232         1.04172     -0.11320527       6.7763305        6.7763305      0.26543645                                     0.26543645
             28       7.1283948       1.2426982      -31.515592       10.579927      0.42087763      0.96212038      0.20813544     -0.59251736       6.7763305        6.7763305      0.70412859                                     0.70412859
              4       7.4968051       1.1971984       -31.58214       10.882032      0.45483718        1.049305      0.19630823     -0.95400026       6.7763305        6.7763305       1.4409494                                      1.4409494
             18       7.0055394       1.3133561       -31.56275       8.9001298      0.40564417       1.0430096      0.27097467      -0.4174416       6.7763305        6.7763305      0.45841789                                     0.45841789
             53       6.9688963       2.7258015      -32.263695       9.3914914      0.40033544      0.47002088       6.0060301     -0.38929991       6.7763305        6.7763305      0.38513165                                     0.38513165
              5       6.9844564       2.8400079      -32.315125       11.773827      0.28135348      0.25289311       6.3751986     -0.80008309       6.7763305        6.7763305      0.41625177                                     0.41625177
              8        7.614986      0.86393806      -31.595466       7.3702757      0.22025962       1.0396579     0.089140334     -0.36373376       6.7763305        6.7763305       1.6773111                                      1.6773111
              4       7.3139125      0.92249353      -31.899842       8.8397131      0.24453129      0.90126987      0.12654673      -0.6701093       6.7763305        6.7763305        1.075164                                       1.075164
              1        7.418362       0.8632202       -31.63462        8.434259      0.23548248      0.97210232      0.10441847      0.51972051       6.7763305        6.7763305       1.2840631                                      1.2840631
              2       7.4986943       1.0582729       -31.83966       13.031002      0.45498502      0.99161597      0.15583446      0.98300712       6.7763305        6.7763305       1.4447277                                      1.4447277
             10       7.8540065        1.057829      -31.810835       13.045524       0.4800025       1.0454142      0.13353916      0.33624699       6.7763305        6.7763305       2.1553521                                      2.1553521
              4        6.780891       1.4383751      -32.148657       5.8850688      0.33302264       1.1824205      0.28480376     -0.94846922       6.7763305        6.7763305    0.0091209799                                   0.0091209799
             26       7.2282734       1.4786943      -32.271244       5.2889869      0.25263146      0.97086414      0.38233118      0.97762456       6.7763305        6.7763305      0.90388585                                     0.90388585
             10       7.0997045       1.5289881      -32.188647       4.5989547      0.26640459       1.1386765      0.27951015      -0.0805589       6.7763305        6.7763305      0.64674813                                     0.64674813
              5       6.9294026       1.3687588      -31.824305        8.541832      0.39401049       1.0128654      0.26850276      0.95830492       6.7763305        6.7763305      0.30614426                                     0.30614426
              2       8.2106526      0.37681313      -31.478182        14.62353      0.18279152      0.99701044     0.017232008      0.98691136       6.7763305        6.7763305       2.8686442                                      2.8686442
              6       7.4418657       0.4283714      -32.155177       26.900744       0.4504497       1.1748528     0.022099312     -0.99619834       6.7763305        6.7763305       1.3310704                                      1.3310704
             10       6.8011506      0.72387256      -32.526807       32.429445       0.3629433      0.46468543      0.15464564     -0.36239602       6.7763305        6.7763305     0.049640292                                    0.049640292
              2       11.326882       0.6058055      -32.987536       44.447437     0.058420486      0.06520894     0.027515359     -0.93180619       6.7763305        6.7763305       9.1011024                                      9.1011024
              8       11.039189      0.63863928      -32.967851       44.884371     0.067530992     0.070806685     0.033094467     -0.92592066       6.7763305        6.7763305       8.5257171                                      8.5257171
              7       10.728405      0.66112362      -32.944463       45.118834     0.077725409     0.078314898      0.03896386     -0.91785714       6.7763305        6.7763305       7.9041489                                      7.9041489
              6       8.5874658      0.73854058      -32.558471       51.791262      0.52090328      0.40930602      0.15728631     -0.46249766       6.7763305        6.7763305       3.6222706                                      3.6222706
              3       7.3697068       2.2262347      -31.511845       6.1731493      0.44440188      0.97189661       1.1164932      0.46651182       6.7763305        6.7763305       1.1867526                                      1.1867526
              7       8.0427649       2.4812996      -31.217231        6.120774       0.4916009      0.97285702       1.8124433     -0.47888406       6.7763305        6.7763305       2.5328689                                      2.5328689
              7       8.1203849       1.5848017      -32.914647       57.149933      0.18788274     0.062347368      0.22407345     -0.94564303       6.7763305        6.7763305       2.6881089                                      2.6881089
              1       12.012881         2.27111      -33.159661       46.149208     0.037795605      0.01083829      0.12564117     -0.99388937       6.7763305        6.7763305         10.4731                                        10.4731
              4       10.728705       2.5043548      -32.964599       49.013172      0.07771539     0.019029188      0.33723715     -0.99123266       6.7763305        6.7763305       7.9047482                                      7.9047482
             95       7.1185806       2.7782277      -32.579572       42.283881      0.26422954     0.067602162       2.0920832     -0.97278352       6.7763305        6.7763305      0.68450035                                     0.68450035
              1       7.4167566       2.9305433      -32.511529       44.083491      0.23561574     0.054815337       2.9678536     -0.98438689       6.7763305        6.7763305       1.2808523                                      1.2808523
              5       7.3662813       2.9350949      -32.502007       43.508545      0.23989412     0.056460511       3.1014128     -0.98386112       6.7763305        6.7763305       1.1799017                                      1.1799017
              4       7.7887539       2.4654765      -32.565872       41.460215      0.47575929      0.13988681       1.8982471     -0.90391409       6.7763305        6.7763305       2.0248469                                      2.0248469
              1       13.354212       2.2717745      -33.984909       57.935886     0.001053789   0.00024063715    0.0028340746     -0.99986811       6.7763305        6.7763305       13.155763                                      13.155763
              4       12.556549      0.65568882      -33.198054        41.46515     0.022393959     0.024755504     0.012920598     -0.97486036       6.7763305        6.7763305       11.560437                                      11.560437
              2       12.804001      0.62463811      -33.245956       37.561927     0.015624455     0.020014762    0.0095003964     -0.97966571       6.7763305        6.7763305       12.055341                                      12.055341
              2       13.381834       1.5476263      -34.203455        38.94772   0.00033868965   0.00016887901   0.00061514578     -0.99986115       6.7763305        6.7763305       13.211006                                      13.211006
              1        13.38675       1.5949845      -34.243259       29.225786    0.0002115771   0.00013641681   0.00053696518     -0.99988976       6.7763305        6.7763305       13.220838                                      13.220838
              1       13.379289       1.6251642      -34.088909       27.481083   0.00040450439   0.00027221626    0.0011250751     -0.99978249       6.7763305        6.7763305       13.205917                                      13.205917
              4       13.394862        2.965494      -34.877128       27.834692   1.9062869e-06   6.9410745e-07   5.6176768e-05     -0.99999991       6.7763305        6.7763305       13.237064                                      13.237064
              1       13.380073       2.2000272      -34.063234       28.640934   0.00038421675   0.00018326645    0.0019081563     -0.99989346       6.7763305        6.7763305       13.207486                                      13.207486
              1       13.387818       2.0175081      -34.256596        29.94904   0.00018394778   9.1499403e-05   0.00070610228     -0.99993965       6.7763305        6.7763305       13.222976                                      13.222976
              6       13.393494       1.9917332      -34.745486       56.952484   3.7258096e-05   9.8718545e-06   7.3109013e-05     -0.99999339       6.7763305        6.7763305       13.234327                                      13.234327
              4       13.378966        2.572419      -34.019894       37.811504   0.00041284894   0.00012756966     0.002702136     -0.99995015       6.7763305        6.7763305       13.205272                                      13.205272
              4       13.363444       2.6930125      -33.774785       29.975608   0.00081461577   0.00030329716    0.0086202672     -0.99990313       6.7763305        6.7763305       13.174227                                      13.174227
             22       7.0829133       2.5564324      -32.235193       6.8751919       0.4156066      0.71069817       3.8860138      0.26827507       6.7763305        6.7763305       0.6131656                                      0.6131656
              6       6.8717132       2.4999451      -32.454627       15.304918      0.30094389      0.23639917       2.9329019       -0.799106       6.7763305        6.7763305      0.19076548                                     0.19076548
              6       6.7822829       2.4275535       -32.46849       16.838223      0.33174372      0.24392681       2.6277282     -0.78452515       6.7763305        6.7763305     0.011904846                                    0.011904846
             10       7.5447242      0.25813738       -31.36169       25.962933       0.2254708       1.0111313    0.0076498775      0.67196112       6.7763305        6.7763305       1.5367876                                      1.5367876
             15       7.6479782       1.1516913      -32.586876       36.756508      0.46611188      0.33093427      0.38054481     -0.59959174       6.7763305        6.7763305       1.7432955                                      1.7432955
              2       7.5815448      0.24661235      -31.879595       29.081449      0.22271149      0.93332664    0.0086015242      0.12034356       6.7763305        6.7763305       1.6104287                                      1.6104287
              8       6.8160355      0.51171627       -31.06164       21.844328      0.36848901      0.99078295     0.031119631      0.13497396       6.7763305        6.7763305     0.079410074                                    0.079410074
              2       7.2314928      0.34464337      -31.008863       22.270447      0.25231372      0.98801585     0.014401543     -0.82776368       6.7763305        6.7763305      0.91032468                                     0.91032468
              2       7.3746423      0.36225036      -31.013547       20.075068      0.23917313      0.98848126     0.015489418     -0.69745361       6.7763305        6.7763305       1.1966236                                      1.1966236
              6       7.5167085      0.34983611      -30.944216       19.486964      0.22761486       1.0034915     0.014835757      0.79087986       6.7763305        6.7763305       1.4807561                                      1.4807561
              3       6.8155916       1.7378987      -32.718718       39.158843      0.31565949       0.1394076      0.57999656     -0.87247691       6.7763305        6.7763305     0.078522248                                    0.078522248
              1       7.6627494       1.7631934      -32.817952       42.710607      0.21684092     0.086542104      0.40127403     -0.92658159       6.7763305        6.7763305        1.772838                                       1.772838
              2       6.8413286       1.7161928      -32.725903        39.44147      0.30810829      0.13680631      0.55191894     -0.87452967       6.7763305        6.7763305      0.12999635                                     0.12999635
              2       6.7882597      0.20499752      -31.126008       51.625983      0.35651939       1.0124839    0.0051341081     -0.14788788       6.7763305        6.7763305     0.023858376                                    0.023858376
             24       6.8000171       1.9064938      -32.750366       47.692635      0.32154051      0.10628473      0.60132281     -0.91182978       6.7763305        6.7763305     0.047373322                                    0.047373322
              3       6.9426565       1.8817306      -32.776343       47.865668      0.28778455     0.096030194      0.52970986     -0.92081833       6.7763305        6.7763305      0.33265216                                     0.33265216
             12       7.0794471       1.7900994      -32.796094        48.04979      0.26881068     0.093929021      0.45008717      -0.9202521       6.7763305        6.7763305       0.6062332                                      0.6062332
              7       6.8358381      0.23579886      -31.338725       38.516595      0.30957132       1.0244554    0.0068548808     -0.63885559       6.7763305        6.7763305      0.11901529                                     0.11901529
             18       6.8808321      0.57351402      -30.984884       15.539028      0.29902613       1.0084704     0.041232134     0.013439467       6.7763305        6.7763305      0.20900333                                     0.20900333
              5       6.9006187       0.5691109      -30.994174       15.438239        0.295134       1.0095934      0.03893004      -0.2645133       6.7763305        6.7763305       0.2485765                                      0.2485765
              9        6.902957      0.61721282      -30.339025       14.380883       0.2946952      0.99787115     0.046834952     -0.22608369       6.7763305        6.7763305      0.25325303                                     0.25325303
              3       6.8052833      0.64325099      -30.387689       14.933579      0.31938023      0.99927628       0.0511796      0.88957213       6.7763305        6.7763305     0.057905606                                    0.057905606
             13       8.5194612      0.28193123      -30.355946       17.794548      0.16648759      0.99740979    0.0095078337     -0.73061384       6.7763305        6.7763305       3.4862616                                      3.4862616
              2       6.9090665      0.75406921      -30.029972       15.573323      0.39043255       0.9992529     0.071671843      0.47643441       6.7763305        6.7763305       0.2654721                                      0.2654721
              1       9.1491999      0.16829672      -30.522171       24.457432      0.13722366       1.0019924    0.0033360533      0.50744042       6.7763305        6.7763305       4.7457389                                      4.7457389
              2       6.7939726      0.40525722      -30.830018        24.00361      0.32434296       1.0021185     0.019631114      0.86776725       6.7763305        6.7763305     0.035284202                                    0.035284202
              3       6.8324346      0.92666575      -30.082136       10.069259      0.31051236       1.0001846      0.11241961        0.955555       6.7763305        6.7763305      0.11220821                                     0.11220821
              5       6.9333824      0.89730269      -30.037991       9.7044453      0.28931773      0.99859013      0.10474781     -0.90124148       6.7763305        6.7763305      0.31410384                                     0.31410384
             28       8.0439774       0.9335802      -30.442228        15.81065       0.4916725       1.0011438      0.11461568      0.78818171       6.7763305        6.7763305       2.5352939                                      2.5352939
              6       8.1909628      0.47471718      -31.724433       11.496612      0.18388807       1.0126762     0.028550951      0.92746991       6.7763305        6.7763305       2.8292646                                      2.8292646
              7       6.9906276       0.4715543      -31.979059       27.329442      0.40353908      0.94112005     0.022607732      0.39640071       6.7763305        6.7763305      0.42859427                                     0.42859427
             36       6.7970695      0.33808419      -31.909242       31.833736       0.3228558      0.90160855     0.015259988      -0.7702694       6.7763305        6.7763305     0.041478094                                    0.041478094
              4        8.946051       0.3748942      -32.096022        37.75066      0.53781446       1.1421446     0.022227007     -0.31948436       6.7763305        6.7763305       4.3394411                                      4.3394411
              4       7.6635094      0.28371608      -32.247664       45.549068      0.46721273       1.0866086     0.007259808      0.57266452       6.7763305        6.7763305       1.7743579                                      1.7743579
             19       7.3988921      0.21032042      -32.117298       29.183073      0.23711001       1.1610725    0.0065259004     -0.64695272       6.7763305        6.7763305       1.2451233                                      1.2451233
              1       7.2777239      0.50920216      -32.274954       24.950492      0.43613089       1.0317379     0.028335439      0.95823195       6.7763305        6.7763305       1.0027868                                      1.0027868
             24       6.9790477       1.8110238      -31.354288       4.6236086      0.28214668       1.0127252      0.57499568      0.70954399       6.7763305        6.7763305      0.40543457                                     0.40543457
             13       7.0376602       1.7668338      -31.248741       4.5625004      0.27404252        1.021742      0.57355707     -0.31533853       6.7763305        6.7763305      0.52265944                                     0.52265944
              6       7.0875292       1.7655089      -31.250317       4.4544569      0.26784135       1.0236108      0.56979594     -0.54776386       6.7763305        6.7763305      0.62239755                                     0.62239755
             15       6.8649609      0.96760297      -30.259497        11.82679      0.38157622       1.0021648      0.12396594     -0.75374724       6.7763305        6.7763305       0.1772609                                      0.1772609
             13       7.5723248       0.9069675      -30.472857       15.307675      0.46060359      0.99712195      0.10781686     -0.14512546       6.7763305        6.7763305       1.5919887                                      1.5919887
              4       7.2495956       1.1689336       -30.19701       6.4288628       0.2505476       1.0020471      0.19037637     -0.99834463       6.7763305        6.7763305      0.94653035                                     0.94653035
              6       6.9563783       1.0993308      -30.240545       7.8203584      0.28559251      0.99842091      0.16571408     0.059366022       6.7763305        6.7763305       0.3600956                                      0.3600956
             27       6.8627538       1.8852323      -32.521679       15.357384      0.30291965      0.31446131       1.2768462     -0.65248016       6.7763305        6.7763305      0.17284671                                     0.17284671
              8       6.9544226       1.5475815      -32.658002       26.945066      0.28589969      0.20606432      0.57719992     -0.78797496       6.7763305        6.7763305      0.35618431                                     0.35618431
             25       8.3474236      0.73051833      -32.479029       12.972207       0.1753736        0.556213      0.15673569     -0.17688216       6.7763305        6.7763305       3.1421863                                      3.1421863
              3       7.7612652      0.49568398      -32.360021        15.15712      0.21006908      0.84035442     0.048353364      0.60355546       6.7763305        6.7763305       1.9698695                                      1.9698695
              7       6.8965692      0.96938908      -32.364786        15.11279       0.3880962      0.79619329      0.21914278      0.46804635       6.7763305        6.7763305      0.24047752                                     0.24047752
             26       7.3650906      0.92606086      -32.354789       17.470451      0.44400279      0.82482906      0.18685629      0.55912088       6.7763305        6.7763305       1.1775203                                      1.1775203
              6       6.7792757       1.1590951      -32.530747       21.701132      0.34921447       0.4172657      0.42073225     -0.45632583       6.7763305        6.7763305    0.0058905134                                   0.0058905134
              3       6.9956266       1.0801342       -31.95274       12.328184      0.40425273      0.91242677      0.13358714     -0.33746639       6.7763305        6.7763305      0.43859234                                     0.43859234
              4        7.413271       1.2648888      -31.852066       5.8413195      0.23590564      0.95961477       0.2592682      0.68031156       6.7763305        6.7763305       1.2738811                                      1.2738811
             61       6.7850981       1.2867676      -32.716901       46.344952      0.35444752      0.17863694      0.33200889      -0.8132677       6.7763305        6.7763305     0.017535174                                    0.017535174
              9       7.1360226      0.61117452      -30.847828       20.644536      0.42172753       1.0045776     0.046725134      0.45696671       6.7763305        6.7763305      0.71938429                                     0.71938429
              2       6.7913066       0.3328405      -30.978061        32.47109      0.35826833      0.99631644     0.013092459      0.79590979       6.7763305        6.7763305     0.029952317                                    0.029952317
             35       6.7823007       0.1970914      -30.005482       50.530053       0.3317284       1.0011223    0.0046139534      -0.8892818       6.7763305        6.7763305     0.011940454                                    0.011940454
             35       6.7964215      0.19798078      -30.348331       49.155702      0.32315727      0.99801921    0.0046288578    -0.057316275       6.7763305        6.7763305     0.040182026                                    0.040182026
              2       7.1113911       3.0698034      -32.138103       10.938833      0.26505072      0.23722985       15.784123     -0.82960149       6.7763305        6.7763305       0.6701213                                      0.6701213
              6       6.7775546       1.7389237      -31.385982       6.2142164      0.34665117       0.9641568      0.52770599     -0.99999675       6.7763305        6.7763305    0.0024483216                                   0.0024483216
              5       7.0320525       1.6075982      -31.340506       7.4198896      0.40922439       1.0311182       0.4209159     -0.99178408       6.7763305        6.7763305      0.51144397                                     0.51144397
              2       6.7766746      0.55372149      -31.249682       18.206101      0.33953397        1.012271     0.038903872      0.39583217       6.7763305        6.7763305   0.00068824353                                  0.00068824353
             24       6.8745342      0.54515172      -31.321845       16.557665      0.30034119       1.0000468     0.036351119      0.99999341       6.7763305        6.7763305      0.19640745                                     0.19640745
              6       6.9397625      0.90821166       -31.50093       13.626288      0.39574171      0.96110117      0.11212593      -0.7815064       6.7763305        6.7763305      0.32686406                                     0.32686406
             15       8.9400274      0.74036459      -32.631854        19.61591      0.14645755      0.30309554      0.13970225     -0.63239256       6.7763305        6.7763305       4.3273938                                      4.3273938
              7       6.9044081       0.6808615      -32.381713       22.089008      0.38957508      0.77853491      0.10625151      0.40803249       6.7763305        6.7763305      0.25615534                                     0.25615534
              7       6.9163489      0.67055013      -32.372567       21.918119      0.39174339      0.80110427     0.098516049      0.47882586       6.7763305        6.7763305      0.28003679                                     0.28003679
             40       6.8453021       2.8708835      -32.513917       45.775732      0.30708774     0.070231753       2.8864077     -0.97501872       6.7763305        6.7763305      0.13794318                                     0.13794318
             17        6.784614       2.8825588      -32.493586       45.881584      0.32990097     0.074970244       3.1707409     -0.97303585       6.7763305        6.7763305     0.016567055                                    0.016567055
              6       7.4669508        2.765682      -32.510422       48.641133      0.45247462      0.10109047       2.8150279     -0.95153082       6.7763305        6.7763305       1.3812407                                      1.3812407
              6       7.7962541       2.8370571      -32.577671       38.880719      0.20774617     0.056604711       2.1498414     -0.98044316       6.7763305        6.7763305       2.0398473                                      2.0398473
              2       6.9867909       2.6020342        -32.5739        43.93092      0.40298571      0.10595666       1.9878901     -0.93984494       6.7763305        6.7763305      0.42092094                                     0.42092094
              6       7.0737038       2.5027294      -32.626003       51.130499      0.41449264     0.097351984       1.5153937     -0.94190494       6.7763305        6.7763305      0.59474676                                     0.59474676
              6       6.9749354       2.4924514      -32.634752        51.04278      0.40124311       0.0947913       1.4524146      -0.9434271       6.7763305        6.7763305      0.39720988                                     0.39720988
              2       6.9963717       2.5540062      -32.616359       50.909538      0.40435839     0.093468929       1.6209881     -0.94703472       6.7763305        6.7763305      0.44008246                                     0.44008246
             22        6.776823       2.5084147       -32.67951       55.885726      0.34495027     0.073956807       1.2084802     -0.95909151       6.7763305        6.7763305   0.00098507143                                  0.00098507143
             17       6.7824228        2.380887      -31.476299       4.4036659       0.3316239       0.9506367        1.646348     -0.50252064       6.7763305        6.7763305     0.012184643                                    0.012184643
              7       7.4452725      0.37309477      -31.356837       18.452456      0.23327308       1.0183878     0.015925771     0.081494665       6.7763305        6.7763305       1.3378841                                      1.3378841
             13       7.3480762      0.67509232      -31.599136       10.377101      0.24148189       1.0360179     0.052295775     -0.15122223       6.7763305        6.7763305       1.1434915                                      1.1434915
             10       7.3100315      0.63641172      -31.375179       11.735302      0.24488375      0.98548371     0.052428516      0.53505206       6.7763305        6.7763305       1.0674021                                      1.0674021
             22       6.8494955      0.88431501       -31.44809       10.047624      0.30604209         1.03522      0.10003361     -0.97965101       6.7763305        6.7763305      0.14632997                                     0.14632997
              1       6.7798992      0.28682018      -32.275564       33.811823      0.33405849       1.0352998    0.0086688459      0.94656516       6.7763305        6.7763305    0.0071375673                                   0.0071375673
              3       7.1523022      0.19433464      -32.124601        34.55406       0.2604882       1.1658983    0.0053952702     -0.74455938       6.7763305        6.7763305      0.75194355                                     0.75194355
             12        7.229515      0.26469873      -31.534742       29.126733      0.25250879      0.98436186    0.0079254903      0.70384888       6.7763305        6.7763305      0.90636907                                     0.90636907
              3       7.9515748       1.1501825      -32.322671       5.8613192      0.19788575       0.8822147      0.26545465       0.7488847       6.7763305        6.7763305       2.3504887                                      2.3504887
              9       8.0234857        1.201773      -32.343464       5.8768385      0.19354217       0.8236284      0.33718314      0.56123099       6.7763305        6.7763305       2.4943105                                      2.4943105
              3       6.8316898       1.0438841      -32.577322        30.25579      0.37327795      0.35521678      0.31512073     -0.55850105       6.7763305        6.7763305      0.11071864                                     0.11071864
              4       8.4543413      0.44937736      -31.211638       34.606637      0.51420281      0.99376973     0.024935322       0.8093399       6.7763305        6.7763305       3.3560216                                      3.3560216
              6       6.7996271       1.0224671      -30.761654       10.720016      0.36229033      0.99342217      0.13851742     -0.57235478       6.7763305        6.7763305     0.046593194                                    0.046593194
             19       6.8922959       1.0007691      -31.292782       11.893064      0.38726966      0.97792989      0.13847398     -0.47053195       6.7763305        6.7763305      0.23193096                                     0.23193096
              5       6.8201069      0.85891628      -31.235163       13.104392      0.36981398      0.98750091     0.091854023      0.31708183       6.7763305        6.7763305     0.087552882                                    0.087552882
              4       6.7764863      0.81470284      -31.226401       12.949341      0.34365934      0.97904612     0.083980059     -0.96644638       6.7763305        6.7763305   0.00031161251                                  0.00031161251
              3       6.7772802      0.59437059       -30.87862       16.986229      0.33790323       1.0059119     0.044193205      0.21418857       6.7763305        6.7763305    0.0018994514                                   0.0018994514
              5        6.861923      0.86435707      -30.626159       10.492491      0.30310794       1.0044942     0.097226556      -0.3978857       6.7763305        6.7763305      0.17118515                                     0.17118515
              4       6.8348144        0.748174      -30.386593       12.477205      0.30985147      0.99759795      0.07026323       -0.233536       6.7763305        6.7763305      0.11696782                                     0.11696782
              6        6.860264      0.72695173      -30.372239       12.527037      0.30348671       1.0016308     0.066111893      0.37497793       6.7763305        6.7763305      0.16786708                                     0.16786708
             14       7.9464994       1.0522146      -30.232555       13.876047      0.48580273       1.0000271      0.14931685      0.99902831       6.7763305        6.7763305       2.3403378                                      2.3403378
             23       9.1551094       1.0410662       -30.15308       15.770782      0.54703117        1.001388      0.14621124     -0.18629998       6.7763305        6.7763305       4.7575579                                      4.7575579
              8        7.114889        2.510668      -30.946694       4.9471146      0.41934989       1.0147456       1.9431707     -0.44918427       6.7763305        6.7763305      0.67711701                                     0.67711701
             15        6.779179       2.4597745      -30.830147       4.3141054      0.34909501       0.9887341       1.8167204     -0.48536852       6.7763305        6.7763305    0.0056970553                                   0.0056970553
             23       6.9058953       2.4420312      -30.855013       4.8090627       0.3898505      0.99771926       1.7440536      0.94427248       6.7763305        6.7763305      0.25912975                                     0.25912975
             10       7.1706196       1.9315069      -31.431526       6.3606997      0.42547381        1.040863      0.74884425     -0.83206182       6.7763305        6.7763305      0.78857827                                     0.78857827
             26       6.8497216        2.176235      -31.472003        5.374574      0.37801344      0.97135795       1.1570405      0.38612884       6.7763305        6.7763305      0.14678227                                     0.14678227
             29       6.7959149       1.5126625      -30.426335       7.1887947      0.36060366      0.99667582      0.36167206     -0.57095627       6.7763305        6.7763305     0.039168879                                    0.039168879
             12       9.1714411      0.31022637      -31.036275       13.053042       0.1362662       1.0113922     0.011266591     -0.50811282       6.7763305        6.7763305       4.7902212                                      4.7902212
              2       6.7889229      0.54545614      -31.471306       19.490754      0.35691759       1.0090237     0.035289494      0.87405145       6.7763305        6.7763305     0.025184966                                    0.025184966
              9       6.7803183      0.47349309      -31.452567        20.49896      0.33360521       1.0330212     0.026325314     -0.85717572       6.7763305        6.7763305    0.0079756027                                   0.0079756027
              3       7.1690344       0.9153479      -31.124529       8.3903937      0.25869415       1.0123717      0.11255195    -0.032270287       6.7763305        6.7763305      0.78540794                                     0.78540794
             11       6.9085967      0.94247761      -31.114866       9.4096403      0.29365324       0.9952052      0.11482711      0.83158168       6.7763305        6.7763305      0.26453255                                     0.26453255
             12       7.3728275       1.1145025      -30.315966       6.4367989      0.23932919       1.0026898      0.17038885     -0.99994732       6.7763305        6.7763305        1.192994                                       1.192994
              3         8.23643       1.1699786      -30.323058       4.6531719      0.18136726        1.001276      0.19152932       0.5684206       6.7763305        6.7763305        2.920199                                       2.920199
             11       8.2112175       1.1499913      -30.336629       4.7854301      0.18276017      0.99813185      0.18412207      0.15670388       6.7763305        6.7763305       2.8697742                                      2.8697742
             17       6.9976503       1.4383232      -31.922257        6.565895       0.2794607      0.88938994      0.29779157     -0.95035489       6.7763305        6.7763305      0.44263965                                     0.44263965
              1       7.0982259      0.26237586      -32.055912       28.258784      0.26657762       1.0806082     0.010409006      0.46603719       6.7763305        6.7763305      0.64379083                                     0.64379083
             33       7.4788921      0.37191097      -31.127959       36.111849      0.45342562       1.0147037     0.017005555      -0.5681953       6.7763305        6.7763305       1.4051232                                      1.4051232
              3       6.8035352      0.36492412      -30.404264        30.01216      0.36392631      0.99870111     0.016041932      0.65636375       6.7763305        6.7763305     0.054409562                                    0.054409562
             15       6.7837824      0.33625397      -30.426505       29.616455      0.33052434      0.99752746     0.013609978     -0.13551969       6.7763305        6.7763305     0.014903902                                    0.014903902
             12       6.8404088        3.024402      -32.138835       8.1551413      0.30834896      0.37574515        14.01771     -0.58759718       6.7763305        6.7763305      0.12815671                                     0.12815671
              1       7.0948535       2.2304957      -32.411417       8.8469626      0.26697374      0.40662575       2.4164818     -0.51094645       6.7763305        6.7763305      0.63704611                                     0.63704611
             27       6.8001755          2.2056      -32.383794       9.2176797      0.32147223      0.47524439       2.3958869     -0.37098405       6.7763305        6.7763305     0.047690034                                    0.047690034
              6       6.7938846       2.2048426      -32.383705       9.2946722      0.32438705      0.47574447       2.3932884     -0.36988812       6.7763305        6.7763305     0.035108194                                    0.035108194
              4       6.7770939       1.8742789       -30.92501       5.5864046      0.34567309      0.99224947      0.67128339      0.28634285       6.7763305        6.7763305    0.0015268895                                   0.0015268895
              2       6.9290643       1.9819974      -30.959962       4.4303479      0.29004701      0.99277169      0.80080764      0.50463804       6.7763305        6.7763305      0.30546772                                     0.30546772
              6       7.1144559       2.0119731      -31.054535       6.3592769       0.4193004      0.98495701       0.8089611     -0.41585737       6.7763305        6.7763305      0.67625085                                     0.67625085
              5       7.9619418        1.925148      -31.180772       7.4456973      0.48674848       1.0206034      0.73810747     -0.49020027       6.7763305        6.7763305       2.3712227                                      2.3712227
             10       6.9827145       1.1934966        -30.7959       10.052034      0.40239221       1.0080831       0.2011174     -0.90485487       6.7763305        6.7763305      0.41276805                                     0.41276805
              8        6.913527       2.0854046      -32.449451       14.757212       0.3912396      0.38209385       1.8890481     -0.54983753       6.7763305        6.7763305      0.27439313                                     0.27439313
             15       6.7765777       2.0153898      -32.487279       15.230699      0.34409045      0.33691133       1.6121936     -0.62336243       6.7763305        6.7763305   0.00049456338                                  0.00049456338
              6       7.1583637       2.0762308      -32.554839       16.190929      0.25983376      0.23231115       1.4365615     -0.77868932       6.7763305        6.7763305      0.76406643                                     0.76406643
             20       7.0659437       2.0707771      -32.551012       16.511015      0.27045949      0.23774806       1.4460125     -0.77133491       6.7763305        6.7763305      0.57922645                                     0.57922645
             15       6.9460571        2.902146      -32.174002       5.5728594      0.28723314      0.53377606       9.2931625     -0.21706939       6.7763305        6.7763305      0.33945331                                     0.33945331
              7       10.811231       2.8480336      -32.513176       10.303781     0.074970494     0.076783968       2.8738535     -0.97057074       6.7763305        6.7763305       8.0698005                                      8.0698005
              7       10.862287       2.8501394       -32.51966       10.504555     0.073286369     0.073570098        2.794724     -0.97241209       6.7763305        6.7763305       8.1719121                                      8.1719121
              4        10.10086       2.6597646      -32.239452       10.848478      0.58438623      0.60870918       5.1241175    -0.029805475       6.7763305        6.7763305       6.6490591                                      6.6490591
             15       6.9968947       2.6515746      -32.339887       13.268505      0.40443246      0.34549525       4.7611196      -0.6429608       6.7763305        6.7763305      0.44112855                                     0.44112855
              7       6.7833913       2.5168984      -32.442617       17.176486      0.35317047      0.24553097       3.0962134     -0.78829547       6.7763305        6.7763305     0.014121712                                    0.014121712
             31       6.8118666       2.7478078      -32.254717        8.464489      0.36705982      0.47432025        6.305995      -0.3788273       6.7763305        6.7763305     0.071072282                                    0.071072282
             13       7.1327486       2.6359643      -32.238553       7.5860073      0.42136386      0.63332466       4.8202802     0.039844519       6.7763305        6.7763305       0.7128363                                      0.7128363
              5       7.3841604         1.43669      -31.848423       5.1981586      0.23835845      0.95926779      0.35505139      0.68847327       6.7763305        6.7763305         1.21566                                        1.21566
              2       6.9409274      0.60607634      -31.649815       14.990265       0.2880671      0.95296931     0.049761111     -0.31650229       6.7763305        6.7763305      0.32919393                                     0.32919393
             12       6.7769468      0.67508868      -31.709651       15.281504      0.33869979      0.98675629     0.054306838      0.90989805       6.7763305        6.7763305    0.0012326117                                   0.0012326117
             13        7.201157       0.3863616      -31.316405       20.069181      0.25535397      0.98978511     0.017358936      0.66406166       6.7763305        6.7763305      0.84965301                                     0.84965301
              2       6.9859028      0.64786378      -31.303995       13.365358      0.28114311      0.97585449     0.051079055     -0.89909131       6.7763305        6.7763305       0.4191446                                      0.4191446
              9       7.3991346      0.42301551       -30.17959       16.844835      0.23708959       1.0000261     0.021577368      0.99799678       6.7763305        6.7763305       1.2456082                                      1.2456082
              6       7.0691771      0.65868605      -30.251638       18.858333      0.41393877       1.0015583     0.054131785    -0.010340056       6.7763305        6.7763305      0.58569337                                     0.58569337
             34       6.7914847      0.47271361      -30.653671       20.806013      0.32563525      0.99509911     0.027311877     -0.55439919       6.7763305        6.7763305     0.030308418                                    0.030308418
              3       7.3967625      0.48607871       -30.65736       27.733701      0.44671044       0.9959409     0.028409324    -0.065324014       6.7763305        6.7763305       1.2408641                                      1.2408641
              7       7.0723956      0.46966958      -30.601501       26.637217        0.414333      0.99538282     0.026885234     -0.75834979       6.7763305        6.7763305      0.59213018                                     0.59213018
              6       7.3159013      0.69870441      -30.920969       18.800292      0.43964884       1.0059346     0.060048299      0.33742683       6.7763305        6.7763305       1.0791417                                      1.0791417
             27       7.1151854      0.20578962      -30.801611       38.480959      0.26461625        1.004313    0.0049637387      0.36334776       6.7763305        6.7763305      0.67770993                                     0.67770993
             32       8.0516049       2.1937913      -32.819324       45.083798      0.19187788     0.058308384      0.55569807     -0.96118342       6.7763305        6.7763305       2.5505489                                      2.5505489
             23       7.3404018       2.1111871      -32.784333       45.851799      0.24215878     0.075186356       0.6122398      -0.9457861       6.7763305        6.7763305       1.1281427                                      1.1281427
             32       6.8052539       2.0860066      -32.729393       46.022287      0.31939172     0.099991176      0.75654786     -0.92362443       6.7763305        6.7763305      0.05784679                                     0.05784679
             12       7.3019341       2.0872149      -32.692652       53.085724       0.4383767      0.11891166      0.87866087     -0.90614056       6.7763305        6.7763305       1.0512073                                      1.0512073
              2       8.7586847       2.1530048      -32.912582       54.903955      0.15483119     0.039366946      0.35980458     -0.97418498       6.7763305        6.7763305       3.9647084                                      3.9647084
              6       8.7377735       2.0862176      -32.915271       53.811637      0.15582099     0.041716904      0.34099485     -0.97140049       6.7763305        6.7763305       3.9228861                                      3.9228861
             16       8.4864394       1.9842446      -32.908574       53.636842      0.16815799     0.047487686      0.32745402     -0.96527818       6.7763305        6.7763305       3.4202179                                      3.4202179
              6       6.8765297       2.5639007      -32.549132        27.17832      0.29992007      0.12936108       2.1571382      -0.9187281       6.7763305        6.7763305      0.20039842                                     0.20039842
              7       7.7350179       2.1094605      -32.576467       33.116269      0.47216115      0.20314182       1.3811592        -0.81676       6.7763305        6.7763305       1.9173748                                      1.9173748
              2       7.1050171      0.39050649       -31.60583        31.31617      0.41821385        1.027835     0.016920797      0.31053854       6.7763305        6.7763305      0.65737335                                     0.65737335
              4       7.2227172       1.1388187      -31.132757        11.17693      0.43081749       1.0172743      0.17693758     -0.90780817       6.7763305        6.7763305      0.89277355                                     0.89277355
             14        7.214972      0.71746305      -30.918526       10.543757      0.25395641       1.0089884     0.063624429     -0.52946114       6.7763305        6.7763305       0.8772831                                      0.8772831
              6       6.7976105      0.94523338      -31.983754       10.725925       0.3226077      0.95636319      0.10251761      0.71254498       6.7763305        6.7763305     0.042560111                                    0.042560111
             10       7.1445019      0.78661942      -32.611525       30.541917       0.2613382      0.32693683      0.16488277     -0.59735635       6.7763305        6.7763305       0.7363429                                      0.7363429
              3       7.2757318      0.79376295      -32.624668       30.387578      0.24805629      0.30909021      0.16346254     -0.62446903       6.7763305        6.7763305      0.99880275                                     0.99880275
             14       7.5093189      0.76452675      -32.635848       30.235968      0.22818712       0.2966856       0.1477778     -0.64226703       6.7763305        6.7763305       1.4659769                                      1.4659769
              3       7.8842412       1.8099874      -32.216437       7.5740847      0.48192498       1.0565636      0.52743614      0.88219726       6.7763305        6.7763305       2.2158216                                      2.2158216
              5       6.8400204        1.231386       -32.73174       44.035932       0.3084511      0.17096486      0.28989571     -0.82102215       6.7763305        6.7763305      0.12737988                                     0.12737988
              8       9.1523114        1.046856      -31.726027        15.32914      0.54691055       1.0243149      0.15939669      0.76926425       6.7763305        6.7763305       4.7519618                                      4.7519618
             16       7.0584669       1.7513222       -32.42548       8.9418312      0.27138899      0.52086071       1.1906111     -0.26311997       6.7763305        6.7763305      0.56427281                                     0.56427281
              9        6.799405      0.83999991      -31.105393       11.701173      0.32180662      0.98402982     0.090052946     -0.97705651       6.7763305        6.7763305     0.046148986                                    0.046148986
              2       6.7861573       1.5902021      -31.820833       6.6417808      0.35517799       1.0107205      0.39981886      0.97333444       6.7763305        6.7763305     0.019653621                                    0.019653621
              4       6.8489341       1.2592678      -31.680095       9.5175922      0.37781971      0.94746094      0.20808577     -0.47490089       6.7763305        6.7763305      0.14520731                                     0.14520731
             14       10.256997      0.34815958      -32.711266        35.39469     0.093987203      0.22923143     0.025122877     -0.73120664       6.7763305        6.7763305        6.961334                                       6.961334
              2       9.6097898       1.8989114      -32.939948       42.310789      0.11823027      0.04422774      0.26767778     -0.96651069       6.7763305        6.7763305       5.6669187                                      5.6669187
             20       9.2556935       2.8576098      -32.521931       19.734391      0.13267895     0.070712677        2.773618     -0.97423175       6.7763305        6.7763305        4.958726                                       4.958726
              3       6.8133272       1.2665647      -30.367825       7.5124521      0.31643036      0.99951874       0.2301123      0.95437409       6.7763305        6.7763305     0.073993471                                    0.073993471
             10        6.911198      0.70050119      -31.583026       12.009047      0.29318013       1.0474638      0.06077205     -0.99481503       6.7763305        6.7763305      0.26973511                                     0.26973511
              5       6.7788254       1.0568149      -31.994607        9.731554      0.33535989      0.98005832      0.14173065      0.94836054       6.7763305        6.7763305    0.0049899312                                   0.0049899312
              7       7.4365018       1.0086899      -31.797956       6.5565862      0.23398821       1.0633602      0.12033001     -0.38314762       6.7763305        6.7763305       1.3203426                                      1.3203426
              5       7.0621031      0.97174887      -32.249738       7.8814405      0.27093542        1.063232      0.10269971      0.81295173       6.7763305        6.7763305      0.57154536                                     0.57154536
              4       8.6978267      0.19933075      -30.660218       23.767218      0.15772661       1.0006317    0.0047256479       0.9739151       6.7763305        6.7763305       3.8429925                                      3.8429925
              1       7.2436675      0.29470297      -30.608281       25.537021      0.25112217       1.0028875      0.01044954      0.32127094       6.7763305        6.7763305        0.934674                                       0.934674
              6       6.8269968        0.285266      -31.012047       33.289614      0.31207716      0.98770016    0.0096314344     -0.94364472       6.7763305        6.7763305      0.10133274                                     0.10133274
              8       6.8226391      0.29361216      -30.905382       32.207513      0.31339291      0.99604705     0.010154524      0.67049315       6.7763305        6.7763305     0.092617176                                    0.092617176
              4        7.358791      0.99251183      -30.489416       7.2906242      0.24054438      0.99911785      0.13050403      0.90237933       6.7763305        6.7763305       1.1649211                                      1.1649211
              3       6.8978093       1.6177285      -31.732347       6.8402542      0.38833329       1.0547479      0.48778972      0.11388722       6.7763305        6.7763305      0.24295762                                     0.24295762
              1       6.7772707       1.5907836      -31.686852       6.6413992      0.33792373      0.96132428      0.37472879      0.31341567       6.7763305        6.7763305    0.0018804862                                   0.0018804862
              9       7.3571375       1.6240644      -31.667215       4.7507423      0.24068849      0.93758904      0.41328175     -0.84856227       6.7763305        6.7763305       1.1616141                                      1.1616141
              2       7.1833237       1.6944851      -30.818835       4.5316179      0.25719207        1.006673      0.49721777     0.047668395       6.7763305        6.7763305      0.81398648                                     0.81398648
              9       6.9310923       1.1228778      -30.552444       10.575538      0.39429675      0.99795309      0.17443139      0.61941637       6.7763305        6.7763305      0.30952359                                     0.30952359
             25       7.2202125       1.2241604      -30.570627       10.622427      0.43056796      0.99517979      0.21165891      -0.9067921       6.7763305        6.7763305      0.88776415                                     0.88776415
             34       6.8729462       1.7957757      -32.790732       52.476776      0.30067938     0.095897287      0.46246281     -0.91852055       6.7763305        6.7763305      0.19323147                                     0.19323147
             14        6.868655       1.7953294       -32.79005       52.468382      0.30160744     0.096232581      0.46355552     -0.91818644       6.7763305        6.7763305      0.18464901                                     0.18464901
              2       6.9223309       1.6634157      -32.766543       44.834898      0.29120511      0.11735563      0.44662366     -0.89335822       6.7763305        6.7763305      0.29200097                                     0.29200097
              4       8.8008168       1.4802818      -32.880229        39.99841      0.15285264     0.077590352      0.23030582     -0.92917702       6.7763305        6.7763305       4.0489728                                      4.0489728
              3       6.9231134      0.25419283      -32.350172       53.322396      0.39293081      0.87129464      0.01154511      0.70290692       6.7763305        6.7763305      0.29356579                                     0.29356579
             15       6.7871449      0.22798324      -32.349907       53.767767      0.35582438      0.87243423    0.0092464343      0.70649893       6.7763305        6.7763305     0.021628964                                    0.021628964
              8       7.5657888       0.2227919      -32.228859         27.0546      0.22388435       1.1163622    0.0042691209      0.11794474       6.7763305        6.7763305       1.5789166                                      1.5789166
              4       7.9072752       1.2079655      -32.383156       16.632007      0.48337205      0.72310983      0.40672917      0.24974684       6.7763305        6.7763305       2.2618895                                      2.2618895
              5       8.1050426       2.2702364      -32.571336       14.168511      0.18876489      0.17637938       1.6144463     -0.85616646       6.7763305        6.7763305       2.6574242                                      2.6574242
             20       6.8211689       2.3426598      -32.427988       14.215566      0.37014932      0.33406078       2.6931503     -0.64537169       6.7763305        6.7763305     0.089676817                                    0.089676817
              1       6.8206844       2.0787029      -32.417636       10.173446      0.31400315      0.44626763       1.9493629     -0.42785117       6.7763305        6.7763305     0.088707954                                    0.088707954
             17       7.1787335      0.40928666       -30.29535       18.967869      0.25767168      0.99756788     0.020168024     -0.99508183       6.7763305        6.7763305      0.80480598                                     0.80480598
              3       6.8187339      0.60970874      -32.098841       13.496327      0.31462569       1.1491536     0.059757415     -0.41024136       6.7763305        6.7763305     0.084806803                                    0.084806803
             15        6.823341       1.2860377      -31.712463       8.6384435      0.37082309       1.0032276      0.24199047      0.99569768       6.7763305        6.7763305      0.09402109                                     0.09402109
              3       7.0155241       0.2984598      -31.982743        29.49847      0.27698438      0.94556601      0.00897666      0.48825282       6.7763305        6.7763305      0.47838735                                     0.47838735
             15       7.0734533      0.31188145      -31.965189       28.196164      0.26953791      0.92121753    0.0096576016     -0.17956939       6.7763305        6.7763305      0.59424558                                     0.59424558
              1       7.2094297      0.29498659      -31.953498       28.526056       0.2545144       0.9090552    0.0089228156     -0.60616088       6.7763305        6.7763305      0.86619852                                     0.86619852
              8       7.3558074      0.29496041      -31.584738       23.448433      0.24080456       1.0464273     0.010247366     -0.99129024       6.7763305        6.7763305       1.1589539                                      1.1589539
              5       7.5605971      0.55055037      -31.369524        12.29164      0.22427337      0.99607653     0.037602536      0.96362581       6.7763305        6.7763305       1.5685332                                      1.5685332
              8       6.8198119      0.66139457      -31.322233       16.779571       0.3697201       1.0012753     0.054634548      0.99525262       6.7763305        6.7763305     0.086962842                                    0.086962842
             14        6.801617      0.65020432      -31.383535       17.235208      0.36313916      0.97393191     0.055032811     -0.43471546       6.7763305        6.7763305     0.050573101                                    0.050573101
              4       7.8732031      0.82135632      -31.317047       17.745084      0.48122619      0.99234229     0.084166842       0.8245471       6.7763305        6.7763305       2.1937453                                      2.1937453
              6       7.5692251      0.85851667      -31.420582       16.018683      0.46037244       1.0061337     0.096985492      0.93374269       6.7763305        6.7763305       1.5857892                                      1.5857892
              2       6.9035738       1.1230215       -31.18629       10.232721      0.38941987       1.0184994      0.17785459     -0.65423408       6.7763305        6.7763305      0.25448665                                     0.25448665
             29       6.7855943      0.80391228      -30.677471       13.300025      0.35479496      0.99732848     0.081717438      0.60019887       6.7763305        6.7763305      0.01852773                                     0.01852773
             20       7.0753337      0.45516246      -30.696637       17.862307      0.26930898      0.99556303     0.024802788    -0.067334058       6.7763305        6.7763305      0.59800644                                     0.59800644
              1       7.0852956      0.17917089      -31.614323       44.328495      0.26810797       1.0145681    0.0036218344      0.82138352       6.7763305        6.7763305      0.61793026                                     0.61793026
              5       6.9947037      0.19846614      -31.645758       44.140329      0.27987841      0.96021682     0.005159776    0.0073958382       6.7763305        6.7763305      0.43674651                                     0.43674651
             11       7.1735808      0.27341582      -31.708318       47.676592      0.42578668      0.98171434    0.0083710514       0.8160907       6.7763305        6.7763305       0.7945006                                      0.7945006
             13       7.6523734      0.28162357      -31.969252       53.746947      0.46642439      0.92614794    0.0078305386    -0.023072724       6.7763305        6.7763305       1.7520858                                      1.7520858
             20       7.0192128      0.27435639      -32.466191       49.986522      0.27648499      0.60593421     0.020617998    -0.063825838       6.7763305        6.7763305      0.48576466                                     0.48576466
             41       6.8971019      0.24557589      -32.421244       51.307864       0.2958018      0.70559104     0.014908933      0.19034024       6.7763305        6.7763305      0.24154296                                     0.24154296
              7       6.9263206      0.57103643      -32.596116       42.383229      0.29051577      0.36077278     0.088295607     -0.54096813       6.7763305        6.7763305      0.29998028                                     0.29998028
              6       6.8971904      0.49389221      -32.527795        37.78767      0.29578489       0.4763384     0.070301821     -0.33825961       6.7763305        6.7763305      0.24171985                                     0.24171985
              2       7.0764777       1.0679103      -32.643748       43.851069      0.41482995      0.26624229      0.28570535     -0.69268858       6.7763305        6.7763305      0.60029438                                     0.60029438
              6       6.9328699       1.0642369      -32.656242       44.125638      0.39459624      0.25254894       0.2744665     -0.71158892       6.7763305        6.7763305      0.31307886                                     0.31307886
              9       7.3455954       1.2278792      -32.788076       44.482172       0.2417002      0.13300173        0.235625     -0.86516741       6.7763305        6.7763305       1.1385298                                      1.1385298
              5       7.4114953        1.235112      -32.794973       44.682746      0.23605363      0.12855424      0.23218948     -0.87033175       6.7763305        6.7763305       1.2703296                                      1.2703296
              9       7.2391982       1.4352091      -32.786001       43.116599      0.25155776      0.12217996      0.31763937     -0.88207095       6.7763305        6.7763305      0.92573543                                     0.92573543
              7       6.9485521       1.8460215      -32.761938       44.225285      0.28683206      0.10559472      0.54405574     -0.91061015       6.7763305        6.7763305      0.34444335                                     0.34444335
             10       7.3929645       1.8999251      -32.799204       44.190673      0.23761055     0.085059049      0.48962311     -0.93146807       6.7763305        6.7763305       1.2332681                                      1.2332681
              2       10.583025       1.6204818      -32.991236       35.768378     0.082631708     0.042847475      0.16708265     -0.96389634       6.7763305        6.7763305       7.6133896                                      7.6133896
              5       10.364329       2.2899198      -32.800075       20.797986     0.090192322     0.056918038       0.6391604     -0.96449876       6.7763305        6.7763305       7.1759967                                      7.1759967
             20       7.3647706        1.985324      -32.460211       17.199011      0.44397506      0.39079195       1.6317186     -0.52995253       6.7763305        6.7763305       1.1768802                                      1.1768802
             22       6.8600804      0.43058802      -30.851564       26.334508      0.38047114       1.0084549     0.022545555      -0.8726497       6.7763305        6.7763305      0.16749986                                     0.16749986
             14       6.7799465       1.9602214      -31.254073       4.9808665      0.33400607       1.0281731      0.76132324     -0.99807392       6.7763305        6.7763305    0.0072321181                                   0.0072321181
             10       6.8547871       1.9508333      -31.262814       5.7207604      0.37923554       1.0213087      0.71987452     -0.15017358       6.7763305        6.7763305      0.15691321                                     0.15691321
              2       6.8148617       1.9323368      -31.282542       5.0152634      0.31590546      0.97972113      0.75685471      0.11233161       6.7763305        6.7763305     0.077062561                                    0.077062561
              8       7.4484298       2.2371868      -32.079593        4.987103      0.45098321       1.2148753       1.2686524     -0.99078217       6.7763305        6.7763305       1.3441987                                      1.3441987
              2       10.892421      0.52028311       -30.88438       35.016483      0.61170271       1.0091368     0.032750377     -0.88958045       6.7763305        6.7763305       8.2321812                                      8.2321812
              2       11.879027       1.7406503      -33.061684       25.261864     0.041708715     0.028508331       0.1370601     -0.97742811       6.7763305        6.7763305       10.205393                                      10.205393
              1       10.456181      0.34319383       -32.81865       52.884153     0.086989561      0.14405357     0.017258003     -0.83954698       6.7763305        6.7763305       7.3597017                                      7.3597017
              1       8.1753999      0.31904881      -31.354488       46.046377       0.4992398       1.0213592     0.011613149     -0.25636579       6.7763305        6.7763305        2.798139                                       2.798139
              8       8.0744774      0.13802523      -31.223741       42.339334      0.19053762      0.97994147    0.0022861898     -0.92336894       6.7763305        6.7763305       2.5962939                                      2.5962939
             10       7.5939138      0.34131544       -32.58596       50.748663      0.22179878        0.384858     0.031693077     -0.49946581       6.7763305        6.7763305       1.6351667                                      1.6351667
              3       7.5517435      0.83450772      -32.344189       19.263099      0.45906024        0.858292      0.13794092       0.6664002       6.7763305        6.7763305        1.550826                                       1.550826
              8       10.722763       2.5450014      -30.553371       7.2011365      0.60608589      0.99395567       2.0985885     -0.41696487       6.7763305        6.7763305        7.892865                                       7.892865
             30       8.6283526       2.4938036      -32.846548       57.371625       0.1610886     0.033839762      0.57300565     -0.98337483       6.7763305        6.7763305       3.7040444                                      3.7040444
              8       10.190402       1.3221253      -33.024139       50.299778     0.096371266     0.043554275      0.10252379     -0.95999286       6.7763305        6.7763305       6.8281434                                      6.8281434
              1       8.2427073      0.90635045      -32.801329       42.906632      0.18102233      0.13990508      0.12522255     -0.85094039       6.7763305        6.7763305       2.9327536                                      2.9327536
             18       6.7993583      0.73056311      -32.642797       45.646782      0.32182705      0.29005245      0.13265855     -0.65133125       6.7763305        6.7763305     0.046055676                                    0.046055676
              5       7.4203843      0.90412226      -32.238309       7.1927303      0.23531485       1.0875527     0.081798781      0.58927055       6.7763305        6.7763305       1.2881078                                      1.2881078
             17       7.0457262      0.91436197      -32.290438       9.1556406      0.27300173      0.98012262      0.11790662      0.98817826       6.7763305        6.7763305      0.53879148                                     0.53879148
              4       6.9191834      0.85941479      -32.210782       9.0139626      0.29175562       1.1319378     0.069904731     -0.11882457       6.7763305        6.7763305      0.28570593                                     0.28570593
              2       7.7426801      0.97208515      -32.127981       5.5472193      0.21131974       1.1778292      0.14027552     -0.89471156       6.7763305        6.7763305       1.9326992                                      1.9326992
              1       8.9230507      0.33849137      -30.271844       13.101454      0.14722618      0.99779163     0.013685423     -0.84054954       6.7763305        6.7763305       4.2934404                                      4.2934404
             15       8.8086371      0.25704202      -30.482923       17.802577      0.15248767       1.0015431    0.0078253182      0.64665339       6.7763305        6.7763305       4.0646132                                      4.0646132
              5       6.8338013      0.45343386      -31.882472       22.164175      0.31013115      0.92747405     0.029640346   -0.0076316506       6.7763305        6.7763305      0.11494158                                     0.11494158
             11       6.8770581      0.42675645      -31.876969       22.563653      0.29980925      0.93578792     0.026059631      0.18376645       6.7763305        6.7763305      0.20145531                                     0.20145531
              3       6.9008543       0.7249968      -31.950336       13.482206      0.29508961      0.90735821     0.056851928     -0.60272848       6.7763305        6.7763305       0.2490476                                      0.2490476
             14       6.9063564      0.73234251      -31.947332       13.338042      0.29406444      0.90481142     0.058847424     -0.69116289       6.7763305        6.7763305      0.26005184                                     0.26005184
              5       7.1075449       0.6603419      -31.145157       12.066942      0.26549365       1.0014055     0.053946379      0.98683873       6.7763305        6.7763305      0.66242883                                     0.66242883
              3       7.3230555      0.76453881      -31.148321       9.6279406      0.24370593      0.99507326     0.075181534      0.84680042       6.7763305        6.7763305       1.0934501                                      1.0934501
              2       6.9132531      0.92198169      -31.932488       14.237301      0.39119042      0.89569502      0.10407035     -0.94791928       6.7763305        6.7763305      0.27384536                                     0.27384536
              2       6.9304453      0.79754073      -31.949092        16.38647      0.39418733      0.90653856     0.069870844     -0.61526175       6.7763305        6.7763305      0.30822962                                     0.30822962
             16       6.8054036      0.72096919      -32.056812       12.201032      0.31933326       1.0910704     0.084191033      0.36657279       6.7763305        6.7763305     0.058146367                                    0.058146367
              5       7.4976594      0.62299869      -32.020602       10.845006      0.22909594       1.0191131     0.051294151      0.95958751       6.7763305        6.7763305        1.442658                                       1.442658
              3       7.6340788      0.57546673      -32.004519       11.584709      0.21888165      0.98679267      0.03887158      0.97660342       6.7763305        6.7763305       1.7154966                                      1.7154966
              8       7.6859774        1.566046       -32.80632       39.825427      0.21521167       0.1037105      0.34329032     -0.90478755       6.7763305        6.7763305       1.8192939                                      1.8192939
              3       7.2906741       1.6518342      -32.745686       34.492869      0.24666123       0.1301149      0.47809973     -0.87960681       6.7763305        6.7763305       1.0286873                                      1.0286873
              9       6.9357875       1.5870664      -32.792903       50.224125      0.28891588      0.10893961      0.37066874     -0.89995098       6.7763305        6.7763305        0.318914                                       0.318914
              2        6.973795      0.44027534      -30.858341       27.291644      0.40107278       1.0032081     0.023173944      0.73404717       6.7763305        6.7763305      0.39492914                                     0.39492914
              1       7.8667116      0.17637544      -30.486364       34.748176       0.2031864      0.99642913    0.0037016896     -0.82588319       6.7763305        6.7763305       2.1807622                                      2.1807622
             36       7.7694285      0.16951917      -30.609719       36.980933      0.20952348       1.0045185    0.0034283276     -0.66316447       6.7763305        6.7763305       1.9861961                                      1.9861961
             21       6.7866308       0.2301175      -30.688768       42.875619      0.32850827       1.0007099    0.0062778449      0.97109724       6.7763305        6.7763305     0.020600577                                    0.020600577
              2       7.6600139      0.40228543      -30.453196       34.900283      0.46696581      0.99964025     0.019455328      0.97962202       6.7763305        6.7763305       1.7673668                                      1.7673668
             20       7.7159668      0.52512993      -30.161203       26.947536      0.47086137       1.0000671     0.033626628      0.99348455       6.7763305        6.7763305       1.8792726                                      1.8792726
              1       6.7893942      0.24451221      -30.671125        40.29257      0.32680585      0.99697942     0.007176307      0.44563936       6.7763305        6.7763305     0.026127468                                    0.026127468
              3       7.4554112        0.329201      -30.697756       41.342674      0.45154778      0.99716242     0.012848877      0.56180416       6.7763305        6.7763305       1.3581615                                      1.3581615
             11       7.1921575      0.34528075      -30.233078       22.322402      0.25627664      0.99935001     0.014309021      0.82154323       6.7763305        6.7763305      0.83165402                                     0.83165402
              5       6.8258074      0.44508293      -30.518056        25.02185      0.37156953       1.0027707     0.024116862      0.06263178       6.7763305        6.7763305     0.098953924                                    0.098953924
              3       7.6763793      0.62780453      -30.490396       22.395708      0.46811766       1.0006626     0.048867066      0.93914156       6.7763305        6.7763305       1.8000977                                      1.8000977
              3       6.8078515      0.73780695      -31.017818       13.047419      0.31839831      0.99408909     0.067319185      0.58170896       6.7763305        6.7763305     0.063042076                                    0.063042076
              2       7.0188987      0.52601959      -31.188353       22.871482      0.40747264       1.0179446      0.03451601     -0.74304792       6.7763305        6.7763305      0.48513651                                     0.48513651
              5       6.7848622      0.48018644      -31.357716       21.804172      0.35427893       1.0169925     0.026691753      0.22788371       6.7763305        6.7763305     0.017063396                                    0.017063396
              4       6.8925959      0.87549869      -30.375089       10.214091      0.29667183      0.99710979     0.099435727     -0.82475811       6.7763305        6.7763305      0.23253094                                     0.23253094
             15       7.3941824      0.81665441      -30.459618       8.7486575      0.23750752      0.99912434     0.085480489      0.88634326       6.7763305        6.7763305       1.2357038                                      1.2357038
              8       6.8966393      0.40463147      -31.275348       28.551479      0.38810964         1.00969     0.019109545      0.63609033       6.7763305        6.7763305      0.24061776                                     0.24061776
              2       7.7446739       1.0795908      -30.736247       13.256471        0.472815      0.99294696      0.15875664     -0.97668356       6.7763305        6.7763305       1.9366868                                      1.9366868
              4       7.2662256       2.1882978      -32.435327       9.1038715      0.24895471      0.37558627         2.20378     -0.56615359       6.7763305        6.7763305      0.97979018                                     0.97979018
              6       6.8362794       2.2283938      -32.382126        8.878987      0.30945131      0.47006604       2.4805439     -0.38265243       6.7763305        6.7763305      0.11989781                                     0.11989781
             10       6.8726685       2.5220089      -31.910168       4.9285773      0.38326118      0.92672004       1.8055105      0.54138868       6.7763305        6.7763305        0.192676                                       0.192676
             17       6.9813134       2.4387586      -32.316602       6.5146387      0.28181314      0.53311882       3.5074069     -0.23958846       6.7763305        6.7763305      0.40996578                                     0.40996578
              2       7.7921521       2.1717695      -32.640777       20.559599      0.20801642      0.14002035       1.1502853      -0.8891536       6.7763305        6.7763305       2.0316434                                      2.0316434
              5       7.4112565      0.88494263      -31.635645        15.68296      0.44792645      0.97003065      0.11067834      0.45303442       6.7763305        6.7763305       1.2698521                                      1.2698521
              4       6.8310313      0.33491609      -31.943302       37.131575      0.37309137      0.90169095     0.012138986     -0.86374635       6.7763305        6.7763305      0.10940165                                     0.10940165
             23       6.7781448      0.39672008      -31.509765        26.53077      0.33633761      0.96042465     0.018945063     -0.99956347       6.7763305        6.7763305    0.0036286433                                   0.0036286433
              7       8.1787818      0.22500682      -31.431652       24.128115      0.18457027       1.0217969    0.0063797144      0.16970846       6.7763305        6.7763305       2.8049027                                      2.8049027
             11       8.0764579      0.25406466      -30.104921       22.517434      0.19042212       1.0004057    0.0076703465      0.82918276       6.7763305        6.7763305        2.600255                                       2.600255
              3       6.9689039      0.58872525      -30.315833       14.445607      0.28366341       1.0024824     0.042715612     -0.90270618       6.7763305        6.7763305      0.38514684                                     0.38514684
              1       6.9247666      0.59440165      -30.311614       14.740137      0.29078317      0.99749252      0.04356736     -0.92496461       6.7763305        6.7763305      0.29687226                                     0.29687226
             14       6.7798678      0.73038262      -30.412179       14.357544      0.34990642       1.0028667     0.066791815     -0.59264722       6.7763305        6.7763305    0.0070746413                                   0.0070746413
             17       6.7844041       0.3809718      -32.443705       42.887203      0.35394477      0.65108376      0.03853939     0.046267976       6.7763305        6.7763305     0.016147311                                    0.016147311
              1       6.7859912      0.38733036      -32.447217       42.840626      0.35506617      0.64312272     0.040158996     0.026251114       6.7763305        6.7763305     0.019321489                                    0.019321489
             19       6.9733943      0.42202879       -31.10627       20.469197      0.28298718      0.98456813     0.021311638     -0.96106173       6.7763305        6.7763305      0.39412777                                     0.39412777
              8       6.8964566      0.43613056      -31.138811        20.14697      0.29592539       1.0122269     0.022306594      -0.0814152       6.7763305        6.7763305      0.24025235                                     0.24025235
              5       6.9063529      0.56949443      -31.241383        20.63293      0.38993491      0.99738687     0.039430656      0.97029856       6.7763305        6.7763305      0.26004478                                     0.26004478
              8       7.0230676      0.43506293      -31.329599       18.809132      0.27596714       1.0135809      0.02381422      0.48347284       6.7763305        6.7763305      0.49347432                                     0.49347432
             13       6.9637279       1.0019139      -31.441916       8.2421733      0.28445274       1.0352849      0.13678729     -0.91897787       6.7763305        6.7763305       0.3747948                                      0.3747948
              1       7.5128824      0.74338522      -30.745593       9.1676232       0.2279108       1.0051159     0.070506548    -0.065090858       6.7763305        6.7763305       1.4731038                                      1.4731038
              5       7.1324198      0.34455508      -31.034595       22.627364      0.26267276       1.0126149     0.014040031     -0.84470196       6.7763305        6.7763305      0.71217869                                     0.71217869
              7       7.0209922      0.36790401      -31.043909       22.576451      0.27624544      0.99960137     0.016264623       0.9982687       6.7763305        6.7763305      0.48932347                                     0.48932347
             29       6.8286085      0.18592104      -32.095383       44.201543      0.31160498       1.1396207    0.0054155209     -0.28907956       6.7763305        6.7763305      0.10455607                                     0.10455607
              5       6.7771924      0.31611318      -31.230751        32.74825      0.33809708      0.98159563     0.011603106     -0.62028349       6.7763305        6.7763305    0.0017239488                                   0.0017239488
             25       7.8417637       1.8228016      -32.796944       36.975262      0.20478361     0.091320116      0.46215375     -0.92360637       6.7763305        6.7763305       2.1308665                                      2.1308665
             16       7.2912884       2.3940466      -32.697049       38.159536      0.24660432     0.081131012       1.0568366      -0.9499543       6.7763305        6.7763305       1.0299158                                      1.0299158
             18       7.1600042       2.3709302      -32.592175       38.325023      0.42434247      0.14035801       1.6067639     -0.89848565       6.7763305        6.7763305      0.76734746                                     0.76734746
              4       7.2162534        2.369711      -32.589461       38.286939      0.43017209      0.14250106       1.6226386     -0.89636791       6.7763305        6.7763305      0.87984579                                     0.87984579
             21        6.820207      0.98529778      -32.673735       47.087116      0.36984575      0.23959235      0.22394542     -0.72726251       6.7763305        6.7763305     0.087753027                                    0.087753027
             15       6.8378655       1.4269409      -30.359257       7.8849064      0.37497645        1.001667      0.31098355      0.43392241       6.7763305        6.7763305         0.12307                                        0.12307
             16       6.7954897        1.359579      -30.334207       7.9488695      0.36040062       1.0022997      0.27291243     -0.24831525       6.7763305        6.7763305     0.038318549                                    0.038318549
             20        6.810983       2.1424039      -30.614157       5.1622072       0.3667463      0.99666876       1.0345381        0.532652       6.7763305        6.7763305      0.06930502                                     0.06930502
             49        6.815513       2.2106841      -30.736042       5.0460059      0.36831414      0.99235224       1.1396894     -0.35921324       6.7763305        6.7763305     0.078365075                                    0.078365075
              1       7.2856031       2.7042707      -32.522299        24.69891      0.24713238      0.11120482       2.6004545     -0.94102203       6.7763305        6.7763305       1.0185453                                      1.0185453
              6       7.6586454       1.2269602      -32.526801       27.503625      0.46686901      0.41581154      0.47879506     -0.46048041       6.7763305        6.7763305       1.7646298                                      1.7646298
              2       7.6768813      0.41960329      -31.835781       33.197774      0.46815282       1.0100938     0.020493788      0.97002528       6.7763305        6.7763305       1.8011016                                      1.8011016
             11        8.208009      0.46727447      -31.805102       30.463171       0.5010617        1.057952     0.023263911      -0.2431407       6.7763305        6.7763305       2.8633571                                      2.8633571
             10       7.5554488      0.51608284      -31.691369       27.955919      0.45933959      0.95689126     0.029313927     -0.12432997       6.7763305        6.7763305       1.5582366                                      1.5582366
              8       6.7787286      0.37763793      -31.598775        26.74474      0.34851004       1.0371061     0.015799511     -0.26764263       6.7763305        6.7763305    0.0047963526                                   0.0047963526
             28        6.981499      0.45204323      -31.717311       26.767411      0.40221411      0.99906299     0.024641081      0.99956977       6.7763305        6.7763305      0.41033716                                     0.41033716
             41       6.7796126       1.3388686      -32.481101       15.500364       0.3343841      0.48427012      0.60253626     -0.33341564       6.7763305        6.7763305    0.0065642691                                   0.0065642691
              8       6.7981743       1.3066645      -32.529149       18.467973      0.32235251      0.40148528       0.5489723     -0.48776333       6.7763305        6.7763305     0.043687644                                    0.043687644
              7       7.8735846      0.83442961      -31.505808        18.06555      0.48125041       0.9595158     0.090782579     -0.96717948       6.7763305        6.7763305       2.1945083                                      2.1945083
             10       6.7770288      0.40649277      -31.029416       25.244905      0.34551306       1.0119518     0.020255301     -0.63605649       6.7763305        6.7763305     0.001396738                                    0.001396738
              6       8.7910496      0.16585682      -30.051731       27.819236      0.15330947      0.99864779    0.0032648026     -0.78195018       6.7763305        6.7763305       4.0294383                                      4.0294383
              3       7.4477081      0.16158982      -31.491058       44.441274      0.23307532      0.97547849    0.0033085688      0.20509264       6.7763305        6.7763305       1.3427552                                      1.3427552
              2       6.9927451       1.3284302      -31.495291       6.5949541      0.28015762      0.96111162      0.27344973     -0.60292694       6.7763305        6.7763305       0.4328293                                      0.4328293
              3       6.7771406       1.3606137      -31.688998       7.7793139       0.3382163      0.96037382      0.24905807      0.21442774       6.7763305        6.7763305    0.0016202307                                   0.0016202307
             29       6.7767574       1.3609162      -31.706535       7.6663638      0.34474692      0.99311947      0.26934523      0.97978494       6.7763305        6.7763305   0.00085395943                                  0.00085395943
              5       8.2202259       1.6589334      -32.021857       8.4434561      0.50173891       1.0765904       0.5705769      0.58927798       6.7763305        6.7763305       2.8877909                                      2.8877909
              6       7.3760134       1.9657467      -31.692416       6.8863945      0.44494463      0.98788964      0.74465212      0.94956693       6.7763305        6.7763305        1.199366                                       1.199366
             16       6.8149072       1.8395872      -31.677479       6.3183324      0.36810993      0.95186768      0.56588439     0.017122944       6.7763305        6.7763305     0.077153505                                    0.077153505
              2       7.7565516       1.8383461      -31.461462       7.6581711      0.47361485       1.0111018      0.60367329       0.8675486       6.7763305        6.7763305       1.9604424                                      1.9604424
              1       7.4432836       1.7834848      -31.435889       7.2974078      0.45056517       1.0404986      0.57924247     -0.94422495       6.7763305        6.7763305       1.3339064                                      1.3339064
              8       6.8826694       1.7903691      -31.388962       6.7054685      0.38534999      0.96472947      0.56171638     -0.90228195       6.7763305        6.7763305      0.21267787                                     0.21267787
              6        6.863494       1.7829734      -31.366332       6.5136688      0.38124733      0.98663876      0.58863776      0.71318731       6.7763305        6.7763305      0.17432698                                     0.17432698
             19       8.0058456       1.6656753      -31.428489       8.5570155      0.48940418       1.0319934      0.49461794     -0.28264055       6.7763305        6.7763305       2.4590302                                      2.4590302
             24       7.3067851       1.3064299      -31.474606       5.6686527      0.24517957      0.99503933      0.25256007      0.96995186       6.7763305        6.7763305       1.0609093                                      1.0609093
             18       7.3853502       1.4143453      -31.484009       9.7173538      0.44574294      0.97477166      0.32291674      0.31784239       6.7763305        6.7763305       1.2180395                                      1.2180395
             33       6.7886883       1.4798735      -31.882486       7.3710862      0.32722208      0.90158863       0.3967035     -0.47396896       6.7763305        6.7763305     0.024715579                                    0.024715579
              3       7.6521194      0.51086013      -31.914274       14.254471      0.21759364      0.89807993     0.034324224     -0.88377859       6.7763305        6.7763305       1.7515779                                      1.7515779
              5       7.8937664      0.84135058      -32.037409       16.282914      0.48252518       1.0586021      0.10928144      0.69905911       6.7763305        6.7763305       2.2348718                                      2.2348718
              2           7.262      0.15761261      -32.046368         44.7588      0.24935686       1.0623652    0.0035866453      0.65022219       6.7763305        6.7763305      0.97133905                                     0.97133905
             12       6.8924164       1.5326421      -32.799504       53.349023      0.29670684      0.10906421      0.33943991     -0.89843568       6.7763305        6.7763305      0.23217182                                     0.23217182
             34       6.8617261       1.5366441      -32.794366       53.222289      0.30315271      0.11140803      0.34798208     -0.89609382       6.7763305        6.7763305      0.17079135                                     0.17079135
             13       6.7794461       1.5990256      -32.756488       51.377507      0.34942021      0.12783256      0.43277044     -0.88045091       6.7763305        6.7763305    0.0062312667                                   0.0062312667
              2       7.8189147       0.3253571      -31.956972       48.372776      0.47773706      0.91232492     0.010731025     -0.48597945       6.7763305        6.7763305       2.0851684                                      2.0851684
              6       8.5455615      0.10437689      -31.933635       52.967909      0.16517848      0.89796247      0.00124349     -0.99051346       6.7763305        6.7763305        3.538462                                       3.538462
              3       6.9811279       0.5268063      -30.949095       15.917571      0.28184038       1.0101767     0.034326931     -0.70185671       6.7763305        6.7763305      0.40959488                                     0.40959488
              4       7.1864376       1.0286709      -32.753848       45.072904      0.25686826      0.16651001      0.18949166     -0.82159611       6.7763305        6.7763305      0.82021434                                     0.82021434
              3       7.0515518      0.81647504      -32.596571       43.839378      0.41174032      0.34573075       0.1830246     -0.56872958       6.7763305        6.7763305      0.55044273                                     0.55044273
              1       6.8482244       1.0012121      -32.686415       40.737014      0.30635579      0.22575259      0.22295013     -0.74610449       6.7763305        6.7763305      0.14378787                                     0.14378787
              9       7.2099754      0.98834261      -32.598353       39.574064      0.42954069      0.33007152      0.27049131        -0.59677       6.7763305        6.7763305      0.86728979                                     0.86728979
             11       10.309522       2.3341181      -32.972567       49.801854     0.092122924     0.023818877      0.30297329     -0.98681383       6.7763305        6.7763305       7.0663822                                      7.0663822
              1       11.635354       1.5424588      -32.988958        20.99322     0.048966456     0.045449377      0.15557731     -0.96061674       6.7763305        6.7763305       9.7180464                                      9.7180464
              2       10.533107       1.1662991      -32.346021        18.81034      0.59966208      0.82152712       0.3159004      0.55356528       6.7763305        6.7763305       7.5135523                                      7.5135523
              4       9.0577754       2.0043122      -32.724595       19.180668      0.14120733      0.11039516      0.72396126     -0.91117619       6.7763305        6.7763305       4.5628899                                      4.5628899
              1       7.8458907      0.53955061      -31.819127       25.727792      0.47948189       1.0381483     0.031648179      0.50506051       6.7763305        6.7763305       2.1391205                                      2.1391205
             19       6.8280593       1.9038091      -32.638258       27.331305      0.31176505      0.18008003      0.91838884     -0.83380676       6.7763305        6.7763305       0.1034577                                      0.1034577
              2        6.776461      0.74856187      -31.953501       15.014706      0.34048107      0.91047982     0.060084265     -0.48773642       6.7763305        6.7763305   0.00026110919                                  0.00026110919
              6       6.8362235      0.60014691      -32.521055       32.080851      0.30946649      0.48309447      0.10503013     -0.32611923       6.7763305        6.7763305      0.11978602                                     0.11978602
             15       6.7768982      0.55440997      -32.474798       31.868753      0.33883258      0.57638275     0.087583062     -0.13174852       6.7763305        6.7763305    0.0011354156                                   0.0011354156
              3       7.5558923       0.8363042      -32.707825        37.57394      0.22462702      0.21484877      0.14612821     -0.75689176       6.7763305        6.7763305       1.5591237                                      1.5591237
              2       8.8566002      0.86685196      -32.479324       33.993822      0.53373556       0.5443812      0.22625791     -0.20321328       6.7763305        6.7763305       4.1605395                                      4.1605395
             10       7.6911108      0.75298538      -32.465248       32.110438      0.46914558      0.58317213        0.165051     -0.11675593       6.7763305        6.7763305       1.8295607                                      1.8295607
             27       6.8210903       1.0544852      -32.654212       35.011606      0.31387537        0.255521      0.27089382     -0.70724782       6.7763305        6.7763305     0.089519583                                    0.089519583
              2       6.7981291       1.0321258      -32.620187       35.392432      0.36162717      0.29753627      0.28231392     -0.64684409       6.7763305        6.7763305     0.043597328                                    0.043597328
             14       7.1835853       1.0432331      -32.714202       37.527294      0.25716482      0.19742623      0.22214642     -0.78370323       6.7763305        6.7763305      0.81450974                                     0.81450974
             14       8.3732931       1.2911895      -31.643034       12.478418      0.50999263      0.95134114      0.26580798     -0.23503359       6.7763305        6.7763305       3.1939253                                      3.1939253
             23       6.8513559       1.5813507      -31.628607       6.0117398      0.30558778      0.96611651      0.44225709      0.42297754       6.7763305        6.7763305      0.15005093                                     0.15005093
              7       7.5484923       1.3816309      -31.092177        4.922217      0.22518543      0.99519774      0.28959576      0.84018524       6.7763305        6.7763305       1.5443238                                      1.5443238
             10       6.7784294      0.21969905      -32.262913       44.909156       0.3480903       1.0603537     0.004658567      0.81922696       6.7763305        6.7763305    0.0041977948                                   0.0041977948
              4       6.8181701      0.90390716      -32.685134       52.665612      0.36919173      0.23308961      0.18241906      -0.7341643       6.7763305        6.7763305     0.083679301                                    0.083679301
              8       7.1094375      0.33257852      -32.565496       57.422736      0.26527538       0.4174849     0.030803743     -0.44411776       6.7763305        6.7763305      0.66621408                                     0.66621408
              6        6.975845      0.35050105      -32.553528       55.477583      0.28262138      0.43683766     0.034599362     -0.41015004       6.7763305        6.7763305      0.39902898                                     0.39902898
             12       7.3483708      0.19193305      -32.441917       57.259106        0.241456      0.66033693    0.0095908376     0.069523922       6.7763305        6.7763305       1.1440806                                      1.1440806
             43       7.5106383      0.24643454      -32.533767       58.664369      0.22808473      0.47417882     0.017204841     -0.34103811       6.7763305        6.7763305       1.4686156                                      1.4686156
              9       6.7959305      0.52328805      -31.712236       20.918011      0.36061108      0.99014721     0.032278917      0.95018502       6.7763305        6.7763305     0.039200133                                    0.039200133
              3       6.8446296      0.63055725      -31.648002        18.80609      0.37674166      0.95486619     0.054204015     -0.21490403       6.7763305        6.7763305      0.13659836                                     0.13659836
              1       6.7864532       1.7372412      -31.295751       6.3323346      0.35537493      0.97092285      0.52539626      -0.9993674       6.7763305        6.7763305     0.020245439                                    0.020245439
              8       6.8261182       1.0405131      -31.515611       9.3797877      0.31233777      0.96184664      0.13848014     -0.70234101       6.7763305        6.7763305     0.099575368                                    0.099575368
             10       6.9021838      0.94336931      -31.708972        12.53739      0.38916015      0.98892052      0.11270368      0.94047921       6.7763305        6.7763305      0.25170658                                     0.25170658
              2       6.8050939       1.7184775       -31.62503       5.7735228      0.31945431      0.96771156      0.55463712      0.49840379       6.7763305        6.7763305     0.057526955                                    0.057526955
             20       7.1429242       2.0869916      -32.524548       14.145686      0.26151122      0.26623646        1.590872     -0.73373121       6.7763305        6.7763305      0.73318742                                     0.73318742
              1       6.8535496       1.0985128      -31.634122       8.6131796      0.30505929      0.96903068      0.17979683      0.44209629       6.7763305        6.7763305       0.1544382                                      0.1544382
              4       6.9618986       1.0962345      -31.569313       10.465393       0.3992657       1.0459837      0.17361702     -0.70945593       6.7763305        6.7763305      0.37113632                                     0.37113632
              8       6.8785389      0.92467521      -31.560466       12.082409      0.38449974       1.0343683      0.12123781    -0.013544988       6.7763305        6.7763305       0.2044169                                      0.2044169
              6       7.5943835      0.72633404      -30.818327       19.085766      0.46223574       1.0021655     0.066784647      0.86232598       6.7763305        6.7763305        1.636106                                       1.636106
              3       7.1051506      0.71858525      -31.001413       17.542258      0.41822932      0.99717774     0.065429366      0.89965577       6.7763305        6.7763305       0.6576402                                      0.6576402
              3       6.7851854      0.39524987      -30.957519       24.912766      0.32949063       1.0057065      0.01847004      0.46138937       6.7763305        6.7763305     0.017709874                                    0.017709874
              8       6.9030386       1.4653225      -30.537686       6.0576928      0.29467996      0.99777367      0.33342329      0.57034333       6.7763305        6.7763305      0.25341625                                     0.25341625
              5       6.8464173       1.7002439      -30.778101       6.6872714       0.3771934      0.99707035      0.49894651      0.77808637       6.7763305        6.7763305      0.14017376                                     0.14017376
              1       6.7801806       1.7168928      -30.781403       6.1821113      0.35024866      0.99178692      0.51353956     -0.70269521       6.7763305        6.7763305    0.0077003579                                   0.0077003579
             11       6.7775809       1.6736417      -30.792611       6.0184359      0.33729919       1.0064474      0.47980328    -0.014189062       6.7763305        6.7763305    0.0025008621                                   0.0025008621
              4       6.7804654       1.1865218      -31.006528       8.9885184      0.35054823      0.98788374      0.20070654     -0.60610808       6.7763305        6.7763305    0.0082698346                                   0.0082698346
              9       6.8812391       1.1518306      -30.998918       7.7969999      0.29894254       1.0004456      0.18369223      0.99767713       6.7763305        6.7763305      0.20981724                                     0.20981724
              8       7.0887248         1.58954      -30.901514       5.1020436      0.26769904       0.9920946      0.40382518     0.010914434       6.7763305        6.7763305      0.62478867                                     0.62478867
             39       7.3764486       1.5824032      -30.931176       4.5954809      0.23901802      0.98788054      0.40633971     -0.99734697       6.7763305        6.7763305       1.2002363                                      1.2002363
             21       6.7768762       1.7633432      -31.013461       5.9394411      0.34510557      0.99035622      0.53775435      0.18760162       6.7763305        6.7763305    0.0010915049                                   0.0010915049
              5       7.3043715      0.62339734      -30.865017       21.314062      0.43859991      0.99210874     0.048712413     -0.48646361       6.7763305        6.7763305       1.0560822                                      1.0560822
              6       7.3262779       0.6068987      -30.874627       21.843397      0.44058332      0.99888057     0.045247472       0.9708571       6.7763305        6.7763305       1.0998949                                      1.0998949
              1       7.8693428       1.1543518      -32.460432       22.675005      0.48098098      0.55228626      0.42417823     -0.18776663       6.7763305        6.7763305       2.1860247                                      2.1860247
             27       6.8558322       1.8704323      -32.528405        19.80886      0.37948273      0.30783106       1.2345642     -0.66190962       6.7763305        6.7763305      0.15900355                                     0.15900355
              2       7.4151928       1.1476727      -30.608297       6.1501065      0.23574571       1.0038412      0.18401876    -0.033016152       6.7763305        6.7763305       1.2777246                                      1.2777246
              2       7.1275994      0.25298542      -30.629319       31.126132      0.26321152         1.00463    0.0075611894     -0.61088433       6.7763305        6.7763305      0.70253794                                     0.70253794
              7       9.8873565      0.07512608      -31.275751       42.618499      0.10752601       1.0093611   0.00064713423      0.65492746       6.7763305        6.7763305       6.2220521                                      6.2220521
             14       9.4785907     0.079403915      -31.172015       47.100161      0.12347233        0.992264   0.00072700658      0.62219859       6.7763305        6.7763305       5.4045205                                      5.4045205
              2       12.246407     0.018217114      -30.681067       51.121274     0.031086526       1.0032585   3.9582409e-05      0.37713165       6.7763305        6.7763305       10.940153                                      10.940153
             20       6.8701351       0.1758257      -30.952959        50.96236      0.30128496       1.0105725    0.0036336063     -0.89886568       6.7763305        6.7763305      0.18760918                                     0.18760918
              8        6.777399      0.21296468      -30.945698       48.594819      0.34634541       1.0058513    0.0054804921      0.41493695       6.7763305        6.7763305    0.0021370088                                   0.0021370088
             26       7.5101536       0.1365111      -30.920164          49.858      0.22812234       1.0073651    0.0021671079    -0.083361997       6.7763305        6.7763305       1.4676462                                      1.4676462
             25       6.7956968      0.18719062        -31.2077       57.797755      0.36049978       1.0014559    0.0041345421      0.98889925       6.7763305        6.7763305     0.038732661                                    0.038732661
             11       6.8007235      0.18289778      -31.695578       54.899335      0.32123769      0.96155224     0.003579314     0.097693905       6.7763305        6.7763305     0.048786032                                    0.048786032
              2       9.7863017     0.079918567      -30.361607       41.769441      0.11136563       1.0026901   0.00075328009     -0.88573056       6.7763305        6.7763305       6.0199425                                      6.0199425
             13       7.2661885      0.20628601      -30.415572       36.357475      0.24895823      0.99766537    0.0050799725    -0.072350121       6.7763305        6.7763305      0.97971613                                     0.97971613
             30        6.920531      0.29869412      -30.074035       39.452694      0.39248081       1.0010067     0.010621451     -0.07967026       6.7763305        6.7763305      0.28840108                                     0.28840108
              7       7.3037257      0.12443048      -32.207194       51.835591      0.24545918       1.1437902    0.0013686867     -0.44797835       6.7763305        6.7763305       1.0547905                                      1.0547905
             36        6.781356      0.70950694      -30.963466       14.165797      0.33257601      0.99452379     0.064145554      0.55249662       6.7763305        6.7763305     0.010051102                                    0.010051102
             19       7.9767075       1.3327823      -32.378289       6.1762882      0.19635295      0.71692309      0.51714711      0.23417015       6.7763305        6.7763305        2.400754                                       2.400754
              4       7.4775582      0.88642354      -31.996655       15.704524       0.4533198      0.97872465     0.095073491      0.93893285       6.7763305        6.7763305       1.4024556                                      1.4024556
              5       7.7140646      0.43427564      -31.781264       13.747801      0.21326912       1.0736214      0.02250952     -0.99876753       6.7763305        6.7763305       1.8754683                                      1.8754683
              6       9.3518394      0.25144033      -31.929701       17.142615      0.12865897      0.89711884    0.0074343871     -0.99997021       6.7763305        6.7763305       5.1510179                                      5.1510179
              2       8.3018453      0.15363368      -31.589707       33.297552      0.17780835       1.0446609     0.002678909     -0.86899669       6.7763305        6.7763305       3.0510296                                      3.0510296
              3       9.3347854      0.71838219      -31.743271       22.139098      0.55463352       1.0481237     0.073340233      0.14561054       6.7763305        6.7763305       5.1169098                                      5.1169098
              5       8.4829278      0.71314567      -30.265313       7.0994129      0.16833656      0.99930872     0.063632082      0.82974775       6.7763305        6.7763305       3.4131947                                      3.4131947
              3        7.687702      0.86492065      -30.308473       7.4592817      0.21509154       1.0020098     0.096140521     -0.24039456       6.7763305        6.7763305       1.8227431                                      1.8227431
              4       6.8512376      0.92018672      -30.596998       12.334009      0.37838349       1.0020142      0.10991363      0.67723918       6.7763305        6.7763305      0.14981421                                     0.14981421
             24       6.8521465      0.92059039      -30.597449       12.345931      0.37860357       1.0011896       0.1102774      0.88760237       6.7763305        6.7763305      0.15163208                                     0.15163208
             18       7.5644392      0.18112335      -30.322542       37.176008      0.22398535      0.99977974    0.0038871223       0.9873415       6.7763305        6.7763305       1.5762174                                      1.5762174
              6       9.2773719      0.53394441       -30.76829       30.968753      0.55223416       1.0037497     0.035209157      0.46741702       6.7763305        6.7763305       5.0020828                                      5.0020828
              3       8.9573874      0.50547928      -30.789634        32.08987      0.53832534       0.9974598     0.030833774      0.77387976       6.7763305        6.7763305       4.3621138                                      4.3621138
              2       8.5219648       0.3702027      -31.182224       13.364618      0.16636159        1.010599     0.016964858      0.36964142       6.7763305        6.7763305       3.4912686                                      3.4912686
              1       7.5233749      0.89326819      -32.141539        6.481006      0.22710105        1.179008      0.10817534     -0.97574316       6.7763305        6.7763305       1.4940888                                      1.4940888
              5       7.3989891       2.1945971      -32.271045       7.7088188      0.44689816      0.79394025       1.8759704       0.5055538       6.7763305        6.7763305       1.2453172                                      1.2453172
              9       7.1905344       2.2220718      -32.293799       8.1336234       0.4275559      0.71100502       2.1963075      0.24632826       6.7763305        6.7763305      0.82840792                                     0.82840792
              5       7.5087983       1.6321919      -32.021171       7.8250683      0.45577245       1.0725329      0.54131451      0.62289113       6.7763305        6.7763305       1.4649357                                      1.4649357
              3       7.7500319       1.6314253      -32.031817       7.9603053      0.47317642       1.0950856      0.56342837      0.40820029       6.7763305        6.7763305       1.9474029                                      1.9474029
             10       7.6083754       0.8573365      -32.565979       19.914178      0.22074037      0.38858853      0.21241159     -0.49975281       6.7763305        6.7763305       1.6640898                                      1.6640898
              4       7.1799137      0.31366141      -32.261356       23.236224       0.2575481       1.0620712    0.0095113046       0.8077399       6.7763305        6.7763305      0.80716656                                     0.80716656
              6       7.1488867      0.91188087      -31.999627       14.155985       0.4231407      0.98520931      0.10340917      0.97167388       6.7763305        6.7763305       0.7451124                                      0.7451124
             12       6.8310143       0.8401689      -31.937227       14.860727      0.37308654      0.89810024     0.082984133     -0.89460569       6.7763305        6.7763305      0.10936767                                     0.10936767
             13       6.8266255      0.86793118      -31.946121        14.23878      0.37181297      0.90424968     0.084751513     -0.67789317       6.7763305        6.7763305      0.10059002                                     0.10059002
             10       6.7868153       1.2273915       -32.49134       18.131948      0.35561205      0.48025379      0.49124748     -0.33950047       6.7763305        6.7763305     0.020969673                                    0.020969673
              3       6.8343401       2.6100015      -32.570799       40.639703      0.37401792      0.10597978       2.0222231     -0.94021401       6.7763305        6.7763305      0.11601934                                     0.11601934
             35       7.2412835       2.7335513      -32.494913        39.69782      0.43264574      0.11982859       2.9604818     -0.93598107       6.7763305        6.7763305      0.92990615                                     0.92990615
              7       7.2281568       2.7070938      -32.509031       40.388627      0.43135701      0.11857589       2.7533184      -0.9354936       6.7763305        6.7763305      0.90365276                                     0.90365276
              8       7.7093147       2.3952851      -32.800898       54.567766      0.21359557     0.049115748      0.67259734      -0.9722737       6.7763305        6.7763305       1.8659685                                      1.8659685
              3       7.4393248       2.4011685      -32.780037        54.38409      0.23375752     0.053801327      0.73957283     -0.96936951       6.7763305        6.7763305       1.3259886                                      1.3259886
              1       7.7110923      0.99608546      -30.131239       6.4315588      0.21347331       1.0015039      0.13162327     -0.56857704       6.7763305        6.7763305       1.8695236                                      1.8695236
              2       7.0101582       1.9020166      -30.697683       4.3854392      0.27771778       1.0006868       0.6916132      0.98396796       6.7763305        6.7763305      0.46765546                                     0.46765546
             18       7.2061098       1.8076186      -31.027075        7.026603      0.42914964       1.0154965      0.59808955      -0.8617113       6.7763305        6.7763305      0.85955857                                     0.85955857
             10        6.790701      0.48781017      -32.395893       29.181497      0.35793602      0.75573387     0.055485819      0.33640951       6.7763305        6.7763305     0.028741126                                    0.028741126
              7       6.8199642      0.47702453       -32.37662       29.059072      0.36976862      0.80173251     0.048647537      0.47866967       6.7763305        6.7763305     0.087267547                                    0.087267547
              6       7.5723743      0.53476109      -32.316402       27.510041      0.46060728      0.94102611     0.042771691      0.91294461       6.7763305        6.7763305       1.5920876                                      1.5920876
              8       7.7241479      0.47310876      -32.620778       40.888336      0.21257887      0.33027947     0.057799947      -0.5876086       6.7763305        6.7763305       1.8956348                                      1.8956348
              6       9.6176833       1.0093048       -32.87669       36.299709      0.11791879     0.096734064      0.11563093     -0.90144555       6.7763305        6.7763305       5.6827057                                      5.6827057
             10       9.8844602       2.8837409       -32.74624       55.375812      0.10763518     0.020258151       1.0112167     -0.99518988       6.7763305        6.7763305       6.2162595                                      6.2162595
             10       9.1716891       3.0075625      -32.539748       46.434014      0.13625555     0.029324136       2.6510865     -0.99490034       6.7763305        6.7763305       4.7907173                                      4.7907173
             11       8.3127244      0.42449816      -30.581307        12.52687      0.17722393       1.0016728     0.021616675      0.74056043       6.7763305        6.7763305        3.072788                                       3.072788
              6       7.3087944      0.48415601      -30.655013       15.293795      0.24499637      0.99444547     0.028476495     -0.99683314       6.7763305        6.7763305        1.064928                                       1.064928
              2        7.872472      0.67638993      -31.263152       20.911233      0.48117979       1.0224746     0.056379426     -0.96112878       6.7763305        6.7763305       2.1922831                                      2.1922831
              1       8.3238103      0.26429624      -30.674963       20.199562      0.17663052      0.99438534    0.0082824574     -0.90710074       6.7763305        6.7763305       3.0949597                                      3.0949597
              6       6.9722587      0.42143144      -30.612253       20.108029      0.28315746       1.0042769     0.021250523     -0.46856538       6.7763305        6.7763305      0.39185652                                     0.39185652
              5       7.7327802      0.36538599      -30.530619       17.424955      0.21199085       1.0007266     0.016057627      0.93760872       6.7763305        6.7763305       1.9128994                                      1.9128994
              1       10.186674       1.2025922      -32.425574        23.58066      0.58749458      0.62266068      0.44844461    -0.022193863       6.7763305        6.7763305       6.8206866                                      6.8206866
              4       6.8215559      0.73903308      -32.607178       37.987875      0.31372946      0.33586777      0.14638213     -0.58274488       6.7763305        6.7763305     0.090450821                                    0.090450821
             11       7.2549325       1.7208127      -32.669124       42.769597       0.4339666      0.17721866      0.68203951     -0.82948738       6.7763305        6.7763305      0.95720404                                     0.95720404
              6       7.5138759       1.7488073      -32.658047       42.798864      0.45616612      0.18317691      0.73066959       -0.823611       6.7763305        6.7763305       1.4750909                                      1.4750909
              4       6.8975434       1.4879258      -32.713992       47.549881      0.38828256      0.16494497      0.44297864     -0.83556609       6.7763305        6.7763305      0.24242591                                     0.24242591
             24       6.7984399       1.4588632      -32.756488       48.087657      0.32223342      0.13805251      0.36594956     -0.86529214       6.7763305        6.7763305      0.04421882                                     0.04421882
              8        8.871017       1.3251139      -32.825106       31.455722      0.14960119      0.10787084      0.23579188      -0.8949351       6.7763305        6.7763305       4.1893731                                      4.1893731
             20       8.8165807       1.3272198      -32.819895       31.218166      0.15211766      0.11034466      0.24134529     -0.89232614       6.7763305        6.7763305       4.0805005                                      4.0805005
              8       7.2397338       2.4846521      -32.732892       51.307612      0.25150545     0.059295525      0.94664767     -0.96803254       6.7763305        6.7763305      0.92680662                                     0.92680662
             24       8.2834113      0.92145321      -32.794718       40.652712      0.17880339      0.14346133      0.13244156     -0.84701959       6.7763305        6.7763305       3.0141617                                      3.0141617
              3       8.1073784      0.96732093      -32.784501       39.568365      0.18863026      0.14812029      0.15099495     -0.84234685       6.7763305        6.7763305       2.6620958                                      2.6620958
             12       7.7980683      0.94676746      -32.757941       39.322525      0.20762682      0.16761799      0.15888217     -0.81858685       6.7763305        6.7763305       2.0434757                                      2.0434757
              4       12.290852       1.5759256      -33.243279         41.1919     0.029825969     0.013809213     0.051855946     -0.98858148       6.7763305        6.7763305       11.029043                                      11.029043
              7       11.487859       1.3138463      -33.169738       54.531709     0.053448221     0.022421336     0.053322664     -0.97976091       6.7763305        6.7763305       9.4230567                                      9.4230567
              9       7.1743741      0.77752797      -32.632236       54.793712       0.4258703      0.30043637      0.15416555     -0.63699592       6.7763305        6.7763305       0.7960872                                      0.7960872
              4       7.8188672      0.91982269      -32.826924       54.200883      0.20626604       0.1243481       0.1172512     -0.86918814       6.7763305        6.7763305       2.0850735                                      2.0850735
             10       7.4217026       2.1801779      -32.829596       57.483909      0.23520573     0.056406815       0.5269764      -0.9622928       6.7763305        6.7763305       1.2907443                                      1.2907443
              1       6.8565046       2.0149624      -32.788979       56.215187       0.3043591     0.080758378      0.56004329     -0.93841249       6.7763305        6.7763305      0.16034826                                     0.16034826
             29       7.3500388       3.0735771      -32.104392       14.058922      0.44269048      0.30791154       17.714283     -0.71488127       6.7763305        6.7763305       1.1474166                                      1.1474166
              3       7.5880136       1.0475158      -32.776225       42.552744      0.22223329      0.14984521      0.18149655     -0.84186949       6.7763305        6.7763305       1.6233662                                      1.6233662
             11       9.2449902       1.3875515        -32.8955       37.960307      0.13313125     0.075966671      0.19289766     -0.92916694       6.7763305        6.7763305       4.9373194                                      4.9373194
              3        9.809118      0.82989846      -32.849002       34.647528      0.11049315      0.11549417     0.088372085     -0.87800577       6.7763305        6.7763305       6.0655751                                      6.0655751
              9       7.6196773      0.93304831      -32.616406       22.835413       0.2199196      0.31022217      0.23146999     -0.62566631       6.7763305        6.7763305       1.6866936                                      1.6866936
             17       6.8610367      0.94521034       -32.52739       21.645736      0.30330983      0.44556142       0.2714797     -0.40100198       6.7763305        6.7763305      0.16941252                                     0.16941252
              5       6.7775528       1.1553388      -32.537386       21.590222      0.33735238      0.40648003       0.4146849     -0.47526018       6.7763305        6.7763305    0.0024445836                                   0.0024445836
              3       6.8692962      0.34134109      -32.009461       33.921517      0.38253257      0.99294797     0.013611447      0.99344865       6.7763305        6.7763305      0.18593137                                     0.18593137
             11       7.5499624      0.29750044      -31.537059       23.004344      0.22507429      0.98843999     0.010154167      0.84213836       6.7763305        6.7763305       1.5472638                                      1.5472638
              6       7.5794204      0.16864987      -30.574088       39.744843      0.22286896      0.99932028    0.0033628883       0.9560512       6.7763305        6.7763305       1.6061798                                      1.6061798
              5       7.2533385      0.58107196      -31.862486       23.422262      0.43381332      0.95800117      0.04728832      0.61863532       6.7763305        6.7763305      0.95401603                                     0.95401603
             24        6.780289       2.5986954      -32.442222       18.013587      0.33363612      0.21420983       3.3269186     -0.83339886       6.7763305        6.7763305    0.0079169807                                   0.0079169807
             49       6.8300689       2.5486252      -32.424247       14.239045      0.31118336      0.25772196       3.3793996     -0.77396008       6.7763305        6.7763305      0.10747685                                     0.10747685
              8       7.0772671       1.1399881      -32.249998       6.7385077      0.26907434       1.0527619      0.15378279       0.8804469       6.7763305        6.7763305      0.60187331                                     0.60187331
             16       6.8825953       1.3730077      -32.336492       10.315593      0.38533489      0.81769825      0.46929918      0.54670716       6.7763305        6.7763305      0.21252969                                     0.21252969
              5       7.6048689       1.2696463      -32.731741       31.074118      0.22099615      0.16835463      0.30752524     -0.82516016       6.7763305        6.7763305       1.6570768                                      1.6570768
              4       6.7766155       1.2261682      -32.525099       19.883538      0.33975573      0.41883693      0.47897631     -0.45506099       6.7763305        6.7763305   0.00057002447                                  0.00057002447
              6       6.9045668       1.1977897      -32.485381       19.719472      0.38960454      0.49575835      0.46513409     -0.30800758       6.7763305        6.7763305      0.25647259                                     0.25647259
             15       6.8612691       1.5850462      -32.005255       6.9911524       0.3807432       1.0326743      0.45318218      0.90715252       6.7763305        6.7763305      0.16987727                                     0.16987727
              6       7.1213793        1.476727      -32.106072       7.2221789      0.42008779       1.1838414      0.39429062     -0.83236416       6.7763305        6.7763305      0.69009772                                     0.69009772
              3       6.8180629       1.3603111      -31.871285       7.5494462      0.31484314      0.92143098      0.32667137    -0.015872156       6.7763305        6.7763305     0.083464811                                    0.083464811
             27       6.7770995      0.27084382      -31.775082       34.990202      0.33831359       1.0729413    0.0090249982     -0.95845355       6.7763305        6.7763305    0.0015379807                                   0.0015379807
              2       6.9426998      0.36584107      -31.941148       36.147326       0.3962225      0.90051802     0.014695645     -0.89974388       6.7763305        6.7763305      0.33273876                                     0.33273876
              5       6.8316763      0.23396541      -31.239239       48.295462      0.37327413      0.99286867     0.006353879      0.76598063       6.7763305        6.7763305      0.11069161                                     0.11069161
             20       8.1614214      0.49491302       -30.89094       11.264889      0.18554768       1.0002802     0.029741154        0.998268       6.7763305        6.7763305       2.7701819                                      2.7701819
              5       10.284929      0.61302769      -31.064872       4.5766469     0.092994067      0.99620714     0.045798376      0.85928802       6.7763305        6.7763305       7.0171972                                      7.0171972
              8       9.5373558      0.26788973      -31.005692       13.710414      0.12110899      0.99104102    0.0087384469    -0.032029723       6.7763305        6.7763305       5.5220507                                      5.5220507
             13        9.529014      0.26805823      -31.005541       13.736837      0.12144292      0.99123864    0.0087495827     0.012329704       6.7763305        6.7763305       5.5053671                                      5.5053671
              2       6.9780595      0.50660948      -31.786468       15.615813      0.28229276       1.0724665     0.029789599     -0.94412783       6.7763305        6.7763305      0.40345801                                     0.40345801
              6       7.2240935       2.3722896      -30.666496       5.4690068       0.4309543       0.9983365       1.5333286      0.92425377       6.7763305        6.7763305      0.89552598                                     0.89552598
              6       7.0883247      0.28280235      -30.001949        44.20096      0.41625337       1.0008407     0.009514958     -0.12260503       6.7763305        6.7763305      0.62398854                                     0.62398854
              3       6.8388487      0.31518802      -30.114915       35.733727      0.37523887       1.0013403     0.011842581     -0.52315272       6.7763305        6.7763305      0.12503652                                     0.12503652
             18       7.2119791      0.30783368      -30.037871         24.8552      0.25425729      0.99876182     0.011339709     -0.55737992       6.7763305        6.7763305      0.87129732                                     0.87129732
             31       6.8740493       2.9121562      -32.493338       46.894294      0.30044417     0.066122766       3.2038976     -0.97869695       6.7763305        6.7763305      0.19543766                                     0.19543766
             68       6.7955293       2.9102134      -32.480082       46.530239      0.32358041     0.071819769       3.3968027     -0.97583387       6.7763305        6.7763305     0.038397625                                    0.038397625
              2       6.7764314       1.4734191      -32.732638       45.863909      0.34333533      0.15270141       0.4068705     -0.84922557       6.7763305        6.7763305   0.00020180037                                  0.00020180037
              2       6.7769944       1.6081324      -31.512922       6.5858927      0.33857472      0.96081545      0.39962541     -0.50447338       6.7763305        6.7763305    0.0013278104                                   0.0013278104
              6       6.9040295       1.1841001      -30.692211       9.9453408      0.38950471      0.99409187      0.19788814     -0.63916809       6.7763305        6.7763305      0.25539806                                     0.25539806
             40       6.8985456      0.40162864      -32.347403       33.269198      0.38847349      0.87380856     0.028936583      0.71191696       6.7763305        6.7763305      0.24443024                                     0.24443024
