#        weight    minuslogpost         theta_i      log10_m_eV        beta_deg             eta         Omega_a           w_a_0   minuslogprior minuslogprior__0            chi2 chi2__birefringence_lk.BirefringenceLikelihood
              2       2.7694279       1.3704268      -31.914763      0.32394362      0.88806653      0.27955942     -0.99955543       2.7509788        2.7509788     0.036898245                                    0.036898245
              3       3.3521739      0.89214632      -30.703257      0.23892566       1.0061405      0.10396759     -0.82132327       2.7509788        2.7509788       1.2023903                                      1.2023903
              1       2.9925047       1.0493603      -31.004709      0.27666819      0.99052746      0.15172563     -0.02423297       2.7509788        2.7509788      0.48305176                                     0.48305176
              1       2.7960274       1.1656023      -31.026814      0.31378476       1.0113777      0.19337986      -0.2922831       2.7509788        2.7509788     0.090097325                                    0.090097325
              4       2.7816492       1.1998083       -30.62209      0.31871896      0.99799405      0.20124982      0.73719569       2.7509788        2.7509788     0.061340753                                    0.061340753
              4       2.8634882       1.4521455      -30.053011      0.38658998       1.0001666      0.32398075      0.96464434       2.7509788        2.7509788      0.22501878                                     0.22501878
              1       2.8054408       1.4063207       -30.46081      0.37302343      0.99651457       0.2999601     -0.53653965       2.7509788        2.7509788      0.10892411                                     0.10892411
              2       2.7797359        1.398567      -31.217932      0.36454319      0.97925913      0.30250727       -0.638835       2.7509788        2.7509788     0.057514199                                    0.057514199
              1       2.8431919       1.0911643      -31.733151      0.30163183       1.0385298      0.18100417      0.46362039       2.7509788        2.7509788      0.18442616                                     0.18442616
              1       2.8968202       1.2044139      -31.885183       0.2912328      0.90844042      0.24042163     -0.37826455       2.7509788        2.7509788      0.29168278                                     0.29168278
              2       2.8092129       1.4092559      -30.697068       0.3740798      0.99725521      0.29759804      0.67438813       2.7509788        2.7509788      0.11646824                                     0.11646824
              5       2.8250677       1.4478506      -31.155081      0.37818424      0.98132212      0.32791604     -0.75506481       2.7509788        2.7509788       0.1481778                                      0.1481778
              1       3.1470661       1.5975353      -30.202174      0.42566394       1.0010328        0.417575      0.57170359       2.7509788        2.7509788      0.79217463                                     0.79217463
              2       3.3535441       1.6738326      -30.041649      0.44519174      0.99923353       0.4744445      0.58369998       2.7509788        2.7509788       1.2051307                                      1.2051307
              2       3.9218552       1.8217024      -30.124782       0.4858462       1.0019667      0.60544875     -0.96349516       2.7509788        2.7509788       2.3417529                                      2.3417529
              1       3.0410058       1.5785529      -31.283942       0.4135916      0.98433852      0.41943173      0.36647611       2.7509788        2.7509788      0.58005397                                     0.58005397
              1       3.0386621       1.5818461      -31.285496      0.41330175      0.98160084      0.42293475      0.13547942       2.7509788        2.7509788      0.57536661                                     0.57536661
              4       3.2883032       1.2007254      -32.366646      0.24455465      0.76518095      0.37591696      0.37591392       2.7509788        2.7509788       1.0746488                                      1.0746488
              3       3.2052155      0.91434088      -31.817263      0.25240496       1.0371025     0.097583182      0.56022141       2.7509788        2.7509788      0.90847339                                     0.90847339
              3       3.5881438      0.90627109      -31.955297      0.22036785      0.91352833      0.08999369     -0.34706954       2.7509788        2.7509788       1.6743301                                      1.6743301
              4       3.3294966      0.84556521      -32.043364      0.24088834       1.0702879      0.11364406      0.59092244       2.7509788        2.7509788       1.1570356                                      1.1570356
              1       3.2484849      0.87322466      -31.757965      0.24823472       1.0679931      0.10925407     -0.58066765       2.7509788        2.7509788      0.99501219                                     0.99501219
              2       4.3783017      0.65554716      -31.710499      0.17241801       0.9881221     0.051274888      0.92790006       2.7509788        2.7509788       3.2546458                                      3.2546458
              5       4.8157842      0.53565497      -31.804057      0.15097843       1.0589164     0.030862901     -0.27882144       2.7509788        2.7509788       4.1296108                                      4.1296108
              2       3.2783291      0.87307417      -31.747355       0.2454633       1.0562515      0.11174959      -0.1104044       2.7509788        2.7509788       1.0547007                                      1.0547007
              4       3.4981764      0.86167242      -30.973452      0.22708927      0.99011659     0.094005155     -0.40128409       2.7509788        2.7509788       1.4943952                                      1.4943952
              2       2.9178995       1.4802162      -30.943396      0.39631228       1.0058757      0.34567646      0.54338382       2.7509788        2.7509788       0.3338415                                      0.3338415
              1       2.8025682       1.3968394        -30.2536      0.37219419       1.0010483      0.29244793      0.62157655       2.7509788        2.7509788      0.10317891                                     0.10317891
              5       2.7910629       1.1871819      -30.310619      0.31538483      0.99805726      0.19835654    -0.016031027       2.7509788        2.7509788     0.080168322                                    0.080168322
              1       2.8732048       1.1077426      -30.362042      0.29552443        1.002274       0.1671986     -0.16340592       2.7509788        2.7509788      0.24445213                                     0.24445213
              2       2.8092698       1.4750026      -31.638576      0.37409548       0.9528435      0.37176271     -0.10466016       2.7509788        2.7509788      0.11658211                                     0.11658211
              1       2.9948883       1.4726815      -31.592218      0.40765341       1.0399541      0.30990313     -0.17410915       2.7509788        2.7509788      0.48781914                                     0.48781914
              1       3.8021159       1.6926749      -31.791959      0.47829268       1.0615784      0.43173661     -0.05348325       2.7509788        2.7509788       2.1022743                                      2.1022743
              1       3.9585052       1.7730436      -31.592796      0.48808014       1.0341979      0.51672838      0.25422983       2.7509788        2.7509788       2.4150528                                      2.4150528
              1       3.1310962       1.6383868      -31.376352      0.42395996      0.97216577      0.46949588     -0.25814833       2.7509788        2.7509788      0.76023487                                     0.76023487
              1       2.8884114       1.3626339       -31.76235      0.39128194       1.0788039       0.2903266     -0.90548006       2.7509788        2.7509788      0.27486525                                     0.27486525
              1       2.8055793       1.2395229      -31.652845      0.31093715      0.94243191      0.23397273     -0.72976583       2.7509788        2.7509788       0.1092011                                      0.1092011
              4       2.9945361       1.1158049      -31.965797      0.27639402      0.93061983      0.14285257      0.21095283       2.7509788        2.7509788      0.48711462                                     0.48711462
              2       3.7207636       1.5816577      -32.196085      0.47291233       1.1233111      0.30783904      0.19737537       2.7509788        2.7509788       1.9395696                                      1.9395696
              6       2.9076044       2.4191903      -32.353787      0.28938927      0.44941163       3.3618257     -0.43157186       2.7509788        2.7509788      0.31325131                                     0.31325131
              1        2.826714       1.4287615      -31.000575      0.37858406      0.99548448      0.31481339      0.78807546       2.7509788        2.7509788      0.15147049                                     0.15147049
              3       2.8820227         1.44571      -31.420521      0.39012285       1.0137996       0.3333146      0.72321314       2.7509788        2.7509788      0.26208792                                     0.26208792
              1       3.5441422       1.7730205      -31.218779       0.4603925      0.97554297       0.5642561     -0.95560456       2.7509788        2.7509788       1.5863268                                      1.5863268
              1       2.7698286       1.3583809      -30.904406      0.36025141      0.99635947      0.27058549      0.77446988       2.7509788        2.7509788     0.037699635                                    0.037699635
              4       2.7692935       1.1751401      -31.448195      0.32400949       1.0358575      0.18829017     -0.92402834       2.7509788        2.7509788     0.036629516                                    0.036629516
              1       2.8307367       1.1818939      -31.491172      0.30445693      0.96778593      0.20914848     -0.16024391       2.7509788        2.7509788      0.15951584                                     0.15951584
              3       3.8297247      0.77709972      -31.053804      0.20392901      0.98590299     0.077163142     -0.95121798       2.7509788        2.7509788       2.1574918                                      2.1574918
              1       3.4286439      0.88603572      -31.167151      0.23256646      0.98611548     0.098665753     -0.14188827       2.7509788        2.7509788       1.3553303                                      1.3553303
              1        3.086985      0.97986534      -31.197747      0.26494221       1.0158198      0.12310777     -0.26216148       2.7509788        2.7509788      0.67201252                                     0.67201252
              2       3.0283217       1.0105011      -30.986356       0.2719914       1.0112308      0.13860069     -0.59081502       2.7509788        2.7509788      0.55468576                                     0.55468576
              1       3.1973923      0.94821945       -31.11897      0.25317984       1.0031184      0.11943611      0.93194585       2.7509788        2.7509788      0.89282712                                     0.89282712
              1       2.9242783       1.0900657      -30.968647       0.2866597      0.98797481      0.16281208     -0.95976354       2.7509788        2.7509788        0.346599                                       0.346599
              1       3.2124132      0.95039252      -30.672104       0.2516979      0.99496658      0.11992442     -0.38693887       2.7509788        2.7509788      0.92286891                                     0.92286891
              2       3.1653039      0.96206171      -30.453917      0.25643158       1.0013836       0.1226042      0.70937967       2.7509788        2.7509788      0.82865035                                     0.82865035
              2       2.7893591       1.2607418       -32.22329      0.36804338       1.0967428      0.17534521      0.51288607       2.7509788        2.7509788     0.076760717                                    0.076760717
              2       2.7644821       1.2284012      -32.226297       0.3574477       1.0932115      0.16556684      0.55153107       2.7509788        2.7509788      0.02700673                                     0.02700673
              4       3.2108556      0.80446839      -32.158434      0.25185044        1.176158     0.077906405     -0.99438364       2.7509788        2.7509788      0.91975364                                     0.91975364
              2       2.8907971      0.95365924      -32.092537      0.29229215       1.1514786      0.15605306     -0.40133131       2.7509788        2.7509788       0.2796367                                      0.2796367
              1       2.7770194       1.0238868      -32.120783      0.32054798       1.1761779      0.16296909     -0.83532167       2.7509788        2.7509788     0.052081163                                    0.052081163
              1       2.7985002       1.1205462      -31.580047      0.31302071       1.0494825      0.17115252     -0.99677035       2.7509788        2.7509788     0.095042944                                    0.095042944
              3        3.102984      0.95446719      -31.445142      0.26312899       1.0357134      0.12043093     -0.99653918       2.7509788        2.7509788      0.70401044                                     0.70401044
              3       2.8403664       1.1117772      -31.550792       0.3022551        1.021381      0.18052613      0.60179748       2.7509788        2.7509788      0.17877517                                     0.17877517
              3       2.7509879       1.3681232      -31.671182       0.3424026       0.9402509      0.26393347     -0.84912783       2.7509788        2.7509788   1.8343881e-05                                  1.8343881e-05
              2       2.8408745       1.1301505      -31.243436      0.30214229        1.004401      0.17853804       0.9273944       2.7509788        2.7509788      0.17979139                                     0.17979139
              2       2.9459109       2.0327663      -32.308563      0.40069277       0.7405527       1.5691393      0.32772072       2.7509788        2.7509788      0.38986434                                     0.38986434
              2       2.9363805       1.6394481      -31.945615      0.39924002      0.91488882      0.37652672    -0.066082595       2.7509788        2.7509788      0.37080352                                     0.37080352
              1       2.8541355       1.6340902      -31.898971      0.38469644      0.88445155      0.46937816     -0.93855917       2.7509788        2.7509788      0.20631348                                     0.20631348
              1       3.6883007      0.80886288      -31.212607      0.21329742      0.99070105     0.085901944      0.60232537       2.7509788        2.7509788       1.8746439                                      1.8746439
              1       4.5624002      0.64580324      -31.653719      0.16308259      0.94872272     0.056199497     -0.54523163       2.7509788        2.7509788       3.6228428                                      3.6228428
              1        3.887245      0.72367037      -32.029764      0.20029574       1.0398312     0.075109993      0.84496627       2.7509788        2.7509788       2.2725324                                      2.2725324
              1       3.6375444      0.89906188      -31.948049      0.21683056      0.90607225     0.090628877     -0.60582672       2.7509788        2.7509788       1.7731313                                      1.7731313
              3       3.0049443       1.0293961      -31.542241      0.27500688       1.0036746      0.14390066      0.98684119       2.7509788        2.7509788      0.50793098                                     0.50793098
              2       3.0060646       1.0139958      -31.464324      0.27485928       1.0183714      0.13021408      0.49511253       2.7509788        2.7509788      0.51017162                                     0.51017162
              2       2.8187388       1.1527545      -30.766536      0.30739574       1.0018275      0.18538112      0.88700669       2.7509788        2.7509788      0.13552002                                     0.13552002
              1       2.7549503       1.3068521      -31.023555      0.35037763       1.0072606      0.25372788      0.48816573       2.7509788        2.7509788    0.0079430451                                   0.0079430451
              1       3.1062435        1.481326      -31.745371      0.42123534       1.0683316      0.38290129     -0.38835225       2.7509788        2.7509788      0.71052949                                     0.71052949
              1       3.1042628       1.5012277      -31.734547      0.42101415       1.0536152      0.39952599      0.11539305       2.7509788        2.7509788      0.70656815                                     0.70656815
              3       3.2329311       1.5234005      -31.746526      0.43428792        1.071015      0.40985805     -0.47357906       2.7509788        2.7509788      0.96390455                                     0.96390455
              1       2.7515662       1.2998199      -30.764306      0.34522193      0.99780829      0.24376942      0.84179262       2.7509788        2.7509788    0.0011748355                                   0.0011748355
              2       2.8063549       1.4036457      -30.923492      0.37328271      0.99910767       0.2977978      0.98797537       2.7509788        2.7509788      0.11075234                                     0.11075234
              3       2.7628254       1.2459427      -31.312945      0.32753094      0.98761155      0.21379009      0.57607632       2.7509788        2.7509788     0.023693276                                    0.023693276
              4       2.7920711       1.1996587      -31.479705      0.31505222      0.98663556      0.21099924      0.78498622       2.7509788        2.7509788     0.082184569                                    0.082184569
              1       2.8127209       1.5385823      -31.869574      0.37503191      0.91575521      0.44768682    -0.098374775       2.7509788        2.7509788      0.12348424                                     0.12348424
              8        4.449116       1.4034499      -32.492855      0.16876755      0.45177684      0.66928819     -0.39832678       2.7509788        2.7509788       3.3962745                                      3.3962745
              2       2.7650957       1.3308399      -31.610733      0.35779477       1.0100435      0.25218895      0.93161146       2.7509788        2.7509788     0.028233893                                    0.028233893
              4       3.8942621       1.8120794      -30.466255      0.48414114       1.0037526      0.59884753     -0.45363659       2.7509788        2.7509788       2.2865667                                      2.2865667
              4        3.711123       1.9067749      -31.651811         0.47226      0.93049416      0.70224215     -0.99549131       2.7509788        2.7509788       1.9202885                                      1.9202885
              5       3.1055474       2.8382066      -32.266887      0.26284233      0.34792307       7.2909719     -0.64654984       2.7509788        2.7509788       0.7091372                                      0.7091372
             42       3.1419691       2.8935858      -32.173284      0.42512389      0.55196441       9.0354784     -0.16796467       2.7509788        2.7509788      0.78198068                                     0.78198068
              1       2.8335654       1.5979968      -31.928711      0.38020302      0.89386426      0.36987746     -0.73183839       2.7509788        2.7509788       0.1651732                                      0.1651732
              1       3.0278675        1.555155      -30.841453      0.41195125      0.99518556      0.38242037      0.51116882       2.7509788        2.7509788      0.55377742                                     0.55377742
              2        5.149366        0.509763      -30.564758      0.13612552       1.0032362     0.031390181    -0.037763718       2.7509788        2.7509788       4.7967745                                      4.7967745
              1       5.3230411      0.48753241      -30.809149      0.12880177      0.99254511     0.029129064     -0.75473511       2.7509788        2.7509788       5.1441247                                      5.1441247
              1       3.4476578       1.7320609      -31.307439      0.45295815      0.98248705      0.50083331      0.28321521       2.7509788        2.7509788        1.393358                                       1.393358
              1       3.6423014        1.760143      -30.168594      0.46750479      0.99786094      0.54578269     -0.88566263       2.7509788        2.7509788       1.7826452                                      1.7826452
              1       4.5378605      0.62266865      -30.866053      0.16429864       0.9913086     0.048378369     -0.80283585       2.7509788        2.7509788       3.5737635                                      3.5737635
              1       3.2808583       0.9503435      -31.698084      0.24523208      0.96945708      0.10862944      0.49928726       2.7509788        2.7509788        1.059759                                       1.059759
             10       5.3085322      0.44891449      -32.055806      0.12940394       1.0829684     0.031058657      0.44478473       2.7509788        2.7509788       5.1151069                                      5.1151069
              1       3.6208166      0.83496576      -31.998538      0.21801704      0.98096539     0.084018619      0.95134608       2.7509788        2.7509788       1.7396757                                      1.7396757
              1       3.6527632      0.77827622      -31.738512      0.21576081       1.0415274     0.086323601      0.35151429       2.7509788        2.7509788       1.8035688                                      1.8035688
              3       3.2324798       1.3761032      -32.139681      0.43424471       1.1855379      0.27406992     -0.99864943       2.7509788        2.7509788      0.96300206                                     0.96300206
              3       2.7564202       1.2177578      -31.459287      0.33219386       1.0248554      0.19749838      0.10060818       2.7509788        2.7509788     0.010882789                                    0.010882789
              1       3.1416497      0.95043072       -31.33478      0.25891007       1.0234353      0.12414576     -0.37477296       2.7509788        2.7509788      0.78134175                                     0.78134175
              3       3.2369698      0.93440985      -31.618031       0.2493262       1.0024493      0.11352857      0.99569314       2.7509788        2.7509788       0.9719821                                      0.9719821
              3       2.7924684       1.1681567      -30.988725      0.31492224       1.0128243      0.19050452     -0.99482625       2.7509788        2.7509788     0.082979309                                    0.082979309
              4        3.179176       1.7507997       -32.27293      0.42898909      0.92053793      0.70185312      0.87406675       2.7509788        2.7509788      0.85639442                                     0.85639442
              4       2.9362917       2.4425084      -32.353507       0.2847737       0.4380218       3.4813195     -0.45617957       2.7509788        2.7509788       0.3706258                                      0.3706258
              2       3.0333158       2.6451535      -32.250143       0.4126361      0.58606833       5.0296682    -0.094605594       2.7509788        2.7509788      0.56467397                                     0.56467397
              4        2.871948       1.1343785      -31.992893        0.295764      0.97953341       0.1667504      0.94631077       2.7509788        2.7509788      0.24193837                                     0.24193837
              5       2.9348604      0.98829721      -32.238619      0.28499511       1.0833824      0.10105946      0.64023739       2.7509788        2.7509788      0.36776335                                     0.36776335
              4       2.9077107       1.3784478      -31.782728      0.39462856       1.0755488      0.26265392     -0.80367098       2.7509788        2.7509788      0.31346377                                     0.31346377
              2       3.5495619      0.83452528      -31.244718       0.2232037       1.0048328     0.090780073      0.90666507       2.7509788        2.7509788       1.5971663                                      1.5971663
              1       3.1138926       1.0806297      -31.951109      0.26191621      0.91057851      0.13429731     -0.39884233       2.7509788        2.7509788      0.72582762                                     0.72582762
              3       2.8564536       1.3803094      -31.805213      0.38517351       1.0483635      0.25182159      0.30263193       2.7509788        2.7509788      0.21094974                                     0.21094974
              3       3.3612918      0.93762241      -31.982646      0.23814697      0.95422106      0.10012595       0.6796415       2.7509788        2.7509788       1.2206261                                      1.2206261
              1       3.1103406      0.91635574      -32.044682      0.26230908       1.0754275      0.13692937      0.54363867       2.7509788        2.7509788      0.71872368                                     0.71872368
              4       5.1704668      0.45327727      -32.078904      0.13522188        1.120766     0.033101382    -0.011598139       2.7509788        2.7509788        4.838976                                       4.838976
              3       2.8198346        1.129504      -31.265241      0.30711705       1.0215228       0.1705137     -0.64237492       2.7509788        2.7509788      0.13771163                                     0.13771163
              1       3.2096656        0.961177      -31.626857      0.25196715       0.9848554       0.1280001      0.85163115       2.7509788        2.7509788      0.91737373                                     0.91737373
              4        2.836568       1.1810137      -31.517876       0.3031087      0.96421837      0.18325791     -0.44245473       2.7509788        2.7509788      0.17117848                                     0.17117848
              4       3.5990476       1.7495971      -30.638723       0.4644217      0.99725534      0.53326303      0.63364934       2.7509788        2.7509788       1.6961377                                      1.6961377
              1       2.8087491       2.0678868      -32.368483       0.3100482      0.56329303        1.923247      -0.1664554       2.7509788        2.7509788      0.11554069                                     0.11554069
              1       2.9796685       2.5682094      -32.335729      0.27842796      0.40729993       4.2794533     -0.52300227       2.7509788        2.7509788      0.45737935                                     0.45737935
              4       3.1206166       1.6251842      -31.694853      0.42282227      0.97743343      0.41008889      0.78508996       2.7509788        2.7509788      0.73927558                                     0.73927558
              6       3.6508699       1.7645671      -30.384247       0.4681066      0.99664043      0.55255972     -0.73478493       2.7509788        2.7509788       1.7997822                                      1.7997822
              1       3.3286375      0.90513764      -30.305565      0.24096345       1.0001577      0.10672121      0.99085708       2.7509788        2.7509788       1.1553174                                      1.1553174
              5       3.1079336       1.0051836      -31.159743      0.26257642      0.98139137      0.13496523     -0.99682124       2.7509788        2.7509788      0.71390959                                     0.71390959
              1       3.4768896      0.86992542       -31.23536      0.22873793      0.98784336      0.09448882      0.35638854       2.7509788        2.7509788       1.4518217                                      1.4518217
              2       2.8857769       1.1494325      -31.981566      0.29319271      0.95830026      0.16145757      0.75104928       2.7509788        2.7509788       0.2695962                                      0.2695962
              4        2.965545       2.7033726      -32.302267      0.28042229       0.3897073       5.5186472     -0.56252431       2.7509788        2.7509788      0.42913241                                     0.42913241
              1       3.6417852       1.7688478      -31.699287      0.46746844      0.99287312      0.54490742      0.98127467       2.7509788        2.7509788       1.7816128                                      1.7816128
              3       2.7573165       1.3253041      -30.201575      0.35258304      0.99948851      0.25698054      0.89602476       2.7509788        2.7509788     0.012675493                                    0.012675493
              4       2.7815318       1.2015002      -31.064082      0.31876353      0.99672809      0.20105853      0.90803985       2.7509788        2.7509788     0.061106115                                    0.061106115
              4       2.9966067        1.500045      -31.189159      0.40788426       1.0215616      0.35187383     -0.99982116       2.7509788        2.7509788       0.4912558                                      0.4912558
              3       3.5853926       1.7494517       -30.61987      0.46343213      0.99521315      0.53232902     -0.21810679       2.7509788        2.7509788       1.6688276                                      1.6688276
              1       3.6933427       1.7761096      -30.656662      0.47104827      0.99638589      0.55626384      0.42191042       2.7509788        2.7509788       1.8847279                                      1.8847279
              5       4.6295423       1.9710164      -30.326428      0.52420311      0.99917433      0.77471511      0.88012385       2.7509788        2.7509788        3.757127                                       3.757127
              2       4.4456607       1.9285653       -30.43338      0.51505611       1.0033492      0.71695225     -0.27516548       2.7509788        2.7509788       3.3893638                                      3.3893638
              2       3.7311778       1.7685582      -30.664544      0.47361336       1.0060892       0.5498139     -0.59035279       2.7509788        2.7509788       1.9603981                                      1.9603981
              3       6.5514157       2.1357363      -31.554709      0.60115501       1.0574766       1.0708323     -0.75608726       2.7509788        2.7509788       7.6008738                                      7.6008738
              1       2.8237718        1.169475      -31.104797       0.3061336      0.98344927      0.18921058      -0.9642558       2.7509788        2.7509788      0.14558612                                     0.14558612
              4       3.6129568       1.7516767      -30.127286      0.46542153      0.99821581      0.54027025     -0.57406814       2.7509788        2.7509788        1.723956                                       1.723956
              2       5.3316855       2.0845897      -30.077084       0.5555562       1.0012426      0.93475041      0.16137595       2.7509788        2.7509788       5.1614135                                      5.1614135
              1       3.0383083       1.0439812      -31.298412      0.27074211      0.97430523      0.14795504     -0.97807478       2.7509788        2.7509788      0.57465898                                     0.57465898
              4       2.8183206       1.3119855      -31.762825      0.37649731       1.0781142      0.26490461     -0.89824392       2.7509788        2.7509788      0.13468363                                     0.13468363
              4       2.7559079       1.1686774      -32.035646       0.3326669       1.0694165      0.23381831      0.61624109       2.7509788        2.7509788    0.0098581596                                   0.0098581596
              8       2.8555937       2.3547969      -32.304455      0.38499715      0.61423702       2.9594111    -0.029233681       2.7509788        2.7509788      0.20922988                                     0.20922988
              7       3.1286808       1.5132138      -31.570479      0.42369915       1.0519357      0.37044849     -0.93632172       2.7509788        2.7509788      0.75540407                                     0.75540407
              1        3.911854       1.8497798      -31.308143      0.48523054      0.98550766      0.61129009      0.54279959       2.7509788        2.7509788       2.3217504                                      2.3217504
              2       3.0187897       1.5478428       -30.63893      0.41079502      0.99708055      0.37951619       0.5446536       2.7509788        2.7509788      0.53562184                                     0.53562184
              7       2.9960455       1.0417426      -30.568759      0.27619103      0.99604986      0.14708693     -0.34521007       2.7509788        2.7509788      0.49013354                                     0.49013354
              3       2.7608711       1.2334441      -30.044973      0.32877818       1.0014181      0.21613504     -0.97616942       2.7509788        2.7509788     0.019784592                                    0.019784592
              1       3.6673325       1.7583803      -30.765594      0.46925487       1.0026005      0.54897453      0.81963214       2.7509788        2.7509788       1.8327074                                      1.8327074
              8       2.8039191        1.439013      -31.296475      0.37258696      0.97273567      0.31889817     -0.98066374       2.7509788        2.7509788      0.10588075                                     0.10588075
              1       2.8644934       1.4118291      -31.344247      0.38678873       1.0292565      0.29520046     -0.90323165       2.7509788        2.7509788      0.22702928                                     0.22702928
              9       2.7825325       2.1415852      -32.328915      0.36561391       0.6413857       2.0657375     0.039443674       2.7509788        2.7509788     0.063107363                                    0.063107363
              4       6.4625696       2.9351756      -32.386839     0.085892146      0.10993887       5.1609149     -0.95457766       2.7509788        2.7509788       7.4231816                                      7.4231816
              4       4.0063807       2.7091144      -32.363269      0.19305215      0.26771901       4.7758959     -0.77072015       2.7509788        2.7509788       2.5108038                                      2.5108038
              4       4.7068586      0.57913745      -31.074871      0.15608521       1.0125396     0.042176283     -0.42399933       2.7509788        2.7509788       3.9117596                                      3.9117596
              4       2.9501335        1.060408      -30.516907      0.28267495       1.0014891      0.15271339      0.75527433       2.7509788        2.7509788      0.39830936                                     0.39830936
              2       2.7565581       1.2505751      -30.256191      0.33207035      0.99759035      0.22333561     -0.97913168       2.7509788        2.7509788     0.011158664                                    0.011158664
              3       4.0632348       1.5758947      -32.476898      0.18971675      0.45228312      0.89288043     -0.40151675       2.7509788        2.7509788       2.6245121                                      2.6245121
              5       2.7574348       1.3189247      -31.712669      0.35268133       1.0046028      0.25851564       0.9913938       2.7509788        2.7509788     0.012912037                                    0.012912037
              4       3.3390982      0.89879151      -31.322616      0.24005273       1.0034127       0.1062459      0.96777694       2.7509788        2.7509788       1.1762388                                      1.1762388
              7        5.213077       1.3456054      -32.543745      0.13340901       0.3724769      0.57375884     -0.53840272       2.7509788        2.7509788       4.9241965                                      4.9241965
              1        2.752363       1.4978712      -32.318262      0.33705412      0.84538995      0.55057364      0.64000507       2.7509788        2.7509788    0.0027684161                                   0.0027684161
              2       2.7780331       1.3843572      -31.167052      0.36386561      0.98747192      0.27813911      0.19457775       2.7509788        2.7509788     0.054108731                                    0.054108731
              2       2.7756052       1.3688012      -30.583835      0.36286142      0.99593805      0.28108039     -0.19951356       2.7509788        2.7509788     0.049252934                                    0.049252934
              4        2.788138       1.3779914      -30.707789      0.36762574       1.0022852      0.28156926      0.78215805       2.7509788        2.7509788     0.074318542                                    0.074318542
              2         2.91751        1.082004      -30.452674      0.28775113      0.99912557      0.15872916      0.88926202       2.7509788        2.7509788       0.3330625                                      0.3330625
              4       2.8679316       1.4924091      -31.695864      0.38746197      0.97537832      0.32420262      0.72837459       2.7509788        2.7509788      0.23390565                                     0.23390565
              6       2.9702979       1.5200081      -31.317223      0.40425598      0.99917707      0.36378231      0.99839618       2.7509788        2.7509788      0.43863826                                     0.43863826
              4       3.1754182       1.6074413      -30.874297      0.42860654       1.0017413      0.42567888      0.94716558       2.7509788        2.7509788      0.84887876                                     0.84887876
              5        4.126608      0.69812953      -30.083562      0.18608297       1.0013884     0.060868112     -0.80740507       2.7509788        2.7509788       2.7512584                                      2.7512584
             15       2.7869033       1.1950851      -30.556294       0.3168036      0.99591707      0.19923711     -0.47896161       2.7509788        2.7509788     0.071849095                                    0.071849095
              5       2.9282255       1.0756277       -30.18213      0.28603301      0.99904743      0.15660771       0.5603268       2.7509788        2.7509788      0.35449341                                     0.35449341
              2       5.2319976       2.0872292      -30.710946      0.55139094      0.99247915       0.9449747     -0.58623341       2.7509788        2.7509788       4.9620376                                      4.9620376
              1       3.2810991       1.6439454      -30.454022      0.43878991       1.0027696      0.45314075     0.087380142       2.7509788        2.7509788       1.0602407                                      1.0602407
              4       4.7586036       1.9932416      -30.648669      0.53035803      0.99963423      0.80261054      0.99468345       2.7509788        2.7509788       4.0152497                                      4.0152497
              1       4.5715864       1.9503407      -30.628635      0.52137051       1.0043103      0.74050668      0.15084466       2.7509788        2.7509788       3.6412153                                      3.6412153
              2        4.003684        1.890726      -31.301778      0.49078779       0.9752076      0.65134461     -0.35082369       2.7509788        2.7509788       2.5054105                                      2.5054105
              1       3.6100763      0.80649238       -31.35562      0.21878486       1.0191754     0.079073075     0.054698187       2.7509788        2.7509788        1.718195                                       1.718195
              1       6.6969939      0.28832903      -31.135594     0.077928078       1.0154008    0.0097218806     -0.74623696       2.7509788        2.7509788       7.8920303                                      7.8920303
              4       7.1603694      0.25691374      -31.963534     0.062853532      0.91912434    0.0065487187      -0.2534997       2.7509788        2.7509788       8.8187812                                      8.8187812
              1       8.3954006       1.7465961      -32.913464     0.026170579     0.056292787      0.26408443     -0.95384829       2.7509788        2.7509788       11.288844                                      11.288844
             12       3.0460563        1.558695      -31.316565      0.41421226      0.99837505      0.38791819      0.99381376       2.7509788        2.7509788      0.59015504                                     0.59015504
              3       4.3890037       2.1654415      -31.911911       0.5121387      0.88853198      0.93348886     -0.49798424       2.7509788        2.7509788       3.2760499                                      3.2760499
              1       4.5507532       1.7954253      -32.203068      0.52034129       1.0888119      0.47432842      0.66248267       2.7509788        2.7509788       3.5995489                                      3.5995489
              5       2.9820826       1.5178849      -31.141034       0.4059067       1.0046605      0.35825546      0.88270664       2.7509788        2.7509788      0.46220762                                     0.46220762
              4       3.8062766      0.77247157      -30.345262      0.20543784      0.99914807     0.075827186      0.81892539       2.7509788        2.7509788       2.1105957                                      2.1105957
             12       2.7910624       1.1870659      -30.598786      0.31538501      0.99815532       0.1985525      0.75469371       2.7509788        2.7509788     0.080167262                                    0.080167262
              9       2.7519959       1.2534075      -31.271788      0.33776026       1.0123908      0.21709591      0.48912895       2.7509788        2.7509788    0.0020343343                                   0.0020343343
              3        2.972709       1.5105581      -30.662914      0.40459725       1.0062767      0.36023468     -0.89586138       2.7509788        2.7509788       0.4434604                                      0.4434604
              2        3.690586       1.8231024      -31.294126      0.47085937      0.97031352      0.60872982     -0.99575481       2.7509788        2.7509788       1.8792144                                      1.8792144
              4       3.3406698        1.709878      -31.221563       0.4440834      0.97573376      0.50061827     -0.99245675       2.7509788        2.7509788       1.1793821                                      1.1793821
              7       2.7609321       1.3413464      -30.716993      0.35526258      0.99503972      0.26216741    0.0015576157       2.7509788        2.7509788     0.019906739                                    0.019906739
              2        2.834718        1.138591      -30.668088      0.30353131       1.0015386      0.17818554        0.871866       2.7509788        2.7509788      0.16747851                                     0.16747851
              3        2.828949       1.1463964       -30.54364      0.30488006      0.99913952      0.18143319      0.93029463       2.7509788        2.7509788      0.15594048                                     0.15594048
              3       3.2244562      0.93762975      -30.480168      0.25052709       1.0038186       0.1154974     -0.96223258       2.7509788        2.7509788      0.94695495                                     0.94695495
              1       3.7136046       0.7963973      -30.497452      0.21157177      0.99806738     0.081207185      0.52894074       2.7509788        2.7509788       1.9252516                                      1.9252516
              4       2.8485663       1.1353926      -31.209541       0.3004721      0.99423726      0.18119397      0.85530877       2.7509788        2.7509788      0.19517497                                     0.19517497
              5       3.1508479      0.96541133      -31.716402       0.2579376       1.0037699       0.1246916       0.9936961       2.7509788        2.7509788      0.79973822                                     0.79973822
              4       2.8418326       1.1282453      -30.768638      0.30193045       1.0053917      0.17755206     0.027045198       2.7509788        2.7509788      0.18170761                                     0.18170761
              4       3.9951216       1.9712092      -31.662038      0.49027843       0.9344197      0.72644899     -0.75097134       2.7509788        2.7509788       2.4882856                                      2.4882856
              7       3.7306984      0.71912921      -32.235016      0.21041883       1.0992832     0.048382425      0.42639212       2.7509788        2.7509788       1.9594392                                      1.9594392
              6       2.8388726         1.33008      -32.034798      0.38141142       1.0773278      0.32355301      0.55264221       2.7509788        2.7509788      0.17578765                                     0.17578765
              1       3.4109771       1.6077207      -32.230592      0.44999764       1.0515539      0.37534473      0.89832029       2.7509788        2.7509788       1.3199966                                      1.3199966
              1       3.1280294       1.5901386      -30.905982      0.42362867       1.0008806      0.41231414      0.98819289       2.7509788        2.7509788      0.75410129                                     0.75410129
              2       4.9247786      0.54926711      -30.510395      0.14600155      0.99863275     0.037079878      0.76928893       2.7509788        2.7509788       4.3475997                                      4.3475997
              8       4.6277117       1.9645464      -30.378164      0.52411432       1.0022952       0.7686965      0.25076063       2.7509788        2.7509788       3.7534659                                      3.7534659
             12        2.929113       1.6095424      -31.955284      0.39810694      0.92924289      0.35964889       0.2884868       2.7509788        2.7509788      0.35626849                                     0.35626849
              8       2.9977393       1.6394994      -31.957756      0.40803599      0.93501617      0.38153407      0.41959436       2.7509788        2.7509788      0.49352108                                     0.49352108
              7       2.8276896       1.4776942      -31.845546      0.37881893      0.96311693      0.37798077      0.74277794       2.7509788        2.7509788      0.15342168                                     0.15342168
              4       2.8249715       1.4589664      -31.840923      0.37816074        0.973785      0.35571974      0.86248935       2.7509788        2.7509788      0.14798542                                     0.14798542
              4       2.7873229       1.4423919      -31.974513      0.36734313      0.95679865      0.28196835      0.75114425       2.7509788        2.7509788     0.072688325                                    0.072688325
             11       2.7777623       1.4206539      -31.977684       0.3637559      0.96195259      0.27478438       0.8106281       2.7509788        2.7509788     0.053567112                                    0.053567112
              5       2.7510758       1.3722861      -31.864051       0.3406907      0.93271193      0.33162603      0.22756778       2.7509788        2.7509788   0.00019400959                                  0.00019400959
              1       3.0420368       1.0017574      -31.137128      0.27028126       1.0136436      0.12987378     -0.22963332       2.7509788        2.7509788        0.582116                                       0.582116
              2       3.1179419      0.97549955      -31.141535      0.26147068       1.0069962      0.12321932      0.68331555       2.7509788        2.7509788      0.73392616                                     0.73392616
              2       2.7510017       1.3282092      -31.383312      0.34263688      0.96916908       0.2684003     -0.71865613       2.7509788        2.7509788   4.5904688e-05                                  4.5904688e-05
             10       3.6284243      0.81353619      -30.751681      0.21747604       1.0043069     0.083547203      0.25804583       2.7509788        2.7509788       1.7548911                                      1.7548911
              7       4.1848012      0.68158464       -31.07108      0.18281926       1.0077065     0.059284807      0.46066141       2.7509788        2.7509788       2.8676448                                      2.8676448
              3       2.7605033       1.2410765      -30.486082      0.32902626      0.99601049      0.22008349     -0.90318866       2.7509788        2.7509788     0.019049123                                    0.019049123
              2       2.9197262       1.4952798      -30.831458      0.39660864      0.99648696      0.35279801      0.72694686       2.7509788        2.7509788       0.3374948                                      0.3374948
              1       3.2134893       2.3190427      -32.393869      0.25159267      0.40758778       2.7867637       -0.512746       2.7509788        2.7509788        0.925021                                       0.925021
              5       2.7770212       2.2911414      -32.321888       0.3634528        0.595975       2.6943927    -0.080439918       2.7509788        2.7509788     0.052084939                                    0.052084939
              1       4.1131431       1.7265676      -32.485425      0.18684792       0.4065712       1.1076762     -0.49164306       2.7509788        2.7509788       2.7243287                                      2.7243287
              4       3.5100422       0.8452509      -30.910021      0.22618044       1.0053131     0.093274856      0.47376927       2.7509788        2.7509788       1.5181269                                      1.5181269
              3       3.4771977      0.84553669      -31.270413       0.2287139         1.01623     0.088330056     0.013435913       2.7509788        2.7509788       1.4524379                                      1.4524379
              6        5.741952      0.42107977      -30.459219      0.11209463       1.0001205     0.021370758      0.99730089       2.7509788        2.7509788       5.9819465                                      5.9819465
             15       2.7511051       1.2323376      -31.595237      0.34050607       1.0380711      0.19894924     -0.14685709       2.7509788        2.7509788   0.00025258193                                  0.00025258193
              2       3.3792767       1.7282813      -32.255317      0.44737211       0.9724928      0.58560455      0.98085939       2.7509788        2.7509788       1.2565959                                      1.2565959
              4       2.8461566       1.1100222      -31.549358      0.30098801       1.0187074      0.17874032      0.69104635       2.7509788        2.7509788       0.1903557                                      0.1903557
              1       3.9339298      0.75906345      -31.404185      0.19741401      0.97708377     0.069043781    -0.095183431       2.7509788        2.7509788        2.365902                                       2.365902
              4       3.4864186      0.73934944      -32.188449      0.22799696       1.1585405     0.054507343     -0.69935349       2.7509788        2.7509788       1.4708796                                      1.4708796
              2       3.4937193      0.79935086      -32.043473      0.22743251       1.0689244      0.10037089      0.60215747       2.7509788        2.7509788        1.485481                                       1.485481
              1       5.3394981       2.2764399      -32.222259       0.5558792      0.91739455       1.6952461      0.87986987       2.7509788        2.7509788       5.1770386                                      5.1770386
              6       4.6164258       2.9249506      -32.129894      0.52356591      0.67248831       9.3751795      0.19904789       2.7509788        2.7509788        3.730894                                       3.730894
              3       3.7969819       1.7963841      -30.023603      0.47795943      0.99959426      0.58088944      0.89125925       2.7509788        2.7509788       2.0920062                                      2.0920062
              3       3.5782874       1.7301901      -30.547178      0.46291401       1.0051675      0.51964902     -0.99260683       2.7509788        2.7509788       1.6546172                                      1.6546172
              8       3.6368202       1.7548306      -30.789166       0.4671183       1.0000544       0.5419167      0.99992575       2.7509788        2.7509788       1.7716828                                      1.7716828
              1       3.1929766      0.94619085      -30.795046      0.25362022       1.0070176      0.11899487     -0.53134338       2.7509788        2.7509788      0.88399562                                     0.88399562
              6       2.8350117       1.1207667      -31.425065      0.30346391       1.0172407      0.18145351      0.53292081       2.7509788        2.7509788      0.16806588                                     0.16806588
              1        2.754237       2.1523142      -32.348422      0.33441186      0.58372449       2.1751605     -0.11465822       2.7509788        2.7509788    0.0065165083                                   0.0065165083
              9       4.4604716       0.6310278      -30.209456      0.16818931       1.0013406     0.049453258     0.076946446       2.7509788        2.7509788       3.4189856                                      3.4189856
              2       4.4936331      0.62578353      -30.186051      0.16651158      0.99965979     0.048478906      0.94710629       2.7509788        2.7509788       3.4853086                                      3.4853086
              1         5.35337       0.4808572      -30.450572      0.12754847      0.99653155     0.028036339     -0.99191117       2.7509788        2.7509788       5.2047825                                      5.2047825
              2       6.0180171      0.38155785      -30.231771      0.10171871       1.0015493     0.017427048     -0.14577744       2.7509788        2.7509788       6.5340766                                      6.5340766
              1       5.9896206      0.39263638      -31.312162      0.10276523      0.98330344     0.017750201     0.075617065       2.7509788        2.7509788       6.4772836                                      6.4772836
              1       4.4287898       2.2086133      -31.865832      0.51419255      0.87465748       1.2871268     -0.76412678       2.7509788        2.7509788        3.355622                                       3.355622
              2       2.8099413       1.4500161      -31.520745      0.37427979      0.96974035      0.30106107     0.065858718       2.7509788        2.7509788      0.11792496                                     0.11792496
              1        4.166375      0.70304295      -32.000931      0.18384538      0.98243265     0.058335723       0.9581469       2.7509788        2.7509788       2.8307925                                      2.8307925
              4       9.0493302       1.5179568      -33.162747    0.0083767608     0.020732354     0.070193777     -0.98238284       2.7509788        2.7509788       12.596703                                      12.596703
              1       9.3366674       1.0371086      -33.626979   0.00085151343    0.0030846024     0.004382548     -0.99708384       2.7509788        2.7509788       13.171377                                      13.171377
              1       9.3652925      0.99874888      -34.064567   0.00011090641   0.00041718842   0.00054733305     -0.99960346       2.7509788        2.7509788       13.228627                                      13.228627
              3       9.3695791       3.0886711      -34.914315   1.3939233e-07   1.6955052e-07   4.7670585e-05     -0.99999999       2.7509788        2.7509788       13.237201                                      13.237201
              2       9.3691543       1.9127539      -34.588811   1.1115127e-05   2.1831685e-05   0.00014259754     -0.99998471       2.7509788        2.7509788       13.236351                                      13.236351
              1       9.3691882       2.0252351      -34.596346    1.023929e-05   1.8994432e-05   0.00014842358     -0.99998753       2.7509788        2.7509788       13.236419                                      13.236419
              1       9.2630925       1.7647021      -33.400096    0.0027625105    0.0058811798     0.030181062     -0.99553175       2.7509788        2.7509788       13.024228                                      13.024228
              3       8.3420072      0.57884897      -32.761083     0.027667923       0.1795739     0.059461089     -0.79798607       2.7509788        2.7509788       11.182057                                      11.182057
              1       6.0135695      0.38668402      -31.015054      0.10188231      0.98986164      0.01759597     -0.30984501       2.7509788        2.7509788       6.5251814                                      6.5251814
              6       2.7842455       1.1840421      -30.983358      0.31775358       1.0082198      0.20034524       0.1793139       2.7509788        2.7509788     0.066533375                                    0.066533375
             11        2.815571       1.4067496      -30.421587      0.37578571       1.0035878      0.29899873     -0.97364773       2.7509788        2.7509788      0.12918449                                     0.12918449
              3       5.3688326        2.094699      -30.042987      0.55708769      0.99915729      0.94634609       0.5921278       2.7509788        2.7509788       5.2357077                                      5.2357077
             12       4.3706299       1.9245202      -30.168639      0.51118178      0.99789493       0.7145353     -0.67074853       2.7509788        2.7509788       3.2393022                                      3.2393022
              8       2.8402952       1.4502839      -31.408391      0.38172909      0.98885853      0.31235203      0.79511899       2.7509788        2.7509788      0.17863295                                     0.17863295
              6       2.7516542       1.2605572      -31.360092      0.33854523       1.0089881      0.22164135      0.82266639       2.7509788        2.7509788    0.0013507726                                   0.0013507726
              3       2.7513751       1.2695183      -31.142194      0.33935356       1.0042582      0.22869735      0.89327059       2.7509788        2.7509788   0.00079262896                                  0.00079262896
              4        3.083233      0.99041222      -30.878519      0.26537366        1.006639      0.13241055     0.081297553       2.7509788        2.7509788      0.66450839                                     0.66450839
              3       3.1631426      0.98202436      -31.162195      0.25665505      0.98188241      0.12614124     -0.91128764       2.7509788        2.7509788      0.82432773                                     0.82432773
              1       3.1738742      0.97741003       -31.16297      0.25555112      0.98227461      0.12427232     -0.83298549       2.7509788        2.7509788      0.84579091                                     0.84579091
              6       2.7931912       1.1527524      -31.603983      0.31468742       1.0255935      0.17139391      0.49430143       2.7509788        2.7509788     0.084424771                                    0.084424771
              4       2.8367589       1.4552173      -31.478873      0.38093464      0.98345507      0.34157274      0.69933338       2.7509788        2.7509788      0.17156026                                     0.17156026
              1       2.9900229       1.0354096      -30.628698      0.27700471       1.0050944      0.14307863     -0.73060501       2.7509788        2.7509788      0.47808829                                     0.47808829
              8       2.8699607       1.1137768      -30.741685      0.29614535      0.99893829      0.16955346      0.95660671       2.7509788        2.7509788      0.23796387                                     0.23796387
             16       2.7532784        1.251481      -31.023909      0.33562507       1.0075395      0.22859074      0.43912885       2.7509788        2.7509788    0.0045993386                                   0.0045993386
              6       3.0777695         1.60136      -31.214757      0.41799372      0.98064697      0.43362973     -0.32420299       2.7509788        2.7509788      0.65358144                                     0.65358144
             15       3.9678798       2.2062549      -32.456726      0.19535391      0.33265829       2.1572881     -0.64014003       2.7509788        2.7509788       2.4338021                                      2.4338021
              1       2.8667915        1.149454      -31.384437      0.29676016      0.96994233      0.18986665     -0.72059449       2.7509788        2.7509788      0.23162551                                     0.23162551
              3       2.9186373       1.0873314      -31.368788      0.28756783      0.99359707      0.16438643      0.91326861       2.7509788        2.7509788      0.33531704                                     0.33531704
              9       2.9098878       2.3951785      -32.295275      0.39499283      0.61955983       3.1547863    -0.013027936       2.7509788        2.7509788      0.31781806                                     0.31781806
              9       2.7652169       1.4349315      -31.658684       0.3578624      0.93695088      0.32038703     -0.97621693       2.7509788        2.7509788     0.028476189                                    0.028476189
              7       2.8426603       1.6514197      -32.298783      0.38225165      0.86960861      0.67497614      0.72213547       2.7509788        2.7509788      0.18336299                                     0.18336299
              4       3.3182299       1.6539456       -31.35967      0.44212224       1.0042759      0.45246732      0.96608887       2.7509788        2.7509788       1.1345023                                      1.1345023
              2       3.1422282       1.4539873      -32.389375      0.25884858      0.66883208      0.67662148      0.10077697       2.7509788        2.7509788       0.7824988                                      0.7824988
             12       2.7970925      0.99773702      -32.138336      0.31345317       1.1802894      0.13911112     -0.97206091       2.7509788        2.7509788     0.092227427                                    0.092227427
              1       4.1744246        1.447014      -32.476431       0.1833963      0.47615654      0.72589123     -0.35167754       2.7509788        2.7509788       2.8468916                                      2.8468916
              1       4.1965929       1.6433713      -32.060031      0.50183396       1.1472452      0.59474858      -0.1945174       2.7509788        2.7509788       2.8912283                                      2.8912283
              8       3.4881341       1.6978343      -31.118883      0.45613592       1.0093247      0.50503764      0.53853748       2.7509788        2.7509788       1.4743106                                      1.4743106
              9       2.8718387       1.4666129      -30.841214      0.38821511      0.99446352      0.32750227      0.32789306       2.7509788        2.7509788      0.24171988                                     0.24171988
              3         2.89763       1.4754219        -30.6313      0.39290796       1.0004756      0.33681996      0.98700879       2.7509788        2.7509788      0.29330248                                     0.29330248
              3       3.6386493       1.7512735      -30.266432      0.46724741       1.0023626      0.54048321     -0.50875377       2.7509788        2.7509788        1.775341                                       1.775341
              9       2.7617221       1.3429153      -30.600421      0.35577882      0.99532148      0.26789598     -0.48939286       2.7509788        2.7509788     0.021486618                                    0.021486618
              2       3.0042873        1.530807      -30.591143      0.40890642       1.0035417      0.37455603      0.16935864       2.7509788        2.7509788      0.50661709                                     0.50661709
              1       5.4306436      0.46873152      -30.525058      0.12438788      0.99697855     0.026818542    -0.066569906       2.7509788        2.7509788       5.3593296                                      5.3593296
              2       4.0830911      0.71220703      -31.623426      0.18856895      0.99470851     0.064779675       0.9800371       2.7509788        2.7509788       2.6642246                                      2.6642246
              5       3.0887525       1.5548429      -31.356205      0.41926019       1.0130457      0.37344372      0.65658615       2.7509788        2.7509788      0.67554743                                     0.67554743
              3        2.857653       1.1082109      -31.138039      0.29858172       1.0122148      0.16333028     0.044906342       2.7509788        2.7509788      0.21334849                                     0.21334849
              4       2.8207835        1.154543      -30.489042      0.30687751      0.99858919      0.18416931      0.75863658       2.7509788        2.7509788      0.13960947                                     0.13960947
              5       3.0123353       1.0303999       -30.39342      0.27403904      0.99916809      0.14278476      0.86822097       2.7509788        2.7509788      0.52271298                                     0.52271298
              2       2.9400148       1.4799201      -31.073534      0.39979831       1.0149266      0.34699256     -0.61126205       2.7509788        2.7509788      0.37807211                                     0.37807211
              2       2.9157343       1.4889551      -30.344881      0.39595887      0.99908032      0.34633854      0.82623077       2.7509788        2.7509788      0.32951104                                     0.32951104
              1       2.8940234        1.097409      -30.249889      0.29172193      0.99869406      0.16384706      0.38149734       2.7509788        2.7509788      0.28608924                                     0.28608924
              1       2.8134294       1.1903727      -31.630012      0.30877912      0.97453375      0.21427313      0.62118785       2.7509788        2.7509788      0.12490121                                     0.12490121
              2        3.212791      0.95780082      -31.313684      0.25166094      0.98712585      0.11640012      0.50477367       2.7509788        2.7509788      0.92362449                                     0.92362449
              1        3.127906       1.6082274      -31.700951       0.4236153      0.98959182      0.41201548      0.95667183       2.7509788        2.7509788      0.75385435                                     0.75385435
              2        4.060502       1.8338078      -30.913679       0.4941246       1.0123124      0.61511836     -0.98269755       2.7509788        2.7509788       2.6190465                                      2.6190465
              6       3.8935912       1.8119011      -30.906469      0.48409943       1.0037649      0.60150712      0.80862253       2.7509788        2.7509788       2.2852249                                      2.2852249
              4       2.8217468       1.4166728      -30.164387        0.377364       1.0007436       0.3046541      0.70649237       2.7509788        2.7509788      0.14153605                                     0.14153605
              4       6.5312451      0.32683861      -31.694366     0.083533626      0.96019601     0.011525825     0.035586232       2.7509788        2.7509788       7.5605327                                      7.5605327
              9       4.3267705      0.65335431      -30.826593      0.17512462       1.0070021     0.052322565     -0.42963341       2.7509788        2.7509788       3.1515835                                      3.1515835
              3       4.4306542      0.64272706      -30.810111       0.1697118        0.992013     0.051366889     -0.97642835       2.7509788        2.7509788       3.3593509                                      3.3593509
              2       4.0522974      0.72540602      -31.055571       0.1903527      0.98584766     0.065890622     -0.99053374       2.7509788        2.7509788       2.6026372                                      2.6026372
              1       2.8149469       1.1377457      -31.268257      0.30837792       1.0182865      0.17194729     -0.17649477       2.7509788        2.7509788      0.12793618                                     0.12793618
              2       3.0738493       1.6290986      -31.629406      0.41753653      0.96289521      0.48149602      0.32799842       2.7509788        2.7509788      0.64574101                                     0.64574101
              2        2.945368       1.5761837      -31.502125      0.40061098      0.95487812      0.40266012     -0.99880229       2.7509788        2.7509788      0.38877853                                     0.38877853
              1       5.6793514       0.4209935      -31.259313      0.11451329       1.0219095     0.021719594     -0.90764194       2.7509788        2.7509788       5.8567453                                      5.8567453
              5       5.3106771      0.52330823      -32.322107      0.12931481      0.92837327     0.042556015      0.87960915       2.7509788        2.7509788       5.1193966                                      5.1193966
              2       4.2544415      0.71782851      -31.873584      0.17899941      0.93683435      0.07651302      0.22699928       2.7509788        2.7509788       3.0069255                                      3.0069255
              8       3.2608107      0.95409097      -31.992618       0.2470803      0.97292698      0.10987642      0.89901835       2.7509788        2.7509788       1.0196638                                      1.0196638
              2       4.7327267      0.95640643      -32.445102      0.15485982       0.6083145      0.27136925      -0.0579473       2.7509788        2.7509788       3.9634958                                      3.9634958
              3       4.1027358      0.70132484      -30.662098      0.18744176       1.0041048     0.062169323    -0.017446221       2.7509788        2.7509788       2.7035141                                      2.7035141
              2       3.0156944         1.04949      -31.484802      0.27360369      0.97943492       0.1575118      0.49015964       2.7509788        2.7509788       0.5294313                                      0.5294313
              1       3.9128706      0.74917934      -30.450402      0.19870676      0.99645748     0.070810032     -0.99941058       2.7509788        2.7509788       2.3237836                                      2.3237836
              5       3.9868556      0.72768418      -30.360631      0.19421497       1.0027015     0.066770853     -0.78518683       2.7509788        2.7509788       2.4717536                                      2.4717536
              2       3.7604126      0.78194528      -30.413232      0.20843835        1.001459     0.077273461      0.59050864       2.7509788        2.7509788       2.0188676                                      2.0188676
              4       4.2891968       2.3500617      -32.244014      0.50687386       0.8103125       2.3652716      0.56820604       2.7509788        2.7509788        3.076436                                       3.076436
              1        4.130221        1.985237      -31.632064      0.49812165      0.94265975      0.86912342     -0.30322441       2.7509788        2.7509788       2.7584844                                      2.7584844
              3       2.7524112       1.2998449       -30.94248      0.34703128       1.0030186       0.2477513      0.86974437       2.7509788        2.7509788    0.0028648492                                   0.0028648492
              1       2.7642129       1.2598807      -31.295417      0.32670706      0.97422889      0.23232258     -0.87115957       2.7509788        2.7509788     0.026468324                                    0.026468324
              1       2.9556503       1.0575179       -30.72072      0.28185887       1.0013269      0.15171843      0.92423889       2.7509788        2.7509788      0.40934304                                     0.40934304
              3       4.3567985      0.65383084      -30.789392      0.17354215      0.99717525     0.052608878       0.7254479       2.7509788        2.7509788       3.2116395                                      3.2116395
              1       5.3138479       2.0970029      -30.599349      0.55481688      0.99399125      0.95779167      -0.6852246       2.7509788        2.7509788       5.1257382                                      5.1257382
              4       4.7828856       1.9956574      -30.292137      0.53149369       1.0005621      0.80375826      0.93231697       2.7509788        2.7509788       4.0638137                                      4.0638137
              1       3.2290403       1.5443829      -31.798307      0.43391465       1.0555559      0.33538825      0.10731876       2.7509788        2.7509788      0.95612296                                     0.95612296
              1       3.7358928       1.7855411      -30.830218      0.47392953      0.99718523      0.57450821      0.84562912       2.7509788        2.7509788       1.9698281                                      1.9698281
              8       2.7965042       1.1742362      -30.422074      0.31363585       1.0034648      0.19229848     -0.99089233       2.7509788        2.7509788     0.091050841                                    0.091050841
             11        2.752035       1.2629341      -30.533577       0.3376797       1.0045144      0.22841725     -0.96423526       2.7509788        2.7509788    0.0021123789                                   0.0021123789
              6       2.9986895       1.5128477      -30.988155      0.40816301       1.0136088       0.3598598     -0.99966942       2.7509788        2.7509788      0.49542151                                     0.49542151
              3       2.8865334       1.4637684      -31.087889      0.39094406       1.0034002      0.32709527      0.91876726       2.7509788        2.7509788      0.27110925                                     0.27110925
             12       2.8241609       1.4430419      -31.099182      0.37796212      0.98401396      0.32514651     -0.66614395       2.7509788        2.7509788      0.14636421                                     0.14636421
              5       2.7625992       1.2305121       -31.02027      0.32766974         1.00042      0.21532333      0.99817889       2.7509788        2.7509788     0.023240886                                    0.023240886
              2       3.3524994      0.89655318      -30.708926      0.23889776        1.001078      0.10407022      0.94460743       2.7509788        2.7509788       1.2030412                                      1.2030412
              2       2.7792957       1.3611647      -30.956375      0.36437001       1.0056893       0.2705838      0.56433967       2.7509788        2.7509788     0.056633909                                    0.056633909
              1       2.7969262       1.3850342      -30.562421      0.37049533       1.0049724      0.28695121     -0.99651294       2.7509788        2.7509788     0.091894936                                    0.091894936
              3       3.2293318      0.94224344      -30.365952      0.25005733      0.99703037      0.11646067     -0.98712594       2.7509788        2.7509788        0.956706                                       0.956706
              2        3.022471       1.0251201      -30.105275      0.27273377      0.99953059      0.14095796      0.86350168       2.7509788        2.7509788      0.54298438                                     0.54298438
              6       2.7678459       1.3576328      -30.636548      0.35926487      0.99417849      0.27247888     -0.96299584       2.7509788        2.7509788     0.033734229                                    0.033734229
              7       2.7805528       1.3795416      -30.673859      0.36486116      0.99363013      0.28352901     -0.96441037       2.7509788        2.7509788     0.059148117                                    0.059148117
              3       2.7545658       1.3143413      -30.372707       0.3499618       1.0003325      0.25190166      0.97673817       2.7509788        2.7509788    0.0071740856                                   0.0071740856
              2       2.7528329       1.2615709      -30.063862      0.33627582       1.0014191      0.22792371     -0.78854169       2.7509788        2.7509788    0.0037082663                                   0.0037082663
              3       3.2302984       1.6460316      -30.837948      0.43403552      0.99064717      0.44788966     -0.79369483       2.7509788        2.7509788      0.95863921                                     0.95863921
              1       2.7709201       1.1758642      -31.599381       0.3232276       1.0327215      0.17793961      0.15385199       2.7509788        2.7509788      0.03988264                                     0.03988264
              3       2.9080729       1.0948901      -31.210501      0.28931065      0.99271779       0.1673256      0.76835362       2.7509788        2.7509788      0.31418829                                     0.31418829
              1       3.3165558      0.90674519      -30.876367      0.24202562       1.0027854      0.10804928      0.83215794       2.7509788        2.7509788       1.1311541                                      1.1311541
              5       3.3080572      0.91673136      -30.862423      0.24277959       0.9949517       0.1112802      0.41729431       2.7509788        2.7509788       1.1141569                                      1.1141569
              2       2.8413692       1.1473791      -30.933527      0.30203277      0.98896072      0.18108578     -0.93392764       2.7509788        2.7509788      0.18078082                                     0.18078082
              3       4.2151667       1.8428375      -31.711572      0.50285748       1.0251556      0.67277189      0.80622065       2.7509788        2.7509788       2.9283758                                      2.9283758
              5       7.1048865       2.1281783      -31.753393      0.61938467       1.0934133      0.98964449     -0.99200857       2.7509788        2.7509788       8.7078154                                      8.7078154
              4       7.8105791       3.1155278      -32.196462     0.042979504     0.051827669       12.951113     -0.99139848       2.7509788        2.7509788       10.119201                                      10.119201
              2       4.6702017       3.1259584      -32.017441      0.15783565       0.1896941       28.656589     -0.88475353       2.7509788        2.7509788       3.8384459                                      3.8384459
              1       4.8781943       2.5068825      -32.464474      0.14811304      0.22196845       2.8549614     -0.81777787       2.7509788        2.7509788        4.254431                                       4.254431
              3       4.9544927       2.0336292      -30.355532      0.53933347      0.99636285      0.85637195     -0.99031778       2.7509788        2.7509788       4.4070278                                      4.4070278
              4       4.6741969       1.9712122      -30.324295      0.52635593       1.0031781      0.77140161     -0.84624043       2.7509788        2.7509788       3.8464362                                      3.8464362
              1       4.3901211       1.9263038      -30.050811      0.51219672       0.9989504      0.71998471      0.31776788       2.7509788        2.7509788       3.2782847                                      3.2782847
              4        3.240304       1.6379306       -30.19356      0.43499116      0.99773881      0.44567821      -0.9947641       2.7509788        2.7509788      0.97865052                                     0.97865052
              6       3.0226364       1.5415969       -30.24526      0.41128733       1.0023201      0.37753128     -0.78488283       2.7509788        2.7509788      0.54331529                                     0.54331529
             14       2.8712365       1.4617783      -30.270857      0.38809984      0.99745627      0.32986249      -0.9128667       2.7509788        2.7509788      0.24051555                                     0.24051555
              1        2.869743       1.4607652      -30.271012      0.38781268       0.9974095      0.32895659      -0.9855774       2.7509788        2.7509788      0.23752847                                     0.23752847
              1       3.3206264       1.6485195       -30.82001       0.4423335        1.008063      0.45981131     -0.41527789       2.7509788        2.7509788       1.1392952                                      1.1392952
              4       3.0181824       1.0792788      -31.684508      0.27328303      0.95128566      0.14383262     -0.32056904       2.7509788        2.7509788      0.53440719                                     0.53440719
              4       2.7558947       1.3159157      -30.517545      0.35132067       1.0030153      0.25472218     0.080402064       2.7509788        2.7509788    0.0098319243                                   0.0098319243
              3       2.9518404        1.510543      -30.249778      0.40157874      0.99877933      0.35747631      0.52866071       2.7509788        2.7509788      0.40172319                                     0.40172319
              3       3.1406894       1.5994332      -30.101173      0.42498774      0.99825668      0.41708427     -0.81620385       2.7509788        2.7509788      0.77942121                                     0.77942121
              3       2.9064404       1.4786377      -30.230143      0.39441486       1.0021285      0.34017412      -0.6493043       2.7509788        2.7509788      0.31092327                                     0.31092327
              2       2.7706727       1.3524137      -30.159319      0.36065558       1.0018784      0.27095594      -0.8906911       2.7509788        2.7509788     0.039387819                                    0.039387819
              8       3.6957834       1.7772682      -30.731562      0.47121527      0.99608938      0.56789238      0.52963173       2.7509788        2.7509788       1.8896092                                      1.8896092
              3        4.355773       1.9146214      -30.009333      0.51040405       1.0015281      0.70513554     -0.95861773       2.7509788        2.7509788       3.2095884                                      3.2095884
              7       3.8736936       1.8169445      -30.357332      0.48285672      0.99840912      0.59785017      0.57092451       2.7509788        2.7509788       2.2454297                                      2.2454297
              4       3.4537973       2.5088763      -32.254353      0.45344599      0.67901324       3.6727831      0.16673009       2.7509788        2.7509788       1.4056371                                      1.4056371
             13       3.1853714       1.9034599      -32.285626      0.42961613      0.84794713       1.0655169      0.66319051       2.7509788        2.7509788      0.86878523                                     0.86878523
              1       3.6524393       1.7354595      -31.244152      0.46821652       1.0135943      0.54304827      0.46476603       2.7509788        2.7509788       1.8029211                                      1.8029211
              2       2.8906964        1.485635      -31.209648      0.39168995      0.99051764      0.35277724      0.65565816       2.7509788        2.7509788      0.27943535                                     0.27943535
             10        2.750999       1.2892646      -31.280571      0.34140208      0.99484635      0.24458011      0.92029671       2.7509788        2.7509788   4.0460583e-05                                  4.0460583e-05
              4       2.9053309       1.9078584      -32.386223      0.28977251       0.5706147       1.4992706     -0.14865232       2.7509788        2.7509788      0.30870423                                     0.30870423
              1       3.2523747       1.4991259      -32.036452      0.43613112       1.0929766      0.44915517      0.41308563       2.7509788        2.7509788       1.0027918                                      1.0027918
              2       4.4231456      0.61823968      -31.442374      0.17009732       1.0336476     0.048624571     -0.86534801       2.7509788        2.7509788       3.3443336                                      3.3443336
              1       4.2487698      0.65607665      -31.825253      0.17930715       1.0267742     0.048985262      0.77358063       2.7509788        2.7509788       2.9955821                                      2.9955821
              3       4.1712397       1.6521273      -32.053714      0.50042617       1.1379637      0.60497155    -0.073312422       2.7509788        2.7509788       2.8405219                                      2.8405219
              5       3.3649772       1.6220079      -32.425126      0.23783389      0.55087452      0.96463949     -0.19422441       2.7509788        2.7509788       1.2279968                                      1.2279968
              1       5.1719769       1.8241332      -32.556747      0.13515736      0.27836528       1.0877173     -0.70313442       2.7509788        2.7509788       4.8419963                                      4.8419963
              1       3.4932139       1.8209871      -32.441663      0.22747149      0.46930159       1.3216117     -0.37393825       2.7509788        2.7509788       1.4844702                                      1.4844702
              1       2.7922946       1.0148355      -32.176761      0.31497902       1.1660519      0.11275425     -0.78957398       2.7509788        2.7509788     0.082631688                                    0.082631688
              2       3.7061564       1.5330292      -32.175596      0.47192266       1.1565178      0.28842215     -0.42258208       2.7509788        2.7509788       1.9103552                                      1.9103552
              1       2.8030431       1.3143351      -31.903672      0.31166718      0.89087525      0.27227896     -0.88934203       2.7509788        2.7509788      0.10412855                                     0.10412855
              2       2.7590531       1.2236371       -32.00736      0.33005474       1.0133635      0.22269029      0.98134182       2.7509788        2.7509788     0.016148633                                    0.016148633
              2        2.909274       1.4850799      -30.459183      0.39489039      0.99898427      0.34411654      0.87328848       2.7509788        2.7509788      0.31659044                                     0.31659044
             16       2.7627531       1.3397693      -30.214915      0.35642484      0.99947026      0.26393452      0.89470791       2.7509788        2.7509788     0.023548678                                    0.023548678
             10       3.6791509       0.8025575      -30.073306      0.21392714       1.0014324     0.082139496     -0.97368336       2.7509788        2.7509788       1.8563443                                      1.8563443
              5       3.1309803      0.96656451      -31.036513      0.26005253       1.0107928      0.12058187     -0.22636432       2.7509788        2.7509788      0.76000313                                     0.76000313
              3       5.5520129      0.96364753      -32.515101      0.11951432      0.46594394      0.28498843     -0.36310127       2.7509788        2.7509788       5.6020683                                      5.6020683
              5       3.0744953       1.5866223      -31.167124      0.41761206      0.98885225      0.39730307      0.41375936       2.7509788        2.7509788      0.64703296                                     0.64703296
              3       3.0117932        1.736301      -31.918623      0.40989045      0.88690007      0.48182217     -0.86552102       2.7509788        2.7509788      0.52162895                                     0.52162895
              2         3.04748       1.7424756      -31.926378      0.41438625       0.8934506       0.4671553     -0.66006036       2.7509788        2.7509788       0.5930024                                      0.5930024
              4       3.2483695      0.94385038      -31.007206      0.24824559       0.9881214      0.11898648     -0.64259029       2.7509788        2.7509788      0.99478153                                     0.99478153
             17        4.108881       1.8662158        -30.0189      0.49690916       1.0003387      0.65021963      0.88920556       2.7509788        2.7509788       2.7158045                                      2.7158045
              5       4.0371367       0.7187212       -30.18888      0.19123866      0.99964811      0.06476526      0.94413011       2.7509788        2.7509788       2.5723158                                      2.5723158
              2       3.8534551      0.76189147       -30.28006      0.20241862      0.99813495     0.073123416     -0.19727365       2.7509788        2.7509788       2.2049527                                      2.2049527
              1       3.2634016      0.93725647      -30.972719      0.24683942      0.98943665      0.11330491     -0.57660229       2.7509788        2.7509788       1.0248456                                      1.0248456
              7       3.4034627       1.7247857      -31.619552      0.44938108      0.97883968      0.54755567      0.77453095       2.7509788        2.7509788       1.3049678                                      1.3049678
              2       3.4147708       1.0677196      -32.350198      0.23369241      0.82227922      0.25778116      0.55373358       2.7509788        2.7509788       1.3275841                                      1.3275841
              4       3.5804859       1.7211525       -31.46304      0.46307456       1.0107959      0.49733929      0.86769585       2.7509788        2.7509788       1.6590143                                      1.6590143
              2       3.3581877       1.6654756      -31.536367      0.44558859       1.0051427      0.47471778      0.97898916       2.7509788        2.7509788       1.2144178                                      1.2144178
              6        2.849035       1.3615091      -31.798756      0.38362752       1.0585737      0.24220104    -0.065818447       2.7509788        2.7509788      0.19611251                                     0.19611251
              7       2.7521156       1.2916225       -31.23003      0.33751777      0.98173204      0.23354494     -0.32845214       2.7509788        2.7509788    0.0022736975                                   0.0022736975
              4       2.8828345       1.6687648      -32.294233      0.39027167      0.87862552       0.6801505      0.75074532       2.7509788        2.7509788      0.26371145                                     0.26371145
              4       3.0753178       1.6566561      -32.269698      0.41770812      0.94726714      0.55763432       0.9365022       2.7509788        2.7509788      0.64867803                                     0.64867803
              1        3.108343       1.5870847      -30.778113      0.42146912      0.99769448      0.41183935      0.85497859       2.7509788        2.7509788      0.71472844                                     0.71472844
              7       3.2265002      0.93699082      -30.534756      0.25032986       1.0037123      0.11436413     -0.45349262       2.7509788        2.7509788      0.95104294                                     0.95104294
              3       3.5639759      0.85748606      -31.489997      0.22213639      0.97325034      0.10142476      0.12685766       2.7509788        2.7509788       1.6259942                                      1.6259942
              2       2.7682397       1.1174835        -32.0482      0.32453475       1.0910684      0.21999172      0.39439411       2.7509788        2.7509788     0.034521822                                    0.034521822
              2       2.7743739       1.1576159       -32.25365      0.32166681       1.0439355      0.16400303      0.92117401       2.7509788        2.7509788     0.046790267                                    0.046790267
              6       2.7966605       1.1162781      -32.030059       0.3135872       1.0554018      0.20324942      0.73669408       2.7509788        2.7509788      0.09136341                                     0.09136341
              1       2.7639133       1.2021728      -31.822606      0.32688116       1.0215389       0.1903942      0.87187148       2.7509788        2.7509788     0.025869099                                    0.025869099
              1       6.0605838       2.4171223      -32.205529      0.58384156      0.90746168       2.2235721      0.86021073       2.7509788        2.7509788       6.6192101                                      6.6192101
              5       6.7009142       2.2923621      -30.653958      0.60620306      0.99349762       1.3140288     -0.33712232       2.7509788        2.7509788       7.8998709                                      7.8998709
              3       5.7902613       2.1143613      -31.074012      0.57375461       1.0194805      0.97582824     -0.98729046       2.7509788        2.7509788        6.078565                                       6.078565
             11       3.2545031       1.6389091      -30.107572       0.4363307       1.0002138      0.44689231      0.96546498       2.7509788        2.7509788       1.0070486                                      1.0070486
              9       2.7547081       1.2525647      -31.580037      0.35011818       1.0501381       0.2209017     -0.98461399       2.7509788        2.7509788    0.0074586824                                   0.0074586824
              6       3.4384729       1.7318601       -31.22808       0.4522243      0.98100904      0.50362941     -0.20768907       2.7509788        2.7509788       1.3749883                                      1.3749883
              3       3.0891667       1.6503275      -31.503831      0.41930755      0.95454073      0.44883118     -0.97965046       2.7509788        2.7509788      0.67637582                                     0.67637582
              3       6.2291294      0.35714156      -31.286542     0.094076871      0.98963351     0.015804219      0.62741603       2.7509788        2.7509788       6.9563013                                      6.9563013
              1       6.1958754      0.36622682       -31.30635     0.095264892       0.9772702     0.015623554      -0.7392264       2.7509788        2.7509788       6.8897933                                      6.8897933
              2       5.8616782      0.41656508      -31.391452      0.10753832      0.96986726     0.021152923     -0.97384365       2.7509788        2.7509788       6.2213989                                      6.2213989
              4       2.8419436       1.4480664      -30.973668      0.38209403       0.9913196       0.3150622     0.090057734       2.7509788        2.7509788      0.18192972                                     0.18192972
              8       3.0513591       1.5577732      -30.053137      0.41485822       1.0005237      0.38971504       0.7522754       2.7509788        2.7509788      0.60076061                                     0.60076061
             13       2.7511292       1.2764839      -30.153326      0.34036937       1.0017678      0.23530722     -0.77239952       2.7509788        2.7509788   0.00030092299                                  0.00030092299
              4       3.8249554       1.8011449      -30.253518      0.47976543       1.0007192      0.58366579       0.8510133       2.7509788        2.7509788       2.1479532                                      2.1479532
              4       3.5736974       1.7391166      -30.071546      0.46257812      0.99928255      0.52692102      0.68748144       2.7509788        2.7509788       1.6454372                                      1.6454372
              1       2.7510754       1.2908522      -30.344989      0.34330696      0.99916681      0.24192881       0.8474181       2.7509788        2.7509788   0.00019331762                                  0.00019331762
              5       3.2783286      0.89562647       -31.45658      0.24546334       1.0296548     0.098576794     -0.40487802       2.7509788        2.7509788       1.0546996                                      1.0546996
              4       3.2062529       0.9401425       -31.03839      0.25230271       1.0082312       0.1134135      0.28865366       2.7509788        2.7509788       0.9105482                                      0.9105482
              3       7.0622616      0.25027115      -31.097615     0.065976468        0.990399    0.0076536202      0.22648955       2.7509788        2.7509788       8.6225657                                      8.6225657
              7       3.8920536       1.8459646      -31.008812      0.48400378       0.9850478      0.62323878     -0.88660851       2.7509788        2.7509788       2.2821497                                      2.2821497
              3       4.9965225       2.0615167      -32.533826      0.14279345       0.2602276       1.5083021     -0.74066714       2.7509788        2.7509788       4.4910875                                      4.4910875
              4       2.8496382       1.2667023      -31.907626      0.30024464      0.89049732       0.2445375     -0.93222878       2.7509788        2.7509788      0.19731894                                     0.19731894
              9       3.5327773       1.6367534      -31.797235      0.45954125       1.0548074      0.39321054      0.16360342       2.7509788        2.7509788       1.5635971                                      1.5635971
              4       2.7888978       1.4043449      -31.213821      0.36788639      0.98417393      0.30820528     0.037642445       2.7509788        2.7509788     0.075838099                                    0.075838099
             20       3.2045627       1.6225789      -30.344718      0.43153064      0.99916618      0.43548082      0.86503923       2.7509788        2.7509788      0.90716791                                     0.90716791
              1       3.5807669       1.7387958      -30.280921      0.46309507       1.0005839      0.52851309      0.91047562       2.7509788        2.7509788       1.6595762                                      1.6595762
              3       2.7587663       1.3541811      -31.161751      0.35373123      0.98136049      0.26666475     -0.82336461       2.7509788        2.7509788     0.015575111                                    0.015575111
              4       2.7541766       1.2741068      -31.285157      0.33448251      0.98627834      0.24280176      0.45575831       2.7509788        2.7509788    0.0063957308                                   0.0063957308
              4       2.7805919        1.201411      -30.233794      0.31912375      0.99792855      0.20370464      -0.6328837       2.7509788        2.7509788     0.059226213                                    0.059226213
              2       3.9678446       0.7426983      -32.003478      0.19535603      0.98820334     0.066875779      0.98184195       2.7509788        2.7509788       2.4337317                                      2.4337317
              3       3.9995789      0.66784092      -32.242406       0.1934562       1.0882823     0.042211923      0.56661506       2.7509788        2.7509788       2.4972002                                      2.4972002
             15       3.1029892       2.7216469      -32.229745      0.42087159      0.58096471       5.8928946     -0.10383933       2.7509788        2.7509788      0.70402088                                     0.70402088
             15       3.0304002       2.7282544      -32.231584      0.41227044      0.56771355       6.0036569     -0.14010637       2.7509788        2.7509788      0.55884283                                     0.55884283
              1        2.768673       1.3656675      -31.149282      0.35968311      0.98947993      0.28512455       0.4148704       2.7509788        2.7509788     0.035388453                                    0.035388453
              5       2.7626308       1.1362615      -32.156486      0.35634975         1.17823      0.16235356     -0.96858004       2.7509788        2.7509788     0.023304134                                    0.023304134
              2       3.4080612       1.6916882      -30.418245      0.44975881      0.99882932      0.48626194      0.81317441       2.7509788        2.7509788       1.3141649                                      1.3141649
              9        3.195659       1.5992317      -30.913739      0.43064756       1.0116785       0.4183858     -0.99405556       2.7509788        2.7509788      0.88936054                                     0.88936054
              1       7.4955664      0.19731171      -30.101386     0.052437652      0.99844073     0.004615435     -0.94229235       2.7509788        2.7509788       9.4891753                                      9.4891753
              2       3.2059799       1.6170515      -30.941413      0.43167039       1.0029062      0.43411389       0.8928463       2.7509788        2.7509788      0.91000215                                     0.91000215
              1       3.3268369       1.6579149      -30.520511      0.44287896       1.0035863      0.45781105     -0.13210432       2.7509788        2.7509788       1.1517163                                      1.1517163
              1        2.931111       1.0716651      -30.164787      0.28557929       1.0011508      0.15619344      0.22914678       2.7509788        2.7509788      0.36026449                                     0.36026449
              1       6.3735804      0.33400627      -30.054934     0.088980996       1.0008628     0.013317406       0.1126435       2.7509788        2.7509788       7.2452033                                      7.2452033
              2       3.6445972      0.69133148      -32.158321      0.21633368       1.1756275     0.057129541     -0.99836202       2.7509788        2.7509788       1.7872368                                      1.7872368
              7       2.9639123       1.0103745      -32.258474      0.28065702       1.0435793      0.11935382      0.92059926       2.7509788        2.7509788      0.42586701                                     0.42586701
              2       2.7897771       1.1934787      -31.709173       0.3158152      0.99414622      0.19642824      0.98475594       2.7509788        2.7509788     0.077596621                                    0.077596621
              1       3.5901169       0.8139098       -31.13383       0.2202246        1.016533     0.083448436     -0.88340269       2.7509788        2.7509788       1.6782762                                      1.6782762
              1       4.0393562      0.70449536      -31.254414      0.19110863       1.0191405     0.064409616     -0.40618329       2.7509788        2.7509788       2.5767549                                      2.5767549
              2       3.2788548      0.91307419       -31.18052      0.24541519       1.0097812      0.11189449      0.50097026       2.7509788        2.7509788       1.0557521                                      1.0557521
              2       2.7528352       1.2808714      -31.009051      0.33627228      0.98631915      0.23731119     -0.99491436       2.7509788        2.7509788    0.0037128495                                   0.0037128495
             11       2.9338264       1.0649719      -30.663835      0.28515563       1.0059485      0.15384322     -0.97388475       2.7509788        2.7509788      0.36569522                                     0.36569522
              7       2.8018972       1.5797909      -31.910039      0.37199718      0.88465099      0.40278249     -0.99999518       2.7509788        2.7509788      0.10183689                                     0.10183689
              2        2.889486       1.3864094      -32.024995      0.39147424       1.0608247      0.34540251      0.70520233       2.7509788        2.7509788      0.27701449                                     0.27701449
             15       2.7541756       2.4435791      -32.322561       0.3344837      0.51425732       3.5419278     -0.28545709       2.7509788        2.7509788    0.0063937008                                   0.0063937008
             16       3.4899666       1.9547009      -31.887958       0.4562777      0.87696215      0.79745619     -0.94390661       2.7509788        2.7509788       1.4779757                                      1.4779757
              4       3.2867984       1.6835727      -31.477523      0.43930881      0.98032471      0.50762086      0.61467038       2.7509788        2.7509788       1.0716392                                      1.0716392
              6        3.074145       1.0017865      -30.272844      0.26642888      0.99916696      0.13329814      0.77133983       2.7509788        2.7509788      0.64633245                                     0.64633245
             18        2.760595       1.2304061        -30.6474      0.32896396       1.0044579      0.21295377     -0.15346643       2.7509788        2.7509788     0.019232511                                    0.019232511
              6       2.8635823       1.1067711      -30.946984      0.29739138       1.0094911      0.17075665      -0.3262385       2.7509788        2.7509788      0.22520697                                     0.22520697
              5       3.3145805      0.90951782      -30.551299      0.24220036       1.0004502      0.10763181      0.97976302       2.7509788        2.7509788       1.1272034                                      1.1272034
              9       3.4439242       1.6975082      -30.222726      0.45266043       1.0018266      0.49438622     -0.14067386       2.7509788        2.7509788       1.3858909                                      1.3858909
              1       2.7574947       1.3621786       -31.62867      0.35273078      0.97283954      0.29766932      0.59133202       2.7509788        2.7509788     0.013031864                                    0.013031864
              6       9.3652263       3.1371421      -32.929425   0.00011261855   0.00013486761      0.44497022     -0.99999947       2.7509788        2.7509788       13.228495                                      13.228495
              4       4.2726507       2.2953813      -32.465209      0.17801529      0.29136299       2.3304739     -0.70958358       2.7509788        2.7509788       3.0433439                                      3.0433439
              1       2.8773607       2.3355131      -32.360588      0.29474092      0.47412193       2.9478759     -0.37628236       2.7509788        2.7509788      0.25276377                                     0.25276377
              1       2.7519108        1.334668       -31.30179      0.34605833      0.97410997      0.25624703     -0.86586068       2.7509788        2.7509788    0.0018639746                                   0.0018639746
              1       2.7600898       1.3356373      -30.234089      0.35468895      0.99767949      0.26258506     -0.96840191       2.7509788        2.7509788     0.018221998                                    0.018221998
              4       2.8709318       1.1137787      -30.145355       0.2959586      0.99830673      0.16975788     -0.66072148       2.7509788        2.7509788      0.23990609                                     0.23990609
              5       3.2532568       1.2328038      -32.368932      0.24778611      0.75511814      0.40642209      0.34579608       2.7509788        2.7509788        1.004556                                       1.004556
              1       2.7515145       1.0965702       -32.09684      0.33892313       1.1611724      0.20954595     -0.53009115       2.7509788        2.7509788     0.001071426                                    0.001071426
             16       5.0772498      0.72916528      -32.406073      0.13924433      0.71743648      0.13550873      0.22662906       2.7509788        2.7509788        4.652542                                       4.652542
              8       4.6957649       1.0387244      -32.460338      0.15661321      0.56644789      0.33299235     -0.15551375       2.7509788        2.7509788       3.8895723                                      3.8895723
              6       3.1726488       2.3025201       -32.28553      0.42832353      0.69887647       2.5351247      0.21381864       2.7509788        2.7509788      0.84334002                                     0.84334002
              5       2.8625853       1.4806185      -31.156144      0.38641071       0.9804781      0.34510476      -0.8958497       2.7509788        2.7509788      0.22321314                                     0.22321314
              3       4.0082894      0.71889455      -31.275678      0.19293896       1.0082928     0.063154056      0.74581645       2.7509788        2.7509788       2.5146212                                      2.5146212
              6       3.8596927      0.76651522      -31.048907      0.20202432      0.99018145     0.076210472     0.046300285       2.7509788        2.7509788       2.2174278                                      2.2174278
              2       2.7531495       1.3058229      -30.332019      0.34819366       1.0017711      0.24931753      0.24212451       2.7509788        2.7509788    0.0043414888                                   0.0043414888
              3       3.1270908       1.6952834      -31.668405      0.42352701      0.93857872      0.45975487     -0.74400502       2.7509788        2.7509788      0.75222415                                     0.75222415
             21       2.8844232         1.43559      -32.252202       0.3905616       1.0220945      0.30130653      0.98319906       2.7509788        2.7509788       0.2668888                                      0.2668888
              1       2.8723786       1.1155053      -31.280949      0.29568177      0.99582914      0.17311205      0.94488289       2.7509788        2.7509788      0.24279971                                     0.24279971
              5       3.0853704       1.5759295       -30.17378      0.41887242      0.99856631      0.40264788      0.11219262       2.7509788        2.7509788      0.66878321                                     0.66878321
              1       4.9755776       2.0348653      -30.385869      0.54027534      0.99749653      0.85429327      0.17778635       2.7509788        2.7509788       4.4491976                                      4.4491976
              2       2.9086042       1.0873062      -30.999622      0.28922163      0.99933439      0.16132968      0.99478185       2.7509788        2.7509788      0.31525081                                     0.31525081
             12       2.7521435       1.3827623      -31.673047      0.34653677      0.94152904      0.26806733      -0.7658486       2.7509788        2.7509788    0.0023293627                                   0.0023293627
              4       3.2438703       1.6244054      -30.683343      0.43532941       1.0068285       0.4344723     -0.95792387       2.7509788        2.7509788      0.98578307                                     0.98578307
              2       3.5593516      0.83496116      -30.077706      0.22247776       1.0010419     0.089656918    -0.037327637       2.7509788        2.7509788       1.6167457                                      1.6167457
              2       3.6014212      0.81610393      -31.202076       0.2194071       1.0100366     0.082621238      0.48524763       2.7509788        2.7509788       1.7008849                                      1.7008849
             10       3.4552429       1.7255699      -31.003874      0.45356055      0.98749438      0.52670519     -0.39594061       2.7509788        2.7509788       1.4085282                                      1.4085282
              4         3.22531       1.0002895      -31.662685      0.25044465      0.94062814       0.1365636     -0.96215163       2.7509788        2.7509788      0.94866249                                     0.94866249
              2        2.765261       1.3414399      -30.237832      0.35788696       1.0023204      0.26508569     -0.99667851       2.7509788        2.7509788     0.028564448                                    0.028564448
              1       3.6667515      0.80514409      -30.343448      0.21478547       1.0022203     0.082287992     -0.30020152       2.7509788        2.7509788       1.8315455                                      1.8315455
              4       2.8560536       1.1499304      -31.629393      0.29890844      0.97655908      0.19669831      0.67278633       2.7509788        2.7509788      0.21014972                                     0.21014972
              3       2.8564357       1.4330817       -31.82461      0.38516983       1.0097485      0.30462398      0.97690151       2.7509788        2.7509788       0.2109138                                      0.2109138
              4       2.7885647       1.3104486      -31.944989      0.31622755      0.90659148      0.21344266     -0.45199411       2.7509788        2.7509788     0.075171933                                    0.075171933
              2       2.8655747       1.7232214      -32.375256      0.29699845      0.64750782       1.0720342     0.047160938       2.7509788        2.7509788      0.22919187                                     0.22919187
              7       2.7714752       1.3543929      -30.078486      0.36103188       1.0014582      0.27105471     -0.69768688       2.7509788        2.7509788     0.040992796                                    0.040992796
              4       3.2421629        1.644238      -32.252333      0.43516762      0.99431457      0.47551002      0.99907577       2.7509788        2.7509788       0.9823682                                      0.9823682
              3       3.9843478       1.5889277      -32.172818      0.48963501       1.1577112      0.31841526     -0.42292786       2.7509788        2.7509788        2.466738                                       2.466738
              1       4.1980911       1.9159971      -31.306896      0.50191676      0.98416691      0.68033929       0.4709228       2.7509788        2.7509788       2.8942246                                      2.8942246
              4        2.750997       1.2913688      -30.651591      0.34256821       0.9966179      0.24373688      0.37512385       2.7509788        2.7509788   3.6539218e-05                                  3.6539218e-05
              4       2.7512819        1.270562      -30.666293      0.33968569       1.0044153      0.22991479    -0.024316796       2.7509788        2.7509788   0.00060616012                                  0.00060616012
              8       2.7652304       1.2300418      -30.779721      0.32613008      0.99609993      0.21721712       0.5307112       2.7509788        2.7509788      0.02850321                                     0.02850321
              1       3.6657501       1.8496829      -31.677932      0.46914495      0.95288761      0.57547476     0.065772882       2.7509788        2.7509788       1.8295427                                      1.8295427
             10       2.7622056       1.2345431      -30.255461      0.32791455      0.99789844      0.21743401      -0.5083399       2.7509788        2.7509788     0.022453597                                    0.022453597
              1       2.8081053       1.4043588      -30.522709      0.37377326      0.99991268      0.29741066      0.99934695       2.7509788        2.7509788      0.11425305                                     0.11425305
             12       2.9508729       1.5120621      -30.383956      0.40143508      0.99741896      0.36145566       -0.148165       2.7509788        2.7509788      0.39978825                                     0.39978825
              5       2.7510342       1.2828512      -30.272467      0.34100991      0.99867146      0.23684218      0.45157402       2.7509788        2.7509788   0.00011094164                                  0.00011094164
             15       2.7901628       1.3795903      -30.491183      0.36831463       1.0029996      0.28623923    -0.005354243       2.7509788        2.7509788      0.07836803                                     0.07836803
              2       3.5305851      0.83090389      -31.251098      0.22462367       1.0156326       0.0920045     0.072489614       2.7509788        2.7509788       1.5592127                                      1.5592127
              1       2.9961578       1.2966784      -32.115511      0.40782404       1.1816054      0.27977605     -0.86309477       2.7509788        2.7509788      0.49035807                                     0.49035807
              9       3.6580344       0.8039855      -30.749785      0.21539239       1.0065006     0.081696946     -0.70246078       2.7509788        2.7509788       1.8141113                                      1.8141113
              2       3.0300186       1.0244802      -30.450989      0.27177755      0.99664827      0.13994239     -0.68923967       2.7509788        2.7509788      0.55807974                                     0.55807974
              1       2.9353217       1.4907219      -30.818961      0.39907633       1.0057528      0.35134853      0.22513363       2.7509788        2.7509788      0.36868577                                     0.36868577
              1       3.7007573       1.7669636      -30.306368      0.47155496       1.0026206      0.55484627     -0.52736115       2.7509788        2.7509788       1.8995571                                      1.8995571
              3       3.4755762       1.7114213      -30.235394      0.45515956      0.99916829      0.50301903      0.78882949       2.7509788        2.7509788       1.4491948                                      1.4491948
              9       3.5743489       1.7378613      -30.330798      0.46262586       1.0001076      0.52697578      0.99724911       2.7509788        2.7509788       1.6467403                                      1.6467403
              9       2.8241834       1.4204263      -30.025661      0.37796765      0.99969571      0.30578105      0.93780299       2.7509788        2.7509788      0.14640922                                     0.14640922
              5       3.2241221      0.95256476      -31.013134      0.25055937      0.98820728      0.11736068     -0.62678621       2.7509788        2.7509788      0.94628675                                     0.94628675
              1       4.2046189      0.68359733      -30.046948      0.18172296      0.99871453     0.058427329     -0.56295897       2.7509788        2.7509788       2.9072803                                      2.9072803
              5       2.9515858        1.507445      -30.522205      0.40154097       1.0007378      0.35591009      0.94893086       2.7509788        2.7509788      0.40121406                                     0.40121406
              1       2.8067106        1.407711      -30.571879      0.37338299      0.99649001      0.29673858     0.052226284       2.7509788        2.7509788      0.11146359                                     0.11146359
              3       3.0895617        1.533913      -31.548885      0.41935269        1.027095      0.40107175      0.44731135       2.7509788        2.7509788      0.67716595                                     0.67716595
              2       3.0751981       1.5855467       -31.11003      0.41769415      0.98971754      0.39766597      0.35271738       2.7509788        2.7509788      0.64843864                                     0.64843864
              7       2.8891104       1.1382337       -31.63558       0.2925929      0.96574898      0.19616178       0.3329878       2.7509788        2.7509788      0.27626321                                     0.27626321
              2       3.3906764      0.84525112      -31.576293      0.23567627       1.0475192     0.094465602     -0.93173091       2.7509788        2.7509788       1.2793953                                      1.2793953
              4       2.7568656       1.2518381      -30.571411      0.33180036       0.9957736      0.22245639       -0.452995       2.7509788        2.7509788      0.01177372                                     0.01177372
              2       2.7661573       1.2181635      -30.505922      0.32562213       1.0042463      0.20998303     -0.99862865       2.7509788        2.7509788     0.030357021                                    0.030357021
              2       2.8654818       1.1138828       -30.56543      0.29701669       1.0017821      0.16924796      0.72168889       2.7509788        2.7509788      0.22900609                                     0.22900609
              4       2.7543635       1.3372834      -31.405718      0.34973404       0.9825312      0.25093338      0.46035431       2.7509788        2.7509788    0.0067695018                                   0.0067695018
              2       2.9508129       1.5100517      -31.613985      0.40142616      0.99872463      0.36025551      0.99902094       2.7509788        2.7509788      0.39966822                                     0.39966822
              1       2.7961923       1.1764048      -30.196616      0.31373317       1.0019258      0.19370796     -0.76604158       2.7509788        2.7509788     0.090427101                                    0.090427101
              8       3.6073503      0.82093579      -30.238135       0.2189805       1.0021395     0.086118078     -0.96444118       2.7509788        2.7509788        1.712743                                       1.712743
              5       3.2379243      0.92301008      -31.183553      0.24923524         1.01446      0.11512651    -0.068147695       2.7509788        2.7509788        0.973891                                       0.973891
              6       2.7551647       1.2385807      -31.246536      0.33339918       1.0112817      0.22557903      0.55291779       2.7509788        2.7509788    0.0083718944                                   0.0083718944
              6       2.7813684       1.3438994      -31.265614      0.36517426       1.0208579      0.25716401     -0.44533892       2.7509788        2.7509788     0.060779341                                    0.060779341
              4       2.8322745       1.4139246      -30.993396      0.37990328       1.0094358      0.29617735    0.0039815422       2.7509788        2.7509788      0.16259149                                     0.16259149
              5       2.7519142       1.1937047      -32.032078      0.33793409       1.0635723      0.24237227      0.67066597       2.7509788        2.7509788    0.0018709415                                   0.0018709415
              8       3.1462557      0.97278011       -30.24093      0.25842169        0.998036      0.12553434     -0.50764456       2.7509788        2.7509788      0.79055378                                     0.79055378
              2       3.0011276       1.0392072      -30.500028      0.27551218      0.99602577      0.14472324     -0.88832911       2.7509788        2.7509788       0.5002977                                      0.5002977
              9       2.7731824       1.1985172      -30.917277      0.32219135       1.0099538      0.19934416     -0.68010322       2.7509788        2.7509788     0.044407255                                    0.044407255
              1       2.9033039       1.1021954       -30.93201      0.29011657      0.98888516      0.16669821     -0.97904358       2.7509788        2.7509788      0.30465033                                     0.30465033
              1       3.2552349       1.3927588      -32.157576      0.43639922       1.1771722      0.25080451     -0.87933413       2.7509788        2.7509788       1.0085122                                      1.0085122
              1       5.4151453       2.1173773      -30.804423      0.55898192       0.9918167      0.99819128     -0.18975257       2.7509788        2.7509788       5.3283331                                      5.3283331
              2       3.7754625       1.7921195      -30.339198      0.47655362      0.99902583      0.57468457      0.82441326       2.7509788        2.7509788       2.0489675                                      2.0489675
              7       3.4700375       1.7069875       -30.21119      0.45472625       1.0008099       0.4993167      0.75758622       2.7509788        2.7509788       1.4381175                                      1.4381175
              4       2.9330953       1.5338551      -31.222684      0.39873062      0.97662351      0.37178719     -0.99326384       2.7509788        2.7509788      0.36423305                                     0.36423305
              3       3.7390545      0.78642604      -30.922868      0.20985888       1.0025393     0.077918575      0.88255191       2.7509788        2.7509788       1.9761515                                      1.9761515
              2        3.175901      0.92685005      -31.442342      0.25534421       1.0350193      0.11495839     -0.92099769       2.7509788        2.7509788       0.8498444                                      0.8498444
             10       4.2323296       1.8882932      -30.196348       0.5037975       1.0023479      0.67580549     -0.91821818       2.7509788        2.7509788       2.9627016                                      2.9627016
              1       2.7527445       1.2616714      -31.089391      0.33641392       1.0017506       0.2270508      0.97710665       2.7509788        2.7509788    0.0035314982                                   0.0035314982
              3       2.8017534       1.4602416      -31.508261      0.37195478      0.95696784      0.31918885     -0.91370583       2.7509788        2.7509788      0.10154923                                     0.10154923
              2       3.5483081       1.8644382      -31.850015      0.46070301      0.92833555      0.76517813      0.25283142       2.7509788        2.7509788       1.5946587                                      1.5946587
              2       3.5407784       1.8030475      -31.627729      0.46014118      0.95877315      0.64493862      0.23554541       2.7509788        2.7509788       1.5795992                                      1.5795992
              7       4.7624149       1.8866441      -31.565449      0.53053673       1.0564706      0.68888213     -0.95760514       2.7509788        2.7509788       4.0228723                                      4.0228723
              2       4.3468945       1.8637373      -31.543427      0.50993755       1.0279316       0.6949216       0.4868708       2.7509788        2.7509788       3.1918314                                      3.1918314
              3       5.8591535       2.2811677      -32.567768      0.10763349      0.17726464       1.6499714     -0.85580063       2.7509788        2.7509788       6.2163494                                      6.2163494
              2       2.8296662       1.4905664      -31.500365      0.37929026      0.95598763      0.35343455     -0.95348365       2.7509788        2.7509788      0.15737477                                     0.15737477
              3       2.7662095        1.341465      -30.846166      0.35840603       1.0037553       0.2681209      0.69082021       2.7509788        2.7509788     0.030461496                                    0.030461496
              1       4.0279969      0.72800694      -30.934642      0.19177529      0.98966687     0.066001214     -0.86196309       2.7509788        2.7509788       2.5540363                                      2.5540363
              6       4.6633667       1.0866065      -32.467016      0.15816388      0.54684838      0.37071269     -0.19928576       2.7509788        2.7509788       3.8247758                                      3.8247758
              6       3.0585867       1.6012166       -31.48123      0.41572955      0.97542239      0.44604775        0.391537       2.7509788        2.7509788      0.61521582                                     0.61521582
              3       3.1402331        0.974713      -30.348546      0.25906085      0.99852041      0.12515183      0.47282588       2.7509788        2.7509788      0.77850866                                     0.77850866
              1       2.8951941       1.1102628      -31.480509      0.29151661      0.98643719      0.17622931      0.77374572       2.7509788        2.7509788      0.28843061                                     0.28843061
              1       2.9014402       1.4705804      -31.539042      0.39356505       1.0054481      0.34045531      0.97467854       2.7509788        2.7509788      0.30092289                                     0.30092289
              3        3.038732       2.9515691      -32.206033      0.27068959      0.34454862       10.202734     -0.65428704       2.7509788        2.7509788      0.57550644                                     0.57550644
              8        3.390383       2.4243276      -32.266063      0.44829935      0.69471826       3.1211575      0.20862776       2.7509788        2.7509788       1.2788084                                      1.2788084
              6       3.5753507       2.5019032      -32.390616      0.22130078      0.33231073       3.5297409       -0.657359       2.7509788        2.7509788       1.6487439                                      1.6487439
             18       2.9449627       2.4969278       -32.34572      0.28345016       0.4264839       3.8047078      -0.4817237       2.7509788        2.7509788       0.3879678                                      0.3879678
              2       3.4038003       2.3902044       -32.39826      0.23459115      0.36873002       3.0338738     -0.58825052       2.7509788        2.7509788       1.3056431                                      1.3056431
             13       2.8527737       1.8079864      -32.376595      0.29958633      0.62252779       1.2486471     -0.01803255       2.7509788        2.7509788      0.20358979                                     0.20358979
             11       2.9481207       1.8310471      -32.300972       0.4010245       0.8228171      0.99765584      0.57960333       2.7509788        2.7509788       0.3942838                                      0.3942838
              2       2.7510022       1.8482836      -32.345281      0.34135641      0.69385924       1.2461554      0.18006324       2.7509788        2.7509788   4.6876922e-05                                  4.6876922e-05
              5       3.3102931       2.2210719      -32.282451      0.44141933      0.74665616       2.0986644      0.35677264       2.7509788        2.7509788       1.1186286                                      1.1186286
              3       3.3319625      0.90613815      -30.328135      0.24067309      0.99784946      0.10739716     -0.23714718       2.7509788        2.7509788       1.1619674                                      1.1619674
              5       3.4604885      0.85363109      -31.035034      0.23002475        1.012363     0.092179955      -0.6530022       2.7509788        2.7509788       1.4190195                                      1.4190195
             13       2.7979689        1.176755      -30.285037      0.31318317      0.99987174      0.19349143      0.99611111       2.7509788        2.7509788     0.093980295                                    0.093980295
              1       3.2006218       1.6191279      -30.104638      0.43114085       1.0003914       0.4313806      0.89327672       2.7509788        2.7509788      0.89928599                                     0.89928599
              2       2.7529549       1.3005989      -30.728009      0.34790953       1.0049741      0.24297131     0.030293799       2.7509788        2.7509788    0.0039523089                                   0.0039523089
              1       3.7424681       1.7907798      -31.235236      0.47436918      0.99519041      0.56735221      0.92886228       2.7509788        2.7509788       1.9829787                                      1.9829787
              6       3.8752067        1.844863      -31.049467      0.48295161       0.9834933      0.63616209     -0.86573599       2.7509788        2.7509788       2.2484558                                      2.2484558
              4       3.9977774       1.8662629      -30.931411       0.4904366      0.98728371      0.64628622     -0.92094705       2.7509788        2.7509788       2.4935972                                      2.4935972
              1       3.9724715        1.867723      -31.049211       0.4889225      0.98346626      0.66095438     -0.84874358       2.7509788        2.7509788       2.4429855                                      2.4429855
              1       3.4322247       1.7077578      -31.145061      0.45172227      0.99374999      0.51009358      0.81593945       2.7509788        2.7509788       1.3624918                                      1.3624918
              8       3.8768308       2.2070676      -32.450915      0.20094662      0.34205582       2.1869852     -0.62473694       2.7509788        2.7509788       2.2517041                                      2.2517041
              1       5.4170623      0.46849158      -30.292031      0.12494004        1.001917     0.026490308     -0.30117357       2.7509788        2.7509788        5.332167                                       5.332167
              1       6.0122211       0.3927954      -31.528542      0.10193194      0.97493532     0.017309862      0.21072512       2.7509788        2.7509788       6.5224847                                      6.5224847
              1       6.6943239       2.2802566      -32.633341     0.078017434      0.12854046       1.2824838     -0.90523943       2.7509788        2.7509788       7.8866902                                      7.8866902
              1       4.0333637       1.9747566      -31.664663      0.49254005      0.93704378      0.72172241     -0.61065574       2.7509788        2.7509788       2.5647698                                      2.5647698
              3        3.208698      0.81227495      -32.112207      0.25206217       1.1658335       0.1040221     -0.66996464       2.7509788        2.7509788       0.9154384                                      0.9154384
              4       3.3738323      0.77315024      -32.098024      0.23708543       1.1520541      0.09830829     -0.43727634       2.7509788        2.7509788        1.245707                                       1.245707
              2       5.6536338       1.5935206        -32.5908      0.11551442      0.27233937      0.74654589     -0.70157998       2.7509788        2.7509788         5.80531                                        5.80531
              3       3.4202128       1.6823023      -31.037498      0.45075065        1.006617      0.47182847      0.64474211       2.7509788        2.7509788        1.338468                                       1.338468
              1       4.1921432      0.68448074      -30.559723      0.18241223       1.0012087     0.058706981      0.85636678       2.7509788        2.7509788       2.8823289                                      2.8823289
              6       3.7498666      0.78480673      -30.135754      0.20913787       1.0011563     0.078465817     0.038561426       2.7509788        2.7509788       1.9977757                                      1.9977757
              3       2.9409746       1.5147719      -31.015132      0.39994485       0.9919386       0.3539352      0.36842491       2.7509788        2.7509788      0.37999162                                     0.37999162
              6       2.7533218       1.3029125      -30.561711      0.34843469       1.0047038      0.24791286     -0.83630854       2.7509788        2.7509788    0.0046859681                                   0.0046859681
              4       2.8895544       1.4656339      -30.666673      0.39148644       1.0035133      0.32854173      0.39702291       2.7509788        2.7509788      0.27715116                                     0.27715116
             16       2.7510569       1.2942067      -30.972423      0.34082509      0.98937246      0.23850841     -0.44749375       2.7509788        2.7509788   0.00015622572                                  0.00015622572
              3       2.8717813       1.6332685      -31.927298      0.38820414       0.8929651      0.39349647     -0.74050726       2.7509788        2.7509788      0.24160505                                     0.24160505
              8       2.8724316        1.092766      -32.268576      0.29567166       1.0165165      0.15651776       0.9902878       2.7509788        2.7509788      0.24290572                                     0.24290572
              4       2.7871122       1.1887982      -31.320097      0.31673045       1.0009528      0.19877352      0.99762361       2.7509788        2.7509788     0.072266873                                    0.072266873
              1       2.8478247       1.4305068      -30.819849      0.38336981       1.0068387      0.31604824     -0.11630637       2.7509788        2.7509788      0.19369185                                     0.19369185
              7       2.8092574       1.3942599      -30.770857      0.37409204       1.0080142      0.29288068     -0.96935062       2.7509788        2.7509788      0.11655718                                     0.11655718
              1       2.9430677       1.5190356      -31.168006      0.40026315      0.98994159      0.35431514      0.51144082       2.7509788        2.7509788       0.3841778                                      0.3841778
              1       2.9678929       1.5486353       -31.15672       0.4039137      0.97987648      0.38614865     -0.96435185       2.7509788        2.7509788      0.43382824                                     0.43382824
              1       3.0306848       1.0013004      -31.193453      0.27169378       1.0194061      0.13147519     -0.89412154       2.7509788        2.7509788      0.55941198                                     0.55941198
              9       3.0237313       1.0184249      -31.276393      0.27257318       1.0055091      0.13623534      0.89597649       2.7509788        2.7509788      0.54550508                                     0.54550508
              5       3.5926101       1.7667068      -31.696524      0.46395618      0.98660744      0.53340575      0.93175314       2.7509788        2.7509788       1.6832627                                      1.6832627
              3       3.3689534       1.7773743      -31.672733      0.44650286      0.94379409      0.51487777     -0.40522039       2.7509788        2.7509788       1.2359493                                      1.2359493
              3       2.7576631       1.2569406      -32.026027      0.35286853       1.0547028      0.26791248      0.74847376       2.7509788        2.7509788     0.013368601                                    0.013368601
              1       3.3795034       1.6769284      -30.453708      0.44739111       1.0023162      0.47871281       0.3699997       2.7509788        2.7509788       1.2570492                                      1.2570492
              1       2.7705308       1.2169637       -30.26465      0.32341176      0.99841272       0.2086014      0.16863307       2.7509788        2.7509788     0.039103952                                    0.039103952
             12       2.8027607       1.2409867      -31.676238      0.31174955      0.94377964      0.20418011     -0.70140829       2.7509788        2.7509788      0.10356383                                     0.10356383
              2       2.7756508       1.4546093      -31.665289      0.36288072      0.93723705      0.31721511     -0.97160686       2.7509788        2.7509788     0.049344111                                    0.049344111
             18       3.0983497       1.0013804      -32.283809       0.2636499      0.98914606      0.14029732      0.99633685       2.7509788        2.7509788      0.69474175                                     0.69474175
              2       3.5159486       1.7278847      -31.016656      0.45826929      0.99640962      0.51291892      0.88831294       2.7509788        2.7509788       1.5299397                                      1.5299397
              4       2.7519961       1.2864697      -31.071479      0.34624004       1.0111362      0.24557097     0.033245478       2.7509788        2.7509788    0.0020346248                                   0.0020346248
              3       2.7691294       1.2840812      -32.244736      0.35990972       1.0530112      0.20554266       0.8826364       2.7509788        2.7509788     0.036301289                                    0.036301289
              7       2.8238837       1.2788325      -32.215052      0.37789394       1.1101667        0.177777      0.33444453       2.7509788        2.7509788      0.14580978                                     0.14580978
              1        2.820627       1.1496352      -30.360775      0.30691692       1.0029809      0.18335663     -0.97009961       2.7509788        2.7509788      0.13929637                                     0.13929637
              1       2.8826903       1.4567516      -30.773787      0.39024527       1.0064311      0.32239553     -0.24089334       2.7509788        2.7509788      0.26342306                                     0.26342306
              2       3.3696513       1.6782081      -30.304898      0.44656185      0.99969547       0.4765884       0.9799193       2.7509788        2.7509788        1.237345                                       1.237345
              2        2.981822        1.518028      -30.767211      0.40587067       1.0044766      0.36756734      0.40962076       2.7509788        2.7509788      0.46168653                                     0.46168653
              2       2.7581962       1.2322191      -30.911133      0.33070635       1.0082924      0.21954593     -0.15130522       2.7509788        2.7509788     0.014434877                                    0.014434877
              3        2.763145       1.2312672      -30.573323      0.32733704      0.99879134      0.21451814      0.88241722       2.7509788        2.7509788     0.024332536                                    0.024332536
              5       2.7548352       1.2573598      -30.472469      0.33374462      0.99720997      0.22790032     0.019255726       2.7509788        2.7509788    0.0077129171                                   0.0077129171
              9       2.7596388       1.2397846       -30.34864      0.32962905      0.99887506       0.2181825      0.71822781       2.7509788        2.7509788     0.017320106                                    0.017320106
              2       4.2323468       2.0353743      -31.655651      0.50379844      0.92991756      0.82913939      -0.9230641       2.7509788        2.7509788        2.962736                                       2.962736
              2        3.478479       1.7390791      -31.050352        0.455386        0.983767      0.53335276     -0.90468859       2.7509788        2.7509788       1.4550005                                      1.4550005
              1        3.025865       1.5402763      -30.956716      0.41169784       1.0041807      0.37303352      0.78183277       2.7509788        2.7509788       0.5497724                                      0.5497724
              2       2.9402477        1.540932      -31.302724      0.39983391      0.97482818      0.36575151     -0.64004782       2.7509788        2.7509788      0.37853788                                     0.37853788
              5       2.8101489       1.5678461      -31.932475      0.37433658      0.89699652      0.34649416     -0.64768628       2.7509788        2.7509788      0.11834024                                     0.11834024
              5       2.8012165       1.1731048      -32.002077      0.31220402      0.99984708      0.19283241      0.99999734       2.7509788        2.7509788      0.10047537                                     0.10047537
              3       2.8472044       1.1773764      -31.690212      0.30076288      0.95971182       0.1752388      0.14058287       2.7509788        2.7509788      0.19245134                                     0.19245134
              3       2.8856498       1.4535654      -30.880213      0.39078429       1.0100304      0.32771588     -0.81052242       2.7509788        2.7509788      0.26934212                                     0.26934212
              3       5.3831685       2.0951086      -30.488539      0.55767582       1.0000166      0.94886494      0.99996898       2.7509788        2.7509788       5.2643795                                      5.2643795
              2        5.861093       2.1700262      -32.582294      0.10756037      0.18621696       1.4282448     -0.83976087       2.7509788        2.7509788       6.2202285                                      6.2202285
              6       2.9620319       1.9339459       -32.30488      0.40307152      0.78301433       1.2608229      0.45661576       2.7509788        2.7509788      0.42210622                                     0.42210622
              1       2.9389638        1.087317      -31.406927      0.28436259      0.98253539       0.1532978      0.41953352       2.7509788        2.7509788      0.37597005                                     0.37597005
              5       2.9092136       1.0393081      -31.569004       0.2891197        1.045118        0.154213     -0.66776226       2.7509788        2.7509788      0.31646969                                     0.31646969
              3       2.8404862      0.99843597      -32.204259      0.30222846       1.1372267     0.098197766     -0.19776714       2.7509788        2.7509788       0.1790149                                      0.1790149
             10       2.9778467      0.95815196      -32.234126      0.27868167       1.0927126     0.092206625      0.53226469       2.7509788        2.7509788      0.45373593                                     0.45373593
              4       3.4381741       1.6080359      -32.430612      0.23179966      0.54156296      0.94545872     -0.21528909       2.7509788        2.7509788       1.3743907                                      1.3743907
              4       3.4049508       1.4719539      -32.184623      0.44950346       1.1472835       0.2545297       -0.263469       2.7509788        2.7509788       1.3079441                                      1.3079441
              3       3.0592854       1.9297462      -32.296225      0.41581324      0.80952456       1.1966677      0.54131707       2.7509788        2.7509788      0.61661324                                     0.61661324
              6       3.2631027      0.92586001      -30.191091      0.24686718       1.0017283      0.11180979     -0.57579741       2.7509788        2.7509788       1.0242478                                      1.0242478
              3       2.7671045       1.4107437      -32.280899      0.35888117      0.95572835      0.35432567      0.95147569       2.7509788        2.7509788     0.032251464                                    0.032251464
              3       2.8892576       1.3234878      -32.052724      0.39143342       1.1111428      0.33679531      0.19135122       2.7509788        2.7509788      0.27655756                                     0.27655756
              9       2.9414556        1.351167      -32.052334      0.40001815       1.1122505       0.3546655      0.18223514       2.7509788        2.7509788      0.38095362                                     0.38095362
              5       3.2106724       1.6237975      -30.112717       0.4321316      0.99980678      0.43511871      0.98418435       2.7509788        2.7509788      0.91938721                                     0.91938721
              3       3.2765853        1.645681      -30.166541      0.43837696       1.0007693      0.45069418      0.71939099       2.7509788        2.7509788        1.051213                                       1.051213
              4       3.6961118       1.7735925      -30.075501      0.47123773      0.99820129      0.55893076     -0.99925049       2.7509788        2.7509788        1.890266                                       1.890266
              2       2.8248894       1.1539158      -30.512234      0.30585933      0.99581698      0.18528402     -0.90538204       2.7509788        2.7509788      0.14782121                                     0.14782121
              3       3.1923163      0.95286041      -30.113176      0.25368626       1.0002293      0.11959882      0.94785408       2.7509788        2.7509788        0.882675                                       0.882675
              2       3.2302189      0.93209013      -30.771894      0.24997212       1.0075476      0.11386044     -0.99868158       2.7509788        2.7509788      0.95848022                                     0.95848022
              4        4.006756      0.99483971      -32.391274      0.19302988      0.72895943      0.26013312      0.26319689       2.7509788        2.7509788       2.5115545                                      2.5115545
              1        2.793081       1.1781499       -31.54106      0.31472307       1.0035984        0.196359      0.98782086       2.7509788        2.7509788     0.084204494                                    0.084204494
              1       2.8676463       1.1541605      -31.519082      0.29659351      0.96544462      0.17315654     -0.35224652       2.7509788        2.7509788      0.23333515                                     0.23333515
             21       2.8902294       1.1435991      -31.498705      0.29239317      0.96056188      0.18947939       -0.735749       2.7509788        2.7509788      0.27850131                                     0.27850131
              7       2.7712609       1.2044978      -30.770874      0.32306786       1.0076731      0.20536928      -0.9213889       2.7509788        2.7509788     0.040564289                                    0.040564289
              3       3.2076037       1.6492522      -31.097856      0.43183026       0.9836892      0.46448573     -0.59570622       2.7509788        2.7509788      0.91324976                                     0.91324976
              1       3.6132369       1.7509269      -30.175426      0.46544158       0.9986863      0.53667207      0.31398551       2.7509788        2.7509788       1.7245162                                      1.7245162
              1       2.8520702       1.4436812      -30.000253      0.38426687       0.9999852      0.31899598      0.99850197       2.7509788        2.7509788      0.20218292                                     0.20218292
              2       2.8272498       1.4135256      -30.702536      0.37871323       1.0065578      0.30430124     -0.78723363       2.7509788        2.7509788      0.15254205                                     0.15254205
              1       2.9918184       1.4463954      -32.021549      0.40723892       1.0577771       0.3813437       0.7335766       2.7509788        2.7509788      0.48167917                                     0.48167917
              6       4.5225227       1.9476059      -30.160213      0.51893707       1.0010264      0.74197639      0.57181905       2.7509788        2.7509788       3.5430879                                      3.5430879
              1       2.7520599       1.2733027      -30.599844      0.33762904      0.99618513      0.23545456    -0.015203121       2.7509788        2.7509788    0.0021622103                                   0.0021622103
              1        2.754975       1.3175768      -30.709427      0.35040365      0.99913599      0.25439987      0.96893895       2.7509788        2.7509788    0.0079924463                                   0.0079924463
              3       2.7742322       1.3615501      -30.418911       0.3622715      0.99961431       0.2748077       0.9775273       2.7509788        2.7509788     0.046506767                                    0.046506767
              5       3.0086516       1.0329902      -30.145475      0.27451967      0.99841057      0.14284265     -0.48942002       2.7509788        2.7509788      0.51534573                                     0.51534573
              7        3.765423      0.92209074      -32.345536      0.20810729      0.84790178      0.17569491      0.63406253       2.7509788        2.7509788       2.0288884                                      2.0288884
              1        2.869031        1.121362      -31.838171      0.29632486      0.99278262      0.17733174      0.98748959       2.7509788        2.7509788      0.23610441                                     0.23610441
             13       3.4639378       1.8156313      -32.260947       0.4542471      0.93993195        0.742346      0.92263128       2.7509788        2.7509788        1.425918                                       1.425918
              8       3.4475382       1.6671031      -32.240295      0.45294863       1.0207477      0.45660034       0.9860733       2.7509788        2.7509788       1.3931189                                      1.3931189
              7       3.0026714       1.0278011      -31.141787      0.27530733       1.0063304      0.13882485      0.74482232       2.7509788        2.7509788      0.50338531                                     0.50338531
             18       2.8494568        1.124352      -30.443689      0.30028306       1.0033685      0.17463058     -0.71938255       2.7509788        2.7509788      0.19695601                                     0.19695601
              4       2.7542096       1.3085869      -30.728866      0.34955618       1.0035669      0.24701601      0.50526987       2.7509788        2.7509788     0.006461735                                    0.006461735
              2       2.7717902       1.3536569      -30.687114      0.36117758        1.002407      0.26926146      0.73173005       2.7509788        2.7509788     0.041622875                                    0.041622875
              3       2.7565473       1.3107804      -30.824408         0.35192       1.0086626      0.24873496     -0.87103558       2.7509788        2.7509788     0.011136975                                    0.011136975
              2       2.8894345       1.4617704      -30.645113      0.39146504       1.0061106      0.32916888     -0.99899389       2.7509788        2.7509788      0.27691149                                     0.27691149
              1        2.904926       1.0576212      -31.456268      0.28984105       1.0295837      0.14275588     -0.34820785       2.7509788        2.7509788      0.30789451                                     0.30789451
              2       2.8686914       1.0978285       -31.46626      0.29639059       1.0142892      0.15755335      0.70671565       2.7509788        2.7509788      0.23542531                                     0.23542531
              3       3.4371764       0.8722933      -31.208122      0.23187968      0.99869317     0.098800008      0.99189524       2.7509788        2.7509788       1.3723952                                      1.3723952
              7       6.1961961      0.35487423      -30.881015     0.095253408       1.0084119     0.015290883     -0.62093913       2.7509788        2.7509788       6.8904346                                      6.8904346
              2       5.6974307      0.42064931      -31.131094      0.11381214       1.0164835     0.021491996     -0.96629489       2.7509788        2.7509788       5.8929038                                      5.8929038
              1       4.7665882      0.59978059      -31.510036      0.15326778      0.96004236      0.04410388     -0.99878868       2.7509788        2.7509788       4.0312188                                      4.0312188
              2       2.9051282       1.0998169      -31.060419      0.28980681      0.98996563      0.16126351     0.080917438       2.7509788        2.7509788      0.30829889                                     0.30829889
              1        3.236963      0.91090776      -31.603766      0.24932685       1.0283159     0.099961387      0.33659928       2.7509788        2.7509788      0.97196847                                     0.97196847
              7        5.180142      0.74218784      -32.420743      0.13480885      0.68239603      0.14715212      0.12966073       2.7509788        2.7509788       4.8583265                                      4.8583265
              1       3.7385472       1.5169537      -32.159436      0.47410719       1.1741839      0.30130155     -0.77710064       2.7509788        2.7509788       1.9751368                                      1.9751368
              7       5.4589785       0.7974895      -32.464785      0.12324038      0.58057721      0.18663673     -0.12276237       2.7509788        2.7509788       5.4159994                                      5.4159994
              2       5.9305602       0.8237347      -32.514991      0.10495662      0.47869005      0.20378901     -0.33682426       2.7509788        2.7509788       6.3591629                                      6.3591629
              3        5.415837       1.0851704      -32.526633      0.12498992        0.432722      0.36584551     -0.42698709       2.7509788        2.7509788       5.3297165                                      5.3297165
              1       3.8042492       1.9259765      -31.660754      0.47843092      0.93325469      0.68303006     -0.85246738       2.7509788        2.7509788       2.1065409                                      2.1065409
              6       3.2214217       1.6375173      -31.091605      0.43317931       0.9938337      0.45339393      0.76294838       2.7509788        2.7509788      0.94088582                                     0.94088582
              7       3.7264765       1.7892358      -30.671172      0.47329736      0.99379871      0.57835768     -0.55468096       2.7509788        2.7509788       1.9509955                                      1.9509955
             17        4.851517       2.0086174      -30.588468      0.53466736       1.0000423      0.82245819      0.99989565       2.7509788        2.7509788       4.2010764                                      4.2010764
              2        5.333294       2.0752083      -31.460017      0.55562274       1.0058894      0.90536258      0.96811683       2.7509788        2.7509788       5.1646304                                      5.1646304
              5       2.7554626       1.2568675       -30.52569      0.33309844      0.99566911      0.22706622     -0.85917157       2.7509788        2.7509788    0.0089676058                                   0.0089676058
              1       5.3839295       1.5324164      -32.568691      0.12629301      0.30962388      0.72564134     -0.64468732       2.7509788        2.7509788       5.2659014                                      5.2659014
              1       6.1128173       1.9733367      -32.618551     0.098257492      0.18706666       1.0523386     -0.82890104       2.7509788        2.7509788        6.723677                                       6.723677
              8       4.4213791       1.9222031      -31.463278      0.51381186       1.0042383       0.7061109      0.98210595       2.7509788        2.7509788       3.3408007                                      3.3408007
              5       4.0915142      0.70573344       -30.92364      0.18808462       1.0012546     0.062107882      0.97111322       2.7509788        2.7509788       2.6810709                                      2.6810709
              4       2.7764153       1.3642084      -30.858814      0.36320175       1.0002283      0.27628133      0.99890911       2.7509788        2.7509788     0.050873044                                    0.050873044
              1       3.5787758      0.83254031      -30.437433       0.2210503      0.99751115     0.089391315    -0.022407189       2.7509788        2.7509788       1.6555941                                      1.6555941
              1       3.1251065       1.6039737      -30.784047      0.42331166      0.99150497      0.41887676     -0.92556968       2.7509788        2.7509788      0.74825551                                     0.74825551
              7       3.1392576       1.6035521      -30.603066      0.42483516      0.99533503      0.41726717     -0.33941536       2.7509788        2.7509788      0.77655765                                     0.77655765
              1       3.0434668       1.0052754       -30.88406      0.27010529       1.0094387      0.13351559     -0.84923505       2.7509788        2.7509788      0.58497612                                     0.58497612
              2       3.2738326       1.4353568      -32.186174      0.43812426       1.1467516         0.23817     -0.26589427       2.7509788        2.7509788       1.0457077                                      1.0457077
              1       4.4550132       1.9571409      -30.926045      0.51553298      0.98961501       0.7693408     -0.21323117       2.7509788        2.7509788       3.4080689                                      3.4080689
              4       4.6586044       2.0483115      -31.375543      0.52560708       0.9640446      0.91194211     -0.69520484       2.7509788        2.7509788       3.8152512                                      3.8152512
              3       4.6216763       2.0415208      -31.387894      0.52382125       0.9639649      0.83864939     -0.73759147       2.7509788        2.7509788       3.7413951                                      3.7413951
              2       4.9667184      0.54465643       -30.86345      0.14411986      0.99410695     0.036848313       0.1575198       2.7509788        2.7509788       4.4314792                                      4.4314792
              6       4.4553723        1.997406      -32.503153      0.16844873      0.31683512       1.5231573     -0.65432315       2.7509788        2.7509788       3.4087871                                      3.4087871
              3       6.1101422       2.1046637      -32.607692     0.098354486       0.1755672       1.2325794     -0.84839383       2.7509788        2.7509788       6.7183269                                      6.7183269
              1       7.5288486       1.9746973      -32.099648      0.63257618       1.2034948      0.81405553     -0.98819897       2.7509788        2.7509788       9.5557397                                      9.5557397
              1       3.2938448       1.0228963      -32.322129      0.24405344      0.89636568      0.19560211      0.79069236       2.7509788        2.7509788       1.0857321                                      1.0857321
              2       3.0115229      0.89849332      -32.198608      0.27414475       1.1462966     0.078942019     -0.40767406       2.7509788        2.7509788      0.52108815                                     0.52108815
             10       3.0991965       1.1027703      -31.899536      0.26355446      0.89787777      0.18724099     -0.72755451       2.7509788        2.7509788      0.69643539                                     0.69643539
              7       3.2552049      0.81396211      -32.202825      0.24760358       1.1428379     0.063102177     -0.35165546       2.7509788        2.7509788       1.0084523                                      1.0084523
              5       3.4580339      0.98034176      -32.329452      0.23021862      0.88225648      0.18468165      0.74591905       2.7509788        2.7509788       1.4141102                                      1.4141102
              2       3.6366182       1.9080601       -31.94091      0.46710403      0.91971547      0.59235527        0.165648       2.7509788        2.7509788       1.7712788                                      1.7712788
              3       3.2738902       2.0080889      -32.284724      0.43812955      0.81969358       1.3305478      0.57780372       2.7509788        2.7509788       1.0458229                                      1.0458229
              1        3.810467      0.76793155      -31.041264      0.20516698       1.0037299     0.073753394      0.85208308       2.7509788        2.7509788       2.1189765                                      2.1189765
              4       2.9730207       1.5140201      -30.520188      0.40464125       1.0040849      0.35869157     -0.56551741       2.7509788        2.7509788      0.44408395                                     0.44408395
              8       2.9279524       1.1361375      -31.974915      0.28607614       0.9459815      0.15251437       0.5545249       2.7509788        2.7509788      0.35394732                                     0.35394732
              1       2.7888816       1.2978892      -31.952149      0.31611915      0.91505058      0.20517894     -0.18598704       2.7509788        2.7509788     0.075805608                                    0.075805608
              8       2.8567778       1.1113282      -31.122253      0.29876019        1.009979      0.17393303      0.35263809       2.7509788        2.7509788      0.21159811                                     0.21159811
             13       3.0248878       1.4770444      -31.563542      0.41157385       1.0468541       0.3611227     -0.59046484       2.7509788        2.7509788      0.54781811                                     0.54781811
             16       2.8589857        1.120558      -30.057811      0.29831135       1.0001551      0.17266414      0.96335695       2.7509788        2.7509788      0.21601379                                     0.21601379
              2        2.784961       1.3785847      -30.669152      0.36650578      0.99880177      0.28486696      0.92963748       2.7509788        2.7509788     0.067964403                                    0.067964403
              1       3.3189378      0.89818264      -30.987021      0.24181531       1.0114655      0.10644724     -0.70035521       2.7509788        2.7509788        1.135918                                       1.135918
              3       2.9066106       1.0680539      -31.426169      0.28955645       1.0185257      0.16285724      0.45708292       2.7509788        2.7509788      0.31126372                                     0.31126372
             13       3.0824981       1.0028911      -30.926879      0.26545845       0.9944311      0.13614561      0.48441878       2.7509788        2.7509788      0.66303858                                     0.66303858
              3       3.1241575       1.5872242      -30.641094      0.42320847       1.0017238      0.41123073      0.84674715       2.7509788        2.7509788      0.74635753                                     0.74635753
              2       3.3888062        1.688987        -30.3286       0.4481682      0.99688865      0.48564036     -0.99993414       2.7509788        2.7509788       1.2756549                                      1.2756549
              3       3.5520752       1.7279415      -30.401677      0.46098309       1.0022773      0.51546833      0.23596034       2.7509788        2.7509788       1.6021929                                      1.6021929
              3       3.6529225       1.7656693      -30.394831      0.46825035      0.99632414      0.55214396     -0.98308137       2.7509788        2.7509788       1.8038875                                      1.8038875
              7       3.5726588       1.7320249      -30.699295      0.46250199        1.003209      0.52617833      0.62265573       2.7509788        2.7509788       1.6433601                                      1.6433601
              1       5.1570461        2.068488      -30.637321      0.54820383      0.99568275      0.89963873      0.24349098       2.7509788        2.7509788       4.8121346                                      4.8121346
              2       3.8978732      0.74912028      -31.279455      0.19963456       1.0011891     0.070528344      0.99500501       2.7509788        2.7509788       2.2937888                                      2.2937888
              4       4.8422233      0.56406099       -30.48519      0.14975934      0.99746982     0.039262414      0.11268161       2.7509788        2.7509788        4.182489                                       4.182489
              5       4.1982476       1.6866444      -32.194291       0.5019254       1.1180148      0.37249565      0.30347653       2.7509788        2.7509788       2.8945377                                      2.8945377
              1       3.2103199      0.94204421      -31.204861      0.25190296       1.0046017      0.11475391      0.89750778       2.7509788        2.7509788      0.91868225                                     0.91868225
              3       3.0425181       1.0053487      -31.274103      0.27022199       1.0098012      0.13073754      0.66212988       2.7509788        2.7509788      0.58307861                                     0.58307861
              3       3.2592025      0.95802092      -31.395638      0.24723012      0.96952343      0.11785025     -0.88015994       2.7509788        2.7509788       1.0164475                                      1.0164475
              2       3.0227486       1.5089663       -31.25416      0.41130164       1.0240303      0.36631153     -0.78985477       2.7509788        2.7509788       0.5435397                                      0.5435397
              6       2.7789219       1.2085895      -31.316532      0.31977815      0.99403547      0.20217299      0.90382688       2.7509788        2.7509788     0.055886229                                    0.055886229
              3       3.3187879       1.6898588      -31.104785      0.44217147      0.98304231      0.47709231     -0.70754037       2.7509788        2.7509788       1.1356182                                      1.1356182
              4       3.1970549       1.6244149      -30.633098      0.43078659      0.99631604      0.43968974      0.29167627       2.7509788        2.7509788      0.89215231                                     0.89215231
              3       3.1182819       1.5863761      -30.178897      0.42256662       1.0007393        0.407688      0.74821594       2.7509788        2.7509788      0.73460626                                     0.73460626
              6       3.2362785      0.91389671      -31.824047      0.24939213       1.0252211      0.10049694      0.80892114       2.7509788        2.7509788      0.97059946                                     0.97059946
              5       3.1973943      0.92494753      -31.729528      0.25317965       1.0283563      0.12218716      0.68552872       2.7509788        2.7509788      0.89283097                                     0.89283097
              1       3.2459646       1.0271771      -31.949936      0.24847252      0.90879296      0.12034544     -0.47530404       2.7509788        2.7509788      0.98997163                                     0.98997163
              2       3.1176517       1.4677513      -31.766538      0.42249748       1.0814429      0.33764954     -0.99116023       2.7509788        2.7509788      0.73334589                                     0.73334589
              9       2.8651352       1.3627407      -31.792374      0.38691517       1.0666807      0.24539191       -0.406285       2.7509788        2.7509788      0.22831288                                     0.22831288
              3       2.8941251       1.3694669      -31.781773      0.39229594        1.076203      0.25996255     -0.83801599       2.7509788        2.7509788      0.28629264                                     0.28629264
             11       2.7624802       1.3228919      -31.866448      0.32774333      0.93076797      0.30355528      0.17893029       2.7509788        2.7509788     0.023002783                                    0.023002783
              9       3.1085825       1.5678979      -30.851672      0.42149574       1.0099674      0.39442973     -0.97111171       2.7509788        2.7509788      0.71520746                                     0.71520746
              3       2.7984585       1.1847788      -32.160329      0.37096655       1.1763306      0.17318648      -0.9290007       2.7509788        2.7509788     0.094959393                                    0.094959393
              1       3.5343753        1.562476      -32.206984      0.45966131       1.1052398      0.30409252      0.45022259       2.7509788        2.7509788       1.5667931                                      1.5667931
             12       2.7693524       1.2419535      -31.308142      0.32398062      0.98004408      0.21063941      -0.1341119       2.7509788        2.7509788     0.036747181                                    0.036747181
             11       2.7597356       1.3329727      -30.249964      0.35443987      0.99897176      0.26029095      0.64556118       2.7509788        2.7509788     0.017513612                                    0.017513612
              1       2.7650046       1.2275328      -30.226294      0.32625628      0.99852213      0.21454914      0.15451241       2.7509788        2.7509788     0.028051687                                    0.028051687
              6       2.9684167       1.0534676       -30.15737       0.2800116      0.99858891      0.14928562     -0.10328066       2.7509788        2.7509788      0.43487576                                     0.43487576
              2       2.9464052       1.0625052      -30.073272      0.28323286       1.0014851      0.15275884     -0.98472302       2.7509788        2.7509788      0.39085294                                     0.39085294
              6       2.9274823       1.0744613      -30.874943      0.28615046       1.0005426      0.15692912      0.99378141       2.7509788        2.7509788      0.35300714                                     0.35300714
              5       3.1601366       1.4259483      -32.201069      0.42703316       1.1250964      0.23198228      0.12882443       2.7509788        2.7509788      0.81831571                                     0.81831571
              9       2.8885941       1.0528925      -31.811549      0.29268531       1.0443566      0.13230998      0.36894217       2.7509788        2.7509788      0.27523073                                     0.27523073
              1       2.9421989       1.0727956      -30.813473      0.28386875       0.9941056      0.15392196     0.014627564       2.7509788        2.7509788      0.38244023                                     0.38244023
              1        3.057089       1.0163391      -30.785139      0.26845015      0.99233189      0.13730422     -0.91182157       2.7509788        2.7509788      0.61222045                                     0.61222045
              3       4.9500848      0.58735652      -31.968235        0.144864      0.92659641     0.035182152     0.017049589       2.7509788        2.7509788        4.398212                                       4.398212
              1       3.8265084      0.72755178      -32.036955      0.20413499       1.0541089     0.079122922      0.73444758       2.7509788        2.7509788       2.1510593                                      2.1510593
              7        3.314634      0.93987129       -31.99028      0.24219562      0.96812138      0.10467596      0.85583824       2.7509788        2.7509788       1.1273104                                      1.1273104
              4       3.5040643       1.6328268      -31.730549      0.45736259       1.0523312      0.49949355      0.18779984       2.7509788        2.7509788        1.506171                                       1.506171
              2       3.4453369       1.6866009      -30.847991      0.45277318       1.0085566      0.49066156      -0.3743737       2.7509788        2.7509788       1.3887163                                      1.3887163
              3        2.969325       1.0522152      -30.188623      0.27988225      0.99931566      0.14903251      0.78321582       2.7509788        2.7509788      0.43669254                                     0.43669254
              1       5.7254949      0.42493993      -30.657877        0.112728      0.99663512     0.021577959        0.265393       2.7509788        2.7509788       5.9490323                                      5.9490323
              3       3.2915694      0.86093796      -31.755865      0.24425893       1.0658854       0.1067227     -0.49132672       2.7509788        2.7509788       1.0811812                                      1.0811812
              5       3.9850702      0.72725527      -30.492915      0.19432176       1.0038446     0.066612657     -0.95644301       2.7509788        2.7509788       2.4681828                                      2.4681828
              1       2.8499982       1.1250414      -30.922485      0.30016854       1.0023712      0.17282874      0.90533965       2.7509788        2.7509788      0.19803886                                     0.19803886
              1       2.8153856       1.4175532      -30.891787      0.37573717      0.99581053      0.30817796      0.69731492       2.7509788        2.7509788      0.12881359                                     0.12881359
             13        2.751051       1.2916199      -30.193264      0.34312968       0.9980573      0.24226721     -0.67446165       2.7509788        2.7509788   0.00014442856                                  0.00014442856
              5       3.1023636      0.94900966      -32.260986      0.26319853       1.0419449      0.10403382      0.92640504       2.7509788        2.7509788      0.70276963                                     0.70276963
              5       2.7829837       1.1666059      -31.334486      0.31821785       1.0247839      0.19767041     -0.45680876       2.7509788        2.7509788      0.06400979                                     0.06400979
              2        3.085907       1.5760416      -31.826706      0.41893407      0.99864224      0.40480722      0.99959611       2.7509788        2.7509788      0.66985644                                     0.66985644
              3       2.8677558       1.3571076      -31.752792      0.38742779       1.0725274      0.30152729     -0.61111411       2.7509788        2.7509788      0.23355411                                     0.23355411
              1       3.4165726       1.7176864      -31.008762      0.45045448      0.98523297      0.50636157     -0.96152824       2.7509788        2.7509788       1.3311876                                      1.3311876
              1       4.0057165       1.8443127      -30.081671      0.49090844       0.9999951      0.62793383      0.99969562       2.7509788        2.7509788       2.5094754                                      2.5094754
              2       3.7057984       1.7756474      -30.029148      0.47189832      0.99844376      0.56004834     -0.82653818       2.7509788        2.7509788       1.9096393                                      1.9096393
              2       3.1701643       1.5688922      -31.330713      0.42806885       1.0250675      0.41480733     -0.30688004       2.7509788        2.7509788      0.83837102                                     0.83837102
              1       2.7732631       1.3070287      -31.560398      0.36184462       1.0400852      0.26913158     -0.24117604       2.7509788        2.7509788     0.044568684                                    0.044568684
              1       2.7533991       1.2975699      -31.381298      0.33545992      0.97127404      0.25574731     -0.50835789       2.7509788        2.7509788    0.0048407216                                   0.0048407216
              3        7.448154       0.1995962      -31.081184     0.053888075       1.0143137     0.004681486     -0.92860899       2.7509788        2.7509788       9.3943505                                      9.3943505
              1       9.3667861       2.2392514      -34.142516   7.2307371e-05    0.0001213142    0.0013506236     -0.99993167       2.7509788        2.7509788       13.231615                                      13.231615
              4       9.3464511         2.48891      -33.628203   0.00059820286    0.0009029656     0.015974787     -0.99960391       2.7509788        2.7509788       13.190945                                      13.190945
              2       8.7626952        2.902359       -32.72487     0.016056673     0.020784345       1.1186296     -0.99529952       2.7509788        2.7509788       12.023433                                      12.023433
              1       5.7674145       2.1255481      -31.116692       0.5728819       1.0125724       1.0256569      0.34606834       2.7509788        2.7509788       6.0328714                                      6.0328714
              1       3.3584111        1.680124      -30.841798      0.44560765      0.99642181      0.47381513      0.74606088       2.7509788        2.7509788       1.2148647                                      1.2148647
              5       3.4905786       1.6075952      -31.789834      0.45632501        1.066423      0.37574754     -0.28282651       2.7509788        2.7509788       1.4791997                                      1.4791997
              5        2.789799        1.316437      -31.578554      0.36819218       1.0507669      0.25065101     -0.99424011       2.7509788        2.7509788     0.077640368                                    0.077640368
              5       4.4362641      0.65556949      -31.854832      0.16942433      0.97093234     0.058757604      0.80614831       2.7509788        2.7509788       3.3705706                                      3.3705706
              5       4.6196131      0.59082118      -31.727301      0.16027905        1.019184     0.045798749      0.84169791       2.7509788        2.7509788       3.7372686                                      3.7372686
              8       2.7511045       1.4471878      -31.926693      0.34349059      0.89170636      0.29403034     -0.87819795       2.7509788        2.7509788   0.00025145587                                  0.00025145587
              4       2.7620383       1.2296137      -31.241904      0.32801989       1.0022208      0.21622325      0.98180005       2.7509788        2.7509788     0.022119011                                    0.022119011
              1       2.7635961       1.4227617      -31.648532       0.3569323      0.94250922      0.33156942     -0.63581082       2.7509788        2.7509788     0.025234676                                    0.025234676
             11       2.8206599       1.1925134      -31.985297      0.30690863      0.96689151      0.18052496      0.85148494       2.7509788        2.7509788      0.13936219                                     0.13936219
              5       2.7568948        1.251076      -30.553348      0.33177514      0.99630442      0.22543576     -0.18931648       2.7509788        2.7509788     0.011832019                                    0.011832019
              5       2.7513513       1.3674886      -31.645575      0.34456579      0.94663017      0.30393433     -0.44035813       2.7509788        2.7509788   0.00074504998                                  0.00074504998
              1       3.1553203      0.96891857      -30.367306       0.2574688      0.99831879      0.12344485      0.37243491       2.7509788        2.7509788      0.80868312                                     0.80868312
              2        2.966961       1.0405271      -31.181261      0.28021943       1.0117583      0.15028374      0.30508194       2.7509788        2.7509788      0.43196451                                     0.43196451
              1       2.9558973       1.0640713      -31.172279      0.28182259      0.99503187      0.15078383      0.86525348       2.7509788        2.7509788      0.40983712                                     0.40983712
              6       3.2374886      0.94269612      -30.714298      0.24927674      0.99344073      0.11706106     -0.95557508       2.7509788        2.7509788      0.97301974                                     0.97301974
              1        3.696209      0.93255559      -32.341412      0.21275563      0.85711332      0.17618104      0.66421535       2.7509788        2.7509788       1.8904604                                      1.8904604
              1       3.7490089       1.6891273      -32.011331      0.47480508        1.056051      0.57320856      0.76157783       2.7509788        2.7509788       1.9960603                                      1.9960603
              4       2.7608631       1.2331017      -30.388703      0.32878349       1.0017123      0.21713038      0.44261881       2.7509788        2.7509788     0.019768678                                    0.019768678
              1       2.7553495       1.2187895      -31.457685      0.33321139       1.0271244      0.19789645    -0.078665431       2.7509788        2.7509788    0.0087414666                                   0.0087414666
              1       2.9671323       1.3428644      -32.062983      0.40380506       1.1297218      0.35288874    -0.031673393       2.7509788        2.7509788      0.43230707                                     0.43230707
              2       3.2159751       1.4889565      -32.036199      0.43264996       1.0916579      0.44041439      0.42545554       2.7509788        2.7509788      0.92999268                                     0.92999268
              8       4.1696305      0.69134942      -30.214072      0.18366361      0.99806179     0.059578938     -0.75880214       2.7509788        2.7509788       2.8373034                                      2.8373034
              6       4.0955701      0.70458683      -30.203059      0.18785196       1.0016434     0.062358512     -0.40275773       2.7509788        2.7509788       2.6891826                                      2.6891826
              7       3.5201797       1.7540334      -31.524639      0.45859039      0.98224312       0.5162259      0.73034478       2.7509788        2.7509788       1.5384018                                      1.5384018
              1       3.2718529       1.6207924       -31.08026       0.4379421        1.015129      0.42409786     -0.57485044       2.7509788        2.7509788       1.0417482                                      1.0417482
              5       3.1887027      0.97818887      -31.402609      0.25404856      0.97572163       0.1201922     -0.18119296       2.7509788        2.7509788      0.87544777                                     0.87544777
             17        2.753813       1.3211621      -30.758183       0.3490772      0.99265264      0.25733787     -0.79164955       2.7509788        2.7509788    0.0056684947                                   0.0056684947
              1       3.2257253       1.6887893      -31.386962      0.43359542      0.96458642      0.48403211     -0.99855375       2.7509788        2.7509788      0.94949308                                     0.94949308
              5        2.758426       1.3302025      -30.669465      0.35347206      0.99831881      0.26106785      0.85932525       2.7509788        2.7509788     0.014894545                                    0.014894545
              7       2.7789158       1.2991841       -31.73858      0.36421942       1.0532327      0.27777012     0.077781511       2.7509788        2.7509788     0.055873989                                    0.055873989
              4       2.7543503       1.2588274      -30.396719      0.33428106      0.99764836       0.2258607    0.0043680092       2.7509788        2.7509788    0.0067431018                                   0.0067431018
              5       4.1325083       1.8966426      -31.045765      0.49825105      0.98694885      0.70091964     -0.13810349       2.7509788        2.7509788       2.7630591                                      2.7630591
              1       2.9230923       1.4901384      -30.349669      0.39715061       1.0012915      0.34739341      0.65204031       2.7509788        2.7509788        0.344227                                       0.344227
              2       2.8446765       1.1350062      -30.472502      0.30130816      0.99734311       0.1788968     0.077391184       2.7509788        2.7509788      0.18739539                                     0.18739539
              1       2.8638738       1.1127923       -30.64792      0.29733367        1.003834       0.1681884      0.11823007       2.7509788        2.7509788      0.22579008                                     0.22579008
              2       5.1781432       2.0219723       -31.32156      0.54910589       1.0202646       0.8790913      0.30181742       2.7509788        2.7509788       4.8543289                                      4.8543289
              5       2.8388701       1.2664506      -31.935872      0.30258914      0.89762929      0.20491121     -0.76914292       2.7509788        2.7509788      0.17578267                                     0.17578267
             13       2.7530678       1.2586269      -30.324881        0.335924       1.0027114      0.22647865     -0.86929589       2.7509788        2.7509788    0.0041781085                                   0.0041781085
             13       3.1410889       1.6068682      -31.207256      0.42503027      0.99373715      0.43092408       0.8545489       2.7509788        2.7509788      0.78022017                                     0.78022017
              2       3.2935775      0.90154956      -31.828541      0.24407756       1.0171152     0.099976835      0.91568397       2.7509788        2.7509788       1.0851974                                      1.0851974
              5       2.8499198        1.446104      -30.356688      0.38381489      0.99713558      0.31914691      -0.6602364       2.7509788        2.7509788      0.19788198                                     0.19788198
              2       2.9015992       1.4818771      -30.213786      0.39359228      0.99785241      0.34036736     -0.75526178       2.7509788        2.7509788      0.30124082                                     0.30124082
             11       2.9520113       1.5102535      -30.081371      0.40160408      0.99903381      0.35760517      0.38855443       2.7509788        2.7509788      0.40206497                                     0.40206497
              8       3.0092839       1.5400056      -30.123286      0.40956307      0.99914937      0.37653299      0.61181673       2.7509788        2.7509788      0.51661026                                     0.51661026
              5        3.336052       1.6618478      -30.324112      0.44368291       1.0030287      0.46448451     -0.98432488       2.7509788        2.7509788       1.1701465                                      1.1701465
             11       3.1477942      0.96846568      -30.495319      0.25825919       1.0018518      0.12320679      0.56813879       2.7509788        2.7509788      0.79363094                                     0.79363094
              9       4.1049763      0.68319969       -31.60356      0.18731372       1.0300394     0.053660142      0.21684866       2.7509788        2.7509788       2.7079951                                      2.7079951
              3       2.7563455       1.1234808      -32.160642      0.35173865       1.1762141      0.15427709     -0.94250547       2.7509788        2.7509788     0.010733518                                    0.010733518
             10       3.1384826      0.97430457      -30.132368      0.25924755      0.99965892      0.12569416      0.93832304       2.7509788        2.7509788      0.77500765                                     0.77500765
              2       2.7891863       1.3857402      -30.872926      0.36798468      0.99765377      0.28545044      0.89321448       2.7509788        2.7509788     0.076415049                                    0.076415049
              2        2.751047       1.2429365      -31.432807      0.34090189       1.0304155       0.2329681     -0.34363686       2.7509788        2.7509788   0.00013646902                                  0.00013646902
              4       2.8429089       1.4138204      -31.075396       0.3823062       1.0158954      0.30622308     -0.87352732       2.7509788        2.7509788      0.18386029                                     0.18386029
              3       3.4896751       1.0819389       -32.36219      0.22774484      0.79082013      0.28290325      0.45332768       2.7509788        2.7509788       1.4773926                                      1.4773926
              1       4.2568155       1.8981818      -30.402664      0.50512923        0.999762      0.68638415      0.99288822       2.7509788        2.7509788       3.0116734                                      3.0116734
              2        3.558277       1.7391023      -30.439339      0.46144277       0.9968381      0.52483615     -0.22016557       2.7509788        2.7509788       1.6145965                                      1.6145965
              4       4.1315541       1.9206605      -31.220303      0.49819708      0.97450146       0.7064741     -0.97830283       2.7509788        2.7509788       2.7611506                                      2.7611506
              1       3.2664385       1.6408663      -30.589903      0.43744215       1.0015655      0.45007466      0.84360152       2.7509788        2.7509788       1.0309195                                      1.0309195
              1       3.4242828      0.88904546      -31.374883      0.23291917      0.98426757       0.1073551      0.47881573       2.7509788        2.7509788        1.346608                                       1.346608
              7       2.7783903       1.1991665      -30.596531      0.31999052       1.0025119      0.20077394      0.53283024       2.7509788        2.7509788     0.054823138                                    0.054823138
              3       2.7583627       1.2311213      -30.822924      0.33057687       1.0087964      0.21597157     -0.97356476       2.7509788        2.7509788     0.014767754                                    0.014767754
              6       3.0134932       1.3003319      -32.126948      0.41011134       1.1848939      0.26315125     -0.95845531       2.7509788        2.7509788      0.52502887                                     0.52502887
              9       2.8829948       1.0972954      -32.273345        0.293699       1.0055666      0.16392775      0.99896096       2.7509788        2.7509788      0.26403199                                     0.26403199
              4       2.7692718       1.2174122      -32.001119      0.32402019       0.9999225      0.21063322      0.99999932       2.7509788        2.7509788     0.036585961                                    0.036585961
              2       2.7624818       1.3749722      -31.628179      0.35625768      0.97342444      0.30427678      0.60913233       2.7509788        2.7509788      0.02300606                                     0.02300606
              4       2.8656072       1.5638431      -32.282312      0.38700793       0.9297338      0.49997403      0.89431233       2.7509788        2.7509788      0.22925692                                     0.22925692
              2       2.7542983       1.2573972       -30.13265      0.33434081      0.99896165      0.22707304      0.38398528       2.7509788        2.7509788    0.0066391156                                   0.0066391156
              5       3.2145281       1.6522543      -31.308495       0.4325088      0.98344478      0.43866073      0.33774393       2.7509788        2.7509788      0.92709858                                     0.92709858
              3        2.797493       1.1729223       -30.48115      0.31332947       1.0036075      0.19099086     -0.64958521       2.7509788        2.7509788     0.093028429                                    0.093028429
              1        3.620886      0.82039332      -31.476032      0.21801209       0.9983674     0.086577712       0.9962808       2.7509788        2.7509788       1.7398145                                      1.7398145
              2       2.9894825       1.0423714      -30.016316      0.27707821      0.99864653      0.14601911     -0.85957589       2.7509788        2.7509788      0.47700755                                     0.47700755
             10       2.8315378        1.421797       -30.49141      0.37973115       1.0033918      0.30876301     -0.26374251       2.7509788        2.7509788      0.16111814                                     0.16111814
              3       2.9021618       1.5327133      -31.516832      0.39368856      0.96499219      0.34857264     -0.22840583       2.7509788        2.7509788      0.30236612                                     0.30236612
              1       3.2273542       1.6411195      -30.692482      0.43375242      0.99296426      0.44949766     -0.96390215       2.7509788        2.7509788      0.95275077                                     0.95275077
              2       3.0523117       1.5677086      -30.602047      0.41497366       0.9944595      0.39441701     -0.91978321       2.7509788        2.7509788       0.6026658                                      0.6026658
              1        4.456642      0.63252217      -30.205247       0.1683841       1.0001318     0.049498184      0.98712941       2.7509788        2.7509788       3.4113264                                      3.4113264
              8       4.4728558      0.60626738      -32.270186      0.16756087       1.0383418     0.039857916      0.93720565       2.7509788        2.7509788        3.443754                                       3.443754
              3       2.9513305       1.4975287      -30.981666      0.40150307       1.0072694      0.35733846      0.41983633       2.7509788        2.7509788      0.40070339                                     0.40070339
              6       2.8922489       1.5041559      -31.217195      0.39196524      0.97900885       0.3648881     -0.61517336       2.7509788        2.7509788      0.28254017                                     0.28254017
              9       2.8655478         2.14609      -32.374502      0.29700373      0.51993121       2.1899126     -0.27017834       2.7509788        2.7509788      0.22913809                                     0.22913809
              7       3.2990275       2.1424404      -32.284686      0.44041299      0.77229513       1.7838373       0.4332942       2.7509788        2.7509788       1.0960974                                      1.0960974
              2       4.2647051      0.66588908      -30.747547      0.17844398       1.0067738     0.055478801     -0.88667369       2.7509788        2.7509788       3.0274527                                      3.0274527
              2        4.337406       0.6546964      -30.708747      0.17456242       1.0017117     0.052933978      0.85370535       2.7509788        2.7509788       3.1728544                                      3.1728544
              8       4.0245565       0.7243027      -30.872808      0.19197778      0.99577858     0.065059501      0.58530896       2.7509788        2.7509788       2.5471555                                      2.5471555
              3       4.0375507      0.72214725      -30.904374       0.1912144      0.99477931     0.064494804      0.44994546       2.7509788        2.7509788       2.5731438                                      2.5731438
              8       3.4321622      0.89724443      -31.383474      0.23228276      0.97260864      0.10946249     -0.51692473       2.7509788        2.7509788       1.3623668                                      1.3623668
              6       2.7721596       1.3398881      -30.988694      0.36134705        1.013183      0.26424236     -0.99966478       2.7509788        2.7509788     0.042361744                                    0.042361744
              4       3.2823833       1.6621914      -31.207674      0.43890708      0.99202694      0.47501465      0.77160613       2.7509788        2.7509788       1.0628091                                      1.0628091
              2       3.4410099       1.7200281      -30.964437      0.45242749      0.98820119      0.52040946     -0.49840565       2.7509788        2.7509788       1.3800623                                      1.3800623
              1       2.8448653       1.3374078      -31.756606      0.38273283       1.0751369      0.28644054     -0.73690629       2.7509788        2.7509788      0.18777312                                     0.18777312
              1        3.273762      0.92458379      -30.831204      0.24588223      0.99910881      0.11211129      0.97888804       2.7509788        2.7509788       1.0455665                                      1.0455665
              2       4.3767722      0.64383136      -31.142348      0.17249772       1.0065681     0.050326647      0.70342816       2.7509788        2.7509788       3.2515869                                      3.2515869
             20       3.5866134      0.77041045      -31.775182      0.22047908         1.07517     0.076329058     -0.98844147       2.7509788        2.7509788       1.6712692                                      1.6712692
              1       4.7227533        0.791372       -32.39559      0.15533131      0.73741207      0.15649368      0.28513567       2.7509788        2.7509788       3.9435491                                      3.9435491
              2        3.533079      0.84305329      -30.225546      0.22443608       1.0001602     0.091259261      0.98496414       2.7509788        2.7509788       1.5642005                                      1.5642005
              5       2.9516978       1.0681146      -30.738029      0.28244241      0.99344533      0.15326824     -0.71672511       2.7509788        2.7509788      0.40143801                                     0.40143801
             13       3.1045868       1.5948817      -30.759024      0.42105037      0.99183062      0.41418418     -0.99795495       2.7509788        2.7509788      0.70721609                                     0.70721609
              2       3.1407661       1.1195674      -32.329227      0.25900408      0.86913707      0.25780601      0.70666538       2.7509788        2.7509788      0.77957472                                     0.77957472
              3       3.0528087       1.3834281      -32.201284      0.41503381       1.1270905      0.21421036      0.08427358       2.7509788        2.7509788       0.6036598                                      0.6036598
              4       2.8089203       1.3065743      -31.757927       0.3739991       1.0753959       0.2693885     -0.76414293       2.7509788        2.7509788        0.115883                                       0.115883
              1       3.2292551       1.5656522      -31.726167       0.4339353       1.0412658      0.43978697      0.46173356       2.7509788        2.7509788      0.95655265                                     0.95655265
              9       2.9134382       1.4848489      -30.597082      0.39558155       1.0008885      0.34200123      0.94729526       2.7509788        2.7509788      0.32491882                                     0.32491882
              7       2.8900783       1.0958348      -30.352376      0.29242009       1.0025223      0.16319795     -0.49959377       2.7509788        2.7509788      0.27819908                                     0.27819908
              3       2.8242557       1.1577698      -30.902791      0.30601459      0.99300592      0.18303123     0.099193851       2.7509788        2.7509788      0.14655381                                     0.14655381
              1       2.7757803        1.193679      -30.916453      0.32106455       1.0105009      0.19829701     -0.87167204       2.7509788        2.7509788      0.04960312                                     0.04960312
              3       3.0365013       1.0257204       -30.83518      0.27096653      0.99247272      0.14284521     -0.43252964       2.7509788        2.7509788      0.57104505                                     0.57104505
             12       2.7548662       1.3221598      -31.856712      0.33371156      0.94824206      0.29572344      0.50773859       2.7509788        2.7509788    0.0077748072                                   0.0077748072
              6       2.8305055       1.1462809       -31.20757      0.30451137      0.99803179      0.18308894      0.98282193       2.7509788        2.7509788      0.15905355                                     0.15905355
              3       2.7825603       1.3696948      -30.371105      0.36562433       1.0028667      0.27815055     -0.62430146       2.7509788        2.7509788     0.063163057                                    0.063163057
              1       2.7670111       1.3513884      -30.338624      0.35883219      0.99756943      0.26887217     -0.34328215       2.7509788        2.7509788     0.032064561                                    0.032064561
              1       2.8604287       1.1124439      -30.724168      0.29802046       1.0064678      0.17099366     -0.73459494       2.7509788        2.7509788      0.21889994                                     0.21889994
              3       3.3923261      0.88974029      -30.976569      0.23553926      0.99456224      0.10103619      0.58525146       2.7509788        2.7509788       1.2826946                                      1.2826946
              2       4.9344438      0.54760082      -30.163499      0.14556631      0.99868541     0.036567859     -0.01764251       2.7509788        2.7509788       4.3669301                                      4.3669301
              2       3.7726679       0.7824523      -30.604699      0.20763003      0.99692895     0.077082572      0.25855018       2.7509788        2.7509788       2.0433782                                      2.0433782
              6       3.8411997      0.74358416      -31.730269       0.2031966       1.0266401     0.075873171      0.71209734       2.7509788        2.7509788       2.1804418                                      2.1804418
              3       4.0119856      0.80016038      -31.898029      0.19272002      0.90486067     0.094022778     -0.58390112       2.7509788        2.7509788       2.5220136                                      2.5220136
              8       2.8976419       1.2228632      -32.314573      0.29108998      0.89429601      0.29695576      0.78784628       2.7509788        2.7509788      0.29332623                                     0.29332623
              5       2.9807346       1.2630905      -32.338736      0.27827995      0.82771221       0.3758397      0.57602259       2.7509788        2.7509788      0.45951163                                     0.45951163
              4       3.1672012       1.6416937      -32.407866      0.25623589      0.58638079      0.98172373     -0.11036557       2.7509788        2.7509788      0.83244484                                     0.83244484
             18       2.7609122       1.2665155      -31.739557      0.35524928       1.0537913      0.26121613     0.052635167       2.7509788        2.7509788     0.019866851                                    0.019866851
              4       2.7776312       1.2782137      -31.751116      0.36370256       1.0689929      0.26296718     -0.49469808       2.7509788        2.7509788     0.053304811                                    0.053304811
              7       2.7590982       1.2126428       -32.04846      0.35397856         1.09667      0.26834715      0.34220638       2.7509788        2.7509788     0.016238781                                    0.016238781
              2       2.7516656       1.2106811      -31.756093      0.34548395        1.072087      0.22750836     -0.65374464       2.7509788        2.7509788    0.0013736845                                   0.0013736845
              3       3.0399454      0.94505042      -32.243983       0.2705394       1.0754927     0.093123438      0.71446151       2.7509788        2.7509788       0.5779332                                      0.5779332
              7        2.751488       2.0543866      -32.348577      0.33900029      0.61994022       1.8314049    -0.021190017       2.7509788        2.7509788    0.0010183661                                   0.0010183661
              1        4.014867       1.8602129      -30.973186      0.49145044      0.99254221      0.63305668      0.44712723       2.7509788        2.7509788       2.5277765                                      2.5277765
              8       2.8330953       1.4125194      -30.984459      0.38009413       1.0109476       0.3077366     -0.34190867       2.7509788        2.7509788      0.16423296                                     0.16423296
              1       2.7511104       1.3377379       -31.69192      0.34352541      0.96476106      0.23995401      0.38497623       2.7509788        2.7509788   0.00026334153                                  0.00026334153
              1        2.966799       1.5163317      -31.536117      0.40375739       1.0003643      0.36302745      0.99988553       2.7509788        2.7509788      0.43164052                                     0.43164052
              1        2.756049       1.3062761      -30.992502      0.35146575       1.0108343      0.24358713     -0.36837144       2.7509788        2.7509788     0.010140391                                    0.010140391
              3       2.7553818       1.3038399      -30.984874      0.35082102       1.0108652       0.2521467     -0.37188951       2.7509788        2.7509788    0.0088060681                                   0.0088060681
              8       3.1844602       1.6184139      -30.778327      0.42952419       0.9970799      0.43499009      0.77112166       2.7509788        2.7509788      0.86696295                                     0.86696295
              6       2.8487869       1.0972976      -31.432694      0.30042519       1.0285936      0.17421917     -0.23829803       2.7509788        2.7509788      0.19561624                                     0.19561624
              2       2.8269206       1.1497458      -30.924739      0.30536609      0.99781697      0.18447623      0.92242605       2.7509788        2.7509788      0.15188361                                     0.15188361
              3        2.753979       1.2495041      -31.579697      0.34928153       1.0501948      0.22013351     -0.98940739       2.7509788        2.7509788    0.0060005334                                   0.0060005334
              2       3.1787383      0.96021547       -31.47556      0.25505539      0.99792458      0.12243597      0.99416495       2.7509788        2.7509788        0.855519                                       0.855519
              7       7.4791034      0.19951691      -30.485793     0.052940459      0.99687317    0.0047526918     -0.39809195       2.7509788        2.7509788       9.4562493                                      9.4562493
              1       5.9998027      0.38608463       -30.55408      0.10238945      0.99633321     0.018043667     -0.38747424       2.7509788        2.7509788       6.4976478                                      6.4976478
              5       3.0011412       1.0358828       -30.50982      0.27551037       0.9992157      0.14449701      0.93089967       2.7509788        2.7509788      0.50032489                                     0.50032489
              3        2.995756       1.0335176      -30.505899      0.27622993        1.004118      0.14358138     -0.97960069       2.7509788        2.7509788      0.48955436                                     0.48955436
              4       4.1346932       1.9541049      -31.832465      0.49837455      0.95816412      0.84247193      0.72431094       2.7509788        2.7509788       2.7674288                                      2.7674288
              9       3.5016149      0.84572116      -31.038905      0.22682517       1.0076181     0.089975995      0.37994855       2.7509788        2.7509788       1.5012723                                      1.5012723
              2       3.3843735      0.89153206      -30.739824      0.23620136      0.99535351      0.10196309      0.10428093       2.7509788        2.7509788       1.2667895                                      1.2667895
              4       2.7613029        1.164604      -32.030946      0.32849266       1.0596911      0.22663845      0.70288196       2.7509788        2.7509788     0.020648277                                    0.020648277
              2       2.7770203       1.2057863       -30.12868      0.32054759      0.99874381       0.2042872     0.053307159       2.7509788        2.7509788     0.052083058                                    0.052083058
              3       2.8838295       1.1349587      -31.398589      0.29354653       0.9716924      0.17002178     -0.55666999       2.7509788        2.7509788      0.26570153                                     0.26570153
             14       2.7769052       1.3800853      -31.110423      0.36340497      0.98927454      0.27708354      0.23562475       2.7509788        2.7509788     0.051852948                                    0.051852948
              1       2.9884192       1.0293424       -31.32652       0.2772231       1.0118158      0.14725717      0.64100487       2.7509788        2.7509788      0.47488088                                     0.47488088
              1       2.8058702        1.321561      -32.239562      0.37314549       1.0607741      0.21599195      0.84079033       2.7509788        2.7509788       0.1097829                                      0.1097829
              2        3.782232       1.6169766      -32.039065      0.47699743       1.1082665      0.56000266      0.26697256       2.7509788        2.7509788       2.0625064                                      2.0625064
              2       4.0947886      0.73742405      -31.861398      0.18789676      0.95726884     0.078108607      0.61314556       2.7509788        2.7509788       2.6876197                                      2.6876197
              1       3.2833655       0.9959855      -31.877766      0.24500341      0.92416821      0.15709014    -0.024410662       2.7509788        2.7509788       1.0647735                                      1.0647735
              2       3.6820876      0.80212154      -30.141334      0.21372469       1.0010285     0.082232945      0.25690307       2.7509788        2.7509788       1.8622177                                      1.8622177
              6       4.8764406      0.55409306      -30.593835      0.14819298       1.0047936     0.037680595     -0.95749691       2.7509788        2.7509788       4.2509236                                      4.2509236
              3       4.5672293      0.60553826      -30.993465      0.16284426       1.0103289     0.044368529     -0.46084235       2.7509788        2.7509788        3.632501                                       3.632501
             10       3.2297638       0.9447697      -30.893798      0.25001582       0.9941993      0.11914279      0.33939612       2.7509788        2.7509788      0.95757005                                     0.95757005
              6       3.0428784       1.5598424      -30.374834      0.41382235      0.99670154      0.39122277     -0.92548134       2.7509788        2.7509788       0.5837992                                      0.5837992
              1       4.7379839       1.9552699        -31.2436      0.52938825        1.017184      0.78225729      0.24451124       2.7509788        2.7509788       3.9740103                                      3.9740103
              1       5.6117874        2.166296      -31.005836      0.56684708      0.98306004       1.0642226     -0.97991799       2.7509788        2.7509788       5.7216173                                      5.7216173
              2       3.2352784       1.5426414      -32.230969      0.43451239       1.0582033      0.32786339      0.86364999       2.7509788        2.7509788      0.96859925                                     0.96859925
              1       3.3355878       1.6881081      -31.698428      0.44364257      0.98733578      0.46860828       0.9371324       2.7509788        2.7509788       1.1692181                                      1.1692181
              2       2.8732704       1.5154543      -31.515422      0.38848803      0.96308964      0.33943387     -0.37981705       2.7509788        2.7509788      0.24458319                                     0.24458319
              1       2.9122863       1.5244127      -31.523037      0.39539126      0.97444296      0.34441158      0.36295391       2.7509788        2.7509788      0.32261503                                     0.32261503
              1       2.9508824       1.0495881      -31.273045       0.2825635       1.0114143      0.14361036      0.54309546       2.7509788        2.7509788      0.39980726                                     0.39980726
              3       2.9892022       1.0445313      -31.367417      0.27711638      0.99671882       0.1485069      0.97658771       2.7509788        2.7509788      0.47644683                                     0.47644683
              6       2.7849415       1.2091833       -31.00987      0.31750125      0.98647303      0.20583792     -0.99630992       2.7509788        2.7509788     0.067925399                                    0.067925399
              1       2.7510082       1.3561324      -31.970451      0.34127857      0.94545058      0.23442791      0.57023829       2.7509788        2.7509788    5.890227e-05                                   5.890227e-05
              2       2.7760687        1.453364      -31.964394      0.36305682      0.93849537       0.2765281      0.45310895       2.7509788        2.7509788     0.050179916                                    0.050179916
              1       3.6726801       1.7431679      -31.990198      0.46962565       1.0121491      0.55712939      0.98646201       2.7509788        2.7509788       1.8434027                                      1.8434027
              2       2.8171794       1.4033022      -30.725619      0.37620376       1.0071724       0.2956953     -0.94955024       2.7509788        2.7509788      0.13240125                                     0.13240125
              5       3.0338587       1.9002184      -32.296915      0.41270399      0.81595662       1.1284793      0.56061417       2.7509788        2.7509788      0.56575986                                     0.56575986
              1       3.7293839      0.79451147      -31.115249      0.21050713       0.9954021     0.079122071      0.84055882       2.7509788        2.7509788       1.9568103                                      1.9568103
              1       2.8121467       1.3744204      -31.258445      0.37487795       1.0247129      0.28245038      -0.9969736       2.7509788        2.7509788      0.12233588                                     0.12233588
              3       2.7754627       1.3608363       -30.97925      0.36280095       1.0016003      0.27618233      0.96960577       2.7509788        2.7509788     0.048967795                                    0.048967795
              1       2.7624639       1.2065854      -31.190593      0.32775339       1.0205189      0.20488533     -0.99925036       2.7509788        2.7509788     0.022970325                                    0.022970325
              8       2.7531183       1.2379865      -31.251671      0.33585111        1.019208      0.22656112     -0.25895169       2.7509788        2.7509788    0.0042789601                                   0.0042789601
              4       3.6328802       1.7040796      -31.344421      0.46683974       1.0292239      0.48148641     -0.69471455       2.7509788        2.7509788       1.7638028                                      1.7638028
              3       4.2894219      0.66738035      -30.439849      0.17711408      0.99703773     0.055146105      -0.4934276       2.7509788        2.7509788       3.0768862                                      3.0768862
             10        2.751268       1.2923812      -30.969864      0.33973935      0.98761377      0.24073002     -0.96562712       2.7509788        2.7509788   0.00057837685                                  0.00057837685
              3       2.9741865       1.0207179      -31.458027      0.27919454       1.0276213      0.13133122     -0.18033385       2.7509788        2.7509788      0.44641535                                     0.44641535
              6       3.4201773      0.78938849      -32.066771      0.23325224       1.1101124      0.10462813      0.14701108       2.7509788        2.7509788        1.338397                                       1.338397
              1       3.0867931      0.84721637      -32.126826      0.26496422       1.1749647       0.1058344     -0.85767047       2.7509788        2.7509788      0.67162869                                     0.67162869
              5       3.1969181      0.94016039      -31.326992      0.25322704       1.0119057      0.12027393       0.6285349       2.7509788        2.7509788      0.89187856                                     0.89187856
              6       2.7510042       1.3018327      -31.479635      0.34132987       0.9850336      0.25773191      0.73995882       2.7509788        2.7509788   5.0823106e-05                                  5.0823106e-05
              1       2.8596863       1.4784353      -31.160283      0.38583011      0.98045059      0.33487665     -0.91660558       2.7509788        2.7509788      0.21741497                                     0.21741497
              2        3.248523       1.6804339      -31.301803      0.43576888      0.97424165      0.46304146     -0.62007481       2.7509788        2.7509788       0.9950885                                      0.9950885
              5       3.3374512       1.6761519      -31.313972      0.44380443      0.99474136      0.46830116      0.93718884       2.7509788        2.7509788       1.1729449                                      1.1729449
             11        3.044691       1.0274268      -31.008426        0.269955      0.98712561      0.14287508     -0.89344643       2.7509788        2.7509788      0.58742436                                     0.58742436
             12       3.2343501       1.6132953      -30.914572      0.43442369       1.0116529      0.42602695      -0.9765569       2.7509788        2.7509788      0.96674263                                     0.96674263
              1       2.9019838       1.4085816      -31.569266      0.39365812       1.0499512      0.31247215     -0.85049108       2.7509788        2.7509788      0.30201008                                     0.30201008
              8       2.8085271        1.466159      -31.635336      0.37389034      0.95806528      0.36583884      0.10964387       2.7509788        2.7509788      0.11509666                                     0.11509666
              5       2.8528621       1.5387854      -31.650458      0.38443209      0.93858476      0.39959501     -0.79557089       2.7509788        2.7509788      0.20376663                                     0.20376663
              4       3.1710024       1.8021457      -31.876328      0.42815484      0.89257121      0.67647281     -0.56932002       2.7509788        2.7509788      0.84004719                                     0.84004719
              9        2.827651       1.1463363      -30.441612      0.30519033       1.0002088      0.18204315      0.99286654       2.7509788        2.7509788      0.15334445                                     0.15334445
              6       2.7766684       1.3615186      -30.298549      0.36330696       1.0024946      0.27594344     -0.71843338       2.7509788        2.7509788     0.051379186                                    0.051379186
              5       2.8040419       1.3941368      -30.518376      0.37262239       1.0041428      0.29343222     -0.68315619       2.7509788        2.7509788      0.10612616                                     0.10612616
              8       3.5502476       1.7330862      -30.458863      0.46084729      0.99900759      0.52411653      0.89150978       2.7509788        2.7509788       1.5985377                                      1.5985377
              4       3.0236638      0.86877708      -32.142703      0.27258177       1.1787464      0.10134662     -0.97859521       2.7509788        2.7509788      0.54537011                                     0.54537011
              4       2.8270305        1.092857      -31.739797      0.30533958       1.0496673      0.18434296      0.14867549       2.7509788        2.7509788      0.15210347                                     0.15210347
              4       2.7717673       1.3621975      -30.710939      0.36116702      0.99609308       0.2783175      0.38138608       2.7509788        2.7509788      0.04157702                                     0.04157702
              4       2.7623195       1.4006865        -31.6383      0.35615675      0.95528324      0.32591203    -0.023134555       2.7509788        2.7509788     0.022681495                                    0.022681495
              4       2.9730536       1.3263392      -32.074769      0.40464588        1.146179      0.34043754     -0.25399513       2.7509788        2.7509788      0.44414967                                     0.44414967
              1        3.299601       1.6613911      -30.513383      0.44046447      0.99602654      0.46081922     -0.42623916       2.7509788        2.7509788       1.0972445                                      1.0972445
              3       2.8118483       1.1600789      -30.049287      0.30920236       1.0013529      0.18731969     -0.80707941       2.7509788        2.7509788      0.12173896                                     0.12173896
              1       3.3164574      0.91847871      -31.048656      0.24203432      0.99001043      0.11286993     0.041823433       2.7509788        2.7509788       1.1309572                                      1.1309572
              1       2.8936577       1.5550737      -31.678053      0.39221377      0.94755359      0.35300998     -0.33338059       2.7509788        2.7509788       0.2853579                                      0.2853579
              2       2.8887052       1.5717316      -31.661168      0.39133459      0.93540952      0.39472166     -0.99639408       2.7509788        2.7509788      0.27545291                                     0.27545291
              4       2.9040207       1.1561683      -31.654807      0.28999464      0.94232522      0.19741183     -0.77426707       2.7509788        2.7509788      0.30608393                                     0.30608393
              7       2.8155949       1.0732047      -32.042957      0.30820803       1.0789301      0.19617461      0.51784319       2.7509788        2.7509788      0.12923234                                     0.12923234
              1       3.1491449       1.5772802      -31.027689      0.42588321       1.0144101      0.40800013     -0.79174081       2.7509788        2.7509788      0.79633234                                     0.79633234
              6       3.0991124       1.6152142      -31.217219      0.42043608      0.97791649      0.44007966     -0.70894443       2.7509788        2.7509788      0.69626733                                     0.69626733
              6       3.1922525       1.6454972      -31.403577      0.43030736      0.98245699      0.43152144      0.51608802       2.7509788        2.7509788      0.88254751                                     0.88254751
              3       2.8107426       1.4001854      -30.665886      0.37449842       1.0048387      0.29222746     -0.17745076       2.7509788        2.7509788      0.11952773                                     0.11952773
              4       2.9042576       1.4951264       -30.89527      0.39404559      0.99014882      0.35396277     -0.59554004       2.7509788        2.7509788      0.30655765                                     0.30655765
              3       2.7765996       1.1679903       -31.45407      0.32072158       1.0316226      0.18037276      -0.5019976       2.7509788        2.7509788     0.051241643                                    0.051241643
              2        3.086512       1.0388755      -31.690229      0.26499647      0.95831544      0.13110513     0.042619562       2.7509788        2.7509788      0.67106653                                     0.67106653
              6       2.9649282       1.0506298      -30.445433      0.28051086       1.0030715      0.14803702     -0.46154239       2.7509788        2.7509788      0.42789884                                     0.42789884
              2        2.961737       1.0445031      -30.914864      0.28097115       1.0106108      0.14731684     -0.98409038       2.7509788        2.7509788      0.42151655                                     0.42151655
              2       2.8805853       1.1066349      -30.459733      0.29414181      0.99858336      0.16835844      0.72048973       2.7509788        2.7509788        0.259213                                       0.259213
              2       3.9492428        1.591248      -32.177802       0.4875188       1.1510268      0.31555141     -0.29113655       2.7509788        2.7509788       2.3965281                                      2.3965281
              1       3.6908605       1.8073497      -31.973264       0.4708782      0.97880977      0.56309508      0.95264702       2.7509788        2.7509788       1.8797634                                      1.8797634
              2       2.9648705       1.5688112      -31.383959      0.40348084      0.96623807      0.40581876     -0.89581297       2.7509788        2.7509788       0.4277834                                      0.4277834
              1       2.9630003       1.5690711      -31.387134      0.40321148      0.96543309      0.39797585     -0.99768145       2.7509788        2.7509788       0.4240431                                      0.4240431
              7       3.6400952       1.9265521      -32.451617      0.21665063      0.42248483        1.524961     -0.46918729       2.7509788        2.7509788       1.7782328                                      1.7782328
              1       2.8817537       1.4711969      -31.206976      0.39007343       0.9961104      0.33890422      0.94012694       2.7509788        2.7509788      0.26154985                                     0.26154985
              2       3.6442771      0.82315479      -31.008679      0.21635618      0.98746047      0.08762169      -0.8778489       2.7509788        2.7509788       1.7865967                                      1.7865967
              4       2.7742956        1.212461      -30.437697      0.32170088      0.99681921      0.20863428     -0.51922351       2.7509788        2.7509788     0.046633589                                    0.046633589
              4       3.1243074       1.5788084      -30.819547      0.42322477       1.0071022      0.40911173     -0.13449082       2.7509788        2.7509788      0.74665722                                     0.74665722
              1       4.3495907       1.6252574      -32.087829      0.51007935       1.1790915      0.53883053     -0.67482344       2.7509788        2.7509788       3.1972238                                      3.1972238
              3       3.8772206       2.2487982      -32.259685       0.4830778      0.80704641       2.0065793       0.5509357       2.7509788        2.7509788       2.2524836                                      2.2524836
              1        3.271373       1.6855459      -31.222448       0.4378979       0.9760323      0.47851186     -0.96804217       2.7509788        2.7509788       1.0407884                                      1.0407884
              5       2.8546325       1.5090064      -31.495834      0.38479917      0.95802085      0.37402709     -0.75745861       2.7509788        2.7509788      0.20730752                                     0.20730752
              1       3.3695226       1.7195861      -31.220776      0.44655098      0.97561629       0.5111597     -0.99996667       2.7509788        2.7509788       1.2370877                                      1.2370877
              3       2.7515691        1.270975      -30.300438      0.33877007       1.0013824      0.23151073      0.45139041       2.7509788        2.7509788    0.0011806743                                   0.0011806743
              5       2.8588351       1.1135061      -30.746352      0.29834182        1.006592      0.17165687     -0.62353545       2.7509788        2.7509788      0.21571262                                     0.21571262
              3       3.1349544      0.97435266      -30.503391      0.25962514       1.0010655       0.1260178      0.86301367       2.7509788        2.7509788      0.76795127                                     0.76795127
              2       3.0269086       1.5424433      -30.351599      0.41183002       1.0030919      0.37827936     -0.92648982       2.7509788        2.7509788      0.55185971                                     0.55185971
              6       3.0478525      0.97509017      -31.815805      0.26956829       1.0386182      0.11228637      0.52593319       2.7509788        2.7509788      0.59374752                                     0.59374752
              6       3.1507104      0.93368247      -31.596738      0.25795206       1.0379387      0.10536115     -0.22607459       2.7509788        2.7509788      0.79946322                                     0.79946322
              2       3.2818852      0.91161341      -31.614115      0.24513835       1.0102584      0.10474947      0.92064863       2.7509788        2.7509788       1.0618129                                      1.0618129
              2        3.803034       1.6939107      -31.734004      0.47835219        1.060936      0.55500987    -0.049511932       2.7509788        2.7509788       2.1041105                                      2.1041105
              2       4.6777772       1.9901783      -30.584755      0.52652746      0.99394182      0.79658207     -0.98396943       2.7509788        2.7509788       3.8535969                                      3.8535969
              5       2.7514578       1.2768524      -30.567366      0.33909058      0.99771605      0.23655089      0.57776845       2.7509788        2.7509788   0.00095798251                                  0.00095798251
              4       3.0798226       1.0231827      -31.487141      0.26576793      0.97584602      0.14958379      0.30361794       2.7509788        2.7509788      0.65768763                                     0.65768763
              3       2.8905623       1.0718902      -31.335071      0.29233392       1.0246153      0.16242002     -0.47252249       2.7509788        2.7509788      0.27916696                                     0.27916696
              4       2.9119203       1.5448267      -31.631884      0.39533065      0.96141888      0.41814889      0.25623512       2.7509788        2.7509788      0.32188301                                     0.32188301
              1       3.2565183      0.93242119      -30.346983      0.24748072       0.9971515      0.11393538     -0.99482515       2.7509788        2.7509788       1.0110791                                      1.0110791
              3       4.1306441      0.70187283      -30.637579      0.18585441      0.99482422     0.061335603     -0.83283431       2.7509788        2.7509788       2.7593307                                      2.7593307
              2       2.8631078       1.1129916      -30.647687      0.29748547       1.0041666      0.16824873    -0.042382614       2.7509788        2.7509788      0.22425801                                     0.22425801
              1       3.3735873      0.89059196      -30.208728      0.23710606       1.0002206      0.10301561      0.97131033       2.7509788        2.7509788       1.2452171                                      1.2452171
              5       4.6680933      0.59599787       -30.61778      0.15793684      0.99556735     0.044084261     -0.47673791       2.7509788        2.7509788       3.8342291                                      3.8342291
              1       2.7826042       1.1562799      -31.598362      0.31835925        1.034395      0.17093621     0.054509344       2.7509788        2.7509788     0.063250922                                    0.063250922
             15       2.7520754         1.33671       -31.29574      0.34640223      0.97358842      0.26723736     -0.92039541       2.7509788        2.7509788    0.0021932578                                   0.0021932578
             12       3.3839502      0.88808833      -31.475197      0.23623672      0.99936277      0.10254009      0.99943731       2.7509788        2.7509788       1.2659428                                      1.2659428
             11       3.1121545      0.96431161       -32.27045      0.26210822       1.0211632      0.11560436      0.98333282       2.7509788        2.7509788      0.72235144                                     0.72235144
              1       3.7491922       1.7369071      -31.346407      0.47481727       1.0270269      0.50412093      -0.4251986       2.7509788        2.7509788       1.9964268                                      1.9964268
              6       3.9188187       1.7633363      -31.448865      0.48565955        1.034734      0.52149954     -0.46289871       2.7509788        2.7509788       2.3356798                                      2.3356798
              1       4.6969607       2.0315586      -31.517212      0.52744377      0.97539097      0.80719486      0.54026415       2.7509788        2.7509788       3.8919638                                      3.8919638
              2       4.6111556       1.9695609      -30.101077      0.52330925      0.99820772      0.76949699     -0.59355259       2.7509788        2.7509788       3.7203536                                      3.7203536
              2       4.3190898       1.9281134      -30.833202      0.50846819      0.99074785      0.72969532      -0.5110224       2.7509788        2.7509788       3.1362221                                      3.1362221
              1       3.4916217        1.724409      -30.585195       0.4564056      0.99435764      0.51473094     -0.99492338       2.7509788        2.7509788       1.4812859                                      1.4812859
              4       3.2171637      0.95460541      -30.971833      0.25123426      0.98875088      0.11846945      -0.7811701       2.7509788        2.7509788       0.9323699                                      0.9323699
              2       4.8531015      0.56229456      -30.428782      0.14925999      0.99726695     0.038543143     -0.35722807       2.7509788        2.7509788       4.2042455                                      4.2042455
              2        8.560758       2.2100953      -32.913875     0.021577751     0.036679811      0.36986242      -0.9769582       2.7509788        2.7509788       11.619558                                      11.619558
              5       3.1139384      0.98706498      -30.385527      0.26191116      0.99687378      0.12919397     -0.99312446       2.7509788        2.7509788      0.72591928                                     0.72591928
              2       2.7525999       1.1875003      -31.795243      0.33664754       1.0650589      0.17557946     -0.40235777       2.7509788        2.7509788    0.0032422847                                   0.0032422847
              4       2.9901641       1.0031144      -31.561988      0.27698552       1.0373815      0.14520589       -0.169928       2.7509788        2.7509788      0.47837061                                     0.47837061
              3        4.448816       1.9466936       -31.60802      0.51521714      0.99431645      0.75653346      0.98418346       2.7509788        2.7509788       3.3956744                                      3.3956744
              8       2.8379649       1.4356338      -30.320873      0.38120738      0.99758416      0.31312703     -0.39495466       2.7509788        2.7509788      0.17397228                                     0.17397228
              3       2.7552121       1.2518186      -30.055075      0.33335064       1.0004418      0.22371584      0.79287757       2.7509788        2.7509788    0.0084666662                                   0.0084666662
              5        5.500839      0.45595036       -30.13075      0.12155606       1.0015923     0.025183871     -0.93752043       2.7509788        2.7509788       5.4997205                                      5.4997205
              6       4.1575794       0.7330627      -32.310696      0.18433756       0.9447233     0.081897907      0.92294594       2.7509788        2.7509788       2.8132012                                      2.8132012
              5       2.8987185        1.482346      -30.763233      0.39309654      0.99628035      0.33796232      0.57010357       2.7509788        2.7509788      0.29547947                                     0.29547947
              8        2.907498      0.97515289      -32.220255      0.28940716       1.1149836     0.092835007      0.21133085       2.7509788        2.7509788      0.31303835                                     0.31303835
              6       3.6131166       1.6870737      -32.448304      0.21856702      0.48672369       1.0757127      -0.3350899       2.7509788        2.7509788       1.7242757                                      1.7242757
              2       3.2108404       1.6207386      -30.268203      0.43214807       1.0017319       0.4313752      0.13254272       2.7509788        2.7509788       0.9197233                                      0.9197233
             11        2.862411       1.4531872      -30.095062      0.38637601      0.99889654      0.32521896      0.22912636       2.7509788        2.7509788      0.22286448                                     0.22286448
              2       2.7509792       1.3047413      -31.052362      0.34208625      0.98501562      0.24987286     -0.93196084       2.7509788        2.7509788   8.4183802e-07                                  8.4183802e-07
              3       4.2905885       0.6605983      -30.849428      0.17705157       1.0069184     0.055070868      -0.2202069       2.7509788        2.7509788       3.0792195                                      3.0792195
              6       2.7834999       1.2019838      -30.654664      0.31802682       0.9940244      0.20327237     -0.99932001       2.7509788        2.7509788      0.06504223                                     0.06504223
              3        2.778806       1.2126935      -30.868478      0.31982428      0.99081435      0.20560155     -0.77740641       2.7509788        2.7509788     0.055654441                                    0.055654441
              3        2.766568       1.2148038      -30.745857      0.32540204       1.0063431      0.21078155     -0.46042705       2.7509788        2.7509788     0.031178374                                    0.031178374
             12       2.9307693       1.0644074      -31.420572      0.28563283       1.0081662      0.15744846      0.88879144       2.7509788        2.7509788      0.35958104                                     0.35958104
              2       2.8580911       1.1104909      -30.917442      0.29849265       1.0098353      0.16679369     -0.68178195       2.7509788        2.7509788      0.21422474                                     0.21422474
              6       3.2423035      0.93177253      -31.322403      0.24881904       1.0032418      0.11496271      0.97109134       2.7509788        2.7509788      0.98264951                                     0.98264951
             17        3.060612       1.5853117      -31.832314      0.41597187      0.98578279      0.42744693      0.95864939       2.7509788        2.7509788      0.61926644                                     0.61926644
              2        2.908993       1.4742946      -30.919776      0.39484342       1.0061727      0.33125391      0.41834031       2.7509788        2.7509788      0.31602835                                     0.31602835
              2       2.8617707       1.1105255      -30.747808      0.29775167       1.0072971      0.16921639     -0.99380366       2.7509788        2.7509788      0.22158387                                     0.22158387
             19       3.3263175       1.4374707      -32.078286      0.44283346        1.157373      0.41119159     -0.38912868       2.7509788        2.7509788       1.1506775                                      1.1506775
              2       3.6859074       1.8008534      -31.098881      0.47053816       0.9816313      0.59206698     -0.88400427       2.7509788        2.7509788       1.8698572                                      1.8698572
              1         3.06579       1.5731808      -30.832084      0.41658783      0.99485514      0.40482916      0.43657461       2.7509788        2.7509788      0.62962253                                     0.62962253
              2       2.7523046       1.2668087        -31.4311      0.34684038       1.0286095      0.24450484     -0.18594287       2.7509788        2.7509788    0.0026515734                                   0.0026515734
              4       2.8490817       1.1666354      -31.695065      0.30036259      0.96725863      0.17301333      0.44798055       2.7509788        2.7509788      0.19620578                                     0.19620578
              2       4.4172476      0.63027781      -31.198214      0.17040075       1.0157139     0.047614845     -0.32931359       2.7509788        2.7509788       3.3325377                                      3.3325377
              1       2.7663837       1.2425219       -31.21484      0.32550041      0.98419103      0.22813959    -0.010791377       2.7509788        2.7509788      0.03080994                                     0.03080994
              1       2.8518107       1.1247174      -30.229804      0.29978742       1.0013869      0.17466341      0.19867893       2.7509788        2.7509788      0.20166387                                     0.20166387
              5       3.9750849       1.8352589      -30.018472      0.48907958       1.0011845       0.6172607     -0.20202682       2.7509788        2.7509788       2.4482122                                      2.4482122
              3       3.9564129       1.8316168      -30.010111      0.48795353       1.0008656      0.61364351      0.31422599       2.7509788        2.7509788       2.4108683                                      2.4108683
              3       3.2597605       1.8164561      -31.866803      0.43682189      0.90346515      0.70896508     -0.28418678       2.7509788        2.7509788       1.0175634                                      1.0175634
              6       3.1572743      0.96842679      -31.043896      0.25726479      0.99803433      0.12469984      0.96185724       2.7509788        2.7509788      0.81259111                                     0.81259111
              6        2.916766       1.0857293      -31.414339      0.28787246      0.99611732      0.15843106      0.97325024       2.7509788        2.7509788      0.33157436                                     0.33157436
              4       3.0707882        1.005289      -30.599543      0.26682239      0.99715635      0.13576756      0.38995458       2.7509788        2.7509788      0.63961892                                     0.63961892
              6       3.0298612       1.0174588      -30.612663      0.27179736       1.0035992      0.13718269     0.062674427       2.7509788        2.7509788      0.55776491                                     0.55776491
              1       3.6210823         1.78316      -31.103092      0.46600189      0.98181414      0.56036144     -0.87629146       2.7509788        2.7509788        1.740207                                       1.740207
              1       3.5655506       1.7146669      -31.136236      0.46197964       1.0122202      0.49279065      0.23522523       2.7509788        2.7509788       1.6291437                                      1.6291437
              3       3.5135433       1.7406262      -31.232528      0.45808634        0.988721      0.51399438      0.58688921       2.7509788        2.7509788        1.525129                                       1.525129
              4       3.1767313       1.6039707      -30.506401      0.42874041       1.0042224      0.41892693     -0.71265694       2.7509788        2.7509788        0.851505                                       0.851505
              2        4.188848      0.72389657      -31.681972      0.18259478      0.94764081     0.060839765     -0.64175367       2.7509788        2.7509788       2.8757385                                      2.8757385
              3       4.4968002      0.61956575      -31.071833      0.16635218       1.0087255     0.048602463      0.30555513       2.7509788        2.7509788       3.4916429                                      3.4916429
              5       2.9084975       1.0997566      -31.168188       0.2892395      0.98808188      0.16024308       0.2057087       2.7509788        2.7509788      0.31503737                                     0.31503737
              1       2.8277123       1.1734426      -31.305705      0.30517563      0.97705707      0.18527435      -0.5385741       2.7509788        2.7509788        0.153467                                       0.153467
              1       3.8664261        1.813957      -30.330276      0.48240009      0.99910772      0.59586447      0.84866398       2.7509788        2.7509788       2.2308947                                      2.2308947
              7       2.8723873       2.6793391      -32.299821      0.29568013      0.41459721       5.3351968     -0.51143285       2.7509788        2.7509788      0.24281695                                     0.24281695
              1       3.0163875       1.5516758      -30.694681      0.41048578      0.99386877      0.38163376     -0.55436726       2.7509788        2.7509788       0.5308174                                      0.5308174
              1       2.8293179       1.4248688       -30.31358      0.37920765      0.99984838      0.30832342      0.99516938       2.7509788        2.7509788       0.1566783                                      0.1566783
              1       2.7528596       1.3052855      -30.398444      0.34776517       1.0009503      0.24867922      0.83820211       2.7509788        2.7509788    0.0037615686                                   0.0037615686
              1       3.6068694       1.7431014      -30.236926      0.46498496       1.0021856      0.53312082     -0.48944172       2.7509788        2.7509788       1.7117813                                      1.7117813
              1       3.5828398        1.736849      -30.210448      0.46324623       1.0020324      0.52429102     -0.47313367       2.7509788        2.7509788        1.663722                                       1.663722
              2       2.9651852       1.5202662      -30.311132      0.40352605      0.99720365       0.3655028     -0.88053034       2.7509788        2.7509788      0.42841279                                     0.42841279
              8       2.9159459       1.4836924      -30.333795      0.39599351       1.0027118      0.34103811     -0.65383604       2.7509788        2.7509788      0.32993425                                     0.32993425
              2       3.5347606      0.81504681      -31.451215      0.22430976       1.0339452     0.082326224     -0.87103729       2.7509788        2.7509788       1.5675637                                      1.5675637
              1       2.7800298       1.2769456      -31.669431      0.31934188      0.93954025      0.22661931     -0.93667617       2.7509788        2.7509788      0.05810213                                     0.05810213
              2        2.760737       1.3322241      -30.253376      0.35513189       1.0014847      0.25971407      0.22829169       2.7509788        2.7509788     0.019516362                                    0.019516362
              2       3.5731669       1.7487624      -30.690988      0.46253924      0.99368722      0.54135955     -0.50087343       2.7509788        2.7509788       1.6443763                                      1.6443763
              3       3.4113294       1.6821127      -30.875666      0.45002646        1.005113      0.48664721      0.56669363       2.7509788        2.7509788       1.3207012                                      1.3207012
              1        3.336844       1.6782169      -30.870047      0.44375171      0.99339935      0.46971018      0.23618751       2.7509788        2.7509788       1.1717304                                      1.1717304
              7       2.7647364       1.0868319      -32.208838      0.32640751       1.1283133      0.11865453   -0.0054409838       2.7509788        2.7509788     0.027515348                                    0.027515348
              9       4.6700833      0.58510412      -31.425635      0.15784133       1.0134901     0.043941925      0.67900076       2.7509788        2.7509788       3.8382091                                      3.8382091
              5        3.600663      0.84262899      -31.849005      0.21946177      0.97848549     0.098041963       0.8919923       2.7509788        2.7509788       1.6993684                                      1.6993684
              1       4.2425963        1.318365      -32.468826      0.17964279      0.51192463      0.58147572     -0.27637709       2.7509788        2.7509788        2.983235                                       2.983235
              2       3.3906759       1.7307696       -31.37434      0.44832369       0.9731602      0.54855548     -0.12774136       2.7509788        2.7509788       1.2793942                                      1.2793942
              1        3.396461      0.90878983      -31.490299      0.23519662      0.97229833      0.11523471     0.075545318       2.7509788        2.7509788       1.2909644                                      1.2909644
              2       3.0674357      0.97576441      -31.433902      0.26721747       1.0288494      0.13339918     -0.29458979       2.7509788        2.7509788      0.63291384                                     0.63291384
              4           2.751       1.3047052      -31.057338      0.34261305      0.98655981      0.24271639     -0.56378031       2.7509788        2.7509788   4.2533768e-05                                  4.2533768e-05
              6       3.1809205       1.6119212      -31.611777      0.42916611       1.0002614      0.42704361      0.99996004       2.7509788        2.7509788      0.85988349                                     0.85988349
              6       3.0687061        1.007637      -31.318259      0.26706751      0.99574671      0.13352624      0.94893816       2.7509788        2.7509788      0.63545474                                     0.63545474
              2       2.8945403       1.0750476      -31.187517      0.29163116       1.0191501      0.16003028     -0.79518942       2.7509788        2.7509788       0.2871231                                      0.2871231
              3       2.7517939       1.3139049      -31.390679      0.33820457       0.9670467      0.25019846     -0.99235246       2.7509788        2.7509788    0.0016302966                                   0.0016302966
              8       2.7763892       1.3318174      -31.458917      0.36319085        1.024524      0.24543412      0.15584685       2.7509788        2.7509788      0.05082077                                     0.05082077
              1       2.8878261       1.4234973      -31.432387      0.39117689       1.0324011      0.32468101     -0.43774236       2.7509788        2.7509788      0.27369469                                     0.27369469
              5       4.6026494       1.9657896      -30.296202      0.52289423      0.99932955      0.76506092      0.90924647       2.7509788        2.7509788       3.7033412                                      3.7033412
              2       4.8916442       2.0137097      -30.031699      0.53649895       1.0009305      0.82749141      0.37230076       2.7509788        2.7509788       4.2813309                                      4.2813309
              1       3.1399857       1.5960199       -30.39783      0.42491279       1.0002151      0.41560576      0.99216943       2.7509788        2.7509788       0.7780139                                      0.7780139
              4       3.0153595       1.5381245       -30.33414      0.41035303       1.0023008      0.37444151     -0.16477976       2.7509788        2.7509788      0.52876144                                     0.52876144
              1       3.0065879       1.0362544      -30.568598      0.27479044      0.99624731      0.14537926      -0.2161828       2.7509788        2.7509788      0.51121833                                     0.51121833
              1       2.7526445        1.319294      -31.637579      0.33657446       0.9584545      0.28067188     0.087111653       2.7509788        2.7509788    0.0033314255                                   0.0033314255
              2        3.226708      0.94080303      -30.218935      0.25030984       0.9995652       0.1163191      0.92468805       2.7509788        2.7509788      0.95145837                                     0.95145837
              5       4.1043036       1.8626003      -30.316735      0.49664784       1.0017534      0.64435633      0.37472983       2.7509788        2.7509788       2.7066496                                      2.7066496
              7       5.2062556      0.50157124      -30.323438      0.13369817       1.0014396     0.030730583       0.3708118       2.7509788        2.7509788       4.9105537                                      4.9105537
              7       3.5541973       1.7618953      -31.051707      0.46114058      0.98329798       0.5487441     -0.99902703       2.7509788        2.7509788        1.606437                                       1.606437
              5       2.7924848       1.3798521      -30.856408      0.36908309       1.0049016      0.28067101      0.49223492       2.7509788        2.7509788     0.083011988                                    0.083011988
              3       3.2424424       1.6768406      -31.834668      0.43519413      0.97504165      0.51385372      0.88269166       2.7509788        2.7509788      0.98292729                                     0.98292729
              3       3.4797364       1.7217688      -31.408411      0.45548394       0.9938713      0.50423813      0.94587853       2.7509788        2.7509788       1.4575152                                      1.4575152
             14       2.7755353       1.0340379       -32.10569      0.32116824        1.166885       0.1785808     -0.64349357       2.7509788        2.7509788     0.049112979                                    0.049112979
              2       3.2987265      0.89390525      -31.335531      0.24361404       1.0238651      0.10827479     -0.44099794       2.7509788        2.7509788       1.0954954                                      1.0954954
              3       3.6262297      0.91514554       -31.92343      0.21763186      0.89343759      0.10867707     -0.99986111       2.7509788        2.7509788       1.7505019                                      1.7505019
              1       2.8330313       1.1649424      -31.375748      0.30392072      0.98013925      0.19879596      0.23294414       2.7509788        2.7509788      0.16410499                                     0.16410499
              5       2.8611237       1.1212957        -31.2798      0.29788105       0.9980554       0.1739455      0.98788947       2.7509788        2.7509788      0.22028995                                     0.22028995
              1       2.9889778      0.88524762      -32.128166      0.27714695       1.1761894      0.11513569     -0.87853882       2.7509788        2.7509788      0.47599796                                     0.47599796
             13       3.1739282      0.81622901      -32.131954      0.25554561       1.1762193     0.095140125     -0.90048171       2.7509788        2.7509788      0.84589885                                     0.84589885
              1       2.9575103       1.5230584      -31.314083      0.40241378      0.99263186      0.35866699      0.86712999       2.7509788        2.7509788      0.41306295                                     0.41306295
              4       3.5689111      0.83736455      -30.601823      0.22177313      0.99500731     0.090236945     -0.94482983       2.7509788        2.7509788       1.6358647                                      1.6358647
             10        2.803274       1.1674561      -30.580347      0.31159999        1.002741      0.18842559      0.39473787       2.7509788        2.7509788      0.10459041                                     0.10459041
              6       3.0592547      0.99252981      -31.328626      0.26819044       1.0151533      0.13660008      0.41392429       2.7509788        2.7509788      0.61655181                                     0.61655181
              2       3.2460865      0.94041207      -30.937505        0.248461       0.9925947       0.1139266     0.087703663       2.7509788        2.7509788      0.99021553                                     0.99021553
              2       2.7981488       1.1782613      -30.085941      0.31312806      0.99841777      0.19373051     -0.84331573       2.7509788        2.7509788     0.094340053                                    0.094340053
              5       2.8047373       1.1684588       -30.14667       0.3111776       1.0005224      0.19056294      0.82065399       2.7509788        2.7509788      0.10751702                                     0.10751702
              4       2.7717609        1.358546      -30.212401      0.36116408      0.99876224      0.27451609      0.39808636       2.7509788        2.7509788     0.041564285                                    0.041564285
              5       3.8235273       1.7906946       -30.81827      0.47967381        1.006367      0.58304252      0.17213874       2.7509788        2.7509788       2.1450971                                      2.1450971
              9       5.2030857      0.49709327      -31.424753      0.13383268       1.0114774     0.031197359      0.76280621       2.7509788        2.7509788       4.9042139                                      4.9042139
              2          5.0407       1.7086702      -32.108991      0.54315654       1.1942594      0.54342849     -0.95487911       2.7509788        2.7509788       4.5794424                                      4.5794424
              1       2.9945331       1.4948358      -31.425787      0.40760558       1.0244212      0.36994798      0.18508561       2.7509788        2.7509788      0.48710866                                     0.48710866
              1       3.5716598      0.82974029      -31.243891      0.22157128       1.0032362     0.089193246      0.95772677       2.7509788        2.7509788       1.6413621                                      1.6413621
              1       3.8275171       0.8503259      -31.901033      0.20407036      0.90162603      0.10573209     -0.67710155       2.7509788        2.7509788       2.1530767                                      2.1530767
              1       2.8903723       1.0631723      -32.261865      0.29236773       1.0331365      0.13892189      0.95700385       2.7509788        2.7509788      0.27878709                                     0.27878709
              8        2.807261       1.2245668         -31.977       0.3104624      0.95248566      0.18507428      0.67318755       2.7509788        2.7509788      0.11256452                                     0.11256452
              5        2.872079       1.3510189      -31.765937      0.38826102       1.0796781       0.2783763     -0.96439151       2.7509788        2.7509788      0.24220036                                     0.24220036
              2       3.6037109      0.80182992      -31.340938      0.21924218       1.0272444     0.083514102     -0.91083211       2.7509788        2.7509788       1.7054643                                      1.7054643
              1       2.7789626        1.188783      -31.828384      0.31976197       1.0105462      0.19184103      0.97097079       2.7509788        2.7509788     0.055967623                                    0.055967623
              1       2.7554312       1.2717502      -31.596141      0.35087033       1.0365177      0.21442152    -0.038333625       2.7509788        2.7509788    0.0089047861                                   0.0089047861
              1       2.7659519        1.205319      -31.423369      0.32573329       1.0152946      0.21417261      0.63698677       2.7509788        2.7509788     0.029946332                                    0.029946332
              1        2.896205       1.0440357      -31.574651      0.29133998        1.048375      0.15123083     -0.92217468       2.7509788        2.7509788      0.29045244                                     0.29045244
              2        2.756348       1.2493695       -30.16754      0.33225914      0.99912074      0.22355223      0.62301759       2.7509788        2.7509788     0.010738374                                    0.010738374
              1       2.9420574       1.0678186      -30.632605      0.28389026      0.99881471      0.15503318      0.91032785       2.7509788        2.7509788      0.38215732                                     0.38215732
              6       3.0608056       2.3099304      -32.291505        0.415995      0.67658308       2.6229879      0.14733624       2.7509788        2.7509788      0.61965362                                     0.61965362
              1        3.398534       1.7899732      -32.433865      0.23502525      0.49328728       1.2646356      -0.3234122       2.7509788        2.7509788       1.2951105                                      1.2951105
             10       3.4194748       1.7916311      -32.435581      0.23330933      0.48923264       1.2673835     -0.33200175       2.7509788        2.7509788       1.3369921                                      1.3369921
              1       9.3678029       2.3162669      -34.226278   4.6031413e-05   7.4661656e-05   0.00095158698      -0.9999607       2.7509788        2.7509788       13.233648                                      13.233648
              2       9.3671474       2.9797911      -33.828793    6.297031e-05   7.9392949e-05    0.0070266268     -0.99999003       2.7509788        2.7509788       13.232337                                      13.232337
              4       9.3625432       3.1171749      -33.190446   0.00018196942   0.00021931541      0.13372864     -0.99999555       2.7509788        2.7509788       13.223129                                      13.223129
              3       6.5858715       2.5433822      -32.569811     0.081672852      0.12064186       1.9588132     -0.92509838       2.7509788        2.7509788       7.6697854                                      7.6697854
              1       2.7826795        1.373486      -31.041709      0.36566888       1.0002203      0.28101282      0.99956594       2.7509788        2.7509788     0.063401507                                    0.063401507
              1       2.7669168       1.2122508      -31.468964      0.32521736         1.00789      0.20241283      0.91618273       2.7509788        2.7509788     0.031876069                                    0.031876069
              2       4.1841502       0.6729626      -31.256402      0.18285539        1.020819     0.058076557     -0.66822429       2.7509788        2.7509788       2.8663429                                      2.8663429
             31       3.5165755       1.7238943      -30.247099      0.45831692      0.99881986      0.51630833      0.59681085       2.7509788        2.7509788       1.5311934                                      1.5311934
              6       3.7718755      0.78445344      -31.282803      0.20768214      0.99463539     0.079579219      0.90274129       2.7509788        2.7509788       2.0417934                                      2.0417934
              7       3.4981997      0.80086523       -32.04155      0.22708748       1.0652846     0.099916529      0.63687274       2.7509788        2.7509788       1.4944418                                      1.4944418
              2       3.5700704      0.83946528      -31.047447      0.22168796      0.99213618     0.092522471      0.39155138       2.7509788        2.7509788       1.6381832                                      1.6381832
              2       2.9518106       1.0586228      -30.575288      0.28242568       1.0022933      0.15244648      0.55886535       2.7509788        2.7509788      0.40166357                                     0.40166357
              5       2.7833023       1.2018042      -30.653539      0.31809978      0.99440108       0.2045852     -0.75234568       2.7509788        2.7509788     0.064646951                                    0.064646951
              1       2.8042795       1.1891244      -31.310738      0.31130911      0.98355001      0.19005818      0.22633113       2.7509788        2.7509788      0.10660147                                     0.10660147
              1       2.8038429       1.1577052      -31.084704      0.31143508       1.0106516      0.18140468      0.08767494       2.7509788        2.7509788      0.10572818                                     0.10572818
              4       2.9349819       1.0722896       -31.09159      0.28497629      0.99845517      0.15672722      0.98155055       2.7509788        2.7509788      0.36800623                                     0.36800623
              1       2.7943525       1.1414977       -31.45068      0.31431425       1.0344773      0.17364293     -0.79928456       2.7509788        2.7509788     0.086747463                                    0.086747463
             14       3.0051538       1.5273205      -30.722712      0.40902075       1.0061137      0.37320442     -0.34743334       2.7509788        2.7509788      0.50835002                                     0.50835002
             14       4.0139033       2.1194135      -31.887078      0.49139345      0.87105502       1.0049852     -0.99697765       2.7509788        2.7509788       2.5258491                                      2.5258491
             11       2.9581496       1.9948958      -32.392042      0.28149279      0.53012583       1.7323276     -0.24511546       2.7509788        2.7509788      0.41434166                                     0.41434166
              3       2.9439967       1.9487684      -32.391061      0.28359613      0.54672885       1.6087173     -0.20604583       2.7509788        2.7509788       0.3860358                                      0.3860358
              4        3.007413       1.8957752      -32.298996      0.40931794      0.81115875       1.1304747      0.54498503       2.7509788        2.7509788      0.51286836                                     0.51286836
              8       2.8014174       1.8731611      -32.324019      0.37185551      0.74581481       1.2129337       0.3370075       2.7509788        2.7509788      0.10087724                                     0.10087724
              4       2.7860267       1.9735496      -32.365074       0.3171129      0.60366749       1.6327844     -0.06521062       2.7509788        2.7509788     0.070095942                                    0.070095942
              1       3.1407795      0.91858227      -31.802018      0.25900266       1.0592978       0.0969966     -0.22340061       2.7509788        2.7509788      0.77960147                                     0.77960147
              6       3.5618299      0.90772688      -31.960698      0.22229469      0.92003811     0.089442452     -0.13422735       2.7509788        2.7509788       1.6217022                                      1.6217022
              1        2.816738       1.4440113      -31.306292      0.37608954      0.97848139       0.3061161     -0.23712308       2.7509788        2.7509788      0.13151839                                     0.13151839
              1       2.8395657        1.422276       -31.32209       0.3815665       1.0079019      0.31454567      0.85353631       2.7509788        2.7509788      0.17717381                                     0.17717381
              1       3.0150695       1.7388234      -32.286114      0.41031552      0.88653194      0.74912924      0.77704491       2.7509788        2.7509788      0.52818139                                     0.52818139
              4       5.2533777       1.9915193      -32.209194      0.55229121       1.0418748      0.75253834      0.94334221       2.7509788        2.7509788       5.0047979                                      5.0047979
              2       9.1067156       1.8285038      -33.199705    0.0068603546     0.014095569     0.079230316     -0.98947211       2.7509788        2.7509788       12.711474                                      12.711474
              1       9.0964168       1.9255607      -33.184815    0.0071319953     0.013915082     0.091190809     -0.99009416       2.7509788        2.7509788       12.690876                                      12.690876
             12       3.4078785        1.804285      -32.434803      0.23425617      0.48777307       1.2922853     -0.33533218       2.7509788        2.7509788       1.3137995                                      1.3137995
              1       3.2667861       1.7701082      -32.422358      0.24652568      0.52323195       1.2257488     -0.25811365       2.7509788        2.7509788       1.0316146                                      1.0316146
              4       5.9677191       2.3410808      -32.566078      0.10357551      0.16621592       1.7390558     -0.87097334       2.7509788        2.7509788       6.4334807                                      6.4334807
              1       3.0148744       1.5111697      -31.184988      0.41029029       1.0200229      0.36757627     -0.70799553       2.7509788        2.7509788      0.52779131                                     0.52779131
              3       2.7513594       1.2090718      -31.741156       0.3394066         1.05463      0.23383915     0.012509459       2.7509788        2.7509788   0.00076117558                                  0.00076117558
              6       2.7546173       1.2546952      -30.281006      0.33398128       1.0000364       0.2253261      0.99915715       2.7509788        2.7509788    0.0072770412                                   0.0072770412
              1       2.8651302       1.1193757      -30.779362      0.29708581       0.9970983      0.17366799      0.73056358       2.7509788        2.7509788      0.22830286                                     0.22830286
              1       3.0572003       1.6033458      -31.291558      0.41556322      0.97373731      0.43321468     -0.71790754       2.7509788        2.7509788      0.61244306                                     0.61244306
              4       3.0959734       1.5680535      -30.663166      0.42008166       1.0064791      0.39689108     -0.97336876       2.7509788        2.7509788      0.68998925                                     0.68998925
              3       2.9351544       1.5126177       -30.83859      0.39905043      0.99112976       0.3561793     -0.70813878       2.7509788        2.7509788      0.36835125                                     0.36835125
              1       2.9494279       1.1496026      -31.874689      0.28278013      0.92413004      0.21799142    0.0016188645       2.7509788        2.7509788      0.39689821                                     0.39689821
              4       3.0458515      0.99896808      -31.828752      0.26981281       1.0147122      0.12665666      0.93967881       2.7509788        2.7509788      0.58974548                                     0.58974548
              5       2.8411253       1.3318527        -31.7798      0.38191328       1.0773095      0.24626805     -0.90607411       2.7509788        2.7509788      0.18029311                                     0.18029311
              1       3.6108969       1.4863876      -32.157835      0.46527398       1.1760035      0.29003037     -0.82334027       2.7509788        2.7509788       1.7198363                                      1.7198363
              9       2.7693834       1.2193468      -32.272045      0.32396538      0.99816717      0.21584723      0.99989373       2.7509788        2.7509788     0.036809343                                    0.036809343
              4       3.7448127      0.67721254      -32.184649       0.2094744        1.162085     0.046378055     -0.78255124       2.7509788        2.7509788       1.9876679                                      1.9876679
              3       3.0953554      0.98260474      -32.275352      0.26398831       1.0093406      0.12555696       0.9969653       2.7509788        2.7509788      0.68875325                                     0.68875325
             13        2.921798      0.95625374      -32.212026      0.28705714       1.1277871     0.088462346    -0.020756878       2.7509788        2.7509788       0.3416385                                      0.3416385
              3       3.4643019       1.7693006      -32.438812      0.22972424      0.48779476        1.223925     -0.33455689       2.7509788        2.7509788       1.4266462                                      1.4266462
              2       2.9495116       1.1924465      -31.911401      0.28276764      0.89088721      0.20862319     -0.95886968       2.7509788        2.7509788      0.39706569                                     0.39706569
              5       2.9072433       1.0997422      -31.168658      0.28944996      0.98881383      0.16036122      0.30232076       2.7509788        2.7509788      0.31252904                                     0.31252904
              6       3.7324952       1.7838016      -30.889649      0.47370178      0.99767798      0.57216437      0.91992494       2.7509788        2.7509788       1.9630329                                      1.9630329
              2       3.2572096       1.4276123      -32.072261      0.43658388       1.1489188       0.4085706     -0.27012597       2.7509788        2.7509788       1.0124616                                      1.0124616
              1       3.1289214       1.5491429      -31.346532      0.42372516       1.0276014       0.3693148     -0.61315318       2.7509788        2.7509788      0.75588522                                     0.75588522
             24       2.8038834       1.1709739      -30.041901      0.31142335      0.99916197      0.19161263      0.41056989       2.7509788        2.7509788      0.10580934                                     0.10580934
              2       2.9643348       1.0479305      -30.982363       0.2805962       1.0059612       0.1505729      0.54802748       2.7509788        2.7509788        0.426712                                       0.426712
              4        2.759184        1.321773      -31.661856      0.32995826      0.93785143      0.25801946     -0.99397804       2.7509788        2.7509788     0.016410539                                    0.016410539
              3       2.7580563       1.3170719       -31.64964      0.33081634      0.94364665      0.27376431     -0.62314098       2.7509788        2.7509788     0.014155065                                    0.014155065
              4       3.6154781      0.83112439      -31.011352      0.21839809      0.98722179      0.08795369     -0.95623134       2.7509788        2.7509788       1.7289986                                      1.7289986
              2       3.1253681       1.5916808      -30.741077      0.42334008      0.99922968       0.4113255      0.98072111       2.7509788        2.7509788      0.74877874                                     0.74877874
              2       2.7759647       1.3517876      -30.911203      0.36301312       1.0088946      0.27491001     -0.27262707       2.7509788        2.7509788     0.049971849                                    0.049971849
              1        2.752442        1.268117      -30.255226      0.33691483      0.99814293      0.23203086     -0.16349585       2.7509788        2.7509788    0.0029265476                                   0.0029265476
              1        2.756872       1.2514976      -30.474149      0.33179487      0.99602801      0.22373939     -0.99322539       2.7509788        2.7509788       0.0117864                                      0.0117864
              5       3.5006767       1.7044233      -30.725232      0.45710283       1.0075541      0.49590558     -0.90539367       2.7509788        2.7509788       1.4993959                                      1.4993959
              1       2.9669441       1.5123085      -30.648011      0.40377815       1.0030772      0.35678644      0.50565606       2.7509788        2.7509788      0.43193069                                     0.43193069
              1        2.771605       1.4763932      -32.328571      0.32290795      0.82169117        0.557869      0.56276106       2.7509788        2.7509788     0.041252427                                    0.041252427
              5       3.4777654       1.7110841      -30.188536      0.45533038      0.99974027      0.50352874      0.97719263       2.7509788        2.7509788       1.4535733                                      1.4535733
              1       3.2170931      0.80774022       -32.11625      0.25124113       1.1685598      0.10102488     -0.72427211       2.7509788        2.7509788      0.93222865                                     0.93222865
              7       3.4958109      0.93189757      -31.884836       0.2272713      0.91623809      0.13496372     -0.23274822       2.7509788        2.7509788       1.4896643                                      1.4896643
              1       2.7696441       1.3606586      -30.655704      0.36016186      0.99444428      0.27264242     -0.64327024       2.7509788        2.7509788     0.037330578                                    0.037330578
              2       3.1728681      0.98412813      -31.487362      0.25565402      0.97596199      0.13704732      0.30427499       2.7509788        2.7509788      0.84377863                                     0.84377863
              7        4.347178      0.65497478      -30.755111      0.17404753      0.99833247     0.053586698      0.88976476       2.7509788        2.7509788       3.1923985                                      3.1923985
             10       3.3770749       1.6834133      -30.181216      0.44718731       0.9980002      0.47992988     -0.61558533       2.7509788        2.7509788       1.2521922                                      1.2521922
              2       4.2656393      0.74821963      -31.930822      0.17839352      0.89573985     0.067772194     -0.98396096       2.7509788        2.7509788        3.029321                                       3.029321
             10       3.5691874        1.580873       -32.03578      0.46224717       1.0985231      0.52047851      0.36586274       2.7509788        2.7509788       1.6364173                                      1.6364173
             10       2.7575769       1.2342625      -31.069833      0.33120176       1.0081311      0.22155083      0.47012374       2.7509788        2.7509788     0.013196238                                    0.013196238
              1       3.2074422      0.93833454      -30.993839      0.25218562       1.0097051      0.11312453     -0.21252136       2.7509788        2.7509788       0.9129269                                      0.9129269
              2       4.0049578      0.72865608      -31.002147      0.19313658      0.99580398     0.067674176      0.78020814       2.7509788        2.7509788       2.5079581                                      2.5079581
              7       3.5286591        1.946804      -32.443052      0.22476875      0.43375612       1.5827645     -0.44827589       2.7509788        2.7509788       1.5553607                                      1.5553607
              3       3.4938113      0.88690976      -31.517639      0.22742541      0.96336635     0.096517932      -0.6208645       2.7509788        2.7509788        1.485665                                       1.485665
              1       2.7612562       1.2578747      -31.797483      0.35547672       1.0617095      0.20003374     -0.22983308       2.7509788        2.7509788      0.02055478                                     0.02055478
              4       2.7671417       1.3275286      -31.326867      0.35890064       1.0156925      0.26964051       0.4257506       2.7509788        2.7509788     0.032325902                                    0.032325902
              1       2.7817598       1.1127433      -31.764964        0.318677        1.075939      0.17974417     -0.88378884       2.7509788        2.7509788     0.061562044                                    0.061562044
              7       2.7557934       1.8377182      -32.337524      0.35122411      0.71802127       1.1909774      0.25104897       2.7509788        2.7509788    0.0096292604                                   0.0096292604
              3       2.7807217       1.3342355      -31.429618      0.36492633       1.0275539       0.2776984    -0.081756605       2.7509788        2.7509788     0.059485822                                    0.059485822
              5        2.875229       1.6709677      -32.373798      0.29514118      0.66358058      0.97222843     0.090042264       2.7509788        2.7509788      0.24850036                                     0.24850036
              8        3.057642       1.3205265      -32.147999      0.41561626       1.1824351      0.23710235     -0.98075251       2.7509788        2.7509788      0.61332653                                     0.61332653
              2       4.1228817       1.7693615      -32.218936      0.49770571       1.0567883      0.49111935      0.87952969       2.7509788        2.7509788       2.7438058                                      2.7438058
              3       2.8217723       1.4238196      -31.043706      0.37737037      0.99573723      0.31188793      0.84477982       2.7509788        2.7509788      0.14158703                                     0.14158703
              4       2.7525305       1.3669481      -31.684905      0.34723665      0.95434511      0.25155976     -0.06179313       2.7509788        2.7509788    0.0031034987                                   0.0031034987
              3        4.683577      0.50279579      -32.159231      0.15719503       1.1745705     0.029726394     -0.99984087       2.7509788        2.7509788       3.8651964                                      3.8651964
              5       3.2064915      0.93409908      -31.126372      0.25227921       1.0146598      0.11737099     -0.43517255       2.7509788        2.7509788      0.91102537                                     0.91102537
              3       2.8069715       1.1771557      -31.003911      0.31054364      0.99110723       0.1978481      0.12566042       2.7509788        2.7509788      0.11198536                                     0.11198536
              4         2.75265       1.2618967      -30.679484      0.33656546        1.002023      0.22983895      0.80007494       2.7509788        2.7509788    0.0033424859                                   0.0033424859
              3       3.7782302       1.8822821      -31.958008      0.47673525      0.95153433      0.59552807      0.72762211       2.7509788        2.7509788       2.0545028                                      2.0545028
              1       3.6972148       1.8994578      -31.646206      0.47131312      0.93220578      0.71921403     -0.88767598       2.7509788        2.7509788       1.8924721                                      1.8924721
              3        3.596355      0.83468854      -31.111423       0.2197728      0.98919385     0.086939263     0.099575988       2.7509788        2.7509788       1.6907524                                      1.6907524
              1       2.7697771       1.2247336      -31.002488      0.32377354      0.99318839      0.21672304      0.48975526       2.7509788        2.7509788     0.037596633                                    0.037596633
              2       2.9866437       1.0408886      -30.083455      0.27746574       1.0014679      0.14552022     -0.86096116       2.7509788        2.7509788       0.4713299                                      0.4713299
              3       3.2073603      0.94146969      -30.724415      0.25219368       1.0063749      0.11721322     -0.75880958       2.7509788        2.7509788      0.91276308                                     0.91276308
              1       3.1442994      0.98262544       -31.21312      0.25862877      0.98882797       0.1321339      0.45056586       2.7509788        2.7509788      0.78664127                                     0.78664127
              2       2.9604118       1.0794678      -31.222137      0.28116333      0.97854523      0.16035017     -0.93307957       2.7509788        2.7509788        0.418866                                       0.418866
             10       3.2339381      0.93711183      -30.246583      0.24961571       1.0007196      0.11488093        0.783372       2.7509788        2.7509788      0.96591862                                     0.96591862
              2       3.1167751       1.5609515      -31.195788       0.4224012       1.0166411      0.37855045     -0.16300483       2.7509788        2.7509788       0.7315927                                      0.7315927
              3       3.8230729       1.8097347      -30.460968      0.47964464      0.99571858      0.59445906     -0.93865317       2.7509788        2.7509788       2.1441883                                      2.1441883
              4       3.6683159       1.5145917      -32.079903      0.46932314       1.1641483      0.46555012     -0.46962984       2.7509788        2.7509788       1.8346742                                      1.8346742
              4       3.9056008       1.5358286      -32.141623      0.48484425       1.1860184      0.34498876     -0.96763678       2.7509788        2.7509788       2.3092441                                      2.3092441
              3       4.0544618      0.71698632      -30.475363      0.19022664       0.9967641     0.064145972     -0.50368338       2.7509788        2.7509788       2.6069661                                      2.6069661
             10       2.8384973       1.0163406      -32.216836      0.30267282       1.1188351      0.10177614      0.15223686       2.7509788        2.7509788      0.17503706                                     0.17503706
              4       2.9289196       1.0470489      -31.336687      0.28592353       1.0259232       0.1531298     -0.64061953       2.7509788        2.7509788      0.35588174                                     0.35588174
             20       2.8743105       1.0838327      -31.259541      0.29531469       1.0236576      0.16047859     -0.99297805       2.7509788        2.7509788      0.24666342                                     0.24666342
              2       2.9609466       1.0425873      -31.358947      0.28108571       1.0128806      0.14072918       0.6055672       2.7509788        2.7509788      0.41993563                                     0.41993563
              3       2.8375739       1.1589293      -31.703272      0.30288084      0.98185368      0.17639261      0.84194653       2.7509788        2.7509788      0.17319019                                     0.17319019
              1       2.7667148       1.3019034      -31.436967      0.35867592       1.0350358      0.25636687     -0.74368026       2.7509788        2.7509788     0.031471954                                    0.031471954
              2       3.1316916      0.96753889       -30.88144      0.25997588       1.0094773      0.12461954     -0.87279632       2.7509788        2.7509788      0.76142565                                     0.76142565
             11       2.8438779       1.3957055      -32.337503      0.30148193      0.81152037      0.49468789        0.527472       2.7509788        2.7509788      0.18579835                                     0.18579835
              1       3.8994843       1.6914581      -32.214971       0.4844654       1.0760524      0.40719037      0.75758204       2.7509788        2.7509788       2.2970111                                      2.2970111
              3       2.7534447       1.3027977      -30.593635      0.34860136        1.005273      0.24686131      -0.9993976       2.7509788        2.7509788    0.0049318704                                   0.0049318704
              6       3.0150306       1.5959614      -31.384115       0.4103105      0.96587773      0.42403273     -0.91662155       2.7509788        2.7509788       0.5281037                                      0.5281037
              2       2.8583019       1.1644519      -31.495635      0.29844987      0.96290129      0.20004133     -0.52987616       2.7509788        2.7509788      0.21464618                                     0.21464618
              4       2.7524719       1.3057523      -30.272522      0.34713686      0.99878463      0.24732453      0.54567381       2.7509788        2.7509788    0.0029863464                                   0.0029863464
              1       3.1054777      0.99385719       -30.71574      0.26285011      0.99361034      0.13047469     -0.83833887       2.7509788        2.7509788      0.70899781                                     0.70899781
              7        2.874798       1.1222127      -30.971234      0.29522252      0.98833965      0.17121921     -0.83505305       2.7509788        2.7509788      0.24763841                                     0.24763841
              2        3.902887       1.7898052      -31.077266      0.48467628       1.0173677      0.56810998     -0.91541411       2.7509788        2.7509788       2.3038164                                      2.3038164
              7       2.8906863       1.0146165      -32.238492      0.29231185       1.0823717      0.10762017      0.65231767       2.7509788        2.7509788      0.27941514                                     0.27941514
              4       2.8040064       1.2546225      -32.212455      0.37261215        1.115773      0.16844656      0.24445805       2.7509788        2.7509788      0.10605521                                     0.10605521
              1       2.7557012       1.2824336      -32.256057      0.35113538       1.0286594       0.2211594      0.96980809       2.7509788        2.7509788     0.009444899                                    0.009444899
              3       2.7514829       1.2661989      -32.011103      0.34498467       1.0235988      0.24961016      0.94536928       2.7509788        2.7509788    0.0010081787                                   0.0010081787
              2       2.9500588       1.1925585      -31.913676      0.28268607      0.89054653      0.20568212       -0.978821       2.7509788        2.7509788      0.39816008                                     0.39816008
              1       3.0377975       1.0806851      -31.865389      0.27080548      0.94143466      0.18614416       0.3572233       2.7509788        2.7509788      0.57363742                                     0.57363742
              1       2.7685139       1.2076312      -32.005764      0.32439656       1.0091921      0.21294027      0.99094142       2.7509788        2.7509788     0.035070299                                    0.035070299
              1       3.3688009       1.6825408      -30.355245      0.44648996      0.99696066      0.48217854     -0.68819483       2.7509788        2.7509788       1.2356443                                      1.2356443
              1       2.9181222       1.0784312      -30.332403      0.28765151       1.0020886       0.1587026     -0.12632265       2.7509788        2.7509788      0.33428687                                     0.33428687
              3       2.8213225       1.1617354      -31.148817      0.30674217      0.99196919      0.19220797      0.63318639       2.7509788        2.7509788      0.14068748                                     0.14068748
              7         3.44774       1.7021366      -30.597272       0.4529647      0.99977409      0.49676725      0.99701949       2.7509788        2.7509788       1.3935224                                      1.3935224
              1       2.7942291        1.361891      -32.256648      0.36964633       1.0197083      0.26486527      0.98659118       2.7509788        2.7509788     0.086500618                                    0.086500618
              2       4.6968808       1.9198485      -32.218591      0.52743997       1.0321385      0.68283608      0.96725807       2.7509788        2.7509788       3.8918041                                      3.8918041
              1       5.2733492       1.9163521      -32.197316      0.55312871       1.0843833      0.59214636      0.71449759       2.7509788        2.7509788       5.0447408                                      5.0447408
              5       2.8902509       1.4954955      -32.265137      0.39161066      0.98378754      0.37861458      0.99263914       2.7509788        2.7509788      0.27854433                                     0.27854433
              7       3.7253176       1.7717577      -30.995514      0.47321934       1.0034369      0.55185546      0.88970683       2.7509788        2.7509788       1.9486776                                      1.9486776
              2        2.760473       1.3443047      -31.015578      0.35495307      0.99198509      0.26106422      0.33475404       2.7509788        2.7509788     0.018988462                                    0.018988462
              2       2.7925164       1.1775121      -32.157929       0.3690934       1.1776136      0.17355695     -0.95053146       2.7509788        2.7509788     0.083075167                                    0.083075167
              4       2.7628736       1.1353494      -32.152862      0.35649846       1.1796686      0.16599727      -0.9862098       2.7509788        2.7509788     0.023789664                                    0.023789664
              4       3.1549893       1.0837088       -31.92586       0.2575034      0.89269331      0.15385403     -0.98569809       2.7509788        2.7509788      0.80802114                                     0.80802114
              1       2.7697333       1.0333397      -32.122643      0.32379479       1.1772229       0.1645301     -0.85752601       2.7509788        2.7509788        0.037509                                       0.037509
              3       2.8339411       1.4937938      -31.848379      0.38028981      0.95643611      0.39483195       0.6535302       2.7509788        2.7509788      0.16592458                                     0.16592458
              1       2.8304891       2.2129574      -32.364966      0.30451526      0.51697306       2.4318008     -0.27770127       2.7509788        2.7509788      0.15902058                                     0.15902058
              4        3.852008       1.7867694       -31.81508      0.48148974       1.0123961      0.55426963       0.9666603       2.7509788        2.7509788       2.2020584                                      2.2020584
              1       4.3022316       1.7950355       -31.73171      0.50757095       1.0623207      0.65614697    -0.053636028       2.7509788        2.7509788       3.1025057                                      3.1025057
              2       3.1606437      0.98585072      -31.226973      0.25691417      0.97905891      0.12685387     -0.89888775       2.7509788        2.7509788      0.81932978                                     0.81932978
              2       2.7616972       2.0646215      -32.337188      0.35576285      0.64736925       1.8235801     0.053967615       2.7509788        2.7509788     0.021436844                                    0.021436844
              1       2.8286379       1.1581856      -30.966321      0.30495419      0.98920968      0.18949479     -0.54695284       2.7509788        2.7509788      0.15531821                                     0.15531821
              4       3.2037257      0.94919585      -30.017048      0.25255201      0.99960153      0.11834354       0.8708937       2.7509788        2.7509788      0.90549382                                     0.90549382
              8       3.0381205       1.5489142      -30.230308      0.41323461       1.0023081         0.38388     -0.88073936       2.7509788        2.7509788      0.57428353                                     0.57428353
              6       3.5045926       1.7234118      -30.414822      0.45740305      0.99710733      0.51718891     -0.13836138       2.7509788        2.7509788       1.5072277                                      1.5072277
              6       3.0579382       1.0192471      -30.972333       0.2683482      0.98912488      0.13680347     -0.63966851       2.7509788        2.7509788      0.61391892                                     0.61391892
              7       2.9152673       1.0826998      -30.844627      0.28811766      0.99975533      0.15928212      0.99856666       2.7509788        2.7509788      0.32857698                                     0.32857698
              4        3.223647      0.95165599      -31.151114      0.25060529      0.98933227      0.12269671      0.32676656       2.7509788        2.7509788      0.94533637                                     0.94533637
              3       2.8023447       1.3901821      -30.956325      0.37212869       1.0056651       0.2852693       0.5725298       2.7509788        2.7509788      0.10273178                                     0.10273178
              1        3.099722       1.5869814      -31.145002      0.42050472       0.9954764      0.41457013      0.89752586       2.7509788        2.7509788      0.69748653                                     0.69748653
              4       3.4451349       1.6945236      -30.666205      0.45275707       1.0038054      0.48563926       0.3590711       2.7509788        2.7509788       1.3883123                                      1.3883123
              4       5.8509262        2.169874      -30.716522      0.57605613      0.99738356       1.0684418      0.82123173       2.7509788        2.7509788       6.1998948                                      6.1998948
              6       5.8052171       2.1464178      -30.547247      0.57432413       1.0052515       1.0274177     -0.60066753       2.7509788        2.7509788       6.1084766                                      6.1084766
              1       5.0085984        1.037015      -32.485258      0.14225853      0.51537718       0.3361063     -0.26583938       2.7509788        2.7509788       4.5152392                                      4.5152392
              2        4.187864      0.67821955       -31.07395      0.18264933       1.0117651     0.058802338     -0.23829875       2.7509788        2.7509788       2.8737705                                      2.8737705
              2       3.1422481      0.85350254      -32.205099      0.25884646       1.1393819     0.069488345     -0.27160986       2.7509788        2.7509788      0.78253858                                     0.78253858
              4       3.2268845      0.80100441      -32.164638      0.25029283       1.1739387     0.074094982     -0.96992216       2.7509788        2.7509788      0.95181139                                     0.95181139
             17       3.4635169      0.76737338      -32.217347      0.22978604       1.1249904     0.054435235    0.0022693404       2.7509788        2.7509788       1.4250762                                      1.4250762
              5       2.8403359        1.142557      -30.975806      0.30226186       0.9938879      0.17739304      0.50609495       2.7509788        2.7509788      0.17871429                                     0.17871429
              1       3.9848182      0.70707869      -31.821558      0.19433684       1.0325695     0.056504736      0.65684416       2.7509788        2.7509788       2.4676788                                      2.4676788
              6       4.7050675       1.1132294      -32.475079      0.15617036      0.52704276      0.39316618     -0.24216006       2.7509788        2.7509788       3.9081774                                      3.9081774
              4       2.8113316       1.4537691      -31.382793      0.37465816      0.96821472      0.33615742     -0.75141468       2.7509788        2.7509788      0.12070565                                     0.12070565
              3       2.7941695       1.1865619       -32.10333      0.36962727       1.1703224      0.24377928     -0.66779824       2.7509788        2.7509788     0.086381423                                    0.086381423
              3       3.0464653       1.0140968      -30.377593      0.26973772      0.99929604      0.13705665      0.89830345       2.7509788        2.7509788      0.59097299                                     0.59097299
              1       3.0915141       1.5619725       -31.13856      0.41957539       1.0091798      0.38239386      0.54338283       2.7509788        2.7509788      0.68107067                                     0.68107067
              3       3.2939357       1.6454939      -31.066137      0.43995476       1.0044855      0.45749144      0.85882009       2.7509788        2.7509788       1.0859138                                      1.0859138
              2       3.3505496       1.6874189      -31.059342      0.44493501       0.9906166      0.47346364      0.35239539       2.7509788        2.7509788       1.1991417                                      1.1991417
              2       3.4341521       1.6704209      -31.078856      0.45187738       1.0163109      0.46346048     -0.79071905       2.7509788        2.7509788       1.3663466                                      1.3663466
              2       3.7235018       1.7661425      -30.767556      0.47309701        1.006367       0.5590995    -0.060817875       2.7509788        2.7509788       1.9450461                                      1.9450461
              7       4.7509327      0.58628323      -31.235152      0.15400217      0.98685029     0.040779397      0.20669882       2.7509788        2.7509788       3.9999078                                      3.9999078
              4       2.7576016       1.3590294      -31.303556      0.35281845      0.97533622      0.26536892     -0.68159948       2.7509788        2.7509788     0.013245688                                    0.013245688
              2       2.9936899       1.0338465       -31.47163      0.27650809       1.0048094      0.14125628      0.96793787       2.7509788        2.7509788       0.4854222                                      0.4854222
              5       3.2962805       1.6390191      -31.538475      0.44016604       1.0089379      0.45913886      0.93706429       2.7509788        2.7509788       1.0906034                                      1.0906034
              2       2.9183096       1.5178103      -31.698387      0.39637895      0.98112648      0.34408115      0.84624539       2.7509788        2.7509788       0.3346617                                      0.3346617
              1       2.7537289       1.1991226      -31.580991      0.33502857       1.0496637      0.19848274     -0.97754196       2.7509788        2.7509788    0.0055003224                                   0.0055003224
              1       2.9294349       1.4910047      -30.433707       0.3981576       1.0032471      0.34487866     -0.48894903       2.7509788        2.7509788      0.35691218                                     0.35691218
              6       2.8313504       1.1415563      -30.073336      0.30431277       1.0015088      0.18013326     -0.99915644       2.7509788        2.7509788      0.16074325                                     0.16074325
              7        3.855675       1.6845324      -32.216135      0.48172184       1.0743577      0.40397089      0.76954989       2.7509788        2.7509788       2.2093925                                      2.2093925
              3         4.18932       1.6978875      -32.490176      0.18256861      0.40397001       1.0568878     -0.49534605       2.7509788        2.7509788       2.8766825                                      2.8766825
             14       3.2974963       2.2817281      -32.404366      0.24372458      0.40129833       2.6121204     -0.52319785       2.7509788        2.7509788       1.0930351                                      1.0930351
              2       3.2922514      0.91717832       -30.02794      0.24419729        1.000274       0.1096903      0.88030264       2.7509788        2.7509788       1.0825453                                      1.0825453
              1       3.0404275       1.0179567      -30.319103      0.27047981      0.99824574      0.13916688      0.16682995       2.7509788        2.7509788       0.5788974                                      0.5788974
              1        2.861167       1.4449447      -30.479417      0.38612762       1.0039488      0.32092476     -0.79812623       2.7509788        2.7509788      0.22037648                                     0.22037648
              2       2.8584947       1.4465744      -30.136899      0.38558923       1.0014195      0.31966217     -0.17367554       2.7509788        2.7509788      0.21503175                                     0.21503175
              3       2.8066238       1.4021367      -30.382483      0.37335856       1.0003861      0.29578033      0.97130526       2.7509788        2.7509788      0.11129007                                     0.11129007
              3       2.7673089       1.3340736       -31.08414      0.35898784       1.0109551      0.25492364     0.085720584       2.7509788        2.7509788     0.032660335                                    0.032660335
              3       2.7666149        1.227858       -31.28054      0.32537706      0.99556746       0.2170057       0.9397203       2.7509788        2.7509788      0.03127232                                     0.03127232
             11       2.9291781       1.0789893      -30.780395      0.28588281      0.99541192       0.1601312      0.32413941       2.7509788        2.7509788      0.35639873                                     0.35639873
              1        6.367679        2.326885      -31.504079      0.59481283      0.96036723       1.3209454    -0.014990854       2.7509788        2.7509788       7.2334004                                      7.2334004
              2       3.3489593          1.7471      -31.507817       0.4447984      0.95648325       0.5114388     -0.75172185       2.7509788        2.7509788        1.195961                                       1.195961
              3       3.2419808      0.96615964      -32.294297      0.24884965       0.9676539      0.13892796      0.97086083       2.7509788        2.7509788      0.98200413                                     0.98200413
              3       2.8756147       1.0484797      -32.250612       0.2950685       1.0572915      0.12452827      0.85316448       2.7509788        2.7509788      0.24927184                                     0.24927184
              2       3.4415885       1.0124793      -32.337643      0.23152623       0.8591044      0.21039479      0.67215896       2.7509788        2.7509788       1.3812194                                      1.3812194
              1        4.025607      0.72596805      -30.928163      0.19191593      0.99317419     0.067443849      0.18547625       2.7509788        2.7509788       2.5492564                                      2.5492564
              3       5.7602027      0.42370586      -31.009378      0.11139427      0.98771189     0.021850696     -0.90976357       2.7509788        2.7509788       6.0184478                                      6.0184478
              1       5.3240445      0.47450656      -31.267985      0.12876019       1.0194626     0.026386073     -0.51252195       2.7509788        2.7509788       5.1461315                                      5.1461315
              2       3.2283891       1.6082624      -30.989227      0.43385203       1.0134834      0.42000962     -0.89132675       2.7509788        2.7509788      0.95482064                                     0.95482064
              3       2.9747312       1.5214845      -30.387479      0.40488206      0.99975346      0.36524148      0.99030298       2.7509788        2.7509788      0.44750494                                     0.44750494
              2       3.0395977         1.54815      -30.468933       0.4134176        1.003247      0.38035823     -0.23651521       2.7509788        2.7509788      0.57723792                                     0.57723792
              2       3.1254379       1.5883922      -30.160243      0.42334766       1.0013164      0.40871194       0.1488314       2.7509788        2.7509788      0.74891826                                     0.74891826
              1       2.9999244       1.0373885      -30.567265      0.27567227       0.9983517      0.14535116      0.76411773       2.7509788        2.7509788      0.49789126                                     0.49789126
              1       2.7821921       1.3366782      -31.457045      0.36548619       1.0272497      0.24752442     -0.04996746       2.7509788        2.7509788     0.062426551                                    0.062426551
              1       2.8154313       1.5046033      -31.668031      0.37574915      0.93822694      0.33891807     -0.88854418       2.7509788        2.7509788      0.12890504                                     0.12890504
              3       3.1520993       1.6109835      -31.364819      0.42619383      0.99391213      0.43399174      0.93360558       2.7509788        2.7509788      0.80224098                                     0.80224098
              1       2.8287211        1.163553      -31.100335      0.30493436      0.98458251      0.19209008     -0.69646699       2.7509788        2.7509788      0.15548461                                     0.15548461
             14       2.7762557       1.0846538      -32.060503      0.32086487       1.1113809      0.21096884      0.15936953       2.7509788        2.7509788     0.050553827                                    0.050553827
              1       3.1677393      0.96345365      -30.336244      0.25618047      0.99895773      0.12286268      0.72696184       2.7509788        2.7509788      0.83352101                                     0.83352101
              5       3.5186608      0.84918719      -30.501667      0.22552478      0.99775234     0.092179468       0.3733094       2.7509788        2.7509788        1.535364                                       1.535364
              3       3.0309722       1.0152517      -30.745341      0.27165767       1.0052641      0.13938878    -0.065069904       2.7509788        2.7509788      0.55998684                                     0.55998684
              5       2.7858098       1.1829454      -30.748161      0.31719003       1.0073648      0.19550569     -0.99132102       2.7509788        2.7509788     0.069662133                                    0.069662133
              8       2.7510221       1.2890712      -30.672293      0.34112543      0.99418937      0.24230072     -0.68199695       2.7509788        2.7509788   8.6563242e-05                                  8.6563242e-05
              2       3.9675223      0.73419541      -31.367081      0.19537545      0.99974732     0.067905055      0.99984989       2.7509788        2.7509788       2.4330871                                      2.4330871
              4       2.7610639        1.502506      -31.920979      0.35535005      0.88852997      0.33276708     -0.94531275       2.7509788        2.7509788     0.020170193                                    0.020170193
              3       2.8087548       2.0620246      -32.368664      0.31004664      0.56489158       1.9048967     -0.16253342       2.7509788        2.7509788      0.11555199                                     0.11555199
              3       4.5605235       2.0722631      -32.505199       0.1631753      0.29582947        1.650362     -0.69021592       2.7509788        2.7509788       3.6190894                                      3.6190894
              6       2.7618416       1.2413969      -30.757863      0.32814475      0.99308567      0.22172454     -0.62820702       2.7509788        2.7509788     0.021725677                                    0.021725677
              4        2.807497         1.16726      -30.615036      0.31039637      0.99903557      0.19036475      0.93745922       2.7509788        2.7509788      0.11303641                                     0.11303641
              3       3.4075587       1.6772448      -30.725585       0.4497176       1.0073383      0.47313423     -0.82208497       2.7509788        2.7509788       1.3131598                                      1.3131598
              1       3.8762115      0.77822018      -31.699641      0.20098542      0.97027308     0.070272631      0.51183116       2.7509788        2.7509788       2.2504654                                      2.2504654
              8       2.8393822      0.98883789       -32.19461       0.3024745       1.1491999     0.098424724     -0.44820463       2.7509788        2.7509788      0.17680686                                     0.17680686
              1       3.0380245       1.0410948      -31.305954       0.2707773      0.97713352      0.14073076     -0.58200957       2.7509788        2.7509788      0.57409153                                     0.57409153
              2       2.8316854       1.3328046      -32.031357       0.3797657       1.0704865      0.32049393      0.61713621       2.7509788        2.7509788       0.1614133                                      0.1614133
              6        2.782868       1.2734221      -31.773617      0.36573912       1.0790236      0.23089018     -0.99805036       2.7509788        2.7509788     0.063778403                                    0.063778403
              7       3.3044888       1.7946485      -31.946461      0.44090212      0.92298511      0.49041923      0.20001529       2.7509788        2.7509788       1.1070201                                      1.1070201
              7       2.7805087       1.3638301      -30.628716       0.3648441       1.0050299      0.27414027     -0.52725455       2.7509788        2.7509788     0.059059857                                    0.059059857
             14       3.1705919        1.608571      -31.142835      0.42811273      0.99988445      0.42448804      0.99993252       2.7509788        2.7509788      0.83922622                                     0.83922622
             21       2.8671882        1.115148      -30.060297      0.29668274      0.99952047      0.17086188      0.83399647       2.7509788        2.7509788      0.23241895                                     0.23241895
              4       2.7554098       1.3401482      -31.406285      0.35084901      0.98355655      0.25273733      0.52446352       2.7509788        2.7509788    0.0088620408                                   0.0088620408
              1       2.9329747       1.6173655       -32.28024      0.39871183      0.92615325       0.5531272      0.88607709       2.7509788        2.7509788      0.36399181                                     0.36399181
              3       3.1255296       1.3413035      -32.135585      0.42335762       1.1858022      0.26631283     -0.99755624       2.7509788        2.7509788      0.74910171                                     0.74910171
              5       3.0508506       1.4853742      -32.382199      0.26920347      0.68088959      0.70456372      0.13454891       2.7509788        2.7509788      0.59974369                                     0.59974369
              3       3.0232864       1.0878927      -32.301131      0.27262983       0.9414976      0.19755384      0.91766599       2.7509788        2.7509788      0.54461531                                     0.54461531
              1       2.8472911       1.7776326       -32.37458      0.30074432      0.63560504       1.1793172     0.016095313       2.7509788        2.7509788      0.19262462                                     0.19262462
              3       2.8752705       1.8786159      -32.381703      0.29513335      0.59021769       1.4206575     -0.10023849       2.7509788        2.7509788       0.2485834                                      0.2485834
              4       3.3239468       1.6649082      -30.452055      0.44262549      0.99879891      0.46491206      0.82921046       2.7509788        2.7509788        1.145936                                       1.145936
              1       3.1979698       1.5862833      -31.715563      0.43087759       1.0204813      0.43470755      0.85536583       2.7509788        2.7509788       0.8939821                                      0.8939821
              4       3.1684083       1.6416762      -31.620964      0.42788838      0.97920792      0.47651884      0.77484963       2.7509788        2.7509788      0.83485895                                     0.83485895
              4       2.9175881       1.0786508      -30.667797      0.28773842       1.0021873       0.1569775      0.73609802       2.7509788        2.7509788      0.33321859                                     0.33321859
              5       2.7567355       1.3166097      -30.592403      0.35208628       1.0046712      0.25502644     -0.56033915       2.7509788        2.7509788     0.011513478                                    0.011513478
              3       2.7771273       1.3651831      -30.313849      0.36349643       1.0003251      0.27726314      0.97089973       2.7509788        2.7509788     0.052297032                                    0.052297032
              3       3.4976468       1.6511017       -31.43831         0.45687       1.0395628      0.46225551     -0.97069968       2.7509788        2.7509788        1.493336                                       1.493336
              1       2.8074279       1.5613431      -31.881745      0.37358431      0.89892238      0.45494094     -0.51395828       2.7509788        2.7509788      0.11289823                                     0.11289823
              8       2.9335686       1.3987037      -31.750238      0.39880429       1.0711888      0.32740491     -0.53641564       2.7509788        2.7509788       0.3651796                                      0.3651796
              5       2.8711387       1.4529426      -30.422276      0.38808108       1.0034736      0.32316651     -0.82009082       2.7509788        2.7509788      0.24031982                                     0.24031982
              9        3.911936       1.8208229      -30.129618       0.4852356       1.0011908      0.60579772      0.28704986       2.7509788        2.7509788       2.3219144                                      2.3219144
              8        4.808081       0.5680137      -30.017904      0.15133508       1.0009508     0.039661805     -0.24701891       2.7509788        2.7509788       4.1142044                                      4.1142044
              1       2.9424499       1.5125721      -30.655021      0.40016939      0.99393896      0.35803962     -0.84649603       2.7509788        2.7509788       0.3829423                                      0.3829423
              1       3.0277379       1.5493318      -30.363581      0.41193488      0.99888627       0.3847115      0.77067629       2.7509788        2.7509788       0.5535182                                      0.5535182
             12       2.7893168       1.3734811      -30.749458      0.36802902       1.0066797      0.27834265     -0.54184327       2.7509788        2.7509788       0.0766761                                      0.0766761
              2       3.4658614      0.92619552      -31.874191      0.22960157      0.93133109      0.13327524      0.12943564       2.7509788        2.7509788       1.4297653                                      1.4297653
              2       2.7765325       1.3608006      -30.549669      0.36325053       1.0028678      0.27275523      0.28377857       2.7509788        2.7509788     0.051107409                                    0.051107409
              4         3.09989        2.252234      -32.391613      0.26347638      0.43950124       2.5488118     -0.44712366       2.7509788        2.7509788      0.69782244                                     0.69782244
              4       2.7557067        1.205682      -32.226503      0.35114063       1.0941585      0.15783736      0.53798463       2.7509788        2.7509788    0.0094557714                                   0.0094557714
              5       3.4836252      0.85429697      -30.456233      0.22821367       1.0036094     0.093958756     -0.99905489       2.7509788        2.7509788       1.4652929                                      1.4652929
              4       3.1015763      0.99245385      -30.651959      0.26328686      0.99666861      0.13206438      0.34039302       2.7509788        2.7509788      0.70119499                                     0.70119499
              1       2.9512937       1.0551027      -31.323253       0.2825024       1.0059105      0.15321401      0.90791127       2.7509788        2.7509788      0.40062977                                     0.40062977
              4       2.9436422       1.0699933      -30.657135      0.28364978      0.99594029      0.15365059     0.044021861       2.7509788        2.7509788      0.38532685                                     0.38532685
              2       2.8275574       1.0993982      -31.591537      0.30521281       1.0429888      0.15393816     -0.52993597       2.7509788        2.7509788      0.15315727                                     0.15315727
              8        2.954686      0.94344686      -32.071453      0.28200071        1.122961      0.15537829  -0.00078297717       2.7509788        2.7509788      0.40741454                                     0.40741454
              1       3.1696244       1.6556107      -31.519957      0.42801341      0.97125011       0.4296109      0.22683855       2.7509788        2.7509788      0.83729133                                     0.83729133
              2       3.1445874       1.5631674      -31.251645      0.42540174       1.0224114      0.40598709     -0.52497172       2.7509788        2.7509788      0.78721715                                     0.78721715
              4       2.7529445       1.2538416      -30.725204      0.33610609       1.0070838      0.22504121     -0.99874353       2.7509788        2.7509788    0.0039314341                                   0.0039314341
              3       2.7731664       1.2041974      -30.800447      0.32219848       1.0052121      0.20154997      0.21195751       2.7509788        2.7509788     0.044375323                                    0.044375323
              2       3.2887805      0.92211467      -30.474131      0.24451138      0.99619891      0.11120111     -0.99278891       2.7509788        2.7509788       1.0756034                                      1.0756034
              3       2.7696797       1.2112303      -30.533818       0.3238208       1.0044075       0.2064247     -0.90363137       2.7509788        2.7509788     0.037401926                                    0.037401926
              1        3.479781      0.85864565      -31.066442      0.22851259       0.9998344     0.094979176      0.99974952       2.7509788        2.7509788       1.4576044                                      1.4576044
              2       3.7879053      0.77192408      -30.705915      0.20663174       1.0056674     0.074841303      -0.5940618       2.7509788        2.7509788       2.0738531                                      2.0738531
              1       4.4648907      0.62628218      -30.855136       0.1679648       1.0075814     0.047854154     -0.47624795       2.7509788        2.7509788       3.4278238                                      3.4278238
              5       2.7530542       1.1903989      -32.224567      0.34805622       1.0984715      0.15172368      0.48301883       2.7509788        2.7509788    0.0041509494                                   0.0041509494
             21        2.922919       1.2636417      -32.115815      0.39712284       1.1806817      0.26386226      -0.8549615       2.7509788        2.7509788      0.34388049                                     0.34388049
              4       3.3397546       1.6649092      -30.209277      0.44400415       1.0019093      0.46803576     -0.34821368       2.7509788        2.7509788       1.1775517                                      1.1775517
              1       3.0200206        1.543436      -30.152214      0.41095294       1.0003118      0.38000876      0.94342942       2.7509788        2.7509788      0.53808372                                     0.53808372
              3       3.2691613       1.6899858      -31.300378       0.4376939      0.97301461       0.4734249      -0.7704784       2.7509788        2.7509788       1.0363651                                      1.0363651
              2       3.4699397       1.6914298      -31.119274      0.45471858       1.0099983       0.5002667      0.46939103       2.7509788        2.7509788       1.4379218                                      1.4379218
              2       2.7524166       1.2615106      -31.118188      0.33695929       1.0035025       0.2308117      0.92108879       2.7509788        2.7509788    0.0028755957                                   0.0028755957
              2       2.7523155       1.2210035      -31.792964      0.34686033       1.0672585      0.18862705     -0.49041303       2.7509788        2.7509788     0.002673477                                    0.002673477
              2       2.8237989       1.1875999      -31.849109      0.30612692      0.96841894      0.21827314      0.79247183       2.7509788        2.7509788      0.14564032                                     0.14564032
              1       4.6387689      0.60859352      -31.289798      0.15934999      0.98368631     0.047669244      0.12488522       2.7509788        2.7509788       3.7755802                                      3.7755802
             10       3.2793357      0.94814655      -31.490043      0.24537121       0.9722547      0.12655339     0.079768374       2.7509788        2.7509788       1.0567138                                      1.0567138
              2       2.7551091       1.2344095      -31.546193      0.33345655       1.0148735      0.22692966      0.80697609       2.7509788        2.7509788    0.0082605869                                   0.0082605869
              6        3.842385      0.71408912       -31.76107      0.20312117        1.068648     0.070371573     -0.64926808       2.7509788        2.7509788       2.1828124                                      2.1828124
              6       6.0830595      0.32502966      -32.102031     0.099338651       1.1482255     0.016449272     -0.41759747       2.7509788        2.7509788       6.6641614                                      6.6641614
              1       6.9371746       1.5953501      -32.701343     0.070010199      0.16486833      0.52824839     -0.83920386       2.7509788        2.7509788       8.3723916                                      8.3723916
              1       4.3143699       1.6266732      -32.081972      0.50821747       1.1737651      0.55214482     -0.58412557       2.7509788        2.7509788       3.1267823                                      3.1267823
             14       2.9651555       1.0614344       -32.00088       0.2804782      0.99274538      0.14926788      0.99364024       2.7509788        2.7509788      0.42835353                                     0.42835353
              5       2.8166064       1.0880726      -31.797529      0.30794458       1.0632775      0.14281267     -0.35510099       2.7509788        2.7509788      0.13125526                                     0.13125526
             14       2.8400448       1.4385617      -32.262783      0.38167335       0.9967707      0.32824765      0.99968489       2.7509788        2.7509788      0.17813205                                     0.17813205
              3       2.7640264        1.265606      -31.631455      0.32681522       0.9701428      0.25014118      0.49915732       2.7509788        2.7509788      0.02609525                                     0.02609525
              3       2.7534438       1.3376824      -31.651213      0.33539979         0.94198      0.28220965     -0.70922531       2.7509788        2.7509788    0.0049301438                                   0.0049301438
              3       2.8916819       1.4636893      -30.701593      0.39186488       1.0058179      0.33378004     -0.38116264       2.7509788        2.7509788       0.2814063                                      0.2814063
              1       3.0160602       1.5396732      -30.550229      0.41044355       1.0015135      0.37550052       0.8145811       2.7509788        2.7509788      0.53016288                                     0.53016288
              7       3.0150371       1.5365181      -30.545326      0.41031133       1.0032468      0.37796126       0.1387925       2.7509788        2.7509788      0.52811661                                     0.52811661
              6       2.8749199       1.1435306       -31.39634       0.2951995      0.96983923      0.17471697     -0.76389437       2.7509788        2.7509788      0.24788219                                     0.24788219
              5       2.7654131       1.2080623      -31.032705      0.32602867       1.0139076      0.20385657     -0.91480744       2.7509788        2.7509788      0.02886864                                     0.02886864
              5       2.7776836       1.2019798      -30.941739       0.3202761       1.0010581      0.20405629      0.98331144       2.7509788        2.7509788      0.05340965                                     0.05340965
              3       2.9020371       1.6331196      -31.873236      0.39366723      0.90561413      0.52228337     -0.30847375       2.7509788        2.7509788       0.3021167                                      0.3021167
              5       2.8700261       1.1482785      -31.394794      0.29613276      0.96888259      0.17787603     -0.87283998       2.7509788        2.7509788       0.2380946                                      0.2380946
              6       2.7535324       1.3386521      -31.226716      0.34871777      0.97867447      0.25796749     -0.78753316       2.7509788        2.7509788    0.0051073336                                   0.0051073336
             13       2.7610424       1.2370542      -30.168999      0.32866416      0.99814935      0.21728849     -0.72916693       2.7509788        2.7509788     0.020127275                                    0.020127275
              5       4.4612773       0.6271214       -30.77242      0.16814835       1.0073327     0.048588811     -0.99639997       2.7509788        2.7509788        3.420597                                       3.420597
              7       4.8485554      0.48030891      -32.126242      0.14946851       1.1691251     0.033110091     -0.79031068       2.7509788        2.7509788       4.1951532                                      4.1951532
              6       4.4390623      0.65104837      -31.404189      0.16928112      0.97684842     0.049887581     -0.13804187       2.7509788        2.7509788       3.3761671                                      3.3761671
              1       6.3703174      0.33308592      -30.610398     0.089094975       1.0049139     0.013311732     -0.94933847       2.7509788        2.7509788       7.2386772                                      7.2386772
              5       5.1544435      0.51274004      -30.584929      0.13590772      0.99581534     0.032244677      -0.5485378       2.7509788        2.7509788       4.8069294                                      4.8069294
              3       3.3205064      0.90439845      -31.143354      0.24167706       1.0039395      0.10509114      0.89964108       2.7509788        2.7509788       1.1390552                                      1.1390552
              5       3.2228457      0.94245997      -30.225971      0.25068279      0.99929456      0.11687011      0.79915562       2.7509788        2.7509788       0.9437339                                      0.9437339
              1        3.378551      0.89285393      -30.717935      0.23668877      0.99593076      0.10238163      0.24120308       2.7509788        2.7509788       1.2551444                                      1.2551444
              3       3.1057338      0.99034239      -30.651742      0.26282153      0.99702829      0.13135794      0.47415826       2.7509788        2.7509788      0.70951006                                     0.70951006
              1        3.016586       1.0236761      -30.792526      0.27348861       1.0037108      0.14186814      0.57452972       2.7509788        2.7509788       0.5312144                                      0.5312144
              1       3.0750092       1.0002119      -30.817068      0.26632791       1.0003606      0.13333268      0.99632737       2.7509788        2.7509788      0.64806082                                     0.64806082
              1       3.8293352       1.5168395      -32.132396      0.48004606       1.1889818      0.35654075     -0.99984327       2.7509788        2.7509788       2.1567129                                      2.1567129
              2        2.777687       1.7166693      -32.320375      0.36372528      0.79601043      0.87281218      0.48875434       2.7509788        2.7509788     0.053416454                                    0.053416454
              4       2.8066032       1.1551851      -31.026009      0.31064725       1.0102942       0.1895385    -0.064054877       2.7509788        2.7509788      0.11124886                                     0.11124886
              5       2.7638764       1.2137926      -31.072283      0.32690277       1.0118265      0.21352476     -0.11214984       2.7509788        2.7509788     0.025795201                                    0.025795201
              1        2.850325       1.4193297      -31.248252      0.38390044       1.0161721      0.31743328      0.14948247       2.7509788        2.7509788      0.19869245                                     0.19869245
              6       2.8208724       1.4080735      -31.140679      0.37714484       1.0062706       0.2938268      0.77684597       2.7509788        2.7509788      0.13978723                                     0.13978723
              4       2.8022581       1.3999097      -31.042396      0.37210329      0.99860887      0.29627665       0.9830831       2.7509788        2.7509788      0.10255867                                     0.10255867
             17       2.8549223       1.4565053      -30.974496      0.38485895      0.99270777      0.32020196      0.36319281       2.7509788        2.7509788      0.20788696                                     0.20788696
              4       4.4367685       2.0823278      -31.938545      0.51460149      0.92844003      0.80316892      0.41130365       2.7509788        2.7509788       3.3715794                                      3.3715794
              1        4.120052        2.010735      -31.654732      0.49754505      0.92962862      0.80392643     -0.95997529       2.7509788        2.7509788       2.7381465                                      2.7381465
             10       6.2768772       2.2823361      -31.219645      0.59161906      0.97385542       1.2687568     -0.64012055       2.7509788        2.7509788       7.0517968                                      7.0517968
             11        4.507677      0.63016612      -31.098479      0.16580587      0.98850021     0.050500067    -0.062081676       2.7509788        2.7509788       3.5133965                                      3.5133965
              2       4.1823334      0.68137098      -31.038309       0.1829563       1.0087781     0.056586358      0.14798083       2.7509788        2.7509788       2.8627093                                      2.8627093
              1       5.1077809      0.51192266      -31.084175      0.13791813       1.0121595     0.031148986     -0.35715991       2.7509788        2.7509788       4.7136043                                      4.7136043
              2       2.9905152       1.0531512      -31.058897      0.27693782      0.98792382      0.14624876     -0.35539776       2.7509788        2.7509788      0.47907287                                     0.47907287
              1        2.769882       1.3391886      -30.913251      0.36027723        1.010711      0.26653282     -0.85056076       2.7509788        2.7509788     0.037806371                                    0.037806371
              3       2.8446906        1.132728      -30.094945      0.30130509       0.9993388      0.17726346      0.70961497       2.7509788        2.7509788      0.18742366                                     0.18742366
              2       3.0815953       1.5705721      -30.423923      0.41843726       1.0009316      0.39660168      0.87499508       2.7509788        2.7509788      0.66123303                                     0.66123303
             10       3.3508027       1.6689122      -30.191019      0.44495673       1.0016505      0.46807983      -0.1061076       2.7509788        2.7509788       1.1996479                                      1.1996479
              8       2.7547793       1.4345434      -31.871995      0.35019534      0.91712511      0.37329492    -0.096157686       2.7509788        2.7509788    0.0076011318                                   0.0076011318
              2       2.8177789       1.4280588      -31.833959       0.3763583      0.99011886      0.32100222      0.97857973       2.7509788        2.7509788      0.13360035                                     0.13360035
              3       2.7763853       1.1564724      -32.022674      0.32081075       1.0421868      0.21280109      0.83805463       2.7509788        2.7509788     0.050813082                                    0.050813082
              2       2.7513234       1.1537622      -32.064659      0.34446779       1.1216677      0.24493728     0.041370724       2.7509788        2.7509788   0.00068922209                                  0.00068922209
              4       2.7509962       1.2828285      -30.597768      0.34144499       0.9999633      0.23771284      0.99992253       2.7509788        2.7509788   3.4861766e-05                                  3.4861766e-05
              1       2.7520158        1.294482      -30.609081      0.34628095       1.0049964      0.24456748     -0.66609393       2.7509788        2.7509788    0.0020740803                                   0.0020740803
              4       2.7519977       1.2673612      -30.154445      0.33775669       1.0012337      0.23010556      0.12238927       2.7509788        2.7509788    0.0020377659                                   0.0020377659
             19       2.7626556       1.2166826       -30.94945      0.32763499        1.011684      0.21058447     -0.94720775       2.7509788        2.7509788     0.023353735                                    0.023353735
              1       2.7511485        1.365392      -31.677905      0.34373202      0.94578967      0.25452288     -0.52439641       2.7509788        2.7509788   0.00033950921                                  0.00033950921
              6       2.7509865       1.2814506      -31.363694       0.3416311       1.0015842       0.2359305      0.99473937       2.7509788        2.7509788   1.5401629e-05                                  1.5401629e-05
              1       2.7526418       1.2741478      -31.315394      0.33657877      0.99242761       0.2284235      0.84671084       2.7509788        2.7509788    0.0033261331                                   0.0033261331
              1       2.9015102       1.0627941      -31.348211      0.29042296       1.0266295      0.14800239     -0.75009403       2.7509788        2.7509788      0.30106277                                     0.30106277
             10       3.0621709       2.1425088      -32.298601      0.41615786      0.72973874       1.8919004      0.29967681       2.7509788        2.7509788      0.62238431                                     0.62238431
              9       3.9978981       1.8829984      -32.477273      0.19355621      0.38617938       1.3889147     -0.53396866       2.7509788        2.7509788       2.4938387                                      2.4938387
              8       4.2882311       2.1857903      -31.873564      0.50682209      0.87112196       1.1962448     -0.89629996       2.7509788        2.7509788       3.0745046                                      3.0745046
              1       3.2921338       1.6786696      -31.617933      0.43979209      0.98426969      0.50031575      0.86985647       2.7509788        2.7509788       1.0823101                                      1.0823101
              5       3.8693079       1.7636451      -31.453643      0.48258134       1.0279956      0.51826643     0.064100038       2.7509788        2.7509788       2.2366582                                      2.2366582
             14       3.0059735       1.5055274      -31.250927      0.40912873       1.0209471      0.36871617     -0.36522294       2.7509788        2.7509788      0.50998944                                     0.50998944
              2       3.3869916      0.88411126      -30.922624      0.23598294       1.0027798      0.10037524      0.86176034       2.7509788        2.7509788       1.2720256                                      1.2720256
             12       2.9803003       1.0867036      -31.638332       0.2783402      0.96226952      0.17699908      0.19264451       2.7509788        2.7509788      0.45864314                                     0.45864314
              2       2.9128228       1.4399364      -32.247745      0.39547998       1.0318418      0.29454657      0.96334654       2.7509788        2.7509788      0.32368809                                     0.32368809
              4       3.0888169       1.8305341      -32.406733      0.26473244      0.54332698        1.341807     -0.21317802       2.7509788        2.7509788      0.67567627                                     0.67567627
             10       3.6044706       1.7609243      -31.278591      0.46481249      0.99167421      0.56036758      0.82907279       2.7509788        2.7509788       1.7069836                                      1.7069836
              2       4.6450255       1.9187819      -31.452171      0.52495244       1.0278418      0.66953736      0.14615528       2.7509788        2.7509788       3.7880935                                      3.7880935
              2       4.9529987       2.0407445      -30.652894      0.53926656      0.99276572      0.86787539     -0.99557828       2.7509788        2.7509788       4.4040399                                      4.4040399
              1       7.9518135      0.14608956       -30.18836     0.038834779      0.99869657    0.0025189217     0.075322985       2.7509788        2.7509788       10.401669                                      10.401669
              1       7.4687355      0.20051356      -30.374553     0.053257559      0.99785955    0.0047958844    -0.086315315       2.7509788        2.7509788       9.4355135                                      9.4355135
              5       5.2180129      0.49953431      -30.178273      0.13320003       1.0017767     0.030303814     -0.90601022       2.7509788        2.7509788       4.9340682                                      4.9340682
              3       4.9935285       0.5368865      -30.032489       0.1429263       1.0001418     0.035188753      0.95250455       2.7509788        2.7509788       4.4850994                                      4.4850994
              9       4.6101849      0.60290852      -30.178529      0.16073806       1.0016113     0.044680751     -0.55144241       2.7509788        2.7509788       3.7184123                                      3.7184123
              6       3.3439595      0.89901763      -30.649488      0.23963225       1.0014032      0.10459393      0.87653945       2.7509788        2.7509788       1.1859614                                      1.1859614
              3       3.3580243      0.89477387      -30.606922      0.23842535       1.0010852      0.10436984      0.91057348       2.7509788        2.7509788        1.214091                                       1.214091
             10       2.7537381       1.3001776      -31.273778      0.34898305       1.0084017      0.23945388      0.77294441       2.7509788        2.7509788    0.0055186798                                   0.0055186798
              6       2.8110581       1.1840424      -31.288527      0.30941593      0.98176449      0.20482381     0.031128933       2.7509788        2.7509788      0.12015862                                     0.12015862
              2       2.8461155        1.305093      -32.218565      0.38300312       1.1025359      0.18926298       0.4449325       2.7509788        2.7509788      0.19027339                                     0.19027339
              5       2.9671951       1.7353354      -32.290798      0.40381403      0.87423842      0.76666767      0.73933072       2.7509788        2.7509788      0.43243265                                     0.43243265
              6       3.7765061       1.7980297      -30.937533      0.47662213      0.99588514       0.5753913      0.79614983       2.7509788        2.7509788       2.0510546                                      2.0510546
              4       2.7794112       1.2746647      -31.756969      0.36441557       1.0740707       0.2553991      -0.7169531       2.7509788        2.7509788     0.056864835                                    0.056864835
              3       2.7512663       1.3027528      -30.758074      0.34425416      0.99277101      0.24881936     -0.74497612       2.7509788        2.7509788   0.00057505981                                  0.00057505981
             15       2.8421167       1.4377966      -30.052012      0.38213214       0.9984999      0.31514895     -0.76538308       2.7509788        2.7509788       0.1822758                                      0.1822758
              4       2.9167189       1.4863839      -30.258409      0.39611986       1.0012155      0.34500695      0.52536593       2.7509788        2.7509788      0.33148028                                     0.33148028
              6       3.2165557       1.6261141      -30.558109      0.43270653      0.99971073      0.43666541      0.99392122       2.7509788        2.7509788      0.93115379                                     0.93115379
              3       3.2641467         1.63463       -30.56286      0.43722974       1.0048984      0.44106003     -0.75187519       2.7509788        2.7509788       1.0263359                                      1.0263359
              3       2.8165719       1.1584871      -30.180159      0.30795355      0.99867901      0.18705468      0.15687698       2.7509788        2.7509788      0.13118618                                     0.13118618
              7       2.7979455       1.4860745      -31.666279      0.37080964      0.93743755      0.33220329      -0.9435135       2.7509788        2.7509788     0.093933381                                    0.093933381
              3       3.1633762       2.5703086      -32.349911      0.25663088      0.37510733       4.1912233     -0.58530768       2.7509788        2.7509788      0.82479482                                     0.82479482
              4       2.8843584       1.2474897        -32.1084      0.39054982       1.1761735      0.26638513     -0.76218219       2.7509788        2.7509788      0.26675931                                     0.26675931
              3        3.054122       2.0326714      -32.401227      0.26880747        0.496828       1.8379652     -0.32049066       2.7509788        2.7509788      0.60628645                                     0.60628645
              1       2.8308268       1.1481602      -32.275669      0.30443574      0.99615074       0.1881542      0.99953112       2.7509788        2.7509788      0.15969597                                     0.15969597
             15       2.9814496       1.0707538      -31.847227      0.27818088      0.97604434      0.16808942      0.87284579       2.7509788        2.7509788      0.46094167                                     0.46094167
              4       2.7647221       1.2299102      -30.497724      0.32641565      0.99707879      0.21623472     0.034203617       2.7509788        2.7509788     0.027486651                                    0.027486651
              1       2.7511901       1.1653462      -32.219311      0.34393231       1.1087916      0.14175723      0.33701322       2.7509788        2.7509788   0.00042256875                                  0.00042256875
              2       3.0741534       1.5687024      -31.612525       0.4175721       1.0000526      0.39698096      0.99999836       2.7509788        2.7509788      0.64634932                                     0.64634932
              2       3.2649497       1.5772881      -31.726081      0.43730422       1.0416086      0.44880761      0.45554083       2.7509788        2.7509788       1.0279418                                      1.0279418
              2       3.2112878      0.94533319      -30.099428      0.25180809       1.0007295      0.11713766      0.53875282       2.7509788        2.7509788      0.92061798                                     0.92061798
              1       3.0986563      0.98560345      -30.944183      0.26361533        1.004848      0.13076057      0.63693309       2.7509788        2.7509788      0.69535499                                     0.69535499
              3       3.3416458       1.6702224      -31.088983      0.44416784      0.99909028      0.47202044      0.99478441       2.7509788        2.7509788        1.181334                                       1.181334
              1       3.6690431      0.81517937      -30.967519       0.2146264      0.98914939     0.086134361     -0.69546188       2.7509788        2.7509788       1.8361287                                      1.8361287
              1        3.547221      0.83988788      -31.320634      0.22337794      0.99919647     0.090333184      0.99814938       2.7509788        2.7509788       1.5924844                                      1.5924844
              3       2.8753606      0.96349152      -32.193634      0.29511635       1.1507402     0.093326514     -0.48686281       2.7509788        2.7509788      0.24876374                                     0.24876374
              1       3.1334843       0.9764655      -32.005763      0.25978298       0.9995067      0.12638528      0.99997126       2.7509788        2.7509788      0.76501114                                     0.76501114
              4       2.8514756       1.1995462      -31.864382      0.29985762      0.93913928       0.2378141      0.32753976       2.7509788        2.7509788      0.20099372                                     0.20099372
              5       2.7904845        1.188295       -30.46373      0.31557758      0.99773171      0.19673924      0.30283284       2.7509788        2.7509788     0.079011354                                    0.079011354
              4       3.2248555      0.94241134      -30.056327      0.25048853      0.99857171      0.11677851     -0.78988422       2.7509788        2.7509788       0.9477534                                      0.9477534
              7        3.231738      0.94312445      -30.862243      0.24982637      0.99517899      0.11843876      0.47111049       2.7509788        2.7509788       0.9615185                                      0.9615185
              1        3.111882      0.98368049      -30.402736      0.26213835       1.0011714      0.12780988      0.73409835       2.7509788        2.7509788      0.72180654                                     0.72180654
              1       3.4296389      0.87115699      -30.333909      0.23248616       1.0026113     0.097834389     -0.84730739       2.7509788        2.7509788       1.3573203                                      1.3573203
              1       3.1226591      0.99178334      -31.013452      0.26095474      0.98850824      0.12823008     -0.53043809       2.7509788        2.7509788      0.74336067                                     0.74336067
              3       2.7510899       1.2696673      -30.955276      0.34059891       1.0078253      0.22743499      0.14257581       2.7509788        2.7509788   0.00022216441                                  0.00022216441
              5       2.7690829       2.3150541      -32.322006      0.35988677      0.58403203       2.8160689     -0.11151593       2.7509788        2.7509788     0.036208305                                    0.036208305
              3       2.8021506       1.4343602      -31.841132      0.37207171      0.97454149      0.33990484      0.86894128       2.7509788        2.7509788      0.10234356                                     0.10234356
             13        2.867978       1.6543147      -32.294799      0.38747099      0.87993983      0.66198828      0.75435301       2.7509788        2.7509788      0.23399847                                     0.23399847
              9       5.1811744       1.9860946      -31.797227      0.54923517       1.0389397      0.72374419      0.66218206       2.7509788        2.7509788       4.8603912                                      4.8603912
             13       3.8465236      0.77533119      -32.000354       0.2028581      0.98296265     0.072043853      0.96112943       2.7509788        2.7509788       2.1910896                                      2.1910896
              7       3.0112709       1.3714308      -32.362357      0.27417756      0.75108648      0.52729428      0.33685337       2.7509788        2.7509788      0.52058434                                     0.52058434
              2        3.301345       1.4653732      -32.057831      0.44062085       1.1296625      0.43938002   -0.0089518005       2.7509788        2.7509788       1.1007325                                      1.1007325
              1       3.3102711       1.6532762      -31.239822      0.44141737       1.0030808      0.46183305      0.97007134       2.7509788        2.7509788       1.1185846                                      1.1185846
              7       2.7527778       1.2948041      -30.884926      0.34763851       1.0086854      0.23954777     -0.44207681       2.7509788        2.7509788    0.0035980926                                   0.0035980926
              3       4.4526851       1.9404953      -30.496175       0.5154144      0.99787436      0.73915728      0.62473369       2.7509788        2.7509788       3.4034126                                      3.4034126
              1       4.9052724      0.57137825      -31.858294      0.14688292      0.96578288     0.044758858      0.73636324       2.7509788        2.7509788       4.3085872                                      4.3085872
              2       2.8392332       1.4361166       -30.38664      0.38149219      0.99799388      0.31312063      0.28815258       2.7509788        2.7509788      0.17650894                                     0.17650894
              5       4.0582274       1.8553433      -30.034592      0.49399243       1.0002946      0.63995967      0.92047908       2.7509788        2.7509788       2.6144973                                      2.6144973
              2       2.8199494       2.1063089      -32.369194      0.30708799      0.54773778       2.0500173     -0.20431229       2.7509788        2.7509788      0.13794118                                     0.13794118
              1       5.0651347       2.0129877      -32.217268      0.54422701       1.0157127      0.83935451      0.99295598       2.7509788        2.7509788       4.6283119                                      4.6283119
              2       3.1513814       1.7352836      -32.410644      0.25788154      0.55831812       1.1519877     -0.17764166       2.7509788        2.7509788      0.80080521                                     0.80080521
              7       2.7510202       1.2903002       -30.10113      0.34285528      0.99827912      0.24093376     -0.97973459       2.7509788        2.7509788   8.2787447e-05                                  8.2787447e-05
              1       3.0526925       1.5023273      -31.445381      0.41501976       1.0378537      0.34586823     -0.93246434       2.7509788        2.7509788      0.60342749                                     0.60342749
              2       2.9086139       1.4363617      -31.597481         0.39478       1.0325789      0.29072647      0.22726977       2.7509788        2.7509788      0.31527032                                     0.31527032
              2       2.7877471       1.2401356      -31.511137      0.31650941      0.95884712      0.21176491     -0.87788791       2.7509788        2.7509788     0.073536697                                    0.073536697
              1       3.0836015       1.5828444      -30.654655      0.41866882      0.99372067       0.4046021     -0.92391937       2.7509788        2.7509788      0.66524544                                     0.66524544
              1       2.9641284       1.5143967       -30.55872       0.4033741       1.0006916      0.36181768      0.96239142       2.7509788        2.7509788      0.42629928                                     0.42629928
              1       2.9467461       1.5097369      -30.263439      0.40081836      0.99742045      0.35813861     -0.99999993       2.7509788        2.7509788      0.39153455                                     0.39153455
              1       2.8521883       1.4438589       -30.24309      0.38429155      0.99992628      0.31899811      0.99890382       2.7509788        2.7509788      0.20241909                                     0.20241909
              1       3.3369216      0.90993369      -31.211614      0.24024156      0.99190552       0.1106754      0.70266676       2.7509788        2.7509788       1.1718856                                      1.1718856
              1       3.5261567       1.6184402      -32.438466      0.22495751      0.52219869      0.96457972     -0.25840675       2.7509788        2.7509788       1.5503558                                      1.5503558
              2       3.1136733      0.85574569       -32.19591      0.26194041       1.1499784     0.071751044     -0.49505001       2.7509788        2.7509788      0.72538913                                     0.72538913
              1        2.753539        1.323207      -31.014423      0.34872636      0.99012245      0.25076841    -0.024560627       2.7509788        2.7509788    0.0051204116                                   0.0051204116
              4        2.758122       1.2449521      -30.905545      0.33076453      0.99815555      0.21981518      0.94048583       2.7509788        2.7509788     0.014286523                                    0.014286523
              3       2.7578163       1.3078423      -31.124075      0.35299235       1.0140091      0.25635585     -0.18876696       2.7509788        2.7509788      0.01367495                                     0.01367495
              4       3.2132436       1.6247775      -31.172277      0.43238332      0.99978577      0.43586515      0.99979829       2.7509788        2.7509788      0.92452974                                     0.92452974
              3       2.9304101       1.9113448      -32.307208      0.39831083      0.78291569       1.2168416      0.45524886       2.7509788        2.7509788       0.3588626                                      0.3588626
              1       4.2035183      0.67021144      -31.268332      0.18178365       1.0190017     0.053935455     -0.40483784       2.7509788        2.7509788       2.9050791                                      2.9050791
              1       2.8812635       1.0827727      -31.190207      0.29401676       1.0201563      0.16005105     -0.99237511       2.7509788        2.7509788      0.26056945                                     0.26056945
              2       2.9783648       1.0585591       -31.04912      0.27860942      0.98880939       0.1550917     -0.15989251       2.7509788        2.7509788      0.45477203                                     0.45477203
              4       3.6001812      0.83193077      -31.096164      0.21949651      0.99122524     0.090970858      0.39532301       2.7509788        2.7509788       1.6984048                                      1.6984048
              7       2.7520271       1.6458721      -32.328092      0.34630412      0.79048472      0.78582569      0.46843095       2.7509788        2.7509788    0.0020965848                                   0.0020965848
              1       3.1232518       1.5901048      -30.719084      0.42310986      0.99967609      0.41077563       0.9962558       2.7509788        2.7509788      0.74454604                                     0.74454604
              3       2.7610378       1.2279972      -30.628011      0.32866723       1.0055205      0.21321799     -0.92387859       2.7509788        2.7509788     0.020118001                                    0.020118001
              2       3.7361956       1.8555907      -31.835677       0.4739498      0.95958197      0.71575886      0.73088171       2.7509788        2.7509788       1.9704336                                      1.9704336
              3       2.7914566       1.3937676      -31.062114      0.36874554      0.99395868      0.28663818      0.70134125       2.7509788        2.7509788     0.080955651                                    0.080955651
              2       3.8106563       1.6362445      -32.461276      0.20515475      0.47104815      0.98948258     -0.36597108       2.7509788        2.7509788       2.1193551                                      2.1193551
             24       3.4160672       2.5933205      -32.243484      0.45041329      0.65250962       4.3827351     0.093336105       2.7509788        2.7509788       1.3301768                                      1.3301768
              4       3.8562366       1.7698807      -31.185809      0.48175735       1.0226247      0.56111891     -0.95201057       2.7509788        2.7509788       2.2105157                                      2.2105157
              3        3.983444       1.7931262       -31.25943      0.48958091       1.0257595      0.56504623     -0.83752621       2.7509788        2.7509788       2.4649305                                      2.4649305
              6       2.8621753      0.94992261      -32.157097      0.29767094        1.177281      0.11091603     -0.98902636       2.7509788        2.7509788      0.22239311                                     0.22239311
              8       4.3579663       1.8886015       -32.22736      0.51051909       1.0155553      0.67842589       0.9928231       2.7509788        2.7509788        3.213975                                       3.213975
              3       6.1525286       2.2755161      -31.509636      0.58717787      0.96944167       1.2128019      0.38717666       2.7509788        2.7509788       6.8030997                                      6.8030997
              6       4.1665526       1.8846595      -30.436499      0.50016454      0.99703845      0.67486786    0.0093484571       2.7509788        2.7509788       2.8311476                                      2.8311476
              4       2.7669378       1.3492799       -30.65861      0.35879371      0.99902112      0.26819622      0.94990748       2.7509788        2.7509788     0.031918129                                    0.031918129
             20       2.9204557       1.4891676      -30.160531      0.39672656       1.0008745      0.34467452      0.60091721       2.7509788        2.7509788      0.33895381                                     0.33895381
              1       2.9731579       1.5182311      -30.148433      0.40466059       1.0013478      0.36235522     0.026531109       2.7509788        2.7509788      0.44435824                                     0.44435824
             11       3.0269586       1.5443128      -30.142085      0.41183635        1.001893      0.37978146     -0.93174906       2.7509788        2.7509788      0.55195968                                     0.55195968
              7       3.1123707       1.5885008      -30.174513      0.42191569      0.99786124      0.41028576     -0.98392511       2.7509788        2.7509788      0.72278379                                     0.72278379
              3       2.8208402         1.19012      -31.385913      0.30686324       0.9686927      0.20421521     -0.84781797       2.7509788        2.7509788      0.13972293                                     0.13972293
              7        3.814122       1.8908108      -31.495619      0.47906884      0.95187903      0.68931024     -0.96863811       2.7509788        2.7509788       2.1262864                                      2.1262864
              5       4.0342967      0.72599729       -31.15103       0.1914052      0.99049125     0.068106394      0.43896702       2.7509788        2.7509788       2.5666359                                      2.5666359
              2       3.2748884      0.92175021       -30.14789      0.24577874       1.0017584      0.11103729     -0.99873741       2.7509788        2.7509788       1.0478193                                      1.0478193
              1       3.1825629      0.95952909       -30.46339      0.25466756      0.99711994      0.12061599     -0.19825284       2.7509788        2.7509788      0.86316827                                     0.86316827
              3       4.6370736      0.65617801      -31.892165      0.15943202      0.91282134     0.063008949     -0.37140776       2.7509788        2.7509788       3.7721897                                      3.7721897
              2       2.9829375       1.5362481      -32.378736      0.27797521      0.67979291      0.76804414      0.13242942       2.7509788        2.7509788      0.46391735                                     0.46391735
             12       2.8785359       1.4852679      -32.357127       0.2945217      0.74497967      0.64832707       0.3213168       2.7509788        2.7509788      0.25511424                                     0.25511424
              2       2.7717525        1.493667      -32.331083      0.32283982      0.81201718      0.58579792      0.53212599       2.7509788        2.7509788     0.041547366                                    0.041547366
              1       2.8340172       1.5031668      -31.851063      0.38030738      0.95051613      0.40632609      0.56559594       2.7509788        2.7509788      0.16607688                                     0.16607688
              4       2.8751937       1.2547804      -32.317239      0.29514782       0.8836978       0.3245589      0.75570084       2.7509788        2.7509788      0.24842993                                     0.24842993
              1       2.7514744       1.2941644      -30.508517      0.34495942       1.0014066      0.24178433        0.786493       2.7509788        2.7509788   0.00099119229                                  0.00099119229
              2       2.7979352       1.1789415      -30.459972      0.31319352      0.99805027      0.19533289      0.48102848       2.7509788        2.7509788     0.093912784                                    0.093912784
              2       2.7961521       1.3813505      -30.994969      0.37025426       1.0069968      0.27990534      0.45086205       2.7509788        2.7509788     0.090346669                                    0.090346669
              1       3.5416636        0.869574      -31.990591      0.22379263      0.96687683     0.087784512      0.84136455       2.7509788        2.7509788       1.5813696                                      1.5813696
              6       3.1773235      0.91097286      -31.807326      0.25519929       1.0524608     0.094891664     0.060553463       2.7509788        2.7509788      0.85268944                                     0.85268944
              1       2.8070588       1.3819313      -31.607528       0.3734809       1.0153455      0.27278676      0.83849132       2.7509788        2.7509788      0.11216011                                     0.11216011
              6       2.8400857       1.3783404      -31.592583      0.38168245       1.0403456      0.26207765     -0.23808702       2.7509788        2.7509788      0.17821379                                     0.17821379
              4       2.7546292       1.1445182      -32.191873      0.35003182       1.1489913      0.13737796     -0.40282799       2.7509788        2.7509788    0.0073008325                                   0.0073008325
              2       2.7525864       1.2036775      -32.248759      0.33666993       1.0508146      0.17638335      0.89159725       2.7509788        2.7509788    0.0032152145                                   0.0032152145
              2       2.8382437       1.1406935      -30.356499      0.30272983      0.99705281      0.17954115     -0.94380984       2.7509788        2.7509788      0.17452988                                     0.17452988
              5       2.9339945       1.2018364      -31.923643       0.2851295      0.89130984       0.1960356      -0.9860354       2.7509788        2.7509788      0.36603146                                     0.36603146
              4       3.0365251        1.018597      -30.403639      0.27096356      0.99940244      0.13901472      0.93544277       2.7509788        2.7509788      0.57109271                                     0.57109271
              3       2.7543054       1.2552853      -31.144059      0.33433266        1.000618      0.22511369      0.99778461       2.7509788        2.7509788    0.0066532476                                   0.0066532476
              5       2.7555018       1.2561312      -31.581826      0.35094037       1.0496155      0.21984319     -0.94784481       2.7509788        2.7509788    0.0090459649                                   0.0090459649
              1       2.7947263       1.2328538      -31.504237       0.3141952       0.9574583      0.21827523     -0.98622069       2.7509788        2.7509788     0.087495125                                    0.087495125
              1       2.7974264       1.1803165      -31.537955      0.31334999      0.99738569      0.19324715      0.99334999       2.7509788        2.7509788     0.092895318                                    0.092895318
              2       3.3139802      0.99064674      -31.881799      0.24225352      0.91872005      0.15499702     -0.15825184       2.7509788        2.7509788       1.1260029                                      1.1260029
              7       3.5433699      0.82826013      -31.467325      0.22366515       1.0145267     0.083963817      0.67783463       2.7509788        2.7509788       1.5847823                                      1.5847823
              5       3.2329219      0.87877271        -31.7574      0.24971295       1.0675702      0.11098377     -0.56037844       2.7509788        2.7509788      0.96388632                                     0.96388632
             10       2.7664958       1.3591614      -31.314284      0.35855947       0.9911105      0.26675573      0.79310517       2.7509788        2.7509788     0.031033962                                    0.031033962
              3        3.170801      0.96979867      -30.837415      0.25586581      0.99120298      0.12458533     -0.98496638       2.7509788        2.7509788      0.83964443                                     0.83964443
             25       3.4598024      0.86944298      -30.841727      0.23007891      0.99418595     0.096219785       0.1155637       2.7509788        2.7509788       1.4176472                                      1.4176472
              5       2.7518178       1.4036968      -31.942385      0.33814929      0.90503858      0.25387028     -0.46477238       2.7509788        2.7509788    0.0016781291                                   0.0016781291
              2       2.7835061       1.3988119      -31.163605      0.36597547       0.9829345      0.28656435     -0.50468278       2.7509788        2.7509788     0.065054692                                    0.065054692
              1       2.8687426       1.1072691      -30.682133      0.29638068       1.0056078      0.16927719     -0.58415328       2.7509788        2.7509788      0.23552767                                     0.23552767
              5       2.9782712        2.087393      -32.391234      0.27862247      0.50146871       2.0000957     -0.31122427       2.7509788        2.7509788      0.45458486                                     0.45458486
              4       2.9992718       1.5052053      -31.266665      0.40824072       1.0189491       0.3417877     -0.12050525       2.7509788        2.7509788      0.49658596                                     0.49658596
              3       2.9485423       1.4985769      -31.242038      0.40108759       1.0055232      0.35723493      0.89886674       2.7509788        2.7509788      0.39512713                                     0.39512713
              5       3.5177797      0.88167574      -31.693233      0.22559164      0.96127143     0.091020141      0.15435637       2.7509788        2.7509788       1.5336018                                      1.5336018
              4       3.0777946       1.5310122      -31.600475      0.41799664       1.0257135      0.34691369      0.54793054       2.7509788        2.7509788      0.65363163                                     0.65363163
             10       2.9510143       1.5442482      -31.220583       0.4014561      0.97668132      0.38356437     -0.96760329       2.7509788        2.7509788      0.40007108                                     0.40007108
              4        4.158437        1.904242      -30.967727       0.4997105      0.98588951      0.68869421     -0.95500648       2.7509788        2.7509788       2.8149165                                      2.8149165
              2       2.7561678       1.2472654      -30.490346      0.33242395       1.0013026      0.22299028      0.79918346       2.7509788        2.7509788     0.010378077                                    0.010378077
              3       2.8112958       1.4081381      -30.397686      0.37464847      0.99956408      0.29895848      0.96881378       2.7509788        2.7509788      0.12063404                                     0.12063404
              4       2.8333046       1.4272535      -30.558808      0.38014266       1.0006389      0.31039465      0.96673237       2.7509788        2.7509788      0.16465168                                     0.16465168
              1       2.8800743       1.1041576      -30.941991      0.29423625       1.0011451      0.16740228      0.97991865       2.7509788        2.7509788      0.25819097                                     0.25819097
              4        2.831761       1.7292344      -32.369449      0.30421663      0.66093841       1.0692799     0.083878652       2.7509788        2.7509788      0.16156444                                     0.16156444
              2       5.6922194       2.1684428      -31.010108      0.56998597      0.98752505       1.0496676    -0.069580723       2.7509788        2.7509788       5.8824812                                      5.8824812
              1       5.4495074       2.0962352      -30.590122      0.56037673       1.0043198      0.95861964     0.091170144       2.7509788        2.7509788       5.3970573                                      5.3970573
              2       4.3845604       1.9084417      -30.917741      0.51190778       1.0077313      0.68576787      0.25455438       2.7509788        2.7509788       3.2671632                                      3.2671632
              2       2.9945141       1.1446239      -31.947358      0.27639698      0.90719869      0.15475579     -0.49216334       2.7509788        2.7509788      0.48707068                                     0.48707068
              1         3.06068       1.6151174      -31.380911         0.41598       0.9676098      0.44520064      -0.7096649       2.7509788        2.7509788      0.61940241                                     0.61940241
              1       2.8988704       1.4584321      -31.026571      0.39312279       1.0126839      0.33419704     -0.45649976       2.7509788        2.7509788      0.29578318                                     0.29578318
              2       2.7523171       1.3013132       -30.04927      0.34686328       1.0014019      0.24642995     -0.84380835       2.7509788        2.7509788    0.0026767169                                   0.0026767169
              3       4.3876276       1.9267526      -30.396669      0.51206721      0.99846521      0.71604931      0.68651438       2.7509788        2.7509788       3.2732976                                      3.2732976
              7       2.8231226       1.4262164      -30.695671      0.37770609      0.99494824       0.3059372     -0.10678299       2.7509788        2.7509788      0.14428758                                     0.14428758
              5       3.5181101        1.727656       -31.17034      0.45843343      0.99689847      0.51342472      0.95897891       2.7509788        2.7509788       1.5342626                                      1.5342626
              9       3.0504856       1.5602859      -31.412209      0.41475222       0.9986572      0.38939634      0.99728527       2.7509788        2.7509788      0.59901368                                     0.59901368
              5       3.2446646      0.97011198      -31.693699      0.24859542      0.96272704      0.11261751      0.23522689       2.7509788        2.7509788      0.98737169                                     0.98737169
              8       2.9618113       1.4915117      -31.543443       0.4030396       1.0152032      0.36317299      0.81368012       2.7509788        2.7509788      0.42166503                                     0.42166503
              9       3.0187818       1.1120284      -31.876258        0.273206       0.9230097      0.20184786    -0.031457718       2.7509788        2.7509788      0.53560602                                     0.53560602
              8       2.8764268       1.0535764      -32.029674      0.29491584       1.0516325      0.17636988      0.76479142       2.7509788        2.7509788      0.25089614                                     0.25089614
             13       2.9065615       1.7600195      -32.383296      0.28956473      0.61810192       1.1620022    -0.030084027       2.7509788        2.7509788      0.31116541                                     0.31116541
              1        5.218081       2.0402403      -30.947398      0.55080285       1.0142541      0.86614051       -0.999892       2.7509788        2.7509788       4.9342044                                      4.9342044
              4       4.9310377       2.0504022      -30.929523      0.53828042      0.98628276      0.88016208     -0.99847931       2.7509788        2.7509788       4.3601179                                      4.3601179
              1       4.8599826       2.0013374      -30.530834      0.53505521       1.0044081      0.81821455      -0.3284628       2.7509788        2.7509788       4.2180076                                      4.2180076
             12       2.7577598       1.3200073      -30.548265      0.35294688       1.0045347      0.25374244     -0.82111058       2.7509788        2.7509788     0.013562043                                    0.013562043
              2       2.9362456       1.4967154      -30.190142      0.39921919       1.0020839      0.35063693     -0.89615427       2.7509788        2.7509788      0.37053364                                     0.37053364
              1       3.7607052       1.6482251      -31.763286      0.47558101       1.0840265      0.45921925     -0.99403707       2.7509788        2.7509788       2.0194529                                      2.0194529
              2       2.8883785       1.6356216      -31.878751      0.39127604      0.89873644      0.51756491     -0.48581868       2.7509788        2.7509788      0.27479949                                     0.27479949
              2       3.0046631       1.0522648       -31.16254      0.27504397       0.9819944      0.14695085     -0.85754894       2.7509788        2.7509788      0.50736869                                     0.50736869
              4       2.7878234       1.1004282      -32.237125      0.31648299       1.0804896      0.13070723        0.676464       2.7509788        2.7509788     0.073689221                                    0.073689221
              8       3.9385976       1.8354689      -30.472017      0.48687097      0.99654925      0.62275634     -0.17480454       2.7509788        2.7509788       2.3752376                                      2.3752376
              7        4.349445       1.9230216      -30.614942       0.5100717      0.99650383      0.72032967       0.4066066       2.7509788        2.7509788       3.1969325                                      3.1969325
              1        8.018134       2.1369311      -32.156444      0.64709206       1.1376468      0.80736513      0.16789892       2.7509788        2.7509788        10.53431                                       10.53431
              3       5.6742576       0.4629879       -31.97205      0.11471123      0.93082539      0.02152918      0.12899472       2.7509788        2.7509788       5.8465577                                      5.8465577
              7         2.75226       1.3034378      -30.112686      0.34675835       0.9994672      0.24671228      0.83591308       2.7509788        2.7509788    0.0025624612                                   0.0025624612
              2       2.7515384       1.2754826      -30.186864      0.33885527      0.99809437      0.23498375     -0.66595264       2.7509788        2.7509788    0.0011192113                                   0.0011192113
              2       3.0592662       1.5605288      -30.160407      0.41581094       1.0010506      0.38983745      0.44656793       2.7509788        2.7509788      0.61657477                                     0.61657477
              5       3.1017106      0.92702238      -32.248949      0.26327178       1.0669548     0.091304078      0.78453899       2.7509788        2.7509788      0.70146366                                     0.70146366
              1       2.7510513       1.3617159       -31.67148      0.34086782       0.9404407      0.26054734     -0.84136955       2.7509788        2.7509788   0.00014507001                                  0.00014507001
              1        2.944682       1.1371436      -32.301224      0.28349254      0.93660886      0.22215231      0.90612412       2.7509788        2.7509788      0.38740637                                     0.38740637
              1       3.8459528         1.23305      -32.425659      0.20289435      0.61818887      0.47672835    -0.033204344       2.7509788        2.7509788       2.1899481                                      2.1899481
              4        2.928573       1.0588517      -31.249479      0.28597818       1.0146814       0.1573759      0.21753494       2.7509788        2.7509788      0.35518839                                     0.35518839
              3        2.752027       1.2826499       -31.03164        0.346304       1.0143347      0.23663773     -0.98519243       2.7509788        2.7509788    0.0020964747                                   0.0020964747
              5        2.865885        1.206393      -32.303148      0.29693758      0.92471577      0.26436171      0.87590744       2.7509788        2.7509788      0.22981235                                     0.22981235
              7       3.1912628       1.6129453      -30.222994      0.43020827       1.0020538      0.42875932     -0.49783055       2.7509788        2.7509788      0.88056796                                     0.88056796
              2       3.9679397       1.6581585       -32.47355      0.19535031      0.44260874       1.0150339     -0.42234893       2.7509788        2.7509788       2.4339218                                      2.4339218
              1       4.1228651        1.873681      -30.475481      0.49770477      0.99794837      0.65551254      0.59603158       2.7509788        2.7509788       2.7437727                                      2.7437727
              2        2.967407       1.4188807      -31.747896      0.40384432       1.0693011        0.341588     -0.45171304       2.7509788        2.7509788       0.4328565                                      0.4328565
              1       3.1229287       1.6206321      -31.402856      0.42307465      0.98076392      0.41259031      0.40777594       2.7509788        2.7509788      0.74389978                                     0.74389978
              1       3.3169671      0.90799463      -30.125902      0.24198927       1.0012551       0.1070959     -0.15747149       2.7509788        2.7509788       1.1319767                                      1.1319767
              3       3.4697983      0.86271005      -30.061476      0.22929251      0.99852037     0.095920144     -0.91849565       2.7509788        2.7509788        1.437639                                       1.437639
              2       2.8285808       1.1473918      -30.383583      0.30496782      0.99856006      0.18307208      0.59618778       2.7509788        2.7509788      0.15520396                                     0.15520396
              2       2.9998126       1.0403758      -30.540849      0.27568717       0.9955389      0.14528259     -0.97006026       2.7509788        2.7509788      0.49766766                                     0.49766766
              2         3.44616         1.65902      -31.254309      0.45283882       1.0254723      0.47006931     -0.89301642       2.7509788        2.7509788       1.3903625                                      1.3903625
              1       3.8064733      0.77033788      -30.184084      0.20542511       1.0018534     0.075266516     -0.92530699       2.7509788        2.7509788       2.1109891                                      2.1109891
             11       3.1532179       1.6216169      -30.970361      0.42631115      0.98766658      0.42775485     -0.72284783       2.7509788        2.7509788       0.8044783                                      0.8044783
              3       3.5821549       1.5074375       -32.43568      0.22080369      0.55029928      0.80013707     -0.19470067       2.7509788        2.7509788       1.6623523                                      1.6623523
              1       3.9578844      0.72675539      -31.137975      0.19595742       1.0129905     0.064493167     -0.17689945       2.7509788        2.7509788       2.4138112                                      2.4138112
              8       4.3180718      0.65443909      -31.275982      0.17558586       1.0079807     0.051826528      0.76260198       2.7509788        2.7509788        3.134186                                       3.134186
              2       3.5937144      0.80074977      -31.601761      0.21996384       1.0320159     0.075195121      0.12068253       2.7509788        2.7509788       1.6854713                                      1.6854713
              1       2.7558591       1.3075126      -30.917835      0.35128682       1.0093642      0.24503013     -0.43603386       2.7509788        2.7509788    0.0097606425                                   0.0097606425
              2       2.7526098       1.3010074      -31.398603      0.33663123      0.97209017      0.23451624     -0.44144229       2.7509788        2.7509788     0.003262076                                    0.003262076
              1       4.1945284       1.9029075      -31.526228      0.50171978      0.99054787      0.67466024      0.93168885       2.7509788        2.7509788       2.8870992                                      2.8870992
              7       4.0405878       1.8506142      -30.172536      0.49296347       1.0007619      0.63310423      0.76104921       2.7509788        2.7509788        2.579218                                       2.579218
              2       3.3407107       1.6378175      -32.242892      0.44408694       1.0186721      0.43665422      0.98875096       2.7509788        2.7509788       1.1794639                                      1.1794639
              4        3.433928       1.6658002       -31.60216      0.45185936       1.0190894      0.44346892      0.77103692       2.7509788        2.7509788       1.3658984                                      1.3658984
              3       3.3204278       2.3974398      -32.391481      0.24168398      0.37873205       3.1001755     -0.57047264       2.7509788        2.7509788       1.1388981                                      1.1388981
              3       4.7483593       1.9945255      -30.903189      0.52987684      0.99808437      0.79943765      0.95418122       2.7509788        2.7509788        3.994761                                       3.994761
              1       4.5198399       1.9559099      -30.365455      0.51880304        0.996519      0.75200468     -0.83418594       2.7509788        2.7509788       3.5377222                                      3.5377222
              7        2.833034       1.4239771      -30.307288      0.38007991       1.0027758      0.30802905     -0.99889878       2.7509788        2.7509788      0.16411044                                     0.16411044
              6       3.0226859       1.5343417      -30.877308      0.41129364        1.007075      0.37986039      0.12236253       2.7509788        2.7509788      0.54341421                                     0.54341421
              3       3.0010953       1.5580293      -31.097377      0.40848353      0.98498777      0.39909595     -0.40710594       2.7509788        2.7509788      0.50023305                                     0.50023305
              1       2.7748279       1.1945102      -30.948369      0.32147045       1.0110744      0.20289154     -0.75882221       2.7509788        2.7509788     0.047698333                                    0.047698333
              6       4.2698563       1.8995986      -30.086828      0.50583408       1.0004103      0.68835441       0.8926437       2.7509788        2.7509788       3.0377551                                      3.0377551
              3       2.8153038       1.4297732      -31.057809      0.37571575      0.98724324      0.30411746     -0.34731839       2.7509788        2.7509788      0.12865003                                     0.12865003
              2       2.8359709       1.1256216       -30.98707      0.30324461       1.0121214      0.17657024     -0.79897677       2.7509788        2.7509788      0.16998415                                     0.16998415
              5       2.8928411       1.0948653      -30.998394      0.29193014       1.0017288      0.16263085      0.96429722       2.7509788        2.7509788       0.2837246                                      0.2837246
              4        2.918187       1.5205419      -31.227326      0.39635903      0.97931473      0.35431529     -0.57538778       2.7509788        2.7509788       0.3344165                                      0.3344165
              2       5.1027866       2.3460877      -32.508035      0.13813449      0.22120238       2.1476028     -0.80840172       2.7509788        2.7509788       4.7036156                                      4.7036156
              1       5.2501065       2.0759526      -31.526531      0.55215372      0.99925077      0.91938512       0.9996257       2.7509788        2.7509788       4.9982555                                      4.9982555
              2       2.7915491       1.4904493      -31.862605      0.36877608      0.92956004      0.40999237      0.18709217       2.7509788        2.7509788       0.0811406                                      0.0811406
              6       2.9208968       1.6864571      -31.912633      0.39679774      0.88394615      0.46458792     -0.97561914       2.7509788        2.7509788      0.33983613                                     0.33983613
              1       4.4234994      0.64437308      -30.965487      0.17007913      0.99162063     0.052534744    -0.045543845       2.7509788        2.7509788       3.3450413                                      3.3450413
              2       2.9895812       1.4861766      -31.428657      0.40693521       1.0286953      0.36472015     -0.11321577       2.7509788        2.7509788      0.47720475                                     0.47720475
              6       2.8597634       1.1331698      -31.533775      0.29815434      0.98850318      0.17078786      0.86326451       2.7509788        2.7509788      0.21756921                                     0.21756921
              4       2.8933873       1.0978796      -30.582549      0.29183385      0.99864899      0.16529978      0.85462995       2.7509788        2.7509788        0.284817                                       0.284817
              1       2.7806476       1.2503061      -31.499711      0.31910222      0.95883838      0.23182239     -0.83863616       2.7509788        2.7509788     0.059337734                                    0.059337734
              8       3.6375133       1.8201587      -31.388197      0.46716724      0.96426196      0.59146989       -0.923771       2.7509788        2.7509788        1.773069                                       1.773069
              6       2.8728965       1.4484712      -31.998531      0.38841691       1.0074423      0.33175066      0.99433092       2.7509788        2.7509788      0.24383537                                     0.24383537
              2       2.7736674       1.3741787       -30.97266       0.3620238      0.98975074      0.27620699      -0.3092137       2.7509788        2.7509788     0.045377157                                    0.045377157
              7       3.5623813       1.7355007      -30.143425        0.461746      0.99956323      0.52536395      0.91829259       2.7509788        2.7509788        1.622805                                       1.622805
              4       3.5941567        1.784447      -31.619152      0.46406818      0.97703483      0.60655862      0.74292401       2.7509788        2.7509788       1.6863559                                      1.6863559
             11       3.4172595       1.7748463      -31.679583      0.45051043      0.95362143      0.50841261     0.063556754       2.7509788        2.7509788       1.3325614                                      1.3325614
              1       3.0266806        1.524265      -31.073275      0.41180116       1.0149836      0.37495103     -0.59581817       2.7509788        2.7509788      0.55140359                                     0.55140359
              2       3.0184883      0.93957681      -32.234641       0.2732437       1.0925713     0.088230289      0.53248388       2.7509788        2.7509788      0.53501914                                     0.53501914
              8       2.7916981       1.1912292      -30.716244       0.3151748      0.99400385      0.19719712     -0.53525317       2.7509788        2.7509788     0.081438613                                    0.081438613
              4       2.8842508        1.469785      -32.356224      0.29346977      0.75013853      0.62654012      0.33659794       2.7509788        2.7509788      0.26654402                                     0.26654402
              3       2.8145314        1.395143      -31.465956      0.37551272       1.0112018      0.28282161      0.83761678       2.7509788        2.7509788      0.12710531                                     0.12710531
             14       2.8774289      0.93867294      -32.142651      0.29472816       1.1796122      0.11908158     -0.98462422       2.7509788        2.7509788      0.25290029                                     0.25290029
              8       4.0572603      0.79823944      -32.330262       0.1900638      0.89453668      0.11406313      0.78187932       2.7509788        2.7509788       2.6125631                                      2.6125631
              1       2.8300057        1.376951      -31.555854      0.37937063       1.0350877      0.30672989     0.054301559       2.7509788        2.7509788      0.15805391                                     0.15805391
              4       3.3029458      0.92635803      -31.286871      0.24323583      0.98646252      0.11666482      0.42178783       2.7509788        2.7509788       1.1039341                                      1.1039341
              3       3.2395847      0.97342054      -31.499842      0.24907721      0.96131432      0.13122625     -0.73819158       2.7509788        2.7509788      0.97721188                                     0.97721188
              4       3.8790912       1.8194336      -30.638832      0.48319491      0.99774158      0.59908392      0.76140844       2.7509788        2.7509788       2.2562249                                      2.2562249
              1       3.0316424        1.539738       -30.79297      0.41242647       1.0063096       0.3823352    -0.030010804       2.7509788        2.7509788      0.56132721                                     0.56132721
              1       2.9040705       1.4819392      -30.079918      0.39401381       0.9988792      0.34207259       0.1589144       2.7509788        2.7509788      0.30618337                                     0.30618337
              2       3.0811582      0.99694728      -30.040961      0.26561328       1.0009434      0.13188408    0.0031887841       2.7509788        2.7509788      0.66035895                                     0.66035895
             12       2.7942709       1.1755773      -30.643462      0.31434033       1.0045714      0.19476276     -0.23287579       2.7509788        2.7509788      0.08658415                                     0.08658415
              2       3.0791078       1.0414569      -31.856406      0.26585084      0.95902218      0.16529225      0.65691401       2.7509788        2.7509788      0.65625796                                     0.65625796
              1       2.7569858       1.2857114      -31.341181      0.35230321       1.0294495      0.23996275     -0.99545162       2.7509788        2.7509788      0.01201406                                     0.01201406
              5       3.1436519       1.6064347      -30.738675      0.42530257      0.99464213      0.41779284     0.050943901       2.7509788        2.7509788      0.78534617                                     0.78534617
              4       2.7547344       1.2483387      -30.562991      0.33385325       1.0047432      0.22180401     -0.90463773       2.7509788        2.7509788    0.0075112567                                   0.0075112567
              4       4.2048742       2.1434533      -31.905541      0.50229111       0.8803865      0.92828271     -0.74903898       2.7509788        2.7509788       2.9077908                                      2.9077908
              3       4.7540022       2.0203324      -31.818352      0.53014205      0.98582842      0.87778076      0.96534896       2.7509788        2.7509788       4.0060468                                      4.0060468
              3       4.0187331       1.7413906      -31.791616      0.49167884       1.0607602      0.46833369    -0.002289435       2.7509788        2.7509788       2.5355086                                      2.5355086
              2       5.4930443       2.1278778      -30.670911      0.56213128       0.9924828       1.0073255     -0.85779282       2.7509788        2.7509788       5.4841311                                      5.4841311
              9        2.775704        1.172361       -31.34259      0.32109677        1.028979      0.19151885     -0.99992329       2.7509788        2.7509788     0.049450534                                    0.049450534
              4        2.922738       1.2941038      -32.081237      0.39709382       1.1528053      0.31783112     -0.35607032       2.7509788        2.7509788      0.34351849                                     0.34351849
              2       3.7743918      0.77624567      -30.643789      0.20751671       1.0043517     0.077126173     -0.22855381       2.7509788        2.7509788       2.0468261                                      2.0468261
              1        2.754176       1.2379551      -31.125344      0.33448322       1.0150826      0.22402533      -0.4045406       2.7509788        2.7509788    0.0063945192                                   0.0063945192
              5       2.9587547       1.5101522       -30.07788      0.40259551       1.0015673      0.35891362     -0.83280066       2.7509788        2.7509788      0.41555185                                     0.41555185
              1       2.7578012        1.238809      -32.002504      0.33101978       1.0038793      0.22246158      0.99835028       2.7509788        2.7509788     0.013644768                                    0.013644768
              7       2.7857799        1.725917      -32.358447       0.3172007      0.69047211       1.0318707      0.16685454       2.7509788        2.7509788     0.069602226                                    0.069602226
             16       2.7700529       1.3677629      -31.919724      0.32364034      0.88896311      0.26937812     -0.98822091       2.7509788        2.7509788     0.038148174                                    0.038148174
              3       2.9835179       1.1557318      -31.943362      0.27789516      0.90334954      0.16062599      -0.6191387       2.7509788        2.7509788      0.46507819                                     0.46507819
              8       2.8999855       1.4802197      -31.172341      0.39331518       0.9982664       0.3384017      0.98585931       2.7509788        2.7509788      0.29801352                                     0.29801352
              3       2.8834471       1.1034355      -30.195233      0.29361632      0.99968954      0.16636119      0.96104872       2.7509788        2.7509788      0.26493666                                     0.26493666
              2       2.9445047       1.0624667      -30.299413      0.28351931       1.0025343      0.15247008     -0.94942081       2.7509788        2.7509788      0.38705194                                     0.38705194
              3       2.8369426       1.1407457      -30.330045       0.3030237      0.99797503      0.17902597    -0.034226813       2.7509788        2.7509788      0.17192761                                     0.17192761
              4        2.923785       1.0785387      -30.552024      0.28673852      0.99880847      0.15861151      0.86936674       2.7509788        2.7509788      0.34561241                                     0.34561241
              1        2.977484       1.0429579      -30.857374      0.27873231       1.0040434      0.14460349      0.61848904       2.7509788        2.7509788      0.45301047                                     0.45301047
              3       2.9303401       1.0659023      -30.820913      0.28570015       1.0069896      0.15592398     -0.30597398       2.7509788        2.7509788      0.35872265                                     0.35872265
              2       4.2207977       1.8947533      -30.393316       0.5031665      0.99767931      0.68562254      0.26306486       2.7509788        2.7509788       2.9396378                                      2.9396378
              1       4.1271386       1.8732617      -30.353889      0.49794709      0.99865773      0.66075158      0.70197944       2.7509788        2.7509788       2.7523196                                      2.7523196
              6       3.1768152        1.580437      -31.266191      0.42874896       1.0191962       0.3890638     -0.11611361       2.7509788        2.7509788      0.85167287                                     0.85167287
              2       2.8905841        1.096719      -30.413145      0.29233004       1.0014055      0.16349305      0.64684977       2.7509788        2.7509788      0.27921064                                     0.27921064
              6       2.7743275        1.362269      -30.004034      0.36231304      0.99920132      0.27495484      0.40943625       2.7509788        2.7509788     0.046697539                                    0.046697539
              4       3.3560437       1.6790426      -30.497381      0.44540555      0.99661136      0.48091761    -0.092234876       2.7509788        2.7509788       1.2101299                                      1.2101299
             10       2.7829672       1.3362258      -31.337102      0.36577603       1.0284124       0.2698186     -0.81804439       2.7509788        2.7509788     0.063976851                                    0.063976851
              2       2.8271313       1.1633069      -31.166624      0.30531529      0.98602104      0.18249076    -0.081372556       2.7509788        2.7509788      0.15230509                                     0.15230509
              2       2.9696946       1.0419528      -30.884752       0.2798297       1.0089687      0.14423763     -0.65510427       2.7509788        2.7509788       0.4374317                                      0.4374317
              7       2.7510519       1.2869402      -30.260733      0.34313639       1.0017061      0.23860118    0.0025816952       2.7509788        2.7509788   0.00014615014                                  0.00014615014
              4       3.6173918       1.0727831       -32.37328      0.21826136       0.7643581      0.29101887      0.37065601       2.7509788        2.7509788        1.732826                                       1.732826
              7       3.0491439       1.5554688      -30.082571      0.41458908       1.0013559      0.38851347     -0.32164887       2.7509788        2.7509788      0.59633027                                     0.59633027
              6       3.1195108        1.633864      -31.482676      0.42270128      0.97196267      0.47320293      0.22806344       2.7509788        2.7509788      0.73706399                                     0.73706399
              6         2.95645       1.5431918      -31.287353      0.40225851      0.97930336       0.3959526     -0.10255638       2.7509788        2.7509788      0.41094245                                     0.41094245
              7       2.9190474       1.0919966      -31.623502       0.2875013      0.98912334      0.16852074       0.9238057       2.7509788        2.7509788      0.33613725                                     0.33613725
              3       2.7551088        1.287112      -31.298578       0.3334568      0.97331889      0.23964896     -0.99993444       2.7509788        2.7509788    0.0082601069                                   0.0082601069
              5       2.7528738       1.2820913       -31.05543       0.3362131      0.98520723      0.23489865     -0.90682321       2.7509788        2.7509788    0.0037899789                                   0.0037899789
              1       3.0498886       1.0103858      -30.236934      0.26932033       1.0014143      0.13673925      0.16898562       2.7509788        2.7509788      0.59781972                                     0.59781972
             14       2.8908753        1.275511      -32.184899      0.39172174       1.1537863      0.17999533     -0.46186148       2.7509788        2.7509788      0.27979302                                     0.27979302
             12       2.8111583       1.7371139      -32.313575      0.37461123      0.81018543      0.87895916      0.53504367       2.7509788        2.7509788      0.12035906                                     0.12035906
              8       4.9623109      0.52047473      -32.033157      0.14431676       1.0417153     0.037956508      0.82863322       2.7509788        2.7509788       4.4226643                                      4.4226643
              2       5.8990852      0.39835089      -30.699844       0.1061328       1.0009577     0.019157137      0.95103787       2.7509788        2.7509788       6.2962128                                      6.2962128
              3       4.8422154       1.3975303      -32.520919       0.1497597      0.40259246      0.64491653     -0.48833347       2.7509788        2.7509788       4.1824733                                      4.1824733
              5       2.8491071       1.0192336      -32.059769      0.30035718       1.1071238      0.18251086      0.20344504       2.7509788        2.7509788      0.19625668                                     0.19625668
              1       3.0573925        1.024204      -31.997473      0.26841371      0.98457804      0.13390124      0.96969835       2.7509788        2.7509788      0.61282738                                     0.61282738
              6        3.921895       0.7802634      -31.862679      0.19815136      0.95408648     0.088745492      0.56251124       2.7509788        2.7509788       2.3418324                                      2.3418324
              7       3.2237001       0.8047238      -32.172524      0.25060015       1.1699476       0.0711052     -0.90743802       2.7509788        2.7509788      0.94544275                                     0.94544275
              1        3.081416        1.331506       -32.11078      0.41841653        1.180586      0.30436778     -0.82454988       2.7509788        2.7509788      0.66087441                                     0.66087441
              1       2.8783664       1.3232371      -32.049725      0.38944675       1.1057128      0.33466241      0.25368851       2.7509788        2.7509788      0.25477527                                     0.25477527
              4       3.3084764       1.6159489       -31.25734      0.44125773       1.0258802      0.42972433     -0.99992904       2.7509788        2.7509788       1.1149952                                      1.1149952
              1       3.4852602       1.7324056      -30.898129      0.45591322      0.98869996      0.51818453     -0.90021832       2.7509788        2.7509788       1.4685629                                      1.4685629
              3       2.7527653       1.2647573      -30.330717      0.33638107      0.99920887      0.22911004      0.85166365       2.7509788        2.7509788    0.0035731482                                   0.0035731482
              1       3.4164074       1.7058645      -30.759821      0.45044102      0.99203118      0.49590435       -0.809832       2.7509788        2.7509788       1.3308572                                      1.3308572
              4       4.0477725       1.8535491      -30.120742      0.49338342       1.0000285      0.63739776      0.99869409       2.7509788        2.7509788       2.5935875                                      2.5935875
              5       3.0191442       1.0251522      -30.069062      0.27315947       1.0010593      0.14041778    -0.070412384       2.7509788        2.7509788      0.53633076                                     0.53633076
              6       4.1169367      0.70369282        -30.5394      0.18663202      0.99640286     0.062427265     -0.37163571       2.7509788        2.7509788       2.7319158                                      2.7319158
              4       3.3813029       1.6747893      -30.907116      0.44754188       1.0039346      0.47957598      0.77667723       2.7509788        2.7509788       1.2606483                                      1.2606483
              3       4.4190765      0.54417167      -32.149311       0.1703066       1.1757838     0.037261045     -0.98323772       2.7509788        2.7509788       3.3361954                                      3.3361954
              8       2.8007407       1.4549279       -31.68756      0.37165454      0.95968764      0.29517289      0.21042755       2.7509788        2.7509788     0.099523759                                    0.099523759
              5        3.355756      0.89809803       -30.34836      0.23861904       0.9981901      0.10434983      0.19381103       2.7509788        2.7509788       1.2095545                                      1.2095545
              1       4.7335716      0.58341893      -30.528352      0.15481992      0.99696118      0.04153517    -0.063135948       2.7509788        2.7509788       3.9651857                                      3.9651857
              1       4.2710635       0.6679648      -30.846144      0.17810083       1.0017153     0.055859592      0.92314647       2.7509788        2.7509788       3.0401695                                      3.0401695
              4       4.6364831      0.59632238      -30.578642       0.1594606       1.0046255      0.04367894     -0.95353703       2.7509788        2.7509788       3.7710087                                      3.7710087
              1       5.0826315      0.45791058      -32.208642      0.13900993       1.1405047      0.01879327     -0.35413202       2.7509788        2.7509788       4.6633054                                      4.6633054
              7       4.5947594      0.65856644      -32.322505      0.16149157      0.92125994     0.070187757      0.86056351       2.7509788        2.7509788       3.6875613                                      3.6875613
              4       4.3069684       1.7343102      -32.201157      0.50782355       1.1000641      0.41635622       0.5407016       2.7509788        2.7509788       3.1119793                                      3.1119793
              7       3.7136839       1.7758853      -30.317877      0.47243361      0.99944243       0.5618715      0.93736261       2.7509788        2.7509788       1.9254103                                      1.9254103
              1       3.2055921      0.94984852      -30.144935      0.25236783      0.99818618      0.11871316      -0.9861391       2.7509788        2.7509788      0.90922663                                     0.90922663
              5       3.0946159        1.579411        -30.2425      0.41992788      0.99887573      0.40253248      0.59938578       2.7509788        2.7509788       0.6872742                                      0.6872742
              5       2.9244368       1.5081545      -30.895521      0.39736561      0.98986586      0.36164955     -0.67962061       2.7509788        2.7509788      0.34691607                                     0.34691607
              2       2.8525975       1.4229769       -31.13544      0.38437695       1.0148255      0.29894319     -0.28263246       2.7509788        2.7509788      0.20323739                                     0.20323739
              2       3.3165008       1.6618979      -31.237959      0.44196952      0.99912517       0.4630861      0.99754827       2.7509788        2.7509788       1.1310441                                      1.1310441
              4       3.4100309      0.86835561      -31.138022       0.2340798       1.0127407     0.094586113     -0.10174452       2.7509788        2.7509788       1.3181042                                      1.3181042
              7       2.7716935       2.0844229      -32.333323      0.36113297      0.65089842       1.8751613     0.064388887       2.7509788        2.7509788      0.04142942                                     0.04142942
              8       2.7764086       1.5025662      -31.943459      0.36319898      0.90811933      0.29980679     -0.32379531       2.7509788        2.7509788     0.050859746                                    0.050859746
              1       2.8621762       1.4466705      -32.259664      0.38632924       1.0032747      0.32633423      0.99966561       2.7509788        2.7509788      0.22239495                                     0.22239495
              7       2.8805667       1.0319302      -31.789812      0.29414525       1.0708865      0.13060497     -0.73302027       2.7509788        2.7509788      0.25917582                                     0.25917582
              5       3.4642662       2.3242933      -32.411181      0.22972705      0.37132409       2.7276032     -0.58032974       2.7509788        2.7509788       1.4265748                                      1.4265748
             13        3.909037       2.3705083      -32.432984      0.19894335      0.31529701       2.7461664     -0.67732457       2.7509788        2.7509788       2.3161165                                      2.3161165
              2       3.5417703       2.8135625      -32.189914      0.46021535      0.61452061       7.1554991    0.0018314094       2.7509788        2.7509788       1.5815831                                      1.5815831
              3       2.7515245        1.196261      -32.042182      0.34510559        1.083822      0.25437046      0.47721034       2.7509788        2.7509788    0.0010915249                                   0.0010915249
             10        2.751387       1.2182384      -32.031112      0.34468579       1.0629749      0.25389409      0.67725201       2.7509788        2.7509788   0.00081636979                                  0.00081636979
              3       3.3855207      0.97636857      -32.318839       0.2361056      0.90849891      0.17038955      0.82668947       2.7509788        2.7509788       1.2690838                                      1.2690838
              3       2.8043737       1.1581615      -31.829225      0.31128202       1.0097569      0.18084255      0.97507906       2.7509788        2.7509788      0.10678977                                     0.10678977
              8       2.9756726       1.0465848      -32.276881      0.27898581       1.0014739      0.14891706      0.99992824       2.7509788        2.7509788      0.44938758                                     0.44938758
              4       2.7536448       1.2288872      -32.240187      0.34886399       1.0665372       0.1771195      0.79935642       2.7509788        2.7509788    0.0053320853                                   0.0053320853
              8       5.3037927       1.4416443      -32.557928      0.12960102      0.33773977      0.65052977     -0.59793837       2.7509788        2.7509788       5.1056278                                      5.1056278
              1       2.8602091       1.2907259      -32.061026      0.38593538       1.1233433      0.31975473     0.040010551       2.7509788        2.7509788      0.21846062                                     0.21846062
              2       2.7617552       1.1406625        -32.1677      0.35580003       1.1718735      0.15254372     -0.86509027       2.7509788        2.7509788      0.02155284                                     0.02155284
              2       2.7523382       1.0912726      -32.182079      0.33709859        1.160528      0.12832641     -0.65781709       2.7509788        2.7509788    0.0027188567                                   0.0027188567
              2       3.9262906       2.0788286       -31.90454      0.48611839      0.87852733       0.8517744     -0.85794954       2.7509788        2.7509788       2.3506236                                      2.3506236
              2       3.5002662      0.85257777      -30.265629      0.22692869      0.99997079     0.093571245      0.99996822       2.7509788        2.7509788       1.4985748                                      1.4985748
             10       5.7926428      0.40977923      -31.723235      0.11015461       1.0099146     0.020938776      0.95467044       2.7509788        2.7509788        6.083328                                       6.083328
              2       5.2939779      0.47077772      -31.598284      0.13000972       1.0375089     0.024794708     -0.28563253       2.7509788        2.7509788       5.0859982                                      5.0859982
              2       4.3305788      0.59777849      -32.236787      0.17492309       1.0993571     0.032672784      0.41689941       2.7509788        2.7509788       3.1592001                                      3.1592001
              1       4.7321883      0.58434189      -31.240504      0.15488524       0.9958064     0.041377471      0.92293797       2.7509788        2.7509788       3.9624191                                      3.9624191
              1       2.8662151       1.1645052        -31.5059      0.29687289      0.95776952      0.18929871     -0.99826165       2.7509788        2.7509788      0.23047266                                     0.23047266
              6       2.7998486       1.1848525      -31.112099      0.31261246      0.99122877      0.19180749      0.45986772       2.7509788        2.7509788     0.097739646                                    0.097739646
              1       2.7552476       1.2556143      -30.615843      0.33331448      0.99730925       0.2274069      0.52791179       2.7509788        2.7509788     0.008537612                                    0.008537612
              3       2.8596994       1.4348142      -30.880762      0.38583275       1.0102651       0.3161001     -0.91067887       2.7509788        2.7509788      0.21744119                                     0.21744119
              1       3.1210588      0.98010277      -31.066772       0.2611294       1.0009585      0.12765718      0.99182043       2.7509788        2.7509788      0.74015999                                     0.74015999
              1        3.113699      0.98919052       -31.04554      0.26193758      0.99483208      0.13202321      0.74205534       2.7509788        2.7509788       0.7254404                                      0.7254404
              2        3.667884      0.80498964      -30.777138      0.21470684       1.0020456     0.082071464      0.85149599       2.7509788        2.7509788       1.8338104                                      1.8338104
              1       2.8485692       1.1183923       -31.61308      0.30047149       1.0093482      0.16673501      0.93739502       2.7509788        2.7509788      0.19518077                                     0.19518077
              5       2.9408468       1.0511247      -31.548066      0.28407464       1.0153368      0.15640306       0.7859328       2.7509788        2.7509788      0.37973596                                     0.37973596
              5       3.0411927       1.3136047      -32.117568      0.41361467       1.1829412      0.28460576     -0.88901116       2.7509788        2.7509788      0.58042788                                     0.58042788
              2       3.4616357       1.7780801      -32.438748      0.22993426      0.48582996       1.2404506     -0.33884889       2.7509788        2.7509788       1.4213139                                      1.4213139
              7        3.250768       1.5173715      -31.756953      0.43598019       1.0794605      0.38805771     -0.84209147       2.7509788        2.7509788      0.99957851                                     0.99957851
              6       2.8255501       1.4484816      -31.161557      0.37830184      0.98119964      0.31563361     -0.79463419       2.7509788        2.7509788      0.14914258                                     0.14914258
              7       2.7538635       1.3561164      -31.867459      0.33486004      0.92768015      0.32339789      0.12045301       2.7509788        2.7509788    0.0057694739                                   0.0057694739
              7       2.7600842       1.3633776      -31.223796       0.3546851      0.97736936      0.27450927     -0.98878763       2.7509788        2.7509788      0.01821092                                     0.01821092
              4        3.195759       1.6266725      -30.675052      0.43065752      0.99463519      0.43317374     -0.26111203       2.7509788        2.7509788      0.88956036                                     0.88956036
              1       3.0960588       1.5758884      -30.035713      0.42009132       1.0014982      0.40131661      -0.9998434       2.7509788        2.7509788      0.69016002                                     0.69016002
             11       3.5828095       1.7305299      -30.907748      0.46324402       1.0056865      0.52816255      0.54913985       2.7509788        2.7509788       1.6636614                                      1.6636614
              3       2.9188528       1.0853123      -30.617477      0.28753286      0.99532451       0.1615511     -0.48928477       2.7509788        2.7509788      0.33574797                                     0.33574797
              1       2.9294209       1.1084583      -31.394565       0.2858446      0.96881881      0.16431348     -0.89901597       2.7509788        2.7509788      0.35688417                                     0.35688417
              5       2.8128507       1.1763626      -31.408883      0.30893339      0.98663285      0.18570256      0.67437719       2.7509788        2.7509788      0.12374386                                     0.12374386
              2       3.4974816      0.83852427      -31.186848       0.2271427        1.017689     0.092660857     -0.61437848       2.7509788        2.7509788       1.4930057                                      1.4930057
              4       3.5093343       1.7041384       -30.87805      0.45776553       1.0091835      0.50577221     -0.36518916       2.7509788        2.7509788        1.516711                                       1.516711
              4       3.3422766       1.6743528      -30.859622      0.44422238      0.99674799      0.47834255      0.80992049       2.7509788        2.7509788       1.1825956                                      1.1825956
              1       2.8424531       1.1317102      -30.196561      0.30179386       1.0018601      0.17700272     -0.67144809       2.7509788        2.7509788      0.18294861                                     0.18294861
              1       2.9784921       1.0481907      -30.448076      0.27859168       0.9985269       0.1487085      0.67621953       2.7509788        2.7509788      0.45502667                                     0.45502667
              9       2.7518278        1.273921      -30.475549      0.33812658      0.99716887      0.23220658   -0.0032478349       2.7509788        2.7509788    0.0016979863                                   0.0016979863
              2       3.3589957       1.6815326      -30.513061      0.44565749      0.99569848      0.47712297     -0.65650379       2.7509788        2.7509788       1.2160338                                      1.2160338
              7       3.2957791       1.6465507      -30.467465       0.4401209       1.0042199      0.45255873     -0.99712978       2.7509788        2.7509788       1.0896007                                      1.0896007
              9       2.7552225       1.2902721      -31.397135         0.33334      0.97059497      0.23107479      -0.6079879       2.7509788        2.7509788    0.0084874998                                   0.0084874998
             14        2.763398       1.0593586      -32.097395      0.32718541       1.1603335      0.19384872     -0.52402434       2.7509788        2.7509788     0.024838388                                    0.024838388
              1       2.7932236       1.1737173      -32.145036      0.36932307       1.1821562      0.18768738     -0.99988997       2.7509788        2.7509788     0.084489594                                    0.084489594
             13        2.785445       2.5403147      -32.290703      0.36667968      0.54228955       4.1836532     -0.21522423       2.7509788        2.7509788     0.068932397                                    0.068932397
              8       2.8069575       1.4170315      -31.368343      0.37345244      0.99011975      0.31340783      0.81565268       2.7509788        2.7509788      0.11195744                                     0.11195744
              2       2.7885383       1.2057225      -31.232941       0.3162366      0.98536401      0.19761086      0.13348424       2.7509788        2.7509788     0.075119138                                    0.075119138
              8        2.771906       1.2309643      -31.286114      0.32276915      0.98509581      0.22395394      0.35307595       2.7509788        2.7509788     0.041854395                                    0.041854395
             13       2.7619932       1.2557575      -31.216891      0.32804843      0.98144076      0.23340621     -0.37772051       2.7509788        2.7509788     0.022028789                                    0.022028789
              3       3.3543252      0.90142062      -30.926726       0.2387414      0.99502082      0.10729513      0.57720507       2.7509788        2.7509788       1.2066929                                      1.2066929
              1       3.1477899      0.95761596      -31.125019      0.25825965       1.0132045      0.12434222     -0.16235839       2.7509788        2.7509788       0.7936223                                      0.7936223
              2       3.1566001      0.96935238      -30.977994      0.25733513      0.99735396      0.12307218      0.90495636       2.7509788        2.7509788      0.81124264                                     0.81124264
              4       3.8349607      0.76421248      -30.306002      0.20359433       1.0008834     0.074112576      0.74910242       2.7509788        2.7509788       2.1679639                                      2.1679639
              1       3.5600626      0.83943381       -30.55549      0.22242522      0.99547299     0.090345943     -0.98541148       2.7509788        2.7509788       1.6181676                                      1.6181676
              6        2.987879       1.5305091      -30.065912      0.40670317       0.9983287      0.37125471     -0.99999172       2.7509788        2.7509788      0.47380036                                     0.47380036
              2       3.4483696       1.6977152      -30.398859      0.45301483       1.0024887      0.49546373     0.071900122       2.7509788        2.7509788       1.3947817                                      1.3947817
              5       3.3247046       1.6639926      -30.335487      0.44269202       0.9994987      0.46646152      0.95082434       2.7509788        2.7509788       1.1474517                                      1.1474517
              1       2.9514795       1.0508605      -31.360592       0.2824748       1.0098725      0.14437313      0.77226044       2.7509788        2.7509788      0.40100148                                     0.40100148
              7       2.7801253       1.3405681      -31.895317      0.31930467      0.89484604      0.29777388     -0.73437052       2.7509788        2.7509788     0.058293122                                    0.058293122
              3       2.7774274       1.2097811      -31.536493      0.32038058       0.9949272      0.20323972      0.97481982       2.7509788        2.7509788     0.052897183                                    0.052897183
              2       2.9265856       1.0876802      -30.966976      0.28629252      0.98887342      0.16349433     -0.67634398       2.7509788        2.7509788      0.35121362                                     0.35121362
              1       3.1960136        0.959938      -31.004335      0.25331711       0.9914099      0.12415229      0.13713322       2.7509788        2.7509788       0.8900697                                      0.8900697
              3       3.1704239      0.96732579      -30.976069       0.2559045      0.99388715      0.12139317      0.48316814       2.7509788        2.7509788      0.83889034                                     0.83889034
              3       3.4766139      0.86425894      -30.833954      0.22875944      0.99441364     0.097806134      0.17737831       2.7509788        2.7509788       1.4512702                                      1.4512702
              1       3.0877315       1.5245259      -31.596446      0.41914333       1.0329033      0.33948037      0.23597775       2.7509788        2.7509788      0.67350539                                     0.67350539
             10       3.8219738       1.7964163      -30.706748      0.47957407       1.0029531      0.57578201      0.69644583       2.7509788        2.7509788         2.14199                                        2.14199
              4       4.5025058       1.9422607      -30.706903      0.51793461       1.0018422      0.73374845      0.89166502       2.7509788        2.7509788       3.5030541                                      3.5030541
              3       4.5811064        1.946477      -30.701096      0.52183886       1.0072077      0.74849324     -0.67509317       2.7509788        2.7509788       3.6602553                                      3.6602553
              3       5.0935197        2.069098       -30.83254      0.54546347      0.99041345      0.92056919     -0.48534326       2.7509788        2.7509788       4.6850818                                      4.6850818
              1       3.1090701       1.0064875      -31.220555      0.26245008      0.97964839      0.13819849     -0.76738223       2.7509788        2.7509788      0.71618263                                     0.71618263
              1       3.1290636      0.83609081      -32.116673      0.26025947        1.169459      0.10838489     -0.73679571       2.7509788        2.7509788      0.75616959                                     0.75616959
             17       3.0546864       0.8573647      -32.134763      0.26873937       1.1775995      0.10362574      -0.9299068       2.7509788        2.7509788      0.60741515                                     0.60741515
              3       3.2681479      0.78599991      -32.142388      0.24639972       1.1777406     0.082561897     -0.96928742       2.7509788        2.7509788       1.0343383                                      1.0343383
              1       3.2648022        1.682398      -32.419244      0.24670945      0.55092054       1.0622076     -0.19454263       2.7509788        2.7509788       1.0276469                                      1.0276469
              5       3.4032678       1.7733425      -31.632383      0.44936504      0.95200356      0.61621114    -0.026593267       2.7509788        2.7509788       1.3045781                                      1.3045781
              1       3.7469496       1.8917937       -31.63526      0.47466799      0.94264485      0.74406579     -0.36297915       2.7509788        2.7509788       1.9919417                                      1.9919417
              1       3.5242885       1.7192907      -30.623661      0.45890137       1.0027714      0.51455531      0.59794777       2.7509788        2.7509788       1.5466195                                      1.5466195
              9       2.7582328       1.2490024      -30.739076      0.33067772      0.99465751      0.22023507    -0.079973001       2.7509788        2.7509788     0.014508147                                    0.014508147
              3       2.8845021       1.4830443      -30.899145      0.39057596      0.98942599      0.33883983     -0.85601091       2.7509788        2.7509788      0.26704661                                     0.26704661
              1       5.8911536       2.1452896      -30.914646      0.57756988       1.0114642       1.0154252     -0.41869179       2.7509788        2.7509788       6.2803497                                      6.2803497
             17       2.7850289       1.3731976       -30.81765      0.36653028       1.0027871      0.28341941      0.80743249       2.7509788        2.7509788     0.068100317                                    0.068100317
              2       3.1083808      0.98542701      -30.109861      0.26252668       1.0008775      0.12846564      0.38455645       2.7509788        2.7509788      0.71480401                                     0.71480401
              2        3.835631      0.76440518       -30.01485      0.20355155       1.0004208     0.073824631      0.71985014       2.7509788        2.7509788       2.1693045                                      2.1693045
              1       3.4666546      0.85990279      -30.400064      0.22953924       1.0028581     0.095740998     -0.61894991       2.7509788        2.7509788       1.4313516                                      1.4313516
              3       2.7723694       1.3262585      -31.459371      0.36144263        1.023866      0.24302666      0.20101208       2.7509788        2.7509788     0.042781322                                    0.042781322
              1       2.7774519       1.2008495      -30.997876      0.32037056       1.0022959      0.20141156      0.93870692       2.7509788        2.7509788     0.052946221                                    0.052946221
              4       2.7985719       1.1848988      -31.046329      0.31299887      0.99241523       0.2008271      0.47776822       2.7509788        2.7509788     0.095186212                                    0.095186212
              2       3.9296195      0.74775998      -30.903289      0.19767766      0.99317845     0.069340324      0.05867267       2.7509788        2.7509788       2.3572814                                      2.3572814
              8       5.4821205      0.50982545      -31.907745      0.12230763      0.90128878     0.035388694      -0.7590691       2.7509788        2.7509788       5.4622835                                      5.4622835
              4        4.928029      0.57569132      -31.985066      0.14585508      0.95183962     0.034927236      0.62104489       2.7509788        2.7509788       4.3541004                                      4.3541004
              1       2.8548721       1.3911026      -32.246633       0.3848486        1.039352      0.26288183      0.94116028       2.7509788        2.7509788      0.20778662                                     0.20778662
              4       2.7967306       1.4004604       -30.71256      0.37043458      0.99373961      0.29800727     -0.55692487       2.7509788        2.7509788     0.091503552                                    0.091503552
              4       3.2179693      0.95803253       -31.70673      0.25115587      0.98490648      0.11516563      0.88735699       2.7509788        2.7509788      0.93398098                                     0.93398098
              4       3.2394909       1.8161751      -32.420755      0.24908613      0.51525681        1.317534     -0.27640256       2.7509788        2.7509788       0.9770243                                      0.9770243
              4       3.2144672      0.95275758      -31.004156      0.25149714      0.99170513      0.12206962      0.19323079       2.7509788        2.7509788      0.92697685                                     0.92697685
              1       3.1339943      0.97308498      -31.022082      0.25972819       1.0027675      0.12636573      0.91662963       2.7509788        2.7509788      0.76603108                                     0.76603108
              6       2.7758338       1.3407522      -31.268584      0.36295799        1.017044      0.25462509     0.042992454       2.7509788        2.7509788     0.049709978                                    0.049709978
              1       2.8756224       1.4451881       -30.91562      0.38893295       1.0110725      0.31747938     -0.91244272       2.7509788        2.7509788      0.24928722                                     0.24928722
              8       2.8195419       1.1481934      -30.593666      0.30719127       1.0051382      0.18280093      -0.9913818       2.7509788        2.7509788      0.13712625                                     0.13712625
              1       3.0395595       1.5364091      -30.946507      0.41341287       1.0109019      0.38129252     -0.51336651       2.7509788        2.7509788      0.57716136                                     0.57716136
              3       3.1241897       1.5861581      -30.299614      0.42321197       1.0024054      0.40686204     -0.46187088       2.7509788        2.7509788       0.7464219                                      0.7464219
              3        2.785655       1.3705042      -30.774628      0.36675475       1.0053732      0.27613657       0.1082492       2.7509788        2.7509788     0.069352398                                    0.069352398
              4       2.7553532       1.3383057      -31.054262      0.35079232      0.98475157      0.26253454     -0.98592923       2.7509788        2.7509788    0.0087488567                                   0.0087488567
              5       2.7700528       1.3365693      -31.082702      0.36035963       1.0129233      0.25634771     -0.27840099       2.7509788        2.7509788     0.038148019                                    0.038148019
              2       2.7917655       1.1792988      -30.592021      0.31515259        1.003989      0.19602789     -0.19019128       2.7509788        2.7509788     0.081573485                                    0.081573485
              5       2.9120649       1.4202938      -31.563549       0.3953546       1.0457805      0.32739092     -0.54865144       2.7509788        2.7509788      0.32217223                                     0.32217223
              7       2.8478042       1.2001904      -32.296777      0.30063457       0.9410673      0.24888421      0.91765567       2.7509788        2.7509788      0.19365081                                     0.19365081
             11        2.985785      0.98952054      -31.744118      0.27758343        1.053903      0.14746044   -0.0074300767       2.7509788        2.7509788      0.46961236                                     0.46961236
              9       2.7771407       1.5379215      -31.920123      0.36350192      0.88798259      0.35370334     -0.94371927       2.7509788        2.7509788     0.052323763                                    0.052323763
              1       3.7755568       1.6997606      -31.566564      0.47655981        1.053323      0.51244448     -0.89534178       2.7509788        2.7509788        2.049156                                       2.049156
              6       2.7516817       1.2992359      -30.285345      0.34552439      0.99913141      0.24578607      0.78397162       2.7509788        2.7509788    0.0014057635                                   0.0014057635
              2       2.7621718       1.2343569      -30.150882      0.32793578       0.9981136      0.21641864     -0.94836818       2.7509788        2.7509788     0.022385964                                    0.022385964
              1       3.2041916       1.6272441      -30.538352      0.43149401      0.99621708       0.4411218     -0.15489896       2.7509788        2.7509788      0.90642571                                     0.90642571
              3       3.4141797       1.6870349      -30.306576      0.45025935        1.002699      0.48563266     -0.68609044       2.7509788        2.7509788       1.3264018                                      1.3264018
              3       4.7421967       1.9890402      -30.292259      0.52958679        1.000289      0.79562934      0.98149879       2.7509788        2.7509788       3.9824358                                      3.9824358
              3       2.9336649       1.4950621      -30.888492      0.39881926       1.0021871      0.34681149      0.91711409       2.7509788        2.7509788      0.36537218                                     0.36537218
              1       2.7557933       1.3128524      -30.792793      0.35122399        1.005079      0.25476341       0.2711024       2.7509788        2.7509788    0.0096290193                                   0.0096290193
              1       2.7509851       1.2704642      -31.271761      0.34233373       1.0123232       0.2243313      0.49752342       2.7509788        2.7509788   1.2604813e-05                                  1.2604813e-05
              4       2.7567085       1.3056396      -31.123383      0.35206261       1.0130445      0.25542613    -0.034268195       2.7509788        2.7509788     0.011459505                                    0.011459505
              1       5.5938464      0.44160148        -30.6081      0.11785907       1.0026847     0.023752696      0.41981842       2.7509788        2.7509788       5.6857352                                      5.6857352
              2       6.2208298       0.3618754      -31.309231     0.094372846      0.97976046     0.015084329     -0.37617953       2.7509788        2.7509788       6.9397021                                      6.9397021
              7       5.4546781       1.4903842      -32.571959      0.12341415      0.31109901      0.67854128     -0.64087736       2.7509788        2.7509788       5.4073987                                      5.4073987
              3       7.5598878       1.4980153      -32.771015     0.050481491      0.12660412      0.36375554       -0.878922       2.7509788        2.7509788       9.6178181                                      9.6178181
              8       4.5135981       1.6571501      -32.081594      0.51849082       1.1754689      0.57915165     -0.60042068       2.7509788        2.7509788       3.5252387                                      3.5252387
             11       2.9410016       1.8845717      -32.304866      0.39994897      0.79730382        1.138344      0.49999256       2.7509788        2.7509788      0.38004565                                     0.38004565
              1       4.3279169       1.9236174      -30.633851      0.50893607      0.99397724      0.72043934     -0.61580038       2.7509788        2.7509788       3.1538762                                      3.1538762
              1       3.5573659       1.7391081      -30.571676      0.46137535      0.99668912      0.52382203      0.26997709       2.7509788        2.7509788       1.6127743                                      1.6127743
              4       3.3838497       1.7001403      -30.866413      0.44775488      0.98943551       0.4922965     -0.94844314       2.7509788        2.7509788       1.2657419                                      1.2657419
              2       2.8394194       1.1584723      -31.218048      0.30246619      0.98089625      0.19235505     -0.49946039       2.7509788        2.7509788      0.17688122                                     0.17688122
              9       2.9018599       1.0969026      -31.238538      0.29036308      0.99450101      0.16139118      0.87920029       2.7509788        2.7509788      0.30176232                                     0.30176232
              1       2.7644602       1.2336807      -31.835556      0.32656486      0.99448584      0.22077514      0.99281457       2.7509788        2.7509788     0.026962815                                    0.026962815
              1       2.7510279       1.4088325      -31.878283      0.34106832      0.90952357      0.35449807      -0.2887678       2.7509788        2.7509788    9.823672e-05                                   9.823672e-05
             11       2.8073082       1.3976343       -30.48008      0.37355082       1.0041257        0.293802     -0.99965961       2.7509788        2.7509788      0.11265892                                     0.11265892
              2       2.8880129       1.1018039       -30.77873      0.29278956      0.99835086      0.16683806      0.91205363       2.7509788        2.7509788      0.27406834                                     0.27406834
              1        4.148125      0.69799498      -30.696143      0.18486831      0.99504354      0.06031609     -0.29116151       2.7509788        2.7509788       2.7942925                                      2.7942925
              2       4.1459815       0.7010026      -30.838359      0.18498889      0.99142061     0.061384287      -0.9933266       2.7509788        2.7509788       2.7900054                                      2.7900054
              1       2.9522457       1.0622566      -30.255012      0.28236118      0.99863662      0.15316795      0.33905919       2.7509788        2.7509788      0.40253378                                     0.40253378
              6        2.936198       1.5522519      -31.384407      0.39921183      0.96621354      0.39376212     -0.91167068       2.7509788        2.7509788      0.37043841                                     0.37043841
              2       2.8891493       1.4729881      -30.650394      0.39141406       0.9983185      0.33757623      0.85430403       2.7509788        2.7509788      0.27634108                                     0.27634108
              1       4.1771612       0.6594918      -31.591136      0.18324391       1.0438836     0.051049145     -0.73335525       2.7509788        2.7509788       2.8523649                                      2.8523649
              4       2.9920352      0.92374523      -32.214284      0.27673172       1.1254823     0.081818553      0.01708387       2.7509788        2.7509788      0.48211277                                     0.48211277
             10       3.0199261       1.5403684      -30.283494      0.41094083       1.0022743      0.37621723     -0.43815344       2.7509788        2.7509788      0.53789472                                     0.53789472
              5       3.6362784       1.4827248      -32.146606      0.46708003       1.1834848      0.30875534     -0.94969881       2.7509788        2.7509788       1.7705992                                      1.7705992
              8       3.0840697       1.4078926      -32.053031      0.41872277       1.1173493      0.39447982      0.13068107       2.7509788        2.7509788      0.66618185                                     0.66618185
              2        2.751651       1.1845283      -32.226338      0.34544677       1.0956394      0.15072186      0.51782944       2.7509788        2.7509788    0.0013445251                                   0.0013445251
              5       2.7773023        1.347421      -31.198472      0.36356824       1.0137119      0.25935651      0.15176178       2.7509788        2.7509788     0.052646996                                    0.052646996
              2        2.779311        1.348046      -31.717482      0.36437605       1.0154932      0.28209855      0.90870088       2.7509788        2.7509788     0.056664507                                    0.056664507
              2       2.7908837       1.3192527       -31.58239       0.3685556       1.0495592      0.24586635     -0.91172187       2.7509788        2.7509788     0.079809853                                    0.079809853
              9       3.0700172       1.6037565      -31.400818      0.41708693      0.97705737      0.39940853      0.13977323       2.7509788        2.7509788      0.63807681                                     0.63807681
              2       3.4963894       1.6362921      -31.561966      0.45677324       1.0487494      0.47367835     -0.62244003       2.7509788        2.7509788       1.4908213                                      1.4908213
              5       2.7617626       1.2281224      -30.828261      0.32819523       1.0039741      0.21156346      0.60057618       2.7509788        2.7509788     0.021567654                                    0.021567654
              1       3.1547955       1.6000496      -30.146911      0.42647632       1.0013673      0.41944797     0.034007007       2.7509788        2.7509788       0.8076334                                      0.8076334
              1       2.9044566       1.4828982      -30.056542      0.39407936      0.99839933      0.34149228     -0.94408085       2.7509788        2.7509788      0.30695565                                     0.30695565
             14       2.7567051       1.3018339      -31.078561      0.35205957       1.0159972      0.24508893     -0.98112943       2.7509788        2.7509788     0.011452572                                    0.011452572
              3       2.8907219       1.1009361      -31.043863      0.29230553      0.99748605      0.16701827      0.93978197       2.7509788        2.7509788      0.27948621                                     0.27948621
              2       4.0507928      0.71372415      -30.315678      0.19044039       1.0024451     0.064050497      -0.8102648       2.7509788        2.7509788       2.5996281                                      2.5996281
              2       4.6524911       1.9679748       -30.49393      0.52531264       1.0028367      0.76430915      0.32417656       2.7509788        2.7509788       3.8030246                                      3.8030246
              1        4.138044       1.8763365      -30.085715      0.49856378      0.99825597      0.66055362     -0.70362326       2.7509788        2.7509788       2.7741304                                      2.7741304
              6       3.5404179      0.83967037      -30.545206      0.22388578       1.0017275     0.091017251      0.69629771       2.7509788        2.7509788       1.5788783                                      1.5788783
              1       3.0931919      0.99312392      -30.225803      0.26423375      0.99957817      0.13123342       0.9320155       2.7509788        2.7509788      0.68442617                                     0.68442617
              1       3.3881542      0.88564272      -30.265967      0.23588608       1.0006349      0.10189778       0.8442024       2.7509788        2.7509788       1.2743509                                      1.2743509
              4       3.1436766       0.9765359      -30.712121       0.2586948      0.99524821      0.12762762    -0.020020465       2.7509788        2.7509788      0.78539566                                     0.78539566
              8       3.0211718       1.0360205      -31.005449       0.2728997       0.9896158      0.14729654     -0.23165994       2.7509788        2.7509788      0.54038612                                     0.54038612
              1       2.7599889       1.2048374      -31.602724      0.32938147       1.0270761      0.18976713      0.43833575       2.7509788        2.7509788     0.018020303                                    0.018020303
              6       2.7876875       1.3831321      -30.999424      0.36746993      0.99813677      0.28785047      0.96283404       2.7509788        2.7509788     0.073417549                                    0.073417549
              3       2.7521737       1.2695907      -30.100691       0.3374047      0.99843388      0.23227719     -0.64210278       2.7509788        2.7509788    0.0023898623                                   0.0023898623
              7        2.773421       1.1386629      -31.748383      0.32208519       1.0626922      0.20214639     -0.29049255       2.7509788        2.7509788     0.044884523                                    0.044884523
             11       2.8005263       1.1474675      -31.822664      0.31240939       1.0228586      0.16985803      0.85266827       2.7509788        2.7509788     0.099095108                                    0.099095108
             11       2.7567234       1.1400902      -32.228708      0.33192431       1.0937846      0.13795046      0.53575972       2.7509788        2.7509788     0.011489306                                    0.011489306
              2       2.7846132       1.3561064      -31.197579      0.36638005       1.0150092       0.2634343    -0.017706984       2.7509788        2.7509788     0.067268764                                    0.067268764
              2       2.8540177       1.2269374      -32.112526      0.38467206       1.1778776       0.2516112        -0.80524       2.7509788        2.7509788      0.20607794                                     0.20607794
              1       2.8359363       1.2573492      -32.071486      0.38074751       1.1376616      0.30046688     -0.15037102       2.7509788        2.7509788      0.16991504                                     0.16991504
              2       2.9647314        1.176343      -31.899936      0.28053914      0.89596579      0.21590796     -0.76559361       2.7509788        2.7509788      0.42750531                                     0.42750531
             10       2.8919319       1.1050492      -31.477146      0.29209085      0.99304348      0.17096286      0.93826984       2.7509788        2.7509788      0.28190618                                     0.28190618
              4       2.9696985       1.0036724      -31.810026      0.27982914       1.0474489       0.1181984      0.26031581       2.7509788        2.7509788      0.43743954                                     0.43743954
              3        3.280887       1.6310948      -30.882436      0.43877055       1.0106254       0.4375208     -0.89663301       2.7509788        2.7509788       1.0598165                                      1.0598165
              5       3.1527694      0.96879629      -30.393289      0.25773587      0.99948046      0.12419673      0.94857641       2.7509788        2.7509788      0.80358129                                     0.80358129
              1       4.1273354      0.70630497      -30.931846      0.18604176      0.98957813     0.063003288     -0.89187885       2.7509788        2.7509788       2.7527132                                      2.7527132
              5       3.8497732       1.7983153      -30.642822      0.48134811       1.0056002      0.58713507     -0.43960009       2.7509788        2.7509788       2.1975889                                      2.1975889
              3       2.7932501       1.1789794      -30.454571      0.31466837        1.002718      0.19548155    -0.046559877       2.7509788        2.7509788     0.084542584                                    0.084542584
              1       2.9901465       1.0405739      -30.447288      0.27698791       1.0000456      0.14558665      0.99956114       2.7509788        2.7509788       0.4783355                                      0.4783355
              7       2.8258022       1.1418551      -31.831534      0.30563685       1.0056032      0.17732224      0.99193843       2.7509788        2.7509788      0.14964675                                     0.14964675
              1        2.881387       1.1556135      -31.641808      0.29399401      0.95577973      0.20454521    -0.067879594       2.7509788        2.7509788      0.26081653                                     0.26081653
              4       4.3030895      0.67561096      -31.407079      0.17638327      0.98082748     0.053972932      0.23341552       2.7509788        2.7509788       3.1042214                                      3.1042214
              2       3.4279293      0.92519897      -31.655597      0.23262418      0.94460805      0.11980786     -0.72084874       2.7509788        2.7509788        1.353901                                       1.353901
              4       2.9023087      0.97207189      -32.070042      0.29028634       1.1219155      0.16597161     0.015894975       2.7509788        2.7509788      0.30265988                                     0.30265988
              3       5.1220995       1.8034196      -32.176588      0.54670087       1.1388982      0.45084531      0.01311697       2.7509788        2.7509788       4.7422414                                      4.7422414
              1       3.0915979       1.6831108      -31.665672      0.41958492      0.93656752      0.45770736     -0.86491225       2.7509788        2.7509788      0.68123818                                     0.68123818
              1       2.8453816       1.3818902      -31.809597      0.38284467       1.0408328      0.25548603      0.51867018       2.7509788        2.7509788      0.18880565                                     0.18880565
              1       3.0001188       1.4951668      -31.720038      0.40835362        1.026074      0.37734286      0.76499207       2.7509788        2.7509788      0.49828007                                     0.49828007
              2       2.9196952       1.0834326      -30.450895      0.28739636      0.99657794      0.15899649     -0.73446033       2.7509788        2.7509788      0.33743293                                     0.33743293
              2       2.7923846       1.1899148      -30.734056      0.31494962      0.99439089      0.20084983     -0.21247931       2.7509788        2.7509788     0.082811555                                    0.082811555
              1       3.3637061      0.90364103      -30.931936      0.23794176      0.98925135      0.10693515     -0.93992155       2.7509788        2.7509788       1.2254546                                      1.2254546
              9       3.5318334      0.85246143      -31.111637      0.22452974      0.98953473     0.091029804      0.15955419       2.7509788        2.7509788       1.5617093                                      1.5617093
              2       2.9442966       1.5079624      -30.270492      0.40044922       0.9976745      0.35822325     -0.56805531       2.7509788        2.7509788      0.38663556                                     0.38663556
             12       2.9346994       1.4947397      -30.624124      0.39897991        1.002807      0.35159329      0.54460805       2.7509788        2.7509788      0.36744122                                     0.36744122
              5       2.9842059       1.0476755      -30.616815      0.27780039      0.99618036      0.14921153    -0.005487465       2.7509788        2.7509788      0.46645426                                     0.46645426
              3       2.9638822       1.4643851      -31.595846      0.40333864       1.0347762      0.30512111      0.12143846       2.7509788        2.7509788      0.42580678                                     0.42580678
              4        2.891549        1.117812      -31.406433      0.29215868      0.98193317      0.16325846      0.38213384       2.7509788        2.7509788      0.28114047                                     0.28114047
              2       3.2826428       1.0205916      -31.942834      0.24506927      0.90212931      0.12215997     -0.70688609       2.7509788        2.7509788        1.063328                                       1.063328
              2       2.8011665       1.4083179      -31.475255      0.37178115      0.99178739      0.30732284      0.92158466       2.7509788        2.7509788       0.1003754                                      0.1003754
              6       2.7728687       1.5240945      -31.891792      0.36166824      0.89151857      0.41145646      -0.7538422       2.7509788        2.7509788     0.043779945                                    0.043779945
              4       3.2815426        1.643017      -30.699634      0.43883039       1.0034288      0.45376552      0.55116649       2.7509788        2.7509788       1.0611277                                      1.0611277
              8       2.7513063       1.2838527       -30.71594      0.33959404      0.99374915      0.23606473     -0.62126679       2.7509788        2.7509788   0.00065511878                                  0.00065511878
              3       2.7614388       1.1965913      -32.060127      0.35559596       1.1164593      0.26588784      0.11133433       2.7509788        2.7509788     0.020920109                                    0.020920109
              1       2.7954923       1.1738708      -31.614904      0.31395285       1.0047917      0.18946542      0.98418577       2.7509788        2.7509788     0.089027014                                    0.089027014
              5       3.6415787      0.78141943      -31.567331       0.2165461       1.0411135     0.083306472     -0.46054364       2.7509788        2.7509788       1.7811998                                      1.7811998
              1       4.0484558       0.6850629      -31.573226       0.1905767       1.0451323     0.061583459     -0.78090765       2.7509788        2.7509788       2.5949541                                      2.5949541
              6       3.4927593      0.75489193      -32.212177      0.22750657       1.1322467     0.052750268     -0.14223197       2.7509788        2.7509788        1.483561                                       1.483561
              3       3.0381272       1.5862837      -31.216668      0.41323543      0.97869776      0.42032154     -0.60990657       2.7509788        2.7509788      0.57429681                                     0.57429681
              2        3.630309       1.7416784       -31.08516      0.46665763       1.0066125      0.52076285      0.72337449       2.7509788        2.7509788       1.7586605                                      1.7586605
              2       2.7745707       1.3639749      -30.310364      0.36241853      0.99824221      0.27755344      0.21459472       2.7509788        2.7509788     0.047183857                                    0.047183857
              1       2.7512175       1.2966429       -31.20751      0.34405417      0.99686963      0.24643397      0.95867584       2.7509788        2.7509788   0.00047754724                                  0.00047754724
              2       3.2214556       1.6764295      -31.395998       0.4331826      0.97077287      0.45303543     -0.37492399       2.7509788        2.7509788      0.94095364                                     0.94095364
              1       2.7526479       1.3035869      -30.817049      0.34743108       1.0012917      0.24818028      0.95726885       2.7509788        2.7509788    0.0033382331                                   0.0033382331
              5       3.1476521        1.602464      -30.338873      0.42572581      0.99809901      0.41798951      0.25838684       2.7509788        2.7509788      0.79334673                                     0.79334673
              4       3.1549489        1.602916      -30.344526      0.42649237      0.99961418      0.42069129      0.97159265       2.7509788        2.7509788      0.80794022                                     0.80794022
              1       3.2842535       1.6501297      -30.330679      0.43907745      0.99966611      0.45463678       0.9779855       2.7509788        2.7509788       1.0665495                                      1.0665495
              3        3.438119        1.695404      -30.283611      0.45219592       1.0020407      0.48887223    -0.078959764       2.7509788        2.7509788       1.3742804                                      1.3742804
              7       2.9759188        1.163468      -31.940367      0.27895128      0.90075323       0.1652865     -0.70467642       2.7509788        2.7509788      0.44988012                                     0.44988012
              2       4.9499848      0.55137679      -31.052246      0.14486849      0.98709137     0.037870272     -0.69036291       2.7509788        2.7509788        4.398012                                       4.398012
             10        2.824605       1.1705771      -31.217067      0.30592893      0.98186653      0.19760594     -0.34882219       2.7509788        2.7509788      0.14725237                                     0.14725237
              4       2.8431582       1.1583522      -31.225663      0.30163919      0.97831573      0.18420615     -0.94743397       2.7509788        2.7509788      0.18435891                                     0.18435891
              1       3.7467291       1.6758727      -31.790548      0.47465331       1.0640632      0.42031851     -0.15547895       2.7509788        2.7509788       1.9915007                                      1.9915007
              6       5.0423199       2.0434928      -30.542266      0.54322768      0.99871298      0.86812551      0.89502165       2.7509788        2.7509788       4.5826823                                      4.5826823
              4       2.9993973       1.0628333      -31.487541      0.27574253      0.97469897       0.1632681      0.24604095       2.7509788        2.7509788      0.49683709                                     0.49683709
              2       3.4832757      0.85481431      -30.560768      0.22824082       1.0031213       0.0948507     0.085018098       2.7509788        2.7509788       1.4645938                                      1.4645938
              4       3.1446118       1.5975714      -30.495575      0.42540433       1.0003997      0.41591392      0.98352044       2.7509788        2.7509788      0.78726604                                     0.78726604
              2       3.4882572      0.85324028      -31.119279      0.22785455        1.003271     0.094766695      0.92369507       2.7509788        2.7509788       1.4745569                                      1.4745569
              3       3.6709583      0.82508551      -31.305503      0.21449361      0.97666881     0.084569581     -0.72498874       2.7509788        2.7509788       1.8399591                                      1.8399591
              4       3.0034311       1.6001164      -31.843864      0.40879324      0.95980732      0.46968446      0.70955361       2.7509788        2.7509788      0.50490456                                     0.50490456
             10       2.8075762       1.1440424      -31.607649      0.31037422       1.0192376      0.17079742      0.72231928       2.7509788        2.7509788      0.11319486                                     0.11319486
              1       2.7939583       1.1310049      -31.566969      0.31444035       1.0444934      0.18823521     -0.58833882       2.7509788        2.7509788     0.085959054                                    0.085959054
              1       3.3033452      0.85080253      -31.784536      0.24320011       1.0739076     0.088604112     -0.93428365       2.7509788        2.7509788       1.1047328                                      1.1047328
              2       2.9237613      0.95705362      -32.213539      0.28674231       1.1256087     0.088599143     0.020429568       2.7509788        2.7509788      0.34556497                                     0.34556497
              2       6.1293991      0.53223061      -32.423599     0.097657119      0.68934396     0.073082805       0.1470773       2.7509788        2.7509788       6.7568406                                      6.7568406
              2       6.0915094       0.4774623      -32.386118     0.099031161      0.77922828     0.050929067      0.40800916       2.7509788        2.7509788       6.6810612                                      6.6810612
              6       2.8086658       1.3712108      -31.458699      0.37392874       1.0245107      0.26388462      0.16780723       2.7509788        2.7509788      0.11537395                                     0.11537395
              4       2.8918527       1.4690794      -30.482049      0.39189513       1.0022049      0.33163325      0.44477096       2.7509788        2.7509788      0.28174781                                     0.28174781
              3       3.2010536       1.6212784      -30.218792      0.43118364      0.99916356      0.43449052      0.76171726       2.7509788        2.7509788      0.90014958                                     0.90014958
              5       3.2151298       1.6219213      -30.189837      0.43256752       1.0019731      0.43510748     -0.61009113       2.7509788        2.7509788      0.92830197                                     0.92830197
              5       2.7893786       1.1924249      -30.842199      0.31595003      0.99544965      0.19698934      0.50337562       2.7509788        2.7509788     0.076799551                                    0.076799551
              7        3.657211      0.81049328      -30.003369      0.21544987      0.99868549     0.083921663     -0.92669715       2.7509788        2.7509788       1.8124644                                      1.8124644
              3       3.7640815      0.78194014      -30.008932      0.20819585       1.0003005     0.077716614      0.83675781       2.7509788        2.7509788       2.0262055                                      2.0262055
              7       3.0931687      0.98820107      -30.728532      0.26423638       1.0045677      0.12813331      0.10680986       2.7509788        2.7509788      0.68437984                                     0.68437984
              7       2.7522376       1.2983333      -31.117936      0.34671663        1.003276      0.24730167      0.93167293       2.7509788        2.7509788    0.0025177269                                   0.0025177269
              1       4.2647162       2.2109627       -32.24857      0.50555662      0.85905368       1.7153601      0.71265045       2.7509788        2.7509788       3.0274749                                      3.0274749
              2       2.8436181       1.1350044      -30.227914      0.30153863      0.99810757      0.17717048     -0.43245533       2.7509788        2.7509788      0.18527868                                     0.18527868
              3       2.9238383        1.383157      -31.776312      0.39727001       1.0790616      0.27502793     -0.95611551       2.7509788        2.7509788      0.34571913                                     0.34571913
             10       2.8922095       1.1674851      -31.659934      0.29204172      0.93977842      0.19610186     -0.93923801       2.7509788        2.7509788      0.28246153                                     0.28246153
