source_id,type,flux_band1,log_flux_band1,flux_band2,log_flux_band2,flux_band3,log_flux_band3,flux_band4,log_flux_band4,flux_band5,log_flux_band5,hr1,hr2,hr3,hr4,extent,log_extent,variability,ra,dec,recon_error,error_sigma,xmm_class
27566,anomaly,8.608486707184133e-14,-13.0651,3.415012956325875e-14,-13.4666,4.702493230993754e-13,-12.3277,3.770431030090232e-13,-12.4236,4.2707395584368876e-14,-13.3695,-0.4319,0.8646,-0.11,-0.7965,0.068,-1.0,10.271,36.56728,48.04233,1.307918,21.351177,extreme_variable
22307,anomaly,1.2828135093288885e-11,-10.8918,4.207671069022071e-12,-11.376,5.566161779957276e-12,-11.2544,7.282055620653542e-11,-10.1377,7.517152092650642e-12,-11.1239,-0.506,0.139,0.858,-0.8129,0.661,-0.1797,26.53,64.14157,-9.97683,1.2598151,20.529585,extreme_variable
4989,anomaly,3.2147329427528284e-12,-11.4929,1.4430010320861996e-12,-11.8407,1.0463976771038159e-12,-11.9803,1.4092103478435824e-11,-10.851,2.864419738249213e-12,-11.543,-0.3804,-0.1593,0.8618,-0.6621,0.042,-1.0,20.066,20.98839,22.6808,1.2517581,20.391972,extreme_variable
47525,anomaly,5.290068652525682e-12,-11.2765,4.0991809015677016e-12,-11.3873,1.86854471214114e-12,-11.7285,8.015368299864751e-12,-11.0961,9.01953985407892e-13,-12.0448,-0.1268,-0.3738,0.6219,-0.7977,0.469,-0.3291,21.906,212.93304,-63.95217,1.2085228,19.653517,extreme_variable
31129,anomaly,1.3372370916591778e-12,-11.8738,2.9238279380692926e-13,-12.534,2.598470554456443e-14,-13.5853,7.436180580439799e-13,-12.1287,1.2564166783306535e-11,-10.9009,-0.6412,-0.8368,0.9325,0.8882,0.53,-0.2759,12.399,220.81392,83.84009,1.1769831,19.114822,super_soft_source
22535,anomaly,4.6008618736389774e-12,-11.3372,2.1490410422666255e-12,-11.6678,5.155942858230404e-12,-11.2877,5.092619301563119e-11,-10.2931,6.973861490537514e-12,-11.1565,-0.3632,0.4116,0.8161,-0.7591,2.274,0.3568,25.028,239.12695,84.83897,1.1266783,18.255621,extreme_variable
12660,anomaly,2.9933550652098527e-15,-14.5238,1.9655857395596875e-15,-14.7065,8.124707316885871e-15,-14.0902,9.933648989885201e-16,-15.0029,6.287485903592489e-14,-13.2015,-0.2073,0.6104,-0.7821,0.9689,0.072,-1.0,28.064,153.1558,21.76933,1.0717964,17.318243,ultra_hard_spectrum
52943,anomaly,1.848953406487911e-12,-11.7331,2.2567199765353232e-12,-11.6465,8.864206474853602e-12,-11.0524,1.8416049120534306e-11,-10.7348,5.947100014370158e-13,-12.2257,0.0993,0.5941,0.3501,-0.9374,0.652,-0.1858,27.732,168.58407,-13.77616,1.0707728,17.30076,extreme_variable
95553,anomaly,9.267160869797494e-12,-11.0331,6.275445908303734e-12,-11.2024,6.570600869201614e-12,-11.1824,1.3038077591139957e-11,-10.8848,1.647984008295077e-12,-11.783,-0.1925,0.023,0.3298,-0.7756,1.685,0.2267,29.248,234.94654,20.95319,1.0528004,16.993795,extreme_variable
25495,anomaly,3.0018757483973104e-11,-10.5226,1.4756523502613092e-11,-10.831,3.2685817194330397e-12,-11.4856,9.066322259430055e-12,-11.0426,2.575016673618368e-12,-11.5892,-0.3409,-0.6373,0.47,-0.5576,1.528,0.184,29.488,84.83829,-36.64137,1.024666,16.513262,extreme_variable
31593,anomaly,4.639614462963203e-13,-12.3335,9.996562315551687e-14,-13.0001,1.619433738966265e-13,-12.7906,7.714028020929957e-13,-12.1127,9.702490831782383e-13,-12.0131,-0.6455,0.2366,0.653,0.1142,0.295,-0.5303,10.402,293.93113,51.99329,1.016455,16.37302,extreme_variable
81450,anomaly,4.104316052825372e-14,-13.3868,1.0693501869739865e-13,-12.9709,3.1859105911670937e-15,-14.4968,1.1944329171770642e-14,-13.9228,1.7110994753860394e-13,-12.7667,0.4453,-0.9421,0.5789,0.8695,2.114,0.3252,15.087,233.87209,-39.55362,1.0092094,16.249264,compton_thick_candidate
99093,anomaly,2.058626575341568e-15,-14.6864,9.604043969775985e-15,-14.0175,7.424260669019847e-14,-13.1293,2.256317424551154e-15,-14.6466,2.3084045732150476e-14,-13.6367,0.647,0.7709,-0.941,0.8219,2.909,0.4637,12.462,258.39062,-20.81901,0.95725983,15.361971,ultra_hard_spectrum
80010,anomaly,8.656890947735198e-15,-14.0626,3.7397515326530256e-14,-13.4272,1.694206821573854e-14,-13.771,2.863345304535155e-14,-13.5431,2.8353398985822966e-13,-12.5474,0.6241,-0.3764,0.2565,0.8166,0.063,-1.0,26.775,316.16334,-9.65583,0.95661217,15.350909,ultra_hard_spectrum
75963,anomaly,5.352719348726061e-12,-11.2714,5.1892163262750475e-12,-11.2849,6.073378050038191e-12,-11.2166,1.8341878527175055e-11,-10.7366,3.840823100261771e-12,-11.4156,-0.0155,0.0785,0.5025,-0.6537,0.315,-0.5013,28.176,48.70619,15.93491,0.9388374,15.0473175,extreme_variable
8393,anomaly,1.891108592825702e-12,-11.7233,2.1416211135105903e-12,-11.6693,3.9676925246963825e-13,-12.4015,3.628676719880227e-12,-11.4403,1.7703379560342918e-12,-11.7519,0.0621,-0.6874,0.8029,-0.3442,1.48,0.1702,14.315,181.47016,39.71002,0.9383029,15.038188,extreme_variable
15494,anomaly,4.8992428937239364e-12,-11.3099,5.6785187134351664e-12,-11.2458,1.952448857008747e-12,-11.7094,1.7608153592217072e-11,-10.7543,5.748191507055353e-12,-11.2405,0.0737,-0.4883,0.8004,-0.5078,1.953,0.2906,14.17,176.25055,61.02696,0.92858595,14.872224,extreme_variable
59572,anomaly,3.6943331161110374e-12,-11.4325,6.389804154370705e-12,-11.1945,7.33098441625543e-12,-11.1348,6.020544361426001e-11,-10.2204,9.390391174921046e-13,-12.0273,0.2673,0.0686,0.7829,-0.9693,2.758,0.4405,27.163,259.45453,79.01013,0.9266809,14.839686,extreme_variable
37025,anomaly,1.86614119056038e-14,-13.7291,1.9613608476993435e-14,-13.7074,4.5033479944509424e-13,-12.3465,4.014661005814769e-14,-13.3964,1.7693140628309253e-14,-13.7522,0.0249,0.9165,-0.8363,-0.3882,0.067,-1.0,29.319,333.82624,-69.27325,0.9140828,14.624512,extreme_variable
50512,anomaly,7.727964385872123e-12,-11.1119,2.720835562260006e-12,-11.5653,6.852818360289388e-13,-12.1641,4.3785945704926315e-12,-11.3587,1.25335488616467e-12,-11.9019,-0.4792,-0.5976,0.7293,-0.5549,0.13,-0.8847,16.068,71.21056,23.42737,0.90203637,14.418759,extreme_variable
53018,anomaly,2.290149343861118e-11,-10.6401,1.628943889805931e-11,-10.7881,1.3363353922130642e-12,-11.8741,5.216890421880913e-12,-11.2826,1.916784358133481e-12,-11.7174,-0.1687,-0.8484,0.5922,-0.4626,1.07,0.0293,18.358,326.85137,-59.07115,0.899995,14.383894,extreme_variable
97988,anomaly,3.4705877026189814e-12,-11.4596,4.4525884574413245e-12,-11.3514,2.271598688152028e-12,-11.6437,1.694318673086203e-11,-10.771,1.2700280382056857e-12,-11.8962,0.1239,-0.3243,0.7636,-0.8605,0.35,-0.4559,22.575,308.12923,-32.64272,0.899121,14.368965,extreme_variable
13446,anomaly,4.807474967147054e-13,-12.3181,3.911376961291355e-13,-12.4077,7.424175597006147e-14,-13.1294,3.0407806427260715e-13,-12.517,1.2919630604050633e-12,-11.8887,-0.1028,-0.6809,0.6075,0.619,0.001,-1.0,18.75,265.17789,-76.05364,0.897779,14.346044,compton_thick_candidate
13040,anomaly,2.4067096746592155e-12,-11.6186,7.893238578334127e-12,-11.1027,2.1177388822508515e-11,-10.6741,1.3706277924710068e-11,-10.8631,1.391696071577965e-12,-11.8565,0.5327,0.457,-0.2142,-0.8156,0.09,-1.0,27.329,70.53235,1.12967,0.8689532,13.853703,extreme_variable
70707,anomaly,2.1153419960056156e-12,-11.6746,3.316923349236408e-12,-11.4793,2.7658272574853093e-13,-12.5582,7.604463763029576e-12,-11.1189,1.3131989102889449e-12,-11.8817,0.2212,-0.8461,0.9298,-0.7055,1.49,0.1732,16.042,284.35683,-4.98519,0.86083734,13.715084,extreme_variable
42612,anomaly,1.97523471325076e-11,-10.7044,6.147239884689857e-12,-11.2113,2.43520887968224e-12,-11.6135,1.738867224368451e-11,-10.7597,5.3577442038457765e-12,-11.271,-0.5253,-0.4325,0.7543,-0.5289,1.537,0.1868,27.513,136.03515,-34.39041,0.8446169,13.438041,extreme_variable
89563,anomaly,2.9367386226021294e-11,-10.5321,1.3506293809914551e-11,-10.8695,8.128126108897787e-13,-12.09,1.6765442495383172e-12,-11.7756,4.30395022654629e-13,-12.3661,-0.3699,-0.8865,0.347,-0.5914,1.804,0.2562,17.389,245.02708,-10.07996,0.8433179,13.415854,extreme_variable
94886,anomaly,1.0088192903333633e-12,-11.9962,1.2301242860332238e-13,-12.9101,8.424932780147035e-12,-11.0744,5.96535403167637e-14,-13.2244,1.668059344077304e-12,-11.7778,-0.7826,0.9712,-0.9859,0.9309,1.435,0.1569,11.886,289.23287,63.2765,0.8314615,13.213347,extreme_variable
1744,anomaly,2.4891510340425146e-12,-11.6039,2.1054235195945134e-12,-11.6767,9.698308007541065e-14,-13.0133,5.365307575849868e-13,-12.2704,2.025670645348096e-12,-11.6934,-0.0835,-0.9119,0.6938,0.5812,0.217,-0.6632,25.979,29.5364,-67.81625,0.8239913,13.085757,compton_thick_candidate
90166,anomaly,7.454196219796668e-13,-12.1276,2.88028802728545e-12,-11.5406,2.5362160596545447e-13,-12.5958,5.315509830688206e-13,-12.2745,6.512506703639007e-12,-11.1863,0.5888,-0.8381,0.354,0.8491,1.654,0.2185,12.212,14.74804,53.93148,0.8226081,13.062133,extreme_variable
33989,anomaly,2.9596184289599828e-15,-14.5288,1.0476674376263943e-13,-12.9798,3.53553141570156e-14,-13.4515,1.6537981507603526e-14,-13.7815,5.13212079542909e-14,-13.2897,0.9451,-0.4954,-0.3626,0.5126,3.0,0.4771,10.9,239.1873,59.09143,0.816735,12.961821,ultra_hard_spectrum
28000,anomaly,1.7497536624725076e-13,-12.757,2.882060709043087e-12,-11.5403,2.5884343067627225e-11,-10.587,2.927856317196231e-12,-11.5335,1.215054940916197e-12,-11.9154,0.8855,0.7996,-0.7968,-0.4134,1.535,0.1862,29.432,150.87057,-71.41751,0.81415683,12.917786,extreme_variable
98534,anomaly,5.4694438947131285e-11,-10.2621,7.053891014693011e-12,-11.1516,2.964177900400785e-12,-11.5281,1.972338324594388e-11,-10.705,6.4329023220114844e-12,-11.1916,-0.7715,-0.4082,0.7387,-0.5081,1.121,0.0497,22.429,111.19582,73.42407,0.81289816,12.896287,extreme_variable
18687,anomaly,3.600333319018078e-14,-13.4437,3.1502793064789793e-13,-12.5017,2.1503033598245047e-13,-12.6675,2.3646147523012485e-14,-13.6262,1.3804832339514455e-13,-12.86,0.7949,-0.1887,-0.8019,0.7075,0.303,-0.5182,10.309,312.73353,-34.68955,0.8116033,12.874171,extreme_variable
12580,anomaly,1.5345115726613446e-11,-10.814,8.142832165666409e-12,-11.0892,2.1277467208520053e-12,-11.6721,5.2163490560625924e-12,-11.2826,1.7584695645537457e-12,-11.7549,-0.3066,-0.5857,0.4206,-0.4958,2.235,0.3494,21.41,48.83193,55.79068,0.8096494,12.840799,extreme_variable
97700,anomaly,1.5142404955911705e-12,-11.8198,3.4912138619764923e-13,-12.457,8.426705814009329e-14,-13.0743,4.3214746274403886e-13,-12.3644,6.039260030919207e-14,-13.219,-0.6253,-0.6111,0.6736,-0.7548,0.056,-1.0,10.578,105.49195,-32.34667,0.8071143,12.7975,super_soft_source
61163,anomaly,1.1426896401874393e-13,-12.9421,4.427400680526562e-13,-12.3539,2.942777469840064e-12,-11.5312,1.3072453385067283e-12,-11.8836,6.452018402702531e-13,-12.1903,0.5897,0.7385,-0.3848,-0.3391,0.029,-1.0,29.007,191.17452,-15.72206,0.80485624,12.758932,extreme_variable
23111,anomaly,1.2548312988085912e-13,-12.9014,3.164808588309451e-14,-13.4997,2.4351730243824603e-15,-14.6135,1.5715873760850975e-14,-13.8037,5.409770329073017e-14,-13.2668,-0.5972,-0.8571,0.7317,0.5498,0.212,-0.6743,17.845,109.07525,-57.06121,0.79340905,12.563416,super_soft_source
49045,anomaly,5.594789172037593e-15,-14.2522,4.5960068924202515e-14,-13.3376,2.1836396459835652e-14,-13.6608,1.4052389774350982e-15,-14.8522,2.355711947323641e-14,-13.6279,0.783,-0.3558,-0.8791,0.8874,0.923,-0.035,15.539,223.53941,2.91412,0.7911358,12.524589,extreme_variable
27930,anomaly,1.4310424384273194e-14,-13.8443,6.266540885718022e-14,-13.203,3.273507462611099e-14,-13.485,2.318651031913682e-15,-14.6348,1.89036489567123e-13,-12.7235,0.6282,-0.3137,-0.8677,0.9758,2.979,0.4741,14.903,117.07503,65.84235,0.78578377,12.433176,ultra_hard_spectrum
70555,anomaly,5.4470534010791264e-15,-14.2638,1.0091076423625792e-13,-12.9961,1.7536823301557853e-14,-13.756,5.433188867193378e-15,-14.2649,1.757488448775293e-13,-12.7551,0.8976,-0.7039,-0.5269,0.94,0.621,-0.2066,29.097,316.52319,-13.41845,0.78564817,12.4308605,ultra_hard_spectrum
65569,agn,1.57432628384501e-13,-12.8029,8.697976996945194e-14,-13.0606,2.829057388490151e-13,-12.5484,2.7028605607427137e-13,-12.5682,1.0256369820338303e-13,-12.989,-0.2883,0.5297,-0.0228,-0.4498,2.628,0.4196,3.827,3.65951,-54.72849,0.7820997,12.370253,unclassified
40069,anomaly,4.047907378023371e-12,-11.3928,3.3799789630148857e-12,-11.4711,3.707006232486301e-12,-11.431,1.6085832927999005e-11,-10.7936,4.868884052821403e-13,-12.3126,-0.0899,0.0461,0.6254,-0.9412,1.845,0.2659,12.154,95.33104,-21.17675,0.7782489,12.3044815,extreme_variable
61715,anomaly,1.1086826570316348e-11,-10.9552,6.292744869483183e-12,-11.2012,1.91529088855712e-12,-11.7178,5.933149527911335e-12,-11.2267,2.5253243345290214e-12,-11.5977,-0.2758,-0.5333,0.5119,-0.4029,1.0,0.0001,23.044,218.2674,11.02405,0.7767456,12.278806,extreme_variable
45025,anomaly,6.408982880434884e-15,-14.1932,3.739274555290651e-15,-14.4272,2.6970750805797542e-14,-13.5691,1.5736556023299423e-15,-14.8031,1.835064314790368e-14,-13.7363,-0.2631,0.7565,-0.8897,0.842,1.678,0.2248,10.719,281.94389,-61.57232,0.7737401,12.227471,extreme_variable
54736,anomaly,1.0685446072998296e-12,-11.9712,1.2861891743963803e-11,-10.8907,3.161310606190012e-12,-11.5001,5.573179204261652e-13,-12.2539,6.062181553902209e-12,-11.2174,0.8466,-0.6054,-0.7003,0.8316,0.077,-1.0,28.725,119.18668,45.5402,0.7707574,12.176527,extreme_variable
88120,anomaly,2.7090691961088397e-13,-12.5672,2.286875112557239e-13,-12.6408,8.033041871626371e-14,-13.0951,6.015936448178332e-13,-12.2207,7.989922480501477e-13,-12.0975,-0.0845,-0.4801,0.7644,0.1409,1.049,0.0208,13.723,41.3081,-32.89064,0.7705461,12.172918,extreme_variable
37773,anomaly,3.773947721277493e-12,-11.4232,1.5232288302762636e-11,-10.8172,4.6063669832461714e-11,-10.3366,3.351653556378273e-11,-10.4747,2.220173078309059e-12,-11.6536,0.6029,0.503,-0.1577,-0.8757,0.136,-0.8673,26.002,57.99778,66.88625,0.76802176,12.129803,extreme_variable
28865,anomaly,5.817794832574928e-12,-11.2352,5.618555577895678e-12,-11.2504,5.061043551109772e-12,-11.2958,9.40062961678766e-12,-11.0268,2.1576469964660123e-12,-11.666,-0.0174,-0.0522,0.3001,-0.6266,1.547,0.1896,29.454,55.5371,-62.11302,0.76389134,12.059256,extreme_variable
5775,anomaly,2.3632370222938756e-12,-11.6265,4.2045496815066854e-11,-10.3763,7.674147128481986e-12,-11.115,3.4975731132630787e-12,-11.4562,3.337558236619386e-11,-10.4766,0.8936,-0.6913,-0.3739,0.8103,0.25,-0.6023,13.034,252.55174,-9.80512,0.7596183,11.986272,ultra_hard_spectrum
86228,anomaly,8.516580827585306e-14,-13.0697,1.815785760537498e-14,-13.7409,1.968490717089063e-14,-13.7059,1.9840912905754496e-15,-14.7024,3.2302689611252824e-14,-13.4908,-0.6485,0.0404,-0.8169,0.8843,1.34,0.1272,10.405,320.58747,-27.33726,0.754457,11.898118,extreme_variable
79395,anomaly,2.9069279091210916e-13,-12.5366,2.1033551372990794e-13,-12.6771,2.6005365618637113e-14,-13.5849,8.700538973232587e-13,-12.0605,5.064888898665764e-14,-13.2954,-0.1604,-0.7799,0.942,-0.89,0.133,-0.8767,15.42,204.3288,38.942,0.754042,11.89103,extreme_variable
17060,anomaly,2.2875694783160364e-12,-11.6406,2.0546000352679218e-11,-10.6873,3.7173459084890894e-12,-11.4298,1.167273206439892e-10,-9.9328,2.9190283939661874e-12,-11.5348,0.7996,-0.6936,0.9383,-0.9512,0.66,-0.1803,12.369,35.96171,-35.38962,0.7532205,11.876999,extreme_variable
60429,anomaly,7.079564652816348e-13,-12.15,8.996174956452933e-14,-13.0459,3.3719953722175768e-12,-11.4721,5.5586097485073e-13,-12.255,2.058019314959215e-13,-12.6866,-0.7745,0.948,-0.717,-0.4596,0.142,-0.8481,25.364,212.15476,-25.98339,0.7520915,11.857716,extreme_variable
72466,anomaly,1.9292684390285e-11,-10.7146,2.4328758295782418e-11,-10.6139,1.5633963864365732e-12,-11.8059,9.952932863538147e-12,-11.002,1.6451422918909135e-11,-10.7838,0.1154,-0.8792,0.7285,0.2461,2.998,0.4768,18.366,243.44954,10.74756,0.7455532,11.746042,extreme_variable
83573,anomaly,7.714865644373896e-12,-11.1127,1.513317005977084e-11,-10.8201,2.456222023937486e-12,-11.6097,2.1267199857483893e-11,-10.6723,2.134996103816408e-12,-11.6706,0.3247,-0.7207,0.7929,-0.8175,2.973,0.4731,16.268,118.54024,-46.08928,0.74289185,11.700586,extreme_variable
18586,anomaly,9.081595035313098e-13,-12.0418,8.114455351305646e-13,-12.0907,8.92883440087595e-13,-12.0492,5.781555090698747e-12,-11.238,2.780647856213228e-12,-11.5559,-0.0562,0.0478,0.7324,-0.3505,1.687,0.227,15.399,296.52776,-50.02369,0.7363971,11.589657,extreme_variable
92093,anomaly,9.161531310014077e-12,-11.038,6.334094329188801e-12,-11.1983,3.044343718623361e-13,-12.5165,6.601930313661506e-13,-12.1803,2.8599430689537174e-12,-11.5436,-0.1825,-0.9083,0.3688,0.6249,2.544,0.4055,13.76,240.40555,73.22891,0.73238355,11.521106,extreme_variable
99139,anomaly,6.8312109766523085e-15,-14.1655,9.039718193857243e-15,-14.0438,6.857728406526708e-16,-15.1638,1.9031685618806852e-14,-13.7205,2.3505865194030243e-14,-13.6288,0.1392,-0.859,0.9304,0.1052,1.717,0.2348,10.172,315.7533,77.68631,0.73182863,11.511627,extreme_variable
73853,anomaly,2.1173505391561368e-14,-13.6742,1.2648461668628546e-14,-13.898,8.773602274768648e-15,-14.0568,7.52616893373614e-16,-15.1234,4.0953417445729555e-14,-13.3877,-0.2521,-0.1809,-0.842,0.9639,1.991,0.299,14.438,12.08329,-44.75685,0.72711504,11.43112,extreme_variable
1051,anomaly,6.601516021284314e-13,-12.1804,4.5039689294890506e-13,-12.3464,2.0600721024120883e-12,-11.6861,7.459931168660442e-12,-11.1273,3.0571787500824755e-12,-11.5147,-0.1889,0.6412,0.5672,-0.4186,0.415,-0.3817,26.338,323.81996,47.27756,0.72592276,11.410756,extreme_variable
54534,anomaly,2.7262213909687654e-13,-12.5644,4.910757202653604e-12,-11.3089,2.3086735922567002e-12,-11.6366,3.4238935617053184e-13,-12.4655,2.4713023785360844e-12,-11.6071,0.8948,-0.3604,-0.7417,0.7566,2.555,0.4074,12.091,139.07734,21.59,0.72347677,11.3689785,extreme_variable
48075,anomaly,2.7818954635434847e-14,-13.5557,1.9982792639717963e-13,-12.6993,4.053952673985407e-15,-14.3921,8.638500464061873e-15,-14.0636,5.461722344665145e-14,-13.2627,0.7556,-0.9602,0.3612,0.7269,1.95,0.29,17.473,188.42051,-10.65774,0.72315043,11.363405,extreme_variable
52769,anomaly,3.143343256885274e-15,-14.5026,4.918260194045128e-15,-14.3082,6.306950601046297e-16,-15.2002,1.5251395561484844e-14,-13.8167,3.7248333148441953e-14,-13.4289,0.2202,-0.7727,0.9206,0.419,0.093,-1.0,19.631,185.04006,2.16618,0.72251683,11.352583,compton_thick_candidate
45125,anomaly,3.857550207443742e-12,-11.4137,1.3603107320125168e-12,-11.8664,8.482661763111894e-14,-13.0715,8.586927886155288e-13,-12.0662,8.446238601813243e-13,-12.0733,-0.4786,-0.8826,0.8202,-0.0083,1.817,0.2593,14.315,263.07864,-87.70204,0.7224426,11.3513155,extreme_variable
68373,anomaly,1.347463537618267e-13,-12.8705,4.665871020228876e-14,-13.3311,5.596374703925436e-15,-14.2521,3.580381354609214e-15,-14.4461,2.5582679812639865e-14,-13.5921,-0.4856,-0.7858,-0.2197,0.7545,0.141,-0.8493,19.625,24.94288,-20.09523,0.722416,11.350861,extreme_variable
35506,anomaly,5.254494968100482e-13,-12.2795,4.732601497510086e-12,-11.3249,2.133983461938881e-13,-12.6708,1.8330151701360894e-12,-11.7368,1.283539854814952e-13,-12.8916,0.8001,-0.9137,0.7914,-0.8691,2.575,0.4108,10.806,296.62808,-35.41875,0.7217447,11.3393955,extreme_variable
91239,anomaly,9.455931839021977e-14,-13.0243,2.1350726461954861e-13,-12.6706,5.843753923478439e-14,-13.2333,5.6507901396606045e-14,-13.2479,5.382746815091867e-13,-12.269,0.3861,-0.5702,-0.0168,0.81,0.138,-0.8593,12.077,157.21433,45.42444,0.721372,11.33303,extreme_variable
39274,anomaly,5.9933673137657004e-15,-14.2223,2.4244749986050622e-14,-13.6154,1.0026296629020182e-13,-12.9989,4.530567230496236e-15,-14.3438,2.926926127721945e-13,-12.5336,0.6036,0.6106,-0.9135,0.9695,2.518,0.4011,21.45,134.12417,73.97678,0.7157561,11.237111,ultra_hard_spectrum
98303,anomaly,3.2860360821350553e-12,-11.4833,1.8803813641318974e-12,-11.7258,5.269033335642659e-13,-12.2783,2.7345081130537893e-12,-11.5631,1.9854213588885175e-12,-11.7021,-0.2721,-0.5622,0.6769,-0.1587,2.214,0.3453,21.292,53.14347,53.9142,0.7157108,11.236337,extreme_variable
97133,anomaly,3.619479099745e-11,-10.4414,6.809524181570274e-12,-11.1669,3.560297643216144e-12,-11.4485,6.432552962412922e-12,-11.1916,1.759977760157712e-12,-11.7545,-0.6833,-0.3133,0.2874,-0.5703,1.214,0.0841,25.564,270.22317,12.80372,0.71441174,11.2141485,extreme_variable
34108,anomaly,4.24737013942291e-12,-11.3719,1.1700758273593083e-12,-11.9318,1.0018533434141212e-11,-10.9992,1.5859255215820715e-11,-10.7997,3.2421113902520535e-12,-11.4892,-0.568,0.7908,0.2257,-0.6605,2.688,0.4294,28.083,357.84971,-5.04856,0.71186334,11.170623,extreme_variable
88624,anomaly,1.0344066754596652e-11,-10.9853,4.139073838608432e-12,-11.3831,1.2759753025846956e-11,-10.8942,8.364121128564508e-12,-11.0776,1.0291973422389759e-12,-11.9875,-0.4284,0.5101,-0.2081,-0.7809,0.384,-0.4155,25.327,101.99073,6.03795,0.7112139,11.15953,extreme_variable
27539,anomaly,1.4142951235478105e-12,-11.8495,8.056737094031605e-13,-12.0938,1.0886983313774955e-12,-11.9631,2.0269873687509103e-12,-11.6931,5.107382117878295e-13,-12.2918,-0.2742,0.1494,0.3012,-0.5975,0.156,-0.8067,21.527,232.19531,-82.40309,0.7083424,11.110485,extreme_variable
88147,anomaly,2.594030505455319e-11,-10.586,2.0261869986706652e-11,-10.6933,2.502452617643684e-12,-11.6016,9.317701004880665e-12,-11.0307,7.555049733097719e-12,-11.1218,-0.1229,-0.7801,0.5766,-0.1045,2.051,0.3119,20.201,66.23576,14.21497,0.7054202,11.060575,extreme_variable
62492,anomaly,3.0072315950648692e-12,-11.5218,1.1610603798166684e-12,-11.9351,2.56001961625617e-12,-11.5918,4.406116497382571e-12,-11.3559,2.2791557095798726e-13,-12.6422,-0.4429,0.376,0.265,-0.9016,0.175,-0.7579,17.404,343.42729,52.51383,0.70457524,11.046143,extreme_variable
9604,anomaly,3.3636966705466483e-13,-12.4732,2.360972361865369e-13,-12.6269,1.849267411161499e-12,-11.733,7.528545382603223e-14,-13.1233,7.400724524273865e-13,-12.1307,-0.1752,0.7736,-0.9218,0.8153,0.025,-1.0,12.323,210.45675,-42.40409,0.7020623,11.0032215,extreme_variable
94751,anomaly,1.4022788352864074e-14,-13.8532,9.750259774057567e-14,-13.011,3.460536266141339e-12,-11.4609,2.8761235150013526e-14,-13.5412,4.929456176821076e-14,-13.3072,0.7485,0.9452,-0.9835,0.2631,0.46,-0.3373,25.049,81.15705,-64.15084,0.7019441,11.001203,extreme_variable
25806,anomaly,7.084335727257197e-12,-11.1497,1.7078672064743169e-12,-11.7675,1.6595756601030695e-12,-11.78,4.190450823006833e-12,-11.3777,4.2119183748840483e-13,-12.3755,-0.6115,-0.0143,0.4326,-0.8173,0.341,-0.4675,24.258,80.11581,13.31804,0.696018,10.899985,extreme_variable
10538,anomaly,2.656847654696219e-13,-12.5756,1.251079421142557e-13,-12.9027,1.4263129251679145e-14,-13.8458,1.1681539589033566e-13,-12.9325,2.71481404443881e-13,-12.5663,-0.3597,-0.7953,0.7824,0.3983,1.994,0.2997,11.986,343.30578,-33.18622,0.69577795,10.895885,compton_thick_candidate
5072,anomaly,5.955014531223582e-14,-13.2251,8.395897167227571e-14,-13.0759,1.15093441827553e-12,-11.9389,1.8449464145618463e-12,-11.734,1.4008873137873552e-13,-12.8536,0.1701,0.864,0.2317,-0.8589,0.751,-0.1246,26.615,304.47907,18.29702,0.6911992,10.81768,extreme_variable
45705,anomaly,4.187215873487305e-15,-14.3781,4.537742557468822e-15,-14.3432,2.0069879468252797e-14,-13.6975,2.0961455590000478e-15,-14.6786,9.017088355781919e-14,-13.0449,0.0402,0.6312,-0.8109,0.9546,0.275,-0.5603,25.903,36.96754,-61.05744,0.6878303,10.76014,ultra_hard_spectrum
14318,anomaly,6.502628578238098e-12,-11.1869,9.18025518442701e-12,-11.0371,1.2283880971744737e-12,-11.9107,3.028790964394172e-12,-11.5187,7.546149822260483e-12,-11.1223,0.1707,-0.764,0.4229,0.4272,2.418,0.3835,11.191,255.78879,-32.35844,0.6856086,10.722195,extreme_variable
64015,anomaly,1.6427088289351957e-13,-12.7844,2.7365907718307397e-14,-13.5628,7.771520564273497e-14,-13.1095,3.31828912381226e-15,-14.4791,2.67566982538035e-14,-13.5726,-0.7144,0.4791,-0.9181,0.7793,0.376,-0.4254,11.28,176.34325,-1.03363,0.6849206,10.7104435,extreme_variable
39627,anomaly,1.709282017777633e-13,-12.7672,2.1145307481257625e-13,-12.6748,3.798380883531348e-13,-12.4204,2.133167508971803e-13,-12.671,1.530482582437223e-12,-11.8152,0.106,0.2848,-0.2807,0.7553,0.078,-1.0,12.788,337.80279,-28.08687,0.6846888,10.706484,extreme_variable
38158,anomaly,5.39432712308774e-13,-12.2681,9.308519689403508e-13,-12.0311,3.2120548824328663e-12,-11.4932,5.745090820871811e-12,-11.2407,6.525199989415713e-13,-12.1854,0.2662,0.5506,0.2828,-0.796,1.236,0.092,28.731,265.6684,-50.81686,0.6841913,10.697987,extreme_variable
7852,anomaly,8.353927408730747e-12,-11.0781,5.065157540843183e-12,-11.2954,4.965058776050087e-12,-11.3041,1.7974217387441012e-11,-10.7454,7.070783275518603e-12,-11.1505,-0.2451,-0.01,0.5671,-0.4354,2.052,0.3121,23.041,71.6199,70.0016,0.6776665,10.586543,extreme_variable
56405,anomaly,1.5550189356762347e-12,-11.8083,1.8162587714786338e-12,-11.7408,2.01014562837877e-12,-11.6968,4.623250131935208e-12,-11.3351,4.2349519238575866e-13,-12.3732,0.0775,0.0507,0.3939,-0.8322,1.791,0.253,17.702,43.46642,26.16389,0.6768131,10.571968,extreme_variable
3314,anomaly,2.5344855425798937e-12,-11.5961,7.039634173654584e-12,-11.1524,1.652605515469458e-12,-11.7818,3.5568628290459796e-11,-10.4489,7.339640518773324e-13,-12.1343,0.4706,-0.6198,0.9112,-0.9596,0.469,-0.3285,13.425,225.44376,-72.1156,0.67467,10.535363,extreme_variable
8375,anomaly,1.5202772639413857e-12,-11.8181,1.8062767020281523e-12,-11.7432,1.0416584813033984e-11,-10.9823,7.027335509169763e-13,-12.1532,1.4290980975283518e-13,-12.8449,0.086,0.7044,-0.8736,-0.662,2.002,0.3014,24.98,31.20121,-11.75346,0.6737235,10.519197,extreme_variable
88651,anomaly,7.434958144630872e-14,-13.1287,1.3297273753155411e-14,-13.8762,1.3689389945937927e-13,-12.8636,1.4325833334219685e-14,-13.8439,8.506792617563918e-15,-14.0702,-0.6966,0.8229,-0.8105,-0.2549,2.072,0.3164,29.729,287.81012,-41.06699,0.67134935,10.478647,extreme_variable
99699,anomaly,2.2909757439803276e-13,-12.64,5.243456220601708e-14,-13.2804,5.552571512277637e-14,-13.2555,1.221018470914841e-14,-13.9133,3.439950477427344e-13,-12.4634,-0.6275,0.0286,-0.6395,0.9314,0.027,-1.0,23.185,7.32938,-1.44314,0.66560197,10.380483,extreme_variable
10600,agn,1.6444044075525515e-13,-12.784,9.778966688057534e-14,-13.0097,3.491897718799336e-13,-12.4569,2.414174872078131e-13,-12.6172,1.0187667285490835e-13,-12.9919,-0.2542,0.5624,-0.1825,-0.4065,2.765,0.4418,1.868,156.31724,64.3931,0.66002744,10.285271,unclassified
19135,anomaly,2.5144246757474593e-13,-12.5996,2.9248990857843887e-12,-11.5339,5.920645281139058e-13,-12.2276,1.4623206592616893e-11,-10.835,3.1373588572287716e-13,-12.5034,0.8417,-0.6633,0.9222,-0.958,1.093,0.0387,15.813,248.60047,25.20099,0.65922266,10.271524,extreme_variable
78227,anomaly,1.4053060438711898e-12,-11.8522,3.014788159327126e-13,-12.5207,7.937758333186844e-13,-12.1003,2.2064229717263064e-14,-13.6563,5.952091231685738e-13,-12.2253,-0.6467,0.4495,-0.9459,0.9285,0.549,-0.2606,11.577,2.224,52.94486,0.6591808,10.27081,extreme_variable
1654,anomaly,6.297388017884323e-12,-11.2008,2.446103508274515e-12,-11.6115,8.857746491529013e-13,-12.0527,4.897426498023258e-12,-11.31,2.3780790236071625e-12,-11.6238,-0.4405,-0.4683,0.6937,-0.3463,2.248,0.3518,17.071,244.38446,-39.61092,0.657963,10.25001,extreme_variable
52303,anomaly,3.503651031792989e-14,-13.4555,3.7367975626125313e-14,-13.4275,4.739355259804776e-15,-14.3243,2.7880517241205836e-14,-13.5547,6.685760906088412e-14,-13.1748,0.0322,-0.7749,0.7094,0.4114,0.69,-0.1611,16.44,337.7138,-3.2825,0.6578083,10.247368,compton_thick_candidate
87533,anomaly,5.748759705733001e-13,-12.2404,3.706717548211283e-12,-11.431,3.2679252049503934e-13,-12.4857,3.962756820009949e-12,-11.402,2.5125017355099814e-13,-12.5999,0.7315,-0.838,0.8476,-0.8808,2.589,0.4132,13.107,289.74909,31.88152,0.65511703,10.201401,extreme_variable
30026,anomaly,8.39423555592821e-15,-14.076,1.2477807946471632e-13,-12.9039,3.040642469063354e-14,-13.517,7.8087229600112e-15,-14.1074,8.39528134226059e-14,-13.076,0.8739,-0.6081,-0.5913,0.8298,0.782,-0.1067,20.116,138.14776,5.86384,0.65330166,10.170395,extreme_variable
83085,anomaly,1.9788271643421952e-11,-10.7036,7.816474353341414e-12,-11.107,6.829029025457655e-12,-11.1656,3.879789109312162e-11,-10.4112,1.6580413580926073e-11,-10.7804,-0.4337,-0.0674,0.7007,-0.4012,0.711,-0.1481,23.235,103.33315,8.12201,0.6519628,10.147527,extreme_variable
55619,anomaly,1.803114197118406e-11,-10.744,2.5171895089895313e-12,-11.5991,5.762990311252038e-12,-11.2394,2.8817258974530238e-11,-10.5403,2.7044723290239063e-11,-10.5679,-0.755,0.392,0.6667,-0.0317,0.12,-0.9192,13.022,185.78085,-86.61047,0.64590484,10.044058,extreme_variable
39716,anomaly,5.467666544075709e-12,-11.2622,2.4158759378109182e-12,-11.6169,3.073357784444081e-13,-12.5124,4.3572343987806216e-12,-11.3608,7.380597832401748e-13,-12.1319,-0.3871,-0.7743,0.8682,-0.7103,1.617,0.2086,25.028,24.4942,40.83937,0.63989615,9.94143,extreme_variable
38605,anomaly,1.015830337634943e-14,-13.9932,3.039075889445975e-14,-13.5173,1.1896465025337954e-13,-12.9246,3.927734714495395e-15,-14.4059,2.912454307551976e-15,-14.5357,0.499,0.593,-0.9361,-0.1484,0.7,-0.1552,28.803,250.04834,46.11937,0.6385228,9.9179735,extreme_variable
27807,xrb,1.5621998466627562e-13,-12.8063,1.2618520245266074e-13,-12.899,3.9250787867541685e-13,-12.4062,1.718065567798711e-13,-12.765,9.157414294378414e-14,-13.0382,-0.1064,0.5134,-0.3911,-0.3046,0.382,-0.4177,5.729,247.41615,-55.50057,0.6382025,9.912502,unclassified
20986,anomaly,2.117963146517647e-14,-13.6741,1.384442202650791e-13,-12.8587,5.810112646857336e-14,-13.2358,1.706920804439785e-14,-13.7678,1.7085174436184415e-13,-12.7674,0.7346,-0.4088,-0.5459,0.8183,0.174,-0.7585,27.102,316.01103,89.37889,0.63297236,9.823172,extreme_variable
24165,anomaly,5.692409646304086e-12,-11.2447,8.851985679363451e-12,-11.053,1.5176107203001924e-13,-12.8188,1.7000493201629283e-12,-11.7695,2.348705630849506e-11,-10.6292,0.2172,-0.9663,0.8361,0.865,1.376,0.1386,27.992,339.43607,80.38362,0.63266367,9.8179,compton_thick_candidate
38530,anomaly,4.205537370326542e-11,-10.3762,1.7071564707015723e-11,-10.7677,1.7901246984700387e-12,-11.7471,1.1196992823015924e-11,-10.9509,1.4731147447989145e-11,-10.8318,-0.4225,-0.8102,0.7243,0.1363,1.208,0.082,10.759,252.78639,-43.44225,0.6298278,9.769464,extreme_variable
4202,anomaly,2.59162167969232e-11,-10.5864,1.971368684872237e-12,-11.7052,9.94037312565397e-12,-11.0026,1.2536522009000538e-12,-11.9018,3.824336067083698e-13,-12.4174,-0.8586,0.669,-0.776,-0.5325,0.788,-0.1033,23.068,3.29052,60.16061,0.626777,9.717356,extreme_variable
10380,anomaly,5.095246110934243e-13,-12.2928,1.8343260491701244e-14,-13.7365,1.0676633312762948e-14,-13.9716,5.225942563610622e-15,-14.2818,2.2130984421077646e-13,-12.655,-0.9305,-0.2642,-0.3428,0.9539,2.776,0.4434,28.862,94.24681,23.84745,0.6245029,9.6785145,extreme_variable
24115,anomaly,3.403380801573507e-12,-11.4681,1.042791112759708e-12,-11.9818,3.7426631909312546e-12,-11.4268,7.474419725724622e-12,-11.1264,5.893300042506162e-13,-12.2296,-0.5309,0.5642,0.3327,-0.8538,2.009,0.303,19.192,35.35779,-39.56079,0.6230893,9.65437,extreme_variable
59922,anomaly,4.61634203596702e-15,-14.3357,2.4361180776842532e-14,-13.6133,8.06418579074454e-15,-14.0934,3.957285084048582e-15,-14.4026,1.8246863069391324e-14,-13.7388,0.6814,-0.5026,-0.3416,0.6436,0.277,-0.5571,14.681,8.93025,-37.64602,0.62303925,9.653516,extreme_variable
77581,anomaly,2.827949753537035e-13,-12.5485,3.127482230263114e-13,-12.5048,1.8083909299698917e-13,-12.7427,8.584250374909651e-13,-12.0663,1.1037679258915053e-13,-12.9571,0.0503,-0.2672,0.652,-0.7721,1.752,0.2434,16.029,29.49454,40.78704,0.62221,9.639353,extreme_variable
53271,anomaly,1.0280569779919479e-13,-12.988,2.927749230793115e-14,-13.5335,5.6642149421250174e-15,-14.2469,4.422202076558264e-14,-13.3544,1.1743718564856064e-13,-12.9302,-0.5567,-0.6758,0.7729,0.4529,2.208,0.3439,10.602,146.56378,14.63756,0.62141544,9.625781,super_soft_source
58475,anomaly,2.6766637183154327e-13,-12.5724,3.2919555296925947e-15,-14.4825,1.1981048438768029e-13,-12.9215,1.3029350411779805e-14,-13.8851,5.700551976645613e-14,-13.2441,-0.9757,0.9465,-0.8038,0.6279,2.205,0.3435,18.368,248.38555,-55.2795,0.62090987,9.617146,extreme_variable
93981,anomaly,3.671208801260924e-14,-13.4352,6.438733984437123e-14,-13.1912,1.0305962989516533e-14,-13.9869,9.830047219437225e-15,-14.0074,6.545875795124098e-14,-13.184,0.2737,-0.724,-0.0236,0.7389,1.364,0.135,11.201,86.84396,8.99359,0.6206608,9.612891,extreme_variable
8615,anomaly,1.0627054775403454e-11,-10.9736,5.321903273973746e-12,-11.2739,1.627196626194874e-12,-11.7886,6.406260947107216e-12,-11.1934,2.3768984344289406e-11,-10.624,-0.3326,-0.5317,0.5949,0.5754,0.104,-0.981,20.307,80.85753,-84.26089,0.6203953,9.608357,compton_thick_candidate
13813,anomaly,5.928823292042059e-15,-14.227,3.0188910883530535e-15,-14.5202,2.6705840439993678e-14,-13.5734,9.606946860721559e-15,-14.0174,4.106098022447859e-14,-13.3866,-0.3252,0.7969,-0.4709,0.6208,0.131,-0.8828,26.232,350.26341,-33.20855,0.61958677,9.594547,extreme_variable
19981,anomaly,6.2209984799470895e-12,-11.2061,1.3285370028303795e-11,-10.8766,1.7504649951259624e-13,-12.7568,2.4801256583804913e-12,-11.6055,2.5598200679316257e-12,-11.5918,0.3622,-0.974,0.8681,0.0158,1.505,0.1775,15.958,211.94061,-11.20075,0.6191001,9.586235,extreme_variable
58342,anomaly,1.08510083572784e-12,-11.9645,1.6379410190952528e-12,-11.7857,1.120055638955789e-12,-11.9508,4.2209504903656864e-12,-11.3746,5.474228734182453e-13,-12.2617,0.203,-0.1878,0.5806,-0.7704,2.196,0.3417,23.937,199.08208,89.87668,0.61601555,9.533551,extreme_variable
22979,anomaly,9.505734368971445e-13,-12.022,2.6196762312942877e-13,-12.5818,4.6856227524546596e-14,-13.3292,1.2093964158505135e-12,-11.9174,9.322408668724728e-14,-13.0305,-0.5679,-0.6966,0.9254,-0.8569,1.723,0.2363,10.278,171.92632,78.3457,0.61241674,9.472084,super_soft_source
86811,anomaly,6.902907304609974e-12,-11.161,1.706501229489469e-11,-10.7679,6.682978360819289e-12,-11.175,1.8024336737758038e-11,-10.7441,3.650002159078327e-12,-11.4377,0.424,-0.4372,0.459,-0.6632,0.026,-1.0,25.013,12.73556,-31.31283,0.6117233,9.46024,extreme_variable
11673,anomaly,6.464373727035531e-13,-12.1895,5.291130525524044e-13,-12.2765,1.0780492145053954e-12,-11.9674,5.970663704361324e-13,-12.224,3.6578756608070953e-13,-12.4368,-0.0998,0.3416,-0.2871,-0.2402,0.057,-1.0,29.827,112.2719,83.49812,0.6079795,9.396296,extreme_variable
15602,anomaly,5.967246879365536e-13,-12.2242,5.218692561392955e-13,-12.2824,1.3064977545986747e-12,-11.8839,1.765858609627982e-12,-11.753,1.2764971086118573e-12,-11.894,-0.0669,0.4291,0.1495,-0.1608,0.094,-1.0,28.086,207.739,64.34809,0.6076484,9.390641,extreme_variable
77143,anomaly,6.550385054785137e-13,-12.1837,2.1197251454969563e-12,-11.6737,7.09665090914128e-13,-12.1489,1.7793678579694953e-13,-12.7497,1.3029977320673408e-12,-11.8851,0.5279,-0.4984,-0.5991,0.7597,0.163,-0.788,10.811,216.10735,33.27519,0.60749316,9.38799,extreme_variable
96971,anomaly,2.702308712267725e-12,-11.5683,3.352130132149335e-12,-11.4747,1.3843227629308721e-12,-11.8588,6.090004786510656e-12,-11.2154,1.9958183380429012e-12,-11.6999,0.1073,-0.4155,0.6296,-0.5063,1.094,0.0392,11.555,116.82471,-35.22286,0.6060129,9.362707,extreme_variable
24022,anomaly,4.3323670206515923e-13,-12.3633,1.2016929438575938e-12,-11.9202,1.1964766300520938e-13,-12.9221,5.891464357067073e-13,-12.2298,2.2890703045860196e-12,-11.6403,0.47,-0.8189,0.6624,0.5906,1.961,0.2924,17.56,215.55473,-84.64508,0.6055702,9.355145,compton_thick_candidate
15642,anomaly,3.5238267562693004e-13,-12.453,7.374575031697476e-12,-11.1323,7.388474175400758e-12,-11.1314,2.843723045550205e-12,-11.5461,3.294416677781659e-13,-12.4822,0.9088,0.0009,-0.4442,-0.7924,0.698,-0.1559,28.16,303.94118,-2.58526,0.6052555,9.349771,extreme_variable
21087,anomaly,5.4183338957081436e-14,-13.2661,4.0577992898447156e-14,-13.3917,7.110788422068075e-15,-14.1481,1.2491774385735814e-14,-13.9034,5.149039095283616e-14,-13.2883,-0.1436,-0.7018,0.2745,0.6095,0.412,-0.3849,12.174,164.1653,-47.40356,0.60474825,9.341107,extreme_variable
11975,anomaly,3.0183710977070642e-12,-11.5202,7.116799488515308e-12,-11.1477,1.3164633274438643e-12,-11.8806,3.393535837635122e-13,-12.4693,3.681949600528066e-12,-11.4339,0.4044,-0.6878,-0.5901,0.8312,0.29,-0.5372,10.677,215.43876,-80.459,0.604476,9.336456,extreme_variable
46897,anomaly,6.2865476790878514e-12,-11.2016,1.3947484093523029e-12,-11.8555,7.43978960879108e-13,-12.1284,3.258803102918806e-12,-11.4869,2.1211031992469212e-13,-12.6734,-0.6368,-0.3043,0.6283,-0.8778,1.06,0.0251,18.537,316.6336,-33.54992,0.60444325,9.335897,extreme_variable
4859,anomaly,1.1964656193580338e-12,-11.9221,1.0340989346236443e-13,-12.9854,1.0715998050693298e-11,-10.97,5.016486355726954e-13,-12.2996,9.11637009335312e-12,-11.0402,-0.8409,0.9809,-0.9106,0.8957,0.925,-0.0337,17.772,346.54012,48.73741,0.6031675,9.314108,extreme_variable
53162,anomaly,2.5114934805648097e-14,-13.6001,6.735511408692346e-14,-13.1716,5.328057838554609e-13,-12.2734,1.3361879115463608e-14,-13.8741,1.2014456894590448e-14,-13.9203,0.4568,0.7755,-0.9511,-0.0531,2.434,0.3863,29.389,31.34627,76.78686,0.60216504,9.296986,extreme_variable
56093,anomaly,9.067960686224555e-14,-13.0425,8.930192338560551e-14,-13.0491,4.12458648651445e-14,-13.3846,1.396854861831212e-13,-12.8548,1.9630142267461321e-13,-12.7071,-0.0077,-0.3681,0.5441,0.1685,1.686,0.2269,10.957,268.75724,0.92127,0.6014819,9.285318,extreme_variable
86846,anomaly,4.373778504664455e-15,-14.3591,5.173408836196331e-13,-12.2862,4.904715543081191e-14,-13.3094,1.512066294163572e-14,-13.8204,4.1236729421302594e-14,-13.3847,0.9832,-0.8268,-0.5287,0.4634,0.722,-0.1414,15.338,169.05958,-84.88193,0.60120165,9.280532,extreme_variable
88473,anomaly,3.353055791008644e-14,-13.4746,4.2188885113518225e-15,-14.3748,1.9310901982370912e-14,-13.7142,3.424464539346899e-15,-14.4654,4.113571618679845e-14,-13.3858,-0.7765,0.6414,-0.6988,0.8463,1.992,0.2993,19.026,65.29229,-67.70438,0.6010372,9.277722,extreme_variable
43871,anomaly,6.863038065615995e-15,-14.1635,2.6341449615684883e-14,-13.5794,2.171166952899982e-13,-12.6633,5.736143034693444e-14,-13.2414,7.748935049042936e-14,-13.1108,0.5866,0.7836,-0.582,0.1493,0.147,-0.8328,27.239,358.51441,76.34734,0.60037714,9.266449,extreme_variable
10858,anomaly,8.168395810743451e-12,-11.0879,7.638934414034582e-12,-11.117,1.3095857765454188e-12,-11.8829,1.1741243437257197e-12,-11.9303,6.452828945322981e-12,-11.1902,-0.0335,-0.7073,-0.0545,0.6921,2.634,0.4207,10.95,277.02118,45.08472,0.5999666,9.259437,extreme_variable
38321,anomaly,6.258985415376355e-13,-12.2035,1.261804667140546e-12,-11.899,1.940398407181429e-13,-12.7121,7.345657461321518e-13,-12.134,1.4355842285852833e-12,-11.843,0.3369,-0.7334,0.5821,0.323,0.053,-1.0,19.355,197.1057,30.54188,0.59836155,9.232022,compton_thick_candidate
20815,anomaly,3.996833312235578e-12,-11.3983,4.0270324849923794e-13,-12.395,4.754945783650253e-13,-12.3229,1.5752588618245887e-12,-11.8026,5.230310504369322e-13,-12.2815,-0.8169,0.0829,0.5363,-0.5015,0.041,-1.0,12.028,152.3727,-66.34204,0.5979762,9.225441,extreme_variable
59343,anomaly,2.2259214576038742e-14,-13.6525,5.3436088910289644e-15,-14.2722,1.7852246033058507e-14,-13.7483,1.8819878646391516e-13,-12.7254,4.279915566962965e-14,-13.3686,-0.6128,0.5393,0.8267,-0.6294,2.755,0.4401,10.545,119.11695,-62.02007,0.5972629,9.213258,extreme_variable
52555,anomaly,3.6977086387927414e-13,-12.4321,1.791149175022908e-13,-12.7469,2.240775558688586e-13,-12.6496,7.843000066698622e-13,-12.1055,5.194609576563649e-12,-11.2844,-0.3474,0.1115,0.5556,0.7376,0.096,-1.0,29.389,236.60851,73.22347,0.5964275,9.198989,compton_thick_candidate
81363,anomaly,5.351077889156176e-13,-12.2716,9.900516755378982e-13,-12.0043,1.1539947834480165e-12,-11.9378,2.3006087355534492e-12,-11.6382,1.393916179662683e-13,-12.8558,0.2983,0.0765,0.3319,-0.8857,0.334,-0.476,23.713,346.55032,-16.38267,0.5914018,9.113152,extreme_variable
66507,anomaly,2.7048998218289115e-14,-13.5678,2.4050957092827825e-14,-13.6189,1.1312679324584561e-13,-12.9464,1.5493081792579993e-14,-13.8099,9.551343258489392e-15,-14.0199,-0.0587,0.6493,-0.7591,-0.2372,0.176,-0.7552,28.952,278.30442,-50.05623,0.5911901,9.109535,extreme_variable
47247,anomaly,2.4772404856450534e-13,-12.606,3.9867232283482434e-13,-12.3994,8.787604231388922e-13,-12.0561,2.2682175669825624e-12,-11.6443,1.209039584070477e-13,-12.9176,0.2335,0.3758,0.4415,-0.8988,2.552,0.4068,13.706,45.14266,49.13977,0.59061813,9.099766,extreme_variable
6752,anomaly,1.3875972393781785e-13,-12.8577,2.5742724399417042e-14,-13.5893,7.789336252276975e-15,-14.1085,2.8822551004126308e-15,-14.5403,2.0480289645657013e-14,-13.6887,-0.687,-0.5354,-0.4598,0.7533,1.428,0.1547,29.396,159.91967,79.0855,0.59010106,9.090935,super_soft_source
65919,anomaly,1.947057805788849e-12,-11.7106,7.268198216488018e-14,-13.1386,3.5073494009329966e-13,-12.455,2.872084044513937e-14,-13.5418,3.9925675457264196e-13,-12.3987,-0.928,0.6567,-0.8486,0.8658,2.118,0.3259,17.03,238.27636,71.37571,0.589249,9.076382,extreme_variable
44872,anomaly,5.631560477530212e-13,-12.2494,1.0925969295277642e-12,-11.9615,9.937036100890407e-14,-13.0027,1.4481720029868872e-13,-12.8392,3.086226746919755e-13,-12.5106,0.3198,-0.8333,0.1861,0.3613,2.865,0.4571,10.493,15.53555,4.03892,0.5886664,9.06643,extreme_variable
49453,anomaly,3.277567664979107e-12,-11.4844,4.973934935155885e-12,-11.3033,3.68462904142452e-12,-11.4336,1.8385841511035172e-11,-10.7355,2.137616811801781e-12,-11.6701,0.2056,-0.1489,0.6661,-0.7917,0.79,-0.1023,19.073,280.06026,-41.50459,0.5864352,9.028322,extreme_variable
95159,anomaly,3.0037328474154457e-12,-11.5223,7.1016429182420314e-12,-11.1486,2.0589876148362595e-12,-11.6863,1.902666312616317e-12,-11.7206,1.3826374061211811e-11,-10.8593,0.4055,-0.5505,-0.0395,0.7581,2.041,0.3098,11.191,123.369,-40.90387,0.58613926,9.023267,extreme_variable
78616,anomaly,1.0607138543620388e-12,-11.9744,3.922583932025753e-13,-12.4064,7.942110738164848e-12,-11.1001,2.354959548014355e-13,-12.628,5.474597516255175e-12,-11.2616,-0.4601,0.9059,-0.9424,0.9175,2.578,0.4112,16.103,297.75192,-88.36303,0.58572406,9.016175,extreme_variable
35867,anomaly,5.541129564086915e-13,-12.2564,2.1291059426706714e-13,-12.6718,5.50128282891308e-13,-12.2595,1.3889653142604043e-12,-11.8573,3.055193140411853e-13,-12.515,-0.4448,0.4419,0.4326,-0.6394,0.103,-0.9863,24.537,22.82374,73.42205,0.5856396,9.014733,extreme_variable
36840,anomaly,1.0411712731349736e-13,-12.9825,3.3390141214450515e-12,-11.4764,3.345433034849495e-13,-12.4755,1.9138708455832197e-13,-12.7181,2.5394539100560584e-12,-11.5953,0.9395,-0.8179,-0.2722,0.8598,0.853,-0.0691,19.65,54.74577,-76.99308,0.584967,9.003245,ultra_hard_spectrum
19770,anomaly,2.215094009349366e-12,-11.6546,4.159177464070339e-12,-11.381,6.088489539472852e-13,-12.2155,2.909724388700633e-13,-12.5361,4.775628438091048e-12,-11.321,0.305,-0.7446,-0.3533,0.8851,2.107,0.3237,13.046,186.17308,-72.84776,0.5830317,8.970191,extreme_variable
53851,anomaly,1.2184350676506886e-13,-12.9142,8.763466641421869e-15,-14.0573,5.131138956104594e-14,-13.2898,6.982641831101876e-15,-14.156,3.337711104651093e-14,-13.4766,-0.8658,0.7082,-0.7604,0.654,0.318,-0.4973,13.78,203.95612,71.02278,0.582616,8.96309,extreme_variable
33158,anomaly,8.23095521782259e-13,-12.0845,2.3906761492421094e-12,-11.6215,3.684929292497282e-13,-12.4336,1.0100251964159007e-12,-11.9957,3.3158551988527267e-13,-12.4794,0.4878,-0.7329,0.4654,-0.5057,0.086,-1.0,25.018,10.97386,28.05696,0.58241457,8.95965,extreme_variable
32359,anomaly,4.831877963482602e-12,-11.3159,2.9670835028987507e-13,-12.5277,6.580349382204942e-14,-13.1818,4.061706254138919e-13,-12.3913,4.724798560325108e-13,-12.3256,-0.8843,-0.637,0.7212,0.0755,0.123,-0.9102,19.523,308.39454,-87.92518,0.5820566,8.953535,super_soft_source
20498,agn,1.598784170918037e-15,-14.7962,7.6123461782272e-15,-14.1185,1.3035268475252558e-13,-12.8849,1.0214483848714471e-13,-12.9908,9.871011417223381e-14,-13.0056,0.6529,0.8896,-0.1213,-0.0171,0.295,-0.5305,0.067,232.8224,36.19169,0.5805875,8.928444,unclassified
29332,anomaly,3.813972737753291e-14,-13.4186,7.60278449274153e-14,-13.119,1.1529413740880707e-12,-11.9382,1.5699256699639097e-13,-12.8041,1.0683820936383472e-13,-12.9713,0.3319,0.8763,-0.7603,-0.1901,0.209,-0.6799,27.48,347.70918,-82.23867,0.57883847,8.89857,extreme_variable
87547,anomaly,4.058667282692353e-12,-11.3916,2.5833538526932327e-12,-11.5878,9.787521605988916e-13,-12.0093,6.485471339873199e-12,-11.1881,4.822880421132855e-11,-10.3167,-0.2221,-0.4505,0.7377,0.7629,1.759,0.2453,26.21,214.1975,-5.63631,0.57515717,8.835694,compton_thick_candidate
8396,anomaly,3.8735493851570164e-13,-12.4119,8.140000501418453e-13,-12.0894,2.1072512036170777e-12,-11.6763,1.8094188147121312e-13,-12.7425,1.2333584262839033e-13,-12.9089,0.3551,0.4427,-0.8418,-0.1893,0.13,-0.8849,26.573,327.8852,-23.53807,0.5747057,8.827984,extreme_variable
55914,anomaly,1.0130835504020772e-13,-12.9944,3.542538361055374e-13,-12.4507,6.333834200679748e-14,-13.1983,2.236431341514769e-12,-11.6504,4.1957930173359655e-13,-12.3772,0.5552,-0.6966,0.9449,-0.6841,1.948,0.2896,12.406,10.56588,-45.99703,0.5729764,8.798447,extreme_variable
17335,anomaly,2.1153535738657723e-15,-14.6746,1.934642839280611e-14,-13.7134,3.7953029483582505e-15,-14.4208,7.912668766820473e-15,-14.1017,3.382641228840286e-14,-13.4707,0.8029,-0.672,0.3517,0.6209,0.747,-0.1268,17.014,248.09327,44.79641,0.5723363,8.787515,ultra_hard_spectrum
46030,anomaly,3.2286041660596414e-14,-13.491,2.5844857223509273e-14,-13.5876,1.3745470548222382e-14,-13.8618,6.144059243741644e-14,-13.2115,1.2017556856175066e-14,-13.9202,-0.1108,-0.3056,0.6344,-0.6728,0.587,-0.231,10.11,124.23347,-59.09796,0.57116735,8.767549,extreme_variable
65848,anomaly,4.431070558038885e-15,-14.3535,1.733201685946527e-15,-14.7612,6.0382153623856335e-15,-14.2191,1.9541063013007425e-15,-14.7091,9.853877998378712e-15,-14.0064,-0.4377,0.554,-0.511,0.669,0.558,-0.2534,26.305,296.67102,25.05755,0.5704765,8.755749,extreme_variable
5887,anomaly,4.459595348113041e-13,-12.3507,3.903968188083104e-14,-13.4085,3.319343841380151e-13,-12.4789,9.950327705765228e-14,-13.0022,1.538590199593919e-14,-13.8129,-0.839,0.7895,-0.5387,-0.7322,2.524,0.4022,23.853,299.98765,27.28384,0.56919557,8.7338705,extreme_variable
82753,anomaly,7.89029640244882e-12,-11.1029,1.762982330975788e-11,-10.7538,3.594898064666224e-13,-12.4443,2.1957835589702145e-12,-11.6584,8.174791513821338e-12,-11.0875,0.3816,-0.96,0.7186,0.5765,1.271,0.1042,21.344,347.23332,-63.20072,0.56563485,8.673054,compton_thick_candidate
9189,xrb,1.6617934918125814e-14,-13.7794,2.3056941292207184e-14,-13.6372,6.400823248706988e-14,-13.1938,3.1295298175083176e-14,-13.5045,3.561684131346682e-14,-13.4483,0.1623,0.4704,-0.3432,0.0646,0.876,-0.0574,10.179,354.90703,87.18595,0.56485003,8.659649,extreme_variable
62122,anomaly,2.1185829406197288e-12,-11.674,9.663727180830436e-13,-12.0149,6.986385666162497e-13,-12.1557,4.881827538757502e-12,-11.3114,2.6673014491226827e-12,-11.5739,-0.3735,-0.1608,0.7496,-0.2933,2.963,0.4717,22.274,121.89664,21.61815,0.5648184,8.659109,extreme_variable
15928,anomaly,4.3042032973406415e-12,-11.3661,5.5718073322360875e-12,-11.254,6.7307662058169564e-12,-11.1719,2.401803380283873e-13,-12.6195,1.4769651507954266e-11,-10.8306,0.1284,0.0942,-0.9311,0.968,0.071,-1.0,23.071,74.16537,-82.09248,0.5640157,8.645399,extreme_variable
15899,anomaly,2.0019350361511114e-12,-11.6986,1.7153061161297625e-12,-11.7657,2.736084577725752e-13,-12.5629,1.584559982246407e-12,-11.8001,2.3746602187459875e-13,-12.6244,-0.0771,-0.7249,0.7055,-0.7393,1.879,0.274,26.549,98.63925,41.79633,0.56339914,8.634868,extreme_variable
13113,agn,4.803659017269706e-16,-15.3184,3.3924284139645444e-15,-14.4695,3.5238866770009794e-13,-12.453,3.205121975192586e-13,-12.4942,8.209469266928772e-14,-13.0857,0.7519,0.9809,-0.0474,-0.5922,0.019,-1.0,1.399,43.58756,10.975,0.56298035,8.627715,unclassified
38357,anomaly,1.3094654294426238e-13,-12.8829,8.574592451310548e-14,-13.0668,4.3721789486075955e-13,-12.3593,1.1875337579556862e-13,-12.9254,1.707891025021343e-14,-13.7675,-0.2086,0.6721,-0.5728,-0.7485,1.128,0.0524,29.328,315.54752,57.43268,0.56254303,8.620246,extreme_variable
29694,anomaly,1.0832894407051949e-14,-13.9653,5.73771832413048e-14,-13.2413,2.037256329852441e-14,-13.691,5.366972482729781e-15,-14.2703,1.3158224081295059e-14,-13.8808,0.6824,-0.4759,-0.583,0.4206,2.925,0.4661,10.473,74.84399,-27.23427,0.5621267,8.613135,extreme_variable
59094,anomaly,3.4949345229111343e-14,-13.4566,3.1499624585879915e-13,-12.5017,2.076909257000839e-13,-12.6826,6.648137463789333e-14,-13.1773,3.70535520181046e-13,-12.4312,0.8003,-0.2053,-0.515,0.6957,0.479,-0.3194,11.169,174.2369,54.4233,0.5620799,8.612336,ultra_hard_spectrum
71827,anomaly,5.94299113077024e-14,-13.226,7.880821084673385e-15,-14.1034,3.092085644978333e-13,-12.5097,2.1785880554076855e-14,-13.6618,2.0860324746032482e-13,-12.6807,-0.7658,0.9503,-0.8684,0.8109,2.025,0.3064,20.861,309.92036,87.82646,0.5616926,8.6057205,extreme_variable
19956,anomaly,2.8200321485028808e-11,-10.5497,3.1518340465124876e-12,-11.5014,1.3456273987644365e-11,-10.8711,2.5374349318118308e-12,-11.5956,7.186069774828068e-13,-12.1435,-0.7989,0.6204,-0.6827,-0.5586,0.113,-0.9479,16.401,91.83991,67.08761,0.5606807,8.588437,extreme_variable
94116,anomaly,1.5151784990010273e-13,-12.8195,7.479438968809701e-14,-13.1261,2.412962526795911e-13,-12.6174,9.734618387644731e-15,-14.0117,1.1737565763182659e-13,-12.9304,-0.339,0.5268,-0.9224,0.8468,0.199,-0.7019,29.071,54.30887,30.20981,0.55985594,8.57435,extreme_variable
52078,anomaly,1.0712181844347493e-12,-11.9701,1.0635449078146821e-12,-11.9732,1.170080627400091e-12,-11.9318,7.405718670858245e-12,-11.1304,6.714036046372544e-12,-11.173,-0.0036,0.0477,0.7271,-0.049,2.99,0.4756,28.128,355.81433,63.54075,0.5598083,8.573537,extreme_variable
68550,anomaly,1.8927879924788845e-11,-10.7229,1.8894994745145157e-12,-11.7237,9.258173767481197e-13,-12.0335,6.066854902914041e-13,-12.217,1.5145699134574684e-13,-12.8197,-0.8185,-0.3423,-0.2082,-0.6005,0.661,-0.1796,29.426,237.87437,-80.92802,0.558065,8.543761,extreme_variable
97793,anomaly,1.7536969010654574e-12,-11.756,7.411766433136712e-13,-12.1301,1.824087064934548e-12,-11.739,1.9347109379271335e-13,-12.7134,1.3611392807263367e-14,-13.8661,-0.4058,0.4221,-0.8082,-0.8685,1.843,0.2655,15.078,185.71063,-52.97913,0.55801505,8.542909,extreme_variable
64600,anomaly,1.8005814924159873e-11,-10.7446,3.06092569437305e-12,-11.5141,1.36632700958254e-12,-11.8644,6.077270859678007e-14,-13.2163,5.657695488074399e-13,-12.2474,-0.7094,-0.3828,-0.9148,0.806,1.006,0.0027,21.388,267.94987,37.64586,0.5574841,8.533839,extreme_variable
42370,anomaly,4.395675861024673e-12,-11.357,3.3780464534265817e-12,-11.4713,1.2716491987274538e-12,-11.8956,4.508140513352574e-12,-11.346,2.9644100651132893e-12,-11.5281,-0.1309,-0.453,0.56,-0.2066,2.564,0.4089,13.31,187.60275,-63.77485,0.55569726,8.503321,extreme_variable
23977,anomaly,6.264756996680154e-13,-12.2031,4.681898375083591e-13,-12.3296,1.7412598027525886e-12,-11.7591,6.586619951375348e-13,-12.1813,2.2688212722733973e-13,-12.6442,-0.1446,0.5762,-0.4511,-0.4876,0.297,-0.5271,28.416,318.40911,9.21476,0.5556078,8.501793,extreme_variable
96598,agn,3.073334387239151e-15,-14.5124,2.198550556798781e-14,-13.6579,2.908821229540781e-13,-12.5363,2.6763775362969793e-13,-12.5725,2.386965599131485e-13,-12.6222,0.7547,0.8595,-0.0416,-0.0572,0.271,-0.5675,0.581,236.10619,-30.30718,0.5553505,8.497397,unclassified
41689,anomaly,3.1943617354763955e-12,-11.4956,2.112742814859768e-11,-10.6752,3.6714788267257106e-12,-11.4352,7.807772701206978e-12,-11.1075,2.5934503948768827e-11,-10.5861,0.7373,-0.7039,0.3603,0.5372,1.401,0.1465,11.147,170.66421,47.00925,0.5541711,8.477254,extreme_variable
67637,anomaly,1.582931961182716e-12,-11.8005,9.349788161766743e-13,-12.0292,1.9479037396683797e-13,-12.7104,1.1280610935954456e-11,-10.9477,4.254557911953347e-12,-11.3711,-0.2573,-0.6552,0.9661,-0.4523,2.143,0.331,28.199,30.41478,-50.03562,0.5538818,8.472313,extreme_variable
93813,anomaly,1.6354755031309596e-12,-11.7864,4.706441569630232e-13,-12.3273,9.025379894522653e-13,-12.0445,2.2629414022623992e-12,-11.6453,1.4657561603371559e-13,-12.8339,-0.5531,0.3145,0.4298,-0.8783,0.697,-0.1565,17.908,172.97655,37.19107,0.55357105,8.467005,extreme_variable
6647,anomaly,3.4890157539865593e-13,-12.4573,5.430424622692941e-14,-13.2652,6.733804447926433e-14,-13.1717,4.736332237878216e-15,-14.3246,2.8196440007107267e-14,-13.5498,-0.7306,0.1071,-0.8686,0.7124,2.81,0.4486,16.395,41.67311,16.56704,0.5530543,8.4581785,extreme_variable
64760,anomaly,6.033277182725196e-14,-13.2194,7.602957806923333e-15,-14.119,3.504995507114344e-14,-13.4553,8.98970404289171e-15,-14.0463,2.5674234269708873e-15,-14.5905,-0.7762,0.6435,-0.5917,-0.5557,2.755,0.4401,10.48,169.13092,71.41389,0.55276585,8.453253,extreme_variable
53328,anomaly,2.138403766206415e-13,-12.6699,7.099839940048932e-13,-12.1488,2.2370085717271532e-12,-11.6503,1.942099136678068e-13,-12.7117,5.25082305800808e-12,-11.2798,0.5371,0.5182,-0.8402,0.9287,0.245,-0.6114,20.893,294.98908,-18.25423,0.5522938,8.445189,ultra_hard_spectrum
78393,anomaly,7.989933365903328e-14,-13.0975,7.0527701370862e-13,-12.1516,2.189532935610006e-12,-11.6596,1.7288553646633633e-13,-12.7622,9.16810381086821e-14,-13.0377,0.7965,0.5127,-0.8536,-0.3069,1.315,0.1189,27.037,254.83744,23.8011,0.55056626,8.415684,extreme_variable
34505,anomaly,9.755244076273196e-14,-13.0108,1.6607821361128045e-14,-13.7797,3.138477237609734e-14,-13.5033,3.5645009411449806e-14,-13.448,3.7769874490048515e-15,-14.4229,-0.709,0.3079,0.0636,-0.8084,0.152,-0.8173,29.989,100.04624,30.17162,0.54940444,8.39584,extreme_variable
35271,anomaly,9.90445343744418e-12,-11.0042,6.413513310018767e-12,-11.1929,4.509580080756389e-12,-11.3459,2.262858334502951e-11,-10.6453,8.756451188956364e-12,-11.0577,-0.2139,-0.1743,0.6677,-0.442,1.254,0.0981,12.958,313.49731,70.39299,0.5489324,8.387777,extreme_variable
44979,anomaly,6.069735222257622e-12,-11.2168,2.4229071809770332e-12,-11.6157,8.891290089499903e-12,-11.051,3.7633286638921195e-13,-12.4244,4.2555332973698804e-11,-10.371,-0.4294,0.5717,-0.9188,0.9825,0.952,-0.0215,13.73,197.52432,30.65515,0.5487741,8.385075,extreme_variable
33841,anomaly,1.9717167481167276e-12,-11.7052,7.590917815458442e-13,-12.1197,3.2747352277712783e-13,-12.4848,2.414611335958877e-12,-11.6172,2.9102279406972343e-13,-12.5361,-0.4441,-0.3972,0.7611,-0.7849,2.221,0.3465,13.017,39.10356,51.68943,0.54876673,8.384948,extreme_variable
24424,anomaly,3.2688900103242007e-13,-12.4856,9.061398584985885e-14,-13.0428,2.929101949109216e-14,-13.5333,1.643632713078466e-13,-12.7842,1.8180248666538646e-13,-12.7404,-0.5659,-0.5114,0.6975,0.0504,0.125,-0.9028,16.378,101.37923,7.05473,0.54854083,8.381089,super_soft_source
14826,xrb,6.597953678006545e-14,-13.1806,8.002210970890715e-14,-13.0968,2.387816775621458e-13,-12.622,8.365688851718348e-14,-13.0775,9.532813111590678e-14,-13.0208,0.0962,0.498,-0.4811,0.0652,0.162,-0.7896,9.846,190.8615,89.50912,0.54749006,8.363143,unclassified
83357,anomaly,1.4233235933549195e-14,-13.8467,1.0276044714917258e-12,-11.9882,6.445233143792014e-13,-12.1908,4.979653887929283e-14,-13.3028,1.4505310252351913e-13,-12.8385,0.9727,-0.2291,-0.8566,0.4889,1.748,0.2425,25.645,135.25314,80.44474,0.5463676,8.343971,extreme_variable
89063,anomaly,5.039152957583637e-13,-12.2976,3.5459377741474404e-13,-12.4503,1.600098350942661e-13,-12.7959,9.90150663907529e-13,-12.0043,1.5409355622946673e-12,-11.8122,-0.1739,-0.3781,0.7218,0.2176,1.384,0.1411,17.904,254.41303,-16.79002,0.5456755,8.33215,extreme_variable
9085,anomaly,4.917300616791546e-13,-12.3083,6.153848206034987e-13,-12.2109,3.310916419783683e-13,-12.4801,2.7595448333809408e-12,-11.5592,1.8761900763448623e-12,-11.7267,0.1117,-0.3004,0.7857,-0.1906,2.917,0.465,25.094,160.48152,-52.36139,0.5453039,8.325803,extreme_variable
54173,anomaly,2.809762627692115e-14,-13.5513,2.7453307333348937e-14,-13.5614,2.221831345742071e-15,-14.6533,2.5404467652696377e-14,-13.5951,7.050046474076299e-14,-13.1518,-0.0116,-0.8503,0.8392,0.4702,1.878,0.2737,23.202,172.14068,-61.33186,0.54523253,8.324584,compton_thick_candidate
40286,xrb,4.0663080158807307e-14,-13.3908,4.066480707612948e-14,-13.3908,1.2755569928120204e-13,-12.8943,8.091258326282327e-14,-13.092,1.8894949967603484e-14,-13.7237,0.0,0.5165,-0.2237,-0.6214,0.167,-0.7767,11.07,16.99592,66.36505,0.5408584,8.249874,extreme_variable
78067,anomaly,6.272999249338558e-12,-11.2025,8.553016349353702e-13,-12.0679,4.2715650503235795e-13,-12.3694,1.325799751412333e-12,-11.8775,6.881254783421515e-13,-12.1623,-0.76,-0.3338,0.5126,-0.3166,0.018,-1.0,27.223,184.48334,20.66477,0.53929055,8.223096,extreme_variable
68759,anomaly,5.622941762688348e-13,-12.25,1.787005271340002e-13,-12.7479,2.7661999402550323e-14,-13.5581,3.719336705313537e-13,-12.4295,4.157876252955335e-13,-12.3811,-0.5177,-0.7319,0.8616,0.0557,2.229,0.348,13.621,121.52409,43.82057,0.539279,8.2228985,super_soft_source
85545,anomaly,1.097313933207694e-14,-13.9597,1.2202706411591116e-14,-13.9135,1.1399986407161051e-13,-12.9431,6.5015130523560006e-15,-14.187,5.451238140878095e-13,-12.2635,0.0531,0.8066,-0.8921,0.9764,2.801,0.4472,25.336,285.45307,81.84626,0.5387863,8.214483,ultra_hard_spectrum
37709,anomaly,4.4353643898420603e-13,-12.3531,1.2923515181419666e-12,-11.8886,3.28546580313988e-12,-11.4834,4.6544692392431174e-14,-13.3321,6.618553079448375e-13,-12.1792,0.489,0.4354,-0.9721,0.8686,0.708,-0.1501,15.199,298.05993,51.39911,0.5376767,8.195531,extreme_variable
20915,anomaly,5.032865285629362e-14,-13.2982,6.841227708873376e-13,-12.1649,1.0415024565289692e-13,-12.9823,2.3020897365575355e-14,-13.6379,1.4567149860801498e-13,-12.8366,0.8629,-0.7358,-0.638,0.7271,2.382,0.377,20.864,183.11766,-75.82696,0.5324157,8.105674,extreme_variable
17952,anomaly,8.617659181749833e-14,-13.0646,4.3910066444885696e-13,-12.3574,5.2725381414036686e-14,-13.278,5.595660227951983e-14,-13.2521,1.7962765149300188e-13,-12.7456,0.6719,-0.7856,0.0297,0.525,1.447,0.1603,10.668,356.05637,-39.95506,0.530463,8.072322,extreme_variable
7877,agn,1.1195998094704273e-16,-15.9509,6.761950552372343e-16,-15.1699,4.085554559692195e-14,-13.3887,3.090383416899448e-14,-13.51,2.3065357175954068e-14,-13.637,0.7159,0.9674,-0.1387,-0.1452,0.254,-0.5946,0.261,270.89776,52.51472,0.5270994,8.014872,unclassified
88235,anomaly,3.857485544516017e-13,-12.4137,1.1106620270703786e-14,-13.9544,2.1751420581288438e-13,-12.6625,2.904476188017419e-14,-13.5369,5.179551373730776e-13,-12.2857,-0.944,0.9028,-0.7644,0.8938,0.899,-0.0463,25.685,39.31066,-9.5762,0.526968,8.012628,extreme_variable
94697,anomaly,9.119056322903623e-12,-11.0401,1.3418593709286532e-11,-10.8723,3.64044973750531e-12,-11.4388,2.44156001309074e-13,-12.6123,8.074437270493876e-12,-11.0929,0.1908,-0.5732,-0.8743,0.9413,0.367,-0.4356,16.05,26.28798,-56.83445,0.52671844,8.008366,extreme_variable
57056,anomaly,1.0413824826539414e-12,-11.9824,1.057238772295438e-12,-11.9758,2.9399603771414895e-13,-12.5317,7.109105677394521e-13,-12.1482,2.227311035092477e-12,-11.6522,0.0076,-0.5648,0.4149,0.5161,2.547,0.406,16.027,120.91443,78.02941,0.5266039,8.006409,extreme_variable
39917,anomaly,7.42720128430513e-12,-11.1292,6.643916933149899e-12,-11.1776,4.960298227773586e-12,-11.3045,1.5189697327674995e-13,-12.8185,5.1605381598708814e-12,-11.2873,-0.0557,-0.1451,-0.9406,0.9428,0.829,-0.0816,12.808,2.8631,54.80075,0.526415,8.003182,extreme_variable
11557,anomaly,2.4633526074931074e-13,-12.6085,2.3392324108328285e-12,-11.6309,2.8936579643124346e-13,-12.5386,1.125776894637883e-12,-11.9485,5.882290380241339e-12,-11.2305,0.8095,-0.7798,0.591,0.6787,0.526,-0.2788,17.753,197.77206,88.98708,0.52625674,8.00048,compton_thick_candidate
78476,anomaly,7.010334292911669e-12,-11.1543,9.329246967554975e-12,-11.0302,1.523287441763268e-12,-11.8172,4.803942358052947e-12,-11.3184,2.1626524696093e-12,-11.665,0.1419,-0.7193,0.5185,-0.3791,1.67,0.2228,14.984,240.05556,24.57085,0.52432954,7.967563,extreme_variable
97341,anomaly,3.069421008748562e-13,-12.5129,5.979871774594935e-13,-12.2233,1.9833797342507362e-13,-12.7026,1.6598649608722958e-12,-11.7799,3.4119176177895422e-12,-11.467,0.3216,-0.5019,0.7865,0.3455,1.543,0.1884,18.907,114.28741,-57.17328,0.52408934,7.9634604,compton_thick_candidate
83701,anomaly,6.814228166787489e-14,-13.1666,4.958704279835037e-14,-13.3046,4.1632355437704036e-14,-13.3806,1.2337917092230006e-13,-12.9088,2.688069406832653e-13,-12.5706,-0.1576,-0.0872,0.4954,0.3708,0.642,-0.1928,14.981,241.0012,87.50104,0.5233059,7.9500794,extreme_variable
61761,anomaly,6.6922832510926025e-15,-14.1744,5.682844456903545e-14,-13.2454,1.5864858596666252e-14,-13.7996,9.981456297233716e-15,-14.0008,7.672796172939928e-14,-13.115,0.7893,-0.5635,-0.2276,0.7698,2.678,0.4279,20.609,137.61549,-82.36839,0.5224433,7.935346,ultra_hard_spectrum
62528,anomaly,1.9141908918493842e-13,-12.718,6.913108698746988e-13,-12.1603,8.337822378308834e-13,-12.0789,7.381779153590391e-13,-12.1318,1.9357863315525485e-13,-12.7131,0.5663,0.0934,-0.0608,-0.5845,0.118,-0.9266,24.835,83.37392,-45.22147,0.5213959,7.917457,extreme_variable
65395,agn,1.2733299206015622e-15,-14.8951,5.614285086300191e-15,-14.2507,3.6705919338787825e-13,-12.4353,2.2996988007109487e-13,-12.6383,1.1987546716338241e-13,-12.9213,0.6303,0.9699,-0.2296,-0.3147,0.275,-0.5609,2.123,168.29612,-71.30661,0.5209884,7.9104967,unclassified
30687,anomaly,7.016586021634617e-14,-13.1539,2.6672432003184835e-13,-12.5739,2.2377879380157256e-14,-13.6502,8.908217748740205e-13,-12.0502,3.635563399378927e-13,-12.4394,0.5834,-0.8452,0.951,-0.4203,1.282,0.1078,12.302,350.98422,-84.81401,0.5209305,7.909508,extreme_variable
31964,anomaly,1.8359963501134616e-12,-11.7361,1.0394595900247194e-11,-10.9832,7.376897293591137e-12,-11.1321,2.825008839177643e-12,-11.549,2.2838746601010436e-11,-10.6413,0.6998,-0.1698,-0.4462,0.7798,2.29,0.3599,13.437,19.43814,46.37829,0.51891357,7.8750587,ultra_hard_spectrum
46308,anomaly,1.0300645870472072e-12,-11.9871,1.0988982043547648e-11,-10.959,7.166184705911171e-12,-11.1447,4.782862447377152e-12,-11.3203,2.4944882092801112e-11,-10.603,0.8286,-0.2106,-0.1995,0.6782,0.626,-0.2032,10.646,348.88188,-31.83119,0.51877344,7.8726654,ultra_hard_spectrum
81399,anomaly,4.320653691035766e-13,-12.3645,1.6071984861678919e-13,-12.7939,1.810022484858532e-13,-12.7423,1.8451866524160284e-12,-11.734,1.0451927549126015e-12,-11.9808,-0.4577,0.0594,0.8213,-0.2768,0.033,-1.0,13.491,3.99912,48.83596,0.51799965,7.8594494,extreme_variable
50083,anomaly,5.635999283698049e-14,-13.249,2.8446943414018616e-14,-13.546,7.310884168769133e-15,-14.136,1.7134794677500106e-14,-13.7661,8.239020375531161e-14,-13.0841,-0.3291,-0.5911,0.4019,0.6557,1.908,0.2805,16.782,127.71589,-83.15895,0.5179324,7.8583007,extreme_variable
80882,anomaly,2.584320887003329e-13,-12.5877,4.118616940968146e-13,-12.3852,5.668372785310762e-14,-13.2465,2.028337362349938e-13,-12.6929,8.426163840219545e-14,-13.0744,0.2289,-0.758,0.5632,-0.413,0.031,-1.0,29.79,143.37387,-71.69737,0.51619774,7.828673,extreme_variable
2851,anomaly,5.241068481988256e-13,-12.2806,4.902339190992162e-14,-13.3096,1.3045905842611662e-13,-12.8845,9.228792657966178e-15,-14.0349,1.430785501730172e-13,-12.8444,-0.8289,0.4537,-0.8679,0.8788,1.61,0.2069,27.069,254.7297,28.25867,0.51595014,7.824444,extreme_variable
20908,xrb,1.3590770895482724e-14,-13.8668,1.422133241261498e-14,-13.8471,5.032803211749224e-14,-13.2982,3.0981069036277777e-14,-13.5089,1.931949591050792e-14,-13.714,0.0227,0.5594,-0.2379,-0.2318,0.807,-0.0929,10.219,13.45502,81.36035,0.51555043,7.817617,extreme_variable
94913,xrb,1.2371835452897802e-13,-12.9076,1.1663676663516986e-13,-12.9332,3.8425407062075754e-13,-12.4154,1.853183927391789e-13,-12.7321,1.512762412434326e-13,-12.8202,-0.0295,0.5343,-0.3493,-0.1011,0.898,-0.0469,6.634,345.23839,-63.32252,0.51472914,7.8035893,unclassified
62064,anomaly,4.826976192899829e-13,-12.3163,7.085700889391901e-14,-13.1496,5.700383652921629e-13,-12.2441,2.086460117488082e-13,-12.6806,1.607230602011142e-13,-12.7939,-0.744,0.7789,-0.4641,-0.1297,0.07,-1.0,26.601,271.06168,20.76988,0.51398927,7.790952,extreme_variable
40444,anomaly,1.5598227312533946e-12,-11.8069,1.085149772929866e-13,-12.9645,1.8354104803741702e-12,-11.7363,1.0914137824567297e-12,-11.962,1.4624037994192971e-13,-12.8349,-0.8699,0.8884,-0.2542,-0.7637,0.426,-0.3707,19.212,55.33714,-42.48159,0.5134967,7.7825394,extreme_variable
87537,anomaly,6.534726886173741e-15,-14.1848,5.956392558819022e-14,-13.225,3.638899847347444e-14,-13.439,4.99146403999628e-15,-14.3018,9.769477201823173e-15,-14.0101,0.8023,-0.2415,-0.7588,0.3237,0.55,-0.2596,26.424,221.34125,-43.94879,0.5125259,7.7659583,extreme_variable
16670,anomaly,1.606226691261405e-12,-11.7942,2.134777985119965e-11,-10.6706,2.9697137548797804e-12,-11.5273,3.3363233148120014e-11,-10.4767,3.320489844778943e-11,-10.4788,0.86,-0.7558,0.8365,-0.0024,0.36,-0.4438,13.175,231.61903,-65.00113,0.51207364,7.7582335,extreme_variable
66937,anomaly,7.144218109174042e-13,-12.146,6.21476685706475e-13,-12.2066,2.0250033781979968e-13,-12.6936,8.822050036449414e-13,-12.0544,9.884903382970052e-13,-12.005,-0.0696,-0.5085,0.6266,0.0568,2.614,0.4173,22.854,141.68139,-10.62285,0.51189,7.755097,extreme_variable
75916,anomaly,4.34828996092774e-13,-12.3617,1.1807110332239156e-12,-11.9279,2.337985319499169e-13,-12.6312,5.431661877826791e-13,-12.2651,7.004699210121699e-13,-12.1546,0.4617,-0.6694,0.3982,0.1265,2.152,0.3328,10.823,4.56133,-87.83517,0.5118652,7.7546735,extreme_variable
17073,anomaly,1.7903249801937308e-12,-11.7471,3.837227113598302e-12,-11.416,9.423999780980544e-13,-12.0258,3.8605847750030315e-13,-12.4133,2.1861906853454975e-11,-10.6603,0.3637,-0.6057,-0.4188,0.9653,1.855,0.2683,15.918,146.58757,59.50938,0.51170725,7.7519755,ultra_hard_spectrum
20478,anomaly,1.1244217400023088e-12,-11.9491,1.2274876357265037e-12,-11.911,6.197101257122485e-13,-12.2078,2.1411885168061072e-12,-11.6693,5.87892649810456e-13,-12.2307,0.0438,-0.329,0.5511,-0.5692,0.544,-0.2642,29.46,354.16982,-28.7486,0.51093274,7.738747,extreme_variable
20719,anomaly,4.746019801961386e-12,-11.3237,7.7787883756559e-12,-11.1091,2.2336222746070985e-12,-11.651,1.7309228919752453e-12,-11.7617,1.6405852476488624e-11,-10.785,0.2421,-0.5538,-0.1268,0.8091,1.101,0.0417,11.116,349.38808,61.94065,0.5077938,7.685134,extreme_variable
91458,anomaly,6.759412933960053e-14,-13.1701,6.1493430771970755e-15,-14.2112,1.4332160041285733e-14,-13.8437,8.938826938085364e-15,-14.0487,1.1513251204927135e-15,-14.9388,-0.8332,0.3995,-0.2318,-0.7718,2.334,0.3681,25.401,33.57375,-67.4965,0.5074687,7.6795816,extreme_variable
53571,xrb,5.272297842467957e-13,-12.278,4.702751990318716e-13,-12.3276,7.356246795188199e-13,-12.1333,1.361145625250923e-12,-11.8661,6.405903098174257e-13,-12.1934,-0.0571,0.22,0.2983,-0.36,0.737,-0.1328,11.952,260.60312,-8.47525,0.50687814,7.6694946,extreme_variable
48728,xrb,7.124387444529175e-13,-12.1473,6.664308230225535e-13,-12.1762,2.058197473903187e-12,-11.6865,7.959607921949031e-13,-12.0991,9.15758881904733e-13,-12.0382,-0.0334,0.5108,-0.4422,0.07,0.521,-0.2829,5.309,110.47899,81.76107,0.506545,7.663805,unclassified
31982,anomaly,9.214511769969617e-15,-14.0355,1.1124093763550342e-13,-12.9537,5.842360777402396e-15,-14.2334,1.2734636974948227e-14,-13.895,1.909483245448403e-14,-13.7191,0.847,-0.9002,0.371,0.1998,0.018,-1.0,19.393,336.86616,-31.6477,0.50602865,7.654986,extreme_variable
70491,anomaly,6.02138588399741e-13,-12.2203,3.0079727420406074e-13,-12.5217,1.9244038464021858e-13,-12.7157,1.447663334556102e-12,-11.8393,2.3237924199550805e-13,-12.6338,-0.3337,-0.2197,0.7653,-0.7234,2.137,0.3299,11.874,270.85883,-56.31303,0.5058665,7.6522164,extreme_variable
19164,anomaly,3.664404377087069e-12,-11.436,4.683018833222388e-12,-11.3295,1.929470254825553e-12,-11.7146,8.426114916104803e-12,-11.0744,1.015738612185818e-11,-10.9932,0.122,-0.4164,0.6274,0.0932,2.988,0.4754,19.766,220.9328,11.67793,0.50538445,7.643983,extreme_variable
79696,anomaly,3.254132242644015e-12,-11.4876,9.979831166147293e-13,-12.0009,2.1486641154071113e-13,-12.6678,6.965428111384934e-13,-12.1571,1.804974671013168e-12,-11.7435,-0.5306,-0.6457,0.5285,0.4431,2.201,0.3427,11.508,5.36222,84.63626,0.5052969,7.642487,super_soft_source
67934,anomaly,9.677955156451002e-12,-11.0142,2.021556130575272e-12,-11.6943,7.497311369186986e-12,-11.1251,1.1393584453187373e-11,-10.9433,1.8544288825151943e-12,-11.7318,-0.6544,0.5753,0.2063,-0.72,1.846,0.2663,20.579,14.22034,18.48197,0.50516665,7.6402626,extreme_variable
44170,anomaly,1.5663778763521183e-14,-13.8051,5.769122366157125e-15,-14.2389,3.854316333110549e-14,-13.4141,9.704322641683581e-15,-14.013,5.058502448083981e-14,-13.296,-0.4617,0.7396,-0.5977,0.6781,0.375,-0.4263,29.891,188.81638,-23.55004,0.504643,7.6313195,extreme_variable
76327,anomaly,1.9020934840190128e-13,-12.7208,2.4011972593145646e-12,-11.6196,6.138294335489869e-13,-12.212,1.2217229809059802e-12,-11.913,3.60776783956094e-12,-11.4428,0.8532,-0.5928,0.3312,0.4941,0.188,-0.7253,13.225,254.29266,18.8301,0.50334436,7.609138,extreme_variable
9856,anomaly,9.519679879087634e-13,-12.0214,7.472359367325694e-13,-12.1265,3.11244593431496e-13,-12.5069,1.3240893161201748e-12,-11.8781,1.683505118879569e-12,-11.7738,-0.1205,-0.4119,0.6194,0.1195,1.02,0.0085,17.236,202.67633,47.17751,0.5024787,7.594353,extreme_variable
88920,anomaly,3.9887404915952877e-13,-12.3992,3.1854069901204905e-13,-12.4968,5.1161847856673946e-14,-13.2911,1.0601115046270012e-13,-12.9746,1.790323679211348e-13,-12.7471,-0.112,-0.7232,0.349,0.2562,2.059,0.3136,10.136,159.82,38.3811,0.5021204,7.5882325,extreme_variable
4885,anomaly,1.893980684889586e-12,-11.7226,1.1226095504653833e-13,-12.9498,1.1479876659564734e-12,-11.9401,9.616722088703712e-14,-13.017,2.4266054907712686e-13,-12.615,-0.8881,0.8218,-0.8454,0.4324,1.139,0.0566,10.701,49.86238,71.32895,0.5009686,7.56856,extreme_variable
66326,anomaly,6.568522571761258e-14,-13.1825,1.6293724612123265e-12,-11.788,1.139151706074317e-12,-11.9434,3.5467850428780516e-13,-12.4502,1.0840400960833686e-12,-11.965,0.9225,-0.1771,-0.5251,0.507,2.192,0.3408,12.274,32.17077,33.60844,0.5002284,7.555918,ultra_hard_spectrum
6562,anomaly,6.167078432842426e-13,-12.2099,3.180665838807512e-13,-12.4975,3.773551926890582e-14,-13.4232,7.873157735072579e-14,-13.1039,1.8171623297844776e-13,-12.7406,-0.3195,-0.7879,0.352,0.3954,2.397,0.3797,14.909,136.08538,-74.24431,0.4994143,7.542013,extreme_variable
51541,anomaly,3.6159689076301856e-12,-11.4418,2.3899811581743145e-12,-11.6216,1.0590455291408811e-12,-11.9751,2.969982129836409e-12,-11.5272,2.3346293364699515e-12,-11.6318,-0.2041,-0.3859,0.4743,-0.1198,1.912,0.2815,26.985,108.49672,22.94598,0.498593,7.5279856,extreme_variable
70690,xrb,4.2984769775974895e-15,-14.3667,7.832125605029172e-15,-14.1061,2.3114624385064808e-14,-13.6361,7.943855938232177e-15,-14.1,1.0065523251765063e-14,-13.9972,0.2913,0.4938,-0.4885,0.1178,0.645,-0.1903,11.675,86.97815,33.93366,0.49846703,7.525834,extreme_variable
57026,anomaly,6.181797170909733e-13,-12.2089,4.917944377673772e-14,-13.3082,2.584279017122696e-13,-12.5877,2.1461286571060276e-13,-12.6683,4.053377574310879e-14,-13.3922,-0.8526,0.6802,-0.0926,-0.6823,0.253,-0.5963,29.576,198.148,-77.62079,0.49741894,7.5079327,extreme_variable
12172,anomaly,2.195543653461118e-12,-11.6585,1.940058228579206e-12,-11.7122,6.7338866712620615e-12,-11.1717,5.88497981328811e-12,-11.2303,2.309759940278032e-12,-11.6364,-0.0618,0.5527,-0.0673,-0.4363,0.547,-0.2624,28.799,69.19246,76.76113,0.49607444,7.4849687,extreme_variable
19499,anomaly,6.368899402848246e-14,-13.1959,6.59216942090903e-14,-13.181,1.145185615351052e-14,-13.9411,3.843683942882153e-15,-14.4153,4.625702524066375e-14,-13.3348,0.0172,-0.704,-0.4974,0.8466,0.362,-0.4414,23.017,101.00495,79.46328,0.4957772,7.479892,extreme_variable
2164,anomaly,4.629045128994363e-13,-12.3345,5.887325345905019e-13,-12.2301,3.3762670204112446e-12,-11.4716,2.739222439364866e-13,-12.5624,8.518416599757054e-14,-13.0696,0.1196,0.703,-0.8499,-0.5256,1.687,0.2272,24.065,176.1423,-80.24422,0.49461818,7.460096,extreme_variable
79559,anomaly,6.8613697738133e-12,-11.1636,1.7091857673329134e-11,-10.7672,7.916474680899728e-12,-11.1015,3.154058689546476e-11,-10.5011,5.914636101756164e-12,-11.2281,0.4271,-0.3669,0.5987,-0.6842,2.229,0.3481,10.327,194.91268,67.34773,0.49449253,7.4579496,extreme_variable
27458,anomaly,3.085679492207013e-12,-11.5106,6.031613405295617e-12,-11.2196,4.863941431526887e-12,-11.313,1.5128841415882585e-11,-10.8202,2.2685311971774006e-12,-11.6443,0.3231,-0.1072,0.5134,-0.7392,2.768,0.4421,13.155,352.80275,72.15421,0.4940184,7.449852,extreme_variable
36119,anomaly,3.2449174273853486e-12,-11.4888,3.3845427040107063e-12,-11.4705,3.4685416574712567e-12,-11.4599,1.114558136290541e-11,-10.9529,8.157092738805889e-12,-11.0885,0.0211,0.0123,0.5253,-0.1548,0.315,-0.5015,25.761,59.02623,-69.77215,0.49401316,7.4497623,extreme_variable
21574,anomaly,1.9992097200337903e-12,-11.6991,1.2114814556022642e-11,-10.9167,6.319834675845363e-13,-12.1993,4.189639221941553e-12,-11.3778,3.916630908722477e-12,-11.4071,0.7167,-0.9008,0.7379,-0.0337,2.915,0.4646,13.204,10.70849,31.50023,0.49347496,7.44057,extreme_variable
33349,anomaly,5.738032676543499e-15,-14.2412,6.331756795907701e-15,-14.1985,2.9407196708528603e-15,-14.5315,1.4486653313035303e-15,-14.839,1.8409477993381754e-14,-13.735,0.0492,-0.3657,-0.3399,0.8541,2.41,0.3821,25.593,325.11206,31.91759,0.4934114,7.439484,extreme_variable
95942,ulx,1.576735208419008e-12,-11.8022,1.2290558113348816e-12,-11.9104,1.0737986164868104e-12,-11.9691,1.0147066875495817e-12,-11.9937,3.8786493950297585e-13,-12.4113,-0.1239,-0.0674,-0.0283,-0.4469,0.131,-0.8821,3.524,77.86662,16.82322,0.4928152,7.4293013,unclassified
17504,anomaly,1.818296771596642e-14,-13.7403,3.5635850892902564e-15,-14.4481,5.290272459990844e-15,-14.2765,4.220462379378996e-15,-14.3746,3.720027958495895e-14,-13.4295,-0.6723,0.195,-0.1125,0.7962,1.608,0.2063,12.217,131.22423,31.88137,0.49242195,7.4225845,extreme_variable
58406,anomaly,3.672489559599483e-14,-13.435,1.6887851847748696e-14,-13.7724,2.4312505176881194e-14,-13.6142,2.889096069349413e-15,-14.5392,7.231866372855132e-14,-13.1407,-0.37,0.1802,-0.7876,0.9232,0.417,-0.3795,25.496,85.14963,-16.56577,0.49195677,7.4146395,extreme_variable
66916,anomaly,1.8436297095787846e-11,-10.7343,1.4798654562578415e-12,-11.8298,9.671099729738893e-12,-11.0145,3.689487429190978e-11,-10.433,4.266835458811614e-12,-11.3699,-0.8514,0.7346,0.5846,-0.7927,1.212,0.0834,20.58,17.33181,-8.83626,0.49113783,7.400652,extreme_variable
54929,anomaly,2.0173212305818253e-12,-11.6952,1.142925350498864e-12,-11.942,7.0076546854956685e-12,-11.1544,1.4087287522431579e-11,-10.8512,5.799666012027139e-12,-11.2366,-0.2767,0.7195,0.3356,-0.4167,1.514,0.18,24.21,338.9802,38.07936,0.49107736,7.399619,extreme_variable
93085,anomaly,1.6623084103342373e-13,-12.7793,3.08165573147083e-13,-12.5112,3.579577252056229e-12,-11.4462,7.196942106588469e-13,-12.1429,2.396136446941002e-13,-12.6205,0.2992,0.8415,-0.6652,-0.5004,2.396,0.3795,24.328,344.18877,73.42899,0.49059942,7.391456,extreme_variable
57231,anomaly,1.7105513195447852e-14,-13.7669,6.043283321723142e-14,-13.2187,1.975959701323533e-14,-13.7042,2.1349823550172782e-15,-14.6706,5.002747520747313e-15,-14.3008,0.5588,-0.5072,-0.805,0.4018,2.888,0.4606,11.42,73.12287,84.78311,0.49057356,7.391014,extreme_variable
67274,anomaly,5.668476973122979e-15,-14.2465,7.910953941977748e-15,-14.1018,5.508161441209146e-14,-13.259,6.410292486128313e-15,-14.1931,4.966288082229962e-14,-13.304,0.1651,0.7488,-0.7915,0.7714,2.598,0.4146,15.379,99.30554,84.42101,0.489654,7.3753085,extreme_variable
2480,anomaly,1.349093444594403e-13,-12.87,2.886616154431184e-12,-11.5396,2.1800910291716564e-12,-11.6615,3.7154666935534966e-13,-12.43,4.2064092749182474e-13,-12.3761,0.9107,-0.1394,-0.7088,0.062,0.265,-0.5773,27.102,173.16553,-88.65666,0.4893485,7.3700905,extreme_variable
94436,anomaly,7.847584852118048e-15,-14.1053,3.0062085341261824e-14,-13.522,2.945113021493174e-14,-13.5309,7.357278217958473e-15,-14.1333,6.59634734275116e-14,-13.1807,0.586,-0.0103,-0.6002,0.7993,0.315,-0.5015,25.55,301.80953,44.06919,0.4880877,7.348556,extreme_variable
29153,anomaly,2.384456973655576e-12,-11.6226,8.922930363644593e-13,-12.0495,3.5307366831282457e-13,-12.4521,1.7102208390569349e-12,-11.7669,3.9289614593617587e-13,-12.4057,-0.4554,-0.433,0.6578,-0.6264,0.795,-0.0999,12.039,299.68496,13.3647,0.4869459,7.329054,extreme_variable
64338,anomaly,8.469457254857685e-14,-13.0721,7.03160259480769e-13,-12.1529,4.987406973906677e-14,-13.3021,9.611964597111442e-14,-13.0172,2.020866573676834e-13,-12.6945,0.785,-0.8675,0.3168,0.3553,0.174,-0.7589,18.243,287.23413,88.59454,0.48610255,7.3146496,extreme_variable
76884,anomaly,4.902433928306666e-13,-12.3096,3.672936273202135e-12,-11.435,1.0369233197887366e-12,-11.9843,6.0416742140582225e-12,-11.2188,4.735334633110808e-13,-12.3246,0.7645,-0.5597,0.707,-0.8546,1.865,0.2707,12.119,126.70666,22.11749,0.48604545,7.3136744,extreme_variable
45935,anomaly,9.841217627212857e-15,-14.007,6.877825395185141e-15,-14.1625,2.6909241017148925e-15,-14.5701,4.076598473834989e-15,-14.3897,1.4462641419844402e-14,-13.8398,-0.1772,-0.4376,0.2048,0.5602,1.947,0.2895,14.146,15.42782,-17.26066,0.48562887,7.3065596,extreme_variable
39543,anomaly,4.697277817047836e-14,-13.3282,2.9912190981815533e-13,-12.5242,2.1143212900819923e-13,-12.6748,7.5210010129756e-14,-13.1237,4.6662856462967455e-14,-13.331,0.7286,-0.1718,-0.4752,-0.2342,0.186,-0.7306,29.021,210.01667,-24.56794,0.48539084,7.302494,extreme_variable
71741,anomaly,7.96673082425121e-14,-13.0987,3.032176222193914e-13,-12.5182,1.990432069382349e-14,-13.7011,9.336649887126936e-14,-13.0298,3.2434509835483664e-13,-12.489,0.5839,-0.8768,0.6486,0.553,0.26,-0.5857,26.996,3.03056,62.68603,0.48491102,7.2942986,compton_thick_candidate
82303,anomaly,8.02067865911216e-15,-14.0958,1.6627596862561846e-14,-13.7792,4.3067879879313624e-14,-13.3658,4.1695241405489005e-15,-14.3799,2.869703497802315e-14,-13.5422,0.3492,0.4429,-0.8235,0.7463,2.237,0.3497,13.646,259.83398,-34.1855,0.48449802,7.287245,extreme_variable
466,anomaly,2.312269613992858e-13,-12.636,2.7734997710567667e-12,-11.557,3.8784360473198895e-12,-11.4113,4.632646951895795e-13,-12.3342,1.1741884566361426e-11,-10.9303,0.8461,0.1661,-0.7866,0.9241,2.575,0.4108,29.137,1.33908,-46.52888,0.48210925,7.2464447,ultra_hard_spectrum
62499,anomaly,1.9037530104340106e-12,-11.7204,2.880901436732146e-12,-11.5405,5.128670784272673e-12,-11.29,5.2457084992863675e-12,-11.2802,9.093550926703671e-13,-12.0413,0.2042,0.2806,0.0113,-0.7045,2.3,0.3617,24.939,347.01457,80.58045,0.4819572,7.2438474,extreme_variable
92289,anomaly,1.3805954102279477e-13,-12.8599,4.329680046104891e-12,-11.3635,2.0795622833091615e-12,-11.682,7.088203306980983e-13,-12.1495,8.307093097634768e-13,-12.0806,0.9382,-0.3511,-0.4916,0.0792,2.866,0.4573,10.687,102.62818,50.73432,0.48179796,7.241128,extreme_variable
82796,anomaly,1.44223924867678e-13,-12.841,1.3059151831268407e-12,-11.8841,7.298228058910145e-13,-12.1368,2.221406462073671e-14,-13.6534,7.960876554035589e-14,-13.099,0.8011,-0.283,-0.9409,0.5637,1.119,0.0489,14.081,213.75939,-31.98861,0.48126063,7.2319503,extreme_variable
74654,anomaly,4.595375969164105e-13,-12.3377,8.860366159899334e-13,-12.0525,4.503677830021862e-14,-13.3464,2.4044965343720277e-13,-12.619,2.213515553783813e-13,-12.6549,0.317,-0.9033,0.6845,-0.0414,0.647,-0.189,11.827,16.04597,-55.3795,0.4801727,7.2133684,extreme_variable
64422,anomaly,3.0248689866679426e-13,-12.5193,4.932682656197592e-13,-12.3069,1.726346189709924e-12,-11.7629,7.266373156087555e-14,-13.1387,1.0639926629840527e-13,-12.9731,0.2397,0.5555,-0.9192,0.1884,0.127,-0.8969,25.563,223.79569,-87.56333,0.47994518,7.2094827,extreme_variable
63764,anomaly,4.713168904230365e-13,-12.3267,6.186874952438271e-13,-12.2085,2.2107809153698966e-13,-12.6555,7.825486921052209e-13,-12.1065,2.2318560299840106e-12,-11.6513,0.1352,-0.4735,0.5594,0.4808,2.518,0.4011,19.88,28.64587,-40.24147,0.4778824,7.17425,compton_thick_candidate
80929,anomaly,6.033326534505939e-14,-13.2194,6.629350113671867e-14,-13.1785,1.2951259235077088e-13,-12.8877,2.026459545452976e-14,-13.6933,2.7854218528894945e-13,-12.5551,0.0471,0.3229,-0.7294,0.8644,2.802,0.4475,11.864,144.14447,62.65,0.47656256,7.1517076,extreme_variable
71381,anomaly,6.97328361404101e-12,-11.1566,2.2721941236800607e-12,-11.6436,9.467805193637589e-12,-11.0238,3.122459212315892e-12,-11.5055,6.733945772905738e-13,-12.1717,-0.5085,0.6129,-0.504,-0.6452,2.311,0.3638,19.549,358.73767,-37.74122,0.47645697,7.1499043,extreme_variable
2514,anomaly,1.7866528862354747e-14,-13.748,6.473632435610721e-14,-13.1889,1.4511527079935207e-13,-12.8383,2.614696850009562e-13,-12.5826,3.3347974486150134e-13,-12.4769,0.5674,0.383,0.2862,0.121,0.373,-0.4281,3.637,184.16889,41.58199,0.4760884,7.143609,monotonically_rising
25970,anomaly,8.312569644990662e-13,-12.0803,9.864574943510593e-12,-11.0059,4.42024925756399e-12,-11.3546,4.8726168060576965e-12,-11.3122,2.6336840556914635e-11,-10.5794,0.8446,-0.3811,0.0487,0.6877,1.974,0.2953,15.048,36.62967,-76.89331,0.4740916,7.1095037,ultra_hard_spectrum
16853,anomaly,1.1338160408838192e-12,-11.9455,1.9349855253585036e-13,-12.7133,3.2114722777798245e-13,-12.4933,3.174241948819449e-14,-13.4984,1.3277239254700522e-12,-11.8769,-0.7084,0.248,-0.8201,0.9533,0.376,-0.4249,21.326,3.1981,1.78911,0.4736243,7.1015224,extreme_variable
37195,anomaly,1.826676474785305e-14,-13.7383,1.5456350899646608e-14,-13.8109,3.6310106366567e-14,-13.44,3.505332186037864e-14,-13.4553,1.118483375268594e-14,-13.9514,-0.0833,0.4028,-0.0176,-0.5162,4.029,0.6052,2.719,111.1556,-12.46192,0.4707868,7.0530586,unclassified
33797,agn,9.344242585960774e-17,-16.0295,7.66504710370199e-16,-15.1155,2.406033585186029e-14,-13.6187,1.5590204016578497e-14,-13.8071,6.429758266268911e-15,-14.1918,0.7827,0.9383,-0.2136,-0.416,0.301,-0.5218,2.142,293.87746,76.7781,0.47057876,7.0495048,unclassified
15919,anomaly,3.235755136600505e-12,-11.49,6.189873344752034e-13,-12.2083,3.702493138389498e-12,-11.4315,1.6274064252381563e-13,-12.7885,1.6838540562527508e-12,-11.7737,-0.6788,0.7135,-0.9158,0.8237,0.51,-0.2928,15.664,65.17734,89.65762,0.4703286,7.0452323,extreme_variable
20760,anomaly,1.5077862872696398e-11,-10.8217,4.201685423317062e-12,-11.3766,1.2357208294743316e-12,-11.9081,7.36244935149391e-13,-12.133,1.6698326800689686e-11,-10.7773,-0.5641,-0.5455,-0.2533,0.9155,2.013,0.3039,16.474,148.68973,37.72159,0.46957234,7.0323153,super_soft_source
26763,anomaly,8.574361591140913e-13,-12.0668,4.507276575913208e-12,-11.3461,3.924005460991525e-12,-11.4063,3.0244804141166897e-12,-11.5193,8.781018867146387e-12,-11.0565,0.6803,-0.0692,-0.1295,0.4876,2.188,0.3401,10.061,33.76163,42.65198,0.4694284,7.0298567,extreme_variable
88940,anomaly,1.8715600310712158e-11,-10.7278,2.0482983048855248e-11,-10.6886,5.5520067249478065e-12,-11.2556,9.14245341707215e-12,-11.0389,4.459142988944457e-11,-10.3507,0.0451,-0.5735,0.2443,0.6597,0.08,-1.0,21.569,35.88213,-66.88591,0.4692194,7.026287,extreme_variable
66540,anomaly,3.2222456772964064e-14,-13.4918,7.506439354483105e-14,-13.1246,1.0284398834493284e-14,-13.9878,2.023955142535442e-13,-12.6938,9.96404146507227e-14,-13.0016,0.3993,-0.759,0.9033,-0.3402,1.832,0.2629,10.927,312.89846,-9.08349,0.46875492,7.018354,extreme_variable
1480,anomaly,1.440952585571449e-12,-11.8414,2.319763785569539e-12,-11.6346,1.1945995288451916e-12,-11.9228,7.636612274071933e-12,-11.1171,2.2546863780932103e-12,-11.6469,0.2337,-0.3202,0.7295,-0.5441,0.84,-0.0755,23.191,208.21321,-83.2937,0.46760678,6.998744,extreme_variable
92302,anomaly,2.9357337709522876e-13,-12.5323,2.502070075630214e-12,-11.6017,2.1587668026771423e-13,-12.6658,1.3976587787424632e-12,-11.8546,1.6302578751023947e-13,-12.7877,0.79,-0.8411,0.7324,-0.7911,0.738,-0.1317,14.096,63.14913,9.77366,0.46753126,6.997454,extreme_variable
61914,anomaly,2.537012838423751e-12,-11.5957,1.4487661301684468e-11,-10.839,4.9744131799431496e-12,-11.3033,1.8100094945912493e-11,-10.7423,9.861570496977517e-13,-12.0061,0.702,-0.4888,0.5688,-0.8967,1.906,0.2801,10.66,56.99164,63.02212,0.46729502,6.993419,extreme_variable
14333,anomaly,2.8736008036065384e-12,-11.5416,2.8915277196417334e-12,-11.5389,7.524196571600223e-12,-11.1235,1.2759870490699035e-11,-10.8942,4.75366255338198e-12,-11.323,0.0031,0.4448,0.2581,-0.4571,0.371,-0.4312,15.386,328.31957,37.9208,0.4643638,6.943354,extreme_variable
21186,anomaly,1.2377431660695357e-14,-13.9074,2.928632817554739e-14,-13.5333,1.001066150692719e-15,-14.9995,1.3483390705365513e-14,-13.8702,1.0459045162378187e-14,-13.9805,0.4058,-0.9339,0.8618,-0.1263,1.901,0.2789,12.821,27.41979,74.79501,0.46415976,6.939869,extreme_variable
79421,anomaly,6.759013167576375e-14,-13.1701,5.221998579353022e-14,-13.2822,6.255543708846483e-14,-13.2037,2.9165399213673707e-15,-14.5351,3.169781378801506e-14,-13.499,-0.1283,0.09,-0.9109,0.8315,0.973,-0.0117,12.836,201.59739,59.13144,0.46408775,6.938639,extreme_variable
53839,anomaly,7.229631059472945e-13,-12.1409,5.094759272587913e-13,-12.2929,4.751748633528292e-13,-12.3231,2.4599913212427658e-12,-11.6091,1.839189980182279e-12,-11.7354,-0.1732,-0.0348,0.6762,-0.1444,2.004,0.3019,12.321,136.38422,63.25603,0.4637531,6.9329233,extreme_variable
94722,anomaly,5.085956400818661e-11,-10.2936,8.602954421752873e-11,-10.0654,5.270289741852123e-13,-12.2782,4.825912454224871e-14,-13.3164,5.778899552730769e-15,-14.2382,0.2569,-0.9878,-0.8322,-0.7861,1.93,0.2856,3.745,325.58084,-57.79524,0.46267048,6.914432,super_luminous
54308,anomaly,2.9441084851324043e-12,-11.531,3.614571249853507e-13,-12.4419,4.3353311850839526e-13,-12.363,2.1611299286816505e-12,-11.6653,1.7385462294280512e-12,-11.7598,-0.7813,0.0907,0.6658,-0.1084,0.05,-1.0,14.669,260.23101,-6.77528,0.4624002,6.909816,extreme_variable
96782,anomaly,1.4598230663609815e-12,-11.8357,4.013685216909913e-12,-11.3965,1.65134636711987e-11,-10.7822,2.3978830768918687e-12,-11.6202,7.395611760800739e-13,-12.131,0.4666,0.6089,-0.7464,-0.5286,1.643,0.2156,24.383,139.95519,5.44491,0.46224687,6.907197,extreme_variable
75805,anomaly,2.1052033826231013e-14,-13.6767,1.280230151031039e-13,-12.8927,1.4828681471881068e-14,-13.8289,1.22196817389786e-13,-12.9129,2.5217616612891718e-14,-13.5983,0.7176,-0.7924,0.7836,-0.6579,2.939,0.4681,11.418,232.03802,76.86635,0.4615202,6.8947854,extreme_variable
1117,anomaly,1.8871310913843823e-11,-10.7242,3.1182981867944048e-12,-11.5061,2.204776736266659e-11,-10.6566,1.3800560717825722e-11,-10.8601,2.0317579240833957e-12,-11.6921,-0.7164,0.7522,-0.2301,-0.7433,0.234,-0.6301,17.147,218.38401,-56.57019,0.4611659,6.8887343,extreme_variable
14491,anomaly,3.674505294553296e-12,-11.4348,1.2584272440753608e-12,-11.9002,9.866347634714468e-14,-13.0058,1.2155679531132524e-12,-11.9152,9.01348142248809e-13,-12.0451,-0.4898,-0.8546,0.8499,-0.1484,2.568,0.4095,23.445,159.31386,-61.9401,0.46107364,6.8871584,extreme_variable
64859,anomaly,1.3979081472326808e-12,-11.8545,4.64504283049585e-12,-11.333,4.0053626028693014e-12,-11.3974,5.211149154913191e-13,-12.2831,2.55493986021214e-12,-11.5926,0.5373,-0.0739,-0.7697,0.6612,0.048,-1.0,22.442,216.21267,-80.5284,0.46046227,6.876716,extreme_variable
52299,anomaly,5.893739910603794e-15,-14.2296,7.159487288023279e-14,-13.1451,3.642599534498555e-14,-13.4386,8.874413352539042e-15,-14.0519,3.1754254653806525e-14,-13.4982,0.8479,-0.3256,-0.6082,0.5631,2.297,0.3612,21.29,96.01163,24.21195,0.46029472,6.8738546,extreme_variable
60148,anomaly,1.0913080379327195e-11,-10.9621,1.2151132217823547e-11,-10.9154,5.700873257281964e-12,-11.2441,1.3063666450263261e-11,-10.8839,3.5939858852110008e-12,-11.4444,0.0537,-0.3613,0.3924,-0.5685,0.197,-0.7054,14.976,221.7275,-45.99987,0.46019801,6.872203,extreme_variable
2573,agn,4.89421826245965e-17,-16.3103,3.115772723172719e-16,-15.5064,2.9774895881162066e-14,-13.5261,2.1454658016209666e-14,-13.6685,7.85532483885641e-15,-14.1048,0.7285,0.9793,-0.1624,-0.464,0.262,-0.581,2.452,185.20769,21.45277,0.45976233,6.8647614,unclassified
72854,anomaly,9.549998480034084e-12,-11.02,2.1263784802654457e-12,-11.6724,8.315035214930032e-12,-11.0801,2.0906970586994564e-11,-10.6797,6.443594670616202e-12,-11.1909,-0.6358,0.5927,0.4309,-0.5288,0.718,-0.1437,23.271,136.11122,41.65611,0.458967,6.851177,extreme_variable
9678,anomaly,4.407154164499219e-13,-12.3558,1.2265408472957778e-13,-12.9113,1.0587238848615087e-12,-11.9752,5.5164767900969925e-14,-13.2583,4.4715086825978443e-13,-12.3495,-0.5646,0.7924,-0.901,0.7804,1.241,0.0937,15.336,244.26581,-28.00025,0.45853087,6.843728,extreme_variable
55845,anomaly,1.6002361212057924e-12,-11.7958,7.862546134488629e-12,-11.1044,3.714846625763422e-12,-11.4301,5.209930301387588e-13,-12.2832,7.993068533266917e-12,-11.0973,0.6618,-0.3583,-0.754,0.8776,1.053,0.0226,17.138,234.46293,65.31813,0.45830044,6.8397923,extreme_variable
35624,anomaly,5.753184170214139e-12,-11.2401,5.228404489778314e-13,-12.2816,3.8181856126044866e-13,-12.4181,4.630132589700903e-13,-12.3344,4.975073619895742e-12,-11.3032,-0.8334,-0.1559,0.0961,0.8297,0.938,-0.0278,11.241,351.36598,-53.72709,0.4582379,6.838724,extreme_variable
29173,anomaly,9.158896317064503e-13,-12.0382,4.8488898513381644e-12,-11.3144,2.7222501398856888e-12,-11.5651,2.4844987795743783e-11,-10.6048,1.4825066073251292e-12,-11.829,0.6822,-0.2809,0.8025,-0.8874,1.656,0.219,15.88,121.0041,-21.58447,0.45793837,6.833608,extreme_variable
37016,anomaly,1.5016378019560028e-12,-11.8234,1.719486441807386e-11,-10.7646,2.913282330439297e-12,-11.5356,2.2368665911811414e-11,-10.6504,2.101332551370816e-12,-11.6775,0.8394,-0.7102,0.7695,-0.8283,0.579,-0.2376,21.291,138.44585,-41.83724,0.4563992,6.8073196,extreme_variable
76285,anomaly,4.8642836281983116e-14,-13.313,1.00074464216108e-14,-13.9997,6.520723781194718e-13,-12.1857,5.1065623371786967e-14,-13.2919,2.375365738859091e-13,-12.6243,-0.6587,0.9698,-0.8547,0.6461,1.402,0.1468,28.316,106.94558,42.53866,0.45565423,6.7945952,extreme_variable
91343,anomaly,1.3171634488098585e-14,-13.8804,4.263778673792978e-14,-13.3702,1.3944207565806155e-14,-13.8556,1.727308655329652e-14,-13.7626,6.665338191469549e-14,-13.1762,0.528,-0.5071,0.1066,0.5884,1.484,0.1715,11.05,87.39834,-32.28846,0.45513886,6.785793,extreme_variable
57134,anomaly,1.5683579700604026e-14,-13.8046,2.008609391199096e-14,-13.6971,3.4584327526900166e-14,-13.4611,2.6764519464431014e-14,-13.5724,2.240436765622862e-14,-13.6497,0.1231,0.2652,-0.1275,-0.0887,4.505,0.6537,4.61,250.28515,-45.35185,0.4549235,6.782115,unclassified
34294,anomaly,1.503188083802848e-11,-10.823,1.2409881496205527e-11,-10.9062,9.195337603960902e-12,-11.0364,2.6465781203346884e-12,-11.5773,1.9192653070759754e-11,-10.7169,-0.0955,-0.1488,-0.553,0.7576,2.784,0.4447,11.887,22.8353,35.25946,0.45480046,6.780013,extreme_variable
20039,anomaly,5.684381673010816e-14,-13.2453,6.594088508961288e-14,-13.1808,8.323736050974353e-14,-13.0797,1.9114970712213196e-14,-13.7186,3.370765526881341e-13,-12.4723,0.0741,0.1159,-0.6265,0.8927,2.697,0.4309,12.652,23.52895,-43.92532,0.45441225,6.7733827,extreme_variable
43882,anomaly,1.0459816139881905e-14,-13.9805,9.119575686362788e-14,-13.04,2.8344475387087475e-14,-13.5475,1.6007208660412634e-14,-13.7957,4.704168613624193e-14,-13.3275,0.7942,-0.5258,-0.2782,0.4922,0.299,-0.525,11.161,229.5067,77.43122,0.45382342,6.763325,extreme_variable
59944,anomaly,3.874614544562032e-12,-11.4118,2.6684125672076547e-12,-11.5737,7.194706164384458e-13,-12.143,2.1841651465411087e-12,-11.6607,1.9712256601373942e-12,-11.7053,-0.1843,-0.5753,0.5044,-0.0512,1.401,0.1465,29.151,84.18536,-26.07706,0.45344046,6.7567844,extreme_variable
85652,anomaly,2.59752736351331e-12,-11.5854,3.917742199293348e-12,-11.407,2.4912568153123992e-11,-10.6036,2.5057485100963573e-11,-10.6011,2.4714670407912794e-12,-11.607,0.2026,0.7282,0.0029,-0.8204,0.275,-0.5609,16.078,301.7889,-50.03237,0.4527325,6.744693,extreme_variable
36607,anomaly,2.098864430517642e-14,-13.678,3.394380198969972e-14,-13.4692,2.252357888920025e-14,-13.6474,3.701939612195594e-14,-13.4316,8.50653768569136e-15,-14.0702,0.2358,-0.2022,0.2435,-0.6263,9.301,0.9685,4.857,86.5168,33.58866,0.45272663,6.744592,unclassified
76958,anomaly,1.1004225985933916e-14,-13.9584,6.437516442097215e-15,-14.1913,1.3285301367536481e-13,-12.8766,6.250668750730168e-15,-14.2041,3.1696521055051884e-14,-13.499,-0.2618,0.9076,-0.9101,0.6706,2.091,0.3203,18.267,32.63255,-82.82336,0.45242685,6.739472,extreme_variable
71742,anomaly,3.129553534349063e-14,-13.5045,6.553836513612437e-15,-14.1835,2.0977572067639803e-15,-14.6782,1.098156524115161e-14,-13.9593,2.092127109941209e-14,-13.6794,-0.6537,-0.5151,0.6792,0.3116,1.829,0.2621,20.192,249.66868,65.6049,0.45179638,6.728704,super_soft_source
69257,anomaly,8.27259641403326e-12,-11.0824,3.680765327085801e-12,-11.4341,7.565905880231595e-12,-11.1211,1.4433975592442466e-11,-10.8406,2.162431054921058e-12,-11.6651,-0.3841,0.3454,0.3122,-0.7394,2.637,0.4211,15.675,176.16321,47.17999,0.45167232,6.726585,extreme_variable
13328,anomaly,6.290636751936186e-14,-13.2013,7.149707873268492e-13,-12.1457,4.4801850877711497e-13,-12.3487,1.6910036399525663e-13,-12.7719,1.5017041656262587e-14,-13.8234,0.8383,-0.2295,-0.452,-0.8369,2.383,0.3771,26.868,142.63288,27.51762,0.44914728,6.6834574,extreme_variable
92148,anomaly,2.4473841557430132e-14,-13.6113,7.624951957445094e-15,-14.1178,9.128403826393356e-15,-14.0396,3.0156040787446217e-15,-14.5206,2.610617537528422e-15,-14.5833,-0.5249,0.0897,-0.5034,-0.072,0.039,-1.0,18.638,313.57065,-69.95056,0.44813994,6.666252,extreme_variable
49520,anomaly,7.282501800193482e-13,-12.1377,1.7533334104549884e-13,-12.7561,1.0577124905724793e-13,-12.9756,1.3525450456522253e-12,-11.8688,9.273701671685068e-14,-13.0327,-0.6119,-0.2475,0.8549,-0.8717,1.675,0.2241,14.719,221.09992,-39.01429,0.44784698,6.661248,extreme_variable
66221,anomaly,1.091704217025109e-13,-12.9619,3.002402282933694e-14,-13.5225,1.0363599112830452e-13,-12.9845,1.0729084181656402e-13,-12.9694,2.077393425068693e-14,-13.6825,-0.5686,0.5507,0.0173,-0.6756,0.107,-0.9705,24.297,219.68149,-20.36778,0.44765076,6.657897,extreme_variable
70408,agn,3.929826009118749e-13,-12.4056,2.6467979824712767e-13,-12.5773,1.175543278604699e-12,-11.9298,8.512232970399375e-13,-12.07,5.258225145509641e-13,-12.2792,-0.1951,0.6324,-0.16,-0.2363,2.949,0.4697,4.667,234.13954,-43.17648,0.44763294,6.6575923,unclassified
63722,anomaly,8.587373964910855e-12,-11.0661,2.3089835129429877e-12,-11.6366,4.0559516267834915e-13,-12.3919,6.466932952182413e-13,-12.1893,7.30088767639831e-12,-11.1366,-0.5762,-0.7012,0.2291,0.8373,1.751,0.2432,22.185,131.40538,-51.41689,0.44732928,6.652406,super_soft_source
32013,xrb,8.562709381740898e-15,-14.0674,1.1189156489230551e-14,-13.9512,2.2339296101492698e-14,-13.6509,1.1064029482775362e-14,-13.9561,1.1242555480815286e-14,-13.9491,0.133,0.3326,-0.3375,0.008,0.773,-0.1116,9.103,207.67015,-86.39049,0.44600636,6.629811,unclassified
21978,agn,2.2573400493461133e-15,-14.6464,1.0150712122517551e-14,-13.9935,6.27820626441128e-13,-12.2022,3.0366658174697445e-13,-12.5176,2.856260989124854e-13,-12.5442,0.6361,0.9682,-0.348,-0.0306,0.189,-0.7229,1.011,158.44329,27.02466,0.44593647,6.628617,unclassified
54876,agn,8.256376667831792e-17,-16.0832,4.841701771942348e-16,-15.315,7.162612774566348e-14,-13.1449,4.6901604358045527e-14,-13.3288,2.469002226859772e-14,-13.6075,0.7086,0.9866,-0.2086,-0.3103,0.255,-0.5937,0.929,277.68616,19.73456,0.44567478,6.6241474,unclassified
40095,xrb,8.44230370673062e-14,-13.0735,1.1414650914222376e-13,-12.9425,3.579617853293651e-13,-12.4462,1.0864749738145881e-13,-12.964,1.640785565780065e-13,-12.7849,0.1497,0.5164,-0.5343,0.2032,0.341,-0.4674,8.972,283.58648,61.47329,0.44544455,6.620215,unclassified
75192,anomaly,1.5241961146171733e-13,-12.817,9.779404904347158e-14,-13.0097,1.6723474439791764e-13,-12.7767,2.017729022588611e-15,-14.6951,3.062311916441245e-14,-13.514,-0.2183,0.262,-0.9762,0.8764,1.376,0.1386,26.488,75.58571,6.37045,0.44537762,6.619072,extreme_variable
21359,anomaly,5.804691149850176e-13,-12.2362,9.436675248337186e-12,-11.0252,1.4258967892265622e-12,-11.8459,2.892702932218372e-13,-12.5387,1.9797605343000837e-12,-11.7034,0.8841,-0.7375,-0.6627,0.745,1.076,0.0319,22.925,279.42407,-42.05347,0.44488397,6.6106405,extreme_variable
17265,anomaly,1.863038562028518e-12,-11.7298,5.687149821989211e-13,-12.2451,3.1924208134788114e-12,-11.4959,4.463417943997944e-12,-11.3503,1.0119462029627662e-12,-11.9948,-0.5323,0.6976,0.166,-0.6304,1.091,0.038,28.526,198.30198,53.55978,0.44469514,6.607415,extreme_variable
11419,anomaly,1.0707174581509477e-13,-12.9703,2.4750609471190295e-13,-12.6064,2.8259743596497524e-13,-12.5488,6.586719482668256e-14,-13.1813,5.845388909035586e-14,-13.2332,0.3961,0.0662,-0.622,-0.0596,0.014,-1.0,25.77,319.50018,41.86259,0.44425714,6.599934,extreme_variable
17978,anomaly,2.0688111067899493e-13,-12.6843,4.375544391862955e-13,-12.359,5.444976756409035e-13,-12.264,9.641995871650202e-13,-12.0158,4.625397614531544e-13,-12.3349,0.3579,0.1089,0.2782,-0.3516,0.167,-0.7766,27.73,157.98752,49.96261,0.44403777,6.596187,extreme_variable
54281,anomaly,9.925685485543647e-14,-13.0032,2.7001873488506567e-14,-13.5686,1.4869295352600344e-14,-13.8277,8.2558808425588e-14,-13.0832,2.652515030122623e-13,-12.5763,-0.5723,-0.2898,0.6948,0.5253,1.81,0.2578,13.687,13.06015,67.43899,0.44312218,6.5805492,compton_thick_candidate
8668,anomaly,2.9073155751526177e-12,-11.5365,8.313501732286982e-12,-11.0802,5.804884177609861e-13,-12.2362,7.669154179196699e-12,-11.1153,5.294486462680439e-12,-11.2762,0.4818,-0.8695,0.8593,-0.1832,1.597,0.2034,14.79,64.70462,75.83795,0.44294602,6.5775404,extreme_variable
57842,anomaly,4.3412461553761265e-13,-12.3624,1.1778538396110246e-11,-10.9289,1.30005556385271e-12,-11.886,2.2532270625695678e-13,-12.6472,7.921830603808297e-13,-12.1012,0.9289,-0.8012,-0.7046,0.5571,2.272,0.3563,21.928,359.07028,-39.03524,0.44263867,6.572291,extreme_variable
64593,anomaly,5.776830638452556e-12,-11.2383,2.1659670799160425e-12,-11.6643,1.976517443076843e-11,-10.7041,1.907440259671582e-11,-10.7195,4.373842082412324e-12,-11.3591,-0.4546,0.8025,-0.0178,-0.6269,1.442,0.1589,18.583,52.47903,-74.78765,0.4418304,6.5584855,extreme_variable
29521,anomaly,2.306190237997338e-14,-13.6371,9.114535506070004e-14,-13.0403,1.7457464423697304e-13,-12.758,1.0330306517345668e-13,-12.9859,4.009408555418584e-14,-13.3969,0.5961,0.314,-0.2565,-0.4408,0.222,-0.654,28.574,185.61181,75.09323,0.4411261,6.5464563,extreme_variable
48170,anomaly,1.2572193030360858e-14,-13.9006,5.763045491372516e-14,-13.2393,1.200651578394253e-13,-12.9206,1.9851429384697835e-12,-11.7022,1.0720058081351458e-13,-12.9698,0.6418,0.3514,0.8859,-0.8975,0.091,-1.0,17.617,24.62662,76.82686,0.43966016,6.521418,extreme_variable
59618,anomaly,3.553775423317519e-15,-14.4493,2.100737266223236e-15,-14.6776,3.0264477363423426e-14,-13.5191,6.842427964464566e-13,-12.1648,6.685478765827098e-13,-12.1749,-0.257,0.8702,0.9153,-0.0116,1.747,0.2424,0.04,288.77141,23.00636,0.4395133,6.51891,unclassified
93667,anomaly,7.060178232624608e-15,-14.1512,7.55283278267583e-14,-13.1219,9.966538330378611e-15,-14.0015,6.554336021448271e-14,-13.1835,6.464217587068577e-14,-13.1895,0.829,-0.7669,0.736,-0.0069,2.346,0.3703,12.208,203.9994,-58.36146,0.4385384,6.502259,extreme_variable
46072,agn,7.090790273353631e-16,-15.1493,3.830156911102589e-15,-14.4168,8.270140843998039e-13,-12.0825,9.337598596015159e-13,-12.0298,6.409716299405611e-13,-12.1932,0.6876,0.9908,0.0606,-0.1859,0.304,-0.5168,4.278,315.79176,76.44254,0.43852356,6.502005,unclassified
30759,anomaly,1.7090018860612178e-14,-13.7673,9.616215023418418e-15,-14.017,1.5989117024647722e-13,-12.7962,2.6226226608102274e-12,-11.5813,2.01267048086357e-12,-11.6962,-0.2799,0.8865,0.8851,-0.1316,1.127,0.0519,0.415,35.4185,-16.15332,0.4381557,6.4957223,unclassified
8329,anomaly,4.653500890453947e-15,-14.3322,9.579394570601769e-15,-14.0187,1.8320070379770944e-14,-13.7371,1.0324199105093068e-14,-13.9861,1.7118169193315274e-14,-13.7665,0.3461,0.3133,-0.2791,0.2476,6.903,0.839,6.499,238.15733,-31.554,0.43774077,6.488635,unclassified
22254,anomaly,3.5270684824537137e-13,-12.4526,2.587394902823218e-12,-11.5871,2.474143820408772e-13,-12.6066,1.1140934318432793e-13,-12.9531,3.1765486434818826e-13,-12.498,0.7601,-0.8254,-0.379,0.4807,0.221,-0.6546,16.412,298.60316,-0.88576,0.43579853,6.455462,extreme_variable
36926,anomaly,2.1347285172937898e-14,-13.6707,1.1716264012870032e-14,-13.9312,8.526506411641823e-15,-14.0692,9.521855174867471e-14,-13.0213,3.345404214322585e-14,-13.4756,-0.2913,-0.1576,0.8356,-0.48,0.043,-1.0,10.284,80.33474,85.81726,0.4344024,6.4316163,extreme_variable
86092,anomaly,4.8652452461062614e-15,-14.3129,3.924514075160613e-15,-14.4062,1.7823436474249406e-14,-13.749,7.639965087883473e-15,-14.1169,3.023959772509229e-14,-13.5194,-0.107,0.6391,-0.3999,0.5966,2.744,0.4384,10.726,269.9842,32.39783,0.43411842,6.426766,extreme_variable
98059,anomaly,3.2826036755015157e-12,-11.4838,1.2899907924392195e-11,-10.8894,2.2560141924631307e-12,-11.6467,3.39108882563998e-11,-10.4697,5.171280831919475e-12,-11.2864,0.5943,-0.7023,0.8752,-0.7354,0.961,-0.0173,20.544,243.37321,11.90784,0.43332145,6.4131536,extreme_variable
70060,anomaly,2.7698429725882546e-11,-10.5575,8.198157410011064e-12,-11.0863,7.844514075219789e-12,-11.1054,9.638627269708259e-12,-11.016,5.322309155718222e-12,-11.2739,-0.5432,-0.022,0.1026,-0.2885,0.233,-0.6329,26.495,145.09503,41.49635,0.4325936,6.4007225,extreme_variable
32993,anomaly,4.650275455448478e-12,-11.3325,3.1946965833887203e-12,-11.4956,7.857559957456876e-13,-12.1047,1.7372222571188644e-12,-11.7601,2.250723281579232e-12,-11.6477,-0.1855,-0.6052,0.3771,0.1288,2.327,0.3668,15.222,34.94988,-32.91745,0.43220592,6.3941007,extreme_variable
91400,anomaly,2.3324843627473276e-13,-12.6322,2.881159981472313e-14,-13.5404,2.205851017453948e-14,-13.6564,1.7570178802551473e-14,-13.7552,2.92411847520957e-13,-12.534,-0.7801,-0.1328,-0.1133,0.8866,0.386,-0.4137,17.012,251.86841,87.49019,0.4320659,6.391709,extreme_variable
34430,anomaly,1.4694670846238958e-11,-10.8328,9.975716396571419e-12,-11.0011,1.3428940287221919e-11,-10.872,6.433872055504948e-11,-10.1915,4.617672910118738e-12,-11.3356,-0.1913,0.1475,0.6546,-0.8661,2.878,0.4591,10.355,36.7159,-55.5819,0.43201977,6.390921,extreme_variable
80331,anomaly,3.793971091023002e-14,-13.4209,5.2430105790753744e-15,-14.2804,4.170997809930886e-14,-13.3798,1.2628005303380833e-13,-12.8987,6.521728047047834e-14,-13.1856,-0.7572,0.7767,0.5034,-0.3189,0.831,-0.0806,11.894,54.90034,-40.93613,0.43196732,6.390025,extreme_variable
13188,anomaly,1.9072577301396618e-13,-12.7196,1.4847943212270134e-12,-11.8283,7.437286995622019e-12,-11.1286,2.058047288865407e-12,-11.6865,7.992590138052937e-13,-12.0973,0.7723,0.6672,-0.5665,-0.4406,2.758,0.4405,23.458,3.54138,-6.35695,0.43157881,6.3833895,extreme_variable
81778,anomaly,1.2433243400913203e-12,-11.9054,1.6976026191725683e-11,-10.7702,1.5233731140223078e-12,-11.8172,6.010751545491556e-12,-11.2211,5.778946299705616e-12,-11.2382,0.8635,-0.8353,0.5956,-0.0197,1.748,0.2425,12.364,277.20293,62.47861,0.4314343,6.3809214,extreme_variable
12277,anomaly,1.977057281128074e-16,-15.704,1.237893838839392e-16,-15.9073,1.4797373213462047e-15,-14.8298,1.9383415830344354e-14,-13.7126,2.1297519093018026e-14,-13.6717,-0.2299,0.8456,0.8581,0.0471,0.759,-0.1197,2.867,218.07987,21.88092,0.43112087,6.375568,unclassified
71468,xrb,2.520955910701623e-14,-13.5984,5.15891294656934e-14,-13.2874,1.5471769299505832e-13,-12.8105,4.8578716758357217e-14,-13.3136,5.0395581795466314e-14,-13.2976,0.3435,0.4999,-0.5221,0.0184,0.589,-0.2297,10.553,125.40321,-26.4271,0.4305127,6.3651805,extreme_variable
69044,anomaly,8.930793992960433e-12,-11.0491,1.6568503681683946e-11,-10.7807,5.544369791066009e-13,-12.2561,8.913612573578572e-13,-12.0499,4.271511820131249e-13,-12.3694,0.2995,-0.9352,0.233,-0.3521,2.024,0.3063,11.085,97.90103,31.26598,0.43024653,6.3606343,extreme_variable
53232,anomaly,5.5195198071732473e-14,-13.2581,3.8028110052347916e-14,-13.4199,2.7477353630921943e-15,-14.561,6.701468430983722e-14,-13.1738,3.806034582068147e-15,-14.4195,-0.1842,-0.8652,0.9212,-0.8925,2.98,0.4743,13.497,129.50362,-79.65582,0.4294316,6.346715,extreme_variable
5748,anomaly,3.051223749025802e-14,-13.5155,1.9324444044942442e-14,-13.7139,9.135753875661699e-15,-14.0393,3.4001422757854617e-14,-13.4685,3.786490858687962e-14,-13.4218,-0.2245,-0.358,0.5764,0.0538,1.414,0.1504,10.353,182.66462,63.57712,0.42925116,6.3436337,extreme_variable
25356,anomaly,9.708744091883828e-12,-11.0128,1.2304065695772328e-11,-10.91,1.3075118144095851e-11,-10.8836,3.1692634685084326e-11,-10.499,8.369152585133247e-12,-11.0773,0.1179,0.0304,0.4159,-0.5822,1.369,0.1363,13.045,263.73578,71.88374,0.4291205,6.341402,extreme_variable
238,anomaly,1.4255119635740794e-14,-13.846,3.574959838536209e-14,-13.4467,7.201010446024781e-14,-13.1426,2.9873827490180094e-14,-13.5247,4.079649698194979e-14,-13.3894,0.4298,0.3365,-0.4136,0.1546,6.568,0.8175,2.813,41.93203,-44.23298,0.42862877,6.333003,unclassified
46841,anomaly,4.704351600563441e-12,-11.3275,1.8899899830432624e-12,-11.7235,1.3688835624344198e-11,-10.8636,7.103588318769428e-13,-12.1485,5.704907782952015e-11,-10.2438,-0.4268,0.7574,-0.9013,0.9754,0.231,-0.6365,26.924,327.39709,11.26215,0.42821288,6.3258996,ultra_hard_spectrum
34987,anomaly,2.983068451362083e-14,-13.5253,1.2930343869587796e-14,-13.8884,9.139215810603654e-14,-13.0391,1.2085411986739093e-14,-13.9177,7.527079230499738e-15,-14.1234,-0.3952,0.7521,-0.7664,-0.2324,0.015,-1.0,16.481,276.60858,76.97474,0.42789057,6.3203945,extreme_variable
36881,anomaly,4.852497728795506e-15,-14.314,7.256773761523539e-15,-14.1393,1.5907163894497814e-13,-12.7984,1.213848204136168e-14,-13.9158,4.965133884434246e-14,-13.3041,0.1985,0.9127,-0.8582,0.6071,0.668,-0.1755,22.853,203.6159,-71.69715,0.42639282,6.2948136,ultra_hard_spectrum
92307,anomaly,7.829461475933129e-13,-12.1063,5.9266340324781236e-12,-11.2272,2.8938803038734813e-13,-12.5385,2.2624072611067843e-13,-12.6454,2.144850876564945e-12,-11.6686,0.7666,-0.9069,-0.1225,0.8092,2.761,0.4411,21.417,135.95553,54.3111,0.42478675,6.2673817,extreme_variable
292,anomaly,3.4256884704444835e-13,-12.4653,1.1960301865010675e-12,-11.9223,6.044979388732902e-13,-12.2186,4.21196304127513e-14,-13.3755,2.2756776907100033e-13,-12.6429,0.5547,-0.3285,-0.8697,0.6876,2.817,0.4497,15.899,358.85131,-13.1655,0.42432114,6.2594295,extreme_variable
42988,anomaly,6.5549290161394074e-15,-14.1834,7.606796135819408e-15,-14.1188,5.403201631706242e-14,-13.2673,7.567140815744204e-15,-14.1211,5.204580016656061e-14,-13.2836,0.0743,0.7532,-0.7543,0.7461,2.43,0.3856,16.493,137.5114,-48.18185,0.42385262,6.251427,extreme_variable
69833,anomaly,8.833748987781883e-14,-13.0539,1.3245488410891353e-13,-12.8779,7.089894639889205e-14,-13.1494,3.537585083518181e-13,-12.4513,9.335869618793711e-14,-13.0298,0.1998,-0.3027,0.6661,-0.5824,2.031,0.3078,15.495,104.47158,-39.86692,0.42374206,6.2495384,extreme_variable
83560,anomaly,3.1638462431304367e-13,-12.4998,1.2970035328061209e-13,-12.8871,1.2016527628135134e-13,-12.9202,4.785029763517088e-14,-13.3201,4.1691694237757747e-13,-12.38,-0.4185,-0.0382,-0.4304,0.7941,2.05,0.3117,10.123,109.38477,-54.59252,0.4231874,6.240065,extreme_variable
71909,anomaly,2.1439776577553027e-14,-13.6688,3.4240696311018063e-14,-13.4655,1.490156893343458e-13,-12.8268,1.3936868518434738e-14,-13.8558,1.4656710869122753e-14,-13.834,0.2299,0.6263,-0.8289,0.0252,0.1,-1.0,19.527,148.32759,76.72493,0.42315584,6.2395263,extreme_variable
88410,anomaly,3.426892865095146e-12,-11.4651,1.3248839675728256e-12,-11.8778,2.5676125390551456e-12,-11.5905,2.547562572213106e-12,-11.5939,7.952882929888035e-13,-12.0995,-0.4424,0.3193,-0.0039,-0.5242,1.561,0.1935,25.109,185.22592,64.68521,0.42289007,6.234987,extreme_variable
22655,anomaly,6.311044221875534e-14,-13.1999,9.493757959780677e-13,-12.0226,8.755232121328617e-14,-13.0577,3.4290688600088195e-14,-13.4648,1.338345364480927e-13,-12.8734,0.8753,-0.8311,-0.4371,0.5921,0.856,-0.0676,21.521,268.92858,25.24149,0.42255017,6.2291813,extreme_variable
43450,anomaly,1.3277835832140883e-14,-13.8769,7.358343710742666e-15,-14.1332,2.061926144047895e-13,-12.6857,9.126170084289348e-13,-12.0397,6.92290425429163e-12,-11.1597,-0.2869,0.9311,0.6314,0.7671,1.369,0.1363,1.552,320.6453,-63.13234,0.42185333,6.2172794,compton_thick_candidate
97509,anomaly,1.3539804522086877e-14,-13.8684,1.7969985917976872e-13,-12.7455,6.52891832702892e-13,-12.1852,9.706430694714123e-14,-13.0129,1.0702567310665436e-13,-12.9705,0.8599,0.5683,-0.7411,0.0488,0.321,-0.4936,13.806,105.79923,30.05233,0.42123398,6.206701,extreme_variable
227,anomaly,2.536563724572477e-13,-12.5958,5.273480015184819e-13,-12.2779,4.523123404851062e-13,-12.3446,2.4255287525228716e-13,-12.6152,1.5748009073229773e-14,-13.8028,0.3504,-0.0766,-0.3019,-0.8781,0.828,-0.0821,25.372,268.94818,-50.6315,0.42113447,6.2050014,extreme_variable
83835,anomaly,9.111652234732401e-14,-13.0404,1.706653076850977e-13,-12.7679,1.6601088556173447e-15,-14.7799,1.0044038007623182e-16,-15.9981,1.4968805229633548e-17,-16.8248,0.3039,-0.9807,-0.8859,-0.7405,1.672,0.2231,2.917,327.63762,-10.82363,0.4210933,6.2042985,unclassified
2561,anomaly,7.275169169363716e-13,-12.1382,5.3781279185802424e-14,-13.2694,2.326708008840219e-12,-11.6333,2.3019708889491056e-13,-12.6379,1.13613301508906e-12,-11.9446,-0.8623,0.9548,-0.8199,0.663,0.848,-0.0715,18.89,258.07436,27.18004,0.42070675,6.1976957,extreme_variable
1410,anomaly,8.615318239628419e-13,-12.0647,6.097286242982392e-13,-12.2149,6.050858849210123e-13,-12.2182,3.1811296254627284e-12,-11.4974,2.2818462926246163e-13,-12.6417,-0.1711,-0.0038,0.6804,-0.8661,1.25,0.0968,28.553,144.83203,-85.40023,0.4194433,6.1761165,extreme_variable
89445,xrb,4.652194847765177e-13,-12.3323,5.522920433023845e-13,-12.2578,9.717336927371226e-13,-12.0125,7.247845243312161e-13,-12.1398,5.001441996270621e-13,-12.3009,0.0856,0.2752,-0.1456,-0.1834,0.549,-0.2604,8.578,129.74799,-17.32933,0.41923806,6.1726108,unclassified
35014,anomaly,1.6946896923021833e-14,-13.7709,3.545034114256894e-14,-13.4504,1.0157667922980299e-13,-12.9932,3.3063973903569754e-14,-13.4806,4.972191780790867e-14,-13.3035,0.3531,0.4826,-0.5089,0.2012,5.769,0.7611,2.389,304.14087,53.12954,0.41915426,6.1711793,unclassified
83166,anomaly,1.7599807859019256e-12,-11.7545,8.176833960288716e-13,-12.0874,4.6380778808975336e-12,-11.3337,5.321258234129695e-13,-12.274,4.685298670642421e-13,-12.3293,-0.3656,0.7002,-0.7942,-0.0636,0.463,-0.334,29.804,245.61001,46.82683,0.4190664,6.1696787,extreme_variable
95176,anomaly,2.072226365166696e-14,-13.6836,3.5186148895078564e-14,-13.4536,1.987365163649548e-15,-14.7017,3.304594902714939e-14,-13.4809,2.545132729209357e-14,-13.5943,0.2587,-0.8931,0.8865,-0.1298,1.05,0.0211,17.52,326.38973,70.36467,0.41902146,6.168911,extreme_variable
92336,xrb,2.932896218849363e-14,-13.5327,4.162570930105607e-14,-13.3806,1.1608439412689558e-13,-12.9352,3.631685789274648e-14,-13.4399,4.227274151702432e-14,-13.3739,0.1733,0.4721,-0.5234,0.0758,0.719,-0.1431,7.359,241.20191,-56.91155,0.418896,6.166768,unclassified
85607,xrb,1.0282586574126029e-12,-11.9879,1.1972893308658104e-12,-11.9218,2.5447626417576913e-12,-11.5944,1.3171538434334615e-12,-11.8804,1.1797519242547822e-12,-11.9282,0.076,0.3601,-0.3179,-0.055,0.779,-0.1086,5.7,146.99551,47.86169,0.41819835,6.1548524,unclassified
49699,anomaly,2.6560233765625508e-12,-11.5758,6.378639854760977e-12,-11.1953,1.896769448807302e-12,-11.722,3.298659712734037e-12,-11.4817,6.4141020527972105e-12,-11.1929,0.412,-0.5416,0.2698,0.3208,0.084,-1.0,15.389,42.53264,63.66777,0.4178726,6.149289,extreme_variable
99990,anomaly,7.200353995520752e-14,-13.1426,1.7881166007176523e-14,-13.7476,2.7203688762524562e-14,-13.5654,1.3314050504131983e-14,-13.8757,1.0525414518201839e-13,-12.9778,-0.6021,0.2068,-0.3428,0.7754,0.19,-0.7205,24.056,76.86656,-2.32247,0.4176312,6.145166,extreme_variable
59867,anomaly,7.565253315418095e-15,-14.1212,2.497982032770086e-14,-13.6024,2.430302124407602e-13,-12.6143,2.5528819217270595e-13,-12.593,1.0930512838499455e-13,-12.9614,0.5351,0.8136,0.0246,-0.4004,1.965,0.2934,29.77,248.62027,49.45912,0.4168289,6.1314626,extreme_variable
22044,anomaly,4.005262104894851e-13,-12.3974,1.5957878806895407e-13,-12.797,2.5332749955915592e-14,-13.5963,2.090052706064067e-13,-12.6798,4.561186598825345e-13,-12.3409,-0.4302,-0.726,0.7838,0.3715,2.562,0.4085,24.822,90.73611,-8.21031,0.4161781,6.120347,compton_thick_candidate
96346,anomaly,1.3252004670742869e-12,-11.8777,1.645063131985385e-11,-10.7838,4.433912120180728e-12,-11.3532,3.5486532608814677e-12,-11.4499,1.0859428110952627e-11,-10.9642,0.8509,-0.5754,-0.1109,0.5074,0.474,-0.3246,12.007,251.62398,51.13921,0.41587952,6.1152472,extreme_variable
70695,anomaly,1.865447742233937e-13,-12.7292,6.632194303466879e-13,-12.1783,2.3946578798709127e-13,-12.6208,1.3451687177404471e-13,-12.8712,3.5125249226166815e-12,-11.4544,0.5609,-0.4694,-0.2806,0.9262,2.488,0.3959,19.039,274.15151,-48.65126,0.41545773,6.108043,ultra_hard_spectrum
57352,xrb,2.8998066540393456e-15,-14.5376,1.050888828910174e-14,-13.9784,1.440362967500835e-14,-13.8415,3.6201498873982715e-14,-13.4413,3.447684858152872e-14,-13.4625,0.5675,0.1563,0.4307,-0.0244,0.841,-0.075,3.35,308.83618,5.11562,0.4153545,6.10628,unclassified
63368,xrb,8.159222829992694e-13,-12.0884,7.615995660132311e-13,-12.1183,2.257621907067275e-12,-11.6463,1.961237465640259e-12,-11.7075,7.955788487966382e-13,-12.0993,-0.0344,0.4955,-0.0703,-0.4228,0.642,-0.1923,8.586,63.7321,-4.72518,0.41532934,6.10585,unclassified
5382,anomaly,2.270045625589318e-11,-10.644,1.941533631921035e-11,-10.7119,1.6487123241578495e-11,-10.7829,1.6972684780950714e-12,-11.7702,1.402689023574927e-11,-10.853,-0.078,-0.0816,-0.8133,0.7841,0.705,-0.1521,10.28,292.9641,86.66596,0.41463098,6.093922,extreme_variable
80033,anomaly,1.1072487013000231e-13,-12.9558,5.038051304929315e-14,-13.2977,9.660538381797963e-15,-14.015,1.0291784099869235e-13,-12.9875,1.2524086489073092e-13,-12.9023,-0.3746,-0.6782,0.8284,0.0978,1.721,0.2357,16.01,31.33802,70.5995,0.4144427,6.0907063,extreme_variable
5874,xrb,1.8055980945869705e-12,-11.7434,1.79827157247428e-12,-11.7451,5.357924260219663e-12,-11.271,3.0818328496386514e-12,-11.5112,9.364694056775183e-13,-12.0285,-0.002,0.4974,-0.2697,-0.5339,0.009,-1.0,8.441,137.74257,-42.80339,0.41415328,6.085763,unclassified
74305,anomaly,7.690476539095325e-14,-13.114,1.5452147933255843e-14,-13.811,1.999456274717442e-14,-13.6991,1.1079004992488707e-14,-13.9555,2.3685372703737306e-14,-13.6255,-0.6654,0.1281,-0.2869,0.3626,0.003,-1.0,17.216,170.55213,-85.34216,0.41368186,6.0777116,extreme_variable
30359,anomaly,9.07008633680136e-14,-13.0424,2.507784004673841e-14,-13.6007,1.4231166471133116e-13,-12.8468,1.7824026000043915e-14,-13.749,7.647858041356987e-14,-13.1165,-0.5668,0.7004,-0.7774,0.622,0.689,-0.1621,11.288,12.82272,-17.09985,0.4131554,6.0687194,extreme_variable
99926,anomaly,9.644225478322055e-13,-12.0157,6.171984376506999e-13,-12.2096,2.5839562581618613e-13,-12.5877,9.333418104976837e-13,-12.03,2.3940320446664432e-12,-11.6209,-0.2195,-0.4098,0.5664,0.439,1.352,0.1311,19.702,140.97954,-79.88805,0.4130515,6.0669446,compton_thick_candidate
16544,anomaly,1.242318362982832e-11,-10.9058,1.4309764403624001e-11,-10.8444,4.304828701588925e-12,-11.366,1.075206316517186e-11,-10.9685,7.636782468578804e-12,-11.1171,0.0706,-0.5375,0.4282,-0.1694,0.786,-0.1044,29.352,249.24175,-32.29832,0.4127091,6.0610967,extreme_variable
52645,anomaly,6.807299476293751e-12,-11.167,2.314451085746167e-12,-11.6356,1.0341879025419166e-12,-11.9854,4.594101679824033e-12,-11.3378,9.711381074346966e-12,-11.0127,-0.4925,-0.3823,0.6325,0.3577,1.766,0.2469,28.001,273.18031,-53.0248,0.41247717,6.057135,compton_thick_candidate
30499,anomaly,8.137329427259965e-13,-12.0895,6.335608367586419e-13,-12.1982,8.920477899140831e-13,-12.0496,3.0284178559812575e-13,-12.5188,4.805552709895481e-12,-11.3183,-0.1245,0.1694,-0.4931,0.8814,1.776,0.2494,11.073,217.18924,51.26169,0.41245154,6.0566974,extreme_variable
8618,anomaly,3.801833397674168e-12,-11.42,1.6785062455831154e-12,-11.7751,7.752402252518282e-12,-11.1106,2.4244419821573528e-12,-11.6154,1.114905393638124e-12,-11.9528,-0.3874,0.644,-0.5235,-0.37,0.323,-0.491,25.459,46.98325,59.67501,0.41174522,6.044634,extreme_variable
17303,anomaly,3.2724570617020407e-13,-12.4851,6.908284623528969e-14,-13.1606,3.021124629514267e-13,-12.5198,3.582394678718734e-14,-13.4458,1.384300226519705e-13,-12.8588,-0.6514,0.6278,-0.788,0.5888,0.356,-0.4491,11.71,285.18049,46.71451,0.41145992,6.039761,extreme_variable
96734,anomaly,4.9369837273642986e-14,-13.3065,2.2185893501544873e-14,-13.6539,3.4820212234272685e-13,-12.4582,5.060638311642199e-15,-14.2958,1.2151571672466897e-14,-13.9154,-0.3799,0.8802,-0.9713,0.412,1.033,0.014,24.998,146.5114,61.79927,0.41106164,6.0329585,extreme_variable
66384,anomaly,1.7291853194049032e-13,-12.7622,9.281443382192533e-13,-12.0324,3.620241322927887e-12,-11.4413,1.4442950857218353e-12,-11.8403,3.868549326121772e-12,-11.4125,0.6859,0.5919,-0.4296,0.4563,2.914,0.4645,14.472,219.78305,-50.31063,0.41066042,6.0261054,extreme_variable
85081,anomaly,4.076727654729584e-14,-13.3897,8.080290048675836e-14,-13.0926,4.516075860732085e-14,-13.3452,6.61394694165941e-14,-13.1795,1.289267211102458e-13,-12.8897,0.3293,-0.283,0.1885,0.3219,0.745,-0.1281,14.962,216.70196,-77.73833,0.40970588,6.009802,extreme_variable
61087,ulx,8.902274828908377e-12,-11.0505,6.2510808576180044e-12,-11.204,5.956295346054641e-12,-11.225,4.954303809899537e-12,-11.305,8.283781970015435e-13,-12.0818,-0.175,-0.0241,-0.0918,-0.7135,0.036,-1.0,2.982,73.94466,-63.46766,0.40942323,6.0049744,unclassified
56477,anomaly,3.620356342624529e-14,-13.4412,9.258945646437781e-14,-13.0334,4.925142489980823e-14,-13.3076,6.500175596495495e-14,-13.1871,1.484456403144163e-13,-12.8284,0.4378,-0.3055,0.1379,0.3909,1.14,0.0571,14.495,155.02662,32.93565,0.4092409,6.00186,extreme_variable
95245,anomaly,9.34749278433773e-14,-13.0293,1.7272656704422746e-13,-12.7626,1.27249679817895e-13,-12.8953,2.89837266908114e-14,-13.5378,2.0993841603851054e-13,-12.6779,0.2977,-0.1516,-0.629,0.7574,1.584,0.1998,10.591,145.18136,23.95708,0.40692538,5.9623113,extreme_variable
65940,anomaly,1.3136532296477916e-12,-11.8815,1.8311809121119743e-12,-11.7373,4.129076033084449e-13,-12.3841,8.214741355343452e-13,-12.0854,8.643598368586632e-13,-12.0633,0.1646,-0.632,0.331,0.0254,1.663,0.2208,11.856,232.60721,42.43832,0.4067843,5.959902,extreme_variable
99435,anomaly,1.075556272038606e-12,-11.9684,8.399473863586293e-13,-12.0757,1.197971774108334e-12,-11.9216,7.652353003810175e-13,-12.1162,1.4762105544655098e-13,-12.8309,-0.123,0.1757,-0.2204,-0.6766,2.896,0.4618,18.035,63.83233,59.10484,0.4067348,5.9590564,extreme_variable
11388,anomaly,2.477661792431087e-13,-12.606,4.1777389703294366e-13,-12.3791,7.007760427119882e-14,-13.1544,1.6564869906182347e-13,-12.7808,6.210380391668776e-13,-12.2069,0.2554,-0.7127,0.4054,0.5789,2.857,0.456,20.681,163.2123,-7.27674,0.4059074,5.9449244,extreme_variable
381,anomaly,1.2067860708208306e-13,-12.9184,1.0085333868438605e-12,-11.9963,2.5751719617486406e-13,-12.5892,5.304633743125704e-13,-12.2753,1.4388950406066228e-12,-11.842,0.7863,-0.5932,0.3464,0.4613,1.509,0.1788,11.658,69.42226,-55.60099,0.40559804,5.9396405,extreme_variable
58299,anomaly,4.671557836959447e-13,-12.3305,5.839104141950757e-13,-12.2337,2.9830981283708452e-12,-11.5253,1.5284709714549788e-12,-11.8157,5.395472148235286e-13,-12.268,0.1111,0.6726,-0.3224,-0.4782,2.981,0.4744,24.639,144.80714,73.66804,0.40548018,5.9376273,extreme_variable
68273,anomaly,2.6190134287752835e-12,-11.5819,2.0079053185442047e-11,-10.6973,1.8453848580031573e-11,-10.7339,3.0337484135979045e-13,-12.518,8.433458035380803e-13,-12.074,0.7692,-0.0422,-0.9677,0.4709,0.556,-0.2551,15.06,299.30987,87.55111,0.40528905,5.934363,extreme_variable
56024,anomaly,1.2665754871483887e-13,-12.8974,9.917578907486582e-14,-13.0036,3.417329369548135e-13,-12.4663,1.0363404497362249e-13,-12.9845,1.6561902593573604e-14,-13.7809,-0.1217,0.5501,-0.5346,-0.7244,1.509,0.1786,24.815,70.95825,59.64035,0.40513027,5.931651,extreme_variable
98673,anomaly,3.979190698073479e-12,-11.4002,2.0956211729142344e-12,-11.6787,9.011270059254386e-13,-12.0452,2.5049744979716947e-12,-11.6012,2.687247521501163e-12,-11.5707,-0.3101,-0.3986,0.4709,0.0351,2.648,0.4229,16.044,71.0829,32.04081,0.40491462,5.9279675,extreme_variable
42660,anomaly,5.902967835545553e-12,-11.2289,1.3622822552277052e-11,-10.8657,3.759092020939164e-12,-11.4249,8.585126823711206e-12,-11.0663,1.8647517912102415e-11,-10.7294,0.3954,-0.5675,0.391,0.3695,1.463,0.1652,14.82,37.67787,-62.06081,0.40453658,5.9215107,extreme_variable
62268,anomaly,3.16164133919941e-14,-13.5001,5.778437123903385e-14,-13.2382,9.964230731227127e-14,-13.0016,7.06727139732922e-14,-13.1507,1.0084873838389101e-13,-12.9963,0.2927,0.2659,-0.1701,0.1759,7.555,0.8782,2.958,96.06195,66.34488,0.4043263,5.917919,unclassified
57187,agn,2.0119851032391704e-15,-14.6964,1.0959010428253417e-14,-13.9602,2.996984394823119e-13,-12.5233,4.2935394445256304e-13,-12.3672,2.2998620352772936e-13,-12.6383,0.6898,0.9294,0.1778,-0.3024,0.308,-0.511,2.01,283.83631,46.91181,0.40412375,5.9144597,unclassified
37061,anomaly,1.2883337470178125e-12,-11.89,1.8599526882203922e-13,-12.7305,1.2753682863825372e-12,-11.8944,2.430676124869628e-13,-12.6143,2.6234372671331844e-12,-11.5811,-0.7477,0.7454,-0.6798,0.8304,0.212,-0.6736,29.51,320.51352,-74.66687,0.40409008,5.9138846,extreme_variable
87560,anomaly,1.1497945177667097e-12,-11.9394,4.273351178657892e-12,-11.3692,9.071942195483779e-13,-12.0423,4.578939952530458e-12,-11.3392,9.799583020978457e-12,-11.0088,0.576,-0.6498,0.6693,0.3631,1.877,0.2736,14.048,150.68781,-71.42294,0.40383306,5.909495,compton_thick_candidate
38645,anomaly,1.7949526674075443e-12,-11.7459,1.149649600282037e-12,-11.9394,5.615145190444615e-13,-12.2506,9.673628723257072e-13,-12.0144,1.7797692059880948e-13,-12.7496,-0.2191,-0.3437,0.2655,-0.6892,0.548,-0.2615,28.471,125.84147,-24.54521,0.4031805,5.8983493,extreme_variable
29835,anomaly,1.6557116313205044e-15,-14.781,7.164543297994798e-15,-14.1448,2.5068515661730603e-14,-13.6009,2.096638144897489e-14,-13.6785,9.248295666094143e-16,-15.0339,0.6246,0.5555,-0.0891,-0.9155,0.948,-0.023,19.914,144.0264,57.34389,0.40310344,5.897033,extreme_variable
12746,anomaly,3.9054224897048043e-13,-12.4083,1.3736047536182155e-13,-12.8621,7.078744425655428e-13,-12.15,5.918850148178969e-14,-13.2278,1.3861558164719668e-13,-12.8582,-0.4796,0.675,-0.8457,0.4015,0.22,-0.6574,27.09,338.36812,-63.03391,0.40236968,5.8845005,extreme_variable
79758,anomaly,3.91646894913573e-15,-14.4071,5.834261391841166e-15,-14.234,1.6115827816543873e-14,-13.7927,8.34957339604547e-15,-14.0783,2.152696586766798e-15,-14.667,0.1967,0.4684,-0.3174,-0.5901,2.243,0.3508,28.063,98.87809,50.4594,0.40232208,5.8836875,extreme_variable
40701,anomaly,3.74492148406167e-13,-12.4266,4.6976511635913935e-12,-11.3281,5.387631246375261e-13,-12.2686,1.8039154231518955e-13,-12.7438,1.0186202672063333e-12,-11.992,0.8523,-0.7942,-0.4983,0.6991,1.581,0.1989,20.324,308.19286,-32.04059,0.40228543,5.8830614,extreme_variable
54304,anomaly,7.335809708168594e-15,-14.1346,1.538013738882779e-14,-13.813,2.2373265652708844e-15,-14.6503,8.631187486667317e-16,-15.0639,2.1375911048037116e-15,-14.6701,0.3541,-0.746,-0.4432,0.4247,0.98,-0.0088,19.006,92.43244,-67.992,0.40203607,5.8788023,extreme_variable
9854,anomaly,1.3845323147647642e-13,-12.8587,4.936585453490381e-14,-13.3066,7.310463244708322e-13,-12.1361,4.712674890665505e-14,-13.3267,2.5307502908789296e-14,-13.5968,-0.4743,0.8735,-0.8789,-0.3012,0.366,-0.437,19.632,149.31421,76.86607,0.40116477,5.8639207,extreme_variable
15718,anomaly,6.825218900236276e-13,-12.1659,1.2918773244734363e-12,-11.8888,2.1732073813948863e-12,-11.6629,1.5103660242411263e-12,-11.8209,2.1121123756910134e-13,-12.6753,0.3086,0.2543,-0.1799,-0.7546,2.603,0.4154,23.184,276.83295,-55.99008,0.401127,5.8632755,extreme_variable
56935,anomaly,6.537383135271967e-14,-13.1846,4.7960609251702924e-14,-13.3191,4.771348426305601e-15,-14.3214,7.331137978868957e-15,-14.1348,2.327098538853897e-14,-13.6332,-0.1536,-0.819,0.2115,0.5209,0.51,-0.2926,22.569,278.32943,-58.86024,0.40060872,5.8544235,extreme_variable
91304,anomaly,2.1145012171094577e-12,-11.6748,5.929317935000101e-13,-12.227,3.8198014769779105e-13,-12.418,2.9126044320803902e-12,-11.5357,1.52681904961771e-12,-11.8162,-0.562,-0.2164,0.7681,-0.3122,1.692,0.2283,15.493,23.43038,-36.97728,0.4005429,5.8532996,extreme_variable
46275,anomaly,1.1406049224337356e-14,-13.9429,1.3257221311497274e-14,-13.8775,4.797926254496953e-15,-14.3189,2.0217953630429802e-14,-13.6943,1.4952113296355832e-14,-13.8253,0.0751,-0.4685,0.6164,-0.1497,1.816,0.2592,13.473,177.7054,-52.01484,0.40044394,5.8516088,extreme_variable
24193,anomaly,5.83193219090496e-15,-14.2342,3.1771188084756786e-15,-14.498,1.3282716368732238e-13,-12.8767,1.0493863927404e-12,-11.9791,2.840902708036836e-12,-11.5465,-0.2947,0.9533,0.7753,0.4605,1.937,0.2872,2.426,23.37069,-23.94107,0.40027016,5.848641,compton_thick_candidate
28799,anomaly,1.3488571972209764e-13,-12.87,1.0429666059499348e-13,-12.9817,2.0090588109276986e-14,-13.697,5.4978869020559714e-14,-13.2598,3.201280462566854e-14,-13.4947,-0.1279,-0.677,0.4647,-0.264,2.291,0.3601,10.734,181.45221,65.7398,0.40022364,5.8478465,extreme_variable
86548,anomaly,4.080107462160894e-12,-11.3893,6.908540862930056e-12,-11.1606,5.920389386730161e-12,-11.2276,1.2378380784550303e-11,-10.9073,3.1999302685728557e-12,-11.4949,0.2574,-0.077,0.3529,-0.5892,1.835,0.2635,26.547,196.94196,67.633,0.3988175,5.8238297,extreme_variable
69345,anomaly,1.1085414182707694e-12,-11.9552,2.643852686867012e-12,-11.5778,1.0057540714692683e-11,-10.9975,2.0002263516750397e-12,-11.6989,2.2955986606893895e-11,-10.6391,0.4092,0.5837,-0.6682,0.8397,0.504,-0.2976,15.39,347.90509,47.24379,0.39856538,5.8195233,ultra_hard_spectrum
49936,anomaly,4.9170122865416124e-14,-13.3083,1.1379173988739424e-13,-12.9439,2.440955328896497e-14,-13.6124,3.855329557416756e-14,-13.4139,5.779618644209763e-13,-12.2381,0.3965,-0.6468,0.2246,0.8749,2.449,0.3891,23.066,159.12682,44.41929,0.39853692,5.8190374,ultra_hard_spectrum
53967,anomaly,6.476633402473208e-13,-12.1887,4.91374721866451e-12,-11.3086,1.6488958208625956e-12,-11.7828,6.528587563932219e-13,-12.1852,2.8245400666217926e-12,-11.5491,0.7671,-0.4975,-0.4327,0.6245,0.184,-0.7349,21.717,65.1397,32.08419,0.39760432,5.8031087,extreme_variable
27900,anomaly,4.5135075749162856e-12,-11.3455,8.90524091337201e-12,-11.0504,4.682983786541944e-12,-11.3295,3.3792460572966792e-12,-11.4712,2.84916486314221e-11,-10.5453,0.3273,-0.3107,-0.1617,0.7879,1.798,0.2547,13.786,231.57382,-87.18168,0.3973109,5.798097,extreme_variable
76918,anomaly,1.0704366608895184e-14,-13.9704,7.020512243712889e-14,-13.1536,8.596095632412034e-15,-14.0657,9.672939499384866e-15,-14.0144,1.2288683850690661e-14,-13.9105,0.7354,-0.7818,0.0589,0.1191,0.085,-1.0,14.391,105.0058,0.76774,0.39723134,5.796738,extreme_variable
59426,anomaly,2.3579298188118385e-12,-11.6275,3.3181555042350713e-12,-11.4791,6.932286457083835e-13,-12.1591,1.2536654194856306e-12,-11.9018,6.465317793319143e-13,-12.1894,0.1692,-0.6544,0.2879,-0.3195,1.874,0.2729,10.557,203.29178,-59.60264,0.3970456,5.7935658,extreme_variable
39651,xrb,3.489207326516556e-12,-11.4573,3.804856979552219e-12,-11.4197,6.519241736775153e-12,-11.1858,5.543724264044374e-12,-11.2562,3.74515543254761e-12,-11.4265,0.0433,0.2629,-0.0809,-0.1936,0.732,-0.1356,7.046,7.8655,35.79675,0.39654776,5.785063,unclassified
76513,agn,4.0835146801046133e-19,-18.389,2.553345446269601e-18,-17.5929,1.8451334357883864e-13,-12.734,1.7404618757617142e-13,-12.7593,9.41386239431803e-14,-13.0262,0.7218,1.0,-0.0292,-0.298,0.155,-0.8094,0.199,192.58615,-58.21379,0.39606366,5.776794,unclassified
27797,ulx,2.8569270360074297e-13,-12.5441,1.2248005408502563e-12,-11.9119,6.655223110553252e-13,-12.1768,1.3343865274825974e-13,-12.8747,1.8874083198174156e-13,-12.7241,0.6217,-0.2959,-0.666,0.1717,1.13,0.0529,7.713,227.64082,-42.2821,0.39555916,5.7681775,unclassified
82840,agn,6.357704146797435e-14,-13.1967,4.003365090347191e-14,-13.3976,2.1373006628812857e-13,-12.6701,1.1292117503415786e-13,-12.9472,1.0353382907804402e-13,-12.9849,-0.2272,0.6845,-0.3086,-0.0434,2.655,0.424,3.828,309.3584,-78.29173,0.3953258,5.7641916,unclassified
81321,agn,3.1515783132781203e-16,-15.5015,1.9720488618798756e-15,-14.7051,3.3015661412095683e-13,-12.4813,4.718702090882144e-13,-12.3262,2.1261138917547989e-13,-12.6724,0.7244,0.9881,0.1767,-0.3788,0.173,-0.7614,0.383,151.11494,11.5238,0.39524746,5.7628536,unclassified
86222,anomaly,3.054051807118437e-14,-13.5151,1.4291355766433443e-12,-11.8449,7.817779956083417e-14,-13.1069,5.157536221727579e-13,-12.2876,4.567411585417323e-13,-12.3403,0.9582,-0.8963,0.7367,-0.0607,2.803,0.4476,16.524,151.84505,-33.18106,0.39445835,5.749376,extreme_variable
6812,anomaly,2.2772015681557313e-15,-14.6426,6.780259167023263e-15,-14.1688,2.0999889998549073e-14,-13.6778,4.1587849788362464e-14,-13.381,5.5242301755872145e-14,-13.2577,0.4972,0.5119,0.3289,0.141,0.019,-1.0,3.145,238.87029,37.64339,0.39431658,5.7469544,monotonically_rising
11406,xrb,1.4187611643151848e-14,-13.8481,6.455239954187704e-14,-13.1901,7.878933464332283e-14,-13.1035,1.968877714577821e-13,-12.7058,1.70692980134885e-13,-12.7678,0.6396,0.0993,0.4284,-0.0713,0.354,-0.4513,3.068,313.45359,-34.27481,0.39393273,5.740398,unclassified
29975,agn,4.4652274033808586e-17,-16.3502,2.2672959380606865e-16,-15.6445,6.8308951406266e-15,-14.1655,3.4967056727183078e-15,-14.4563,2.5677122142693843e-15,-14.5905,0.6709,0.9357,-0.3228,-0.1532,0.355,-0.4496,0.569,348.11202,70.80953,0.3937911,5.7379794,unclassified
48814,anomaly,8.303738082876191e-13,-12.0807,1.300259713907097e-13,-12.886,6.48534990675026e-13,-12.1881,1.5295421250063569e-13,-12.8154,2.3374142398361643e-12,-11.6313,-0.7292,0.666,-0.6183,0.8772,1.802,0.2559,16.421,259.14825,67.97602,0.39375606,5.7373805,extreme_variable
65060,anomaly,2.6664078679789864e-12,-11.5741,1.6519145097739865e-12,-11.782,2.1282949874349775e-11,-10.672,8.050179209521372e-11,-10.0942,2.5903489125872058e-11,-10.5866,-0.2349,0.8559,0.5818,-0.5131,1.812,0.2582,13.205,283.40959,52.2955,0.3936057,5.7348127,extreme_variable
66461,anomaly,1.5920034823621505e-12,-11.7981,1.2579477769505507e-12,-11.9003,5.232024284139524e-13,-12.2813,1.4362204978373605e-12,-11.8428,1.7797466741058415e-12,-11.7496,-0.1172,-0.4125,0.466,0.1068,1.389,0.1426,17.682,2.27326,2.37818,0.39239526,5.714138,extreme_variable
57677,anomaly,9.314344608278394e-13,-12.0308,6.379442605838372e-12,-11.1952,6.9395419659852125e-12,-11.1587,7.423081919817812e-13,-12.1294,1.6815296541037412e-12,-11.7743,0.7452,0.0421,-0.8067,0.3875,2.51,0.3996,12.522,282.84603,-20.58153,0.39219776,5.710765,extreme_variable
47942,xrb,9.093832176593548e-13,-12.0413,1.0219657844071187e-12,-11.9906,2.5360050194867295e-12,-11.5958,1.7917934200822036e-12,-11.7467,7.456344206097042e-13,-12.1275,0.0583,0.4255,-0.172,-0.4123,0.104,-0.9835,11.4,133.41373,-8.04438,0.39119223,5.6935906,extreme_variable
76102,anomaly,1.2645960298455063e-12,-11.898,1.822794176828499e-12,-11.7393,6.49288214204772e-12,-11.1876,3.5071880331072576e-12,-11.455,1.9734282197004867e-12,-11.7048,0.1808,0.5616,-0.2986,-0.2799,0.325,-0.4882,28.031,69.12487,-12.50335,0.39083308,5.6874566,extreme_variable
89455,anomaly,6.537053538344571e-14,-13.1846,5.860909989067653e-15,-14.232,5.7199605035209756e-15,-14.2426,6.501539087148743e-15,-14.187,2.376211664861875e-15,-14.6241,-0.8354,-0.0122,0.064,-0.4647,0.613,-0.2129,29.018,95.03252,83.92455,0.39046705,5.681205,extreme_variable
37483,anomaly,1.8292686625654087e-14,-13.7377,1.9668782345284126e-14,-13.7062,5.2157348746587695e-15,-14.2827,1.541797296156513e-14,-13.812,5.0537226277808664e-14,-13.2964,0.0362,-0.5808,0.4944,0.5325,2.43,0.3857,22.723,12.06285,64.61586,0.38999745,5.673184,extreme_variable
50965,xrb,1.1179062089651582e-14,-13.9516,1.2383878215342512e-14,-13.9071,1.962731669906118e-14,-13.7071,2.036200442335567e-14,-13.6912,4.182866102407063e-15,-14.3785,0.0511,0.2263,0.0184,-0.6592,0.868,-0.0617,9.177,86.4463,40.2066,0.38975474,5.6690383,unclassified
69623,anomaly,1.4870227924340944e-13,-12.8277,5.78891013378151e-14,-13.2374,2.568099081898915e-14,-13.5904,4.645536728247978e-13,-12.333,3.546789132600647e-13,-12.4502,-0.4396,-0.3854,0.8952,-0.1341,2.768,0.4421,15.212,97.25448,61.5983,0.3888515,5.653611,extreme_variable
87060,anomaly,9.768129143230499e-12,-11.0102,3.4314571441227097e-12,-11.4645,2.2138482199684616e-12,-11.6549,2.1165106077911665e-11,-10.6744,5.837501432219161e-12,-11.2338,-0.4801,-0.2157,0.8106,-0.5676,1.185,0.0738,12.358,84.04575,42.49745,0.38862464,5.6497364,extreme_variable
27732,anomaly,9.25846737513979e-12,-11.0335,5.580522021995835e-12,-11.2533,1.5622967100751453e-12,-11.8062,1.1152679700149716e-12,-11.9526,6.3990941267668876e-12,-11.1939,-0.2479,-0.5626,-0.167,0.7032,0.541,-0.2668,10.338,123.19647,-48.47836,0.38826528,5.6435986,extreme_variable
51965,agn,1.7883845739607477e-19,-18.7475,7.268656888994658e-19,-18.1385,5.023382444255178e-14,-13.299,7.065840788951666e-14,-13.1508,3.417554254293935e-14,-13.4663,0.5985,1.0,0.1689,-0.348,0.246,-0.6094,1.02,168.36205,-82.20203,0.38811597,5.6410484,unclassified
64684,anomaly,4.372235984945325e-11,-10.3593,1.66020352316531e-11,-10.7798,1.835099152528011e-11,-10.7363,1.2737163972482487e-12,-11.8949,1.4107324754101965e-11,-10.8506,-0.4496,0.05,-0.8702,0.8344,0.203,-0.6929,18.526,72.12334,55.84774,0.3878409,5.63635,extreme_variable
42538,agn,2.579169680186655e-15,-14.5885,1.049993283764303e-14,-13.9788,6.384500067001967e-13,-12.1949,4.2581327085860556e-13,-12.3708,3.400234845711537e-13,-12.4685,0.6056,0.9676,-0.1998,-0.112,0.346,-0.4615,1.323,351.59797,-0.87656,0.38743827,5.629473,unclassified
72478,anomaly,6.85214147228043e-12,-11.1642,2.150478124193413e-13,-12.6675,1.395998859378708e-12,-11.8551,1.0837904662964705e-12,-11.9651,2.5350492551004196e-13,-12.596,-0.9391,0.733,-0.1259,-0.6209,0.974,-0.0113,25.954,7.79217,-56.34841,0.3871767,5.6250057,extreme_variable
63440,anomaly,4.792013130484908e-15,-14.3195,8.311420857233698e-14,-13.0803,9.936293170415491e-15,-14.0028,7.583098950258178e-14,-13.1202,3.2690612486730354e-14,-13.4856,0.891,-0.7864,0.7683,-0.3975,1.69,0.2278,11.752,92.54696,77.2782,0.3870838,5.623419,extreme_variable
85036,anomaly,2.7387824950753317e-14,-13.5624,1.7164700214441423e-14,-13.7654,1.9990608424159606e-13,-12.6992,1.573291985611428e-12,-11.8032,1.0367908723044325e-11,-10.9843,-0.2295,0.8419,0.7745,0.7365,1.787,0.252,0.492,79.15837,-68.18789,0.38693377,5.620857,compton_thick_candidate
48888,anomaly,3.5834028410878434e-14,-13.4457,2.6482404538702444e-14,-13.577,4.082990027896681e-13,-12.389,1.6699764959698808e-13,-12.7773,6.338973011337516e-14,-13.198,-0.1501,0.8782,-0.4194,-0.4497,2.237,0.3497,28.782,165.89594,-76.39342,0.38668555,5.616617,extreme_variable
95151,anomaly,9.718016336991283e-12,-11.0124,2.4790551441085755e-12,-11.6057,5.653038328837671e-12,-11.2477,8.479552748491859e-13,-12.0716,2.354266826589079e-11,-10.6281,-0.5935,0.3903,-0.7391,0.9305,1.962,0.2927,17.239,158.26493,-72.06159,0.38626364,5.609411,extreme_variable
56337,anomaly,8.094044400852384e-14,-13.0918,4.1422013637272484e-14,-13.3828,8.427201042816479e-14,-13.0743,7.073591923642185e-15,-14.1504,3.212038744951186e-14,-13.4932,-0.323,0.3409,-0.8451,0.639,1.308,0.1166,10.076,86.71008,51.22281,0.38591018,5.603374,extreme_variable
18905,anomaly,1.0290272495157905e-13,-12.9876,3.265560986025061e-14,-13.486,1.6799031265909154e-14,-13.7747,9.499667018029885e-15,-14.0223,9.231195233558374e-14,-13.0347,-0.5182,-0.3206,-0.2776,0.8134,2.632,0.4203,18.062,276.54926,70.12033,0.38584182,5.602206,extreme_variable
44082,anomaly,9.272777032850203e-12,-11.0328,1.6829470968553646e-12,-11.7739,2.9319329487009587e-11,-10.5328,2.0912454312735407e-12,-11.6796,2.6812582362786287e-12,-11.5717,-0.6928,0.8914,-0.8668,0.1236,2.765,0.4418,20.116,98.69047,23.26311,0.385634,5.5986567,extreme_variable
33965,agn,4.213123922233767e-16,-15.3754,2.0411078468110165e-15,-14.6901,2.7700591826873565e-14,-13.5575,2.2456408176983862e-14,-13.6487,2.103752976112861e-14,-13.677,0.6578,0.8627,-0.1046,-0.0326,0.366,-0.4364,0.318,38.61433,46.304,0.385506,5.5964704,unclassified
1055,anomaly,9.446889132481174e-14,-13.0247,1.7810897206967587e-13,-12.7493,1.607583232146152e-15,-14.7938,1.3226454259614817e-16,-15.8786,1.4958521160133534e-17,-16.8251,0.3068,-0.9821,-0.848,-0.7967,1.606,0.2057,3.589,26.62153,69.46193,0.38525027,5.5921025,unclassified
30914,anomaly,7.073073769680327e-12,-11.1504,1.0376455210161931e-12,-11.984,3.953677584703695e-12,-11.403,1.4847068770188136e-11,-10.8284,7.043435896618252e-12,-11.1522,-0.7441,0.5842,0.5794,-0.3565,2.587,0.4128,21.857,246.94298,-64.45385,0.38519827,5.591214,extreme_variable
29790,xrb,6.352989099225967e-13,-12.197,8.754364029128453e-13,-12.0578,2.799112595989798e-12,-11.553,1.3367207055324313e-12,-11.874,4.89264180817188e-13,-12.3105,0.159,0.5235,-0.3536,-0.4641,0.112,-0.9511,10.445,78.46779,20.17821,0.3843456,5.5766506,extreme_variable
28083,anomaly,9.70259867020919e-15,-14.0131,3.714650938006652e-15,-14.4301,3.539516158441761e-15,-14.4511,1.9459124529322057e-14,-13.7109,2.5115312793916168e-14,-13.6001,-0.4463,-0.0241,0.6922,0.1269,2.889,0.4608,15.797,24.25661,73.17041,0.38434246,5.576597,extreme_variable
71877,agn,3.536437036954039e-19,-18.4514,3.1924136738440406e-18,-17.4959,8.964681433612455e-16,-15.0475,1.2810076678352903e-15,-14.8924,9.410118631602917e-16,-15.0264,0.7983,0.9929,0.1766,-0.153,0.216,-0.6662,2.251,321.08952,85.1318,0.38397127,5.570257,unclassified
38991,anomaly,5.379915108458124e-15,-14.2692,5.826475747113331e-14,-13.2346,1.7549018931978056e-14,-13.7557,8.852708089582356e-15,-14.0529,1.449321600651796e-14,-13.8388,0.8309,-0.537,-0.3294,0.2416,0.566,-0.2476,27.735,337.13878,-49.31257,0.38286838,5.55142,extreme_variable
90950,anomaly,2.1554988971279368e-14,-13.6665,2.194119533525348e-14,-13.6587,4.4104735951648786e-14,-13.3555,3.4926651082559317e-14,-13.4568,1.681643175842534e-14,-13.7743,0.0089,0.3356,-0.1161,-0.35,5.475,0.7384,2.173,243.49262,74.62256,0.3827413,5.5492496,unclassified
56278,anomaly,2.677593190626173e-12,-11.5723,1.1389474255877601e-12,-11.9435,2.8714898934774157e-13,-12.5419,2.8019672446586545e-12,-11.5525,5.161807145268721e-13,-12.2872,-0.4032,-0.5973,0.8141,-0.6889,2.661,0.425,26.581,234.27437,15.41206,0.38195008,5.5357356,extreme_variable
51081,anomaly,1.0423776241910099e-13,-12.982,1.521385495740165e-14,-13.8178,3.871198346656209e-14,-13.4122,1.517059099236533e-13,-12.819,9.474499870224458e-14,-13.0234,-0.7453,0.4357,0.5934,-0.2311,0.046,-1.0,18.506,276.05375,-3.37436,0.3819002,5.5348835,extreme_variable
98759,xrb,3.1431647846083336e-15,-14.5026,1.5422259722532912e-14,-13.8119,2.7301688598516007e-14,-13.5638,8.287930227247765e-14,-13.0816,5.756968581761576e-14,-13.2398,0.6614,0.2781,0.5044,-0.1802,0.891,-0.05,3.08,157.9977,68.60572,0.38029757,5.507511,unclassified
33995,anomaly,1.7811996062600473e-14,-13.7493,1.3733285754688156e-13,-12.8622,1.4265924201928096e-14,-13.8457,8.779909674787166e-14,-13.0565,6.886200735081833e-15,-14.162,0.7704,-0.8118,0.7205,-0.8545,1.113,0.0465,10.389,9.97125,-50.21729,0.37994477,5.5014853,extreme_variable
39037,anomaly,2.2042817795821836e-13,-12.6567,3.5523899136149097e-13,-12.4495,4.8726440355633265e-14,-13.3122,9.800946873729515e-14,-13.0087,4.0844953251328173e-13,-12.3889,0.2342,-0.7588,0.3359,0.613,2.616,0.4176,21.421,95.89059,-23.45304,0.37938696,5.4919577,extreme_variable
73622,anomaly,2.151907712764268e-14,-13.6672,2.155492961928704e-14,-13.6665,5.820768600068462e-15,-14.235,2.2697997899576488e-15,-14.644,3.4625062166085495e-15,-14.4606,0.0008,-0.5747,-0.4389,0.2081,0.402,-0.3955,28.68,266.72448,-17.13788,0.37898386,5.4850726,extreme_variable
41640,anomaly,4.295861299802757e-13,-12.3669,3.71831692918317e-12,-11.4297,1.638053558580431e-11,-10.7857,1.4278078108483848e-12,-11.8453,1.0202885599229687e-12,-11.9913,0.7929,0.63,-0.8396,-0.1665,1.523,0.1827,20.778,319.36749,-25.79014,0.37880915,5.482089,extreme_variable
81171,anomaly,2.8018215040852683e-14,-13.5526,2.50315213900693e-14,-13.6015,7.0288152808521226e-15,-14.1531,6.840253958273146e-14,-13.1649,1.887904122398091e-14,-13.724,-0.0563,-0.5615,0.8136,-0.5674,0.029,-1.0,15.348,316.21526,41.36073,0.37846392,5.4761925,extreme_variable
82419,anomaly,5.256633594123712e-15,-14.2793,6.244625366960268e-15,-14.2045,1.9605652608381566e-13,-12.7076,2.46920284846413e-14,-13.6074,2.1830131707108815e-14,-13.6609,0.0859,0.9383,-0.7763,-0.0615,2.709,0.4328,10.295,224.61567,60.24242,0.37832934,5.4738936,extreme_variable
53250,agn,1.7159556236071684e-15,-14.7655,7.096277285408375e-15,-14.149,4.564389310632696e-13,-12.3406,2.3991904496681727e-13,-12.6199,9.483828560445888e-14,-13.023,0.6106,0.9694,-0.3109,-0.4334,0.043,-1.0,0.264,236.20574,2.76787,0.3779989,5.46825,unclassified
97061,anomaly,1.8664367968427115e-13,-12.729,6.316359855999548e-14,-13.1995,4.867648201824239e-13,-12.3127,2.421200475129387e-13,-12.616,5.135474418137362e-13,-12.2894,-0.4943,0.7703,-0.3356,0.3592,0.042,-1.0,25.717,326.45606,5.86713,0.3775816,5.4611225,extreme_variable
55999,anomaly,1.508063861760709e-12,-11.8216,2.9568451465357558e-12,-11.5292,2.1188920782350424e-12,-11.6739,8.001228500942287e-13,-12.0968,7.388513066173783e-12,-11.1314,0.3245,-0.1651,-0.4518,0.8046,2.769,0.4423,14.352,128.03187,35.50106,0.37728631,5.456079,extreme_variable
22172,anomaly,2.1662574988610817e-14,-13.6643,1.0455316908931656e-13,-12.9807,2.446991262604067e-13,-12.6114,6.391531707542463e-13,-12.1944,5.590250015952798e-13,-12.2526,0.6567,0.4013,0.4463,-0.0669,0.083,-1.0,2.471,69.99861,19.20293,0.37727076,5.4558134,unclassified
70179,anomaly,8.910045658120972e-15,-14.0501,2.687591007860579e-14,-13.5706,7.7852401450378e-14,-13.1087,1.7183802775601396e-14,-13.7649,1.0438126305340112e-13,-12.9814,0.502,0.4867,-0.6384,0.7173,1.268,0.1032,16.69,62.44109,61.18836,0.37697268,5.450722,ultra_hard_spectrum
66003,anomaly,1.5899035726722908e-15,-14.7986,1.7918957689779354e-15,-14.7467,1.6575218088452857e-13,-12.7805,7.011591176849787e-15,-14.1542,8.266449902411729e-15,-14.0827,0.0597,0.9786,-0.9188,0.0821,0.505,-0.2963,13.717,135.38189,59.73998,0.3768419,5.448488,extreme_variable
11263,anomaly,1.308755046178157e-14,-13.8831,1.5845619001541674e-14,-13.8001,1.692790091244434e-14,-13.7714,2.4980355164869244e-14,-13.6024,1.9444490374894145e-14,-13.7112,0.0953,0.033,0.1921,-0.1246,7.444,0.8718,6.747,88.06089,-24.30517,0.37667644,5.4456625,unclassified
22547,anomaly,1.0757622401804859e-13,-12.9683,2.990904348140692e-14,-13.5242,2.0207416224479236e-13,-12.6945,7.69133720536069e-15,-14.114,2.3153295061745574e-14,-13.6354,-0.5649,0.7421,-0.9267,0.5013,2.009,0.3029,22.866,62.73736,-28.19115,0.3761514,5.436695,extreme_variable
52030,anomaly,1.0049064468000825e-12,-11.9979,4.2821764106920646e-13,-12.3683,1.3279236996119814e-13,-12.8768,3.2301213123338527e-13,-12.4908,6.354468046133452e-13,-12.1969,-0.4024,-0.5266,0.4173,0.326,2.113,0.3249,15.827,233.75859,-39.5399,0.37496403,5.4164147,extreme_variable
74830,anomaly,2.350803268821125e-14,-13.6288,1.5091480924689397e-14,-13.8213,2.0607110833374802e-14,-13.686,1.0369592810482543e-14,-13.9842,1.5578314327608645e-15,-14.8075,-0.218,0.1545,-0.3305,-0.7388,2.961,0.4715,28.414,33.20894,53.90113,0.3749435,5.416064,extreme_variable
68601,anomaly,7.766966314047664e-14,-13.1097,9.344684909482082e-14,-13.0294,2.2260703176804445e-14,-13.6525,6.810518117715316e-14,-13.1668,9.907598579675178e-14,-13.004,0.0922,-0.6152,0.5073,0.1853,2.815,0.4495,19.179,147.42006,-0.7183,0.3746923,5.411773,extreme_variable
76250,anomaly,2.44723152441212e-11,-10.6113,1.376145934108421e-12,-11.8613,2.5060070861060367e-11,-10.601,3.197521877636286e-12,-11.4952,4.60997748935524e-12,-11.3363,-0.8935,0.8959,-0.7737,0.1809,1.591,0.2015,28.832,20.03754,-17.2004,0.37351003,5.3915806,extreme_variable
75698,anomaly,6.753168170442209e-14,-13.1705,1.4174608445949214e-12,-11.8485,3.601844371661339e-13,-12.4435,1.3062209773324195e-12,-11.884,1.6709059698442504e-13,-12.777,0.909,-0.5948,0.5677,-0.7732,0.327,-0.4854,17.773,257.5204,-39.30095,0.37247357,5.3738775,extreme_variable
36226,ulx,4.2159785628246827e-13,-12.3751,4.1085053176297584e-13,-12.3863,4.470710430803816e-13,-12.3496,2.1941024892282587e-13,-12.6587,1.4355739421419454e-13,-12.843,-0.0129,0.0422,-0.3416,-0.209,0.048,-1.0,2.67,254.64507,3.06719,0.37209642,5.367436,unclassified
85624,anomaly,6.822302394825134e-13,-12.1661,1.7772646600704493e-13,-12.7502,1.4194575937840055e-13,-12.8479,1.1854673322859206e-12,-11.9261,6.07036106240414e-14,-13.2168,-0.5867,-0.1119,0.7861,-0.9026,0.201,-0.6959,17.797,72.97255,-16.31063,0.37182656,5.362827,extreme_variable
71964,anomaly,8.523625059888556e-14,-13.0694,1.3213601280964532e-13,-12.879,2.524568154869718e-13,-12.5978,2.8473762266513065e-13,-12.5456,1.5037928668978114e-13,-12.8228,0.2158,0.3129,0.0601,-0.3088,6.08,0.7839,3.786,199.46247,83.53062,0.37160784,5.3590913,unclassified
60194,anomaly,2.6328562360037042e-14,-13.5796,8.831480631907543e-15,-14.054,1.4325112688116584e-13,-12.8439,1.0215132562106854e-13,-12.9908,2.5937289960490315e-14,-13.5861,-0.4976,0.8839,-0.1675,-0.595,1.853,0.2678,28.912,130.94976,80.59789,0.37158698,5.3587346,extreme_variable
56122,agn,2.3999541259766566e-16,-15.6198,1.5178633349484874e-15,-14.8188,8.262887321650015e-14,-13.0829,6.026739455897406e-14,-13.2199,2.8751780927786927e-14,-13.5413,0.7269,0.9639,-0.1565,-0.354,0.142,-0.8474,1.505,88.51209,43.57487,0.37119293,5.3520045,unclassified
46230,anomaly,2.9573814770146975e-13,-12.5291,9.680594360240888e-12,-11.0141,8.195808602792654e-13,-12.0864,4.460151124732997e-13,-12.3507,2.5305242246081317e-12,-11.5968,0.9407,-0.8439,-0.2952,0.7003,2.784,0.4447,24.625,135.08691,-81.73914,0.37078047,5.3449597,extreme_variable
82972,xrb,3.6202942730301526e-13,-12.4413,5.641405123691457e-13,-12.2486,1.2679319620321215e-12,-11.8969,4.58171794525716e-13,-12.339,4.386518043197594e-13,-12.3579,0.2182,0.3842,-0.4691,-0.0218,0.177,-0.7516,8.951,187.81883,27.00263,0.36958703,5.324576,unclassified
33594,anomaly,6.60624677330705e-13,-12.18,6.573200812876509e-13,-12.1822,9.366749276272653e-14,-13.0284,2.4678803320567017e-13,-12.6077,1.2513402123988404e-13,-12.9026,-0.0025,-0.7505,0.4498,-0.3271,0.372,-0.4296,23.462,94.07833,-44.912,0.36939082,5.3212247,extreme_variable
67973,anomaly,1.1913120119240931e-14,-13.924,4.9354816712410385e-14,-13.3067,3.8413231296872595e-14,-13.4155,1.425357145198779e-14,-13.8461,3.6761408631995307e-14,-13.4346,0.6111,-0.1247,-0.4587,0.4412,0.173,-0.763,19.737,121.12654,78.16276,0.36936253,5.3207417,extreme_variable
71869,ulx,3.1097450345464e-13,-12.5073,1.9327546190156776e-13,-12.7138,3.3056982345949246e-13,-12.4807,1.755876533925565e-13,-12.7555,9.215971858384867e-14,-13.0355,-0.2334,0.2621,-0.3062,-0.3116,0.066,-1.0,3.934,211.32605,-70.53026,0.36908135,5.315939,unclassified
53056,anomaly,3.000060417239482e-13,-12.5229,4.295862922066893e-12,-11.3669,3.0815325508141282e-12,-11.5112,5.321276228976867e-13,-12.274,1.6202198482785918e-12,-11.7904,0.8694,-0.1646,-0.7055,0.5055,1.968,0.2941,16.129,169.47672,-71.74575,0.3690356,5.3151574,extreme_variable
58118,anomaly,6.796754870258412e-15,-14.1677,2.707777132299396e-14,-13.5674,1.1570545408414659e-13,-12.9366,6.92667350273123e-14,-13.1595,3.28629652710373e-14,-13.4833,0.5987,0.6207,-0.2511,-0.3564,2.531,0.4034,28.655,131.62499,-22.88239,0.36830348,5.302653,extreme_variable
84920,anomaly,1.7110792089700622e-12,-11.7667,5.2669409598833106e-12,-11.2784,9.042003581619805e-13,-12.0437,5.093079416003637e-12,-11.293,4.670405622288478e-13,-12.3306,0.5096,-0.707,0.6985,-0.832,1.286,0.1091,20.854,201.76526,-61.91112,0.367381,5.286897,extreme_variable
82082,xrb,1.1797282159207857e-14,-13.9282,1.497467667875986e-14,-13.8246,7.458714721317933e-15,-14.1273,4.92330044636289e-15,-14.3077,1.694900037748363e-16,-15.7709,0.1187,-0.335,-0.2048,-0.9334,0.538,-0.269,5.293,249.24287,5.70988,0.36705738,5.2813697,unclassified
35307,xrb,5.345446075485119e-15,-14.272,7.157115573781766e-15,-14.1453,1.8661926132651417e-14,-13.729,6.204588291487176e-15,-14.2073,6.405126084718024e-15,-14.1935,0.1449,0.4456,-0.501,0.0159,0.032,-1.0,10.377,62.31717,2.95129,0.36683023,5.27749,extreme_variable
94527,anomaly,1.4023897840965215e-13,-12.8531,2.1778547778751855e-13,-12.662,1.2025053821031362e-15,-14.9199,2.1410760604711784e-17,-16.6694,1.3130320230515837e-17,-16.8817,0.2166,-0.989,-0.965,-0.2397,0.977,-0.01,3.785,193.58122,-86.96802,0.3666379,5.2742047,unclassified
70250,xrb,9.70567917273444e-15,-14.013,1.1980272643131997e-14,-13.9215,2.8108821842798358e-14,-13.5512,1.939732131501301e-14,-13.7123,9.095521498704538e-15,-14.0412,0.1049,0.4023,-0.1834,-0.3616,0.776,-0.1099,10.515,124.64922,60.88085,0.36655235,5.2727437,extreme_variable
20005,anomaly,2.2308909153078827e-14,-13.6515,2.2595499301645156e-14,-13.646,1.9900165363568687e-13,-12.7011,8.21320580818759e-14,-13.0855,8.744561499748609e-14,-13.0583,0.0064,0.7961,-0.4157,0.0313,0.035,-1.0,20.9,211.22382,46.6667,0.3661604,5.2660494,extreme_variable
62385,anomaly,1.6239048964110883e-12,-11.7894,1.154157072811274e-12,-11.9377,1.936784577987538e-12,-11.7129,2.6728915357786206e-12,-11.573,1.270011410053155e-13,-12.8962,-0.1691,0.2532,0.1597,-0.9093,2.874,0.4585,10.511,316.00497,63.60359,0.36575344,5.2590985,extreme_variable
77564,anomaly,7.474768273068095e-13,-12.1264,7.212160660585455e-14,-13.1419,1.837315741519298e-12,-11.7358,2.1083508957629342e-12,-11.6761,1.687910551048863e-13,-12.7727,-0.824,0.9245,0.0687,-0.8518,1.998,0.3006,15.816,104.4672,-63.68174,0.3657172,5.2584796,extreme_variable
32858,anomaly,8.057631861140893e-13,-12.0938,3.428918564392394e-13,-12.4648,4.409080740307393e-14,-13.3557,2.5985669868022655e-13,-12.5853,1.4221778140993715e-13,-12.847,-0.403,-0.7721,0.7099,-0.2926,2.284,0.3588,15.443,176.72889,-63.26449,0.3655661,5.255899,extreme_variable
93668,anomaly,6.671933208266552e-12,-11.1757,3.4951224282756537e-12,-11.4565,4.338953252174651e-13,-12.3626,4.053280122737174e-13,-12.3922,8.845285345452492e-13,-12.0533,-0.3125,-0.7791,-0.034,0.3715,1.934,0.2864,15.54,161.44009,-57.80487,0.36522463,5.2500668,extreme_variable
8416,anomaly,2.9206810637244656e-13,-12.5345,1.2701095412423608e-12,-11.8962,1.8628573851290113e-13,-12.7298,2.634666980439089e-13,-12.5793,3.659974295983525e-12,-11.4365,0.6261,-0.7442,0.1716,0.8657,2.404,0.381,23.248,37.8949,-23.60844,0.36497608,5.2458215,ultra_hard_spectrum
26483,anomaly,1.2519780285851736e-14,-13.9024,1.6103250448267228e-14,-13.7931,1.8479125270228705e-14,-13.7333,2.871146522151382e-14,-13.5419,1.1568633108023136e-13,-12.9367,0.1252,0.0687,0.2168,0.6023,0.253,-0.5975,10.955,22.39399,-37.1091,0.36483732,5.243451,extreme_variable
86861,anomaly,2.54228230856109e-12,-11.5948,3.892844932709912e-12,-11.4097,5.140089644938065e-12,-11.289,1.885101303130444e-11,-10.7247,4.5240418106573083e-11,-10.3445,0.2099,0.1381,0.5715,0.4117,1.978,0.2962,11.106,119.66539,60.41011,0.36438593,5.2357416,compton_thick_candidate
74196,ulx,9.453570211811309e-14,-13.0244,5.095086622217683e-13,-12.2928,3.825919854049892e-13,-12.4173,6.312573558576842e-14,-13.1998,4.7517005232675116e-14,-13.3232,0.687,-0.1423,-0.7167,-0.1411,1.56,0.193,7.969,20.85689,77.05923,0.36420342,5.2326245,unclassified
38338,xrb,1.0055141177724073e-14,-13.9976,8.803451018541156e-15,-14.0553,1.784193740411558e-14,-13.7486,1.2935411292791579e-14,-13.8882,4.8567826826727936e-15,-14.3137,-0.0664,0.3392,-0.1594,-0.4541,0.328,-0.4838,9.695,82.5463,-63.02885,0.36398333,5.228865,unclassified
92740,anomaly,4.197598259430923e-12,-11.377,5.993223219663077e-12,-11.2223,5.959684632511563e-13,-12.2248,7.738061205545853e-13,-12.1114,1.402737860847721e-13,-12.853,0.1762,-0.8191,0.1298,-0.6931,1.129,0.0526,16.022,297.76011,18.68264,0.3639265,5.227895,extreme_variable
2481,anomaly,7.080154730372917e-14,-13.15,6.495566932976126e-13,-12.1874,4.4500834352182926e-13,-12.3516,7.191471532125793e-14,-13.1432,3.3525613780834765e-13,-12.4746,0.8034,-0.1869,-0.7218,0.6468,2.08,0.3181,28.002,287.92339,-25.84926,0.3636771,5.223635,extreme_variable
39752,anomaly,4.819365724635682e-14,-13.317,1.2061947402612624e-13,-12.9186,3.5565040694908155e-14,-13.449,2.8530213884288115e-13,-12.5447,1.6497859327100923e-13,-12.7826,0.429,-0.5446,0.7783,-0.2672,1.615,0.2083,10.83,191.34881,-2.90782,0.3631953,5.215406,extreme_variable
88176,anomaly,1.9274150644088508e-13,-12.715,5.62420667992094e-13,-12.2499,1.4270556473079747e-12,-11.8456,2.3154406427984435e-13,-12.6354,1.6195205357837965e-13,-12.7906,0.4895,0.4346,-0.7208,-0.1769,2.177,0.338,29.317,169.24619,-64.08259,0.36233914,5.200783,extreme_variable
16920,anomaly,4.150715655787639e-14,-13.3819,5.860245081569964e-14,-13.2321,7.727280148540258e-15,-14.112,1.9236824094604737e-14,-13.7159,1.0820916089925777e-14,-13.9657,0.1708,-0.767,0.4268,-0.28,0.169,-0.7713,10.355,356.19009,46.53577,0.36161867,5.188477,extreme_variable
13762,xrb,8.962124198663858e-14,-13.0476,1.2014700663710024e-13,-12.9203,3.4679977786053926e-13,-12.4599,2.2972337787426197e-13,-12.6388,1.238139659273301e-13,-12.9072,0.1455,0.4854,-0.2031,-0.2996,0.752,-0.124,10.375,50.19141,4.58597,0.36131692,5.1833234,extreme_variable
24891,anomaly,8.970996964830789e-15,-14.0472,6.69032901840723e-15,-14.1746,3.835302973803479e-15,-14.4162,1.5136029872199706e-14,-13.82,2.0109567763805927e-14,-13.6966,-0.1456,-0.2712,0.5957,0.1411,2.46,0.3909,16.013,185.782,-85.82188,0.36131006,5.183206,extreme_variable
17274,anomaly,3.092817501927147e-14,-13.5096,8.830820497277739e-14,-13.054,1.1208218239969915e-14,-13.9505,1.1715340240685212e-14,-13.9312,2.237736604157484e-14,-13.6502,0.4812,-0.7747,0.0221,0.3127,0.373,-0.4288,10.495,71.55441,-51.90646,0.36118656,5.1810966,extreme_variable
93980,anomaly,1.2133772418161513e-12,-11.916,5.874660779815435e-13,-12.231,1.9588446806772263e-13,-12.708,9.556267226539118e-13,-12.0197,1.480465259917134e-12,-11.8296,-0.3476,-0.4999,0.6598,0.2154,1.005,0.0022,24.913,143.583,-20.44205,0.36111602,5.179892,extreme_variable
9030,agn,2.3297411575981705e-17,-16.6327,1.3809807489453318e-16,-15.8598,9.991749982284087e-14,-13.0004,5.5331163616027585e-14,-13.257,3.6168709592839854e-14,-13.4417,0.7113,0.9972,-0.2872,-0.2094,0.24,-0.6189,1.987,142.19394,-87.37832,0.3609643,5.1773005,unclassified
82347,anomaly,9.160299193127308e-15,-14.0381,8.172214806945144e-15,-14.0877,7.028444952874714e-15,-14.1531,2.875270059701297e-14,-13.5413,2.2961132279778533e-13,-12.639,-0.057,-0.0752,0.6071,0.7774,1.586,0.2003,28.925,179.52503,-72.28428,0.36062256,5.1714635,compton_thick_candidate
67021,xrb,6.880665137818652e-14,-13.1624,1.4511338917117829e-13,-12.8383,2.3743968539958614e-13,-12.6244,8.517667387500545e-14,-13.0697,9.710835206537286e-14,-13.0127,0.3567,0.2413,-0.472,0.0655,0.926,-0.0333,7.828,315.44069,57.17617,0.36047688,5.1689754,unclassified
77942,anomaly,2.644630974384594e-13,-12.5776,1.0982650492616093e-12,-11.9593,2.5374839980379733e-12,-11.5956,2.0082995037968046e-12,-11.6972,5.880020485076364e-13,-12.2306,0.6119,0.3959,-0.1164,-0.547,1.148,0.0599,28.7,172.70946,-82.68552,0.36038533,5.167412,extreme_variable
52970,anomaly,1.1994984263221585e-13,-12.921,7.245992772358251e-14,-13.1399,4.788254400672762e-14,-13.3198,2.5682613620941408e-14,-13.5904,2.0317937790652091e-13,-12.6921,-0.2468,-0.2042,-0.3018,0.7756,0.976,-0.0105,11.554,341.85307,-41.79431,0.36038184,5.167352,extreme_variable
12832,agn,4.276415488743547e-20,-19.3689,4.031852667731142e-19,-18.3945,5.2970434971134995e-15,-14.276,3.0618623172754574e-15,-14.514,1.6399310208793746e-15,-14.7852,0.7905,0.9998,-0.2674,-0.3024,0.059,-1.0,0.04,126.9949,76.51509,0.36023125,5.16478,unclassified
69250,agn,1.5031798402167791e-15,-14.823,7.4205210839933e-15,-14.1296,2.489393916997825e-13,-12.6039,2.7636017269870694e-13,-12.5585,7.626639611184387e-14,-13.1177,0.6631,0.9421,0.0522,-0.5674,0.224,-0.6498,1.719,196.32112,-89.22285,0.3600438,5.161578,unclassified
4830,anomaly,7.50058859529014e-14,-13.1249,4.611543433544328e-14,-13.3362,1.6430386820048347e-14,-13.7844,2.0160375437761845e-14,-13.6955,2.439813807200077e-14,-13.6126,-0.2385,-0.4746,0.1019,0.0951,0.109,-0.9628,16.256,149.05579,53.94057,0.35943028,5.1510997,extreme_variable
77443,anomaly,6.173290162363445e-12,-11.2095,7.979975382190656e-13,-12.098,5.1881745091157184e-12,-11.285,2.3519845760128002e-11,-10.6286,7.067848208230702e-12,-11.1507,-0.7711,0.7334,0.6386,-0.5379,1.01,0.0044,19.858,228.80286,51.81202,0.3591939,5.1470623,extreme_variable
95439,xrb,6.081583665591695e-15,-14.216,9.739063386502955e-15,-14.0115,1.7067422049544296e-14,-13.7678,6.05422899822958e-15,-14.2179,4.795643054165633e-15,-14.3192,0.2312,0.2734,-0.4763,-0.116,0.244,-0.6131,10.007,24.87207,70.82106,0.3591099,5.1456275,extreme_variable
90763,agn,6.5318303902030704e-18,-17.185,3.970029033190557e-17,-16.4012,6.2998356108537615e-15,-14.2007,3.2616036661469384e-15,-14.4866,1.5600681300031729e-15,-14.8069,0.7173,0.9875,-0.3178,-0.3529,0.255,-0.5936,2.005,194.06081,54.37994,0.3584302,5.1340184,unclassified
47192,anomaly,1.2126343599912641e-13,-12.9163,1.0395383091140793e-13,-12.9832,1.2007658087149924e-13,-12.9205,4.396369624688622e-13,-12.3569,8.457680732721312e-14,-13.0727,-0.0769,0.072,0.5709,-0.6773,1.424,0.1535,15.245,121.98515,-44.09747,0.35816127,5.129425,extreme_variable
54771,anomaly,1.492420866071177e-15,-14.8261,8.72417045558874e-16,-15.0593,3.247701224824756e-14,-13.4884,2.696345128728234e-13,-12.5692,2.4500216922666536e-13,-12.6108,-0.2622,0.9477,0.785,-0.0479,1.588,0.2008,1.496,248.70242,69.29122,0.357777,5.122862,unclassified
89909,anomaly,5.775701378348934e-13,-12.2384,8.26831895460002e-12,-11.0826,3.8909225229466344e-13,-12.4099,7.587354772355673e-13,-12.1199,1.6513681521982474e-12,-11.7822,0.8694,-0.9101,0.322,0.3704,1.991,0.2991,16.023,278.88258,2.92126,0.35736647,5.11585,extreme_variable
77911,anomaly,4.882145806019535e-15,-14.3114,2.939201198783836e-14,-13.5318,3.2065457141769494e-14,-13.494,1.3453439434981822e-14,-13.8712,2.3227314255960896e-14,-13.634,0.7151,0.0435,-0.4089,0.2665,7.322,0.8646,5.075,181.49319,43.83197,0.3565371,5.1016846,unclassified
51489,anomaly,1.4410450315067815e-13,-12.8413,7.500988697788759e-14,-13.1249,5.007596538845435e-14,-13.3004,1.0705927556694508e-13,-12.9704,3.4881921553559096e-13,-12.4574,-0.3153,-0.1993,0.3626,0.5303,2.787,0.4451,14.754,160.07355,16.5498,0.3564222,5.0997214,extreme_variable
42269,anomaly,1.3448219691349652e-13,-12.8713,3.1443805692632235e-13,-12.5025,2.752386022580324e-13,-12.5603,2.3401929158644424e-14,-13.6307,1.9836499822371315e-13,-12.7025,0.4009,-0.0665,-0.8433,0.789,1.603,0.205,16.137,83.53454,70.41045,0.35636982,5.0988274,extreme_variable
96436,anomaly,6.472119471851868e-13,-12.189,3.895769480545501e-12,-11.4094,4.3951516185126494e-13,-12.357,2.718016368779754e-13,-12.5657,1.2685887571519333e-12,-11.8967,0.7151,-0.7972,-0.2358,0.6471,2.513,0.4003,17.927,355.61047,-32.50266,0.356326,5.098079,extreme_variable
30777,xrb,8.815702489152768e-15,-14.0547,2.1650000047843923e-14,-13.6645,4.0195888721084025e-14,-13.3958,1.3591536566240116e-13,-12.8667,7.983047770634117e-14,-13.0978,0.4213,0.2999,0.5435,-0.26,0.781,-0.1074,3.66,354.99831,44.05647,0.35625836,5.0969234,unclassified
10807,agn,1.0225102710793073e-16,-15.9903,4.747663738234561e-16,-15.3235,8.240009341771939e-15,-14.0841,4.040465090199683e-15,-14.3936,3.918213092709994e-15,-14.4069,0.6456,0.891,-0.342,-0.0154,0.445,-0.3515,4.157,4.92353,-59.61232,0.35612524,5.09465,unclassified
67244,anomaly,3.4837710988240283e-13,-12.458,3.3726919400789756e-13,-12.472,8.783176292665677e-13,-12.0563,6.74665886801567e-13,-12.1709,3.975055570157017e-13,-12.4007,-0.0162,0.4451,-0.1311,-0.2585,3.825,0.5826,3.588,310.58933,-83.77379,0.35601962,5.092846,unclassified
22145,xrb,2.1466734337255104e-15,-14.6682,4.384877838846964e-15,-14.358,8.653921137674361e-15,-14.0628,2.1042637402238314e-14,-13.6769,1.6154163670239844e-14,-13.7917,0.3427,0.3274,0.4172,-0.1314,0.399,-0.3991,3.383,350.63342,56.82861,0.35436776,5.0646324,unclassified
73377,anomaly,3.1808598321718443e-15,-14.4975,2.892039142138036e-14,-13.5388,3.1642295026180654e-14,-13.4997,4.687743505180159e-15,-14.329,4.55505961992395e-15,-14.3415,0.8018,0.0449,-0.7419,-0.0144,2.484,0.3951,20.251,228.06203,23.59616,0.35395336,5.0575542,extreme_variable
80277,agn,1.8439207572234286e-15,-14.7343,1.000276225759863e-14,-13.9999,5.204476265604719e-13,-12.2836,6.579033086018566e-13,-12.1818,3.4952796834105326e-13,-12.4565,0.6887,0.9623,0.1167,-0.3061,0.086,-1.0,1.959,327.26941,52.14887,0.35394645,5.0574365,unclassified
51291,anomaly,2.421311217484835e-13,-12.6159,7.09048149120446e-13,-12.1493,1.9562869139778414e-13,-12.7086,8.25078598235625e-13,-12.0835,2.7765151178213405e-13,-12.5565,0.4909,-0.5675,0.6167,-0.4964,1.938,0.2873,10.201,216.32569,-47.73404,0.3534404,5.0487933,extreme_variable
36872,anomaly,5.5849482811859225e-12,-11.253,6.963643829729847e-13,-12.1572,1.1683462001011331e-12,-11.9324,1.002290580203617e-11,-10.999,1.7566035907875696e-11,-10.7553,-0.7783,0.2531,0.7912,0.2734,0.258,-0.588,25.868,73.30099,-70.02517,0.35334155,5.047105,extreme_variable
19104,xrb,1.0931726847737733e-15,-14.9613,3.428283307486915e-15,-14.4649,6.194000903596097e-15,-14.208,1.206423224808986e-14,-13.9185,1.486490362933007e-14,-13.8278,0.5164,0.2874,0.3215,0.104,0.909,-0.0414,4.148,48.0323,-18.00098,0.353218,5.0449944,monotonically_rising
95381,anomaly,1.6339710283191225e-14,-13.7868,1.2609961675496191e-14,-13.8993,3.8363992630471445e-14,-13.4161,4.9421153774010094e-14,-13.3061,3.6045129599741785e-14,-13.4432,-0.1288,0.5052,0.126,-0.1565,0.029,-1.0,25.274,116.2369,54.63895,0.35299194,5.0411334,extreme_variable
84057,anomaly,4.8256234115305e-14,-13.3164,6.127501813993358e-14,-13.2127,4.186403168512631e-15,-14.3782,2.854603219606983e-14,-13.5445,3.164265563985791e-14,-13.4997,0.1189,-0.8721,0.7442,0.0514,0.493,-0.3072,21.623,113.09166,12.13278,0.35271922,5.036475,extreme_variable
61186,anomaly,7.993039189607188e-14,-13.0973,1.0427657927759548e-13,-12.9818,2.631210113049871e-14,-13.5798,3.7699734939967104e-13,-12.4237,8.36702402310046e-14,-13.0774,0.1322,-0.597,0.8695,-0.6367,0.467,-0.3311,15.599,52.34855,-41.89076,0.3525668,5.033872,extreme_variable
43534,xrb,8.382066398797795e-15,-14.0766,9.303244890980152e-15,-14.0314,1.933071468090345e-14,-13.7138,1.1274663070699417e-14,-13.9479,5.2065682826177434e-15,-14.2834,0.0521,0.3502,-0.2632,-0.3682,0.446,-0.3505,9.089,340.56709,-60.15831,0.35201153,5.0243883,unclassified
54997,anomaly,5.281119074053133e-11,-10.2773,2.0753020577075515e-11,-10.6829,1.3003051830344411e-11,-10.886,1.5505500480288511e-12,-11.8095,1.3397760918630135e-11,-10.873,-0.4358,-0.2296,-0.7869,0.7925,2.749,0.4392,23.016,326.65973,83.11604,0.35180092,5.020791,extreme_variable
30401,anomaly,1.326663014943028e-12,-11.8772,2.0225260646920984e-13,-12.6941,7.816011061770083e-13,-12.107,5.5811865193561105e-14,-13.2533,3.016861950704079e-13,-12.5204,-0.7354,0.5889,-0.8667,0.6878,0.851,-0.0699,19.662,73.86822,84.56626,0.35178298,5.0204844,extreme_variable
34856,agn,1.3132838115979107e-16,-15.8816,9.25445580843205e-16,-15.0336,7.707109861961718e-14,-13.1131,7.705273729058874e-14,-13.1132,2.4922941693731872e-14,-13.6034,0.7514,0.9763,-0.0001,-0.5112,0.372,-0.4296,3.456,225.73399,27.96216,0.35057133,4.9997897,unclassified
74828,anomaly,1.2744450521841168e-15,-14.8947,1.110092546585611e-15,-14.9546,1.3158214392560941e-14,-13.8808,1.2266729805640488e-13,-12.9113,7.977954157435249e-13,-12.0981,-0.0689,0.8444,0.8062,0.7335,0.086,-1.0,1.819,97.7888,-71.92906,0.35043532,4.9974666,compton_thick_candidate
22573,anomaly,8.261076654902516e-13,-12.083,1.088122538699594e-12,-11.9633,3.579668153826819e-13,-12.4462,4.635674242810513e-13,-12.3339,3.4862019617545194e-12,-11.4576,0.1369,-0.5049,0.1285,0.7653,0.347,-0.4593,20.991,182.98334,-30.61899,0.350242,4.9941645,extreme_variable
35801,anomaly,7.139557636073461e-12,-11.1463,4.698859419016983e-12,-11.328,6.3683607978912914e-12,-11.196,9.121280016612567e-13,-12.0399,1.4502335305179534e-12,-11.8386,-0.2062,0.1509,-0.7494,0.2278,0.066,-1.0,24.879,257.58902,17.6546,0.34930694,4.9781938,extreme_variable
69283,anomaly,1.733099141824766e-13,-12.7612,1.022604027202488e-12,-11.9903,3.5327603605069113e-13,-12.4519,3.520108661268299e-14,-13.4534,1.1923882505267267e-13,-12.9236,0.7102,-0.4865,-0.8188,0.5441,1.551,0.1906,17.406,86.69197,34.98609,0.34920037,4.9763737,extreme_variable
50909,ulx,5.150596517358241e-13,-12.2881,3.4303192302297846e-13,-12.4647,6.171093103466285e-13,-12.2096,2.391125712759916e-13,-12.6214,9.515511909230392e-14,-13.0216,-0.2005,0.2855,-0.4415,-0.4307,0.026,-1.0,2.162,149.90312,89.04318,0.34891263,4.971459,unclassified
92290,agn,6.5181004638908e-15,-14.1859,3.864419162836495e-14,-13.4129,6.110984357558726e-13,-12.2139,4.21209209177501e-13,-12.3755,5.481927545970354e-13,-12.2611,0.7113,0.881,-0.1839,0.131,0.519,-0.2849,4.009,258.40841,-44.23787,0.3488637,4.9706235,unclassified
98930,anomaly,1.9243627842612016e-13,-12.7157,1.036539207213947e-12,-11.9844,2.0096147688997787e-12,-11.6969,3.3204592005779295e-13,-12.4788,6.816176208598566e-13,-12.1665,0.6868,0.3194,-0.7164,0.3449,0.174,-0.7583,15.358,335.2237,85.09792,0.34881973,4.9698725,extreme_variable
58567,anomaly,2.6092603113587877e-15,-14.5835,1.1352528707755605e-14,-13.9449,3.233208570142327e-15,-14.4904,6.842937635534327e-15,-14.1648,1.1221759730266542e-14,-13.9499,0.6262,-0.5567,0.3582,0.2424,1.825,0.2612,11.897,109.06575,46.85613,0.34812033,4.9579268,extreme_variable
98214,xrb,9.932347196044177e-15,-14.0029,1.6627107199648734e-14,-13.7792,2.1574846340732897e-14,-13.6661,1.2897087880412924e-14,-13.8895,1.2745610868345277e-14,-13.8946,0.2521,0.1295,-0.2517,-0.0059,0.539,-0.2686,11.406,314.78132,71.18175,0.3478144,4.9527016,extreme_variable
52958,anomaly,1.040275385359371e-13,-12.9829,1.3014929174176833e-12,-11.8856,1.9895651920494366e-13,-12.7012,1.0122993725104069e-13,-12.9947,6.086318977598709e-13,-12.2156,0.852,-0.7348,-0.3256,0.7148,1.882,0.2746,24.333,332.35207,70.34123,0.3477868,4.9522305,extreme_variable
58410,xrb,1.1945968963414219e-14,-13.9228,1.741100677989758e-14,-13.7592,4.1350032792973997e-14,-13.3835,1.5758175098334406e-14,-13.8025,1.4806626664303656e-14,-13.8295,0.1862,0.4074,-0.4481,-0.0311,0.024,-1.0,11.603,306.82495,-30.86002,0.3477707,4.951955,extreme_variable
40641,anomaly,3.3406637347712856e-12,-11.4762,2.5222207746525138e-11,-10.5982,1.1412717144601516e-11,-10.9426,1.4022601632206679e-11,-10.8532,8.786098844082303e-11,-10.0562,0.7661,-0.3769,0.1026,0.7247,1.614,0.2078,19.108,190.81972,-16.71472,0.34764346,4.949782,ultra_hard_spectrum
51444,anomaly,2.934562125485882e-14,-13.5325,4.7699576470808194e-14,-13.3215,8.098748358106593e-14,-13.0916,1.0631409241155807e-13,-12.9734,1.9141477438316082e-14,-13.718,0.2382,0.2587,0.1352,-0.6948,14.935,1.1742,6.633,292.79583,27.4837,0.34747264,4.946864,extended_transient
81834,anomaly,9.769784324716003e-16,-15.0101,6.767017851198965e-16,-15.1696,7.155493676008315e-15,-14.1454,1.7752173606563144e-13,-12.7507,1.3960891265661035e-13,-12.8551,-0.1816,0.8272,0.9225,-0.1195,1.445,0.1598,1.324,134.13618,-42.58653,0.34731713,4.944208,unclassified
46407,anomaly,8.518093768933638e-14,-13.0697,8.692023281542455e-14,-13.0609,1.3247418629940682e-13,-12.8779,3.6154756816888373e-13,-12.4418,7.255908660479015e-13,-12.1393,0.0101,0.2076,0.4637,0.3349,2.667,0.4261,18.391,52.91114,83.18559,0.34708723,4.9402814,extreme_variable
10640,anomaly,6.632110328391375e-14,-13.1783,2.183721971040935e-14,-13.6608,1.4161556490685711e-14,-13.8489,3.494425457713484e-14,-13.4566,1.6540104581127757e-13,-12.7815,-0.5046,-0.2132,0.4232,0.6512,1.524,0.1829,19.254,34.31469,-82.99153,0.34701154,4.9389887,extreme_variable
77088,anomaly,6.022668939135847e-14,-13.2202,4.058749194836049e-13,-12.3916,1.3538874130253046e-13,-12.8684,4.810320354736217e-13,-12.3178,6.400113202886331e-14,-13.1938,0.7416,-0.4997,0.5607,-0.7651,1.819,0.2599,10.9,243.61875,32.94571,0.34698486,4.938533,extreme_variable
68442,anomaly,3.1198201279521553e-13,-12.5059,2.7368816196632403e-13,-12.5627,1.6547740341018398e-13,-12.7813,4.4041199428762057e-13,-12.3561,7.615475223372776e-13,-12.1183,-0.0654,-0.2464,0.4538,0.2672,1.593,0.2022,17.887,343.55404,4.07198,0.34690595,4.9371853,extreme_variable
76477,xrb,1.1155749760699202e-14,-13.9525,1.6107373378701207e-14,-13.793,2.981933227445134e-14,-13.5255,1.4358039138792946e-14,-13.8429,6.2157130730042155e-15,-14.2065,0.1816,0.2986,-0.35,-0.3958,0.886,-0.0524,7.163,93.42196,-27.68614,0.34684476,4.93614,unclassified
8977,anomaly,5.770247542777586e-15,-14.2388,4.464012093885606e-15,-14.3503,1.0342244662905195e-13,-12.9854,1.0319726638188333e-12,-11.9863,8.258733657659685e-13,-12.0831,-0.1276,0.9172,0.8178,-0.1109,1.768,0.2475,0.061,6.74792,-55.21403,0.3467315,4.934206,unclassified
17718,xrb,1.5664062204734847e-13,-12.8051,2.542120950756196e-13,-12.5948,7.105491415001797e-13,-12.1484,4.1362051648539714e-13,-12.3834,3.231474283143223e-13,-12.4906,0.2375,0.473,-0.2641,-0.1228,0.808,-0.0926,10.67,307.79466,-1.95583,0.34647796,4.929875,extreme_variable
92383,anomaly,1.2466494552819499e-11,-10.9043,3.944216958586787e-11,-10.404,1.0950454287201301e-11,-10.9606,7.3659474278514e-13,-12.1328,4.8016760512493565e-12,-11.3186,0.5197,-0.5654,-0.8739,0.734,1.658,0.2195,22.906,173.99893,84.97918,0.3463796,4.9281955,extreme_variable
21367,anomaly,1.0513466756466599e-14,-13.9783,9.039600266040639e-15,-14.0439,2.1499246348171156e-13,-12.6676,1.1023093538343001e-14,-13.9577,2.981506921125321e-14,-13.5256,-0.0754,0.9193,-0.9025,0.4602,1.18,0.0719,23.781,202.67222,50.54113,0.3463289,4.9273295,extreme_variable
92751,anomaly,2.123943659874726e-12,-11.6729,3.9587205336659054e-13,-12.4024,4.143596686952072e-13,-12.3826,5.52334461278474e-14,-13.2578,4.177422133673859e-13,-12.3791,-0.6858,0.0228,-0.7648,0.7664,0.426,-0.3711,24.68,167.6133,-15.37897,0.34606838,4.9228797,extreme_variable
6184,anomaly,4.18052647852151e-13,-12.3788,2.9542434681371334e-12,-11.5296,2.9317927035665103e-12,-11.5329,5.834459578637849e-13,-12.234,2.9454557184368027e-12,-11.5308,0.7521,-0.0038,-0.668,0.6693,2.913,0.4644,19.616,82.44795,-79.68639,0.3456255,4.915315,extreme_variable
18646,agn,2.2696885574849717e-15,-14.644,1.7560198747586928e-14,-13.7555,2.2441388232431717e-13,-12.649,2.2694152933189944e-13,-12.6441,1.7003132760269016e-13,-12.7695,0.7711,0.8549,0.0056,-0.1434,0.39,-0.4092,0.05,73.45607,2.82964,0.34552875,4.913663,unclassified
69599,anomaly,3.077076559448848e-13,-12.5119,3.563087179469939e-14,-13.4482,5.514493083366327e-14,-13.2585,1.1050298175981345e-14,-13.9566,1.5761350625619722e-14,-13.8024,-0.7924,0.215,-0.6661,0.1757,2.11,0.3243,25.344,254.9664,-40.2103,0.34513637,4.906961,extreme_variable
50998,xrb,1.930652172999877e-14,-13.7143,2.3007013790033142e-14,-13.6381,3.821312622025199e-14,-13.4178,3.3122311527956927e-14,-13.4799,1.406277256135478e-14,-13.8519,0.0875,0.2484,-0.0714,-0.4039,0.55,-0.2595,10.969,343.03891,19.03831,0.34475943,4.900523,extreme_variable
93201,agn,7.750024823202918e-19,-18.1107,3.907728700756901e-18,-17.4081,9.586853920328695e-14,-13.0183,6.410634554054112e-14,-13.1931,3.7517082873956987e-14,-13.4258,0.6676,0.9999,-0.1985,-0.2616,0.253,-0.5967,0.291,330.28581,73.28041,0.34431592,4.8929477,unclassified
12914,agn,1.5191578304726343e-13,-12.8184,2.293218630166859e-13,-12.6396,3.7514969936273155e-13,-12.4258,2.418504932470175e-13,-12.6165,2.0052442655857922e-13,-12.6978,0.203,0.2412,-0.216,-0.0934,2.795,0.4464,4.478,314.4988,84.67008,0.3440372,4.8881874,unclassified
81441,anomaly,3.0672390314375666e-12,-11.5133,3.141672122869423e-13,-12.5028,5.83692557434319e-14,-13.2338,1.3493928303308416e-12,-11.8699,1.1459482142206025e-12,-11.9408,-0.8142,-0.6866,0.9171,-0.0815,2.16,0.3345,10.344,186.23682,32.12656,0.34372967,4.8829346,super_soft_source
57514,anomaly,3.241586946819768e-13,-12.4892,4.643027618603538e-13,-12.3332,4.2248224364826235e-13,-12.3742,4.551518990060199e-13,-12.3418,5.1919050207491416e-14,-13.2847,0.1777,-0.0472,0.0372,-0.7952,1.282,0.108,24.384,71.09995,-69.60097,0.34364355,4.8814635,extreme_variable
9008,anomaly,7.771863981592677e-13,-12.1095,4.327856069624761e-12,-11.3637,7.740971701710441e-13,-12.1112,1.2880710221741632e-12,-11.8901,1.9906406984653143e-12,-11.701,0.6955,-0.6965,0.2492,0.2143,0.153,-0.8156,17.859,252.98081,-45.48683,0.34361017,4.8808937,extreme_variable
68420,anomaly,6.060078220490401e-14,-13.2175,6.406649023481031e-15,-14.1934,5.7789267324707826e-15,-14.2382,3.143760712595617e-14,-13.5026,4.071806471004047e-15,-14.3902,-0.8088,-0.0515,0.6894,-0.7707,2.049,0.3116,13.712,296.54285,-69.2926,0.34317282,4.8734236,extreme_variable
93562,xrb,7.558455598582258e-14,-13.1216,1.2792591165611425e-13,-12.893,2.827323480838744e-13,-12.5486,9.359029177382909e-14,-13.0288,1.376200624637416e-13,-12.8613,0.2572,0.377,-0.5026,0.1904,0.038,-1.0,9.824,254.06252,45.06013,0.3430887,4.871987,unclassified
66101,xrb,3.227114444770272e-12,-11.4912,3.858428269659171e-12,-11.4136,1.3206205795062153e-11,-10.8792,8.707398729854687e-12,-11.0601,2.486447830695112e-12,-11.6044,0.0891,0.5478,-0.2053,-0.5557,0.156,-0.8078,10.29,302.14446,19.62452,0.34306917,4.8716536,extreme_variable
80860,anomaly,2.5714200107509488e-14,-13.5898,4.528098939405232e-14,-13.3441,4.957427791096138e-14,-13.3047,8.015215364196541e-14,-13.0961,5.071730208783166e-14,-13.2948,0.2756,0.0453,0.2357,-0.2249,14.533,1.1624,4.007,119.92984,11.62037,0.34291586,4.869035,unclassified
95234,anomaly,1.0919863895277126e-10,-9.9618,3.9675977032384874e-11,-10.4015,3.682951776973996e-13,-12.4338,6.016749433366218e-15,-14.2206,5.233090901865706e-15,-14.2812,-0.467,-0.9816,-0.9679,-0.0697,0.842,-0.0749,1.912,257.79983,-37.99419,0.3424333,4.8607926,super_luminous
51272,xrb,1.3918089814443771e-15,-14.8564,7.696842223077036e-15,-14.1137,1.2724151342684778e-14,-13.8954,3.766530417729572e-14,-13.4241,2.4379795467322363e-14,-13.613,0.6937,0.2462,0.495,-0.2141,0.572,-0.2428,3.3,184.90934,-71.56387,0.34239492,4.8601375,unclassified
69292,anomaly,3.828062267000915e-14,-13.417,5.825057031485855e-14,-13.2347,2.3052705673847857e-13,-12.6373,6.379829375425404e-13,-12.1952,1.433501049873488e-13,-12.8436,0.2069,0.5966,0.4691,-0.6331,1.078,0.0325,21.252,88.17888,3.76174,0.34229183,4.8583765,extreme_variable
2925,xrb,4.884888230604491e-13,-12.3111,7.763627955552603e-13,-12.1099,1.978508823338431e-12,-11.7037,1.183063171979267e-12,-11.927,7.385635675062144e-13,-12.1316,0.2276,0.4364,-0.2516,-0.2313,0.923,-0.0349,8.79,320.86526,14.30707,0.34178302,4.849686,unclassified
25438,anomaly,8.720425689337508e-14,-13.0595,2.548481922358125e-12,-11.5937,1.1196683869509074e-13,-12.9509,3.7442610016869837e-13,-12.4266,6.065833416124076e-13,-12.2171,0.9338,-0.9158,0.5396,0.2367,1.384,0.1411,17.496,357.97554,40.42525,0.3417518,4.849153,extreme_variable
4952,anomaly,6.260277596258192e-17,-16.2034,3.9813423442024206e-16,-15.4,2.495439646129079e-15,-14.6029,1.1614882360588082e-14,-13.935,1.176764321516299e-14,-13.9293,0.7282,0.7248,0.6463,0.0065,0.072,-1.0,2.752,350.33717,-89.6394,0.34170675,4.8483834,monotonically_rising
47396,anomaly,6.057628203800442e-12,-11.2177,8.529164678198356e-11,-10.0691,3.35406896057967e-12,-11.4744,2.7231025347150335e-11,-10.5649,3.40010725847592e-11,-10.4685,0.8674,-0.9243,0.7807,0.1106,2.3,0.3616,20.84,83.77263,-85.815,0.3412595,4.8407445,extreme_variable
98760,anomaly,2.4520196197358917e-12,-11.6105,3.1128133002991526e-11,-10.5068,3.627025528500484e-11,-10.4404,4.863571069967176e-11,-10.313,8.252711473001665e-12,-11.0834,0.854,0.0763,0.1456,-0.7099,0.649,-0.1874,26.4,346.11652,31.07611,0.34097835,4.8359423,extreme_variable
23096,anomaly,1.3395059476661582e-11,-10.8731,1.0581461196133317e-11,-10.9755,1.7651291343839484e-11,-10.7532,1.7014463278431575e-11,-10.7692,6.671434008082565e-12,-11.1758,-0.1173,0.2504,-0.0184,-0.4367,2.406,0.3812,19.059,97.54861,61.10139,0.3407399,4.8318696,extreme_variable
89421,agn,1.9731267869765208e-17,-16.7048,9.501205043900645e-17,-16.0222,2.4013169871125306e-14,-13.6196,1.3464711685448934e-14,-13.8708,1.1705704283040007e-14,-13.9316,0.656,0.9921,-0.2815,-0.0699,0.445,-0.3521,4.633,267.08052,63.15944,0.3399766,4.818833,unclassified
1707,anomaly,2.8074977499396734e-12,-11.5517,2.9061245175712697e-13,-12.5367,1.9445999819068583e-13,-12.7112,3.0576294878739824e-13,-12.5146,5.765297885299476e-14,-13.2392,-0.8124,-0.1982,0.2225,-0.6827,0.292,-0.5343,13.812,347.61553,-89.22376,0.3399513,4.8184004,extreme_variable
85733,anomaly,1.6209029407121082e-11,-10.7902,1.2878935796238341e-11,-10.8901,6.552035563752185e-14,-13.1836,1.4936670113279314e-15,-14.8257,1.4516731895102982e-15,-14.8381,-0.1145,-0.9899,-0.9554,-0.0143,0.292,-0.535,4.442,346.37509,-17.0352,0.3397678,4.8152666,super_luminous
52817,anomaly,1.6076281662526412e-12,-11.7938,5.426039468191186e-13,-12.2655,8.765552407323498e-14,-13.0572,1.504152272212676e-13,-12.8227,6.539884807678068e-13,-12.1844,-0.4953,-0.7218,0.2636,0.626,1.891,0.2766,25.479,208.32626,-2.14878,0.33962783,4.8128757,extreme_variable
90982,anomaly,7.824576232234223e-13,-12.1065,8.063998845569105e-13,-12.0934,4.0588806342656784e-13,-12.3916,1.356197608270493e-12,-11.8677,2.015912734810633e-12,-11.6955,0.0151,-0.3304,0.5393,0.1956,1.671,0.223,25.29,359.13998,-38.86465,0.3391484,4.804687,extreme_variable
36790,anomaly,3.653400946724641e-14,-13.4373,7.783447761119037e-15,-14.1088,2.673212991290449e-13,-12.573,9.594010230735869e-14,-13.018,6.483524783022879e-14,-13.1882,-0.6487,0.9434,-0.4718,-0.1935,1.883,0.2749,26.068,191.31165,-77.31873,0.3387123,4.7972383,extreme_variable
17109,anomaly,1.580972921865958e-13,-12.8011,2.9232117870789206e-13,-12.5341,1.7006684489539268e-13,-12.7694,5.298765427225243e-13,-12.2758,7.05955677134636e-13,-12.1512,0.298,-0.2644,0.5141,0.1425,1.325,0.1221,16.616,205.26222,29.73572,0.3386501,4.7961764,extreme_variable
58073,agn,1.341528919139433e-18,-17.8724,4.862407491623196e-18,-17.3131,2.1132232583234616e-14,-13.6751,3.164889064770877e-14,-13.4996,1.4851487457021512e-14,-13.8282,0.5666,0.9995,0.1993,-0.3612,0.274,-0.5628,0.976,265.06707,-22.6056,0.33787215,4.782889,unclassified
87004,anomaly,3.664860379053044e-12,-11.4359,1.808362576214556e-11,-10.7427,7.791073619579505e-12,-11.1084,4.163949399387024e-12,-11.3805,7.307147749513447e-13,-12.1363,0.663,-0.3978,-0.3034,-0.7014,2.362,0.3732,26.46,333.39086,40.99011,0.3378055,4.7817507,extreme_variable
58008,anomaly,6.8789549711152704e-15,-14.1625,1.9727284456208578e-14,-13.7049,8.912111814762399e-15,-14.05,6.423781546537632e-15,-14.1922,5.0591522802439933e-14,-13.2959,0.4829,-0.3776,-0.1623,0.7747,2.897,0.4619,25.261,32.84997,-25.51357,0.33726063,4.7724442,extreme_variable
82240,anomaly,8.890895526326308e-13,-12.0511,1.99419076814677e-13,-12.7002,8.228987330820719e-13,-12.0847,5.72987823622465e-13,-12.2419,2.8390510614243626e-12,-11.5468,-0.6336,0.6099,-0.179,0.6641,0.017,-1.0,20.36,105.70514,4.11991,0.33698645,4.767761,extreme_variable
71220,xrb,2.5748436483057443e-14,-13.5892,1.2287452524448788e-13,-12.9105,3.4897734970375214e-13,-12.4572,4.759581150439912e-13,-12.3224,6.73891470394318e-13,-12.1714,0.6535,0.4792,0.1539,0.1721,0.583,-0.2345,3.577,166.65973,46.53562,0.33643898,4.7584105,monotonically_rising
98579,anomaly,9.090577223653655e-17,-16.0414,3.6619160987357227e-16,-15.4363,9.669544012345163e-16,-15.0146,2.4367959601364965e-14,-13.6132,1.457479919248135e-14,-13.8364,0.6022,0.4506,0.9237,-0.2515,1.385,0.1415,2.538,323.41083,63.40215,0.3363061,4.7561407,unclassified
74927,anomaly,5.9925680033319815e-12,-11.2224,1.4722202835861173e-12,-11.832,7.81327940186153e-12,-11.1072,2.7611391964688048e-12,-11.5589,2.608613161194843e-12,-11.5836,-0.6056,0.6829,-0.4778,-0.0284,0.294,-0.5318,29.589,255.92599,-68.26398,0.33621812,4.754638,extreme_variable
96412,anomaly,3.504778412901329e-13,-12.4553,4.900912039263244e-13,-12.3097,8.298587228613437e-13,-12.081,7.923098111299193e-13,-12.1011,7.016208192453635e-14,-13.1539,0.1661,0.2574,-0.0231,-0.8373,0.458,-0.3394,14.542,199.03029,43.51765,0.33609185,4.7524815,extreme_variable
84613,anomaly,3.2623990738573066e-14,-13.4865,2.788094121331869e-13,-12.5547,2.1818509762253566e-14,-13.6612,4.6820145950892546e-14,-13.3296,2.95492997646088e-14,-13.5295,0.7905,-0.8548,0.3643,-0.2261,0.074,-1.0,17.286,359.23622,-35.63606,0.33588454,4.7489405,extreme_variable
76393,agn,3.3562428479706493e-16,-15.4741,2.2313260517441248e-15,-14.6514,1.1683774125345885e-12,-11.9324,6.24842107471376e-13,-12.2042,6.60883078644609e-13,-12.1799,0.7385,0.9962,-0.3031,0.028,0.334,-0.4761,1.952,315.66831,-75.9439,0.33584583,4.7482796,unclassified
16752,anomaly,1.3704622228510798e-12,-11.8631,6.037501264741585e-13,-12.2191,8.924963096709012e-13,-12.0494,8.682241669140847e-13,-12.0614,1.5633817366634363e-13,-12.8059,-0.3884,0.193,-0.0138,-0.6948,1.001,0.0003,27.654,104.7643,72.52368,0.33583823,4.7481494,extreme_variable
1177,anomaly,2.8102309278893353e-13,-12.5513,5.356969603229856e-13,-12.2711,2.29581402329894e-13,-12.6391,3.89379571327377e-14,-13.4096,1.2874250862991352e-12,-11.8903,0.3118,-0.4,-0.71,0.9413,0.571,-0.2434,27.435,210.39893,-51.61772,0.3358067,4.747611,extreme_variable
54162,anomaly,4.267546958414898e-14,-13.3698,1.2397745549323643e-13,-12.9067,3.776182576954437e-14,-13.4229,2.7139273326357953e-13,-12.5664,9.470816262137045e-14,-13.0236,0.4879,-0.5331,0.7557,-0.4826,0.654,-0.1844,10.365,48.68938,-65.78166,0.33575565,4.746739,extreme_variable
83942,anomaly,6.288436491454653e-14,-13.2015,2.2371616983472826e-13,-12.6503,3.0694101244148196e-14,-13.5129,1.433613898893445e-13,-12.8436,2.4364564273332145e-13,-12.6132,0.5612,-0.7587,0.6473,0.2591,1.843,0.2655,15.102,164.14252,-75.05066,0.33568826,4.7455883,extreme_variable
64615,xrb,1.418887874103735e-13,-12.8481,1.6380036252613836e-13,-12.7857,3.6283293590935335e-13,-12.4403,1.7206856973825013e-13,-12.7643,1.5014978611597704e-13,-12.8235,0.0717,0.3779,-0.3566,-0.068,0.214,-0.6691,9.524,332.97122,-43.04403,0.33553824,4.743026,unclassified
7749,anomaly,3.1251886475616843e-14,-13.5051,1.2699023127672583e-13,-12.8962,1.5173557464902484e-13,-12.8189,2.3470539163162774e-14,-13.6295,1.5350117000361424e-14,-13.8139,0.605,0.0888,-0.7321,-0.2092,0.708,-0.1502,27.15,263.10361,42.55215,0.3351999,4.737247,extreme_variable
10400,anomaly,2.2444655639332155e-12,-11.6489,8.078797779137104e-13,-12.0927,6.665561629007356e-13,-12.1762,5.796855673388112e-13,-12.2368,3.2776335224922284e-12,-11.4844,-0.4706,-0.0958,-0.0697,0.6994,0.105,-0.9793,19.436,130.54861,-12.12995,0.3350965,4.7354813,extreme_variable
93114,agn,3.871138483538727e-16,-15.4122,2.2206116863374345e-15,-14.6535,3.8630418869484884e-13,-12.4131,3.561591417373561e-13,-12.4484,2.8711637323591064e-13,-12.5419,0.7031,0.9886,-0.0406,-0.1073,0.383,-0.4169,4.964,3.62205,62.38709,0.33468106,4.7283854,unclassified
80477,ulx,3.7139282069530136e-13,-12.4302,4.620098099674026e-13,-12.3353,5.440850590878986e-13,-12.2643,2.9070198871200817e-13,-12.5366,1.4760680311637023e-13,-12.8309,0.1087,0.0816,-0.3035,-0.3265,0.055,-1.0,6.665,238.03035,-32.16054,0.33435783,4.7228646,unclassified
80959,agn,6.036946114381737e-14,-13.2192,4.313313360687137e-14,-13.3652,2.55828569715515e-13,-12.5921,1.1529880817034484e-13,-12.9382,6.469612563544784e-14,-13.1891,-0.1665,0.7114,-0.3787,-0.2811,1.255,0.0986,4.879,30.71423,-59.71335,0.33431396,4.722115,unclassified
38607,anomaly,1.741501303321509e-13,-12.7591,3.9299046796347805e-12,-11.4056,1.0823549519144321e-12,-11.9656,3.62671574360165e-12,-11.4405,8.799547300360356e-13,-12.0555,0.9151,-0.5681,0.5403,-0.6095,0.386,-0.4132,14.625,285.38213,-69.27192,0.3342068,4.720285,extreme_variable
47042,agn,3.7545905856422705e-20,-19.4254,2.255756392919833e-19,-18.6467,2.031522276993513e-15,-14.6922,1.3048639405787223e-15,-14.8844,4.1148300945832544e-16,-15.3856,0.6884,0.9998,-0.2178,-0.5205,0.286,-0.5433,3.809,141.76986,61.88491,0.33390036,4.715051,unclassified
87885,anomaly,1.0087330918776077e-12,-11.9962,1.1194504843862516e-12,-11.951,1.9203283399098837e-12,-11.7166,1.0597937695449439e-13,-12.9748,2.611528215482267e-12,-11.5831,0.052,0.2635,-0.8954,0.922,1.236,0.0919,19.169,193.72626,-34.02603,0.33380857,4.7134833,extreme_variable
31720,anomaly,7.431948767923408e-14,-13.1289,1.7374747906539556e-14,-13.7601,2.536167953567372e-14,-13.5958,1.0037743353805583e-14,-13.9984,8.995704654481911e-14,-13.046,-0.621,0.1869,-0.4329,0.7992,0.609,-0.2153,16.812,99.76358,69.68469,0.33369255,4.7115016,extreme_variable
83999,xrb,7.829582603138613e-15,-14.1063,1.3988810338023343e-14,-13.8542,8.5206108607172e-15,-14.0695,2.8295151777369063e-15,-14.5483,8.635453570229624e-16,-15.0637,0.2823,-0.2429,-0.5014,-0.5323,0.644,-0.1914,5.77,123.83342,-21.58007,0.33365154,4.710801,unclassified
44841,anomaly,5.660666946151778e-13,-12.2471,1.2988111522912441e-11,-10.8865,3.3649731302751903e-13,-12.473,8.872245321918941e-13,-12.052,5.545434358079588e-12,-11.2561,0.9165,-0.9495,0.45,0.7241,2.389,0.3782,26.918,206.17162,16.12592,0.33352542,4.7086473,extreme_variable
79739,xrb,1.006029696100602e-13,-12.9974,9.499927537024543e-14,-13.0223,2.9235843278944227e-13,-12.5341,8.761269314120192e-14,-13.0574,4.751461236902118e-14,-13.3232,-0.0286,0.5095,-0.5388,-0.2967,0.383,-0.4163,3.458,2.58008,-63.88311,0.33350873,4.708362,unclassified
29603,anomaly,5.038027892733666e-14,-13.2977,4.763710553015746e-14,-13.3221,2.1450827899662739e-13,-12.6686,4.944623243675279e-14,-13.3059,3.0320516770229486e-14,-13.5183,-0.028,0.6366,-0.6253,-0.2398,2.366,0.3739,29.956,354.41367,1.85557,0.33306924,4.7008553,extreme_variable
70049,anomaly,6.020097811278653e-11,-10.2204,2.931285856682274e-11,-10.5329,2.1527904995235025e-13,-12.667,4.3107581037583316e-15,-14.3654,3.7492221346957594e-15,-14.4261,-0.3451,-0.9854,-0.9607,-0.0697,0.156,-0.807,3.1,57.82179,-75.89892,0.33246022,4.6904535,super_luminous
71004,anomaly,2.588128656533203e-13,-12.587,7.117460776113813e-13,-12.1477,9.933068337574854e-14,-13.0029,2.8932423293803374e-13,-12.5386,3.0683120673358633e-13,-12.5131,0.4667,-0.7551,0.4888,0.0294,0.198,-0.7028,18.128,154.48957,79.20244,0.33228326,4.687431,extreme_variable
84122,anomaly,5.450832156587067e-14,-13.2635,6.628388840751462e-14,-13.1786,9.590517377979314e-14,-13.0182,5.399967036060153e-15,-14.2676,4.5405382719057813e-14,-13.3429,0.0975,0.1826,-0.8934,0.7874,2.205,0.3434,24.284,244.79549,60.01823,0.33195555,4.6818337,extreme_variable
37727,anomaly,2.5808065911559978e-14,-13.5882,7.319383046945753e-14,-13.1355,3.6330230307538344e-13,-12.4397,1.1541328029334213e-13,-12.9377,2.873468984715413e-14,-13.5416,0.4786,0.6646,-0.5178,-0.6013,2.856,0.4558,20.455,36.36213,-75.75233,0.33178148,4.6788607,extreme_variable
62566,anomaly,3.5577309976958935e-14,-13.4488,5.5726993306044435e-15,-14.2539,2.953930362037546e-14,-13.5296,2.1024176538946237e-14,-13.6773,5.506608279620879e-14,-13.2591,-0.7292,0.6826,-0.1684,0.4474,0.505,-0.2971,11.334,87.92442,-16.20929,0.33177608,4.6787686,extreme_variable
90426,anomaly,2.2437002462924592e-13,-12.649,8.010039930643468e-14,-13.0964,4.461394480326711e-13,-12.3505,2.6643647763502093e-12,-11.5744,7.93123322284951e-13,-12.1007,-0.4738,0.6956,0.7131,-0.5412,0.908,-0.0421,22.232,131.85759,-61.97927,0.33163175,4.6763034,extreme_variable
98467,anomaly,7.432402049987351e-13,-12.1289,1.8113288619903156e-11,-10.742,1.0273363595190598e-11,-10.9883,2.1918127327433545e-12,-11.6592,4.0816683270091205e-12,-11.3892,0.9212,-0.2762,-0.6483,0.3012,2.964,0.4719,17.102,122.94515,-36.23025,0.33151883,4.6743746,extreme_variable
72194,anomaly,7.866707977299359e-13,-12.1042,1.5021762035122446e-12,-11.8233,5.6779785235147836e-14,-13.2458,3.92899831522821e-13,-12.4057,2.5282856591894853e-13,-12.5972,0.3126,-0.9272,0.7475,-0.2169,0.778,-0.1088,22.719,275.91385,-28.80969,0.33143863,4.673005,extreme_variable
42617,anomaly,3.0145905423354595e-14,-13.5208,6.418633119708147e-14,-13.1926,1.2660487648923254e-13,-12.8975,4.4870088902228077e-13,-12.348,9.810844391220125e-14,-13.0083,0.3609,0.3272,0.5599,-0.6412,2.384,0.3772,20.723,243.50905,40.86967,0.32998946,4.6482534,extreme_variable
54293,anomaly,5.2113836367312256e-14,-13.283,6.626814072202829e-14,-13.1787,4.12305987559789e-13,-12.3848,1.9653218694556356e-14,-13.7066,7.490309096175651e-14,-13.1255,0.1196,0.7231,-0.909,0.5843,1.308,0.1167,13.549,299.77916,20.49953,0.32962838,4.642086,extreme_variable
76048,agn,1.1873800215720325e-16,-15.9254,6.618905160834419e-16,-15.1792,1.2161154328661372e-14,-13.915,1.6468663992630246e-14,-13.7833,6.5765411086930476e-15,-14.182,0.6958,0.8968,0.1505,-0.4292,0.4,-0.3982,2.799,28.34434,50.69333,0.3293688,4.6376524,unclassified
9779,anomaly,8.85792428208764e-15,-14.0527,3.905943340542992e-14,-13.4083,1.726588769547697e-14,-13.7628,1.1158791119466198e-14,-13.9524,1.629985596784454e-14,-13.7878,0.6303,-0.3869,-0.2149,0.1872,0.203,-0.6925,17.431,351.57742,69.67363,0.32905158,4.6322346,extreme_variable
46810,agn,2.6358610919116335e-17,-16.5791,1.5164187166562946e-16,-15.8192,2.383621182780031e-15,-14.6228,2.088570436318673e-15,-14.6802,1.0333753426336635e-15,-14.9857,0.7038,0.8804,-0.066,-0.338,0.289,-0.5397,1.066,134.52534,-48.94804,0.3289411,4.6303473,unclassified
67052,anomaly,9.010184702000229e-17,-16.0453,7.146293289668474e-17,-16.1459,8.674532508627145e-16,-15.0618,1.1303690459246727e-14,-13.9468,6.143049438458189e-14,-13.2116,-0.1154,0.8478,0.8575,0.6892,1.938,0.2873,0.23,114.68674,-23.39495,0.3288592,4.6289487,compton_thick_candidate
98176,agn,4.568905581952316e-19,-18.3402,2.9059984847615582e-18,-17.5367,2.9932173747380014e-15,-14.5239,3.556038544411089e-15,-14.449,2.0384630066057057e-15,-14.6907,0.7261,0.9981,0.0859,-0.2713,0.298,-0.5254,3.607,15.69525,49.94222,0.32842636,4.621556,unclassified
61973,anomaly,1.4345808976324288e-12,-11.8433,4.981204925924671e-12,-11.3027,2.090984660267699e-11,-10.6796,4.0440403922331655e-11,-10.3932,3.484680701393349e-12,-11.4578,0.5528,0.6152,0.3183,-0.8413,1.896,0.2779,13.912,259.38681,-62.79733,0.32810208,4.616017,extreme_variable
81236,anomaly,1.157339971991482e-14,-13.9365,7.348194976646554e-15,-14.1338,2.881316410120633e-13,-12.5404,1.8776568659364283e-12,-11.7264,4.288167499314361e-12,-11.3677,-0.2233,0.9503,0.7339,0.3909,1.864,0.2705,0.698,123.22584,76.02123,0.32794055,4.613258,compton_thick_candidate
60797,anomaly,1.162951339599746e-13,-12.9344,1.4286488113553878e-13,-12.8451,5.332089711356898e-13,-12.2731,4.196500390421143e-14,-13.3771,4.784762677010065e-14,-13.3201,0.1025,0.5774,-0.8541,0.0655,2.471,0.3928,29.655,119.14928,61.53289,0.32752094,4.606091,extreme_variable
83840,anomaly,3.1773851738741783e-14,-13.4979,2.0362204931798032e-14,-13.6912,1.1780003593753117e-14,-13.9289,2.460144760165733e-15,-14.609,8.094446673691952e-15,-14.0918,-0.2189,-0.267,-0.6545,0.5338,0.657,-0.1824,10.793,230.15172,66.80583,0.32705203,4.598082,extreme_variable
60020,anomaly,1.4414413102492102e-12,-11.8412,6.4878840759853635e-12,-11.1879,6.55750995475145e-13,-12.1833,1.9193781911354216e-13,-12.7168,6.827714883785661e-13,-12.1657,0.6364,-0.8164,-0.5472,0.5611,2.22,0.3464,17.994,314.64159,-30.12879,0.3270174,4.597491,extreme_variable
17310,anomaly,1.251465597315374e-12,-11.9026,2.029981666553401e-12,-11.6925,7.0737916968589885e-12,-11.1503,1.189680181100496e-12,-11.9246,7.399643133815312e-12,-11.1308,0.2372,0.554,-0.7121,0.723,2.646,0.4227,16.147,184.75725,-61.66173,0.3267834,4.593494,extreme_variable
40238,anomaly,1.1569561242861921e-14,-13.9367,8.398449123937777e-15,-14.0758,1.305828352840951e-13,-12.8841,1.6222035173485478e-14,-13.7899,8.895962471363885e-15,-14.0508,-0.1588,0.8791,-0.779,-0.2917,0.932,-0.0306,21.681,206.54578,-36.72714,0.3267285,4.592556,extreme_variable
80748,xrb,9.16980668225258e-14,-13.0376,1.3536639946817762e-13,-12.8685,1.4073170635859605e-13,-12.8516,1.0751144568284904e-13,-12.9685,7.15529995380051e-14,-13.1454,0.1923,0.0194,-0.1338,-0.2008,0.582,-0.2353,8.852,134.15324,19.02469,0.3263026,4.585282,unclassified
12936,anomaly,1.5220701902095616e-14,-13.8176,7.405163449312943e-15,-14.1305,1.7276256893268062e-14,-13.7626,6.463273651061584e-15,-14.1895,3.65280696705371e-14,-13.4374,-0.3454,0.3999,-0.4555,0.6993,2.961,0.4714,16.463,198.64733,86.45579,0.32626542,4.584647,extreme_variable
52578,anomaly,1.1341666022219354e-11,-10.9453,2.640194804205231e-12,-11.5784,1.8698006093029117e-12,-11.7282,4.933291884881886e-12,-11.3069,1.355424774245527e-11,-10.8679,-0.6223,-0.1708,0.4503,0.4663,1.818,0.2596,10.649,287.34595,24.31347,0.326073,4.5813603,extreme_variable
30963,anomaly,1.049184726499829e-13,-12.9791,4.632201833539611e-13,-12.3342,1.165015762315212e-13,-12.9337,7.495476519063786e-14,-13.1252,9.368795295195053e-13,-12.0283,0.6307,-0.5981,-0.217,0.8518,1.907,0.2803,22.637,293.24261,76.84527,0.32599244,4.579984,extreme_variable
61199,xrb,3.083805416239463e-13,-12.5109,3.5453079691613836e-13,-12.4503,1.0680991075598029e-12,-11.9714,3.2469372278779146e-13,-12.4885,2.742160256291522e-13,-12.5619,0.0696,0.5016,-0.5338,-0.0843,0.012,-1.0,7.275,125.54736,76.44144,0.32587117,4.5779133,unclassified
12109,anomaly,1.3344772766569777e-11,-10.8747,8.912486652880271e-12,-11.05,3.132092941897548e-12,-11.5042,5.0503218733666605e-12,-11.2967,4.538274939505128e-12,-11.3431,-0.1991,-0.4799,0.2344,-0.0534,1.049,0.0208,22.039,199.75009,37.18896,0.32585675,4.5776668,extreme_variable
39610,anomaly,2.405841587361533e-12,-11.6187,1.428333926449137e-12,-11.8452,1.3133389856202954e-13,-12.8816,2.976550731245524e-13,-12.5263,1.3561740110274252e-13,-12.8677,-0.2549,-0.8316,0.3877,-0.374,2.921,0.4655,27.729,156.14212,39.4536,0.3257296,4.5754952,extreme_variable
60379,anomaly,8.875277298846458e-14,-13.0518,1.7766842196281774e-14,-13.7504,1.966246005830915e-14,-13.7064,3.992626341113067e-15,-14.3987,1.1687636996018795e-14,-13.9323,-0.6664,0.0506,-0.6624,0.4907,1.559,0.1928,16.218,1.56022,60.56236,0.32556802,4.5727353,extreme_variable
40505,xrb,4.7025811240001647e-14,-13.3277,5.79595422673419e-14,-13.2369,1.392588195582725e-13,-12.8562,4.431896422993013e-14,-13.3534,3.1850971370342926e-14,-13.4969,0.1041,0.4122,-0.5172,-0.1637,0.19,-0.7205,8.116,145.93321,28.43025,0.32519162,4.5663066,unclassified
25466,anomaly,9.940025173827362e-15,-14.0026,7.786797720985499e-14,-13.1086,1.0368997203805737e-13,-12.9843,1.0499196357086588e-13,-12.9788,7.939743895641678e-15,-14.1002,0.7736,0.1422,0.0062,-0.8594,1.003,0.0011,26.78,327.55755,-13.5037,0.32488576,4.5610824,extreme_variable
19012,anomaly,1.3873449848169436e-11,-10.8578,1.6922860145957313e-11,-10.7715,1.3118541288660233e-11,-10.8821,1.9637881265650883e-11,-10.7069,1.1202678781691781e-12,-11.9507,0.099,-0.1266,0.199,-0.8921,0.312,-0.5062,11.306,198.08451,-3.66882,0.32481408,4.5598583,extreme_variable
68976,anomaly,1.7179479612585375e-13,-12.765,1.8632491414496004e-13,-12.7297,1.2676048898860523e-13,-12.897,3.049890637871899e-14,-13.5157,3.108146868030089e-13,-12.5075,0.0406,-0.1902,-0.6121,0.8213,1.846,0.2662,14.874,16.65638,-12.70257,0.32475868,4.558912,extreme_variable
6368,agn,1.1960944533977025e-20,-19.9222,6.295904548625722e-20,-19.2009,3.448254434726808e-15,-14.4624,1.3577139748525818e-15,-14.8672,1.9233344261051875e-15,-14.7159,0.6005,1.0,-0.435,0.1724,0.267,-0.5727,2.868,268.59897,-19.0802,0.3244483,4.5536103,unclassified
27786,ulx,3.2574628313881912e-12,-11.4871,2.3815359301457735e-12,-11.6231,2.349913173696774e-12,-11.6289,1.5019213120307566e-12,-11.8234,5.372553957321693e-13,-12.2698,-0.1553,-0.0067,-0.2202,-0.4731,0.086,-1.0,2.154,320.45349,66.93914,0.32442856,4.5532737,unclassified
86351,anomaly,1.4141951247003809e-12,-11.8495,1.1826727891210073e-11,-10.9271,2.941040668727735e-12,-11.5315,6.486855618481011e-13,-12.188,3.322697200270207e-12,-11.4785,0.7864,-0.6017,-0.6386,0.6733,0.666,-0.1767,28.444,248.22588,35.61494,0.32363063,4.539645,extreme_variable
56,anomaly,4.94306865176144e-15,-14.306,3.287312256609031e-15,-14.4832,1.1083181654083724e-13,-12.9553,5.000208367399524e-13,-12.301,2.214102175116556e-12,-11.6548,-0.2012,0.9424,0.6371,0.6315,1.942,0.2883,2.833,43.40408,-76.14842,0.3234481,4.536527,compton_thick_candidate
29212,anomaly,5.357500504124151e-14,-13.271,9.789708459865948e-14,-13.0092,7.545172708104883e-14,-13.1223,1.3597746084139593e-13,-12.8665,4.709675928020588e-14,-13.327,0.2926,-0.1295,0.2863,-0.4855,10.54,1.0228,4.62,89.45569,76.62354,0.32323846,4.5329466,unclassified
30751,anomaly,3.648409493631891e-14,-13.4379,7.297827882477398e-14,-13.1368,9.21034355920835e-15,-14.0357,1.2707886464789464e-13,-12.8959,6.706876637918986e-15,-14.1735,0.3334,-0.7759,0.8648,-0.8997,0.001,-1.0,15.026,2.22359,22.15528,0.3225742,4.521601,extreme_variable
74112,agn,3.6021454181313846e-13,-12.4434,3.691062758277651e-13,-12.4328,1.0813387425559202e-12,-11.966,4.976399525588446e-13,-12.3031,3.9493432531820744e-13,-12.4035,0.0122,0.491,-0.3697,-0.1151,1.93,0.2856,3.785,296.78215,-82.28493,0.32256684,4.5214753,unclassified
39236,anomaly,3.0435550244144984e-13,-12.5166,1.7381579738511071e-13,-12.7599,4.9117072839528785e-14,-13.3088,1.2048815769365758e-13,-12.9191,6.291559999941828e-14,-13.2012,-0.273,-0.5594,0.4208,-0.3139,1.863,0.2701,10.853,349.10647,8.31172,0.32252854,4.5208216,extreme_variable
72099,xrb,5.7509196404281196e-15,-14.2403,6.62964555298729e-15,-14.1785,1.6601484937477735e-14,-13.7799,6.471861968007453e-15,-14.189,8.312953942335422e-15,-14.0802,0.071,0.4292,-0.439,0.1245,0.299,-0.5244,9.747,174.67789,17.29097,0.3222889,4.5167284,unclassified
18651,anomaly,8.528942504960225e-12,-11.0691,1.050213184488931e-12,-11.9787,4.257023336532143e-12,-11.3709,2.1973265670241487e-11,-10.6581,1.925201249107865e-12,-11.7155,-0.7807,0.6042,0.6754,-0.8389,1.963,0.293,16.368,348.29041,61.3601,0.32215735,4.5144815,extreme_variable
92134,anomaly,1.4435481583211023e-12,-11.8406,1.4520185233236606e-12,-11.838,2.5485322911773023e-15,-14.5937,2.309270709805993e-15,-14.6365,2.0516099009754118e-16,-15.6879,0.0029,-0.9965,-0.0493,-0.8368,1.858,0.2692,1.451,254.73882,74.28535,0.3220425,4.51252,unclassified
1482,anomaly,1.0037196057424368e-13,-12.9984,1.4722414672619253e-13,-12.832,2.2731299376560298e-12,-11.6434,9.26455095838376e-13,-12.0332,1.8053311317785597e-12,-11.7434,0.1892,0.8783,-0.4209,0.3217,0.671,-0.1735,14.797,169.26013,31.9519,0.32201648,4.5120754,extreme_variable
46025,anomaly,1.3339730085237777e-12,-11.8749,1.6614630809268177e-11,-10.7795,1.7580594183835443e-11,-10.755,9.018739470434222e-12,-11.0449,1.546031648242081e-11,-10.8108,0.8514,0.0282,-0.3219,0.2631,0.099,-1.0,10.687,181.09973,14.59434,0.3219099,4.5102553,extreme_variable
13384,xrb,8.972641005668284e-13,-12.0471,1.2542140997491877e-12,-11.9016,2.8285823838474017e-12,-11.5484,1.846348437463143e-12,-11.7337,1.0841081644595338e-12,-11.9649,0.1659,0.3856,-0.2101,-0.2601,0.902,-0.0446,7.604,16.05116,88.41864,0.32165316,4.50587,unclassified
30192,anomaly,4.236460597765723e-12,-11.373,7.043021827834027e-12,-11.1522,6.285052526078938e-12,-11.2017,1.1750816971715505e-11,-10.9299,3.664778390768912e-12,-11.436,0.2488,-0.0569,0.303,-0.5245,2.285,0.3588,20.342,229.99632,74.90727,0.3215622,4.5043163,extreme_variable
90807,agn,2.2555551062173903e-16,-15.6467,1.1490149090249029e-15,-14.9397,1.6620594658354845e-13,-12.7794,1.5113416366867722e-13,-12.8206,1.09741259404157e-13,-12.9596,0.6718,0.9863,-0.0475,-0.1587,0.291,-0.5359,0.279,49.60097,-51.45785,0.321339,4.5005045,unclassified
57533,anomaly,9.142231985072125e-14,-13.0389,6.279518815471388e-14,-13.2021,1.518294518686073e-14,-13.8186,9.778727671963597e-13,-12.0097,3.951216040444532e-14,-13.4033,-0.1856,-0.6106,0.9694,-0.9223,2.62,0.4183,18.881,111.00441,1.52165,0.32100543,4.494807,extreme_variable
20254,anomaly,1.2636489308092273e-11,-10.8984,2.933630867575468e-12,-11.5326,2.4307287892930368e-11,-10.6143,2.245164423882028e-12,-11.6488,6.515363042541121e-12,-11.1861,-0.6232,0.7846,-0.8309,0.4874,2.787,0.4451,19.721,120.97246,36.06823,0.32020983,4.481218,extreme_variable
96476,agn,7.914815553280458e-14,-13.1016,6.08664289703219e-14,-13.2156,2.2066882203384772e-13,-12.6563,1.167070840519503e-13,-12.9329,9.398916239238233e-14,-13.0269,-0.1306,0.5676,-0.3081,-0.1078,2.858,0.456,4.465,310.50279,1.13899,0.32002217,4.4780126,unclassified
5090,anomaly,2.2865290232047976e-13,-12.6408,6.073376241325259e-13,-12.2166,7.109055661864835e-13,-12.1482,2.4575272268039932e-12,-11.6095,1.3734152945303513e-11,-10.8622,0.453,0.0786,0.5513,0.6964,1.299,0.1138,15.591,54.41069,-10.86006,0.3197947,4.474128,compton_thick_candidate
93246,anomaly,1.1277637743789443e-14,-13.9478,3.2577860982778484e-14,-13.4871,6.356134344476937e-13,-12.1968,4.088436761860428e-12,-11.3884,2.2897783139143833e-12,-11.6402,0.4857,0.9025,0.7309,-0.282,0.016,-1.0,0.433,204.39623,79.53797,0.31968525,4.472258,unclassified
55512,anomaly,3.7337479717950157e-13,-12.4279,6.033689952802404e-13,-12.2194,7.568689059311518e-16,-15.121,1.3341047957306367e-16,-15.8748,6.342515743145769e-17,-16.1977,0.2355,-0.9975,-0.7003,-0.3555,1.859,0.2692,2.142,1.64549,51.03467,0.31940407,4.467456,unclassified
94343,agn,9.261212326909508e-19,-18.0333,5.94197670207681e-18,-17.2261,3.307252247238804e-14,-13.4805,1.707123272562038e-14,-13.7677,9.604691544483591e-15,-14.0175,0.7293,0.9996,-0.3191,-0.2799,0.314,-0.5034,4.892,84.85209,-32.26001,0.3192841,4.465407,unclassified
60774,agn,1e-20,-20.0,4.8539891515208405e-20,-19.3139,4.032749560315214e-15,-14.3944,3.6461996252900405e-15,-14.4382,2.5316213902830627e-15,-14.5966,0.5623,1.0,-0.0503,-0.1804,0.329,-0.4825,1.016,138.94118,87.92956,0.3192191,4.464297,unclassified
65602,xrb,9.1775866824341e-16,-15.0373,2.7481719298728588e-15,-14.561,4.787348579484671e-15,-14.3199,1.621096347047029e-14,-13.7902,1.1297392197371128e-14,-13.947,0.4993,0.2706,0.544,-0.1786,0.981,-0.0082,4.45,111.51941,-67.01594,0.31908888,4.4620724,unclassified
87180,anomaly,2.70106905897896e-14,-13.5685,1.4626461547764196e-13,-12.8349,1.34992732136274e-13,-12.8697,7.200299165928372e-14,-13.1426,2.0653538790729028e-13,-12.685,0.6882,-0.0401,-0.3043,0.483,1.314,0.1186,11.67,321.21625,77.55465,0.31884545,4.457915,extreme_variable
76241,anomaly,9.063449621675033e-13,-12.0427,3.321408010918742e-13,-12.4787,4.3328379693427005e-13,-12.3632,7.046940182383993e-13,-12.152,7.796529031901149e-13,-12.1081,-0.4636,0.1321,0.2385,0.0505,0.059,-1.0,19.998,218.27059,-14.4989,0.31861845,4.454037,extreme_variable
80219,anomaly,3.609251661415231e-13,-12.4426,4.982142592357797e-12,-11.3026,4.998053292430866e-12,-11.3012,2.72218961964475e-12,-11.5651,5.311982780374523e-12,-11.2747,0.8649,0.0016,-0.2948,0.3223,0.234,-0.6302,17.902,177.02049,44.78938,0.31851277,4.4522324,extreme_variable
48615,anomaly,1.2504612700860237e-14,-13.9029,5.551461148924424e-14,-13.2556,9.177552264677195e-13,-12.0373,5.921452504371866e-12,-11.2276,3.639704587357687e-12,-11.4389,0.6323,0.8859,0.7316,-0.2386,0.32,-0.4942,0.026,238.72263,56.329,0.31844166,4.451018,unclassified
11706,anomaly,1.6435422044009409e-12,-11.7842,3.238410313598725e-13,-12.4897,3.812213946331441e-13,-12.4188,1.7996452598118026e-13,-12.7448,4.750838349178668e-13,-12.3232,-0.6708,0.0814,-0.3586,0.4505,0.148,-0.8292,28.323,342.60869,-53.27906,0.3183394,4.449271,extreme_variable
3699,xrb,8.511676998288739e-16,-15.07,1.6073752563705243e-15,-14.7939,1.1729145647587457e-14,-13.9307,3.232113912616573e-14,-13.4905,9.282849101344395e-15,-14.0323,0.3076,0.759,0.4675,-0.5538,0.875,-0.0582,4.432,25.87876,-28.44406,0.31828618,4.4483624,unclassified
3509,ulx,1.5096260790591048e-13,-12.8211,3.027308624010609e-13,-12.5189,6.123158991224535e-13,-12.213,1.1060978328729268e-13,-12.9562,1.3105963932462527e-13,-12.8825,0.3345,0.3383,-0.694,0.0846,1.579,0.1983,2.241,353.56576,-80.02723,0.3181882,4.4466887,unclassified
43690,xrb,2.242191062618253e-12,-11.6493,6.385662220842247e-12,-11.1948,9.287513857453962e-12,-11.0321,2.6343811882686966e-12,-11.5793,4.1145503697535624e-12,-11.3857,0.4802,0.1851,-0.5581,0.2193,0.528,-0.2771,7.426,189.05717,-53.34758,0.3181486,4.4460125,unclassified
42500,anomaly,4.004735523131059e-14,-13.3974,2.4259384377649554e-14,-13.6151,4.4802389559530566e-15,-14.3487,2.4899651159960467e-15,-14.6038,5.581877372044339e-15,-14.2532,-0.2455,-0.6882,-0.2855,0.383,1.299,0.1137,19.043,177.75988,4.60256,0.3178721,4.44129,extreme_variable
48329,agn,1.8943053578519929e-19,-18.7226,1.3444080425310144e-18,-17.8715,1.3209885083842687e-13,-12.8791,1.1971772769438405e-13,-12.9218,4.331546239809673e-14,-13.3634,0.7481,1.0,-0.0492,-0.4686,0.163,-0.7872,2.569,323.2791,-76.71863,0.31786314,4.441137,unclassified
87837,xrb,8.493766408124687e-15,-14.0709,4.7664373635132643e-14,-13.3218,1.793829165096684e-14,-13.7462,1.9647766378166126e-15,-14.7067,1.6648469372408539e-15,-14.7786,0.6975,-0.4531,-0.8026,-0.0826,0.681,-0.167,3.602,164.39779,-43.48254,0.31782627,4.440507,unclassified
34391,xrb,2.6464449699088546e-15,-14.5773,1.4846818069984016e-15,-14.8284,1.1982080176281733e-14,-13.9215,2.5761943017747972e-14,-13.589,2.168528981658386e-14,-13.6638,-0.2812,0.7795,0.3651,-0.0859,0.637,-0.1961,3.771,108.30882,16.8104,0.3177652,4.439464,unclassified
34491,anomaly,2.6518363264925453e-13,-12.5765,4.938780045146181e-13,-12.3064,3.513166631786869e-14,-13.4543,2.2570628719055115e-13,-12.6465,7.538446763104242e-14,-13.1227,0.3013,-0.8672,0.7306,-0.4993,0.268,-0.5717,27.599,313.11007,-88.2666,0.31757838,4.436273,extreme_variable
17515,anomaly,2.5511489152497886e-14,-13.5933,3.609220563020034e-14,-13.4426,4.00092127211652e-15,-14.3978,2.1871782366121147e-14,-13.6601,5.873865330190373e-15,-14.2311,0.1718,-0.8004,0.6907,-0.5766,0.581,-0.2362,13.07,149.59221,-77.85578,0.317406,4.433329,extreme_variable
68228,agn,3.4856402257343825e-15,-14.4577,9.508445079274927e-15,-14.0219,1.2265446283173378e-12,-11.9113,6.334006675216427e-13,-12.1983,6.264356765240228e-13,-12.2031,0.4635,0.9846,-0.3189,-0.0055,0.476,-0.3225,0.561,190.90348,-84.08979,0.3169418,4.4254003,unclassified
70614,anomaly,8.435878389497888e-14,-13.0739,1.5404197619849037e-13,-12.8124,5.053629157008153e-13,-12.2964,2.443541429610148e-13,-12.612,1.9347732230500451e-13,-12.7134,0.2923,0.5328,-0.3481,-0.1162,4.147,0.6178,4.644,265.11571,-16.55822,0.31680107,4.422997,unclassified
21231,anomaly,2.301480537597626e-13,-12.638,3.7370023901142023e-13,-12.4275,7.720051538248862e-16,-15.1124,3.3541756813820803e-16,-15.4744,2.725717226627927e-17,-16.5645,0.2377,-0.9959,-0.3942,-0.8497,0.554,-0.2565,2.179,256.46801,-53.00782,0.31671754,4.42157,unclassified
66007,agn,2.183908608847446e-13,-12.6608,1.9352982888414974e-13,-12.7133,4.714417190361537e-13,-12.3266,2.977496132939765e-13,-12.5261,2.2756705308237957e-13,-12.6429,-0.0604,0.4179,-0.2258,-0.1336,2.435,0.3866,3.693,236.60942,-69.09444,0.31650525,4.4179444,unclassified
19077,ulx,5.59612009535017e-13,-12.2521,8.396947375149602e-13,-12.0759,6.614865841902448e-13,-12.1795,2.554327498132924e-13,-12.5927,1.7986954868708987e-13,-12.745,0.2002,-0.1187,-0.4428,-0.1736,0.018,-1.0,2.629,331.17019,-84.54683,0.3161662,4.4121532,unclassified
40720,agn,2.6976398524653694e-13,-12.569,2.859697790193598e-13,-12.5437,8.917073626127321e-13,-12.0498,5.02844192939978e-13,-12.2986,2.1243436152592652e-13,-12.6728,0.0292,0.5143,-0.2788,-0.406,1.957,0.2916,4.524,335.29748,-0.73391,0.31564265,4.403211,unclassified
67834,anomaly,1.093678950782311e-12,-11.9611,6.213643569340253e-13,-12.2067,1.929322734821501e-12,-11.7146,5.438408503415614e-12,-11.2645,1.5804768853918853e-12,-11.8012,-0.2754,0.5128,0.4763,-0.5497,2.598,0.4147,11.919,119.53101,-21.49433,0.31524542,4.396426,extreme_variable
57093,anomaly,6.042311625918814e-13,-12.2188,1.446839986738818e-12,-11.8396,2.5721970406924985e-12,-11.5897,4.0922465516472814e-13,-12.388,2.6252609011314593e-12,-11.5808,0.4108,0.28,-0.7255,0.7303,2.046,0.311,15.659,352.04052,17.35181,0.31519398,4.395548,extreme_variable
30201,anomaly,9.251220621532397e-12,-11.0338,1.6735814327775221e-12,-11.7764,2.4446257278381716e-12,-11.6118,5.949450578223844e-12,-11.2255,3.456688391773428e-12,-11.4613,-0.6936,0.1872,0.4175,-0.265,2.769,0.4423,28.527,78.06702,-39.73665,0.31517935,4.395298,extreme_variable
21713,anomaly,5.478318052839145e-13,-12.2614,7.544289084446529e-13,-12.1224,1.474579285568452e-12,-11.8313,4.809340027894353e-13,-12.3179,1.7125641893344848e-12,-11.7664,0.1586,0.3231,-0.5081,0.5615,0.087,-1.0,21.858,208.45862,-4.30016,0.3150593,4.3932476,extreme_variable
18334,xrb,4.120565109936878e-15,-14.385,2.458969267367853e-14,-13.6092,5.015800630019666e-14,-13.2997,9.965581343065102e-14,-13.0015,1.1108301851627733e-13,-12.9544,0.713,0.3421,0.3304,0.0542,0.982,-0.0081,3.816,188.38993,-18.64989,0.31483477,4.3894124,monotonically_rising
91932,anomaly,1.3514187643346313e-12,-11.8692,3.590344522286519e-12,-11.4449,9.87554021438732e-12,-11.0054,6.7109753522489695e-12,-11.1732,9.382202490178276e-13,-12.0277,0.4531,0.4667,-0.1908,-0.7547,2.872,0.4582,15.935,338.27647,62.50556,0.3145411,4.3843966,extreme_variable
93601,xrb,1.4914724264821532e-14,-13.8264,3.3274824583123926e-14,-13.4779,8.229586011474791e-14,-13.0846,2.572598827252508e-13,-12.5896,2.349402204133658e-13,-12.629,0.381,0.4242,0.5153,-0.0453,0.028,-1.0,4.111,82.33225,-66.34006,0.31446567,4.3831086,unclassified
72889,star,1.381532535551285e-13,-12.8596,1.0258697557697615e-13,-12.9889,1.5135308997822433e-13,-12.82,9.917867428152556e-15,-14.0036,8.686973041465818e-15,-14.0611,-0.1477,0.192,-0.877,-0.0662,0.026,-1.0,2.305,120.56768,-51.70529,0.31430182,4.3803096,unclassified
10394,anomaly,2.5376284198426196e-13,-12.5956,7.167360639882874e-14,-13.1446,6.528646925534959e-13,-12.1852,1.253293606610318e-12,-11.9019,1.3740582482942382e-13,-12.862,-0.5595,0.8022,0.315,-0.8024,1.401,0.1464,28.015,46.92915,-18.36603,0.31424332,4.3793106,extreme_variable
30356,anomaly,3.1159511806926107e-14,-13.5064,4.9097450732314723e-14,-13.3089,7.919508892754906e-13,-12.1013,1.2593672898707394e-11,-10.8998,8.570988439178663e-12,-11.067,0.2235,0.8832,0.8817,-0.1901,1.362,0.1342,0.297,291.48296,-4.6044,0.3140475,4.3759656,unclassified
93970,anomaly,4.316533158696541e-15,-14.3649,1.1429609954046212e-14,-13.942,1.8649923709489062e-14,-13.7293,2.5332099571493055e-14,-13.5963,9.687871730059848e-15,-14.0138,0.4517,0.24,0.1519,-0.4467,11.359,1.0553,4.654,264.96688,-74.56331,0.31391323,4.3736725,unclassified
5173,xrb,3.8732507226072487e-13,-12.4119,5.215845052012025e-13,-12.2827,1.3243658511089353e-12,-11.878,8.562914047391955e-13,-12.0674,2.613629757949282e-13,-12.5828,0.1477,0.4349,-0.2146,-0.5323,0.195,-0.7096,10.87,284.76118,-23.43387,0.31388092,4.373121,extreme_variable
96132,anomaly,3.2872337795162485e-13,-12.4832,2.622003601002502e-13,-12.5814,2.749193790972615e-13,-12.5608,2.7156715304480775e-13,-12.5661,4.4251224466522787e-13,-12.3541,-0.1126,0.0237,-0.0061,0.2394,0.108,-0.9683,22.876,359.58919,-47.1301,0.31366867,4.369496,extreme_variable
78459,anomaly,3.7116904192451705e-11,-10.4304,1.0023803340072165e-11,-10.999,4.080775464781943e-11,-10.3893,9.370634052648684e-12,-11.0282,8.288134188994142e-12,-11.0815,-0.5747,0.6056,-0.6265,-0.0613,2.961,0.4715,24.031,261.25504,72.28874,0.3136317,4.3688645,extreme_variable
39203,xrb,4.560055165130253e-15,-14.341,2.3843800688949636e-14,-13.6226,1.0062056087633647e-14,-13.9973,1.9223218708410315e-15,-14.7162,1.0531484370667937e-15,-14.9775,0.6789,-0.4065,-0.6792,-0.2921,0.762,-0.1178,6.319,255.67936,4.89578,0.31322104,4.3618503,unclassified
19063,anomaly,7.773191167967944e-14,-13.1094,1.2067968002564904e-13,-12.9184,5.919584508803468e-16,-15.2277,1.3745753121106798e-17,-16.8618,5.768986345650862e-18,-17.2389,0.2165,-0.9902,-0.9546,-0.4085,0.738,-0.1318,3.258,148.70322,-86.10552,0.3131752,4.3610673,unclassified
67993,anomaly,2.7136718817770012e-14,-13.5664,3.6439597618779944e-13,-12.4384,3.7575243287392403e-14,-13.4251,2.35662336711072e-13,-12.6277,3.253241734377868e-13,-12.4877,0.8614,-0.813,0.725,0.1598,2.327,0.3667,18.041,126.57855,47.61428,0.3131062,4.359889,extreme_variable
47058,anomaly,2.2189097644238205e-14,-13.6539,4.005081347413898e-14,-13.3974,3.3893210928101126e-14,-13.4699,1.1019477761620537e-14,-13.9578,2.126756359782642e-14,-13.6723,0.287,-0.0833,-0.5093,0.3174,0.188,-0.7267,26.854,309.46471,-27.50243,0.31285387,4.355579,extreme_variable
52903,anomaly,1.4260052563246072e-11,-10.8459,7.547126570767272e-12,-11.1222,8.96813042304337e-12,-11.0473,1.8688323834856925e-12,-11.7284,7.128385479712615e-12,-11.147,-0.3078,0.086,-0.6551,0.5846,2.919,0.4652,12.29,203.21501,-40.34881,0.31227463,4.3456855,extreme_variable
39415,anomaly,3.022954898840202e-12,-11.5196,1.4940809306027624e-12,-11.8256,1.9905516764359494e-13,-12.701,1.344704356397635e-13,-12.8714,1.0009703209207535e-13,-12.9996,-0.3385,-0.7649,-0.1936,-0.1465,1.552,0.1908,27.867,146.15134,39.34861,0.31218264,4.3441143,extreme_variable
11741,anomaly,3.84389813344979e-15,-14.4152,3.622946183541813e-15,-14.4409,8.100320240447768e-14,-13.0915,1.9242704502754906e-13,-12.7157,1.353575259681807e-13,-12.8685,-0.0296,0.9144,0.4075,-0.1741,0.703,-0.1533,26.989,171.84793,73.33164,0.31204513,4.341766,extreme_variable
83412,anomaly,8.322726132630865e-12,-11.0797,5.970453287701384e-13,-12.224,1.0455302547403552e-12,-11.9807,1.1002244809960133e-13,-12.9585,1.7280591034085164e-13,-12.7624,-0.8661,0.273,-0.8096,0.222,0.809,-0.092,20.025,51.36301,47.9525,0.3120075,4.3411226,extreme_variable
98393,xrb,4.9634251849816746e-14,-13.3042,7.609040277242634e-14,-13.1187,9.920721770445607e-14,-13.0035,9.498131941283453e-14,-13.0224,1.8166650779008023e-14,-13.7407,0.2104,0.1319,-0.0218,-0.6789,0.072,-1.0,10.762,279.45276,-79.64726,0.31200668,4.3411093,extreme_variable
401,anomaly,1.3816611705952739e-13,-12.8596,1.8526251325399545e-14,-13.7322,8.111256781684528e-15,-14.0909,1.1833222598739494e-13,-12.9269,2.3537317726714355e-14,-13.6282,-0.7635,-0.391,0.8717,-0.6682,1.369,0.1364,13.415,337.57366,74.20582,0.31120116,4.3273506,extreme_variable
97545,anomaly,1.0637531262591993e-13,-12.9732,1.700968765627005e-13,-12.7693,4.28584780356756e-12,-11.368,2.622931099355096e-13,-12.5812,1.6642554252268135e-13,-12.7788,0.2305,0.9237,-0.8847,-0.2236,2.209,0.3442,13.994,46.70728,-44.99071,0.31118524,4.327079,extreme_variable
84218,anomaly,5.449747698742798e-12,-11.2636,1.7057869197506688e-12,-11.7681,4.849396947040026e-13,-12.3143,3.2281347285109665e-13,-12.491,3.926240084264438e-12,-11.406,-0.5232,-0.5573,-0.2007,0.8481,1.713,0.2338,22.568,162.35595,27.1501,0.31110233,4.325663,super_soft_source
80123,agn,1.438002970954982e-15,-14.8422,1.1614578687228362e-14,-13.935,5.650322335383561e-13,-12.2479,4.829766517198086e-13,-12.3161,2.034099973253239e-13,-12.6916,0.7797,0.9597,-0.0783,-0.4073,0.103,-0.9877,3.947,268.16518,1.36927,0.31078252,4.3202004,unclassified
45442,anomaly,1.4278805569791314e-14,-13.8453,2.4023882751367788e-14,-13.6194,2.6331817096550883e-14,-13.5795,8.899779161865377e-15,-14.0506,1.3825860577187518e-14,-13.8593,0.2544,0.0458,-0.4948,0.2168,14.818,1.1708,4.252,1.9267,25.53404,0.31046957,4.314855,unclassified
61515,xrb,1.0016231698485637e-13,-12.9993,2.5983772323508216e-13,-12.5853,4.528141398954912e-13,-12.3441,1.341386749328663e-12,-11.8724,1.2197694658090058e-12,-11.9137,0.4435,0.2708,0.4952,-0.0475,0.227,-0.6447,3.678,338.57368,-54.38569,0.3103993,4.313655,unclassified
1865,xrb,4.581359872368596e-13,-12.339,1.0845876875257048e-12,-11.9647,1.5988820559620684e-12,-11.7962,4.427543325550669e-13,-12.3538,6.739532805776755e-13,-12.1714,0.4061,0.1917,-0.5663,0.207,0.12,-0.9203,9.491,185.26096,-40.09851,0.31029648,4.3118987,unclassified
77185,agn,6.435515386420618e-16,-15.1914,2.4328047172511613e-15,-14.6139,1.0655118314100858e-13,-12.9724,1.0063721378173555e-13,-12.9972,5.930775813049529e-14,-13.2269,0.5816,0.9554,-0.0285,-0.2584,0.292,-0.5341,2.998,27.75808,-33.92743,0.3102049,4.3103347,unclassified
38996,anomaly,2.139468225705657e-13,-12.6697,2.023674151241351e-13,-12.6939,1.7534546302110964e-13,-12.7561,2.4083602184663093e-13,-12.6183,3.947193980799158e-13,-12.4037,-0.0278,-0.0715,0.1574,0.2421,0.187,-0.7288,12.453,242.33122,13.02842,0.3099619,4.3061843,extreme_variable
89637,anomaly,2.0575442657899998e-13,-12.6867,7.726045115437556e-14,-13.112,3.288536292397842e-13,-12.483,1.6313343026266916e-13,-12.7875,1.2349976363801913e-12,-11.9083,-0.454,0.6195,-0.3368,0.7666,2.748,0.4391,14.775,351.35863,-33.37424,0.30985466,4.3043528,extreme_variable
17885,anomaly,7.424049648713268e-13,-12.1294,2.862224879903778e-13,-12.5433,8.505449626677247e-14,-13.0703,7.458379959171562e-14,-13.1274,3.857816821102639e-13,-12.4137,-0.4435,-0.5418,-0.0656,0.676,0.698,-0.1561,16.606,105.41835,3.88774,0.30968156,4.3013964,extreme_variable
32938,anomaly,1.4595922458248178e-14,-13.8358,1.0698656334820313e-14,-13.9707,3.939463485981261e-14,-13.4046,1.2485663750134727e-14,-13.9036,1.9150541996923767e-14,-13.7178,-0.1541,0.5729,-0.5187,0.2107,12.263,1.0886,2.39,339.83688,-28.55083,0.3091568,4.2924333,unclassified
96738,anomaly,1.2669791881011546e-13,-12.8972,2.1968204027201566e-13,-12.6582,5.158834918282399e-16,-15.2874,1.35950834761523e-16,-15.8666,1.2706086251864822e-17,-16.896,0.2684,-0.9953,-0.5829,-0.829,0.708,-0.1497,3.379,265.97105,-86.46672,0.3091502,4.2923203,unclassified
79404,anomaly,2.3598155472185456e-13,-12.6271,2.700433446040738e-13,-12.5686,1.56115921198434e-13,-12.8066,4.862999520340707e-13,-12.3131,7.71319741667972e-14,-13.1128,0.0673,-0.2673,0.514,-0.7262,1.043,0.0181,20.618,294.47133,-22.76668,0.30868176,4.28432,extreme_variable
35102,anomaly,6.6262667334553755e-12,-11.1787,1.4563512644204447e-12,-11.8367,1.2085323517136188e-12,-11.9177,4.674568049947221e-12,-11.3303,1.3307510563806612e-12,-11.8759,-0.6396,-0.093,0.5892,-0.5568,2.598,0.4147,29.612,97.03031,-67.97867,0.3086356,4.283531,extreme_variable
4125,anomaly,2.557709463419629e-12,-11.5921,3.4005837819260392e-12,-11.4684,2.053173923512571e-12,-11.6876,1.143015255424346e-12,-11.9419,2.9001873343716628e-12,-11.5376,0.1415,-0.2471,-0.2848,0.4346,0.062,-1.0,25.258,223.62271,-16.65547,0.30838275,4.2792125,extreme_variable
13129,anomaly,2.5733455797005298e-12,-11.5895,1.4355932341966579e-11,-10.843,6.309741424990909e-12,-11.2,1.3758452468685578e-11,-10.8614,1.5040205169953748e-12,-11.8227,0.696,-0.3894,0.3712,-0.8029,2.257,0.3536,25.653,302.59254,46.12479,0.30835232,4.278693,extreme_variable
10304,anomaly,1.6698597083042376e-13,-12.7773,1.345468200761186e-13,-12.8711,4.225394771865357e-12,-11.3741,3.9581445052748915e-13,-12.4025,1.5574203268253587e-13,-12.8076,-0.1076,0.9383,-0.8287,-0.4353,1.027,0.0114,14.217,73.66458,77.78129,0.30823094,4.27662,extreme_variable
13770,xrb,2.2363673894759875e-15,-14.6505,7.27411439426803e-15,-14.1382,1.8206487374037237e-14,-13.7398,3.711203172543056e-14,-13.4305,3.31379714457671e-14,-13.4797,0.5297,0.429,0.3418,-0.0566,0.671,-0.1736,3.169,315.96703,50.13974,0.3077721,4.2687826,unclassified
94073,anomaly,1.663153706294405e-14,-13.7791,2.1049285800730765e-14,-13.6768,3.7910284478004616e-14,-13.4212,4.0926210795910074e-14,-13.388,2.6067869705132753e-14,-13.5839,0.1172,0.286,0.0383,-0.2218,5.828,0.7656,5.479,355.4216,77.02572,0.30755258,4.2650332,unclassified
24103,xrb,1.908481240468692e-14,-13.7193,2.772167328832865e-14,-13.5572,5.135563410551718e-14,-13.2894,1.8531964698056888e-14,-13.7321,2.2806224647504157e-14,-13.6419,0.1845,0.2989,-0.4697,0.1034,0.299,-0.5243,9.066,80.35971,5.79391,0.30744702,4.2632303,unclassified
28240,agn,2.665948604737774e-15,-14.5741,9.749068818065573e-15,-14.011,1.818901060708082e-13,-12.7402,9.402045925470169e-14,-13.0268,1.1520390421953192e-13,-12.9385,0.5705,0.8983,-0.3185,0.1012,0.397,-0.4009,1.959,54.72601,-50.1298,0.30705598,4.2565513,unclassified
63811,anomaly,3.547618000458551e-14,-13.4501,1.3824569295827068e-13,-12.8593,7.466768071615831e-13,-12.1269,8.986071618073202e-12,-11.0464,5.0051451389538264e-12,-11.3006,0.5916,0.6876,0.8466,-0.2845,0.171,-0.7673,0.688,284.05687,-47.43477,0.30690312,4.2539406,unclassified
39688,anomaly,3.6831352243232395e-12,-11.4338,2.5361632312793436e-11,-10.5958,4.707437859741198e-12,-11.3272,4.354726417862487e-12,-11.361,6.726528185191857e-12,-11.1722,0.7464,-0.6869,-0.0389,0.214,2.581,0.4118,13.345,186.51619,-75.25537,0.3068786,4.2535214,extreme_variable
5406,anomaly,1.3811611420419472e-13,-12.8598,4.4076158748887284e-13,-12.3558,2.164778631144114e-12,-11.6646,1.7088713865089108e-12,-11.7673,5.463946624968123e-13,-12.2625,0.5228,0.6617,-0.1177,-0.5154,2.477,0.394,14.977,104.21457,-82.72686,0.30687228,4.2534137,extreme_variable
6446,anomaly,4.8497523869243243e-14,-13.3143,2.1606472018701254e-14,-13.6654,5.5246912437396346e-15,-14.2577,8.349019566119404e-14,-13.0784,4.655889619396291e-15,-14.332,-0.3836,-0.5927,0.8759,-0.8944,1.695,0.2292,13.141,84.11483,88.4617,0.3068441,4.252932,extreme_variable
7896,anomaly,3.6808958058892393e-14,-13.434,6.515780124695041e-15,-14.186,9.873075359164248e-15,-14.0055,7.973188377196652e-14,-13.0984,2.246770820725447e-15,-14.6484,-0.6992,0.2049,0.7796,-0.9452,0.179,-0.7464,29.56,77.89023,-89.43687,0.30680475,4.25226,extreme_variable
55667,anomaly,2.071047654401071e-12,-11.6838,5.045579007760061e-13,-12.2971,5.411247630705767e-13,-12.2667,5.615580754716394e-13,-12.2506,3.2406478555243373e-12,-11.4894,-0.6082,0.035,0.0185,0.7046,0.976,-0.0108,10.829,5.94155,56.29517,0.30675736,4.251451,extreme_variable
37076,anomaly,4.288876588335579e-14,-13.3677,3.88005718052149e-14,-13.4112,1.6882149700236075e-14,-13.7726,4.7659174954910704e-14,-13.3219,9.769570256086374e-14,-13.0101,-0.05,-0.3936,0.4769,0.3442,1.278,0.1066,19.201,48.13323,27.89482,0.3066147,4.2490144,extreme_variable
1130,xrb,2.4134259080721035e-14,-13.6174,1.009482947701336e-13,-12.9959,1.3773866057590725e-13,-12.8609,4.060286423707126e-13,-12.3914,4.0121704038410736e-13,-12.3966,0.6141,0.1541,0.4934,-0.006,0.981,-0.0082,5.536,138.63624,-69.7013,0.30632716,4.2441034,unclassified
39319,anomaly,7.349137353106855e-12,-11.1338,3.190615452886822e-13,-12.4961,2.3236984109274567e-12,-11.6338,3.76087483660317e-12,-11.4247,2.860701293056099e-12,-11.5435,-0.9168,0.7585,0.2362,-0.1359,0.141,-0.8494,22.242,290.94722,-78.41064,0.30627924,4.2432847,extreme_variable
21794,anomaly,6.424625315047273e-13,-12.1922,5.98693703203984e-14,-13.2228,1.471900029184326e-14,-13.8321,1.7010871727038306e-13,-12.7693,3.242289021726357e-14,-13.4891,-0.8295,-0.6053,0.8407,-0.6798,0.196,-0.7072,15.126,192.8352,60.80562,0.3061184,4.2405376,super_soft_source
33854,anomaly,7.935347610152999e-12,-11.1004,2.0043139014097712e-12,-11.698,1.9562727928271216e-12,-11.7086,3.6350165041631572e-12,-11.4395,1.7606228842770946e-12,-11.7543,-0.5967,-0.0121,0.3002,-0.3474,1.799,0.255,19.714,228.11082,-62.13338,0.30601838,4.238829,extreme_variable
24866,anomaly,2.0342109130402025e-14,-13.6916,1.908774581523653e-14,-13.7192,2.1837153002890358e-14,-13.6608,4.1913599497681754e-15,-14.3776,2.245102774871095e-14,-13.6488,-0.0318,0.0672,-0.6779,0.6854,2.765,0.4417,20.445,123.04435,4.56851,0.30594608,4.2375946,extreme_variable
90463,anomaly,7.240883080475133e-12,-11.1402,9.925521712255796e-13,-12.0032,1.2771559335891243e-11,-10.8938,3.6059059373368814e-12,-11.443,1.0365034693741704e-12,-11.9844,-0.7589,0.8558,-0.5597,-0.5535,1.934,0.2865,14.486,71.69097,56.75071,0.30575407,4.234315,extreme_variable
16639,anomaly,4.363239867554623e-14,-13.3602,5.750790489130015e-14,-13.2403,8.912008749669955e-14,-13.05,1.62181807674169e-14,-13.79,1.15310092206341e-13,-12.9381,0.1372,0.2156,-0.6921,0.7534,2.384,0.3772,15.259,341.19786,33.54281,0.3056851,4.2331367,extreme_variable
48600,anomaly,2.6496491941499993e-15,-14.5768,3.4060352167159512e-15,-14.4678,3.7938843104352055e-14,-13.4209,6.72158310851809e-13,-12.1725,4.681945471946691e-13,-12.3296,0.1249,0.8352,0.8931,-0.1789,0.419,-0.3775,0.22,89.92648,66.83528,0.30558705,4.231462,unclassified
86179,anomaly,3.951173950919202e-12,-11.4033,4.1236887243362775e-12,-11.3847,5.993107297879729e-13,-12.2223,4.128110215675672e-13,-12.3842,1.3676453016113303e-12,-11.864,0.0214,-0.7462,-0.1843,0.5363,2.234,0.3491,17.52,33.02213,-82.50049,0.30526793,4.2260118,extreme_variable
86997,anomaly,1.8348393606285224e-13,-12.7364,1.0547182540834546e-13,-12.9769,3.7311233409869994e-14,-13.4282,5.443089714899601e-14,-13.2642,9.678669498442115e-14,-13.0142,-0.27,-0.4774,0.1866,0.2801,0.275,-0.5613,16.778,355.60742,74.15607,0.30477554,4.217602,extreme_variable
91027,anomaly,4.969126024759939e-13,-12.3037,6.997214042720102e-13,-12.1551,5.904837115937516e-13,-12.2288,2.6673286521654774e-12,-11.5739,1.77027698967003e-12,-11.752,0.1695,-0.0847,0.6375,-0.2021,2.172,0.3368,13.32,33.44989,16.16523,0.30471984,4.21665,extreme_variable
72179,anomaly,1.78020644763499e-13,-12.7495,9.121094609612556e-14,-13.04,6.075350330585242e-13,-12.2164,5.057554683577731e-13,-12.2961,1.0883033192243713e-13,-12.9633,-0.3224,0.7389,-0.0914,-0.6458,0.972,-0.0124,23.831,22.73184,-76.46861,0.3046649,4.215712,extreme_variable
1994,xrb,1.533575234953115e-14,-13.8143,1.5982866503955503e-14,-13.7963,8.19648433623873e-15,-14.0864,6.023552573662193e-15,-14.2201,1.538227587238663e-15,-14.813,0.0207,-0.322,-0.1528,-0.5932,0.856,-0.0676,5.268,55.01751,12.30329,0.30447897,4.2125363,unclassified
62137,anomaly,4.1054937241215384e-15,-14.3866,2.7185445053788885e-15,-14.5657,7.88394366220074e-14,-13.1033,5.364317596813268e-13,-12.2705,1.8557363756716612e-12,-11.7315,-0.2032,0.9333,0.7437,0.5515,1.138,0.056,0.241,13.35868,85.53176,0.30430752,4.209608,compton_thick_candidate
45949,anomaly,3.1655746962205327e-12,-11.4995,1.1509012926039342e-12,-11.939,2.5430396710409375e-13,-12.5946,2.584987441605112e-13,-12.5875,4.871649530393243e-13,-12.3123,-0.4667,-0.6381,0.0082,0.3067,0.421,-0.3757,29.364,187.72742,-39.67388,0.30414605,4.20685,extreme_variable
66286,anomaly,6.544260630329803e-13,-12.1841,4.184531033723053e-14,-13.3784,1.0391252356830517e-13,-12.9833,1.2183086618554416e-12,-11.9142,1.5322815425396446e-12,-11.8147,-0.8798,0.4258,0.8428,0.1141,0.314,-0.5024,20.385,198.92926,-4.17133,0.30402565,4.2047935,extreme_variable
43357,xrb,1.2438865148379672e-15,-14.9052,7.75498319645892e-15,-14.1104,2.5715771773659184e-14,-13.5898,2.0684627162055475e-14,-13.6844,2.9797160443401104e-14,-13.5258,0.7235,0.5366,-0.1084,0.1805,0.038,-1.0,10.856,202.72631,84.95295,0.30401498,4.2046113,extreme_variable
53181,ulx,2.7931024707592414e-12,-11.5539,2.056579875144205e-12,-11.6869,1.7906247453640832e-12,-11.747,9.160404774745949e-13,-12.0381,3.1454391919248163e-13,-12.5023,-0.1519,-0.0691,-0.3231,-0.4888,0.038,-1.0,2.374,261.40343,-77.24343,0.30375186,4.200117,unclassified
3015,anomaly,1.6432087531745727e-14,-13.7843,4.363103445887223e-15,-14.3602,1.1952810329744838e-14,-13.9225,1.8283247076330773e-15,-14.7379,3.122515397353961e-15,-14.5055,-0.5804,0.4652,-0.7347,0.2614,242.01,2.3838,0.858,188.68148,1.05426,0.30341536,4.19437,extended_diffuse
22059,anomaly,1.0995227661416712e-14,-13.9588,6.5930395273263394e-15,-14.1809,2.332227323394721e-13,-12.6322,7.455013632513834e-13,-12.1276,3.1715496996864218e-12,-11.4987,-0.2503,0.945,0.5234,0.6194,1.073,0.0306,1.147,16.39335,42.74038,0.3033608,4.193438,compton_thick_candidate
14533,ulx,4.2609580394819475e-12,-11.3705,3.5994583570145243e-12,-11.4438,2.5749926434506986e-12,-11.5892,2.4720583887186937e-12,-11.6069,3.117102657840533e-13,-12.5062,-0.0842,-0.1659,-0.0204,-0.7761,0.068,-1.0,6.047,156.48768,-46.6608,0.3033308,4.192926,unclassified
62553,star,1.7142612370721636e-15,-14.7659,8.444044479554248e-15,-14.0734,1.5828746968715784e-15,-14.8006,2.8411607099022326e-16,-15.5465,2.603419145458795e-16,-15.5845,0.6625,-0.6843,-0.6956,-0.0437,0.398,-0.4005,0.762,147.10086,-9.72618,0.30331606,4.1926737,unclassified
41533,xrb,4.905498048061587e-13,-12.3093,1.0722286834700855e-12,-11.9697,1.8747421286672796e-12,-11.7271,6.141278527711742e-13,-12.2117,6.872378534538918e-13,-12.1629,0.3722,0.2723,-0.5065,0.0562,0.095,-1.0,11.146,335.91918,76.27563,0.30328548,4.1921515,extreme_variable
17958,xrb,4.747362657935879e-14,-13.3235,6.469688389110942e-14,-13.1891,8.017416032579546e-14,-13.096,1.3203851346490117e-13,-12.8793,2.3926859110324715e-14,-13.6211,0.1535,0.1068,0.2444,-0.6932,0.008,-1.0,9.928,73.55893,-14.561,0.30325115,4.191565,unclassified
36980,anomaly,1.0743324896193493e-13,-12.9689,4.719535341646809e-14,-13.3261,6.120132027764754e-14,-13.2132,1.0941765921491371e-14,-13.9609,5.752272567908351e-14,-13.2402,-0.3896,0.1292,-0.6967,0.6804,0.404,-0.3936,15.443,64.09001,71.91136,0.30294156,4.1862774,extreme_variable
46500,anomaly,2.0294798731181783e-14,-13.6926,6.9407415905173095e-15,-14.1586,1.4599198439859757e-13,-12.8357,4.80526458983474e-14,-13.3183,5.41884501691143e-14,-13.2661,-0.4903,0.9092,-0.5047,0.06,2.142,0.3309,27.351,276.1104,-51.82183,0.3026925,4.1820235,extreme_variable
10171,anomaly,4.842647654475873e-12,-11.3149,7.414455359550588e-13,-12.1299,1.6082676629188156e-12,-11.7936,1.95746574866489e-12,-11.7083,9.780441984236587e-13,-12.0096,-0.7344,0.3689,0.0979,-0.3336,0.375,-0.4257,24.159,186.50053,-33.73969,0.3022626,4.1746807,extreme_variable
56067,agn,4.347741265501517e-15,-14.3617,3.33208906991186e-14,-13.4773,4.4621412436171493e-13,-12.3505,3.7115471781530685e-13,-12.4304,2.472543916710454e-13,-12.6069,0.7692,0.861,-0.0918,-0.2004,0.331,-0.4798,1.918,166.62985,-31.74343,0.30171338,4.1653004,unclassified
37210,anomaly,9.386345141431888e-14,-13.0275,1.7659443701678725e-13,-12.753,4.513065994836891e-13,-12.3455,1.6452691970096576e-11,-10.7838,1.0056724566814662e-11,-10.9975,0.3059,0.4375,0.9466,-0.2413,1.49,0.1732,2.674,144.89251,-8.21165,0.30079895,4.149682,super_luminous
30413,ulx,2.8496365165739794e-13,-12.5452,4.835311423107348e-13,-12.3156,3.2762203075985917e-13,-12.4846,9.122907033084678e-14,-13.0399,1.1987739674010855e-13,-12.9213,0.2584,-0.1922,-0.5644,0.1357,0.083,-1.0,2.785,260.17969,-85.25568,0.30068555,4.147745,unclassified
85086,anomaly,6.43572025879412e-14,-13.1914,8.013224937249661e-14,-13.0962,2.0397771687675734e-16,-15.6904,9.42353139942825e-17,-16.0258,6.147450436543224e-18,-17.2113,0.1092,-0.9949,-0.368,-0.8774,0.479,-0.3198,1.022,235.38446,-72.26371,0.30061042,4.146462,unclassified
36304,anomaly,1.835156753303504e-14,-13.7363,3.266661549405396e-15,-14.4859,5.4452364462430176e-15,-14.264,3.977875383476508e-15,-14.4003,8.331691809215928e-15,-14.0793,-0.6978,0.2501,-0.1557,0.3537,1.366,0.1356,18.989,31.90968,29.17818,0.30032203,4.141536,extreme_variable
72747,agn,1.6953886303217373e-18,-17.7707,7.486356791548017e-18,-17.1257,8.79633300963339e-13,-12.0557,1.2229967370950178e-12,-11.9126,4.1179392473733244e-13,-12.3853,0.63,1.0,0.1633,-0.4962,0.293,-0.5327,0.591,194.07717,-74.17458,0.30020696,4.1395707,unclassified
55488,xrb,6.005878843139519e-14,-13.2214,1.1436401747774924e-13,-12.9417,3.093316513970996e-13,-12.5096,1.3837712054824975e-13,-12.8589,1.2604274367799076e-13,-12.8995,0.3113,0.4602,-0.3818,-0.0466,0.981,-0.0085,10.256,299.44141,6.83748,0.30002832,4.1365194,extreme_variable
74959,anomaly,6.09226070520395e-14,-13.2152,6.72662029700494e-14,-13.1722,2.8865223416716205e-13,-12.5396,4.830035040470494e-14,-13.316,3.939710509565594e-14,-13.4045,0.0495,0.622,-0.7133,-0.1015,1.636,0.2137,29.278,274.33244,22.7443,0.2999074,4.1344543,extreme_variable
55346,agn,3.7653410571274423e-13,-12.4242,3.175499588477442e-13,-12.4982,1.0713970054659363e-12,-11.97,6.402948808448155e-13,-12.1936,4.3874081813240044e-13,-12.3578,-0.085,0.5427,-0.2519,-0.1868,1.789,0.2527,4.676,256.50729,-11.87628,0.29976588,4.132037,unclassified
62707,anomaly,1.6213054601034181e-12,-11.7901,1.257774733077821e-13,-12.9004,1.3037621321961147e-13,-12.8848,2.9891452434323876e-13,-12.5245,3.203534285863914e-14,-13.4944,-0.856,0.018,0.3926,-0.8064,0.276,-0.5589,15.775,54.46615,-32.07109,0.29974508,4.131682,extreme_variable
91644,anomaly,4.109482459057997e-16,-15.3862,2.61528570035001e-16,-15.5825,8.923215711889154e-15,-14.0495,7.833194615604091e-14,-13.1061,7.872689599959252e-14,-13.1039,-0.2222,0.9431,0.7955,0.0025,0.894,-0.0486,2.276,342.12365,-86.52879,0.29947358,4.1270447,unclassified
55040,ulx,1.6736367900274608e-13,-12.7763,5.005114441161139e-13,-12.3006,4.512677774299954e-13,-12.3456,7.054070550495194e-14,-13.1516,1.0075745236705056e-13,-12.9967,0.4988,-0.0517,-0.7296,0.1764,1.102,0.0421,7.998,76.39623,-13.71823,0.29942113,4.1261487,unclassified
89911,agn,8.233251767379419e-16,-15.0844,4.196163131617797e-15,-14.3771,5.443193507587403e-14,-13.2641,8.136400376231868e-14,-13.0896,2.8682902367165973e-14,-13.5424,0.6719,0.8569,0.1983,-0.4787,0.452,-0.345,0.286,37.15074,76.75055,0.2992187,4.1226916,unclassified
85179,anomaly,2.8626762163515144e-12,-11.5432,8.094823948272787e-13,-12.0918,4.5226714812237733e-13,-12.3446,2.0414719249535673e-12,-11.6901,4.572600932371612e-13,-12.3398,-0.5591,-0.2831,0.6373,-0.634,1.936,0.2869,12.523,269.59785,-65.43241,0.29906178,4.120011,extreme_variable
81181,anomaly,1.008074669630251e-11,-10.9965,4.556303766968215e-12,-11.3414,1.646317931237412e-12,-11.7835,2.0414363088410737e-12,-11.6901,3.166759466545709e-12,-11.4994,-0.3774,-0.4692,0.1071,0.2161,2.831,0.4519,11.228,160.1727,-14.74505,0.29905248,4.119852,extreme_variable
35335,anomaly,1.4667152492829372e-13,-12.8337,1.9577046158876986e-14,-13.7083,1.1272081122625641e-12,-11.948,2.3058796401321305e-13,-12.6372,6.59151620423788e-13,-12.181,-0.7645,0.9659,-0.6603,0.4817,1.865,0.2707,19.979,157.03147,-82.9351,0.29886875,4.116714,extreme_variable
17934,xrb,1.8441740725562827e-14,-13.7342,3.028296746063878e-14,-13.5188,6.174017989822512e-14,-13.2094,4.021789829319876e-14,-13.3956,2.2337856916879166e-14,-13.651,0.243,0.3418,-0.2111,-0.2858,0.833,-0.0793,11.246,359.0812,-7.57033,0.2988438,4.116288,extreme_variable
36088,anomaly,1.2023176620127934e-14,-13.92,2.6750853019193813e-14,-13.5727,7.777520675928818e-15,-14.1092,4.631650819133502e-15,-14.3343,9.601558438504422e-15,-14.0177,0.3798,-0.5495,-0.2535,0.3492,1.351,0.1307,12.565,231.56283,-76.22156,0.2987682,4.114997,extreme_variable
21910,anomaly,2.4013610004705038e-14,-13.6195,1.0339468757369562e-14,-13.9855,9.387998899915974e-15,-14.0274,6.358472254555113e-15,-14.1966,3.398857489169548e-14,-13.4687,-0.398,-0.0482,-0.1924,0.6848,2.217,0.3457,17.546,136.49275,-59.99515,0.2987129,4.1140523,extreme_variable
93657,anomaly,4.397320882126564e-13,-12.3568,9.19876393591477e-13,-12.0363,2.565791610044159e-12,-11.5908,2.7891017104516315e-12,-11.5545,7.203264816548322e-13,-12.1425,0.3531,0.4722,0.0417,-0.5895,2.559,0.408,13.978,85.60192,-48.28014,0.29866052,4.1131577,extreme_variable
27678,anomaly,1.6000911994653335e-14,-13.7959,1.7138298700820087e-13,-12.766,6.143359626522912e-14,-13.2116,3.14404800769486e-14,-13.5025,6.371740705990088e-14,-13.1957,0.8292,-0.4723,-0.3229,0.3392,0.614,-0.2117,28.547,167.03238,-34.97426,0.2984951,4.1103325,extreme_variable
98351,xrb,1.3336539108515325e-13,-12.875,1.6611526042368066e-13,-12.7796,2.6278481341184553e-13,-12.5804,3.255754055423423e-13,-12.4873,5.888203110373716e-14,-13.23,0.1094,0.2254,0.1067,-0.6937,0.918,-0.0371,11.322,357.29724,54.80858,0.29847097,4.10992,extreme_variable
19701,anomaly,1.866545019563937e-13,-12.729,7.701712687989784e-15,-14.1134,2.3203469584207565e-14,-13.6344,4.338269560462053e-14,-13.3627,7.465740647234415e-15,-14.1269,-0.9207,0.5016,0.3031,-0.7064,0.711,-0.1479,27.653,251.50601,-69.0909,0.29804912,4.102715,extreme_variable
8271,anomaly,1.222982162667501e-13,-12.9126,2.0786057405967088e-14,-13.6822,1.3984909459956176e-14,-13.8543,2.85501920706098e-14,-13.5444,1.2369206381527418e-13,-12.9077,-0.7095,-0.1956,0.3424,0.6249,1.041,0.0174,29.017,270.17092,59.36808,0.2979693,4.1013517,extreme_variable
65682,anomaly,1.0989550504772042e-13,-12.959,4.4295527123230945e-13,-12.3536,4.645477251873349e-13,-12.333,5.816116145939221e-13,-12.2354,2.272816480382444e-12,-11.6434,0.6024,0.0238,0.1119,0.5925,0.268,-0.5717,13.672,82.42399,45.05985,0.29746833,4.0927954,ultra_hard_spectrum
50982,ulx,1.4900872144524455e-11,-10.8268,9.104860382023235e-12,-11.0407,1.2527738902578887e-11,-10.9021,3.2623551978624957e-12,-11.4865,1.0266287448601403e-12,-11.9886,-0.2414,0.1582,-0.5868,-0.5213,0.093,-1.0,4.193,238.60406,-33.98659,0.29743493,4.0922246,super_luminous
28705,xrb,7.704131161175136e-13,-12.1133,1.423995337613442e-12,-11.8465,1.6102273197879925e-12,-11.7931,6.810590014454973e-13,-12.1668,8.590814869914511e-13,-12.066,0.2978,0.0614,-0.4055,0.1156,0.752,-0.1236,5.333,12.49589,-26.84783,0.29726058,4.0892467,unclassified
58903,anomaly,1.931567505130031e-12,-11.7141,3.4086531676245328e-12,-11.4674,1.756812393944968e-11,-10.7553,2.3620813011904833e-12,-11.6267,2.374944680203891e-12,-11.6243,0.2766,0.675,-0.763,0.0027,0.269,-0.5699,23.918,45.6685,13.02601,0.29716465,4.0876083,extreme_variable
32968,anomaly,1.811870849893793e-14,-13.7419,2.8063880082157616e-13,-12.5519,2.3087596981024853e-14,-13.6366,2.20247885951757e-14,-13.6571,6.411196889467414e-14,-13.1931,0.8787,-0.848,-0.0236,0.4886,2.557,0.4078,28.775,91.02346,-24.41406,0.29714617,4.0872927,extreme_variable
43646,anomaly,3.624667411300666e-14,-13.4407,1.1162431646068323e-14,-13.9522,3.007789623887726e-14,-13.5218,2.7303098142350558e-14,-13.5638,4.082456393079612e-15,-14.3891,-0.5291,0.4587,-0.0484,-0.7399,2.26,0.3541,28.178,3.19174,-44.58965,0.29687157,4.0826025,extreme_variable
47329,anomaly,8.659927382523553e-12,-11.0625,2.8319484506493903e-12,-11.5479,1.363434694330273e-11,-10.8654,2.370771324969777e-12,-11.6251,9.82667954674357e-12,-11.0076,-0.5071,0.656,-0.7037,0.6113,2.409,0.3819,14.555,77.32424,69.50233,0.29685092,4.0822496,extreme_variable
88464,xrb,9.754773939043565e-16,-15.0108,5.979731054028018e-15,-14.2233,9.654680682934842e-15,-14.0153,3.0461833932610473e-14,-13.5162,2.1474009609697088e-14,-13.6681,0.7195,0.2351,0.5187,-0.1731,0.788,-0.1036,4.974,104.66005,-18.45115,0.2968443,4.0821366,unclassified
63566,anomaly,9.308366549950303e-12,-11.0311,5.728352222097073e-12,-11.242,1.8096672373148605e-11,-10.7424,6.366261140378804e-13,-12.1961,9.377812084464131e-12,-11.0279,-0.2381,0.5191,-0.932,0.8729,1.142,0.0578,22.714,61.52795,18.45037,0.29683036,4.0818987,extreme_variable
11266,anomaly,1.2247078427377895e-14,-13.912,1.0866530524910397e-14,-13.9639,6.27554614127442e-14,-13.2023,2.0414559614691243e-12,-11.6901,1.7877268068152865e-12,-11.7477,-0.0597,0.7048,0.9404,-0.0663,1.104,0.043,2.556,282.53761,89.24186,0.29678392,4.0811057,unclassified
63184,xrb,1.4021520494137497e-14,-13.8532,1.5302668490841925e-14,-13.8152,2.941001293403499e-14,-13.5315,1.7952497238085318e-14,-13.7459,9.51298575788056e-15,-14.0217,0.0437,0.3155,-0.2419,-0.3073,0.545,-0.2634,8.303,179.27576,-70.42593,0.2967547,4.0806065,unclassified
47988,anomaly,8.137738409733273e-14,-13.0895,1.094630104969597e-13,-12.9607,8.096375610416949e-16,-15.0917,2.1497709932258872e-17,-16.6676,7.5720833328812e-18,-17.1208,0.1472,-0.9853,-0.9483,-0.4789,1.578,0.1982,4.505,139.51719,86.7901,0.2967448,4.080437,unclassified
39592,ulx,4.686152646866455e-12,-11.3292,2.0713680248466387e-11,-10.6837,1.968352098996405e-11,-10.7059,2.8036000257916937e-12,-11.5523,3.845870514303812e-12,-11.415,0.631,-0.0255,-0.7506,0.1567,0.192,-0.7168,6.763,231.33361,-85.34873,0.29660314,4.0780177,unclassified
28485,anomaly,2.0248835881079355e-12,-11.6936,6.90875316835504e-12,-11.1606,6.067006721802936e-12,-11.217,1.4821160251931957e-11,-10.8291,3.5962113195563676e-12,-11.4442,0.5467,-0.0649,0.4191,-0.6095,0.972,-0.0125,27.537,232.38498,77.06853,0.2965412,4.07696,extreme_variable
69887,anomaly,1.4238027211884405e-11,-10.8466,2.6402206726175967e-11,-10.5784,2.1021276651807736e-13,-12.6773,2.2293716865684076e-14,-13.6518,1.64934817758353e-15,-14.7827,0.2993,-0.9842,-0.8082,-0.8622,1.889,0.2762,1.435,316.19676,23.64755,0.29582825,4.0647826,super_luminous
16491,anomaly,4.974690276288965e-16,-15.3032,3.98961722391376e-16,-15.3991,1.4701544696340578e-14,-13.8326,1.3132242361260963e-13,-12.8817,1.1326487053886648e-13,-12.9459,-0.1099,0.9472,0.7986,-0.0738,1.758,0.2451,0.327,331.97367,88.5615,0.2955899,4.060712,unclassified
9588,xrb,1.2059734364984048e-14,-13.9187,1.4969259955714884e-14,-13.8248,2.0256028198989026e-14,-13.6934,1.3153188337372053e-14,-13.881,5.637140685090498e-15,-14.2489,0.1076,0.1501,-0.2126,-0.4,0.906,-0.0427,7.294,114.55023,-50.41246,0.2954549,4.058406,unclassified
97502,xrb,7.907088340091844e-12,-11.102,8.50844627771132e-12,-11.0701,5.853523295301204e-12,-11.2326,3.992497652713176e-12,-11.3988,2.9794005877670797e-13,-12.5259,0.0366,-0.1849,-0.189,-0.8611,0.985,-0.0066,10.741,2.30249,-21.43279,0.2954282,4.0579495,extreme_variable
49889,anomaly,3.225176250825895e-14,-13.4914,9.753446586673732e-15,-14.0108,2.824000787446647e-15,-14.5491,1.8081146449892286e-14,-13.7428,1.579078829952587e-14,-13.8016,-0.5356,-0.5509,0.7298,-0.0676,0.386,-0.4139,26.383,283.43545,85.78651,0.29533964,4.0564375,super_soft_source
17009,anomaly,3.0692507049136546e-13,-12.513,1.4603722951622718e-12,-11.8355,3.747027781470882e-12,-11.4263,4.856198410657761e-13,-12.3137,1.8359952677213805e-12,-11.7361,0.6527,0.4391,-0.7705,0.5817,2.254,0.353,27.569,4.168,59.78919,0.2951155,4.052609,extreme_variable
70268,anomaly,1.7184652791858236e-11,-10.7649,1.0084121530864085e-11,-10.9964,6.356095438042245e-12,-11.1968,1.1799304965860332e-12,-11.9281,7.076406242892573e-13,-12.1502,-0.2604,-0.2268,-0.6869,-0.2502,2.937,0.4679,12.215,51.00209,69.64212,0.29488763,4.048717,extreme_variable
54806,anomaly,1.0618853218932838e-14,-13.9739,1.0210974881322236e-14,-13.9909,2.7268483685156467e-14,-13.5643,1.1488664805240377e-14,-13.9397,1.0616965148759269e-13,-12.974,-0.0196,0.4551,-0.4071,0.8047,2.074,0.3167,18.597,301.23248,14.0889,0.29476225,4.0465755,extreme_variable
63677,xrb,1.5091331842264285e-13,-12.8213,1.6089529290263607e-13,-12.7935,5.298401362798718e-13,-12.2759,4.628516133403885e-13,-12.3346,1.338620406001494e-13,-12.8733,0.032,0.5341,-0.0675,-0.5513,0.336,-0.4731,11.837,26.20739,-67.18844,0.29458815,4.043602,extreme_variable
97756,star,1.0748627760040937e-15,-14.9686,3.380008257258459e-15,-14.4711,2.1718733138362654e-15,-14.6632,1.4275235587422532e-16,-15.8454,1.3372279635610857e-16,-15.8738,0.5174,-0.2176,-0.8766,-0.0327,0.423,-0.3738,2.904,281.87207,-5.4943,0.2945841,4.043533,unclassified
3437,xrb,3.3195904316381115e-14,-13.4789,4.927872363222468e-14,-13.3073,1.7939452952106642e-13,-12.7462,7.4000462718589e-14,-13.1308,4.0809931101377125e-14,-13.3892,0.195,0.569,-0.4159,-0.2891,0.13,-0.8876,11.962,3.47133,-83.44854,0.29441288,4.0406084,extreme_variable
69026,agn,1.8419807546183135e-15,-14.7347,5.7082852226471265e-15,-14.2435,5.443875894754607e-13,-12.2641,3.901066471962229e-13,-12.4088,4.600498819235768e-13,-12.3372,0.5121,0.9792,-0.1651,0.0823,0.168,-0.775,4.172,250.53823,66.56193,0.2944092,4.0405455,unclassified
41646,anomaly,3.0171541798257036e-11,-10.5204,1.5753355777597237e-11,-10.8026,3.4426107340800816e-12,-11.4631,4.739767365800979e-12,-11.3242,4.300401872575349e-12,-11.3665,-0.314,-0.6413,0.1585,-0.0486,1.15,0.0608,11.259,60.31634,6.93826,0.29417214,4.0364966,extreme_variable
2007,anomaly,3.3796070798284107e-14,-13.4711,5.46171196072703e-14,-13.2627,8.29212696171397e-13,-12.0813,8.304203356616624e-12,-11.0807,4.909954874756509e-12,-11.3089,0.2355,0.8764,0.8184,-0.2569,0.992,-0.0036,1.188,88.79625,19.9519,0.29402256,4.0339417,unclassified
81116,agn,2.5335841581596053e-15,-14.5963,2.1714508447160275e-14,-13.6632,8.463842765039905e-13,-12.0724,7.406235909197341e-13,-12.1304,2.0953512873568787e-13,-12.6787,0.791,0.95,-0.0666,-0.5589,0.194,-0.7129,2.946,208.69201,-56.65077,0.29394007,4.0325327,unclassified
25798,anomaly,1.0961527182877674e-13,-12.9601,5.194993952137218e-14,-13.2844,5.458166003165652e-13,-12.263,1.2496361225884504e-13,-12.9032,1.301514281479723e-13,-12.8856,-0.3569,0.8262,-0.6274,0.0203,0.371,-0.4301,26.72,89.9753,47.30711,0.29393768,4.032492,extreme_variable
78915,anomaly,4.6654942450604703e-14,-13.3311,7.306746516373741e-14,-13.1363,2.6528265519451945e-14,-13.5763,9.584000620107321e-14,-13.0185,5.427411165470903e-14,-13.2654,0.2206,-0.4673,0.5664,-0.2769,1.301,0.1143,10.192,306.61796,-74.7961,0.2938438,4.0308886,extreme_variable
76359,agn,1.2421377758826572e-19,-18.9058,5.020645168503455e-19,-18.2992,2.3769170868516454e-13,-12.624,2.1022697710757724e-13,-12.6773,8.216500194059674e-14,-13.0853,0.5938,1.0,-0.0613,-0.438,0.359,-0.4455,4.144,215.7764,22.88491,0.29357648,4.026323,unclassified
54793,star,5.895156883287555e-15,-14.2295,2.605394195113078e-14,-13.5841,1.681597256657734e-14,-13.7743,9.798368001786182e-16,-15.0088,8.429123171324604e-16,-15.0742,0.631,-0.2155,-0.8899,-0.0751,0.197,-0.7054,2.781,211.04726,-74.96996,0.29344088,4.024007,unclassified
69308,ulx,4.752826815193062e-13,-12.323,3.6569766902410896e-13,-12.4369,4.1908439977524596e-13,-12.3777,1.8885509761896994e-13,-12.7239,9.719020800699333e-14,-13.0124,-0.1303,0.068,-0.3787,-0.3205,0.101,-0.9961,2.338,158.22856,16.61147,0.29342142,4.0236745,unclassified
58285,anomaly,1.7588727679044243e-12,-11.7548,4.557425825643921e-13,-12.3413,9.065120689819705e-13,-12.0426,2.376676362691274e-13,-12.624,9.755872957870604e-12,-11.0107,-0.5884,0.3309,-0.5846,0.9524,1.759,0.2454,20.186,351.53697,41.4908,0.2931966,4.019834,extreme_variable
31715,anomaly,7.750196638858027e-15,-14.1107,7.988816989379186e-14,-13.0975,1.6771611889644994e-13,-12.7754,5.749550189220304e-14,-13.2404,2.7988727670764598e-14,-13.553,0.8231,0.3547,-0.4894,-0.3452,1.777,0.2497,23.701,323.36851,30.7367,0.2930966,4.0181265,extreme_variable
5836,agn,1.2025944134669629e-18,-17.9199,6.4095929676750775e-18,-17.1932,8.209157890567424e-15,-14.0857,4.299162032614298e-15,-14.3666,2.156432343664973e-15,-14.6663,0.6831,0.9984,-0.3126,-0.3319,0.334,-0.4764,3.049,93.78288,-22.83486,0.29305738,4.0174565,unclassified
29463,anomaly,1.0394819042196248e-14,-13.9832,6.943265463082986e-15,-14.1584,4.705632409897481e-14,-13.3274,1.8260897456777537e-14,-13.7385,1.0943897459847651e-13,-12.9608,-0.1991,0.7428,-0.4409,0.714,0.429,-0.3671,24.359,344.38493,61.55852,0.29297996,4.0161343,ultra_hard_spectrum
48926,agn,1.3962111819262915e-15,-14.855,4.89916956290221e-15,-14.3099,6.254222224466342e-13,-12.2038,4.442079216267364e-13,-12.3524,3.5422989952507215e-13,-12.4507,0.5564,0.9845,-0.1694,-0.1127,0.352,-0.4538,2.663,253.44223,-70.19328,0.29291093,4.0149555,unclassified
9751,anomaly,4.9360310946405476e-14,-13.3066,6.0318245125375725e-15,-14.2196,2.917460887692314e-14,-13.535,3.000661164984487e-14,-13.5228,1.490577948210921e-14,-13.8266,-0.7822,0.6573,0.0141,-0.3362,0.588,-0.2304,26.329,53.58191,-72.45175,0.2928456,4.0138397,extreme_variable
57421,agn,1.6884123274784092e-15,-14.7725,5.346745750338089e-15,-14.2719,7.044104665682609e-13,-12.1522,4.916738254461231e-13,-12.3083,4.0081243363155585e-13,-12.3971,0.52,0.9849,-0.1779,-0.1018,0.001,-1.0,1.601,357.56397,-13.10596,0.2928194,4.013392,unclassified
26654,anomaly,5.8775399564293e-14,-13.2308,9.420721543273029e-14,-13.0259,1.2071057081137452e-13,-12.9183,5.386133656114555e-13,-12.2687,7.977368111501705e-14,-13.0981,0.2316,0.1233,0.6338,-0.742,0.659,-0.1814,24.216,145.65908,56.03609,0.29267296,4.010891,extreme_variable
19112,xrb,9.033913310424249e-15,-14.0441,1.215548336079433e-14,-13.9152,1.6017753265919655e-14,-13.7954,8.701059803566177e-15,-14.0604,9.310475088443546e-15,-14.031,0.1473,0.1371,-0.296,0.0338,0.023,-1.0,10.058,38.12176,58.73443,0.29260173,4.009674,extreme_variable
22171,ulx,3.083604977638465e-13,-12.5109,1.7627308959774347e-13,-12.7538,2.6208964120148455e-13,-12.5816,1.2619502289675823e-13,-12.899,3.271255955060665e-14,-13.4853,-0.2726,0.1958,-0.35,-0.5883,0.07,-1.0,3.5,167.00567,87.3931,0.29252353,4.0083385,unclassified
98279,anomaly,2.293082042140997e-12,-11.6396,3.182073211799273e-12,-11.4973,3.130217180243306e-11,-10.5044,2.9152809213730806e-12,-11.5353,2.3408287209995996e-11,-10.6306,0.1624,0.8154,-0.8296,0.7785,0.601,-0.2211,25.779,357.36926,45.13795,0.29215112,4.001978,ultra_hard_spectrum
87765,anomaly,5.304643468211986e-13,-12.2753,4.570886314175465e-12,-11.34,6.542904633585155e-13,-12.1842,7.355961898087081e-13,-12.1334,1.7849792420445861e-12,-11.7484,0.792,-0.7496,0.0585,0.4163,0.765,-0.1164,16.25,6.36658,76.21777,0.2921329,4.001667,extreme_variable
30679,anomaly,1.2526162076506922e-14,-13.9022,5.18020545342335e-14,-13.2857,6.768378315337409e-14,-13.1695,2.5741841754298625e-15,-14.5894,3.067171046597673e-15,-14.5133,0.6106,0.1329,-0.9267,0.0874,1.578,0.1981,18.464,54.18154,-86.34663,0.29192248,3.9980726,extreme_variable
28881,agn,9.821622277109676e-20,-19.0078,6.819488154509054e-19,-18.1662,4.772913979801047e-14,-13.3212,3.6408807158003014e-14,-13.4388,1.2731406405855862e-14,-13.8951,0.7387,1.0,-0.1345,-0.4818,0.379,-0.4211,4.732,194.04085,-75.01021,0.2917738,3.995533,unclassified
93785,anomaly,1.4877025621849162e-12,-11.8275,6.856024457692076e-13,-12.1639,1.2860775902610222e-12,-11.8907,6.092974851940395e-12,-11.2152,3.244689635680409e-12,-11.4888,-0.3691,0.3045,0.6514,-0.305,2.373,0.3753,10.053,128.15523,64.2472,0.2915573,3.9918356,extreme_variable
69266,agn,7.946742067048345e-17,-16.0998,4.0423097076094784e-16,-15.3934,3.314849870301452e-14,-13.4795,1.9083538481220295e-14,-13.7193,1.5193992480514375e-14,-13.8183,0.6714,0.9759,-0.2693,-0.1135,0.049,-1.0,0.711,298.99778,85.20847,0.29139242,3.9890192,unclassified
74163,anomaly,7.83154803049851e-14,-13.1062,2.7762572890873137e-13,-12.5565,2.3689065819061135e-12,-11.6255,1.744152344227004e-11,-10.7584,1.1444213267606396e-11,-10.9414,0.56,0.7902,0.7608,-0.2076,0.045,-1.0,0.481,19.62107,88.83981,0.29129425,3.9873424,super_luminous
49780,anomaly,1.5178468991276712e-14,-13.8188,3.36252353434728e-14,-13.4733,3.43489063370803e-14,-13.4641,4.991964489801255e-14,-13.3017,1.574380697823288e-14,-13.8029,0.378,0.0106,0.1848,-0.5205,9.302,0.9686,2.285,176.28693,71.40951,0.29127002,3.9869287,unclassified
70536,anomaly,6.1236878329380784e-12,-11.213,7.739547227145736e-12,-11.1113,4.099831968258187e-12,-11.3872,3.228253545317261e-12,-11.491,2.092118014840585e-11,-10.6794,0.1166,-0.3074,-0.1189,0.7326,0.548,-0.2611,13.696,105.68585,-51.8669,0.2912442,3.9864879,extreme_variable
20359,anomaly,3.4452897576132334e-12,-11.4628,5.596654159101552e-12,-11.2521,2.2663340917362953e-12,-11.6447,4.923833581994229e-12,-11.3077,3.0456273526267753e-12,-11.5163,0.2379,-0.4235,0.3696,-0.2357,0.341,-0.4667,18.363,47.50686,-79.91089,0.29114223,3.984746,extreme_variable
51102,anomaly,2.2717612218091596e-12,-11.6436,2.0009389726808254e-12,-11.6988,1.4238736942347484e-12,-11.8465,2.3392679709828632e-12,-11.6309,1.2958566769959325e-12,-11.8874,-0.0634,-0.1685,0.2433,-0.287,0.232,-0.6351,13.996,263.19065,-32.33702,0.29085627,3.979862,extreme_variable
83693,anomaly,1.1017136524080512e-14,-13.9579,2.7933554903178495e-13,-12.5539,5.0111090425826814e-14,-13.3001,1.8413830240299769e-13,-12.7349,9.85617983429828e-15,-14.0063,0.9241,-0.6958,0.5722,-0.8984,0.874,-0.0584,14.808,295.86832,88.4447,0.2907401,3.9778776,extreme_variable
93412,xrb,1.0090358681009969e-14,-13.9961,1.0707755193663883e-14,-13.9703,3.577241518067714e-14,-13.4465,1.4796135248049832e-14,-13.8299,1.5167705969704443e-14,-13.8191,0.0297,0.5393,-0.4148,0.0124,0.814,-0.0896,7.629,81.73821,20.91688,0.290581,3.9751601,unclassified
61677,anomaly,1.6750487469985898e-13,-12.776,3.2414928946747805e-13,-12.4893,9.481492582530394e-14,-13.0231,3.994062028331221e-13,-12.3986,7.049555199551533e-13,-12.1518,0.3186,-0.5474,0.6163,0.2767,2.236,0.3496,22.466,330.1306,4.62272,0.29052886,3.9742699,extreme_variable
96923,star,2.5027084171768474e-15,-14.6016,8.153310159726809e-15,-14.0887,1.98909363780961e-15,-14.7013,3.310002997464482e-16,-15.4802,3.1299022830192784e-16,-15.5045,0.5303,-0.6078,-0.7147,-0.028,0.355,-0.45,0.235,38.39067,-52.53181,0.2904122,3.972277,unclassified
24231,anomaly,2.2055075936639354e-14,-13.6565,2.3273450232043444e-14,-13.6331,5.823805202677324e-13,-12.2348,5.131917059392056e-12,-11.2897,3.3160862619146252e-12,-11.4794,0.0269,0.9231,0.7962,-0.2149,1.112,0.046,1.3,24.91216,85.37357,0.29000103,3.9652545,unclassified
40540,anomaly,6.407295519148448e-14,-13.1933,4.607230591814668e-14,-13.3366,6.614562003042402e-14,-13.1795,4.0743300303680075e-14,-13.3899,1.9281860366235832e-13,-12.7149,-0.1634,0.1789,-0.2377,0.6511,2.732,0.4364,12.098,143.07056,15.54035,0.28998232,3.9649348,extreme_variable
85935,anomaly,3.9027289814826943e-13,-12.4086,8.268438208503147e-13,-12.0826,3.2576078129962035e-13,-12.4871,3.4260172164142847e-13,-12.4652,6.597406907282985e-13,-12.1806,0.3587,-0.4347,0.0252,0.3164,1.715,0.2342,11.516,20.6051,-11.35927,0.2898047,3.961901,extreme_variable
62388,xrb,3.037387979278976e-14,-13.5175,5.337864212474417e-14,-13.2726,8.24100556721004e-14,-13.084,2.95735479434709e-13,-12.5291,7.053627674285124e-14,-13.1516,0.2747,0.2138,0.5641,-0.6148,0.084,-1.0,11.24,213.71232,88.2034,0.28969172,3.9599714,extreme_variable
26393,anomaly,2.703293958793802e-12,-11.5681,6.901306873937128e-13,-12.1611,2.4792152411953713e-15,-14.6057,2.3754604940844864e-15,-14.6243,1.9359963012552224e-16,-15.7131,-0.5933,-0.9928,-0.0214,-0.8493,0.43,-0.3667,2.161,143.6644,-61.71002,0.28965884,3.95941,super_soft_source
37400,anomaly,8.062627925050656e-15,-14.0935,1.9812709373864036e-14,-13.7031,9.830550590586822e-14,-13.0074,3.1593076050216957e-14,-13.5004,4.650294645458063e-14,-13.3325,0.4215,0.6645,-0.5136,0.1909,2.551,0.4067,11.626,216.52503,6.8374,0.28964773,3.9592202,extreme_variable
19813,xrb,6.379586945012897e-13,-12.1952,1.3461259414999576e-12,-11.8709,1.8260460500798565e-12,-11.7385,6.832878892283175e-13,-12.1654,5.685360186568099e-13,-12.2452,0.3569,0.1513,-0.4554,-0.0917,0.077,-1.0,10.304,90.8652,-15.85448,0.28953508,3.957296,extreme_variable
60765,anomaly,3.896688773315785e-14,-13.4093,6.713201184271078e-15,-14.1731,3.3837099302510155e-14,-13.4706,1.388790016589844e-13,-12.8574,1.0201490195924352e-13,-12.9913,-0.7061,0.6689,0.6082,-0.153,0.348,-0.4584,17.138,217.21398,0.25526,0.2894884,3.9564989,extreme_variable
4969,xrb,8.813518070026793e-15,-14.0549,4.674972782098471e-14,-13.3302,5.242947201049215e-14,-13.2804,1.5585827440733215e-14,-13.8073,2.1145066347618448e-14,-13.6748,0.6828,0.0573,-0.5417,0.1514,0.85,-0.0704,6.207,182.22639,85.06245,0.28918636,3.95134,unclassified
38057,anomaly,1.0126411380163143e-13,-12.9945,1.6814970995732912e-13,-12.7743,3.220745560557772e-14,-13.492,7.368996663201556e-14,-13.1326,1.7172803902999496e-13,-12.7652,0.2483,-0.6785,0.3917,0.3995,0.245,-0.6112,27.554,267.51126,21.67682,0.28915358,3.95078,extreme_variable
53030,star,1.899816636547134e-15,-14.7213,5.436201459785089e-15,-14.2647,1.4136652758750826e-15,-14.8497,2.0454153406766404e-16,-15.6892,1.9591644421336475e-16,-15.7079,0.4821,-0.5872,-0.7472,-0.0215,0.297,-0.5277,1.93,119.60994,-61.8777,0.28895956,3.9474661,unclassified
31881,anomaly,8.167875337955331e-15,-14.0879,1.589911539661234e-14,-13.7986,3.085002899605714e-14,-13.5107,3.470672842570219e-14,-13.4596,1.5757561749180805e-14,-13.8025,0.3212,0.3198,0.0588,-0.3755,6.183,0.7912,4.73,57.01918,-87.78026,0.28892687,3.9469078,unclassified
78266,anomaly,1.2751316353853424e-14,-13.8944,1.2606428977397062e-14,-13.8994,2.606514250502061e-14,-13.5839,2.8735474293976394e-14,-13.5416,7.917593047018706e-15,-14.1014,-0.0057,0.348,0.0487,-0.568,12.995,1.1138,5.298,158.39414,45.87888,0.2888638,3.9458308,extended_transient
76963,anomaly,1.6052373521862428e-12,-11.7945,1.8890025995767915e-13,-12.7238,1.9909117124865735e-12,-11.7009,2.164996708349009e-13,-12.6645,5.778686962660797e-13,-12.2382,-0.7894,0.8267,-0.8038,0.4549,1.486,0.172,20.341,349.82934,62.36572,0.28877732,3.9443536,extreme_variable
7770,anomaly,4.812641953422401e-13,-12.3176,6.1793282994127e-13,-12.2091,9.638799250831568e-16,-15.016,6.271827434871033e-16,-15.2026,4.874113155758885e-17,-16.3121,0.1243,-0.9969,-0.2116,-0.8558,0.726,-0.1393,4.045,197.18143,70.01922,0.28871253,3.943247,unclassified
9798,agn,6.70081952907757e-16,-15.1739,2.318990355535666e-15,-14.6347,1.8339270584808823e-13,-12.7366,1.6510382551761608e-13,-12.7822,5.135649870182055e-14,-13.2894,0.5516,0.975,-0.0525,-0.5255,0.036,-1.0,1.498,169.04684,24.3539,0.2886477,3.9421399,unclassified
63173,anomaly,2.693991139784986e-15,-14.5696,1.9712030740302023e-14,-13.7053,8.182274052895497e-15,-14.0871,1.6452773617689535e-14,-13.7838,3.4790574982472924e-14,-13.4585,0.7595,-0.4133,0.3357,0.3579,1.15,0.0606,29.174,143.49898,61.49905,0.28860736,3.9414506,extreme_variable
10270,anomaly,8.077820841815969e-13,-12.0927,9.833045634984652e-13,-12.0073,5.664185826608707e-13,-12.2469,1.2001444343206276e-12,-11.9208,3.71185428175869e-12,-11.4304,0.098,-0.269,0.3587,0.5113,0.494,-0.3062,21.803,56.5604,-32.41646,0.2885752,3.9409015,extreme_variable
99371,anomaly,3.8953792371310984e-14,-13.4095,1.1513255877801516e-13,-12.9388,4.342727346948785e-14,-13.3622,1.42652424519603e-14,-13.8457,1.0693522056559129e-13,-12.9709,0.4944,-0.4522,-0.5055,0.7646,2.736,0.437,26.928,91.96169,-51.03798,0.28854188,3.9403324,extreme_variable
83047,anomaly,1.8547645091266224e-12,-11.7317,8.372280260007382e-13,-12.0772,7.980851090905413e-14,-13.098,1.164404213245783e-13,-12.9339,3.7100805005345805e-13,-12.4306,-0.378,-0.8259,0.1867,0.5222,1.67,0.2226,29.211,284.60986,-54.3479,0.28853694,3.9402478,extreme_variable
8063,anomaly,2.618844646502924e-14,-13.5819,6.885705030277189e-15,-14.1621,3.1641594894839964e-14,-13.4997,2.957208747993825e-14,-13.5291,2.8884082457215295e-14,-13.5393,-0.5836,0.6426,-0.0338,-0.0118,0.222,-0.6535,25.085,164.04484,54.99172,0.28823242,3.9350467,extreme_variable
50383,anomaly,1.2240922820755026e-13,-12.9122,1.1812418007483489e-14,-13.9277,1.467861634263037e-13,-12.8333,7.378522423897218e-14,-13.132,4.490474621437404e-14,-13.3477,-0.824,0.851,-0.331,-0.2433,0.46,-0.3374,24.161,235.03583,0.45357,0.28802168,3.9314473,extreme_variable
72121,anomaly,1.0527715879953702e-11,-10.9777,1.0558407577321571e-12,-11.9764,5.572828796891077e-13,-12.2539,1.119099562429061e-12,-11.9511,2.741016064337609e-12,-11.5621,-0.8177,-0.3091,0.3351,0.4202,2.48,0.3944,11.633,208.54499,-61.58625,0.28796956,3.930557,extreme_variable
61268,xrb,6.736189436487444e-15,-14.1716,4.4083260702827634e-14,-13.3557,6.259419459348975e-14,-13.2035,1.3296053316800268e-13,-12.8763,1.4553650855252242e-13,-12.837,0.7349,0.1735,0.3598,0.0452,0.769,-0.114,3.787,171.62034,11.95879,0.28793046,3.9298892,monotonically_rising
21294,xrb,1.1028980910225876e-14,-13.9575,3.051566822867489e-14,-13.5155,1.341321224627605e-14,-13.8725,1.5159886559249584e-15,-14.8193,7.560090720806951e-16,-15.1215,0.4691,-0.3893,-0.7969,-0.3345,0.688,-0.1624,5.758,195.51143,-43.02626,0.2875413,3.9232426,unclassified
62149,anomaly,2.7696599702021007e-13,-12.5576,2.1989370636168326e-12,-11.6578,5.074141269769309e-13,-12.2946,1.8057702657566733e-12,-11.7433,3.1386129590552067e-13,-12.5033,0.7763,-0.625,0.5613,-0.7039,1.131,0.0535,14.15,186.42413,35.80867,0.28746706,3.9219744,extreme_variable
90087,anomaly,6.446741151002043e-12,-11.1907,7.672316761492226e-13,-12.1151,1.942735282148606e-12,-11.7116,3.618272931798266e-12,-11.4415,1.285090389739806e-12,-11.8911,-0.7873,0.4338,0.3013,-0.4758,2.177,0.3379,26.601,113.53451,79.34569,0.287383,3.9205384,extreme_variable
5218,cluster,2.357617569076094e-15,-14.6275,1.3758313551829757e-14,-13.8614,1.683100981674083e-14,-13.7739,2.4789243851977308e-14,-13.6057,3.3569043039967277e-15,-14.4741,0.7074,0.1004,0.1912,-0.7615,15.519,1.1909,0.934,345.54594,-66.66153,0.28714013,3.9163904,unclassified
16274,anomaly,4.684535712558302e-15,-14.3293,5.855968950374638e-14,-13.2324,3.3728138879096466e-15,-14.472,5.550357436368107e-15,-14.2557,6.892941468525279e-15,-14.1616,0.8519,-0.8911,0.244,0.1079,0.979,-0.0092,27.208,90.14652,-11.3347,0.28710592,3.9158063,extreme_variable
910,xrb,4.741117915621467e-14,-13.3241,7.079914881866567e-14,-13.15,1.9428700642904657e-13,-12.7116,9.694499463016039e-14,-13.0135,3.0132308428348955e-14,-13.521,0.1979,0.4658,-0.3342,-0.5258,0.123,-0.9107,11.69,252.33443,-88.22101,0.28693497,3.9128864,extreme_variable
38860,anomaly,1.54946195862757e-14,-13.8098,1.3118300288355086e-14,-13.8821,3.1932051237787587e-15,-14.4958,9.57938943215046e-15,-14.0187,1.6665416673818267e-14,-13.7782,-0.0831,-0.6085,0.5,0.27,1.343,0.1282,21.926,349.01568,-80.57843,0.28681532,3.9108427,extreme_variable
60982,agn,1.5279930391646835e-15,-14.8159,5.144887713204247e-15,-14.2886,3.8719083884035295e-13,-12.4121,1.9417097867228216e-13,-12.7118,1.4780290490278998e-13,-12.8303,0.542,0.9738,-0.332,-0.1356,0.236,-0.6268,3.853,232.30094,-80.91505,0.28634867,3.9028726,unclassified
4587,xrb,9.475418747581983e-14,-13.0234,1.5199893096977396e-13,-12.8182,2.9049571714118326e-13,-12.5369,2.417563608075355e-13,-12.6166,6.400839299978544e-14,-13.1938,0.232,0.313,-0.0916,-0.5813,0.974,-0.0113,10.47,157.7462,-52.60278,0.28633052,3.9025624,extreme_variable
99296,anomaly,1.2333245988337595e-15,-14.9089,9.098077883004902e-16,-15.0411,3.082166301830269e-14,-13.5111,1.4546605386937095e-13,-12.8372,4.888111401300888e-13,-12.3109,-0.151,0.9427,0.6503,0.5413,0.189,-0.7235,2.281,285.33102,-86.43573,0.2862548,3.901269,compton_thick_candidate
93922,anomaly,6.821434201701036e-13,-12.1661,3.1383491026648057e-12,-11.5033,8.69562361022829e-12,-11.0607,1.0895636761345289e-12,-11.9627,3.2792469601218445e-12,-11.4842,0.6429,0.4696,-0.7773,0.5012,0.644,-0.1911,17.576,116.12081,-51.42023,0.28613663,3.8992507,extreme_variable
77284,anomaly,1.5454818216459173e-14,-13.8109,9.393755211861974e-14,-13.0272,5.776735933962554e-13,-12.2383,4.964198629418115e-12,-11.3042,2.58446437264721e-12,-11.5876,0.7174,0.7203,0.7915,-0.3153,0.561,-0.251,1.62,240.64086,66.26592,0.28609204,3.8984892,unclassified
21497,xrb,4.5131729590597223e-14,-13.3455,8.969974313779811e-14,-13.0472,1.846851797234313e-13,-12.7336,5.713879559217014e-14,-13.2431,5.796868083984418e-14,-13.2368,0.3305,0.3462,-0.5274,0.0072,0.008,-1.0,10.794,133.87587,-40.66745,0.28593376,3.8957858,extreme_variable
1342,anomaly,1.6964406797436554e-11,-10.7705,8.408233093669866e-12,-11.0753,6.597615886668054e-12,-11.1806,1.9886090746686313e-11,-10.7015,2.3523252569814364e-11,-10.6285,-0.3372,-0.1207,0.5018,0.0838,1.338,0.1263,11.629,205.10936,37.3598,0.28589532,3.8951292,extreme_variable
75410,anomaly,2.9545950976767307e-12,-11.5295,4.515429534779911e-12,-11.3453,2.3643967137351752e-11,-10.6263,4.687992453189213e-12,-11.329,1.6309161554632236e-11,-10.7876,0.2089,0.6793,-0.6691,0.5535,1.442,0.159,11.919,241.3711,35.52869,0.28539258,3.8865426,extreme_variable
34924,anomaly,1.7737160980836917e-14,-13.7511,2.59544716261065e-13,-12.5858,6.662320872521853e-13,-12.1764,1.2951597021011052e-11,-10.8877,9.48802910850388e-12,-11.0228,0.8721,0.4393,0.9022,-0.1544,0.054,-1.0,1.909,78.38551,-35.88476,0.28528592,3.8847208,unclassified
96487,agn,3.33333739835607e-17,-16.4771,1.8882027256449143e-16,-15.724,2.0503994565773073e-15,-14.6882,2.308791664844951e-15,-14.6366,5.499276144474632e-16,-15.2597,0.6999,0.8313,0.0593,-0.6153,0.29,-0.5374,0.042,89.08418,-89.9721,0.28463486,3.8736007,unclassified
80794,anomaly,5.790438919987621e-14,-13.2373,4.790046093512417e-14,-13.3197,1.0945748878059694e-12,-11.9608,6.277875449632662e-12,-11.2022,3.109375058844562e-11,-10.5073,-0.0946,0.9161,0.7031,0.664,0.306,-0.5142,0.288,151.41022,26.04832,0.28372294,3.858025,compton_thick_candidate
23717,xrb,3.3378926543618113e-14,-13.4765,6.601553183270696e-14,-13.1804,1.877416808175369e-13,-12.7264,5.2417045745476295e-14,-13.2805,6.255540410433109e-14,-13.2037,0.3284,0.4797,-0.5635,0.0882,0.144,-0.8413,10.659,333.93269,-37.35403,0.28361928,3.8562548,extreme_variable
40776,agn,7.310259702623781e-16,-15.1361,5.33817224441766e-15,-14.2726,5.554308063420769e-14,-13.2554,5.827518973326418e-14,-13.2345,3.4080577229461054e-14,-13.4675,0.7591,0.8246,0.024,-0.262,0.382,-0.4174,0.089,13.26958,-71.08664,0.28353548,3.8548234,unclassified
44301,anomaly,5.233233426335723e-12,-11.2812,1.0249259984187111e-11,-10.9893,5.5603558322780123e-14,-13.2549,8.540393545839861e-15,-14.0685,1.4339356410319709e-16,-15.8435,0.324,-0.9892,-0.7337,-0.967,1.444,0.1597,3.208,61.30269,-68.90934,0.28322077,3.8494482,unclassified
43790,xrb,5.812611562256385e-14,-13.2356,6.073550795160953e-14,-13.2166,9.544083016739382e-14,-13.0203,6.390156118739021e-14,-13.1945,2.0092814666054366e-14,-13.697,0.022,0.2222,-0.1979,-0.5216,0.104,-0.9826,7.335,233.24069,-62.78095,0.2830035,3.8457375,unclassified
56588,anomaly,4.831210529465505e-14,-13.3159,3.055179171189995e-14,-13.515,9.47480414559849e-14,-13.0234,3.24465438656413e-14,-13.4888,5.377670923170583e-14,-13.2694,-0.2252,0.5123,-0.4898,0.2474,4.061,0.6087,4.026,40.42471,-48.74624,0.28291336,3.8441978,unclassified
77684,anomaly,5.778639070730039e-14,-13.2382,2.516459952569571e-14,-13.5992,4.241726508365657e-14,-13.3725,7.195599585216356e-15,-14.1429,5.010660048907873e-14,-13.3001,-0.3933,0.2553,-0.7099,0.7489,1.945,0.289,25.865,11.88666,33.03068,0.28282315,3.8426569,extreme_variable
38113,xrb,2.597634743701167e-13,-12.5854,4.301136988634356e-13,-12.3664,8.122954057740435e-13,-12.0903,3.406713130751237e-13,-12.4677,3.8953893897513255e-13,-12.4094,0.2469,0.3076,-0.4091,0.0669,0.433,-0.3636,8.606,282.73043,-45.01735,0.28265467,3.8397794,unclassified
30310,xrb,1.0639236039736459e-13,-12.9731,1.758426677184942e-13,-12.7549,2.6310945605263494e-13,-12.5799,1.259587687990911e-13,-12.8998,7.876192449625164e-14,-13.1037,0.2461,0.1988,-0.3525,-0.2305,0.773,-0.1118,6.86,355.29434,-80.95263,0.28246793,3.8365898,unclassified
34671,anomaly,1.6353676059958173e-13,-12.7864,9.903681507746372e-12,-11.0042,3.0250507625075234e-13,-12.5193,2.3768693407576345e-12,-11.624,2.7378664527551075e-13,-12.5626,0.9675,-0.9407,0.7742,-0.7934,0.85,-0.0703,28.984,264.07726,70.85781,0.28242707,3.835892,extreme_variable
14094,anomaly,5.01359757653288e-13,-12.2999,9.496231533877383e-13,-12.0224,9.272193796270912e-13,-12.0328,2.0104463688779827e-12,-11.6967,7.857753057297819e-13,-12.1047,0.3089,-0.0119,0.3687,-0.438,2.471,0.3929,17.887,216.8732,71.51767,0.2822538,3.8329325,extreme_variable
75185,anomaly,3.361153660377685e-14,-13.4735,2.4410748902019113e-14,-13.6124,8.574782680372694e-13,-12.0668,5.8057636343095585e-12,-11.2361,1.389248231077141e-11,-10.8572,-0.1586,0.9446,0.7426,0.4105,1.391,0.1433,1.869,50.22587,-1.04573,0.28218627,3.831779,compton_thick_candidate
63719,star,3.289906224512567e-15,-14.4828,1.5622853029555224e-14,-13.8062,5.231068807900946e-15,-14.2814,5.617988669069496e-16,-15.2504,5.28508082980043e-16,-15.2769,0.6521,-0.4983,-0.806,-0.0305,0.207,-0.6836,0.944,21.84551,-51.0707,0.28203297,3.8291607,unclassified
94430,anomaly,4.45529659344445e-13,-12.3511,2.2949998138570416e-12,-11.6392,7.757194362702648e-13,-12.1103,2.1869520057293327e-13,-12.6602,7.13834606824101e-13,-12.1464,0.6749,-0.4948,-0.5602,0.531,2.176,0.3376,16.218,342.20021,-37.04415,0.28197268,3.828131,extreme_variable
98010,anomaly,5.293327874515768e-13,-12.2763,4.211885028416687e-13,-12.3755,6.441699011247153e-13,-12.191,5.0879557470676015e-14,-13.2935,3.64364607735122e-13,-12.4385,-0.1138,0.2093,-0.8536,0.7549,1.478,0.1697,15.832,258.29005,31.46254,0.28179264,3.8250558,extreme_variable
51319,anomaly,1.887832291620807e-14,-13.724,4.5266339880374294e-14,-13.3442,7.259406511118061e-13,-12.1391,6.191726695309804e-13,-12.2082,5.810455922556014e-13,-12.2358,0.4114,0.8826,-0.0794,-0.0318,0.477,-0.3216,21.355,130.91118,-59.51981,0.28176057,3.8245082,extreme_variable
42592,anomaly,3.706778213382406e-14,-13.431,1.0902604405904412e-14,-13.9625,4.58868629140881e-14,-13.3383,1.6186575002018578e-14,-13.7908,4.1836632664753826e-14,-13.3784,-0.5454,0.616,-0.4785,0.4421,0.352,-0.4529,24.09,329.52432,-63.60963,0.28175274,3.8243744,extreme_variable
41519,anomaly,5.827253661701357e-13,-12.2345,1.3054029923558317e-13,-12.8843,3.5652593748433287e-16,-15.4479,3.590741429255438e-16,-15.4448,2.2296430234552844e-17,-16.6518,-0.634,-0.9946,0.0036,-0.883,0.615,-0.2108,2.776,119.08436,-75.81544,0.28171644,3.8237543,super_soft_source
3202,anomaly,1.102753235991982e-14,-13.9575,1.0326080037822976e-13,-12.9861,4.046897153718429e-13,-12.3929,7.409662191970875e-12,-11.1302,4.292958630489836e-12,-11.3672,0.807,0.5934,0.8964,-0.2663,0.437,-0.3597,1.227,351.95233,85.35098,0.28171355,3.823705,unclassified
55685,star,3.0246222817076064e-15,-14.5193,9.372716233341385e-15,-14.0281,2.263286929677115e-15,-14.6453,3.566291375831852e-16,-15.4478,3.4435074590546863e-16,-15.463,0.5121,-0.611,-0.7278,-0.0175,0.423,-0.3732,0.766,10.15024,-44.90381,0.2817135,3.823704,unclassified
82180,xrb,9.18635128137679e-15,-14.0369,1.573884680275032e-14,-13.803,4.7689000237549394e-14,-13.3216,3.0501378026163563e-14,-13.5157,5.875000048537497e-15,-14.231,0.2629,0.5037,-0.2198,-0.677,0.092,-1.0,9.7,288.10041,-84.00091,0.2817121,3.8236806,unclassified
56444,anomaly,1.1883364625510642e-14,-13.9251,1.1064942481398774e-14,-13.9561,3.824270947812483e-15,-14.4175,2.050842729483988e-15,-14.6881,3.2224349240129087e-15,-14.4918,-0.0357,-0.4863,-0.3019,0.2222,261.625,2.4177,0.643,150.13332,-37.31259,0.2815562,3.8210173,extended_diffuse
63551,anomaly,1.5833093066337525e-12,-11.8004,1.396847708722919e-12,-11.8549,3.5504357169464326e-12,-11.4497,4.719234018369456e-13,-12.3261,2.290246572614583e-12,-11.6401,-0.0626,0.4353,-0.7653,0.6583,0.158,-0.8021,21.757,238.66466,-12.92086,0.2814114,3.8185446,extreme_variable
59633,star,1.7373738095789896e-15,-14.7601,6.888909533528519e-15,-14.1618,3.2343699889252927e-15,-14.4902,3.3068203038754775e-16,-15.4806,2.935782927705105e-16,-15.5323,0.5972,-0.361,-0.8145,-0.0594,0.349,-0.4569,0.668,44.96754,81.91719,0.28137532,3.817928,unclassified
38829,agn,2.1173342348961438e-15,-14.6742,4.695693474639012e-15,-14.3283,2.5065295808136484e-13,-12.6009,1.2059497146679996e-13,-12.9187,1.7507476888987777e-13,-12.7568,0.3784,0.9632,-0.3503,0.1843,0.571,-0.2431,4.932,277.06426,46.39496,0.28127012,3.8161314,unclassified
95192,ulx,3.706019638184172e-13,-12.4311,3.5319131486371665e-13,-12.452,3.929843835411142e-13,-12.4056,3.0021214968822487e-13,-12.5226,3.355506964678174e-14,-13.4742,-0.0241,0.0533,-0.1338,-0.7989,0.027,-1.0,5.217,246.43481,42.02049,0.28108126,3.8129056,unclassified
98860,ulx,3.4740918818382735e-12,-11.4592,1.4269850488367794e-11,-10.8456,1.1265365414471407e-11,-10.9483,1.764259958758964e-12,-11.7534,1.944872803670897e-12,-11.7111,0.6084,-0.1177,-0.7292,0.0487,0.112,-0.9508,5.503,338.81256,-37.68251,0.28099823,3.8114874,unclassified
2854,star,2.2646419964008304e-14,-13.645,7.31707734051068e-14,-13.1357,5.900929128144925e-14,-13.2291,3.0870537628493483e-15,-14.5105,3.0762790422349456e-15,-14.512,0.5273,-0.1071,-0.9006,-0.0017,0.059,-1.0,0.034,309.79929,-3.43713,0.28099194,3.8113801,unclassified
35523,anomaly,4.741951983866812e-12,-11.324,2.6846802829901156e-12,-11.5711,2.1405773290856565e-12,-11.6695,5.150448124984952e-12,-11.2882,1.7915087957279123e-11,-10.7468,-0.277,-0.1128,0.4128,0.5534,1.534,0.1858,19.126,98.41764,41.52163,0.28089473,3.8097196,extreme_variable
56938,anomaly,1.3796359669041857e-12,-11.8602,2.2784167963365577e-12,-11.6424,1.6203309700990613e-12,-11.7904,6.336916891317189e-13,-12.1981,2.14428421535195e-12,-11.6687,0.2457,-0.1688,-0.4377,0.5438,0.117,-0.9308,15.919,93.65037,-46.42088,0.2808365,3.8087249,extreme_variable
16082,anomaly,2.2148508857386935e-13,-12.6547,4.019062241152334e-13,-12.3959,7.77634592288825e-13,-12.1092,9.67281843385532e-13,-12.0144,3.6722527729446466e-13,-12.4351,0.2894,0.3185,0.1087,-0.4496,5.386,0.7313,3.763,296.80345,85.885,0.28072545,3.8068285,unclassified
37496,anomaly,5.2400745962644496e-14,-13.2807,1.807510775145424e-13,-12.7429,1.4135731195108784e-13,-12.8497,1.2932698111902197e-13,-12.8883,1.030898238194871e-14,-13.9868,0.5505,-0.1223,-0.0444,-0.8523,1.128,0.0523,28.061,137.50902,-82.40076,0.28054786,3.803795,extreme_variable
71382,anomaly,1.676866032641532e-13,-12.7755,5.780148412432119e-13,-12.2381,7.457886252071263e-14,-13.1274,4.105763336996946e-14,-13.3866,2.349781163657798e-14,-13.629,0.5503,-0.7714,-0.2899,-0.272,0.111,-0.9531,14.801,137.55919,88.71483,0.2803361,3.8001785,extreme_variable
21125,anomaly,1.4796822773045623e-12,-11.8298,5.8036017414105034e-12,-11.2363,1.1824524284738531e-11,-10.9272,3.1437059246690533e-13,-12.5026,8.187621441701377e-13,-12.0868,0.5937,0.3416,-0.9482,0.4451,1.023,0.0098,20.486,108.75691,-42.83975,0.28026438,3.7989533,extreme_variable
18105,anomaly,6.035630895670557e-14,-13.2193,2.2746668325801874e-13,-12.6431,2.4734302247836486e-13,-12.6067,1.7960701553360732e-13,-12.7457,7.408253458545663e-13,-12.1303,0.5806,0.0419,-0.1587,0.6097,2.588,0.413,16.949,148.38252,68.11997,0.2800724,3.7956743,ultra_hard_spectrum
74970,anomaly,2.8769249555045244e-13,-12.5411,6.701667917618224e-14,-13.1738,7.941796719171753e-13,-12.1001,1.382446718366348e-13,-12.8594,1.9588849113344622e-13,-12.708,-0.6221,0.8444,-0.7035,0.1725,2.655,0.4241,10.467,127.91651,5.02386,0.28006935,3.7956223,extreme_variable
44671,anomaly,1.527816953799627e-13,-12.8159,7.065580967319575e-13,-12.1509,1.1002457770873135e-13,-12.9585,2.7006539160299804e-13,-12.5685,9.52129581514305e-13,-12.0213,0.6444,-0.7305,0.4211,0.5581,1.768,0.2474,22.511,69.09757,-54.61526,0.2800142,3.79468,extreme_variable
74907,anomaly,1.2036971019062202e-14,-13.9195,1.0320058564726638e-14,-13.9863,1.6060873522501257e-14,-13.7942,2.1900318510680805e-15,-14.6595,4.222924059294665e-15,-14.3744,-0.0768,0.2176,-0.76,0.317,274.751,2.4389,0.934,243.00469,-24.13383,0.27986073,3.7920592,extended_diffuse
15960,agn,1.6980030030624283e-19,-18.7701,1.056474483233085e-18,-17.9761,2.0780387596210019e-13,-12.6823,9.285446920174317e-14,-13.0322,1.1515702452794264e-13,-12.9387,0.7172,1.0,-0.3823,0.1072,0.363,-0.4397,0.553,55.99644,20.91017,0.2798537,3.791939,unclassified
5454,xrb,6.272809547884873e-13,-12.2025,1.0055509229280893e-12,-11.9976,2.120487533105837e-12,-11.6736,5.662767771429066e-13,-12.247,7.356696336006891e-13,-12.1333,0.2317,0.3567,-0.5785,0.1301,0.018,-1.0,5.97,116.6004,-42.97025,0.2797753,3.7905998,unclassified
43810,agn,1.8970783100485845e-20,-19.7219,1.1735030434791606e-19,-18.9305,9.042692565332733e-15,-14.0437,8.147560733598208e-15,-14.089,4.73907088598285e-15,-14.3243,0.6724,1.0,-0.0521,-0.2645,0.349,-0.4568,3.682,334.36121,-44.32742,0.2797304,3.7898333,unclassified
86526,agn,5.2466327751131305e-18,-17.2801,3.420048882481548e-18,-17.466,8.128422828546689e-14,-13.09,8.620478271282904e-14,-13.0645,2.9480253813140216e-14,-13.5305,-0.2105,0.9999,0.0294,-0.4903,0.01,-1.0,1.146,247.08653,64.94406,0.27972382,3.7897208,unclassified
44327,xrb,5.5470657318213035e-15,-14.2559,4.023117357756248e-14,-13.3954,2.714533097480511e-14,-13.5663,1.7560911410032373e-15,-14.7555,1.5859311031037625e-15,-14.7997,0.7577,-0.1942,-0.8785,-0.0509,0.851,-0.0699,11.27,326.21674,1.90966,0.27968612,3.7890768,extreme_variable
13368,xrb,7.220194935284071e-13,-12.1415,9.298346726943174e-13,-12.0316,3.8590399040359774e-12,-11.4135,2.1218362322896693e-12,-11.6733,1.3547935364173263e-12,-11.8681,0.1258,0.6117,-0.2905,-0.2206,0.066,-1.0,11.449,347.27389,64.11027,0.2791944,3.7806785,extreme_variable
40127,anomaly,1.5257143998379376e-14,-13.8165,2.4223513279788e-15,-14.6158,1.9011315884581476e-14,-13.721,5.836733472604535e-14,-13.2338,1.3668532174961311e-14,-13.8643,-0.726,0.774,0.5086,-0.6205,0.568,-0.2454,21.593,200.40657,30.08333,0.27917567,3.7803583,extreme_variable
