{
  "dipole_axis": {
    "l": 52.0,
    "b": 68.0
  },
  "axis_cartesian": [
    0.2306308479691594,
    0.2951940239837197,
    0.9271838545667874
  ],
  "paper_params": {
    "A0": 0.003,
    "p": 0.5,
    "q": 0.5
  },
  "spherical_harmonics": {
    "C0": 5.445423278149734e-38,
    "C1": 5.081259372579482e-06,
    "C2": 4.903119966986139e-39
  }
}