source_id,type,n_epochs,mean_mag_g,std_mag_g,skewness_g,kurtosis_g,period_g,amplitude_g,frac_above_mean_g,mad_g,von_neumann_ratio_g,mean_mag_r,std_mag_r,skewness_r,kurtosis_r,period_r,amplitude_r,frac_above_mean_r,mad_r,von_neumann_ratio_r,ra,dec,recon_error,error_sigma,lc_class
88444,anomaly,248,19.847204235734203,0.6602981085907169,-0.12545877550114723,-0.8777443748717157,11.1190195511466,2.769673109464673,0.5282258064516129,0.50178330139431,1.8750447700751245,14.59885042447386,0.24984656590063697,-13.53749022746682,196.76969599322646,100.0,3.8608315451535375,0.782258064516129,0.017062130794905705,1.3104591579549512,278.52767182458524,32.87964807896846,38.033253,48.4406,high_amplitude_variable
12190,eclipsing_binary,101,20.89785163129316,0.06774749481313444,7.160917149188752,62.28120797351431,0.14529611458599762,0.7190521077299685,0.40594059405940597,0.020934314386252595,2.0021694053741133,18.81268217013768,0.46847850197096064,2.670742364328653,5.173643192765612,8.48078717448469,1.663178802053526,0.09900990099009901,0.02346040076734468,2.2550309616209083,55.63721500810634,54.820150827729194,20.259853,25.627539,short_period_variable
824,anomaly,275,19.616667191328887,0.1889527307345002,-6.012777069033469,41.87414897968149,0.1830953777115898,1.8510502904753068,0.8290909090909091,0.022287624156987818,0.20927789328642435,15.740331671639195,0.18477847710077983,-10.798313130097728,134.68452009160265,71.44490495926826,2.63483904729288,0.730909090909091,0.022645478517514306,0.6501431530163764,70.58476415986524,18.46210247132383,19.792887,25.028164,short_period_variable
41681,eclipsing_binary,67,16.468201449685196,0.08101716085631767,1.6236196858348968,1.9948093228554606,5.818338415698689,0.3890095028808247,0.3283582089552239,0.02990080264044792,2.3167811606951654,14.666699498282492,0.21227292541972168,7.768988493761691,59.59972775308961,33.35112415771565,1.8193969955444675,0.16417910447761194,0.017211679626184306,2.045345516030733,359.13887266221894,63.663937731242,18.74287,23.680414,unclassified
22657,anomaly,285,19.242509942592346,0.4111145600667945,4.746739754698568,20.68515934358667,100.0,2.23844125750432,0.042105263157894736,0.024361391798581877,0.20205168722506903,20.887997173825973,0.3297622171268792,7.271598792555407,51.27543300306396,0.49544397687201314,2.608830787651055,0.06666666666666667,0.018751616228360746,0.4250602473767583,31.78838789973423,1.2918649271231075,18.497833,23.365896,long_period_variable
14186,anomaly,295,18.855826248189576,0.6612314876881081,0.013320608874577785,-0.9268403416023161,26.33131419541743,2.6562876508071476,0.5050847457627119,0.5207828941383568,1.2063214650489347,19.88030403162499,0.1872280801640849,-11.685929360625433,157.63678692541842,83.34444814938313,2.833455055750445,0.7423728813559322,0.020443298974356594,0.7254948235436697,83.30548655763661,46.96164961806774,18.155836,22.926926,color_variable
16121,anomaly,213,16.57830824007326,0.6573719084837013,0.08776634914023963,-0.9813250911922493,100.0,2.5353875087200066,0.49765258215962443,0.4923477747054328,0.6430127489100782,15.159506258754487,0.09836522927934092,-11.68974720477427,154.82346137310088,0.4752122484792543,1.432150058855676,0.5633802816901409,0.022028532915246757,1.5905454101939305,152.41603370483602,67.53497057135584,18.009623,22.739254,long_period_variable
98557,anomaly,234,21.07207101287535,0.7167316101977715,6.601126934678793,41.661537477712635,62.51875937968983,5.057737893034773,0.021367521367521368,0.022105240138289517,0.40630329620852784,19.561038086476906,0.6123750088608966,-0.04633131301264494,-0.5873899003493981,71.44490495926826,2.7094595264719494,0.5256410256410257,0.40591304815989915,0.8980012885221568,329.851291706508,61.551959358913194,17.945705,22.657213,transient_candidate
75501,anomaly,289,14.289329629599136,0.1582821677173292,-11.050714326344242,145.7065006364221,83.34444814938313,2.365662713183463,0.726643598615917,0.0204600853050394,0.8210987011105626,21.17686228029165,0.5507714954426128,-9.642118892904683,91.09969140949836,0.21448758748017202,5.5151966644417705,0.986159169550173,0.012897247439845216,0.6773493329532175,13.773709869219907,17.25103023158899,17.49609,22.080109,high_amplitude_variable
10112,anomaly,78,16.19935073494533,0.7282831027682986,-4.793838173293969,21.00432900546286,14.295518888158083,3.865008075062761,0.9615384615384616,0.017773593497523166,0.6920898497970916,20.277449678747946,0.663937946170124,-0.08776732322206189,-0.8450966743314194,100.0,2.6395144710515375,0.48717948717948717,0.5337724221072442,1.3400108350157778,79.29046197303668,11.089038395188787,17.326061,21.861868,high_amplitude_variable
44092,eclipsing_binary,78,20.12507427239056,0.12557664542205932,7.929346333848146,64.76049097504935,0.13509715428478772,1.1466568107213746,0.2948717948717949,0.018031522444108106,1.9945749908896717,17.520570216127428,0.14710046164983573,1.9335981606565782,2.0868280785085203,2.9434624397941516,0.5417472787765831,0.16666666666666666,0.029028883369200287,2.1009776399499747,136.11753026244247,1.2834688694924026,16.365715,20.629213,short_period_variable
53634,anomaly,253,20.598690722647476,0.39735663209686845,6.839827486468776,45.09009533708993,50.020012007204315,3.009242166198586,0.05138339920948617,0.02163104592026599,0.41221539400441,21.317009030856223,0.7046070954788933,5.338172107438425,26.556422997882326,71.44490495926826,4.136553062951936,0.03162055335968379,0.02309483686834568,0.26651368057154756,160.56739859505876,-18.574272420791452,16.255117,20.487257,transient_candidate
19477,anomaly,280,19.421724927288004,0.5258183043960978,6.579517131829547,41.431555699250374,0.11508738261040928,3.73656044205919,0.03214285714285714,0.019255846814070665,0.33973150049659756,16.743802385076812,0.47981284614892933,4.488027665891459,18.23528599151394,100.0,2.4916210462484827,0.04285714285714286,0.020860019614035608,0.1887958556975571,189.2017555392419,45.204435968206056,16.03867,20.209435,transient_candidate
72791,anomaly,287,19.943191605506883,0.4464609162932153,6.129087004231989,35.728695219408124,100.0,2.976834464762046,0.024390243902439025,0.019648041196671073,0.3006175665721558,14.601073515626203,0.8055920867576013,3.4829861994627533,10.151534360477848,100.0,3.3888218983401064,0.06620209059233449,0.020748733747915082,0.1155402945671198,237.85349286004632,88.18015359799455,15.979324,20.133263,transient_candidate
57926,anomaly,251,16.585746093588313,0.7041546328722753,-0.22250013811398692,-1.0270719360950824,100.0,2.681086585234784,0.5139442231075697,0.5928661100106787,0.6003544261568093,17.01499070985626,0.6388922835131272,6.849047548489172,45.0195058143709,0.32877732192817805,4.675552486898937,0.02390438247011952,0.021362238708842796,0.4120296972832861,211.97065159144162,26.652082802934423,15.55956,19.594473,transient_candidate
11194,anomaly,291,15.27036608816598,0.3061382356938215,-3.5320607665994883,12.063470869284162,0.35922394979631517,1.657332320065244,0.8487972508591065,0.026433346799146662,0.048081983728768235,14.676172989639646,0.40525057316438845,7.374451382643837,52.67347172887607,83.34444814938313,3.215424422326743,0.048109965635738834,0.0188680416204825,0.43082274728849024,154.51629561494275,1.4516354349707967,15.249998,19.197134,transient_candidate
63967,anomaly,286,17.67130862596244,0.6213131908939894,6.665075122422712,42.517349628304686,0.16974210337596296,4.473271111813965,0.02097902097902098,0.019715075243103897,0.34068424342116405,17.99386027094189,0.3648932067487712,-6.4632025544266885,44.38785255109786,100.0,2.9848847613065974,0.9090909090909091,0.02125689063447922,0.15976885791499182,241.05379645718446,72.55200110196176,15.157172,19.077988,transient_candidate
16630,eclipsing_binary,73,18.640119355431864,0.30930520688000623,2.260624153363754,3.203618543865062,0.38169250351036466,1.0418784790495188,0.1232876712328767,0.026988839521191466,1.9009885240640618,18.75806748831642,0.20826887765089988,8.102896932296106,65.1103145582308,6.67164916120594,1.8450103320025981,0.2602739726027397,0.02512291844615433,2.0872832931159238,317.0198679021673,-24.01629985304553,14.992793,18.866999,short_period_variable
7330,anomaly,217,18.33447460032182,0.49095774162598416,-7.4944410030591655,58.30383619003385,18.53060014086073,4.502557980039475,0.8709677419354839,0.029016411495522476,0.37615726030020125,16.093151884747698,0.08982214222779832,-11.937465239802412,160.1505115365734,0.26364559787269276,1.3123612905948985,0.5714285714285714,0.020446198388412995,1.6010689817170838,215.99760354135148,47.5047239627296,14.808072,18.6299,transient_candidate
77327,anomaly,231,16.385523680187685,0.708859789573574,-0.03056060796326943,-1.0511053386084346,10.877322772966622,2.6890731880387637,0.5021645021645021,0.5771436749058232,1.5403291399805208,19.273760222354003,0.1785296881765475,-12.768761476365038,177.05104159503531,0.12893581142512114,2.6486890581415707,0.7186147186147186,0.022637953454349713,1.375091857488993,312.1378897991897,9.062886405837475,14.735035,18.536154,color_variable
70640,anomaly,88,17.79172204928017,0.7279530041986186,0.2262010448373596,-1.1233446671656298,100.0,2.7280494931800447,0.4772727272727273,0.6043026227905894,1.1640231247741475,19.00504203082016,0.6598304307948677,-0.12675591897220698,-1.1106041219135525,11.636135099276087,2.4008085826018153,0.5113636363636364,0.584039528352406,2.0790346594258855,40.979415437805116,32.57169431967929,14.689747,18.478024,long_period_variable
6479,anomaly,278,16.835595293775622,0.1829142705590699,-9.332511384038709,101.09506828402519,0.12569703519441552,2.4273736527365646,0.762589928057554,0.020677960818588303,0.4685131550824189,19.96040631529686,0.3812871074201838,7.187826841587644,49.996192166942244,45.474392795415255,2.952318612854132,0.0683453237410072,0.019553661928297217,0.4127408963783248,14.785179765483276,25.943174045080724,14.481229,18.21038,short_period_variable
46511,anomaly,263,18.389100241616624,0.5318367878640406,6.364911315662762,38.63657265820201,0.7028055988257986,3.683425880217964,0.022813688212927757,0.021363575470140006,0.3503050334058648,14.92371676001345,0.5422292571508319,6.359470884511153,38.592654535559525,71.44490495926826,3.7502576758634554,0.026615969581749048,0.02263076187782076,0.3496255710803904,346.63574613294946,23.746554520961226,14.429304,18.143732,transient_candidate
81235,anomaly,230,19.143350252993734,0.2538579539583313,-5.520314410239711,33.444824031158305,100.0,2.01259817685645,0.8739130434782608,0.023835933901406037,0.18818082087337606,17.712581447233084,0.20754765226863142,-11.91500561948036,157.72958828290945,0.11364977182517805,2.9923571838727323,0.782608695652174,0.018466761744784677,1.0788564306545207,56.595122568970275,66.58439951854679,14.408482,18.117006,long_period_variable
79928,eclipsing_binary,71,17.11778458183369,0.13746752245460808,7.716268228049099,60.303159768988266,0.20424472759334422,1.194817096234896,0.29577464788732394,0.02352217855363037,2.116051733487178,16.83157212233767,0.14126102361179182,3.516583272656297,11.325771487635953,0.20048060804296597,0.7263308856724677,0.14084507042253522,0.021197903146433106,2.2081092530270494,169.2436813529261,69.09958851074988,14.399033,18.104877,short_period_variable
14053,rr_lyrae,93,15.957483368698108,0.9977562083166346,-0.10753516794525651,-1.5617353512894725,9.440803761968612,2.8430746438425754,0.4946236559139785,0.9789332306263496,2.049623510704344,21.126025047129207,0.9930246677868046,-0.07787642188438074,-1.4891852092281934,0.17423387979361005,2.9157766168652977,0.4731182795698925,1.05625989837678,2.0643128314987536,75.55760459963926,88.05609885191284,14.39257,18.09658,unclassified
56240,anomaly,278,17.49308822175959,0.439595034359326,6.536222244152697,40.949776812467476,0.1537798969468584,3.159799070616266,0.03597122302158273,0.023146717549636264,0.3571450731703105,18.319643272991417,0.1265298854587842,-6.277989560987046,42.6220227658812,41.68612408272181,1.1728301259750893,0.7517985611510791,0.019898277293730615,0.2978462998728671,309.4837163530487,36.14164211364972,14.1803255,17.824156,transient_candidate
84753,anomaly,293,20.591512718095828,0.05965112161154389,-7.640237739127792,87.50674637497042,1.158323524232341,0.8443511867617168,0.5631399317406144,0.01893948889138386,1.0848035787274102,17.712656380836396,0.4174579959862883,-9.695218095767768,92.23279565509637,33.35112415771565,4.244701242877337,0.9658703071672355,0.013494876080034857,0.6759745511804102,172.48449820738534,51.30221040541561,13.696939,17.203705,high_amplitude_variable
93764,anomaly,294,17.379632006259524,0.6820387697531215,5.796241912281008,31.66313751758171,100.0,4.308891643977532,0.027210884353741496,0.020778131111496734,0.2617102257193396,15.163772320063304,0.251715800283317,-5.724066185398351,34.57201744937873,100.0,2.185372797120298,0.8809523809523809,0.025103876790830704,0.10649837091307898,267.66645167232997,5.074045086473916,13.630817,17.118834,transient_candidate
2299,anomaly,276,15.476468361101185,0.44153396028991926,6.50958587833741,40.60729862828355,0.4142373690333743,3.1519239416624707,0.03260869565217391,0.022808394726336445,0.3491612350291244,16.756965253518093,0.24705207333606227,-5.82792156586531,41.88227092934552,83.34444814938313,2.574001092069228,0.8768115942028986,0.021911070637571584,0.27954531362440505,330.1875422065749,27.492056585038718,13.3911915,16.811262,transient_candidate
69137,anomaly,194,17.99213081184779,0.6731995020575161,0.07341673788518563,-0.8419943899090669,35.73266619013581,2.682743649495052,0.4793814432989691,0.5092632467257125,1.4299664002867218,19.835091249715997,0.20201676457704057,-13.139622178385434,176.47403304949017,0.2815977900291061,2.8483311392903374,0.7010309278350515,0.0214568866968321,1.766965312393017,140.1897839378563,77.0571610299375,13.170709,16.528261,color_variable
91134,anomaly,287,20.360661918165306,0.4636429121122559,-9.598076125788904,90.31435145403074,13.522871750480158,4.626410921700497,0.9790940766550522,0.014863164091739378,0.6825367871806367,19.597594699011623,0.6652290335283184,-0.15799972698076245,-0.7951393331432342,71.44490495926826,2.8040743635590495,0.5226480836236934,0.49244029068385586,0.7998628527421339,23.233031654428324,20.282051811878446,12.832058,16.093586,high_amplitude_variable
38034,anomaly,219,15.4154602333423,0.7688093803706814,5.776260803774333,31.425645805417687,62.51875937968983,4.83349238654354,0.0273972602739726,0.023633719827911293,0.3404591288757534,20.807867000661282,0.22888119135823362,-5.334830517103035,30.1186596460242,100.0,1.7517540378658545,0.8812785388127854,0.02099676835283759,0.13964243565583528,37.99975577970256,2.976390425787372,12.752597,15.991593,transient_candidate
31572,eclipsing_binary,67,21.078817740129274,0.7637473456809541,1.4279019172375291,0.04894397084210489,2.5145242825884657,2.0572189440432,0.208955223880597,0.028202812235154084,1.8383082735911633,17.469835240462533,0.13900532267256444,7.520504002578179,57.03468373213026,0.12181107903319187,1.1866228729860353,0.3283582089552239,0.019448393947573805,2.173649096370288,289.7789021436095,2.4978422848090034,12.616429,15.816815,color_variable
29802,eclipsing_binary,70,16.472087418156487,0.17569531062292437,2.8334383251140998,6.385178515803853,2.4409298873529655,0.7409542825959718,0.12857142857142856,0.023928750275098665,1.3060296249184702,14.547099662355066,0.2113373861242054,7.886858140853065,61.801540388218214,0.10283600259856847,1.8402288083854792,0.2,0.018698591936581188,2.0634828946763544,9.378420894653136,-14.186908868254239,12.49298,15.658361,unclassified
58196,rr_lyrae,138,15.374892932266937,0.8874914555313811,-0.16115908828949144,-1.4886264662970206,12.829462337995636,2.546506694768693,0.5072463768115942,0.8696126999007827,1.9398876606477649,15.678478802582813,0.9268314282875391,-0.049417846806392905,-1.5572507626416299,0.21221354991369668,2.7034270905263913,0.5289855072463768,0.9380343052570268,1.8462306151799033,255.30893149315935,79.51742783934274,12.415904,15.55943,unclassified
32124,anomaly,236,19.163862195472902,0.27499796594734327,-4.5208098662922085,21.411793157242883,100.0,1.9831451441471266,0.885593220338983,0.024718397920629798,0.0994155663561589,16.295988401638244,0.662881786891285,6.631577270730563,42.06359053628467,0.12970447928023485,4.696097788136985,0.0211864406779661,0.02077646721593318,0.41225175619879745,109.93378564047141,43.539781368046505,12.094959,15.147482,transient_candidate
99121,anomaly,261,15.11831614870269,0.25446998720951536,-6.140330984270188,41.038170454078376,1.0191371074772737,2.2012771927740467,0.8544061302681992,0.02369481293449205,0.18639251393553763,20.770965787939428,0.5993413443326064,6.988930918572766,46.97681693556308,62.51875937968983,4.4933178994431415,0.019157088122605363,0.022181836204278937,0.4164180237020349,50.178307181810254,55.94083753370872,11.857445,14.84262,transient_candidate
49593,anomaly,266,14.357219689691558,0.37011959159485275,7.007725295893023,47.51234366262432,0.3811111000990325,2.8624797060393785,0.07894736842105263,0.023700272539709744,0.41939687955524346,18.300281152834874,0.6791027354358496,-0.1039079968008544,-0.9576715152227204,62.51875937968983,2.7812393860347164,0.5075187969924813,0.5101544896287233,0.7132259573842192,83.9403867450142,45.91270574121401,11.8459215,14.827829,short_period_variable
98773,rr_lyrae,264,17.920695120023687,0.8395675037554926,-0.07669962701715663,-1.4569625144748992,9.26598702502317,2.512736240872396,0.5151515151515151,0.8246637648869903,2.2476544337205056,15.596492701868435,0.976289484199122,-0.11213992946409651,-1.3912273692606614,0.2697570459795731,2.9509410911606118,0.5075757575757576,0.9125260771208588,1.8381557998252673,272.9676033481525,-2.5668238509002173,11.839461,14.819537,unclassified
64063,anomaly,288,14.199308803113686,0.5190366797254856,7.352128768987669,52.25235764013507,0.13509715428478772,4.0999521378805674,0.03125,0.021824191630627432,0.4145649168288902,15.460503108383177,0.2237739469217852,-5.127732888420342,29.74051971683499,8.778337752647198,1.900152521745401,0.8576388888888888,0.025601353478047706,0.11878608789085879,121.3952519367063,80.16076921982611,11.696651,14.636233,transient_candidate
36247,anomaly,286,16.143782288115855,0.22960029223458303,-3.940549077158478,15.75965226247796,100.0,1.4469715478395848,0.8706293706293706,0.025022247168285716,0.05992325412975988,19.573988113353032,0.1263141268444407,-10.317586437981927,126.49718879839872,1.8533073324089655,1.8086382704074175,0.6538461538461539,0.023788789943216315,0.8235218212272414,26.20497762342614,-22.71954625657694,11.556533,14.456384,long_period_variable
75290,anomaly,259,18.428212430914563,0.6594390865580068,-0.053189033405489056,-0.8700477953394028,100.0,2.7936583169624676,0.5173745173745173,0.4989459571088588,0.6919073350203295,17.83426901364473,0.3880006668162331,6.278767883250159,37.69332013263126,100.0,2.677491434279922,0.04247104247104247,0.02294517045319111,0.3514583827790077,34.367742620194186,59.73937844389886,11.513912,14.401678,long_period_variable
44705,anomaly,192,16.380689995443742,0.7312401092318201,-0.09914671095191446,-1.0814783598203592,100.0,2.8473463046769236,0.515625,0.5956828129679641,0.6217725596623871,20.750528999710358,0.5957308608464152,5.930784083952809,33.26584659090677,0.1880494729235467,3.8444997010547084,0.026041666666666668,0.01829897542772052,0.41428920837525585,195.69805799917123,46.38816141483501,11.476096,14.353139,transient_candidate
91202,anomaly,295,20.391591757030874,0.4190454486849293,-9.73124059367722,92.9185186743749,0.14338103905505614,4.2445284878254945,0.976271186440678,0.013846710739052526,0.67948353904116,20.490911806433157,0.5158801210971278,6.758469114495929,43.85777109594216,71.44490495926826,3.7839038566281147,0.02711864406779661,0.02113273859947995,0.3512011798234437,226.33767210269275,-9.278795443294637,11.358484,14.202178,transient_candidate
8440,eclipsing_binary,64,14.325831946387606,0.10745919910514928,6.959526465750474,50.387583024566034,1.8954273147797072,0.8838953916529686,0.390625,0.023298427724876447,2.110245204765322,14.63589954894676,0.08185002400396137,1.6073656492679116,1.3797661304195854,0.12485027457569887,0.3283809899184309,0.265625,0.024293605208422164,1.5353920257504987,226.6053218753541,65.7061709177,11.341283,14.1800995,unclassified
51337,anomaly,297,20.54702661162661,0.3218307274219361,-3.1291589613000705,9.59261195250154,100.0,1.9308025854721862,0.8316498316498316,0.031088504210423196,0.039408183279735824,21.353485758104995,0.6482088846343441,6.2569484163490205,37.258966014812636,0.293833954132749,4.39668845820146,0.02356902356902357,0.023489561048688046,0.29448863526872443,305.8923185417326,50.85703377867449,11.334934,14.17195,transient_candidate
32248,anomaly,209,17.778250620613782,0.6274869521288728,-0.15808540219021566,-0.6457955846282091,3.5488382328929524,2.621118572165237,0.5358851674641149,0.43794991138113204,0.9262694791129626,18.712006920196398,0.16945168419772558,-10.15698795771688,117.5669533590736,50.020012007204315,2.243372092262856,0.7416267942583732,0.022125388281519776,0.8563626730765139,173.6292597140109,3.0107346702842364,11.318804,14.151246,color_variable
49718,anomaly,224,20.8957266920473,0.22161405091401254,-10.843729334867133,133.85862626171223,100.0,3.039309986895283,0.7767857142857143,0.020199488904196983,0.8775064846484318,16.754233266865153,0.8552803164432505,-8.460616999370073,69.61624176512885,0.15956625047719852,7.5036589571935846,0.9866071428571429,0.013531036483035663,0.6833392223830799,319.35824971177624,55.097681858574134,11.314209,14.145349,high_amplitude_variable
3147,eclipsing_binary,62,14.83931957819507,0.2846470179317958,2.6943357133228663,5.394075474392732,5.498663557467028,1.0857311598002806,0.0967741935483871,0.02242086857996828,2.0371579024644135,16.025153981962937,0.15162658746543745,7.282776278573645,53.02923841948158,0.19968060689483275,1.2374835964687705,0.2903225806451613,0.023442869044007608,2.1487885523732464,13.075064911733314,87.43329799640632,11.265346,14.08263,unclassified
67660,anomaly,254,16.732040291659818,0.6535625654207678,-9.025093279689877,79.53099513249428,0.10064360366512637,6.122827751257976,0.9881889763779528,0.012149827535530733,0.6799823965465246,20.89672889933507,0.5961677210607808,6.890993910234462,45.60927320475505,100.0,4.426275539893162,0.01968503937007874,0.019425990730239207,0.4170752846214217,35.892977448269285,39.82659594319637,11.064201,13.824451,transient_candidate
76409,anomaly,251,19.114941727168222,0.6236573851608986,-0.18063527961431614,-0.70597080155353,31.267200400300222,2.7468160952306846,0.545816733067729,0.44237851772355086,1.1303947369525933,16.492157778746588,0.5618116233980134,6.842707765636821,44.96372089125672,100.0,4.134125507701189,0.027888446215139442,0.018177145032879594,0.41651604007967674,296.00035965091274,-2.102255360500955,11.05288,13.80992,transient_candidate
68592,agn,193,21.019531237483637,0.3946654080781157,-0.38734658278927997,-1.0827643089364927,100.0,1.3822950469617155,0.5492227979274611,0.3252680452847301,0.02973049133022715,20.541061605279197,0.09522538162306478,0.7661063193924498,-0.3370618040305322,8.935082576678344,0.3953619092110401,0.39378238341968913,0.05440191495303992,0.12682524291383251,26.212903019785085,83.13807206578798,11.04215,13.796146,correlated_variability
94609,eclipsing_binary,68,14.370737828855253,0.3459264922015626,2.1499408995215403,2.695819788496636,0.29504670933502053,1.1612687506144894,0.1323529411764706,0.029399908208689318,2.280572398606302,20.437946653582642,0.19966837973202436,7.77787476243385,60.02428283778602,0.33902374183467526,1.7253153401852686,0.17647058823529413,0.014964493357654263,2.045982316037262,195.49448907059008,46.0395787131513,10.954047,13.683063,short_period_variable
68226,anomaly,294,16.68296694097821,0.4668057249812191,6.213193334503244,36.757387890896915,100.0,3.1781087813308204,0.023809523809523808,0.02104815948210792,0.2941831577207626,16.254011225732445,0.7074549907444817,0.060806577757662975,-0.8917192478559266,38.480486490647365,2.991684647451713,0.48639455782312924,0.5501594567720591,0.9758654675698943,17.770965387006804,60.62435084811028,10.942607,13.668379,transient_candidate
58808,anomaly,188,20.229023644812056,0.13056783516143128,-11.01235038727521,135.57721351241048,0.24457449712763177,1.7398834236131009,0.6329787234042553,0.023899849003550244,1.4202068277716966,19.402452836910843,0.24707519976572048,-5.67643388362773,33.35047168498861,83.34444814938313,2.022900386154685,0.8829787234042553,0.019759996474904895,0.1961631338924238,50.93477602934605,45.058648364137895,10.938382,13.662956,short_period_variable
65758,anomaly,255,20.604062623213952,0.6505154612674204,-0.09903862672932302,-0.8154635916985136,0.13853816325942414,2.7056963157426956,0.5372549019607843,0.4671449537510419,0.8669119935726447,20.425300368579272,0.673963739204469,6.909785995971241,45.8433330298255,100.0,4.9640390572562865,0.0196078431372549,0.0175075165869103,0.41689581027967315,186.6722345197063,-10.815542198907558,10.892913,13.604594,transient_candidate
56233,eclipsing_binary,68,19.690081205195142,0.30143275648652607,2.5785507937996544,4.740107318155429,0.20449512938336065,1.0820493550975314,0.10294117647058823,0.022350854978496315,1.92658904632921,16.943102456205096,0.18257913595858352,7.810039355442384,60.34158709588081,0.2914381091910566,1.5576193551759765,0.16176470588235295,0.016275281331990854,2.0874387025800445,217.3894196508062,0.7125258369682221,10.891522,13.602809,short_period_variable
41237,anomaly,125,16.240524224794537,0.7070638064402863,-0.21342759619642673,-0.8243637360223146,100.0,2.75651200266463,0.536,0.506008365365588,0.8644226104469116,14.952707480094881,0.21390172590380335,-2.785884574824427,7.792431733083939,8.935082576678344,1.2417808505911108,0.8,0.0294971959764343,0.12854482320483848,246.221871750918,26.38346074879363,10.885027,13.594472,long_period_variable
45163,anomaly,298,17.46778533681166,0.5734987972296701,-9.798237827383234,94.12174433570617,0.16257301801734417,5.806729147644225,0.9899328859060402,0.015676371535846556,0.6789168230005945,15.522001086556887,0.556364877880823,6.80415986079103,44.432657269643514,83.34444814938313,4.063557521635746,0.020134228187919462,0.021141122438086413,0.35101949796433435,277.5223176451188,-13.675411141911084,10.841702,13.538862,transient_candidate
68248,anomaly,286,14.652241599717467,0.6314860485060444,6.6626638060704275,42.49734636210124,3.5238471190311706,4.523798142762239,0.02097902097902098,0.020717433464355395,0.3467370552575984,20.8748266319762,0.6707674622975337,-0.0765639728189416,-0.924906762371688,83.34444814938313,2.6288494075012956,0.513986013986014,0.49982118124231256,0.5862981558349246,345.1288287061649,12.464582882439636,10.80443,13.491021,transient_candidate
81361,anomaly,279,20.55214134249673,0.8819532199815074,4.4966729551130635,18.24951529787579,0.10505983198413027,4.456313295156775,0.043010752688172046,0.021778872253268133,0.1776603772377573,14.642088036468941,0.16050990062795534,-13.163110189006003,194.00455885312888,0.2419726458128422,2.5461069610643534,0.6702508960573477,0.021773916498151635,1.1122765927222353,327.3380319705655,84.44585759595618,10.689963,13.344098,transient_candidate
13700,agn,194,16.91602163703338,0.1910543653318089,-0.08062897080066875,-0.28761812520819774,100.0,0.9117422084982856,0.5103092783505154,0.12105360928041264,0.1386370080333042,16.725302786782926,0.28739060747170636,-0.04999327925717467,-0.8236651233211068,13.167044197439816,1.2578177661176575,0.4536082474226804,0.23052706466759076,0.06020507459931967,266.8857590850399,4.841440589022071,10.531676,13.140928,correlated_variability
95842,anomaly,193,15.929497739299816,0.20406783359903413,-5.028005405276511,27.98519550791862,12.20369601835803,1.7175477621358155,0.8290155440414507,0.02312686806011932,0.1839653183849302,15.82474725951551,0.6755494673385887,0.08930369170757273,-0.6502035972217608,83.34444814938313,2.9010980414204646,0.48186528497409326,0.4495866068349361,0.7687381918430732,318.3964595317879,-25.740060189553237,10.525662,13.133209,color_variable
29883,anomaly,205,14.574058900693112,0.15082397535006092,-8.716878349961386,86.7080997182202,55.57531962201222,1.8109626428267873,0.7463414634146341,0.019393109508692774,0.6470388556149778,15.441432082013263,0.4116407776875861,6.118268381635104,35.64565569467308,0.1308234971457762,2.768525034629006,0.04390243902439024,0.019400666509190145,0.4229534082770928,265.46179329926446,42.584895425208956,10.518781,13.124376,unclassified
79691,anomaly,116,14.677188596471462,0.466713779901317,-4.8170648867862464,22.13431672612179,17.868887617958247,2.7936561091288095,0.9310344827586207,0.027753675765011643,0.3633033483447937,19.793099980504532,0.7199552175838517,0.10675395807005233,-0.8846196607310275,83.34444814938313,2.7587913288135404,0.49137931034482757,0.5679784097329375,0.9189989580371625,269.11258497412894,13.261985309750145,10.471082,13.063152,unclassified
7339,anomaly,295,19.735692259942805,0.4999685904629025,4.418615280833,17.610129031912983,100.0,2.5814645516734487,0.04406779661016949,0.02204606283096311,0.17019297529924646,21.08594395602306,0.36712330215230937,-3.3953472750140694,11.185279699015627,100.0,1.942743906810204,0.8542372881355932,0.03472518361617816,0.02896738064004224,221.21862194363283,6.0759341568313445,10.432861,13.014094,correlated_variability
77979,anomaly,187,16.585018043075102,0.7332615339018936,5.852636039815509,32.31646537757915,0.9283797461302032,4.649867475574855,0.026737967914438502,0.02014007813444607,0.42552780125452394,20.836292949057135,0.27764876189875715,-4.827341599201328,23.66138692209621,100.0,1.860527144500871,0.8877005347593583,0.025282989167305203,0.19176640203800294,171.29005301924525,35.060417024785025,10.418626,12.995822,transient_candidate
85280,eclipsing_binary,71,17.870831188773284,0.07945895915563483,2.414687599806607,5.272142542086998,0.19833515904305565,0.37631475388761615,0.30985915492957744,0.0208746744811954,2.4037581735936597,16.96588164677152,0.06716983187208479,6.408176627230064,46.829795275437874,0.1568159738353536,0.5757584320123037,0.43661971830985913,0.020367117626481246,2.0372787894698186,47.41971627768882,23.053091082233045,10.400752,12.97288,short_period_variable
12701,anomaly,286,19.51684613401988,0.42924525591372065,5.681925666107762,30.4686613167178,100.0,2.7396350042333495,0.04195804195804196,0.022827628696248325,0.267508363689666,18.580994436660074,0.6765296756522752,0.0458034091441802,-0.8047773960196261,14.295518888158083,2.928118102540168,0.493006993006993,0.478869977337661,1.6953649020382395,350.7503415043336,59.71196661640299,10.364953,12.92693,long_period_variable
11124,eclipsing_binary,80,17.400565392402747,0.309502445267476,2.637236495387491,5.03480692708813,0.8983784619200031,1.1401420212487068,0.1,0.018334903797326163,1.555334169091563,17.849954639716834,0.06602300198639778,6.20963277543011,46.77724831059287,0.5907887070602736,0.5908357818148602,0.4375,0.01717798611340271,2.171514913173733,11.911868424752443,5.657274026425441,10.319393,12.868452,short_period_variable
25551,anomaly,300,21.209107504911735,0.980977639598009,4.124460207530554,15.028386497909704,0.8044970726541805,4.62631066948089,0.05,0.021031433353995155,0.14425296614732364,15.896211911087915,0.08183798175577128,-11.673831521911264,168.91255133524945,1.202874000211748,1.319613790743274,0.5733333333333334,0.01956208683658911,1.2872864643491821,285.42697463960246,51.01962315666957,10.200635,12.71602,transient_candidate
63945,anomaly,222,20.55784036536169,0.6632877049792077,-0.07502526241351473,-0.8723160838446979,4.135403654773624,2.7294158898401406,0.49099099099099097,0.5349210824588084,0.7330424808022653,20.788529654343932,0.12086447234251982,-9.852686487314363,113.88827556453823,100.0,1.6228204168252915,0.6801801801801802,0.020026924563248727,0.9434087226527145,135.41934314947443,35.6403334189808,10.200359,12.715666,color_variable
58929,anomaly,213,20.452698471276175,0.7874117547855515,5.693720103269487,30.459418179453934,71.44490495926826,4.856824299732427,0.028169014084507043,0.0185369051646731,0.3486387276950818,19.11069940211331,0.6287148724389351,-0.04520922997598402,-0.7889527107419285,83.34444814938313,2.6631838883635126,0.5023474178403756,0.4781092298299541,0.8660257373489263,142.0924822873687,31.182173771514805,10.183279,12.693743,transient_candidate
55228,anomaly,123,16.70076612391266,0.10964754443331175,-9.722613525343943,100.61369380711146,6.854424044644937,1.2669033158106888,0.5853658536585366,0.01910186083286547,1.8660149467306648,17.81435231161741,0.6507949207909303,-0.010940399964081787,-0.9329697741181633,83.34444814938313,2.522923248497378,0.4878048780487805,0.5173108320816588,0.8000209875759476,67.3902117457957,84.26139322515404,10.181918,12.691996,color_variable
4418,anomaly,274,16.626234035095322,0.17361639861514436,-8.143280629186785,69.65521156773369,100.0,1.7745099207514379,0.7992700729927007,0.019432473939358985,0.4420835788639674,16.13047056250244,0.7110718531282302,5.996181528829474,34.031922850056276,50.020012007204315,4.611543753618367,0.025547445255474453,0.0218815476541252,0.2976523612964133,251.64898633121825,34.88650434110852,10.112995,12.60353,transient_candidate
57332,anomaly,271,20.7811241805911,0.6903947031584802,-0.1378367840963378,-0.8823545885621074,1.4892691588116826,2.699904322187127,0.5239852398523985,0.5399308148404209,0.7693662029579564,20.64793780092352,0.4235528917881059,7.098367773560082,48.67828754845949,55.57531962201222,3.2668595747026252,0.05904059040590406,0.02029119011306335,0.41760900716658805,9.206735552613935,35.95304463121502,10.071126,12.549788,transient_candidate
39920,anomaly,299,15.026532529757779,0.7099123273330498,-0.07157142842391166,-1.0388513828162944,83.34444814938313,2.6796574614838367,0.5083612040133779,0.5813606473800821,0.5965797412750469,17.882791650071287,0.34861191260109087,6.777735967635242,44.25536961727149,0.3858125332347514,2.571685610129258,0.05016722408026756,0.020325038947184737,0.35003778762002835,280.09983793447964,2.860447268203586,10.038945,12.508483,long_period_variable
33329,eclipsing_binary,61,14.512928125028486,0.13617171661261784,7.094463488821934,50.85144100395112,0.3408712776229155,1.1098875188859996,0.29508196721311475,0.02233986511799735,2.0060825572162915,17.662367824396114,0.45334715142344667,2.1743882056446413,2.7561272799035423,0.1882617180585882,1.4491008449982345,0.13114754098360656,0.019538573331196574,2.3303792815524957,136.99862823918377,32.64985006375634,10.019486,12.483506,short_period_variable
87412,anomaly,288,16.501158888165644,0.6735000552459747,0.007755020219522067,-0.9448889981436115,35.73266619013581,2.7954638210384193,0.4895833333333333,0.5046241102788303,0.9626972571045158,19.178618293067213,0.3433168543049425,7.307183800628767,51.81691555545038,0.10040128378676927,2.714356402181096,0.06944444444444445,0.019245906199172325,0.4142414457916558,195.20488689657464,-24.475445035301586,10.013432,12.475735,color_variable
77006,anomaly,265,20.488443057289654,0.3972952034243459,-9.208206455577288,82.98374391487428,0.1685982902062572,3.8310443210201086,0.9811320754716981,0.012768014283299323,0.6869136966089797,15.114574489195505,0.19805924875817904,-9.585326518193735,105.36222837315334,100.0,2.6197588747080243,0.7773584905660378,0.01883929253884986,0.5109661987726003,323.1519229934878,9.791935399458673,9.9030075,12.334,high_amplitude_variable
47799,anomaly,252,18.40036208880551,0.41673287983717455,4.964827415717482,22.79706257278242,100.0,2.3829848997406806,0.04365079365079365,0.01980558663259835,0.2301433750114034,18.654629841276147,0.6733429763419726,-0.05618194146086516,-0.6923009896289374,83.34444814938313,2.904861968677107,0.5158730158730159,0.4598151765818361,0.7299283588447028,59.71981357418217,-12.203824557455654,9.758035,12.14792,long_period_variable
15470,anomaly,241,18.30561854309384,0.5990765358038276,-8.781402058301353,75.19406488471327,0.28725559714571713,5.473759025040353,0.9875518672199171,0.013664825107525758,0.6835517859542323,16.00822021773081,0.3184998305574673,6.644592135813582,42.528748844266595,100.0,2.3266936045123465,0.07053941908713693,0.019963484935594522,0.42473255715746766,275.81131255364977,15.312312871206537,9.7197,12.098715,transient_candidate
69035,anomaly,213,17.668283976340845,0.7442127648979004,4.040198878253864,14.361293548715445,100.0,3.4960830722651295,0.051643192488262914,0.023540585695869254,0.1889297331924574,16.100879432518386,0.7082396806182122,5.69030823498851,30.433397751109908,0.11303364531584187,4.3626608147325,0.028169014084507043,0.020324462754345518,0.35018139278946897,307.5259703040282,70.95234126103541,9.663456,12.026524,transient_candidate
40687,eclipsing_binary,63,16.258073172088977,0.03133283015221725,0.08076448708915934,-0.7709015732094988,1.6848271190096626,0.13047615968266513,0.5238095238095238,0.021033226960216922,2.263322667303849,17.27555737695721,0.24297956082793162,7.553393201832047,56.060104061130836,1.1270177653530524,2.0073371810349805,0.1746031746031746,0.02113674110046304,2.0203828565910933,356.4154663656467,-1.2990068717704446,9.647904,12.006562,unclassified
70957,anomaly,300,18.227402513490294,0.36988751455938984,7.474153813643481,54.262394862744216,83.34444814938313,2.993309854039584,0.07666666666666666,0.020348711133335584,0.42504800561124734,20.996880566271013,0.227846306404526,-5.231214410982141,29.121164640618296,0.10885359246251475,1.7385590567529725,0.8433333333333334,0.025179252024376098,0.0994777558466155,282.5625214336886,56.43077592979668,9.624097,11.976004,long_period_variable
57015,anomaly,205,14.235840909157098,0.24615200090796663,-5.256767186266078,30.158172481150565,100.0,1.9312758042180143,0.8780487804878049,0.02507518365558603,0.24172483174097556,16.742194836472926,0.48228906337400457,6.128272662120927,35.72548620315381,83.34444814938313,3.2514835832049016,0.02926829268292683,0.024096222064766692,0.4326928480338653,291.9630350643409,55.238320424935196,9.57726,11.915886,transient_candidate
98597,anomaly,84,19.631671793870694,1.4281579552273074,-5.002102683453608,23.027456737345776,8.339450153476577,7.768478911894787,0.9642857142857143,0.01597510879729569,0.7072857654298084,16.118592072471465,0.6709706548063754,-0.22686891571863857,-0.7739559789418018,71.44490495926826,2.6080167812215436,0.5357142857142857,0.45379862539357063,1.1290879133452438,330.2615733428624,86.94683437106384,9.568753,11.904967,high_amplitude_variable
23050,anomaly,284,14.81136140061542,0.5240583585083123,3.449191747478013,9.95017664380836,0.5725378809570166,2.2510818930310474,0.06690140845070422,0.02300543218105222,0.11463069636393838,17.502377250072833,0.6244613116380393,6.638249650410466,42.171720006938365,100.0,4.4758218142691,0.02112676056338028,0.019553651891621726,0.3471204610245073,265.4873047136803,56.459768084009625,9.5397835,11.867784,transient_candidate
83015,anomaly,299,20.79383727989392,0.6602115798982571,-9.818539282431084,94.49742609747868,16.13986375230039,6.696280611245468,0.9899665551839465,0.014400179047182604,0.676924520142553,16.133648551839215,0.6916928094682488,0.034846347691500364,-0.9140211349851466,55.57531962201222,2.864401002639818,0.5050167224080268,0.5380934664571804,0.7445012877315301,156.94892404389742,-29.985351432410887,9.521565,11.844399,high_amplitude_variable
45775,eclipsing_binary,61,14.229509484088792,0.0665058030404917,2.399470670005406,5.240634369295787,0.13397586719156404,0.2983438376140146,0.29508196721311475,0.021995275056221786,2.051000980882021,19.95290450032214,0.18042637570375653,7.362058067702248,53.47558313353523,0.17941903263028874,1.4610409740706842,0.22950819672131148,0.016387251118462842,2.0561667282008877,36.999985463209654,76.32487611724876,9.46214,11.768124,unclassified
17301,eclipsing_binary,61,17.711709304058594,0.19249787647817007,7.245236508787206,52.36028820795643,0.1415558228034849,1.5850734898125474,0.22950819672131148,0.019859454406024213,2.0323197676166256,16.42474833211281,0.6545951623993942,2.178374288222216,2.767363891675269,1.5209553510306533,2.059476188605455,0.13114754098360656,0.023263178691948383,1.4726000648778323,291.10126101622825,60.59906540241255,9.446966,11.748648,short_period_variable
26832,anomaly,159,15.765539753312789,0.6907526288681891,-0.043646143592014554,-0.9257491900422967,100.0,2.6600823449872575,0.5157232704402516,0.5256609695159646,0.7541966632848331,18.353786474560508,0.39401221837644196,5.328355843766149,26.549574410771513,0.11474431115884408,2.3420944452253067,0.031446540880503145,0.01917988072759158,0.42138773793034745,88.97530828793802,78.55622114025579,9.374681,11.655867,long_period_variable
95265,anomaly,222,17.296803603902713,0.5945251938663381,2.9515100921718456,6.743488535580635,0.11073245342492,2.2577471478257394,0.08558558558558559,0.023261613555865424,0.11932395154013006,17.406912566583582,0.133745021301219,-13.439592715705656,190.38642344318427,0.10642279333966605,2.0172191004536533,0.6441441441441441,0.01897354638768256,1.7129265693324658,345.69537002322335,34.569174583278055,9.338066,11.608869,short_period_variable
78737,anomaly,260,14.977567149149284,0.12428541799718534,-13.753311853264275,205.29966645700017,0.14179649550769752,1.9992881898766015,0.6153846153846154,0.01976910083409056,1.5043071037547757,19.812498159839905,1.0493048575214154,2.5941439340736245,4.737640572388134,0.23372230947003148,3.585438005616332,0.10384615384615385,0.023023697400168075,0.08525652191595191,9.156922153393477,63.997267365625575,9.290555,11.547886,transient_candidate
55636,anomaly,157,18.3882644783286,0.1880203729575521,-10.548825715156681,120.43005744083808,83.34444814938313,2.339477570059131,0.732484076433121,0.02325697578087471,1.4164130639944463,19.634615465106698,0.9259079513946779,-7.020505954481887,47.311820551780514,0.12228736822123372,6.8406713246888184,0.9808917197452229,0.014687384062220588,0.6839818975107745,1.332651599619994,65.80115649780639,9.259603,11.508157,high_amplitude_variable
33628,eclipsing_binary,60,17.580464039953714,0.21741938732452437,7.326278213770429,52.80254102274133,0.10368835168500312,1.7544057798408765,0.18333333333333332,0.018058598089663036,2.169032714209182,20.48751018448227,0.14266970738240892,2.8234051442178103,6.506814902678705,0.14601687065896282,0.6329257885525514,0.18333333333333332,0.022906730064230274,1.5320187208802571,76.64457597689885,-4.302387858524462,9.2477665,11.492965,short_period_variable
86702,anomaly,297,17.238845998977197,0.3990914046659448,7.456948875340789,53.89231666771821,50.020012007204315,3.2110361070962163,0.05723905723905724,0.017587479295105624,0.41625875514495075,20.540783979693618,0.5973506565551548,-0.01563935465303021,-0.7279567030197556,1.4674326240301998,2.4320605465373966,0.4882154882154882,0.41682081105175683,1.9674676686745876,5.59835707145147,81.10663617670646,9.193473,11.423276,transient_candidate
21346,anomaly,158,16.11405472481115,0.6838992932761631,-0.21152783723586058,-0.7851856450239465,100.0,2.738035517227395,0.5189873417721519,0.4717140852162913,0.7475373483083475,14.661140365771347,0.25571476419293,-8.366891817955468,81.60086263058896,100.0,2.853164278283625,0.8607594936708861,0.02264592234260654,0.7934148676814292,239.65634428906876,25.99517476088168,9.18907,11.417624,long_period_variable
57318,anomaly,172,18.481574213612667,0.6357747363703555,-0.15481664976154708,-0.9012473692119247,100.0,2.623507052122619,0.5465116279069767,0.4991662126845675,0.8000767732092449,20.176763442070936,0.24332896142035465,-8.012210121083978,71.70250989090815,100.0,2.60612223800241,0.872093023255814,0.02260567387472534,0.6099202760723553,105.27505982613027,56.83341111345149,9.172551,11.396422,long_period_variable
44414,anomaly,249,18.338933221156942,0.2367665957634454,-5.301957271042551,31.970729639452593,100.0,2.02200061648454,0.8674698795180723,0.02285268252693129,0.20294857914429762,15.93455882945907,0.6789065118925693,5.694022363027538,30.48969380616937,62.51875937968983,4.253909806320243,0.028112449799196786,0.019787464043664826,0.29948599718732066,131.55703361252156,29.458447958969685,9.165078,11.38683,transient_candidate
27376,anomaly,175,19.993537106589596,0.1547898673363968,-12.354061055270318,156.9187662006606,0.8284719920450778,2.1051814618108935,0.6514285714285715,0.01950943502325231,1.9286528628354627,20.835918416506647,0.6546125668365325,-0.11705104816500449,-0.8698048466310087,62.51875937968983,2.558496706103167,0.5257142857142857,0.487175095886883,0.8640438875721568,31.189215221434644,61.70749212530649,9.145383,11.36155,short_period_variable
13555,anomaly,56,19.274879136841427,2.4877258135452656,0.0001992036869026481,-1.9993507150621608,0.298924255380218,5.105307414881942,0.5,2.4876252483247647,0.14528495845630954,15.65128060817524,1.6770932517334318,-3.96449897018098,13.719950425252517,0.2747936848574333,7.516977714831999,0.9464285714285714,0.014900144459277342,0.7187351802831407,76.2750193715511,2.093232817719482,9.144184,11.360011,transient_candidate
4496,anomaly,247,19.151473655802135,0.7351147770442389,2.564584795425986,4.598025420788098,0.18097637460045995,2.5325891473984967,0.10526315789473684,0.02478402233440491,0.09247406928673875,20.87183945685493,0.10608361007705341,-8.657230549481598,95.3049573061321,100.0,1.4145727467928104,0.6680161943319838,0.02263045334288094,0.8000709511675994,51.73882402906612,80.42318677635204,9.0641165,11.25724,short_period_variable
36708,anomaly,240,18.304515005535503,0.26623418396952525,-6.878779307847278,49.828066577192565,9.440803761968612,2.358218605425783,0.8875,0.021431478062115872,0.25454422364214774,18.25599136058652,0.6374748050867204,-0.010693352295069783,-0.638902196981975,83.34444814938313,2.8065628304250296,0.5166666666666667,0.4324456487977315,0.7943379766327896,225.55024058147828,39.9104517195543,9.043851,11.231229,color_variable
81117,anomaly,211,17.503574414585785,0.6710265749950706,0.09542635266845502,-0.8783033483466371,100.0,2.675662425648646,0.46919431279620855,0.5002748713747636,0.779909408993868,15.271517668095948,0.5119528043771557,5.18669417818579,25.00573097515682,0.11551245103603044,2.99408831651,0.03317535545023697,0.018674270027030815,0.3014928787557706,5.960177474673993,63.734379542426126,9.034489,11.219212,long_period_variable
54399,anomaly,277,15.730783527530216,0.2809390781522432,-9.86371015258081,113.11635960252212,0.210694550222559,3.77837094247125,0.8628158844765343,0.022735348206389006,0.6152307637072894,21.268155552936822,0.2875342398283507,7.13445495921941,49.44055351286944,0.25887189026193236,2.2838983248738884,0.10469314079422383,0.018082837107062488,0.42589592352986827,240.63577788111814,79.87168327033044,8.99363,11.166768,transient_candidate
77053,anomaly,268,15.78545854338527,0.6753898806392855,-9.280659496526614,84.203919696679,33.35112415771565,6.482893203295049,0.9888059701492538,0.014143067497111694,0.6762972097634964,18.67071944802668,0.18196536584148265,-8.257272061988589,77.29765649331247,100.0,2.0720774170443548,0.8283582089552238,0.01770978548162283,0.37625436799044926,331.41424063298894,6.033236317376101,8.970973,11.137686,transient_candidate
78928,anomaly,247,20.37908832983647,0.8350317925184407,-8.900280501256498,77.26045916649463,38.480486490647365,7.701355773989771,0.9878542510121457,0.013476879889473992,0.6856827176156497,17.164472332658693,0.256295756611408,-5.192052608077928,27.776428648775227,83.34444814938313,1.9600422462322626,0.8744939271255061,0.02566087929559302,0.11111444198885166,151.4756107142016,20.00371701492032,8.926031,11.080001,transient_candidate
81621,anomaly,238,18.947446058460432,0.111549355496008,-13.819179605559047,202.73835061894414,0.2761585511371169,1.7393862985994204,0.5966386554621849,0.019134489843306568,1.8894112364787983,19.04182760049274,0.7725040406782012,2.991100092834242,6.967314334525588,0.12386136248985372,2.950618012086281,0.08403361344537816,0.02261949735223112,0.11310156082466978,271.6148896787792,65.29918071952628,8.853854,10.987358,short_period_variable
96238,anomaly,284,14.129246401629477,0.6885571438404763,0.10556075516419947,-0.9225877466497301,100.0,2.7935480577418907,0.4788732394366197,0.5205213682147196,0.5962930999640002,18.702552866067094,0.43024087553233115,-5.757934441585641,36.15491735749675,100.0,3.7764869059546733,0.8873239436619719,0.026722166210200626,0.1055863732751432,342.2801113020352,13.73365128186228,8.83466,10.962721,transient_candidate
40968,anomaly,244,20.578501311392397,0.2661997715054899,-4.984976987909446,25.5906771869941,100.0,1.9202614898037638,0.8811475409836066,0.02388258665015819,0.0894548573625087,20.892148377063666,0.48034908904806506,-8.832603859518652,76.12908566802331,15.635556111597646,4.412350264377707,0.9877049180327869,0.013332327298147817,0.6865127652562081,14.870643437429273,2.7223250696400783,8.832112,10.959452,transient_candidate
10184,anomaly,281,14.514562760658576,0.7051822274350933,0.2418133746909256,-0.958213476186879,83.34444814938313,2.895540257055444,0.45907473309608543,0.5458212280135513,0.6714256916297597,17.26861549679659,0.39282280623585347,6.558175982442186,41.3174690544721,0.1721361235523469,2.82803449249111,0.05693950177935943,0.022429496680924643,0.3451788052617031,169.4156163848568,3.155612464000363,8.810208,10.931336,long_period_variable
89370,transient,56,19.909824683822666,0.7148392623997818,-1.7677779066558372,1.6495079502449217,100.0,2.6845994945463296,0.75,0.07179102872374621,0.1325465671724013,18.163218278445715,1.022143773754321,-1.344853945123172,0.322216438960679,6.4983685832022555,3.583312281208409,0.6964285714285714,0.15397348920488518,0.08879151605045073,143.37405479390975,60.179219875615814,8.805232,10.924949,transient_candidate
70038,anomaly,228,15.325247398321736,0.6188056754314395,0.10535643005830442,-0.7579961463380576,1.9470529353799653,2.4561575977385672,0.5087719298245614,0.4277541740222546,1.9873699614393645,16.954199792708398,0.10989541047709878,-13.55382769689143,194.6529390622715,0.5034188980977029,1.6741257800598603,0.5921052631578947,0.01952985425064746,1.9845084335612504,160.84961541363418,1.947093686371744,8.802092,10.920918,color_variable
77469,anomaly,292,20.07070106138613,0.1355549354582133,-8.130536681611588,76.19869459433912,100.0,1.6495654434996396,0.7294520547945206,0.018730276585136707,0.47571558408881215,14.398435088361198,0.6633218372338973,0.04724537292875357,-0.8276508297309353,10.645910087952808,2.896551606203138,0.4726027397260274,0.49275975265290306,1.8539297392340688,216.4071757015519,63.177557550290516,8.79694,10.914306,color_variable
50029,eclipsing_binary,60,21.086394493182944,0.28094085097853366,2.117073910092748,2.5673241698278693,1.5255923534222828,0.9029061663991911,0.13333333333333333,0.021349188496628813,2.102665334019993,15.122134275971243,0.12024785950438618,7.097219657818731,50.59539242549008,0.43475122472176875,0.9768082122844888,0.25,0.01549176829276,2.090859345424068,288.92728522225894,72.79787091978908,8.74561,10.848421,unclassified
82597,rr_lyrae,269,18.562287851406527,0.7799408030504088,-0.03311286914405594,-1.441299091014303,8.070453004423493,2.3915972287902747,0.516728624535316,0.7743744591080279,2.1519160274168545,19.536383709609996,0.9045220050020266,-0.031983332612732986,-1.5113499325715112,0.7867881290842471,2.657314143734947,0.5092936802973977,0.8806251450605984,1.9203434311848504,98.8999947849886,66.50702786516881,8.727853,10.825629,unclassified
55732,eclipsing_binary,53,20.324331360621084,0.3712530030682668,3.8026306703359536,12.571601121145665,9.440803761968612,1.693549387443909,0.05660377358490566,0.02225772433040163,2.1601098425331133,16.69656262848804,0.10791036259581843,6.165405645109403,39.874597651861826,0.11242416316638978,0.8322889282463386,0.3018867924528302,0.021576441818567105,1.8946040993904465,308.40383987656406,54.85923446821617,8.724599,10.821452,unclassified
76488,anomaly,198,17.153340398527707,0.15918075600418308,-11.080990720197217,137.91872316109618,0.2215137288439766,2.177915630077706,0.6565656565656566,0.024404364005468082,1.2194718081116687,15.065446644390603,0.6611302276394625,0.03451911754075776,-0.9629516783934275,62.51875937968983,2.698877909367356,0.5,0.5175732447426613,0.9120839003792874,124.52250950002994,80.20667095731845,8.65201,10.728281,short_period_variable
65693,anomaly,280,14.67845852086214,0.5364035196291898,-9.48237500353057,88.06206016062,0.13950371949454948,5.284251124169531,0.9821428571428571,0.014610007085297916,0.6776435197837167,20.282537221006383,0.3819786992105762,-9.47304320931677,87.95279969238007,16.13986375230039,3.7875445348857184,0.9678571428571429,0.011756415663361608,0.6807010139860786,302.07218853895034,58.71605045034697,8.625153,10.693808,high_amplitude_variable
63991,anomaly,296,20.47957994355963,0.4745415659820087,-9.75488544914697,93.33581047786781,0.12376945457012334,4.806923325571706,0.9797297297297297,0.014684537735526249,0.6842100213359603,20.611452744143257,0.13172573833891177,-8.592509465458768,91.42178726296622,100.0,1.7541472887819545,0.722972972972973,0.020295983026514364,0.4878114637837024,227.76429857282977,18.81409029069185,8.621701,10.689378,transient_candidate
5470,anomaly,266,20.09292365828493,0.6717162102038466,-0.1536163856667769,-0.8686338320465654,41.68612408272181,2.777115271880465,0.5112781954887218,0.48163656982435477,0.8823911924427592,18.61141597877754,0.34554273561748083,7.012180260183367,47.55209960831116,0.3218000719688899,2.6498509860225496,0.06015037593984962,0.020862661080524703,0.4146229018870859,143.10422700235733,70.52065045832701,8.596528,10.657067,color_variable
9127,anomaly,268,19.694977903698266,0.19813326345508106,-6.531024146753118,46.1085933831602,0.1034739425331514,1.7957234556380683,0.8097014925373134,0.023498202832296755,0.19004766827048847,20.665920644026993,0.43440926540329233,6.419447525618445,39.3790126982213,55.57531962201222,3.019006539812061,0.029850746268656716,0.017384002332105908,0.35246374304849065,143.135487427416,79.49524243214027,8.573491,10.627498,transient_candidate
10191,anomaly,206,19.009031499795903,0.7037266822937037,-0.03507457029460983,-1.0245163464706282,27.79383965306349,2.692623484839949,0.5048543689320388,0.588143450525088,1.271576911020133,16.04605103735278,0.435935994582453,6.14419859710263,35.92172811020741,9.811002296233784,2.9360040396539624,0.02912621359223301,0.018619653294570604,0.42653915905990836,295.81904496234785,-0.48766288922879397,8.554189,10.602722,unclassified
80880,anomaly,279,15.374766614709957,0.6870497338037636,0.04643852936710409,-0.9223022881247602,100.0,2.7939669631233652,0.46236559139784944,0.5327171779139643,0.6175633748673852,20.80392637608998,0.2540581715785536,-6.924986413842864,55.48083388325559,100.0,2.769623931884798,0.8637992831541219,0.02546397920376009,0.21358147043929007,57.27641384849924,66.1171708322807,8.551756,10.5996,long_period_variable
45388,anomaly,284,16.203212268116907,0.48415964054402816,4.752812225806086,20.695861205788948,0.218993226936824,2.6665509163883243,0.03873239436619718,0.020358794650276124,0.18672307210050132,18.37774743428275,0.7294899904844783,-9.56355784414154,89.53577437911693,83.34444814938313,7.203086562394688,0.9894366197183099,0.013527930873459937,0.6776860158071271,322.63164052524684,0.05200858045860457,8.543922,10.589545,transient_candidate
71721,eclipsing_binary,59,19.85326625312717,0.13146487793924022,6.838328453373298,47.80251065627991,0.12184073838558461,1.0681669247046202,0.2711864406779661,0.023902309321293558,2.1286119436036284,14.522566523477293,0.19354835291843553,1.8358592929359976,1.5879199873143426,0.4025734420713809,0.6513211381853257,0.15254237288135594,0.029549458846101828,1.8800688759728816,59.561470360942145,82.26445581541938,8.523448,10.563265,short_period_variable
94253,anomaly,220,14.978682742861174,0.6823156916512584,-0.08412061059198286,-0.7761519134900938,35.73266619013581,2.8992912833460966,0.5136363636363637,0.5241052270561424,1.0165417726739796,17.037976825143797,0.31782799933903305,-11.864422655235469,153.72852133457837,0.1573089501838208,4.438036053044636,0.8318181818181818,0.02169197669937617,1.0436419106697974,125.13021886297216,25.092653483953143,8.505728,10.54052,high_amplitude_variable
7321,anomaly,280,20.797078075868015,0.5632498677059803,7.252962029238918,50.753174103315075,0.1471331406288492,4.372472593619673,0.02142857142857143,0.02035431222221895,0.4153613308546995,21.246757290174283,0.5638921305797917,5.63742628353052,29.874906048689354,0.11075696257837067,3.48142488125956,0.02857142857142857,0.019315046097434063,0.25779619956106414,69.23408890121556,62.442853132129116,8.499387,10.532381,transient_candidate
79910,anomaly,227,17.115438518643884,0.672107861966118,0.17806812183057028,-0.9016447549465187,41.68612408272181,2.882607576657314,0.4713656387665198,0.5073150993887658,0.9506868597443722,19.596220626119745,0.1162650253896174,-9.538283748539184,107.69266761213588,2.8111749687897154,1.561186312594785,0.6431718061674009,0.020321158400122386,0.9719480807759842,183.08510174765038,-2.6855701913507133,8.491162,10.521825,color_variable
11720,anomaly,282,18.42582606525742,0.9501285478213862,3.5627998981739646,10.710487397614706,100.0,4.020251047988136,0.06382978723404255,0.01944016945733651,0.1187920235746058,14.860298783352578,0.652295166637481,-0.07118150947067228,-0.7677118828516143,100.0,2.7265742423151345,0.5212765957446809,0.5168668091970225,0.8044307422935049,250.0742153877627,81.9249632424076,8.476209,10.502631,transient_candidate
16663,anomaly,183,19.154674124283407,0.7741345936825652,-7.609716968106348,55.94571338627341,100.0,6.156888704895213,0.9836065573770492,0.013635362828043895,0.6829069242270209,15.747942380133738,0.6803160623706607,-0.033187472780660913,-0.8939649648145847,100.0,2.8701177821534003,0.5136612021857924,0.5682506549555892,0.7522887782231313,306.9212761764617,13.094110504519826,8.450419,10.469529,high_amplitude_variable
82571,anomaly,291,14.585006597377575,0.457891241228341,5.739256736884714,31.10389098632146,0.2945257334421333,2.896885962493929,0.027491408934707903,0.02245207467867516,0.2655080660459095,15.829171375741621,0.314335683596745,-5.637892627366809,33.85706443613762,83.34444814938313,2.40400802326851,0.8900343642611683,0.02112407179593312,0.11469088244815132,124.96574961297905,54.04494116547686,8.40194,10.407304,correlated_variability
24815,anomaly,282,18.407445831620336,0.5043463666096281,4.7324908573808475,20.503540534562873,10.877322772966622,2.759792911850486,0.03900709219858156,0.021971237155058887,0.1955624721751793,19.54678665192759,0.858454030872396,5.013149014632121,23.17062424256959,83.34444814938313,4.7590672522130895,0.03546099290780142,0.02150106590179668,0.20751184098558662,5.311468010365483,-19.419943201036634,8.399977,10.404783,transient_candidate
46229,anomaly,245,15.250216064667812,0.5647796436233756,6.752438084178842,43.747604186020375,1.4504191099028314,4.109386284553739,0.024489795918367346,0.022345541169517702,0.4207631047911375,17.409212698059598,0.6672767238007459,-0.029406027288986954,-0.9880516312409857,33.35112415771565,2.718820615764937,0.5142857142857142,0.5220694500223999,1.2189650400230847,324.50796286108954,65.55077580497291,8.289127,10.262503,transient_candidate
99974,anomaly,278,20.87698738223615,0.6756247302961533,-0.0904501232941487,-0.7891073968627751,16.677787415760324,2.7864382572665214,0.5215827338129496,0.4934426885093188,1.6113977726476116,16.955634322486173,0.832675847817315,5.6241662641009365,29.68412813726021,62.51875937968983,5.105001227453016,0.02877697841726619,0.021634251832884033,0.2615649086681621,316.5834229335948,22.826865052681114,8.2613945,10.226907,transient_candidate
5748,anomaly,259,16.51966623098577,0.7041699701036983,0.15379195065151333,-0.8643411765459312,100.0,2.757377101366764,0.46332046332046334,0.5149924427224768,0.6364172314565202,20.735694730548147,0.7630063991103583,4.778452520197515,20.873573149065404,0.14516966032506504,4.061679919749,0.03861003861003861,0.02132869031667539,0.20711899053390537,77.78397134570876,11.787150374186972,8.249051,10.211063,transient_candidate
39388,anomaly,267,21.041493983415368,0.4920545280882627,7.063571717817499,48.07873521580832,0.12133848558695884,3.7296713743790058,0.0299625468164794,0.020011764021102607,0.4135060253905782,19.656558221315997,0.5049314343089267,-9.253997491938003,83.76628747017192,0.44361580156113006,4.86727429360711,0.9812734082397003,0.01497686293986078,0.6830648147986618,51.49030644445908,88.61633242067738,8.169023,10.108342,transient_candidate
53162,anomaly,265,14.356607761202357,0.32108991677775045,6.9858799462735375,47.23342754937827,0.4528494001715737,2.4594534781738346,0.08679245283018867,0.01944856221850877,0.4269013264782714,19.530357687437704,0.22465762909653791,-6.4119415908685795,44.275961658024606,0.1783956100191314,2.027172763247968,0.8490566037735849,0.02223810556634831,0.1584026591479568,344.2999577244536,57.541223599519014,8.166249,10.104783,short_period_variable
80571,anomaly,258,14.9303799769552,0.22416891135961858,-4.343165250265386,20.411141398653996,0.14968585134838533,1.612615768282513,0.8449612403100775,0.024774945694156614,0.08980609251951194,18.508517434801487,0.7917436443011082,5.807510690267816,31.786300321051428,100.0,5.011875892485392,0.027131782945736434,0.020968778240176178,0.2962205528027238,226.34818593042962,-20.048501748703615,8.153606,10.088555,transient_candidate
45545,anomaly,242,18.402865532920206,0.9617987679841237,3.3579407511017902,9.290745574481036,100.0,3.8776054664193147,0.07024793388429752,0.024257158908161713,0.13104765562730009,18.76698902666772,0.5283817211552876,4.868005198833221,21.787351264128464,0.5609844778209697,2.9342252285207273,0.0371900826446281,0.023156424613196336,0.2433314936156716,267.0863412423488,70.44548734924882,8.151564,10.085933,transient_candidate
79940,anomaly,141,20.661550667566,0.12441105314204173,-9.21234224269897,96.3999240458824,11.37170154686078,1.4778961831973234,0.6950354609929078,0.01855984196926741,1.5065660086412096,16.800579027319127,1.1318322801734502,-6.63245321573481,42.00088910066982,0.21756501272574708,7.892555356386328,0.9787234042553191,0.011186074490055375,0.6862528982179046,111.03092894456395,33.52739420079505,8.114066,10.037803,high_amplitude_variable
3774,eclipsing_binary,52,18.629348697927973,0.07890493116870154,5.979401829108788,37.93740588265244,11.1190195511466,0.6091075388763265,0.3269230769230769,0.015421425853299198,2.197640453726473,17.897101410106533,0.07926840585842704,1.9982650512474383,3.435638075637274,6.177477355016496,0.34260666269040385,0.34615384615384615,0.02635354162283221,1.1553619644443665,15.328786711604758,18.025638525556957,8.077343,9.990667,unclassified
25743,anomaly,278,17.915247311969896,0.8410452312559412,4.714997112303365,20.262911504112818,100.0,4.458035970573203,0.039568345323741004,0.019572986595992603,0.18963163138777026,20.66032778337949,0.5010979345150196,4.696699815677165,20.152309527066517,0.23839897372556218,2.675437390403051,0.039568345323741004,0.021301580204804438,0.19551034181266858,276.6227225882164,-9.80963056795747,8.075982,9.98892,transient_candidate
51328,anomaly,193,19.216227309245205,0.5799806851791826,4.937204198837157,22.465388455263117,83.34444814938313,3.23625534249582,0.03626943005181347,0.022022382412956176,0.3057403050470726,14.633831840060942,0.6377364173387223,0.029141469419842046,-0.7527613795718464,83.34444814938313,2.863707098821445,0.5025906735751295,0.4655478481107096,0.9029551152492993,210.69691581562756,40.341399173052565,8.053895,9.96057,transient_candidate
85519,rr_lyrae,64,19.884781902027598,1.0716780038936748,0.20945703507273578,-1.5889120390112503,9.26598702502317,2.905365652760242,0.46875,0.94115997565215,1.7066918562904738,17.480546759315658,0.6022688906619806,0.09349129453304937,-1.495499507865081,0.13484232295639972,1.795997204263827,0.484375,0.5688653165263275,1.904780196189366,346.28743248683975,24.456420967276927,8.03826,9.940503,color_variable
83900,transient,247,14.877549321434822,0.757304685810809,-3.792622604796407,13.932987349342461,100.0,4.455844999725413,0.8421052631578947,0.05909105397373793,0.04794770591734461,14.598522689611585,0.3192986075520118,-1.2618512969534568,0.6818371986489362,6.949619084691096,1.3007556545164682,0.631578947368421,0.13377228402438845,0.061216006788900844,117.47140043371493,-22.98485978401625,8.032297,9.932848,transient_candidate
55547,anomaly,278,16.280526806504966,0.23574757752511416,-4.558537968570907,22.59421497466459,0.5914870355602148,1.6739419600799952,0.8453237410071942,0.027339556414268884,0.08944698013399183,17.43082666461874,0.12094182373323369,-12.771598622648334,185.95541063035188,0.36313421364989473,1.909029997268906,0.60431654676259,0.021869798417059272,1.1468664626249432,260.5802166484713,22.286866529906987,8.008472,9.902268,short_period_variable
73099,anomaly,224,18.376830949570806,0.6909978690275569,-0.15723649070079518,-0.8980722478964283,83.34444814938313,2.84098901669822,0.5267857142857143,0.5201844948142895,0.6029425713901676,18.55127220856844,0.46398536001222596,6.42299373067395,39.46390477032742,0.28065018321701796,3.2803254977567278,0.03571428571428571,0.02014784132792613,0.42492410323547014,120.4907131781301,51.09752309286101,7.9855814,9.872887,transient_candidate
95158,anomaly,276,18.9536070779441,0.5364801936120546,5.239378870580717,25.542874933143537,100.0,3.1309742238190132,0.03260869565217391,0.021317806598414535,0.2367245198136033,14.907871331783998,0.6709131949293143,-0.07498674100766543,-0.8755153521961812,16.13986375230039,2.8289890995450833,0.4963768115942029,0.5258399738382398,1.4429101798432113,74.38398202046659,85.75606867169373,7.9797297,9.8653755,transient_candidate
80863,anomaly,244,18.253931716596423,0.09744616675036918,-13.36807752320686,195.65514001494577,0.13834665370744953,1.5385082626419262,0.5737704918032787,0.022108329980650154,1.9487811149043726,20.82889333498429,0.17241405760628506,-5.468122386791491,32.72344219023463,1.0360170852667552,1.445510069909016,0.819672131147541,0.02349626815919592,0.1862695717337131,284.4961072343782,14.661921065666768,7.9680047,9.850326,short_period_variable
73683,rr_lyrae,173,16.55737247802415,0.97435262163593,0.17720998855792514,-1.4628947004551545,0.5798355489415303,2.8645999014225794,0.4682080924855491,0.9207861906301193,1.6290482130985284,19.329745344120877,0.9064281764119382,0.19933252257164003,-1.346787370910815,13.167044197439816,2.706543649706905,0.4913294797687861,0.8395555570079907,1.729909072092287,131.53055945794804,42.84327374638529,7.9579825,9.837461,short_period_variable
39134,anomaly,244,18.895626457368877,0.5263996004268732,6.733719918169932,43.50950902449665,0.21937725647215567,3.806790667719408,0.02459016393442623,0.02314176817097824,0.4148636204467527,20.605938802949755,0.680237355413913,-0.07275623197989806,-0.7803718822240087,27.79383965306349,2.7906303774685135,0.5,0.4927761713890231,1.2871200836586174,143.1519370035079,2.915877371909147,7.957343,9.836641,transient_candidate
43151,anomaly,261,20.338229684983006,0.40183707490990417,-9.132996427117613,81.62140981819888,45.474392795415255,3.8360578493279753,0.9808429118773946,0.013242161661061402,0.6708922470144634,16.983823244840323,0.6896103289287581,0.08024810299262713,-1.0508609088642673,100.0,2.695486720267427,0.4904214559386973,0.5683774936223536,0.6401348307447471,315.12980679375164,65.63312279866891,7.918982,9.787403,high_amplitude_variable
35822,anomaly,261,18.4394836885323,0.4431590525365451,5.068095070746431,23.818532081402523,0.2342694112288108,2.5575344930473136,0.0421455938697318,0.01957788829176721,0.24317871636731883,21.026532438156263,0.5112279272456424,4.781917453418077,20.967048894158488,100.0,2.754009729900087,0.0421455938697318,0.02263768321450854,0.21546972302515813,169.5799449112719,67.08549198937554,7.889523,9.749591,correlated_variability
98446,agn,290,18.082753517384358,0.2813024292445427,-0.18140707302174047,-0.1019144688102771,100.0,1.5427632328977765,0.5413793103448276,0.19519879890590452,0.09119387981604558,15.263425431477481,0.07316494289246357,-0.22159849003598747,-0.28546006608536567,16.13986375230039,0.34862714444090237,0.5241379310344828,0.04802923510406032,0.20575987995613973,338.867995407965,32.13954265541343,7.84557,9.693174,correlated_variability
48821,anomaly,239,20.027437143557062,0.497792740118803,3.5872574246136693,10.924346313464975,100.0,2.202708172853068,0.06276150627615062,0.019021563992787094,0.15206705938946366,15.05927299384645,0.06546478081250978,-8.59609030371731,101.35274515992127,0.21430387251684657,0.9046140355417762,0.5313807531380753,0.020515032183793025,1.5151420631364085,192.98825621712535,-21.51483532715293,7.8357153,9.680526,long_period_variable
88213,anomaly,295,17.587379249204982,0.6619637949079439,-0.06088976541298685,-0.8391975836653263,100.0,2.7322776834236286,0.5084745762711864,0.4760564763481021,0.6488923067171815,20.635171147143026,0.3288983743931567,-5.646639453041037,39.928356205608445,100.0,3.3964151468857544,0.8915254237288136,0.024336771067645202,0.1674150668725985,18.13713168158619,75.96346760800813,7.8236246,9.665007,transient_candidate
88286,anomaly,172,14.702047554086182,0.7112082764824136,-0.017645312637099182,-1.0306756629613925,83.34444814938313,2.7048090803833293,0.5058139534883721,0.5844618509759627,0.7024614398607067,16.15938610776036,0.6945374204116171,0.09017253448433535,-0.8922048270627916,10.424138793894402,2.917576986570351,0.5058139534883721,0.5349261816421684,1.7351460101359002,31.975695227835065,17.211015075502807,7.80342,9.639073,long_period_variable
49657,anomaly,289,17.47765952553091,0.5157946013236081,4.185453015125462,15.588316501074065,100.0,2.5228977614054244,0.04844290657439446,0.01917004437800429,0.15566660006622401,20.588802423567042,0.7088184453235928,-0.13242458929312742,-1.0110483093578475,83.34444814938313,2.827651175402636,0.5121107266435986,0.5526309250917798,0.6085647493411421,260.0976728290455,5.480572689426381,7.7955384,9.628957,long_period_variable
11215,anomaly,284,18.26494520130438,0.4515068810033461,-9.544693480930228,89.29991389672749,38.480486490647365,4.483271194643901,0.9753521126760564,0.014613731106884131,0.6816355412286779,20.457658654649475,0.6959373535219344,-0.006801788873195167,-0.8038869230827386,11.1190195511466,2.86863376288456,0.4823943661971831,0.5300734877909754,1.6589860616296228,293.78662918047553,-24.003487852729815,7.75889,9.581917,high_amplitude_variable
14748,anomaly,247,17.501566674042788,0.2977762918098241,-3.7034942035149263,13.604640242582526,100.0,1.712327948404198,0.8704453441295547,0.027854840510400436,0.06199456164004095,15.939959718899905,0.3407328764713576,-7.678415154905717,62.83415816605721,100.0,3.3835718304537163,0.9109311740890689,0.02058974687900772,0.32842324027734743,73.79118102788692,71.13204083704342,7.7427325,9.561177,transient_candidate
92595,eclipsing_binary,53,21.123617605232504,0.4807290005659471,2.763252517024973,5.6751557614724515,0.4459880701090748,1.7560225395169908,0.09433962264150944,0.01856776183936759,1.7710061347164245,19.201987375279188,0.1686818518036108,6.674198766860654,44.37632003744236,0.10362393569885005,1.2825243703241185,0.3018867924528302,0.025425118152483606,2.0008956109709373,5.547038878799109,76.64559327321992,7.6979814,9.503737,short_period_variable
61747,anomaly,235,15.92119361270753,0.8494662933231165,4.5245642740965595,18.499536373276527,100.0,4.35385983029685,0.0425531914893617,0.018021879927024642,0.21092165078514793,20.853879762537723,0.7335103943156762,4.520104343476945,18.47723370558001,0.2270415114905986,3.797927092233479,0.0425531914893617,0.018592849316565463,0.21073895697071057,171.7306029369192,18.14490319428623,7.620261,9.403979,transient_candidate
8459,eclipsing_binary,53,16.030752891605196,0.4125655786263728,3.1893496611353322,8.236262964215951,0.20893509971750504,1.6299054226389078,0.07547169811320754,0.02364093215573071,2.220298851889804,16.378248235677603,0.10955352015711374,6.478194059443791,42.65768551289963,0.11569940743110052,0.856847780698363,0.32075471698113206,0.02031999054827338,2.1481692549467812,76.03025724213936,23.40391741423482,7.6159244,9.398413,short_period_variable
91266,anomaly,249,16.364157875992742,0.5694619758135149,5.284509358079383,26.015604195164794,0.3518980248940223,3.3693184915633267,0.0321285140562249,0.020677500548210048,0.2617753606745625,21.27858944515149,0.6505219431225088,0.08804819638076339,-0.8164901228811083,100.0,2.676999068191364,0.4979919678714859,0.4761463966586099,0.7105272056735308,180.5469189023818,56.888122325036164,7.568453,9.337481,transient_candidate
38029,anomaly,269,19.407850123543575,0.6749087287195639,0.059722160010608205,-0.8388704939378915,83.34444814938313,2.846738044762258,0.49814126394052044,0.5006638037028459,0.6336610117525738,16.433978039912347,0.4086017860352183,5.907497368389404,33.100779506994556,100.0,2.6815482570686484,0.03345724907063197,0.02133606542259514,0.30282395293151726,164.29619279393526,26.358083796525463,7.567782,9.336619,long_period_variable
53093,eclipsing_binary,56,18.632064580998815,0.06878491795648319,2.3459024523426466,5.641984735179287,0.12739304743333207,0.3558693671051252,0.39285714285714285,0.025275412483093618,1.031193874480741,19.583312073130212,0.17525561975747717,7.075485754870598,49.059835691830955,0.10326041827182669,1.3587342041787807,0.17857142857142858,0.018682517366325868,2.091094628892583,67.9649937259439,27.408220339388713,7.5513196,9.315489,short_period_variable
11801,anomaly,260,18.88110591734888,0.7142359461693766,0.013981457520307836,-1.0142004337279655,4.548928967914535,2.9122114296025963,0.5076923076923077,0.5465028568783943,0.5956661995039327,15.828378510570376,0.25734578272262054,-9.774005501425368,111.05176210390276,100.0,3.4408172963968937,0.8269230769230769,0.021070103117911465,0.6400700447769814,205.97545675348226,16.09457845757359,7.514173,9.26781,high_amplitude_variable
12177,eclipsing_binary,57,14.90633020072221,0.134093867630544,2.1455435001130057,2.9676474143136877,0.25120451534965615,0.5077434180081397,0.12280701754385964,0.019392205357219083,1.5811975063551105,20.961302113166774,0.23566212347503443,7.1721215828090985,50.31951016715031,0.24698885066932544,1.8557712091548026,0.17543859649122806,0.022878266656441326,2.0698560604628997,123.93809256152268,14.819292017517874,7.5119004,9.264893,short_period_variable
93317,anomaly,254,15.276546774734774,0.52854094959366,5.004117830070417,23.1282848364729,100.0,2.990485187037015,0.03543307086614173,0.022189370234433348,0.23504469615117854,20.89671492650951,0.6340749518842209,4.252642012100508,16.13591164530626,0.4896266535551068,3.1084537426752767,0.047244094488188976,0.022626519504447273,0.18003433794074586,42.09187029532901,39.62517481506464,7.499141,9.248516,transient_candidate
39800,anomaly,216,16.949655159938615,0.5869794718239946,-0.013107093102839185,-0.658186170391466,1.5163464513428417,2.4484448961696916,0.4583333333333333,0.42369796188900644,2.0748438030000407,16.582807193698727,0.21720328058024022,-9.541160658036457,107.4529682622521,100.0,2.799069052833026,0.8240740740740741,0.022696294244369142,0.831611018397224,74.47933281035768,21.660742641897244,7.483952,9.229019,color_variable
84707,anomaly,180,18.382721529379246,0.691134767295142,-0.047662926200621604,-0.9119681536801933,31.267200400300222,2.8457702852456706,0.5166666666666667,0.5060699393623143,1.4504971453503273,15.903265183169545,0.9979356537400582,4.415688991356396,17.516435438912605,13.522871750480158,4.934646421339751,0.044444444444444446,0.021348341830388584,0.2631816545031355,91.52435711143917,30.424003706085102,7.4386706,9.170898,transient_candidate
86803,anomaly,205,20.019855533318548,0.8173004664482529,-8.076488980467571,63.271017587073416,7.818267125430089,6.867367397553581,0.9853658536585366,0.014251473691714978,0.6822602772419118,20.56763575123827,0.6774831676869881,-0.012278540799229087,-0.7673735245743312,2.204368167847709,2.8491346520353424,0.5073170731707317,0.5180277298085691,1.5600153367432503,261.4445587831512,-24.046144588409128,7.413732,9.138888,high_amplitude_variable
66480,anomaly,252,18.75932378751344,0.15795809461658225,-13.923588430671764,207.26440589431235,0.10201834697625496,2.501695545937249,0.6706349206349206,0.01856713777038621,1.5687747750286627,19.399043926234835,0.5692479036290845,-0.006389286209371197,-0.6303098299067309,1.6569330001126936,2.3752605610596795,0.5317460317460317,0.4094836660061283,2.0697418019408076,3.7812065328235533,10.27423039633814,7.3921814,9.111227,short_period_variable
21917,anomaly,286,17.749710987169465,0.35323936911067333,-5.0475704368985985,25.831498468755655,100.0,2.5050088395160692,0.8916083916083916,0.022707447015891447,0.1166470365487177,19.650827403769064,0.9531915059830621,4.792968207027341,20.99881252499288,100.0,5.086923820806934,0.038461538461538464,0.019714851144705392,0.18843724352352195,199.2644186662883,22.99205764984704,7.3661213,9.077778,transient_candidate
45297,eclipsing_binary,56,18.068289826333096,0.13368776879548686,2.387101466724463,4.091780219124039,0.11321265771413248,0.5321113937677246,0.16071428571428573,0.018095928478928158,2.28319057556563,19.899447921185583,0.2538758703902303,7.115152863880105,49.43580885966865,0.27240027746793616,1.9539447581669336,0.19642857142857142,0.026875390734680593,2.0342412157598484,47.26911497264536,30.895116154620588,7.3600116,9.069936,short_period_variable
21877,anomaly,51,20.091750924885826,1.3872593475950727,-3.7490014269496155,12.058419811735087,0.17681967929812598,5.96039715937698,0.9411764705882353,0.016162880354958276,0.7313887196082898,15.989408600554523,0.7242995587891057,0.13950204510370126,-1.2056714112590232,100.0,2.42993143374086,0.47058823529411764,0.6874282582676479,1.442765923013952,34.83041252806519,83.62214489027801,7.327809,9.028602,high_amplitude_variable
16623,anomaly,221,20.080666415705537,0.6745175132857466,6.401056551747107,39.062139915165986,0.7189619564279426,4.623355074603296,0.02262443438914027,0.021623676295600802,0.41785814851816816,14.786231400614284,0.6444427881031637,0.012291937125085315,-0.7257315377166851,50.020012007204315,2.7151878623340693,0.47058823529411764,0.4746214754785196,0.9982342948733028,81.59554402541525,-12.644300446948542,7.2879157,8.977397,transient_candidate
37676,anomaly,300,16.808960725513014,0.6866023060061797,-0.02537247678676288,-0.9046670888296853,38.480486490647365,2.7875420950022924,0.49,0.5209520936733494,0.8830616631315811,18.864964293513832,1.249103971782426,3.0125881690972376,7.082545354714153,7.818267125430089,4.6515008136816185,0.08333333333333333,0.021922008950788552,0.08912216754398958,283.08289214792546,-20.204110126455195,7.286528,8.9756155,transient_candidate
93954,anomaly,272,20.815581485958944,0.5380764175205335,-9.344557463620326,85.44235993288848,0.10735892952903169,5.211475915469677,0.9889705882352942,0.0129649550732438,0.6837142595221241,15.312907853518041,0.5531693744230701,-9.34449580838624,85.44442471332559,16.677787415760324,5.378664447586631,0.9889705882352942,0.014221538274017398,0.6819610870991976,91.55464935925623,64.47612550712546,7.273531,8.958934,high_amplitude_variable
85323,anomaly,258,18.679873875846667,0.45228836287812857,6.930543164974286,46.24743283382559,0.6473451596737245,3.4049891337956524,0.027131782945736434,0.02202068313315486,0.40648239509841105,15.28527028389061,0.3480481729023039,-5.3039328417705525,32.70367901959335,0.11149731594578896,3.2421072806610347,0.8604651162790697,0.026052054556847892,0.16555931392272835,105.18297910722748,30.09265687201733,7.270987,8.955668,transient_candidate
69735,anomaly,107,20.384953819008263,1.2858761312573257,-5.71678875172069,30.687635342651063,0.171428473449848,7.866274840126312,0.9719626168224299,0.010467207428067837,0.6926976369400779,18.177440816554945,0.6885085064567595,-0.24006417401608193,-0.8993900098298284,100.0,2.8650463302311024,0.5046728971962616,0.5679304756171213,0.9948957073336722,119.18859538260554,83.61971710253528,7.2626376,8.944951,high_amplitude_variable
20987,anomaly,236,19.6776346208198,0.5902059212585924,4.526306060679578,18.547091102366394,100.0,3.0380702879672477,0.0423728813559322,0.0204767660342835,0.2174028904650257,18.709565404170124,0.5792522312630733,0.0738364922825013,-0.4764350031994282,62.51875937968983,2.519903208102779,0.5084745762711864,0.36849700268383145,1.7494917473700866,7.7871977615268095,75.22164610386005,7.253905,8.933743,transient_candidate
80013,anomaly,295,14.927785476403471,0.8432489342367144,4.4329810072716365,17.683668544396852,100.0,4.22998640785862,0.04406779661016949,0.024227220828146656,0.16259404191759422,20.64898008600061,0.7083576300510138,0.08711182559637005,-1.039667556665008,4.81135707410972,2.748364797214233,0.49830508474576274,0.5662278052258394,0.7089774069085928,242.94075298474345,40.23995320419826,7.211753,8.879638,transient_candidate
21341,anomaly,265,15.303180477406382,0.22267386345862755,-4.59849564562385,22.63131462326314,100.0,1.5832878270277408,0.8528301886792453,0.025374024914043503,0.11017248569948572,15.380020722607346,0.15915339451324895,-6.8285526720316865,51.65233889718804,100.0,1.6089170252626843,0.769811320754717,0.02027792507785442,0.32119519400470364,85.46735239133044,-13.169677127745949,7.210946,8.878603,long_period_variable
61705,anomaly,296,15.892491782334181,0.17525600895030707,-9.374672362579496,100.85480396786393,100.0,2.276632824775458,0.7668918918918919,0.022597281365121624,0.5423549787756674,18.60293566693787,0.6816174707057764,-0.007655484231261568,-0.8450051320674761,1.4095626943823327,2.7958141781789543,0.5,0.48765845323627666,1.3404090322214208,82.98927668060762,54.227718943705696,7.210425,8.8779335,color_variable
37293,rr_lyrae,74,15.108146762760317,1.0096251663599538,0.15056122119347592,-1.5395271175414527,10.007206630099692,2.839649702522502,0.4864864864864865,0.9561976921779491,2.3029361343281405,16.79304798039724,0.535061971110121,-0.024456155425262693,-1.5621112064881706,0.6959633014750413,1.5382000349813154,0.5135135135135135,0.5462791064964758,1.984709363823187,358.3956893988739,68.78817140771551,7.1673245,8.822612,color_variable
50265,anomaly,81,17.804785872073335,1.3441955255241773,-4.901116843235559,22.027566633163605,0.10056270051184583,7.184592702107446,0.9629629629629629,0.015207343638085291,0.7026971431485564,19.113162613890875,0.7140639619794922,0.09606108567123063,-1.033037179456875,100.0,2.533708576808074,0.4691358024691358,0.528914946619512,1.0246403049291748,79.02523615742922,79.93723479662722,7.1665006,8.821554,high_amplitude_variable
32816,anomaly,239,17.067165107103882,0.11497303084369051,-10.337636293078639,123.8426242701182,0.11675220086890355,1.6048192661274197,0.6610878661087866,0.02067897862446344,1.0435828463509194,19.699017317002447,0.860858213864327,4.3254147890253725,16.73511141915613,100.0,4.224634100337958,0.04602510460251046,0.019931133313100702,0.19300858641827504,353.84920424671293,2.7869989262643884,7.1325674,8.778,transient_candidate
30562,agn,127,15.631283737179938,0.07035853385125362,0.663944271783518,0.5999754529313042,100.0,0.3849933837394417,0.4645669291338583,0.04688820002822425,0.3293328788282539,15.27869730627871,0.2332848562207386,0.33355311853388125,-0.4855702394285646,6.4983685832022555,1.0159501406896307,0.5118110236220472,0.17414564398622012,0.17414409391969968,141.2485528281229,42.80058625810736,7.115343,8.755891,unclassified
9188,anomaly,292,16.569208361583076,0.6188016637607702,-0.05553055681915252,-0.8037542966396058,0.11962704313010773,2.485546347203613,0.5,0.47291712607041525,1.9135702478758312,17.774556638392216,0.5968692262317188,7.416268718323795,53.14520702109367,0.17999988477702916,4.706038900024279,0.02054794520547945,0.01959875055464444,0.40805063831830013,265.6581282554692,0.9340254973343285,7.115277,8.755806,transient_candidate
4163,anomaly,285,17.64254802222528,0.732429391279549,-9.580640921717972,89.8649046618143,0.365521502447656,7.2467854119416515,0.9859649122807017,0.015363543267149282,0.6789027486277959,19.073468006196467,0.36736522641619823,7.278542637066026,51.3493963230915,0.18189737262180736,2.9024650210187595,0.07368421052631578,0.02014998173643434,0.4102829389616239,304.3137307246249,0.4293774914064272,7.111735,8.75126,transient_candidate
42319,anomaly,255,15.89164055223311,0.25436604482114084,-5.320778518831291,27.996406887543824,45.474392795415255,1.8000561711134946,0.8705882352941177,0.023708934459767406,0.11797065973895883,18.171106189355807,0.37948849852601974,6.236223802784167,37.123813433661915,83.34444814938313,2.6171606483746217,0.027450980392156862,0.01999825586263171,0.3338273246581516,126.1921551752011,84.64334569198962,7.095728,8.730714,unclassified
84962,anomaly,235,17.549510074322537,0.6856832242133609,-0.26038819743788455,-0.7827269332545077,100.0,2.7822425638864807,0.5276595744680851,0.4955703405310068,0.5993117167238957,18.691270310417792,1.0030241689819195,4.072865185074508,14.60809714272887,0.4483858468294573,4.709655991640783,0.05106382978723404,0.022003190748620227,0.17969514999252117,257.53022191165866,68.52977612690722,7.091329,8.725068,transient_candidate
17292,anomaly,294,14.919539166886198,0.5680409652749495,4.228038890830632,15.946024930415952,100.0,2.805352434749384,0.047619047619047616,0.022018200050581527,0.1558866278154942,16.152054957985527,0.3925197481904119,-9.70924477982184,92.52193257841552,21.752752273617332,3.9614110631602166,0.9727891156462585,0.014629832140281351,0.6714335980050662,85.12949269953367,-13.972149037144167,7.0882144,8.72107,transient_candidate
11468,anomaly,198,16.94712758556003,0.6121857897839866,0.16068555016247552,-0.7342701695289464,16.13986375230039,2.6262803218572923,0.48484848484848486,0.427679670965567,1.7606222313047462,19.661174067707123,0.5071753600971516,6.025233051098104,34.419553348798715,100.0,3.3114830073111214,0.025252525252525252,0.019286643099713174,0.42923125315320143,37.23599820798268,6.8085955616805265,7.0835695,8.715108,transient_candidate
5861,rr_lyrae,262,18.576978688569906,0.8647486512468048,0.03919920978155264,-1.3579510248694548,0.7231177818409054,2.7444975544940426,0.4961832061068702,0.8062136732913316,1.841382802202797,18.211683659957966,1.0344544326011829,-0.05400011045810522,-1.5425193994440984,14.715925816897261,3.0515274338675553,0.5229007633587787,1.0310224906585184,2.031807356495476,232.61394760367784,88.79919055547016,7.074483,8.703445,high_amplitude_variable
16422,anomaly,290,16.93913147820001,0.3192462017727147,-4.742076546554654,23.433299436979457,0.12389202880322381,2.255576129453175,0.8724137931034482,0.027842243042952575,0.07812053461552333,14.590536221870172,0.40975574862418007,5.364665714868963,26.95856574730567,100.0,2.4830474648862566,0.04482758620689655,0.019830058114667537,0.23920598417215885,64.1178349554771,-8.608328330086302,7.0667872,8.693567,correlated_variability
18893,anomaly,248,20.745530898398414,0.6088990629524366,0.11684874190363875,-0.7022077586579507,2.2953725216496923,2.409473148251166,0.47580645161290325,0.43117423796350174,1.9975079435951237,15.371647434901716,0.605634566415601,6.165763745147776,36.13936523818195,100.0,4.050888409247886,0.028225806451612902,0.020415997924144946,0.3536610733789027,279.0579458789168,56.41374780205187,7.0526795,8.675459,transient_candidate
89607,anomaly,263,20.677294781434274,0.598695816979806,5.448712523952626,27.768668273386933,0.1873454325228523,3.581267696375118,0.030418250950570342,0.021652988259504014,0.25906960192278217,19.86702109981783,0.19929380066927813,-6.065619871740019,38.36626936424851,83.34444814938313,1.6417514882011908,0.8136882129277566,0.02309011536921801,0.18515801908838297,267.85076275892743,-9.496605011557232,7.0209184,8.634692,transient_candidate
46040,anomaly,192,17.179528464902045,0.4407803216145741,-7.790509192343871,58.806570941696904,55.57531962201222,3.6263973853424964,0.984375,0.01231735770431186,0.6822695442313994,17.77722049772373,0.64979379646983,0.16570506202878385,-0.6770603300983895,100.0,2.7882453072471876,0.484375,0.4622233640936013,0.7516580371002964,229.35162916988327,86.10466660479247,6.994303,8.600531,high_amplitude_variable
10603,anomaly,250,16.648540649441404,0.6892792340114812,6.203801656784927,36.560780162699395,71.44490495926826,4.5997787420304554,0.024,0.017669654201927898,0.3470087934509309,18.797797393654847,0.7310137784757297,4.218411825289149,15.83092369798451,3.7907971366173254,3.55627349258787,0.048,0.019232817541039893,0.1824048135517333,261.9436043862939,21.69690604153096,6.985816,8.589637,transient_candidate
29450,anomaly,203,20.064693545698884,0.6400358869097171,0.13101216943018146,-0.874768269368241,71.44490495926826,2.622152406619527,0.4876847290640394,0.47514811721761063,0.7819803301903759,19.739113844888152,0.5852026037802528,5.533623575153359,28.708349344030403,62.51875937968983,3.5556427687809844,0.029556650246305417,0.01938732705731283,0.353999539004643,42.381329994262224,67.63375964851018,6.967707,8.566393,transient_candidate
36125,anomaly,299,20.65206732751011,0.03576971971766401,-2.2667563489429714,12.897942656880845,0.14056175213218594,0.34309186196887254,0.5719063545150501,0.020421556450720857,1.374600529693159,19.252400803583516,0.6669254367576458,6.8210475230532515,44.64641521532032,62.51875937968983,4.897776953399934,0.020066889632107024,0.021494102640421175,0.34823096665644065,229.53030308585667,-21.65192787512482,6.939771,8.530536,transient_candidate
36179,anomaly,290,14.616767462203324,0.48572405288045756,6.694964633139613,43.00991381353859,0.20267298051720328,3.5162695447309495,0.034482758620689655,0.02247648853383133,0.34924708909620084,19.716532553245557,0.27959960480322343,-3.1319147468976225,9.485079285138518,0.6473451596737245,1.4865278069272492,0.8344827586206897,0.03329045649711482,0.047991156419336996,248.6001005603307,32.54177833878504,6.9355474,8.525114,transient_candidate
36993,eclipsing_binary,50,16.692469409897868,0.2101783604422768,6.672387035306356,43.37399536319062,0.108171199153153,1.5428876317028255,0.26,0.02486529340407806,2.016394180408381,16.73452161405934,0.30508251492344274,2.055169040698077,2.296792166459607,0.16225672850966594,1.0056713708253078,0.14,0.022425807420527022,1.9176391058173319,117.11960060751505,64.39998139632637,6.93299,8.5218315,short_period_variable
39821,anomaly,298,19.515090213869946,0.6321413678872652,-0.09375022398068523,-0.7250547503755111,41.68612408272181,2.7832837467688947,0.5033557046979866,0.452447758762359,0.923649307545036,16.55631311008313,0.6039097553860867,6.807083630007166,44.464106627559374,0.5718835549444075,4.4242816273558,0.02348993288590604,0.02034882645654612,0.34383266639249355,311.79599460465676,40.0097551053491,6.929133,8.516881,transient_candidate
42914,anomaly,279,20.86743233197709,0.6680764999502763,-0.017954115429063708,-0.8460344641871993,100.0,2.798262415588045,0.4910394265232975,0.5103742602441699,0.6288543894432227,15.562310730144167,0.5297026110025548,4.278947242975316,16.393222010571957,100.0,2.6843742593149056,0.04659498207885305,0.023888697202604448,0.1681979506010539,72.78691117403237,27.69130404881122,6.9088984,8.490909,long_period_variable
31561,anomaly,197,20.235607251592768,0.18659437840150128,-4.514532915075564,21.576363691730432,0.18156737061100198,1.3961655153932675,0.817258883248731,0.025925365483608687,0.11867739092892624,20.416521942372466,0.6891841505371539,5.449344704495159,27.766169290040146,100.0,4.16389204035724,0.030456852791878174,0.022156702478522305,0.3433948691613937,111.75687782725129,22.054890325456626,6.9088883,8.490896,transient_candidate
61838,anomaly,219,17.742986808431336,1.1113071861994057,3.2775223383359586,8.753784675908248,100.0,4.4037488425890885,0.0730593607305936,0.024085080994929342,0.13371728181930675,17.117771356810067,1.0451917048612145,3.9069680947072283,13.28189705148765,0.4779355174256686,4.720923539189037,0.0547945205479452,0.024990229983679058,0.17797494549603138,202.64354484410194,56.80070529011387,6.8990474,8.478265,transient_candidate
94213,anomaly,294,16.82887780711285,0.6820150681531316,0.07008354473249026,-0.9754554867762226,45.474392795415255,2.8008213419543484,0.47959183673469385,0.5145917812816698,0.8362146994563828,17.91179671165452,0.7138311811478548,6.231407662271495,36.90102083675069,100.0,4.809981327002525,0.023809523809523808,0.02153790464542027,0.2939280564352779,177.96315670604994,-8.80865606474119,6.865147,8.4347515,transient_candidate
41412,anomaly,298,18.859707707891193,0.5047580383560406,-9.792286681819013,94.04343643343137,41.68612408272181,5.11246059297936,0.9832214765100671,0.01269880105359178,0.6782498338456714,15.62527079249391,0.6467949026306488,-0.09086341003543702,-0.6614011241541338,83.34444814938313,2.8226593291836206,0.5268456375838926,0.4378462247346082,0.8610493718474063,303.83338990535736,80.83356401528914,6.862893,8.431859,high_amplitude_variable
19459,anomaly,63,15.303290783856317,0.786180866813847,-4.245271745130798,16.033173906114687,0.21550367679707821,3.743723725601507,0.9523809523809523,0.013217805583437325,0.7070413571745688,14.240663336180116,0.3855710816406706,-2.604235624499038,5.26079324049609,100.0,1.4896941075606733,0.8571428571428571,0.02012485463061786,0.15394984435313383,307.5195603499792,41.671121871141565,6.851368,8.417066,transient_candidate
90996,anomaly,286,19.925640757600966,0.5727520517986969,4.779012118487877,20.917984892736943,100.0,3.1030953128507335,0.038461538461538464,0.021054362967152684,0.19829965250853182,16.003449727697188,0.5007947505961539,3.8411795681302396,12.831365629868586,0.16575016122427663,2.323435846043017,0.055944055944055944,0.02232159749737228,0.13959872371199875,115.726882220448,87.74700481073107,6.8299165,8.389532,transient_candidate
98377,anomaly,297,15.579990581236606,0.6978052948664726,6.803441764904931,44.37427257704323,0.12576021534455756,5.088554823317821,0.020202020202020204,0.02204130350826894,0.3503215925062859,20.546831292123304,0.774174357057459,-9.787648593371827,93.87193996528691,0.11818609522503587,7.832854941885012,0.98989898989899,0.015001785473611307,0.6721244621398988,43.80213650088039,28.79904923712352,6.813351,8.368269,transient_candidate
55707,anomaly,76,20.186929588388253,0.24694227646005762,-3.569461682033831,11.984589046865256,0.12726345138276488,1.3090428414541542,0.868421052631579,0.028173678548233383,0.25075429711674563,21.63065932556641,2.172922239159798,0.7923736010043627,-1.371252615294577,100.0,4.801392490375601,0.3157894736842105,0.03553317282604063,0.12903083350972458,47.79106055528716,26.09927774248991,6.802832,8.354768,transient_candidate
49455,anomaly,285,20.57172791160201,0.870132274983378,5.044877086279358,23.484793231497004,0.563511423534239,4.870361046914034,0.03508771929824561,0.01983493105085188,0.20719339213568486,20.956512469140304,0.36562015554079186,-5.451009890207216,32.25234271226802,100.0,3.0706036206770655,0.8912280701754386,0.025416959902706537,0.12510569994321466,125.1243993558291,87.0124614367627,6.797795,8.348302,transient_candidate
8985,agn,249,14.654663133084656,0.2380393105731454,0.3136990675706476,-0.7357056288790607,100.0,1.0408000423566044,0.46184738955823296,0.1767238874477961,0.10299117936584681,21.445196583209775,0.26928312571358703,0.4008232817725014,-0.6493623272963918,5.818338415698689,1.1866367750127367,0.4738955823293173,0.19621789330728134,0.0709519936431742,125.17966650484833,1.2886707491969496,6.7941933,8.343679,correlated_variability
92335,anomaly,195,18.843485695625066,0.6653533478888519,0.06701237855627692,-0.8711967977325874,62.51875937968983,2.7958865877409593,0.49743589743589745,0.5100132616865487,0.7713320812672407,20.537243866901452,0.07023868980154807,-8.479481396342795,95.41503475441904,0.30661714013734287,0.92602720241063,0.5641025641025641,0.022820552865606913,1.506924234566682,47.93316607661761,62.32875636897084,6.77921,8.324448,long_period_variable
25907,anomaly,225,20.07970133863634,0.6618058391736689,-0.053827683809794635,-0.9518886438662841,35.73266619013581,2.8264384944930825,0.4888888888888889,0.56439294943657,1.0881225255301152,19.23407236014329,0.5154217163138243,4.674720953504245,19.928348197081437,7.358396137541214,2.756318005820386,0.04,0.017789576337591484,0.2344690083036016,231.8137455621413,8.901556112313848,6.7791123,8.324322,unclassified
69092,anomaly,168,19.824496247978054,1.050097516194351,-7.277383730893297,50.980486229717165,0.5474816283170334,7.985429195674868,0.9821428571428571,0.014566834550105767,0.6849887770233893,19.718714365534847,0.684403238475376,-0.09506440186437629,-0.8963059221401934,100.0,2.799937225792771,0.5238095238095238,0.53662397142981,0.8447511737442646,85.59359100226563,35.847704786261986,6.773192,8.316723,high_amplitude_variable
84302,anomaly,134,17.637928627989478,1.0533923291210396,-6.45290951729227,39.6576359546013,0.12585510474749925,7.18460764014112,0.9776119402985075,0.014036829507439563,0.6885640364057863,19.906283138927737,0.6957379133238224,0.16540181515319174,-0.9096962385264855,100.0,2.7211314715862756,0.48507462686567165,0.5773024633396684,0.7768257725086862,52.76257714681699,7.859466360856956,6.770813,8.313669,high_amplitude_variable
96473,anomaly,299,19.468799473274203,0.1453657976124701,-11.618936914976041,156.1751060062625,0.7305072634253907,2.2454557437468026,0.68561872909699,0.019370564510477806,0.8976592177489976,16.152072542680575,0.6550545940277614,0.003218741867881455,-0.7781069238849696,33.35112415771565,2.8624913399823306,0.4782608695652174,0.46330312336407964,0.9319056050660361,265.29846545823005,13.270562781371481,6.767336,8.309206,short_period_variable
28118,anomaly,124,17.820337408090293,1.135233936181363,-6.190764672664211,36.33809382798657,0.1737498974670539,7.4705622747981675,0.9758064516129032,0.011876414563536386,0.6900840345311078,17.944105474929074,0.6981697793313657,0.24365847808504074,-0.903617324195015,100.0,2.790549918167738,0.43548387096774194,0.5105597664412098,0.8598538568087408,235.33919979345941,55.14308973531436,6.7486887,8.285272,high_amplitude_variable
77376,anomaly,244,20.06736273122241,0.6798485942994045,-0.0059926911354787685,-0.9228726128259113,13.898465302491102,2.826524203612532,0.48770491803278687,0.529457672619726,1.4818783097937416,20.755250003743303,0.123174547142393,-8.592905284597528,86.67529119523026,100.0,1.52470978474296,0.6762295081967213,0.0202630809484603,0.610627598566612,173.10136560671802,9.022004835064678,6.747788,8.284116,color_variable
72531,anomaly,185,14.570211333494985,0.7601544970574445,5.267266773661954,25.789367301949643,100.0,4.400203673440556,0.032432432432432434,0.017540200784965876,0.34656940347213083,19.264562674460095,0.6157786729593145,2.709396479241854,5.366568343839502,0.26378457786288584,2.2104091581596776,0.0972972972972973,0.024011055020917382,0.129818387937501,189.87529523696634,18.74693919406532,6.7395015,8.273479,transient_candidate
47404,anomaly,73,20.4787884083221,0.686154100935945,0.005136862138980225,-1.1932035400656498,0.5421432607330592,2.390631475244138,0.5068493150684932,0.6195183848295507,2.2195921627374933,20.437768639944995,0.7129342902551059,0.12241614988244764,-0.9731288682100088,100.0,2.6399840941038697,0.5205479452054794,0.5666271789939543,1.2618667302967614,16.84449716994729,15.491794318864493,6.730414,8.261815,short_period_variable
34468,anomaly,262,18.966539457096808,0.45016829362888516,6.33274411464885,38.3088189389289,0.4061678361223687,3.115539957989103,0.03435114503816794,0.021794804964935466,0.34582586454952463,20.32854178941935,0.6754237871595818,0.031124425916117783,-0.9323684098793179,38.480486490647365,2.6442132074490203,0.5038167938931297,0.5165592986502663,1.0217577592611793,248.19493696458454,54.03080891480009,6.711774,8.237889,transient_candidate
5116,anomaly,175,20.957568015099838,0.6945872439774157,0.054574683191534315,-0.9094221087426275,100.0,2.7713840852221097,0.46285714285714286,0.5246437546846074,0.678228841119416,16.925888438913955,0.4470517690964354,-7.413449616678445,53.095439947300044,2.185116380723418,3.5112755205408277,0.9828571428571429,0.016093093663545943,0.6843589039845328,115.0663159665924,86.99928973133264,6.7065167,8.231142,high_amplitude_variable
23002,anomaly,277,16.589964831279847,0.6325606282326242,0.01448005943202436,-0.6560094248848896,100.0,2.8935612577101555,0.5054151624548736,0.4496029247720479,0.7135767761441881,18.506996364312517,0.2564776359134092,-3.9502869404782612,15.298431936906596,83.34444814938313,1.5148858458557157,0.8628158844765343,0.02842430956427222,0.07694796355368677,123.23706731846735,85.99055234401801,6.704398,8.228422,long_period_variable
68139,anomaly,236,19.865746725810173,0.6580959225631651,-0.024245980966943855,-0.7663413941630108,71.44490495926826,2.8659790722556515,0.4872881355932203,0.4779100744942184,0.825704568384696,16.581343660413083,0.26252158621194877,-4.148318168355296,19.04088381975625,100.0,1.9059441547668747,0.8728813559322034,0.02671558743984903,0.09780815660946482,218.48229432110716,15.111331323653616,6.685554,8.204235,long_period_variable
60126,anomaly,297,17.024377049108306,0.47317417446231347,5.8036258698040495,31.850177864937066,100.0,3.0292582403785,0.030303030303030304,0.021156407077082662,0.2631477291713611,17.736654604719607,0.6142583500148157,-0.10217285090617903,-0.7760886224500996,0.523429188899406,2.4215776498098904,0.5252525252525253,0.42906180292888507,1.9849738074220353,226.259852891958,-0.08985329519751062,6.681612,8.199175,transient_candidate
11057,anomaly,289,19.95177085978267,0.6076134598519949,5.7353298179754155,30.987302092109744,100.0,3.8176991118232664,0.031141868512110725,0.020708384214987774,0.26877028375969136,16.38965609550892,0.5784540838493445,0.005533416474678222,-0.6316389098470965,0.7734115976155591,2.351999942063154,0.5363321799307958,0.39737114361793147,1.9223278220384998,305.66655867387703,-22.97938629068775,6.6796174,8.196615,transient_candidate
77300,anomaly,184,14.954690092322702,0.7613338853909477,4.8197940085985564,21.275219799426882,0.24686700145236218,4.147526281057674,0.03804347826086957,0.022666446239978377,0.30407004791523634,14.93378379521506,0.670767575342207,0.11905489984253759,-0.6424549975045908,100.0,2.7553602821995025,0.4782608695652174,0.4620432700372801,0.8585661833796089,142.10432500852622,58.39762158296193,6.6755486,8.191393,transient_candidate
52806,anomaly,106,17.12472628577254,0.6701929537207777,0.08995940681659241,-0.9852820662178612,100.0,2.603356301059815,0.5,0.5415266104568772,0.9308666756026024,16.273618305174935,0.6473061214446623,-0.10223350331050284,-0.9878775829212758,20.012810761039272,2.6487854106119926,0.4811320754716981,0.5037949418906411,1.8256898473080638,58.53775844240068,-11.364996299730969,6.6687746,8.182698,long_period_variable
54867,anomaly,245,19.795606379987333,0.4359382514754637,6.731674907713896,43.57003208108957,83.34444814938313,3.197768794750992,0.04081632653061224,0.023345581491135192,0.42436687343600116,17.96210805178803,0.3841533861501528,-8.836795828761879,76.29526813470436,0.6465088007449271,3.5593051636174096,0.9836734693877551,0.012792563595393602,0.690012090477646,34.48428370014687,33.68857933833722,6.6666737,8.180001,transient_candidate
51581,anomaly,77,16.68841660780726,1.0296380080509395,-4.762575699084979,20.691877843879105,100.0,5.391057858674522,0.961038961038961,0.014972727229395133,0.7032910289307983,14.756293540109162,1.5200183715267237,-4.763806217987091,20.698840970529556,0.35564959230846394,7.932496322235061,0.961038961038961,0.01356269863273063,0.7077710388628623,82.17815847223609,-14.472953158968398,6.6659555,8.179079,high_amplitude_variable
75045,rr_lyrae,265,17.86378480524462,1.0088801287522184,-0.14298894933288112,-1.4743022702177844,6.583868928458538,3.0203073558764792,0.5358490566037736,0.9607782835717558,2.244977758069844,20.7708242308271,0.9433867630029704,-0.14067714030382722,-1.5359296215368492,0.3034561463679656,2.72282523506491,0.5132075471698113,0.9593662037977211,2.091669472501845,343.1778590739233,50.95209969806125,6.6614537,8.173301,high_amplitude_variable
18064,anomaly,167,15.649347987716904,0.6859054657657597,-0.08567778968620454,-0.8958678881878166,45.474392795415255,2.7781937546963853,0.5089820359281437,0.5155604417298356,1.0636927718370177,19.095364702093384,0.4729103092362958,-3.624514893874049,12.334265717023221,100.0,2.4504776718627532,0.874251497005988,0.021298520895967954,0.11827184580893339,241.6438337142241,29.101439617727195,6.6570377,8.167633,unclassified
22238,anomaly,297,20.325142482282484,0.5701073102321647,6.791681791840564,44.26509704508867,0.25833730821723483,4.166634916876749,0.026936026936026935,0.020428632588988194,0.35416818706032793,16.353538753261645,0.22170085054083652,-5.293725933830397,32.33936689528319,0.28128121087650687,1.9229990448899255,0.8451178451178452,0.022881802794355366,0.17508934675217439,244.47899687380652,-11.95083697629586,6.6559834,8.16628,transient_candidate
82259,anomaly,117,15.983799579800795,0.7176472213835537,-0.06578807747354098,-1.0826458791938338,3.5741863524566715,2.7599171031770346,0.49572649572649574,0.591391145218136,0.8539190236861511,20.533493816933383,0.7321635099798665,-0.09024374758806473,-1.0197483325053947,100.0,2.609513437378446,0.5042735042735043,0.5851378326410064,0.8899599882282866,131.13475195172717,16.894623766567925,6.646228,8.153758,unclassified
42434,anomaly,271,19.20345165207784,0.6779284734362186,-0.15036902527162194,-0.9323396491234455,100.0,2.762917818421947,0.5166051660516605,0.5059613306237267,0.6232370573564899,21.108035313282556,0.6769892826972386,-0.022394562514965063,-0.8897533962224871,4.507949104091331,2.7317144464193,0.5129151291512916,0.5021863703989595,0.5692346980823882,146.92772785277612,60.849783016671566,6.6361113,8.140773,long_period_variable
1436,anomaly,249,20.034280975840627,0.6807095183607466,0.03711419823604481,-0.9309898028520891,50.020012007204315,2.7673651096816094,0.5180722891566265,0.5130463470825326,0.8555884996805794,17.997402967435967,0.11782091018568722,-5.8725311513039085,39.72176638096807,100.0,1.1264464465910073,0.7309236947791165,0.021262784161990567,0.27588452651195955,328.4034756144798,52.934048702526184,6.626715,8.128713,long_period_variable
96900,anomaly,250,18.768207331481165,0.90125066295272,3.8567589941945606,12.893059861551173,100.0,4.068407483568411,0.056,0.01857295765473843,0.15842439108755804,16.463336531761108,1.0893112011650874,3.8578072067389653,12.89759369769494,0.10548060245692364,4.881489671833432,0.056,0.02317713315567005,0.15572250863698686,39.95696428087879,83.46057724770145,6.6205735,8.12083,transient_candidate
13789,anomaly,145,16.265265410896244,0.6677145339715566,0.12653489348633318,-0.9487947300348889,0.16842804645366138,2.505087522629225,0.4896551724137931,0.537369869465623,0.9440440849234659,18.2592550086542,0.7079480698066002,-0.1115628548919981,-0.9691136957658792,100.0,2.8222802445141006,0.5103448275862069,0.549937782263445,0.734546770099525,187.27670861896505,47.4842354156076,6.61643,8.115511,short_period_variable
93533,anomaly,53,20.499771770372302,0.9994287382793124,-3.835929900509067,12.719181437261367,0.212483885186443,4.376041924933123,0.9433962264150944,0.010532568386263819,0.7193965106711422,19.408378115606975,0.4735782493271907,-1.973426456077062,2.121993368116482,100.0,1.5388133555103956,0.8113207547169812,0.026433223706035847,0.14713433475525356,193.7850352896917,75.3524865990828,6.6122537,8.11015,transient_candidate
64953,anomaly,162,19.737191409086574,0.6515057456748338,-0.0983120116665272,-1.0172033546732762,27.79383965306349,2.609586095017079,0.5246913580246914,0.5325669957920933,1.3973205333217444,19.87849366957671,0.27572595313303827,-6.149976056879543,41.567758795692285,100.0,2.349926317387901,0.8765432098765432,0.024273472726093814,0.37804652834934666,81.87650885292594,7.52679118358671,6.609349,8.106421,color_variable
52367,eclipsing_binary,153,15.71334330503142,0.15079236386875167,6.565994771355785,42.78458830954411,0.505963978279682,1.1598308879670363,0.2549019607843137,0.017992843098195266,2.0334544793815152,16.728747241746323,0.4234988431279439,2.8116237569059077,5.961886758974311,0.8438398341691832,1.5694009987737694,0.0915032679738562,0.02306868580640753,1.438328604075512,350.15408623711556,9.811904693274236,6.608167,8.104905,short_period_variable
98860,anomaly,257,16.932774596885114,0.9120430860884249,4.509420034152048,18.363594536455853,83.34444814938313,4.614745408241596,0.042801556420233464,0.023232327045700885,0.18877416620226992,18.89047738552232,0.6500333105768066,-0.3093904667318908,-0.5859625437069669,62.51875937968983,2.8540344864645633,0.5330739299610895,0.43364675444674816,0.779519129138913,58.83684744589441,71.1895673104349,6.603194,8.098522,transient_candidate
59195,anomaly,261,15.600913826214468,0.3277684062548909,-9.110862569355247,81.35534662795004,0.3538889557479523,3.152351208001635,0.9272030651340997,0.012913066167602238,0.6701809940627318,16.560977626202636,0.4528745762487327,-9.14093422891279,81.71220944281532,18.53060014086073,4.303278260890107,0.9808429118773946,0.013759886587205727,0.6755646881899029,178.725298918462,60.77123003618391,6.5980434,8.09191,high_amplitude_variable
88479,anomaly,257,15.726439867621265,0.35346823153006957,5.749103980986914,31.300698746604432,100.0,2.265867465443364,0.04669260700389105,0.01887673777005361,0.2986924847523439,19.797175000020612,0.5762574422954059,-0.1041757102624966,-0.7625069752840932,1.4379156407483258,2.38450491972122,0.5291828793774319,0.4164201709668234,2.098749680358709,318.3664340654513,49.69072615843427,6.578464,8.066779,long_period_variable
89117,anomaly,78,17.071381695164526,0.5986486994957134,-4.792665667172484,20.99565011565884,0.16069356357826858,3.1833829580931443,0.9615384615384616,0.01413120230738052,0.7000792216293281,19.614400493780664,0.6496202974956012,-0.24377084044065667,-1.0083109743437428,100.0,2.6066624448509224,0.5384615384615384,0.5452594126171046,1.0852636220446015,205.10620398154398,69.71893623956578,6.5716653,8.058053,high_amplitude_variable
79567,anomaly,272,20.369612334690252,0.1368499075845033,-7.143008098955421,60.480000502266776,0.12541350833188242,1.4697256477775689,0.7426470588235294,0.02123658298528852,0.3196017832197666,20.10922793913715,0.5794023984039086,5.963727641241432,33.68140933784888,100.0,3.7590521212978594,0.025735294117647058,0.025402557079315713,0.29916656063069075,184.07880157675135,35.2885178574316,6.5603747,8.043561,transient_candidate
261,anomaly,284,16.641750169087917,0.33033537612183,6.584376584066456,41.708838351667396,0.15434910005736757,2.3916753530384227,0.05985915492957746,0.019297411120207997,0.34602352063111497,19.93822059021993,0.1605951543331247,-5.22981619181447,29.885113694018088,0.21348103482145145,1.345930507494753,0.8028169014084507,0.023042430014417192,0.16153689100591365,298.93509174041026,-20.84554025451522,6.5486636,8.028529,short_period_variable
80846,anomaly,258,18.94230534480947,0.6806955981171294,-9.09875251267586,80.86502499219833,1.025402243208428,6.437238081142759,0.9883720930232558,0.014138220290035974,0.6736296461496005,19.41842470005092,0.592961012965512,5.799003545265491,31.72498931818985,71.44490495926826,3.7887132250947744,0.027131782945736434,0.02171332094787992,0.2934376594092566,295.93541670693634,54.39383615360718,6.5483346,8.028107,transient_candidate
91095,anomaly,271,16.189486331999984,0.8449981218783514,4.646921911958569,19.626212435423135,0.5427312660544881,4.379556466884056,0.04059040590405904,0.021984964190860268,0.19073110420993286,20.959152810852313,0.4181319008529234,-9.314916381848999,84.96730029710199,13.898465302491102,4.065495278370964,0.977859778597786,0.013078703444882933,0.6723053579586737,182.95447082901097,15.112071809047706,6.5439115,8.022429,transient_candidate
15835,eclipsing_binary,100,18.372621882133963,0.13441507523834734,6.462638558031954,41.599003049274394,0.5034188980977029,1.0391979280454038,0.25,0.01737824328105475,2.1274266436264457,17.972462926073902,0.27225778237923015,4.052842605577617,14.67118483173321,0.3199482860141829,1.3619415799381471,0.06,0.021440625497673338,2.078042220527544,62.08140303792159,53.21886494814065,6.5315204,8.006525,short_period_variable
23535,anomaly,216,17.14636712588959,0.6715423235247043,-0.053995488548821156,-0.8529671968536854,83.34444814938313,2.761739635906663,0.5092592592592593,0.5159914738250482,0.8501921518719857,16.92498946633468,0.4482642121579157,-5.387465667361962,31.314395233307906,100.0,3.790641124048582,0.8935185185185185,0.029365585824171703,0.1367441189560192,59.08065231599813,49.65484194327529,6.530244,8.004887,transient_candidate
77454,rr_lyrae,264,16.50906484246583,0.24025449047036845,-0.003971860189045107,-1.3610720362044715,8.935082576678344,0.8554654042669689,0.5,0.2238953099222627,1.7845262103683612,19.579150824356173,0.9867893777892207,0.0599685112173248,-1.5047004746167918,0.7993565491590686,2.9898342848466655,0.4962121212121212,0.9738746048873868,1.9497958922406184,125.00551619812987,82.79376836120808,6.5221395,7.9944844,color_variable
35517,anomaly,139,20.253045287230798,0.6419125207307335,-0.19354249217154937,-0.7091570542369388,100.0,2.8975043834171537,0.5683453237410072,0.4616458408519577,0.8483051904864922,17.777820594796047,0.7079935105592956,-0.05616249287555797,-0.9992587901850154,4.101508015949853,2.889287931057023,0.4892086330935252,0.5896495049765385,1.0841212565547842,98.48946320079642,81.00190852274382,6.518281,7.9895315,long_period_variable
55852,eclipsing_binary,56,17.858770116785497,0.37163689552818585,2.2415851733223993,3.088235778270449,0.7305072634253907,1.2309862790742656,0.125,0.025953928885828148,2.322870497006793,16.798299302224066,0.26743992993484567,7.131499492825707,49.606357648292516,2.592694400215755,2.1143907703513385,0.125,0.021159310926289976,2.1404094692510633,188.8543660750375,19.89402629295013,6.5157537,7.9862876,short_period_variable
93752,anomaly,139,19.84910574154603,0.41568576650963657,4.453928275912355,17.98069432020224,71.44490495926826,2.1735964539292425,0.050359712230215826,0.02480897219365019,0.37605807261097063,18.755971034723824,0.21203947206593826,-9.953430325535768,106.52149111449577,0.10323911430381129,2.465752745105796,0.7913669064748201,0.02333389735176894,1.355919956904576,342.9309800273167,-9.530820407181206,6.5136786,7.983624,long_period_variable
92594,anomaly,296,14.78850502004981,0.704530421813099,-0.0021639033790356306,-0.9029755087839657,100.0,3.1550926698256543,0.5067567567567568,0.55677929426456,0.5406628489285541,20.5236388037306,0.6696711850626067,-0.06521019309450471,-0.7952891028610205,4.1698642020619925,2.860175433896032,0.5168918918918919,0.4942368202175249,1.0054697318777115,34.48741487152085,45.531404888824625,6.484905,7.9466915,high_amplitude_variable
66382,anomaly,292,20.79946327818886,0.19182367880098322,-9.212071534709949,100.2515785479131,83.34444814938313,2.542747744421991,0.791095890410959,0.021236624231448786,0.5146870307737827,17.042996883651465,0.6530044037817228,0.1127273233358642,-0.8873834796865934,1.8262521462755268,2.6761364484639323,0.4863013698630137,0.4889532439973987,0.8053537818213324,7.9505482891864565,18.554332770142835,6.4753103,7.9343767,color_variable
62465,anomaly,211,17.58529973000099,0.2002644425131509,-13.574728380072138,189.71759497189012,0.10501573555445429,2.9258876985374087,0.7203791469194313,0.022264490013846228,1.746883143582419,20.44289789525918,0.6669822598641952,4.017734544209501,14.181784453712293,0.20242701856060175,3.135714691719368,0.052132701421800945,0.02189650665389209,0.19663145339463514,250.57372151092267,31.712593976585126,6.433678,7.8809395,transient_candidate
66782,anomaly,186,16.92681575756273,0.668119192193959,0.07266698835250168,-0.9422038376161104,100.0,2.614054457311802,0.4731182795698925,0.5277869137146443,0.7000169823242072,18.48044779489229,1.165819120329701,3.3705781620524276,9.370682557168465,0.29059189132944485,4.691121980202656,0.06989247311827956,0.019994836693291163,0.16537350134631662,191.51119758862174,52.429294963678714,6.4223084,7.866346,transient_candidate
53308,anomaly,274,20.61499594789547,0.7759970420040909,3.6223894030043025,11.147693689041516,100.0,3.3424325877253445,0.06204379562043796,0.02220786871465741,0.12203534335536154,19.768188827176587,0.6475264487721991,-0.007000367116642682,-0.8149298870302433,83.34444814938313,2.7649025172278243,0.49635036496350365,0.4822243353498923,0.8207538731604451,192.52293115585124,31.700706812697213,6.419529,7.862778,transient_candidate
10458,rr_lyrae,234,20.949529620034347,0.5748155353419792,0.03139831432006317,-1.5343499643549123,9.26598702502317,1.7626526007403207,0.48717948717948717,0.5756223705530807,2.0556203955636283,18.366336296283595,0.8171286193213191,-0.04596884085850341,-1.552215363500622,0.20482995508000001,2.387716844306496,0.5085470085470085,0.8126993007247219,2.1507622556257124,192.9226616376776,-20.296782241876635,6.4189777,7.862071,unclassified
24870,anomaly,209,17.38822777997138,0.13519010785355648,-11.296498828273267,140.61538580059045,0.11199640822881231,1.8694613477245579,0.645933014354067,0.021106381946150776,1.2754174003829326,14.617134205844078,0.1018705942354683,-11.330434150315496,146.06208102464078,0.10429345202355166,1.4446456282154827,0.6028708133971292,0.021170814846520614,1.4135125643509225,103.89276616593942,9.040690780432513,6.401584,7.839745,short_period_variable
95599,anomaly,216,14.739494823466039,0.5821568431333227,5.729596195182858,30.907931834055937,0.988925772208792,3.693662681862783,0.027777777777777776,0.020720770088523466,0.33844704062515873,20.97324787443974,0.7151727123804765,-0.08800189737865592,-0.9986303723062493,83.34444814938313,2.8006456124184,0.5,0.5788376247347191,0.7101202523106794,60.94996854155057,6.576186167588844,6.4013553,7.8394513,transient_candidate
89645,anomaly,248,14.570965860438802,0.5850246712613023,4.936944427871232,22.45344400504124,100.0,3.23448276268317,0.036290322580645164,0.023200877885308557,0.24056091839120466,15.944527564273441,0.9170199434753395,3.178023902087279,8.11547372982151,0.13048236713128553,3.550103550897207,0.07661290322580645,0.02429226234385684,0.11656264234172786,192.03882446391407,-25.60368669346136,6.3983207,7.8355565,transient_candidate
78171,anomaly,169,18.17122873594518,0.3603161311221075,5.495143961583432,28.42409749295708,100.0,2.2147722272766295,0.03550295857988166,0.019374783810274465,0.4135175007980855,18.923202219473392,0.2571374376906296,-3.318330834667677,12.513437903305464,0.15463528468482735,1.7880849134921242,0.7928994082840237,0.02859546632029719,0.12364929397335919,126.98084291789914,1.9379971113805112,6.382383,7.8150992,long_period_variable
20509,anomaly,90,14.82161377718396,0.39802528399306547,-5.297914155684784,28.639266640149724,5.559757101230064,2.676138381495889,0.9111111111111111,0.02531329187695608,0.4582708918781191,17.527310557552774,0.6912838630693816,0.18796335448638193,-0.9499064189860311,2.4771806027690504,2.7281915478234318,0.5,0.6011088836301735,1.3552494329257834,207.05054724928144,-9.710618932475601,6.3704295,7.7997565,unclassified
70274,anomaly,287,20.045505677765153,0.3758485476075188,-5.113254995443598,26.981901830872214,35.73266619013581,2.580540283229297,0.8466898954703833,0.03242443925084615,0.08216635284799886,17.405075997592423,0.6557559129990741,-0.10952518531906984,-0.716354083146729,100.0,2.675702421633112,0.5121951219512195,0.4786304032265427,0.6429015636210501,280.4526906694196,-12.032549109054152,6.369148,7.7981114,unclassified
42018,anomaly,97,19.141807182537676,0.427634362994437,-3.4380307332372055,10.938038571826567,100.0,2.1256444923637083,0.8865979381443299,0.026757052082043487,0.13928362219939155,16.243336490036935,1.135555702647855,-5.416196432630088,27.34601888293307,0.12273728451307866,6.611752526908891,0.9690721649484536,0.01584986003744504,0.7004204870104137,314.54978173505197,47.16896274219529,6.3665414,7.794766,transient_candidate
83469,anomaly,249,17.993122720424733,0.6810705423916309,-0.10339156456822546,-0.9735631459222414,83.34444814938313,2.774898020460334,0.5100401606425703,0.5217816094558891,0.6342869645485655,17.22988524104889,0.3693079471152426,-4.688980674071667,23.412365915111074,100.0,2.598615076719316,0.8514056224899599,0.02791704625210656,0.0780570382594237,36.650816028127686,35.54497024832851,6.3380623,7.7582116,long_period_variable
46762,anomaly,231,17.99324526391902,0.34811071897958334,-3.4191239863053533,11.512791600714365,100.0,2.1005313875716745,0.8701298701298701,0.023913821498933174,0.05205527133996327,21.005540947812698,0.5018909625322596,-8.581251114427886,71.76877002317256,0.14445722343911643,4.516772951379316,0.9826839826839827,0.013463587794110055,0.6836946009355411,326.19485703378837,-15.852455981294668,6.3336926,7.752603,transient_candidate
70580,rr_lyrae,171,15.875062567482335,0.9523805582052133,-0.11299244377876738,-1.3451818194510485,6.583868928458538,2.93245601350014,0.5146198830409356,0.9387537929298784,1.9181880157551445,15.37961654243943,1.0050755429946419,-0.04997890065648091,-1.4970732150245114,0.7942813017379172,2.96436440677631,0.49122807017543857,0.9953337932183501,2.032644315387299,194.00887116473643,75.9757295741236,6.324441,7.740728,unclassified
44093,anomaly,75,14.195045405609648,0.6330265832560918,-4.688768428205931,20.005838597507122,0.28303125969575976,3.292998582244735,0.96,0.013365871965167031,0.7034885770915307,18.424094631039484,0.6326403249547983,-0.21590631386977027,-0.6529702114995608,100.0,2.8194143888105394,0.5066666666666667,0.48907782925060417,1.2035750383907484,283.04049700859747,47.213767162479925,6.323852,7.739972,high_amplitude_variable
17097,eclipsing_binary,52,15.130199467186952,0.0928398043441176,5.931628926257915,37.324137710690145,0.25940868933487277,0.6924383886895171,0.3269230769230769,0.019970688951866045,2.1798153209353464,16.948274543422595,0.14449022808768522,3.5807885979584695,11.426882739518831,0.3506650289672182,0.7052744966508087,0.15384615384615385,0.016856472176153048,2.066794728702211,203.7306172499652,36.18323980113456,6.3153405,7.7290473,short_period_variable
87016,anomaly,284,17.044757706537098,0.5954127430100612,4.534778024674105,18.62704304068735,100.0,3.1101022914220415,0.04225352112676056,0.020913204757432524,0.1752653021704283,15.175796767176125,0.9431457932384726,3.46157131596225,9.997900475720284,0.12700504869839516,3.9292570452332978,0.06690140845070422,0.021689404791984224,0.116680836425194,266.4523768322972,36.550205989264356,6.310183,7.7224274,transient_candidate
86091,anomaly,281,19.58084123112066,1.1218453884081996,2.605721967865759,4.797441718186066,0.19755215531021694,3.811760980775631,0.10320284697508897,0.023136007706639816,0.07944704777290912,18.043388143660096,0.15683159017209017,-12.011365508369394,163.55868081128583,0.12990651096942116,2.4132246157673,0.693950177935943,0.020534716661135377,0.9479436113194027,293.4435816182014,-0.84943932753621,6.301153,7.710837,transient_candidate
43206,anomaly,72,14.656581680246498,0.9716568894757485,-4.583350598226223,19.020485993559554,1.062412200632049,4.920199038624087,0.9583333333333334,0.015692259688572463,0.7139228395156207,20.566043833254792,0.6306586115948168,-0.21101985959668584,-0.46605498112598687,100.0,2.6692162370250863,0.5,0.44738097474285965,1.3734729023721763,254.78645249625248,-10.078438439379038,6.2961917,7.7044687,high_amplitude_variable
72652,anomaly,246,18.159930074462807,0.6507964845640689,0.026461999772025287,-0.8598749505954637,18.53060014086073,2.720266012584201,0.4959349593495935,0.5154219967821341,1.4022153491641498,18.625054816793703,0.18929262621246645,-8.772168262059846,86.80069364970157,100.0,2.323239572637018,0.7479674796747967,0.025229208902850075,0.4874585444884668,146.64682126180577,22.993043673026747,6.2939367,7.7015743,color_variable
15507,anomaly,149,17.597646403720734,0.6870922910675996,0.07898637520601261,-0.8607647734277961,100.0,2.631645725884347,0.4697986577181208,0.49936283949254445,0.6972167702996486,15.989649422582163,0.5844465514184687,3.448933639233016,9.929000323442743,0.14083868181304657,2.4826492187109004,0.06711409395973154,0.015017235216747693,0.21671232904168394,349.38543150396123,-22.07373489911014,6.2852397,7.690411,long_period_variable
48191,anomaly,283,19.39195996268766,0.26752078238186067,-3.854303537075563,15.601116677308031,0.2003200954034973,1.7835306831286388,0.8445229681978799,0.026377903571255246,0.06728561219437866,21.170319845988615,0.746919292963568,5.021554969359761,23.26045364887299,100.0,4.164801901099224,0.0353356890459364,0.01949412522711569,0.21101923342132034,82.08138028953898,45.38276384886758,6.2851014,7.6902337,transient_candidate
59530,anomaly,70,18.019415580866013,0.7151101160401757,-0.20927104722012915,-0.7787090681879096,0.11849394410375887,2.6334907703298818,0.5285714285714286,0.4592886109400709,1.7843357944313654,16.00113345136059,0.6853993706306087,-0.07915714971672577,-0.9982307585187518,100.0,2.6022730544921764,0.5428571428571428,0.5732399439038982,0.9610972961061627,284.15663812108585,-10.063666961522042,6.279482,7.6830206,short_period_variable
55540,anomaly,141,14.467511934267248,0.7109846805286739,0.05228261593703423,-0.9884750507186677,11.636135099276087,2.7676376547673893,0.49645390070921985,0.5241303858577009,1.9477809576571816,17.24513254423227,0.6960130716894263,-0.09398624497283638,-0.7105601550446443,4.3511563335045125,2.9342664079679928,0.48226950354609927,0.4843000407654614,1.4618846263885592,265.8065998109308,43.46341979649303,6.2786317,7.6819296,unclassified
77516,anomaly,272,17.295000710375508,0.15478261515927486,-11.181141796979993,144.48128327962002,0.8395923467605406,2.2801357815806824,0.7095588235294118,0.02029200633313266,1.0553549956803043,18.843627413657334,0.07187423183819433,-9.632188729852341,121.5667155684585,0.20884789823563424,1.072582096731736,0.5183823529411765,0.02165095452005339,1.2274154921344307,255.90352195150427,23.4983130294367,6.278204,7.6813803,short_period_variable
41721,anomaly,209,14.294739248195793,0.9162990367233405,-8.160417505444817,64.62290646768426,0.2975025024965453,7.774295259084969,0.9856459330143541,0.014091604020444848,0.6804991341903092,19.191615742623142,0.6637150155556055,-0.041972597157709825,-0.8064840808189744,100.0,2.755430385337693,0.49282296650717705,0.4992817766918023,0.7496057072009064,287.27031657369366,37.54218002867937,6.2655644,7.665157,high_amplitude_variable
54360,anomaly,245,15.879062352853714,0.36271375724873256,5.207662604506778,25.31545260752624,0.1341195023814998,2.146995203140179,0.04081632653061224,0.022099092173327506,0.26944541149667484,20.769845955136756,0.26457434326877177,-5.211890701805896,29.413768471846986,19.243205789514203,2.045606859642202,0.8653061224489796,0.024086071831266764,0.12517303127955678,32.26425188900235,65.56986389936793,6.25429,7.650686,correlated_variability
41064,anomaly,273,18.63202746495762,0.688523789793535,-0.054944351928174366,-0.9603709543887504,3.403991638124161,2.8067495251111403,0.5347985347985348,0.5420034958173581,1.1738343355147098,16.005759985413405,0.6752169633041585,-0.038351082662396806,-0.9679418884527156,100.0,2.7737271251880635,0.5054945054945055,0.5251436727811054,0.5991508640635083,254.35133578451268,24.194960874783902,6.250554,7.6458907,unclassified
50353,eclipsing_binary,60,14.699852744991754,0.06529706764544148,5.606422495333086,36.583258028604995,0.12817620061024076,0.5185585847654792,0.36666666666666664,0.01507515478559629,2.0665640394854026,19.023034678177048,0.36471103863391746,1.9439147777553445,1.8244929839655049,0.9987952120167112,1.1242873115471212,0.15,0.021777509018882313,1.9655746225453077,11.518520418115358,4.5148228941487005,6.2455273,7.639438,short_period_variable
87306,anomaly,241,19.23518088384231,0.650296116306458,0.016147903072424686,-0.7767977916544555,100.0,2.8063556912970924,0.49377593360995853,0.4813515937005164,0.7226136019049479,14.679866218099555,0.819842593315039,3.3460123146087897,9.218740710608905,0.10214329279817248,3.311744595796961,0.07053941908713693,0.02366231924823836,0.12904153164321844,50.36625021057097,-13.178557857878147,6.2399087,7.6322265,transient_candidate
90209,anomaly,206,14.437835477340943,0.6695510038337267,0.0217872929901004,-1.1100308828998287,100.0,2.54881893145447,0.47572815533980584,0.5453317883982249,0.5971049197852731,21.465039834401686,0.6021477217266504,3.2757458922529628,8.768441854050701,0.20357997773204003,2.475961973951023,0.07281553398058252,0.02093665208612272,0.15060008839464228,221.81452006092806,-8.681330588054049,6.234124,7.6248016,long_period_variable
21008,anomaly,300,20.700729737813187,0.37063408932204556,-5.744952509420498,36.23470562213587,100.0,3.271119863936839,0.8833333333333333,0.02520094156591135,0.09164605934406427,19.156576318268066,0.6548455266695422,-0.12969217642516492,-0.8532911300242256,33.35112415771565,2.727555247009871,0.5333333333333333,0.48839527753215783,0.9274621690752962,313.3125922022324,22.1089955683198,6.2307744,7.6205025,transient_candidate
35014,anomaly,230,21.14823011041619,0.7852110873642111,4.741858618637809,20.52693268708652,83.34444814938313,4.163797311932736,0.0391304347826087,0.021578922569311487,0.23759536679059973,17.694560174032258,0.6687698944143108,-0.09922592799887094,-0.885319533119123,27.79383965306349,2.712430875222129,0.5304347826086957,0.4961929311938036,1.205068111422064,51.202239768563544,6.2472588236967965,6.2238607,7.611628,transient_candidate
20497,eclipsing_binary,64,15.280858661705064,0.4892433622219335,3.1293950425983383,7.8420598796541,0.307370497351166,1.929252977267236,0.078125,0.02257611732233844,1.9952270793238027,16.98519185123154,0.06568306028643049,5.294506945655733,34.842129600604736,1.0109017227188988,0.5345377565786187,0.40625,0.023011326979576197,2.1538612485151285,201.97821022449975,57.04975884945269,6.211625,7.595923,short_period_variable
19544,anomaly,140,20.330215966560015,0.7990622609261306,-6.604216195797262,41.6415823198564,0.10154220653916371,5.570534032500301,0.9785714285714285,0.0130248558108228,0.6848790876767229,18.788480521396405,0.6868692077578598,0.026418353567939704,-0.9101035375044573,100.0,2.76357025696613,0.45714285714285713,0.5257392597071942,0.7693190521206157,81.06224099123253,85.64368676476104,6.2083116,7.59167,high_amplitude_variable
62334,anomaly,267,16.02602195037518,1.2644151622200788,3.1279763445666586,7.791034140176681,100.0,4.819298877320422,0.07865168539325842,0.01931963707315454,0.10477078982771865,19.24509626846069,0.6706022394685301,2.9409068992668557,6.675848423829139,0.4641915971942362,2.541347215763963,0.08614232209737828,0.023403931166825487,0.09827656426730154,147.99062172597442,-14.972057956026275,6.2031174,7.585003,transient_candidate
93327,anomaly,234,18.66232828901901,0.610369661542793,0.07120283331367423,-0.6563980447790989,29.428386413139457,2.679571945881424,0.49145299145299143,0.44677661975767613,1.1916462568365924,18.17139840932283,0.18319311088054446,-6.8352949638231495,48.77780411869831,100.0,1.5622321255970029,0.8034188034188035,0.019567126189109274,0.2848308032739336,80.61700557483336,57.39531692578474,6.20014,7.5811815,color_variable
12129,anomaly,282,15.918873017091574,0.44793513771521637,5.6390711579412365,29.969640367823338,100.0,2.795084353999851,0.03900709219858156,0.020496447048309996,0.27196913382050336,17.871734709417055,0.5873605606814093,0.03440041398761639,-0.742475991788003,0.95495529915183,2.4425330260397367,0.5070921985815603,0.4186013139832987,2.1728593234264424,151.57076987286982,29.184362524040345,6.1969676,7.5771093,long_period_variable
83362,anomaly,220,17.05427304666503,0.5355748035216557,-8.36953505856338,68.15184430488407,100.0,4.684270630788669,0.9863636363636363,0.013297125300711699,0.6810974895279586,16.726975720096362,0.7133695870370064,-0.036389638591620775,-0.8942055843743835,45.474392795415255,2.956225023016678,0.5136363636363637,0.5206880520948847,0.9681865334878602,104.08664236814052,40.80419983418267,6.1965575,7.576583,high_amplitude_variable
88621,anomaly,242,15.5894365404296,0.8293136263873091,-8.80484415471032,75.57803410288436,0.11005057395149806,7.556529756091283,0.987603305785124,0.01426737740221462,0.6744386328663282,19.469868507464174,0.7196028238683674,-0.07678609610383193,-0.9802601244520028,100.0,2.8550929667002833,0.5289256198347108,0.5755239332889861,0.6628890407842843,197.63791164065,61.015333803157276,6.193089,7.572131,high_amplitude_variable
20401,anomaly,283,15.297140986508685,0.6771378095177837,-0.031174150041502813,-0.8755920225693288,83.34444814938313,2.8269346343832105,0.5123674911660777,0.49488483207233,0.6559305001074143,18.154631324838366,0.07480082923192344,-7.5778547206373155,82.53818764267699,0.11479695819062173,1.0358462890745024,0.5795053003533569,0.021250398129136983,0.8776121249445156,283.59918949719315,40.252267471775426,6.18014,7.5555105,long_period_variable
45421,anomaly,259,15.85923513199608,0.2965031685858572,-5.759463341680014,37.01320462426884,0.25336677768040916,2.5881571481576735,0.861003861003861,0.026634147268984165,0.16222606440139853,14.344494184557048,0.1392680752031423,-13.095876721023357,189.72397361262009,0.2262203863531047,2.168006462767911,0.6718146718146718,0.019295238171709528,1.2809005963768776,255.54677813212925,-28.866333936985,6.176244,7.5505095,short_period_variable
24801,anomaly,255,21.17056146772402,0.8468326079413527,4.488848593169584,18.179301312830376,0.25247194223094493,4.290204463920517,0.043137254901960784,0.02064250579560678,0.18991845996619763,15.746783873124565,0.7545708966962315,3.467034996700351,10.043567753100765,100.0,3.148512044412321,0.06666666666666667,0.0224599047935925,0.12871845403310586,13.478389823379464,-5.276042563234181,6.173395,7.546853,transient_candidate
62185,anomaly,206,20.981142491337017,0.08695922791414414,-8.562431926176664,89.06140900683825,0.1913574126977261,1.0813370721371243,0.6213592233009708,0.02177195214809302,0.9503729316547668,18.492588729611352,0.6220667516762495,-0.00749481397666718,-0.7478550492135034,83.34444814938313,2.561716955623776,0.5048543689320388,0.4362745775152721,0.8254952806824151,67.48482874827994,33.42942529533491,6.170134,7.5426674,short_period_variable
37127,anomaly,271,20.121202363594797,0.3756341861261572,-4.0881369623241035,16.557286821031987,100.0,2.475462060589269,0.8782287822878229,0.02622400974912864,0.057305743176664085,16.635166168266252,0.8070377636498257,-9.337212562366572,85.23871080160296,0.315112807737693,7.780162887475454,0.988929889298893,0.013932886181326154,0.675520779869672,48.98874799051387,45.52348999651868,6.160794,7.5306787,transient_candidate
95989,anomaly,262,17.694274530220216,0.7675108170043821,3.8029709754681695,12.489231604100745,100.0,3.414559639788152,0.05725190839694656,0.021867655862244817,0.14504859229608327,19.853513914599176,0.7958316537773042,3.4035762055434335,9.605255202560713,0.1386149156193139,3.2706799734156142,0.06870229007633588,0.02177582283794166,0.12415819093795977,178.3185809083903,27.19651075368583,6.1586485,7.527925,transient_candidate
33915,anomaly,228,15.28172364613606,0.6828571185253896,-0.04097930899744814,-0.8649568919160315,100.0,2.7674007194574575,0.5131578947368421,0.5071524703697792,0.67317939810381,19.477146914130795,1.3081562208677169,3.1202352248762617,7.74289891787555,0.10966468579937745,4.981355077590429,0.07894736842105263,0.023721135697025275,0.1244898089591254,258.027045553431,39.7249602442532,6.158124,7.5272517,transient_candidate
95661,anomaly,248,15.820786910423235,0.40157477325880697,5.642717406499642,30.064365269567624,100.0,2.5339556945609516,0.04435483870967742,0.023110319645182287,0.3040974028631246,21.101166352052243,0.5718530557540823,0.0036381340422079575,-0.6547654069630084,1.1144675680797225,2.403704856251693,0.5,0.37873743059780907,2.0436142743916226,277.0909456047291,69.12603074279163,6.1563807,7.525014,long_period_variable
80775,anomaly,202,17.241953444300197,0.5267028887742206,3.7115449625941004,11.825052890894819,100.0,2.333098908453941,0.0594059405940594,0.022179655031203893,0.18786762077371197,16.121524817443383,0.6795094012878391,3.540683331613503,10.565261632796803,0.11031745121007143,2.8754426774339166,0.06435643564356436,0.022348195077192656,0.16586351420508472,294.03620138301267,31.666934679525284,6.1546545,7.5227985,correlated_variability
80732,anomaly,286,16.492809791897923,0.8306189278414964,4.559668068938416,18.82267132224919,100.0,4.250676612530398,0.04195804195804196,0.01970034350865113,0.17538419929212698,21.044147662159258,1.2198317252717068,2.704084916038247,5.317876702357953,0.10678616577639033,4.221385832951384,0.0979020979020979,0.022074514460864947,0.08122900254267443,192.2261414296609,24.508554998402857,6.1504273,7.5173726,transient_candidate
73059,anomaly,174,15.873573695116676,0.946273383316332,-7.412676273304681,52.972165622502324,0.112197298466809,7.329892262920158,0.9827586206896551,0.014203530550149779,0.681190258297797,14.699004262873974,0.6131647785943348,-0.1555986003545623,-0.40883590152558646,100.0,2.797845782171322,0.5,0.4273574765767023,1.061125761129398,25.462406593819672,-2.082368943441409,6.1493683,7.516013,high_amplitude_variable
55533,anomaly,131,14.967757143518142,0.25748288608700204,-7.083846133214315,51.12400054794975,3.1470930781579525,2.098804791227934,0.8854961832061069,0.020748640398799978,0.5939815096989626,16.46389188739216,0.6794764716104524,0.08373833716412514,-0.9763713258466056,100.0,2.723680987067997,0.48091603053435117,0.5412109270992875,0.8518977427968861,51.914829416436106,25.815560395540004,6.1493454,7.515984,color_variable
4237,anomaly,54,19.032544596458973,0.8314061518844139,-3.877241130055903,13.042695215028747,0.5609844778209697,3.6721463125144815,0.9444444444444444,0.01435484535762832,0.7153983836013906,18.275443501391994,0.6074028103970527,0.20817779698115912,-0.6926113753588985,100.0,2.4136917285463824,0.48148148148148145,0.5029215694667428,1.6276828952359237,133.02604940153321,-22.949809776468676,6.142742,7.5075083,high_amplitude_variable
31355,anomaly,282,14.146726855093107,0.6915876849323546,-9.527261583901709,88.85174083711321,0.32304655062667414,6.803642972826068,0.9893617021276596,0.013531215306713307,0.6835798364547563,21.341383001639926,0.6485765245300695,7.283688627354113,51.18029768077818,0.13954262177110544,5.022737739070848,0.01773049645390071,0.02056559676589309,0.40828128940851727,92.9118697233346,22.857849689406734,6.140276,7.504343,transient_candidate
14095,anomaly,107,16.383520405170298,0.38769606084346797,-3.8741715459336916,15.556368233032497,0.42587122996620463,2.340765158332932,0.8411214953271028,0.03060268686465406,0.16439668328306195,21.13769486637097,1.8309334125062469,1.029979351137599,-0.9379118234954653,100.0,4.237690798055532,0.27102803738317754,0.037415337513454716,0.09313518250016106,261.5648772951817,0.907043905861812,6.1373577,7.500597,transient_candidate
32483,anomaly,274,17.886942965541543,1.009230879091471,4.452177423971066,17.844648547298643,100.0,5.072679670077136,0.043795620437956206,0.02259798705176408,0.17829434781526812,18.21264488294977,0.6032882485138371,2.684129608839654,5.230961439827219,0.10150101297970344,2.162103716601596,0.09854014598540146,0.02069094382182257,0.08750365077474084,152.3056467783642,30.39494522666223,6.134531,7.4969687,transient_candidate
92782,anomaly,246,14.5809467291138,0.4410188566418324,-4.130866317371115,18.881711557134903,100.0,3.4180310957008597,0.8699186991869918,0.025247927339917098,0.08649666945055323,20.35315608644229,0.5475430848598112,4.631537942689999,19.523744553493202,0.14383438473324173,2.876843630845382,0.04065040650406504,0.02261356060660802,0.21571246685336704,55.83734627052446,80.40239360735755,6.130737,7.492099,transient_candidate
27273,anomaly,292,16.70439690142869,0.6484997411514244,-0.1334159937951811,-0.8247441212241879,0.7843217240957314,2.706328160737188,0.5034246575342466,0.49438152696406945,0.9574010882626318,18.632845978725097,0.4806422731000408,5.7577525050280585,31.289402329882073,100.0,3.0675903865330625,0.0273972602739726,0.019884469439492847,0.261163291283942,46.80140218107489,51.64396744897708,6.1113825,7.4672565,transient_candidate
23362,anomaly,132,18.294621063915866,0.6608632528673593,-0.11508748319279186,-0.7723712274407437,100.0,2.7509808434119627,0.5,0.48639757765673863,1.0664900686212428,16.00125532537163,0.6352261862890138,0.30205612240893104,-0.7239351005348569,4.068163507783953,2.465659015049651,0.45454545454545453,0.44819968469657656,0.9819022439739,212.21554343753135,58.88629688909036,6.1075234,7.462303,long_period_variable
94890,anomaly,201,17.974206453503704,0.775982399263405,4.130682399034749,15.096780158101335,100.0,3.685777997662676,0.04975124378109453,0.022515805776766484,0.21680962069815404,19.96658718641933,0.6886770550662318,-0.09710356519608222,-0.9423331679921993,55.57531962201222,2.9057763973808335,0.5174129353233831,0.5258801172900256,0.9790717516610191,295.80579892402994,72.27481004400218,6.099699,7.4522605,transient_candidate
80803,anomaly,231,20.292337210680408,0.8150106269638258,-8.594558384365419,71.91687216738178,0.23537133488835044,7.268825740627481,0.987012987012987,0.014343496653758336,0.6765443128279087,17.900997109751383,0.6732939117768207,0.0348400069422354,-0.9057413896311148,100.0,2.7963180152017735,0.5021645021645021,0.5258543564239595,0.7129734683019893,97.6991113905991,62.75498432342117,6.091779,7.442095,high_amplitude_variable
68632,anomaly,288,19.106692785201783,0.07275684306443336,-5.3434499648000005,36.65222789709968,20.012810761039272,0.7380605840758108,0.6319444444444444,0.020679684714989932,0.49110582000585395,14.473605914215959,0.6016243843070176,-9.628138716399885,90.80651121178022,0.17916207770666803,5.9888241692485416,0.9895833333333334,0.01402937381892233,0.6758396287400152,203.6529113457644,10.977185381462803,6.0911474,7.4412837,transient_candidate
98758,anomaly,161,14.54498713936172,0.6617526238643204,-0.01197816484677251,-0.8266200091776317,100.0,2.903949401650552,0.484472049689441,0.5057568193293189,0.7868028117663636,16.152065584678365,1.3571885207944054,1.777534761500263,1.163271833953642,100.0,3.748609586244335,0.16770186335403728,0.028192697465385663,0.09057279415560421,260.1047687028041,26.840986185673742,6.088095,7.437366,transient_candidate
70733,anomaly,273,14.458100388213847,0.7065322106300559,-9.37258547661139,85.9018592870619,9.26598702502317,6.835460788238771,0.989010989010989,0.011842449446110237,0.6736906502468148,16.19071343169668,0.6230213455904784,0.050135316016786106,-0.9001084899124874,1.4674326240301998,2.5036782673933864,0.46886446886446886,0.4755668274350633,1.981495925042728,94.46810431140189,2.3826318015209864,6.085615,7.434183,high_amplitude_variable
69627,anomaly,294,18.23602682806319,0.4897203738230338,4.224199325202437,15.925466032400411,0.10852308954099225,2.4288850970355753,0.047619047619047616,0.02194415963894336,0.15525474606290143,16.216067353731805,0.8367856243429378,4.864311576890007,21.700272220855915,100.0,4.57903185526917,0.03741496598639456,0.021924761620677913,0.1928602843960015,140.7504104039843,0.46259824199619715,6.0806284,7.427782,transient_candidate
74461,anomaly,180,15.589535731297358,0.6990754228623568,-7.54119369039534,54.92032851613407,0.10300534951967238,5.505695899486893,0.9833333333333333,0.014452138897002698,0.6843255084430079,16.930385348906242,0.6769658722147649,-0.09291982750171005,-0.7732831472309747,100.0,2.8471581201246217,0.5222222222222223,0.4957526249584401,0.8135575226294554,341.982799562525,31.848199672166984,6.0676193,7.411084,high_amplitude_variable
28501,anomaly,240,19.238043201265903,0.5921270050841033,-0.053697513393892234,-0.7810706635879754,0.31953966855829374,2.430070745681981,0.5291666666666667,0.44362160716350196,1.8344732424661254,17.881013738188763,0.7030188007539003,-0.10760265937279354,-0.9798716698872982,100.0,2.854204418529182,0.5,0.5811913616233166,0.5914876290780688,104.65952785732432,30.474169201838805,6.059824,7.4010787,short_period_variable
33636,anomaly,231,18.18575190337651,1.0136577977271093,3.6778239606022227,11.54307062813508,100.0,4.4039454874301,0.06060606060606061,0.025164059184913157,0.1545188895297067,17.5550179909313,0.7202537449612068,3.033237049391675,7.221914232686435,0.13287303992995658,2.735209776428629,0.08225108225108226,0.023007898005420913,0.12055023007485131,17.22469427896293,-12.953450263995961,6.059002,7.4000235,transient_candidate
1276,anomaly,292,17.244441342545905,0.39706013492689135,-4.356272950524596,19.677632116392623,100.0,2.7765304792400034,0.8493150684931506,0.027038388134531743,0.05588281830064265,20.009779395388282,0.40910396407804045,-3.709142492192764,14.086216232364649,83.34444814938313,2.5625896245712383,0.8527397260273972,0.02596304050432785,0.03511049000561092,152.29437464099522,24.753119117313823,6.0430913,7.3796015,correlated_variability
43136,anomaly,257,17.974489402672926,1.052954504446709,4.292008005424017,16.439744704380864,100.0,5.122865167001674,0.04669260700389105,0.020063970558805266,0.17552200276849128,20.839344470923805,0.8206910112810281,2.5050152245030106,4.288960098256749,0.1586556008696066,2.792674308109312,0.10894941634241245,0.023231380807867907,0.08731215952938143,59.01801075269568,48.464631022329584,6.0199738,7.349929,transient_candidate
80480,anomaly,299,20.717054218745538,0.5441012454653581,-9.811725906288205,94.4083321410905,0.14232077091793624,5.518294777418392,0.9832775919732442,0.013237447365892052,0.6759960133115822,19.992382850674367,0.38750361144428047,-9.793600806227643,94.17486374118123,71.44490495926826,3.9520222850569944,0.959866220735786,0.01245161733825384,0.672574543967004,235.5916366904215,25.667595885176205,6.0181565,7.347596,high_amplitude_variable
67967,anomaly,222,19.44977267584902,0.7055451606382448,-0.0021564068384956887,-0.8679887683220753,3.5238471190311706,2.9441473806576752,0.5045045045045045,0.4986036960674767,0.6226687343236531,18.275415827101977,0.6571514961682428,0.016846580519453484,-0.8664094537323677,100.0,2.81302136213602,0.4954954954954955,0.5123494027208224,0.614979593672182,291.13755760349204,-22.527838306697518,6.0164227,7.345371,unclassified
2748,anomaly,294,18.948168133899795,0.18716002160303363,-9.142004708405937,93.66959325389396,100.0,2.3667133090689134,0.7721088435374149,0.02274782214549198,0.4299879285568465,15.692694246663121,0.480318124119686,4.616800511116293,19.406454461691734,1.0446685126168955,2.5647204162301094,0.04081632653061224,0.019958706341018484,0.18265066893429824,157.3443251049494,38.23992558003573,6.002486,7.3274827,unclassified
74391,anomaly,262,17.9062973278719,0.5201017721292771,5.087212518299452,23.97981458583424,11.636135099276087,2.9727952572798877,0.03435114503816794,0.021146989819174067,0.2394016758475252,20.200746662483603,0.16084223785191756,-6.281321501382804,41.694186995641786,100.0,1.4417452337225356,0.7748091603053435,0.021163839866517264,0.18746219368365846,332.5492677993157,46.04687527253503,5.9978437,7.3215237,correlated_variability
75660,anomaly,260,17.88894475061144,0.6836740292879063,-0.03150728894234373,-0.9457971338082141,13.167044197439816,2.7146628973475657,0.5115384615384615,0.5290323235240475,1.7439563100038975,16.78520635524134,0.4029457221852485,5.396207808260542,27.279964730670386,100.0,2.4724566633492806,0.03076923076923077,0.01900035923239507,0.2767075743875945,162.10904715319748,11.233266112735137,5.997275,7.3207936,unclassified
74844,anomaly,210,20.133786284009762,0.6989393334115456,5.647378826753881,29.949302655150028,100.0,4.328077176740255,0.02857142857142857,0.01808861943473694,0.3524617561961302,15.517218169361444,0.16244981683127202,-6.620569090385388,45.000538450865065,0.16985733886318244,1.3685934367643977,0.8095238095238095,0.018529332519918285,0.3645610239195917,85.64054828726192,-23.80463687278823,5.9871464,7.307793,transient_candidate
12545,anomaly,249,20.75290635993324,0.30604257866101725,-4.673765225092006,23.5421283868536,0.33674229615269063,2.3242719858160648,0.8473895582329317,0.025203651344245515,0.07257119196336617,14.394042377917177,0.6632682233750697,-0.05996971376638981,-0.9040679813994323,100.0,2.751643103309199,0.4819277108433735,0.544100119977081,0.7139472373685529,194.0295392334609,35.49337693677634,5.978347,7.296499,short_period_variable
3744,anomaly,297,14.950766620380946,0.5771332468249389,-0.022370090885337077,-0.7256788298637953,0.7220743278671,2.4602728745106273,0.5252525252525253,0.4271997529921272,2.004945788463549,19.226364618038648,0.6526643549526319,6.262703071477982,37.305126985588366,83.34444814938313,4.4332098737838415,0.02356902356902357,0.020365075849394287,0.295394730383779,193.70069611117353,75.90794649050746,5.9706845,7.2866635,transient_candidate
21724,anomaly,119,17.41470320049746,0.6637529633581198,-0.05423797792953269,-0.9057075732384505,100.0,2.6184346653998567,0.5126050420168067,0.5230368356743789,0.8977064017577726,15.351811976655084,1.1162721866353675,2.9954442274426447,6.981205757250169,0.10266721159632212,4.114646422986462,0.08403361344537816,0.02331377097273446,0.22265627615711003,349.7705994358127,63.33780523359245,5.961407,7.2747555,transient_candidate
91860,anomaly,257,19.12769954211621,0.6558149493968104,-0.07383683208600025,-0.8010250403796233,16.13986375230039,2.8461961985362336,0.5097276264591439,0.47388419874957677,1.6874144298721396,18.575669238645396,0.2623185766619302,-5.5418778910245825,32.59713296809923,100.0,2.052948416680856,0.867704280155642,0.02293678309776581,0.16701177758874636,146.77221724751072,60.840962776595376,5.95254,7.2633743,color_variable
91117,anomaly,259,16.44934657523893,0.6618944858304371,0.008885376468531847,-0.750633726886373,45.474392795415255,2.905076320677713,0.49034749034749037,0.4926914690941313,0.9244451081371723,17.330456393370625,0.19049302503534157,-5.472689285184558,30.972426088559395,100.0,1.4937685004513366,0.8416988416988417,0.023903257177618542,0.13460718760001417,123.16133681562408,43.76406311100145,5.9394155,7.246528,color_variable
25014,anomaly,179,15.701537078132437,0.6931595481531092,0.05157954530559098,-0.773788398883791,20.012810761039272,2.828619633741104,0.5195530726256983,0.5229344366024034,1.6095818877949783,19.417068217632668,0.04043319227395195,-3.673908610355187,29.90011080870024,8.778337752647198,0.43522575437144795,0.547486033519553,0.02013732268575552,1.6149508526582257,209.05358339293056,40.53673872881656,5.9329123,7.238181,color_variable
24988,anomaly,233,20.506032262146544,0.5945125847585907,0.034219851208663075,-0.7703900197203812,0.12228736822123372,2.3944278937043855,0.5150214592274678,0.4547589098870084,1.9041128034183028,17.399340203432146,0.16003204664544693,-12.789402232009392,177.4387966700522,0.15040571030217437,2.4162522066811825,0.6652360515021459,0.019800089226482243,1.228044497488266,323.52876952678866,-25.80937180087104,5.93169,7.2366123,short_period_variable
79362,anomaly,277,19.380692181140006,0.2605189026281617,-3.971082410217851,15.302202354346068,100.0,1.530477308690127,0.8592057761732852,0.027570580514044707,0.05563625167173437,20.18309518522335,0.786340511150822,-9.441943042313323,87.21663662503452,1.3597689018485675,7.66315691724893,0.9891696750902527,0.01437704933837125,0.6763379512708625,114.39884527286686,58.7108691005068,5.927443,7.231161,transient_candidate
33074,anomaly,295,17.247259040542012,0.25709405771247407,-3.424192540974397,11.42390075008621,0.13728390966120066,1.4949715352047885,0.8542372881355932,0.02647291632377957,0.04782551395772737,18.16010107622529,0.5107004807149061,4.855747154498096,21.684377980137054,100.0,2.8097847383519152,0.03728813559322034,0.023808699779987563,0.18862178438676544,92.56418658515602,47.87835207094058,5.926718,7.230231,correlated_variability
34139,anomaly,261,19.111309800677308,0.08946863363071185,-11.61236179971807,160.11154245736017,0.3906314100785873,1.3826671157021302,0.5862068965517241,0.021672402362227672,1.3018925865702997,20.218565415202196,0.48049890551079094,4.5343424934231225,18.641176016160237,0.1710768257805487,2.4881066861065015,0.0421455938697318,0.019429496389609113,0.1962380354121021,217.8743365818523,44.83507351490361,5.9106555,7.2096133,short_period_variable
13260,anomaly,247,19.825492459021376,0.6845806777937616,-0.05155507550334439,-0.7829213930433769,4.905693705717257,2.8202160015050595,0.4979757085020243,0.4899622124975487,0.8197945411670191,17.57276985841896,0.6671547112914794,0.03521294131556783,-0.7707203681056964,100.0,2.6762412074146624,0.5222672064777328,0.4959280600354532,0.6848979765070099,321.99545690577173,87.7364719003243,5.9096537,7.2083273,unclassified
56886,anomaly,146,16.36322740377921,0.18289829920646308,-8.313955732139194,73.53231453168175,0.19991993604481662,1.9302404837815264,0.726027397260274,0.02586282701301279,0.9884804698263975,16.20918466754705,0.7011171859831592,0.06782645443298019,-1.0058519600719,100.0,2.7768676997324278,0.4794520547945205,0.6255563237638295,0.9614301221160677,214.53903828899698,21.555535438967127,5.9072833,7.205285,short_period_variable
34605,anomaly,239,20.65567731302716,0.7017222033852192,-0.031070748968813004,-0.9608129183225409,31.267200400300222,2.880721965087904,0.5104602510460251,0.5377747939089694,1.1036054653873717,18.918378708931535,0.6931968706491387,6.67490493931534,42.649562558755605,0.13586746032759847,4.960799320101643,0.02510460251046025,0.021616834829817577,0.41403259667396347,124.27214410760183,-26.509251843264366,5.899058,7.194727,transient_candidate
78337,anomaly,177,20.733499258721533,0.6684221528798722,0.12089288240550172,-0.7239190308330805,0.6021636454088485,2.8526065059413064,0.4689265536723164,0.4588131943631808,0.7596580502807728,16.47516148642429,0.7071114206965021,0.17086247482090033,-0.8652560321610574,100.0,2.8193729486719086,0.4463276836158192,0.5105522938044267,0.726439313223661,314.78572508518926,70.62330469808839,5.898852,7.194463,short_period_variable
73912,anomaly,101,18.282433420082324,0.6443241442283911,-0.014219193318354105,-0.7475957056623699,100.0,2.7451554915920724,0.5148514851485149,0.491676468200378,1.0964241910441843,15.824175764133553,1.0455591532577846,-5.5374901740732945,28.676446656392937,1.2896784446462477,6.247396497026092,0.9702970297029703,0.012064059032599772,0.6954293893578605,273.56460064150417,78.2203160992461,5.8923435,7.186109,high_amplitude_variable
45079,anomaly,216,20.626285900643147,0.2979228172231267,-5.137090933474258,29.239140692172334,0.19999983996812162,2.349111489448088,0.8425925925925926,0.027911402988621603,0.13137924875900125,18.631659631000264,0.6933836839416776,-0.09616907771499432,-0.9556950886119062,100.0,2.7102268667475613,0.5092592592592593,0.5368008352887124,0.7388637522083349,19.11573785977952,-3.299934559024159,5.8817663,7.1725326,short_period_variable
94015,transient,206,17.56383574734857,0.6564075714133664,-1.4362846818670472,1.044709727520777,0.19055584059941036,2.6871253028180675,0.6699029126213593,0.21029402756796323,0.038626770309111984,15.501803324882358,1.2916689546511768,-1.602850317278572,1.1292906850745172,100.0,4.470821414024877,0.7427184466019418,0.06047100258916771,0.012991488734250597,273.25835658977627,69.10293171082897,5.85073,7.1326957,transient_candidate
77553,anomaly,300,19.240303251011845,0.13234841498331124,-12.788891921761541,180.21712570545728,0.19320448911538704,2.083620429531212,0.6033333333333334,0.02282852233806487,1.2332767956049462,17.016487104334228,0.6903214394375503,0.02850509512640126,-0.9920913418841995,4.068163507783953,2.728246215474279,0.5033333333333333,0.5622610071749214,0.693127777196157,346.906968031441,2.1331317149969777,5.846915,7.127799,short_period_variable
89662,anomaly,180,14.726666287450467,0.675393464151304,0.02312387103171825,-0.9841476156067599,100.0,2.9096465830302787,0.49444444444444446,0.5554399941019303,0.7329098507798282,16.91054920902459,0.1446345516729752,-8.660421150701834,88.95571583179546,0.1752099785920674,1.7463851037433429,0.7055555555555556,0.02260189039760796,0.8281360939250184,111.80231602132893,35.941314479961065,5.8456693,7.1262,long_period_variable
99958,anomaly,279,15.33525418960477,0.23234039452080432,-4.741673940300124,23.361448300906062,0.1295030750180045,1.6234824391784173,0.8745519713261649,0.023329429229224985,0.07972869735990168,16.726715747417227,0.6216472102140227,7.240981854472766,50.56908123369658,1.270038870963644,4.818872057238401,0.021505376344086023,0.020888407810844,0.41636436272584487,245.3524093338673,-27.803923777458735,5.8399487,7.1188574,transient_candidate
3475,anomaly,264,19.81253149810277,0.6866569316984233,-0.08299339055593793,-0.9158298958501283,13.167044197439816,2.861027326094767,0.5,0.5501260804261658,1.5352931720320098,14.835466626008659,0.6605421608489759,5.117753909109476,24.258321451149072,100.0,3.757871118112657,0.03409090909090909,0.022778508856922564,0.2376842504012515,275.41094855882545,10.795744318378603,5.838996,7.117635,transient_candidate
93422,anomaly,248,20.21702933138655,0.6867608669999103,-0.12782737887280973,-0.9700349999482976,100.0,2.692738037732319,0.5120967741935484,0.5436051341060608,0.6293080255488409,19.47600614664425,0.6780116990139429,-0.13574219183713582,-0.8844483346689929,3.1670108840262023,2.774515227699215,0.5403225806451613,0.5329802760756586,0.7804052116685483,0.05515770709838108,39.697401832158434,5.836244,7.1141024,long_period_variable
49849,anomaly,269,20.114702630338662,0.76254680149069,4.024194680043321,14.223461577944011,100.0,3.545695325754135,0.05204460966542751,0.02119130328972929,0.15480028655451183,18.468737671707554,1.0418587215757742,2.589160320861631,4.713958689410723,0.2922892699024494,3.571242166972578,0.10408921933085502,0.024684861565575034,0.08272224361613376,252.05946102500937,4.043233762764679,5.8286095,7.104303,transient_candidate
33705,rr_lyrae,272,19.732874266608587,0.35812799318364513,-6.228203256325229e-05,-1.4476704246544807,8.626997549442585,1.1390316609303994,0.49264705882352944,0.3623792303496476,1.7027759364097206,17.033159980833958,0.9417896366476483,-0.13969900472764804,-1.4566337198796824,0.2851277827621747,2.8426540885338625,0.5036764705882353,0.912403443105287,1.7495852207618314,94.08630007682805,32.52111021688327,5.8265285,7.101632,color_variable
77176,anomaly,214,18.350837162406606,0.6180988902215512,0.07028058982696284,-0.9964671733017272,1.053465646988909,2.2809701385020915,0.4672897196261682,0.5176882708659996,1.9378663952844328,15.69728582677174,0.7191077194400656,-0.15560359684730604,-0.8490495235995925,100.0,2.8345326121221355,0.5280373831775701,0.510341147448977,0.6882699580344291,87.66231694717398,61.73823507028678,5.8233285,7.0975246,unclassified
77279,transient,266,19.22574054259092,1.2057966260208721,-1.2390514571846238,0.5271181167538468,0.9423665294934898,4.839377942106511,0.6428571428571429,0.4818704473873563,0.011629311779589537,18.330088153080233,0.19193721712336256,-2.6942309351898954,7.104191169646567,100.0,1.1321112359601209,0.7706766917293233,0.04401938092622082,0.1419756090392652,146.31492081088632,-5.088395362598579,5.8158436,7.0879173,transient_candidate
20168,anomaly,108,20.30135755860424,0.6044854865395506,-0.07941459760531407,-0.5795989244364192,1.593611527304026,2.4959807529688405,0.5462962962962963,0.42055241853769765,1.928544089927272,17.67990530115888,0.7560480593537582,-0.09211900095224432,-1.0081683938496768,100.0,2.8693316667082023,0.5185185185185185,0.6168847065554637,0.8864754770061966,80.63255809210531,-9.10421845148058,5.8153806,7.087323,unclassified
55613,anomaly,188,17.265644626483645,0.7461777116613837,4.223773914996127,15.880144090928027,100.0,3.663917321276177,0.047872340425531915,0.02078955872302579,0.2353298512235295,15.538814143365878,1.6670829614681624,1.913625784682103,1.6642895829807074,0.32138671391567825,4.761834333754038,0.15425531914893617,0.025024232894587328,0.08310274401558003,273.28208899112104,31.499355432924403,5.812667,7.08384,transient_candidate
23658,anomaly,280,16.440417650639024,0.2610963890975357,-4.4826448205347145,20.952893618798228,0.4194457007025442,1.7994122280671636,0.8571428571428571,0.026875202824621525,0.05686474816364065,18.404362134259937,0.6649851141824081,0.005338461047283246,-0.8346340394152754,100.0,2.98339408903578,0.4928571428571429,0.5187047876295878,0.6652921916916424,297.34339555140883,29.489981978476806,5.79851,7.065669,short_period_variable
84191,anomaly,182,20.17211140707365,0.6736879029370156,-0.31751358635478344,-0.7228111715966055,100.0,2.8622213474162947,0.5274725274725275,0.46923394845160615,0.8725367029207285,17.233646945424606,0.9655652302436455,2.7898357108100473,5.795142451362604,1.3415416323386942,3.4350806777958347,0.09340659340659341,0.026008320634621995,0.13239825509817835,149.82093660665348,80.66761364011279,5.7910666,7.056115,transient_candidate
36617,anomaly,156,17.937726190712244,0.45261590449378847,-6.980109778212804,46.824882191173025,0.2835123315670762,3.339178237370925,0.9807692307692307,0.014853101125035906,0.6810185416074268,15.437849497261274,0.6491343849024226,0.11147228894110398,-0.6500548882779094,100.0,2.784071688957109,0.5064102564102564,0.4576081279659041,0.8060014793726555,298.02138469592165,49.89965856245607,5.7878556,7.0519934,high_amplitude_variable
27658,anomaly,278,19.249953468798633,0.8526066289818517,5.275497002743412,25.865911918223045,100.0,4.951663349364537,0.03237410071942446,0.01729958047658009,0.23050046035226715,15.236139585914755,0.6630502107986963,-9.45727018061161,87.5209193497548,13.522871750480158,6.473354092717065,0.9892086330935251,0.013380309645749655,0.6814257752701867,151.77377536326813,18.75583410140778,5.7856584,7.0491734,transient_candidate
80719,anomaly,170,20.531426471460698,0.6812349157636083,0.17426206562274119,-0.8882747317870869,15.161808862333565,2.7026544739616405,0.4823529411764706,0.5157691113927054,1.8370191395101123,17.017791244258397,0.4930698975172685,-7.306903554889867,51.492609740288316,100.0,3.8117511121229963,0.9823529411764705,0.014113103059594678,0.6809684895709285,53.10693957929775,9.454148507425089,5.782195,7.044728,high_amplitude_variable
53913,anomaly,168,14.841088172347858,1.2812775645032306,3.011940960996987,7.080618789643593,0.10388208105794725,4.746524651080097,0.08333333333333333,0.030238754615920627,0.1586904710677728,20.017396851598058,0.6868094284411921,-0.16261853318860295,-0.9898493768056205,100.0,2.751676134626866,0.5357142857142857,0.5494509888310777,0.7158958174835172,24.136431902883864,34.03942418519726,5.7819834,7.044456,transient_candidate
27787,anomaly,148,15.354337867441716,0.7966543152124764,3.4391092727225074,9.847370600555047,0.17999988477702916,3.3040244699563175,0.06756756756756757,0.020018498542990315,0.21924629649294552,16.582448753836154,0.702848109946615,-0.10711214387140384,-1.0031282348421573,100.0,2.688596479631654,0.5337837837837838,0.5654004034199165,0.6941919165783235,274.3456266332582,29.351424985153415,5.7802563,7.042239,transient_candidate
74555,agn,238,19.022065180305027,0.09968221677996443,-0.5275461884801406,-0.02388752369750957,100.0,0.4808648801499693,0.5672268907563025,0.05915238297024139,0.16134696666233694,16.805180822293043,0.16409545542588708,0.773542399314878,-0.3406130647456589,4.63316527026025,0.6302274748723633,0.4117647058823529,0.0948417138918618,0.06360667340876526,245.5475892171242,-17.97224547714888,5.7670054,7.0252314,correlated_variability
67435,anomaly,249,16.42770065717831,1.0710890915490334,3.0846525372058866,7.525117691535572,100.0,4.0832215351135694,0.08032128514056225,0.023340724587182393,0.1121857515796857,17.29445010069217,1.4850405952959842,2.3895558343592023,3.713960303912306,0.11326390830494748,4.754976435375635,0.11646586345381527,0.0245827003105461,0.07822040280056981,182.90320020887674,5.966074175697031,5.766749,7.024902,transient_candidate
71634,anomaly,268,20.023675518282595,0.29046140656561803,-4.183651178801306,17.373018257287562,100.0,1.8315235655469095,0.8992537313432836,0.024554937313327585,0.06431862215750161,20.633460985871455,0.49057836397247123,-9.268854483862741,84.06006707686642,0.21384595904287357,4.734434596531905,0.9850746268656716,0.01335387676302524,0.6830681858361546,62.346885566333434,24.082373804352535,5.7646704,7.022234,transient_candidate
21623,anomaly,244,16.668351442000404,0.9753162747199491,3.146170057734626,7.911905509364226,0.15992322149798058,3.7734423833510498,0.0778688524590164,0.023452988488003257,0.11428970551227564,16.063772844743614,0.6562910815747053,-0.1064198311377364,-0.7810293576190714,100.0,2.744019976753325,0.5163934426229508,0.4904618120690154,0.6130841263467859,310.7488763398192,40.324428391843796,5.7560153,7.0111246,transient_candidate
38735,anomaly,224,14.572993695599532,0.2591776723569682,-5.079030863609096,29.499428371514973,0.28758577523322115,2.1420706521255894,0.8616071428571429,0.022257797633123744,0.15542408415981504,14.578581471390377,0.6829458112620193,0.05839993123645485,-0.8742045198809749,100.0,2.6993130562824827,0.47767857142857145,0.5051256568042168,0.6379984197599678,357.0791189613936,56.626879659835524,5.754938,7.0097423,short_period_variable
49057,eclipsing_binary,93,20.443007079693825,0.17225699978273518,6.247701405886698,38.575002668305075,0.12629982198268738,1.2564883999458836,0.21505376344086022,0.02392904682749375,2.0899738664517225,18.553409974785144,0.056486994948761506,2.31871868926537,6.53985783958505,0.21393738511939023,0.3096779546133348,0.40860215053763443,0.0246420580150577,1.2336095035832901,326.2980669003211,74.86077479509997,5.7526174,7.0067635,short_period_variable
77275,anomaly,177,20.454936545270126,0.6602152298531102,-0.042922354191742,-0.7490572720692668,100.0,2.8890162560159887,0.519774011299435,0.5091299499280169,0.7652938215951383,21.363733181518096,1.3154572519208247,2.633608120509345,4.941431374083188,0.1359043607384019,4.513554439719421,0.1016949152542373,0.022284177863205912,0.12338880694108527,149.2474902153093,73.11432638429656,5.7473087,6.9999495,transient_candidate
52996,anomaly,102,16.05845545607041,0.6554519228428403,0.0626766056508271,-0.5853186591749884,0.2851277827621747,2.5839168947117663,0.49019607843137253,0.42208604553436047,1.4302597019984298,20.946946346989343,0.6611903807337283,0.002342111480016243,-1.0919426398225667,100.0,2.457756275142401,0.5,0.5399744563253535,1.0270225371407038,175.14480362462484,40.768066348678104,5.7447495,6.9966645,short_period_variable
34575,anomaly,117,15.911800185377556,0.6478405262997586,-0.23421352154114208,-0.7037521629373034,100.0,2.6753704674227645,0.5555555555555556,0.43152162024098395,0.8760840603545325,15.401271201115291,0.7236528466572275,-0.01845612624153041,-0.9575984529638526,21.752752273617332,2.643073216674958,0.5213675213675214,0.5379328648896937,1.764045336735386,210.1114469600138,70.9833076797714,5.7420096,6.993148,long_period_variable
79643,anomaly,50,16.822299721680068,0.6129548462059253,-0.2705763122907263,-0.06348800761027773,100.0,2.612832540619637,0.6,0.29952407613593657,1.9787139551380484,18.094109970017406,1.7095746111051766,-3.704689078091044,11.72704624194206,0.14765411897099937,7.251678561305292,0.94,0.013402900031264764,0.7211321017627161,137.94554046410522,-20.02758473590323,5.7417264,6.992784,high_amplitude_variable
96230,anomaly,220,18.94977805330624,0.10713902540732605,-12.624408115072871,174.1603132014114,0.18492226902102543,1.6124300506227875,0.6590909090909091,0.020145801825494303,1.6809019996048846,14.305661235145354,0.5922035503520879,-8.372955808023237,68.19210527817232,1.3634739538017164,5.1874148513956975,0.9863636363636363,0.013066836170895435,0.6775572942429358,152.9703264604648,-25.097361245400354,5.7365317,6.9861164,high_amplitude_variable
21581,anomaly,195,16.678643837679548,0.6407165343598838,-0.2396469763397739,-0.6018547856577756,100.0,2.871258924498319,0.5333333333333333,0.4601749975553666,0.9608330697868338,16.441813992349143,0.0860329369240807,-6.564577562116336,59.41712802863041,0.14696029720140438,0.9934641461437543,0.6461538461538462,0.022546073942599776,0.7574916120004656,271.4512005802902,-20.92569583904318,5.7285786,6.9759083,long_period_variable
83473,anomaly,183,17.967774156766783,0.6108949422257189,-0.057314245775518954,-0.8531309871399606,0.3001794831916903,2.4041525914925757,0.4918032786885246,0.4580976846714364,2.219403966256432,19.89691278808189,0.671708828098492,-0.17500665114775227,-0.840377939110533,100.0,2.6401272400252687,0.5409836065573771,0.47758354939162473,0.8576638490137443,73.95104003999454,7.906718066131191,5.7280393,6.975216,short_period_variable
22550,anomaly,229,19.45332979450616,0.7591570011691359,-8.555506004034765,71.2484006031845,0.17225463362896992,6.742000872418934,0.9868995633187773,0.01300944623259781,0.6688433576648114,16.14909548034459,0.746945417184703,3.6550756172933565,11.386317736771172,17.868887617958247,3.245674225681956,0.0611353711790393,0.022053120791351688,0.1548760421269213,328.8991754903885,16.183967034518375,5.7210298,6.966219,transient_candidate
89642,eclipsing_binary,52,15.843374006937625,0.11735647433436278,2.523133279441168,4.960838936021058,0.12671559712095268,0.48546700427834644,0.19230769230769232,0.02178671435533719,2.3929695801978665,16.142070612750363,0.07903135243637857,5.6761684706383,35.19988317968634,0.11012323051640503,0.5888787588038511,0.36538461538461536,0.0199806938686109,1.9921424403836256,97.10756073006266,45.89853039474602,5.712691,6.9555154,short_period_variable
91100,anomaly,273,15.41305347810536,0.3899616340300352,6.459767792044487,40.00988449550305,100.0,2.759093674833151,0.054945054945054944,0.01938304700467519,0.3495608700399079,20.70914132041061,0.6534438598443452,-9.368890711165875,85.8567816251791,0.29435248341875186,6.328870681845427,0.989010989010989,0.012166522403131097,0.6800921566213398,54.196279453019216,11.807513542578008,5.7096004,6.951549,transient_candidate
55783,anomaly,217,17.128645138379547,0.22096723729823842,-4.836207999034784,24.801192655133264,100.0,1.610768753255071,0.8571428571428571,0.023627200905025347,0.12452270191456853,19.45496044954644,0.6813337141753777,-0.07666219405045153,-0.8777993292939494,19.243205789514203,2.778912726598616,0.5069124423963134,0.518643017298821,1.6144445798818625,149.28506229975872,27.202269487306992,5.7044406,6.944926,long_period_variable
16437,anomaly,269,15.714029996179672,0.28810333170476266,-3.84650599870719,15.902236892285558,0.11835381421742062,2.1071595666446985,0.8327137546468402,0.03143292043655421,0.07563477729355138,17.8701624893274,0.7013644579898131,-0.15014239999138004,-0.9077495185919613,100.0,2.7751418858555468,0.5241635687732342,0.50117201856958,0.5886641403508406,205.69398897323836,23.304480140642795,5.7017274,6.9414434,short_period_variable
36527,anomaly,291,20.46679841574452,0.664457154712216,-0.05878177747370316,-0.8136851064739972,62.51875937968983,2.791004542902801,0.5120274914089347,0.4980496517237576,0.7545611176566712,19.439275279214947,0.34626835270156303,6.141782455108792,36.03642600580508,0.21311735395130402,2.3720682732438547,0.07216494845360824,0.0198682100697809,0.3067593005642114,177.69590491246493,87.51003567713948,5.701062,6.9405894,long_period_variable
72650,transient,245,15.869470380632517,1.0191603783363006,-2.9120089799071303,7.797096865037846,0.26532308485986544,4.9288402076198565,0.8367346938775511,0.059690162983699224,0.03372803086149841,14.27602633261984,0.3820832215042863,-2.8258837214694466,7.152373095914566,100.0,1.8899018410177835,0.8285714285714286,0.05328295120901849,0.056445428552732976,65.60136478543102,86.70970557738349,5.6912546,6.928001,transient_candidate
6906,anomaly,79,20.821145986749578,0.3154481057562616,-4.381953627891616,18.89199257536075,0.1723139498810796,1.9127311243285625,0.8734177215189873,0.020318190311343187,0.3312557936926053,18.12875627208211,0.648887388559297,-0.17578966473865287,-0.6465565565060354,100.0,2.6398596026474586,0.4936708860759494,0.44787621071843375,1.1450095891361698,310.84266001039026,2.3558328828490076,5.6816993,6.915736,short_period_variable
44900,anomaly,191,15.400998194658161,0.6981516305621394,5.354863303738761,26.745734164431056,100.0,4.163186476020524,0.031413612565445025,0.021480969887809565,0.34474111790494666,15.412462304605393,0.20363999833961907,-4.482311724256671,22.300970253695674,0.10680895896198528,1.5451975209140354,0.8167539267015707,0.025879184962947832,0.1357687577578065,201.9139997029459,47.30164000278728,5.6684704,6.8987565,transient_candidate
88917,anomaly,243,17.816579257342653,0.6758232473876881,-0.05237306216333918,-0.8721850797654618,100.0,2.7142875972864005,0.5061728395061729,0.5314352816390304,0.680679745837325,16.699866404683203,1.0565735622195709,2.6869570012234876,5.228014559918947,0.189258563770179,3.674330290598572,0.09876543209876543,0.022532870786328374,0.09412714969696521,226.75592149839395,-2.9424660011747115,5.6670856,6.896979,transient_candidate
43839,anomaly,213,14.889681455882943,0.6659647980080776,0.1355210702103305,-0.9165084959847913,18.53060014086073,2.5713660853133344,0.49295774647887325,0.5113758776234292,1.6678437913702988,15.80204839049874,0.6787505227906049,0.17340275854242823,-0.9908081213407098,4.3511563335045125,2.589392983276573,0.4507042253521127,0.5215193742325823,1.3965567804350996,168.94054265251248,-29.01205323936011,5.6658444,6.8953857,unclassified
7655,anomaly,176,15.860015361559952,0.22357224914396123,-6.789617312902197,56.91429006759083,0.32942665001630983,2.3514511121816035,0.8863636363636364,0.021301077296425497,0.5564803047276115,19.51753152236478,0.6710002249718265,-0.18616277930061997,-0.8282288375524383,100.0,2.8249178130601074,0.5227272727272727,0.5082921283684403,0.6594823418746285,128.14610597331514,14.425296746021495,5.6544824,6.880802,short_period_variable
52681,anomaly,181,15.042719036414912,0.600736737048282,-0.06345243058602237,-0.8254444583956251,0.34846727377161624,2.334057252260868,0.5027624309392266,0.4370842962226966,2.1128478803332786,14.41933960654595,0.6714666960243382,0.08511226535753522,-0.9090401768644032,100.0,2.8122619056243536,0.48066298342541436,0.5418999136223412,0.7004834084123595,129.50106012398695,-14.720136644999826,5.6544056,6.8807034,short_period_variable
23720,anomaly,204,19.17577580134445,0.4624758551656279,-8.03884416254907,62.75835645598208,0.25860432297036473,3.9041594263888477,0.9803921568627451,0.014871013779789166,0.6909859434635024,14.62495906987438,0.6678366525478467,0.0012078709293848815,-0.7600444287355406,100.0,2.7420444226705474,0.5,0.4870020042612291,0.8320987200345401,203.45543706413991,-5.296472380101665,5.654284,6.8805475,high_amplitude_variable
42584,anomaly,141,20.592994709456125,0.6536888737286687,-0.14900941801333747,-0.6087046984622937,100.0,2.770161516673035,0.49645390070921985,0.45893405522337716,0.9285707011004788,14.941639370378162,1.485931059245598,2.678109246783846,5.176940798996002,0.16199409251388971,5.1051964175060665,0.09929078014184398,0.0254193780395795,0.15843895379327244,9.188376324609555,-5.521052274098608,5.6521225,6.8777733,transient_candidate
94682,anomaly,204,14.180574353323186,0.3417601521506086,-5.185126081502065,30.261654292456875,0.47930889008207406,2.7330629608215222,0.8578431372549019,0.028654690195509147,0.16092736064355928,20.24530356170371,0.6505206468156164,-0.1286475053143157,-0.7528934622763783,100.0,2.7804900811861764,0.5098039215686274,0.4797301635069431,0.8488527543341055,184.91008432166944,-3.441402306990895,5.6514473,6.8769064,short_period_variable
73923,anomaly,279,14.763812314005945,0.3691155708107906,-9.445845170985264,87.49244318496326,0.12089874760119132,3.6340546676262075,0.96415770609319,0.014485446649075584,0.6882120436321273,19.691695174099493,0.1650561022317473,-6.863566005025871,48.081017549691886,8.626997549442585,1.4367339484594694,0.7455197132616488,0.02150249512467184,0.32506703842293155,214.21485074349812,85.02197030568205,5.6476912,6.872085,transient_candidate
9673,anomaly,300,14.701070247733096,0.8619722671129258,4.923233590280772,22.266274700774296,100.0,4.707696696749245,0.03666666666666667,0.020155109841152097,0.19126297947882331,19.064706545880245,0.5751799136071338,0.11023738355389637,-0.6163543309694521,2.501951912874617,2.47027499350817,0.48,0.40715834085647806,1.900162069872646,282.1731596297534,-14.190600857301243,5.642626,6.8655834,transient_candidate
54342,anomaly,238,17.47574529593423,0.6216895321733763,3.905140114949145,13.295391771263105,0.10857018131589492,2.856909693738615,0.0546218487394958,0.02302954880906327,0.16206785749548613,15.16450928670381,0.6652493827543143,0.08242377963435764,-0.9652042414642019,100.0,2.5918081810099487,0.49159663865546216,0.532606543428157,0.6544844227768362,342.67666881930904,88.66916769497807,5.6419497,6.8647156,short_period_variable
8715,anomaly,252,16.389100345480227,0.8029285843006027,3.4424515616371143,9.869800532393953,0.2191850734921106,3.313285826827144,0.06746031746031746,0.02139089347187806,0.13046227123727486,19.78391307169364,0.7049553264668786,6.2288594843472325,36.883059703663506,62.51875937968983,4.758712390075907,0.023809523809523808,0.02095456185348077,0.34036551802204884,47.33669183396551,43.28122966607408,5.6388288,6.8607097,transient_candidate
82221,anomaly,295,17.281705060326892,1.3101598795800184,2.979550375938139,6.884521888903995,0.5811824312934012,4.854434416868315,0.0847457627118644,0.023069443658499722,0.08624139588925156,14.841554729405377,0.6151108247255676,-9.746326247953588,93.113540547567,83.34444814938313,6.216531078191959,0.9898305084745763,0.01457867082589459,0.6795127007363346,346.9952950723547,-29.399712432373263,5.6331096,6.8533688,transient_candidate
65287,anomaly,174,19.62598539682397,0.6086333264513842,4.318120305554503,16.703829279667467,2.704808488304774,3.0045516901309206,0.04597701149425287,0.02216562751543094,0.2674028946662173,17.32350462879466,0.6807958618851302,4.323852903557691,16.735151644780334,100.0,3.3659059969089,0.04597701149425287,0.021385192941547615,0.26616447594925025,277.53701588469175,20.193685125815605,5.632285,6.8523107,transient_candidate
11092,anomaly,266,17.234792382655563,0.6392630399699563,-0.009520052422724946,-0.8255249872003989,0.8967684762290876,2.468097236460693,0.5150375939849624,0.4742106483650268,1.8277109138619017,19.52212314519707,0.6537491237677006,-0.09881557381037641,-0.6970469313984915,100.0,2.7655151843355164,0.518796992481203,0.4765978796255119,0.7866690112727213,288.7963982498969,88.44774478076606,5.628965,6.848049,short_period_variable
57428,anomaly,115,20.009860004770726,0.6238476392808512,0.07686767040403336,-0.7352024784397382,0.4578211960498612,2.496170268038586,0.4956521739130435,0.43071525338667627,2.120716373823126,17.727214820280068,0.6943386023785604,0.04659192047905329,-0.9383557582256712,100.0,2.780317951045859,0.46956521739130436,0.5783083947754015,0.9457715781762523,202.71865592244566,36.188353779600945,5.628875,6.8479333,short_period_variable
58486,anomaly,249,14.857557286473002,0.7965003027670222,4.6750002045403605,19.89109797472099,100.0,4.191805160031631,0.040160642570281124,0.022624400264502853,0.21168421189381223,17.968818993129045,0.24045534470119792,-3.1913886235581246,10.266199940304668,0.4145805637267301,1.4285282343009271,0.8152610441767069,0.03024628742695512,0.05854878178344579,168.01533645270607,-6.250640672302762,5.6281137,6.8469567,transient_candidate
29653,anomaly,148,18.979371452663955,0.5551606105677583,-6.794692438145658,44.23350405796114,0.30474980522591966,4.031826513390266,0.9797297297297297,0.014094173879586336,0.6900910704229858,17.744384846817645,0.6153479373646976,0.019895738058842184,-0.5949138832882435,100.0,2.730250755091159,0.49324324324324326,0.41971310049449073,0.7350672585604872,351.014773039885,-19.08084193200545,5.6260853,6.8443527,high_amplitude_variable
66564,anomaly,289,16.89715280745237,0.17625261944509898,-7.943139993270023,66.38073941890883,0.3432092086346741,1.9205695305995558,0.7508650519031141,0.02049021738635659,0.35379410109725595,17.574923293416056,0.7925999645915797,5.745134480779625,31.061687953056634,100.0,4.95999647632776,0.02768166089965398,0.020643496950974338,0.2514854798577292,134.5764643037355,12.234063935963775,5.608457,6.8217263,transient_candidate
29084,anomaly,218,18.112127014622303,0.4738514849720945,5.741501891098582,31.110110901037686,0.12481913210877915,3.017258751308919,0.03669724770642202,0.018258320191414157,0.35494533929007893,19.6029624208796,0.7056914472166896,0.04025113719513068,-1.012057864872772,71.44490495926826,2.730106908905519,0.5045871559633027,0.5877417333742638,0.6641295689205298,150.11295794991383,16.377915958033505,5.6038733,6.8158426,transient_candidate
20567,anomaly,251,15.062359681245143,0.681996465099103,-0.09774352559656553,-0.8541590000195698,83.34444814938313,2.884925204991484,0.5139442231075697,0.5180324673192249,0.6313575829872484,18.939301468238728,0.7960569253802147,5.721673785087316,30.791927850370357,83.34444814938313,4.94459494231673,0.027888446215139442,0.019482758425922952,0.29623215348067655,334.9305550382148,2.4901497758359668,5.6035433,6.815419,transient_candidate
25792,anomaly,76,14.534021787556092,0.5202845751277599,-3.7961599969252666,13.81814857832478,100.0,2.9035848383776504,0.881578947368421,0.01860734220913507,0.20770070490203416,19.30617821064585,0.7069738662876387,-0.3831328120806293,-0.671328330038238,45.474392795415255,2.7429877590062404,0.5526315789473685,0.545503248918429,1.914180778590779,219.8362585144001,-12.385421583673335,5.602347,6.8138833,long_period_variable
2381,anomaly,196,14.586335305025358,1.50943336901498,2.6279893146473055,4.910360508392978,0.14288972823225482,5.120061633245884,0.10204081632653061,0.02244479285654588,0.11206003149770218,18.040189495729802,0.7349647761871061,-0.10608725551556315,-0.9794088224993684,100.0,2.8518091021494065,0.4846938775510204,0.6130841015657236,0.6405083849672809,3.8723608277740063,45.407620358225856,5.5980496,6.8083677,transient_candidate
13770,anomaly,161,19.612129514005325,0.6972530787300681,5.39184998149331,27.129680684739963,100.0,4.113595269932237,0.031055900621118012,0.02178490061774241,0.41207988961882047,20.138927415970073,0.5753433413602496,-0.015239185104362112,-0.5228798659860803,0.25860432297036473,2.368276852729231,0.45962732919254656,0.38724311837513525,1.9597766321069583,135.56236455614936,85.14341789904965,5.5976815,6.807895,transient_candidate
56530,anomaly,85,16.402465657502677,0.24641135356654367,-3.5071997424064545,12.182915657871847,0.43063569374643573,1.4190245592237218,0.8705882352941177,0.024211124566580366,0.18286895379973253,15.908917020735844,1.4620304113210183,-5.035596866038296,23.36192901051184,100.0,7.985237945244645,0.9647058823529412,0.012020435963293608,0.6975235119778881,279.0135127327587,77.76678552152704,5.592769,6.80159,transient_candidate
13977,anomaly,81,13.892733086059389,0.4031783944647824,-3.591944535603855,12.800712399083116,0.286926176345666,2.2218338790956835,0.8641975308641975,0.024474785711776192,0.21990527836960136,18.022298534457118,0.6571467833684775,-0.024970538856686104,-0.9234683580606142,100.0,2.469208028279109,0.4691358024691358,0.4611788144735769,1.3110908334682607,73.79893112095854,-7.261819563247766,5.5840335,6.790377,short_period_variable
80995,anomaly,197,18.90507419349084,0.7674167408203092,5.4538370758502825,27.789616453975228,0.23715613783235776,4.569659021134033,0.030456852791878174,0.02093029917320166,0.3509097036517297,17.9904902059801,0.6619148104067158,0.09737646429718137,-0.6140004416924327,83.34444814938313,2.886334034115528,0.5025380710659898,0.44250333491402216,0.8619716302903488,264.00273776582236,-27.853135351111003,5.5817356,6.787428,transient_candidate
15846,rr_lyrae,159,16.5059958439368,0.6924750902062223,-0.0950823448732319,-1.5081147681148803,6.3338612606905285,2.0310444744844816,0.5157232704402516,0.6968042417613027,1.927103573751342,17.4982265939778,0.9627606986863829,0.14078720092965288,-1.4139984083735588,0.6549709134741365,2.8969835188672164,0.48427672955974843,0.9354911273129147,2.0260399983223407,112.57504932475113,29.568609400104812,5.579062,6.783996,unclassified
29577,anomaly,248,18.257715058130753,0.5703428901980869,3.281258992853893,8.805519955419557,0.48488222764536765,2.3119652082502675,0.07258064516129033,0.021546033274319143,0.12426710490769545,18.27872214360457,0.6661111541057307,-0.07795719808568077,-0.8563389909222612,100.0,2.849039059864481,0.5161290322580645,0.5208769303811547,0.6505654331983287,40.03594994265255,26.55717886038437,5.5656877,6.7668295,short_period_variable
41312,anomaly,195,19.564770117279284,0.8463954737108139,3.3121863433354024,8.986489924597624,0.9301053461986432,3.404434323300901,0.07179487179487179,0.01975395725304807,0.15769156593771985,15.169544974921141,0.6133051149120303,-0.08913897038116618,-0.6949149204769292,100.0,2.68230055538751,0.49230769230769234,0.480411081790141,0.8138107884265701,108.38950185255504,-27.934070870925503,5.5655084,6.766599,transient_candidate
88605,anomaly,201,18.27034363078437,1.0310320239375448,4.396191304468956,17.34903604249955,0.3279155225591973,5.151901360650548,0.04477611940298507,0.021754435343055434,0.2330142342376605,20.01367709251493,0.1721511260122405,-4.944588164307832,26.867897073828484,100.0,1.3990838322116268,0.8407960199004975,0.0236748706645713,0.18727546930972316,204.85491193077797,-5.297115743805669,5.564996,6.7659416,transient_candidate
845,anomaly,241,17.017886078175238,0.3305064066988015,-4.24505471756749,18.778685913263274,100.0,2.2625792398212,0.8879668049792531,0.02504756832613353,0.08054726955857282,14.950331804747982,0.4668316171095793,-8.772438869048822,75.0908623821877,0.21662317447633872,4.28545657542583,0.9875518672199171,0.012205131131304725,0.6776568968933141,291.15235745407745,-1.430313915122806,5.5644045,6.7651825,transient_candidate
73486,agn,288,17.225942895284646,0.5321730262978318,-0.1173826434797721,-1.2246329662108408,0.13997198320336202,2.0858791257353744,0.5381944444444444,0.4769130371201431,0.03197021869516137,19.58759342354389,0.13649331369764586,0.5409302117283409,0.6299200641232838,100.0,0.6962259172198628,0.5,0.07781409179447252,0.13604429351456412,82.8572825512933,27.73312552970455,5.5630374,6.7634277,correlated_variability
65980,anomaly,263,15.303925525437194,0.5937298681652997,0.05103793470318642,-0.6275986117869183,0.14991006595563094,2.4563367030107504,0.5171102661596958,0.41604821728193464,2.067756993492648,16.175516129259133,0.658517076367449,-0.05169921525188675,-0.8305729893233451,100.0,2.726936617504828,0.49809885931558934,0.4803236898014873,0.6856129192960453,4.279011623023639,88.84491316260531,5.5562854,6.754761,short_period_variable
60206,anomaly,220,20.23657894519784,0.9914105179888911,3.5703422075331974,10.761696000682486,100.0,4.181694944201915,0.06363636363636363,0.02145201517202544,0.15329493094006363,18.688137956897556,1.0173370372611006,2.1741973296656996,2.7337643522010246,0.19615821833873334,3.1306806830833906,0.1318181818181818,0.02400345879520316,0.08032758069756447,293.7211900909788,-20.359906843110473,5.5560017,6.754397,transient_candidate
42359,anomaly,134,17.856969190412705,1.066410871264144,3.2342880492666044,8.469972172887921,0.13319134072444472,4.174828495882021,0.07462686567164178,0.016522796637120862,0.21813159714398989,18.279789042396853,0.31813696766103466,-3.4311585945380068,10.886980347079682,100.0,1.6734113288641304,0.8805970149253731,0.019716432551717844,0.07141953146527241,291.48218815054213,1.2002842550496737,5.5496483,6.746242,transient_candidate
79206,anomaly,103,20.40783418693826,1.4619013745898346,2.5439264636609296,4.4768847247747265,0.8136538902877493,4.83210259586755,0.10679611650485436,0.02860883030476913,0.2069695885675802,20.781634411046866,0.6993662669259901,-0.11383592903069095,-0.91713546958167,100.0,2.7448069362125835,0.5145631067961165,0.5414650376846737,1.053571279717995,221.78361063967904,27.339468934163264,5.546752,6.7425246,transient_candidate
79867,transient,296,19.142805824031225,0.8196314785482787,-2.6027055036544415,6.469511438520954,0.15765588189843038,4.43714720983137,0.7804054054054054,0.06572506315632864,0.0269927969086873,18.364561766588242,0.9373010975320127,-2.763083330552812,6.757599783894866,100.0,4.411179068056045,0.7905405405405406,0.06805591056060756,0.020792578686651048,289.74626724145156,74.95537278660916,5.53993,6.733768,transient_candidate
90368,anomaly,256,14.579441725534252,0.6077694325995152,6.275472134719757,37.49302908441565,0.22141571409336044,4.144852335210455,0.0234375,0.023163787884640463,0.34769227775322087,20.73665050195716,0.7012199554919524,0.02156288375028924,-0.8034810936396606,22.741333818578834,2.9183676485771244,0.50390625,0.5138473024368757,1.3646416488487538,178.622457321549,-6.275260598936477,5.534655,6.726998,transient_candidate
94227,anomaly,261,15.860391107941426,0.4057676794910718,5.801132923844511,31.894378124528586,0.14687402768306587,2.6569707141331484,0.02681992337164751,0.021691060816982244,0.3073486029933736,15.096207812832713,0.6928623393249036,0.1309803688729034,-0.8370917125711874,71.44490495926826,2.875026319169802,0.4827586206896552,0.5199567743595512,0.6777919624072257,81.75988581088002,50.02087350573804,5.5301914,6.721268,short_period_variable
14479,anomaly,243,16.041509609138238,0.6419308486818497,-0.08799069332452078,-0.5957551142800668,38.480486490647365,2.823802581550357,0.4773662551440329,0.45549938595242523,1.0933291127474083,16.245604805717473,0.23888317134160406,-4.046739040813092,16.65655046778359,100.0,1.4843776949650795,0.8683127572016461,0.023808111228785123,0.082421491571968,252.60803968264065,8.784968587922528,5.525336,6.715036,color_variable
97146,anomaly,268,20.001341639382,0.6705853802425085,-9.281572290579337,84.21532252023569,0.1861605859422131,6.42964706287167,0.9888059701492538,0.013155792010469014,0.6747987793194042,20.291239919007655,0.6593912443170913,0.02346119634045317,-0.9290794405288199,100.0,2.755035240476147,0.48134328358208955,0.542000651658233,0.7086287403270307,311.55239933119935,49.96355629829803,5.5207124,6.7091017,high_amplitude_variable
82296,anomaly,204,14.622373402289604,0.6218078844144977,-0.11723775671491606,-0.8688698467606035,0.7892700948892432,2.375971894172947,0.4852941176470588,0.48358632247358546,2.0625760203224384,16.978168327311995,0.6764418597933273,-0.06476976011954073,-0.7578926112899058,100.0,2.821898460999055,0.5098039215686274,0.4469161691419181,0.8029890535565268,90.89045385954054,-28.236628197561565,5.510061,6.69543,short_period_variable
55298,anomaly,293,17.916530918830965,1.0777474153144462,3.419934447066678,9.709056161404401,0.45656804041983434,4.455243816669302,0.06825938566552901,0.02199515031786703,0.11102565371910025,18.04109980186691,0.8613136708782135,5.12279701262447,24.281262973264493,100.0,4.892869760687486,0.034129692832764506,0.01888630072659936,0.20454674462534012,226.47353034011132,83.60985027502898,5.5087757,6.69378,transient_candidate
28073,anomaly,271,17.46810734200957,0.514901069546957,-9.32799133748606,85.12583940337119,0.12337275799195843,4.97507667468777,0.988929889298893,0.010269584000027976,0.6791973977866732,18.453518117373235,0.5506844038382749,7.123317674393625,48.9109034307837,0.10630974606665636,4.200640246620406,0.025830258302583026,0.019171791427634588,0.41297289977840307,338.535728490696,86.53294649866001,5.5034723,6.686973,transient_candidate
14203,anomaly,156,17.268191068737746,0.621999904258044,0.008736974554142667,-0.8762414445322704,0.31177517261767035,2.4204694207319974,0.4935897435897436,0.4654259073651481,2.223206431309432,20.36198897400207,0.6481770111353664,0.15335621184678977,-0.7606224949016807,100.0,2.6812262239765126,0.46794871794871795,0.47194835935919066,0.9613482205785832,184.84937194101963,20.39588419444543,5.498374,6.680429,short_period_variable
27857,anomaly,80,17.053936178170012,1.469381324115395,-4.867714594586732,21.69876986537605,9.26598702502317,7.792623764047875,0.9625,0.01397629909699205,0.6979660598370179,18.967152010782108,1.2048619884627025,-4.866687622342133,21.6923197933876,0.24445501788057158,6.4054668048422485,0.9625,0.016348623705768617,0.7014209073098929,292.94141276922795,51.28672257864375,5.4981236,6.6801076,high_amplitude_variable
60421,anomaly,246,13.954465987377091,0.7562938893773202,-8.878433388622843,76.89046791762243,0.2936615167714269,6.952233715009706,0.9878048780487805,0.013835850757109469,0.6741671807228088,20.856085613893153,0.368212607517326,5.623581529796306,29.830381456355873,83.34444814938313,2.345846016124618,0.04065040650406504,0.021376537368416493,0.31088050978981624,324.43263169171735,51.447680379424526,5.4979897,6.679936,transient_candidate
28074,anomaly,64,16.118187098929685,0.6866267078769116,-0.015754633051300898,-0.9138393532936306,100.0,2.661494798380545,0.4375,0.5628629093460376,1.307768475061384,14.29809476866443,0.7467063911289529,0.1044658946615275,-1.2189841292320185,1.6679790726850492,2.6015646887925143,0.53125,0.646454988338208,1.3142035794921774,51.210423750050325,28.624389606885494,5.4953036,6.676488,long_period_variable
46326,anomaly,158,19.545876369023954,0.6095284934066107,-0.3149160696505264,-0.7626674801414608,1.970049261083744,2.3736474699173655,0.5443037974683544,0.45297435951841436,1.9740848703415739,15.014242409764183,0.6529280626013477,-0.05344336984089057,-0.8303820253016543,100.0,2.6946241243620594,0.5126582278481012,0.5129935840489095,0.7697201963520183,218.86823977563893,18.392660808592602,5.4884095,6.6676393,unclassified
82339,anomaly,297,19.928631227636142,0.22890948459403307,-4.375279112936374,19.267669923592152,100.0,1.447691883096386,0.8585858585858586,0.028235132415694864,0.07261566814481808,16.524063550738177,0.7240188925250199,-9.786802815175086,93.85950223903464,0.1380413372916781,7.310034063544215,0.98989898989899,0.013768721450659882,0.6732855754736409,321.10270716753456,46.42074824295909,5.48778,6.666831,transient_candidate
50270,anomaly,241,19.335101757030856,0.7089865406817842,-8.781188863081018,75.1903575521981,0.27539862284161354,6.4719751482092995,0.9875518672199171,0.01635030647433311,0.6860806254062302,18.948297443082698,0.3293397469749425,-3.4982453612509676,11.64550522929378,100.0,1.7880138364385125,0.8547717842323651,0.030427388909767927,0.04499282092268569,98.28153183925605,66.3314290157544,5.487261,6.666165,transient_candidate
72286,anomaly,245,16.487635847523855,0.6101354313751823,-0.044177498646582304,-0.7098639263439845,0.30035966252047364,2.426687813604431,0.4816326530612245,0.421738731446915,2.1239775510761247,14.820767513482355,0.6838575026165872,0.004291275865863778,-0.9147584413889573,100.0,2.723481471935065,0.47346938775510206,0.49899386792406375,0.5728188033559425,230.29613992123117,82.9461007010122,5.485556,6.6639767,short_period_variable
58018,anomaly,229,15.51262283030662,0.5737147317969724,-8.549161631242995,71.17762148933197,0.1207820219137584,5.110447810572632,0.9868995633187773,0.013312053177617855,0.6872973824579323,17.869194714508417,0.6527021627775029,0.06452355174213065,-0.8439912213090439,100.0,2.6820951239129442,0.5021834061135371,0.4999103644740579,0.6979414922169068,58.36279714905797,58.67033305378047,5.4841824,6.6622133,high_amplitude_variable
39714,anomaly,184,17.61598104571658,0.5648135479243973,-0.02370760977971406,-0.581717446406238,0.9735340512960329,2.405916999152815,0.45652173913043476,0.4266980194400567,2.07343188318549,16.633751988273477,0.7394314103141575,-0.03706813446901949,-0.9498316974131198,100.0,2.903353081175391,0.5,0.5828164432382277,0.7216009434309366,258.86345092895994,76.0092851464571,5.483178,6.6609244,short_period_variable
97496,transient,182,16.4352259522031,0.48218193164969986,-3.1162647919871502,9.07926134702695,0.318725556829296,2.5940421305697754,0.8241758241758241,0.05166317703581669,0.06019290556427972,19.84164808038363,0.7630654008508923,-3.3194826225256024,10.222171562474665,100.0,3.9027763509502833,0.8571428571428571,0.04673447562316291,0.0720261808321927,266.8723359297474,-7.997008651852759,5.482367,6.6598835,transient_candidate
55992,anomaly,190,14.562786675293763,0.6927732672430393,-7.758458566868688,58.24738193888406,10.424138793894402,5.624072881290241,0.9842105263157894,0.013659188182188586,0.676976129181474,19.27468091197043,0.16063492289546621,-8.873036310307048,94.77164636343164,0.5692811387900355,1.9718868059091754,0.7578947368421053,0.021760422704700133,0.8299939383925298,351.03164654876275,18.09738908051635,5.4703636,6.6444764,high_amplitude_variable
38040,anomaly,172,19.936127983893112,0.6113321841934745,-0.20744595078635603,-0.5482001295428005,0.8951642507319432,2.4484731513215685,0.4883720930232558,0.386651002029744,2.145542135195352,20.096775707874542,0.6831945198661235,-0.053473467832571724,-0.9828647994397288,100.0,2.5483010979655063,0.5348837209302325,0.5706214698738119,0.768193408453097,267.28652908687917,40.11985579386031,5.469872,6.643845,short_period_variable
71640,anomaly,195,18.578624929154458,0.7048798725866615,0.10330360569817862,-0.8532531508622405,0.25608975179939036,2.7546805048038685,0.4666666666666667,0.565044816186898,0.9579566909444049,17.154800766151354,0.11205459598103812,-10.725642299262006,131.5805147995666,3.5488382328929524,1.5229537335293664,0.6666666666666666,0.01939447753867185,1.2484751476735712,155.09638002561383,-9.027109786452513,5.4697337,6.6436677,short_period_variable
54727,anomaly,281,16.054594593897797,0.6141645845958583,4.738512571547485,20.503998613847354,100.0,3.291123405310916,0.03914590747330961,0.019074554290527956,0.1879835832479132,18.15750226283748,0.24374212859763802,-3.7776773952217337,14.565729555920946,0.3762397698758311,1.5055877560817024,0.8469750889679716,0.0266680688276395,0.059755332852349054,132.4629205734378,-14.764917065013726,5.46464,6.63713,transient_candidate
24666,anomaly,257,18.747996817295288,0.6234372353715789,-0.10431667136784091,-0.6280679284634934,71.44490495926826,2.7205866943432895,0.490272373540856,0.44890967239152957,0.8484272958256555,18.126393254660364,0.35825202354424995,6.250618156964725,37.36411854237013,0.21681088920655625,2.498952441528502,0.04669260700389105,0.019534427883325378,0.3476028379463939,157.26968842018292,31.915412831024,5.464206,6.636573,long_period_variable
90251,anomaly,242,14.454302576034387,0.9052687069050576,4.60097332153675,19.196827899362994,83.34444814938313,4.658947573989408,0.04132231404958678,0.022259504365798932,0.21493580023689157,20.730570763928803,0.8481686556010126,2.4624435553496604,4.076259840046751,11.1190195511466,2.8177171920312922,0.1115702479338843,0.023242267083007917,0.08625549371536381,254.80506962151344,2.8248146216695176,5.4629583,6.634971,transient_candidate
3056,anomaly,276,18.449368301786365,0.5652636592666923,-9.417102584003404,86.79487121798769,0.4504037776614503,5.500059416647375,0.9891304347826086,0.014049468287396394,0.674460116549869,15.81835379209753,0.6911301681489757,-0.09928958701813716,-0.8963814034878284,100.0,3.072741834500132,0.5181159420289855,0.5281073688696827,0.7050834960249793,126.91165118017322,28.49750591150032,5.454894,6.6246204,high_amplitude_variable
54098,anomaly,217,18.98452188425124,0.5142827328517954,5.2659535607044505,25.84525282341818,0.23726858718635718,3.053887111778561,0.03225806451612903,0.020013847248328887,0.2933077165388719,17.475731606621455,0.6746879275910692,-0.16740029331626954,-0.8493091055198514,83.34444814938313,2.7309487475854013,0.5529953917050692,0.5054211046689048,0.7347479536197362,199.469746194448,44.94662117111264,5.454617,6.6242647,transient_candidate
77411,anomaly,104,19.899608809792767,0.5973041741521512,-0.046938276087587466,-0.6398735747600601,0.1763212453873953,2.617298964069743,0.4519230769230769,0.44833304854796374,2.2611723371731367,17.468445221011663,0.599442053558271,-0.06126281146356557,-0.784801961392803,100.0,2.4074246778446735,0.4807692307692308,0.45038807216896615,1.0765874992357958,221.73397287260934,22.887274707541508,5.454115,6.62362,short_period_variable
34869,transient,172,16.295186196605243,0.6020527249919547,-1.9889473388842003,3.3761477620317804,0.1039036512395691,2.8983362929869987,0.7325581395348837,0.08462804021954007,0.041646203343988886,18.247815622456162,0.9528356388080408,-2.5688084845285273,5.370729214627204,100.0,4.170985786566636,0.8255813953488372,0.056265723833567094,0.024199165636505388,30.826160594356683,-23.050196760459052,5.4446855,6.611517,transient_candidate
10988,anomaly,108,20.900264928048745,0.5995944568979569,-0.15235950616882782,-0.7663071088010329,0.7513474354388294,2.3405032957475562,0.5,0.42625146331266706,2.1621439803667277,15.977657140723695,0.6914282958214684,0.21049750206939466,-0.8598399281902416,100.0,2.70841276309206,0.49074074074074076,0.5231877510038583,0.8261598314835392,224.2854399571368,87.69438048287988,5.4417324,6.6077266,short_period_variable
30413,anomaly,201,20.93649404445047,0.09342174104964927,-11.8427790376702,155.42527653176387,0.1946322913620873,1.3399439600049092,0.5671641791044776,0.019919799565322194,1.9510797143039207,18.014843113639163,0.8813017517136765,-7.994360151966286,61.94621290476958,0.17290936699053303,7.340033828882481,0.9850746268656716,0.013615490645122463,0.6780889316933463,111.65166159889263,45.69658320427965,5.437671,6.602514,high_amplitude_variable
83807,anomaly,99,15.364694518615241,0.6108463623516296,-0.16374378464243,-0.8983481952628187,0.31022886437866415,2.404728958916861,0.5252525252525253,0.43881836579145705,1.7354591365904048,18.39301426228724,0.6683635106974217,-0.12957073275076625,-0.549344541199853,100.0,2.7573651350183432,0.48484848484848486,0.40430877027345247,0.9776910506795214,161.55593421151488,1.9863565530434855,5.433722,6.597445,short_period_variable
1978,anomaly,152,15.503688378571628,0.0663165170357056,-5.320274044034362,38.6811988288816,0.21275491008881314,0.6603130466416474,0.5723684210526315,0.020232830170649585,1.0465897952156966,18.37017681559048,0.6272796504520847,-0.17157900702777437,-0.7253193910350122,100.0,2.7002463091175812,0.47368421052631576,0.5035478761460155,0.9301440079489938,214.27300592902415,76.34248959060062,5.4249263,6.586155,short_period_variable
50391,anomaly,111,14.004153905479278,0.7274454912086427,0.06756413082905317,-1.0041941527599152,100.0,2.7092642163160523,0.4774774774774775,0.5986162769572285,0.8481497762427197,21.157741972338492,0.692433227800635,2.1274292435738977,2.542883546008629,0.22880634854086174,2.1753232784484204,0.13513513513513514,0.025447907089972688,0.16296895179981694,239.00356326617202,79.03982720381974,5.4231424,6.5838656,long_period_variable
65623,anomaly,122,15.370737175316147,0.713288356303229,0.035332258969398254,-1.0155969645141998,100.0,2.6758706719126,0.48360655737704916,0.5825632741105045,0.7895972198199936,20.442017948918384,1.2182784957315604,2.2936934168966654,3.26723394821434,0.18567705267114581,3.813697844938705,0.12295081967213115,0.028432676453354233,0.15402902863417012,256.56786324361775,-6.026593974482481,5.4231353,6.583856,transient_candidate
61401,anomaly,179,15.936237839158958,0.583248746033213,0.03962034246926767,-0.7113457130796288,0.8326074320081677,2.4698529593140925,0.4972067039106145,0.41222430250410724,1.921359153058461,14.72186490274556,0.6710494427085756,0.015537445705431616,-0.9325689000537531,100.0,2.8016465365461745,0.48044692737430167,0.5430478798174345,0.7020378739543974,73.57219035345182,39.01407672267797,5.411143,6.5684633,short_period_variable
58948,anomaly,227,20.893185475336047,0.6562887260999226,-0.11196548662318359,-0.8805769442132516,41.68612408272181,2.6470041287454578,0.5154185022026432,0.4677370127205869,0.9607395456104467,16.748823538787587,0.1788610545733158,-6.992296039995852,51.44632089218404,100.0,1.6908036499031631,0.7973568281938326,0.021743717374786087,0.3337260401010998,98.27163985886637,42.13047892583481,5.4101973,6.56725,color_variable
29253,anomaly,215,15.221324476409748,0.6896648157545084,0.0473898749055519,-0.9295757271769474,71.44490495926826,2.7500587034070154,0.4511627906976744,0.523225038826375,0.7500478724830022,17.897702422488063,0.5292614052481915,6.296153786995851,37.780543814977996,0.11994245449432703,3.618890030849652,0.027906976744186046,0.023850424010326776,0.425101779180785,256.4295890601028,-28.426775271637034,5.409928,6.566904,transient_candidate
58823,anomaly,208,17.207187871378594,0.693555231846964,0.03709663542353448,-1.1050576988117515,100.0,2.6541592709158373,0.5048076923076923,0.5761291907049007,0.6669947921131432,15.712056586122873,0.23528385296017487,-6.087111093558766,40.45026732976196,1.1691488764570508,2.100946176678642,0.8605769230769231,0.021732345061921343,0.2562990777687799,337.2350634091782,-6.347936401495371,5.409621,6.5665097,long_period_variable
79429,anomaly,79,16.933591608366033,0.7504198813590198,-0.320626309417575,-1.013109636518676,100.0,2.6953678693638228,0.569620253164557,0.5964289319619311,1.0875628545016465,20.935284417166887,0.6502429656440096,-0.07260074866849406,-0.8864592330519652,83.34444814938313,2.4888745620861386,0.46835443037974683,0.5172782107374729,1.2550668886817657,171.46746019374652,59.2776144575716,5.407894,6.5642934,long_period_variable
3982,anomaly,265,14.310619875937558,0.6775807387388428,-0.14536960350586037,-0.7948452504474384,100.0,2.8664611273532916,0.5320754716981132,0.4784235316454488,0.6461668724576708,16.986965799933337,0.7390691973118678,2.5601223911497413,4.569810221072775,0.1519125052040441,2.533295595631369,0.10566037735849057,0.022041718233879237,0.0839253537163299,64.98841269544076,-23.90867377981087,5.4024096,6.557254,long_period_variable
9414,anomaly,295,20.354627259070874,0.6765038125300615,0.0661129613186548,-0.8353542904460345,50.020012007204315,2.8546828884919044,0.511864406779661,0.5478071049149058,0.7819744305193566,21.23752056733883,0.6700760468794087,-0.045553432604262666,-0.9362588406391503,100.0,2.8823634696715636,0.5016949152542373,0.4975335667626446,0.7288610052138823,330.2657823147011,-3.8115352277498538,5.3950562,6.5478153,long_period_variable
63026,transient,247,18.391130790675792,1.0571921748329403,-1.4652625912850314,1.1514076911789717,0.16449695652660348,4.138638736267998,0.6639676113360324,0.35576677695521397,0.014148700487077996,16.983220258445343,0.6341922563874428,-3.3862478214836798,11.009831412611662,100.0,3.8783423049359147,0.8502024291497976,0.04780469622453509,0.05639912376802428,328.8683638731691,-14.343928310142582,5.3937707,6.5461655,transient_candidate
9907,anomaly,165,21.11786537160369,1.18401601645823,1.9425581030727743,1.7780124664008135,8.202746829004152,3.4389371195899834,0.15151515151515152,0.025342682038367315,0.09748608541877762,14.889895911564398,0.6942399284896659,-0.054237576257610116,-1.0493332783009546,100.0,2.878234437953431,0.5333333333333333,0.6242998476617103,0.7612108702294748,73.66371582001132,89.76528814033496,5.3828545,6.5321536,transient_candidate
17944,agn,287,13.780327358539678,0.4135433319094891,1.1831073218145207,2.7682639202823243,100.0,2.683517407283512,0.4181184668989547,0.2292954203055455,0.1481795260183543,14.633774740092328,0.08160968526035506,0.6529134093051316,0.14342928805974964,3.679306385609562,0.40850308553678794,0.445993031358885,0.052968749079456146,0.27986490169300704,329.7896209516599,30.20108821432411,5.381381,6.5302625,correlated_variability
64433,anomaly,226,15.10106812767684,0.7024492631810764,-0.00043525012269700705,-0.9827037803900738,100.0,2.723752434249233,0.4911504424778761,0.5426664544696127,0.6222961088174648,19.117667589392752,1.3764220965977036,2.2813749117116444,3.2090870969684433,0.14207831672863466,4.302933628639622,0.12389380530973451,0.023413944082166793,0.08426416365245441,60.71143412821219,25.71529481756849,5.377681,6.525513,transient_candidate
34588,anomaly,128,15.877800990065413,0.29488886191231756,-4.165397721495164,17.677740218531422,0.1296708684109158,1.7896407113071309,0.84375,0.031784219229725075,0.19473843502015434,18.076576701270422,0.6100489471976557,-0.3527134250551102,-0.4508207254692378,100.0,2.6283723186167336,0.515625,0.403086308508918,1.0525530532902627,267.15866934651757,38.04985021817237,5.3760424,6.5234103,short_period_variable
6593,transient,52,14.191837187022806,0.7333196948108742,-2.33383383416693,4.607385133515368,0.1411167048416664,3.350010763546633,0.7884615384615384,0.058223572433689696,0.4334800472712603,14.276959808773675,0.7971939621958349,-2.1847373553145095,3.415095498520368,100.0,3.0852857831642826,0.7884615384615384,0.09469323653163819,0.17986406627647716,203.94410090030686,30.141985071270156,5.373797,6.520528,transient_candidate
58673,anomaly,296,16.740513635590617,0.6953223612281495,-0.08676662950446593,-1.0109933092713532,100.0,2.7298491791419046,0.5,0.5743054132412322,0.5385235153974346,15.646851123268101,0.6970658575693781,-0.00805895926729885,-0.9014282631309252,83.34444814938313,2.890645660359814,0.5202702702702703,0.5237635961835814,0.683136553395862,162.73904863678948,1.0019300078058606,5.3716006,6.517709,long_period_variable
39607,anomaly,275,19.746622330412553,0.5919427421922729,-0.022014973979794454,-0.8045327299647917,2.0177109736999306,2.424928446566568,0.5236363636363637,0.44270632663966225,2.046776364483111,16.669823913141464,0.4136837330016075,5.5634692290883745,29.13257711312219,100.0,2.5941979718622257,0.03636363636363636,0.01989583737951861,0.27849675004833324,58.97550504745189,-10.290735173365185,5.367574,6.512541,unclassified
91107,anomaly,85,18.194557248094686,0.6495314642718031,0.22436953239595533,-0.86330796352452,2.6902668202219373,2.6704160129705983,0.4470588235294118,0.485117273263743,1.5039171057209413,16.12471415839492,0.6578386101690559,0.19015988216777552,-0.9308420475982411,100.0,2.6246527559534734,0.4588235294117647,0.5424864541949184,1.0558875227199844,97.39048881992427,58.43550667020524,5.358538,6.5009427,unclassified
47653,anomaly,239,19.32253997085647,0.7870083909832634,-8.74823422034579,74.58365660878694,0.12601357235999802,7.17406728102819,0.9874476987447699,0.012784607157747985,0.679418953599968,14.312180351469053,0.7628724990027035,-8.748372161024013,74.58373081919702,9.440803761968612,6.910621084517842,0.9874476987447699,0.01270540910358875,0.6796098383075114,51.89846715005934,26.72848349483334,5.353682,6.4947095,high_amplitude_variable
88647,anomaly,289,16.583546363081613,0.5392317155344007,6.6911195290652525,42.91994633372838,0.15593635899987365,3.9211011881661797,0.02422145328719723,0.021251494066500953,0.3529321334882832,19.737752592892168,0.4713168629273592,5.062177120889904,23.74188585008906,0.11577971698703148,2.684384211740511,0.03806228373702422,0.01926288916592611,0.21590829193645156,65.92959023013738,84.66641340558623,5.352793,6.493569,transient_candidate
30215,anomaly,213,14.838521011440976,1.4800537609997635,2.242010891808711,3.0308484184137185,0.11718967943148821,4.597001650026044,0.1267605633802817,0.02597575728563939,0.08455141797358934,15.542280049477563,0.6594692658309953,0.1913533428526581,-0.729028916243744,100.0,2.681550499702853,0.48826291079812206,0.4493238380860749,0.7704242866601275,20.608538754340934,-28.954871681079872,5.3483405,6.4878535,transient_candidate
63600,anomaly,228,14.870696803151365,0.5411365980089962,6.500660182449186,40.389383064420315,0.18868764890433587,3.81859853931312,0.021929824561403508,0.02105855603713991,0.41551682790990385,17.6236651630285,0.360357060308903,-8.50175236144698,70.5301867075532,0.1337967552614055,3.2099135493452344,0.9692982456140351,0.014933472786694324,0.6841898511983098,346.72134395127813,64.96708626024622,5.3466935,6.485739,transient_candidate
86847,anomaly,235,19.699249569686618,0.6697069053432313,-0.05182690965825936,-0.8157146538958324,12.20369601835803,2.893318178780312,0.502127659574468,0.4979705613231822,1.8232456049031225,20.615980517455203,0.46339310194916095,-5.835057884608709,37.60013611041329,100.0,4.161600901577835,0.9063829787234042,0.02543190277727092,0.21296611717697006,305.49092664807426,19.108684801625756,5.3459005,6.4847217,transient_candidate
39108,anomaly,256,20.196140150122027,0.6803457524961742,-0.0934172160246206,-0.7744293458994709,4.003074976577326,2.8565009848920297,0.52734375,0.49616888930931324,0.6656634799381517,16.99036074479166,0.3789369779127539,6.878870207908279,45.632700310099715,0.5935919616320394,2.825592505407762,0.05078125,0.018726634522142405,0.42766916099834823,52.2742834154775,75.20906172440142,5.343255,6.481326,color_variable
87782,anomaly,150,16.579208654811623,0.869061807041149,-6.852023761606194,44.97721925001797,0.21643578451152792,6.288163795719328,0.98,0.013889088025447194,0.6915569135853274,19.392933823215692,0.28409836605287525,-3.9916913519704678,16.4578876712648,100.0,1.8026866721546888,0.8733333333333333,0.023932719224452725,0.11237568246952169,47.07365876650118,65.2599335422447,5.3414445,6.479002,transient_candidate
79484,anomaly,288,20.131265336605917,0.7051030816937548,-9.632815104217142,90.8702846158516,2.6902668202219373,7.038857660275003,0.9895833333333334,0.012966334538448976,0.6734530722708175,20.713255917556246,0.4239202277730961,-9.615398295255865,90.6452276541701,35.73266619013581,4.237365147530181,0.9826388888888888,0.013222440458696028,0.6775993319821161,205.48878717936944,83.93237137747678,5.341211,6.478702,high_amplitude_variable
96768,agn,243,14.554050533248226,0.09600359284907106,-0.3068144955277701,-0.9337246980332479,100.0,0.39915785545674787,0.5802469135802469,0.07071498254953035,0.2370421202391277,17.242977491942284,0.12790748022770354,-0.552699520769647,-0.4445497646952905,4.204903898725659,0.5566976542498878,0.5761316872427984,0.06928834663198202,0.0841757493273469,255.1449536914447,36.058192741882095,5.3361063,6.4721503,correlated_variability
4526,anomaly,182,15.147914879532557,0.32683956497811606,-7.458013376709821,58.336139371479014,0.9660164719432023,2.950572903080026,0.9065934065934066,0.021675692704265614,0.37872710532471826,21.18614699203754,0.6238089953253514,0.11423125662787417,-0.6191284346628771,100.0,2.7844681917445513,0.46703296703296704,0.4574395773393203,0.7133868609827428,188.85439401550414,-4.530527217489912,5.331803,6.4666266,short_period_variable
62123,anomaly,118,17.286997278661886,0.6805284321181405,0.04755895275810433,-1.086865859408241,100.0,2.5332052494030712,0.5,0.5340454006490347,0.8386574957566797,21.083368147566777,0.9081630333155106,2.3547447569918445,3.555310990270793,0.12933571531136687,2.9313791400175546,0.11864406779661017,0.021642284718813798,0.15940202815343588,1.45579373293228,2.251957831351554,5.327935,6.4616623,long_period_variable
34261,anomaly,273,16.458568079792276,0.5915098068814144,4.6573659038874435,19.757619394077825,0.11529952505544709,3.150701244695057,0.040293040293040296,0.02181950567293356,0.19106064968285782,19.151425016209767,0.14055321981074537,-6.177734217748997,42.85610402127281,100.0,1.3165286011237107,0.73992673992674,0.02377094822090342,0.3519929317600674,197.16414059092443,-0.1395271516049874,5.3243833,6.4571033,transient_candidate
55347,anomaly,188,18.483829070059528,0.7301354137816727,-0.21661070717671815,-0.9395075654559442,4.858067462901235,2.7106446180271426,0.5478723404255319,0.5469917385379315,0.6844291423963879,14.697875090523933,0.3148882211491503,-5.311937415718636,29.673564211104697,100.0,2.570716222791649,0.898936170212766,0.02326525245091915,0.18582137398759496,285.6760617989147,36.51787672190257,5.320654,6.4523163,color_variable
96892,anomaly,289,19.91347378580759,0.7261189070994859,0.03146512623515372,-0.9918259681721189,83.34444814938313,2.8597011172676936,0.49480968858131485,0.5589789554322415,0.6158971116229965,18.03294293393753,0.8923763618459926,4.589994501735468,19.092146857358284,100.0,4.604879117958493,0.04152249134948097,0.020073467496384723,0.1786481079658522,332.988560345418,-22.846664885891812,5.3199472,6.4514093,transient_candidate
38638,anomaly,177,16.43420136638683,0.5815580069007479,-0.07879017945094302,-0.5576456767216209,0.1121218802294293,2.38009752497355,0.4858757062146893,0.39501499915721183,1.8699119529056245,15.678084746526563,0.6406217671462482,-0.07383582174065967,-0.6710024967255914,100.0,2.6461658130685315,0.5028248587570622,0.4310086420881092,0.8233319807985969,86.14167346258927,71.83506193499434,5.3125725,6.441943,short_period_variable
39795,anomaly,221,14.702585022751219,1.109306209730413,2.2417977594762366,3.032616453726634,0.12513125765800043,3.492094195427148,0.12669683257918551,0.025695013550350865,0.08386201969086546,21.38093681569077,0.6767527676112766,-0.15333474716054243,-0.9096877803830523,100.0,2.9502229175739814,0.5294117647058824,0.5212985053182386,0.727403767302866,82.97959728739099,-13.202538097916023,5.310788,6.439653,transient_candidate
42989,anomaly,234,16.75714662810966,0.14997518293382603,-6.575569953512789,48.056518886237704,12.829462337995636,1.3976861730846295,0.7735042735042735,0.021849825086373897,0.3268835234172588,15.125675977869417,0.18229563322895673,-6.598675723241264,46.643269571753784,83.34444814938313,1.7577729062577419,0.7649572649572649,0.024026997531814587,0.3145176498167503,305.62042886184196,-5.928887530229936,5.310782,6.4396453,unclassified
41928,anomaly,267,13.980094523527795,0.6964273799323458,-9.262840351096962,83.87216737037116,7.942358716893598,6.663203665627158,0.9887640449438202,0.013471162365478406,0.6744762940973014,16.537373935854447,0.5766732198539392,-0.0691602401904673,-0.6047211398751844,0.8612684197559365,2.4015523043545723,0.5280898876404494,0.40467928743102277,1.5841505204679818,153.07744014245787,6.813445543134961,5.306716,6.4344263,high_amplitude_variable
65582,anomaly,159,18.04202807791465,0.2544688966378027,-3.4309696240928087,11.956566440313953,0.32535702059140914,1.4570934243859988,0.8427672955974843,0.030628613424443785,0.1031241899633169,19.003427100918728,1.0627299499260092,4.109106613292531,14.901471321939017,100.0,4.9528386099666655,0.050314465408805034,0.02351058615739987,0.26581816634735234,199.79265716583325,30.802110334275547,5.299268,6.424866,transient_candidate
87489,anomaly,270,18.328296047282183,0.5826011202753861,0.11739201903438967,-0.6688294514240471,0.9660164719432023,2.531721324458143,0.5148148148148148,0.41812672162952147,2.0027005671175844,19.455421371392497,0.6546958489504074,-0.11143388356237777,-0.8088402428153123,100.0,2.677691979556961,0.4962962962962963,0.47918085780076325,0.7489666072541735,267.05973120960914,24.22742913768743,5.2983694,6.4237127,short_period_variable
61099,anomaly,275,15.279765586876298,0.42677755548946994,-6.948362745623252,54.19017790700319,100.0,4.125054239074309,0.8981818181818182,0.024108581475658752,0.21386741073700785,18.20137420690746,0.48669311191231734,4.926481218759672,22.37239644062511,0.17255162396655419,2.7336809596172067,0.04,0.019062664227547543,0.21778957472411295,49.268967271416784,39.757329339608006,5.2951317,6.419557,transient_candidate
34996,anomaly,282,15.78182715744203,0.49436708221333253,4.994442191876891,23.058150860973722,0.19387819609117665,2.8068834354230514,0.03900709219858156,0.020243808765928684,0.2141750786191973,19.06410318358839,0.16603483786064027,-5.838443130233293,35.42286259527778,83.34444814938313,1.3336336198126588,0.7943262411347518,0.02216979930620866,0.20474120629029555,153.18748331743438,85.91578680458893,5.2870255,6.4091525,correlated_variability
34673,anomaly,76,14.46550355059685,0.7283675798796277,0.003979908227388344,-0.8126192151394833,2.5272236433677437,2.714138809244167,0.4868421052631579,0.46212435895759807,1.815654788597404,20.19351072808581,0.6981305990320907,0.08950604338542073,-0.8776518181114428,100.0,2.6743979082549565,0.4605263157894737,0.5066864238757365,1.2173276074124981,314.8688488592149,-4.161590835914076,5.285254,6.4068785,unclassified
39017,anomaly,97,20.91708084199223,0.7019999744124494,0.04202596441186458,-0.9762158878490284,100.0,2.799151009993782,0.4536082474226804,0.5605039782449985,1.026955173138011,20.721720171850766,0.6509938326856347,0.03566286984406554,-0.708570749055843,2.1947000561955603,2.7734931314801017,0.5051546391752577,0.4932440819858961,0.9078975760845935,41.87205107843226,71.19055249406591,5.282315,6.403106,long_period_variable
4408,anomaly,174,15.684393152557904,0.6735162420613301,0.17109531374506706,-0.8705920977719375,62.51875937968983,2.704117663780332,0.4540229885057471,0.49655035549069293,0.9785593876475381,17.413415362546555,0.08543434447233257,-8.630209624344776,92.66328172996292,1.2355443290764434,1.0766306390872664,0.6149425287356322,0.019771580582631287,1.3281497275483425,171.31422283391896,78.31597862165007,5.277911,6.397454,long_period_variable
28500,anomaly,204,16.335851917698754,0.8276323349437862,4.738895132766878,20.49030588530292,100.0,4.39314797397104,0.0392156862745098,0.02013540794489188,0.2685561443120714,20.788013108549915,0.647982817232625,0.01704696345507414,-0.6662182747696836,2.0424172349127097,2.7194629047833487,0.5,0.45086823602810533,0.8273196331717428,316.24648206146327,19.700465649737623,5.276688,6.395884,transient_candidate
89287,anomaly,157,19.57167399630342,0.691319009152362,-0.007127852301072328,-0.8649339803598024,100.0,2.6913661931738595,0.4968152866242038,0.49501376654617957,0.7302380898124818,17.80531957374222,0.8040108760101956,2.414647313232584,3.843071758168061,0.11129892232185715,2.652615703253556,0.11464968152866242,0.021226757719137623,0.130055729541505,194.2739251766225,61.45843572820475,5.2706504,6.388134,long_period_variable
75094,anomaly,216,18.817773740378865,1.044855978429123,2.2646650253721723,3.1362486611901508,0.30812756567511923,3.275864836822869,0.125,0.02326826243836244,0.08691455901231021,17.130975580469666,0.3722668970431993,-2.704794028249612,6.170951698040316,100.0,1.6721743660866402,0.8425925925925926,0.025410654939653554,0.025937212287098086,274.63322884655634,-13.42377090144899,5.256247,6.3696465,transient_candidate
50433,anomaly,286,17.152193611999294,0.49229473899247894,-9.585981994344635,90.04516682110338,0.24553455214870976,4.887406745832202,0.986013986013986,0.013951200378198081,0.6818881579231716,15.583447903274283,0.6727076195439202,0.0027338236152786304,-0.8327575191828305,100.0,2.7830882935968617,0.5104895104895105,0.48877054826236943,0.657082580815897,306.26198850427943,-16.971698208266194,5.2562127,6.3696027,high_amplitude_variable
90688,anomaly,105,17.94611553210425,0.43672466605643645,-3.2661563119145964,10.059474241865301,0.24080819836545234,2.2020838641545115,0.819047619047619,0.029676664043179812,0.09258214620603185,17.930532934902445,0.6379741347960957,0.09031794009699183,-0.7085328606603443,100.0,2.5298491048571456,0.4857142857142857,0.4458963574795973,1.0743071331445497,4.404461402853799,8.058629683834802,5.251191,6.3631573,short_period_variable
93195,anomaly,258,14.396019596363367,0.6989099460012752,-0.05004503415037928,-0.8516801122747455,35.73266619013581,2.8310282453407947,0.5271317829457365,0.5355543893077215,0.9768123652492424,18.431483925291708,0.3841259856501604,-9.076398077014874,80.59619851415627,14.715925816897261,3.6356226434018097,0.9883720930232558,0.013045878822854462,0.6839410860928589,314.74987321958463,32.30070963186931,5.2414813,6.350694,high_amplitude_variable
30471,transient,68,20.318536775822018,0.9783413830047532,-2.0573499461082556,3.351050628902583,0.14627296542615056,4.202130819786348,0.7352941176470589,0.12738768607903417,0.20282822146405194,18.335615847174545,0.40510972100686393,-2.6597044576709212,5.961893252183023,100.0,1.713214535515693,0.8088235294117647,0.04789747158141466,0.3086725895980157,329.29829359152023,-25.002687952565374,5.2365403,6.3443522,transient_candidate
17103,anomaly,83,19.668475924482614,0.6009614407989704,0.32402072397411147,-0.54543068611745,0.4672255178595295,2.3670056941795004,0.4578313253012048,0.38570953464209623,2.1528604140300622,15.950991519677133,0.6640427636638839,-0.1909383947839413,-1.0129324633357435,100.0,2.4979393425593504,0.5060240963855421,0.5278927294234599,0.9476206970188862,98.99749430754524,-21.81345208410839,5.2335935,6.3405695,short_period_variable
21636,anomaly,224,20.271585061183185,0.5782433502808887,3.3158582300959134,9.029910609091619,1.69051902552518,2.3853708372886047,0.07142857142857142,0.018439166876550672,0.1468956704667428,17.61991609108302,0.6984494812477183,-0.049239296331401824,-0.8940667783321321,100.0,2.8166765505445603,0.5,0.5391359272696015,0.6567541047987703,259.22795933820174,32.911001628788114,5.231929,6.3384333,unclassified
90144,anomaly,162,19.894366041178312,0.6624860661715223,0.08688766581558288,-0.7782001805268473,100.0,2.689352295329506,0.5,0.4604526686574406,0.830198145247854,14.284465322706604,1.0362487566162735,-7.139050929478932,48.984341319287914,0.11569940743110052,7.733490540679857,0.9814814814814815,0.014926362732302856,0.6838627430595937,306.16092411900075,17.991851349620823,5.231274,6.3375926,high_amplitude_variable
87797,anomaly,236,18.11282058863647,0.9463299480567171,2.35536886445429,3.5576757122351976,0.10719793727065774,3.0955517668007992,0.11864406779661017,0.02439340915930721,0.08328793671303872,15.904081275665241,0.6814988192613376,0.07653448400882298,-0.9359112331630581,100.0,2.7174569286986774,0.461864406779661,0.49484971873950556,0.7572443185556141,244.11412682854126,2.22545078777506,5.213948,6.3153534,transient_candidate
46688,transient,289,17.717066860845037,0.8134626328747552,-1.8309423147470945,2.4539125868557745,0.12423036320296144,3.363539790165385,0.7197231833910035,0.23452394475008376,0.015402117888843379,20.71304015101153,0.5768774703552229,-3.5689890119527634,12.274530615031601,100.0,3.369301988832188,0.8615916955017301,0.045843694318651984,0.0457028692022933,131.86725600079146,53.05001659827795,5.213289,6.3145075,transient_candidate
470,agn,170,15.421886663710179,0.3669523063097214,-0.17028067496416818,-1.2358360085040907,0.14454067638906798,1.296341257285654,0.5117647058823529,0.27970989265019064,0.03306137483779327,20.51510596156105,0.34422821141336823,-0.4524147090680658,-0.46809914128248176,100.0,1.67266845912307,0.6,0.2583468232420678,0.10215803755966447,170.54278258071147,60.98950425986902,5.2066174,6.3059444,correlated_variability
95090,transient,226,16.658096467842526,1.22484011000341,-1.6281580809497627,1.8875876820242894,1.3560839312599182,4.985657564849303,0.6548672566371682,0.18366944297075882,0.019826542841355866,19.484743117665282,0.8171549996158268,-3.17181460148452,9.539236869920213,100.0,4.253917571748991,0.831858407079646,0.04620086727868866,0.030198601109803117,344.0781051616293,-20.113188238604135,5.2047725,6.3035765,transient_candidate
23338,anomaly,168,18.860642931148725,0.6939989716296848,0.10911507524893692,-0.8717884355248247,83.34444814938313,2.6717793699933132,0.47023809523809523,0.5087755333867463,0.8299736281183858,20.326091982129487,0.7138556103061194,3.713704946867247,11.821815298512751,100.0,3.1523484933810053,0.05952380952380952,0.01926492456564155,0.21805745809723812,51.19573120314361,80.7253299687904,5.199636,6.2969837,transient_candidate
46887,transient,52,16.76132542626013,0.6513463845761138,-1.1822379307192081,0.19616045886593003,0.16273162563327473,2.2165391250634734,0.6730769230769231,0.25430602497234744,0.21022779186654408,15.245540149608392,1.0125311409539108,-2.6664947447039262,5.958621956559499,100.0,4.039352668853697,0.7692307692307693,0.09227270307508029,0.3214625442744396,77.76514122569935,-29.758292382029175,5.1980743,6.294979,transient_candidate
59490,anomaly,278,16.726847144895448,0.6422926885752585,3.5222566896185143,10.451425721458369,0.12407634604468486,2.747011740078225,0.06474820143884892,0.02539938137300446,0.12327628461500394,17.613949887906877,0.718331959309095,0.13301780713430678,-0.9410837207600933,100.0,2.8978525331740776,0.4676258992805755,0.5300071360404388,0.6445982484001188,305.1786553849475,80.79103895317769,5.193595,6.2892294,short_period_variable
68767,anomaly,242,16.296440883365413,0.09551046482491564,-12.45944420866416,176.42588162387216,0.10935313866914233,1.4807451142561892,0.5826446280991735,0.019956261249813423,1.5527100691773428,20.70237941516266,0.623145092779801,-0.06893379602755992,-0.7608878206161189,1.0692224769857293,2.731949039534477,0.49586776859504134,0.4774790224986365,0.7187028791239239,232.91353830783615,-28.89466338104867,5.1925874,6.287936,short_period_variable
71206,rr_lyrae,66,14.252661731130075,1.008536761206608,0.37797907564041267,-1.248960861164487,0.16803214492915355,3.0096486208729836,0.45454545454545453,0.7740927355643379,1.9066975844874392,19.41419577486395,0.7711828450502575,0.3144410598328624,-1.4731790750036382,10.877322772966622,2.277343153344706,0.4393939393939394,0.6285725461029319,1.9443562823968632,278.3210202368188,83.73541798062031,5.188252,6.2823715,high_amplitude_variable
58540,anomaly,108,19.281600663228097,0.6030611345491479,0.019010647495297635,-0.7041272038609239,4.46770099739034,2.5068180326414016,0.5092592592592593,0.40906592983054324,1.4063531300681706,18.680509815483727,0.6989027788999531,-0.09407016351040925,-0.8206528893028722,10.007206630099692,2.7839252382609274,0.48148148148148145,0.5175954000393901,1.8143554594428057,195.40011815959147,64.93816218697692,5.1868463,6.280567,unclassified
77080,anomaly,52,17.041134632926866,0.5335809126242897,-0.027010745808406525,-0.34400177634599194,0.8284719920450778,2.139347482853349,0.6153846153846154,0.2974853227639862,1.931787795283782,20.58921223284432,0.700721103337072,-0.09210211316416611,-1.061386429696778,100.0,2.540781349726675,0.5192307692307693,0.5146314544472741,1.2364380606162255,63.655217591169475,3.1631986034883965,5.185717,6.279118,short_period_variable
23388,anomaly,102,18.83415502935735,1.2834784883246773,2.2326022627299857,2.9885580805944416,0.29280235694475765,3.9426174692054765,0.12745098039215685,0.026410457460917414,0.17771790551329916,17.615765179825683,0.6833580460007556,0.05102024082236297,-0.9308678324752298,100.0,2.718052059965963,0.49019607843137253,0.5330241657465589,0.9794502828133015,302.98578985372416,63.78580985667554,5.1701393,6.259123,transient_candidate
42942,anomaly,288,14.626410326252016,0.2764207702143548,-5.173538709209242,29.10624222323048,100.0,2.29572635538948,0.8819444444444444,0.025054350412173854,0.09832158067825601,15.198140587217258,0.6577157962315845,-0.023271546844733135,-0.853164741163507,83.34444814938313,2.726132216228473,0.4930555555555556,0.5037925773180758,0.7469971752412494,89.73125469812615,63.86187082347671,5.1586866,6.244423,long_period_variable
20394,anomaly,136,18.813625206823108,0.72462219436144,0.1067560986759121,-0.908825506357887,4.905693705717257,2.7844675359802658,0.4852941176470588,0.5596065682406941,1.171150440377888,21.474198790438184,1.069798804878048,3.070742165802049,7.439324915793339,100.0,4.030733122930787,0.08088235294117647,0.019375666207718467,0.1970557032040549,219.90148929698293,4.351267282752161,5.1511836,6.234792,transient_candidate
87089,anomaly,282,16.17694028977056,0.49011939341016303,3.9574709549180627,13.738783970258627,100.0,2.3174187603104155,0.05319148936170213,0.022119619673789614,0.13770979699736471,15.284887939435885,0.7836088115744382,-9.531637813887532,88.9061535328118,83.34444814938313,7.690495560088783,0.9893617021276596,0.01293511889006016,0.678778727782918,346.27666585081465,0.5006439628308428,5.143584,6.2250376,transient_candidate
41848,transient,249,14.272615406257957,0.3264265456381695,-2.183447121271515,4.262772150591159,0.12817620061024076,1.5619877816128387,0.7228915662650602,0.064328827010252,0.05977303424883449,19.07883797169994,0.6774444889638292,-2.6319008983963634,5.8503641801066895,100.0,3.0555071428888567,0.8353413654618473,0.047065059925941455,0.022711125618745467,214.8910672143941,-4.700665673699977,5.1435266,6.224964,transient_candidate
69359,anomaly,252,15.930406932970136,0.5817424545353087,-8.984780754216121,78.82756996462615,0.27329290340498136,5.444892296052215,0.9880952380952381,0.014388312205317,0.6680200038246873,16.816684514871017,0.2819748920237709,-8.941637572361186,89.78150845282548,100.0,3.3611982127776194,0.8571428571428571,0.023418217227249016,0.5643260450587572,267.88474835568417,52.6818271699605,5.143264,6.224627,high_amplitude_variable
20533,anomaly,99,18.59067348514741,0.5964555388421494,0.029298458796919,-0.5692619164660186,0.5300829215532415,2.409114666883074,0.494949494949495,0.40787252362817483,1.8538335136907609,20.82051335298268,0.6148847378351415,0.3321649143978028,-0.524553810237137,100.0,2.6303774569601543,0.494949494949495,0.45983177624131955,0.9901934955347569,212.40770465324556,-25.759732715522876,5.1416254,6.222524,short_period_variable
39103,anomaly,256,16.892991076900056,0.5642836156633484,6.914981786349338,45.96525742167482,0.1258867663771783,4.2258617053285406,0.02734375,0.020672772026593123,0.40881062112454186,17.133146965890514,1.0676189405349394,3.611566541475568,11.053754077569803,0.10601694404833302,4.518538929018657,0.0625,0.020729096634221733,0.13660142699572844,230.5443582000726,40.904004698721124,5.1413946,6.2222276,transient_candidate
49126,transient,160,17.137700807618195,0.6641800386658637,-2.021104082345859,2.974671303176999,100.0,2.6544363217096993,0.74375,0.05765467111847933,0.04201079199171924,19.674218445475926,0.7148403900101328,-1.506881810047651,1.140456993556536,100.0,2.7074263748081187,0.66875,0.11757995818122957,0.026155391550288037,249.82921904378114,50.952101363147634,5.139336,6.2195854,correlated_variability
48186,anomaly,167,17.474045507235243,0.14573839134723904,-11.801957207774748,145.11107951253666,0.3999990398102665,1.9369821105103355,0.6586826347305389,0.021158868800206676,1.871099198229232,15.626108165897165,0.06728738765802449,-9.06823461654032,101.83019919845295,0.20399493828122736,0.8547994763736302,0.5508982035928144,0.020100975936294674,2.28432521716025,258.9370669144975,44.599091033736684,5.137513,6.2172456,short_period_variable
99314,anomaly,249,14.849573825913428,0.30543743328179185,6.727720408993489,43.826523082973495,0.12084035656970027,2.3250014531187517,0.0963855421686747,0.021244531614321716,0.44739170784191884,20.17676739816859,0.5566824090889456,-0.06094773985078713,-0.5211637053732852,0.9477208441711091,2.408806269773585,0.5140562248995983,0.3928854786660594,2.144649479044212,240.3939485016298,36.12602516540383,5.1371837,6.2168226,short_period_variable
69551,anomaly,251,14.299537605100252,0.28346009397777877,-4.789861230935417,22.973391216182396,100.0,1.8921254041885707,0.8884462151394422,0.02018714915339892,0.08869192143206987,15.553959423960743,0.5418083198006367,-8.964396233208655,78.47051838528796,0.11586013810973454,5.051577696186749,0.9880478087649402,0.01385358097261502,0.680392032068938,21.216850257855345,-5.715876622169098,5.1362414,6.2156134,transient_candidate
47099,anomaly,267,20.54142820386011,0.2550187238960017,-4.377285822501936,19.063397403721574,100.0,1.6191100527079527,0.8651685393258427,0.026708671056670852,0.0763225643706244,16.111786485389075,1.0631177918692225,2.512488694618639,4.321379920303596,3.4749061587654664,3.5779662375644463,0.10861423220973783,0.021702561182783242,0.0812603377600184,328.3475795753756,48.60441009954279,5.1340585,6.2128115,transient_candidate
24822,anomaly,58,17.864616944062558,0.6231624262854777,0.09873399867240458,-0.7795690943657054,0.500899294091713,2.431043091882536,0.5517241379310345,0.40398274776310394,1.9559464648844322,14.367389776566885,0.5850775851285056,0.04054828167183385,-0.6944151002001444,100.0,2.289782355680808,0.46551724137931033,0.4232339755112884,1.4146226482803734,2.036879727103633,6.2186296066879905,5.1340046,6.2127423,short_period_variable
37935,transient,294,19.44038691973587,1.2545177664843814,-1.6030032220158792,1.280758485235915,100.0,4.600492603488478,0.6870748299319728,0.07773945797561943,0.013863085199617582,16.7489634624464,0.8330157808723547,-2.9528314513113516,8.245743590619371,0.1309947319102014,4.641266870689336,0.8061224489795918,0.057864219987880716,0.026959617727183024,34.36611842267219,-2.2141543355980957,5.1336713,6.2123146,transient_candidate
45088,anomaly,217,16.431430983614096,0.3293549620161111,-5.022372620660233,25.62486666793636,100.0,2.447021403061731,0.9308755760368663,0.025408646237547572,0.09571948795399815,17.63065380481656,0.38551281308590474,-8.292708080377377,66.96757650855886,0.12582345904017264,3.3651753479969386,0.9769585253456221,0.014013730235379995,0.6844645338810182,319.4248954441812,36.820579750603954,5.130225,6.2078915,transient_candidate
19955,anomaly,145,20.43838115619437,0.30443277436306165,-3.3718072182977674,10.809200444247343,0.33493912938606774,1.5192123625760168,0.8482758620689655,0.02270371792440784,0.09415898632115231,14.565942596387137,0.31548300083708475,-3.738968334139705,13.598957468742103,100.0,1.7893665364087674,0.8758620689655172,0.030529123079466203,0.10766416169866681,127.82211826827927,-9.225426063639652,5.126985,6.2037325,correlated_variability
68589,anomaly,283,17.592453245874243,0.08825651994896541,-8.607530115879017,94.56307321926307,0.22766127790888632,1.1912792179441212,0.6113074204946997,0.022068320241704242,0.7003296431350335,20.05995145416244,0.6907143026067838,0.08202395859403397,-0.9203073497666647,55.57531962201222,2.816749038745801,0.508833922261484,0.5075593403749927,0.7477266953999614,80.21483906810303,21.703190732618488,5.1263633,6.2029343,short_period_variable
15771,eclipsing_binary,53,16.092009616313522,0.36907718705212683,2.419009793518765,3.9157495536510885,0.37794477878247196,1.2972882411931224,0.11320754716981132,0.028740919180952673,2.3513864434057385,17.889680567531933,0.06371610122667692,5.101302873263602,30.86986120978463,0.23361319561728747,0.5001304699828104,0.41509433962264153,0.01793225944884469,1.9624460121637555,105.35005044100569,42.64470531110999,5.1261444,6.2026534,short_period_variable
82485,anomaly,114,16.902084534564988,0.28916779524528885,-7.867814407325977,67.36718039663526,0.31255412175668046,2.870474377924836,0.8508771929824561,0.021287551684325834,1.074457315356311,15.332230484383985,0.6585702898075769,0.173912682014346,-0.6272713592196788,100.0,2.8029555164874953,0.5,0.4535117771185826,1.0349446259563646,61.30694977567725,15.488758278506786,5.123539,6.1993093,short_period_variable
39742,anomaly,103,18.778055701709643,0.21220010937969475,-2.847701678270345,7.952996018217119,0.19841380093209635,1.1504836774960836,0.7961165048543689,0.02712442973385265,0.12448787019320762,18.07229263887901,0.6330162214615229,-0.08548597619034275,-0.7453530248729048,100.0,2.526844921506491,0.5145631067961165,0.4728327213350454,1.0253328838231242,99.41920977287899,-12.46379410977216,5.1179404,6.192123,short_period_variable
37122,transient,204,16.45114146739359,0.5108674048854127,-1.9444016137386535,2.9944080906675943,0.2964450316548025,2.3284167303897547,0.7254901960784313,0.09823048518737743,0.028370147756212674,20.209747662709102,0.9060085702421663,-2.1724266687059006,3.880165389684585,100.0,3.861294633025384,0.75,0.10259235062713046,0.028518200744276065,35.34660214074645,71.95204540509829,5.114442,6.1876326,transient_candidate
689,anomaly,299,16.93910773254597,0.6950469501684545,-0.06677110749303518,-0.9411877155355053,19.243205789514203,2.9297330435237114,0.5250836120401338,0.5460930135654678,1.3118874429790386,21.16302924194827,0.8691449292524537,5.1792705673551955,24.867396321020987,100.0,4.974533291489788,0.033444816053511704,0.022133247692803337,0.2127448220250322,220.87934676863387,61.50303783380747,5.11353,6.1864624,transient_candidate
339,anomaly,267,14.599955682331407,0.7389300746675698,3.846403395293472,12.822965862347441,100.0,3.3642015805385626,0.056179775280898875,0.019791964690437425,0.13950471815609872,21.242333823273494,1.1384459911754652,3.8509614776006056,12.843206048320114,50.020012007204315,5.099392720804705,0.056179775280898875,0.02145875349090076,0.1392428806337764,114.40019534710859,-24.368028867157513,5.1124783,6.185112,transient_candidate
93506,rr_lyrae,193,19.980096031864893,0.7908176970907859,0.07584662321960521,-1.4189682168221944,0.5784948949185258,2.513028453050538,0.48704663212435234,0.7521852543320264,1.7223881898035238,19.86158730452786,0.8818586576049147,-0.08564097490606791,-1.5634529078931856,10.211418649780411,2.608597543930653,0.49740932642487046,0.8622728149274188,1.948013050808602,258.6204934179775,32.80265593956654,5.110701,6.1828313,short_period_variable
65097,anomaly,249,19.12625302787256,0.8021259647429038,4.210339316487923,15.75553351006715,100.0,3.8827042094683932,0.04819277108433735,0.020266011262418004,0.1831689712913918,18.413835321005376,0.30392513445556896,-3.6188373513170897,12.891785682645624,0.3768063943268741,1.8261212958692958,0.8514056224899599,0.026257594643428916,0.05248496736204944,335.28076493264723,66.6349304869343,5.1054654,6.1761107,transient_candidate
92044,anomaly,291,14.783335857680662,0.2884979185416846,-3.4447683097954087,11.484513635437558,0.23220393069834439,1.5819568640739234,0.852233676975945,0.030029853802416184,0.03995153292221791,18.24856462368843,0.5984018037904114,-9.676858945820687,91.77172901768787,31.267200400300222,6.033422533367114,0.9896907216494846,0.015684608606196804,0.680437491937486,5.920251986047602,-25.439647507044427,5.098542,6.1672244,transient_candidate
46807,anomaly,196,16.350141981187157,0.30125270505644275,-4.173971958367342,18.20070269179685,0.34133631220220984,1.8906984066613308,0.8418367346938775,0.02604395727827047,0.10704477951078611,19.37522427855271,0.735648958517717,4.327513255866619,16.766914708315653,100.0,3.6086941233838203,0.04591836734693878,0.021689110475040962,0.2303989455312494,287.2770598226937,46.675921912591136,5.0957932,6.1636963,transient_candidate
41813,anomaly,154,17.103969458398954,0.6304888085612564,4.026396832173409,14.24888320953401,0.187485818548682,2.932893051158082,0.05194805194805195,0.01710724846828704,0.26379717892451565,19.58455959773297,0.7003486978345346,3.319083922526532,9.04467824926524,100.0,2.8454476762403687,0.07142857142857142,0.022142292223502835,0.19258801034314696,44.07530685298552,-10.14143441373286,5.087608,6.1531897,correlated_variability
34434,anomaly,257,18.533509485683144,0.636241599886036,0.028435000051895237,-0.8089458725334238,12.829462337995636,2.8355771582566476,0.48638132295719844,0.4676284606062069,1.673978842845544,19.430283541002915,0.49227358916440217,5.0271587904113595,23.389311659380592,100.0,2.799021394140407,0.03501945525291829,0.021070298652222874,0.2435071186675038,38.502571472290164,52.76897827059388,5.086488,6.151752,unclassified
20264,anomaly,178,20.822278727719855,0.6731924786276822,-0.052143296880978476,-0.76735948015377,100.0,2.800603646905113,0.5,0.4511100464740352,0.863184847514274,16.942930820938415,0.5432708479132975,-7.4915216908832205,54.201798793146324,0.38700607179160046,4.293781775924325,0.9831460674157303,0.012685735050048663,0.6857611123903639,235.89755244585342,9.862354416414796,5.0855947,6.1506057,high_amplitude_variable
49372,transient,289,15.45775179036549,0.6426297037241613,-2.333944170468255,4.700356164795523,0.18296148732061154,3.186199677693299,0.7612456747404844,0.07647854293201561,0.026578294778052573,14.883813368238703,0.5871248904872935,-2.2555460112114356,4.175071418331432,100.0,2.6539234480270686,0.754325259515571,0.08878515251318753,0.02336504810700067,174.53660352299036,77.90864008688777,5.083594,6.1480374,transient_candidate
32707,anomaly,263,19.88048352402314,0.35514640742591863,5.410921683207483,27.5177360978518,0.11396036076125247,2.2093730665865365,0.049429657794676805,0.019672197140625514,0.283494578621218,15.99277263875687,0.5637786562021462,6.363665873705904,38.62617361857273,0.353389114003512,3.885252257831974,0.022813688212927757,0.02115112628509941,0.3492711438266463,276.55210294688544,-20.519356610745024,5.0796413,6.1429644,transient_candidate
624,anomaly,265,15.533002775736422,0.6770075351206959,-0.108604491185767,-0.914364660525897,15.635556111597646,2.777592621675689,0.5358490566037736,0.5207895847132011,1.4725725657909907,15.334500163392049,0.6780031885810992,0.029992085239365102,-0.9247642752294385,100.0,2.8210041135663246,0.5056603773584906,0.5692421876646527,0.5526955282844825,72.2637051622722,72.25060909621594,5.074331,6.136148,unclassified
48749,anomaly,79,17.601593414161343,0.37813250337130005,-2.6667009451145347,6.648735607321326,0.23134511053798035,1.9344545892387224,0.8227848101265823,0.0271911085026062,0.14707137256373237,16.135227623256302,0.6234071852253221,0.36664835421977293,-0.5467424219774304,100.0,2.537518578084157,0.45569620253164556,0.4134405649237163,1.1412548381290168,217.21682376222932,78.88373639652544,5.0692487,6.129625,short_period_variable
18710,anomaly,276,17.95513472969423,0.10223507802743707,-8.194250284470343,78.06784066632582,27.79383965306349,1.1907274081884047,0.6195652173913043,0.021584869185613087,0.7374010304864996,17.35613154792848,0.6350645638448335,-9.419712833509973,86.8280006042743,0.16100378241332397,6.203564440593199,0.9891304347826086,0.014159336681299095,0.6784768988233657,62.6071730240897,63.682716570392,5.068245,6.1283364,high_amplitude_variable
44834,anomaly,282,18.680721046595146,0.6080756042801495,-0.03875985703603602,-0.7894953592199494,1.0129480658953212,2.378691451368379,0.5070921985815603,0.44540174742423666,1.7094159244533458,18.86935035750876,0.0857087564214136,-7.142423631342815,63.42084675212509,100.0,1.0203684441047862,0.6347517730496454,0.02092068714916806,0.5518934313379381,223.03386884113857,4.670477506834956,5.0670443,6.1267953,color_variable
46170,transient,287,16.89024761970086,0.4726477147320216,-2.6712836772075916,7.154148086591528,0.15765588189843038,2.7372154219185507,0.7630662020905923,0.06432279913796535,0.060144282300525924,14.685946111626908,0.744033028004037,-3.620827899082312,13.139530070316933,100.0,4.468494685096033,0.8571428571428571,0.045843101566747535,0.038016065391348525,328.1409346976122,75.0475979401688,5.0579367,6.115105,transient_candidate
64573,anomaly,247,21.04816084612311,0.7105948396796689,2.8775621637756177,6.300672907469389,0.4659204235131835,2.5980164795224994,0.08906882591093117,0.02417010002634612,0.1046800045032344,21.17468632388221,0.19969349696034663,-8.478993100850323,74.9538088113592,71.44490495926826,2.125258939634268,0.7692307692307693,0.02139394260207439,0.5536534359550839,115.22479237871809,21.950111113186445,5.05321,6.109038,short_period_variable
73177,agn,228,20.043831763797755,0.4127817530227711,0.11330909749570639,-0.5692339383090474,0.19755215531021694,1.8328028226563546,0.4868421052631579,0.2747102952411886,0.0815246814820419,19.26059599997836,0.3373595730957809,-0.40803611194900724,-0.39803594442277257,100.0,1.6190178063260205,0.5789473684210527,0.229574847927962,0.19297469979824047,311.68042662363007,1.790572207305729,5.0519676,6.107444,correlated_variability
58908,anomaly,142,14.538527576136088,0.6824243026217359,0.012319495276502153,-1.0176112048844803,100.0,2.7876595802675315,0.49295774647887325,0.5459307080786981,0.9454303541885566,20.620460303023975,0.7726774030113738,-6.6527906680964985,42.29310735734601,0.11414232284992762,5.421529768302522,0.9788732394366197,0.015173246422428122,0.687131410298203,142.30017772823294,-16.736591040630447,5.050164,6.105129,high_amplitude_variable
69487,transient,216,18.154858535309465,0.5241089820992706,-2.303179184450567,4.595666517067966,0.4891480369987309,2.32564562583579,0.7268518518518519,0.09775781581801368,0.04464480435446325,17.462182493370484,0.7020342135869869,-2.9600376142959473,7.891773794371513,100.0,3.441002623003797,0.8240740740740741,0.052207193714139066,0.044122994067407335,57.53548232905492,49.414693904682466,5.0483103,6.1027493,transient_candidate
11211,anomaly,261,18.987187364017842,0.24801653461030498,-6.603754893400074,51.60424872841999,0.12450855980781995,2.6688667525801613,0.8812260536398467,0.0244054699349725,0.22925875801150072,19.098771720342626,0.13697452382284178,-8.320527592905153,85.15799243452265,100.0,1.739669850798009,0.7471264367816092,0.020802880736528806,0.6227224981325129,25.71185063890333,5.3719446263637565,5.0461736,6.1000066,short_period_variable
42188,anomaly,176,20.474108261098714,0.6217300267175425,0.15582744620549752,-0.8103394444263259,35.73266619013581,2.6215747594818453,0.4602272727272727,0.444706638911212,1.3370870368660939,16.60307534934351,0.6413533770600294,-7.450268482560116,53.568253707271566,83.34444814938313,5.02281522719203,0.9829545454545454,0.014570449718458889,0.681273290954617,303.36972937747663,57.710136326430955,5.0375757,6.088971,high_amplitude_variable
49878,anomaly,275,15.256855441946213,0.6788883983597759,0.01223077728274876,-0.9598010342543115,4.590660728224436,2.7990016402242848,0.49818181818181817,0.5370959602565044,0.664167501978034,20.21515575399791,0.6957273320247377,-0.046759186318123605,-0.9131034563855649,4.507949104091331,2.8590531364894396,0.5127272727272727,0.5071624230778582,0.6657090926661388,294.19218484819,25.25761602036988,5.035929,6.086858,unclassified
22649,anomaly,67,15.513691900183298,1.503639901045382,2.143742900799589,2.5988076253285666,0.12383071135405502,4.5254258200301845,0.13432835820895522,0.01740598522521708,0.2644497332035433,20.85230792808515,0.6501226902819369,0.18016716778446912,-0.6142934803128797,100.0,2.5966192749436843,0.47761194029850745,0.47051165860059996,1.5040403792256245,273.4935669229342,9.736185818391334,5.031424,6.081075,transient_candidate
65151,anomaly,258,16.01124316653592,0.19117904224013577,-7.046544257406962,53.86906048084364,100.0,1.9500618076230545,0.813953488372093,0.020540761694869403,0.24504420430132565,20.132180517967576,0.659574800871206,0.08562614156553146,-0.931108963962398,38.480486490647365,2.582280649839113,0.49612403100775193,0.5024981757808842,0.9347144566874014,129.1701570785215,-4.529559548225048,5.0313396,6.0809665,color_variable
66603,anomaly,227,19.42160494100173,0.846318423995106,-8.517375800880354,70.59178456355737,0.24541413328162243,7.4741442694293205,0.986784140969163,0.01418167846770757,0.6771412309209486,16.071990288200432,0.14235326197104542,-8.398947943091198,77.79466242825447,83.34444814938313,1.5541924422631208,0.7136563876651982,0.021538539537324652,0.6501020717585618,313.9309225184708,63.580552439455886,5.0310974,6.0806556,high_amplitude_variable
78751,anomaly,101,19.98795758177149,0.6805153103928064,0.24689527124107047,-0.9744865536332203,100.0,2.6083962643022147,0.46534653465346537,0.4608875452621568,1.0278917861465295,19.550579937143954,1.4303750038105782,1.8701815956337398,1.499976309848475,0.16837137491276616,4.017933175439357,0.15841584158415842,0.022012354678480506,0.14829245125294188,342.74534795040285,-25.504096836436098,5.029713,6.078879,transient_candidate
26500,anomaly,148,16.92979272134509,0.708907563341624,0.035192312578704976,-0.9784326517171364,100.0,2.888395857038356,0.47297297297297297,0.5583579593999257,0.8080701697103081,14.586217127165975,0.8454658029031321,-6.802493481903946,44.30188281559107,0.14131596570762717,6.058803882012386,0.9797297297297297,0.014278675380142047,0.6806792777923659,96.91322819365374,73.29410359347915,5.0191846,6.065365,high_amplitude_variable
79961,anomaly,138,20.574841444971863,0.0874191607243566,-8.572401204143707,86.599016765599,0.51534329244469,1.0003607882511218,0.6086956521739131,0.022198153079791894,1.3589624403925231,17.542916795885265,0.6666559767428479,0.0496249065940869,-0.9569647428011923,71.44490495926826,2.774356152925261,0.5144927536231884,0.5149973419897975,0.906930092042242,291.57935015580404,-10.19806584649151,5.018376,6.064327,short_period_variable
75735,anomaly,145,16.599426370801382,0.659221219968858,-0.059415947795094515,-0.7970250592895796,100.0,2.5736674012620533,0.4827586206896552,0.4566254334244775,0.9080643279337224,21.218843969563448,0.6609493701320298,-0.13485627210147424,-0.9076474007547959,2.1568610531039125,2.645326990307222,0.496551724137931,0.5306918884957597,0.9511632256354945,158.37895413762763,-4.878551869087438,5.018325,6.0642614,long_period_variable
98679,anomaly,185,15.846497455834704,0.5800770074732446,0.021212988896287505,-0.5726447482729013,1.279783314943435,2.4213587743164027,0.5243243243243243,0.3560620524170819,1.9123453496054605,18.399428640999993,0.6884815789665772,-0.048189466863205674,-0.9440583929914754,100.0,2.74075512349399,0.5027027027027027,0.5076588444010071,0.827135373694337,58.66618894492982,84.18137325803332,5.0169086,6.0624437,unclassified
97135,transient,253,16.777456898270614,0.6903849446418326,-2.2073094124081374,3.963013901359231,100.0,3.0542537911787875,0.7509881422924901,0.07331134751312263,0.028214938550712904,14.39435974780434,1.2013657239240396,-1.2272149635311413,0.5211992130416498,0.19685271919800335,4.6700319725835335,0.6284584980237155,0.4986514023417161,0.011860518446217591,222.4673211314647,35.382659267202726,5.0159826,6.061255,transient_candidate
94671,anomaly,141,18.546083177809503,0.5957585747333574,0.13537227789745432,-0.5266900529763423,0.8044970726541805,2.4368080616662873,0.475177304964539,0.3621305131257593,2.10051974358829,20.589124474405832,0.669846856592447,-0.1599116279239274,-0.8004256614706011,100.0,2.6891962902951256,0.5177304964539007,0.46297208515702337,0.6618486533338437,123.86214550751153,-4.920852091602921,5.0142474,6.0590277,short_period_variable
39015,anomaly,273,17.414968163337768,0.5755226188286069,-0.003313902840840064,-0.5983578158335017,2.4409298873529655,2.406421018766256,0.5128205128205128,0.3756828779571748,2.069908673059963,19.238271518985,0.6911010263482784,-0.10894231107497832,-0.8442749429967566,100.0,2.7338888995712374,0.4908424908424908,0.5322719283312161,0.6232251900993657,138.41436694858393,75.40875590142652,5.00851,6.051664,unclassified
17741,anomaly,52,20.774419973282605,1.6458592022996599,0.47376578305068623,-1.7737059332162024,0.12700504869839516,3.535669596932987,0.38461538461538464,0.0695062363570198,0.08522920867659337,16.330711668510705,0.6993326521283433,-0.017508652583628073,-1.0719579484411175,100.0,2.4364711066618217,0.5,0.5994037407882926,1.2094731182940266,150.67023188572128,-11.858969256895517,5.008246,6.051325,transient_candidate
24198,anomaly,160,15.853268393423344,0.6599659396172334,-0.29221278437158665,-0.82687994474681,100.0,2.541674401870468,0.5375,0.4614470598725742,0.8390647675294117,15.115222496992999,1.2068437970396046,1.7670584936108913,1.1271642599009706,0.18547059220734122,3.3643764091752573,0.16875,0.02378509402221418,0.09044155355623884,131.71873557116507,58.7844426758173,5.008109,6.051149,transient_candidate
84863,anomaly,165,16.487079484379958,0.6853939603841495,-0.09642690272796166,-0.8914527645334465,1.9546584919530159,2.6727532577161863,0.5393939393939394,0.4650878416610027,0.8507377022048478,20.76362974961805,0.1512611037145425,-8.657306433141546,86.80934714496978,83.34444814938313,1.765044465502207,0.7272727272727273,0.022003949222494157,0.9260907150943425,180.64294746691706,1.4776963059769344,5.0074134,6.0502563,color_variable
7628,anomaly,95,18.211809316591083,0.5914584343189645,-0.04953845202758907,-0.83655130622697,100.0,2.5058778293666215,0.4842105263157895,0.48946538839675213,1.1924244226165535,19.329483456614543,0.6922367100413049,-0.057606820511436514,-0.92213729238469,0.7118030588024222,2.6236815413517114,0.5578947368421052,0.5890327357991332,1.6591450807805743,329.5561325745993,-7.915107888981762,4.9995685,6.040187,long_period_variable
16932,anomaly,256,20.257903420929388,0.2841451977906605,-4.4188990890190425,19.632889109948596,100.0,1.8865118042680784,0.8984375,0.026238309147201377,0.0663892171452382,16.25720134404439,0.32033414044360653,-7.346697351451628,58.29620959963025,0.10152160558074358,3.1265700315622436,0.84375,0.023658064709643156,0.2812094893185893,211.57610012897263,73.89531293080586,4.998316,6.038579,transient_candidate
72534,anomaly,193,15.145409773146243,0.5932672647930115,0.028047225695891565,-0.6951483988291489,1.1914181665649786,2.4221129872236116,0.533678756476684,0.4200822730380338,2.1680704845497925,15.004223665293194,0.2660084946091294,-9.174270623229404,94.51756348686466,5.3804178192033225,3.1565409199763543,0.8808290155440415,0.02015580383216964,0.7553132694550205,239.87128534768763,23.903119875011008,4.9983134,6.0385756,high_amplitude_variable
98061,anomaly,300,16.524907288655285,0.5862792250838635,-0.06026443600913349,-0.627310833180724,0.9301053461986432,2.4546735605085335,0.48333333333333334,0.397187458628661,1.9921039476835938,17.01047180927032,0.6220196048119152,0.08740193936168443,-0.6975922307154225,100.0,2.794125517817294,0.49333333333333335,0.45364326991472126,0.7016157822027019,272.2103789946557,-8.551923104711374,4.9898934,6.027768,short_period_variable
32918,anomaly,177,18.310758071806816,0.897309176238346,1.8128707568178977,1.296134955123689,0.11014747069546262,2.5714826998280778,0.1638418079096045,0.028246410292670276,0.08681971675960015,18.148408347007614,0.6954692059854014,-0.14612211793859803,-0.9559780280705996,100.0,2.742139464234235,0.5084745762711864,0.5713237824115538,0.7361976353993795,36.96515950076895,45.25403898586934,4.9890304,6.0266604,short_period_variable
54721,anomaly,122,14.90952510713269,0.5980800449689282,0.04137569809124125,-0.6078881622713919,2.2642141831572173,2.3911683870707847,0.48360655737704916,0.3881007898077584,1.9670785552206747,19.39355299800388,0.6976881527057759,-0.0816894736686669,-0.9716014682898484,100.0,2.555860648630297,0.5163934426229508,0.5193132508339708,0.9880759854539822,164.9982532383723,15.736738464293367,4.98874,6.0262876,unclassified
47109,anomaly,260,16.155291727475664,0.9054843864543449,4.79109096410969,20.98839667263343,100.0,4.858989760804221,0.038461538461538464,0.02271746284239562,0.21334382566226812,20.93219311864867,0.6038401246886465,0.1097476333892644,-0.7176451078541768,0.7547471770583429,2.5694368957826796,0.46923076923076923,0.4265411119971976,2.009474353216964,62.78988901751152,25.75145922581119,4.9842777,6.0205603,transient_candidate
75452,rr_lyrae,195,16.415643870937913,0.5747001308725908,-0.0111144078881127,-1.4055649684660796,7.14816827294306,1.7747143736849864,0.5025641025641026,0.5434302965419597,2.0945990706472823,20.916089140133845,0.7955441697320379,0.07113228285721974,-1.4556640701306995,0.6440126406321861,2.440263281447006,0.4717948717948718,0.7434108779984001,2.153214803205265,109.64339009385844,70.56980828307618,4.9821944,6.017886,unclassified
36816,transient,251,14.969842408986354,0.7665862595948136,-1.9801338768395833,3.2206903159465954,0.10913848711220524,3.6229569408654125,0.7171314741035857,0.11901459709756068,0.036193259434344593,20.596179096480448,0.48403018296709266,-3.579432575841212,12.570030957960945,100.0,2.878278990565228,0.8605577689243028,0.042143384339684786,0.046435590084729514,159.41685013682175,72.06813121588459,4.973596,6.00685,transient_candidate
91481,anomaly,211,21.10683043335961,1.3955795696575333,2.6733193406397553,5.152352471944498,100.0,4.777316645245051,0.0995260663507109,0.024889409079523972,0.10319552343448356,19.910739521332633,0.5255588035984281,-8.188554895018365,65.15711682453929,55.57531962201222,4.524354731426859,0.985781990521327,0.013815382749420735,0.677857028712406,195.18943645008773,39.44669015858152,4.971641,6.0043406,transient_candidate
75966,anomaly,260,13.963903562282107,0.5231109613153541,-9.127372906163618,81.43510661654727,0.22220226940569449,4.965645015019986,0.9846153846153847,0.0140780508505145,0.674579560814168,15.021223084995581,0.5409036898096877,6.9649784778002175,46.69647438746108,0.18762641512691525,4.100002230474908,0.023076923076923078,0.023295279493096288,0.4177709014727518,237.38263994190692,72.85228509824388,4.967805,5.9994164,transient_candidate
74754,anomaly,258,14.791899801379456,1.27600198314744,2.800164453711933,5.8468165797017555,5.3804178192033225,4.540630083841188,0.09302325581395349,0.021884714905822555,0.09482444843842221,20.31484085258927,0.6431767357083076,3.488521697848743,10.206074887439883,100.0,2.7581401164258246,0.06589147286821706,0.021247298436447792,0.12696580206460084,25.938135219516486,55.207428148077085,4.9640636,5.9946146,transient_candidate
62202,anomaly,90,21.316876037766715,1.1580027783063833,1.7862508548855769,1.1966044145540513,0.23177372504746516,3.2300037659971927,0.16666666666666666,0.03125616740135939,0.16313344883523187,19.55963914512185,0.6439770484910895,-0.029805123317279712,-0.7501762140685453,100.0,2.764046914070722,0.4666666666666667,0.4404017460026477,1.0374531121166062,350.667495528857,7.34067402648644,4.9636936,5.9941397,transient_candidate
90649,anomaly,208,20.73645008698834,0.5317195915420141,4.7717380988305855,20.868696577495417,0.1140642679933017,2.8595943262893826,0.038461538461538464,0.022458505516254945,0.2654855221860683,14.81124656058779,0.25774158481991444,-12.186384612899136,156.97608036924106,0.23459890345309498,3.5752985815718947,0.8028846153846154,0.01852775308634147,1.2447369670216437,52.31698206651664,46.18819000412884,4.9571176,5.9856987,transient_candidate
73185,anomaly,249,16.23183134626009,0.1667362492056021,-8.646605841360586,84.1917448667599,0.10462052717946699,2.041222835393061,0.7188755020080321,0.02414730340204585,0.5394744475659298,18.050011326574467,0.6631098789494975,6.820148902169316,44.625733113729346,0.10105007992638847,4.868034977805433,0.020080321285140562,0.021556291717910625,0.4125698143759511,47.92030088067036,29.367025938293153,4.9555345,5.983667,transient_candidate
1045,anomaly,190,16.882661074967306,0.29429410335007006,-3.3452398703426423,11.10046559247624,0.209284635058086,1.70455008136914,0.8,0.030732295938920018,0.057374140194099046,18.745483570829943,1.175177314768008,2.1113572837690144,2.463532619662658,100.0,3.576201334764022,0.1368421052631579,0.027769260773519377,0.08853856295525797,246.5476272029426,79.92781989323603,4.95489,5.982839,transient_candidate
12846,anomaly,191,20.518475137988386,0.6689277112922504,-0.016427341392030143,-0.9458710420704537,100.0,2.6678527100920384,0.5130890052356021,0.5319013699387192,0.7360283460715062,19.596801591566802,0.6584506095844692,0.017441377310871923,-0.8939298769279,71.44490495926826,2.6765782238932765,0.4816753926701571,0.5030888149825614,0.7372869223911248,159.68843889260356,-8.54574658181253,4.9538407,5.981493,long_period_variable
67075,anomaly,104,15.179535744182248,0.5620585850344938,-0.04309339419851268,-0.6210921900223414,0.9032432920769716,2.3196614989899835,0.47115384615384615,0.3931962452196469,2.2299606482111556,21.183342417304182,0.6702653110932354,0.02190948696232553,-0.6032154688327678,100.0,2.666696338669766,0.5288461538461539,0.4364319767803817,1.1959339313913149,110.24942597194512,24.952183087333168,4.948092,5.974114,short_period_variable
53110,transient,128,17.805382262708164,0.9480895452067797,-1.830181766764823,2.336974069067786,0.12910213711943405,3.793636144845541,0.7109375,0.10353599903840127,0.10057865219248983,18.715535362949637,0.6550484516234892,-1.8714860264825899,2.653583263112157,100.0,2.699045268409659,0.6953125,0.08333954030675272,0.0561901470900198,257.366775776163,49.69068919313338,4.9480777,5.974096,transient_candidate
45275,transient,201,15.015459096671442,0.7420097637504414,-1.2705431371365163,0.6138996299266863,0.10812445278082508,3.237023932371521,0.6218905472636815,0.1074542685658475,0.022521466802295338,19.826434276772076,0.6649495371781172,-1.569594985929519,1.290601549192635,100.0,2.52975866537955,0.681592039800995,0.16126924980882862,0.029619777228225567,210.81966312202715,29.620840917928255,4.946612,5.972214,transient_candidate
12694,anomaly,206,20.11591551031101,0.6482327072717317,5.583453231564894,29.251155032469292,55.57531962201222,4.011871337789685,0.02912621359223301,0.020613602788104757,0.3483721811259485,14.501193313394221,0.9280871594788367,-8.098921380880393,63.624925357264715,0.7169019053328093,7.831910836218314,0.9854368932038835,0.015239187835058843,0.6845486077044057,228.22976629611006,68.53683145633029,4.9462256,5.9717183,transient_candidate
389,anomaly,260,15.20753014962298,0.5511075324183475,0.08742953547261115,-0.6491664780646538,1.9546584919530159,2.3090861235730014,0.49230769230769234,0.37773214393484267,2.0927016391230517,16.760613117298593,0.6563748870867062,-0.024834196958162476,-0.8078785278472882,100.0,2.7879492148473783,0.5192307692307693,0.517757793429471,0.6318369576408428,29.439061001451027,76.94122669139804,4.941813,5.9660544,unclassified
67276,anomaly,274,16.17601207517884,1.1213103589705644,3.9105642158097065,13.305461314633021,100.0,5.035671210532712,0.05474452554744526,0.021832840522674424,0.14432740029615732,19.9727537427498,0.3594570899903835,-6.252346320864502,40.886495980104144,0.329209922527995,2.986581275237004,0.8978102189781022,0.026625185262176387,0.13586834711570114,79.66837232380381,69.19163374475944,4.941228,5.9653034,transient_candidate
26115,anomaly,241,17.01337753748983,0.6847426375874553,-0.2394267956736588,-0.8046596598382387,100.0,2.797056782884999,0.5601659751037344,0.5202684215097371,0.6766886234540246,15.91779244111486,0.6416536149986886,0.016665946796109308,-0.7864685881600768,0.2396549046078557,2.7149638444829307,0.5103734439834025,0.45540449328232313,1.5923056328297718,188.09635934170532,41.8131822859487,4.9387245,5.9620905,long_period_variable
96538,anomaly,264,20.594607142652976,0.4004314338607595,5.8452622572217665,32.38880699114381,62.51875937968983,2.652547196653156,0.030303030303030304,0.019262878589266563,0.3025187892829922,17.328838784013964,0.5224712721847323,3.662933586898719,11.475494686230064,0.10237315681216666,2.3115376837035946,0.06060606060606061,0.02409037997282404,0.13696424575046837,344.09193891119656,16.85649775174071,4.9367085,5.9595027,long_period_variable
21947,anomaly,203,16.601602715887513,0.6372735442494507,-0.1349648898725113,-0.5948174551048595,100.0,2.80754966550424,0.5024630541871922,0.4307500137028697,0.748043145147331,20.51361929314708,0.9733577582143598,2.289853905614853,3.2525429768680816,0.11127417275031513,3.071090953811293,0.12315270935960591,0.02328455859987244,0.09281002527334062,185.08317846016905,-29.54922700879606,4.93451,5.9566813,transient_candidate
79626,anomaly,298,18.38233881363206,1.1701709959285265,3.456171595896883,9.956130952478635,100.0,4.81458685692084,0.06711409395973154,0.022623456453072066,0.10822450600638847,15.83143300463639,0.34346748018677936,-3.650001922212452,13.397277343020601,0.10396841556419034,2.263761037599016,0.8691275167785235,0.025638021999448313,0.03986071999392173,300.92998581337287,64.91034314653947,4.932167,5.9536734,transient_candidate
65591,eclipsing_binary,223,14.807130695833061,0.4150610231694214,2.5171167600316178,4.383144592097585,6.949619084691096,1.4805031490649814,0.10762331838565023,0.02317997260952076,1.9822498737154437,14.581135016113457,0.05518258687909298,2.2457783062332974,6.280770069992581,41.68612408272181,0.3383048970943463,0.3901345291479821,0.02145604464729267,1.9662835848152422,302.7114659846404,58.14092047636343,4.9318976,5.9533277,color_variable
60591,anomaly,157,18.35369156078228,0.6496250342500284,-0.16387670740998092,-0.6423307962504419,25.015012009607684,2.711410002565433,0.5031847133757962,0.4443604715915228,1.4587678609713335,15.440505310528277,0.07213477404913009,-8.622918810884832,91.9952100828844,0.2792406709372968,0.8825608586859452,0.5796178343949044,0.019526108062587255,1.3899026494575277,166.29717590581365,16.47015873549168,4.9309244,5.9520783,color_variable
99737,anomaly,242,15.332999930465132,0.5459301642093548,4.871371759213509,21.806490621608077,0.8840933930864213,3.018138653277772,0.0371900826446281,0.019873930883179014,0.2261612895705525,17.370449827157838,0.34087238533033964,-6.505249675373367,45.92023559481786,100.0,3.0773809901538574,0.9256198347107438,0.02160656093387736,0.17839798244587587,43.712735751183175,-14.918490121760373,4.929779,5.9506083,transient_candidate
62466,anomaly,123,15.506973857657162,0.6992282060114582,-0.05840336781352467,-1.036387964142502,0.1121218802294293,2.686272855426406,0.5121951219512195,0.5694376708317908,1.747336114974062,21.6285544556889,0.9198574655988375,1.2436150197474427,-0.4483502084475215,6.67164916120594,2.2978001940611676,0.23577235772357724,0.02699630386222651,0.0913944163973929,107.4069801665765,-9.71579802586723,4.9280176,5.9483476,short_period_variable
67400,anomaly,74,16.594951579079435,0.713466056164825,2.3082003157966717,3.345354859472539,0.1750261278751604,2.3024938169837306,0.12162162162162163,0.027117141107503073,0.27443499099673024,14.382857203434781,0.7136901457831273,0.18955205891115476,-1.0046802122356047,100.0,2.6165513545644625,0.4594594594594595,0.5641321298375912,1.3692677825980812,227.8256882381644,21.349933531364734,4.9247465,5.944149,short_period_variable
9118,anomaly,241,17.98561104655342,0.3837420202558265,4.839977056768747,21.575357808923993,100.0,2.1383317471397127,0.04149377593360996,0.021327688238891085,0.24343193106948957,14.57353693574926,0.6432660664869261,-0.08930664673830797,-0.87165626846032,1.2863631100189132,2.437291107869683,0.5269709543568465,0.4749164450256629,2.209847614341238,49.54019927361561,-18.051219911681894,4.922574,5.9413605,long_period_variable
17900,anomaly,259,17.85508838355107,0.3767844037578448,-4.570462080485617,23.167257806503397,100.0,3.076295525153901,0.8803088803088803,0.030148187000182958,0.0979862905565745,17.513464341339542,0.6182036160908233,-9.115001279402362,81.17488312982455,0.15312110994579653,5.853141059119196,0.9884169884169884,0.013445093655505502,0.6788646252361912,101.92643440386172,55.869034459836755,4.918878,5.9366164,transient_candidate
99693,agn,102,20.620817501644627,0.5132451048799483,-0.6259688063319789,-0.9689741011996356,0.10323911430381129,1.8756091655290668,0.5980392156862745,0.29927790124354203,0.060553100147913784,15.553292216813189,0.09911109780203035,-0.12082727089423462,-0.5900259516450546,100.0,0.4263656797418207,0.5098039215686274,0.07009394921205292,0.5264886478089428,221.50809433230074,52.7097048858256,4.9182954,5.9358687,short_period_variable
85835,anomaly,79,19.04711024923878,0.6951390869280393,-0.11722270681068822,-0.9663821571384235,100.0,2.557547044953587,0.5063291139240507,0.5477662575842572,1.0988069851570537,20.42245054688413,1.4628904409383476,-4.833101735300959,21.364002423437803,0.12797951098975088,7.714203828272407,0.9620253164556962,0.014431359406337663,0.7036908681032464,331.37034034677964,51.95194370137888,4.9149756,5.9316077,high_amplitude_variable
911,anomaly,58,16.371537130716288,2.0752665582477547,0.7343118909927258,-1.4598621961673026,0.2012870452318042,4.544931230650924,0.3275862068965517,0.03890979274927897,0.16415673681295356,17.014884021643866,0.692753369965531,0.0016364818740801418,-0.6888637418495613,100.0,2.7462804129839853,0.5344827586206896,0.5137838016314742,1.2145015813980526,169.8242611154939,45.837132509488725,4.912844,5.9288716,transient_candidate
99624,anomaly,105,19.889028607686168,0.6836995299327644,0.09265612982660028,-0.9696775383698841,100.0,2.5902485717445956,0.4666666666666667,0.5694502537943578,1.0060533000124288,21.05032306786842,1.2168740499687083,-5.657655478536432,30.017166764505816,0.10541394108332804,7.379447266997399,0.9714285714285714,0.013559075509231633,0.6887204033861911,152.75348730949298,89.1114490748327,4.9095273,5.9246144,high_amplitude_variable
95756,anomaly,262,16.88072343417555,0.8107167057263104,3.5259539131852264,10.453254420533913,100.0,3.412753415579658,0.0648854961832061,0.021386995846246037,0.12704755922339483,14.710240536525449,0.14838820981688722,-10.174795522604692,120.89256514823245,100.0,2.0636723445310228,0.6984732824427481,0.02211002378956639,0.6766289181330492,129.3881113742943,72.65500553457318,4.9065847,5.9208374,transient_candidate
96133,transient,281,14.342331894592656,0.67229632165508,-1.3612589050409474,0.7847362661775907,100.0,2.6111682115414663,0.6583629893238434,0.22699898664314055,0.016391091803195864,13.919160283059895,0.8683240708169263,-1.2224733432113601,0.5299659768607303,0.1317535210265336,3.3824048189657514,0.6405693950177936,0.2984695795213863,0.011321791186058194,348.99285242109175,87.70216714568494,4.905105,5.918938,transient_candidate
14337,transient,201,20.69836818735568,0.2973719230695334,-2.3192137452659436,5.032999861667115,6.4983685832022555,1.467160201953991,0.7263681592039801,0.06372447415819238,0.07183234993679034,14.844112792079619,0.5898004960552589,-3.0590884853002565,10.264566246183502,100.0,3.5596742380028505,0.7661691542288557,0.063869808775598,0.07626482951234435,333.70379656638585,-2.516372208399197,4.904552,5.918228,transient_candidate
53667,anomaly,300,16.441980422695295,0.7135797135399476,0.00047822999130792934,-1.0157203872283576,3.01438753482314,2.7599999261012407,0.49666666666666665,0.5627693293857998,0.597706561191484,14.587122489156032,0.32415239803507506,-3.0404177949939832,8.597451110891722,100.0,1.6928405750642117,0.8566666666666667,0.0286455128961709,0.029154212474190838,304.3097225225033,16.85194331107523,4.8999796,5.912359,color_variable
8824,anomaly,293,19.578260136764104,0.6820515339851663,-9.716224311001472,92.49988907581043,0.19508757086510156,6.85678256439536,0.9897610921501706,0.01422114648892503,0.6798470340300375,14.676433486481244,0.22413290107401354,-4.618979772544199,21.92371680863813,100.0,1.5867513293251072,0.8873720136518771,0.022351143646060834,0.0844431898097365,89.96860537988094,-24.54377023059322,4.8969526,5.908474,transient_candidate
63444,anomaly,293,20.719312358265416,0.2778503518565292,-4.3167149066300965,19.16576529286335,100.0,1.840158250063638,0.8805460750853242,0.027492736011161867,0.06319895209173262,20.061388810983054,0.6679853996040688,-0.1368832429077276,-0.8159066398041146,71.44490495926826,2.822097213416434,0.5392491467576792,0.5041476687875992,0.7283847232788729,306.1385170961657,59.63782798507921,4.8959804,5.907226,long_period_variable
29127,transient,198,18.991578264740927,0.21221160101523948,-2.7952250747472465,8.243356920331017,0.10628716542611819,1.2564224460221958,0.7474747474747475,0.05137692212156253,0.1261294622826089,19.070740360709685,0.7626908488518628,-3.309559422941235,10.519347561063087,100.0,4.013203302106708,0.8080808080808081,0.06170286245339085,0.037167585580787796,278.63623859271445,-20.548505116329686,4.8959036,5.9071274,transient_candidate
86698,anomaly,73,16.308318748690837,0.7280673259942944,-0.09931220455587768,-0.9759221922792283,100.0,2.7332743600998537,0.5068493150684932,0.56374372002667,1.1436040530242353,15.82852072374057,0.647711826802323,-0.03314489007340446,-0.8287186928102228,83.34444814938313,2.4653912137431924,0.4931506849315068,0.45464873358002755,1.3437730252675244,246.09189585932728,45.30309089778382,4.885351,5.893583,long_period_variable
74412,agn,191,20.554409533602207,0.47789507442186263,0.2775447155764464,-1.283999665973511,0.23503967087863648,1.6926318108115304,0.39790575916230364,0.3392531532110894,0.03501359594007444,16.10618698082366,0.11786531972722811,0.09713033414753248,-0.8076651583160133,100.0,0.5428532831738639,0.518324607329843,0.0964171194596517,0.30321832342364435,99.63180049467957,83.71472935070204,4.881702,5.888899,short_period_variable
79503,transient,260,15.605848068340821,0.8926616487686145,-2.181413245482011,3.992809202195378,100.0,4.059597567970707,0.7384615384615385,0.11219659121572256,0.018510060042452106,17.472367393728295,0.5749458249015877,-1.4291082807456648,0.9198262611245847,0.11463916182926401,2.331754343735888,0.6923076923076923,0.1575938697241419,0.032132050639599424,12.072611681641527,-1.0632485425698412,4.8810296,5.8880363,transient_candidate
79014,agn,226,16.723709023841728,0.48029893673245383,-0.06274836732743172,-1.083178871334322,0.27077885075800745,2.008742347138833,0.5442477876106194,0.42324975389494135,0.06334593993475593,19.374094638710204,0.1934690044868008,0.9834459601083428,1.2478036022573251,100.0,1.0353665045743554,0.4247787610619469,0.11654836544166791,0.1634499661835255,8.230249925024996,69.38114764856888,4.8769717,5.8828278,correlated_variability
67909,anomaly,272,16.85482652373784,0.6890554097774936,-0.08166073058235442,-0.8475357189246244,4.858067462901235,2.792916474554451,0.49264705882352944,0.5361121109109686,0.9788041250428774,16.06390712653257,0.9016973186159618,3.4846916781549373,10.160384495382134,100.0,3.7546757035530653,0.0661764705882353,0.020841363623310016,0.1249136407754732,139.14309170538104,-6.054299334314187,4.8768234,5.882637,transient_candidate
56875,anomaly,138,20.632487026887247,0.9617299497163673,1.653390656850931,0.7403857017980497,0.13553625615186565,2.6271523753721446,0.18115942028985507,0.026513521297054865,0.1028990938694336,16.18896747793185,0.6352654105909784,0.09422330306889501,-0.8412423714661661,100.0,2.571549063029032,0.4855072463768116,0.4548847230980462,0.8960309889545653,18.554834557286846,-29.35923833612061,4.8761683,5.8817964,short_period_variable
99788,anomaly,105,16.226285115101323,0.5693284211955524,0.008131055648863227,-0.6564918495148087,1.1999894379805418,2.2710008418392675,0.5238095238095238,0.38158012580380607,1.8367650312687716,17.7989465173026,0.6373128353140287,0.23375540968370634,-0.6997726201654313,100.0,2.8457085341998756,0.4666666666666667,0.4722956942336012,0.9057756485903692,250.73740569539862,28.19946756980493,4.8706994,5.874777,unclassified
48792,anomaly,230,19.497272807096692,0.49399919421887795,3.8164686666192496,12.642184199412851,0.2633680767755613,2.256892347745076,0.05652173913043478,0.02385705459742482,0.16727793997590396,21.00377504820216,0.8242597288782556,3.5143031429767726,10.372212722718958,100.0,3.465838504047106,0.06521739130434782,0.02415613179497811,0.14905890802223287,1.1072647738090957,19.30468374205614,4.8684106,5.871839,transient_candidate
85102,anomaly,203,14.206889215809634,0.1523567760076869,-8.260420126337799,82.11503917195607,100.0,1.819203970825324,0.7931034482758621,0.01922090309592761,0.6764029363137566,18.76056507882756,1.2269285573658533,2.3627850199591647,3.58863089715544,0.1463585300907458,3.941684625349481,0.11822660098522167,0.022073541381949724,0.09619158509243582,3.4967987924648947,14.929586388489568,4.8675957,5.870793,transient_candidate
31622,anomaly,104,14.500560467787658,0.6937720297621697,0.10411293804089226,-0.9685865996444387,100.0,2.7063925826463358,0.47115384615384615,0.5981278221574833,1.045826437473994,20.644273459938447,0.8624438658807656,-5.625660842851406,29.66532968140902,0.3506650289672182,5.230827798398906,0.9711538461538461,0.013494398814037467,0.6975276178595934,120.45247971937748,-11.85177820222929,4.865351,5.867912,high_amplitude_variable
40454,anomaly,226,16.75574755657984,0.7898870648764559,4.42280474740168,17.595016975891877,100.0,3.9778673347253957,0.04424778761061947,0.02030773265982333,0.2131372059931143,18.340217172949387,0.6829437153327612,0.05282557043091722,-0.8284256040384488,1.7619483998308192,2.6710429740831536,0.4911504424778761,0.5171968262929045,0.9301374822658772,100.52700280520989,43.21990931641193,4.8590636,5.859842,transient_candidate
60462,anomaly,90,17.49039148735798,0.6818743851371767,-0.017736501875944725,-1.0555129994507595,100.0,2.669301748152005,0.5111111111111111,0.5502356746653181,1.1321812481995688,16.433869936180123,0.6294018455715387,0.018340869773740408,-0.8845306787343548,83.34444814938313,2.482360856994994,0.4777777777777778,0.47247496712898407,1.1915557478848398,152.44866801131866,-5.450645826801889,4.850217,5.8484864,long_period_variable
13112,transient,300,20.114018657136484,1.043414704093235,-2.588472155919641,6.005592609740814,100.0,5.046259141387603,0.7633333333333333,0.048949067495565046,0.021842913249855243,17.73870848674102,0.8460314625884245,-2.8759209895105085,8.214995244990721,0.14809109424180705,4.5506191400813005,0.7966666666666666,0.08684965435386971,0.019490055488506068,97.27443310411083,-13.661795787366664,4.847135,5.8445306,transient_candidate
69224,anomaly,168,18.877000762801778,0.6462221108046013,-0.05989064718236106,-0.8432911070200357,100.0,2.657461755904759,0.47023809523809523,0.4893327862767247,0.8920082704276657,15.734787380163993,0.7387552326140954,-7.274505929087593,50.952946652392484,0.12940260725933353,5.62232973150372,0.9821428571428571,0.012245066621126455,0.6817879039169308,146.16751111300186,48.119651751904485,4.8407755,5.8363676,high_amplitude_variable
24146,anomaly,109,14.239966714030272,0.6483369004068392,0.16051882856891062,-1.113164329755874,100.0,2.3720597258807086,0.4954128440366973,0.5301641945967859,0.8707908111838972,17.453548238344325,0.7099788535132957,0.08131782373752355,-1.0039240401816427,0.5346135254334443,2.606177661848541,0.47706422018348627,0.5393171972483728,1.2920781457077,55.61363380817964,84.78756102656124,4.839745,5.8350453,long_period_variable
41744,rr_lyrae,153,18.343460926804593,0.9879883930476137,0.08174311013872218,-1.4771416167672315,0.3682111303028406,2.9070262131321343,0.5032679738562091,1.000737906423236,2.344639228469139,17.812990564116934,0.36809125638956003,-0.1418548867437381,-1.5310988194249233,16.677787415760324,1.156635899140241,0.5163398692810458,0.3603435425802033,2.050816623621895,104.18940227629554,3.537224675696315,4.8385005,5.833448,short_period_variable
64298,anomaly,282,17.303278581694112,0.10253573117432015,-11.911092795143388,162.76405551340935,3.0511474609374996,1.5716917323244548,0.5886524822695035,0.01988471638811795,1.278740855565292,20.253087878540782,0.3337764672925679,-9.485982296258785,88.34551210886866,0.11968426720500246,3.3307903000436845,0.9290780141843972,0.014468987746662165,0.6827880795536472,256.0863124685952,-18.798635717191058,4.836225,5.8305273,high_amplitude_variable
33449,anomaly,116,15.912264435937448,0.7316979187090444,0.030074233816965123,-1.0645460874776609,100.0,2.8054655804145643,0.5,0.5879332203650156,0.7817063944792657,17.87457685303319,0.5843741233514481,-5.964299661540949,33.615714412813986,0.12011519910193526,3.7409403870686937,0.9741379310344828,0.013881123864711853,0.6870160573243128,23.867427393859465,-10.274242288251063,4.8271756,5.8189116,high_amplitude_variable
84599,rr_lyrae,174,14.636793935718943,0.2417455223025087,0.01427058799537717,-1.4053334232102566,6.3338612606905285,0.8550079172229204,0.5229885057471264,0.23817983129355902,2.2336058156191054,19.987676931451553,0.8721740257073854,-0.21226399817171768,-1.4667603039934398,0.7968108438958456,2.5709343391522452,0.5459770114942529,0.7785416717513538,1.970583564176287,104.7495081118513,84.65869838160715,4.826743,5.8183565,color_variable
78722,anomaly,157,19.471032983682697,0.7071845232798936,-0.042378958127239914,-0.9965488336737072,100.0,2.684662110793596,0.49044585987261147,0.5763442176382156,0.7884837861648298,20.23188125692097,0.6101215878839353,-0.057713155012913187,-0.9100924803929833,0.7547471770583429,2.3605541579473126,0.5095541401273885,0.45048465647231595,1.802553430449377,262.10155118921614,-9.573517755305033,4.8248243,5.8158937,long_period_variable
48435,anomaly,84,18.17083367095856,0.7616312912355386,0.11201338200114395,-1.0567419596126022,100.0,2.711775808869316,0.4642857142857143,0.6418857722189255,0.8346983454206237,14.466332361891554,0.6138376468502285,-0.07071307465302347,-0.7295763131851349,0.6911569516646389,2.3104617327414925,0.5476190476190477,0.3816470882896841,2.236833513417693,4.135802736154339,53.91422612811286,4.821847,5.8120723,long_period_variable
96348,anomaly,104,19.821047400914736,0.6348857254660306,-0.16976932532213096,-0.6625532293312526,100.0,2.833916148794632,0.5480769230769231,0.44845012745109614,1.022155229546557,14.422492408181624,0.6017684377272688,-0.22266208325761283,-0.8576903325746259,0.6636574842349817,2.3332883616873534,0.5384615384615384,0.4645331753614501,1.6518501600828979,274.39840931294407,86.31733529149852,4.8181925,5.8073816,long_period_variable
62128,transient,275,19.929508996890057,0.819827413766607,-2.998831006992403,8.42736925632531,100.0,4.115701454084945,0.8327272727272728,0.053677958598076,0.018797935794104787,20.198675217293886,0.567146515049962,-1.3028245208706146,0.4545230295955802,0.1485747641052405,2.214886097116519,0.68,0.19111663205657692,0.021644595831176353,266.4520241105721,80.78829762374926,4.816447,5.8051405,transient_candidate
45997,agn,148,16.08100054078057,0.5316066870267158,0.19368068665280538,0.008811916085233573,0.15434910005736757,2.918964848332381,0.4864864864864865,0.3471218802436571,0.1410239224465634,16.04319977594897,0.17095925133592396,0.20442420146084145,-0.0937953319081819,100.0,0.8450371648917958,0.4527027027027027,0.10760662667428722,0.6847114926738602,270.57636558402453,27.305621345315593,4.8158746,5.804406,short_period_variable
34437,rr_lyrae,166,15.658840236180595,0.8888617649644552,0.03136933819763579,-1.4579099242151523,6.415060441957754,2.756657250452566,0.5060240963855421,0.8689055048730516,2.043640743976445,18.06325843374434,0.6080333270730861,-0.11071320603713578,-1.5685369658252566,0.49593499967757776,1.7747923830617722,0.536144578313253,0.5879020692212595,2.076524433349106,65.97103061983836,41.6186775509817,4.815042,5.8033376,unclassified
93,agn,244,20.872683854437188,0.23935085466247621,-0.43455228340690416,-0.8705507217895789,0.28271145108622503,0.9889526208597914,0.6024590163934426,0.1541363162117797,0.08629568897058613,18.512434809207896,0.3354664307238108,-0.6009651090646525,-0.8215666599818134,100.0,1.3452780136124574,0.6065573770491803,0.1968725559430986,0.0402402873168644,285.0683972018144,14.058037519033142,4.808218,5.7945786,correlated_variability
70945,anomaly,216,14.740122770747806,0.733782279980401,0.003745628751390782,-0.9573748157831274,100.0,2.885665732415717,0.4861111111111111,0.5254480250999984,0.5969146237137424,14.92108448941505,0.6917034083666321,-0.09877371477356181,-1.0474789113067289,62.51875937968983,2.711854057219753,0.5185185185185185,0.5565548334678558,0.658373600501604,157.15056562189284,83.12571823017153,4.807428,5.7935643,long_period_variable
77471,anomaly,291,20.155455074360397,0.4390271010613357,-9.669479658622313,91.67424016465193,0.1177134624971125,4.410730202781227,0.9862542955326461,0.013665747487578983,0.6834953688638092,16.50094779701528,0.5786622611960144,-9.678340868307238,91.78675344080995,55.57531962201222,5.805379051824179,0.9862542955326461,0.0143139703911217,0.6750645730160003,7.102354708867722,54.40190953250554,4.8050885,5.7905617,high_amplitude_variable
22625,transient,279,16.12451834424328,0.4625646982436794,-1.6656723575127648,1.920855778258609,100.0,1.9623474524901816,0.6989247311827957,0.1534907169225157,0.030634361745447914,17.92390422011251,0.7604910441691514,-3.0918007889963017,9.075784053852486,0.2285972978967128,4.068474782042921,0.8494623655913979,0.04639109772865879,0.02489612407936164,256.5131151459732,14.012038080012942,4.7968698,5.7800126,transient_candidate
73180,anomaly,73,18.370041577625003,0.6160527692095153,-0.2535955007324115,-0.7420217355954111,100.0,2.4704970059100866,0.5616438356164384,0.4785872443646113,1.362195092326642,21.101851907943924,0.5547196892461077,-0.23101602917310007,-0.34729125072989175,0.34510277145346324,2.3492439423319347,0.6164383561643836,0.2791712114559992,2.019478647546375,240.00759208125626,-8.062881093913287,4.791723,5.773406,long_period_variable
88922,anomaly,264,20.167713676784725,0.42035326154410535,-3.8030763230080806,14.550139246062372,100.0,2.5317134511884305,0.8484848484848485,0.02616032426491799,0.046677022973963665,20.304842596874455,0.6572152934635321,0.11726057309778813,-0.7654434867424893,62.51875937968983,2.6986997998614655,0.48484848484848486,0.46401846693827586,0.8848502211103081,166.9914769294545,75.98360578450114,4.7853594,5.7652383,long_period_variable
3382,anomaly,300,19.475156487343927,0.5471270003890997,-9.828977002923503,94.74608698741062,9.26598702502317,5.563922079975079,0.99,0.015348608732878688,0.6818566487356883,20.406993159253826,0.41459642833692417,-9.813550038647284,94.55068455921707,0.11796320793852981,4.252444189790815,0.98,0.014639654261186408,0.6908072181156968,65.73349573957984,-17.711305983461436,4.7848787,5.7646217,high_amplitude_variable
50551,anomaly,233,14.993001244835202,0.6468852136059139,-0.013614776935856143,-0.8397681483376975,100.0,2.72746822546908,0.5064377682403434,0.4839500229483509,0.806964218548517,17.351700389218667,0.6592171880820148,-0.08118538331297245,-0.6986645468740798,0.767480563504833,2.847456379805445,0.51931330472103,0.48187993887500014,0.7689280509685238,13.083096363919623,54.9488145455081,4.781005,5.7596493,long_period_variable
44877,anomaly,75,14.900838334285078,1.4120588044275812,-4.693441854235205,20.03323041951543,0.1565216683412617,7.251453911431884,0.96,0.014399101958211702,0.7069093529344181,19.87160833619947,0.7143967034415468,0.006066072577060215,-0.896478522642389,83.34444814938313,2.93857413623277,0.49333333333333335,0.5584308835765768,1.2959988062732346,117.14072301175912,59.655781273435124,4.7790713,5.7571673,high_amplitude_variable
90556,anomaly,300,20.78797770614568,0.17623589857528227,-4.989767093196288,28.320617339934312,0.11615597384201856,1.4856147061578966,0.82,0.021946591646365476,0.11987839508893942,17.148114255350126,0.4051435677107597,6.796121114620747,44.47989136064843,0.21203370822736595,3.013509711433123,0.07,0.02111291507145374,0.35771804161474496,102.01273453394987,50.462790404956195,4.774609,5.75144,transient_candidate
96132,anomaly,250,16.0223462223622,0.6410812668840641,-0.024899431245729978,-0.7349437935047605,100.0,2.702502136899959,0.492,0.4628745027006502,0.7190787378618375,18.69824368561986,0.6550438439761462,0.01720431718768812,-0.853301273794913,0.81630853490662,2.763033132610122,0.468,0.5377797129079447,0.8390845909840234,72.65754438872867,4.953492299082789,4.774554,5.751369,long_period_variable
74903,anomaly,152,20.612575754996687,0.3967597091819287,-4.695594993024728,22.79368833337182,3.3359136225926567,2.6114153393650277,0.8552631578947368,0.02428989748618804,0.2651957950989588,16.31179098621949,0.9531753800764491,3.1182588107076605,7.737906543029055,100.0,3.6634562293027315,0.07894736842105263,0.02211994392526684,0.1884012505824981,190.5682201915582,76.61490179074315,4.773835,5.7504463,transient_candidate
61447,agn,237,18.085743965005562,0.3945837546582151,-0.42497970792366685,-0.4361764396547585,0.1121218802294293,1.8904707862613037,0.540084388185654,0.26767561547495333,0.20903378651877547,21.11042167626489,0.15275968098052964,-0.09900121769322204,-1.0032055600505574,100.0,0.6171002694645935,0.5147679324894515,0.12047108406915186,0.0991533186910718,211.8188364514243,65.16871799991586,4.7721906,5.748336,correlated_variability
34166,anomaly,206,19.196309719632126,0.6835682463270032,0.012747646276189465,-0.9359783533536405,100.0,2.786025961753488,0.49514563106796117,0.5709717323385064,0.632194970298006,17.65616583777654,0.598073313352494,0.05132438091613596,-0.7187933387927563,0.5971336628577845,2.4057512547037945,0.49514563106796117,0.44394467786688274,2.0295183640626826,291.13912403327475,89.3865572233062,4.771791,5.7478228,long_period_variable
76265,anomaly,254,14.364424624720488,0.697674474305278,-0.17988675231471501,-0.8489047743198816,12.829462337995636,2.82657322357451,0.5551181102362205,0.5042364028882753,1.7559240673073269,20.499352454422752,0.3533691176670952,-8.182698246239589,73.85354420289204,100.0,3.732156070099318,0.9133858267716536,0.023581286831783288,0.4109563623792556,142.58070082843906,85.4360599130153,4.770859,5.7466264,transient_candidate
33492,anomaly,199,20.014072281626248,0.6639554796024408,0.08259137850010195,-0.7744922319003842,100.0,2.642487444416755,0.507537688442211,0.4608423905716883,0.7435184135286841,15.05568661734966,0.5840630596998124,-0.07802579410116436,-0.5794343506909154,1.939506335694831,2.4139414019178336,0.542713567839196,0.37178168903552056,2.029342700672636,237.10751852228972,29.25294963562743,4.7652297,5.739401,long_period_variable
44248,anomaly,139,17.63173516516651,0.6517275308793934,-0.34226694236874267,-0.6120164797367647,100.0,2.772284561128565,0.5467625899280576,0.5036635805707483,1.0326172551446378,17.327888147853855,0.6073635695731322,-0.09842173059475695,-0.8679804206200066,0.5180106897344975,2.336700841288696,0.49640287769784175,0.4654443966412387,2.0141406548750984,332.7422530303003,60.2284766815858,4.762927,5.7364454,long_period_variable
42797,transient,274,19.501593131911676,0.9144129722567542,-2.431320966225311,5.3015031964199775,100.0,4.31630152474157,0.7700729927007299,0.09392136897873193,0.01683502159224927,16.95871733310278,0.813265788709627,-2.1964341530943683,4.035720154990271,0.6771281314974974,3.648738544348303,0.7554744525547445,0.08151594636485804,0.02227118318349452,171.40786026733798,-10.906644723584677,4.7627172,5.736176,transient_candidate
58572,anomaly,265,18.49371357416203,0.19605619139047037,-4.9752528264578055,27.573850373545437,100.0,1.5613828444042177,0.8377358490566038,0.026340661521846442,0.14623301927678295,18.26744144002282,0.6757110724131651,0.03664253892682677,-0.9065617603150065,83.34444814938313,2.8959907540423337,0.4830188679245283,0.5216773144835365,0.6695294531249701,321.46064496061166,35.58173216349381,4.7591968,5.7316575,color_variable
42215,anomaly,72,20.94113342219441,0.6411905461679502,0.08301543833491118,-0.6307616263288036,100.0,2.6074964841799186,0.4722222222222222,0.42473843647683296,1.1191232080503937,15.651401539519583,1.5541764290364797,1.2420764202595282,-0.45565532685471544,0.13451609188102953,3.7610252341650554,0.2361111111111111,0.03087432136593371,0.15804149207996018,342.19990839955705,49.79630336439671,4.7500706,5.7199435,transient_candidate
45067,anomaly,183,20.500831919381515,0.632015981971863,0.11703262995716088,-0.6822226863842693,100.0,2.880773259742792,0.4918032786885246,0.4967461250262346,0.8093989407839802,14.454641743049244,0.6103188295232962,-0.015039071090308598,-0.8550444905294499,1.1144675680797225,2.3720248281349345,0.4644808743169399,0.4638580651280506,2.050449914972686,24.56469356903066,-3.5079930521486133,4.749137,5.718745,long_period_variable
95499,anomaly,191,16.62196778432622,0.7057821472068048,0.03325328587791889,-0.9397960651572412,23.82404803888862,2.852556038726757,0.5078534031413613,0.5895219086378596,1.30075066979046,21.109616882295775,0.4450922086368917,-7.76458039838295,58.426203098000364,13.167044197439816,3.641190224255112,0.9790575916230366,0.013794875872306989,0.6880399559712106,148.86442387745177,61.83841317623194,4.7438855,5.7120047,high_amplitude_variable
4757,anomaly,288,16.217096585362885,0.5846220160314665,-0.03632657428430956,-0.6167214285552691,1.9935952909835575,2.4993956964231234,0.4895833333333333,0.3958381131230304,1.9857360233088988,19.47807384274714,0.6472910976407145,0.11824327122009841,-0.6756349117112674,100.0,2.8244088099007882,0.46875,0.45085887639484135,0.6826211673486454,245.02572521518263,3.5538896688331363,4.7426867,5.710466,unclassified
73619,agn,231,20.44865436371089,0.35894292221555774,-0.09276973654836718,-0.7929065906929824,0.27329290340498136,1.5142085204921898,0.5454545454545454,0.269250836518669,0.06250647166929277,18.801965280140532,0.2003869481115995,0.07104450428686812,-0.29031338107010773,100.0,0.9638609533056766,0.5324675324675324,0.13349699788085445,0.21415863212239233,287.9077181428372,0.7302528936560826,4.741764,5.7092814,correlated_variability
93999,anomaly,147,16.00146144515206,0.2428239819007727,-3.8850439309862597,16.111734192971852,0.10842902843989954,1.5363673316660247,0.8299319727891157,0.02454958156487308,0.12639081496998292,18.483591179942717,1.0206005179583149,3.426879108989928,9.756815193539259,100.0,4.196848997191715,0.06802721088435375,0.0228527684293951,0.21301689386621558,186.4737610927548,15.833053937674492,4.7392526,5.706058,transient_candidate
94014,anomaly,287,16.826165019524314,0.6135494400104258,0.13601218040429902,-0.814833574264938,1.3560839312599182,2.362331129267199,0.4912891986062718,0.41601806051512114,2.0222726120662267,19.400628242512834,0.6036350180988649,5.354707591861694,26.766179068538534,100.0,3.602217656883578,0.0313588850174216,0.023584097152870243,0.22798722510566374,149.6060125372247,40.61685673292567,4.7391534,5.7059307,transient_candidate
73743,anomaly,228,18.291342095004225,0.6922488615193244,0.02741518707920621,-0.9547145106956445,100.0,2.7617048135428313,0.49122807017543857,0.5447487632942956,0.6727593951096038,19.595117295650123,0.6464619136921617,0.16473074924963002,-0.8272857039896757,45.474392795415255,2.671077034100172,0.4780701754385965,0.48156788847643917,1.0280264274237507,182.30802774488052,80.15084069010848,4.731429,5.6960163,long_period_variable
88896,anomaly,215,17.97621034145743,0.795438313146664,4.299205549044481,16.508863969824294,100.0,3.873669993302599,0.046511627906976744,0.018856667218035028,0.210214673915659,16.428396297590936,0.6820221451432725,0.07461065591299179,-1.0659581803125993,0.34846727377161624,2.7406438237584485,0.4883720930232558,0.5684471096785728,1.0186608000916457,176.62880035970568,5.433749761037049,4.7303743,5.6946626,transient_candidate
83378,anomaly,294,15.393025985481955,0.3436362977407761,-3.3871114731701972,10.997066607269447,100.0,1.8710483764418022,0.8469387755102041,0.03039860907420522,0.03144218563124758,17.2484873871509,0.2012465631119907,-6.803761932343157,55.007974578009005,0.47029935838335185,2.2353927723574767,0.8299319727891157,0.02189491407796673,0.2444024943978075,53.55691219613177,2.1965639058322424,4.7294016,5.6934137,correlated_variability
99713,anomaly,51,20.04488561109896,0.7228180401513438,-0.026752233320044533,-1.0746548417805917,100.0,2.675615546856303,0.5294117647058824,0.5802570977267258,1.294265324032998,20.892278668330622,0.6441572459933832,-0.06882592771862883,-0.7453332954074363,0.10222676018060128,2.645855057100995,0.45098039215686275,0.4169458660225587,1.44482914161027,110.42616326353105,66.02359263692023,4.7291274,5.693062,long_period_variable
65985,anomaly,218,18.09883933215903,0.6616988380956675,-0.10246658513069723,-0.8184870460189946,100.0,2.7734777543048352,0.5137614678899083,0.49717899648960895,0.7597147103566724,15.963311633156152,0.21651714952113738,-6.493178181551781,45.133249880740244,0.1680885883013167,1.8868303034344063,0.8256880733944955,0.02481019927540018,0.28681732919451547,198.7961714192868,66.22128764875565,4.7268033,5.6900787,long_period_variable
52990,transient,251,19.076644958790087,0.4493892072875966,-1.8598084572913636,2.831522493441285,0.1110272810842517,2.0267976560172833,0.6772908366533864,0.13252482524324805,0.033359083669852276,16.83052032215025,0.3814227154539516,-2.4363776840943534,5.580544113118412,100.0,1.9611698026665128,0.7450199203187251,0.061271538119761715,0.06122371674034765,108.99787682598837,66.9837922002506,4.7255964,5.6885295,correlated_variability
10838,anomaly,134,16.357628617991164,0.6780861522772084,0.041833618746492586,-0.6947454571025866,100.0,2.812916116428882,0.48507462686567165,0.4434266421801931,0.8953063015959482,19.252719686172785,0.6192386464002714,0.04524393096592267,-0.9080998539263234,1.6299474725869505,2.4142324421599213,0.4626865671641791,0.48267733119455514,2.1985358643086896,91.1241514982922,-14.156855726294143,4.724789,5.6874933,long_period_variable
92233,anomaly,256,17.228788859741503,1.0112083743816098,2.86413562824146,6.215692293754257,0.11029313616624235,3.7351230952656707,0.08984375,0.023894318744483556,0.09861747246774484,15.588701055398328,0.9203908784329204,4.7516384529500675,20.601618414171256,100.0,4.850654297095707,0.0390625,0.018114407082630457,0.20940617486160124,257.0024878023768,-1.4227742374520602,4.721224,5.682917,transient_candidate
86607,anomaly,271,17.6543385177276,0.6823382755005818,0.05955868206776515,-1.0734520837767927,100.0,2.7231833963791843,0.4907749077490775,0.5606083101348531,0.5757026783319729,18.744472793997765,0.6047638536625333,-0.030315650118787157,-0.7229247057583801,0.981169552536438,2.4137558337401614,0.4833948339483395,0.4376086330593374,2.0808720218385877,344.2169203195634,-23.35704014310755,4.7201777,5.6815743,long_period_variable
50425,anomaly,117,15.2275978939344,0.6946277442163035,-0.17973294896323522,-0.9183274441593912,83.34444814938313,2.642779126888989,0.5042735042735043,0.5469747363020421,0.9955817640301552,16.817455034164276,0.622687049158584,-0.037300417909017516,-0.8817811510554883,100.0,2.467857243373441,0.5470085470085471,0.47255738490484234,0.9422749710916962,9.660147148228537,43.66978502781443,4.7189603,5.6800117,long_period_variable
23548,transient,80,14.845944025404432,1.0806484220775114,-2.141903698702994,3.6423810980189666,5.956863679694947,4.7346160081567845,0.7875,0.04809821270980752,0.1445688912164385,18.06746497322019,1.0039944414290787,-1.2573229477607222,0.6135141462503682,0.13796521863443964,3.8586192135440847,0.6375,0.33200458039846836,0.16276050748173748,257.3907374641095,69.93821493044341,4.715655,5.6757693,transient_candidate
82677,anomaly,113,14.63229286915615,0.6502860555207273,-0.10707307711406822,-0.8271853203549169,100.0,2.5909256730971073,0.504424778761062,0.4738194332403314,0.8696019150066182,14.373489685476029,0.6814585063140796,0.11426378423222935,-0.8887702893621294,0.19216575690013069,2.8619223522924404,0.4690265486725664,0.49094712651181815,1.0884792545859325,229.60367096536308,45.15464885211523,4.71496,5.674877,long_period_variable
29845,anomaly,209,20.83453708026014,0.7040061135867939,6.2115154807094735,36.669774775000064,0.1415558228034849,4.711223540564287,0.023923444976076555,0.02260660441878315,0.41979228309269834,20.771691096582277,0.2479484638899875,-4.3513763452392755,20.69988170586823,0.21007538172029,1.9287689293159076,0.8755980861244019,0.025111632601550582,0.13689478272735317,258.6954498175237,31.112265957303393,4.7079453,5.6658735,transient_candidate
68738,anomaly,281,16.176360264623607,0.38961137170303317,-9.482908217139814,88.18178213757982,45.474392795415255,3.863166585294586,0.9501779359430605,0.013084425891484841,0.6820233536845662,20.01628778283344,0.31047925062475334,-3.555371658326323,12.189139374986766,12.508757882093883,1.8525532842811252,0.8825622775800712,0.025577159096972224,0.055443218702125305,262.17455068940524,24.773405325844458,4.706534,5.664062,transient_candidate
30855,anomaly,69,19.66271115839608,1.1751900963007589,-4.475611853011456,18.037108974730618,0.10992969249592958,5.818387188921182,0.9565217391304348,0.013283006725835378,0.7076366678204118,20.066726133921044,0.726975684122728,-0.1123135253286746,-1.2219631596562153,83.34444814938313,2.492921402972115,0.5217391304347826,0.61639969343884,1.4556869135249038,47.817957805082834,62.11233271765691,4.7049947,5.6620865,high_amplitude_variable
56118,anomaly,254,18.798735098583442,0.09508397434284831,-11.795767314974867,164.93377442707322,0.1719586638753339,1.438632424960641,0.562992125984252,0.023745347862902833,1.3967059314766608,19.376518516761717,0.6043179176279285,-0.09342574597090071,-0.7196918433881776,0.5498881303803567,2.4302991756237056,0.5,0.44500334809420394,2.103775566193208,181.98796282687692,-15.089140902363521,4.7043157,5.661215,short_period_variable
2218,anomaly,269,17.734321085591585,0.9962291660755447,4.206730993161919,15.715974027260298,100.0,4.789843860203188,0.048327137546468404,0.020366445212069095,0.16564730771945152,18.183438904935603,0.6777702495835551,0.07603954654485127,-0.9609865790815988,31.267200400300222,2.7686780986330923,0.4944237918215613,0.5493120900132276,1.052842368106937,105.52997387987847,1.2784859447528554,4.70253,5.6589227,transient_candidate
63214,anomaly,188,18.6407426785427,0.6358248621032594,-0.04503031258120923,-0.6839959138819256,100.0,2.6789649421694257,0.5,0.44866900489062367,0.7548738472556499,14.737934521767865,0.7080849916438864,-7.715196859232226,57.578936008855784,0.11710740264495467,5.702586266519729,0.9840425531914894,0.01612106577446859,0.683337777902453,147.38666845050517,61.24101823364816,4.6994696,5.6549945,high_amplitude_variable
56746,anomaly,85,15.055694904576281,0.7223710857799794,0.2537822132860678,-1.1988574588726306,100.0,2.630723896439827,0.43529411764705883,0.4967185003214496,1.0191300374582184,16.57046367222591,1.3180476149404228,-5.035276235931976,23.360334979997425,0.1970077210947623,7.22533993414806,0.9647058823529412,0.011226181244609279,0.69597927393344,321.6664008309269,39.6550665269734,4.688665,5.641126,high_amplitude_variable
60381,transient,185,16.905072595575856,1.0031539563963918,-3.2023985805389383,9.236982948176005,100.0,4.855836993993275,0.8486486486486486,0.0507805004375399,0.04040845260508501,18.91457415479816,0.6314686763818427,-2.0567211446434346,3.3879886906803165,0.21338999828826988,2.8699572860125713,0.7351351351351352,0.08422091395218345,0.0432886254609836,271.4524498509555,-29.117933175561156,4.6865826,5.6384535,transient_candidate
45710,anomaly,80,18.978869407523867,0.971913661009604,1.23278063902085,-0.4740329773730805,0.17417323460148684,2.4092480732039583,0.2375,0.037022943074996206,0.1402117583637205,16.78868117859952,0.6824652312730991,-0.10703354418473174,-0.7862207074394223,100.0,2.6385690965485598,0.5375,0.4989046304147191,1.1810309654413447,338.0299868957042,-20.38228072001813,4.685099,5.6365495,short_period_variable
58073,anomaly,299,17.989026133986247,0.6463997522545983,0.07818052628528349,-0.8835653969602015,4.42816522131968,2.699836315375329,0.4916387959866221,0.48798927801130176,0.8955814498098108,15.99048671842458,0.1856476644504959,-5.0036591396411145,26.680508109441146,100.0,1.52507287927323,0.8361204013377926,0.02286123177607635,0.1494925634571398,0.9321948968373395,50.78890547655797,4.6835666,5.634582,color_variable
88962,anomaly,292,19.056852408729497,1.1108952305273592,3.7699412155565257,12.223570059698805,0.5450960978577799,4.8345897520860035,0.05821917808219178,0.018541619415305632,0.12754604487004848,20.835544669810325,0.38078251627190035,-8.464256770309259,79.41272295441364,100.0,4.097381743772779,0.8938356164383562,0.023929608065298424,0.3931247675661359,68.17715205095342,6.043126685075919,4.683562,5.634576,transient_candidate
61755,anomaly,225,20.74880994180413,0.907494699253503,-8.480364254832,69.95059816157067,0.6873594068826689,7.983420408859681,0.9866666666666667,0.012684946094509542,0.679704111721455,14.841506276968875,0.6516013453699269,4.407014289063687,17.472736806225107,100.0,3.2989715058331974,0.044444444444444446,0.024175284955866516,0.21201784021724074,264.23862964668587,73.40664911051482,4.677701,5.6270533,transient_candidate
5734,anomaly,78,14.569100463658243,0.6426580217137894,-0.17082828295023073,-0.7263859564057698,100.0,2.6487865917231854,0.5256410256410257,0.46277001607166657,1.1961847659407838,14.29058392579895,1.0484960267188357,-4.797129950106615,21.022438186694718,0.1426860077231406,5.499332552011605,0.9615384615384616,0.012846056041518672,0.6964342744158556,89.22644539749638,2.650924108320055,4.676234,5.62517,high_amplitude_variable
50728,anomaly,203,16.215895403878932,0.6532943015715307,-0.013713211524090085,-0.6538104795934725,100.0,2.794293512019564,0.5073891625615764,0.4415865056527153,0.8182654925152795,15.879459802760179,0.6124722101082923,-0.032853890443461306,-0.8153173489325791,0.8872284537838989,2.446012030379773,0.5320197044334976,0.45850285672110935,1.975207094499948,72.1835059264287,71.38716261039487,4.6688266,5.6156626,long_period_variable
79127,transient,109,17.402890000592524,0.7954184858672328,-4.194145718366948,17.574154090114188,6.949619084691096,4.693539250697958,0.8715596330275229,0.04219196252365265,0.16707593156972197,19.963278226158312,1.1465147858052875,-1.733675959292179,1.7079000888288824,0.3647222595124001,4.252848604657284,0.7339449541284404,0.2066190393522902,0.046324448413356895,224.6738973873619,72.4142398773567,4.66504,5.610802,transient_candidate
97689,anomaly,140,19.58133868118204,0.672118953646239,-0.003068763832689375,-0.8163602914646235,100.0,2.6889871440195208,0.5,0.49754737997606924,0.9004137326939557,16.692744419341956,0.655354399679206,-0.032426964125458715,-0.6931683518184921,0.18038921345395365,2.703983338570845,0.5285714285714286,0.4533169451065717,1.0291070851329716,348.2903286126746,38.5731951883303,4.656246,5.599515,long_period_variable
87534,agn,288,16.6677962951978,0.4716016425678724,0.05639084681441189,0.29216754361330155,26.33131419541743,2.4377522609055564,0.5138888888888888,0.2793667063398928,0.08310283665592264,16.079632699319507,0.1227683280093088,0.04126803629952918,-0.9895597914884275,100.0,0.50623299991077,0.5104166666666666,0.10528629983348825,0.10714290260526284,189.9036844023561,62.47250560183447,4.655042,5.5979695,correlated_variability
167,agn,188,17.925071687116198,0.34510115075442555,-0.1731612794332714,-0.4859129847312347,0.23492932382274512,1.5442242090599514,0.526595744680851,0.2340226989466938,0.2532995662951572,14.815902897823069,0.24948210378286886,-0.22119133260335527,-0.5902384706231514,100.0,1.1803182832010801,0.5319148936170213,0.18312750523596044,0.28897499591012776,315.7609452276814,-21.295258650401863,4.650913,5.5926695,correlated_variability
5283,anomaly,252,20.659924457005594,0.6380592632685254,-0.023322754195952977,-0.7954467778284169,22.741333818578834,2.7064644167567344,0.5119047619047619,0.4562019126838841,1.4525661355694934,21.24678017292759,0.29002779984283555,-7.398679225675893,60.37601644271118,83.34444814938313,3.1113890757613163,0.9126984126984127,0.020451998972697893,0.3000147912319645,87.05090172756388,-10.956910449063372,4.6503263,5.5919166,transient_candidate
29400,agn,231,16.429418839798405,0.5359289129567856,0.6578962843617704,-1.1683882580933758,0.12736062368235002,1.6895353754522073,0.3852813852813853,0.23843198624336281,0.016827962199179248,15.840779911433104,0.16424517040430175,0.1300233178753026,-0.32360633464623545,100.0,0.8117015788763648,0.4588744588744589,0.116940874957427,0.19598169833861348,45.92538123577765,81.23920434892268,4.6488404,5.590009,correlated_variability
17610,agn,221,14.568554727657123,0.3807528427087555,0.043998556382204186,-0.7193746404837751,0.5261811709451998,1.6479468979793133,0.4751131221719457,0.30471546418265305,0.029719971577971217,17.796738828284465,0.4441312512694571,0.25820056683795706,-0.71446714231001,100.0,1.8587716983669758,0.4479638009049774,0.28458685282821605,0.04035206741461586,347.51239127741985,24.756305362041473,4.6484766,5.5895424,correlated_variability
57667,anomaly,243,18.694524318269963,0.21946594706951542,-8.333771649371378,76.71068068305995,0.20797987017795821,2.5159816826801276,0.8024691358024691,0.02546771206990428,0.35858293487612136,18.092243475047155,0.6414526627274854,-8.818626150793188,75.85254610541898,27.79383965306349,5.8679396064139855,0.9876543209876543,0.013119092480501138,0.6811466879468668,276.52877609047334,14.073798794835596,4.646346,5.5868077,transient_candidate
93217,anomaly,283,19.26656767754478,0.6293248405630789,3.9750878955267703,13.850634221916682,100.0,2.978866788451029,0.053003533568904596,0.024654226220295783,0.1451081355481767,20.889139579672353,0.2648752283421443,-3.6583070980506727,13.739844173478438,0.2729947121268303,1.6086195341595122,0.833922261484099,0.027532247551931732,0.04253544384878207,114.34973892363028,33.42195838160674,4.646294,5.586741,correlated_variability
22197,agn,173,20.01598945029296,0.28974085136374034,0.287895968891146,-0.6695333318877328,0.17350891320042205,1.3232734938361261,0.48554913294797686,0.22526803860986533,0.09843204840279499,15.951385412039288,0.20161108691440796,-0.41300360653393164,-0.3184226288763443,100.0,0.9459787914886153,0.5780346820809249,0.13399822819011575,0.27120623540647504,49.13277135992714,-19.27600689531541,4.6453543,5.5855346,correlated_variability
80841,anomaly,150,14.128234236485069,0.6892329047721054,-0.015219323492290045,-0.831722344200057,15.635556111597646,2.845967567654327,0.52,0.5479381986456389,1.7151744270588425,21.136132966294124,0.6522390246215101,-0.089211458491445,-0.7242256782587808,100.0,2.6580780307588405,0.5066666666666667,0.4775535410759453,0.7921752006487338,8.951064489854943,21.58923956154255,4.6449685,5.5850396,unclassified
40217,anomaly,285,17.734624149725875,0.7171909915538442,-0.019334211015157945,-0.8320499696799502,83.34444814938313,2.942946659773092,0.512280701754386,0.4903922410263206,0.6128204158725055,19.048286818123273,0.43746246250148985,-9.562736376349006,89.6394276844221,45.474392795415255,4.362652126127779,0.9824561403508771,0.012692655371395745,0.6777209083022826,288.0510166418839,-9.789101444475868,4.6442475,5.584114,high_amplitude_variable
73016,anomaly,154,17.74376295368349,0.6922184266833074,-0.10310861637165315,-0.9523692004655442,100.0,2.839171813836188,0.5194805194805194,0.5223873597135942,0.8428548310455557,20.32974329225334,0.35688486565379884,-2.6698260974279355,6.037095500890048,0.3496848359615074,1.602528478299508,0.8506493506493507,0.026260097501635826,0.04502031279519604,82.86063239055778,-9.225001839165422,4.6323714,5.5688705,long_period_variable
74672,anomaly,268,18.893104445906943,0.671471431622104,0.07917398229614327,-0.8849769212660812,13.167044197439816,2.737529490786617,0.47761194029850745,0.5148566583788217,1.759303025340875,18.38956579722584,0.4785915231732507,4.176862185332529,15.536319674354502,100.0,2.3536558724349312,0.048507462686567165,0.02274788513349968,0.17066062787760955,336.5845033924104,-11.094540715313155,4.622455,5.5561423,unclassified
23144,anomaly,272,14.381843706204151,0.816596026486862,-9.35535717497664,85.57749527189333,0.12684407921830146,7.899789275353653,0.9889705882352942,0.01454975969018335,0.6836598220240103,20.273530334057927,0.2827627014194593,-4.880300638858069,24.859895830853265,100.0,2.049358869430254,0.8823529411764706,0.027162527623824317,0.0880435891487363,295.01388508665497,50.039431519795315,4.6214433,5.554844,transient_candidate
84615,anomaly,240,14.309193592007649,0.11239954269801897,-12.523329823402975,176.51032259732548,0.21494825590494976,1.709232306011975,0.6333333333333333,0.020555220178721356,1.4667407572288933,16.226294120688145,0.6160130982900941,0.08355083341937655,-0.8154475363989975,0.409156796512632,2.4187078821730434,0.4583333333333333,0.45760620044913214,1.9755613658006295,137.14820096755952,11.80763186535738,4.620792,5.5540075,short_period_variable
39223,anomaly,178,15.974877378708447,0.17020279543583688,-8.229443673631978,77.3901686194765,0.2779996040493737,1.9195499448859614,0.7752808988764045,0.020919796372453447,0.605269395701266,17.96921003375051,0.2979000285893503,-5.151935931348397,27.05007322028845,100.0,2.0208804014562674,0.898876404494382,0.026190453113972723,0.15854188258917976,7.757789267198936,46.28522678325572,4.6202583,5.553323,short_period_variable
9442,anomaly,277,21.03997059550646,0.7347047558840573,4.273892205629146,16.3038304460054,100.0,3.6073594718225053,0.04693140794223827,0.019631061220326984,0.1596140352789841,20.589741768557104,0.6123125130638809,0.14503462960706645,-0.8100468428990393,1.4674326240301998,2.429490841506606,0.4584837545126354,0.46754326345580566,2.075419205295183,122.2258342416319,54.93619798953321,4.6202426,5.553303,transient_candidate
47642,anomaly,281,19.09830695654784,1.0381493057846425,4.1343940233210015,15.106921811655063,100.0,4.885705030695533,0.0498220640569395,0.018798711067027796,0.15119674235659136,19.685196538219873,0.5850326168202155,0.05325666596760051,-0.5000568432073491,0.47702429970752563,2.443914178842302,0.5160142348754448,0.37850227181757745,1.9522786050673333,25.5370992179574,-8.2237145457933,4.6168146,5.5489025,transient_candidate
59528,agn,298,16.0963098874108,0.3019406455818004,-0.19321809651683466,-1.1725628753458253,0.28319143548430037,1.1256791556304773,0.5671140939597316,0.27415013831175905,0.061810447552389874,15.314810413476051,0.2407854623431942,0.3298816486713657,-0.6492049091362659,100.0,1.0250584272659058,0.46308724832214765,0.1728050792511544,0.08826803724669359,137.54282302847835,-16.273005131459897,4.61408,5.5453925,correlated_variability
27098,transient,274,17.875916967722073,1.1450257437291078,-2.21629928652189,3.881804058314131,100.0,4.83356077358202,0.7445255474452555,0.09321132242632757,0.02764927029865239,21.18782077913252,0.305954266023801,-3.3276644051121598,11.046492697586388,0.14787228378226477,1.8139997882436063,0.7956204379562044,0.045527126647497695,0.08227268416815198,19.292506122441683,61.87069881800723,4.612948,5.5439396,transient_candidate
56414,anomaly,209,18.714185475546135,0.6811331929130172,0.009801503433780633,-0.925811822466188,100.0,2.9334090400951176,0.507177033492823,0.5245496013422368,0.6445545030091113,17.471945513794488,0.613345819011076,-0.16958472042668535,-0.6559527448825375,0.6231605295929573,2.4679404934138347,0.5023923444976076,0.4233649119550833,2.0426455093093265,338.6631991943529,-7.602045291295823,4.6115007,5.542082,long_period_variable
32937,anomaly,293,16.277648827372104,0.6849929541083973,-0.005201186976925099,-0.9145533474232783,100.0,2.8319418918538837,0.49829351535836175,0.5085276667054348,0.6705001293542283,18.49898939983349,0.5650206789056484,0.005238242715839527,-0.6359020869355039,1.0831083628358849,2.4065936668745493,0.48464163822525597,0.4037139421268279,1.920084605639702,337.5712045270016,-2.7456416635397005,4.6071444,5.5364904,long_period_variable
51606,anomaly,257,15.777352599653812,0.6702645065011339,-0.09533610874112301,-0.8772826166707066,100.0,2.8961771837845625,0.5097276264591439,0.5250849431499685,0.7042734423717507,19.1950688198715,0.6170359849544286,-0.007543646902703876,-0.8196131454902096,0.2955695315645674,2.4011722311637733,0.4708171206225681,0.4222268702563774,2.047862667654012,243.6154990685732,34.70854692097079,4.6059046,5.534899,long_period_variable
7520,anomaly,106,18.93296702306281,0.6374594863602475,0.20734623404684008,-0.975361207731793,3.1079997264413115,2.5781813984221245,0.46226415094339623,0.5147307070481393,1.277797208622657,21.58576684312394,2.0428642519177624,1.0156738575780073,-0.9674742981356124,4.101508015949853,4.7102211310290265,0.27358490566037735,0.025872327642598947,0.09662120614867387,32.97517949226141,21.937038903108217,4.603046,5.53123,transient_candidate
53740,anomaly,223,14.777281885509856,0.8060870656307932,2.5256160501832823,4.395102915698002,2.7645819392444544,2.729125335173487,0.10762331838565023,0.02427773390482102,0.09769428238350539,17.465786768049927,0.9157642891637381,4.983050037949563,22.861973162318325,100.0,5.0593923098131555,0.03587443946188341,0.02120839987555101,0.2574014304214983,258.64425126416137,77.32830921872014,4.600743,5.5282736,transient_candidate
38198,anomaly,268,14.141449616062552,0.6546814232327806,0.03627151935962294,-0.8273020878184787,100.0,2.689328007772156,0.48134328358208955,0.49483091041835525,0.7154844540326494,19.134987431421013,0.6000267094077172,0.10320322188143478,-0.7328407582135275,0.5942969368563962,2.4600295585166307,0.4962686567164179,0.4340250039663385,2.070320103787842,293.34048495436264,13.155902898554174,4.6003833,5.527812,long_period_variable
92313,anomaly,114,18.966024066280493,0.8155578620527142,1.4170745747924811,0.015604011729140055,0.4343738378175474,2.122540046649071,0.21052631578947367,0.030208571721209054,0.11360053030881895,17.109341696621748,0.6459013085629568,0.05337298572737499,-0.7181679374026082,100.0,2.533854375506703,0.4649122807017544,0.5027068478276782,1.0654608370815732,292.1601440564824,51.87696592374367,4.5992084,5.5263042,short_period_variable
32623,anomaly,259,20.483516139704417,0.6663911555871218,0.0016099635259593434,-0.8815935382294366,100.0,2.6686868909855868,0.4826254826254826,0.49727699824338245,0.7097968006856393,15.910778343149621,0.596484324383033,0.02256050842042625,-0.6397589751303907,0.846695448779075,2.431412736279091,0.5173745173745173,0.40367629284580353,2.1580893055984713,264.7150365677416,-15.93838951054638,4.5990534,5.5261054,long_period_variable
38921,agn,205,21.022797578363022,0.3503059587060796,0.09551871283459519,-0.7974819987932293,0.2776910591144771,1.367830110638586,0.4975609756097561,0.22182002343207685,0.03485154616074125,20.9946053079941,0.26474740906110844,-0.08679804097706494,-0.587869839606602,100.0,1.2228413678693606,0.5219512195121951,0.17394453374921426,0.11798759062500154,301.3911671956633,21.28183782440542,4.5955176,5.521567,correlated_variability
99232,anomaly,69,19.60342471727421,1.2248393017136823,-4.475374523993209,18.035192050595338,0.19099222735372418,6.057242061798592,0.9565217391304348,0.014373485758945037,0.7068256005106706,17.70847670565524,0.744601130801936,-0.1816657812414681,-1.0302339013269637,83.34444814938313,2.715801325585474,0.5652173913043478,0.5620224313377769,1.5754174491130595,88.27270519961826,74.17855543053176,4.593566,5.5190616,high_amplitude_variable
80653,anomaly,92,16.448373169815667,1.4155425174487457,0.9061078047017405,-1.1760713528847144,0.13383253932451913,3.26986087403259,0.29347826086956524,0.038125209563527385,0.10932420649078402,20.662982108921096,0.6549451745269722,-3.530960784213708,11.09270531930133,100.0,3.1264525548510917,0.9130434782608695,0.027613983974836387,0.17968328657486246,331.4585721928601,83.81915017222596,4.5905614,5.5152054,transient_candidate
97188,transient,137,18.948388383720655,0.28557273485520174,-2.9925106370255077,8.6254823646695,100.0,1.5167514666593789,0.8175182481751825,0.043623887866829136,0.18226469808488444,16.39182719070368,1.283701412166216,-1.4041544603421898,0.8719679979419563,0.14866304371746228,4.864000388312407,0.6715328467153284,0.36765732252284167,0.020303087383577733,354.4675972327705,-24.13600517555787,4.5883884,5.5124164,transient_candidate
88326,anomaly,139,19.575287859617603,0.687903210069971,3.787532809552469,12.382849504863712,0.6541147468265817,3.0718671647619047,0.05755395683453238,0.02431450111118494,0.27153330922611335,20.65557349912904,0.1947741413732506,-4.716359646953363,22.741371718770683,100.0,1.4387152139776092,0.8633093525179856,0.021473088642668614,0.2850528166372907,12.808092400816772,17.30101205347472,4.5866146,5.5101395,transient_candidate
44521,anomaly,295,16.99851821061811,0.4571390482754976,4.62086398943013,19.460567948193802,100.0,2.432881102643943,0.04067796610169491,0.02226014773363616,0.17864148133085248,18.219065102230907,0.6002399712738334,-0.002520547652190118,-0.9171274483413989,0.47162913477422846,2.435661390814559,0.5084745762711864,0.4601545688389308,2.1927847901054,185.46977140943346,66.76727366132545,4.5858417,5.509147,long_period_variable
72693,anomaly,253,17.973858393511353,0.5180907088431229,-8.998667705753755,79.10651084211443,0.14284893760567577,4.872163174526255,0.9881422924901185,0.01252202653381218,0.6787151240662739,16.804487739397878,0.4717838465367297,6.866102168165136,45.327310036385946,0.12060735538396397,3.5099336986765834,0.023715415019762844,0.019429027835144552,0.40393379648076344,251.18262960200207,0.28397420511382165,4.5828414,5.505296,transient_candidate
29797,anomaly,221,15.045030307964579,0.7045203367169279,0.019639160087123034,-0.9884154419517084,100.0,2.740271863702599,0.497737556561086,0.5419999986546831,0.7256090462949695,17.366628899942704,0.6572992808236532,-0.20824661613947376,-0.787301920897574,62.51875937968983,2.6668665430255913,0.5520361990950227,0.4810037281137589,0.895642752014264,271.510072285699,-1.9035906823947784,4.581403,5.50345,long_period_variable
58944,anomaly,186,15.40502749093037,0.6765329718279438,0.014537415761558316,-0.8649587461827215,100.0,2.70912524967704,0.4946236559139785,0.500912432159689,0.6882810939057827,19.04177897823593,0.4086771176923701,-7.65212447617752,56.71388369657253,0.12386136248985372,3.3068260451492204,0.978494623655914,0.014841837098133581,0.6838308650938941,322.14564953165643,36.601027844170375,4.5812263,5.5032234,high_amplitude_variable
89318,anomaly,248,19.232776223092426,0.6227381777306146,0.18660119462293603,-0.6052903392911428,4.46770099739034,2.784478141300479,0.4596774193548387,0.46059027989141477,1.3894743034612418,16.375345222012612,0.95974465032025,4.009419048183015,14.097582789701722,100.0,4.45971148243439,0.05241935483870968,0.020141149237041134,0.16871952386449796,25.992093112327623,14.625113601297471,4.5804467,5.5022225,transient_candidate
21230,anomaly,255,16.902842257775184,0.6640130706383031,0.046214213414722434,-0.8037159411977814,100.0,2.800512872165699,0.47843137254901963,0.5080470567792581,0.7240955331379259,19.91822812718328,0.5905015841382479,0.00542152186196085,-0.6485978606276568,0.7628008325347754,2.408281507685693,0.5098039215686274,0.4170560514845896,1.9199630854256857,74.36654723463838,84.13556432572588,4.5796633,5.501217,long_period_variable
77819,anomaly,279,20.335179938804934,0.36140334863322454,-4.370509258101888,21.074222046253272,1.874130698028395,2.5264419770389672,0.8315412186379928,0.02998647587332215,0.0749303398288916,16.599414376738487,0.7557807645110877,3.0291692994635264,7.197801480753052,100.0,2.8932232996784286,0.08243727598566308,0.023821700909486765,0.09898802304032008,23.45932840618118,40.14516976869248,4.5796003,5.5011363,correlated_variability
88035,anomaly,240,14.805314383694903,0.18841716207384876,-4.952888581497793,27.444751559938254,100.0,1.6268246523780796,0.8333333333333334,0.02448558126039657,0.15520025964344342,16.31185215167395,0.6602202380083597,-0.2108695589205076,-0.7727464255032999,83.34444814938313,2.7057955906272397,0.5291666666666667,0.49709383394081463,0.8229761248367007,261.2844810302189,-10.593761024663408,4.574999,5.49523,color_variable
65756,anomaly,176,17.705047714339983,0.6887861565534874,-0.02056698387992208,-0.9323197150672242,71.44490495926826,2.712694588349944,0.48295454545454547,0.5438508115594338,0.7995076818748565,17.45159512116063,0.9155430706521591,2.9656975032467217,6.809414432943337,100.0,3.4092556334815995,0.08522727272727272,0.02397311697869675,0.15240386123495586,239.9984916116582,88.8532236902444,4.5745406,5.494642,transient_candidate
60119,anomaly,150,16.52042775511096,0.6589304784884674,-0.11290640789152968,-0.5931063619478283,100.0,2.8406990048687923,0.49333333333333335,0.4512724012223437,0.8331909659961152,18.4872528451433,0.6202500870045801,0.1664505348040369,-0.6702896058236871,1.3133730751951405,2.424818035522268,0.4866666666666667,0.3923463459498624,2.2730670778911644,240.84018747413862,-15.630352730425386,4.5740767,5.494046,long_period_variable
28049,agn,298,19.640874967494106,0.33396076391983165,0.52859746263124,-0.9631544184969982,0.2647615557111488,1.2212453785201838,0.4228187919463087,0.21293617750141358,0.02441926200265702,18.707272706389126,0.31617049204128644,-0.6236892512103888,-0.2415580908563557,100.0,1.431222533202284,0.5503355704697986,0.20199386253449347,0.12758559906231753,328.63364478696457,24.09828414024834,4.564988,5.482381,correlated_variability
12114,transient,225,16.961237654679316,0.8553906931340203,-3.6150049412835883,12.540253610002699,100.0,4.569438579997515,0.8711111111111111,0.0437280719698343,0.04543743688807287,20.67260887644839,0.6298686391963331,-1.8030006323610563,2.220661908565477,0.24945134675783107,2.6533235818772383,0.7333333333333333,0.10301733478347685,0.020354279568825344,131.89645743614625,-20.60278038054065,4.5631137,5.4799747,transient_candidate
50079,agn,240,19.022634322463304,0.3466748415025507,-0.29723677294922074,-0.771846309563339,0.6007178813008384,1.5278616133262055,0.5083333333333333,0.260617902437863,0.07475597373239355,20.140855781264595,0.27269643650040765,-0.373474707965354,0.22020730470853023,100.0,1.4330958363444637,0.525,0.1661363296082179,0.177137478617697,249.1852036042188,0.4235275776784384,4.5626287,5.4793525,correlated_variability
30,anomaly,235,17.77736307069096,0.6686527961873489,0.047848083085115206,-0.8521038956611404,100.0,2.788160503773028,0.48936170212765956,0.48120556195618747,0.6156220431073701,16.53172113227265,0.6526810714774859,-0.04579128936093935,-0.6566218044935401,83.34444814938313,2.8982652481636624,0.4851063829787234,0.45906723682346495,0.7484114736273861,41.47796205001871,28.246595913236547,4.5617313,5.4782004,long_period_variable
63773,agn,247,16.212294587954972,0.31826350634167333,-0.12611050266258947,0.27899876261358925,0.12101569911803062,1.9160830774598079,0.4979757085020243,0.23014171756653212,0.245562767192267,20.39611479640742,0.13154890815805448,-0.3137923175581524,-0.4033185884747068,100.0,0.6280298542678047,0.5344129554655871,0.09161979153215682,0.25976085368760526,266.97559662695204,62.95858843676709,4.5587945,5.474431,correlated_variability
74614,anomaly,74,19.386849685533786,0.04057642191859024,-1.0524761489516883,2.8594043962291487,8.935082576678344,0.25232514193347555,0.5405405405405406,0.022557617372530814,1.1021776993483352,20.154170140652358,0.08334788864878893,-5.483384325051896,37.271485414773515,0.6930715032400642,0.6894226826563887,0.6081081081081081,0.02718955517650734,1.2144300414457168,130.66286880853758,2.1028385898375888,4.558287,5.4737797,unclassified
53404,agn,166,19.826873586122442,0.2997821172690976,-0.17588489217472308,-1.2192969654160797,0.15182032539781845,1.0501968621783142,0.4819277108433735,0.29363664264361233,0.03420331932144752,19.69757733590332,0.1254057183092823,0.3500972239873365,-1.1661959259309767,100.0,0.4511915088382743,0.4457831325301205,0.09696299709804812,0.1936037152151837,16.192683674501254,0.9072722689961878,4.5565825,5.4715915,correlated_variability
20979,agn,176,15.378392240287546,0.36067574775627287,0.6049769421893985,-0.35879847543724797,0.15415889807380012,1.421337025184494,0.42045454545454547,0.21125721626115368,0.040641309708927445,18.71932722095007,0.14908003294615735,-0.10136573114787771,-0.7309937743475459,100.0,0.6410896876952492,0.5,0.10793591561899518,0.1968941058052848,285.8531168737936,33.555368945389205,4.5483665,5.461046,correlated_variability
46160,anomaly,224,19.576095866658246,0.4316208837398374,-5.880916026599713,37.578729543265936,9.440803761968612,3.761686288292619,0.875,0.02493227815637944,0.2198979621606875,16.6938582033251,0.6923689635252687,0.1242630694830234,-0.8775699252288782,41.68612408272181,2.797071103538503,0.5044642857142857,0.5077329070831595,0.9378013943000795,227.5580572568091,-8.650455703901926,4.541284,5.4519553,transient_candidate
14592,transient,295,20.03666577413877,0.9890507237514814,-2.9090141344292237,7.6289078337844245,100.0,4.743429685691842,0.8372881355932204,0.05842175408898598,0.014926507655486042,17.03889560638537,0.24847081043725988,-2.0364407883097915,3.86841708131377,0.7148536258908857,1.3111158673285068,0.6983050847457627,0.07316671052945978,0.08191089909831888,314.8385365093742,89.19627221029793,4.5384474,5.448314,transient_candidate
99471,agn,258,17.04319880582112,0.5212252496336066,-0.12788032835562171,-0.7953476872536784,100.0,2.1869446826795347,0.5775193798449613,0.3435021809390175,0.03528564656893318,15.148520161694934,0.3396805431063164,0.3000455918882673,-0.7074868347231118,0.22975182758180113,1.6551649569512517,0.3992248062015504,0.250048859415017,0.056774243451059976,68.22186168435324,14.735729541257271,4.5331855,5.4415603,correlated_variability
74726,anomaly,230,14.762722763875448,0.21532534147684285,-5.2392127152270005,27.666781557902603,100.0,1.4945120300952013,0.8826086956521739,0.021396768713379366,0.13224066627001754,14.871260072238396,1.1067026600690801,4.022377444903659,14.196460268928629,0.10403326067584368,5.107496285885341,0.05217391304347826,0.024429739859998634,0.17743117285179963,301.8941557820475,-29.184057004092722,4.531539,5.439447,transient_candidate
97070,anomaly,272,20.04226931749996,0.5713071472958379,-9.345809598137258,85.460045970533,6.949619084691096,5.535289720630562,0.9889705882352942,0.01513612571653411,0.6825181480754933,19.577774494036156,0.6126526561534668,0.02487798960870362,-0.7501186605205903,0.5272900833812384,2.4203786150633846,0.5183823529411765,0.43737586048120214,2.03919569208359,158.83705815026553,70.18775869981035,4.5252686,5.4313984,high_amplitude_variable
49483,eclipsing_binary,82,16.914405154548255,0.5760723534565441,2.702253582238615,5.333694845731046,1.593611527304026,2.054792764826523,0.0975609756097561,0.024623347060728662,2.2399596711185796,17.611413172326383,0.10860080934705017,5.4340181253682065,30.32222251716297,0.10694592267332714,0.7722430815974057,0.35365853658536583,0.023299650868260358,2.017673283506604,195.97436920768533,12.20142370518954,4.5211754,5.4261446,color_variable
28664,anomaly,87,18.592034944198005,0.683212009086447,0.1504572243598756,-0.7512717622343841,100.0,2.7110849236963865,0.45977011494252873,0.4779513193620062,1.051299722665315,14.972245269726612,0.6194985884575746,0.22937390930008658,-0.7992864008639078,0.24445501788057158,2.4524589954636955,0.47126436781609193,0.4699889647917992,1.7582856873593284,161.37275805732446,74.1687419637576,4.513823,5.4167075,long_period_variable
28051,agn,59,20.746728142521306,0.3774726338013724,-1.1975234159132524,0.5763449490120358,0.15340275480538193,1.4809901819772797,0.711864406779661,0.16903490655197118,0.18016623670768195,14.679394784528897,0.14155385836790707,-0.03210478880623414,-0.11939814598116305,100.0,0.6874995788159595,0.5423728813559322,0.09659714514915585,0.6186807329880157,228.89577380534305,81.04624391233618,4.5129642,5.4156055,short_period_variable
74968,anomaly,232,15.829919162800984,0.7381600617733712,-8.613708811213852,72.24769446655561,4.035356796900225,6.584314165888429,0.9870689655172413,0.012526804251642432,0.6804795495221252,14.886424238202569,0.5020901593387155,-8.601758213305592,72.11191037159827,17.252804141501294,4.493995905969445,0.9870689655172413,0.013862731051379917,0.6819345421407168,185.17593765015653,67.90749543107674,4.512108,5.414506,high_amplitude_variable
93158,anomaly,183,19.795796190212748,0.6469110734868162,-0.021831188572686063,-0.631858916972599,100.0,2.8797119831669598,0.5136612021857924,0.4530756161018985,0.7477123664391132,18.348503326409986,0.5827270086299825,-0.12345280673862084,-0.6454801713539609,0.7087784170662613,2.3023496311874254,0.5136612021857924,0.39135815722146106,1.9521546568041623,11.790902896503624,31.600652884184072,4.5102644,5.41214,long_period_variable
38804,anomaly,254,19.106643616506737,1.1018386900166959,2.6208780277072283,4.877757019537195,0.23908239040303486,3.7730277588542975,0.10236220472440945,0.02550069270545663,0.08863513213225165,20.403063700129344,0.4331170105436164,4.702119672086119,20.232339313905577,100.0,2.3317212918769563,0.04330708661417323,0.022282642585743417,0.2192011444276389,181.18234943335935,20.255974514412102,4.507178,5.4081783,transient_candidate
94907,anomaly,238,19.150908797749253,0.9075672828090516,3.7436105285293224,12.035265759953031,100.0,4.010353220259834,0.058823529411764705,0.02268094366013429,0.15873157149320086,15.555933006340057,0.6012336089812103,0.1837651538864381,-0.7622786031748152,1.1372632881673657,2.4019086941925636,0.5,0.45801532335180273,1.9783863853268777,79.76722640945897,57.91800701684028,4.504652,5.4049363,transient_candidate
38441,agn,173,14.250314115744953,0.2885560572424814,0.611688444167047,-0.7607110601518672,0.45908124975893416,1.15367151478398,0.3988439306358382,0.1575968108082879,0.0622941785632537,15.556807023966629,0.19470289615952568,-0.15988982769351034,-0.607484911110701,100.0,0.8328990793039157,0.5028901734104047,0.13451632862246932,0.15576445359855717,170.80207881706465,65.85013077687508,4.502346,5.4019766,correlated_variability
66494,anomaly,149,17.479150685547864,0.506017758398037,-6.815138426697795,44.53669702780109,0.15270057643780313,3.711059465312422,0.9798657718120806,0.015929568515666404,0.6967995523566586,17.735797965675797,1.2464434851250827,3.257635200533119,8.618993069196527,18.53060014086073,4.9118750811316225,0.0738255033557047,0.020484476233374238,0.20176905029128014,346.76039010563505,-21.780132245428447,4.501694,5.4011397,transient_candidate
21205,anomaly,221,17.419938184307014,0.6256269603452413,-0.0228978448581714,-0.9479782354793094,0.6541147468265817,2.4392419450622214,0.49321266968325794,0.4726229691946102,2.149571775938147,17.083331754473665,0.0807239882507082,-7.084765142870598,61.900927628579794,22.741333818578834,0.9162443079848224,0.6063348416289592,0.02110221710486826,0.723793715106598,330.3133316782988,19.66510657921829,4.4969726,5.395079,short_period_variable
19030,agn,287,17.450309474452315,0.1805741483266013,-0.12109078730617814,-0.5098835071460877,0.11073245342492,0.8679906660393044,0.5052264808362369,0.1289722885038067,0.1013424327143587,16.652457323709758,0.5581419006177919,-0.0032666285095045993,-0.8331288204394309,100.0,2.4096507315380773,0.5052264808362369,0.39846288742358027,0.04560331921625604,287.9394890314823,-15.023888284318932,4.4957995,5.3935738,correlated_variability
57133,agn,257,15.349833043704598,0.2347098796583858,-0.5634467416629724,-0.5934701770968758,0.15775528649041665,1.0228558695206136,0.5992217898832685,0.1354552357106833,0.036725646713614765,14.96654833019746,0.24017256292837036,-0.7084880262786619,0.09402558164055419,100.0,1.1415206367581838,0.5719844357976653,0.1373325293909602,0.07694287654941502,348.8134907564653,35.72238525842563,4.4936247,5.390782,correlated_variability
97490,agn,289,19.27660246967692,0.2244242344567083,-0.37544074663814553,-1.0773027826114736,0.12413790705822958,0.9617213694400988,0.5605536332179931,0.17252843963795428,0.10593498525420773,16.183440036211685,0.19366574682644444,-0.5363951686968034,-0.04608352153301354,100.0,0.9910515210519861,0.5605536332179931,0.11799692533115191,0.11725737836339142,50.01863201462638,-5.592344004431258,4.4867325,5.3819356,correlated_variability
98909,anomaly,84,14.43327080591197,0.6659119803517609,0.13401696670992944,-0.8590262935549791,100.0,2.51277797028394,0.4642857142857143,0.44013753957983237,0.9591092877298144,16.648333774675223,0.6772610404457506,0.007271861431147127,-1.0028331942551656,0.7468618059145359,2.3035308026294388,0.4880952380952381,0.48475755902735074,1.9394663368561897,116.39023365398751,-21.324593953008012,4.485443,5.3802805,long_period_variable
48832,agn,268,16.72120837976688,0.26204894872436424,0.4509457503822258,-0.09812251665447391,38.480486490647365,1.3318401204001162,0.4626865671641791,0.19331565466856837,0.14366697433288347,15.640426289780475,0.22004569637739427,-0.5986625015890371,0.7840706245209752,100.0,1.2042018908421426,0.5111940298507462,0.1262152108424539,0.12537944648996496,43.70043368634423,83.60496752012611,4.4828033,5.3768926,correlated_variability
57711,anomaly,287,18.17170787222204,0.254552923516936,-5.599665102411213,34.92845946823734,0.3226299861951282,2.32529849064235,0.8780487804878049,0.02479657142628966,0.1339732015232304,14.898516834776274,1.0145035026591376,3.1784852503234378,8.1154824947209,100.0,3.9770644323556112,0.07665505226480836,0.02483988872630505,0.10297380506650024,98.23182143625762,72.86462430312852,4.482666,5.376716,transient_candidate
68159,anomaly,234,20.989536134801295,0.599510448614601,3.547358104905412,10.623545713536812,100.0,2.576192348661028,0.0641025641025641,0.02176635221584533,0.14196465650791934,19.162802836151023,0.28901513186460337,-4.034451909198427,16.437084461762982,0.10300534951967238,1.824678828463405,0.8675213675213675,0.02882355136580017,0.06850748897121513,134.72412674210045,-16.046204444560644,4.480925,5.3744817,correlated_variability
51896,transient,141,20.35709714575396,0.4220762277170422,-1.4583153553924177,1.4922452838796758,0.130755128522692,1.8486122141431842,0.6595744680851063,0.1669458942819304,0.05470718538793149,19.951329721211078,0.21892225053764475,-3.208502601277848,9.736940143835637,100.0,1.2247483210490735,0.8014184397163121,0.04405318418632831,0.19584015799929555,307.2373241426313,13.481870870469322,4.4787927,5.3717446,correlated_variability
68334,agn,276,20.568490771776215,0.24148835548372655,0.7928511005340301,-0.16720627307211577,1.1194539554860856,1.0588453514200928,0.427536231884058,0.14365177766168458,0.06488800329022214,16.690514737992928,0.13713171583349593,-0.4892789170876044,-0.0524359904885312,100.0,0.699068014167139,0.5543478260869565,0.09119857911802676,0.17660925267728342,230.5515829746069,45.470220386426064,4.463182,5.3517075,correlated_variability
89372,anomaly,257,17.314484698260447,0.24484333791277024,-4.146858828569874,17.64341175873069,4.905693705717257,1.564049306469519,0.8715953307392996,0.021986624219145767,0.07400318810715424,15.475910452866858,0.5867917827171955,-0.06400206864810558,-0.666322673863732,0.5439111114979697,2.4716695621822193,0.48249027237354086,0.43887712036661064,1.9939343292184555,43.823653888179045,1.1226970685717141,4.4617195,5.34983,color_variable
20851,anomaly,279,20.856665900418488,0.7526396844202914,4.723031031551521,20.345616790480815,100.0,3.982676543057263,0.03942652329749104,0.021531573150056715,0.19682224262053621,18.066548316852455,0.2449911175871614,-5.9786312199825105,43.12424133992157,0.10152160558074358,2.385112996068907,0.8458781362007168,0.02527589903350247,0.1841159608491664,268.02758504484393,85.42786946384255,4.4595594,5.347058,transient_candidate
72656,anomaly,272,17.143734794042384,0.2595833238261042,-3.6689715430208847,13.350881949038477,100.0,1.5891011548834761,0.8382352941176471,0.026247340505587857,0.05501272028185092,21.18584686588961,1.1750725710201135,2.7485094077662056,5.560429214640866,0.218993226936824,4.132933515172045,0.09558823529411764,0.022007593882621634,0.08556294621408908,302.7191898144616,37.01152688690358,4.45889,5.346198,transient_candidate
73558,anomaly,246,18.12936260068983,0.1459617084909845,-8.110506316458203,74.64156265886734,100.0,1.71277685646821,0.7601626016260162,0.01965513187289858,0.5055518180609834,15.662465063610535,0.8239872264755544,3.8171614835250014,12.59673357010007,0.1442490120573014,3.6931138490399604,0.056910569105691054,0.022260970776803113,0.15400548736636493,329.5612217947807,67.17971388673608,4.4579363,5.344974,transient_candidate
75232,transient,267,20.29408792736272,0.7190716409836967,-1.8913241641132301,2.765611584739249,100.0,3.006323486781792,0.6816479400749064,0.08408218882841823,0.024116902750928867,14.86121829441285,0.40917438424463143,-1.7210379547028312,2.0001207438761455,0.1452539386946439,1.8074679594739607,0.7116104868913857,0.09901151584776358,0.03578426417834315,158.47952157977286,5.510104543129067,4.4532876,5.3390074,transient_candidate
14509,anomaly,194,15.558733663707699,0.5110691400799605,4.588590635585665,19.14775711272799,0.17551725627099385,2.7009140340626576,0.041237113402061855,0.022003032372397868,0.27063932333148094,17.92349301534229,0.6460463925567578,-7.842423915342102,59.56694974725747,50.020012007204315,5.3167875122649875,0.9845360824742269,0.011671074172877383,0.6813715112548421,167.079423351878,-23.817148784082516,4.451098,5.336197,transient_candidate
20693,agn,249,15.305869938266863,0.2893154493611196,-0.1172271682669953,-0.9564855803157162,0.13747248625275138,1.1527533859943535,0.5461847389558233,0.22164361310937153,0.030668276628145374,20.840424343404734,0.24373631187614364,0.12310724391882155,-0.5933394349061691,100.0,1.072636364878779,0.46184738955823296,0.16726800428434885,0.20422842406620872,268.87763660200557,-7.991300608815234,4.4508667,5.3359,correlated_variability
69436,agn,192,15.108203433834182,0.1435475018362823,-0.32165986362482785,-0.6293073141011107,100.0,0.5978405051474596,0.5416666666666666,0.10794115594569842,0.17198419973179288,16.700886235851158,0.17399679069784765,-0.5169530359987357,-1.1517727510598017,0.12694061190504363,0.627709953055053,0.6458333333333334,0.09984429977635045,0.05641954352857447,340.93452668729924,-26.03851377838959,4.449283,5.3338675,correlated_variability
15973,agn,57,14.13815372944345,0.14757592616871346,0.5802390090970462,-0.6617904807764656,0.20023993542973076,0.592734929258226,0.42105263157894735,0.08798827591303571,0.18999854073325895,14.617407025677576,0.19984010470304525,-0.6116986497156125,-0.4141566916649344,100.0,0.8407450507849337,0.5789473684210527,0.1222425074630813,0.4310523158491289,110.23391373654505,25.24737656144947,4.4489355,5.333421,short_period_variable
12572,anomaly,142,17.267570636474495,0.22842742083338058,-5.109526586853744,26.668910655639937,100.0,1.6348614582807208,0.9154929577464789,0.018899381593184827,0.2459753335515499,15.331923158579421,0.9736254162199931,3.5784879845339828,10.823244817027923,1.0878174886409135,4.179619878103116,0.06338028169014084,0.02375774796670793,0.2467802862760547,284.18054465424984,68.93812856626008,4.446495,5.330289,transient_candidate
82622,anomaly,105,17.33918449039151,0.5932668591144997,-0.044895180369287295,-0.7904076327115654,1.1321173470543207,2.373692699455564,0.49523809523809526,0.462159817365265,1.8682838490169005,17.08228520736703,1.1519280258342692,1.4255948902152982,0.03643179912441452,5.054345078610787,2.9840253855326786,0.20952380952380953,0.028219821311289195,0.11575769473794001,169.0857174029648,56.67812466973777,4.4464006,5.330168,color_variable
74276,agn,244,16.663358330778156,0.19530446709039095,-0.17493176723228232,-0.7210720280222498,0.11965564832585017,0.850210782132681,0.5327868852459017,0.12693230636158326,0.1486451213294761,20.002491771647172,0.21148495352633695,-0.39105560706594994,-0.9408118094382667,100.0,0.8890956340654022,0.569672131147541,0.1629238559140127,0.0841131162313691,207.8921078739037,27.096040141302126,4.4414196,5.3237743,correlated_variability
69559,anomaly,81,17.63586171585374,0.6020447568125145,0.009365568266181956,-0.6744113964292975,100.0,2.47931331077762,0.5061728395061729,0.4415105974073299,1.2133666138474988,18.285406763949325,1.2449840002365868,0.6481939481423976,-1.577307960398287,0.13294364189519817,2.7499711948758794,0.345679012345679,0.04391352918906932,0.1134118908712876,47.194804216930514,80.15304930309273,4.440126,5.3221135,long_period_variable
96841,anomaly,210,15.034869308617013,0.5577662621196477,4.2291078765752514,15.949944698659461,100.0,2.7544462410918538,0.047619047619047616,0.022198009007390773,0.22037584933993462,15.602295086328803,0.6018648654118854,0.019333552889428403,-0.7764493057281263,1.158323524232341,2.4740367981669245,0.5047619047619047,0.44984079591426784,2.2367202005067925,5.685495497928361,60.46213087677269,4.439156,5.320869,long_period_variable
82930,anomaly,266,18.867361689703827,1.3514143432704664,2.7806530003355108,5.737898230654615,0.13168417714116523,4.75737985037923,0.09398496240601503,0.021903014068266558,0.08898081640865324,18.648605117622825,1.0435224256307185,4.002405673227971,14.03441210181478,100.0,4.801646888108433,0.05263157894736842,0.020151557117589647,0.1513888749606405,190.1881912167894,70.69958663366768,4.4351354,5.315708,transient_candidate
35851,anomaly,116,19.57555940984542,0.6229161946475323,-0.015083568459568061,-0.612701115164767,83.34444814938313,2.6381639047241947,0.5344827586206896,0.3978064409094948,1.0812640105900382,19.695559455925476,0.6572641046013815,-0.032492355515291664,-0.9339222807548264,100.0,2.5489995483680623,0.4827586206896552,0.5181326150995798,1.0887793719756667,28.111301537464506,14.821279967402205,4.433306,5.31336,long_period_variable
51883,anomaly,192,15.801477579835122,0.549527712349461,3.000306197253759,7.042461838705995,0.25569717761260985,2.1109721712978935,0.08333333333333333,0.023098708592953265,0.1419244031530777,16.568858415347,0.16509646621304247,-11.569633489275745,143.82001948251323,0.5622451114255314,2.2543417441480056,0.6875,0.020601464259422997,1.4509979202474703,18.972107326565745,-24.386389764804623,4.433032,5.3130083,short_period_variable
32854,agn,165,14.870195224046762,0.2725387646231228,0.13804445628904977,-0.8605688973537777,0.16663327778890738,1.1997718141989857,0.5151515151515151,0.2465625392999673,0.19654074300146712,19.68746310405233,0.09482240544356892,0.04428643590250744,-0.5721808021791519,100.0,0.44085706568426986,0.48484848484848486,0.06725046899075693,0.3107768535721886,34.11302947569203,83.89553162337583,4.431751,5.3113637,short_period_variable
19859,rr_lyrae,263,16.233932471000674,0.6950541664003842,-0.26236693052714416,-1.4266684060008334,0.31314089273029544,2.08536014969542,0.532319391634981,0.6326590052125489,1.899253546869976,14.901453181900843,0.9850305220753839,-0.07769674181180501,-1.4757491763738881,10.424138793894402,2.986089325118016,0.5171102661596958,0.9666239495538651,2.1019929261866785,95.93697345120104,-0.4145138444632259,4.4288316,5.3076167,short_period_variable
10233,agn,251,15.657402621377553,0.1302893650204331,0.40668743614323327,-0.9002939916824486,0.3873056111665499,0.5209559239699537,0.4262948207171315,0.09709751694746771,0.11497998054672116,14.888952324957812,0.15335754121111012,-0.6174546471611572,-0.007712296073838942,100.0,0.7728911908788625,0.5776892430278885,0.09791862013940644,0.11918467269341265,307.90763556968767,46.59409688833074,4.423083,5.300238,correlated_variability
83368,anomaly,227,15.484008565503608,0.2930826560722517,-5.423604928854496,30.231536508291,100.0,2.2557960376652595,0.8854625550660793,0.019878730812997958,0.15072480470080168,15.276323205034478,0.6233271463195152,-8.509717951205381,70.50718334757099,0.13823200191130144,5.54029178642754,0.986784140969163,0.014300624016522434,0.6812177195310962,129.58772194392304,6.801778228809276,4.420115,5.2964287,transient_candidate
58995,anomaly,236,17.448905146991155,0.6112845041341443,-0.27098115153819397,-0.67597535940281,0.8872284537838989,2.530710064144955,0.5338983050847458,0.4389048588791944,1.9780902488623897,17.841406913856197,0.7904255174246952,6.015819389696253,34.25113682648169,55.57531962201222,5.15192902154967,0.025423728813559324,0.021266764601229227,0.34511884057318865,108.62318700552484,-12.459581817543615,4.4175396,5.2931232,transient_candidate
97366,anomaly,299,17.392981138548596,0.7766836298847315,5.85101791503829,32.294364226858974,83.34444814938313,4.919506878251553,0.026755852842809364,0.021687878231833935,0.2620932623963005,17.697664828887767,0.7496110823252091,3.167643842990128,8.05678520190117,0.10345255037750142,2.9508691248289836,0.07692307692307693,0.021563597228933418,0.09707481702181096,168.8839065415168,-14.637773364950274,4.413525,5.28797,transient_candidate
46305,anomaly,126,17.488984225950944,0.6163591541331122,-0.021842883104924767,-0.6556262539508726,100.0,2.4867308823171257,0.5,0.4404970623784372,0.9662598241469565,17.40506389546601,0.599645570259535,-0.3510492072301034,-0.6376542135979633,1.3237965606181776,2.483013225988966,0.5396825396825397,0.42138877571074573,1.8065108586240863,248.9901792719991,-0.04726239994815984,4.4103065,5.2838387,long_period_variable
38122,anomaly,286,17.714564882399987,0.8953523752184154,4.009732721057159,14.099086351789584,100.0,4.157288546241102,0.05244755244755245,0.019457607394421927,0.14352491078571267,20.493256886865314,0.5835905744598898,0.048409573506767924,-0.6449349086123317,1.306514801853531,2.3644956518417466,0.4825174825174825,0.37987673369284813,2.0296262579753233,224.16650435220814,3.4485506062462292,4.409225,5.2824507,transient_candidate
90808,anomaly,293,14.009363992845557,0.2877263814786948,-3.358576677300283,11.016659630218145,100.0,1.607011022657339,0.8600682593856656,0.027476007143979686,0.0429018748219967,19.647740199502596,0.13544358884633154,-6.441533604724004,51.7659490301817,0.6294312957924173,1.5443623722638868,0.7713310580204779,0.020507992313611112,0.39158275780707963,50.451560901272444,-22.62871270068552,4.405426,5.2775745,long_period_variable
84613,agn,180,18.871100123141353,0.3860014899838592,-0.24298996547003923,-0.5185406962997279,100.0,1.8274482109892247,0.5833333333333334,0.2729723144871823,0.1347397451299455,20.87506607667061,0.18236666143769778,0.040063980860116116,-0.5480858264283377,100.0,0.8755559304758549,0.5055555555555555,0.1314815653822663,0.24921660284907385,299.31898042994527,-18.98365211743321,4.4030175,5.274483,correlated_variability
23450,anomaly,245,20.637014945167376,0.6750745983405068,0.1208843432974147,-0.951893614620773,100.0,2.6958767880342975,0.4897959183673469,0.5189079435068251,0.6409372483407969,14.985318189897141,0.21846692207133644,-5.018841034709212,28.82771888149698,1.0579200094808594,1.9129982497927447,0.8571428571428571,0.02493169158134556,0.12176138418424254,41.90091589705583,-18.794266078294378,4.4029126,5.2743487,long_period_variable
50983,transient,224,17.25497724688865,0.566457178029579,-2.862726125919208,7.378351482402875,100.0,2.8496043401274544,0.8392857142857143,0.04493616396545441,0.030267156193285943,19.845783017267223,0.3251978278488715,-1.6848302110428683,2.1937432329526096,0.11656182941681077,1.5200093365913574,0.6696428571428571,0.10959981944382235,0.07653630029068427,289.47694160919724,66.46811363775006,4.401575,5.2726316,correlated_variability
82477,anomaly,294,17.03701203056665,0.6258974122818878,0.06607823387758513,-0.609168832499285,100.0,2.7090568726627318,0.4931972789115646,0.44190761082939467,0.7543505002734634,21.109674044701194,0.5847111377026998,0.01203302402708694,-0.6866282829618013,0.4362673527324963,2.4089381164622132,0.48299319727891155,0.40629512446621696,2.181250069461514,249.36521491002975,9.382976118696035,4.3999047,5.270488,long_period_variable
29557,anomaly,242,17.719680130279126,0.15629960615904168,-6.680500558657167,47.75088456336489,100.0,1.3933562260255599,0.7603305785123967,0.02284533836562197,0.2921411380379171,19.70768887231717,0.743585652445579,5.21125014577817,25.203695594695006,83.34444814938313,4.281372697239561,0.03305785123966942,0.0212125170916746,0.25963718188642065,144.5932796554232,41.626297370773116,4.3990173,5.2693486,transient_candidate
6073,agn,247,15.60354651704848,0.17858894724566488,0.45860714944077835,-0.2699819195374995,0.1813699435282422,0.8381525258855103,0.4008097165991903,0.09856316067539161,0.08656648169314721,15.881870856561497,0.08257100781354255,-0.15453813332912866,-0.4045623294913083,100.0,0.40014365307224686,0.5060728744939271,0.058997308279638006,0.16071238243513886,163.79911586997946,-16.369194155392634,4.3982887,5.2684135,correlated_variability
77500,anomaly,215,15.166616862599348,0.6278857007346068,0.10971648071747368,-0.746385491076301,100.0,2.6342457044493486,0.4930232558139535,0.44958350292946925,0.7885958798404871,20.071138764142873,0.42503356515533836,-8.259695070915999,66.38614155687792,0.2025089395199497,3.6964580511710103,0.9767441860465116,0.014476979430977366,0.6882058181318967,142.134030402632,33.678257309587835,4.3956723,5.265055,high_amplitude_variable
77486,anomaly,90,20.27110714938426,0.661691911121004,-0.11630474245909905,-0.9421195969038321,100.0,2.48861131048573,0.4777777777777778,0.47975005840247675,0.8711451089400831,16.88274690130404,0.6352098094233704,-0.29712274506971403,-0.5449571008582046,83.34444814938313,2.6954198489292533,0.5333333333333333,0.4150366358056363,1.11859961742933,171.4540802293631,70.02399193115038,4.394337,5.2633414,long_period_variable
91215,agn,218,13.88567872240073,0.48273502783313166,-0.008634060750526196,-0.6479063505706537,100.0,2.053775177052552,0.5137614678899083,0.30836322027817786,0.054337752912288005,20.328673143821547,0.3539124477760521,0.1364793058981721,-0.9794984516671588,0.1117962360964753,1.650540474166526,0.5137614678899083,0.3140076319402425,0.0736227363834646,307.7106380150042,44.63174489866455,4.392568,5.2610707,correlated_variability
7568,anomaly,245,21.20006650164231,1.0215793465143583,2.7811945997546577,5.744934716621826,0.8097041397116228,3.6046917770302045,0.09387755102040816,0.02438849834481971,0.09638619485688926,20.211728389513095,0.27515634423449725,-4.39507511060866,19.031717740163053,100.0,1.7480915854135546,0.8938775510204081,0.025385994747235685,0.08486314496087952,61.03470766402447,82.19793566166014,4.3901386,5.2579527,transient_candidate
90120,transient,144,20.11523924280462,0.5042351876826301,-2.6129921214752887,5.925560210833188,100.0,2.3922658656270563,0.7986111111111112,0.06448728706650186,0.06194857619319301,17.481707344298783,0.38188452968957753,-1.6572134231862568,1.8536792560786228,0.3837414600445229,1.6519825500808665,0.6944444444444444,0.07668481488432022,0.059656816490686985,128.90326272743718,11.455827835448098,4.3868546,5.2537374,correlated_variability
75220,anomaly,255,20.729341381488506,0.12166109873876707,-5.2593997549752,31.097935253200617,0.25595875986726396,1.0429019315979922,0.7294117647058823,0.021279403900841487,0.2144933383406348,20.858578649059236,0.14096295075146267,-8.094985020405307,78.58403262804102,71.44490495926826,1.7433906361703215,0.7372549019607844,0.02071322690613897,0.4841116388728708,272.12289233424116,78.52008359963031,4.3866405,5.2534623,short_period_variable
91448,rr_lyrae,247,14.886873851079905,0.8211136481278651,-0.002899843037160793,-1.4799703297694498,0.1364602819778797,2.5339111554400713,0.5060728744939271,0.8118049616478658,2.0113012140637547,16.459461159437208,0.7050618692442455,-0.118576091711944,-1.4494062422685017,16.677787415760324,2.1393717337528724,0.5182186234817814,0.6985911131180558,2.002233072869542,256.4315978147128,-24.439373416780835,4.383148,5.24898,short_period_variable
79511,anomaly,298,17.557507039601543,1.2406589200826987,2.8497521951832594,6.1285806449152815,0.46548701078004223,4.4774557433758915,0.09060402684563758,0.02434741039970234,0.08250295119696573,17.581225616961436,0.351007108432418,-9.766653703794878,93.72529924357264,41.68612408272181,3.608502015956157,0.959731543624161,0.014360820865604751,0.6793041428492238,43.36648445016471,71.98669689145233,4.383085,5.2488985,transient_candidate
45867,anomaly,299,15.960093376873177,0.6692408321502618,-0.09872759670993653,-0.9883773610521174,71.44490495926826,2.728445711163662,0.5451505016722408,0.530458012942221,0.7398176620416244,20.46838860073573,0.680260515739748,4.2775150778809685,16.3399807250203,100.0,3.3481360389673895,0.046822742474916385,0.02234421152341426,0.15490243225750402,31.735395680384766,-4.762806049943599,4.3830338,5.248833,transient_candidate
75153,anomaly,291,14.77458182234318,0.6045535035962908,0.05816097943121846,-0.8035526207907777,0.6817406957873634,2.4283493864253796,0.5189003436426117,0.4503221782363518,1.9672881038009868,15.660769066453028,0.6376406179521564,-9.680428095135444,91.81283659564822,50.020012007204315,6.370626616631938,0.9896907216494846,0.014975553817400566,0.6816896701876078,352.08884736400523,21.952527814905295,4.382492,5.248138,high_amplitude_variable
83210,agn,262,15.887737697473371,0.11601441486908863,0.4410481835691828,-1.0661690498511822,0.5351853021564787,0.43068495285327657,0.3969465648854962,0.07734163641938441,0.0829122088869999,14.258571114464925,0.07824639575761974,-1.0182833154675406,0.9986081973491512,100.0,0.4117401755716905,0.5877862595419847,0.04093752978295395,0.23079271119471756,70.76022588351032,22.927000126786098,4.381762,5.2472005,correlated_variability
98119,eclipsing_binary,145,20.33216907591746,0.40315009073211405,2.5818028121198724,4.723956585126326,2.4771806027690504,1.4572982584715461,0.10344827586206896,0.023205887447261375,2.1038674888467432,18.682609986956486,0.27020402431011864,6.614932400698862,42.34424972904529,0.3536388582537074,2.0374482203111484,0.09655172413793103,0.019193040105164982,2.062263474737686,279.008511595689,43.271542769957165,4.3784447,5.242943,unclassified
61057,anomaly,190,18.540621683401604,0.6961599378246471,-0.03293655717573873,-0.9876956612133578,100.0,2.7603083990899897,0.5263157894736842,0.5510832544916529,0.6820579058816164,19.63538540646621,0.2616909125611851,-2.906129858098505,8.111988839889667,0.1370207699257089,1.4969860443495087,0.8368421052631579,0.029222073203637677,0.06158752888574577,151.05673294321943,51.879438057442144,4.376537,5.240494,long_period_variable
71402,agn,260,16.877374623896813,0.30664661555603645,0.07936797497499427,-0.6077398535200653,0.10831168110822414,1.4679680704270481,0.46153846153846156,0.21733759723431945,0.2171278022806088,17.09294760230401,0.2743214829444414,0.12725311133874714,-0.2943249659197642,100.0,1.2918029231032229,0.5269230769230769,0.17399931044339567,0.1401470833533246,67.41623611940692,68.10522244463853,4.375705,5.2394257,correlated_variability
82252,anomaly,112,16.699661890171804,1.4206063176329287,1.3917922364174755,-0.06042277467909418,100.0,3.607249941122326,0.21428571428571427,0.024383529978689644,0.11047525126466218,15.621694125660287,0.61630935081,-0.05313200224328816,-0.9494140173196475,0.4825443281494488,2.28832428899579,0.4732142857142857,0.5284053357209331,2.202870498302473,311.99059707579437,49.83089742449192,4.375339,5.2389565,transient_candidate
69147,agn,156,14.185376429725338,0.4175859486978253,-0.6001897045523732,-0.16091129919585878,100.0,1.9160809001809742,0.5961538461538461,0.2575864665133043,0.1314326531757069,14.583038494623715,0.26180395636980364,-0.28301676630063544,-0.5036597552055828,0.11097803416365207,1.1317836388599094,0.5064102564102564,0.18389326279595242,0.14878111504452046,247.1863615272258,76.45546704400729,4.3739314,5.2371497,correlated_variability
88591,agn,194,15.926102410098029,0.3461627543298447,0.15375232084770302,0.7106278968723747,0.1421590429531316,2.19744954350924,0.4742268041237113,0.213346422545996,0.19081669281573474,19.963238410879814,0.09388955167796172,-0.125901384146682,-0.06493198267024347,100.0,0.4805264825684432,0.5154639175257731,0.05657053827383329,0.3662539668492703,359.62216718597216,18.3043708500636,4.3720574,5.2347445,short_period_variable
85895,agn,193,20.554295607327322,0.14942553897295488,-0.19144075639137406,-0.9437035291304334,100.0,0.5875136468427051,0.5440414507772021,0.11634121194033753,0.2781197409387789,20.28107063891809,0.16223910424275734,0.5072600202003484,0.09231644706167863,2.2338904280990257,0.8574300227934337,0.44041450777202074,0.09209777409182962,0.40577359807308044,121.50499434625912,-4.86228110375146,4.370894,5.233251,unclassified
39453,anomaly,290,13.963223652520888,0.2101460565628001,-4.074476695966805,18.200727350080694,0.32514561307086665,1.5263715604335868,0.8517241379310345,0.024182271287328305,0.07482259313483872,18.207862570369617,0.4664507848003817,6.69189968263967,42.987593640906375,0.12582345904017264,3.407643232895225,0.03103448275862069,0.019797817545962104,0.3441261873690622,210.07657305319074,14.05457772810361,4.3671904,5.228497,transient_candidate
93881,transient,260,14.923569393086725,0.29181109122929033,-1.7964718430468045,2.8978308373447925,7.358396137541214,1.4362371500667166,0.6692307692307692,0.09689296117235102,0.0790859384334218,18.839502213161325,0.5845753631864846,-1.803575722553572,2.4797689828152016,83.34444814938313,2.49011793933996,0.6923076923076923,0.14670129931949738,0.03063845637825528,79.78932238329375,5.422008939610656,4.366567,5.2276974,correlated_variability
4111,anomaly,276,17.736170868052927,1.1608830197102467,2.6374359283551367,4.963006076354479,0.29109903131978676,4.000768082212566,0.10144927536231885,0.021560865067103308,0.07820966792993553,20.164785979406865,0.8290789455187665,-9.425091659637049,86.89390012370876,45.474392795415255,8.07386910470845,0.9891304347826086,0.01487046053061114,0.6756536028598666,11.34844733736811,26.628692866560257,4.366545,5.2276692,transient_candidate
23087,agn,286,19.136071504419128,0.2229022522853666,0.9992382828046896,1.8106032645723351,0.11017172154830165,1.3558987196348689,0.42657342657342656,0.11379453580173049,0.15176286548534795,15.878054934765695,0.07543484943404094,0.431135701562675,-0.16753593931278576,100.0,0.3848016639058045,0.42657342657342656,0.046661150705254784,0.3044679512599522,282.96188775189415,-21.935601221205477,4.364586,5.2251544,short_period_variable
30532,agn,243,18.288997182223834,0.24286454444086236,0.07289214633466033,-0.956191200787488,0.1231602036097593,1.0629717055730836,0.4897119341563786,0.20076139489002642,0.07584053971105026,15.46304116541383,0.17591293278393613,0.04846088579033251,-0.09533223667896129,100.0,0.904287853977042,0.522633744855967,0.1134541850480364,0.15572810830632114,14.746678857860168,-27.629734612898925,4.360824,5.220326,correlated_variability
38131,anomaly,292,19.674940766134,0.9320955531078007,3.767884949015384,12.214537129357113,100.0,4.109076703171279,0.05821917808219178,0.018914315237582358,0.12504339986221205,18.31196179434584,0.5710410295514484,-0.020418424552377554,-0.7129422862286048,0.15716073213825363,2.3847995720712447,0.523972602739726,0.3642305569608393,2.1269935532777806,57.616329844743035,64.6586684221356,4.359186,5.2182236,transient_candidate
87719,anomaly,206,14.1083735713627,0.6801098893985909,0.02228316411711703,-0.8829205288400019,100.0,2.744786466178562,0.470873786407767,0.5275167119751654,0.6177787752173794,17.201166038290083,0.4101020290513988,-8.081173407741128,63.43475861034423,0.2567467277503717,3.4835904233683888,0.9757281553398058,0.011576995059366268,0.6839222011977231,353.2189060936284,70.36880735568555,4.3565784,5.214876,high_amplitude_variable
30423,agn,217,16.318560360922607,0.24371036280552658,0.37754834320307024,0.37373215189415454,0.1935781916102693,1.221765973284338,0.43317972350230416,0.13189307523361293,0.09177887180433117,15.177561097478772,0.17417948995204108,-0.7281545986367814,1.7105664766945488,100.0,0.9928774760376093,0.5345622119815668,0.08140614009755254,0.10456524878091135,264.36098430616676,76.53529852508036,4.3520684,5.2090874,correlated_variability
50022,agn,198,14.163679665949324,0.24899792099786724,-0.0701374914545471,-1.137673940214109,0.10241506146747528,1.0423650104001485,0.51010101010101,0.2128164743386476,0.12485558551460847,16.87184770159233,0.21185734312244558,0.23748745741703925,-0.6924102445385949,100.0,0.8879730799523244,0.48484848484848486,0.1570735562262744,0.1606155405091717,42.89781902640735,4.2735908032029215,4.348559,5.2045827,correlated_variability
87611,agn,228,19.581637038236195,0.21543064346012472,-0.47350513014807377,-0.5131909528596039,0.1316149062108861,0.9381402337276974,0.5701754385964912,0.138084304671251,0.07383260111587564,14.476083806451697,0.07365171070307892,-0.4558262184787563,-0.4563433827281407,100.0,0.3295128570316521,0.5307017543859649,0.05067895377402731,0.1898967849289533,219.3592289092893,-10.66469637915851,4.3463364,5.2017303,correlated_variability
62484,agn,136,15.048951767686349,0.0793476617816762,-0.5851312534059502,-0.1603192958118589,100.0,0.37546319373785586,0.5735294117647058,0.05168609755745912,0.22271207496191983,17.52283744528525,0.22036673108050311,0.27862887891186827,-1.2244320460469635,2.592694400215755,0.8073953309419508,0.4264705882352941,0.17584698249343234,0.118807036270466,227.47124124864965,-8.778060708708281,4.345072,5.200107,correlated_variability
29593,anomaly,209,16.180395668128934,0.8075288712512739,2.651945711958982,5.04739422458109,0.1455496851712851,2.8020642521830474,0.10047846889952153,0.02106236544691953,0.1104684934401298,16.224613578921517,0.3217230924618354,-4.303260600816867,18.910428421599452,100.0,2.067057432590719,0.8995215311004785,0.024777658305517036,0.09727555676732617,357.23449330295074,78.34554183492097,4.3418636,5.195989,correlated_variability
98577,anomaly,267,15.498759040657188,1.1871506013917936,2.8645327609341127,6.2142151641957835,1.8464686610054921,4.319192181593584,0.0898876404494382,0.026008629374333125,0.09250389237953323,18.094092360431983,0.6986229281312677,4.003855268743695,14.070870686522202,100.0,3.3159262092412547,0.052434456928838954,0.023532711224550695,0.16057697030893026,202.30959733139989,-14.290004986569489,4.339548,5.193017,transient_candidate
43308,agn,270,14.37584669546866,0.2739424544475826,-0.4090897530199524,-1.207221696525798,0.23415978606629825,0.9850039225419884,0.5851851851851851,0.19193816913390105,0.06857510176753331,20.303079707408468,0.13456363252477468,0.06250608961302828,-0.1453458100348759,100.0,0.7252680136001999,0.5111111111111111,0.08839978373627488,0.1329111095241756,237.63458470668138,-8.863925026883294,4.332794,5.184348,correlated_variability
94516,anomaly,78,14.56699886524338,1.0199174555669426,-4.797312902588244,21.02422691502169,0.10334572214037899,5.369177798981294,0.9615384615384616,0.01379174671134642,0.7069401549345714,19.533695683867442,0.7063991980276176,-0.04685244186593818,-0.9570638698745233,83.34444814938313,2.6461593827188494,0.5256410256410257,0.5454201917905532,1.2239835754380728,77.91141715059881,-14.529799752604532,4.332427,5.1838765,high_amplitude_variable
16028,anomaly,275,17.55680894771045,0.5888208501915462,0.1525763793730236,-0.5699004749465035,0.9232411508102137,2.4776100347486256,0.49454545454545457,0.37336137379546486,1.9282730855534407,20.85082012449137,0.5460172324135294,5.229031636698501,25.436345699781704,100.0,3.2025719025047863,0.03272727272727273,0.02057974889835279,0.23159519248337676,245.8495912188431,1.9399659940599108,4.329618,5.180271,transient_candidate
54347,anomaly,183,19.475670863303968,0.8474310918321163,3.692851833819219,11.661764655802266,100.0,3.67179347928489,0.060109289617486336,0.02203875312643433,0.19722415764993367,18.628924501396195,0.6138519815392448,-0.11895910408719296,-0.8619444509536152,0.6753005350800998,2.3806706972287266,0.5191256830601093,0.48243407897470547,1.8421466557487198,92.8630262733834,11.709288825112942,4.3287086,5.179104,transient_candidate
41302,agn,263,18.614589546820486,0.29888126457219993,-0.15815068311771027,-0.5830997760451999,100.0,1.3765072396304774,0.5437262357414449,0.21524195185468642,0.11652361658118174,18.844894979085034,0.26717397020283024,-0.05641482813566476,-0.34714372539468163,0.16126321453491577,1.3285196302716535,0.5703422053231939,0.19556147989627348,0.046473887917459974,342.4748849606386,8.016786970423453,4.3253818,5.174834,correlated_variability
47441,anomaly,278,15.196158447823121,0.7446996372471609,-9.459892494507953,87.55497195974263,0.2187060859704355,7.278056681619832,0.9892086330935251,0.013914125807317212,0.6807851848426304,16.73615630870917,0.2032039793758092,-8.20120402573078,75.08451303097127,100.0,2.403747596826708,0.802158273381295,0.022322520282445524,0.41770747301746913,113.44508517933298,88.9535353273444,4.3247285,5.173995,transient_candidate
17504,anomaly,171,17.066797278194805,0.7007214946832739,0.03934740832844268,-0.9506639699100075,4.7655363730826785,2.831813666041846,0.4853801169590643,0.5457244465415947,1.4374314605354188,17.04433600452897,0.6938105428213626,0.05666251542964494,-1.137320097525466,83.34444814938313,2.6859850187947867,0.49122807017543857,0.5690290409560532,0.7226873105771902,251.41743687159305,53.22911214498984,4.3180103,5.165372,unclassified
12222,anomaly,295,18.177692510463764,0.6060810061259663,-0.048269503361922435,-0.798665979818078,1.413544464866393,2.4058928876673136,0.49491525423728816,0.44346981750841863,2.0438859985580886,15.668705555402871,0.20920562367058126,-9.122971009242672,86.92457185515825,100.0,2.4305489890573693,0.7932203389830509,0.02226412242179876,0.5784288287431882,134.5561701257326,-21.862165728964207,4.314275,5.1605773,color_variable
37586,agn,276,14.387822834128494,0.4180272617202788,-0.2869788212510794,-0.6825460383388071,100.0,1.751341080984206,0.5507246376811594,0.2782987891618012,0.050615575077680115,17.58490410872349,0.3015809150740667,0.22833356650516887,-1.0978530679649556,0.11743720492404637,1.1818628014548302,0.4420289855072464,0.2200873459526811,0.06651813427264307,32.47334134621904,-0.5457178316096716,4.313731,5.1598797,correlated_variability
17685,agn,272,19.00278803322327,0.24048606794421468,0.11200009037437787,-0.6457447993964784,100.0,1.0533768524457017,0.5257352941176471,0.17804150322850276,0.05660900476370202,18.94279446774266,0.4827945438220543,-0.23665379910435197,-1.3836300150319072,0.11787984179247156,1.6755209117172676,0.5588235294117647,0.39561376296124884,0.025147882261368923,244.67807212358068,-26.469320348272625,4.3127327,5.158598,correlated_variability
34880,agn,241,21.056491869273593,0.4240565295063583,0.04308355894405681,-0.8707509865788641,100.0,1.9260667864521892,0.5145228215767634,0.32542337394671605,0.08877313317975416,19.865917747667982,0.14218834508867836,0.34848895502478977,-0.1250123583002769,0.573851035204768,0.7020157746444795,0.46887966804979253,0.09037644303982617,0.11926729289505562,264.525219571091,5.084879957788516,4.3039618,5.1473403,correlated_variability
90451,anomaly,288,18.206651095974436,0.8295052878700793,2.7826196329198054,5.757394744591377,0.17776187873574642,2.9861457166021808,0.09375,0.021538835449808502,0.08317333450821897,14.467806794093573,0.33923145601371985,-4.389168209475879,19.249400791614573,100.0,2.1770431157970442,0.8680555555555556,0.024187696812530746,0.04448594562915304,256.3444980174501,-16.78916588232122,4.3025613,5.1455426,correlated_variability
2540,anomaly,112,20.33704811153421,0.6064653098261638,0.11190301595174494,-0.8613264986592628,100.0,2.490685227648367,0.4642857142857143,0.4972811867740976,1.1259401089882641,20.50050569256527,0.6927461969390084,-0.0442065252658161,-0.9124848282692826,55.57531962201222,2.671302945565362,0.5357142857142857,0.5318287753128619,1.3863527505063586,337.4270516523074,6.936751729350178,4.298516,5.14035,long_period_variable
19020,agn,292,18.975575577773867,0.11515375649475074,0.33342700464945596,-0.5498804094375522,0.29574421763556075,0.5417736274705192,0.4520547945205479,0.07985100304545867,0.12414126206560987,18.982634422383093,0.06279627826298279,-0.4419406761547521,-0.1880838807850882,100.0,0.33942595555595645,0.5513698630136986,0.04102537022694719,0.3368307509956672,24.268956534329096,69.68106004632126,4.295921,5.137019,short_period_variable
86098,anomaly,274,19.110890690879547,0.8944815357164928,3.0842105376514044,7.5255813517170616,100.0,3.4127065397586875,0.08029197080291971,0.021891214354784694,0.09978532675063177,19.627019898951097,0.6109524225759556,-0.08599072948652359,-0.8778069936991972,0.8424192379636339,2.43575572677533,0.5583941605839416,0.4240301051667412,1.9293513518605945,201.49870986330333,-10.947489521186398,4.2945356,5.135241,transient_candidate
22586,transient,151,17.108370377798312,0.8380147365396045,-2.740586592919738,7.391308665066925,7.942358716893598,4.2966449794221955,0.7682119205298014,0.09075643679395284,0.05178569057687225,18.40384074549961,1.2831545244083495,-1.3120975701155122,0.761018841846445,0.36313421364989473,5.030468526660865,0.6357615894039735,0.44816081586361634,0.02114694610160295,356.98635083716556,-15.642703107900084,4.289758,5.129109,transient_candidate
1969,agn,65,20.04742591642273,0.3961880644111028,0.6334066099296978,-0.8969727912167493,0.47839243299730705,1.4708599007829015,0.4307692307692308,0.21523673639611474,0.10548895500655839,16.465100714798854,0.4711984850440942,-1.2235707520014871,1.20238394121177,100.0,1.9232361794072546,0.5538461538461539,0.29892605162293506,0.20338774424866105,327.78731734477753,76.58080181646395,4.2875957,5.126333,correlated_variability
67709,anomaly,266,18.946761501094503,0.8729259742417267,3.3219237440987293,9.053754103815145,0.16916826337051943,3.5380716729626087,0.07142857142857142,0.02277408488261301,0.1157431273864683,20.48425376158172,0.2349090160841029,-4.759184563303899,23.98973045052997,100.0,1.6858481322985952,0.8796992481203008,0.023002356734595608,0.08757331896352638,153.7930442400918,15.224288727480193,4.282276,5.1195054,transient_candidate
68731,anomaly,287,15.072988861054535,0.7013511657505042,6.150454427698219,35.90014153855713,0.11323827721065513,4.687267478965879,0.024390243902439025,0.020122030168300498,0.3046588151492217,21.1739049571654,0.3130081348115797,-4.406773337215138,23.00754570979588,0.2931454168980535,2.649124148487733,0.8432055749128919,0.028737279453629583,0.1199455457712791,348.5729387206337,7.344332653852717,4.27616,5.1116548,transient_candidate
24824,agn,289,19.363152610573295,0.20802590962191086,0.6161889075178831,0.045100385864720316,0.11070795511621788,1.0545565664914207,0.47750865051903113,0.133456233543658,0.07502545323976524,16.14142068311393,0.08011161190639057,0.3017667627713515,-0.5894943966815935,100.0,0.39464521845538414,0.47058823529411764,0.06383547703440584,0.17260687657280951,210.16951976822475,-2.7516122223658677,4.2760124,5.1114655,correlated_variability
99606,anomaly,286,19.976158831319914,0.7125178561472686,3.0781029184388062,7.497945209122095,0.11427265194159499,2.752244732150487,0.08041958041958042,0.023712658407259113,0.09409168843954759,17.307974083150565,0.9134022297733239,3.7202498123572263,11.860010641514565,100.0,4.002523398712839,0.05944055944055944,0.021828070594597904,0.13244037007876117,247.58461286247496,14.90325309311676,4.2691216,5.102621,transient_candidate
51870,rr_lyrae,87,20.83777671087859,0.9459389099612134,-0.10673813908385406,-1.457010693273381,0.42406669697936245,2.8476258604097957,0.5057471264367817,0.914508198292161,2.254143089673523,16.483934282453173,0.3018936165127807,-0.006133741160174657,-1.3762374911315216,6.949619084691096,0.9725282839468647,0.5172413793103449,0.3254596724950467,2.0445081459542673,11.119803566513031,66.06553247142735,4.2686634,5.1020327,short_period_variable
63720,agn,271,19.611691310734816,0.2779631689280425,-0.07222874107739047,-0.4935919055306659,0.15895799362514532,1.3050008218472655,0.4907749077490775,0.1901066233392399,0.09480778883434456,18.575404922024887,0.2604457142631622,-0.29436176272772985,1.018858243332283,100.0,1.6720591569619785,0.5055350553505535,0.14583300809766087,0.296143290864716,69.08587549449797,74.6586906412183,4.2677617,5.1008754,correlated_variability
29768,anomaly,175,19.969157648519467,0.4927105670658483,-3.879752944435541,15.010569365427653,100.0,2.844258493232033,0.8742857142857143,0.023520978463633213,0.07549818650279427,19.259260323844362,0.6219096817006541,-0.12759739299024503,-0.6595754057007541,2.8431194121527854,2.6097601233244774,0.49714285714285716,0.4497533233315103,0.985510799045042,358.80443894717075,49.10210314772851,4.2663116,5.0990143,long_period_variable
86315,agn,148,16.294727783692284,0.3009511786215518,0.23861400120308623,-1.1930601042904918,0.26198918921185227,1.154600364865182,0.4189189189189189,0.2502783978321883,0.09615198216423144,19.011555868226694,0.3754251442671241,0.36357081484300996,-0.7060611326639155,100.0,1.5348678664569988,0.40540540540540543,0.2767287753183538,0.1316763088712985,200.0641962366258,24.38891433758861,4.2651734,5.0975533,correlated_variability
72610,anomaly,180,15.399669445901425,0.7448341386629264,5.7325099245463385,30.922015606514556,0.23049261976371627,4.626898636249392,0.027777777777777776,0.021510027772188245,0.42124142584023094,20.352841611013382,0.6314014893157326,0.15166739230145657,-0.7341110165695581,38.480486490647365,2.5633241572543355,0.5055555555555555,0.4486019174981273,1.3811637697260377,27.852717852845377,-20.741285870757228,4.261111,5.0923386,transient_candidate
55090,agn,246,20.176439539684914,0.2391306183948234,-0.0077142665968570785,-0.6661154704978323,0.6193043573060322,1.164198116307606,0.483739837398374,0.1807533000919257,0.12842890909469604,18.9356522787493,0.2868869296140791,-0.21899206861144693,-0.4381528621778199,100.0,1.3968813871560393,0.5447154471544715,0.1862789302987231,0.1744993225370977,234.460972958486,23.637384135296067,4.2604275,5.0914617,correlated_variability
94879,anomaly,85,14.2681381098533,0.7189729005092071,-5.031560755103007,23.33663724212562,0.10328173103404246,3.9558533061584544,0.9647058823529412,0.014337050272281715,0.7011905841876942,18.523477273478907,0.7534947622949824,0.15171553850139663,-1.2186036563699063,83.34444814938313,2.6126418830707507,0.47058823529411764,0.642218319361902,1.150371427647261,247.61613947603408,26.746182931748294,4.260001,5.0909142,high_amplitude_variable
25193,agn,155,16.1391672386179,0.2372130486034503,0.3998711280583914,0.2285347700626823,0.10233128643466662,1.2020470094602462,0.5225806451612903,0.13356670737122656,0.14812227600646063,20.04975904405756,0.16814053242816568,-0.5617496645748569,0.4985865947234962,100.0,0.9221901888624657,0.535483870967742,0.10768313201193891,0.18597275198947355,295.023110189888,-28.739539700116797,4.259425,5.090175,correlated_variability
96383,eclipsing_binary,68,19.058637386497324,0.28904845653728667,2.1175847613840006,2.606708637079575,0.47118504121808735,0.9662242121016575,0.1323529411764706,0.026551076849449018,2.0541511702103654,17.130144327824055,0.047729203466454276,4.199132960814567,25.682568914137633,2.566103208783988,0.39036354161333264,0.45588235294117646,0.01481080461122275,2.2623940763455685,91.38933484970919,-8.883359575193303,4.2579904,5.0883336,short_period_variable
98915,agn,251,14.786198088426314,0.4028825500051304,0.7619062512823288,-0.48395064645735175,3.1079997264413115,1.528264211391944,0.398406374501992,0.22557531318275004,0.035711738790612096,20.944691217178992,0.13069978711746624,0.38517710267568467,-0.8081034333900137,100.0,0.5360667937445598,0.41832669322709165,0.08568442727126069,0.16342904117777587,190.9051711929657,12.981451302741768,4.254999,5.084494,correlated_variability
81046,anomaly,246,20.74748474818127,0.701705423074981,5.655553003243912,30.05564460298296,83.34444814938313,4.366854113216313,0.028455284552845527,0.02245626511089327,0.3066509724868517,20.16232649867913,0.6285289850433747,-0.03552755905154057,-0.775159468507554,0.8903858279216731,2.4851585752919867,0.508130081300813,0.45831320728996694,2.034328443625808,3.4373916452123954,27.239006754406304,4.2547684,5.084198,transient_candidate
47526,anomaly,136,18.898490342189067,1.1526817130142055,1.9106883937781638,1.6564149827485704,0.5784948949185258,3.319855531590239,0.15441176470588236,0.02562567921433967,0.11347362225737762,14.689782786391305,0.237195717329033,-4.000819907900767,16.281492645868735,100.0,1.4078859535004842,0.8897058823529411,0.023146420913002785,0.18221271020259783,62.47121871857884,1.3214738971972366,4.253755,5.082897,transient_candidate
7967,anomaly,249,15.628871518478064,0.5347798110374072,-8.928263783273769,77.81791325646363,4.313647659809471,4.963378208509665,0.9839357429718876,0.012021318533648184,0.6828305203196385,20.70190791441125,0.6962649038596098,5.69397675850612,30.48822638442614,0.10214329279817248,4.3368317145630435,0.028112449799196786,0.01865033737093924,0.29362948091974345,26.798261838942746,45.52828898489048,4.2525105,5.0813,transient_candidate
52434,agn,99,14.009125010657224,0.23851386092234086,-1.1037565207724895,0.9023400598698497,0.1678630420248601,1.081620640430339,0.6262626262626263,0.11135207250333856,0.19985858774563828,16.09050516443127,0.24121956253795243,-0.01031808631956597,-0.9619126870886188,100.0,0.9269935123066624,0.494949494949495,0.1950905073307645,0.13809408886138586,231.71579594014415,65.12299017633038,4.251524,5.0800333,correlated_variability
75237,agn,262,13.906721733674818,0.16418328303004584,0.29335745037281485,-0.7085373542191538,0.2735917468222803,0.7174153596632173,0.40458015267175573,0.10830841340336139,0.07505836439904341,16.323382242980266,0.16028577701240826,0.014758003347849427,-0.5476396684885012,100.0,0.7424058800357489,0.5,0.11857672299900557,0.09865961479149857,342.5302012226261,62.61836172856995,4.2494802,5.07741,correlated_variability
796,anomaly,121,14.263453929397276,0.7343538552329504,0.06476224761258238,-1.0046107646866465,100.0,2.655662921380191,0.4793388429752066,0.599582017049805,0.7429167903765432,14.304520718225596,0.26595599817727145,-3.117202070236078,9.683745107348093,0.2587380374417076,1.468485278856683,0.8347107438016529,0.02877283482808579,0.0902749728979032,349.3390129961333,34.99654041112828,4.2481403,5.0756903,long_period_variable
17372,anomaly,270,18.75791516385107,0.5536719495509947,4.203100372674169,15.732248752726711,100.0,2.726144318779099,0.04814814814814815,0.021367093059385667,0.17151266568178172,19.166752978388473,0.5902711950941254,-0.06682972267371803,-0.6799018974592785,0.7867881290842471,2.5152220690657217,0.4925925925925926,0.43831172935633056,1.906433387344448,166.1130804555629,56.71947471334822,4.247914,5.0754,long_period_variable
57946,agn,264,20.015830525732422,0.24525090064118873,-0.1173721301210815,-0.6604277308855702,0.45408219805214267,1.159054969939639,0.5,0.19212944042284796,0.13993606726843041,14.486367013702688,0.29882256449916694,0.176747103843368,0.06806856371197956,100.0,1.6489219988919679,0.5227272727272727,0.20277067232826873,0.2116001417983087,95.8572928383293,55.40274516734624,4.246329,5.073365,correlated_variability
47155,anomaly,182,17.634048386920615,0.6260277991448756,0.0402436552432598,-0.6107949034404183,100.0,2.7641842140664004,0.5274725274725275,0.45765656295534995,0.8804246694820916,19.550141179697242,0.1368555739342084,-5.815997470757292,36.778202510862734,0.11122470661396527,1.1873397850675715,0.7637362637362637,0.022781483632785537,0.4175095702847005,5.456426507451169,8.889612484205713,4.2360215,5.0601354,long_period_variable
11279,agn,146,17.05122656724417,0.16823581911623428,0.5666276169710989,-0.279250874351165,0.46809965025961314,0.8804579030283435,0.4246575342465753,0.12289330436907875,0.24087750087108284,17.39702487860394,0.03749181986428739,-0.055408053598688556,-0.5512379854808889,100.0,0.1847433884555585,0.5068493150684932,0.027751284056936498,0.7698975986272742,138.49872633341596,-12.550931858816476,4.2338614,5.0573626,short_period_variable
80335,transient,203,18.947121619383797,0.6917293683822887,-1.845248762586608,2.6623664686647333,5.3804178192033225,3.163192574623391,0.6896551724137931,0.1614361797137711,0.045075926086585186,14.869054794936432,0.6460061228460411,-2.867820625909834,7.100346645361185,83.34444814938313,2.9664793134454754,0.8423645320197044,0.041981793027416,0.03200268609326068,86.9076139956094,-29.960789232573234,4.232637,5.055791,transient_candidate
14493,agn,272,20.32303983535065,0.2501939005052212,-0.023093177415311594,-0.9738119729796648,0.11911447833029093,1.0722459859497881,0.4742647058823529,0.1985544621540729,0.06512124282334711,14.787591018644761,0.09672213129095027,0.15838569194034197,-0.6214002927011557,100.0,0.49268505952601593,0.43014705882352944,0.07054121880923248,0.22267097918862838,330.11264517946375,56.48305277678962,4.227353,5.049009,correlated_variability
60662,agn,197,19.412574588294962,0.13953575099553203,-0.4363505458516596,-0.4343114013974647,0.5201645713714905,0.6364932672574888,0.5634517766497462,0.09489516595002812,0.19164217314367227,17.926639634527124,0.362149559212032,-0.2574427503717587,-0.6693001672017851,100.0,1.6878892639578105,0.5532994923857868,0.25880360867897423,0.09635350869542114,331.4908777342701,72.59315524708825,4.225142,5.0461707,correlated_variability
74218,anomaly,237,19.902262150973733,0.5756366665716012,0.17908605171211958,-0.7231257839488743,0.17008827986616137,2.4383992520489244,0.48523206751054854,0.4309604792851438,2.166432076863084,16.70302154550746,0.34486745173917804,6.5936533187690705,41.811485369873544,0.2176596471902138,2.5109446913566487,0.0759493670886076,0.020033792280955254,0.42557508237386477,214.7175278289757,-23.693939957213793,4.2247114,5.045618,short_period_variable
18445,anomaly,216,17.958182903760157,0.4411719423456446,-5.433752159320965,31.112532423523376,100.0,3.40114181025754,0.8935185185185185,0.02728758247619467,0.13082974517084683,15.176477101155651,0.3651290615253315,-8.271399018555451,66.62583903538967,0.6549709134741365,3.2079672396592542,0.9768518518518519,0.013388462267386103,0.6967445476102911,101.11650852505515,37.76416860870627,4.223783,5.0444264,transient_candidate
81907,agn,281,14.459429000826987,0.10035784444986127,-0.5955957789915528,0.7759260733983107,0.30549400317532877,0.5607381492878378,0.5480427046263345,0.05276280281640133,0.1864668082453156,15.885489508876407,0.4761261528672839,-0.08033567558115547,-1.0030563065793066,100.0,1.957920609253227,0.505338078291815,0.3992500572606872,0.05553670186231805,260.8188650890626,75.01508590919035,4.222056,5.0422096,correlated_variability
22839,agn,295,14.202470770689578,0.15889145969050517,0.06095998130626045,-0.5016193666022746,0.14533831497682406,0.7331664705294436,0.48135593220338985,0.10575816591928167,0.09258489066895288,14.31459295989516,0.26260201985881504,-0.4209331774102039,0.27168355587143056,100.0,1.3700890495755633,0.5423728813559322,0.14031770019506595,0.13829551726922398,184.5342240990542,87.53717344320673,4.2194757,5.038898,correlated_variability
79391,agn,270,19.889389650503972,0.18420138357140642,-0.2503448718996371,-0.5599215753091986,0.20218165287444553,0.7899526969761048,0.5370370370370371,0.12288188039858028,0.05829481403564457,19.510156863073703,0.189354819614758,-0.1333193681416613,-0.6023661460145031,100.0,0.8849519281194631,0.5259259259259259,0.14557225082516112,0.12142131043302104,82.14830846215278,63.335069598946006,4.2189345,5.0382032,correlated_variability
59333,anomaly,205,16.744603123685746,0.6733571962427185,5.113274083428376,24.211821349785833,100.0,3.8100024015263045,0.03414634146341464,0.021472672248453506,0.2920867262755352,14.216847062681413,0.7567883791610772,-8.076218164189738,63.2677526485362,0.4295267644407861,6.355569753916988,0.9853658536585366,0.012225969909392731,0.6848559938762381,285.6406213165781,11.95820405504196,4.218577,5.037744,transient_candidate
17941,agn,213,20.324672057696873,0.347212984486461,-0.281663528075089,-0.2054577688989787,100.0,1.6181750142011744,0.5117370892018779,0.2287931672890231,0.1068108906733371,14.737430818859224,0.26114684492253104,0.05249009003287966,-0.944205826141602,0.1872052565768064,1.113656649883767,0.5117370892018779,0.2152641626973626,0.07831297705295914,71.23384636689408,-18.56502939352464,4.217817,5.0367684,correlated_variability
10276,anomaly,162,14.94285481900503,0.7004422834548456,3.6310284394590604,11.218174394124778,100.0,3.0317532097741218,0.06172839506172839,0.022553587502581962,0.21397919884069952,19.35332786988972,0.7316634122566864,-7.134136640790667,48.940815463263064,0.16865511462913585,5.512423909464214,0.9814814814814815,0.01527487124477922,0.6870263089707587,272.650805064878,-18.209797175002144,4.217533,5.0364046,transient_candidate
24927,anomaly,271,17.685332290511322,0.6599398829876865,-0.15217211493867638,-0.7185673738082516,38.480486490647365,2.6917742517610357,0.5202952029520295,0.4493458301097455,0.969591079401977,18.852243351297336,0.7408268031459098,5.545367675706843,28.810413932284042,100.0,4.512337235420272,0.02952029520295203,0.020362734373549074,0.25458747434182893,92.89383633144823,39.25248079809312,4.216824,5.0354943,transient_candidate
35414,anomaly,282,17.017899802899322,0.33464296397725546,-3.035593160904056,8.410716689410576,100.0,1.6362650330272626,0.8404255319148937,0.026840587982063013,0.028608999070123244,16.101716735679762,0.5973943563633745,0.02042530761907105,-0.7742834189560823,0.9678849612865376,2.406081386260672,0.48226950354609927,0.42472798486789554,1.9088903628682734,248.8088313145475,70.94167834423024,4.2165823,5.035184,long_period_variable
83304,agn,273,14.549005152088672,0.18542040678067417,-0.028573449442772108,-1.2274556543479243,0.14387574017290417,0.6894169153085681,0.48717948717948717,0.1579799280664016,0.04886862879339815,16.524065680728786,0.45227671299946254,0.45443564955277793,-0.4528549209715891,100.0,2.052835047168717,0.4652014652014652,0.33475529550863925,0.13995985605505534,282.578606213496,-10.611616133934735,4.2140317,5.0319104,correlated_variability
50477,agn,222,16.93254794326838,0.43288664381780995,-0.017008701939408177,-0.7008181513051777,100.0,2.2489321038003034,0.5,0.3435125495291249,0.14063734617409204,19.911332255091217,0.07382200883623516,0.0032014490763264984,-1.1676998322680279,0.11553912209219415,0.3063771184527475,0.5045045045045045,0.06708539562623272,0.2042568690798417,207.89685653680453,13.49955227121064,4.213872,5.0317054,correlated_variability
52658,agn,236,18.143696970642647,0.19412322725109138,-0.8025574154559791,-0.07360834544513839,0.25860432297036473,0.8121412823266603,0.6101694915254238,0.0937018900382558,0.07115672403212851,15.616993840376242,0.2616490551008054,-0.29315282808137016,-0.4555302565641304,100.0,1.1955679134652097,0.5211864406779662,0.19919034012504877,0.13432981989647227,227.56811405927346,-5.5513404146274965,4.213084,5.030694,correlated_variability
99320,anomaly,258,18.967906700381167,0.5607333418883975,-9.091824987255501,80.78075493607537,0.2660283547165353,5.282479643504523,0.9883720930232558,0.014656880127652983,0.6843544815716265,17.389504146050356,0.35536081196808444,-4.774928538296791,22.502178155346744,100.0,2.32133213838158,0.8875968992248062,0.027338210218776027,0.07333847788351482,145.24889862131755,64.30848913766641,4.2102404,5.027044,transient_candidate
20013,agn,195,20.54537441631171,0.3144588189744978,-0.768916423957721,0.4674791185621183,100.0,1.5064702866434843,0.5435897435897435,0.2153974198139501,0.15836750662989407,18.227564775707876,0.21603363996792715,-0.9174376187276528,0.016736936632178345,0.6515596244180408,1.0308175817255503,0.6410256410256411,0.09961057209723023,0.07297727118413022,71.26682870137414,54.68499985526573,4.209252,5.025775,correlated_variability
7779,agn,230,20.393109587865595,0.2880100865193852,-0.12260386845997874,-0.250378943767549,0.1296708684109158,1.3257486792980515,0.5217391304347826,0.188209181208288,0.10871349713988689,18.56622432765178,0.09838681715758653,0.14621485941386267,-0.059571263960458865,100.0,0.5117582774198297,0.5,0.057365141101243466,0.31434072486546355,72.19777158006279,57.78732989811964,4.206797,5.0226245,short_period_variable
82846,anomaly,217,14.217755406704564,0.6619656087430779,0.0939295605227643,-0.7792570815529385,62.51875937968983,2.7492646825894163,0.4792626728110599,0.4419070901502362,0.674622458064415,14.34770975625818,0.3291856775032766,-6.345958486608536,40.03947137668759,20.012810761039272,2.5540399531141205,0.9170506912442397,0.020829796579256765,0.2900083249011424,82.88032986687614,78.10041880904895,4.2053385,5.020752,long_period_variable
64189,anomaly,300,20.27073562211745,0.16209277633866673,-6.280780750501918,49.50744819636828,0.16974210337596296,1.8217854306606114,0.8133333333333334,0.02292820071439472,0.33593486518683596,16.140614035259443,0.6828765461314846,-9.837312838401683,94.85600388668495,100.0,6.93577203173804,0.99,0.013942912447086897,0.684431882957462,296.37721490499706,33.64666056686146,4.205237,5.020622,transient_candidate
95208,agn,287,19.40432980986535,0.291799354311535,0.03549755684600315,-1.2025491237382735,0.8032057533890012,1.1672389899955995,0.4808362369337979,0.25905483200754276,0.051088152693306424,14.98457209227192,0.10883494044314776,0.2984363616101249,-0.20867515471991593,100.0,0.5639954216807084,0.4808362369337979,0.07829383857078653,0.21644000226100762,186.73887751338478,-21.111279473468834,4.204029,5.0190716,correlated_variability
12862,anomaly,213,18.431380342217246,1.3760506728406119,2.7824690875331624,5.747615526469842,100.0,4.850815426987786,0.09389671361502347,0.02377267836670427,0.10993090917841301,14.96462071128964,0.34127512068304644,-4.223603290329275,19.19494058378874,0.1770699544980869,2.3760370521170504,0.8309859154929577,0.03615622520110762,0.09264825503862481,242.41579746117984,55.66977557546912,4.2035804,5.0184956,transient_candidate
83485,anomaly,248,16.17659399730166,0.21847447200876233,-4.944855964953416,28.395180272425456,0.28271145108622503,1.9531842759820375,0.8548387096774194,0.022382994682599744,0.17411135671244254,14.799518824329366,0.11699434513707711,-11.302858561033338,148.69749637976435,0.30946144793786257,1.6973497803786284,0.6653225806451613,0.02057754025871894,1.1463930959862523,285.51733152901943,89.51785667549157,4.200894,5.015047,short_period_variable
56620,anomaly,266,19.895903024284216,0.6618042488487268,-0.16066880416809823,-0.8158756519755435,100.0,2.805605353761443,0.5112781954887218,0.507479096856331,0.6753715169041872,19.60099792547332,0.44208448937609496,-9.231893522690193,83.3842568872678,0.49691997093430695,4.25999273753321,0.9887218045112782,0.013198217275261825,0.6739968732779401,354.26976737091314,86.7802674368737,4.1997366,5.0135617,high_amplitude_variable
64070,agn,286,13.996035142277334,0.18418801069660543,0.031028949478349877,-0.6627095716863498,0.12736062368235002,0.8916216257769989,0.5384615384615384,0.13732581638018448,0.09535177582262372,20.03060544038858,0.17997325211186713,-0.07135023038838093,-0.6743166634308779,100.0,0.811966569038109,0.47202797202797203,0.1352047235950007,0.1754365944979978,321.87361235479005,31.468431990068012,4.197185,5.010287,correlated_variability
22629,anomaly,269,14.757874428779333,0.23605726926004408,-4.211834084095953,18.553065477452172,100.0,1.643627392065893,0.8884758364312267,0.023546750742546863,0.07952058295324536,19.80494843116345,0.33823142785855365,-5.774335179769934,37.4816789517721,0.11500803031665974,2.984234149322063,0.895910780669145,0.025314545601535343,0.16297318207209957,353.08981874083344,16.55968707775358,4.193715,5.0058327,correlated_variability
68358,anomaly,159,16.94975842402205,0.84050869431826,-7.0671709868186605,47.97104854338777,0.14433222454386943,6.236709278947361,0.9811320754716981,0.014739984242012838,0.6896821991405112,15.511394471278825,0.6720733969449113,-0.0479894760313811,-0.9937960277191613,83.34444814938313,2.623459429298432,0.5408805031446541,0.5257956902787768,0.7871997751839845,25.556639376656776,59.40584328462184,4.193364,5.0053825,high_amplitude_variable
58306,anomaly,236,16.430763713450844,0.5863278881209983,0.00032971043387445447,-0.6884151877703268,0.431750363822446,2.474310246860677,0.5127118644067796,0.4302731981280612,2.147382601640242,18.669868350512623,0.3171099723528511,6.560620916196044,41.466414869072274,0.4825443281494488,2.304701841990063,0.0847457627118644,0.021706873283756423,0.421727760955542,212.46785906176476,-22.860266610296375,4.192923,5.004816,short_period_variable
63698,agn,261,15.58077221494321,0.23495769962817664,-0.020546832918530097,-0.7458349274004763,0.251836634144695,1.079666962510375,0.4789272030651341,0.16886503764211547,0.056306638301645354,20.03933853536651,0.24684601944377854,-0.2281041790105338,-0.09756085285260152,100.0,1.2219510592380551,0.49808429118773945,0.15549316601107321,0.12615592663735845,345.7559385261877,44.814513818365214,4.1920414,5.0036845,correlated_variability
68453,anomaly,83,19.905721314773352,0.9277511066609906,-4.966338452788682,22.678869542032597,0.5334736293921666,5.0187015257766525,0.963855421686747,0.01705183277936584,0.7062345094590764,19.792609470680507,0.7016811752412226,0.09828005653253004,-0.9762603269980326,83.34444814938313,2.6070750541148477,0.4819277108433735,0.5790150715156948,1.1517138316192796,100.54008168541581,75.60974776874505,4.189688,5.000664,high_amplitude_variable
3623,agn,298,14.854157965688666,0.0902613808877336,-0.3702997697343076,-0.48604389736830855,100.0,0.40047132818174624,0.5570469798657718,0.06529557868126723,0.19099543741094754,19.81627243560444,0.07952357081807677,-0.2827968559416354,-0.7843696762660772,0.19747419483541181,0.362913315631598,0.5771812080536913,0.05448912479611323,0.17068961542314137,176.7459228059771,70.2806157102641,4.1882615,4.9988327,correlated_variability
3562,agn,288,16.988989920782277,0.15544978657120925,0.10096544931375026,-0.9763131394130213,0.17807818056037453,0.6478945359730588,0.4965277777777778,0.13586989579950348,0.11245905090476588,16.003965380887102,0.09171066556222619,-0.25973267332874017,-0.1990709663256207,100.0,0.48195307301091006,0.5416666666666666,0.056884062534333424,0.15744922498482591,287.64449359641407,0.020376207540916624,4.1880045,4.998503,correlated_variability
39050,agn,244,17.770725092733056,0.18410231046551023,-0.2299079536882366,-1.2215548671875245,100.0,0.7106299856280387,0.5491803278688525,0.15318853147003786,0.08361745827728118,16.89084956834277,0.2684409303051998,0.7349266862088198,1.6110613466564763,0.10338842694891011,1.4868371323004226,0.5,0.15105530260639277,0.06762467633433758,248.32632646970117,69.00937692014513,4.187369,4.9976873,correlated_variability
34523,agn,244,14.26444614661203,0.2910211221620531,0.16389445101516475,0.10213452535146672,1.1372632881673657,1.4226379424210442,0.5163934426229508,0.16750391655036712,0.10261253299533608,15.594831086365032,0.065070043566956,-0.43492358682592824,-0.5334580225504322,100.0,0.3073222836945888,0.569672131147541,0.04465398687795119,0.3505596346304922,293.7373281674932,-13.420593677857116,4.186114,4.996076,unclassified
64878,agn,261,14.460701428488175,0.31367856692705365,0.4093989972559449,-0.37672220946860246,100.0,1.4763385027897744,0.47509578544061304,0.18750918880054535,0.08693973525695668,18.78300604874948,0.49354336128616905,-0.16512024212990903,-0.8494986723688656,0.1405222796261247,2.0099811725864356,0.6053639846743295,0.32339941275116857,0.03173539903692706,312.26885638547964,78.59570274392749,4.1853247,4.9950633,correlated_variability
92545,agn,258,15.469519722867549,0.3264355006190944,-0.10342296841374109,-0.543441570255037,0.10976090390816004,1.4668091271138035,0.5503875968992248,0.23087808084121164,0.057335155011121526,20.63668208511856,0.07163142251229244,0.7393788577752971,1.7544787609726207,100.0,0.45820745424996545,0.49224806201550386,0.04227940868257285,0.26596477430747634,336.1349164432423,-24.334951729541373,4.181455,4.9900966,correlated_variability
77106,anomaly,102,17.90538958616956,1.0830286016429247,-5.567578397304682,29.00970100882143,2.050787659993436,6.47707723947941,0.9705882352941176,0.015494014871462625,0.6931389186316615,15.4154583684005,0.7015614125345654,0.19617802369315557,-0.8698008556544305,83.34444814938313,2.6828407985972937,0.46078431372549017,0.509165851882293,0.9777460503864539,359.66698521489394,75.82862208154276,4.174273,4.980878,high_amplitude_variable
28299,agn,217,15.75924808128505,0.32929800209221866,0.3327407737269479,-1.0165687141867965,0.7698420276151374,1.2390125892052097,0.4792626728110599,0.2573033716694457,0.06263431305137723,19.634298172202204,0.21015866985137915,0.23117307599415454,-0.1655042052649316,100.0,0.958019481790771,0.4470046082949309,0.12206265950359096,0.20698232598336797,118.42413634481105,13.017815093007421,4.1742516,4.98085,correlated_variability
77648,agn,178,16.923787607670196,0.09887959987928246,0.6855669953808201,0.2640343596642598,0.189258563770179,0.4917086346394619,0.42134831460674155,0.05664367273827331,0.17222358767806062,14.658253214920244,0.13139987465126773,0.12438536267833247,0.21091868807096548,100.0,0.6912957233236217,0.43820224719101125,0.07504710363952238,0.25182310752750603,92.44177787885901,18.996745253246104,4.172456,4.9785457,correlated_variability
74901,anomaly,263,20.210176072123584,0.2547976553938567,-4.415796057965519,20.921551710302968,3.1470930781579525,1.8239937208234878,0.8517110266159695,0.027858319946421517,0.06499857170886694,20.742540945293396,0.16727878611886748,-11.435649219292115,140.5571802257469,0.10479580749687278,2.3756085091836887,0.6806083650190115,0.02130440988224791,1.0095156983959537,125.45215793181323,-25.044544508109908,4.170532,4.9760766,unclassified
27374,agn,146,18.610236350516033,0.3178131701247568,-0.5629846002177863,-0.08632022910601522,100.0,1.592562805711502,0.5547945205479452,0.2245673814872884,0.24721007529487218,14.31156569880897,0.19729715582253088,-0.03506923366683656,-1.3181800817221137,0.17119388126562243,0.6970447385426972,0.4863013698630137,0.17800603357684963,0.0911224486889851,199.38966470896932,-26.593528942662598,4.1686883,4.9737096,correlated_variability
58079,agn,212,18.46901838985863,0.19549997931688057,-0.20670864850894397,-1.1840525715837156,100.0,0.7876999395759263,0.5141509433962265,0.17298666362334814,0.09283252437620614,20.089548988201773,0.41951919374368396,-0.08834617393073455,-0.910379968148419,0.219762635252494,1.7264067584599019,0.5424528301886793,0.304428510041463,0.05270036615325181,268.9048101310737,1.8645281834181588,4.168667,4.973682,correlated_variability
89619,anomaly,231,17.247278997582647,0.5902753302912861,-8.588065669850897,71.84385637166156,0.10386051983031613,5.279450503068558,0.987012987012987,0.013869296023088395,0.6749728405340373,20.864289430847307,0.25040423943424306,-4.785411771879174,23.10318734724165,100.0,1.7253978607334908,0.8874458874458875,0.022860895626585886,0.11729617455673194,254.16212188454185,9.487069680869489,4.1674213,4.9720836,transient_candidate
15204,anomaly,282,16.56180033391043,0.36476355483452755,-9.49386535975889,88.43198297907385,0.13923200971476796,3.6086623985171045,0.9539007092198581,0.014342921427033417,0.6785410735521652,15.377219495919187,0.34958245112033515,-4.471219961753655,22.012946387025192,100.0,2.650109265501847,0.875886524822695,0.027948135561915777,0.07301974103866157,302.74586037694274,78.38106286573837,4.1670322,4.971584,transient_candidate
39890,agn,66,20.571707399555198,0.10922938383965425,-0.13390504283521823,-0.9674048878949799,0.20441159392792477,0.3942888674692675,0.5151515151515151,0.08446895917847641,0.21237294682177996,14.801861205681915,0.2197861878506863,-0.6987866435261745,0.8889253748670121,100.0,1.0329543109769634,0.5606060606060606,0.11055685142029592,0.18728779709565285,305.22427516278134,-15.04581196260061,4.1669574,4.971488,correlated_variability
82986,agn,242,15.997084722903605,0.2483262621781034,-0.18667506654581742,-0.5868715982997204,100.0,1.132538956981552,0.5578512396694215,0.1578429500376881,0.12950296207898881,16.179040317078748,0.22528183115502087,0.05407518438753802,-1.2387038871376037,0.11572616490110377,0.8274616094962148,0.47107438016528924,0.1865647553497185,0.09947187248320474,357.9161651593841,7.772421296798562,4.1660156,4.970279,correlated_variability
62189,rr_lyrae,210,17.572018134387044,0.9392148449728998,-0.18023517421305027,-1.439550229641891,0.3605179804646708,2.8538176911155198,0.5476190476190477,0.8611926950210567,1.8541626163348592,20.510154870793286,0.3529566407265251,0.12019265405238415,-1.466112794235734,9.097526797575934,1.127497453435545,0.4666666666666667,0.3490919888632167,2.0057693738248172,103.6856468189042,53.226160307408065,4.1628633,4.966233,short_period_variable
45398,anomaly,292,19.739833449276173,0.6401103507793939,0.07277492260012154,-0.7203088468836572,100.0,2.8055144882663434,0.4897260273972603,0.46338696636221144,0.6779304489187873,14.941211080860244,0.5675779622204559,-9.695936635925236,92.12451563962908,2.704808488304774,5.680088645433546,0.9897260273972602,0.012796593673921386,0.6797983882935323,233.27008872502023,87.39254292721513,4.162002,4.9651275,high_amplitude_variable
1882,agn,266,19.30514516764357,0.2629194086925985,0.009602928362149696,-1.1479887346651856,100.0,1.0837313502267811,0.5037593984962406,0.2220009437017918,0.09446869066707406,16.077246218711014,0.311764483187993,-0.09648077413935566,-1.339351610219755,0.212483885186443,1.2659851226670131,0.5413533834586466,0.2868776362802681,0.07525495648508476,95.62128876992578,-26.654800156357382,4.161656,4.964683,correlated_variability
55998,agn,263,18.703746990486703,0.23131444334614634,-0.46987492124476454,-0.02053325175772569,0.12781606350558627,1.1243803094003475,0.55893536121673,0.13077893926718787,0.12432330661934542,19.885534288384175,0.07195067500882911,-0.23879724183312015,-0.7410780852237568,100.0,0.3311145434342144,0.5095057034220533,0.054994754705379734,0.2573983682903609,156.08463439420052,-5.079294096993287,4.1587143,4.9609075,correlated_variability
74550,agn,296,16.00177068490672,0.25699483724899624,-0.06622763171971659,0.03840155696299119,0.11019598308197376,1.3406523379597193,0.48986486486486486,0.14814789167805476,0.181643963601472,20.978003943544522,0.27459556325560486,-0.04879151586554408,-0.23771589834243878,100.0,1.403931368127342,0.5033783783783784,0.18867419135107966,0.19360043688079134,225.88673875092064,74.50257522510262,4.157993,4.9599814,correlated_variability
20675,agn,294,16.615283635674416,0.1807698826422051,0.9148004534783647,0.3485374637670686,0.11252528667611916,0.84138081844036,0.37755102040816324,0.10546483677283014,0.10420539540216602,20.91788276012905,0.4063340540653457,0.3070812576129822,-0.048193135964274436,100.0,2.2050023651088537,0.42857142857142855,0.24911463447555882,0.09117243761254498,116.12675681868677,41.82637836545507,4.157908,4.9598727,correlated_variability
32282,eclipsing_binary,78,18.779417081138558,0.3581646221814538,2.3824878238417693,3.7593444197208754,1.2057724638135598,1.2911709581551278,0.11538461538461539,0.023454705002581733,1.4740097104181804,21.075366266637776,0.10347157277567674,5.1789642049859514,27.808500687446095,4.858067462901235,0.7130644021829902,0.34615384615384615,0.021577507585233136,2.00034024410333,103.23376202417612,-2.9578898845133708,4.157666,4.9595623,unclassified
82914,transient,231,16.920758670471415,0.5522358820126683,-3.7173140148727932,13.2453235504328,100.0,3.009703733823116,0.8701298701298701,0.04088183282658164,0.04159204512025939,16.81863352995139,0.22208082738687615,-2.296963164573777,4.688876579832088,0.108171199153153,1.0915425885246641,0.7792207792207793,0.049447622529978474,0.10274080237533399,325.51763458643364,13.96437272775303,4.1566534,4.9582624,transient_candidate
81100,anomaly,263,20.18602177615644,0.1972940737670633,-7.051469188024528,52.760465247794,100.0,1.848440001058595,0.8517110266159695,0.021195043622814325,0.21449235113019136,19.151937142673496,0.8012531052273701,4.34447080990532,16.90895240539182,0.18854545797423952,3.956372234832461,0.045627376425855515,0.02301751001920138,0.17825108635415135,351.5964203225505,-7.752925196017838,4.155482,4.9567585,transient_candidate
65369,anomaly,246,17.27573501236276,0.8283426249618541,-8.881015959005863,76.92221727415631,0.26802320687434755,7.627911477441836,0.9878048780487805,0.0136948688808598,0.6791142275363496,21.49576739263537,0.7655176073409107,3.059050062115172,7.375096765404789,100.0,2.9609718592678504,0.08130081300813008,0.01914727145018702,0.1119901138123847,289.27837211666656,-12.591537413983001,4.1554036,4.9566584,transient_candidate
20428,agn,175,17.617300115775752,0.2462333780830165,-0.3524883582783836,-0.5472314659457749,100.0,1.1134891265555034,0.5485714285714286,0.17401150880386496,0.20121895343393986,18.587792244911196,0.41917318859875274,-0.05329118380938611,0.00805272834653703,0.423349158467576,2.1530847394651964,0.5542857142857143,0.28534232539655235,0.1744614157474301,345.38521454199343,-18.568021588958334,4.1537285,4.954508,correlated_variability
58758,anomaly,295,19.162724866178547,0.6878293262437113,-0.07169121729538933,-0.8700133319555974,62.51875937968983,2.759204213911218,0.5220338983050847,0.5154319582459195,0.7358776271680534,15.732329598790448,0.5841272118595863,5.803287701015584,31.76484909665171,0.2248986516428309,3.741250893990969,0.02711864406779661,0.019863341307248206,0.2680587078455011,45.561080088238356,52.673766030202074,4.1535854,4.9543242,transient_candidate
52673,anomaly,236,18.70568372617945,0.5881932528970855,0.11648811369291551,-0.6527769209741221,0.17871417315290553,2.419162062226075,0.4745762711864407,0.41680089375036644,1.9388483704671717,18.737591715993137,0.4598656594456351,5.114566396915298,24.297489647399836,100.0,2.6598188662839313,0.03389830508474576,0.02425591126482196,0.26892640879828406,291.490652679687,87.73186014175458,4.1526637,4.953141,short_period_variable
97231,agn,70,18.231438541346183,0.14624702079510865,-0.4322721308384463,-0.7182109685448497,0.1896171433014776,0.5980995100552242,0.6285714285714286,0.1041536944574375,0.16964446284535084,17.419793132551995,0.22096816617376666,0.07976008467158402,-0.05691473881954545,100.0,1.0577000936638292,0.5285714285714286,0.14170274601995025,0.30920062780159024,146.87305390034163,54.17678995307281,4.152626,4.953093,short_period_variable
21580,agn,198,19.701081052785383,0.43090002553543677,0.1269170339686372,-0.8050268636305908,100.0,1.7657401033971638,0.4797979797979798,0.35099996573074677,0.10400438491431462,15.826591829595067,0.17083080551946347,0.34727602265711105,-1.1159187688314995,0.17852289889190098,0.6642266749498127,0.4595959595959596,0.13849903507027062,0.0752688880422656,116.66116645435966,37.72725656238681,4.1502213,4.9500065,correlated_variability
87926,anomaly,194,14.797887993656872,0.4254612731412056,-7.82599807462441,59.40003519765607,0.12303907247392709,3.5351224581296066,0.9845360824742269,0.015518276377378015,0.6783119331734441,19.538720910935922,0.091116228362793,-11.103525045402002,140.38107925869122,0.10162469404848061,1.2554658790686481,0.5670103092783505,0.02275882860052114,1.6285919930837762,281.97135302730857,20.97257384307521,4.149827,4.9495,high_amplitude_variable
33580,rr_lyrae,231,14.384774370247742,1.0533360889125623,0.028674229773649675,-1.5860681324052697,0.3822756835500633,2.9933875261645024,0.49783549783549785,1.1124439668799777,1.7575427628549218,15.52986255803787,0.7307749990207352,0.1358809248867391,-1.4609776788302287,5.622223471855142,2.2069858295691844,0.48484848484848486,0.6628685406999004,2.1185170513190847,12.520176053472166,52.8150136079808,4.149379,4.948925,short_period_variable
99620,anomaly,269,15.63623273515921,0.724995833875811,3.2363676741219245,8.500779706628876,100.0,2.9077385137063896,0.07434944237918216,0.02442303206619556,0.11286483328568596,14.392618258712105,0.16662165380174235,-9.06347044073374,99.201425121043,100.0,2.2015869382319355,0.7806691449814126,0.02037160786668224,0.5755293038727838,133.37472600516213,86.09914012329878,4.1492867,4.948807,long_period_variable
58408,anomaly,223,18.17619154987464,0.7895677300976757,4.661146338275046,19.762817496321016,0.12023063887468546,4.133022582222441,0.04035874439461883,0.021665397832350664,0.23993074587387786,21.09260236638539,0.6672142677102083,6.433547308717492,39.47308103415646,0.281123188079792,4.612708827275409,0.02242152466367713,0.020286391437263518,0.4179517065409297,272.4680837177148,75.50254539012701,4.14913,4.9486055,transient_candidate
81265,agn,265,20.689903738792925,0.14051232235787353,-0.08097418253616902,0.5464735731328729,100.0,0.7664507358591734,0.5433962264150943,0.07496206976785302,0.16037207277706794,18.05270740028067,0.06442402602781076,-0.1695680526915454,-0.6102870217394187,0.122197780493284,0.3022446684865763,0.5547169811320755,0.044195520047395576,0.3135627215603061,125.41089110344747,-11.987221482818544,4.144165,4.9422326,unclassified
73004,agn,261,14.621578280724638,0.2411346872484612,-0.07862031620701257,-0.9635288999198055,0.10115221253012661,0.9710577207362494,0.5019157088122606,0.19880537570734802,0.0625847580839301,14.414739916364097,0.1897118049491822,0.4174035207073503,-0.25980192378847367,100.0,0.9513691404176381,0.4367816091954023,0.11507817900933048,0.09744158415770429,316.6506328761433,-18.83183393308733,4.143747,4.941696,correlated_variability
61783,agn,251,19.46190636643835,0.2607398261697343,0.19949280567643501,-0.06237060733029054,0.10642279333966605,1.3513632603655132,0.4820717131474104,0.15592344311635387,0.22463186794564854,20.80194295690624,0.0994981375127977,0.09260288776267457,-1.05338905083041,100.0,0.4272454076279715,0.47808764940239046,0.08763106511367624,0.14203088086189172,274.97310800647784,16.68547132444551,4.1420097,4.9394665,correlated_variability
68016,anomaly,210,17.807084158679505,0.5946904396831805,-0.06858579177590322,-0.8257685354689333,0.4934895704794717,2.284080677262999,0.5285714285714286,0.4335462077880532,2.077836144706018,15.818341082747843,0.7760478258862706,5.6449946927750805,29.924534131267393,83.34444814938313,4.760973394305569,0.02857142857142857,0.02170493158395992,0.34849238177543274,262.346301303837,65.80280436541031,4.141327,4.93859,transient_candidate
85828,anomaly,165,16.78008486206969,0.4733271008173104,-7.192843622045584,49.8362534163309,0.11897287780136026,3.5996762962334437,0.9818181818181818,0.015030430666499228,0.6828127002464688,18.710536032935337,0.7103875697729697,3.118298919145458,7.7487596460225685,100.0,2.7420566207791275,0.07878787878787878,0.024747345466440862,0.17521495925799205,289.4285191495578,-17.780440828565943,4.1403685,4.93736,transient_candidate
73577,rr_lyrae,295,15.781262652849644,0.7564317816881874,0.047094894339250674,-1.433840534578605,0.6366384876556573,2.3258193166909678,0.5016949152542373,0.7422461287285493,2.010742404425664,20.85102619586819,0.6886473612135684,0.1666307869100966,-1.4173945564337227,8.48078717448469,2.172772032829023,0.49491525423728816,0.6755966719985871,2.1263553438440272,241.46912124898432,46.560470449756096,4.138936,4.935521,short_period_variable
39386,agn,168,14.990462660824326,0.12690734804229742,-0.1803383385946855,-1.1597011766829308,0.19216575690013069,0.48481684919376633,0.5476190476190477,0.10835306264940048,0.09748437037702369,14.781070556200305,0.17346224772215657,-1.101095491924365,2.145972099052539,100.0,0.9721094107668193,0.5119047619047619,0.10779350389172038,0.3455387212401138,354.7318280119205,29.521314583360912,4.1378756,4.9341598,short_period_variable
63203,agn,180,17.606981367648263,0.07064076636955213,0.8948392856321863,0.29958240500585553,0.1431349620387412,0.3253802702413999,0.40555555555555556,0.04005580559231703,0.263380892804194,15.002228591001359,0.13522559570213682,0.5670245363099983,-0.11448141392451827,100.0,0.6496288540284905,0.4444444444444444,0.08750502433687668,0.2317235236784535,91.08298806555659,53.377992890700995,4.137133,4.933207,correlated_variability
73158,agn,276,14.790711036467018,0.3804738421887432,-0.00965418878616656,-0.11705001992923503,100.0,1.896163702144106,0.5036231884057971,0.2442602633219213,0.10696514863303662,21.11983202975273,0.10975462170231726,0.3188466442123577,-1.0932114972979592,0.11152216489084145,0.46471067840907665,0.40942028985507245,0.08063670152212943,0.08974362995286216,171.76954244113568,40.71086536225769,4.136645,4.9325805,correlated_variability
57574,agn,244,18.024850826867468,0.12009438968450158,0.4206382650218765,0.3199272854095354,100.0,0.6356675063488417,0.4672131147540984,0.07374005448729193,0.21014538358672227,17.17290799406713,0.29383694455330384,0.08940968510501837,-1.0578667486646791,2.3166255769551594,1.1962714152832454,0.5,0.24198576278859107,0.06490144288701148,335.12790566920165,63.8500341187262,4.1329255,4.9278064,correlated_variability
61870,agn,209,20.058932823812896,0.21984675513341337,0.2217584474287603,-0.9926187600826157,0.16173230537285135,0.9198508218214734,0.46411483253588515,0.17496647050806047,0.07643657551965383,16.379561702567468,0.2118056029008589,0.3231018235844691,-1.0144047653864505,100.0,0.8949216418060892,0.45454545454545453,0.16455551783626632,0.06349565682231031,112.38587482304861,39.36099935344424,4.132466,4.9272165,correlated_variability
46923,anomaly,58,20.97959700649705,0.6901845927883401,0.010992799068702624,-1.0775801440702033,83.34444814938313,2.744880411077606,0.5172413793103449,0.623717280094132,1.0501091979572565,19.140765704712468,0.8860845135788308,1.9034047445171602,1.6320032599918353,5.498663557467028,2.5818872229594128,0.15517241379310345,0.020489745668061943,0.26036310090586967,251.37902303920953,-0.18886849991240595,4.1323886,4.9271173,long_period_variable
60671,anomaly,299,20.440658229005145,0.12395451955540107,-11.249788249517549,136.8040737085474,0.4142373690333743,1.7672823148837402,0.6153846153846154,0.02078238385330522,0.920365861192571,20.590635978326507,0.6551562447651703,-0.007988503764336321,-0.6898065045432058,17.868887617958247,2.7377402120146215,0.48494983277591974,0.47976111258107323,1.3902235563812864,334.37563914595125,79.27690972575287,4.131537,4.926024,short_period_variable
77802,agn,282,15.066387171422617,0.11343475890466023,-0.4277792062635958,-0.7574607305893468,0.2885808794241082,0.4735216404036837,0.5780141843971631,0.08108735798087618,0.08293810318925854,17.7054326155538,0.19908012768597053,-0.24556218825335158,-0.47482833710706007,100.0,1.0248477425036349,0.549645390070922,0.13903766015310914,0.08916545508336486,240.31512958474372,-29.646735403989275,4.1314454,4.9259067,correlated_variability
32299,agn,273,14.711881314424911,0.146527017820551,-0.4561997585486563,-0.38940716086205507,100.0,0.7283409474348463,0.5494505494505495,0.09567353132341516,0.13478928500823467,14.400104520116003,0.14920892014018539,-0.3158404322253718,-0.5011712599220823,0.23570393624159017,0.7034566700550151,0.5604395604395604,0.09530984378454477,0.15660561293088182,336.2201590951214,-29.127298165028744,4.126068,4.9190044,correlated_variability
85760,anomaly,285,20.128592813926694,0.4508018223261675,6.6302442297337265,42.16049408079768,0.10052229769158656,3.252972744891448,0.042105263157894736,0.019020095229308254,0.35596807883473913,15.075125314469044,0.6000898419854654,0.047682134905595086,-0.6522870556277809,0.3855152979935313,2.4300305802031854,0.5017543859649123,0.4096183893679495,2.0687595165268977,148.78486172329985,-23.375338134787707,4.1242633,4.916688,transient_candidate
30525,anomaly,290,20.7157263381303,0.1971662821089341,-4.7592636837666635,23.252055909878944,100.0,1.4491300963295473,0.8344827586206897,0.02444567493260763,0.10679217667963287,19.383601545266394,0.36413919777061354,-9.629103265301907,91.04825072361899,3.032656106867913,3.6675484161427416,0.9448275862068966,0.014781820055823403,0.6866301238354405,265.6092997329738,-0.7840039160276007,4.1225257,4.914458,transient_candidate
39031,anomaly,282,15.224879541305805,0.22668975341881423,-3.84618246300594,16.02994357649558,0.1160213159866883,1.5985577751555926,0.851063829787234,0.02631488447049879,0.08181341450774002,19.453595976297347,0.09738643200535946,-7.445677936763887,67.93553341150113,100.0,1.186185026139153,0.6595744680851063,0.021050936181563173,0.6204670214756918,96.32446495149945,-18.68318088330379,4.116612,4.906867,short_period_variable
83439,anomaly,183,19.87769517632899,1.645628066344683,2.1840969878113645,2.7735066691788397,0.263091139317784,5.041017464368473,0.13114754098360656,0.024352456709067383,0.0958468447037237,18.259985589574633,0.21114337888313203,-4.565642555644231,22.655650333952835,100.0,1.695945170920325,0.8743169398907104,0.020900066343251922,0.15877183307759432,198.71192477551625,47.48081045219553,4.1153703,4.9052734,transient_candidate
81899,anomaly,269,15.196681217410797,0.16769264329755795,-6.382391022326961,44.61367959558385,100.0,1.601405203772181,0.7695167286245354,0.02384675256941371,0.2183862343828934,17.26794128927144,0.6768349114621187,0.14717035345552762,-0.9106139179499348,83.34444814938313,2.7756098679402594,0.4758364312267658,0.500288421685017,0.6468502799242245,180.1706968929083,76.19066883025206,4.1142845,4.9038796,color_variable
10210,agn,299,20.860761466429643,0.11889642480956213,0.33498674404010487,-0.6027652643881449,0.2536236111963739,0.535600412430508,0.451505016722408,0.08495845174103778,0.14612592994085297,19.559872443210708,0.05367766131102216,0.13065932266574765,0.20583324225470268,100.0,0.35557413798422033,0.5183946488294314,0.038272849797198916,0.4385023958313295,35.814413200952785,56.85041145682234,4.112461,4.9015393,short_period_variable
10600,agn,290,18.266836012252348,0.26008950109576373,-0.7413985320084212,-0.18217384036402606,100.0,1.2049104058312778,0.6172413793103448,0.1527897827652236,0.0990505931097065,20.7765173703371,0.2887789399302303,-0.00947442585790928,-0.9612277100278845,0.16630100848471138,1.1980845065327124,0.4586206896551724,0.22545827942513696,0.04948937565824769,176.4578967628259,75.25739119690033,4.111892,4.900809,correlated_variability
13452,anomaly,180,19.013415246312164,0.9839032127344075,-7.547247066646033,54.980513187693624,0.10899585362242781,7.744934655645338,0.9833333333333333,0.012607790566995902,0.6790762103970269,14.495498545144175,0.6602022738528743,0.004308796524556669,-0.8368213893254399,83.34444814938313,2.6466621060351123,0.49444444444444446,0.5109515108792495,0.8363525577585739,50.56163674263948,44.06808117382427,4.1108575,4.899481,high_amplitude_variable
68852,agn,256,18.30202960519624,0.2740541007016919,0.0900909057131778,-1.1292596822700702,0.1707266178131488,1.0686909372033462,0.46484375,0.2396070168434452,0.15174922203114602,18.59579359674584,0.16688677675983965,0.42800642592955607,0.19683406989122876,100.0,0.8541101209591773,0.46875,0.09618635741839832,0.2042076315408548,53.264508318299555,-14.727396939693044,4.110728,4.8993144,correlated_variability
17804,anomaly,275,14.501664384022781,0.8180988400705491,3.0904235376047033,7.568108124546624,100.0,3.154781461718743,0.08,0.02176077592219272,0.10148697122334956,18.718382834246704,0.6008353893761502,-0.030815594129001752,-0.7179466166942294,0.8524650547306779,2.435673389991301,0.48727272727272725,0.4427124362077315,1.9984399014834802,13.985422922745197,-21.521658906230225,4.1102076,4.898647,transient_candidate
26435,anomaly,135,16.348904718482796,0.6392200579136397,-0.1607528782851578,-0.8674070783002827,100.0,2.478557510103716,0.5259259259259259,0.4847061485260511,0.9784943882541598,17.797352234571633,0.7309608608694286,-0.3397496117117229,-0.8859981169048456,41.68612408272181,2.681212385620892,0.5777777777777777,0.5544621380394688,1.3434936371924637,132.140934377891,59.306796821332696,4.10738,4.895017,long_period_variable
94958,anomaly,247,16.833519685408195,0.6446317413718674,-0.04863434589914792,-0.5344670875571418,100.0,3.022511431460071,0.4939271255060729,0.4552972459797502,0.7946937118797375,17.532802177955016,0.5195738519745567,-8.888863837233144,77.1261567270619,0.1545397719649582,4.8022188629859315,0.9878542510121457,0.014109824287867667,0.6806484794235588,330.2204002495068,37.454144831679855,4.106886,4.894383,high_amplitude_variable
9413,anomaly,296,20.582912823069204,0.6729066695853796,-0.10328143269641568,-0.9489229591561621,3.4749061587654664,2.8206877386239313,0.5067567567567568,0.5540746078620504,0.6842941195779128,19.86005472123361,0.2838726027857367,-6.417069006368169,44.39809034208333,100.0,2.7003579285830845,0.8851351351351351,0.0241613438116417,0.15116682570734216,213.07117029214498,31.113977364501814,4.1057706,4.8929515,color_variable
20390,anomaly,285,17.024933141304725,0.14958752075032497,-11.826624784807649,153.95766959112,0.14012877046324346,2.225742671195226,0.6877192982456141,0.020973345158139978,0.9231212604306068,16.75201038011729,0.2512031252969059,-3.952821604002628,15.360558222197334,0.14516966032506504,1.4712314781730509,0.8596491228070176,0.02392465619518447,0.06164599818464279,4.923990565949503,-7.115279707107192,4.104784,4.8916855,short_period_variable
42710,agn,254,14.97555974841045,0.1215831641314915,-0.0026060395861577206,-0.6247728688926482,0.10486168913113522,0.5586249552076374,0.484251968503937,0.09110275719165362,0.17503843212817727,16.548187761602495,0.08819560001073057,-0.2236532252337106,-0.7322150529685074,100.0,0.4205094554777631,0.5433070866141733,0.06329853154664278,0.1894735974621788,176.3882535473908,66.7521040598101,4.1043887,4.891178,correlated_variability
17824,anomaly,242,16.483900041224242,0.6441423090462077,0.01834255588861031,-0.8275340699165654,31.267200400300222,2.680797741210723,0.512396694214876,0.4607926448911215,1.1445979960603707,21.19123227144203,0.15094454068237653,-8.693824343916324,91.37213064013274,0.1059720406793573,1.9528166742848008,0.71900826446281,0.02431381823243406,0.6888121709639244,222.07626370375962,73.45889169776251,4.103529,4.8900743,color_variable
52493,anomaly,177,18.562511462660297,0.9528492471404784,2.8527050392180584,6.150894038600047,0.1231602036097593,3.4757853366309135,0.0903954802259887,0.021828107971291644,0.13932310373571488,18.559261282550953,0.2951338431698428,-4.549548332826299,21.626003799413144,100.0,2.1262235469389132,0.864406779661017,0.023830028213716048,0.12813523887952116,95.24710831241883,2.903806901525364,4.103015,4.889415,transient_candidate
31391,anomaly,116,17.000951303472117,0.720921572376655,-0.06151706723557762,-0.9691833447691875,45.474392795415255,2.711982584424227,0.5258620689655172,0.5226102633879801,1.3782958153235478,20.18631127605751,0.07370144443597836,-7.5738145041991976,69.82629763879957,0.22663020515043095,0.803796240675144,0.5344827586206896,0.023728802019611805,1.4996401694035963,190.75275087259297,-12.68222972426716,4.101964,4.888066,color_variable
40267,agn,234,19.6812343876259,0.06763420987187756,0.1119469914893253,-0.19937953177217516,0.14223986096402147,0.35962696381133696,0.47435897435897434,0.045361102462214475,0.29408969372080573,19.250187091322218,0.07748014324716838,-0.3110460150471114,-0.3854328519967707,100.0,0.3720236620005224,0.5598290598290598,0.05446465323355021,0.18520407918514603,55.004668007066535,64.64194546739107,4.0962367,4.8807144,correlated_variability
46890,agn,275,15.286378345136201,0.2111832484052877,-0.12462376078535005,-0.13924054785384055,100.0,1.1102332050120065,0.509090909090909,0.1329646685613337,0.2561251170997397,20.691898080618955,0.505033083976863,-0.17836616835142652,-0.7862162336681,0.35717271254777244,2.312395580352632,0.5236363636363637,0.39296893079252726,0.09221738593614615,309.29484651552485,-2.3395034146793456,4.095923,4.8803115,correlated_variability
29181,agn,195,17.190613299467127,0.3681720382774304,-0.024541975542601575,-0.4661388956732946,100.0,1.7774156393745528,0.49230769230769234,0.2665153921886301,0.30206550022030393,18.36132753151256,0.1886651481768952,0.5512738836919272,-0.4846420624361749,0.1391158863997315,0.7717857077809285,0.441025641025641,0.12847852162605378,0.0830653055307865,280.4995758883282,13.048715203649706,4.095422,4.879668,long_period_variable
3496,anomaly,180,18.54611908349258,0.48951230210745356,-7.533107511217723,54.84340547912153,11.37170154686078,3.9067081426578625,0.9833333333333333,0.012517195529811787,0.6897975942136509,20.595829012500246,0.7045395659941919,-7.540973569794373,54.92077303890348,0.10782158342649183,5.582508145194673,0.9833333333333333,0.013621569607707329,0.6818711061243596,22.59732909619601,42.426107368857714,4.0951385,4.879305,high_amplitude_variable
2856,anomaly,258,16.335366997476342,0.21585489817685438,-5.4867562544318425,33.163038700298834,0.5445029599655804,1.745553466488138,0.8178294573643411,0.02744163000437183,0.1303405306154603,21.141271265670284,0.504551147899379,-5.046488750633313,26.060716492205305,100.0,3.6559872248088503,0.9186046511627907,0.02419780923922943,0.06925485137726084,46.50334370045067,10.257249277321634,4.093434,4.8771167,transient_candidate
78549,agn,298,19.91071908588084,0.1409757145105863,-0.7129290077148844,-0.21877706542414144,100.0,0.646111757689507,0.5704697986577181,0.08486887530318654,0.1375375489538372,17.778058326820137,0.1538044742707834,0.2463389448409178,-0.06118609208914183,1.4504191099028314,0.7691049534204275,0.5201342281879194,0.10313625107787594,0.10164880208014784,26.607806716743333,65.4257638949245,4.093251,4.8768826,correlated_variability
86883,anomaly,186,18.503977870515406,0.1603559321345521,-11.886376305045722,150.20912171987163,0.546286258807896,2.187561164899094,0.6559139784946236,0.02136991095778029,1.5729419899323058,14.605114493669129,0.3702347460279685,-2.878983707722173,7.360985764771398,0.12407634604468486,1.7676160629214106,0.8440860215053764,0.035282541094485254,0.0387219088703552,319.3756081575183,62.19391225558998,4.0926037,4.8760514,short_period_variable
92258,agn,267,17.148805862954344,0.15131152708795995,-0.9046714505584437,0.07065263083465156,0.10660416990985881,0.6461294966056208,0.6104868913857678,0.08453827162928107,0.09444579120064973,19.665804432396587,0.19743258021789353,-0.18787909588609567,-0.6049297770132949,100.0,0.8687350579869033,0.5131086142322098,0.13712506187607332,0.19878473227229518,226.87746054876962,46.740474455223534,4.0924973,4.8759146,correlated_variability
