ra,dec,peak_flux,integrated_flux,flux_ratio,major_axis,minor_axis,axial_ratio,position_angle,spectral_index,type,log_peak_flux,log_integrated_flux,log_flux_ratio,recon_error,error_sigma,radio_class
330.80928,-20.56903,1.455,43.9018,25.7343,77.021,4.11,0.0534,17.84,-0.084,anomaly,0.1628629933219261,1.6424823269401057,1.4105123594806148,1.1208384,17.294352,jet_candidate
314.96759,-29.21946,1.3054,34.2413,23.5273,69.938,6.036,0.0863,31.42,-0.008,anomaly,0.11574360835995784,1.5345502446765207,1.3715720902706985,1.0742354,16.54985,jet_candidate
54.80223,34.88679,0.1108,4.8074,35.4884,469.421,341.558,0.7276,135.67,-0.922,anomaly,-0.9554602396075891,0.681910259129991,1.550086419555116,1.0447515,16.078833,giant_diffuse
19.02912,33.74465,0.1047,10.6245,95.9365,456.702,342.609,0.7502,151.02,-0.903,anomaly,-0.9800533183211576,1.0263085008540707,1.9819838702856678,1.0181105,15.653232,giant_diffuse
65.68967,63.91742,0.1408,4.9063,36.9722,498.187,312.566,0.6274,5.64,-1.732,anomaly,-0.8513973451939065,0.6907540999978011,1.5678752936738116,1.0117822,15.552134,ultra_steep_spectrum
230.82943,-9.03253,0.2686,25.9733,97.0056,450.998,296.45,0.6573,16.54,-0.962,anomaly,-0.5708939916673035,1.414527131791091,1.9867968062136456,1.0101557,15.52615,giant_diffuse
55.31551,30.56294,0.1236,4.2056,36.4919,497.445,362.348,0.7284,134.32,-1.239,anomaly,-0.907981529247203,0.6238279640103688,1.562196476081385,1.0089517,15.506915,giant_diffuse
171.79225,39.24593,0.3195,7.1174,23.2891,498.149,329.519,0.6615,11.35,-1.501,anomaly,-0.49552913750558103,0.8523213739920475,1.367152705684271,0.99490595,15.282529,ultra_steep_spectrum
108.36018,-15.42948,0.2075,19.2697,86.705,478.685,378.925,0.7916,139.08,-1.026,anomaly,-0.6829818989518885,1.284874953401755,1.9380441425719124,0.99067354,15.214914,giant_diffuse
107.62399,23.84265,0.2331,20.6135,86.479,496.063,390.995,0.7882,133.91,-1.263,anomaly,-0.6324577264794233,1.3141517376130365,1.9369106590096286,0.96118295,14.743791,giant_diffuse
296.22919,14.88408,0.5998,18.113,31.8808,474.075,334.725,0.7061,5.29,-1.556,anomaly,-0.22199353857649168,1.2579903871193308,1.503529210817748,0.94669473,14.512336,ultra_steep_spectrum
30.49038,-23.96188,0.2452,18.2714,72.0101,498.636,295.797,0.5932,80.31,-0.981,anomaly,-0.6104795341536225,1.261771825348179,1.8573934140234987,0.92957497,14.23884,giant_diffuse
2.23445,30.38452,0.1573,17.5364,99.6187,491.227,380.695,0.775,152.9,-1.638,anomaly,-0.8032712773767131,1.243940443043527,1.998340869995137,0.9258281,14.178983,ultra_steep_spectrum
93.41883,77.4725,0.127,5.2408,43.2843,497.123,296.673,0.5968,21.53,-1.628,anomaly,-0.8961962790440431,0.7193975864238834,1.6363303984365236,0.92450464,14.15784,ultra_steep_spectrum
210.64404,47.02405,0.3729,28.2385,74.5023,494.321,381.267,0.7713,93.92,-1.34,anomaly,-0.4284076166386928,1.4508416237174253,1.8721696802904375,0.9222763,14.122241,ultra_steep_spectrum
93.85105,28.81653,0.4071,34.2415,93.5338,479.873,346.95,0.723,117.39,-1.113,anomaly,-0.3902988976206005,1.5345527813396354,1.9709685787964772,0.9182651,14.058161,giant_diffuse
142.7226,24.98279,0.529,32.9914,61.8238,477.091,349.515,0.7326,59.83,-1.173,anomaly,-0.2765443279648142,1.5184007453535855,1.791155695458955,0.906521,13.870544,giant_diffuse
45.16346,23.03081,0.3379,31.9575,99.7549,429.613,313.9,0.7307,94.2,-0.785,anomaly,-0.4712118082251037,1.5045727975921532,1.9989342375988393,0.9047371,13.842046,giant_diffuse
256.3449,57.43675,0.9837,88.002,76.7593,485.283,317.937,0.6552,37.54,-1.559,anomaly,-0.007137328610972325,1.9444925423671415,1.8851310055693808,0.90007764,13.767609,ultra_steep_spectrum
1.89503,-14.14197,0.4982,40.5013,85.8249,481.974,329.388,0.6834,149.98,-1.648,anomaly,-0.30259627679951234,1.6074689633076429,1.933613306074211,0.895945,13.701588,ultra_steep_spectrum
338.91723,47.9891,0.5258,56.3505,88.9648,475.454,299.921,0.6308,17.57,-1.375,anomaly,-0.27917941822965603,1.7508977739096776,1.949218206761314,0.8908607,13.620364,ultra_steep_spectrum
95.98948,27.88527,0.9405,65.1627,82.9495,484.797,344.347,0.7103,95.25,-1.271,anomaly,-0.02664120011360232,1.8139990708913476,1.9188137725436778,0.88974476,13.602536,giant_diffuse
16.04148,11.8022,0.4329,20.7097,48.1263,484.131,353.644,0.7305,132.11,-1.149,anomaly,-0.36361241418684337,1.3161738077641314,1.6823824739493067,0.88456833,13.519841,giant_diffuse
207.24757,-1.19422,0.9223,18.5179,20.6059,487.596,310.535,0.6369,23.73,-1.519,anomaly,-0.03512779136222481,1.2675917344990897,1.313991587872872,0.87974787,13.442832,ultra_steep_spectrum
301.48365,37.68997,0.4267,24.1668,59.3436,475.41,327.186,0.6882,159.65,-1.14,anomaly,-0.3698773571406879,1.3832191479522076,1.773373888672958,0.8773171,13.403999,giant_diffuse
275.52672,67.48031,0.5247,46.5417,77.8182,485.581,371.642,0.7654,93.67,-1.332,anomaly,-0.280088935801661,1.667842242447388,1.8910811809895898,0.87567735,13.377804,ultra_steep_spectrum
111.05515,53.63234,0.1047,8.339,78.4215,493.541,263.048,0.533,42.59,-1.145,anomaly,-0.9800533183211576,0.9211139738366807,1.8944351449712349,0.8688947,13.269448,giant_diffuse
125.97665,-3.98725,0.6903,26.6903,31.6768,497.417,367.556,0.7389,116.03,-1.455,anomaly,-0.16096212661169415,1.4263534553016457,1.5007413025722594,0.8679396,13.25419,ultra_steep_spectrum
34.08439,79.17341,0.2184,9.7095,40.0838,487.178,367.733,0.7548,104.88,-1.671,anomaly,-0.6607473659673003,0.9871968660736117,1.602968886531906,0.8588884,13.109593,ultra_steep_spectrum
74.87611,1.42416,0.1471,3.9318,21.8314,476.923,305.769,0.6411,134.1,-1.228,anomaly,-0.8323873272724699,0.5945914183397822,1.3390815869587498,0.8580949,13.096917,giant_diffuse
357.16219,17.16638,0.3777,24.6033,63.0889,478.442,347.164,0.7256,97.06,-1.783,anomaly,-0.422853015172475,1.3909933622119768,1.7999529552377351,0.85685337,13.077084,ultra_steep_spectrum
342.22592,-29.70827,0.7548,59.2375,69.6644,480.683,335.401,0.6978,160.96,-1.329,anomaly,-0.12216810850710623,1.7725967217074576,1.843010901006126,0.8564201,13.070162,ultra_steep_spectrum
64.29037,-19.493,0.1839,14.5715,85.1093,477.835,365.814,0.7656,132.61,-1.415,anomaly,-0.7354182707619225,1.163504260636962,1.9299770185805187,0.851644,12.993861,ultra_steep_spectrum
267.20905,65.36193,0.1946,6.1433,29.9693,490.316,290.168,0.5918,68.84,-1.172,anomaly,-0.7108571640676669,0.7884017240389657,1.4766765991455888,0.84868,12.94651,giant_diffuse
90.7814,-33.0785,0.2501,7.1107,30.8984,481.054,363.655,0.756,103.63,-1.661,anomaly,-0.6018863082694975,0.8519123561690313,1.4899359911024443,0.8457737,12.900081,ultra_steep_spectrum
184.97671,75.26204,1.0266,22.9896,26.2823,62.882,4.833,0.0769,59.63,0.039,anomaly,0.011401259924743891,1.3615314149707134,1.4196633682545827,0.84301394,12.855993,jet_candidate
174.76284,47.07883,0.4372,32.6141,75.5819,474.888,310.834,0.6545,136.83,-1.118,anomaly,-0.35931984672233486,1.5134053984824,1.8784178051404556,0.8350628,12.728971,giant_diffuse
128.04252,4.91622,0.1146,4.4783,34.2594,460.885,314.403,0.6822,148.22,-1.745,anomaly,-0.9408153823686288,0.6511131834771527,1.534779752705063,0.83241075,12.686603,ultra_steep_spectrum
17.76638,53.24567,1.8298,41.5369,24.5359,69.679,4.392,0.063,83.76,-0.174,anomaly,0.26240362325878236,1.6184340809537276,1.3898019929411436,0.81862015,12.466292,jet_candidate
185.50614,14.69519,0.1846,13.1908,70.2477,494.626,270.748,0.5474,27.84,-1.575,anomaly,-0.7337683033101068,1.1202711355804529,1.8466321094502782,0.8111571,12.347067,ultra_steep_spectrum
48.48719,27.45752,0.2575,13.875,51.3908,470.118,308.531,0.6563,171.86,-1.382,anomaly,-0.5892227666227902,1.1422329917947138,1.7108853783950628,0.81113696,12.3467455,ultra_steep_spectrum
82.64938,-5.88748,0.6774,56.7445,89.1701,493.066,272.211,0.5521,33.78,-1.403,anomaly,-0.1691548076913885,1.7539237736113096,1.9502192536826153,0.80345154,12.223968,ultra_steep_spectrum
158.22943,-8.60973,0.5523,29.9413,51.6283,467.049,314.396,0.6732,152.79,-1.147,anomaly,-0.25782495677632283,1.476270652739488,1.7128878249741186,0.80140316,12.191244,giant_diffuse
244.74658,24.22984,0.5497,25.8815,44.2474,477.793,342.456,0.7167,99.2,-1.368,anomaly,-0.25987426303426947,1.4129894428948415,1.6458877564162742,0.80112964,12.186874,ultra_steep_spectrum
38.23615,-9.21157,0.6119,36.2793,64.9774,432.856,294.978,0.6815,38.72,-1.063,anomaly,-0.21331954680335125,1.5596588988657265,1.812762329535221,0.79678154,12.117412,giant_diffuse
255.72531,32.63476,0.1559,7.1708,50.551,444.255,300.843,0.6772,140.49,-1.859,anomaly,-0.8071538848111582,0.8555676098106489,1.7037297512264515,0.79298013,12.056683,ultra_steep_spectrum
264.57653,76.93351,0.3648,31.6559,83.3235,492.798,259.997,0.5276,36.47,-1.164,anomaly,-0.4379451703436214,1.5004546653374258,1.9207675041797145,0.7920169,12.041295,giant_diffuse
106.32799,-16.89454,1.8536,38.7415,20.4843,25.65,1.752,0.0683,4.09,0.134,anomaly,0.26801602078191916,1.5881764317963956,1.3114211276090733,0.7906815,12.01996,jet_candidate
249.54787,28.14702,0.7186,33.1669,41.3152,469.03,346.824,0.7394,78.99,-1.655,anomaly,-0.1435127871313693,1.5207048813533792,1.616109859444784,0.78985786,12.0068035,ultra_steep_spectrum
65.98042,-7.98092,0.1755,6.6441,36.6854,448.141,339.952,0.7586,176.77,-1.324,anomaly,-0.7557228791981572,0.822436160371976,1.5644932587752658,0.7897946,12.005793,ultra_steep_spectrum
245.19949,47.53539,0.5367,18.612,33.4159,497.942,304.868,0.6123,157.04,-1.542,anomaly,-0.2702684047129646,1.2697930438612297,1.523953162594832,0.785481,11.93688,ultra_steep_spectrum
69.81006,2.34414,0.3376,14.5879,35.1063,428.086,320.288,0.7482,23.51,-1.227,anomaly,-0.47159756204638253,1.1639927775648966,1.5453850597627456,0.78209585,11.882802,giant_diffuse
130.14395,3.63273,0.8312,23.611,34.0603,447.492,295.69,0.6608,24.11,-1.678,anomaly,-0.08029446545087898,1.3731143812034583,1.532248468869412,0.77890456,11.83182,ultra_steep_spectrum
41.41204,10.68644,0.4177,29.3059,71.336,490.96,292.381,0.5955,140.85,-1.224,anomaly,-0.3791355247348789,1.4669550633402895,1.8533087536338069,0.7773248,11.806582,giant_diffuse
352.54214,50.56499,0.2663,11.5382,42.4797,481.622,312.505,0.6489,103.1,-1.631,anomaly,-0.5746288335610588,1.0621380626290209,1.6281814410111568,0.77691114,11.7999735,ultra_steep_spectrum
61.24461,1.155,0.264,21.8378,77.5407,443.749,267.898,0.6037,6.81,-1.491,anomaly,-0.5783960731301689,1.3392088842165004,1.8895297172897767,0.773518,11.745768,ultra_steep_spectrum
104.1018,-5.73846,0.1511,12.2289,72.8065,455.191,283.946,0.6238,44.9,-1.389,anomaly,-0.8207355356609746,1.0873873936335636,1.8621701538750828,0.76975644,11.685675,ultra_steep_spectrum
30.82825,66.27957,0.6213,37.4033,67.0209,447.279,331.124,0.7403,47.53,-1.356,anomaly,-0.20669864638688498,1.5729099206113313,1.8262102555256523,0.76865137,11.66802,ultra_steep_spectrum
65.06476,51.67866,0.8836,64.9018,80.4113,478.858,262.728,0.5487,49.07,-1.738,anomaly,-0.05374429280060265,1.8122567417807542,1.9053170833604913,0.76421314,11.597118,ultra_steep_spectrum
229.28309,9.97219,0.4195,29.6462,64.0082,405.651,312.531,0.7704,7.31,-1.26,anomaly,-0.37726803483528093,1.4719690341321778,1.806235614399993,0.75869924,11.509031,giant_diffuse
357.29937,-11.27593,3.6618,47.1982,12.5236,76.346,5.289,0.0693,172.52,-0.535,anomaly,0.5636946203402367,1.6739254362405778,1.0977291879318642,0.7562095,11.469256,jet_candidate
319.18601,-37.55223,0.1762,16.8667,96.0191,458.43,291.242,0.6353,84.4,-1.515,anomaly,-0.7539940959239709,1.2270301204087786,1.9823576309513564,0.7532828,11.422502,ultra_steep_spectrum
144.14111,-37.11216,0.1146,5.6587,51.0113,440.449,308.277,0.6999,135.13,-1.479,anomaly,-0.9408153823686288,0.7527166701151876,1.7076663914714407,0.74607027,11.307279,ultra_steep_spectrum
52.8382,42.26434,0.3331,27.502,85.8876,457.94,341.541,0.7458,127.48,-1.473,anomaly,-0.4774253673088232,1.4393642777350002,1.9339304672037214,0.74599934,11.306146,ultra_steep_spectrum
257.5516,-23.74558,1.1814,30.4158,21.2272,77.633,8.752,0.1127,7.56,0.286,anomaly,0.07239696652176185,1.483099243814439,1.326892711794524,0.7433133,11.263235,inverted_spectrum
251.95044,58.90256,0.1389,14.5699,88.8676,468.351,277.051,0.5915,145.96,-1.431,anomaly,-0.8572977542623844,1.1634565710152045,1.9487434515665938,0.73980606,11.207205,ultra_steep_spectrum
329.92654,-9.41868,0.4043,39.3875,90.2419,436.98,337.514,0.7724,57.29,-1.63,anomaly,-0.3932962586663257,1.595358416182056,1.9554082305979206,0.7386086,11.188075,ultra_steep_spectrum
157.98696,-20.23771,0.2238,10.5584,55.1975,485.501,267.149,0.5503,66.97,-1.254,anomaly,-0.6501399178076688,1.0235981110180474,1.7419194081496352,0.73396826,11.113944,giant_diffuse
17.29472,77.22051,0.6279,26.5414,40.7313,452.077,298.733,0.6608,150.26,-1.714,anomaly,-0.20210951694165108,1.4239238272035761,1.609928271461314,0.7196926,10.885884,ultra_steep_spectrum
94.37938,-23.57003,0.2497,22.3275,82.0341,440.27,287.056,0.652,91.77,-1.195,anomaly,-0.6025814576486522,1.3488400980384248,1.9139944177911075,0.7182269,10.86247,giant_diffuse
0.87904,-5.39919,0.7775,66.4745,90.1848,419.978,283.313,0.6746,39.11,-1.593,anomaly,-0.1092996023011249,1.82265507939123,1.9551333464954617,0.71752757,10.851297,ultra_steep_spectrum
298.5732,-17.62098,0.1116,6.7393,68.9765,393.778,247.923,0.6296,50.66,-1.038,anomaly,-0.95233580539844,0.8286147894247717,1.8387011536548765,0.7155409,10.819559,giant_diffuse
240.36619,60.23215,0.1387,10.9071,65.9015,472.602,265.058,0.5608,56.16,-1.655,anomaly,-0.8579235389267151,1.037709294913212,1.8188952997883798,0.7104331,10.737961,ultra_steep_spectrum
45.91979,18.06635,0.3457,29.7073,77.8371,443.048,310.813,0.7015,85.75,-1.478,anomaly,-0.4613006204575932,1.4728631819825195,1.8911866469229477,0.7100375,10.731641,ultra_steep_spectrum
234.68686,30.59853,0.7623,65.654,88.2198,447.073,253.583,0.5672,41.31,-1.12,anomaly,-0.11787408022996823,1.8172611908216498,1.9455660688697878,0.70436764,10.641062,giant_diffuse
226.61543,-1.77567,0.4937,27.685,51.2113,449.224,336.152,0.7483,142.07,-1.678,anomaly,-0.3065368727804688,1.442244527847952,1.7093658005494994,0.7036803,10.630081,ultra_steep_spectrum
22.45891,1.48543,0.5592,58.104,86.3454,423.229,315.617,0.7457,179.0,-1.663,anomaly,-0.252432837262375,1.764206031153339,1.9362392057386784,0.7035108,10.627374,ultra_steep_spectrum
169.93659,-5.99644,1.2309,25.9708,17.7932,77.547,7.452,0.0961,134.2,0.006,anomaly,0.09022277168657512,1.4144853277669345,1.2502540603585848,0.70181304,10.600251,jet_candidate
8.89396,-29.37777,0.6782,37.7094,62.917,446.6,274.298,0.6142,137.53,-1.816,anomaly,-0.1686422145579325,1.5764496223350244,1.7987680064733857,0.69526637,10.495666,ultra_steep_spectrum
97.47853,40.41912,0.3645,35.1034,92.6068,431.351,316.582,0.7339,106.87,-1.761,anomaly,-0.4383024673460066,1.5453491828398067,1.966642877546398,0.6939603,10.474801,ultra_steep_spectrum
203.60408,-11.20921,0.498,45.2538,76.5533,426.44,260.36,0.6105,173.02,-1.79,anomaly,-0.30277065724028246,1.6556550531487348,1.8839639166658906,0.6915644,10.436525,ultra_steep_spectrum
27.58732,36.15313,0.3749,10.9975,28.1217,422.85,301.237,0.7124,161.93,-1.705,anomaly,-0.4260845595784493,1.0412939706489006,1.449041570910485,0.68790686,10.378095,ultra_steep_spectrum
298.48709,66.34183,0.5452,41.3082,73.7346,436.056,328.204,0.7527,130.94,-1.742,anomaly,-0.26344415283736405,1.6160362710574605,1.8676713286040287,0.6858143,10.344666,ultra_steep_spectrum
300.69377,25.65117,0.1315,9.1282,63.3343,470.398,246.577,0.5242,119.46,-1.128,anomaly,-0.8810742471742233,0.9603851469606435,1.8016389748878296,0.68490654,10.330163,giant_diffuse
257.16489,71.15792,1.4715,44.9073,28.4797,63.647,10.538,0.1656,145.47,-0.273,anomaly,0.16776026643562977,1.6523169443891252,1.4545354102095243,0.68386847,10.31358,giant_diffuse
39.62278,71.00566,0.6538,44.5353,56.8934,475.973,262.738,0.552,149.91,-1.076,anomaly,-0.18455508375564977,1.6487043821688638,1.7550618883664022,0.6823287,10.288981,giant_diffuse
86.85756,5.93429,0.1026,9.3102,88.4332,430.288,272.217,0.6326,106.3,-1.674,anomaly,-0.9888526392242025,0.9689590105155457,1.9466153404646127,0.68219453,10.286838,ultra_steep_spectrum
255.87208,3.10945,0.4635,23.989,46.589,436.241,275.006,0.6304,37.54,-1.254,anomaly,-0.3339502615194841,1.3800121444441238,1.668283388723757,0.6820569,10.284639,giant_diffuse
300.69201,21.0808,0.1369,4.0492,25.1647,434.412,264.399,0.6086,145.13,-1.764,anomaly,-0.86359655186601,0.607369228176479,1.4007917573391118,0.68178177,10.280244,ultra_steep_spectrum
4.67872,-32.35977,6.1161,198.4588,29.5868,75.155,6.021,0.0801,33.09,-0.407,anomaly,0.7864745776384425,2.2976703610245233,1.4710979959989532,0.6767479,10.199826,jet_candidate
199.72898,-35.9087,0.1135,8.1377,75.2677,422.789,249.068,0.5891,30.57,-1.581,anomaly,-0.9450041384708585,0.9105016753493983,1.8766086452415287,0.6676773,10.054919,ultra_steep_spectrum
205.34741,-17.23189,3.6358,21.3739,5.7647,75.007,7.737,0.1032,47.56,-0.219,anomaly,0.5605999853075407,1.3298837731675635,0.7607767111563603,0.66405106,9.996988,jet_candidate
259.54227,68.22184,27.4806,570.1011,21.5727,77.718,9.893,0.1273,8.87,-0.205,anomaly,1.4390262106962632,2.75595187896847,1.33390450401391,0.66050786,9.940384,jet_candidate
260.72286,-12.97007,0.9807,59.6591,58.9566,386.46,305.799,0.7913,10.15,-1.651,anomaly,-0.008463824699968562,1.77567669743399,1.770532430010169,0.6598667,9.930141,ultra_steep_spectrum
54.08449,53.66565,2.6066,47.9784,18.4747,75.134,3.878,0.0516,37.61,0.078,anomaly,0.41607439092239434,1.6810457608732183,1.2665773948664625,0.65814567,9.902647,jet_candidate
216.07351,27.34069,0.2668,23.157,92.3695,443.107,240.047,0.5417,55.9,-1.137,anomaly,-0.5738141747554887,1.3646822956496714,1.9655285927748725,0.6555065,9.860485,giant_diffuse
46.31902,-0.42589,0.1188,4.3584,36.2504,413.915,286.776,0.6928,85.75,-1.398,anomaly,-0.9251835593548252,0.6393270858966723,1.5593128030955457,0.6528398,9.8178835,ultra_steep_spectrum
15.8605,28.07666,0.5705,31.5493,64.8029,398.039,246.369,0.619,0.72,-1.418,anomaly,-0.24374435124576654,1.4989897277795232,1.8115944414541756,0.6501696,9.775227,ultra_steep_spectrum
290.74665,69.41552,0.1736,13.654,68.8422,451.586,269.745,0.5973,83.27,-1.479,anomaly,-0.7604502791595269,1.1352598985156586,1.837854740687965,0.65010786,9.7742405,ultra_steep_spectrum
83.28885,-37.22372,0.1766,3.3014,23.1862,438.719,244.584,0.5575,49.34,-1.527,anomaly,-0.7530093007584502,0.51869814695026,1.3652295776910393,0.6431992,9.663872,ultra_steep_spectrum
206.24597,-17.21469,0.523,45.5001,96.1295,449.179,231.764,0.516,152.85,-1.797,anomaly,-0.2814983111327257,1.6580123511494305,1.9828566834146897,0.6393783,9.602831,ultra_steep_spectrum
247.57555,-27.97528,0.1368,5.6945,41.4264,410.907,287.49,0.6996,123.16,-1.391,anomaly,-0.8639139026159026,0.7554555972871344,1.6172771942670099,0.6341988,9.520086,ultra_steep_spectrum
168.81331,64.73006,0.1431,10.9369,84.4851,417.66,314.985,0.7542,132.3,-1.461,anomaly,-0.8443603662402236,1.0388942412224473,1.9267801224601482,0.6316894,9.479999,ultra_steep_spectrum
329.17407,-18.84678,0.4415,47.8722,96.1182,487.833,247.537,0.5074,67.27,-1.414,anomaly,-0.3550692920864126,1.6800833862432962,1.982805629200245,0.63022876,9.456663,ultra_steep_spectrum
157.21791,33.50949,0.158,10.916,79.011,409.941,290.038,0.7075,117.91,-1.361,anomaly,-0.8013429130455774,1.0380635269978589,1.8976875584643553,0.6283126,9.426052,ultra_steep_spectrum
191.27467,79.80912,0.1321,3.049,23.7599,384.959,271.192,0.7045,151.81,-1.372,anomaly,-0.8790971823854729,0.4841574243653807,1.375844608466581,0.6268455,9.402615,ultra_steep_spectrum
116.4016,27.28227,0.291,8.1506,28.9239,430.451,266.972,0.6202,115.99,-1.222,anomaly,-0.5361070110140927,0.9111895801630236,1.461256851357094,0.62646997,9.396615,giant_diffuse
56.46853,56.89614,3.5261,63.4166,19.5742,14.558,2.575,0.1769,14.17,0.062,anomaly,0.5472946247053214,1.8022029541713473,1.2916840214229417,0.6229843,9.34093,double_lobe_candidate
196.49759,72.95203,0.0963,9.1447,85.5022,395.696,224.778,0.5681,15.61,-1.719,anomaly,-1.0163737128754655,0.9611694626301874,1.9319772894131795,0.6206403,9.303484,ultra_steep_spectrum
339.33624,-37.17922,1.0133,59.1463,65.6228,411.117,313.779,0.7632,69.06,-1.667,anomaly,0.005738042651424855,1.7719275817645765,1.8170547569644793,0.6186558,9.271781,ultra_steep_spectrum
228.6762,22.36061,0.3235,28.4666,93.1612,435.696,231.91,0.5323,26.08,-1.426,anomaly,-0.4901257149952808,1.454335598885056,1.9692350740019926,0.6180108,9.261477,ultra_steep_spectrum
206.42966,54.14942,0.3356,32.4736,90.2646,367.446,284.944,0.7755,2.36,-1.602,anomaly,-0.47417804784333734,1.511530436869599,1.9555174619529263,0.6153456,9.218899,ultra_steep_spectrum
226.24788,65.83259,0.2145,13.7894,61.2485,352.406,234.049,0.6641,157.18,-0.911,anomaly,-0.6685727034792569,1.1395453697031794,1.7870954571231037,0.6129123,9.180026,giant_diffuse
157.77776,69.17494,0.5136,13.0793,28.9696,426.65,267.985,0.6281,157.31,-1.366,anomaly,-0.28937498493920316,1.1165845013068767,1.4619424986904008,0.609677,9.128341,ultra_steep_spectrum
167.74369,52.76524,0.5648,23.6133,39.7783,421.061,294.022,0.6983,75.6,-1.579,anomaly,-0.24810531195625268,1.3731566847340206,1.5996462187985891,0.60928977,9.122154,ultra_steep_spectrum
198.5404,-3.91771,0.1137,9.5835,84.3123,395.027,257.681,0.6523,128.87,-1.336,anomaly,-0.9442395353122652,0.9815241471878212,1.9258909368128732,0.6079671,9.101025,ultra_steep_spectrum
29.00079,-17.35468,1.0023,20.3714,20.4077,414.226,326.501,0.7882,110.55,-1.618,anomaly,0.00099773035779373,1.3090208763924924,1.3097940613748515,0.6045642,9.046661,ultra_steep_spectrum
315.45789,-8.65526,0.143,15.3673,97.3025,420.742,207.901,0.4941,141.31,-0.959,anomaly,-0.8446639625349383,1.186597569639871,1.9881239987704762,0.6044855,9.045404,giant_diffuse
7.90149,-5.73593,0.9545,43.8645,43.1921,424.741,321.509,0.757,129.73,-1.274,anomaly,-0.020224067270314405,1.6421131833132174,1.635404319959526,0.604477,9.045269,giant_diffuse
235.67221,70.72178,0.1808,3.7154,20.1238,392.289,280.928,0.7161,99.61,-1.326,anomaly,-0.7428015738606555,0.5700055767617882,1.303709992447787,0.60319847,9.024844,ultra_steep_spectrum
336.9722,-4.74736,0.158,5.4413,34.8406,473.39,181.217,0.3828,159.55,-0.793,anomaly,-0.8013429130455774,0.735702670907348,1.5420856255102926,0.6014156,8.996361,giant_diffuse
355.67396,31.15687,0.3397,6.4811,22.0396,461.091,235.772,0.5113,44.67,-1.708,anomaly,-0.46890445312997203,0.8116487224426806,1.3432037081757018,0.5959996,8.909839,ultra_steep_spectrum
59.46947,65.45649,0.2797,10.2226,32.7137,403.27,272.216,0.675,45.22,-1.579,anomaly,-0.5533075336284727,1.009561367623123,1.5147296666779635,0.5952106,8.897235,ultra_steep_spectrum
200.82392,-1.31047,0.108,3.5002,29.9443,436.463,186.956,0.4283,2.8,-1.016,anomaly,-0.9665762445130504,0.5440928604687878,1.47631416515138,0.5935265,8.87033,giant_diffuse
267.39676,59.72024,0.128,9.9522,73.6295,399.673,297.36,0.744,157.69,-1.547,anomaly,-0.8927900303521317,0.9979190950420423,1.867051851298673,0.592355,8.851615,ultra_steep_spectrum
259.04391,45.34219,0.1372,12.2521,80.2308,358.317,253.203,0.7066,78.0,-0.981,anomaly,-0.8626458886292672,1.0882105328024225,1.9043411226755518,0.59200716,8.846058,giant_diffuse
271.76765,20.41917,24.0,227.9523,9.714,16.377,1.056,0.0645,5.17,0.266,anomaly,1.380211241711606,2.357843978517666,0.9873980991370174,0.59055054,8.822788,inverted_spectrum
233.77778,46.42074,0.1182,5.5162,45.2269,424.385,237.836,0.5604,148.64,-1.719,anomaly,-0.9273825234547635,0.7416400039363261,1.655396820798468,0.58839655,8.788377,ultra_steep_spectrum
249.30672,66.64696,0.5193,12.7913,22.3186,386.021,230.14,0.5962,21.88,-1.132,anomaly,-0.2845816774049437,1.1069146847551028,1.3486669487178733,0.5860894,8.751519,giant_diffuse
44.05332,3.2364,0.4454,11.2809,23.9267,377.024,267.215,0.7087,17.16,-1.666,anomaly,-0.3512497873019806,1.0523437494205081,1.378882804312637,0.58359146,8.711614,ultra_steep_spectrum
274.26693,25.92607,0.139,4.6405,30.2966,396.303,260.995,0.6586,136.76,-1.602,anomaly,-0.8569851997459049,0.6665647770079086,1.4813938930537809,0.5808532,8.66787,ultra_steep_spectrum
65.74665,-11.18643,0.311,7.2379,24.3674,353.381,273.922,0.7751,178.43,-1.018,anomaly,-0.5072396109731625,0.8596125785306493,1.3868091924636838,0.5775188,8.614601,giant_diffuse
193.8035,-18.82066,0.7271,25.1386,33.5179,422.09,280.083,0.6636,86.78,-1.408,anomaly,-0.13840585535613475,1.4003410876218232,1.5252768009194029,0.5751348,8.576515,ultra_steep_spectrum
313.79721,-27.34481,0.8268,26.0497,29.9369,402.868,302.393,0.7506,75.97,-1.729,anomaly,-0.08259953204474937,1.4158027261347834,1.476206826648396,0.5728121,8.539409,ultra_steep_spectrum
36.4925,-24.6226,0.1382,14.0498,97.3033,386.967,212.475,0.5491,21.26,-1.789,anomaly,-0.8594919569618205,1.147670142069241,1.9881275694306058,0.5687901,8.475156,ultra_steep_spectrum
290.1772,50.5269,0.7348,34.4828,43.5231,417.593,235.095,0.563,176.14,-1.652,anomaly,-0.1338308523662293,1.5376025232541095,1.638719821086864,0.56778383,8.459081,ultra_steep_spectrum
16.05891,-32.72125,1.387,35.1081,28.5187,18.571,2.667,0.1436,26.74,0.23,anomaly,0.14207646107328487,1.5454073267070647,1.4551297246968586,0.5638598,8.396393,inverted_spectrum
154.03317,-9.18196,0.6738,63.9965,76.3297,360.856,233.787,0.6479,6.43,-1.246,anomaly,-0.17146899335489862,1.8061562228549572,1.882693555469497,0.5632234,8.386226,giant_diffuse
124.45732,73.82165,14.9361,24.4126,1.8853,6.428,4.955,0.7709,50.07,-0.131,resolved_galaxy,1.1742372126340324,1.38761403527632,0.275380467527434,0.5620753,8.367885,unclassified
117.37681,71.00563,0.8635,1.6797,1.9012,5.016,3.022,0.6024,34.04,-0.096,resolved_galaxy,-0.06373765809652239,0.2252317222146462,0.2790278056227209,0.56014216,8.337002,unclassified
281.96711,42.59378,0.3162,22.9274,73.0563,367.63,279.341,0.7598,171.09,-1.07,anomaly,-0.5000381344038097,1.3603548079059078,1.8636576732102323,0.55460536,8.248549,giant_diffuse
108.04179,24.99688,1.0094,21.4385,20.4808,388.981,298.965,0.7686,146.47,-1.186,anomaly,0.004063300397667094,1.3311943955490801,1.3113469166006606,0.55011684,8.176844,giant_diffuse
75.9562,49.96188,0.4434,26.6346,59.4065,419.89,263.532,0.6276,89.4,-1.468,anomaly,-0.3532043112215306,1.4254461789095774,1.7738339661881173,0.5483939,8.149319,ultra_steep_spectrum
56.69815,-34.19873,0.8333,23.6411,30.0412,442.229,225.51,0.5099,179.69,-1.423,anomaly,-0.07919861817434579,1.3736676800271483,1.4777172766333748,0.5440694,8.080233,ultra_steep_spectrum
291.10047,71.15604,0.8231,77.3565,84.707,390.024,278.851,0.715,102.13,-1.182,anomaly,-0.08454739831152121,1.8884968118366685,1.9279193009535862,0.54294235,8.062228,giant_diffuse
351.16431,-1.84625,0.3931,33.2864,79.7008,372.227,283.68,0.7621,43.96,-1.282,anomaly,-0.40549695617991083,1.5222668277587192,1.9014626806663986,0.53978705,8.011821,giant_diffuse
287.54963,62.72007,0.2238,9.1257,44.3258,375.264,257.261,0.6855,44.43,-1.367,anomaly,-0.6501399178076688,0.9602661875917912,1.6466565825685044,0.538399,7.9896455,ultra_steep_spectrum
299.71036,29.00748,1.0426,81.3486,83.7532,381.575,280.773,0.7358,141.44,-1.631,anomaly,0.01811772059100026,1.9103500831793736,1.9230014093302854,0.53749853,7.975261,ultra_steep_spectrum
98.45567,31.77229,0.1498,11.1023,70.891,411.434,243.581,0.592,120.47,-1.444,anomaly,-0.8244881866365523,1.0454129584114666,1.8505911026239847,0.537328,7.972537,ultra_steep_spectrum
312.41999,-23.67734,3.3199,83.1635,23.318,62.188,4.403,0.0708,11.42,0.022,anomaly,0.5211250023479335,1.9199327586620816,1.3676912979646583,0.5367856,7.963872,jet_candidate
179.64463,-17.59688,0.1256,3.3614,25.3755,415.56,196.992,0.474,57.59,-1.054,anomaly,-0.9010103605988227,0.5265201957352653,1.4044146083636968,0.534546,7.9280934,giant_diffuse
26.37332,-17.52818,4.2402,61.6375,14.4474,15.53,1.364,0.0878,6.2,-1.983,anomaly,0.6273863416983662,1.789845015539194,1.1597896971098003,0.53435487,7.92504,ultra_steep_spectrum
327.57422,41.84048,0.6589,58.503,94.1065,384.574,291.89,0.759,68.05,-1.452,anomaly,-0.18118049245246357,1.767178137023028,1.9736196214786896,0.5319548,7.8866982,ultra_steep_spectrum
233.19798,-28.68569,3.9512,90.0347,20.0196,13.671,1.569,0.1147,2.03,-1.85,anomaly,0.5967290131534918,1.954409921818257,1.3014553958441877,0.53128874,7.876057,ultra_steep_spectrum
178.5575,-0.65809,0.2935,6.3335,21.9603,366.707,239.399,0.6528,113.4,-1.113,anomaly,-0.5323918944163667,0.8016437748849455,1.3416382687222543,0.53072804,7.8671,giant_diffuse
74.94625,14.75361,0.6403,41.445,65.0722,402.31,293.642,0.7299,111.58,-1.441,anomaly,-0.19361649817583243,1.6174721439721926,1.8133954898706135,0.52934486,7.8450027,ultra_steep_spectrum
198.31401,77.38159,0.7908,76.3033,93.2985,499.565,190.879,0.3821,9.21,-1.012,anomaly,-0.10193333935836534,1.8825433209273392,1.969874661463975,0.52738976,7.8137693,giant_diffuse
304.3393,33.10956,0.3335,31.0995,94.1314,314.41,175.274,0.5575,12.5,-2.009,anomaly,-0.4769041617474322,1.4927534067443124,1.9737345179226307,0.5265099,7.799713,ultra_steep_spectrum
250.0484,71.58018,7.0826,18.3931,2.6107,55.029,6.408,0.1164,178.48,-0.49,agn_jet,0.8501927150868054,1.2646549320348557,0.4167569691687459,0.5257951,7.7882943,jet_candidate
340.33072,60.75039,0.3267,15.7971,45.3198,340.568,217.493,0.6386,9.11,-1.105,anomaly,-0.48585086552456264,1.198577367359836,1.6562879846183667,0.5247447,7.7715135,giant_diffuse
306.32292,-17.14766,1.5297,6.2046,3.9328,51.069,17.005,0.333,172.04,-0.527,agn_jet,0.18460626668713603,0.7927137885112537,0.59470186120636,0.5239333,7.758551,unclassified
234.77748,1.90984,0.4088,33.5558,79.7489,431.697,201.438,0.4666,50.67,-0.928,anomaly,-0.3884891128733437,1.5257675972409386,1.9017247014191903,0.52391917,7.758325,giant_diffuse
166.19844,-20.22124,2.3778,19.0429,8.7112,111.646,33.109,0.2966,7.72,-0.403,double_lobe,0.37617532271783327,1.2797330868054386,0.9400779847988496,0.5224279,7.734502,double_lobe_candidate
129.55544,-14.73361,0.1621,18.0368,97.8789,347.355,214.053,0.6162,176.06,-1.655,anomaly,-0.7902169851514851,1.2561594896573967,1.9906890799419654,0.52113986,7.713925,ultra_steep_spectrum
104.62307,53.89615,0.1749,6.9117,45.4137,361.364,207.369,0.5739,125.01,-0.965,anomaly,-0.7572101905213234,0.8395848794748746,1.6571868867087631,0.52088183,7.7098026,giant_diffuse
248.6584,68.21758,0.3639,7.3758,21.7252,425.912,192.393,0.4517,1.23,-1.149,anomaly,-0.43901794441376457,0.867809132005173,1.3369637832103047,0.51994437,7.694826,giant_diffuse
133.32154,37.69991,0.709,28.484,35.4642,352.441,244.672,0.6942,6.51,-1.56,anomaly,-0.1493537648169335,1.4546009770977613,1.5497901674975565,0.5198922,7.693993,ultra_steep_spectrum
330.84093,62.80761,1.2913,25.2836,18.9168,62.594,9.319,0.1489,152.44,-0.433,anomaly,0.11102715102617486,1.4028389109403752,1.2768476722411903,0.51864153,7.674013,jet_candidate
102.20582,30.98542,1.236,8.7912,7.7299,48.837,8.525,0.1746,169.66,-0.447,agn_jet,0.09201847075279702,0.9440481603761509,0.8881738755833821,0.5182633,7.66797,double_lobe_candidate
110.20033,-2.80427,0.4312,43.0299,88.415,366.912,200.487,0.5464,14.25,-1.739,anomaly,-0.3653212478213177,1.6337703367983665,1.9465259512641737,0.517247,7.651735,ultra_steep_spectrum
308.81433,-31.55707,0.1728,11.5287,65.2892,350.837,228.033,0.65,34.69,-1.201,anomaly,-0.7624562618571255,1.0617803381136894,1.814841347150732,0.51686597,7.6456475,giant_diffuse
59.53952,31.29597,0.7019,60.9673,85.1084,395.891,233.403,0.5896,68.22,-1.18,anomaly,-0.15372475758778684,1.7850969622670316,1.9299724260494986,0.5164468,7.638952,giant_diffuse
213.27012,-7.70784,0.2861,29.0591,88.8575,362.806,289.204,0.7971,170.57,-1.763,anomaly,-0.5434821421947373,1.4632821594772656,1.9486940902296532,0.51390535,7.5983505,ultra_steep_spectrum
31.41273,-9.78534,0.5783,27.1224,40.4535,444.639,218.255,0.4909,178.41,-1.368,anomaly,-0.23784680769640534,1.433328116634536,1.6069561023371397,0.51249886,7.575881,ultra_steep_spectrum
4.70242,-3.97348,0.3017,32.814,98.4519,339.406,200.073,0.5895,5.98,-1.679,anomaly,-0.5204246898250116,1.5160591737582825,1.9932241019017987,0.5121635,7.570524,ultra_steep_spectrum
227.04159,31.2156,1.9634,28.8825,14.3144,48.374,3.517,0.0727,150.34,-0.469,anomaly,0.29300878665856483,1.4606347820144312,1.1557731489241414,0.51054347,7.544643,jet_candidate
106.29115,-12.62633,0.208,20.6783,99.7069,410.852,204.462,0.4977,63.72,-1.087,anomaly,-0.6819366650372385,1.3155148317639305,1.9987252137603522,0.50974065,7.531818,giant_diffuse
111.04717,-23.36206,0.1126,3.7191,41.3097,460.882,169.968,0.3688,172.08,-1.002,anomaly,-0.9484616094846725,0.570437855923994,1.6160520410473278,0.50731415,7.4930534,giant_diffuse
184.21824,-27.19649,0.6969,69.681,93.0458,403.905,201.529,0.499,163.3,-1.68,anomaly,-0.15682953548010214,1.8431143746541072,1.968696774264303,0.5063164,7.477114,ultra_steep_spectrum
257.80974,30.78851,0.2357,17.6146,77.4727,491.902,206.649,0.4201,176.76,-1.173,anomaly,-0.6276404174756762,1.2458727854812024,1.8891486918214786,0.5060938,7.473558,giant_diffuse
165.08998,-15.64625,0.1303,11.4368,82.5059,355.209,243.212,0.6847,156.18,-1.506,anomaly,-0.8850555842874153,1.0583045264895314,1.916485006075072,0.5058991,7.470447,ultra_steep_spectrum
180.13673,7.43282,0.5837,11.4184,21.149,340.966,203.021,0.5954,113.86,-0.853,anomaly,-0.23381030668984007,1.0576052527843405,1.3252898372075512,0.50557774,7.4653134,giant_diffuse
267.9902,-14.06117,0.1668,11.3284,55.9692,367.925,204.414,0.5556,15.5,-1.221,anomaly,-0.77780395369828,1.05416857533208,1.747949099330018,0.50542706,7.4629064,giant_diffuse
61.96117,62.95642,35.4746,936.9417,27.5193,10.282,1.415,0.1376,8.54,0.786,anomaly,1.5499175071944264,2.971712568309324,1.4396373826883373,0.50467736,7.4509296,inverted_spectrum
47.04743,47.79662,0.3521,7.0095,22.5563,374.078,258.054,0.6898,120.17,-1.482,anomaly,-0.45333397492981575,0.8456870400799945,1.353267862094634,0.5033381,7.4295344,ultra_steep_spectrum
128.17502,27.48216,0.9281,54.9521,72.813,330.299,214.349,0.649,70.29,-1.921,anomaly,-0.032405227328110235,1.7399842936837193,1.8622089249755776,0.5029576,7.4234557,ultra_steep_spectrum
0.06977,53.62313,0.2276,20.3615,98.4012,339.125,201.525,0.5943,11.67,-1.255,anomaly,-0.6428277422769665,1.3088097686414852,1.9930003946732169,0.5029005,7.422543,giant_diffuse
100.44917,45.18348,0.1203,3.6758,32.9667,392.775,225.213,0.5734,130.46,-1.601,anomaly,-0.9197343726601552,0.565351873426987,1.5180754760021504,0.5026601,7.418703,ultra_steep_spectrum
149.39663,-18.85672,3.8442,102.3153,24.5234,14.217,2.244,0.1578,20.46,-2.033,anomaly,0.5848059743755042,2.0099405819891025,1.3895806819505152,0.50205404,7.409021,ultra_steep_spectrum
303.82289,59.82919,16.0347,189.5724,12.81,50.182,29.668,0.5912,171.06,-1.588,double_lobe,1.2050608389408937,2.2777751083173303,1.1075491297446862,0.50186473,7.405997,ultra_steep_spectrum
57.10967,45.08285,0.7156,70.4287,98.7114,433.812,202.862,0.4676,166.98,-1.072,anomaly,-0.1453296681046646,1.8477496720919326,1.9943673114456668,0.5013232,7.397346,giant_diffuse
188.17485,79.2858,0.1149,2.3707,21.6095,321.532,191.932,0.5969,165.46,-1.243,anomaly,-0.9396799713117148,0.3748765997024031,1.33464471830605,0.4968984,7.326658,giant_diffuse
56.2742,1.25755,0.3056,20.647,62.0209,380.779,298.9,0.785,73.09,-1.496,anomaly,-0.5148466500963477,1.3148569577795712,1.7925380640973367,0.49287868,7.2624407,ultra_steep_spectrum
230.79312,37.67547,42.0152,1125.702,27.7881,75.821,11.921,0.1572,22.11,-0.153,anomaly,1.623406435204958,3.051423437687322,1.4438588530844987,0.49112952,7.2344975,giant_diffuse
273.87932,-4.01279,0.1749,11.8634,67.5142,362.59,260.031,0.7171,48.61,-1.372,anomaly,-0.7572101905213234,1.0742091738195116,1.8293951259133787,0.4897992,7.213245,ultra_steep_spectrum
91.45572,59.75896,0.2169,15.6658,73.3054,399.23,228.255,0.5717,67.95,-1.376,anomaly,-0.6637404479858067,1.1949525777503882,1.865135967871982,0.48747557,7.176124,ultra_steep_spectrum
313.88534,65.661,0.2942,20.8247,78.3716,345.747,225.485,0.6522,25.6,-1.352,anomaly,-0.5313573316084886,1.3185787536906843,1.8941587132229165,0.48733068,7.1738095,ultra_steep_spectrum
52.5404,-3.76815,0.1236,9.7895,88.1872,356.096,278.6,0.7824,168.11,-1.616,anomaly,-0.907981529247203,0.9907605107218029,1.9454055536944126,0.48702788,7.168972,ultra_steep_spectrum
114.38637,-31.2557,0.1087,8.6689,79.1039,344.414,241.263,0.7005,145.07,-1.745,anomaly,-0.9637704559137055,0.9379639931811588,1.8981978957192434,0.48694813,7.167698,ultra_steep_spectrum
107.81368,6.40862,0.128,10.6891,98.0823,287.684,177.921,0.6185,177.74,-1.864,anomaly,-0.8927900303521317,1.0289411400555262,1.9915906413668012,0.4866534,7.162989,ultra_steep_spectrum
335.50486,14.27739,0.1267,4.6029,38.8766,494.776,227.301,0.4594,92.68,-1.524,anomaly,-0.8972233851165586,0.6630315397603769,1.5896882761666453,0.48564476,7.1468763,ultra_steep_spectrum
96.13913,62.65426,1.0364,10.5727,10.7106,23.129,12.475,0.5394,157.45,-1.012,double_lobe,0.0155274043137872,1.024185909290665,1.029813800373438,0.48538393,7.1427093,unclassified
253.49974,2.17176,0.7255,19.7066,27.3882,319.607,254.931,0.7976,27.69,-1.072,anomaly,-0.1393625832262453,1.2946117014681335,1.43756349060536,0.48478448,7.133133,giant_diffuse
211.06053,72.80502,1.3022,6.0505,4.0523,38.538,18.127,0.4704,175.1,-0.874,double_lobe,0.11467769101087787,0.7817912652753481,0.6077015895810604,0.4847619,7.132772,unclassified
115.44175,13.02135,0.1961,14.2192,75.5872,411.95,224.378,0.5447,85.75,-1.589,anomaly,-0.707522406332216,1.1528751628241947,1.878448257934777,0.4842097,7.1239505,ultra_steep_spectrum
225.29702,30.31308,1.188,30.6555,27.6192,44.662,7.408,0.1659,59.06,-0.321,anomaly,0.07481644064517472,1.4865084039886185,1.4412110949298944,0.48370206,7.115841,double_lobe_candidate
218.34347,9.48086,12.9008,20.6091,1.9526,5.691,4.574,0.8037,15.27,-0.285,resolved_galaxy,1.1106166424552777,1.3140590265405845,0.29061328497498634,0.4822059,7.091939,unclassified
88.74625,65.37466,0.5978,17.3267,28.8799,396.521,231.065,0.5827,54.53,-1.61,anomaly,-0.22344408929673812,1.238715855947571,1.4605956851052406,0.4821561,7.091143,ultra_steep_spectrum
81.88234,-0.17899,0.206,7.3033,37.8478,467.479,226.813,0.4852,83.12,-1.433,anomaly,-0.6861327796308466,0.863519140661796,1.5780406400942535,0.4817034,7.0839114,ultra_steep_spectrum
352.33554,7.17021,0.1227,3.2632,27.1658,360.864,202.052,0.5599,165.52,-1.502,anomaly,-0.9111554372729957,0.5136436923090382,1.434022499006025,0.48013103,7.058792,ultra_steep_spectrum
0.3658,29.73286,46.9385,501.3523,10.9938,73.812,7.135,0.0967,1.91,-1.971,anomaly,1.671529206861813,2.700143011648053,1.0411478319851377,0.4799821,7.056413,ultra_steep_spectrum
159.85221,77.01881,4.6055,120.1363,28.5426,77.261,9.69,0.1254,179.32,-0.218,anomaly,0.6632767866399553,2.0796742522631795,1.4554935312951824,0.47773957,7.0205874,jet_candidate
217.37637,23.80111,1.5484,6.8757,5.2855,108.07,36.102,0.3341,176.41,-0.456,double_lobe,0.18988316264691749,0.8373169193258212,0.7230860771627892,0.4767076,7.0041018,unclassified
120.14562,-18.6597,3.1831,16.3046,6.0131,22.928,3.962,0.1728,7.9,-2.093,anomaly,0.5028502825939831,1.2123101487461678,0.7790984263778564,0.47616223,6.995389,ultra_steep_spectrum
127.34124,-23.67951,2.539,37.5117,16.4579,66.311,8.756,0.1321,147.97,-0.174,anomaly,0.40466270087372225,1.5741667464724873,1.2163744191754295,0.47435576,6.96653,jet_candidate
10.38472,22.85666,0.3121,8.4779,27.093,370.93,207.152,0.5585,136.96,-1.857,anomaly,-0.5057062313346673,0.9282882895966369,1.4328570969973282,0.4742731,6.965209,ultra_steep_spectrum
166.15682,72.2235,0.307,11.7406,36.9044,342.74,202.897,0.592,62.56,-0.936,anomaly,-0.5128616245228135,1.0696902919738343,1.567078148863686,0.47410315,6.9624944,giant_diffuse
124.60477,32.59782,0.1678,4.4256,30.38,352.988,222.58,0.6306,141.89,-1.696,anomaly,-0.7752080435073185,0.6459721584292166,1.4825877695267675,0.47309488,6.946387,ultra_steep_spectrum
147.72768,13.53818,42.3462,383.2797,8.0595,20.169,1.33,0.0659,2.47,0.634,anomaly,1.6268144443461603,2.5835158179200235,0.9063080996243752,0.4729619,6.9442625,inverted_spectrum
2.49153,37.27795,23.3143,219.7148,9.9919,117.02,34.511,0.2949,129.02,-0.506,double_lobe,1.367622380515319,2.3418593120040194,0.9996480789223728,0.4722612,6.9330683,double_lobe_candidate
263.26296,-23.76391,0.1684,13.6158,73.4998,350.811,254.263,0.7248,71.42,-1.176,anomaly,-0.7736579128363693,1.1340431635150203,1.8662861573288947,0.47207046,6.9300213,giant_diffuse
70.74731,72.70806,1.5755,13.1654,7.5439,16.936,1.143,0.0675,23.23,0.686,anomaly,0.19741840751001843,1.1194340586683482,0.8775959228713671,0.47085693,6.9106345,inverted_spectrum
131.27139,22.57245,0.7331,58.3404,91.4758,147.817,44.676,0.3022,15.78,-1.346,anomaly,-0.1348367804939138,1.7659694024545043,1.9613062162900063,0.47037202,6.902888,ultra_steep_spectrum
241.9912,-8.30779,0.1382,12.7789,97.1395,304.911,233.226,0.7649,172.97,-1.052,anomaly,-0.8594919569618205,1.106493471624369,1.987395863726272,0.469857,6.8946605,giant_diffuse
252.29164,10.3732,2.3107,13.0609,5.7835,58.181,21.061,0.362,170.55,-0.454,agn_jet,0.3637435643445684,1.1159731043178107,0.7621907399180133,0.46910363,6.882625,unclassified
41.73232,78.67297,0.2144,12.0414,53.2309,324.749,212.119,0.6532,9.41,-1.802,anomaly,-0.6687752189792676,1.080676983344385,1.7261638090570197,0.467605,6.8586836,ultra_steep_spectrum
203.22045,-7.74991,0.3335,12.5919,40.7263,408.224,196.706,0.4819,167.06,-1.814,anomaly,-0.4769041617474322,1.1000912660298687,1.6098749560576624,0.46693522,6.847984,ultra_steep_spectrum
89.37127,-16.97786,1.0437,13.6952,13.1728,76.045,11.263,0.1481,36.64,-0.351,anomaly,0.018575683467251414,1.1365683789238354,1.1196780980674452,0.4663031,6.8378854,jet_candidate
212.53781,11.04992,0.1691,6.5177,37.0556,351.75,222.646,0.633,37.09,-1.35,anomaly,-0.7718563924022582,0.8140943666625691,1.5688538497058624,0.46550775,6.825179,ultra_steep_spectrum
14.91074,17.30259,0.1003,5.0358,44.0465,411.332,213.644,0.5194,54.86,-1.589,anomaly,-0.9986990669795819,0.7020684734967492,1.6439114044375787,0.46534005,6.8225,ultra_steep_spectrum
116.74722,75.63371,76.5313,238.7009,3.0139,43.155,24.569,0.5693,177.31,-1.533,double_lobe,1.8838390905414124,2.3778540564776254,0.4791288384999573,0.4649167,6.8157372,ultra_steep_spectrum
74.60065,-1.80735,0.4323,25.2473,59.7503,397.013,198.708,0.5005,171.33,-1.077,anomaly,-0.36421476446634826,1.402214940561658,1.7763400901727693,0.46431357,6.806102,giant_diffuse
112.25848,-30.41888,0.1478,12.3777,93.6666,298.29,190.967,0.6402,51.87,-0.96,anomaly,-0.8303255659411931,1.092639952429871,1.9715847560789146,0.46395922,6.800441,giant_diffuse
132.26874,58.26451,2.544,20.0757,7.6837,113.826,25.822,0.2269,47.92,-0.463,double_lobe,0.4055171069763763,1.3026706972053748,0.8855704000615968,0.4608019,6.7500014,double_lobe_candidate
219.09695,60.16989,0.4946,51.2025,99.4822,346.232,242.287,0.6998,59.37,-1.626,anomaly,-0.3057458879747215,1.7092911662433774,1.9977453809132932,0.45766455,6.699881,ultra_steep_spectrum
302.35191,-4.89542,0.3495,12.8052,37.714,368.921,247.868,0.6719,120.97,-1.51,anomaly,-0.4565528199182998,1.1073863659530676,1.5765025967334003,0.4528225,6.6225276,ultra_steep_spectrum
107.73824,56.76804,1.6346,6.7298,3.9913,50.954,17.371,0.3409,170.18,-0.419,agn_jet,0.21341149458278155,0.8280021578068849,0.6011143720957209,0.45085388,6.591078,unclassified
183.04051,-21.09162,1.7858,18.1811,9.2344,50.434,18.724,0.3713,172.38,-0.52,agn_jet,0.2518328186286397,1.259620155534908,0.9654086826507192,0.45072222,6.5889745,unclassified
7.19251,67.55667,0.2368,6.2895,28.2097,356.532,200.654,0.5628,23.91,-1.339,anomaly,-0.6256183019491178,0.7986161214592494,1.4503984676145172,0.4500659,6.57849,ultra_steep_spectrum
308.78093,61.17009,2.5749,23.9902,9.8329,30.808,17.633,0.5723,25.17,-1.525,double_lobe,0.41076036724458753,1.3800338685820166,0.9926816224358972,0.4495955,6.570975,ultra_steep_spectrum
175.07171,51.71948,0.1296,4.7937,31.9498,376.499,221.753,0.589,80.54,-1.442,anomaly,-0.8873949984654255,0.6806708514704036,1.504468143897604,0.448438,6.552483,ultra_steep_spectrum
130.84709,10.09194,7.2647,132.0349,17.602,66.103,3.325,0.0503,54.45,-0.598,anomaly,0.8612176845618174,2.120688740857958,1.2455620166559622,0.44646916,6.52103,jet_candidate
137.30935,-32.50098,1.7194,3.7891,2.2681,40.407,11.609,0.2873,179.15,-0.674,agn_jet,0.2353769224022368,0.5785360671053181,0.35566219858541004,0.44618988,6.5165687,unclassified
91.97231,29.80043,0.3496,11.7668,32.4845,353.203,189.708,0.5371,0.74,-1.707,anomaly,-0.45642857603763454,1.070658371824209,1.5116761865112043,0.44582456,6.510732,ultra_steep_spectrum
258.13908,27.35172,0.1061,9.4159,89.119,451.128,180.423,0.3999,156.04,-1.067,anomaly,-0.9742846160986594,0.9738618375075525,1.949970304659563,0.4452025,6.500795,giant_diffuse
345.77617,-19.98723,0.4835,22.9659,51.7594,368.659,248.52,0.6741,93.54,-1.448,anomaly,-0.31560352158097954,1.3610834694523921,1.7139892333059406,0.4439814,6.4812875,ultra_steep_spectrum
99.81522,20.05353,32.785,251.6818,8.239,24.247,4.586,0.1891,0.86,0.854,anomaly,1.515675188002534,2.400851811315734,0.9158745028576916,0.44331694,6.470672,inverted_spectrum
1.97964,-24.84762,0.9241,3.8487,4.1862,20.301,7.126,0.351,170.38,-0.946,resolved_galaxy,-0.034281029755779104,0.5853140598547045,0.6218199733627874,0.44322294,6.4691706,unclassified
3.56092,53.34316,0.7201,42.646,54.1307,375.157,227.688,0.6069,87.74,-1.109,anomaly,-0.14260718907909872,1.6298783025751775,1.7334436432774953,0.4431711,6.4683423,giant_diffuse
174.54728,-5.79858,0.4219,31.943,75.2165,348.746,193.298,0.5543,51.75,-1.0,anomaly,-0.374790474618119,1.5043757014787995,1.8763131208166195,0.44234282,6.45511,giant_diffuse
195.1043,-11.64622,0.5523,10.1647,21.5822,403.6,208.499,0.5166,138.96,-1.356,anomaly,-0.25782495677632283,1.0070945654367027,1.3340957127825424,0.44154328,6.442337,ultra_steep_spectrum
9.11544,-0.60158,0.1048,4.3983,45.241,319.335,219.162,0.6863,12.67,-1.635,anomaly,-0.9796387173522921,0.6432848484674967,1.6555321959369296,0.44106045,6.4346237,ultra_steep_spectrum
208.39657,-37.67437,0.4998,50.8004,94.4772,483.932,210.135,0.4342,138.06,-1.187,anomaly,-0.30120374820956874,1.705867131912046,1.9753270137061285,0.43953976,6.4103303,giant_diffuse
352.85226,-0.00129,0.4526,32.7884,80.1506,369.009,181.17,0.491,3.02,-1.182,anomaly,-0.3442854503812902,1.5157202245948047,1.9039067777907726,0.4392681,6.4059906,giant_diffuse
114.92111,-38.46527,2.3241,15.7617,7.0373,69.953,3.694,0.0528,27.54,-1.547,anomaly,0.3662548106863863,1.1976030571130913,0.8474060653896857,0.4387287,6.3973727,ultra_steep_spectrum
248.61979,-16.94777,0.1068,2.856,27.8735,336.445,246.457,0.7325,132.67,-1.767,anomaly,-0.9714287473074623,0.4557582031041368,1.445191505320753,0.4374117,6.376333,ultra_steep_spectrum
130.86286,-31.11583,2.3464,72.5684,29.8069,71.444,14.272,0.1998,168.54,-0.605,anomaly,0.37040204997249576,1.860747547791046,1.4743168105545494,0.43515635,6.3403034,giant_diffuse
282.76445,66.50232,0.6198,41.4962,69.3604,401.744,209.793,0.5222,88.68,-1.638,anomaly,-0.20774842809673577,1.6180083281676922,1.8411115890427192,0.43239322,6.296161,ultra_steep_spectrum
226.19205,-19.20102,21.5717,444.6263,20.0862,63.864,6.664,0.1043,30.18,-0.254,anomaly,1.3338843718770865,2.6479951479874857,1.3028977826850898,0.43149453,6.2818046,jet_candidate
35.8779,79.42062,0.9211,48.8503,51.6729,387.339,234.779,0.6061,117.64,-1.398,anomaly,-0.03569321769606351,1.6888672351570335,1.7132628358180664,0.43105006,6.274704,ultra_steep_spectrum
24.63944,61.73835,0.3446,9.0595,22.7752,483.724,149.404,0.3089,38.21,-1.122,anomaly,-0.4626847268879903,0.9571042293287895,1.357462199410788,0.42983443,6.2552834,giant_diffuse
308.71421,70.78104,8.7122,167.5256,20.3208,63.723,8.312,0.1304,66.96,-0.283,anomaly,0.9401278366627085,2.2240811820547366,1.3079408014832605,0.42908424,6.243299,jet_candidate
332.28628,58.95491,1.2141,21.9481,20.2929,67.122,4.888,0.0728,18.24,-1.291,anomaly,0.08425445911122911,1.3413969302623894,1.3073441152443246,0.42578617,6.190611,jet_candidate
49.89696,-11.84442,1.6395,8.618,5.3044,48.419,17.713,0.3658,153.08,-0.525,agn_jet,0.214711421005384,0.935406489752349,0.7246362663851492,0.42576456,6.1902657,unclassified
158.05585,-19.2653,0.1625,14.9572,95.9393,469.622,211.469,0.4503,93.06,-1.714,anomaly,-0.7891466346851068,1.1748503008571445,1.9819965454072768,0.42403552,6.1626434,ultra_steep_spectrum
305.80835,79.09568,0.186,8.0706,46.1533,461.586,185.34,0.4015,8.28,-1.177,anomaly,-0.7304870557820837,0.9069058230743327,1.6642027588950308,0.4232926,6.1507754,giant_diffuse
211.00997,63.42178,1.8297,7.914,4.2084,20.108,4.314,0.2146,176.82,-0.848,agn_jet,0.2623798880773635,0.8983960459300089,0.6241170119291274,0.4229474,6.1452603,unclassified
25.451,-15.90736,0.447,23.8779,52.3545,341.825,270.123,0.7902,63.0,-1.221,anomaly,-0.34969247686806354,1.3779961290521532,1.7189540163143184,0.4223936,6.136413,giant_diffuse
238.51481,14.32048,0.2842,26.1986,84.6333,433.713,195.129,0.4499,172.23,-1.456,anomaly,-0.546375926408549,1.4182780841243314,1.9275412751046044,0.420538,6.1067696,ultra_steep_spectrum
181.76846,79.35441,0.5011,34.7408,69.5723,474.901,218.982,0.4611,123.28,-1.459,anomaly,-0.3000755972575233,1.5408398150202673,1.8424363609945218,0.41975093,6.0941954,ultra_steep_spectrum
117.4539,-27.6206,0.2788,19.9025,70.2619,417.346,207.551,0.4973,123.48,-1.32,anomaly,-0.5547072305740282,1.298907632591162,1.8467198896683419,0.4192158,6.0856466,ultra_steep_spectrum
280.82347,47.46697,1.6499,23.7445,13.0234,22.047,4.953,0.2247,163.36,-0.714,double_lobe,0.21745762253858059,1.3755630288547722,1.1147243796603323,0.41827065,6.0705476,double_lobe_candidate
317.77983,65.33737,0.2444,7.8464,31.3242,308.022,185.359,0.6018,133.97,-0.948,anomaly,-0.6118987984294834,0.8946704441662834,1.4958799882049865,0.4181104,6.0679874,giant_diffuse
7.10488,74.83628,44.9956,532.2151,11.8936,73.013,5.283,0.0724,7.38,-0.896,anomaly,1.6531700473498319,2.7260871921876477,1.0753133284196965,0.41809052,6.06767,jet_candidate
99.742,58.83399,0.5176,52.494,99.1043,497.215,212.472,0.4273,129.56,-1.639,anomaly,-0.28600573233935606,1.7201096669144573,1.9960924983375274,0.4180642,6.0672493,ultra_steep_spectrum
357.56614,13.14791,0.822,29.0236,40.9476,483.311,219.685,0.4545,107.78,-1.683,anomaly,-0.08512818245994963,1.4627512800234055,1.6122284521940795,0.41783577,6.0636,ultra_steep_spectrum
99.85005,78.77143,3.4364,23.7778,8.0505,35.02,4.362,0.1246,174.54,-0.594,agn_jet,0.5361037103634877,1.3761716697923696,0.9058228543427167,0.4175732,6.059406,jet_candidate
170.43658,33.58044,0.9104,82.7175,88.746,144.007,111.42,0.7737,1.68,-1.663,anomaly,-0.040767750949004054,1.9175974001138436,1.948148787450214,0.41696158,6.0496345,ultra_steep_spectrum
3.231,19.86502,0.3272,31.1664,97.1013,134.683,46.197,0.343,30.14,-1.686,anomaly,-0.48518670500071465,1.493686640248343,1.987225044316317,0.41628465,6.0388203,ultra_steep_spectrum
75.5836,5.80441,1.1443,12.9515,13.2488,33.747,2.846,0.0843,76.15,-0.049,anomaly,0.05853989793978079,1.1123200698842577,1.122176544161196,0.41548848,6.026101,jet_candidate
84.37408,65.66157,0.427,38.0886,94.3768,413.612,178.423,0.4314,9.58,-1.819,anomaly,-0.36957212497497616,1.5807950098505315,1.9748652477907558,0.41436005,6.008074,ultra_steep_spectrum
258.58803,23.53556,35.7046,452.0289,12.2575,117.632,23.757,0.202,139.3,-0.761,double_lobe,1.5527241720203424,2.65516620186735,1.0884019019182158,0.4117183,5.9658713,double_lobe_candidate
103.0437,-28.11352,0.9224,22.6779,26.9386,336.949,233.313,0.6924,112.15,-1.722,anomaly,-0.03508070571335739,1.3556028359070385,1.4303750216737672,0.41138947,5.960618,ultra_steep_spectrum
164.2092,26.41405,35.1641,1038.0015,29.9951,75.125,6.561,0.0873,72.42,-1.097,anomaly,1.54609950643489,3.0161979811051673,1.4770503141606481,0.4112932,5.95908,jet_candidate
165.85164,41.22626,0.4973,25.5043,48.205,492.211,221.229,0.4495,92.82,-1.703,anomaly,-0.303381540767775,1.4066134082314785,1.6830920871971289,0.4109426,5.9534793,ultra_steep_spectrum
93.22554,-37.22292,128.0338,975.5294,7.7153,116.861,24.077,0.206,143.3,-0.669,double_lobe,2.1073246353957003,2.9892403624700186,0.8873528177370137,0.41032127,5.943553,double_lobe_candidate
100.13731,64.96587,164.645,1994.5754,12.7269,58.712,33.041,0.5628,125.56,-1.603,double_lobe,2.2165485464334034,3.299850458387142,1.1047226317096595,0.40889174,5.9207153,ultra_steep_spectrum
140.75538,60.43642,0.7842,49.9201,63.5506,362.71,274.441,0.7566,119.81,-1.349,anomaly,-0.10557316203581206,1.6982754466544294,1.8031196552119633,0.40805364,5.9073267,ultra_steep_spectrum
227.71935,10.62715,0.367,22.7443,61.1281,352.66,276.289,0.7834,69.2,-1.705,anomaly,-0.4353339357479107,1.3568725751156123,1.7862408971419903,0.40792128,5.9052124,ultra_steep_spectrum
113.66028,33.54986,1.3143,11.2936,9.5339,36.17,12.271,0.3393,154.4,-0.674,agn_jet,0.11869450789783784,1.0528324017053479,0.9792705923491569,0.40774557,5.9024053,unclassified
136.72323,-37.26502,13.1761,291.6073,23.7425,44.862,3.157,0.0704,42.2,-0.397,anomaly,1.1197868822518153,2.464798391765398,1.3755264466758887,0.40722913,5.8941545,jet_candidate
142.36766,-9.6484,56.9098,405.478,7.1966,111.667,24.041,0.2153,41.09,-0.651,double_lobe,1.755187059355487,2.607967295691945,0.8571273644881814,0.40694928,5.889684,double_lobe_candidate
69.05569,-3.26954,0.1018,8.2828,78.2116,371.729,182.289,0.4904,49.35,-1.913,anomaly,-0.99225222199926,0.9181771748268674,1.893271170481565,0.4066432,5.884794,ultra_steep_spectrum
100.52916,63.1726,0.1195,13.1339,91.5765,492.389,167.637,0.3405,171.59,-1.438,anomaly,-0.9226320947158435,1.118393705296061,1.9617840410290488,0.4064063,5.88101,ultra_steep_spectrum
340.2511,-20.57979,11.4957,35.1973,2.663,54.841,6.498,0.1185,168.94,-0.581,agn_jet,1.0605354216149823,1.5465093498396332,0.4253711664389412,0.40588206,5.872635,jet_candidate
161.61781,58.58268,1.5537,17.3913,12.4113,111.545,55.896,0.5011,172.29,-0.524,double_lobe,0.1913671657375565,1.2403320467367356,1.0938172733002867,0.40498394,5.858287,unclassified
333.02212,0.06086,0.3485,20.7629,56.6784,295.994,190.975,0.6452,161.29,-0.948,anomaly,-0.4577972175659718,1.3172880122803734,1.7534175818545537,0.4048821,5.85666,giant_diffuse
228.11952,23.52146,0.4665,45.9894,99.6274,297.029,183.163,0.6166,160.57,-1.687,anomaly,-0.3311483519174812,1.6626577435947174,1.9983787965793458,0.40433872,5.847979,ultra_steep_spectrum
45.37931,5.68083,1.0251,10.0827,9.4331,39.905,9.868,0.2473,133.22,-0.414,agn_jet,0.010766233518425195,1.0035768454116087,0.9746544384054339,0.4034196,5.8332963,double_lobe_candidate
132.31459,42.07649,3.797,35.0194,9.7673,53.699,6.574,0.1224,20.11,0.076,anomaly,0.5794405971397972,1.544308700887307,0.9897745271621758,0.40266752,5.8212814,jet_candidate
57.80693,0.33634,0.1167,2.2514,21.0318,428.603,173.099,0.4039,45.44,-1.218,anomaly,-0.9329291439546298,0.35245266175301565,1.3228764432338442,0.4025663,5.8196645,giant_diffuse
61.23887,-26.80938,4.4775,17.5793,4.8872,56.043,21.129,0.377,178.31,-0.487,agn_jet,0.6510355945210692,1.2450015776666525,0.6890601121239531,0.4019525,5.8098583,unclassified
199.02268,-15.69542,0.1142,4.2298,34.2647,352.593,204.664,0.5805,65.91,-1.625,anomaly,-0.9423338960901708,0.6263198328715324,1.5348469337627837,0.40180576,5.807514,ultra_steep_spectrum
291.87064,74.27721,0.5964,55.4131,94.7024,288.188,215.519,0.7478,125.21,-1.92,anomaly,-0.22446236521904303,1.7436124467712466,1.9763609852709514,0.4016461,5.8049636,ultra_steep_spectrum
120.79639,-7.72421,0.6729,17.8769,30.2601,348.959,207.331,0.5941,138.06,-1.102,anomaly,-0.17204947169736978,1.2522922107899905,1.4808703588945846,0.40124935,5.7986255,giant_diffuse
19.81624,-22.0086,1.0616,6.6937,6.4169,45.619,23.83,0.5224,139.8,-0.714,double_lobe,0.02596090985637914,0.8256662441340714,0.8073252713643418,0.4007578,5.7907724,unclassified
269.36433,15.31104,1.6521,20.043,11.9123,33.574,19.505,0.5809,45.44,-1.513,double_lobe,0.21803633120094496,1.301962726473363,1.0759956221772933,0.40019235,5.781739,ultra_steep_spectrum
266.99273,-29.71183,2.5402,24.5598,9.3348,21.382,10.869,0.5083,166.12,-0.985,double_lobe,0.404867911689591,1.3902248258547147,0.9701050175366387,0.40005404,5.7795296,unclassified
335.64514,-31.14248,3.0368,15.7682,5.3273,57.172,21.912,0.3833,172.95,-0.509,agn_jet,0.48241619074719866,1.1977821197915244,0.7265071542047644,0.39973846,5.7744884,unclassified
161.63941,-11.49557,0.1636,3.941,21.796,408.102,179.276,0.4393,5.4,-1.645,anomaly,-0.7862167006646958,0.595606434865603,1.3383767992320712,0.39952245,5.7710376,ultra_steep_spectrum
94.95713,31.44685,13.582,397.088,29.7847,67.282,10.0,0.1486,30.08,-0.105,anomaly,1.1329637261307266,2.598886762882245,1.4739932301189085,0.39895794,5.762019,jet_candidate
101.43503,20.204,0.2743,10.5227,37.1155,442.221,201.426,0.4555,28.5,-1.365,anomaly,-0.5617741923954706,1.022127188929058,1.5695553155091617,0.3987316,5.7584033,ultra_steep_spectrum
202.58415,-4.73307,7.0991,89.8559,12.959,37.95,21.421,0.5645,31.13,-1.622,double_lobe,0.8512032938164074,1.953546598454664,1.1125714898649794,0.39817974,5.749587,ultra_steep_spectrum
173.08962,-30.22536,0.1519,10.8844,71.518,333.899,213.722,0.6401,59.16,-1.554,anomaly,-0.8184422261372136,1.0368044936553746,1.8544153609177727,0.3974991,5.7387137,ultra_steep_spectrum
88.09218,-33.80031,2.0154,15.2554,9.5303,44.615,4.882,0.1094,80.27,-0.249,anomaly,0.3043612542253079,1.1834235994261664,0.979106571812923,0.39749497,5.7386475,jet_candidate
192.64791,19.01798,0.6452,62.3159,92.9568,346.175,184.033,0.5316,167.5,-1.13,anomaly,-0.1903056412830761,1.7945988717192098,1.9682811648928296,0.39667684,5.725578,giant_diffuse
77.55984,63.22468,2.7877,41.2554,14.4185,25.914,15.38,0.5935,154.4,-0.962,double_lobe,0.4452460350806173,1.6154808022607878,1.1589200817698595,0.39655936,5.723701,unclassified
192.75329,-4.53535,7.9863,45.0207,5.7146,54.481,7.143,0.1311,172.73,-0.534,agn_jet,0.9023456201455017,1.653412243302749,0.756985836853364,0.39600486,5.7148423,jet_candidate
255.35779,44.33355,0.4338,21.1541,53.0085,141.969,44.789,0.3155,7.73,-1.732,anomaly,-0.3627104523218255,1.3253945530259397,1.724345515017979,0.39526463,5.7030168,ultra_steep_spectrum
173.63282,48.22959,2.5708,15.9156,5.98,42.813,16.751,0.3913,176.78,-0.68,agn_jet,0.4100682912383624,1.2018230156731613,0.7767011839884109,0.3950836,5.700125,unclassified
217.36984,-16.17852,2.1153,15.4026,9.1104,50.01,2.55,0.051,7.03,-1.489,anomaly,0.3253719693967049,1.1875940370925993,0.9595374454668611,0.39496583,5.6982436,ultra_steep_spectrum
74.57437,76.18255,74.8933,1996.1874,25.3748,71.91,5.152,0.0716,99.13,-0.796,anomaly,1.8744429671897214,3.300201309980178,1.4044026278970847,0.39493895,5.697814,jet_candidate
121.62322,64.30566,0.2672,10.9151,46.123,330.501,211.788,0.6408,152.7,-1.34,anomaly,-0.5731635461964919,1.0380277189044569,1.6639175475617933,0.39377356,5.6791964,ultra_steep_spectrum
250.50516,76.25938,40.2381,252.9804,6.1577,105.976,22.891,0.216,153.33,-0.722,double_lobe,1.6046374656115667,2.4030868749245022,0.7894185264771647,0.3934691,5.6743326,double_lobe_candidate
223.33345,31.10856,1.1632,6.9318,5.6307,110.131,23.495,0.2133,28.76,-0.649,double_lobe,0.06565439351496262,0.8408460237260371,0.750562389032476,0.39278606,5.6634207,double_lobe_candidate
247.5711,-31.3965,3.739,103.72,27.1043,76.511,4.602,0.0601,145.43,-0.072,anomaly,0.5727554651542196,2.015862508097314,1.4330381956024845,0.39273837,5.662659,jet_candidate
197.64172,-2.58919,0.1125,12.5562,92.3872,312.537,249.811,0.7993,169.28,-1.694,anomaly,-0.9488474775526187,1.098858224693234,1.9656118050465055,0.39087567,5.6329017,ultra_steep_spectrum
254.2919,-30.75661,1.3351,3.8798,2.8043,38.088,8.313,0.2183,177.66,-0.72,agn_jet,0.12551379590411496,0.5888093387037204,0.44782447198195774,0.39017895,5.6217713,unclassified
177.96654,44.72119,12.9257,52.2365,3.9122,36.189,21.418,0.5918,48.73,-1.574,double_lobe,1.1114540719133963,1.7179740702270327,0.5924210487423882,0.38973397,5.6146626,ultra_steep_spectrum
153.60063,58.09898,3.894,16.3336,5.057,48.339,26.331,0.5447,174.46,-0.785,double_lobe,0.5903959471840129,1.2130819157731236,0.7038929536325446,0.3894769,5.6105556,unclassified
147.91606,60.68091,0.9268,87.3007,88.391,335.47,267.083,0.7961,123.87,-1.613,anomaly,-0.033013974882062064,1.941017726007042,1.94640804726058,0.38873067,5.5986342,ultra_steep_spectrum
17.28921,8.22279,1.4374,13.4665,8.6893,51.754,15.349,0.2966,160.25,-0.479,agn_jet,0.15757764052072906,1.1292547354259748,0.9389847915945587,0.38865054,5.5973544,double_lobe_candidate
276.40601,-20.36867,1.5884,8.7223,5.2577,30.886,2.254,0.073,64.18,-0.124,anomaly,0.20095987839184537,0.9406310199783086,0.7207958019944647,0.38833117,5.5922523,jet_candidate
264.74322,20.1137,5.1528,8.7,1.6553,5.638,4.654,0.8255,3.19,-0.468,resolved_galaxy,0.7120432861478547,0.9395192526186185,0.21887671505275658,0.38824943,5.590946,unclassified
334.32869,-30.36764,1.3861,9.6198,8.1834,23.884,4.955,0.2075,164.03,-0.71,agn_jet,0.1417945635236572,0.9831660429526474,0.9129337797654992,0.38785028,5.58457,double_lobe_candidate
53.61574,40.93485,1.1167,6.9069,5.6609,36.613,17.523,0.4786,175.58,-0.849,double_lobe,0.04793651613807908,0.839283168216574,0.752885483124873,0.38771725,5.5824447,unclassified
263.8348,35.42991,0.3757,20.8268,55.1799,108.585,40.988,0.3775,11.73,-1.626,anomaly,-0.4251588049366154,1.3186225465150854,1.7417809090919245,0.38685206,5.5686226,ultra_steep_spectrum
104.81655,38.98394,2.2247,46.6701,25.309,49.792,4.831,0.097,15.13,-1.723,anomaly,0.34727145480960453,1.6690387314487227,1.4032749858116864,0.38578102,5.5515127,ultra_steep_spectrum
289.05434,38.30859,51.9963,300.0201,6.6501,33.599,19.855,0.591,173.87,-1.316,double_lobe,1.715972440812608,2.4771503514752196,0.8228281759980905,0.3848672,5.536914,ultra_steep_spectrum
342.67008,-3.89861,1.6679,11.2057,6.3989,34.384,8.446,0.2456,160.76,-0.621,agn_jet,0.22217000868176526,1.0494389913165754,0.8061053232043249,0.3846006,5.532655,double_lobe_candidate
139.45517,69.81124,33.4412,56.5832,2.0059,21.367,8.211,0.3843,171.72,-1.038,agn_jet,1.524281853217567,1.7526875048573396,0.30230927836998506,0.38427976,5.5275292,unclassified
327.63977,-8.35671,1.0438,22.3666,22.7594,36.314,3.707,0.1021,175.53,-0.631,anomaly,0.018617292519441633,1.3495999709780058,1.3571608086841993,0.38414347,5.525352,jet_candidate
224.87006,12.97733,0.1316,6.4804,55.7579,437.123,182.429,0.4173,91.26,-1.064,anomaly,-0.8807441107220634,0.8116018133445627,1.74630640864113,0.3836309,5.5171633,giant_diffuse
227.98749,45.63507,0.4453,34.1097,67.244,325.447,230.815,0.7092,151.83,-1.186,anomaly,-0.3513473048687771,1.5328778997381647,1.827653539482762,0.38360626,5.51677,giant_diffuse
191.21884,-39.78006,24.0696,418.0968,14.3557,24.646,14.462,0.5868,177.28,-1.016,double_lobe,1.381468873023837,2.621276843590452,1.1570243740338744,0.38346034,5.5144386,unclassified
282.36671,-35.86077,0.2565,8.1913,27.6364,312.286,211.085,0.6759,33.29,-1.3,anomaly,-0.5909126305521649,0.9133528319219636,1.4414814698902605,0.38171348,5.4865317,giant_diffuse
195.49479,45.51277,49.5068,275.7552,5.5276,113.918,32.703,0.2871,170.08,-0.742,double_lobe,1.6946648554921402,2.4405237108130904,0.7425366081580959,0.38107938,5.476402,double_lobe_candidate
340.83368,13.04714,4.8867,11.9993,2.6686,29.108,8.62,0.2961,175.5,-0.869,agn_jet,0.6890156780206492,1.0791559114639147,0.4262834816887792,0.38087636,5.473159,unclassified
30.10622,-38.10605,1.4901,6.4538,3.6182,106.993,31.646,0.2958,8.48,-0.658,double_lobe,0.17321541471488577,0.809815502709934,0.5584925692943106,0.38080695,5.4720497,unclassified
341.49966,-18.48373,0.4508,29.2537,70.9275,416.741,184.846,0.4436,79.23,-0.986,anomaly,-0.3460160926259311,1.466180803339884,1.8508146524279874,0.3799525,5.4583993,giant_diffuse
196.26462,-20.67547,0.6672,37.0041,61.8966,369.459,197.859,0.5355,52.67,-1.467,anomaly,-0.1757439623703177,1.5682498459245036,1.7916667937407509,0.37965056,5.453576,ultra_steep_spectrum
194.84076,53.70651,0.5175,34.3956,68.0886,486.115,167.37,0.3443,0.82,-1.704,anomaly,-0.2860896458710447,1.536502889724459,1.833074404548068,0.3789763,5.4428043,ultra_steep_spectrum
297.02656,-22.24519,0.1004,7.7804,74.3725,285.342,164.7,0.5772,150.2,-1.084,anomaly,-0.9982662871909994,0.8910019251808408,1.8714123803574083,0.37845558,5.4344854,giant_diffuse
275.75938,64.39096,0.1055,2.9336,23.3548,310.479,153.722,0.4951,0.56,-1.283,anomaly,-0.9767475403662885,0.46740089695254633,1.3683761525371696,0.37827513,5.431603,giant_diffuse
202.81573,68.6057,2.4714,20.9158,8.0358,18.987,5.816,0.3063,179.62,-0.844,agn_jet,0.39294304234006117,1.3204744803888449,0.9050291192189105,0.3778373,5.424608,unclassified
50.71995,69.04371,0.1336,6.9406,48.4985,331.944,210.711,0.6348,61.58,-1.561,anomaly,-0.8741935418604732,0.8413970159052395,1.6857283066064512,0.3770958,5.4127626,ultra_steep_spectrum
159.17995,61.1113,0.1122,9.2764,85.3286,460.725,147.286,0.3197,6.39,-1.689,anomaly,-0.9500071430798575,0.9673794672241792,1.9310946201520045,0.37707257,5.4123917,ultra_steep_spectrum
3.45529,40.2575,1.0483,6.4942,5.8247,50.868,24.231,0.4764,173.37,-0.779,double_lobe,0.020485585796551454,0.8125256593375471,0.7652735620242797,0.37644082,5.402299,unclassified
88.74879,15.3153,0.1854,15.856,91.4578,460.836,193.647,0.4202,84.8,-1.157,anomaly,-0.7318902701915218,1.2001936371412,1.9612207502990733,0.37640622,5.4017463,giant_diffuse
273.06162,32.40779,2.779,22.5468,8.3664,59.141,19.562,0.3308,130.56,-0.323,agn_jet,0.4438885467773719,1.353084912468595,0.9225386244855804,0.3763786,5.401305,unclassified
48.16796,12.53535,1.4466,13.457,8.0366,40.171,14.568,0.3626,152.45,-0.637,agn_jet,0.16034846076109732,1.1289482524093308,0.9050723530341229,0.37597752,5.3948975,unclassified
36.4292,43.9245,0.3865,12.2671,32.2426,395.311,188.041,0.4757,114.64,-1.085,anomaly,-0.4128505017456563,1.088741905607509,1.5084300554694217,0.3758891,5.393485,giant_diffuse
45.63905,-10.59467,0.3443,25.1865,73.5689,363.844,165.305,0.4543,19.06,-1.9,anomaly,-0.46306297729532647,1.4011678206820735,1.8666942625328955,0.3746867,5.374276,ultra_steep_spectrum
356.26218,44.4132,1.8152,19.3274,10.9107,12.708,0.915,0.072,30.0,-1.862,anomaly,0.2589244828768795,1.2861734349080405,1.0378526146016354,0.37414515,5.365625,ultra_steep_spectrum
200.47638,8.12172,1.8032,31.2347,14.9794,61.261,4.51,0.0736,34.5,-1.942,anomaly,0.2560438987020313,1.4946373390327927,1.1754944180425015,0.37301266,5.3475327,ultra_steep_spectrum
346.57651,13.23873,0.7168,45.2056,72.2971,429.01,203.353,0.474,65.02,-1.496,anomaly,-0.14460200334593123,1.6551922378745059,1.8591208771111705,0.37297398,5.346915,ultra_steep_spectrum
301.85577,-32.99251,0.3986,11.2001,31.927,368.106,194.178,0.5275,43.03,-1.37,anomaly,-0.3994627056355312,1.0492219002821737,1.504158112255195,0.37258965,5.340775,ultra_steep_spectrum
35.30867,46.74923,0.2359,19.4074,84.7075,389.253,181.757,0.4669,141.13,-1.178,anomaly,-0.6272720591144045,1.287967357063455,1.927921864456013,0.3720303,5.331839,giant_diffuse
123.09762,68.55042,59.3648,246.4714,3.9234,114.07,24.917,0.2184,115.97,-0.78,double_lobe,1.7735290090033513,2.3917665319588997,0.5936625877464078,0.3707298,5.3110633,unclassified
56.63032,72.46958,2.2882,28.0637,13.9041,40.238,19.852,0.4934,162.73,-0.688,double_lobe,0.35949398126623194,1.4481449291174973,1.1431428826152368,0.37037015,5.3053174,unclassified
150.24969,70.30227,156.0824,624.2225,4.3239,116.87,28.147,0.2408,162.11,-0.732,double_lobe,2.1933539343640565,2.7953394186864626,0.6358756413519506,0.37008065,5.3006926,unclassified
136.2283,21.56722,4.2322,12.5302,3.0626,35.552,20.185,0.5678,170.88,-1.312,double_lobe,0.6265661828560551,1.0979580030135578,0.48609027818537376,0.3697511,5.295428,ultra_steep_spectrum
54.52913,-6.46741,0.4523,15.238,33.5995,105.701,43.029,0.4071,18.38,-1.82,anomaly,-0.3445734122540814,1.1829279692369925,1.5263328146262534,0.3692447,5.2873383,ultra_steep_spectrum
244.27861,35.18074,0.2277,19.3364,78.4513,293.257,180.431,0.6153,174.2,-1.523,anomaly,-0.6426369693848571,1.2863756214705473,1.8946001445851437,0.36910933,5.2851753,ultra_steep_spectrum
146.13793,25.42724,1.4222,10.4297,5.5467,41.833,10.107,0.2416,164.89,-0.473,agn_jet,0.1529606743042487,1.0182718165551636,0.7440346771700003,0.369001,5.283445,double_lobe_candidate
127.01323,10.06883,77.449,386.6499,4.4053,51.955,31.059,0.5978,160.02,-1.495,double_lobe,1.889015814641569,2.5873179021916735,0.6439754891176844,0.36898792,5.283236,ultra_steep_spectrum
224.83438,79.0511,2.9285,19.2773,6.9384,26.727,4.247,0.1589,168.87,-0.676,agn_jet,0.46664522836397887,1.285046206059821,0.8412593333822639,0.3689824,5.283148,double_lobe_candidate
277.51771,7.13425,0.2574,7.5248,29.8497,367.237,198.497,0.5405,76.61,-1.342,anomaly,-0.5893914574316321,0.8764949614020042,1.4749399706747919,0.36863154,5.2775426,ultra_steep_spectrum
321.19781,70.86339,0.4169,13.8806,30.3793,495.735,193.284,0.3899,154.45,-1.816,anomaly,-0.37996810487370264,1.1424082392497614,1.482577762626183,0.3686164,5.277301,ultra_steep_spectrum
153.82298,47.21745,66.2832,1345.7372,22.4801,70.363,6.615,0.094,39.98,-1.101,anomaly,1.8214034669892238,3.1289602577087505,1.3517982388076817,0.3682868,5.272035,jet_candidate
199.90157,78.16882,0.4381,15.4886,32.4835,487.208,189.059,0.388,0.31,-1.563,anomaly,-0.3584267468218246,1.190012164063101,1.5116628170221653,0.3679803,5.267139,ultra_steep_spectrum
186.72433,59.86314,10.0811,33.2636,3.2772,40.261,22.736,0.5647,165.74,-1.397,double_lobe,1.0035079227707866,1.5219692495596266,0.5155029461873581,0.36775956,5.2636123,ultra_steep_spectrum
155.96746,21.87484,2.5677,67.8536,25.4356,72.519,12.663,0.1746,156.89,-0.635,anomaly,0.40954428109640123,1.8315728942751828,1.4054419866544483,0.3673962,5.2578077,giant_diffuse
173.2972,-22.91788,0.2398,15.5224,64.8867,308.74,231.422,0.7496,23.09,-1.396,anomaly,-0.6201508212371701,1.1909588706705039,1.8121556874237608,0.36668944,5.2465167,ultra_steep_spectrum
184.62135,-11.83214,11.9021,99.872,9.5285,30.689,17.375,0.5662,177.87,-1.241,double_lobe,1.0756235948336443,1.9994437469852386,0.9790245383092658,0.36667055,5.246215,unclassified
316.13078,45.42737,0.51,35.5778,78.8979,117.882,47.435,0.4024,15.02,-1.439,anomaly,-0.2924298239020636,1.5511790894083823,1.8970654438868686,0.36662096,5.245423,ultra_steep_spectrum
22.19108,75.02547,18.939,126.5742,7.3762,76.537,15.083,0.1971,171.01,-0.413,anomaly,1.2773570440470163,2.102345191151247,0.8678326837666702,0.3664717,5.2430387,double_lobe_candidate
346.24618,11.46528,27.7405,325.062,11.845,59.237,33.31,0.5623,153.74,-1.534,double_lobe,1.4431142846134013,2.5119662031015015,1.0735350650587838,0.36601952,5.2358146,ultra_steep_spectrum
246.81031,77.99228,0.1532,4.8388,30.9112,491.245,163.476,0.3328,157.55,-1.596,anomaly,-0.8147412347034149,0.6847376719760746,1.4901158650847328,0.36600322,5.235554,ultra_steep_spectrum
158.53681,14.5264,0.2196,19.8978,95.1992,325.256,210.007,0.6457,107.07,-1.449,anomaly,-0.6583676642219457,1.2988050613002704,1.9786332988356787,0.36587876,5.233566,ultra_steep_spectrum
326.62496,7.09757,16.0543,162.6516,9.6619,78.349,6.559,0.0837,35.77,-1.203,anomaly,1.205591374196207,2.211258339783586,0.9850625382557653,0.3658368,5.2328954,jet_candidate
318.33665,1.54977,97.4164,1119.489,14.1244,118.269,25.896,0.219,171.49,-0.913,double_lobe,1.9886320762825265,3.0490198305968077,1.149970008192455,0.36580002,5.232308,double_lobe_candidate
34.31899,29.85498,0.1142,5.9261,51.0509,330.065,251.016,0.7605,115.69,-1.368,anomaly,-0.9423338960901708,0.7727689757099727,1.7080034028693212,0.36555958,5.228467,ultra_steep_spectrum
46.60455,-0.31957,3.7515,39.7623,10.0105,34.292,18.29,0.5334,23.5,-1.503,double_lobe,0.5742049507861838,1.599471497667389,1.0004557699686167,0.36533618,5.224898,ultra_steep_spectrum
99.53943,-29.4056,6.5833,20.8786,3.5814,42.473,23.625,0.5562,169.21,-1.391,double_lobe,0.8184436462778476,1.3197013739921437,0.554052829275318,0.36495304,5.218777,ultra_steep_spectrum
46.09692,20.6106,0.3302,12.844,36.8553,363.196,176.698,0.4865,147.31,-1.816,anomaly,-0.48122293107322517,1.1087002968944648,1.5664999506819919,0.364855,5.217211,ultra_steep_spectrum
184.17065,30.49558,14.6141,79.1452,5.7437,97.033,24.408,0.2515,174.54,-0.642,double_lobe,1.1647720747691273,1.8984245808948284,0.759191748130646,0.36477917,5.2159996,double_lobe_candidate
158.79002,74.76351,0.3295,30.3242,68.9027,381.871,202.605,0.5306,100.42,-1.414,anomaly,-0.4821445810699713,1.4817893523195362,1.8382362403709982,0.3639241,5.202339,ultra_steep_spectrum
285.52755,63.82217,135.7834,1808.5015,12.9846,53.805,31.254,0.5809,5.83,-1.481,double_lobe,2.1328466791561023,3.2573188733085607,1.113428575415573,0.36353594,5.1961384,ultra_steep_spectrum
101.07505,74.42526,41.7121,700.0633,14.969,54.683,31.867,0.5828,16.69,-1.55,double_lobe,1.6202620549969649,2.8451373108682576,1.1751927883866031,0.3633485,5.1931443,ultra_steep_spectrum
55.67177,-25.90906,7.6542,215.3376,25.7915,61.423,8.172,0.133,7.02,-1.617,anomaly,0.8838998059106367,2.3331198684059102,1.4114766008730668,0.3625496,5.1803813,ultra_steep_spectrum
155.14366,26.16369,1.9064,44.8565,20.6079,34.393,5.932,0.1725,16.24,-1.788,anomaly,0.28021402933839973,1.6518253840488542,1.3140337382673752,0.36152697,5.1640444,ultra_steep_spectrum
356.8296,-24.89789,0.4266,13.3031,28.9105,342.06,191.763,0.5606,97.02,-1.791,anomaly,-0.36997914888659006,1.1239528557052174,1.461055602752055,0.36146608,5.1630716,ultra_steep_spectrum
101.48782,43.45113,1.5415,14.2356,8.5899,36.518,11.64,0.3187,152.2,-0.638,agn_jet,0.1879435290625271,1.1533757764494432,0.9339881079871232,0.3609916,5.1554914,unclassified
9.42976,-19.09744,1.2163,10.4966,7.8522,54.764,19.977,0.3648,139.02,-0.432,agn_jet,0.08504070674219377,1.0210486476071892,0.8949913527963077,0.36072537,5.1512384,unclassified
127.30359,-10.04112,0.0995,2.3282,22.5062,274.353,210.972,0.769,14.73,-1.429,anomaly,-1.0021769192542744,0.36702028489775723,1.3523021738834486,0.3605578,5.1485615,ultra_steep_spectrum
327.08443,31.03896,0.3895,9.1402,24.0195,323.034,176.583,0.5466,14.56,-1.538,anomaly,-0.4094925379914167,0.9609556987913892,1.3805639627046453,0.36013076,5.1417394,ultra_steep_spectrum
324.08896,7.00287,0.7236,28.4776,39.8101,349.044,180.464,0.517,15.23,-1.561,anomaly,-0.14050144181222385,1.4545033855730893,1.5999932685007934,0.36001664,5.139916,ultra_steep_spectrum
79.55036,26.29867,38.5468,173.453,5.2958,75.696,4.865,0.0643,80.24,-1.103,anomaly,1.5859883305056295,2.239181815692512,0.7239315752729375,0.35974646,5.1355996,jet_candidate
113.16051,26.85604,1.3917,12.8066,9.575,22.655,10.039,0.4431,144.02,-0.875,double_lobe,0.143545627238422,1.1074338450271872,0.9811387826406603,0.35970524,5.1349416,unclassified
118.39428,43.72917,0.1437,9.5789,72.9415,342.054,167.75,0.4904,105.18,-1.05,anomaly,-0.8425432318657744,0.9813156394168605,1.8629746900858588,0.35970467,5.1349325,giant_diffuse
223.84373,6.28612,14.2975,56.9243,3.7266,29.242,15.452,0.5284,171.46,-1.175,double_lobe,1.15526010521871,1.7552976987864073,0.5713127796291944,0.35949275,5.131547,unclassified
342.57467,46.14823,0.4019,30.0416,79.9312,494.486,206.02,0.4166,62.73,-1.661,anomaly,-0.3958819938079652,1.477723059246461,1.9027163330432695,0.35823193,5.111405,ultra_steep_spectrum
256.14056,25.26171,5.0495,108.7967,24.2097,65.393,10.811,0.1653,133.11,-0.274,anomaly,0.7032483765361812,2.0366157226275527,1.3839894078162964,0.35819063,5.110745,giant_diffuse
295.30193,39.94577,8.2631,68.7003,9.7031,59.178,8.103,0.1369,162.19,-0.602,agn_jet,0.9171430086181649,1.8369586335378634,0.9869105072360647,0.3578079,5.1046305,jet_candidate
46.01962,-14.33608,23.3422,34.7151,1.6735,5.805,3.995,0.6882,69.07,-0.162,resolved_galaxy,1.3681417858495972,1.540518420619092,0.22362571669379594,0.35777193,5.104056,unclassified
262.20919,43.20756,16.8451,227.5172,12.6642,25.841,14.272,0.5523,172.57,-1.137,double_lobe,1.2264735934898479,2.357014234323793,1.1025777605253761,0.35735404,5.09738,unclassified
6.29778,-15.64955,0.1208,7.9666,58.1396,369.031,175.433,0.4754,10.27,-1.394,anomaly,-0.917933065714887,0.9012730119498221,1.7644720395019984,0.3572749,5.0961156,ultra_steep_spectrum
239.04126,23.25933,12.0788,167.4795,12.3069,113.088,42.686,0.3775,167.82,-0.638,double_lobe,1.082023790306214,2.2239616556610065,1.0901486717418882,0.35719454,5.094832,unclassified
105.03995,39.27472,10.4569,158.2055,17.706,52.645,6.197,0.1177,164.73,-0.608,anomaly,1.0194029548529802,2.1992215776327697,1.248120459883603,0.35705918,5.0926695,jet_candidate
283.60829,-34.15399,1.819,5.5616,3.3075,40.946,10.968,0.2679,162.92,-0.547,agn_jet,0.25983269906348355,0.7451997504325537,0.5194998528595386,0.35664302,5.0860214,unclassified
50.23392,78.38055,1.7134,31.7134,19.771,36.393,3.4,0.0934,16.17,-1.686,anomaly,0.23385876256482782,1.5012428053220204,1.2960286361067224,0.3564988,5.0837173,ultra_steep_spectrum
296.81723,28.04567,1.0523,10.0144,8.6598,16.742,6.61,0.3948,152.93,-0.869,agn_jet,0.02213957039839191,1.000624934209221,0.9375078620058702,0.35583398,5.0730963,unclassified
241.15596,61.50021,198.5124,853.3176,4.2643,90.302,19.261,0.2133,8.38,-0.614,double_lobe,2.297787639982652,2.9311107032138586,0.6298477503715815,0.35538542,5.0659304,unclassified
240.902,52.9475,0.1327,2.8866,23.0735,486.249,189.429,0.3896,111.48,-1.423,anomaly,-0.8771290771355644,0.4603866072862078,1.3631134772863616,0.3549381,5.058784,ultra_steep_spectrum
285.07526,7.92685,0.4746,45.1879,84.9598,426.697,189.52,0.4442,56.85,-1.739,anomaly,-0.3236722661186798,1.6550221589987475,1.9292134813857151,0.35489246,5.0580554,ultra_steep_spectrum
136.0954,59.73133,1.3153,2.6723,2.1437,30.809,7.449,0.2418,158.07,-0.816,agn_jet,0.11902482011478241,0.42688521167440147,0.33116400795135553,0.35480648,5.0566816,unclassified
274.42776,-13.21684,1.1435,10.0455,8.4994,26.743,15.712,0.5875,175.02,-1.257,double_lobe,0.05823616894276728,1.0019715579918607,0.929388268551187,0.35443375,5.050727,unclassified
193.68333,-35.77207,1.6894,45.6947,26.6025,28.993,4.751,0.1639,123.21,-0.581,anomaly,0.22773248984662614,1.6598658303929068,1.4249224518636427,0.35359,5.037248,double_lobe_candidate
227.09374,35.80682,0.329,31.7859,86.6004,278.577,190.678,0.6845,32.14,-1.079,anomaly,-0.48280410205002566,1.5022345127461862,1.937519897991845,0.35348946,5.0356417,giant_diffuse
217.04967,68.00573,4.2796,28.7457,7.2899,47.68,24.726,0.5186,177.3,-1.495,double_lobe,0.631403178847069,1.4585728888190368,0.8627215708768137,0.35296297,5.0272307,ultra_steep_spectrum
314.18949,12.09079,0.1026,7.2868,72.8118,287.603,229.172,0.7968,53.25,-1.979,anomaly,-0.9888526392242025,0.8625368496553855,1.8622017674944575,0.3528547,5.0255013,ultra_steep_spectrum
71.37849,-3.50476,75.0498,381.8542,4.8661,32.37,18.911,0.5842,166.28,-1.279,double_lobe,1.8753495392306934,2.581897571753578,0.6871810295849234,0.3527692,5.024135,unclassified
244.65829,-18.11313,1.6425,42.8273,24.8995,35.057,3.799,0.1084,119.22,-0.558,anomaly,0.2155053782318184,1.6317206956418917,1.3961906262354482,0.35267878,5.022691,jet_candidate
308.70245,5.06131,0.1232,10.4619,98.7148,342.84,173.589,0.5063,78.71,-1.829,anomaly,-0.9093892921715934,1.019610564510405,1.9943822699591633,0.35207757,5.0130863,ultra_steep_spectrum
341.89282,2.78477,29.7909,540.3697,13.7526,56.324,28.463,0.5053,178.69,-1.443,double_lobe,1.4740836236960617,2.7326909889589333,1.1383848115414759,0.35191524,5.010493,ultra_steep_spectrum
269.58396,62.59641,0.5662,28.6475,47.5142,322.742,220.457,0.6831,62.58,-1.198,anomaly,-0.24703013497091578,1.4570867280982358,1.6768234214148714,0.35184383,5.009352,giant_diffuse
55.8769,47.34747,1.5767,14.5218,9.557,10.113,2.422,0.2395,171.0,-0.853,agn_jet,0.1977490676226125,1.1620204511861885,0.9803215860087564,0.35137016,5.001785,double_lobe_candidate
91.4303,-8.01146,4.8785,59.4638,12.6803,16.758,3.052,0.1821,39.49,0.1,anomaly,0.6882863093259702,1.7742526590952687,1.1031295285302036,0.3508711,4.993812,double_lobe_candidate
161.67002,55.57421,0.7547,68.2116,95.8559,294.7,191.898,0.6512,64.19,-1.046,anomaly,-0.1222256500086019,1.8338582366447882,1.9816188491763636,0.3505763,4.989103,giant_diffuse
146.52225,-26.99288,895.0694,3456.8457,3.4702,48.414,5.393,0.1114,12.52,-0.369,agn_jet,2.951856710029372,3.5386799947769734,0.5403545054517782,0.3500563,4.9807954,jet_candidate
133.10271,-2.3533,0.1088,9.4793,78.4524,354.459,166.983,0.4711,152.61,-1.74,anomaly,-0.9633711046378389,0.9767762679961106,1.8946062339753886,0.34972805,4.9755516,ultra_steep_spectrum
108.07335,53.6729,29.8178,433.5604,13.7731,34.127,18.904,0.5539,173.44,-1.212,double_lobe,1.4744755974299713,2.637049608293091,1.1390317007050639,0.34923536,4.967681,unclassified
343.38077,-5.69164,3.6494,26.4089,7.5744,19.68,7.057,0.3586,167.64,-0.87,agn_jet,0.562221467714351,1.4217503120785946,0.8793482362489887,0.34873155,4.9596324,unclassified
295.9186,1.69868,0.6601,28.7733,39.1016,405.474,180.623,0.4455,117.93,-0.985,anomaly,-0.18039026724841478,1.4589896738333967,1.5921945286734658,0.34847876,4.955594,giant_diffuse
126.33043,13.92405,19.9707,461.1896,24.3669,54.007,7.325,0.1356,4.39,-1.783,anomaly,1.3003932877454827,2.663879505228174,1.3868002809889746,0.34838995,4.954175,ultra_steep_spectrum
161.11716,27.23974,0.2804,19.5744,70.3468,399.678,193.135,0.4832,66.63,-1.286,anomaly,-0.552221990705379,1.2916884588177084,1.8472443466328747,0.34797296,4.9475136,giant_diffuse
339.67773,24.185,0.5927,44.4778,72.9179,352.483,181.687,0.5154,33.89,-1.354,anomaly,-0.22716507276098186,1.6481432976502286,1.862834152693516,0.34795082,4.94716,ultra_steep_spectrum
251.37357,-20.30608,0.1521,8.2873,55.5515,360.275,161.19,0.4474,80.39,-0.963,anomaly,-0.8178707859470016,0.9184130605748846,1.744695790242281,0.34784827,4.9455214,giant_diffuse
162.12001,51.37971,0.4482,34.422,70.2365,489.426,158.211,0.3233,21.29,-1.483,anomaly,-0.3485281478009576,1.5368361002660846,1.8465628618308645,0.34783038,4.9452357,ultra_steep_spectrum
39.70218,5.29368,69.0815,408.1482,5.5201,108.468,22.581,0.2082,111.74,-0.731,double_lobe,1.8393617590438038,2.6108178855303033,0.7419469453115924,0.3477673,4.9442277,double_lobe_candidate
153.38497,-14.21229,0.1177,10.1502,68.3595,333.201,174.115,0.5226,35.02,-1.256,anomaly,-0.9292235371565654,1.0064745996916593,1.8347988775122,0.34758326,4.941288,giant_diffuse
67.9963,56.26144,1.8268,6.6787,3.6346,115.193,29.109,0.2527,47.26,-0.656,double_lobe,0.261691002934963,0.8246919358631872,0.5604566222510331,0.34742555,4.9387684,unclassified
342.37556,-22.09993,0.1056,3.2395,32.8243,123.046,39.495,0.321,17.23,-1.776,anomaly,-0.9763360818022065,0.5104779842813455,1.5161954732419778,0.34727487,4.9363613,ultra_steep_spectrum
113.24399,27.50003,1.1523,5.3685,4.5827,32.362,12.113,0.3743,154.55,-0.822,agn_jet,0.06156556188483864,0.7298529574456856,0.6611214276988452,0.34652,4.924302,unclassified
354.62439,69.82965,1.7495,8.041,5.1513,116.118,29.325,0.2525,22.18,-0.721,double_lobe,0.24291394681892525,0.9053100621160856,0.711916842940305,0.3464756,4.9235926,double_lobe_candidate
257.87176,51.01195,2.0849,9.032,4.6639,42.256,12.938,0.3062,153.84,-0.574,agn_jet,0.3190852293386986,0.9557839289169114,0.6687492300198731,0.34598973,4.9158306,unclassified
66.97206,59.47675,0.1216,5.7029,38.3799,453.935,191.292,0.4214,30.1,-1.578,anomaly,-0.9150664250632838,0.7560957563248996,1.5841038388334088,0.34505433,4.900887,ultra_steep_spectrum
307.83504,74.82339,0.5317,54.3596,93.8383,368.413,175.494,0.4764,27.26,-1.315,anomaly,-0.27433333968582146,1.7352762523571472,1.9723801313825493,0.3445993,4.893618,ultra_steep_spectrum
96.31069,-24.29722,0.1396,11.7457,94.1455,412.227,134.463,0.3262,171.36,-1.033,anomaly,-0.8551145817128577,1.0698789042194854,1.9737995662871013,0.34457123,4.8931694,giant_diffuse
65.9772,6.15246,0.2631,20.6342,73.7389,490.363,207.235,0.4226,101.36,-1.382,anomaly,-0.5798791519142971,1.3145876356888127,1.8676966547307257,0.3445532,4.8928814,ultra_steep_spectrum
189.55182,-12.63987,2.2275,42.8425,15.4937,39.41,4.157,0.1055,124.83,-0.515,anomaly,0.34781771270891243,1.6318748054027221,1.1901551425945667,0.3439104,4.882612,jet_candidate
200.24372,62.62811,2.3071,8.8328,3.2477,25.588,7.869,0.3075,155.76,-0.836,resolved_galaxy,0.36306641918817795,0.9460983968718951,0.5115759053099159,0.34385097,4.881663,unclassified
194.25635,55.78468,0.2687,19.9046,67.08,311.974,216.33,0.6934,140.18,-1.227,anomaly,-0.5707323335668315,1.2989534544879011,1.826593053934048,0.3425342,4.860627,giant_diffuse
70.0136,-15.99416,94.633,691.3958,6.6653,112.481,37.328,0.3319,13.05,-0.581,double_lobe,1.976042608058936,2.8397267370195727,0.8238197014486685,0.3422486,4.8560643,unclassified
333.75936,-30.88207,8.2649,70.4571,7.336,20.355,9.831,0.483,171.19,-1.014,double_lobe,0.9172376032539971,1.847924763739964,0.8654593226619647,0.34186593,4.8499513,unclassified
129.61339,-24.79817,0.2969,19.8504,72.0176,314.495,169.682,0.5395,148.25,-1.083,anomaly,-0.5273898024039554,1.2977692625370423,1.8574386443315187,0.34184685,4.8496466,giant_diffuse
290.45257,35.44436,1.0997,4.0923,4.1589,111.78,23.487,0.2101,16.94,-1.518,double_lobe,0.041274225054230125,0.6119674636444331,0.6189784779580298,0.3417735,4.8484745,ultra_steep_spectrum
170.77099,32.09602,0.1595,3.5581,27.7574,285.537,200.721,0.703,39.27,-1.286,anomaly,-0.7972393126068,0.5512181497169604,1.443378783881699,0.3410706,4.8372455,giant_diffuse
315.09911,26.27267,2.22,11.0194,4.8496,118.772,25.122,0.2115,5.67,-1.493,double_lobe,0.3463529744506387,1.0421579480744652,0.685705919023547,0.3410342,4.836664,ultra_steep_spectrum
230.35175,5.4927,1.2816,3.9804,3.138,37.768,7.198,0.1906,167.05,-0.509,agn_jet,0.10775249874016246,0.5999267175671071,0.49665293925091786,0.3404466,4.8272767,unclassified
145.57886,-10.8608,3.556,35.3442,9.4321,49.595,16.195,0.3266,171.56,-0.512,agn_jet,0.5509617522981761,1.5483181560491635,0.9746083965418639,0.340416,4.8267884,unclassified
245.15972,-20.22565,83.3072,1237.6292,14.3665,52.5,30.374,0.5786,166.96,-1.373,double_lobe,1.9206825378430479,3.092590547337458,1.1573509771927972,0.33994386,4.8192453,ultra_steep_spectrum
39.37362,-11.52352,0.7839,62.0813,83.9766,481.409,195.126,0.4053,138.66,-1.606,anomaly,-0.1057393355530119,1.7929608025947708,1.924158287173438,0.339631,4.814247,ultra_steep_spectrum
216.01914,66.35416,38.562,883.3919,24.2383,21.301,2.824,0.1326,9.82,0.819,anomaly,1.5861595502940435,2.9461534128061952,1.3845021564798219,0.33942553,4.810965,inverted_spectrum
359.26903,-15.34551,1.5062,5.8587,4.1274,27.897,4.188,0.1501,145.72,-0.632,agn_jet,0.17788264326532469,0.7678012601375254,0.6156765598332449,0.33892387,4.8029504,unclassified
120.90006,-13.58274,2.5775,61.9012,23.6163,63.733,7.692,0.1207,39.5,-0.555,anomaly,0.41119867395555415,1.7916990682176428,1.3732118570601661,0.33846283,4.795585,jet_candidate
229.25706,-2.87092,5.9269,41.7015,8.651,49.132,3.494,0.0711,9.69,0.105,anomaly,0.7728275997859113,1.6201516767964568,0.9370663120174282,0.33844575,4.7953124,jet_candidate
213.47416,-8.93664,5.0886,54.5295,10.7639,74.868,5.962,0.0796,16.16,0.19,anomaly,0.7065983135928257,1.7366315155075347,1.0319696543787917,0.33837026,4.7941065,jet_candidate
295.14299,-6.31746,209.7166,1054.1333,5.3642,43.646,25.054,0.574,178.3,-1.252,double_lobe,2.32163280816238,3.0228955328821856,0.7295049618113897,0.3381736,4.7909646,unclassified
204.61132,21.9611,15.7913,527.8833,29.8456,78.498,13.767,0.1754,6.2,-1.071,anomaly,1.1984178842569662,2.722537922973549,1.4748803141397346,0.3375065,4.780308,giant_diffuse
257.62515,39.19698,1.3408,8.6315,5.4806,113.507,25.449,0.2242,3.67,-0.909,double_lobe,0.1273640012862013,0.9360862748710761,0.7388281063721495,0.33745012,4.7794065,double_lobe_candidate
14.48777,-2.79041,3.3351,39.3252,10.4584,53.613,30.604,0.5708,146.74,-1.525,double_lobe,0.5231088603806299,1.594670940034689,1.0194652481716486,0.33673957,4.7680554,ultra_steep_spectrum
34.29766,-3.00378,157.2932,479.5606,3.0074,99.802,23.139,0.2319,175.93,-0.659,double_lobe,2.1967099478851337,2.680843494890774,0.4781911953900285,0.33597413,4.7558274,unclassified
186.6278,-34.2594,8.7218,105.6627,13.7088,115.937,26.897,0.232,21.07,-0.73,double_lobe,0.9406061236246978,2.0239217040238273,1.136999440479724,0.33591485,4.7548804,double_lobe_candidate
261.06304,-32.90639,2.0268,14.7097,8.3268,32.684,11.61,0.3552,154.54,-0.745,agn_jet,0.3068108956186335,1.1676038155097763,0.9204781335379068,0.33587098,4.7541795,unclassified
221.96218,39.9596,5.067,73.3781,14.6714,30.882,18.208,0.5896,40.2,-1.44,double_lobe,0.7047509042906711,1.8655664622550536,1.1664715578285816,0.33576453,4.7524786,ultra_steep_spectrum
317.37666,51.1948,0.8268,49.9229,47.3368,432.852,201.917,0.4665,115.39,-1.339,anomaly,-0.08259953204474937,1.6982998053886351,1.6751988959818513,0.33518523,4.743224,ultra_steep_spectrum
102.44256,-22.43634,92.6251,615.8556,6.5954,59.067,3.993,0.0676,163.92,-1.051,anomaly,1.966728689861066,2.789478894835391,0.8192411399164717,0.33421308,4.7276936,jet_candidate
115.32837,-14.97811,10.7382,74.1433,7.3935,20.829,12.043,0.5782,166.94,-1.042,double_lobe,1.0309314884787275,1.8700719118782725,0.8688500772104054,0.33413076,4.726379,unclassified
48.26397,-10.64153,0.9105,84.9914,91.9053,328.182,163.389,0.4979,40.58,-1.1,anomaly,-0.040720049869061185,1.9293749831084015,1.9633405570268487,0.33400708,4.724403,giant_diffuse
231.51304,62.74258,17.3002,134.4797,9.179,58.301,6.428,0.1103,166.32,-0.621,agn_jet,1.2380511238452294,2.128656731599693,0.9627953698572332,0.33397922,4.723958,jet_candidate
161.32655,-19.08619,4.3596,14.2606,3.4608,52.578,19.39,0.3688,158.76,-0.526,agn_jet,0.6394466439103396,1.1541377983915353,0.5391765020950162,0.33288008,4.7063985,unclassified
309.73165,-14.13549,1.1065,8.5982,7.4592,37.354,11.607,0.3107,175.71,-0.783,double_lobe,0.04395141826327677,0.9344075428845209,0.8726922518404827,0.33269718,4.703477,unclassified
80.7421,58.96203,24.9367,340.391,12.304,82.213,43.892,0.5339,127.49,-1.734,double_lobe,1.396838980553288,2.531978068739197,1.0900463224573558,0.33130586,4.6812496,ultra_steep_spectrum
40.68327,11.02545,1.2308,15.9376,12.0354,66.683,23.304,0.3495,7.07,-1.639,double_lobe,0.09018748757542079,1.2024229227544658,1.0804605287536286,0.33112958,4.678434,ultra_steep_spectrum
76.54248,-5.95121,1.7513,18.2801,9.6924,100.269,20.14,0.2009,163.5,-0.548,double_lobe,0.24336054767376658,1.2619785671816968,0.9864313289289532,0.3310504,4.677169,double_lobe_candidate
178.05232,-14.64835,9.6208,18.7572,2.0254,57.979,16.097,0.2776,147.51,-0.505,agn_jet,0.9832111865014239,1.2731680091333197,0.3065108056433824,0.33104464,4.677077,unclassified
301.06949,22.32806,0.2494,23.6503,98.9001,467.167,197.971,0.4238,77.22,-1.492,anomaly,-0.6031035508574761,1.373836654059802,1.9951967307218126,0.33008325,4.661718,ultra_steep_spectrum
276.55894,-3.37944,74.8298,711.252,8.8811,24.164,13.598,0.5627,168.9,-1.037,double_lobe,1.8740745844718327,2.8520235006161223,0.9484667601866843,0.3297978,4.657158,unclassified
324.72277,-16.49797,1.3554,35.2229,24.8655,69.876,6.363,0.0911,48.01,-1.485,anomaly,0.13206748130400664,1.5468251097842651,1.395597196528538,0.3297009,4.6556096,ultra_steep_spectrum
350.94038,44.34209,1.3221,30.5493,23.0905,51.679,5.664,0.1096,42.25,-1.939,anomaly,0.12126430522958138,1.4850012633635068,1.3634333371999778,0.32953054,4.6528883,ultra_steep_spectrum
186.97863,57.53599,1.2542,2.4188,1.8362,5.052,4.157,0.8228,41.52,-0.371,resolved_galaxy,0.09836679643933102,0.3835999599339041,0.26391998305577236,0.3288857,4.6425867,unclassified
128.82927,71.42999,0.1584,4.6615,30.3636,363.26,177.203,0.4878,34.99,-1.426,anomaly,-0.8002448227465253,0.6685256885568623,1.482353261539876,0.32844687,4.6355762,ultra_steep_spectrum
289.4893,-32.97589,3.3195,24.3386,7.5795,44.851,4.701,0.1048,30.62,-0.277,agn_jet,0.5210726729829392,1.386295593213631,0.8796405572939118,0.32791936,4.627149,jet_candidate
15.411,75.14885,1.0755,24.7723,24.8052,78.576,15.224,0.1938,3.9,0.797,anomaly,0.03161041472348133,1.3939663308061132,1.3945427330269602,0.3279068,4.6269484,inverted_spectrum
134.5941,14.75193,0.7443,79.6117,89.8028,119.304,67.641,0.567,43.86,-1.63,anomaly,-0.12825198100812849,1.9009768977884431,1.953289877932245,0.32770413,4.6237106,ultra_steep_spectrum
172.42924,-20.06601,2.5939,17.8962,6.9281,20.402,7.717,0.3782,157.94,-0.853,agn_jet,0.41395322915541466,1.2527608245983537,0.8406141476488339,0.32748556,4.6202188,unclassified
112.97519,61.72306,0.7275,64.3537,92.8324,203.926,81.241,0.3984,5.97,-1.805,anomaly,-0.1381670023420551,1.80857352161163,1.9676995784322318,0.32693678,4.611452,ultra_steep_spectrum
141.52648,46.36042,0.5921,19.9025,31.2794,323.957,231.207,0.7137,87.79,-1.657,anomaly,-0.22760493891799982,1.298907632591162,1.4952584138510996,0.32684854,4.610042,ultra_steep_spectrum
201.10745,32.09063,251.4258,3756.5974,14.0619,87.378,36.723,0.4203,163.81,-1.609,double_lobe,2.400409840663879,3.574794653586839,1.1480440051622274,0.32660884,4.606213,ultra_steep_spectrum
120.80857,65.91356,2.6329,17.3741,6.6616,30.106,3.621,0.1203,162.68,-0.617,agn_jet,0.42043436450943866,1.239902316850227,0.8235785516502414,0.32647967,4.6041493,jet_candidate
304.89642,48.51623,7.1042,32.222,4.3324,71.204,29.352,0.4122,8.61,-1.645,double_lobe,0.8515151793574995,1.5081524933149453,0.6367285471622031,0.3264758,4.604088,ultra_steep_spectrum
332.94683,73.04512,89.7786,797.0644,6.8941,107.267,22.108,0.2061,166.69,-0.894,double_lobe,1.9531728287665109,2.9014934122803324,0.8384775786270802,0.3260806,4.597774,double_lobe_candidate
132.39284,54.41667,2.7385,36.684,13.7934,11.133,2.023,0.1817,58.91,-0.181,anomaly,0.43751274526480405,1.5644766847737137,1.1396713306599924,0.3258163,4.593552,double_lobe_candidate
17.83749,-15.86468,265.6574,4320.4589,13.7445,64.154,37.502,0.5846,73.23,-1.52,double_lobe,2.424321917871975,3.635529878100354,1.1381289456206938,0.32575494,4.5925717,ultra_steep_spectrum
53.07441,29.65512,0.7342,56.3916,77.8652,130.983,46.321,0.3536,55.05,-1.087,anomaly,-0.13418561983203206,1.7512144170092283,1.8913434034393766,0.325727,4.592125,giant_diffuse
62.69828,-0.05671,0.5837,28.7895,51.4602,497.789,195.709,0.3932,54.11,-1.206,anomaly,-0.23381030668984007,1.4592341223589231,1.7114714697625437,0.3255422,4.5891733,giant_diffuse
132.61643,35.77715,0.2587,10.3608,38.8242,334.823,192.204,0.574,132.12,-1.312,anomaly,-0.5872035712834566,1.0153932903678737,1.5891025155489522,0.3254449,4.587619,ultra_steep_spectrum
32.34849,22.0686,94.4934,2760.5658,29.1024,66.777,5.772,0.0864,88.9,-0.754,anomaly,1.975401475771911,3.440998103309642,1.4639288056105537,0.32528287,4.58503,jet_candidate
289.80133,-35.66542,23.0319,153.1582,7.0969,14.244,2.345,0.1646,47.76,0.116,anomaly,1.3623297662525164,2.185140253636338,0.8510686857764191,0.32480344,4.577371,double_lobe_candidate
230.95842,30.97792,0.3242,27.9938,81.9408,325.584,160.559,0.4931,151.67,-1.089,anomaly,-0.4891869894875039,1.447061855487078,1.9135001997182888,0.32391107,4.563115,giant_diffuse
197.18831,41.99037,71.6852,1296.5193,20.6756,32.515,1.692,0.052,19.48,-0.079,anomaly,1.8554295012494222,3.1127789860657358,1.3154581215091392,0.3237927,4.561224,jet_candidate
303.34643,50.86255,6.8654,196.8722,27.8494,74.893,8.785,0.1173,176.23,-0.181,anomaly,0.8366658456852266,2.294184394457121,1.4448158429748783,0.32344395,4.5556526,jet_candidate
119.86211,-2.79652,0.3981,38.2374,96.4798,103.195,67.906,0.658,23.88,-1.289,anomaly,-0.40000782241590205,1.5824883542096693,1.984436394516366,0.32312867,4.550616,giant_diffuse
29.2843,64.6018,4.5258,24.7031,5.5807,39.294,5.411,0.1377,177.05,-0.617,agn_jet,0.6556953580995877,1.3927514564343924,0.746688676907192,0.32252517,4.5409746,jet_candidate
9.9414,-31.56596,3.8814,41.2587,10.4829,43.146,24.079,0.5581,152.52,-0.695,double_lobe,0.588988401524132,1.6155155398823833,1.0204814429314046,0.32247645,4.5401964,unclassified
322.95964,54.27423,0.349,12.422,31.7474,433.757,185.156,0.4269,24.26,-1.636,anomaly,-0.45717457304082015,1.094191524909532,1.5017081638992062,0.32240516,4.5390577,ultra_steep_spectrum
299.18072,7.54726,1.0621,4.0881,3.8641,107.105,48.328,0.4512,5.24,-0.748,double_lobe,0.026165408839252276,0.6115215106386467,0.5870483571032448,0.3223971,4.538929,unclassified
49.48576,25.18296,0.1592,5.0135,38.9619,308.364,191.533,0.6211,61.04,-1.533,anomaly,-0.7980569365983498,0.7001410192774195,1.5906401273491753,0.32219502,4.5357003,ultra_steep_spectrum
341.64083,-18.363,9.6481,115.1846,12.0461,32.962,18.692,0.5671,168.84,-1.107,double_lobe,0.9844417961666319,2.061394418478704,1.0808464641199615,0.32149827,4.5245695,unclassified
141.50347,22.46666,0.4301,13.8402,28.8421,314.313,225.042,0.716,120.82,-1.689,anomaly,-0.3664305574459082,1.1411423660072124,1.460026878280715,0.3214172,4.5232744,ultra_steep_spectrum
239.66208,3.31044,1.7181,22.165,13.2247,66.055,38.357,0.5807,122.29,-1.713,double_lobe,0.23504843783299165,1.3456677356353532,1.1213858289248155,0.32140303,4.523048,ultra_steep_spectrum
179.21146,10.00751,9.0252,49.2419,5.1614,29.327,17.165,0.5853,150.8,-1.223,double_lobe,0.9554568347255038,1.692334801846525,0.7127675174813384,0.3213828,4.5227246,unclassified
228.82189,-33.3442,2.1999,18.8647,8.6083,21.236,11.667,0.5494,29.64,-1.438,double_lobe,0.34240293971527297,1.275649903129353,0.9349173937863317,0.32138142,4.5227027,ultra_steep_spectrum
216.63435,48.82619,0.9091,88.1381,84.8335,238.188,126.764,0.5322,37.97,-1.842,anomaly,-0.04138834223512058,1.9451636841542772,1.9285673851830862,0.32115734,4.519123,ultra_steep_spectrum
264.39595,2.1028,1.5944,2.2601,1.5656,5.54,4.615,0.833,18.46,-0.315,resolved_galaxy,0.2025972856924312,0.3541276552922638,0.19468081264994477,0.32066557,4.5112667,unclassified
223.71402,-25.04157,2.0001,5.4213,2.7402,32.425,11.196,0.3453,146.91,-0.807,agn_jet,0.3010517098452264,0.7341034406212331,0.43778226199064424,0.32040864,4.507162,unclassified
232.55108,-16.43786,8.4642,74.7386,10.0115,41.447,24.484,0.5907,107.62,-1.5,double_lobe,0.9275859167268125,1.8735449584056545,1.0004991516969421,0.3198402,4.498081,ultra_steep_spectrum
316.46605,54.38892,4.4066,86.949,21.0003,75.206,12.23,0.1626,168.79,-0.738,anomaly,0.6441036301157824,1.93926459154886,1.3222254988964883,0.31981534,4.497684,giant_diffuse
81.13611,51.00315,5.269,16.6695,3.0139,36.297,3.71,0.1022,150.07,-0.552,agn_jet,0.7217281985727882,1.2219225734034358,0.4791288384999573,0.31941915,4.491355,jet_candidate
317.81343,9.9807,0.4024,27.0751,68.4257,175.121,52.622,0.3005,27.63,-1.276,anomaly,-0.395342027952129,1.4325700693368035,1.8352192489697363,0.31901637,4.48492,giant_diffuse
303.03987,-20.05001,4.493,60.5593,14.0865,95.342,27.579,0.2893,12.04,-0.568,double_lobe,0.6525364185930255,1.7821808465466016,1.1488030996027478,0.31870282,4.479911,double_lobe_candidate
205.15066,-38.04076,3.1596,24.5498,8.2373,51.547,12.952,0.2513,169.74,-0.526,agn_jet,0.499632105153693,1.39004795840399,0.9157848831467302,0.31868616,4.479645,double_lobe_candidate
161.28033,4.041,2.6747,12.2259,5.3238,94.592,21.044,0.2225,18.85,-0.663,double_lobe,0.4272750777026657,1.0872808392187048,0.7262217319025848,0.31847584,4.476285,double_lobe_candidate
41.27961,33.85835,2.3227,17.0659,8.3709,33.119,6.215,0.1877,176.87,-0.602,agn_jet,0.3659931199344447,1.2321291964955283,0.9227721538141644,0.31831768,4.473758,double_lobe_candidate
245.76004,-28.53421,3.475,78.1638,28.2552,12.316,0.671,0.0545,98.32,-0.336,anomaly,0.5409548089261327,1.8930056648217037,1.4510983857301467,0.31830773,4.4735994,jet_candidate
7.39106,59.10605,0.7805,66.4557,83.25,419.208,190.443,0.4543,73.77,-1.392,anomaly,-0.10762709260156371,1.8225322369323422,1.9203842421783575,0.31804922,4.4694695,ultra_steep_spectrum
260.19064,15.39107,0.9568,9.5733,8.9477,26.179,3.023,0.1155,144.68,-0.512,agn_jet,-0.019178833355664383,0.9810616686805516,0.9517114145697964,0.31791478,4.467322,jet_candidate
350.72317,13.45472,13.203,41.3376,3.3212,31.52,17.866,0.5668,25.86,-1.411,double_lobe,1.1206726232826076,1.6163452585270368,0.5212950292512132,0.31777167,4.465036,ultra_steep_spectrum
203.22683,-3.06059,0.8008,41.3706,56.0433,101.895,67.955,0.6669,9.44,-0.84,anomaly,-0.0964759355287378,1.6166918195370292,1.7485236999469758,0.31734496,4.458219,giant_diffuse
14.24054,14.93337,18.4114,81.6223,3.867,96.383,34.695,0.36,174.53,-0.717,double_lobe,1.265086813444672,1.9118088284087638,0.5873741720730654,0.31731567,4.457751,unclassified
187.88101,38.09313,0.2284,15.7809,85.3414,162.989,56.705,0.3479,11.99,-1.713,anomaly,-0.6413039004261896,1.1981317678143264,1.9311597630520898,0.31681442,4.4497433,ultra_steep_spectrum
228.67217,-38.9236,1.3051,3.1625,2.7489,39.557,10.846,0.2742,125.28,-0.54,agn_jet,0.11564378966994096,0.5000305341838743,0.43915894128467503,0.31672883,4.4483757,unclassified
171.902,65.86876,0.258,13.9703,53.0657,331.308,253.993,0.7666,101.99,-1.575,anomaly,-0.5883802940367698,1.145205732309289,1.7248138974667313,0.3166322,4.446832,ultra_steep_spectrum
312.13612,68.64157,70.2118,1242.2231,16.2284,13.481,0.76,0.0564,62.16,0.056,anomaly,1.8464101070618342,3.0941996009916872,1.2102757037187462,0.31635392,4.4423866,jet_candidate
112.73534,4.1521,10.5816,98.5911,8.7367,55.219,25.33,0.4587,7.05,-1.607,double_lobe,1.0245513405379285,1.993837712148676,0.9413474232038683,0.31583437,4.4340863,ultra_steep_spectrum
326.28142,-29.9128,0.0956,5.0085,46.6478,297.671,155.248,0.5215,4.37,-1.71,anomaly,-1.0195421077239,0.699707678110052,1.6688311664021283,0.31579405,4.4334426,ultra_steep_spectrum
359.23277,31.31844,1.1336,3.8377,3.3361,34.276,16.088,0.4694,150.22,-0.855,double_lobe,0.054459837239403966,0.5840710221355453,0.5232390601903061,0.31573433,4.4324884,unclassified
158.87082,14.58782,1.8358,11.6466,7.0414,29.583,6.353,0.2148,157.96,-0.618,agn_jet,0.26382536552121444,1.066199159975762,0.8476590159357077,0.31546736,4.428223,double_lobe_candidate
84.91514,45.42154,11.0205,71.0113,7.2747,55.051,9.53,0.1731,173.89,-0.631,agn_jet,1.0422012989000577,1.8513274633269392,0.8618150882378759,0.31532568,4.42596,double_lobe_candidate
177.10622,29.63346,11.8042,78.2494,6.2236,73.239,7.104,0.097,18.24,0.078,anomaly,1.0720365591946235,1.8934810161521836,0.7940416721282919,0.31505784,4.421681,jet_candidate
273.51497,-31.33143,11.366,146.5963,14.6015,116.46,23.577,0.2024,14.35,-0.956,double_lobe,1.0556076517087116,2.166123009119152,1.1643974727885928,0.31495714,4.4200726,double_lobe_candidate
357.32219,25.81809,0.7147,57.2883,84.9246,235.503,180.072,0.7646,9.29,-1.061,anomaly,-0.14587621789883293,1.7580659349817915,1.9290335099936184,0.31494653,4.419903,giant_diffuse
302.14892,-10.4103,0.3286,28.7812,85.0105,116.922,38.243,0.3271,162.2,-1.573,anomaly,-0.48333244090095706,1.4591088974016175,1.9294725705428861,0.31492049,4.419487,ultra_steep_spectrum
335.42492,25.95766,0.1102,5.752,57.334,495.883,196.805,0.3969,107.2,-1.565,anomaly,-0.9578184054842337,0.7598188773748262,1.7584122420943626,0.31465948,4.415317,ultra_steep_spectrum
179.76757,-31.17157,249.8941,3875.9786,14.7396,84.079,40.676,0.4838,19.17,-1.603,double_lobe,2.3977560025542557,3.5883813705645973,1.1684856978954956,0.3146076,4.4144883,ultra_steep_spectrum
295.33622,49.07477,0.2114,22.0081,97.0119,292.41,179.135,0.6126,112.73,-1.682,anomaly,-0.6748950170285926,1.3425825507253895,1.9868250104244716,0.31456733,4.413845,ultra_steep_spectrum
200.08023,19.197,0.1032,4.9213,46.6196,462.014,147.531,0.3193,19.73,-1.622,anomaly,-0.9863203027088074,0.6920798402166318,1.6685685429181911,0.31452298,4.4131365,ultra_steep_spectrum
43.84841,75.54759,35.5632,411.9354,13.6612,24.866,13.17,0.5296,157.64,-1.037,double_lobe,1.5510008321579976,2.6148291150058247,1.1354888494544855,0.31419018,4.4078197,unclassified
290.78933,57.16897,6.6305,92.8368,12.6326,83.642,23.167,0.277,147.34,-0.544,double_lobe,0.8215462793932056,1.9677201623063554,1.101492744810628,0.31379956,4.4015794,double_lobe_candidate
311.75437,70.60363,2.869,9.4512,3.3025,116.712,42.417,0.3634,23.96,-0.777,double_lobe,0.45773054824599846,0.9754869535137054,0.5188428262865649,0.31361848,4.398687,unclassified
255.97754,-32.99791,1.8668,15.5065,6.1158,29.567,6.693,0.2264,167.68,-0.647,agn_jet,0.2710977922131183,1.1905137834861912,0.7864532745956451,0.31267393,4.383597,double_lobe_candidate
301.59743,-4.94739,268.9938,1795.7095,7.1145,109.91,27.704,0.2521,24.97,-0.649,double_lobe,2.429742270125759,3.2542360802425416,0.8521443837075527,0.31243145,4.3797235,double_lobe_candidate
13.77835,57.81318,5.8506,29.3564,4.6452,50.758,7.874,0.1551,160.91,-0.54,agn_jet,0.767200406821864,1.4677027966120455,0.6670044173665799,0.31233245,4.378142,unclassified
153.16444,5.77578,22.107,488.1937,23.1178,69.038,12.935,0.1874,176.38,-0.6,anomaly,1.3445298112424537,2.6885921706713174,1.3639465021826942,0.31195375,4.3720922,giant_diffuse
304.93629,-35.99002,0.4426,10.7078,21.316,309.502,165.252,0.5339,24.5,-1.626,anomaly,-0.35398859040876085,1.0297002508500137,1.328705711568874,0.3119123,4.37143,ultra_steep_spectrum
348.35859,31.46656,0.1117,5.0215,48.9789,373.013,177.608,0.4761,100.01,-1.777,anomaly,-0.9519468268843909,0.7008334670285428,1.6900090272302108,0.3117161,4.3682957,ultra_steep_spectrum
277.44854,31.17978,4.1786,62.6402,13.3714,37.671,22.1,0.5867,142.89,-0.868,double_lobe,0.6210307999287092,1.79685313568395,1.1261768807431947,0.31169313,4.3679285,unclassified
138.5381,-19.58179,1.1618,2.479,2.1758,58.064,12.173,0.2097,135.62,-0.462,agn_jet,0.0651313721402099,0.39427652676782143,0.33761897241938565,0.3114171,4.3635187,unclassified
121.87027,11.69338,7.267,81.69,12.3614,53.516,32.015,0.5982,146.35,-1.449,double_lobe,0.8613551601932601,1.912168896059627,1.0920676598986638,0.31130838,4.361782,ultra_steep_spectrum
92.76805,50.74057,1.088,15.5402,14.7337,39.091,21.331,0.5457,167.33,-1.345,double_lobe,0.03662889536216113,1.1914566038044996,1.1683118227286526,0.31113988,4.3590903,ultra_steep_spectrum
85.03689,24.14044,0.1505,13.1396,87.9825,379.927,169.9,0.4472,128.86,-1.219,anomaly,-0.8224635000701378,1.1185821444903585,1.9443962981816392,0.31108317,4.3581843,giant_diffuse
303.9038,52.07285,10.6227,69.035,6.3475,78.154,9.666,0.1237,139.52,1.054,anomaly,1.026234916563501,1.8390693291868132,0.8026027095457599,0.31088224,4.3549743,inverted_spectrum
195.72814,-34.35031,2.4146,8.1555,3.5727,118.254,33.274,0.2814,18.83,-0.841,double_lobe,0.38284519629626107,0.911450592057392,0.5529965499794954,0.3106767,4.3516903,unclassified
197.62675,54.54813,1.2471,10.7994,9.5269,40.85,10.634,0.2603,168.74,-0.64,agn_jet,0.09590127922587724,1.0333996273455006,0.9789516066287262,0.3103029,4.3457193,double_lobe_candidate
6.86026,37.84852,1.3816,12.3797,8.0809,18.613,6.145,0.3302,144.01,-0.805,agn_jet,0.14038232455940233,1.0927101204576686,0.9074597324660287,0.31006354,4.341895,unclassified
122.029,33.8444,33.4356,334.8075,9.982,115.057,44.502,0.3868,155.45,-0.628,double_lobe,1.524209120996398,2.5247951780312934,0.9992175655301035,0.30986685,4.3387527,unclassified
305.37886,0.54706,196.5433,1054.5564,4.9345,50.392,27.421,0.5441,35.74,-1.632,double_lobe,2.293458243665525,3.023069811722509,0.6932431533091892,0.30948144,4.332596,ultra_steep_spectrum
154.75178,-7.46128,3.6018,46.0575,14.9911,37.398,10.652,0.2848,10.1,-1.606,double_lobe,0.5565195937395174,1.6633003607738681,1.1758335011873535,0.30928272,4.329421,ultra_steep_spectrum
330.49427,25.18171,0.7279,16.5273,22.4955,311.025,190.279,0.6118,52.72,-1.428,anomaly,-0.13792828062000578,1.2182019103846933,1.3520956505279338,0.30911505,4.3267426,ultra_steep_spectrum
141.00686,69.02102,2.7786,12.2106,3.7126,33.319,18.636,0.5593,166.81,-1.199,double_lobe,0.44382603137753696,1.0867370046727265,0.5696781603355833,0.30862695,4.318945,unclassified
141.81689,-37.7825,118.0872,1568.2487,12.3798,117.559,29.703,0.2527,159.15,-0.562,double_lobe,2.072202825042488,3.1954149362010438,1.0927136285614825,0.30834717,4.3144755,double_lobe_candidate
192.31915,30.09826,4.6724,28.7336,6.4417,11.106,1.525,0.1374,64.16,0.514,anomaly,0.669540015259445,1.4583900416615851,0.8090004951843262,0.30794513,4.3080525,inverted_spectrum
346.94681,-36.72577,3.8948,24.2667,6.2146,37.115,13.453,0.3625,15.9,-1.513,double_lobe,0.5904851613342657,1.3850107211513192,0.7934131807036047,0.30758235,4.302257,ultra_steep_spectrum
161.23357,-25.49393,14.4624,82.038,5.2724,34.411,17.913,0.5206,178.97,-1.133,double_lobe,1.1602403690489445,1.9140150641835134,0.7220083513588841,0.307409,4.2994876,unclassified
141.22861,-23.05546,4.6843,39.1544,9.8056,33.808,7.546,0.2232,165.36,-0.647,agn_jet,0.6706447011254337,1.5927805732482996,0.9914741730896466,0.30716747,4.295629,double_lobe_candidate
102.80024,-35.00193,2.9297,9.7833,3.3408,36.676,19.941,0.5437,154.34,-1.061,double_lobe,0.4668231510656869,0.9904853711528234,0.5238504769861494,0.3071632,4.2955613,unclassified
75.29188,12.39417,1.9469,10.2559,5.3066,41.431,20.645,0.4983,19.43,-1.57,double_lobe,0.2893436451186347,1.0109737776135177,0.7248163526868885,0.30664185,4.2872324,ultra_steep_spectrum
295.60392,57.49209,0.1258,6.7802,59.2628,113.953,53.02,0.4653,22.08,-1.364,anomaly,-0.9003193588907499,0.8312425047247773,1.772782166817033,0.30658045,4.2862515,ultra_steep_spectrum
339.64587,-20.8534,1.0247,4.7882,5.0751,42.587,22.48,0.5279,162.53,-0.729,double_lobe,0.010596736206525166,0.6801722823113019,0.7054446040276781,0.30637017,4.282892,unclassified
109.58949,49.57447,2.7826,11.0458,4.0985,115.088,31.823,0.2765,5.02,-0.856,double_lobe,0.44445078079391775,1.0431971754363885,0.6126249394226387,0.30636156,4.2827544,unclassified
319.55008,65.26254,0.1616,10.9321,66.2791,416.855,134.244,0.322,21.06,-1.128,anomaly,-0.7915586435614327,1.0387035956925548,1.821376602528116,0.30631298,4.2819786,giant_diffuse
157.11933,77.81696,6.1311,72.9598,11.4018,43.873,26.321,0.5999,162.82,-0.797,double_lobe,0.7875383996525996,1.8630836348185036,1.0569734187363313,0.3060712,4.2781157,unclassified
98.80819,41.51351,66.7316,827.5315,13.8885,108.675,26.643,0.2452,158.99,-0.746,double_lobe,1.8243315379009832,2.9177845341889124,1.1426553431529916,0.3060534,4.2778316,double_lobe_candidate
80.3915,-6.52537,104.8534,1025.418,10.415,113.043,27.547,0.2437,162.95,-0.719,double_lobe,2.0205825175605225,3.0109009366971855,1.0176592742837647,0.30604243,4.2776566,double_lobe_candidate
291.38994,-15.03738,79.3669,297.8293,3.9726,31.14,17.388,0.5584,164.12,-1.133,double_lobe,1.8996394174835813,2.4739674207579117,0.5990748382649611,0.3059442,4.2760873,unclassified
71.3476,15.77585,1.969,9.4652,4.6038,26.169,4.549,0.1738,148.93,-0.646,agn_jet,0.29424571613811823,0.9761297950540372,0.6631164485843764,0.3058725,4.2749414,unclassified
258.48111,70.57622,0.6355,24.6761,41.3496,324.26,160.982,0.4965,13.07,-1.65,anomaly,-0.19688444510997305,1.3922765215557393,1.616471312712435,0.30568513,4.2719483,ultra_steep_spectrum
159.6367,1.41898,2.2864,21.6282,9.1959,18.875,7.027,0.3723,146.02,-0.806,agn_jet,0.359152211446895,1.3350203769242446,0.9635942399260448,0.30539483,4.2673106,unclassified
297.36307,57.30247,8.9524,212.7302,25.9678,60.679,8.325,0.1372,91.3,-0.319,anomaly,0.9519394785595902,2.3278291483998244,1.4144351576257617,0.30530596,4.265891,jet_candidate
43.26974,52.29781,43.8326,135.6781,3.0735,117.074,24.404,0.2084,39.75,-1.006,double_lobe,1.64179723228214,2.13250975321089,0.48763321745687627,0.30521724,4.2644734,unclassified
323.80732,-38.21717,0.5133,41.0036,88.5957,441.793,182.436,0.4129,143.16,-1.319,anomaly,-0.2896287357392373,1.612821988219715,1.9474126438781312,0.3051451,4.2633214,ultra_steep_spectrum
179.50963,26.35651,2.4912,6.6606,3.031,78.093,25.908,0.3318,164.18,-0.547,double_lobe,0.3964085952240451,0.8235133530369915,0.4815859363676223,0.30493265,4.2599273,unclassified
245.60413,63.09522,0.4133,11.7674,28.2652,299.752,183.768,0.6131,135.08,-1.638,anomaly,-0.3837345947182918,1.0706805163363828,1.451252062804773,0.30469507,4.2561316,ultra_steep_spectrum
106.29466,60.9609,92.0688,2670.6504,29.5557,75.083,12.823,0.1708,17.48,-1.897,anomaly,1.9641124827107925,3.4266170406653234,1.4706412496783845,0.30468795,4.2560177,ultra_steep_spectrum
283.92379,41.74553,14.4114,147.7768,10.4956,84.115,35.04,0.4166,176.24,-0.605,double_lobe,1.1587061725378571,2.1696062579908553,1.0210072708594227,0.3042518,4.24905,unclassified
94.55733,41.46082,0.3749,22.5456,60.7546,349.035,187.779,0.538,90.9,-1.52,anomaly,-0.4260845595784493,1.3530617975588362,1.7835791658750482,0.3041768,4.2478523,ultra_steep_spectrum
183.81684,-28.77405,13.7058,51.9861,3.818,46.353,27.193,0.5866,161.11,-1.351,double_lobe,1.1369043901451643,1.7158872378603849,0.581835924057648,0.30412608,4.2470417,ultra_steep_spectrum
157.33157,-14.23933,29.1695,168.34,5.6109,27.224,1.822,0.0669,31.98,0.903,anomaly,1.464928984860436,2.2261873228398796,0.7490325285795582,0.30393183,4.2439384,inverted_spectrum
141.60046,2.42962,3.0983,7.6377,2.3492,52.597,18.49,0.3515,129.14,-0.466,agn_jet,0.4911234670179689,0.8829625957886311,0.37091999217091953,0.303787,4.241625,unclassified
146.43892,27.08061,23.2646,374.6881,17.0077,63.714,4.519,0.0709,37.39,-1.648,anomaly,1.3666955898894384,2.573669900229099,1.230645586696293,0.3036343,4.2391853,ultra_steep_spectrum
32.18897,9.86682,0.311,15.9534,49.8327,498.411,189.103,0.3794,158.03,-1.46,anomaly,-0.5072396109731625,1.2028532544076285,1.6975144184440694,0.3029757,4.2286644,ultra_steep_spectrum
99.46432,-17.33279,2.5105,19.3581,7.6787,34.83,19.394,0.5568,168.65,-1.312,double_lobe,0.39976022571036574,1.2868627290049655,0.8852877004201096,0.30296585,4.2285066,ultra_steep_spectrum
190.38206,-33.16319,35.7792,516.1292,14.7246,42.29,22.429,0.5304,166.91,-1.233,double_lobe,1.553630625793408,2.712758429967336,1.1680435058257064,0.30296245,4.228452,unclassified
158.79596,35.52242,271.5984,5038.8669,14.571,46.112,27.158,0.589,119.13,-1.56,double_lobe,2.4339272071650995,3.702332886762401,1.1634893581926986,0.30277196,4.225409,ultra_steep_spectrum
146.85827,37.33178,6.0774,50.8056,7.5544,73.372,8.069,0.11,60.65,0.048,anomaly,0.7837178215169379,1.7059115846275916,0.8781999766781047,0.3025268,4.221493,jet_candidate
309.32431,64.93484,24.7698,160.0203,7.23,26.601,15.356,0.5773,1.09,-1.468,double_lobe,1.393922499954951,2.204175080273135,0.8591382972945308,0.30182174,4.210229,ultra_steep_spectrum
44.35563,8.80456,45.422,90.9393,2.1228,57.208,7.924,0.1385,156.74,-0.763,agn_jet,1.657266252953749,1.9587516069253093,0.3269090789573479,0.30158144,4.2063904,jet_candidate
90.86069,72.98627,309.2401,4040.1667,13.7093,46.572,27.405,0.5884,5.04,-0.667,double_lobe,2.4902958050378037,3.606399284763214,1.1370152801798474,0.30144277,4.204175,unclassified
69.2859,-0.19634,3.2903,35.0742,11.3311,34.765,17.923,0.5155,24.27,-1.399,double_lobe,0.517235497465091,1.544987774082499,1.054272072329515,0.30124688,4.2010455,ultra_steep_spectrum
199.33557,-10.65845,0.7006,33.0862,55.9016,329.183,188.713,0.5733,126.87,-1.259,anomaly,-0.1545298670183264,1.5196468906473592,1.7474242383198177,0.30116895,4.1998005,giant_diffuse
53.79984,37.39708,18.385,295.4726,18.4718,24.452,3.451,0.1411,12.38,-1.898,anomaly,1.2644636342048812,2.4705172137433933,1.2665092176913524,0.30078802,4.193715,ultra_steep_spectrum
316.45156,47.08382,1.1286,5.38,4.2474,113.117,48.347,0.4274,178.23,-0.805,double_lobe,0.052540045934022526,0.7307822756663892,0.6281231627124937,0.30078697,4.1936984,unclassified
220.26733,78.59174,23.7985,222.9902,9.1981,47.508,4.98,0.1048,171.88,-0.752,agn_jet,1.376549584692968,2.348285777041682,0.9636981268309859,0.30043232,4.1880326,jet_candidate
164.2781,7.48245,37.4603,372.8735,10.7584,109.92,28.468,0.259,165.62,-0.78,double_lobe,1.5735712510910835,2.5715615192885686,1.0317476874233582,0.30037802,4.1871653,double_lobe_candidate
196.84612,59.93401,0.2499,10.4263,37.6836,443.559,146.19,0.3296,28.85,-1.116,anomaly,-0.60223374387355,1.0181302168954443,1.576152385242178,0.30032486,4.1863155,giant_diffuse
57.17374,58.48277,2.8204,22.5607,8.6488,42.209,13.795,0.3268,150.73,-0.538,agn_jet,0.45031070600500483,1.3533525705515983,0.9369558543398437,0.3001248,4.18312,unclassified
297.43243,-6.18555,5.8637,33.118,6.7663,37.917,20.297,0.5353,176.53,-0.842,double_lobe,0.768171742724914,1.5200641018087853,0.8303512493574017,0.30010784,4.182849,unclassified
332.60946,54.88955,24.0159,279.7589,11.8882,51.925,27.639,0.5323,149.94,-1.43,double_lobe,1.3804988665406588,2.4467839116772634,1.0751161027897962,0.3000342,4.181672,ultra_steep_spectrum
277.62315,44.82157,1.9012,7.0328,3.5341,36.157,14.197,0.3926,141.95,-0.713,agn_jet,0.2790278056227209,0.8471282670463618,0.5482788340314556,0.29980484,4.178008,unclassified
29.65592,50.61968,0.9472,110.0567,95.6476,128.79,74.55,0.5788,77.1,-1.699,anomaly,-0.02355831062115542,2.04161648654822,1.980674077135575,0.29978022,4.177615,ultra_steep_spectrum
206.46595,50.00079,1.134,12.8878,11.9258,96.342,47.444,0.4925,172.79,-0.618,double_lobe,0.05461305455688774,1.1101787878417684,1.0764875217945011,0.29977325,4.1775036,unclassified
178.10194,77.78593,0.1191,12.7748,90.558,448.492,155.57,0.3469,154.8,-1.553,anomaly,-0.9240882385172225,1.1063541096226954,1.9569268224290544,0.2996483,4.1755075,ultra_steep_spectrum
142.63232,68.41339,3.2776,8.9219,2.7464,31.302,8.152,0.2604,161.75,-0.781,agn_jet,0.5155559509450859,0.9504573511975082,0.4387637904176937,0.29926637,4.169406,unclassified
330.63972,38.42832,3.0027,24.3322,8.2992,11.105,2.264,0.2039,164.85,-0.824,agn_jet,0.4775119439695726,1.3861813775155039,0.9190362306495098,0.29922992,4.1688237,double_lobe_candidate
118.04841,-33.47763,2.1862,5.345,2.6415,59.837,12.478,0.2085,158.14,-0.483,agn_jet,0.3396898899664772,0.7279477095447968,0.4218506150229582,0.29902694,4.1655807,unclassified
334.69142,52.70333,0.3743,18.6575,42.1467,333.188,190.676,0.5723,100.45,-1.213,anomaly,-0.42678017288557807,1.270853450292433,1.6247635759264547,0.29889315,4.1634436,giant_diffuse
25.35842,54.48171,0.9966,42.0086,45.8196,384.334,177.35,0.4614,114.28,-1.7,anomaly,-0.001479117164961872,1.6233382082600578,1.6610512935275161,0.2988019,4.161986,ultra_steep_spectrum
262.21804,34.8573,55.1538,335.623,6.337,107.008,29.048,0.2715,27.69,-0.661,double_lobe,1.7415754399344665,2.5258517150613535,0.8018837071252396,0.29847652,4.156788,double_lobe_candidate
74.17257,37.33445,1.9741,4.6714,2.3584,14.508,1.471,0.1014,179.88,-0.851,agn_jet,0.29536914851000634,0.6694470564025429,0.37261746617895747,0.2980399,4.1498127,jet_candidate
296.56323,49.20564,7.6355,177.3641,22.2851,76.477,8.233,0.1077,41.34,-1.797,anomaly,0.882837481488184,2.2488657194997286,1.3480145872375755,0.29782793,4.146426,ultra_steep_spectrum
202.87063,-11.7547,1.8011,12.7505,7.0304,78.572,8.87,0.1129,14.85,0.964,anomaly,0.2555378262246034,1.1055272155921916,0.8469800352404163,0.2976568,4.1436925,inverted_spectrum
237.12394,63.51446,1.6555,19.4256,9.4655,25.294,13.385,0.5292,32.15,-1.342,double_lobe,0.2189291850880872,1.2883744417671539,0.9761435598218041,0.29744512,4.140311,ultra_steep_spectrum
160.2044,51.23185,0.5325,12.3427,23.723,278.499,92.097,0.3307,20.96,-0.988,anomaly,-0.27368038788922466,1.0914101732172847,1.375169608851635,0.29740664,4.139696,giant_diffuse
48.20451,-28.49366,3.5968,14.6671,4.098,46.172,25.749,0.5577,179.35,-1.074,double_lobe,0.5559162895529483,1.166344253004848,0.6125719540651762,0.29733017,4.1384745,unclassified
79.77405,41.13555,0.2346,21.9334,84.5833,363.48,170.932,0.4703,55.31,-1.73,anomaly,-0.6296719922204895,1.3411059589363048,1.9272846250510385,0.2971601,4.1357574,ultra_steep_spectrum
210.1582,74.26661,1.0568,80.0018,80.3399,257.278,153.163,0.5953,14.12,-1.223,anomaly,0.023992804606470772,1.9030997585078573,1.904931286824639,0.29657426,4.1263986,giant_diffuse
2.60373,-19.9845,66.184,786.5829,12.84,100.233,21.67,0.2162,46.51,-0.699,double_lobe,1.8207530113193184,2.8957445007867157,1.1085650237328344,0.296479,4.1248765,double_lobe_candidate
98.19264,-24.59818,54.2413,392.5294,7.5469,54.485,32.516,0.5968,164.46,-1.416,double_lobe,1.7343300897096845,2.5938721904560285,0.877768595421911,0.29647875,4.1248727,ultra_steep_spectrum
70.671,-30.84121,16.4514,494.508,29.4785,15.784,2.937,0.186,39.48,0.062,anomaly,1.2162028619457663,2.6941733218740507,1.4695053808730134,0.29644746,4.1243725,double_lobe_candidate
77.54777,65.64155,0.2355,5.7114,23.2242,264.819,153.559,0.5799,48.44,-1.889,anomaly,-0.6280090885350851,0.7567425772037183,1.3659407628564444,0.296417,4.123886,ultra_steep_spectrum
235.80523,16.39806,45.7792,321.1004,7.107,86.064,26.211,0.3046,21.65,-0.477,double_lobe,1.6606681990283176,2.5066408465745518,0.8516863154424276,0.2961838,4.1201606,unclassified
171.27471,66.20773,1.4476,16.0751,11.4985,42.212,24.741,0.5861,56.74,-1.513,double_lobe,0.16064857443616173,1.20615368326426,1.0606411895525787,0.2959907,4.117076,ultra_steep_spectrum
315.50682,-15.23436,5.7874,46.4428,7.0075,43.444,23.832,0.5486,115.19,-1.514,double_lobe,0.7624834999528527,1.6669183951296715,0.8455631064323238,0.2959234,4.1160007,ultra_steep_spectrum
190.82656,27.53141,1.8667,27.5897,18.0061,66.445,6.374,0.0959,37.4,-1.189,anomaly,0.27107452747590083,1.4407469781503373,1.2554196577449392,0.29580134,4.114051,jet_candidate
326.84403,44.86729,1.429,18.2216,13.692,46.144,24.089,0.522,8.9,-1.46,double_lobe,0.15503222879097026,1.2605865087875048,1.1364668904658395,0.29579866,4.114008,ultra_steep_spectrum
172.86933,-29.21029,0.661,35.9085,57.9446,135.796,92.069,0.678,63.32,-1.865,anomaly,-0.17979854051435976,1.5551972637913767,1.7630129692128864,0.2955888,4.1106553,ultra_steep_spectrum
75.51787,36.95971,0.2782,13.2891,49.9243,488.509,192.12,0.3933,129.43,-1.311,anomaly,-0.5556428743439724,1.123495569485319,1.6983119842434193,0.29550228,4.109273,ultra_steep_spectrum
90.10351,47.61313,199.9728,1064.3188,5.7465,117.471,32.055,0.2729,32.86,-0.694,double_lobe,2.3009709275977226,3.0270717335445894,0.759403411038759,0.2953545,4.106912,double_lobe_candidate
314.35976,-39.86981,131.6668,1713.0628,12.0369,48.224,26.33,0.546,162.08,-1.47,double_lobe,2.1194762806984557,3.233773284269385,1.0805146525161025,0.2953019,4.1060724,ultra_steep_spectrum
300.12829,27.32983,1.4745,5.0008,3.5149,31.238,9.601,0.3074,144.09,-0.741,agn_jet,0.16864477688781684,0.6990394858947468,0.5459129737182965,0.29515415,4.1037116,unclassified
186.22857,20.84635,0.525,23.2617,44.0762,277.864,197.666,0.7114,10.29,-1.386,anomaly,-0.2798406965940431,1.3666414504457622,1.6442041450504037,0.2946857,4.0962276,ultra_steep_spectrum
189.55641,5.69204,21.2536,251.1847,12.6485,70.675,31.364,0.4438,109.82,-1.756,double_lobe,1.3274325027494145,2.3999931824061695,1.102039025088996,0.2945636,4.0942774,ultra_steep_spectrum
295.06995,52.04659,0.9277,83.2391,94.049,120.264,93.561,0.778,54.85,-1.576,anomaly,-0.032592443402527205,1.9203273758746835,1.973354182164008,0.29407212,4.086426,ultra_steep_spectrum
304.30876,48.8056,0.2881,21.0913,67.0979,285.259,209.047,0.7328,47.6,-1.196,anomaly,-0.540456741719587,1.3241033490816667,1.8267089280276534,0.2937004,4.0804873,giant_diffuse
76.7422,-1.80478,4.3978,45.0681,11.2254,47.729,25.564,0.5356,39.73,-1.508,double_lobe,0.6432354749403232,1.6538692492866625,1.0502018253722554,0.2936605,4.0798497,ultra_steep_spectrum
136.13556,-31.03237,3.0028,17.0636,5.8813,19.148,2.12,0.1107,173.06,-0.791,agn_jet,0.47752640719434797,1.2320706619544486,0.7694733329510203,0.29332593,4.074505,jet_candidate
306.81969,56.53963,0.3516,0.5072,1.5741,27.178,11.651,0.4287,122.93,-0.904,resolved_galaxy,-0.45395113359826567,-0.2948207551263237,0.1970323189180014,0.29320654,4.072598,unclassified
260.87195,6.33205,9.2356,60.49,5.2796,35.671,21.245,0.5956,124.55,-1.379,double_lobe,0.9654651150685879,1.7816835845073509,0.7226010201903817,0.29318208,4.072207,ultra_steep_spectrum
156.06747,49.28512,0.71,24.4987,35.5504,264.542,171.887,0.6498,23.89,-1.738,anomaly,-0.14874165128092473,1.3891430395561353,1.550844491614743,0.29315507,4.0717754,ultra_steep_spectrum
41.97606,35.59354,10.2528,119.4118,12.4572,79.57,10.539,0.1324,177.78,0.044,anomaly,1.010842485732106,2.077047244897821,1.0954204370902636,0.29313552,4.071463,jet_candidate
295.45727,32.75351,59.2601,216.1131,3.6399,47.309,25.115,0.5309,37.76,-1.528,double_lobe,1.7727623800061914,2.3346810930529696,0.561089452318078,0.29298097,4.068994,ultra_steep_spectrum
281.96564,-26.9604,40.408,259.775,6.7966,104.01,26.109,0.251,46.51,-0.669,double_lobe,1.6064673555042932,2.4145973534942398,0.832291711160372,0.29295582,4.0685925,double_lobe_candidate
161.49185,-9.40941,1.6285,33.377,18.4402,25.078,2.331,0.093,135.11,-0.47,anomaly,0.21178776290089193,1.5234472987303758,1.265765627044365,0.29255977,4.0622654,jet_candidate
29.92409,62.25049,34.4436,110.5804,3.3185,77.516,37.926,0.4893,141.27,-1.598,double_lobe,1.5371085370448752,2.0436781565692446,0.5209418219780616,0.29221088,4.0566916,ultra_steep_spectrum
188.89393,24.06551,3.4389,43.0459,12.2108,44.859,26.327,0.5869,172.41,-1.123,double_lobe,0.5364195471277337,1.6339317924407302,1.0867441180156456,0.2919373,4.052321,unclassified
280.47394,44.83441,0.1041,10.8076,96.0514,239.987,156.213,0.6509,135.74,-1.072,anomaly,-0.9825492704894638,1.0337292626417078,1.9825036993158134,0.29159957,4.0469255,giant_diffuse
29.42031,39.99018,0.9282,91.729,92.4864,283.071,200.248,0.7074,130.69,-1.311,anomaly,-0.03235843591698883,1.9625066589949056,1.9660778750179837,0.29147366,4.0449142,ultra_steep_spectrum
331.00415,53.25692,2.3301,10.54,4.1067,34.485,6.464,0.1874,150.42,-0.53,agn_jet,0.36737455987419687,1.0228406108765278,0.6134929782119857,0.2909835,4.0370836,unclassified
20.79346,-7.23469,3.277,25.768,7.6349,22.467,2.8,0.1246,10.34,-0.109,anomaly,0.5154764413823758,1.411080711811635,0.8828033531497939,0.29082215,4.0345063,jet_candidate
63.81882,26.53466,283.679,5041.863,14.7383,109.731,53.919,0.4914,41.91,-1.672,double_lobe,2.4528271873232295,3.702591040635871,1.1684473923970142,0.29080734,4.0342693,ultra_steep_spectrum
151.85059,77.1095,22.0368,209.7834,9.6297,45.764,25.725,0.5621,167.93,-1.261,double_lobe,1.343148530141608,2.3217711198269155,0.9836127574906792,0.29067534,4.0321608,unclassified
321.93544,37.38835,117.5751,477.7525,4.5284,32.627,17.141,0.5254,166.37,-1.133,double_lobe,2.070315356794513,2.6792029683243586,0.6559447817226545,0.29054672,4.030106,unclassified
326.64432,59.93566,0.2625,22.9417,99.6518,281.66,155.345,0.5515,61.66,-1.773,anomaly,-0.5808706922580243,1.3606255963579341,1.9984851477229812,0.29046124,4.0287404,ultra_steep_spectrum
20.10241,7.8244,69.3164,158.7359,2.4754,50.561,6.271,0.124,167.88,-0.951,agn_jet,1.840835999213058,2.2006751586937487,0.3936453866055359,0.29040202,4.0277944,jet_candidate
79.43438,-23.42496,288.5678,3538.2271,11.6419,48.722,26.89,0.5519,8.86,-1.27,double_lobe,2.460247868467419,3.5487857045238345,1.0660238645215545,0.29030606,4.0262613,unclassified
96.44436,50.42534,1.0624,10.8642,11.5086,23.21,5.556,0.2394,7.28,-1.597,double_lobe,0.026288062023942276,1.035997751974799,1.061022495718849,0.2902766,4.0257907,ultra_steep_spectrum
60.54498,28.46512,0.6121,62.4513,95.0434,126.656,93.134,0.7353,24.31,-1.548,anomaly,-0.2131776205008126,1.7955414831737282,1.9779219639884107,0.29023054,4.025055,ultra_steep_spectrum
34.47209,44.29535,0.869,65.1854,86.893,123.504,58.89,0.4768,44.38,-1.375,anomaly,-0.060980223551333534,1.8141503348505288,1.9389847915945588,0.29012874,4.0234284,ultra_steep_spectrum
72.74556,-17.1124,0.164,11.2268,70.6608,257.468,173.515,0.6739,161.39,-1.663,anomaly,-0.7851561519523022,1.05025598596903,1.849178550076165,0.29006395,4.0223937,ultra_steep_spectrum
96.75604,14.6092,218.4684,2597.0006,11.7754,117.129,26.458,0.2259,27.03,-0.82,double_lobe,2.3393886280428178,3.414472049966869,1.0709756686537752,0.2900414,4.022033,double_lobe_candidate
289.15995,35.78774,1.8392,23.2401,13.4151,35.279,21.019,0.5958,103.08,-1.326,double_lobe,0.2646289582612226,1.366237992451286,1.1275939143755556,0.28995684,4.0206823,ultra_steep_spectrum
130.7129,-1.22895,0.7586,1.8406,2.4402,28.27,10.358,0.3664,131.38,-0.826,resolved_galaxy,-0.11998716163322823,0.26495941769053966,0.38742542278823117,0.2897027,4.0166225,unclassified
284.35722,-2.24296,32.2773,327.0944,11.2933,37.221,19.913,0.535,169.97,-1.248,double_lobe,1.508897198784121,2.514673108876075,1.0528208650761886,0.28955272,4.0142264,unclassified
262.53223,-7.29462,330.1392,2606.3125,8.781,34.914,20.456,0.5859,171.09,-0.957,double_lobe,2.5186970945603453,3.4160264869287347,0.9435439771534544,0.28946576,4.0128374,unclassified
324.68488,27.23263,0.1022,8.6729,88.4136,270.941,144.121,0.5319,27.76,-1.215,anomaly,-0.990549104201306,0.9381643389305527,1.9465190744096978,0.28930682,4.0102983,giant_diffuse
223.33026,-19.9953,45.2488,550.8413,14.6989,54.714,29.663,0.5421,92.99,-1.53,double_lobe,1.6556070661867752,2.7410264945654332,1.1672848353056584,0.2892602,4.0095534,ultra_steep_spectrum
136.39874,79.04247,0.4937,32.8385,60.7595,288.553,187.89,0.6511,145.13,-1.211,anomaly,-0.3065368727804688,1.5163833111574843,1.7836141913241519,0.2890822,4.0067096,giant_diffuse
69.58523,7.47097,2.3857,53.2052,20.4993,31.593,2.051,0.0649,3.86,-1.317,anomaly,0.3776158305597804,1.7259540800571442,1.311739031234886,0.28863698,3.9995973,ultra_steep_spectrum
121.68974,-26.1374,0.215,20.8943,89.4977,316.624,153.011,0.4833,144.19,-1.209,anomaly,-0.6675615400843947,1.3200278260070593,1.9518118745321875,0.28848076,3.9971015,giant_diffuse
46.71575,22.46837,3.2342,37.533,9.3852,48.247,15.87,0.3289,162.8,-0.582,agn_jet,0.5097668727783872,1.5744132788115583,0.9724435319356162,0.28835064,3.9950228,unclassified
115.92912,40.36995,26.4987,262.4113,9.5837,48.919,7.431,0.1519,178.15,-0.775,agn_jet,1.4232245684018952,2.4189825327690935,0.9815332104726394,0.2881377,3.991621,double_lobe_candidate
60.7782,-35.94621,1.8475,48.9651,24.9547,64.626,10.402,0.161,31.41,-1.415,anomaly,0.26658444706686335,1.6898866457900017,1.3971523532392993,0.28774023,3.9852712,ultra_steep_spectrum
179.45147,-18.85294,0.2853,13.4105,43.3413,285.403,123.91,0.4342,178.25,-1.53,anomaly,-0.5446982283429236,1.1274449704834273,1.63690193361876,0.2877092,3.9847755,ultra_steep_spectrum
192.01235,-17.77484,5.4146,17.9061,3.1838,28.732,12.246,0.4262,1.98,-1.323,double_lobe,0.7335663789282373,1.2530010055632876,0.5029457784046781,0.28743207,3.9803483,ultra_steep_spectrum
41.48384,59.34539,8.379,46.7109,5.3255,81.54,42.712,0.5238,176.03,-1.55,double_lobe,0.9231921904206675,1.6694182351162605,0.7263603890209882,0.28730083,3.9782515,ultra_steep_spectrum
98.75106,-18.96442,0.2036,9.3886,40.7831,293.554,184.881,0.6298,52.84,-1.637,anomaly,-0.6912222263352789,0.9726008363976446,1.6104802342357631,0.287224,3.977024,ultra_steep_spectrum
24.91401,55.26893,0.706,43.4153,61.641,112.86,89.372,0.7919,177.61,-1.477,anomaly,-0.15119529894819628,1.6376428063467072,1.7898696756492225,0.28684062,3.9708996,ultra_steep_spectrum
317.12716,-22.94244,0.1614,4.6449,29.8228,307.291,176.337,0.5738,113.47,-1.525,anomaly,-0.7920964696139484,0.6669763685092767,1.4745484160271887,0.2865885,3.9668717,ultra_steep_spectrum
231.55994,-17.1099,7.6008,59.5596,6.9817,57.183,6.845,0.1197,169.15,-0.688,agn_jet,0.880859305083518,1.7749517723847708,0.8439611834721815,0.2864763,3.9650795,jet_candidate
347.06566,-19.66406,3.0683,14.9652,4.9114,37.891,19.397,0.5119,155.42,-1.63,double_lobe,0.4868978200666944,1.175082525273502,0.6912053058926516,0.28637365,3.9634395,ultra_steep_spectrum
177.02506,60.0585,0.1126,7.7294,73.1752,489.236,172.407,0.3524,77.53,-1.459,anomaly,-0.9484616094846725,0.8881457828183763,1.8643639181065494,0.2858161,3.9545326,ultra_steep_spectrum
87.57326,-25.91819,1.9336,4.6683,2.6581,13.041,2.489,0.1909,169.06,-0.968,agn_jet,0.28636663739959395,0.6691587574329099,0.4245713154446566,0.28574324,3.9533684,unclassified
22.85621,56.50501,27.6479,116.7624,3.7919,88.789,17.849,0.201,4.07,-1.491,double_lobe,1.4416621499970512,2.067303013140612,0.5788568756014595,0.28559297,3.950968,ultra_steep_spectrum
336.68699,38.93243,5.2617,18.9168,3.8429,61.92,20.146,0.3254,10.92,-1.556,double_lobe,0.7211260828111158,1.2768476722411903,0.5846590833940271,0.28557107,3.950618,ultra_steep_spectrum
358.38183,16.4088,2.8142,21.5161,7.9975,57.985,6.264,0.108,92.39,-0.024,anomaly,0.44935495870279824,1.3327635540773326,0.9029542487561446,0.2854769,3.9491136,jet_candidate
181.94525,26.81746,20.1114,100.4434,4.7395,46.804,27.866,0.5954,85.47,-1.51,double_lobe,1.3034423038693237,2.0019214051186105,0.6757325276034793,0.2853146,3.9465206,ultra_steep_spectrum
309.75641,70.59085,164.0153,1810.507,11.2553,94.513,21.704,0.2296,5.21,-0.757,double_lobe,2.214884362655266,3.257800208277856,1.0513570752235397,0.28500944,3.9416459,double_lobe_candidate
96.03981,-13.19936,12.7547,60.5935,4.2537,98.032,22.343,0.2279,169.11,-0.716,double_lobe,1.1056702481377494,1.7824260389264,0.6287668572312906,0.28475928,3.9376495,unclassified
3.68626,28.87596,26.7656,476.9854,17.9558,59.508,4.712,0.0792,41.75,-0.672,anomaly,1.427576983335683,2.6785050859657416,1.2542047593838748,0.28475738,3.937619,jet_candidate
326.89431,-12.43523,1.775,12.6306,6.7243,48.934,4.893,0.1,40.45,-1.816,anomaly,0.24919835739111287,1.1014239816321216,0.8276470809480053,0.28475124,3.9375207,ultra_steep_spectrum
151.97672,40.89819,20.8832,34.3723,1.7342,6.573,4.883,0.7429,22.01,-0.378,resolved_galaxy,1.319797047771762,1.5362085936410956,0.23909918188736692,0.284661,3.9360793,unclassified
98.05067,-1.52171,1.772,6.6914,3.4188,84.835,47.912,0.5648,169.24,-0.636,double_lobe,0.24846371755103194,0.8255169920077207,0.5338736952871017,0.28452694,3.9339378,unclassified
83.48363,-7.08318,1.1759,4.1749,3.6239,51.551,6.4,0.1241,141.51,-0.466,agn_jet,0.07037039036700304,0.6206460774320013,0.5591762049961128,0.28450614,3.9336054,jet_candidate
87.93133,41.90318,0.2078,12.906,71.3055,251.775,185.832,0.7381,22.23,-1.191,anomaly,-0.6823544567788413,1.1107916607711061,1.8531230295366834,0.2842659,3.9297676,giant_diffuse
148.29315,32.40034,0.2428,22.3611,97.6519,209.34,71.312,0.3406,13.14,-1.355,anomaly,-0.61475131759678,1.3494931638020273,1.9896806977159167,0.28418684,3.9285045,ultra_steep_spectrum
131.0086,-10.20312,1.7026,28.353,18.3271,30.016,3.166,0.1055,40.76,-1.897,anomaly,0.23111262905635238,1.452599017885537,1.263093749542822,0.28415167,3.9279425,ultra_steep_spectrum
64.07386,-19.91069,0.5036,16.1481,28.4254,273.231,192.647,0.7051,127.79,-1.005,anomaly,-0.29791427856417496,1.2081214301929286,1.453706584760669,0.28405818,3.926449,giant_diffuse
99.71249,60.1665,1.4021,6.4453,5.2826,39.272,8.462,0.2155,144.48,-0.539,agn_jet,0.14677898930783304,0.8092431366331538,0.7228477270281137,0.28400713,3.9256334,double_lobe_candidate
216.50829,38.56093,0.136,6.273,41.2804,478.959,166.677,0.348,33.54,-1.64,anomaly,-0.8664610916297825,0.7974752875373343,1.6157438968786295,0.28396752,3.9250007,ultra_steep_spectrum
5.53104,12.60918,0.4183,30.4204,77.9767,453.141,188.767,0.4166,59.12,-1.424,anomaly,-0.37851213541936973,1.4831649203235096,1.8919648517532748,0.28387368,3.9235015,ultra_steep_spectrum
90.63585,43.74239,3.8823,41.7581,11.8119,47.563,27.638,0.5811,168.55,-1.248,double_lobe,0.5890890919257352,1.620740729977736,1.0723197615548061,0.283837,3.9229155,unclassified
105.71416,-17.71378,56.436,833.347,14.9165,112.057,32.922,0.2938,111.32,-0.653,double_lobe,1.7515562247937042,2.920825876323475,1.1736669324528477,0.2832371,3.913332,double_lobe_candidate
262.05204,-11.27295,154.9978,1849.1538,12.2035,108.255,22.639,0.2091,177.37,-1.083,double_lobe,2.190325533946802,3.2669730343141135,1.0864844054854994,0.28315115,3.911959,double_lobe_candidate
243.65096,-21.19417,5.7472,153.6057,27.7046,27.731,3.59,0.1294,5.78,0.809,anomaly,0.7594563106511916,2.186407331793255,1.4425518841820144,0.28243622,3.9005375,inverted_spectrum
106.78801,-25.55689,1.3645,8.2755,5.39,54.328,9.948,0.1831,174.33,-0.528,agn_jet,0.13497354000591535,0.9177942430134212,0.7315887651867387,0.282277,3.8979938,double_lobe_candidate
32.48856,-1.58821,0.9912,9.967,8.3177,118.731,33.031,0.2782,92.44,-0.615,double_lobe,-0.003838706631992969,0.9985644582609416,0.9200032523244016,0.282084,3.8949106,double_lobe_candidate
187.14587,-19.84356,14.4294,182.5316,13.3902,52.785,29.824,0.565,66.39,-1.514,double_lobe,1.1592482727354425,2.2613380606699223,1.126787063811688,0.28196958,3.8930826,ultra_steep_spectrum
243.36326,-25.95434,2.0065,12.3968,7.0118,33.868,16.384,0.4838,59.93,-1.55,double_lobe,0.30243916406985755,1.093309594702998,0.8458295200664918,0.2818095,3.8905256,ultra_steep_spectrum
234.35238,1.65535,15.4944,206.1451,13.2192,41.772,24.523,0.5871,96.4,-1.436,double_lobe,1.1901747634256201,2.31417301622565,1.121205173296492,0.28158915,3.8870053,ultra_steep_spectrum
109.01048,48.15068,0.5343,37.1302,75.3724,335.226,152.327,0.4544,6.39,-1.523,anomaly,-0.27221482581709405,1.5697272885383715,1.877212344250984,0.28153867,3.8861988,ultra_steep_spectrum
123.16826,34.48888,95.8291,995.7218,10.4829,52.983,4.219,0.0796,35.69,-2.008,anomaly,1.9814974093955686,2.99813801553046,1.0204814429314046,0.2813853,3.8837488,ultra_steep_spectrum
335.5179,-17.89086,0.1667,3.5297,21.8405,441.901,165.135,0.3737,87.38,-1.641,anomaly,-0.7780644001719947,0.5477377949398858,1.3392625765581267,0.28129333,3.8822794,ultra_steep_spectrum
110.19599,-34.7762,1.1537,7.649,7.1567,38.842,20.774,0.5348,110.48,-0.69,double_lobe,0.06209289263016896,0.8836046609222925,0.8547128125087171,0.2812306,3.8812773,unclassified
21.36148,56.88939,23.4804,246.7006,9.8788,43.074,6.006,0.1394,177.9,-0.778,agn_jet,1.3707054910556906,2.392170205737698,0.9947041930663896,0.2811731,3.880359,jet_candidate
68.98721,16.50603,40.3812,501.4679,12.6535,31.457,18.012,0.5726,12.73,-1.552,double_lobe,1.6061792206411694,2.7002431381559364,1.102210669420494,0.28094018,3.8766377,ultra_steep_spectrum
336.46016,45.86713,0.3019,23.0708,78.9448,129.131,48.094,0.3724,65.94,-1.095,anomaly,-0.5201368869769023,1.3630626543200375,1.8973235288258703,0.2808561,3.8752944,giant_diffuse
199.00251,34.11557,4.0722,40.0716,10.3644,34.973,20.002,0.5719,117.11,-1.474,double_lobe,0.6098290995751103,1.6028366835182568,1.0155441656453692,0.28059137,3.8710654,ultra_steep_spectrum
123.20637,-10.20227,50.807,484.7854,10.3209,61.491,5.476,0.0891,5.72,-1.155,anomaly,1.705923551889028,2.685549531960799,1.013717570158554,0.28046164,3.8689928,jet_candidate
324.45144,-34.57163,2.5952,19.404,7.768,107.71,42.571,0.3952,2.24,-0.716,double_lobe,0.414170832531062,1.287891265954026,0.8903092168999485,0.28031433,3.8666394,unclassified
126.86483,60.86314,0.4983,15.5604,30.5798,345.295,179.439,0.5197,115.25,-1.416,anomaly,-0.30250911282894305,1.1920207568927397,1.4854346406845282,0.2802936,3.8663085,ultra_steep_spectrum
96.04712,11.11733,163.5404,1604.8867,10.2109,45.807,25.926,0.566,148.84,-1.511,double_lobe,2.2136250556490595,3.205444377985976,1.0090640229691403,0.2802853,3.8661757,ultra_steep_spectrum
304.57669,57.27026,5.2996,24.085,4.5186,77.091,15.966,0.2071,5.1,-1.484,double_lobe,0.7242430914218306,1.3817466506504528,0.6550038979849871,0.2801525,3.8640542,ultra_steep_spectrum
12.54649,34.94502,1.7839,8.0423,4.1488,114.038,52.27,0.4584,18.16,-0.779,double_lobe,0.2513705054967024,0.9053802694526026,0.6179224994252762,0.27995083,3.8608325,unclassified
174.33497,56.87975,1.212,6.8832,5.6247,29.95,9.836,0.3284,137.37,-0.672,agn_jet,0.0835026198302674,0.8377903887073685,0.7500993637933466,0.27984732,3.8591788,unclassified
120.61736,47.53164,36.907,111.8685,3.4807,26.084,6.753,0.2589,177.01,-0.969,agn_jet,1.567108744832694,2.0487078148389,0.5416665932471849,0.2792215,3.8491812,unclassified
28.14747,-9.10629,79.4705,271.5375,2.9749,22.583,7.521,0.333,178.64,-1.074,agn_jet,1.900205945451244,2.4338298152082847,0.4734723716853706,0.27913713,3.8478334,unclassified
276.04572,68.722,102.9533,390.589,3.2396,58.121,6.449,0.111,166.61,-0.918,agn_jet,2.0126402717779555,2.5917200082642524,0.5104913902939687,0.2791121,3.8474333,jet_candidate
347.27589,65.31399,67.5817,414.3501,6.8028,28.424,12.891,0.4535,176.28,-1.079,double_lobe,1.8298291121404648,2.6173674479931446,0.8326877030385949,0.27873117,3.8413477,unclassified
238.17173,30.46271,1.8425,8.2948,4.7113,34.308,12.434,0.3624,145.94,-0.681,agn_jet,0.2654074965310891,0.9188059189988942,0.6731407595547944,0.278612,3.839444,unclassified
271.22006,71.97849,10.0944,137.3683,13.5877,70.161,39.686,0.5657,178.74,-1.367,double_lobe,1.0040805100619083,2.137886523673671,1.1331459496063754,0.27859354,3.8391492,ultra_steep_spectrum
55.05274,-22.2625,316.9104,2172.4571,7.2869,88.17,48.484,0.5499,123.27,-1.64,double_lobe,2.500936491599577,3.3369512090943614,0.8625428096309841,0.2783904,3.8359041,ultra_steep_spectrum
253.17814,-17.48729,2.1656,20.3452,8.9702,52.216,23.822,0.4562,33.36,-1.542,double_lobe,0.33557824276245,1.308461963467724,0.9528021262021822,0.2782442,3.8335683,ultra_steep_spectrum
176.71581,14.11282,3.2306,36.8394,12.5639,65.63,31.858,0.4854,159.64,-1.477,double_lobe,0.5092831887366662,1.5663125482671802,1.0991244710549435,0.27790824,3.828201,ultra_steep_spectrum
352.35422,-8.10222,1.3007,25.2596,21.671,65.883,4.619,0.0701,133.52,0.161,anomaly,0.11417714024444867,1.4024264689759147,1.335878952134842,0.27774805,3.825642,jet_candidate
68.58525,-13.38981,20.3083,102.4099,6.8571,26.435,14.992,0.5672,8.91,-1.43,double_lobe,1.3076735703019113,2.010341942065069,0.8361404830123361,0.27772564,3.825284,ultra_steep_spectrum
49.80648,62.7717,11.4419,49.2742,4.8764,53.861,15.031,0.2791,178.45,-0.557,agn_jet,1.058498147796196,1.6926195819437502,0.6880993225960016,0.27771443,3.825105,unclassified
96.65095,18.23358,58.0774,1284.1562,23.693,76.715,7.642,0.0996,103.01,-0.401,anomaly,1.76400716569948,3.108617852916789,1.3746200544313716,0.27771384,3.8250954,jet_candidate
230.67932,9.21509,3.9417,41.7114,9.7914,57.77,16.851,0.2917,156.77,-0.518,agn_jet,0.5956835673552656,1.6202547667355676,0.99084479280467,0.2777109,3.825049,double_lobe_candidate
18.79695,39.25214,1.2061,13.2617,9.9433,59.09,3.659,0.0619,89.5,-0.527,anomaly,0.0813833174622853,1.122599199279638,0.9975305427415962,0.27769077,3.824727,jet_candidate
109.31926,18.04015,11.5163,145.3153,12.9848,112.212,31.589,0.2815,89.23,-0.615,double_lobe,1.0613129697391763,2.1623113428304097,1.1134352647419634,0.27746025,3.8210444,double_lobe_candidate
219.16418,7.27729,0.1671,10.0354,52.326,293.749,134.629,0.4583,164.14,-1.612,anomaly,-0.7770235501066086,1.001534687668608,1.7187175368737337,0.27739424,3.8199897,ultra_steep_spectrum
119.61821,56.76491,24.7591,206.8135,8.1185,27.267,10.531,0.3862,178.78,-0.997,agn_jet,1.3937348539127956,2.315578884441949,0.909475795016991,0.27709973,3.815285,unclassified
7.60815,78.17924,270.5865,2463.8887,10.4224,43.921,24.623,0.5606,3.92,-1.152,double_lobe,2.4323061251449745,3.3916210857701596,1.017967736884779,0.27709156,3.8151546,unclassified
258.20303,-16.96873,4.3954,15.7011,3.4626,31.756,14.873,0.4684,179.48,-1.174,double_lobe,0.6429984038439192,1.195930079619127,0.5394023246923064,0.27699918,3.8136785,unclassified
0.23456,23.59208,4.3829,27.6089,5.7426,38.036,21.605,0.568,109.68,-1.426,double_lobe,0.6417615619285135,1.4410491037255813,0.7591085666132639,0.27669585,3.8088326,ultra_steep_spectrum
260.12768,-1.2607,34.4897,310.6002,10.8757,50.854,28.032,0.5512,163.51,-1.309,double_lobe,1.5376894167822586,2.4922017310411824,1.0364572193143666,0.27640256,3.8041475,ultra_steep_spectrum
148.09051,-20.32261,39.5216,395.9744,9.1578,59.532,7.647,0.1284,167.08,-0.831,agn_jet,1.5968345183322203,2.5976671094151085,0.9617911546049955,0.27638197,3.8038185,jet_candidate
23.97831,23.68978,11.0354,57.3853,5.0124,41.96,8.052,0.1919,179.49,-0.707,agn_jet,1.0427880796494047,1.7588006563961704,0.700045721312746,0.27628008,3.8021905,double_lobe_candidate
14.30381,-5.55374,0.1375,3.0097,23.4852,266.386,151.878,0.5701,87.89,-1.79,anomaly,-0.8616973018337185,0.47852320827232275,1.3707942629875043,0.2762078,3.8010361,ultra_steep_spectrum
30.40396,-1.39652,1.8364,25.7614,13.1902,29.019,17.307,0.5964,127.45,-1.411,double_lobe,0.2639672840939832,1.410969461007386,1.120251380704657,0.27611434,3.799543,ultra_steep_spectrum
64.49324,1.6401,0.2483,6.0981,28.3375,253.944,83.449,0.3286,11.24,-1.225,anomaly,-0.6050232804454357,0.7851945418876922,1.4523615331345738,0.27603844,3.7983303,giant_diffuse
211.10123,-6.48393,15.9083,104.7388,7.2,29.053,14.959,0.5149,173.78,-1.186,double_lobe,1.2016237723514125,2.0201075938507094,0.8573324964312685,0.27578914,3.7943478,unclassified
125.52045,33.45843,1.9238,15.7462,8.8587,119.034,38.313,0.3219,6.23,-0.864,double_lobe,0.28415992039868126,1.1971757633224849,0.947369994545035,0.2755369,3.790318,unclassified
14.23017,2.30739,1.2754,37.1925,27.7846,29.994,4.938,0.1646,34.91,-1.449,anomaly,0.10564641265123631,1.57045537168281,1.4438041488614297,0.27551267,3.789931,ultra_steep_spectrum
84.94608,-5.96324,8.2514,70.9035,8.3283,50.344,30.199,0.5998,8.67,-1.45,double_lobe,0.9165276407549651,1.850667673732707,0.9205563608346046,0.27528182,3.786243,ultra_steep_spectrum
14.56229,-31.28134,42.7834,293.779,7.8001,21.037,3.413,0.1622,179.57,-1.048,agn_jet,1.631275295021954,2.46802074819325,0.8921001705327622,0.2752448,3.7856517,double_lobe_candidate
349.33514,-12.54655,46.9362,109.7431,2.4653,59.257,6.851,0.1156,142.87,-0.827,agn_jet,1.6715079257858985,2.0403772238924875,0.3918697757093613,0.27494535,3.7808678,jet_candidate
197.53074,6.48545,8.3653,205.1841,22.3764,47.776,7.725,0.1617,84.56,-0.418,anomaly,0.9224815204338962,2.31214370366295,1.349790216870803,0.27482992,3.779024,double_lobe_candidate
