{
  "train_loss": [
    0.7604027567590986,
    0.742856719153268,
    0.7318952478681292,
    0.718795085975102,
    0.7202907075200762,
    0.7111996790340969,
    0.7013265262331282,
    0.701562956060682,
    0.7011253084455218,
    0.6938154111589704
  ],
  "train_acc": [
    0.5078571428571429,
    0.4992857142857143,
    0.4928571428571429,
    0.48857142857142855,
    0.4835714285714286,
    0.4942857142857143,
    0.5028571428571429,
    0.5028571428571429,
    0.495,
    0.5207142857142857
  ],
  "val_loss": [
    0.8122858619689941,
    0.7507295457522074,
    0.7254100028673808,
    0.7311022090911865,
    0.7008344435691833,
    0.7034701999028524,
    0.7057304954528809,
    0.7007580002148946,
    0.6935139870643616,
    0.6914369336764018
  ],
  "val_acc": [
    0.48,
    0.52,
    0.47,
    0.4866666666666667,
    0.49666666666666665,
    0.48,
    0.51,
    0.5,
    0.5133333333333333,
    0.5533333333333333
  ]
}