#        weight    minuslogpost        beta_deg   minuslogprior minuslogprior__0            chi2 chi2__birefringence_lk.BirefringenceLikelihood
              1       1.3372995      0.40694675       1.0986123        1.0986123      0.47737448                                     0.47737448
              1       1.1882894      0.38180921       1.0986123        1.0986123      0.17935414                                     0.17935414
              2       1.4311736      0.41866175       1.0986123        1.0986123      0.66512259                                     0.66512259
              1       1.2604704      0.39548231       1.0986123        1.0986123      0.32371632                                     0.32371632
              1       2.1496026      0.20571684       1.0986123        1.0986123       2.1019806                                      2.1019806
              1       3.6011969      0.13170099       1.0986123        1.0986123       5.0051691                                      5.0051691
              2       1.2683617      0.28722947       1.0986123        1.0986123      0.33949878                                     0.33949878
              3       1.1012912      0.34888059       1.0986123        1.0986123    0.0053579122                                   0.0053579122
              1       1.2466799      0.39315321       1.0986123        1.0986123      0.29613521                                     0.29613521
              1       1.1052774      0.33114705       1.0986123        1.0986123     0.013330305                                    0.013330305
              1       1.2047633      0.38531167       1.0986123        1.0986123        0.212302                                       0.212302
              1       1.1013272      0.33507344       1.0986123        1.0986123    0.0054297534                                   0.0054297534
              2       1.1638511      0.37595439       1.0986123        1.0986123      0.13047766                                     0.13047766
              1       1.1091474      0.35564467       1.0986123        1.0986123     0.021070278                                    0.021070278
              3       1.4825448      0.42437024       1.0986123        1.0986123       0.7678651                                      0.7678651
              1       1.1403701      0.31483486       1.0986123        1.0986123     0.083515685                                    0.083515685
              2       1.1208627      0.32217052       1.0986123        1.0986123     0.044500723                                    0.044500723
              1       1.0988142      0.34388887       1.0986123        1.0986123   0.00040378143                                  0.00040378143
              3       1.1030691      0.35087469       1.0986123        1.0986123    0.0089135394                                   0.0089135394
              2       1.1018589      0.33442543       1.0986123        1.0986123    0.0064932234                                   0.0064932234
              1       1.1843317      0.38092087       1.0986123        1.0986123      0.17143887                                     0.17143887
              1       1.2548079      0.28946154       1.0986123        1.0986123      0.31239128                                     0.31239128
              1        1.397289      0.26934868       1.0986123        1.0986123      0.59735343                                     0.59735343
              1       1.3946678      0.26966817       1.0986123        1.0986123      0.59211112                                     0.59211112
              1       1.3301385      0.27803492       1.0986123        1.0986123      0.46305249                                     0.46305249
              1       2.0695898      0.47299281       1.0986123        1.0986123       1.9419551                                      1.9419551
              1       1.3733451       0.4116784       1.0986123        1.0986123       0.5494657                                      0.5494657
              6       1.3364894      0.40683645       1.0986123        1.0986123      0.47575428                                     0.47575428
              1       1.3662602      0.41077407       1.0986123        1.0986123      0.53529576                                     0.53529576
              1       1.6253883      0.43848412       1.0986123        1.0986123        1.053552                                       1.053552
              2         1.30453      0.40232394       1.0986123        1.0986123      0.41183539                                     0.41183539
              1       1.2338681      0.39089009       1.0986123        1.0986123      0.27051164                                     0.27051164
              1       1.3968549      0.41459851       1.0986123        1.0986123      0.59648521                                     0.59648521
              1       1.1950453      0.38328152       1.0986123        1.0986123      0.19286597                                     0.19286597
              1       2.4318924      0.49549829       1.0986123        1.0986123       2.6665602                                      2.6665602
              1       1.0989809      0.34455235       1.0986123        1.0986123   0.00073726459                                  0.00073726459
              2       1.1222806      0.32154844       1.0986123        1.0986123     0.047336606                                    0.047336606
              1       1.1677754      0.37696069       1.0986123        1.0986123      0.13832614                                     0.13832614
              1       1.2750523      0.39783948       1.0986123        1.0986123      0.35288002                                     0.35288002
              1       1.1012675      0.33515001       1.0986123        1.0986123    0.0053103554                                   0.0053103554
              1       1.6358909       0.4394412       1.0986123        1.0986123       1.0745572                                      1.0745572
              1       1.6106849      0.43712806       1.0986123        1.0986123       1.0241453                                      1.0241453
              1       1.4653045      0.42249959       1.0986123        1.0986123      0.73338438                                     0.73338438
              1       1.5533457      0.43164401       1.0986123        1.0986123      0.90946681                                     0.90946681
              1       1.5086914      0.42712883       1.0986123        1.0986123      0.82015814                                     0.82015814
              1        1.956271      0.46511192       1.0986123        1.0986123       1.7153174                                      1.7153174
              1       1.3827866      0.41286557       1.0986123        1.0986123      0.56834861                                     0.56834861
              1       1.4472464      0.42049243       1.0986123        1.0986123      0.69726823                                     0.69726823
              1       1.1010686      0.34858845       1.0986123        1.0986123    0.0049125949                                   0.0049125949
              3       1.8885301      0.46015002       1.0986123        1.0986123       1.5798357                                      1.5798357
              3       1.4503798      0.42084437       1.0986123        1.0986123      0.70353502                                     0.70353502
              1       1.6245818      0.24558977       1.0986123        1.0986123        1.051939                                       1.051939
              2       1.0990403      0.33924969       1.0986123        1.0986123   0.00085606667                                  0.00085606667
              1       2.4083268      0.49413571       1.0986123        1.0986123       2.6194289                                      2.6194289
              1       1.6614888      0.44173542       1.0986123        1.0986123       1.1257531                                      1.1257531
              1       1.1702949      0.37759178       1.0986123        1.0986123      0.14336518                                     0.14336518
              1       1.1136532      0.32569655       1.0986123        1.0986123     0.030081779                                    0.030081779
              1       1.3375919      0.27701348       1.0986123        1.0986123      0.47795921                                     0.47795921
              1       1.1638583      0.37595626       1.0986123        1.0986123        0.130492                                       0.130492
              1       1.1583673      0.30950399       1.0986123        1.0986123      0.11951004                                     0.11951004
              2       1.0988541      0.33993277       1.0986123        1.0986123   0.00048363806                                  0.00048363806
              2       1.3304611      0.40600962       1.0986123        1.0986123      0.46369752                                     0.46369752
              3       1.1207483      0.32222153       1.0986123        1.0986123      0.04427204                                     0.04427204
              1       2.1430152      0.47785539       1.0986123        1.0986123       2.0888058                                      2.0888058
              1       2.6249692      0.50623696       1.0986123        1.0986123       3.0527138                                      3.0527138
              1       2.5849826      0.50407139       1.0986123        1.0986123       2.9727407                                      2.9727407
              1       1.1472374      0.37131388       1.0986123        1.0986123     0.097250295                                    0.097250295
              4       1.1630384      0.37574224       1.0986123        1.0986123      0.12885228                                     0.12885228
              1        1.172458      0.30587519       1.0986123        1.0986123      0.14769144                                     0.14769144
              1       1.1463689      0.31294909       1.0986123        1.0986123     0.095513284                                    0.095513284
              1       1.6785251      0.24076651       1.0986123        1.0986123       1.1598256                                      1.1598256
              1       1.2850019      0.39939231       1.0986123        1.0986123      0.37277917                                     0.37277917
              1       1.5761689       0.4338661       1.0986123        1.0986123      0.95511314                                     0.95511314
              2       2.8298362      0.51691194       1.0986123        1.0986123       3.4624477                                      3.4624477
              1        2.598479      0.50480554       1.0986123        1.0986123       2.9997334                                      2.9997334
              1       2.8727328      0.51906569       1.0986123        1.0986123       3.5482411                                      3.5482411
              1       1.3882416       0.4135425       1.0986123        1.0986123      0.57925863                                     0.57925863
              1       1.3303801      0.40599844       1.0986123        1.0986123      0.46353558                                     0.46353558
              1       1.2129784       0.2970436       1.0986123        1.0986123      0.22873217                                     0.22873217
              1       1.0990969      0.33907355       1.0986123        1.0986123   0.00096923065                                  0.00096923065
              1       1.4442572      0.26384479       1.0986123        1.0986123      0.69128985                                     0.69128985
              2        2.385371      0.19120345       1.0986123        1.0986123       2.5735175                                      2.5735175
              1       2.3026519      0.19613092       1.0986123        1.0986123       2.4080793                                      2.4080793
              3       1.2586205       0.2888242       1.0986123        1.0986123      0.32001647                                     0.32001647
              4       1.4031836      0.26863526       1.0986123        1.0986123      0.60914267                                     0.60914267
              2       1.1421096      0.31427484       1.0986123        1.0986123     0.086994623                                    0.086994623
              1       1.1114959      0.35708901       1.0986123        1.0986123      0.02576713                                     0.02576713
              1       1.4111798      0.26767845       1.0986123        1.0986123      0.62513505                                     0.62513505
              2       1.1258437      0.32006295       1.0986123        1.0986123     0.054462905                                    0.054462905
              1       1.1734714      0.30562816       1.0986123        1.0986123      0.14971828                                     0.14971828
              2       1.7079155      0.23823293       1.0986123        1.0986123       1.2186063                                      1.2186063
              3        2.732076      0.17209835       1.0986123        1.0986123       3.2669275                                      3.2669275
              1         1.21669      0.38768008       1.0986123        1.0986123      0.23615542                                     0.23615542
              1       2.2780227      0.19763054       1.0986123        1.0986123       2.3588209                                      2.3588209
              1       2.9836907      0.15948122       1.0986123        1.0986123       3.7701568                                      3.7701568
              1       2.2514712      0.19926485       1.0986123        1.0986123       2.3057178                                      2.3057178
              4       1.1171802       0.3601144       1.0986123        1.0986123     0.037135733                                    0.037135733
              3       1.1392263      0.31520949       1.0986123        1.0986123     0.081228114                                    0.081228114
              1       1.3631714      0.27362392       1.0986123        1.0986123      0.52911825                                     0.52911825
              1       1.6008611      0.43621115       1.0986123        1.0986123       1.0044976                                      1.0044976
              1       2.8514596       0.5180009       1.0986123        1.0986123       3.5056947                                      3.5056947
              1       2.8158645      0.51620471       1.0986123        1.0986123       3.4345044                                      3.4345044
              2       1.6606136      0.44165785       1.0986123        1.0986123       1.1240027                                      1.1240027
              3       1.1083971      0.32885021       1.0986123        1.0986123     0.019569605                                    0.019569605
              1       1.0998619       0.3373008       1.0986123        1.0986123    0.0024991476                                   0.0024991476
              3       1.1095377       0.3558951       1.0986123        1.0986123      0.02185083                                     0.02185083
              1       1.4632195      0.42227041       1.0986123        1.0986123      0.72921448                                     0.72921448
              3       1.1207654      0.36178612       1.0986123        1.0986123     0.044306321                                    0.044306321
              1       1.2180223      0.38793706       1.0986123        1.0986123      0.23882003                                     0.23882003
              2       1.1760804      0.37900022       1.0986123        1.0986123      0.15493618                                     0.15493618
              6       1.2858712      0.28447401       1.0986123        1.0986123      0.37451783                                     0.37451783
              4       1.1931069      0.30113548       1.0986123        1.0986123      0.18898921                                     0.18898921
              2       2.2458067      0.48438405       1.0986123        1.0986123       2.2943887                                      2.2943887
              3       1.3896231      0.41371293       1.0986123        1.0986123       0.5820217                                      0.5820217
              2       2.4648618      0.18661544       1.0986123        1.0986123        2.732499                                       2.732499
              1       1.6449408      0.44025842       1.0986123        1.0986123        1.092657                                       1.092657
              2       2.6931444      0.50986474       1.0986123        1.0986123       3.1890642                                      3.1890642
              1       2.6423611         0.17683       1.0986123        1.0986123       3.0874976                                      3.0874976
              3       1.4536747      0.26278723       1.0986123        1.0986123      0.71012478                                     0.71012478
              2       1.3886655      0.27040517       1.0986123        1.0986123      0.58010633                                     0.58010633
              1       1.3750875        0.411899       1.0986123        1.0986123      0.55295047                                     0.55295047
              1       1.2384636       0.2922863       1.0986123        1.0986123      0.27970262                                     0.27970262
              2       1.3024112      0.40201279       1.0986123        1.0986123      0.40759788                                     0.40759788
              2       1.1856102      0.38121004       1.0986123        1.0986123      0.17399588                                     0.17399588
              1        1.111789      0.35725972       1.0986123        1.0986123     0.026353449                                    0.026353449
              1         1.10304      0.35084575       1.0986123        1.0986123    0.0088555052                                   0.0088555052
              1       1.4092066      0.26791341       1.0986123        1.0986123      0.62118856                                     0.62118856
              2       1.1395412      0.31510583       1.0986123        1.0986123     0.081857911                                    0.081857911
              2       1.1137555       0.3256412       1.0986123        1.0986123      0.03028637                                     0.03028637
              1       1.5735203        0.433611       1.0986123        1.0986123      0.94981603                                     0.94981603
              1       1.5216865      0.42846715       1.0986123        1.0986123       0.8461484                                      0.8461484
              1       1.1689052      0.30675492       1.0986123        1.0986123      0.14058574                                     0.14058574
              1       1.1793083      0.30423679       1.0986123        1.0986123      0.16139202                                     0.16139202
              2       1.1036221      0.35140921       1.0986123        1.0986123     0.010019599                                    0.010019599
              1       2.1165659      0.20787589       1.0986123        1.0986123       2.0359072                                      2.0359072
              1       1.6868488      0.44395742       1.0986123        1.0986123       1.1764731                                      1.1764731
              3       1.1014403      0.33493054       1.0986123        1.0986123    0.0056560972                                   0.0056560972
              3        4.259399      0.57834175       1.0986123        1.0986123       6.3215734                                      6.3215734
              4       1.1394571       0.3151335       1.0986123        1.0986123     0.081689542                                    0.081689542
              1       1.1027591      0.33343945       1.0986123        1.0986123    0.0082936851                                   0.0082936851
              2       3.7776911      0.55958833       1.0986123        1.0986123       5.3581577                                      5.3581577
              3       5.8450346      0.63161833       1.0986123        1.0986123       9.4928447                                      9.4928447
              1       1.6677645      0.44228987       1.0986123        1.0986123       1.1383045                                      1.1383045
              1       1.2456013      0.29103345       1.0986123        1.0986123      0.29397793                                     0.29397793
              2       1.1097732      0.35604409       1.0986123        1.0986123     0.022321913                                    0.022321913
              2       1.3546122      0.27473908       1.0986123        1.0986123       0.5119999                                      0.5119999
              5       2.0271083       0.4700952       1.0986123        1.0986123        1.856992                                       1.856992
              3       2.3859836      0.49283244       1.0986123        1.0986123       2.5747427                                      2.5747427
              6       2.0330271      0.47050283       1.0986123        1.0986123       1.8688295                                      1.8688295
              1       2.7075149      0.51061947       1.0986123        1.0986123       3.2178052                                      3.2178052
              5       1.1082072      0.32897845       1.0986123        1.0986123     0.019189752                                    0.019189752
              3       1.1238867      0.36313406       1.0986123        1.0986123     0.050548726                                    0.050548726
              1       1.2076552      0.38589768       1.0986123        1.0986123      0.21808586                                     0.21808586
              3       1.1272187      0.31951597       1.0986123        1.0986123     0.057212738                                    0.057212738
              2       1.4177388      0.26690271       1.0986123        1.0986123      0.63825293                                     0.63825293
              2       1.7189007      0.23730168       1.0986123        1.0986123       1.2405769                                      1.2405769
              2       1.1563197       0.3100656       1.0986123        1.0986123      0.11541488                                     0.11541488
              1       1.9923113      0.46767199       1.0986123        1.0986123        1.787398                                       1.787398
              1       2.8438583      0.51761887       1.0986123        1.0986123        3.490492                                       3.490492
              1       2.7147683      0.51099914       1.0986123        1.0986123        3.232312                                       3.232312
              2       4.0467859      0.57025451       1.0986123        1.0986123       5.8963472                                      5.8963472
              2       1.1270938      0.36443492       1.0986123        1.0986123     0.056963049                                    0.056963049
              4       1.2118176      0.29727232       1.0986123        1.0986123      0.22641072                                     0.22641072
              2       1.1583022      0.30952171       1.0986123        1.0986123      0.11937977                                     0.11937977
              1       1.1342038      0.31692065       1.0986123        1.0986123     0.071183089                                    0.071183089
              1       1.1219762      0.32168037       1.0986123        1.0986123     0.046727855                                    0.046727855
              2       1.2507446      0.29014943       1.0986123        1.0986123      0.30426458                                     0.30426458
              1       1.6404695      0.24414449       1.0986123        1.0986123       1.0837144                                      1.0837144
              1       1.6006555      0.24780813       1.0986123        1.0986123       1.0040865                                      1.0040865
              1       1.7170695      0.44654366       1.0986123        1.0986123       1.2369144                                      1.2369144
              1       2.0149906      0.21474342       1.0986123        1.0986123       1.8327565                                      1.8327565
              1       1.1088304      0.35543778       1.0986123        1.0986123     0.020436155                                    0.020436155
              5       1.2249504       0.2947491       1.0986123        1.0986123      0.25267622                                     0.25267622
              8       1.1141697      0.35858104       1.0986123        1.0986123     0.031114877                                    0.031114877
              1       1.5124591      0.42751901       1.0986123        1.0986123      0.82769371                                     0.82769371
              2       2.4814125      0.18567711       1.0986123        1.0986123       2.7656005                                      2.7656005
              1       2.5934212      0.17946919       1.0986123        1.0986123       2.9896179                                      2.9896179
              3       1.4225389      0.26634003       1.0986123        1.0986123      0.64785324                                     0.64785324
              2       1.4816794      0.42427735       1.0986123        1.0986123      0.76613417                                     0.76613417
              1       1.2762571       0.2859702       1.0986123        1.0986123      0.35528958                                     0.35528958
              3       1.4775697      0.42383481       1.0986123        1.0986123      0.75791487                                     0.75791487
              2       1.3684248      0.27294838       1.0986123        1.0986123      0.53962504                                     0.53962504
              4       1.4625341      0.42219492       1.0986123        1.0986123      0.72784358                                     0.72784358
              1       2.2477278      0.19949677       1.0986123        1.0986123        2.298231                                       2.298231
              5        1.110246      0.35633845       1.0986123        1.0986123      0.02326746                                     0.02326746
              1       2.3651668      0.19239201       1.0986123        1.0986123       2.5331089                                      2.5331089
              1        1.099837       0.3373478       1.0986123        1.0986123    0.0024494045                                   0.0024494045
              2       1.1032406      0.33295611       1.0986123        1.0986123    0.0092566806                                   0.0092566806
              1       1.2018737       0.2992819       1.0986123        1.0986123      0.20652289                                     0.20652289
              2       1.1060761      0.33051517       1.0986123        1.0986123     0.014927711                                    0.014927711
              1       1.4505622      0.42086481       1.0986123        1.0986123      0.70389976                                     0.70389976
              3       1.2152885      0.29659182       1.0986123        1.0986123      0.23335247                                     0.23335247
              1       1.2417997      0.29169684       1.0986123        1.0986123      0.28637483                                     0.28637483
              1       2.9216369      0.16251047       1.0986123        1.0986123       3.6460493                                      3.6460493
              3       2.3587421      0.19277194       1.0986123        1.0986123       2.5202597                                      2.5202597
              3       2.4289475      0.18867132       1.0986123        1.0986123       2.6606705                                      2.6606705
              4       1.9796762      0.21721954       1.0986123        1.0986123       1.7621279                                      1.7621279
              2       1.4816738      0.42427675       1.0986123        1.0986123      0.76612303                                     0.76612303
              1       4.6013381      0.59079745       1.0986123        1.0986123       7.0054516                                      7.0054516
              1       1.5110417      0.42737243       1.0986123        1.0986123      0.82485873                                     0.82485873
              4       1.1446949      0.31346279       1.0986123        1.0986123       0.0921653                                      0.0921653
              3       1.2020053       0.3847453       1.0986123        1.0986123      0.20678598                                     0.20678598
              8       1.1416683      0.31441583       1.0986123        1.0986123     0.086112076                                    0.086112076
              1       1.1726978      0.37818341       1.0986123        1.0986123      0.14817103                                     0.14817103
              2       2.4289756       0.4953303       1.0986123        1.0986123       2.6607266                                      2.6607266
              1       3.5506014      0.55016232       1.0986123        1.0986123       4.9039781                                      4.9039781
              1       1.8571253      0.45777755       1.0986123        1.0986123        1.517026                                       1.517026
              2       1.4921032      0.25861072       1.0986123        1.0986123      0.78698189                                     0.78698189
              2       1.4609506      0.26197974       1.0986123        1.0986123      0.72467661                                     0.72467661
              4       1.1044972      0.35219794       1.0986123        1.0986123     0.011769811                                    0.011769811
              1       2.3573119      0.19285665       1.0986123        1.0986123       2.5173992                                      2.5173992
              1       2.2429379      0.19979409       1.0986123        1.0986123       2.2886512                                      2.2886512
              5       2.0356379      0.21331777       1.0986123        1.0986123       1.8740512                                      1.8740512
              5       2.5534837       0.5023449       1.0986123        1.0986123       2.9097428                                      2.9097428
              1       2.2079584      0.48201559       1.0986123        1.0986123       2.2186923                                      2.2186923
              1       2.3345426      0.19421177       1.0986123        1.0986123       2.4718606                                      2.4718606
              2       1.5486381      0.25282121       1.0986123        1.0986123      0.90005171                                     0.90005171
              2       1.1340864      0.36703796       1.0986123        1.0986123     0.070948306                                    0.070948306
              2        1.138859      0.36866908       1.0986123        1.0986123     0.080493397                                    0.080493397
              1       1.1291524      0.31876844       1.0986123        1.0986123     0.061080283                                    0.061080283
              4       1.0988522      0.33994115       1.0986123        1.0986123   0.00047972492                                  0.00047972492
              7       1.1331397       0.3667016       1.0986123        1.0986123     0.069054874                                    0.069054874
              2       1.4992656      0.42614479       1.0986123        1.0986123       0.8013066                                      0.8013066
              4       1.2586998      0.28881103       1.0986123        1.0986123      0.32017508                                     0.32017508
              3       1.2718241       0.2866737       1.0986123        1.0986123      0.34642367                                     0.34642367
              1        1.933179      0.22055675       1.0986123        1.0986123       1.6691334                                      1.6691334
              1       2.6565423      0.17607309       1.0986123        1.0986123         3.11586                                        3.11586
              2        1.099153      0.34509113       1.0986123        1.0986123    0.0010813815                                   0.0010813815
              1       1.1875428      0.38164316       1.0986123        1.0986123      0.17786101                                     0.17786101
              4       1.2694462      0.28705478       1.0986123        1.0986123      0.34166787                                     0.34166787
              1        4.472243     0.097830384       1.0986123        1.0986123       6.7472614                                      6.7472614
              3       2.8933721      0.16390734       1.0986123        1.0986123       3.5895195                                      3.5895195
              2       1.9187865      0.22160847       1.0986123        1.0986123       1.6403485                                      1.6403485
              5        1.133904      0.31702652       1.0986123        1.0986123     0.070583396                                    0.070583396
              1       1.3817107      0.27126871       1.0986123        1.0986123       0.5661968                                      0.5661968
              2       1.2009596       0.2994714       1.0986123        1.0986123      0.20469462                                     0.20469462
              2       1.4788889      0.42397712       1.0986123        1.0986123      0.76055326                                     0.76055326
              3       1.1007076      0.33591489       1.0986123        1.0986123    0.0041906473                                   0.0041906473
              3       2.9602018      0.16062192       1.0986123        1.0986123       3.7231789                                      3.7231789
              3        1.234064      0.29307452       1.0986123        1.0986123      0.27090342                                     0.27090342
              3        1.473786      0.26057476       1.0986123        1.0986123      0.75034737                                     0.75034737
              1       2.5791387      0.18024753       1.0986123        1.0986123       2.9610528                                      2.9610528
              1       1.9243834       0.2211984       1.0986123        1.0986123       1.6515422                                      1.6515422
              1       2.3954051      0.19061664       1.0986123        1.0986123       2.5935857                                      2.5935857
              4       1.7832448      0.45199466       1.0986123        1.0986123       1.3692651                                      1.3692651
              1       5.4687638      0.61990163       1.0986123        1.0986123        8.740303                                       8.740303
              1       5.1435895      0.60936275       1.0986123        1.0986123       8.0899544                                      8.0899544
              1       4.1640908      0.57475123       1.0986123        1.0986123       6.1309571                                      6.1309571
              3       3.5869231      0.55169842       1.0986123        1.0986123       4.9766216                                      4.9766216
              2       3.7514352      0.55851948       1.0986123        1.0986123       5.3056458                                      5.3056458
              1       1.1221923      0.32158662       1.0986123        1.0986123     0.047160057                                    0.047160057
              4       1.3528837      0.27496654       1.0986123        1.0986123      0.50854288                                     0.50854288
              1       1.6444842      0.24378264       1.0986123        1.0986123       1.0917439                                      1.0917439
              1       1.4577639       0.2623324       1.0986123        1.0986123      0.71830314                                     0.71830314
              2       1.2910197      0.28368856       1.0986123        1.0986123      0.38481481                                     0.38481481
              8       1.2465877      0.39313728       1.0986123        1.0986123       0.2959508                                      0.2959508
              6       1.4494284      0.26326232       1.0986123        1.0986123      0.70163227                                     0.70163227
              1       1.3120451      0.28058515       1.0986123        1.0986123      0.42686558                                     0.42686558
              1       1.4436178      0.26391712       1.0986123        1.0986123      0.69001095                                     0.69001095
              5       2.2874712      0.19705341       1.0986123        1.0986123       2.3777177                                      2.3777177
              1       1.3365342      0.27715746       1.0986123        1.0986123      0.47584375                                     0.47584375
              1       1.2161332      0.29642775       1.0986123        1.0986123      0.23504183                                     0.23504183
              2       1.2114935      0.38666359       1.0986123        1.0986123      0.22576233                                     0.22576233
              1       2.2177643      0.48263305       1.0986123        1.0986123       2.2383041                                      2.2383041
              1       1.6892784      0.44416776       1.0986123        1.0986123       1.1813322                                      1.1813322
              1        1.201156      0.29943061       1.0986123        1.0986123      0.20508748                                     0.20508748
              2       1.1401963      0.31489147       1.0986123        1.0986123     0.083168002                                    0.083168002
              2       1.7190394      0.44671002       1.0986123        1.0986123       1.2408543                                      1.2408543
              3       1.1526171      0.37289294       1.0986123        1.0986123      0.10800967                                     0.10800967
              1        1.647263      0.24353297       1.0986123        1.0986123       1.0973015                                      1.0973015
              4       1.1302526      0.36564629       1.0986123        1.0986123     0.063280584                                    0.063280584
              1       1.6626622      0.44183932       1.0986123        1.0986123       1.1280998                                      1.1280998
              2       2.6233959       0.1778477       1.0986123        1.0986123       3.0495672                                      3.0495672
              1       1.9052115      0.46139104       1.0986123        1.0986123       1.6131985                                      1.6131985
              6        1.175825      0.37893918       1.0986123        1.0986123      0.15442543                                     0.15442543
              2       1.1109578      0.35677059       1.0986123        1.0986123     0.024691078                                    0.024691078
              1       1.4453297      0.42027637       1.0986123        1.0986123      0.69343486                                     0.69343486
              1       1.1105171      0.32749544       1.0986123        1.0986123     0.023809681                                    0.023809681
              2       3.0927593      0.52972471       1.0986123        1.0986123        3.988294                                       3.988294
              2       1.3686264      0.41107742       1.0986123        1.0986123      0.54002829                                     0.54002829
              2       1.1047331      0.35240037       1.0986123        1.0986123     0.012241712                                    0.012241712
              1       1.1530593      0.37301915       1.0986123        1.0986123      0.10889405                                     0.10889405
              1       1.2245568      0.38917723       1.0986123        1.0986123      0.25188899                                     0.25188899
              5       1.6574137      0.44137374       1.0986123        1.0986123       1.1176029                                      1.1176029
              2       1.7895518      0.23149985       1.0986123        1.0986123       1.3818791                                      1.3818791
              1       1.2247464      0.29478728       1.0986123        1.0986123      0.25226814                                     0.25226814
              3       1.3222189      0.27913844       1.0986123        1.0986123      0.44721323                                     0.44721323
              2       1.2555359      0.28933925       1.0986123        1.0986123      0.31384724                                     0.31384724
              1       1.2133564      0.38703063       1.0986123        1.0986123      0.22948822                                     0.22948822
              5       1.0987362      0.34052028       1.0986123        1.0986123   0.00024780095                                  0.00024780095
              3       1.3421194      0.27640078       1.0986123        1.0986123      0.48701421                                     0.48701421
              1       1.2038077      0.38511628       1.0986123        1.0986123      0.21039089                                     0.21039089
              7       1.5953064      0.24831127       1.0986123        1.0986123      0.99338815                                     0.99338815
              1        2.160869      0.20498832       1.0986123        1.0986123       2.1245135                                      2.1245135
              1       1.3488122      0.40849461       1.0986123        1.0986123       0.5003999                                      0.5003999
              1       1.5101864      0.42728386       1.0986123        1.0986123      0.82314815                                     0.82314815
              1       1.6840234      0.44371226       1.0986123        1.0986123       1.1708221                                      1.1708221
              3       1.1065375      0.35383443       1.0986123        1.0986123     0.015850345                                    0.015850345
              7       1.1843715      0.30307012       1.0986123        1.0986123      0.17151832                                     0.17151832
              2         1.78334      0.45200231       1.0986123        1.0986123       1.3694554                                      1.3694554
              4       2.5548042      0.18158235       1.0986123        1.0986123       2.9123838                                      2.9123838
              1       2.4577045      0.18702298       1.0986123        1.0986123       2.7181843                                      2.7181843
              1       1.7585059      0.23401093       1.0986123        1.0986123       1.3197872                                      1.3197872
              7       1.1845148       0.3030376       1.0986123        1.0986123      0.17180497                                     0.17180497
              2       1.1008316      0.34826252       1.0986123        1.0986123    0.0044385702                                   0.0044385702
              1       1.1037448      0.33247624       1.0986123        1.0986123      0.01026505                                     0.01026505
              5       2.5212235       0.5005572       1.0986123        1.0986123       2.8452225                                      2.8452225
              1       1.1912975      0.30152861       1.0986123        1.0986123      0.18537048                                     0.18537048
              2       2.3321059      0.48964247       1.0986123        1.0986123       2.4669873                                      2.4669873
              4        1.312781      0.40352065       1.0986123        1.0986123      0.42833748                                     0.42833748
              1       2.3246004       0.4891926       1.0986123        1.0986123       2.4519763                                      2.4519763
              2       2.1526267      0.47847909       1.0986123        1.0986123       2.1080287                                      2.1080287
              1       3.3804896      0.54281169       1.0986123        1.0986123       4.5637546                                      4.5637546
              1        1.100106      0.34713774       1.0986123        1.0986123    0.0029873636                                   0.0029873636
              3       1.1008981      0.33564432       1.0986123        1.0986123    0.0045715976                                   0.0045715976
              1       1.4558451      0.42145451       1.0986123        1.0986123      0.71446572                                     0.71446572
              5       1.2371841      0.29251423       1.0986123        1.0986123      0.27714362                                     0.27714362
              1       1.1235949      0.36301174       1.0986123        1.0986123     0.049965275                                    0.049965275
              1       1.4069596      0.41581811       1.0986123        1.0986123      0.61669463                                     0.61669463
              2       1.9524514      0.21916253       1.0986123        1.0986123       1.7076782                                      1.7076782
              5       2.2888654      0.48703156       1.0986123        1.0986123       2.3805062                                      2.3805062
              1       1.7491165      0.23478195       1.0986123        1.0986123       1.3010085                                      1.3010085
              2       1.6460124      0.24364526       1.0986123        1.0986123       1.0948002                                      1.0948002
              1        2.096871      0.20917971       1.0986123        1.0986123       1.9965175                                      1.9965175
              2       1.1371711      0.36810385       1.0986123        1.0986123     0.077117603                                    0.077117603
              4       1.1477095      0.31254418       1.0986123        1.0986123      0.09819435                                     0.09819435
              1       2.4827773      0.49840001       1.0986123        1.0986123         2.76833                                        2.76833
              2       3.3466461      0.14268303       1.0986123        1.0986123       4.4960676                                      4.4960676
              1        4.376282      0.10132807       1.0986123        1.0986123       6.5553394                                      6.5553394
              1       9.1995095    -0.036363654       1.0986123        1.0986123       16.201794                                      16.201794
              2       3.1917258      0.14967345       1.0986123        1.0986123       4.1862271                                      4.1862271
              2       1.1423542      0.31419699       1.0986123        1.0986123     0.087483841                                    0.087483841
              3       1.1182956      0.32334945       1.0986123        1.0986123     0.039366564                                    0.039366564
              3       1.1195933      0.32274446       1.0986123        1.0986123     0.041961964                                    0.041961964
              4       1.3052017      0.28157775       1.0986123        1.0986123      0.41317892                                     0.41317892
              2       1.1427914       0.3140584       1.0986123        1.0986123      0.08835822                                     0.08835822
              5       1.5910569      0.24871291       1.0986123        1.0986123      0.98488922                                     0.98488922
              1       1.9649458      0.21826704       1.0986123        1.0986123       1.7326671                                      1.7326671
              3       1.0986305      0.34256664       1.0986123        1.0986123   3.6338245e-05                                  3.6338245e-05
              2       2.5163228      0.50028386       1.0986123        1.0986123       2.8354211                                      2.8354211
              4       1.1610406      0.37521495       1.0986123        1.0986123      0.12485658                                     0.12485658
              2       1.1503932      0.37225016       1.0986123        1.0986123       0.1035618                                      0.1035618
              3        1.114276      0.32536239       1.0986123        1.0986123     0.031327514                                    0.031327514
              1       1.4691475      0.26107968       1.0986123        1.0986123      0.74107044                                     0.74107044
              1       1.1178791      0.36045216       1.0986123        1.0986123     0.038533535                                    0.038533535
              9       1.6723719      0.24130501       1.0986123        1.0986123       1.1475193                                      1.1475193
              3       1.4176379      0.26691458       1.0986123        1.0986123      0.63805127                                     0.63805127
              1       1.2958255      0.40103517       1.0986123        1.0986123      0.39442638                                     0.39442638
              1       1.2022391      0.29920638       1.0986123        1.0986123      0.20725372                                     0.20725372
              1       1.1978695      0.38388167       1.0986123        1.0986123      0.19851449                                     0.19851449
              2       1.2590794      0.28874801       1.0986123        1.0986123      0.32093421                                     0.32093421
              3       1.1789618      0.30431794       1.0986123        1.0986123       0.1606991                                      0.1606991
              1        2.033056      0.47050482       1.0986123        1.0986123       1.8688874                                      1.8688874
              1       2.8628993      0.51857429       1.0986123        1.0986123       3.5285739                                      3.5285739
              1       1.7076454      0.44574408       1.0986123        1.0986123       1.2180663                                      1.2180663
              1       1.3915226      0.27005341       1.0986123        1.0986123      0.58582071                                     0.58582071
              3       2.1289296      0.20706384       1.0986123        1.0986123       2.0606346                                      2.0606346
              4       1.2977877      0.28267186       1.0986123        1.0986123      0.39835081                                     0.39835081
              2       1.3869313      0.27061951       1.0986123        1.0986123      0.57663808                                     0.57663808
              3       1.2580337       0.2889218       1.0986123        1.0986123      0.31884287                                     0.31884287
              2       2.0266366      0.21393734       1.0986123        1.0986123       1.8560486                                      1.8560486
              1       4.1530741      0.10966737       1.0986123        1.0986123       6.1089237                                      6.1089237
              1       3.5100045      0.13556811       1.0986123        1.0986123       4.8227845                                      4.8227845
              2        2.303427      0.19608398       1.0986123        1.0986123       2.4096294                                      2.4096294
              6       2.4260304      0.49516048       1.0986123        1.0986123       2.6548363                                      2.6548363
              3       1.6731981      0.44276745       1.0986123        1.0986123       1.1491716                                      1.1491716
              1       2.2194511      0.20126101       1.0986123        1.0986123       2.2416775                                      2.2416775
              3       1.1248012      0.36351305       1.0986123        1.0986123     0.052377907                                    0.052377907
              4       1.0992376      0.33867589       1.0986123        1.0986123    0.0012505357                                   0.0012505357
              1       1.6092413      0.24700613       1.0986123        1.0986123        1.021258                                       1.021258
              2       2.3575947      0.49116011       1.0986123        1.0986123       2.5179648                                      2.5179648
              1       1.1004929      0.33623508       1.0986123        1.0986123    0.0037612442                                   0.0037612442
              4       1.2102789      0.29757734       1.0986123        1.0986123      0.22333331                                     0.22333331
              2       1.1887257      0.38190595       1.0986123        1.0986123      0.18022691                                     0.18022691
              4       1.2959329      0.28294875       1.0986123        1.0986123      0.39464131                                     0.39464131
              1       1.1030794      0.35088498       1.0986123        1.0986123    0.0089342392                                   0.0089342392
              3       1.0996505      0.34628344       1.0986123        1.0986123    0.0020764872                                   0.0020764872
              2       1.3066951      0.28135976       1.0986123        1.0986123      0.41616559                                     0.41616559
              1       1.2201166      0.38833815       1.0986123        1.0986123      0.24300865                                     0.24300865
              1        1.857279      0.45778928       1.0986123        1.0986123       1.5173335                                      1.5173335
              2       1.3991136       0.4148729       1.0986123        1.0986123      0.60100266                                     0.60100266
              3       1.3345695      0.27742573       1.0986123        1.0986123      0.47191443                                     0.47191443
              2       1.1606201      0.37510291       1.0986123        1.0986123       0.1240157                                      0.1240157
              1       1.2916232      0.28359719       1.0986123        1.0986123      0.38602181                                     0.38602181
              3       1.5751448      0.43376755       1.0986123        1.0986123       0.9530651                                      0.9530651
              2       1.3007133      0.28223772       1.0986123        1.0986123       0.4042021                                      0.4042021
              1       1.2761725      0.28598354       1.0986123        1.0986123      0.35512035                                     0.35512035
              5       1.1035814      0.35137089       1.0986123        1.0986123    0.0099381654                                   0.0099381654
              3       1.5483607       0.2528487       1.0986123        1.0986123      0.89949684                                     0.89949684
              4       2.3712777      0.19203152       1.0986123        1.0986123       2.5453309                                      2.5453309
              5       1.6738241      0.24117767       1.0986123        1.0986123       1.1504236                                      1.1504236
              1        1.741585      0.44859556       1.0986123        1.0986123       1.2859455                                      1.2859455
              4       1.2316523      0.39048796       1.0986123        1.0986123      0.26607998                                     0.26607998
              2       1.1723651      0.30589792       1.0986123        1.0986123       0.1475057                                      0.1475057
              6       1.5022016      0.42645253       1.0986123        1.0986123      0.80717866                                     0.80717866
              1       1.8487667      0.22686213       1.0986123        1.0986123       1.5003089                                      1.5003089
              3       1.1074624      0.35450594       1.0986123        1.0986123      0.01770016                                     0.01770016
              3       2.0170607      0.46940024       1.0986123        1.0986123       1.8368968                                      1.8368968
              1       1.5711656       0.4333836       1.0986123        1.0986123      0.94510658                                     0.94510658
              3       1.6247948      0.43842976       1.0986123        1.0986123       1.0523651                                      1.0523651
              1       4.2194825      0.10715533       1.0986123        1.0986123       6.2417405                                      6.2417405
              5       2.2502468      0.19934067       1.0986123        1.0986123        2.303269                                       2.303269
              1       1.1444155      0.37045056       1.0986123        1.0986123      0.09160644                                     0.09160644
              4       1.4218005      0.41757369       1.0986123        1.0986123      0.64637643                                     0.64637643
              1       1.3508416      0.40876374       1.0986123        1.0986123      0.50445867                                     0.50445867
              1       1.9444858      0.46426314       1.0986123        1.0986123       1.6917469                                      1.6917469
              1       1.4370756      0.26466098       1.0986123        1.0986123      0.67692658                                     0.67692658
              3       1.7596431      0.23391792       1.0986123        1.0986123       1.3220616                                      1.3220616
              1       1.5297217      0.42928439       1.0986123        1.0986123      0.86221876                                     0.86221876
              3       1.1012536      0.34883209       1.0986123        1.0986123    0.0052826438                                   0.0052826438
              2       2.3694839      0.49186275       1.0986123        1.0986123       2.5417432                                      2.5417432
              2       1.5593854      0.43223737       1.0986123        1.0986123      0.92154627                                     0.92154627
              1       1.1294129      0.31866956       1.0986123        1.0986123     0.061601317                                    0.061601317
              1       1.1560769      0.31013287       1.0986123        1.0986123      0.11492915                                     0.11492915
              4       2.7066806      0.17342425       1.0986123        1.0986123       3.2161366                                      3.2161366
              1        1.883426      0.45976769       1.0986123        1.0986123       1.5696275                                      1.5696275
              2       1.1576857      0.30968985       1.0986123        1.0986123      0.11814691                                     0.11814691
              1       1.1108791      0.32727659       1.0986123        1.0986123     0.024533596                                    0.024533596
              3       1.1043244      0.35204711       1.0986123        1.0986123     0.011424216                                    0.011424216
              1       1.1047007      0.33162726       1.0986123        1.0986123     0.012176758                                    0.012176758
              1       1.0993748      0.34567075       1.0986123        1.0986123    0.0015249461                                   0.0015249461
              1       2.8047033      0.16836233       1.0986123        1.0986123        3.412182                                       3.412182
              1       1.2332815      0.29321605       1.0986123        1.0986123      0.26933838                                     0.26933838
              2       1.2319683      0.29345448       1.0986123        1.0986123      0.26671206                                     0.26671206
              2       1.4678898      0.42278287       1.0986123        1.0986123      0.73855505                                     0.73855505
              3       5.8073441      0.63046613       1.0986123        1.0986123       9.4174637                                      9.4174637
              6       5.5696671      0.62309159       1.0986123        1.0986123       8.9421097                                      8.9421097
              2       3.5787584      0.55135411       1.0986123        1.0986123       4.9602922                                      4.9602922
              2       3.3314224      0.14335907       1.0986123        1.0986123       4.4656203                                      4.4656203
              3       5.2532684      0.61296325       1.0986123        1.0986123       8.3093122                                      8.3093122
              1       3.3016951      0.14468584       1.0986123        1.0986123       4.4061656                                      4.4061656
              3       1.1013445      0.34894865       1.0986123        1.0986123    0.0054644321                                   0.0054644321
              1       1.2320701      0.29343596       1.0986123        1.0986123      0.26691557                                     0.26691557
              1       1.1785222      0.30442119       1.0986123        1.0986123      0.15981974                                     0.15981974
              5       1.0996989      0.33761789       1.0986123        1.0986123     0.002173252                                    0.002173252
              1       1.3888573       0.2703815       1.0986123        1.0986123      0.58049002                                     0.58049002
              5       1.1207736      0.32221026       1.0986123        1.0986123     0.044322534                                    0.044322534
              5       1.1023578      0.33386428       1.0986123        1.0986123     0.007490937                                    0.007490937
              4       2.0684116      0.21108669       1.0986123        1.0986123       1.9395986                                      1.9395986
              1       1.2007767      0.29950943       1.0986123        1.0986123      0.20432872                                     0.20432872
              3       1.1097134      0.32799362       1.0986123        1.0986123     0.022202193                                    0.022202193
              1       1.1846877       0.3810016       1.0986123        1.0986123      0.17215085                                     0.17215085
              5        1.231832      0.29347929       1.0986123        1.0986123      0.26643949                                     0.26643949
              2        1.510436      0.42730973       1.0986123        1.0986123      0.82364752                                     0.82364752
              3          1.2566      0.39483899       1.0986123        1.0986123       0.3159754                                      0.3159754
              1       1.6318779      0.24492338       1.0986123        1.0986123       1.0665312                                      1.0665312
              5       1.6647406      0.24197691       1.0986123        1.0986123       1.1322566                                      1.1322566
              2       1.3344548      0.27744143       1.0986123        1.0986123      0.47168497                                     0.47168497
              2       1.2031787      0.29901282       1.0986123        1.0986123       0.2091328                                      0.2091328
              2       1.1942144       0.3831033       1.0986123        1.0986123      0.19120431                                     0.19120431
              1       1.0991697      0.33886144       1.0986123        1.0986123     0.001114819                                    0.001114819
              1       1.0986216      0.34159467       1.0986123        1.0986123   1.8593601e-05                                  1.8593601e-05
              1        1.443761      0.42009909       1.0986123        1.0986123      0.69029734                                     0.69029734
              2       1.3443163      0.40789447       1.0986123        1.0986123      0.49140807                                     0.49140807
              1        1.136474      0.31613319       1.0986123        1.0986123     0.075723386                                    0.075723386
              2       2.0062612      0.46864901       1.0986123        1.0986123       1.8152979                                      1.8152979
              7        1.148198      0.37160201       1.0986123        1.0986123     0.099171429                                    0.099171429
              1       1.1137182      0.32566137       1.0986123        1.0986123     0.030211743                                    0.030211743
              7       1.1076803      0.32934103       1.0986123        1.0986123     0.018135966                                    0.018135966
              1       1.1009138      0.34837747       1.0986123        1.0986123    0.0046030026                                   0.0046030026
              1       1.1202544      0.36155658       1.0986123        1.0986123     0.043284274                                    0.043284274
              1       1.6659802      0.44213254       1.0986123        1.0986123       1.1347358                                      1.1347358
              5       2.2696299      0.48585487       1.0986123        1.0986123       2.3420352                                      2.3420352
              1       1.5272911        0.429038       1.0986123        1.0986123      0.85735771                                     0.85735771
              1       2.5998853      0.17911815       1.0986123        1.0986123       3.0025459                                      3.0025459
              5        1.980291      0.46682398       1.0986123        1.0986123       1.7633575                                      1.7633575
              2       2.6668243      0.50847355       1.0986123        1.0986123        3.136424                                       3.136424
              3       1.6732268      0.44276997       1.0986123        1.0986123        1.149229                                       1.149229
              1       1.2554613      0.28935177       1.0986123        1.0986123      0.31369807                                     0.31369807
              2       1.9507534      0.46471527       1.0986123        1.0986123       1.7042822                                      1.7042822
              5       1.2949902      0.40091002       1.0986123        1.0986123      0.39275579                                     0.39275579
              6       1.7207579      0.44685493       1.0986123        1.0986123       1.2442912                                      1.2442912
              1        1.101201       0.3487637       1.0986123        1.0986123      0.00517742                                     0.00517742
              2       1.6508173      0.44078546       1.0986123        1.0986123         1.10441                                        1.10441
              2       1.0986873      0.34315099       1.0986123        1.0986123   0.00014992897                                  0.00014992897
              1       1.6117849      0.24676982       1.0986123        1.0986123       1.0263453                                      1.0263453
              1       1.1637487      0.37592773       1.0986123        1.0986123      0.13027283                                     0.13027283
              1       1.4480236      0.42057988       1.0986123        1.0986123      0.69882269                                     0.69882269
              5       1.2691973      0.28709482       1.0986123        1.0986123       0.3411701                                      0.3411701
              1       1.2991453      0.28247001       1.0986123        1.0986123      0.40106606                                     0.40106606
              1       1.1657411      0.37644272       1.0986123        1.0986123      0.13425768                                     0.13425768
              1       1.7860482      0.23178037       1.0986123        1.0986123       1.3748717                                      1.3748717
              1       1.3196225      0.27950446       1.0986123        1.0986123      0.44202037                                     0.44202037
              7        1.260122      0.28857529       1.0986123        1.0986123      0.32301937                                     0.32301937
              2       1.1015922      0.33474319       1.0986123        1.0986123    0.0059598562                                   0.0059598562
              3       1.4140425      0.26733889       1.0986123        1.0986123      0.63086034                                     0.63086034
              2       1.1509349      0.37240797       1.0986123        1.0986123      0.10464519                                     0.10464519
              2       1.1004494       0.3363022       1.0986123        1.0986123    0.0036741667                                   0.0036741667
              5       1.0990776      0.33913248       1.0986123        1.0986123   0.00093058982                                  0.00093058982
              2       1.1343554      0.36713269       1.0986123        1.0986123     0.071486183                                    0.071486183
              1       3.0999918      0.15393517       1.0986123        1.0986123        4.002759                                       4.002759
              2       2.9989782      0.15874262       1.0986123        1.0986123       3.8007318                                      3.8007318
              1       3.4034268      0.14018156       1.0986123        1.0986123        4.609629                                       4.609629
              1       3.8106192      0.56092141       1.0986123        1.0986123       5.4240138                                      5.4240138
              1       1.7991309      0.45326349       1.0986123        1.0986123       1.4010371                                      1.4010371
              5       1.1124648      0.32635385       1.0986123        1.0986123      0.02770506                                     0.02770506
              1       1.1203109      0.32241793       1.0986123        1.0986123     0.043397157                                    0.043397157
              4       1.1299743      0.31845793       1.0986123        1.0986123     0.062723985                                    0.062723985
              2       2.7302497      0.51180665       1.0986123        1.0986123       3.2632749                                      3.2632749
              1       2.1457679      0.20596569       1.0986123        1.0986123       2.0943113                                      2.0943113
              1       2.6071806      0.17872288       1.0986123        1.0986123       3.0171366                                      3.0171366
              1        1.139785      0.31502587       1.0986123        1.0986123     0.082345349                                    0.082345349
              1       1.7486924      0.23481691       1.0986123        1.0986123       1.3001602                                      1.3001602
             11       1.0987096      0.34068854       1.0986123        1.0986123   0.00019465067                                  0.00019465067
              3       1.1950135      0.30072529       1.0986123        1.0986123      0.19280234                                     0.19280234
              1       1.1901099      0.38221127       1.0986123        1.0986123      0.18299526                                     0.18299526
              9       2.3598663      0.49129461       1.0986123        1.0986123       2.5225081                                      2.5225081
              4        1.506728       0.4269248       1.0986123        1.0986123      0.81623146                                     0.81623146
              1       1.2364938      0.39136235       1.0986123        1.0986123      0.27576302                                     0.27576302
              1       1.4409431      0.26422037       1.0986123        1.0986123      0.68466163                                     0.68466163
              3       2.0701816      0.21096728       1.0986123        1.0986123       1.9431387                                      1.9431387
              1       1.3031053      0.40211489       1.0986123        1.0986123        0.408986                                       0.408986
              2        2.592572      0.50448463       1.0986123        1.0986123       2.9879194                                      2.9879194
              1       1.6602866      0.24237114       1.0986123        1.0986123       1.1233487                                      1.1233487
              3       1.1462032      0.31299953       1.0986123        1.0986123     0.095181887                                    0.095181887
              1       1.2046248       0.3852834       1.0986123        1.0986123        0.212025                                       0.212025
              2       1.4833939      0.42446126       1.0986123        1.0986123      0.76956314                                     0.76956314
              3       2.3572457      0.19286057       1.0986123        1.0986123       2.5172668                                      2.5172668
              2       4.9258553     0.081932626       1.0986123        1.0986123       7.6544861                                      7.6544861
              1       2.7260358      0.17241277       1.0986123        1.0986123        3.254847                                       3.254847
              1       8.3578258    -0.016168705       1.0986123        1.0986123       14.518427                                      14.518427
              1        4.772733     0.087188186       1.0986123        1.0986123       7.3482413                                      7.3482413
              2       2.5628493      0.18113983       1.0986123        1.0986123       2.9284739                                      2.9284739
              3       3.1190501      0.15304187       1.0986123        1.0986123       4.0408755                                      4.0408755
              1       4.2396984      0.10639594       1.0986123        1.0986123       6.2821723                                      6.2821723
              4       5.0850687     0.076578338       1.0986123        1.0986123       7.9729129                                      7.9729129
              2       3.9603992      0.11711448       1.0986123        1.0986123       5.7235739                                      5.7235739
              4       1.4750764      0.26043485       1.0986123        1.0986123      0.75292814                                     0.75292814
              2       1.1453008      0.31327582       1.0986123        1.0986123     0.093376949                                    0.093376949
              3        1.321335      0.40473719       1.0986123        1.0986123      0.44544534                                     0.44544534
              1       1.3444523       0.4079127       1.0986123        1.0986123      0.49167999                                     0.49167999
              1       2.0317241      0.47041321       1.0986123        1.0986123       1.8662236                                      1.8662236
              1       2.4641743      0.49734546       1.0986123        1.0986123        2.731124                                       2.731124
              1       2.7530195      0.51298738       1.0986123        1.0986123       3.3088143                                      3.3088143
              1       1.6904079       0.4442654       1.0986123        1.0986123       1.1835912                                      1.1835912
              1       1.1420048      0.31430827       1.0986123        1.0986123     0.086784932                                    0.086784932
              3       1.1316542      0.36616436       1.0986123        1.0986123     0.066083755                                    0.066083755
              7       1.1208233      0.36181192       1.0986123        1.0986123     0.044421936                                    0.044421936
              2       1.2258746       0.3894234       1.0986123        1.0986123      0.25452458                                     0.25452458
              8       1.1229651       0.3627452       1.0986123        1.0986123     0.048705695                                    0.048705695
              3       1.1044091      0.35212131       1.0986123        1.0986123     0.011593588                                    0.011593588
              1       1.1492427      0.37191221       1.0986123        1.0986123      0.10126079                                     0.10126079
              1       1.0987707      0.34367328       1.0986123        1.0986123    0.0003168705                                   0.0003168705
              2       1.5275231      0.25493846       1.0986123        1.0986123      0.85782155                                     0.85782155
              4        1.123318      0.36289496       1.0986123        1.0986123     0.049411413                                    0.049411413
              4       1.4978108      0.25800812       1.0986123        1.0986123      0.79839706                                     0.79839706
              2       1.1303875      0.36569666       1.0986123        1.0986123     0.063550425                                    0.063550425
              1       1.0993041      0.33850345       1.0986123        1.0986123     0.001383642                                    0.001383642
              1       1.4249939      0.26605386       1.0986123        1.0986123      0.65276319                                     0.65276319
              1        2.610499       0.1785434       1.0986123        1.0986123       3.0237734                                      3.0237734
              1       2.2950389      0.19659281       1.0986123        1.0986123       2.3928532                                      2.3928532
              4       1.5408045      0.43039921       1.0986123        1.0986123      0.88438445                                     0.88438445
              2        2.485162      0.49853468       1.0986123        1.0986123       2.7730994                                      2.7730994
              2       1.3197449      0.27948716       1.0986123        1.0986123      0.44226522                                     0.44226522
              3       1.5281793      0.42912812       1.0986123        1.0986123      0.85913411                                     0.85913411
              5       1.1341223      0.36705061       1.0986123        1.0986123     0.071020044                                    0.071020044
              1       1.8774772       0.2246795       1.0986123        1.0986123       1.5577298                                      1.5577298
              3       1.5926635      0.43543914       1.0986123        1.0986123      0.98810236                                     0.98810236
              7       1.1424497      0.36983335       1.0986123        1.0986123     0.087674869                                    0.087674869
              3       1.0991814      0.34517144       1.0986123        1.0986123    0.0011382997                                   0.0011382997
              2       1.2392805      0.29214132       1.0986123        1.0986123       0.2813364                                      0.2813364
              3       1.3516895      0.40887586       1.0986123        1.0986123      0.50615451                                     0.50615451
              2       1.5578363      0.25191444       1.0986123        1.0986123      0.91844812                                     0.91844812
              6       1.1257608      0.36390362       1.0986123        1.0986123     0.054297038                                    0.054297038
              1       2.4417107      0.49606244       1.0986123        1.0986123       2.6861969                                      2.6861969
              3        3.044418      0.15656463       1.0986123        1.0986123       3.8916114                                      3.8916114
              3       2.3315461      0.19439103       1.0986123        1.0986123       2.4658677                                      2.4658677
              4        1.321764      0.27920242       1.0986123        1.0986123      0.44630336                                     0.44630336
              4       1.4875001      0.42490009       1.0986123        1.0986123      0.77777563                                     0.77777563
              1       1.7125163      0.23784189       1.0986123        1.0986123       1.2278079                                      1.2278079
              5       1.4262172      0.26591167       1.0986123        1.0986123      0.65520981                                     0.65520981
              1       1.3999447       0.4149736       1.0986123        1.0986123      0.60266487                                     0.60266487
              1       1.5122379      0.42749615       1.0986123        1.0986123       0.8272512                                      0.8272512
              6       1.8945544       0.2234003       1.0986123        1.0986123       1.5918843                                      1.5918843
              1       1.4189609      0.26675905       1.0986123        1.0986123      0.64069722                                     0.64069722
              4        1.334604      0.27742101       1.0986123        1.0986123      0.47198348                                     0.47198348
              1       1.1205362       0.3223165       1.0986123        1.0986123     0.043847914                                    0.043847914
              2       1.2372839      0.29249641       1.0986123        1.0986123      0.27734326                                     0.27734326
              1       1.7596539      0.45008296       1.0986123        1.0986123       1.3220832                                      1.3220832
              1       1.7490956      0.44921633       1.0986123        1.0986123       1.3009666                                      1.3009666
              2       2.2143488      0.20158171       1.0986123        1.0986123       2.2314731                                      2.2314731
              1       4.7504316     0.087962698       1.0986123        1.0986123       7.3036386                                      7.3036386
              2       1.5111433      0.42738295       1.0986123        1.0986123      0.82506196                                     0.82506196
              2       2.5872814      0.50419667       1.0986123        1.0986123       2.9773382                                      2.9773382
              1       1.0998065      0.33740617       1.0986123        1.0986123    0.0023883278                                   0.0023883278
              1        1.257305      0.39495675       1.0986123        1.0986123      0.31738541                                     0.31738541
              1       1.1378968      0.31565164       1.0986123        1.0986123     0.078569058                                    0.078569058
              3       1.6565365      0.24270429       1.0986123        1.0986123       1.1158485                                      1.1158485
              6        4.274131      0.10510811       1.0986123        1.0986123       6.3510374                                      6.3510374
              3       4.5536372     0.094902449       1.0986123        1.0986123       6.9100498                                      6.9100498
              4       2.2886632      0.48701924       1.0986123        1.0986123       2.3801018                                      2.3801018
              2       1.7186988      0.44668127       1.0986123        1.0986123        1.240173                                       1.240173
              3       1.6509511      0.44079743       1.0986123        1.0986123       1.1046777                                      1.1046777
              1       1.1476249      0.31256957       1.0986123        1.0986123     0.098025123                                    0.098025123
              1        1.214923      0.29666301       1.0986123        1.0986123      0.23262139                                     0.23262139
              7       1.1282341       0.3191204       1.0986123        1.0986123     0.059243567                                    0.059243567
              1       1.4698342      0.26100473       1.0986123        1.0986123      0.74244377                                     0.74244377
              3       1.1037968      0.33242814       1.0986123        1.0986123     0.010369001                                    0.010369001
              6       1.8295307      0.22834794       1.0986123        1.0986123       1.4618369                                      1.4618369
              3       1.1019135      0.34963796       1.0986123        1.0986123    0.0066023528                                   0.0066023528
              3       1.5826381      0.24951376       1.0986123        1.0986123      0.96805172                                     0.96805172
              1       1.1068403      0.32994157       1.0986123        1.0986123     0.016456063                                    0.016456063
              1       3.7171729      0.12688328       1.0986123        1.0986123       5.2371212                                      5.2371212
              2       1.3738234      0.27226098       1.0986123        1.0986123      0.55042219                                     0.55042219
              1       1.1657591      0.30755266       1.0986123        1.0986123       0.1342937                                      0.1342937
              1         2.33037      0.48953855       1.0986123        1.0986123       2.4635155                                      2.4635155
              1       1.7265766      0.44734412       1.0986123        1.0986123       1.2559285                                      1.2559285
              1       2.1361211      0.20659374       1.0986123        1.0986123       2.0750176                                      2.0750176
              6       1.1120695      0.35742129       1.0986123        1.0986123     0.026914478                                    0.026914478
              7       1.5466552       0.2530179       1.0986123        1.0986123      0.89608581                                     0.89608581
              1       2.2512464      0.48472123       1.0986123        1.0986123       2.3052682                                      2.3052682
              2       2.0580544      0.47221237       1.0986123        1.0986123       1.9188843                                      1.9188843
              2       1.7438723        0.448785       1.0986123        1.0986123       1.2905201                                      1.2905201
              2       2.8368951      0.51726818       1.0986123        1.0986123       3.4765657                                      3.4765657
              8        1.886712      0.46001398       1.0986123        1.0986123       1.5761995                                      1.5761995
              2       4.1070226      0.57257456       1.0986123        1.0986123       6.0168207                                      6.0168207
              1       1.1280993       0.3648275       1.0986123        1.0986123     0.058974042                                    0.058974042
              5       1.1001337      0.34718525       1.0986123        1.0986123    0.0030428662                                   0.0030428662
              1       1.1327852      0.36657447       1.0986123        1.0986123      0.06834591                                     0.06834591
              1       1.0995323      0.33796781       1.0986123        1.0986123    0.0018400396                                   0.0018400396
              1       1.4301403      0.41854256       1.0986123        1.0986123      0.66305599                                     0.66305599
             10       1.1379367      0.31563826       1.0986123        1.0986123     0.078648872                                    0.078648872
              1       2.0469055      0.21254639       1.0986123        1.0986123       1.8965864                                      1.8965864
              3       1.4632105      0.26173058       1.0986123        1.0986123      0.72919644                                     0.72919644
              1       1.9519869      0.46480406       1.0986123        1.0986123       1.7067493                                      1.7067493
              2       1.0986162      0.34226363       1.0986123        1.0986123   7.8658784e-06                                  7.8658784e-06
              9       1.1138755      0.32557652       1.0986123        1.0986123     0.030526347                                    0.030526347
              1       1.1085204      0.35523238       1.0986123        1.0986123     0.019816198                                    0.019816198
              6        1.283767      0.39920187       1.0986123        1.0986123      0.37030936                                     0.37030936
              3       1.1028435      0.35064717       1.0986123        1.0986123    0.0084623759                                   0.0084623759
              1       2.1692832      0.47955325       1.0986123        1.0986123       2.1413419                                      2.1413419
              1       2.4469551      0.49636293       1.0986123        1.0986123       2.6966856                                      2.6966856
              2       2.7256277      0.51156597       1.0986123        1.0986123       3.2540309                                      3.2540309
              6       1.6633389       0.4418992       1.0986123        1.0986123       1.1294533                                      1.1294533
              1       2.0182721      0.21451577       1.0986123        1.0986123       1.8393196                                      1.8393196
              1       1.1140072       0.3255058       1.0986123        1.0986123     0.030789805                                    0.030789805
              2       1.5327044      0.25441419       1.0986123        1.0986123      0.86818412                                     0.86818412
              2       1.5355157      0.25413102       1.0986123        1.0986123      0.87380689                                     0.87380689
              1       1.8895142       0.4602236       1.0986123        1.0986123       1.5818038                                      1.5818038
              1        1.161552      0.37535071       1.0986123        1.0986123      0.12587937                                     0.12587937
              1       1.1013535      0.33503995       1.0986123        1.0986123    0.0054823774                                   0.0054823774
              4       1.6581095      0.24256442       1.0986123        1.0986123       1.1189944                                      1.1189944
              1       1.8982355      0.46087364       1.0986123        1.0986123       1.5992465                                      1.5992465
              8       1.9549449       0.4650167       1.0986123        1.0986123       1.7126651                                      1.7126651
              3       1.1281391      0.36484289       1.0986123        1.0986123     0.059053576                                    0.059053576
              4       2.2507375      0.48468972       1.0986123        1.0986123       2.3042504                                      2.3042504
              9       1.1319641      0.36627741       1.0986123        1.0986123     0.066703579                                    0.066703579
              4       1.4629629      0.26175784       1.0986123        1.0986123      0.72870117                                     0.72870117
              1       1.6648876      0.24196392       1.0986123        1.0986123       1.1325506                                      1.1325506
              2       5.0146898     0.078931715       1.0986123        1.0986123       7.8321551                                      7.8321551
              1       5.5675848     0.060973877       1.0986123        1.0986123        8.937945                                       8.937945
              2       1.2226004      0.29519063       1.0986123        1.0986123      0.24797616                                     0.24797616
              2       2.5419639      0.50170883       1.0986123        1.0986123       2.8867033                                      2.8867033
              4       1.1618012      0.37541669       1.0986123        1.0986123      0.12637787                                     0.12637787
              1       1.6733973      0.44278492       1.0986123        1.0986123         1.14957                                        1.14957
              1       1.1017461      0.34944178       1.0986123        1.0986123    0.0062675587                                   0.0062675587
              2       1.1699182      0.37749813       1.0986123        1.0986123      0.14261176                                     0.14261176
              3       1.4300634      0.41853368       1.0986123        1.0986123      0.66290227                                     0.66290227
              2       1.1167275      0.35989223       1.0986123        1.0986123     0.036230413                                    0.036230413
              3       1.4320498      0.41876267       1.0986123        1.0986123      0.66687493                                     0.66687493
              1       1.1223853      0.36249673       1.0986123        1.0986123     0.047545928                                    0.047545928
              1       3.5239391      0.13497252       1.0986123        1.0986123       4.8506537                                      4.8506537
              3       1.8769867      0.45928355       1.0986123        1.0986123       1.5567487                                      1.5567487
              6       1.1116736      0.35719273       1.0986123        1.0986123     0.026122567                                    0.026122567
              3        1.298414      0.28257865       1.0986123        1.0986123       0.3996035                                      0.3996035
              5       1.2003479      0.29959868       1.0986123        1.0986123      0.20347129                                     0.20347129
              2       2.0940795      0.20936555       1.0986123        1.0986123       1.9909345                                      1.9909345
              1       2.4885169      0.18527605       1.0986123        1.0986123       2.7798093                                      2.7798093
              1       2.4805223      0.49827256       1.0986123        1.0986123       2.7638201                                      2.7638201
              1       3.9842727      0.56782159       1.0986123        1.0986123       5.7713208                                      5.7713208
              5       4.3721092      0.58251868       1.0986123        1.0986123       6.5469938                                      6.5469938
              1       2.7289129      0.51173707       1.0986123        1.0986123       3.2606011                                      3.2606011
              4       1.1794854      0.30419537       1.0986123        1.0986123      0.16174624                                     0.16174624
              3       1.0991354      0.33895953       1.0986123        1.0986123    0.0010462285                                   0.0010462285
              1       1.3448326      0.40796366       1.0986123        1.0986123      0.49244057                                     0.49244057
              1        1.578487      0.24991121       1.0986123        1.0986123      0.95974943                                     0.95974943
              1       1.1016446      0.34932036       1.0986123        1.0986123    0.0060647009                                   0.0060647009
              1       1.1141847      0.35858903       1.0986123        1.0986123     0.031144865                                    0.031144865
              3       1.1135037      0.35822222       1.0986123        1.0986123     0.029782738                                    0.029782738
              1       4.2357876      0.10654265       1.0986123        1.0986123       6.2743507                                      6.2743507
              1       1.3179485      0.40425841       1.0986123        1.0986123      0.43867238                                     0.43867238
              1        1.444194      0.42014807       1.0986123        1.0986123      0.69116349                                     0.69116349
              2        1.100341      0.34752719       1.0986123        1.0986123     0.003457431                                    0.003457431
              1       1.5851906      0.24927022       1.0986123        1.0986123      0.97315668                                     0.97315668
              2       1.5471866      0.25296515       1.0986123        1.0986123      0.89714853                                     0.89714853
              2       1.8532033      0.22652216       1.0986123        1.0986123        1.509182                                       1.509182
              1       1.1404363      0.36918665       1.0986123        1.0986123     0.083648034                                    0.083648034
              1       1.4148676      0.41675871       1.0986123        1.0986123      0.63251066                                     0.63251066
              1       1.3724831        0.272431       1.0986123        1.0986123      0.54774165                                     0.54774165
              5        1.282352      0.39898288       1.0986123        1.0986123      0.36747951                                     0.36747951
              4       1.1042726      0.33199852       1.0986123        1.0986123     0.011320686                                    0.011320686
              4       1.1012993      0.33510905       1.0986123        1.0986123    0.0053740658                                   0.0053740658
             13       1.4352975       0.4191356       1.0986123        1.0986123      0.67337046                                     0.67337046
              5       4.9713099      0.60360717       1.0986123        1.0986123       7.7453952                                      7.7453952
              1       2.5877973      0.50422477       1.0986123        1.0986123       2.9783699                                      2.9783699
              3       1.5767715      0.43392404       1.0986123        1.0986123      0.95631835                                     0.95631835
              7       1.1225956       0.3625872       1.0986123        1.0986123     0.047966598                                    0.047966598
              2       1.2875596      0.28421526       1.0986123        1.0986123       0.3778946                                      0.3778946
              5        1.125698      0.36387827       1.0986123        1.0986123     0.054171448                                    0.054171448
              6       1.1363646      0.31617059       1.0986123        1.0986123     0.075504577                                    0.075504577
              6        1.174635      0.30534658       1.0986123        1.0986123      0.15204537                                     0.15204537
              1       1.1057209      0.35320819       1.0986123        1.0986123     0.014217241                                    0.014217241
              1       1.4169961      0.41700986       1.0986123        1.0986123      0.63676766                                     0.63676766
              2       1.4659243       0.4225676       1.0986123        1.0986123      0.73462403                                     0.73462403
              2       1.1154004       0.3247756       1.0986123        1.0986123     0.033576269                                    0.033576269
              1       2.4996735      0.18464831       1.0986123        1.0986123       2.8021225                                      2.8021225
              1       1.1750944      0.37876399       1.0986123        1.0986123      0.15296415                                     0.15296415
              1        1.202269      0.29920022       1.0986123        1.0986123      0.20731336                                     0.20731336
              2       1.4704493      0.26093765       1.0986123        1.0986123      0.74367407                                     0.74367407
              2       1.4384294      0.26450647       1.0986123        1.0986123      0.67963421                                     0.67963421
              1       1.9118934      0.46188455       1.0986123        1.0986123       1.6265623                                      1.6265623
              1       1.1107857      0.35666727       1.0986123        1.0986123      0.02434684                                     0.02434684
              1       1.2145148      0.29674262       1.0986123        1.0986123      0.23180512                                     0.23180512
              1       1.1040217      0.33222268       1.0986123        1.0986123     0.010818917                                    0.010818917
              3       2.0405214      0.47101712       1.0986123        1.0986123       1.8838183                                      1.8838183
              3       1.1490485      0.37185478       1.0986123        1.0986123      0.10087233                                     0.10087233
              1       1.4290181       0.2655871       1.0986123        1.0986123      0.66081162                                     0.66081162
              4       1.0987293      0.34056195       1.0986123        1.0986123   0.00023404078                                  0.00023404078
              5       1.1505561      0.37229771       1.0986123        1.0986123      0.10388762                                     0.10388762
              1       2.2853053       0.4868145       1.0986123        1.0986123       2.3733861                                      2.3733861
