{
  "timestamp": "2026-03-11T17:25:04.914932+00:00",
  "dataset": "full_tension",
  "total_accepted_samples": 175545,
  "chains": 6,
  "burn_fraction": 0.3,
  "rhat": {
    "H0": 0.0006285952068876277,
    "delta_neff": 0.0005167640155103737,
    "tau": 0.0005107983996874843,
    "sigma8": 0.0006118589507313477,
    "omegam": 0.00031628982676301653,
    "S8": 0.0005691460368426604,
    "ns": 0.00018436868391202843,
    "nnu": 0.0009838749360020493,
    "logA": 0.0005691460463095321,
    "ombh2": 0.00041491799058301915,
    "omch2": 0.0009500195037293047,
    "theta_MC_100": 0.0006201609584426393
  },
  "ess": {
    "H0": 5513.199252606879,
    "delta_neff": 4831.67641378763,
    "tau": 5474.966964227234
  },
  "drift": {
    "H0": 0.05084856828598525,
    "delta_neff": 0.06856087948281879,
    "tau": 0.0728391414443826
  },
  "param_stats": {
    "H0": {
      "mean": 0.8034805937307912,
      "std": 0.008447583536017005
    },
    "delta_neff": {
      "mean": 13.821094228045014,
      "std": 0.1669717915474724
    },
    "tau": {
      "mean": 1.040920724402854,
      "std": 0.0003815821228914089
    },
    "sigma8": {
      "mean": 0.308052778320114,
      "std": 0.005469893886953104
    },
    "omegam": {
      "mean": 0.8141283185662542,
      "std": 0.008515081988670858
    },
    "S8": {
      "mean": -0.01834865709502443,
      "std": 0.1692903047615293
    },
    "ns": {
      "mean": 0.02226485984757535,
      "std": 0.00015659041854728262
    },
    "nnu": {
      "mean": 0.9655524422950447,
      "std": 0.006211170266581856
    },
    "logA": {
      "mean": 3.027651342738438,
      "std": 0.16929030488134617
    },
    "ombh2": {
      "mean": 0.11823149774046841,
      "std": 0.0027595890483551448
    },
    "omch2": {
      "mean": 0.05362237658998307,
      "std": 0.0070453554302898
    },
    "theta_MC_100": {
      "mean": 1.000539191072845,
      "std": 0.002504418803642196
    }
  },
  "all_gates_pass": true
}