{
  "timestamp": "2026-03-11T17:54:12.044006+00:00",
  "dataset": "full_tension",
  "bug_fix": "OFF-BY-ONE column mapping corrected (header '#' token skipped)",
  "total_accepted_samples": 176840,
  "chains": 6,
  "burn_fraction": 0.3,
  "rhat": {
    "H0": 0.0006037760130896963,
    "delta_neff": 0.000613938904087119,
    "tau": 0.0009570531577791641,
    "sigma8": 0.0007729073754747517,
    "omegam": 0.0006010826551310355,
    "ns": 0.0009666098663350109,
    "S8": 0.0003993363060068589,
    "nnu": 0.0006139389412951335,
    "ombh2": 0.00011285461781551653,
    "omch2": 0.0005094182922906754,
    "logA": 0.0006272335991983624,
    "theta_MC_100": 0.0005262220597748168,
    "age": 0.0005562414570428054
  },
  "ess": {
    "H0": 5089.938024045545,
    "delta_neff": 4761.371228048536,
    "tau": 6535.8124428363535
  },
  "drift": {
    "H0": 0.06920141445158014,
    "delta_neff": 0.07858494903042318,
    "tau": 0.0035016271644714033
  },
  "param_stats": {
    "H0": {
      "mean": 67.68482568196217,
      "std": 1.0602058097891076
    },
    "delta_neff": {
      "mean": -0.01934776364141788,
      "std": 0.1691675286340184
    },
    "tau": {
      "mean": 0.05358356845481318,
      "std": 0.006954149968584561
    },
    "sigma8": {
      "mean": 0.8034041094954965,
      "std": 0.008399206719126952
    },
    "omegam": {
      "mean": 0.30809345788571624,
      "std": 0.00545209141832795
    },
    "ns": {
      "mean": 0.9654831687216786,
      "std": 0.006179418223910859
    },
    "S8": {
      "mean": 0.8141048738492437,
      "std": 0.008454881844135759
    },
    "nnu": {
      "mean": 3.02665223606549,
      "std": 0.1691675286184334
    },
    "ombh2": {
      "mean": 0.022264384372498634,
      "std": 0.00015644306515037807
    },
    "omch2": {
      "mean": 0.11822004248696046,
      "std": 0.0027538211672831605
    },
    "logA": {
      "mean": 3.0363672912040274,
      "std": 0.014656531487248272
    },
    "theta_MC_100": {
      "mean": 1.0409224627301006,
      "std": 0.00038082935889056485
    },
    "age": {
      "mean": 13.822080017695626,
      "std": 0.16684830836645326
    }
  },
  "all_gates_pass": true
}