{
  "H0": {
    "mean": 67.68482568196218,
    "std": 1.0602058097891074
  },
  "delta_neff": {
    "mean": -0.019347763641417885,
    "std": 0.16916752863401843
  },
  "tau": {
    "mean": 0.05358356845481318,
    "std": 0.006954149968584562
  },
  "sigma8": {
    "mean": 0.8034041094954966,
    "std": 0.008399206719126952
  },
  "omegam": {
    "mean": 0.30809345788571624,
    "std": 0.005452091418327949
  },
  "ns": {
    "mean": 0.9654831687216788,
    "std": 0.006179418223910859
  }
}