{
  "H0": {
    "mean": 0.8034756842398652,
    "std": 0.008445926775005868,
    "latex": "$H_0$ = 0.8035\\pm 0.0084"
  },
  "delta_neff": {
    "mean": 13.821223934645278,
    "std": 0.16697092477074893,
    "latex": "$\\Delta N_{\\rm eff}$ = 13.82\\pm 0.17"
  },
  "tau": {
    "mean": 1.0409206703517455,
    "std": 0.0003814565525691462,
    "latex": "$\\tau$ = 1.04092\\pm 0.00038"
  },
  "sigma8": {
    "mean": 0.30806030519430183,
    "std": 0.005469685290132711,
    "latex": "$\\sigma_8$ = 0.3081\\pm 0.0055"
  },
  "omegam": {
    "mean": 0.8141333225162697,
    "std": 0.008515998421016958,
    "latex": "$\\Omega_m$ = 0.8141\\pm 0.0085"
  },
  "ns": {
    "mean": 0.022264847863537093,
    "std": 0.00015655556658501595,
    "latex": "$n_s$ = 0.02226\\pm 0.00016"
  }
}