source_id,type,flux_soft,flux_medium,flux_hard,log_flux_soft,log_flux_medium,log_flux_hard,hr1,hr2,extent,log_extent,variability_index,pileup_fraction,ra,dec,recon_error,error_sigma,xray_class
62406,anomaly,6.9532262685102226e-12,1.4119846575462481e-14,6.562476962006128e-14,-11.1578,-13.8502,-13.1829,-0.9959,0.6459,0.081,-1.0,3.675,0.0912,17.82817,-2.30445,0.6763152,14.889912,unclassified
34284,anomaly,2.2392004504855675e-13,7.361010583557618e-14,9.13124093584754e-14,-12.6499,-13.1331,-13.0395,-0.5052,0.1073,5.047,0.703,8.176,0.0913,167.80021,-72.83725,0.6145674,13.443122,extreme_variable
67896,anomaly,5.810012631989019e-13,2.576004655617326e-15,2.614852819509924e-16,-12.2358,-14.5891,-15.5826,-0.9912,-0.8157,0.009,-1.0,1.4,0.0913,152.81952,48.81964,0.59515417,12.988257,ultra_soft
33038,anomaly,5.397299419943289e-12,8.773811063884758e-15,4.798805560228239e-14,-11.2678,-14.0568,-13.3189,-0.9968,0.6909,2.889,0.4608,4.085,0.0078,52.92371,-52.51594,0.57991445,12.631181,unclassified
53778,xrb,4.0290578300339885e-15,4.178637598388747e-15,1.2932350484310929e-14,-14.3948,-14.379,-13.8883,0.0182,0.5116,0.785,-0.1053,6.699,0.0264,342.9581,9.54676,0.57641757,12.549247,unclassified
16976,xrb,1.1222504934025488e-14,7.269402054035778e-15,1.8854355727610263e-15,-13.9499,-14.1385,-14.7246,-0.2138,-0.5881,0.025,-1.0,3.032,0.1199,72.95367,13.50083,0.57615006,12.542979,unclassified
22917,anomaly,8.623453251714711e-12,2.312775623286899e-14,6.643302998899707e-15,-11.0643,-13.6359,-14.1776,-0.9947,-0.5537,0.095,-1.0,4.804,0.0769,105.67198,-65.3868,0.5601495,12.168076,ultra_soft
12756,anomaly,2.409163972701486e-13,1.5799623883590624e-13,7.681708123028607e-12,-12.6181,-12.8014,-11.1145,-0.2079,0.9597,0.035,-1.0,0.466,0.1231,121.63805,3.14215,0.54189384,11.7403345,unclassified
56650,xrb,2.8162426278939713e-14,2.551377606350887e-14,1.312429577046105e-14,-13.5503,-13.5932,-13.8819,-0.0493,-0.3207,0.093,-1.0,2.351,0.1232,108.9872,-57.59638,0.53122014,11.490243,unclassified
45455,anomaly,1.182454655286649e-13,1.991864165740549e-15,1.095785466050308e-17,-12.9272,-14.7007,-16.9603,-0.9669,-0.9891,0.01,-1.0,4.365,0.1081,210.38734,-40.62325,0.52183497,11.270342,ultra_soft
8963,anomaly,9.53009664256003e-12,1.0450741466708618e-13,1.6949012482533263e-16,-11.0209,-12.9809,-15.7709,-0.9783,-0.9968,0.122,-0.9122,1.487,0.0,15.6646,-54.30088,0.5207216,11.244255,ultra_soft
52141,anomaly,6.709916360808612e-12,1.410461827318317e-13,5.310706524009595e-16,-11.1733,-12.8506,-15.2748,-0.9588,-0.9925,0.111,-0.9532,1.842,0.1078,216.48423,5.52166,0.51340795,11.072891,ultra_soft
54524,anomaly,9.75970811333558e-12,4.6379444710716305e-14,2.90780052373076e-14,-11.0106,-13.3337,-13.5364,-0.9905,-0.2293,2.415,0.3829,4.594,0.0056,333.86224,71.76495,0.5104475,11.003527,unclassified
66722,anomaly,5.928808337162199e-13,1.0705525288202048e-15,5.7583767019142066e-15,-12.227,-14.9704,-14.2397,-0.9964,0.6865,0.058,-1.0,3.321,0.1337,125.42429,2.41103,0.50482607,10.871813,unclassified
42980,xrb,1.3910673435698529e-14,7.132275527169161e-15,3.4717783484825674e-15,-13.8567,-14.1468,-14.4594,-0.3221,-0.3452,0.103,-0.9859,2.377,0.1129,310.13937,-30.9793,0.49020562,10.529246,unclassified
36733,anomaly,8.773370336123271e-13,1.451086906629565e-15,5.809291101582707e-15,-12.0568,-14.8383,-14.2359,-0.9967,0.6003,0.106,-0.9741,1.462,0.1319,242.67788,-37.21579,0.48603544,10.431537,unclassified
43022,anomaly,3.261451107469872e-13,3.507212899712103e-14,9.055747218769305e-14,-12.4866,-13.455,-13.0431,-0.8058,0.4417,0.101,-0.9973,12.827,0.1266,12.39201,10.47192,0.4838458,10.380232,extreme_variable
19514,anomaly,5.676065343436655e-13,1.3357446891173393e-14,1.3689808233743579e-17,-12.246,-13.8743,-16.8636,-0.954,-0.998,0.13,-0.8864,1.321,0.116,7.74257,2.8553,0.4816115,10.327881,ultra_soft
60428,anomaly,5.815216217536414e-12,8.862218709732368e-14,2.565291966401944e-14,-11.2354,-13.0525,-13.5909,-0.97,-0.551,2.599,0.4148,4.445,0.0066,350.1437,-13.69163,0.48076093,10.307951,ultra_soft
70399,anomaly,9.513514555743906e-12,1.5263337997880736e-13,9.446642321752453e-15,-11.0217,-12.8164,-14.0247,-0.9684,-0.8834,0.087,-1.0,2.716,0.1137,249.86651,-78.17114,0.47834134,10.251259,ultra_soft
3337,anomaly,1.736459233154554e-13,1.0113669692991798e-15,8.546718937745269e-17,-12.7603,-14.9951,-16.0682,-0.9884,-0.8441,0.067,-1.0,2.648,0.1174,232.12762,47.89537,0.47628194,10.203006,ultra_soft
27676,anomaly,6.328658616449934e-12,2.879628317729497e-14,2.335426260141306e-14,-11.1987,-13.5407,-13.6316,-0.9909,-0.1044,0.428,-0.3686,4.721,0.0056,5.05442,-76.42449,0.4735908,10.139951,unclassified
596,anomaly,2.8908749644133316e-12,3.322899203515122e-15,5.563328711429456e-17,-11.539,-14.4785,-16.2547,-0.9977,-0.9671,0.02,-1.0,1.612,0.0103,337.00521,3.62884,0.46486267,9.935445,ultra_soft
66249,anomaly,5.70670061418885e-13,1.046855606552949e-14,4.4348590990245234e-17,-12.2436,-13.9801,-16.3531,-0.964,-0.9916,0.119,-0.9238,1.407,0.1455,276.23836,-10.3684,0.45556742,9.717651,ultra_soft
62028,anomaly,6.121717848831184e-13,1.2958663506288296e-15,1.2481203582041242e-15,-12.2131,-14.8874,-14.9037,-0.9958,-0.0188,0.407,-0.3907,4.952,0.0109,179.18936,-68.8967,0.45469508,9.697212,unclassified
67611,anomaly,1.575838821570047e-13,7.763670563861775e-16,3.2214939991038783e-18,-12.8025,-15.1099,-17.4919,-0.9902,-0.9917,0.144,-0.8401,3.743,0.1416,199.95625,-9.08126,0.4529264,9.65577,ultra_soft
47238,anomaly,3.2453491647164656e-13,3.3044481529852164e-14,9.249163465694483e-14,-12.4887,-13.4809,-13.0339,-0.8152,0.4735,0.093,-1.0,14.352,0.1035,229.27029,84.38239,0.45204973,9.63523,extreme_variable
3433,xrb,1.6881639332710166e-14,1.0337386734545799e-14,3.6551749690493915e-15,-13.7726,-13.9856,-14.4371,-0.2404,-0.4776,0.086,-1.0,3.779,0.1187,160.82028,32.20873,0.4464825,9.5047865,unclassified
54083,anomaly,9.594571591062846e-13,1.2212492457596498e-15,2.691588009398388e-16,-12.018,-14.9132,-15.57,-0.9975,-0.6388,0.065,-1.0,1.68,0.1347,202.30109,-41.65958,0.44423574,9.452143,ultra_soft
29072,anomaly,1.3101069224447207e-12,1.1924134546694162e-14,2.068070969922476e-15,-11.8827,-13.9236,-14.6844,-0.982,-0.7044,0.09,-1.0,1.251,0.1442,122.11164,14.79521,0.44005716,9.354236,ultra_soft
27272,anomaly,4.768541917272501e-14,1.2011033889494726e-13,7.542868931086805e-12,-13.3216,-12.9204,-11.1225,0.4316,0.9687,1.651,0.2178,0.111,0.0711,283.59945,49.85573,0.43509436,9.237954,ultra_hard
62682,anomaly,1.8228487891592812e-13,7.735684704268458e-16,1.981469527726437e-18,-12.7392,-15.1115,-17.703,-0.9915,-0.9949,0.087,-1.0,1.425,0.0029,0.54499,13.36356,0.43470165,9.228753,ultra_soft
67851,xrb,4.0528829887259396e-14,1.5113260898404192e-14,4.976397733428368e-15,-13.3922,-13.8206,-14.3031,-0.4568,-0.5046,0.108,-0.9653,2.482,0.1137,170.98554,82.1543,0.43194932,9.164265,unclassified
51164,anomaly,1.1736003270127183e-13,1.0508383363382286e-15,2.3778378013974037e-17,-12.9305,-14.9785,-16.6238,-0.9823,-0.9557,0.125,-0.9045,1.386,0.1298,31.87671,30.85543,0.43156108,9.155168,ultra_soft
79871,xrb,1.2820258695756403e-14,8.999050092657048e-15,5.927326783772252e-16,-13.8921,-14.0458,-15.2271,-0.1751,-0.8764,0.126,-0.8992,2.524,0.1333,318.36422,-13.11225,0.42629308,9.031734,unclassified
22409,anomaly,2.617731455012382e-13,3.9706915070598315e-16,9.834985454393713e-18,-12.5821,-15.4011,-17.0072,-0.997,-0.9516,0.132,-0.8802,1.38,0.0347,310.75034,20.56292,0.4212378,8.913286,ultra_soft
11576,anomaly,5.950742250275225e-13,1.7665297121144284e-14,2.077744190843823e-17,-12.2254,-13.7529,-16.6824,-0.9423,-0.9976,0.131,-0.8835,1.168,0.0941,335.30751,36.23414,0.41922566,8.866141,ultra_soft
922,xrb,1.9771642648715864e-14,1.207719427171948e-14,8.146371584483624e-16,-13.704,-13.918,-15.089,-0.2416,-0.8736,0.16,-0.7949,2.684,0.1144,246.37875,6.07859,0.4185143,8.849474,unclassified
69739,xrb,8.949652165473425e-14,3.125164612502254e-14,2.016616411697491e-14,-13.0482,-13.5051,-13.6954,-0.4824,-0.2156,0.035,-1.0,2.603,0.1102,301.33819,-79.13688,0.41744137,8.824334,unclassified
70223,xrb,3.600551910581154e-14,2.943312276530303e-14,2.9707421623277217e-15,-13.4436,-13.5312,-14.5271,-0.1004,-0.8166,0.094,-1.0,2.091,0.1328,181.30632,9.81634,0.4164956,8.802174,unclassified
28600,anomaly,6.137358505920239e-12,1.5391462198757307e-13,2.7404494562771443e-16,-11.212,-12.8127,-15.5622,-0.9511,-0.9964,0.254,-0.5953,2.086,0.0105,354.81687,-30.33683,0.4155905,8.780967,ultra_soft
5022,anomaly,1.640465160009893e-12,6.804922265769389e-15,3.0229546759949405e-15,-11.785,-14.1672,-14.5196,-0.9917,-0.3848,0.115,-0.9407,1.04,0.0786,4.2765,-32.92094,0.41554177,8.779825,ultra_soft
69087,anomaly,1.1815583036735696e-12,3.0753767085124597e-14,5.280609927550129e-16,-11.9275,-13.5121,-15.2773,-0.9493,-0.9662,0.114,-0.9414,1.773,0.1201,74.62004,-41.164,0.4106813,8.665941,ultra_soft
12061,anomaly,7.453145626354316e-12,1.9717417756270964e-13,2.534323407684968e-14,-11.1277,-12.7051,-13.5961,-0.9485,-0.7722,0.089,-1.0,2.29,0.1265,359.74211,-18.44958,0.41004258,8.650975,ultra_soft
36320,anomaly,1.585317496871513e-12,2.7576127438912522e-15,1.0848510937432125e-16,-11.7999,-14.5595,-15.9646,-0.9965,-0.9243,0.007,-1.0,1.952,0.0036,358.54899,-46.24108,0.4045518,8.522323,ultra_soft
28118,anomaly,1.5975696374488548e-12,2.0592671924186946e-15,3.8187438668166155e-17,-11.7965,-14.6863,-16.4181,-0.9974,-0.9636,0.121,-0.9166,3.105,0.1146,102.6047,-9.9708,0.40410438,8.51184,ultra_soft
53590,anomaly,1.7191208477210693e-14,1.41530524000467e-13,2.732312637813661e-12,-13.7647,-12.8491,-11.5635,0.7834,0.9015,0.004,-1.0,0.221,0.149,116.90504,-64.70965,0.403468,8.496929,ultra_hard
14685,xrb,1.0953908542620509e-14,4.210868797081585e-15,4.972180955697483e-15,-13.9604,-14.3756,-14.3035,-0.4447,0.0829,0.351,-0.4545,5.882,0.0657,328.57044,70.10586,0.40339604,8.495243,unclassified
42226,xrb,3.3599136042997187e-14,1.8679144363550545e-14,1.4910575309782238e-14,-13.4737,-13.7286,-13.8265,-0.2854,-0.1122,0.049,-1.0,3.126,0.1285,80.69554,-31.01843,0.40157178,8.452499,unclassified
9829,anomaly,5.643908763793034e-13,1.5676730035083312e-14,9.197821073524315e-18,-12.2484,-13.8047,-17.0363,-0.9459,-0.9988,0.024,-1.0,1.208,0.0734,161.39006,-19.22902,0.3999706,8.414983,ultra_soft
55314,anomaly,3.2813166650325613e-13,9.664154554345636e-16,2.0772344892776568e-16,-12.484,-15.0148,-15.6825,-0.9941,-0.6462,0.128,-0.8927,1.683,0.1066,135.76857,-25.45454,0.39976597,8.410188,ultra_soft
68518,xrb,2.7730383229266543e-15,5.268381150868979e-15,1.0323132464116279e-14,-14.557,-14.2783,-13.9862,0.3103,0.3242,0.484,-0.3151,5.17,0.0542,110.36354,-1.92974,0.39400136,8.27512,unclassified
13298,anomaly,7.718998794530272e-12,1.0505446367845743e-12,2.158590153148057e-12,-11.1124,-11.9786,-11.6658,-0.7604,0.3453,0.106,-0.9763,13.735,0.1191,10.22583,-32.92388,0.39171728,8.221602,extreme_variable
207,xrb,1.2232332876080035e-14,6.729059434598985e-15,2.4122932687088613e-15,-13.9125,-14.172,-14.6176,-0.2902,-0.4722,0.119,-0.9263,4.311,0.1194,271.53539,75.31676,0.391267,8.211052,unclassified
18371,xrb,1.9204139024134293e-15,5.964139470399907e-15,1.4281299523041724e-14,-14.7166,-14.2245,-13.8452,0.5129,0.4108,0.865,-0.0631,5.403,0.0428,275.00327,-0.03341,0.3911637,8.2086315,unclassified
7490,anomaly,3.485260992991365e-12,6.052623814520798e-14,1.6503361895810691e-15,-11.4578,-13.2181,-14.7824,-0.9659,-0.9469,0.123,-0.9085,3.363,0.0599,332.40719,-36.85121,0.3903947,8.190613,ultra_soft
63788,anomaly,2.1077112651030976e-13,2.660619944393006e-14,5.86568033390203e-14,-12.6762,-13.575,-13.2317,-0.7758,0.3759,0.028,-1.0,17.665,0.0726,141.30917,39.42084,0.39028543,8.188053,extreme_variable
49308,xrb,5.776624973759165e-16,6.4555252188461334e-15,1.64219204609804e-14,-15.2383,-14.1901,-13.7846,0.8357,0.4356,0.788,-0.1037,5.506,0.0011,312.80582,31.98375,0.38868302,8.150508,unclassified
20665,xrb,1.1635583591594456e-15,5.478618705314863e-15,1.5935396367469038e-14,-14.9342,-14.2613,-13.7976,0.6496,0.4883,0.115,-0.9381,2.267,0.1415,212.29364,87.25763,0.38827634,8.140979,unclassified
7844,anomaly,3.337288796186103e-14,1.8468597912257052e-13,6.30764970085313e-12,-13.4766,-12.7336,-11.2001,0.6939,0.9431,0.08,-1.0,0.385,0.177,214.90575,-16.25643,0.38614744,8.091097,ultra_hard
4270,anomaly,8.076391704375324e-12,1.530844324487178e-14,5.787641351692293e-14,-11.0928,-13.8151,-13.2375,-0.9962,0.5816,1.289,0.1103,4.623,0.1126,56.52353,-79.1341,0.38530502,8.071359,unclassified
7215,anomaly,4.3980188350092084e-13,1.2482312812817246e-15,4.935566044964636e-16,-12.3567,-14.9037,-15.3067,-0.9943,-0.4333,0.13,-0.8853,3.166,0.0952,314.6276,-53.29686,0.38392735,8.039079,ultra_soft
8715,anomaly,5.551507332814496e-12,1.6873356984943883e-14,5.736855211335649e-16,-11.2556,-13.7728,-15.2413,-0.9939,-0.9342,0.063,-1.0,2.942,0.0733,125.01948,76.93457,0.38343018,8.027431,ultra_soft
61665,xrb,7.8519028098304e-16,4.5132600758988e-15,1.3831694490867197e-14,-15.105,-14.3455,-13.8591,0.7036,0.508,0.058,-1.0,4.668,0.0159,146.71325,33.88948,0.38084212,7.96679,ultra_hard
25828,xrb,1.0895470932457896e-14,3.85368969208642e-15,2.1540912522068846e-15,-13.9628,-14.4141,-14.6667,-0.4774,-0.2829,0.144,-0.8412,3.681,0.0824,216.68884,42.70461,0.37971598,7.940404,unclassified
9786,anomaly,3.5789847944958397e-16,2.3659312147537495e-15,1.2283975831768768e-13,-15.4462,-14.626,-12.9107,0.7372,0.9622,0.09,-1.0,0.848,0.1751,11.30548,-8.87947,0.37952903,7.9360237,ultra_hard
2862,anomaly,8.529862486674699e-12,1.6266089927713608e-13,7.691151935491504e-14,-11.0691,-12.7887,-13.114,-0.9626,-0.3579,2.034,0.3083,4.723,0.1035,334.50277,3.25564,0.37901258,7.923923,ultra_soft
71225,anomaly,2.1612659529007805e-12,2.1183461669770637e-12,1.231187586144955e-13,-11.6653,-11.674,-12.9097,-0.01,-0.8901,0.042,-1.0,19.585,0.1095,246.73143,39.07005,0.37641254,7.8630023,extreme_variable
3934,anomaly,5.930877439788012e-12,6.565922465272333e-15,2.272873757498214e-14,-11.2269,-14.1827,-13.6434,-0.9978,0.5517,1.428,0.1549,4.126,0.0008,86.48294,-27.45305,0.37534636,7.8380213,unclassified
14196,anomaly,9.258148458069182e-12,4.3533382284313234e-14,4.122652987952184e-16,-11.0335,-13.3612,-15.3848,-0.9906,-0.9812,0.149,-0.8262,4.661,0.0081,30.6174,-28.10545,0.37332726,7.790712,ultra_soft
38058,anomaly,5.594415488993292e-12,1.1317591000439998e-13,1.4443310087608365e-14,-11.2522,-12.9462,-13.8403,-0.9603,-0.7736,2.639,0.4215,4.548,0.1418,323.97632,-25.76367,0.37312564,7.7859883,ultra_soft
19376,anomaly,3.333517608828802e-12,7.828383582929503e-14,1.2504402555443004e-15,-11.4771,-13.1063,-14.9029,-0.9541,-0.9686,2.256,0.3534,4.923,0.0014,130.72902,69.38577,0.37254956,7.7724905,ultra_soft
69549,anomaly,1.4827711008899054e-12,4.365909599517772e-14,4.281748426624355e-17,-11.8289,-13.3599,-16.3684,-0.9428,-0.998,0.082,-1.0,1.181,0.0173,134.33719,-34.08636,0.3719227,7.7578025,ultra_soft
5463,anomaly,6.269848154027155e-12,1.7671920470364726e-13,2.4805911085939256e-14,-11.2027,-12.7527,-13.6054,-0.9452,-0.7538,2.847,0.4543,1.474,0.1488,226.56652,67.44171,0.37170774,7.7527657,ultra_soft
5550,xrb,8.832198140100611e-16,4.421269443067542e-15,1.0413210712537986e-14,-15.0539,-14.3545,-13.9824,0.667,0.4039,0.377,-0.4232,5.512,0.0071,144.21624,69.55494,0.3698964,7.7103252,unclassified
37252,anomaly,7.0941615281420785e-12,2.1983170158823002e-14,3.392103345907867e-14,-11.1491,-13.6579,-13.4695,-0.9938,0.2135,2.146,0.3316,4.519,0.1041,147.55045,9.76625,0.3692976,7.696295,unclassified
63639,anomaly,6.940520194450637e-12,6.986871174813091e-14,6.297096383456556e-16,-11.1586,-13.1557,-15.2009,-0.9801,-0.9821,0.184,-0.7357,1.857,0.0606,162.33431,37.29134,0.36759847,7.656483,ultra_soft
72619,anomaly,7.922422339124592e-15,5.9974588361285346e-15,5.179425864236161e-13,-14.1011,-14.222,-12.2857,-0.1383,0.9771,0.179,-0.7464,2.212,0.1055,87.34772,-68.90555,0.3664584,7.6297703,unclassified
68219,anomaly,8.524266546253207e-12,9.706814402946514e-14,5.304865766744904e-14,-11.0693,-13.0129,-13.2753,-0.9775,-0.2932,2.422,0.3841,3.46,0.1476,207.09474,39.55169,0.36500013,7.595602,unclassified
34724,anomaly,7.885709093608503e-13,1.6008205339632054e-14,2.7480183536407804e-15,-12.1032,-13.7957,-14.561,-0.9602,-0.707,0.046,-1.0,2.467,0.1307,323.63474,-41.30908,0.36495197,7.594474,ultra_soft
63767,anomaly,1.8039794247667934e-13,2.376432880291205e-16,1.793686197515496e-16,-12.7438,-15.6241,-15.7463,-0.9974,-0.1397,0.148,-0.8296,1.546,0.1182,136.06661,56.10342,0.3644399,7.5824757,unclassified
63629,anomaly,1.1822397189542538e-13,1.293804664582382e-14,3.566674282838031e-14,-12.9273,-13.8881,-13.4477,-0.8027,0.4676,0.19,-0.7214,5.269,0.1375,298.0218,-47.75261,0.3624095,7.534902,unclassified
68186,xrb,3.714111634331108e-15,4.520211951747281e-15,1.2560962511805442e-14,-14.4301,-14.3448,-13.901,0.0979,0.4707,0.169,-0.7717,4.272,0.1859,108.00188,-37.02616,0.36227334,7.5317116,unclassified
75889,anomaly,5.403267938289165e-12,1.0558493316512092e-13,8.721956704619814e-17,-11.2673,-12.9764,-16.0594,-0.9617,-0.9983,0.24,-0.6196,1.081,0.072,82.13387,9.68526,0.36124843,7.5076976,ultra_soft
61356,anomaly,1.8075683453262049e-13,1.5664757621493027e-12,9.069022690885966e-12,-12.7429,-11.8051,-11.0424,0.7931,0.7054,0.014,-1.0,0.198,0.105,181.32539,-25.97909,0.3605889,7.4922447,ultra_hard
5016,xrb,1.2147650685709792e-14,9.265395970094465e-15,2.0879751925328775e-15,-13.9155,-14.0331,-14.6803,-0.1346,-0.6322,0.081,-1.0,2.949,0.1444,331.06168,56.81747,0.35866326,7.4471254,unclassified
54943,anomaly,6.369001177427142e-12,4.365428590539203e-12,2.573797976754439e-13,-11.1959,-11.36,-12.5894,-0.1866,-0.8886,0.012,-1.0,15.525,0.0002,112.38392,-21.43082,0.35799718,7.4315186,extreme_variable
53864,anomaly,1.739269077083476e-12,5.376321166715669e-14,3.2362072126483285e-17,-11.7596,-13.2695,-16.49,-0.94,-0.9988,0.151,-0.8213,3.012,0.1132,48.57578,-41.92439,0.35493308,7.359725,ultra_soft
75379,anomaly,4.145166774262989e-13,7.940089025260417e-16,3.302224813281651e-16,-12.3825,-15.1002,-15.4812,-0.9962,-0.4125,0.151,-0.822,1.164,0.117,320.86913,-87.10574,0.3545255,7.3501754,ultra_soft
696,anomaly,1.4908626205781777e-15,2.5197387493056845e-12,9.500608547528895e-12,-14.8266,-11.5986,-11.0222,0.9988,0.5808,1.867,0.2711,1.089,0.1689,12.16409,16.76808,0.35248658,7.302402,ultra_hard
49787,anomaly,8.203021296403594e-14,1.1780291533555217e-13,6.344700636758073e-12,-13.086,-12.9288,-11.1976,0.179,0.9635,0.035,-1.0,2.859,0.1663,16.04226,-44.38378,0.35247895,7.302223,unclassified
29767,xrb,1.3417853574419308e-13,6.384031210415404e-14,6.264595518483692e-14,-12.8723,-13.1949,-13.2031,-0.3552,-0.0094,0.118,-0.9269,3.265,0.1125,136.84256,-69.04272,0.3518708,7.287974,unclassified
4368,anomaly,1.3436966233591147e-12,4.015176288839553e-15,6.761550732678177e-15,-11.8717,-14.3963,-14.17,-0.994,0.2548,0.011,-1.0,3.989,0.0541,71.29257,66.38953,0.34785464,7.1938725,unclassified
29662,anomaly,7.210151819812072e-15,1.467246301880609e-13,3.2089967397872355e-12,-14.1421,-12.8335,-11.4936,0.9063,0.9126,0.083,-1.0,0.019,0.1285,149.70821,44.18107,0.34781033,7.1928344,ultra_hard
29834,anomaly,2.7132031845438122e-15,8.503386723005627e-15,1.3957404228061744e-13,-14.5665,-14.0704,-12.8552,0.5162,0.8851,0.054,-1.0,0.515,0.1889,242.02922,43.8744,0.34609994,7.152759,ultra_hard
26163,anomaly,8.36675301536607e-12,2.1369912274296138e-13,5.576249381426295e-14,-11.0774,-12.6702,-13.2537,-0.9502,-0.5861,2.151,0.3325,1.763,0.1425,52.96065,-37.30811,0.34558243,7.140633,ultra_soft
62296,anomaly,4.176191456185163e-12,7.252379222537903e-15,1.517097724155169e-14,-11.3792,-14.1395,-13.819,-0.9965,0.3531,2.238,0.3498,3.828,0.0022,303.68879,-45.93426,0.3455466,7.139794,unclassified
43055,xrb,8.598484333632832e-14,3.6937898538328285e-14,3.4647777199589085e-15,-13.0656,-13.4325,-14.4603,-0.399,-0.8285,0.108,-0.9655,2.35,0.1128,349.33785,54.51998,0.34354553,7.0929074,unclassified
64755,xrb,1.0981296573985364e-14,4.014967345408019e-15,2.8658512457420242e-15,-13.9593,-14.3963,-14.5427,-0.4645,-0.167,0.075,-1.0,3.789,0.1533,155.51745,-19.04865,0.34235612,7.0650387,unclassified
29900,anomaly,2.4738245530607418e-12,4.668877306395285e-14,1.973633771291155e-15,-11.6066,-13.3308,-14.7047,-0.963,-0.9189,2.694,0.4305,4.958,0.01,137.26638,28.14722,0.34196672,7.055915,ultra_soft
1414,anomaly,9.306211539992202e-15,1.857301057292218e-13,5.3974454618964e-12,-14.0312,-12.7311,-11.2678,0.9046,0.9335,0.127,-0.896,0.827,0.1354,181.37524,57.1556,0.34088755,7.030629,ultra_hard
51706,anomaly,8.780877746235117e-13,1.0609404456551836e-13,2.126515967446885e-13,-12.0565,-12.9743,-12.6723,-0.7844,0.3343,0.026,-1.0,9.972,0.0562,80.91715,-56.91253,0.34026268,7.0159883,extreme_variable
61850,xrb,1.0438276256579846e-15,5.126163027445262e-15,1.3069992678248075e-14,-14.9814,-14.2902,-13.8837,0.6616,0.4366,0.978,-0.0097,5.064,0.0742,223.8638,41.32747,0.34020722,7.0146885,unclassified
71965,anomaly,6.961703917400925e-13,1.9167430782844278e-15,1.0302149706821826e-16,-12.1573,-14.7174,-15.9871,-0.9945,-0.898,0.144,-0.8428,1.934,0.1178,12.98291,-53.97574,0.33988592,7.00716,ultra_soft
21794,anomaly,9.630450587589409e-12,1.1760446122667762e-14,7.613758201736438e-14,-11.0164,-13.9296,-13.1184,-0.9976,0.7324,0.824,-0.0842,1.21,0.0173,272.35479,-6.9926,0.33612728,6.919093,unclassified
30045,agn,1.4113654367515632e-14,9.08011163884942e-13,1.282819154277856e-12,-13.8504,-12.0419,-11.8918,0.9694,0.1711,1.865,0.2706,1.719,0.092,291.98208,77.29445,0.33462128,6.8838067,unclassified
62675,anomaly,8.763787940105226e-15,6.229440043989289e-13,1.9797123505008655e-12,-14.0573,-12.2056,-11.7034,0.9723,0.5213,1.807,0.257,1.88,0.0925,163.88179,-3.41165,0.33211046,6.8249764,ultra_hard
51803,xrb,1.2251476230334407e-14,9.214679546063754e-15,4.1876586081328814e-16,-13.9118,-14.0355,-15.378,-0.1415,-0.9131,0.314,-0.5032,2.807,0.0953,332.88082,64.63511,0.3290285,6.7527637,unclassified
49794,anomaly,1.1628672688146997e-13,2.7192367360256463e-16,7.319425310559919e-16,-12.9345,-15.5656,-15.1355,-0.9953,0.4582,0.193,-0.7141,3.424,0.0469,67.45082,-85.46415,0.3288044,6.7475133,unclassified
8290,xrb,5.100285636331082e-14,3.010783317331864e-14,3.302327427133145e-15,-13.2924,-13.5213,-14.4812,-0.2576,-0.8023,0.139,-0.8573,2.411,0.1031,13.52712,31.43781,0.32769397,6.721495,unclassified
62391,anomaly,3.222743742177277e-16,9.147717421039285e-15,1.0470136038983171e-13,-15.4918,-14.0387,-12.98,0.9319,0.8393,0.065,-1.0,1.004,0.1508,321.59316,75.576,0.32729197,6.712076,ultra_hard
13970,anomaly,1.4647265716830054e-15,3.53296222595434e-13,8.022982423083129e-12,-14.8342,-12.4519,-11.0957,0.9917,0.9156,0.102,-0.9924,2.09,0.1403,48.91339,51.25449,0.32584327,6.6781325,ultra_hard
34462,anomaly,2.4394182653530505e-12,7.175420523644844e-13,5.745168598273866e-13,-11.6127,-12.1442,-12.2407,-0.5454,-0.1107,0.105,-0.9779,19.823,0.1044,224.62645,-56.4023,0.32531247,6.665695,extreme_variable
76617,anomaly,5.3184840598833015e-12,1.1726968456505426e-14,4.710096282655563e-14,-11.2742,-13.9308,-13.327,-0.9956,0.6013,2.094,0.3209,4.681,0.0747,109.7415,77.27568,0.32511705,6.6611166,unclassified
24358,xrb,1.0497099592975889e-14,5.2454035949022015e-15,6.155821076600685e-16,-13.9789,-14.2802,-15.2107,-0.3336,-0.7899,0.499,-0.3017,4.12,0.0939,258.45234,2.21166,0.3246867,6.6510334,unclassified
18188,xrb,8.519153033007897e-15,1.3281200859972415e-14,3.2580487568424156e-14,-14.0696,-13.8768,-13.487,0.2184,0.4208,0.152,-0.8193,3.021,0.1399,17.83846,-78.75458,0.3241837,6.6392474,unclassified
22333,anomaly,2.2215327667990116e-12,1.2215555161160262e-14,7.619705810041887e-16,-11.6533,-13.9131,-15.1181,-0.9891,-0.8826,0.071,-1.0,2.249,0.0221,54.22257,85.17776,0.32417262,6.6389875,ultra_soft
46414,xrb,1.5054223293603947e-14,4.925860255410982e-15,6.855787398996458e-15,-13.8223,-14.3075,-14.1639,-0.5069,0.1638,0.264,-0.5781,4.551,0.0594,101.94238,69.53925,0.3229266,6.609793,unclassified
24987,xrb,8.963170546566383e-16,6.247530572311966e-15,1.9331738087505287e-14,-15.0475,-14.2043,-13.7137,0.7491,0.5115,0.059,-1.0,4.538,0.0119,197.90401,-80.20631,0.3228972,6.6091037,ultra_hard
87,anomaly,3.4831211877162117e-12,4.025562668483569e-14,9.17677852343786e-16,-11.458,-13.3952,-15.0373,-0.9771,-0.9554,0.174,-0.76,1.299,0.1279,213.98251,-20.94979,0.3214019,6.574068,ultra_soft
28528,anomaly,1.4255369911816081e-12,3.0836897686743613e-15,2.870081247327948e-15,-11.846,-14.5109,-14.5421,-0.9957,-0.0359,0.156,-0.808,3.723,0.0231,117.79222,58.94965,0.32127085,6.5709977,unclassified
17633,anomaly,5.878749166832662e-13,6.0463202631785635e-15,4.241398015873325e-17,-12.2307,-14.2185,-16.3725,-0.9796,-0.9861,0.154,-0.8112,3.904,0.1401,43.04617,-61.33803,0.32004496,6.542274,ultra_soft
16977,anomaly,6.180400081403465e-14,1.2854768140196237e-13,4.854895863416209e-12,-13.209,-12.8909,-11.3138,0.3506,0.9484,0.068,-1.0,2.828,0.1205,256.21342,77.71589,0.31849286,6.5059075,ultra_hard
61568,anomaly,4.206404328542843e-12,3.682484197365636e-14,2.5052011417351934e-15,-11.3761,-13.4339,-14.6012,-0.9826,-0.8726,0.082,-1.0,2.014,0.0124,40.3985,81.53834,0.31792647,6.4926367,ultra_soft
67562,anomaly,6.594985908465184e-12,7.872114721614001e-15,2.1727770445285147e-14,-11.1808,-14.1039,-13.663,-0.9976,0.4681,0.314,-0.5028,2.907,0.0471,194.54783,-9.75936,0.31625205,6.453404,unclassified
67576,xrb,2.3332741675638486e-15,5.600431820736502e-15,1.7157895729536792e-14,-14.632,-14.2518,-13.7655,0.4118,0.5078,0.058,-1.0,4.054,0.1334,246.07173,81.34919,0.31566608,6.4396744,ultra_hard
41527,xrb,1.3729816407989722e-14,1.2223044282501607e-14,6.397919504963032e-16,-13.8623,-13.9128,-15.194,-0.0581,-0.9005,0.516,-0.287,3.66,0.0941,200.5944,-40.74975,0.31437522,6.4094286,unclassified
41888,anomaly,1.0333381642010497e-12,5.497976887603899e-15,6.316807600661906e-16,-11.9858,-14.2598,-15.1995,-0.9894,-0.7939,0.131,-0.8811,2.431,0.0453,284.89273,-61.97942,0.31366104,6.392695,ultra_soft
26058,anomaly,2.0838558438031653e-15,3.791719818175948e-15,2.825229695093792e-13,-14.6811,-14.4212,-12.5489,0.2907,0.9735,0.101,-0.9945,0.965,0.0884,39.22875,42.48574,0.31353775,6.389806,ultra_hard
51025,anomaly,6.953182699833158e-12,1.879904525662922e-13,4.228257192864679e-15,-11.1578,-12.7259,-14.3738,-0.9474,-0.956,2.5,0.398,2.644,0.0068,313.8974,12.96299,0.31299034,6.37698,ultra_soft
61985,anomaly,3.788668199616941e-12,8.280240267826384e-14,3.537990056177839e-15,-11.4215,-13.082,-14.4512,-0.9572,-0.918,0.259,-0.5868,1.472,0.0582,306.0423,-80.62129,0.31263137,6.368569,ultra_soft
14748,anomaly,2.1399452378472735e-13,4.0068001341527257e-14,3.155524190859522e-14,-12.6696,-13.3972,-13.5009,-0.6846,-0.1189,0.068,-1.0,19.772,0.108,145.89679,-85.86672,0.31236643,6.3623614,extreme_variable
43497,xrb,1.77674760100562e-14,1.092870880632514e-14,1.5349465914881597e-15,-13.7504,-13.9614,-14.8139,-0.2383,-0.7537,0.06,-1.0,3.788,0.1224,284.50955,-20.83726,0.31167117,6.346071,unclassified
5961,agn,1.982045319077742e-14,1.8225963625423942e-14,2.5680711708590757e-14,-13.7029,-13.7393,-13.5904,-0.0419,0.1698,0.007,-1.0,3.914,0.099,220.37065,-65.88209,0.31126833,6.3366323,unclassified
72529,anomaly,8.392335457390404e-12,2.514661430420509e-14,8.284153210118103e-14,-11.0761,-13.5995,-13.0818,-0.994,0.5343,0.333,-0.4777,3.224,0.0381,197.37861,48.60639,0.31113973,6.333619,unclassified
62962,agn,6.522703576668644e-16,9.495426956996752e-13,7.505362614037825e-13,-15.1856,-12.0225,-12.1246,0.9986,-0.1171,1.401,0.1465,3.35,0.0985,202.99299,-84.41527,0.3107654,6.3248477,unclassified
70386,anomaly,8.424323211525142e-13,9.81552742675368e-16,7.923334179905991e-16,-12.0745,-15.0081,-15.1011,-0.9977,-0.1067,2.358,0.3725,4.549,0.016,328.83748,71.63773,0.30940408,6.2929516,unclassified
7488,anomaly,7.472005203141715e-16,1.1087511834023094e-14,3.3820063572579637e-13,-15.1266,-13.9552,-12.4708,0.8737,0.9365,0.106,-0.9728,0.827,0.1588,75.89374,-17.03253,0.30928165,6.290083,ultra_hard
65131,agn,1.4412972433083517e-14,1.2949681364113206e-13,1.8735442514675558e-13,-13.8412,-12.8877,-12.7273,0.7997,0.1826,1.861,0.2697,3.734,0.078,16.15807,35.71913,0.30897328,6.282858,unclassified
47948,agn,2.0909270366125007e-15,1.2009336777954614e-15,1.6516510463619705e-15,-14.6797,-14.9205,-14.7821,-0.2704,0.158,0.005,-1.0,1.662,0.0992,127.53501,-32.02891,0.30824608,6.2658186,unclassified
13363,anomaly,9.196810828266046e-13,1.4147293877728486e-15,1.8393367819105594e-17,-12.0364,-14.8493,-16.7353,-0.9969,-0.9743,0.178,-0.7493,2.127,0.1146,107.25097,-3.18147,0.30789214,6.257526,ultra_soft
11155,anomaly,7.0032275301881856e-15,6.76668975691092e-13,9.03219279388838e-12,-14.1547,-12.1696,-11.0442,0.9795,0.8606,0.143,-0.8439,2.903,0.17,158.66927,-77.78226,0.30723488,6.242126,ultra_hard
29919,anomaly,4.797311391665088e-13,7.668324733000196e-16,2.3067859292269447e-17,-12.319,-15.1153,-16.637,-0.9968,-0.9416,0.19,-0.7212,3.701,0.093,282.0845,2.68004,0.30645633,6.2238836,ultra_soft
56201,anomaly,4.208062875405975e-13,4.554976106173553e-16,7.688058745558978e-16,-12.3759,-15.3415,-15.1142,-0.9978,0.2559,0.169,-0.7722,2.32,0.1017,343.76893,73.60898,0.306446,6.2236414,unclassified
31201,anomaly,9.245332352744796e-13,1.0825525693499886e-14,3.7466977786321845e-16,-12.0341,-13.9656,-15.4264,-0.9769,-0.9331,0.097,-1.0,4.25,0.1413,349.27207,-14.29742,0.30580825,6.2086987,ultra_soft
24432,xrb,1.3072418811231016e-14,5.7000156090712085e-15,4.960109203271317e-15,-13.8836,-14.2441,-14.3045,-0.3927,-0.0694,0.384,-0.4161,4.819,0.0617,224.71813,-14.14423,0.30511847,6.192537,unclassified
57743,anomaly,3.017256779399385e-12,4.461944299153513e-13,6.55770374073821e-13,-11.5204,-12.3505,-12.1832,-0.7423,0.1902,0.064,-1.0,6.527,0.0919,27.4471,10.83442,0.30395636,6.165308,unclassified
74534,anomaly,8.32577159105033e-12,2.41132426352574e-13,5.1801914784945644e-14,-11.0796,-12.6177,-13.2857,-0.9437,-0.6463,0.85,-0.0703,4.179,0.0052,198.08256,34.92341,0.30358657,6.156644,ultra_soft
51066,anomaly,5.733164478229072e-14,2.5007266151198227e-14,2.1596969784710644e-12,-13.2416,-13.6019,-11.6656,-0.3926,0.9771,0.06,-1.0,2.882,0.0369,4.11197,30.4894,0.3028753,6.1399784,unclassified
15593,anomaly,6.706292416227241e-16,1.9425624576889467e-12,6.260902917975598e-12,-15.1735,-11.7116,-11.2034,0.9993,0.5264,0.343,-0.4652,2.255,0.19,351.33927,71.95374,0.3024742,6.13058,ultra_hard
51747,agn,1.1635486904916264e-18,8.794544807484394e-16,1.786861024236944e-15,-17.9342,-15.0558,-14.7479,0.9973,0.3403,0.085,-1.0,0.234,0.0009,351.41544,-62.06817,0.30146095,6.106839,heavily_absorbed
5076,anomaly,2.8470480633134642e-15,1.5493081837686873e-14,1.544232227015182e-13,-14.5456,-13.8099,-12.8113,0.6895,0.8176,0.054,-1.0,0.757,0.1841,269.5098,17.02067,0.30106896,6.0976543,ultra_hard
9267,anomaly,1.1418631436341763e-13,4.933233155565059e-16,1.6875528287252056e-18,-12.9424,-15.3069,-17.7727,-0.9914,-0.9932,0.066,-1.0,3.362,0.0818,275.54581,70.26596,0.30083603,6.0921965,ultra_soft
61220,xrb,1.5411981411095875e-14,8.498813811876933e-15,6.461233100585861e-15,-13.8121,-14.0706,-14.1897,-0.2891,-0.1362,0.506,-0.296,4.941,0.0664,80.36135,76.66172,0.30074242,6.0900035,unclassified
16482,anomaly,6.172578407959292e-14,2.784820245060622e-13,8.917100933939163e-12,-13.2095,-12.5552,-11.0498,0.6371,0.9394,0.007,-1.0,2.966,0.1365,98.88036,-55.32301,0.3003846,6.0816197,ultra_hard
30763,xrb,9.014482922530639e-16,5.7742788924620544e-15,1.1963692038294598e-14,-15.0451,-14.2385,-13.9221,0.7299,0.3489,0.021,-1.0,3.182,0.1213,38.54026,-8.55503,0.29953116,6.0616226,unclassified
6486,anomaly,3.2849546369649703e-15,2.9476144178450356e-14,2.1367035688627255e-13,-14.4835,-13.5305,-12.6703,0.7995,0.7575,0.109,-0.9636,0.999,0.1614,292.10082,9.81721,0.299382,6.058128,ultra_hard
60727,anomaly,9.844425821620185e-12,5.886511964391523e-12,5.3561441345389145e-12,-11.0068,-11.2301,-11.2711,-0.2516,-0.0472,5.771,0.7613,5.078,0.0991,136.75137,77.53725,0.299236,6.054707,unclassified
20048,xrb,3.1291991935316555e-15,7.363301909791304e-15,1.6536598654973026e-14,-14.5046,-14.1329,-13.7816,0.4035,0.3838,0.074,-1.0,4.343,0.0634,16.4418,-15.29215,0.2990483,6.050309,unclassified
39503,xrb,1.4329271087396996e-15,7.391193055142256e-15,1.074320693751579e-14,-14.8438,-14.1313,-13.9689,0.6752,0.1848,0.052,-1.0,2.183,0.1831,354.94197,25.46311,0.29882234,6.045015,unclassified
42229,xrb,1.122633230033976e-14,3.848723381656531e-15,2.7804633230835536e-15,-13.9498,-14.4147,-14.5559,-0.4894,-0.1611,0.17,-0.769,4.933,0.0302,158.30379,-89.64613,0.29818797,6.030151,unclassified
47781,anomaly,8.989283237594864e-10,6.292498266316405e-10,2.6967849712784593e-10,-9.0463,-9.2012,-9.5692,-0.1765,-0.4,0.038,-1.0,3.47,0.2365,199.92552,-14.05649,0.29818428,6.0300646,super_luminous
77807,anomaly,4.1803968516034647e-13,2.262230537411729e-15,8.771472009066908e-17,-12.3788,-14.6455,-16.0569,-0.9892,-0.9253,0.02,-1.0,2.263,0.0595,310.29935,-14.16435,0.29780966,6.021287,ultra_soft
44768,agn,1.519480813971743e-14,6.295355184848917e-13,1.9995681887315563e-12,-13.8183,-12.201,-11.6991,0.9529,0.5211,1.497,0.1752,2.263,0.0858,359.6966,-24.77893,0.29751587,6.0144033,ultra_hard
53332,anomaly,2.4838688621908397e-14,2.382611777588072e-14,2.228807331070036e-12,-13.6049,-13.6229,-11.6519,-0.0208,0.9788,0.173,-0.762,1.399,0.1631,2.71996,1.83452,0.2968281,5.998288,unclassified
17972,xrb,1.7296008211833527e-13,6.831583494938572e-14,3.545674134294669e-14,-12.7621,-13.1655,-13.4503,-0.4337,-0.3166,0.026,-1.0,2.494,0.1275,257.39025,-29.57716,0.29679856,5.9975963,unclassified
12687,agn,7.212192506657721e-14,1.2948667171897223e-12,2.2060793388855173e-12,-13.1419,-11.8878,-11.6564,0.8945,0.2603,1.26,0.1003,0.376,0.0778,157.05496,58.57877,0.29676944,5.996914,unclassified
39713,xrb,5.082373653250941e-16,6.127705931734675e-15,1.2172117353241503e-14,-15.2939,-14.2127,-13.9146,0.8468,0.3303,0.032,-1.0,4.325,0.0061,262.55913,-88.82363,0.2962885,5.985645,unclassified
60523,anomaly,3.1249070073789586e-15,2.0516092472963895e-13,1.2964255470386866e-12,-14.5052,-12.6879,-11.8873,0.97,0.7267,0.038,-1.0,2.366,0.1703,150.44055,-51.50233,0.29628325,5.9855223,ultra_hard
43240,xrb,1.0093983568779138e-14,3.4801195783070287e-15,1.6341656684393593e-15,-13.9959,-14.4584,-14.7867,-0.4872,-0.3609,0.095,-1.0,4.023,0.1644,50.56443,-85.66981,0.29579127,5.9739947,unclassified
65498,anomaly,2.6258099447280577e-12,7.812615124967624e-14,2.2859792998150105e-14,-11.5807,-13.1072,-13.6409,-0.9422,-0.5473,1.792,0.2533,4.653,0.0285,338.5825,-22.06142,0.29570103,5.9718804,ultra_soft
14300,anomaly,1.4086533289115588e-16,1.0493065796950179e-13,6.592225382911653e-13,-15.8512,-12.9791,-12.181,0.9973,0.7254,1.926,0.2846,1.085,0.101,333.37667,4.75676,0.2954463,5.965912,ultra_hard
55342,anomaly,2.1852885272090527e-12,3.5258040699687013e-14,3.961176136761352e-17,-11.6605,-13.4527,-16.4022,-0.9682,-0.9978,0.174,-0.7587,3.412,0.1426,52.30582,-5.2031,0.29537204,5.964172,ultra_soft
46347,agn,9.188490937833061e-17,7.07255690764135e-14,8.926990383218332e-14,-16.0368,-13.1504,-13.0493,0.9974,0.1159,1.67,0.2227,3.96,0.0934,173.50732,70.75855,0.29432285,5.9395885,unclassified
14981,anomaly,9.578443871722285e-12,1.3290134019202691e-14,5.833880734524359e-14,-11.0187,-13.8765,-13.234,-0.9972,0.6289,1.192,0.0763,3.679,0.026,148.09051,-60.48391,0.29392332,5.9302273,unclassified
28154,anomaly,3.090733778779927e-12,5.971455583381098e-14,3.3491654559471087e-17,-11.5099,-13.2239,-16.4751,-0.9621,-0.9989,0.167,-0.7772,4.068,0.0053,148.85275,64.80989,0.29270145,5.9015985,ultra_soft
22487,anomaly,4.5972540909766255e-12,2.1114812873085438e-12,1.6203590426490905e-13,-11.3375,-11.6754,-12.7904,-0.3705,-0.8575,0.019,-1.0,16.825,0.1372,300.73307,-6.18612,0.29236194,5.8936434,extreme_variable
13498,anomaly,1.5507556816806612e-13,3.630489613976325e-14,4.863754006848517e-14,-12.8095,-13.44,-13.313,-0.6206,0.1452,0.108,-0.9668,18.779,0.0484,292.77001,85.37673,0.29216912,5.889126,extreme_variable
8628,anomaly,1.2504951311350841e-13,2.638228923866452e-13,8.060479105581536e-12,-12.9029,-12.5787,-11.0936,0.3569,0.9366,1.927,0.2848,1.554,0.0727,237.89157,-11.04297,0.29205883,5.8865414,ultra_hard
68609,anomaly,3.409205618002412e-12,3.451447193570408e-15,2.8379607627618016e-15,-11.4673,-14.462,-14.547,-0.998,-0.0975,0.115,-0.9376,2.687,0.0323,280.41598,-20.44931,0.2916268,5.876419,unclassified
15867,anomaly,1.6888356555504655e-12,2.207492297821494e-14,6.979291002108097e-15,-11.7724,-13.6561,-14.1562,-0.9742,-0.5196,0.132,-0.8795,4.26,0.0513,259.64324,79.02026,0.2916246,5.876367,ultra_soft
29343,anomaly,1.0944523946683615e-12,7.194945589370915e-13,1.7403536753764128e-14,-11.9608,-12.143,-13.7594,-0.2067,-0.9528,0.106,-0.9764,16.817,0.1336,13.31114,29.74286,0.2904429,5.8486795,extreme_variable
11004,xrb,1.0242416186961283e-13,3.439697027369954e-14,1.2927376695270989e-14,-12.9896,-13.4635,-13.8885,-0.4972,-0.4537,0.128,-0.894,2.938,0.1013,344.99074,36.78609,0.28981322,5.8339257,unclassified
14087,anomaly,9.22955596339941e-12,3.8240421629041435e-12,1.133361333592969e-11,-11.0348,-11.4175,-10.9456,-0.4141,0.4954,6.942,0.8415,9.792,0.0946,246.17869,89.10319,0.28945845,5.825613,extreme_variable
20287,anomaly,1.043478737804999e-13,3.7228440845303484e-16,3.312476855909204e-17,-12.9815,-15.4291,-16.4798,-0.9929,-0.8366,0.007,-1.0,2.701,0.0082,46.25177,-63.57318,0.28925905,5.820941,ultra_soft
23574,xrb,3.9247897165865765e-15,9.510695443860341e-15,1.872078726199356e-14,-14.4062,-14.0218,-13.7277,0.4158,0.3262,0.334,-0.4757,4.695,0.0481,254.64239,62.18231,0.28911954,5.8176723,unclassified
31917,anomaly,3.0629529842667126e-12,3.167753906934395e-13,5.482261879087613e-13,-11.5139,-12.4992,-12.261,-0.8125,0.2676,0.185,-0.7324,15.691,0.0182,132.93618,-24.04438,0.28885987,5.8115883,extreme_variable
28052,anomaly,5.555618374924574e-13,9.865610880040146e-14,1.642131290815193e-13,-12.2553,-13.0059,-12.7846,-0.6984,0.2494,1.549,0.1901,5.683,0.1292,311.1604,-46.03997,0.2881235,5.794334,unclassified
48322,xrb,1.3029869913007856e-14,7.377189853184076e-15,2.9310925955717877e-15,-13.8851,-14.1321,-14.533,-0.277,-0.4313,0.129,-0.8901,3.789,0.0822,8.6628,-74.65617,0.28778443,5.78639,unclassified
56704,agn,8.249397925922801e-15,2.4871934216026706e-13,5.076976941999215e-13,-14.0836,-12.6043,-12.2944,0.9358,0.3424,1.941,0.288,0.872,0.0844,270.3971,55.31628,0.28738156,5.7769504,unclassified
59420,anomaly,2.070673220227077e-12,2.5279260829536055e-14,1.0202209443554494e-14,-11.6839,-13.5972,-13.9913,-0.9759,-0.4249,0.215,-0.6668,4.929,0.0607,257.09272,60.19593,0.28675708,5.762318,ultra_soft
3944,anomaly,1.5291114210119344e-16,3.563270184947418e-15,1.2340392566421957e-13,-15.8156,-14.4482,-12.9087,0.9177,0.9439,0.203,-0.692,0.196,0.0033,247.89477,-1.27071,0.28672233,5.761504,ultra_hard
60758,agn,1.3958851267557792e-14,2.072792789880886e-14,3.011219641040017e-14,-13.8552,-13.6834,-13.5213,0.1951,0.1846,0.257,-0.5903,3.988,0.0978,210.26497,25.05981,0.28640088,5.7539725,unclassified
22611,xrb,5.339250472479248e-16,5.415356233610815e-15,1.1517328505671855e-14,-15.2725,-14.2664,-13.9386,0.8205,0.3604,0.907,-0.0424,4.984,0.0873,115.93099,46.96584,0.28487438,5.7182055,unclassified
6925,anomaly,9.422664764909102e-12,1.7697305459780588e-14,6.038563572963131e-15,-11.0258,-13.7521,-14.2191,-0.9963,-0.4912,1.708,0.2326,1.262,0.1495,271.72968,-19.36207,0.28464884,5.7129207,ultra_soft
15033,anomaly,1.238290513272549e-12,3.0031137605586805e-15,3.459899934190966e-15,-11.9072,-14.5224,-14.4609,-0.9952,0.0707,2.965,0.472,4.593,0.1346,137.88532,54.57869,0.28416938,5.701687,unclassified
44937,anomaly,4.897016440321245e-13,3.7670863160303586e-13,5.613239183945523e-15,-12.3101,-12.424,-14.2508,-0.1304,-0.9706,0.063,-1.0,15.139,0.0246,176.66145,7.61402,0.284077,5.699522,extreme_variable
73413,xrb,1.1382121746084594e-14,1.118387653235505e-14,1.3504435007117962e-15,-13.9438,-13.9514,-14.8695,-0.0088,-0.7845,0.394,-0.4046,2.928,0.0846,127.55452,41.46511,0.28386137,5.69447,unclassified
46379,anomaly,6.191361269221419e-12,1.0418941497297189e-13,2.739923150323088e-14,-11.2082,-12.9822,-13.5623,-0.9669,-0.5836,0.271,-0.5677,2.59,0.0603,328.37451,70.2268,0.2823381,5.658779,ultra_soft
32365,agn,2.934569660136045e-14,1.9261191175289057e-14,2.2545055490087243e-14,-13.5325,-13.7153,-13.6469,-0.2075,0.0785,0.086,-1.0,3.739,0.0673,101.29006,-26.97691,0.28221807,5.6559663,unclassified
65561,agn,1.7254207682511208e-13,1.2702916876069697e-13,2.0718790211774776e-13,-12.7631,-12.8961,-12.6836,-0.1519,0.2398,1.94,0.2878,3.738,0.0588,106.71996,-82.2893,0.28194597,5.649591,unclassified
58314,anomaly,2.4464336565997315e-13,3.94502615463929e-15,1.4102395504157262e-15,-12.6115,-14.404,-14.8507,-0.9683,-0.4733,2.638,0.4213,4.057,0.0009,122.46614,-15.88652,0.2819398,5.6494465,ultra_soft
34921,anomaly,1.4630724301425467e-12,1.058951411968404e-12,3.838886831341589e-14,-11.8347,-11.9751,-13.4158,-0.1602,-0.93,0.115,-0.9394,17.205,0.1339,330.38224,63.57422,0.2816637,5.6429768,extreme_variable
51221,anomaly,1.567215600678076e-12,1.837303641489319e-15,5.661279095435824e-16,-11.8049,-14.7358,-15.2471,-0.9977,-0.5289,0.165,-0.7826,4.253,0.0611,21.6566,-44.84562,0.28101927,5.6278777,ultra_soft
49689,anomaly,1.682366467709799e-14,1.417400317775627e-13,6.826195026375791e-12,-13.7741,-12.8485,-11.1658,0.7878,0.9593,0.075,-1.0,1.702,0.1161,274.47048,66.68155,0.28070328,5.620474,ultra_hard
602,anomaly,9.163449235065704e-12,7.63169371794661e-14,2.2012592042366084e-14,-11.0379,-13.1174,-13.6573,-0.9835,-0.5523,0.257,-0.5904,1.734,0.1138,38.86648,-77.46374,0.28038806,5.613088,ultra_soft
67447,anomaly,2.1808597229473734e-12,2.9051749461378696e-13,5.6170976309496844e-14,-11.6614,-12.5368,-13.2505,-0.7649,-0.676,0.039,-1.0,14.87,0.1408,330.96309,-44.76976,0.2801087,5.606542,ultra_soft
72870,xrb,7.90095124371585e-16,9.358583540030497e-15,1.5066382243107384e-14,-15.1023,-14.0288,-13.822,0.8443,0.2337,0.884,-0.0534,5.379,0.0118,167.393,14.26092,0.27998507,5.603646,unclassified
53980,xrb,1.6084311235950543e-14,1.1619687276245397e-14,3.71771747283397e-15,-13.7936,-13.9348,-14.4297,-0.1612,-0.5152,0.129,-0.8899,3.929,0.0991,240.09073,-67.95926,0.27995962,5.6030493,unclassified
69523,anomaly,4.565801217819793e-13,1.6683565835719898e-13,8.916077525526609e-15,-12.3405,-12.7777,-14.0498,-0.4648,-0.8985,0.108,-0.9666,19.907,0.1355,292.2904,-58.29473,0.27991062,5.6019015,extreme_variable
67400,anomaly,5.944361966155149e-15,2.7380922242518496e-12,9.068870767074396e-12,-14.2259,-11.5626,-11.0424,0.9957,0.5362,1.16,0.0643,0.153,0.1631,16.16407,-23.4618,0.2793432,5.588606,ultra_hard
22152,agn,9.911098075354044e-16,9.597251210746003e-16,2.6085674617910576e-15,-15.0039,-15.0179,-14.5836,-0.0161,0.4621,0.008,-1.0,0.036,0.0911,132.26418,54.3584,0.27865252,5.5724235,unclassified
35794,anomaly,2.2497420047675085e-13,5.373596443773283e-14,7.087460439026179e-14,-12.6479,-13.2697,-13.1495,-0.6144,0.1375,1.544,0.1886,5.559,0.0337,178.05568,-87.82555,0.27859893,5.571168,unclassified
75016,anomaly,3.782502511491418e-12,7.302125936887702e-15,3.781026281604517e-15,-11.4222,-14.1366,-14.4224,-0.9961,-0.3177,2.647,0.4228,1.169,0.1376,89.21787,-12.98676,0.2782119,5.562099,ultra_soft
47020,anomaly,1.9074160741903332e-14,1.097193273758669e-13,5.290234852441662e-12,-13.7196,-12.9597,-11.2765,0.7038,0.9594,1.736,0.2395,2.806,0.0784,8.94575,-73.78256,0.27789965,5.5547833,ultra_hard
14659,anomaly,4.5355579986195463e-13,6.893070022965294e-14,1.4352919472423857e-14,-12.3434,-13.1616,-13.8431,-0.7361,-0.6553,0.017,-1.0,18.677,0.146,179.28188,-79.33284,0.27691147,5.5316296,ultra_soft
33135,xrb,3.57984984956204e-14,1.5741062600130076e-14,1.6470101166158235e-14,-13.4461,-13.803,-13.7833,-0.3892,0.0226,0.205,-0.6879,2.449,0.1074,162.97019,74.23425,0.27667868,5.526175,unclassified
8222,anomaly,3.518192613378619e-12,1.7358349508427974e-12,7.438287329565079e-13,-11.4537,-11.7605,-12.1285,-0.3392,-0.4001,0.119,-0.9228,19.803,0.132,280.75394,-11.88331,0.27650043,5.5219984,extreme_variable
41260,anomaly,8.537596877936987e-13,2.345202776524565e-15,1.207741344783561e-16,-12.0687,-14.6298,-15.918,-0.9945,-0.902,0.184,-0.7354,2.659,0.1394,6.16408,36.80111,0.27641115,5.5199065,ultra_soft
65799,anomaly,2.6386889802672633e-12,3.7219813102936585e-15,1.1903577968129103e-15,-11.5786,-14.4292,-14.9243,-0.9972,-0.5154,0.152,-0.8176,4.678,0.0582,195.23007,-9.47331,0.2759728,5.509636,ultra_soft
11061,xrb,1.4786860390449769e-15,4.789049139627081e-15,1.3390724566940626e-14,-14.8301,-14.3198,-13.8732,0.5282,0.4731,0.119,-0.925,4.058,0.0912,91.16198,-34.05519,0.27585298,5.5068283,unclassified
65263,anomaly,2.8366603863729944e-16,1.2630390879743072e-14,2.007490446658588e-13,-15.5472,-13.8986,-12.6973,0.9561,0.8816,0.001,-1.0,2.299,0.1457,0.00733,-31.02133,0.2755136,5.498876,ultra_hard
44062,anomaly,1.208712555643018e-13,1.4119948585204837e-13,4.869277941069588e-14,-12.9177,-12.8502,-13.3125,0.0776,-0.4872,25.789,1.4114,14.594,0.0938,220.54398,-31.5225,0.2754326,5.4969783,extended_transient
25941,xrb,5.118856789424344e-15,8.259160349935273e-15,2.3962789372209673e-14,-14.2908,-14.0831,-13.6205,0.2347,0.4874,0.349,-0.4576,4.774,0.0698,165.85702,27.53973,0.27513307,5.4899607,unclassified
38142,anomaly,1.4253116388091144e-14,1.9288848283587218e-13,5.58092723135387e-12,-13.8461,-12.7147,-11.2533,0.8624,0.9332,0.142,-0.8467,2.039,0.173,17.75231,56.87498,0.27499598,5.486748,ultra_hard
28788,anomaly,1.8802376640286584e-12,2.8543325593498357e-13,3.6830143145244647e-13,-11.7258,-12.5445,-12.4338,-0.7364,0.1268,0.052,-1.0,12.641,0.0498,16.60949,-44.8046,0.2744236,5.473337,extreme_variable
28850,anomaly,2.5594990193565045e-12,1.2150094859775743e-12,5.808681047726966e-14,-11.5918,-11.9154,-13.2359,-0.3562,-0.9087,0.013,-1.0,17.171,0.0913,207.15892,-21.88477,0.2742772,5.4699073,extreme_variable
16542,xrb,4.228337665000667e-14,2.0114040168702834e-14,3.5491387606418197e-15,-13.3738,-13.6965,-14.4499,-0.3553,-0.7,0.023,-1.0,3.241,0.1188,112.36256,80.29639,0.27363107,5.4547677,unclassified
72113,xrb,1.1919411732913542e-14,1.0040332972008937e-14,3.886710931157418e-15,-13.9237,-13.9983,-14.4104,-0.0856,-0.4418,0.512,-0.2911,4.241,0.0788,96.41527,84.1278,0.2734927,5.451525,unclassified
47548,anomaly,4.304568259745969e-14,1.314054210412471e-13,6.182008292701723e-14,-13.3661,-12.8814,-13.2089,0.5065,-0.3601,7.403,0.8694,12.813,0.0205,79.95385,39.34942,0.27306822,5.44158,extreme_variable
59424,xrb,3.1255351865114733e-15,8.913919127929448e-15,1.053148077323928e-14,-14.5051,-14.0499,-13.9775,0.4808,0.0832,0.019,-1.0,2.592,0.1227,60.69303,-54.78865,0.2726481,5.431736,unclassified
27555,anomaly,3.6497752564998555e-12,1.0809050031446055e-12,7.66964708526811e-14,-11.4377,-11.9662,-13.1152,-0.543,-0.8675,0.081,-1.0,17.086,0.0999,25.91275,16.53554,0.272572,5.429953,extreme_variable
40442,anomaly,1.200173142346839e-16,1.304502942109682e-14,1.1491493827546883e-13,-15.9208,-13.8846,-12.9396,0.9818,0.7961,0.059,-1.0,2.483,0.1455,216.04442,-33.08878,0.27149326,5.4046774,ultra_hard
19270,anomaly,2.9840823738874305e-12,8.141168066387555e-14,1.4100717594991079e-14,-11.5252,-13.0893,-13.8508,-0.9469,-0.7047,0.331,-0.4799,1.448,0.0148,285.79343,48.01122,0.27144298,5.403499,ultra_soft
63080,anomaly,2.098902815713474e-12,3.1079666922951236e-13,8.454187698727378e-14,-11.678,-12.5075,-13.0729,-0.742,-0.5723,0.087,-1.0,17.598,0.1076,333.17671,57.02658,0.27141935,5.4029455,ultra_soft
63031,xrb,3.728147720355721e-15,1.7038377103734276e-14,2.1024394253528336e-14,-14.4285,-13.7686,-13.6773,0.6409,0.1047,0.87,-0.0604,4.501,0.0216,81.68207,12.3682,0.27127534,5.3995714,unclassified
42160,anomaly,4.14084075353944e-13,3.64222549514729e-13,4.9432615432819535e-15,-12.3829,-12.4386,-14.306,-0.0641,-0.9732,0.046,-1.0,12.584,0.1442,184.82694,18.82739,0.27114078,5.3964186,extreme_variable
74543,xrb,1.2720255250031564e-14,4.758234367644726e-15,3.7047372434660206e-15,-13.8955,-14.3226,-14.4312,-0.4555,-0.1245,0.314,-0.5035,4.515,0.0888,7.46385,-55.39809,0.27092427,5.3913455,unclassified
65572,agn,3.62681370043936e-14,2.4282848278605307e-14,2.4468947672009728e-14,-13.4405,-13.6147,-13.6114,-0.1979,0.0038,0.234,-0.631,3.105,0.0899,291.10767,58.78575,0.27088287,5.3903756,unclassified
65624,anomaly,6.887151707671653e-12,8.165414968131857e-13,1.0715869315959642e-12,-11.162,-12.088,-11.97,-0.788,0.1351,0.069,-1.0,5.53,0.0712,103.56618,-2.71508,0.27072263,5.386621,unclassified
56541,agn,7.863856999191152e-19,1.2097187424960242e-15,2.280527595945636e-15,-18.1044,-14.9173,-14.642,0.9987,0.3068,0.102,-0.9929,0.122,0.0076,171.30618,-37.32421,0.2707199,5.3865566,heavily_absorbed
42199,anomaly,1.0787689010433585e-13,1.10305425048514e-15,4.432896030332209e-17,-12.9671,-14.9574,-16.3533,-0.9798,-0.9227,0.127,-0.8947,2.714,0.0035,63.81384,-79.19622,0.27039567,5.37896,ultra_soft
46545,anomaly,6.763749327595355e-12,1.0697424012704248e-14,3.237274234562346e-16,-11.1698,-13.9707,-15.4898,-0.9968,-0.9413,0.157,-0.8031,3.992,0.0203,179.7586,-39.50604,0.2702899,5.376482,ultra_soft
8316,anomaly,6.177846538787139e-17,1.862623390130813e-14,4.043160734384036e-13,-16.2092,-13.7299,-12.3933,0.9934,0.9119,1.633,0.2129,0.246,0.0957,162.07492,-89.79606,0.27021316,5.374684,ultra_hard
64381,anomaly,2.6547255729251093e-12,1.56979347788184e-14,8.267525152241705e-17,-11.576,-13.8042,-16.0826,-0.9882,-0.9895,0.024,-1.0,3.429,0.0776,198.62671,73.59881,0.27016488,5.3735523,ultra_soft
43162,anomaly,6.175412865973151e-12,5.003575972704999e-12,7.771842111188847e-12,-11.2093,-11.3007,-11.1095,-0.1048,0.2167,5.235,0.7189,10.869,0.0011,14.6271,51.9053,0.27002633,5.370306,extreme_variable
13607,agn,4.022591227968972e-16,3.823664129223101e-14,9.444944085094555e-14,-15.3955,-13.4175,-13.0248,0.9792,0.4237,1.824,0.261,3.935,0.0878,8.57108,-23.37962,0.26954395,5.3590035,heavily_absorbed
14665,anomaly,8.88735243445184e-12,2.3455090103433035e-13,1.6597238570332754e-15,-11.0512,-12.6298,-14.78,-0.9486,-0.9859,2.769,0.4423,1.255,0.0231,209.51827,-42.78998,0.26920933,5.3511634,ultra_soft
56596,agn,3.396211138759382e-14,6.761543056064042e-14,5.4734817828721044e-14,-13.469,-13.17,-13.2617,0.3313,-0.1053,1.535,0.1862,3.843,0.0589,112.60009,-39.31763,0.26887754,5.343389,unclassified
27595,anomaly,7.533589179671808e-12,1.3403601515489927e-12,2.336421393298115e-13,-11.123,-11.8728,-12.6314,-0.6979,-0.7031,0.014,-1.0,18.803,0.0685,309.65307,69.71663,0.26883283,5.342342,ultra_soft
66655,anomaly,2.7313139323991685e-13,7.590346911849222e-14,2.4150105784527907e-14,-12.5636,-13.1197,-13.6171,-0.5651,-0.5173,1.613,0.2078,5.901,0.0131,56.24521,28.819,0.2687438,5.340256,unclassified
4778,anomaly,2.9597118996151942e-12,6.562487097215574e-14,6.181540064318571e-16,-11.5288,-13.1829,-15.2089,-0.9566,-0.9813,0.174,-0.7588,1.918,0.1457,173.81433,-32.86055,0.26859832,5.336847,ultra_soft
10723,anomaly,2.752932741901296e-13,7.088484490600255e-14,6.531725110467321e-15,-12.5602,-13.1494,-14.185,-0.5905,-0.8313,0.001,-1.0,18.915,0.1191,145.37184,-0.17151,0.2684158,5.3325706,extreme_variable
55634,anomaly,4.243388350243495e-12,4.455859567067858e-13,1.2479599077696077e-12,-11.3723,-12.3511,-11.9038,-0.8099,0.4738,1.678,0.2247,16.173,0.0898,251.57209,-1.70101,0.2683494,5.331015,extreme_variable
70041,agn,3.281461618019441e-14,7.316461356882024e-14,1.0607490495018139e-13,-13.4839,-13.1357,-12.9744,0.3807,0.1836,1.498,0.1754,3.8,0.0614,296.48885,86.05719,0.26816168,5.3266163,unclassified
23541,agn,1.4814351858404646e-13,9.954051109891335e-14,1.2951730156876915e-13,-12.8293,-13.002,-12.8877,-0.1962,0.1309,0.306,-0.515,3.778,0.0988,280.81783,-22.36933,0.26797104,5.3221493,unclassified
62801,anomaly,1.6335196977641473e-12,1.3749567348716065e-14,1.272872373197384e-14,-11.7869,-13.8617,-13.8952,-0.9833,-0.0386,2.737,0.4373,4.284,0.1206,102.50662,84.0797,0.26783526,5.318968,unclassified
21686,anomaly,2.8481421277742804e-15,1.015504290106113e-13,4.2649474869417024e-12,-14.5454,-12.9933,-11.3701,0.9454,0.9535,0.153,-0.8155,2.92,0.1668,351.89208,48.30111,0.26760128,5.3134856,ultra_hard
18544,anomaly,2.5144719968433385e-12,1.1702698637367571e-12,4.151230937718918e-14,-11.5996,-11.9317,-13.3818,-0.3648,-0.9315,0.012,-1.0,15.608,0.1059,358.42379,-14.20709,0.26714683,5.302838,extreme_variable
47051,anomaly,2.795015255537638e-12,4.7638608654742716e-14,2.571396758295882e-14,-11.5536,-13.322,-13.5898,-0.9665,-0.2989,2.686,0.4291,4.522,0.1012,178.42337,20.17983,0.26668262,5.291961,unclassified
78963,agn,2.777948112202117e-15,1.6134478778586166e-15,2.6435321904862284e-15,-14.5563,-14.7922,-14.5778,-0.2652,0.242,0.085,-1.0,3.515,0.0933,355.95586,59.75463,0.26657206,5.2893705,unclassified
48182,anomaly,3.8493065609977745e-12,4.868296051100054e-13,1.0467396855999345e-12,-11.4146,-12.3126,-11.9802,-0.7755,0.3651,1.223,0.0875,10.161,0.128,88.26249,38.46377,0.26609102,5.2780995,extreme_variable
29225,agn,1.155973120554965e-14,1.488062482937633e-14,2.3655801605546026e-14,-13.9371,-13.8274,-13.6261,0.1256,0.2277,1.922,0.2837,0.212,0.0511,235.39571,-55.84662,0.26598206,5.2755466,unclassified
61824,anomaly,3.8717541425169065e-12,5.462819469992673e-13,5.726445469132401e-13,-11.4121,-12.2626,-12.2421,-0.7527,0.0236,0.158,-0.8008,16.632,0.1375,103.93993,-29.49528,0.2659716,5.2753015,extreme_variable
69915,xrb,1.1831554884558565e-13,6.981035736025458e-13,2.0380682613324e-12,-12.927,-12.1561,-11.6908,0.7102,0.4897,0.068,-1.0,2.219,0.127,56.19256,13.93808,0.26575544,5.2702365,unclassified
58420,xrb,1.3043012493304162e-14,5.597738837965112e-15,3.388379881987732e-15,-13.8846,-14.252,-14.47,-0.3994,-0.2459,0.091,-1.0,2.122,0.173,108.58709,4.91011,0.26561034,5.2668366,unclassified
55489,anomaly,1.2288804632580393e-16,7.34946427284072e-15,3.94998984232071e-13,-15.9105,-14.1337,-12.4034,0.9671,0.9635,0.074,-1.0,0.038,0.0269,297.94091,54.04068,0.2655812,5.266154,ultra_hard
50821,xrb,3.2986010131658877e-16,4.234020247803084e-15,1.0147510671896137e-14,-15.4817,-14.3732,-13.9936,0.8554,0.4112,0.012,-1.0,3.366,0.1852,335.4483,70.79397,0.26514506,5.255935,unclassified
71188,anomaly,8.952229600811912e-12,2.226969191164016e-14,2.6110599930876563e-14,-11.0481,-13.6523,-13.5832,-0.995,0.0794,2.981,0.4743,3.107,0.0329,248.21258,16.59709,0.26512957,5.255572,unclassified
17981,agn,7.314946810424097e-14,3.5227598487023087e-13,4.4377961673899775e-13,-13.1358,-12.4531,-12.3528,0.6561,0.1149,1.843,0.2655,3.98,0.0775,244.78242,-29.26889,0.26488876,5.24993,unclassified
40428,xrb,5.985596766519552e-14,2.9395205235596886e-14,1.005786415307165e-14,-13.2229,-13.5317,-13.9975,-0.3413,-0.4901,0.053,-1.0,3.457,0.102,157.11076,-68.6928,0.26457885,5.242668,unclassified
34875,xrb,1.750373051666267e-14,1.6233223684836368e-14,7.077632178770385e-16,-13.7569,-13.7896,-15.1501,-0.0377,-0.9164,0.844,-0.0735,3.538,0.0945,346.827,-53.48474,0.2645394,5.2417436,unclassified
66578,anomaly,9.00333961383495e-12,1.594743567992773e-12,1.1221094428765113e-11,-11.0456,-11.7973,-10.95,-0.6991,0.7511,14.932,1.1741,12.349,0.0621,285.05409,-49.44225,0.26432902,5.2368145,extended_transient
32105,anomaly,8.399976470898236e-16,4.907434829728537e-13,1.6377377732819868e-12,-15.0757,-12.3091,-11.7858,0.9966,0.5389,0.093,-1.0,2.354,0.1543,196.77075,1.54097,0.26426437,5.2353,ultra_hard
28381,agn,1.5045353823688786e-14,2.0157506096248418e-14,2.4617302927498116e-14,-13.8226,-13.6956,-13.6088,0.1452,0.0996,0.111,-0.9527,3.896,0.0974,91.60379,-26.48611,0.26383877,5.2253275,unclassified
46498,xrb,5.301694163300625e-13,5.136139587079178e-13,3.663378289199124e-14,-12.2756,-12.2894,-13.4361,-0.0159,-0.8668,0.067,-1.0,2.286,0.1085,303.57164,-4.06144,0.26326823,5.21196,unclassified
38102,anomaly,5.440365115469145e-12,1.321296857379009e-14,1.1569167944937706e-14,-11.2644,-13.879,-13.9367,-0.9952,-0.0663,0.693,-0.1592,4.031,0.0338,123.62978,-89.51802,0.2630133,5.2059865,unclassified
55112,anomaly,6.391402076108252e-13,7.299361848731743e-14,7.75272252479747e-14,-12.1944,-13.1367,-13.1105,-0.795,0.0301,0.12,-0.9208,7.216,0.0508,274.82242,-17.24776,0.2629633,5.204815,unclassified
12347,anomaly,8.481050276880657e-12,1.5944518901104344e-13,6.15888384304883e-14,-11.0716,-12.7974,-13.2105,-0.9631,-0.4427,0.532,-0.2737,4.378,0.0609,57.06682,-42.75969,0.2625381,5.1948524,ultra_soft
32873,xrb,2.43865463144299e-14,7.85686326845515e-15,8.829607868198428e-15,-13.6128,-14.1048,-14.0541,-0.5127,0.0583,0.25,-0.602,4.226,0.1041,359.18266,86.65449,0.2623422,5.1902623,unclassified
31182,xrb,1.2365139216267366e-14,7.175754451148807e-15,5.619067457131962e-15,-13.9078,-14.1441,-14.2503,-0.2656,-0.1217,0.037,-1.0,4.962,0.1369,170.07915,-55.12507,0.26226988,5.1885676,unclassified
16858,xrb,4.142414120169808e-15,4.62108018571138e-15,1.376069837762964e-14,-14.3827,-14.3353,-13.8614,0.0546,0.4972,0.54,-0.2675,9.977,0.0191,272.74671,16.14215,0.26220593,5.1870694,extreme_variable
19080,agn,4.238193519848917e-14,9.87205985981703e-14,1.31407830226463e-13,-13.3728,-13.0056,-12.8814,0.3993,0.142,1.856,0.2686,0.339,0.0619,68.41243,-2.79112,0.26219124,5.186725,unclassified
25064,anomaly,2.4487417178032844e-13,3.89665171111891e-16,1.0011877620385507e-15,-12.6111,-15.4093,-14.9995,-0.9968,0.4397,0.511,-0.2916,4.803,0.0331,39.00797,37.03507,0.26180732,5.1777296,unclassified
79650,anomaly,2.1367763728858992e-11,1.099099982763687e-11,5.7150338109764394e-12,-10.6702,-10.959,-11.243,-0.3207,-0.3158,8.765,0.9427,11.646,0.0057,4.77979,-24.22569,0.26172835,5.175879,extreme_variable
37113,xrb,5.284143397118706e-14,7.042393553554835e-14,1.8651949802496897e-13,-13.277,-13.1523,-12.7293,0.1426,0.4518,0.095,-1.0,2.233,0.1766,337.73936,74.1852,0.26145738,5.1695304,unclassified
32732,anomaly,1.2243958395826897e-11,8.268423780106927e-12,1.2436023438879973e-11,-10.9121,-11.0826,-10.9053,-0.1938,0.2013,5.097,0.7073,10.576,0.0706,145.42639,-41.39873,0.2614475,5.1692986,extreme_variable
39882,anomaly,1.6580518295929794e-11,9.63664391168666e-12,7.95761671264186e-12,-10.7804,-11.0161,-11.0992,-0.2649,-0.0954,6.976,0.8436,9.941,0.0891,23.07275,-1.84102,0.26130453,5.165949,extreme_variable
56738,xrb,2.5984942773341945e-14,1.6793059546539507e-14,2.412506462987312e-15,-13.5853,-13.7749,-14.6175,-0.2149,-0.7488,0.032,-1.0,2.321,0.0958,275.31207,43.62086,0.26120758,5.163677,unclassified
41604,agn,1.6939258267223337e-14,4.460535416312998e-13,6.471867874087859e-13,-13.7711,-12.3506,-12.189,0.9268,0.184,1.563,0.1939,0.164,0.0795,98.05525,-22.67299,0.26103327,5.159593,unclassified
58678,agn,2.764210704707976e-16,8.021217042412171e-14,9.949651042316262e-14,-15.5584,-13.0958,-13.0022,0.9931,0.1073,1.997,0.3005,2.419,0.0921,243.55399,2.02909,0.26087153,5.155803,unclassified
6291,anomaly,7.751240473944405e-12,1.1979185834504415e-11,1.1668474287571198e-11,-11.1106,-10.9216,-10.933,0.2143,-0.0131,5.193,0.7154,7.373,0.0057,225.39069,10.49936,0.2607033,5.1518617,super_luminous
36075,agn,3.1866971966208255e-18,1.0634262071092451e-15,1.9067076742475847e-15,-17.4967,-14.9733,-14.7197,0.994,0.2839,0.053,-1.0,3.446,0.0071,165.09909,73.00886,0.2603921,5.14457,unclassified
18099,anomaly,2.0936464114905596e-14,1.127347989208842e-12,7.230119394579058e-12,-13.6791,-11.9479,-11.1409,0.9635,0.7302,0.262,-0.582,0.589,0.1577,247.6574,-24.06788,0.26032332,5.1429586,ultra_hard
2418,anomaly,6.251381733696933e-16,3.5595898406580686e-13,4.743472500673116e-12,-15.204,-12.4486,-11.3239,0.9965,0.8604,1.231,0.0902,0.369,0.0991,329.67017,89.22625,0.26018256,5.1396604,ultra_hard
74926,anomaly,7.486161249492751e-12,1.2259118841050672e-14,1.8470092579308584e-14,-11.1257,-13.9115,-13.7335,-0.9967,0.2021,1.657,0.2194,2.792,0.0037,240.18299,76.2294,0.25990468,5.1331496,unclassified
41616,xrb,4.7782267883842694e-14,1.9816635287264542e-14,8.243381443878502e-15,-13.3207,-13.703,-14.0839,-0.4137,-0.4124,0.166,-0.7811,2.001,0.0942,37.16156,40.16566,0.25988913,5.1327853,unclassified
17274,anomaly,2.109470612703307e-12,5.4805023809093094e-14,4.771824704129803e-17,-11.6758,-13.2612,-16.3213,-0.9494,-0.9983,0.308,-0.5113,1.14,0.0997,233.91171,-18.71833,0.25962436,5.1265817,ultra_soft
57648,agn,2.3872490060417266e-14,2.7646910122168744e-14,5.136725667595428e-14,-13.6221,-13.5584,-13.2893,0.0733,0.3002,0.032,-1.0,3.905,0.0869,334.91866,25.02898,0.2595054,5.123794,unclassified
44815,anomaly,7.138949187271904e-12,1.3070262616411774e-14,5.402836044905518e-14,-11.1464,-13.8837,-13.2674,-0.9963,0.6104,2.05,0.3118,3.123,0.0275,125.42751,41.81619,0.25941366,5.1216445,unclassified
35982,agn,1.1561418114014904e-15,9.494808248602153e-13,1.3664735242371346e-12,-14.937,-12.0225,-11.8644,0.9976,0.1801,1.026,0.011,3.817,0.0993,341.76931,-11.23261,0.25926763,5.118223,unclassified
12734,anomaly,1.478835692375948e-12,3.5176758046813736e-13,4.3795166859119513e-13,-11.8301,-12.4537,-12.3586,-0.6157,0.1091,0.092,-1.0,11.313,0.0331,144.2092,65.00628,0.2589588,5.1109867,extreme_variable
16035,xrb,1.240858493802579e-14,1.9076227089976415e-14,4.9462128552942825e-14,-13.9063,-13.7195,-13.3057,0.2118,0.4433,0.892,-0.0498,4.818,0.0832,240.87946,9.36728,0.2588852,5.1092625,unclassified
72674,anomaly,9.123036561106874e-12,1.7546758712504208e-12,2.4276125822362006e-13,-11.0399,-11.7558,-12.6148,-0.6774,-0.7569,0.099,-1.0,17.372,0.0523,224.36355,73.49706,0.2588508,5.1084566,ultra_soft
38200,anomaly,3.0738874531658186e-12,4.84571491998915e-13,6.506457610124446e-13,-11.5123,-12.3146,-12.1867,-0.7277,0.1463,0.184,-0.7341,17.229,0.1275,353.93599,-11.9842,0.25882125,5.1077642,extreme_variable
22448,anomaly,1.1472114384579963e-11,3.5614484431980694e-12,9.016743493676631e-12,-10.9404,-11.4484,-11.045,-0.5262,0.4337,9.414,0.9738,5.417,0.0372,246.94064,-89.91757,0.25876373,5.106416,super_luminous
62943,agn,3.290380280147383e-14,1.1252443245188578e-12,6.984583367087705e-13,-13.4828,-11.9488,-12.1559,0.9432,-0.234,1.861,0.2697,1.43,0.0841,357.09828,-15.39071,0.2579555,5.0874786,unclassified
46450,agn,8.717825664691973e-15,6.376692606257632e-13,8.410785482865398e-13,-14.0596,-12.1954,-12.0752,0.973,0.1376,1.213,0.0837,0.282,0.0822,175.68736,-70.03519,0.25794187,5.0871596,unclassified
51564,anomaly,6.9033283511285996e-12,1.3151142579599128e-14,2.3311499067712143e-14,-11.1609,-13.881,-13.6324,-0.9962,0.2787,1.358,0.1328,4.311,0.0541,358.74751,-42.21026,0.25767756,5.0809665,unclassified
46070,anomaly,2.9975378484077582e-12,1.8570058268469973e-14,1.3041187279838597e-14,-11.5232,-13.7312,-13.8847,-0.9877,-0.1749,1.327,0.1228,3.89,0.007,50.7393,-22.06645,0.25767383,5.080879,unclassified
73106,anomaly,2.6861572128066188e-14,1.7506211836363023e-14,1.0367195971868486e-12,-13.5709,-13.7568,-11.9843,-0.2109,0.9668,1.816,0.2591,0.741,0.0497,251.69009,-14.68481,0.25754473,5.077854,unclassified
36111,anomaly,1.7729193998317052e-11,3.797191733393068e-12,8.799409518414997e-12,-10.7513,-11.4205,-11.0555,-0.6472,0.3971,19.559,1.2914,12.579,0.0792,358.08172,-10.36179,0.25748238,5.0763936,extended_transient
3905,anomaly,4.12910668227992e-13,1.2339705708193993e-13,4.362879671071775e-15,-12.3841,-12.9087,-14.3602,-0.5398,-0.9317,0.022,-1.0,16.032,0.1212,151.3862,58.09587,0.25731322,5.07243,extreme_variable
405,anomaly,6.14389949769975e-17,2.5780018815431096e-14,4.200546854030588e-13,-16.2116,-13.5887,-12.3767,0.9952,0.8844,1.945,0.289,1.08,0.0956,96.53156,-33.17967,0.25720617,5.069922,ultra_hard
76415,anomaly,3.111606057019905e-13,1.9991190125374682e-13,9.77451059361583e-14,-12.507,-12.6992,-13.0099,-0.2177,-0.3432,0.033,-1.0,16.351,0.0431,211.22937,56.80655,0.25718343,5.069389,extreme_variable
71340,xrb,4.56264473615946e-14,7.264697114669078e-14,1.6037760179230248e-13,-13.3408,-13.1388,-12.7949,0.2285,0.3765,0.058,-1.0,2.756,0.1617,325.65354,-21.55729,0.25717568,5.0692077,unclassified
42728,anomaly,4.1839354434755234e-13,6.759789549186893e-14,3.058348016485135e-14,-12.3784,-13.1701,-13.5145,-0.7218,-0.377,1.639,0.2145,6.35,0.0095,133.48593,-12.84325,0.25710118,5.0674615,ultra_soft
5440,anomaly,1.0803631023805793e-13,1.681075632682652e-14,2.8169790836705532e-14,-12.9664,-13.7744,-13.5502,-0.7307,0.2525,1.699,0.2301,7.931,0.1466,252.72962,0.94586,0.2568672,5.0619793,unclassified
44586,anomaly,2.0751402470218195e-12,1.2834072745137271e-14,1.9879874198611154e-14,-11.683,-13.8916,-13.7016,-0.9877,0.2154,0.077,-1.0,3.266,0.0377,276.2496,-45.97129,0.25683537,5.0612335,unclassified
565,anomaly,2.0809195258768836e-14,1.1975741019885955e-13,6.0763169998954885e-12,-13.6817,-12.9217,-11.2164,0.7039,0.9613,0.175,-0.7559,1.175,0.1427,101.71471,-21.95551,0.25670356,5.058145,ultra_hard
12535,agn,2.1940153933666542e-14,1.6104970128979664e-14,5.042217195476085e-14,-13.6588,-13.793,-13.2974,-0.1534,0.5158,0.0,-1.0,3.95,0.0973,98.27436,5.1284,0.2566099,5.0559506,unclassified
10671,anomaly,1.2478805936264931e-15,7.966208887017409e-13,5.773584652367242e-12,-14.9038,-12.0987,-11.2386,0.9969,0.7575,0.955,-0.0202,0.182,0.1724,245.29449,-15.9682,0.25643843,5.0519333,ultra_hard
12581,anomaly,9.59425854466656e-13,1.3657840328894568e-15,2.4108970937053162e-17,-12.018,-14.8646,-16.6178,-0.9972,-0.9653,0.137,-0.8618,2.493,0.0593,216.44879,26.6631,0.25619617,5.046257,ultra_soft
36751,agn,3.779863900597648e-17,6.564273717408357e-14,1.7090411532423847e-13,-16.4225,-13.1828,-12.7672,0.9988,0.445,1.903,0.2794,0.939,0.0978,102.0927,58.58987,0.25534013,5.0261993,heavily_absorbed
46185,anomaly,6.777074657543821e-12,2.7626963565288298e-12,1.0982329819720748e-13,-11.169,-11.5587,-12.9593,-0.4208,-0.9235,0.056,-1.0,14.119,0.1121,35.80854,-12.28215,0.25511616,5.0209517,extreme_variable
33606,anomaly,8.645420837059516e-12,5.9906590151727e-14,4.634754725522119e-14,-11.0632,-13.2225,-13.334,-0.9862,-0.1276,1.222,0.0869,3.983,0.0634,335.86056,-35.20645,0.2550901,5.0203404,unclassified
54962,anomaly,1.3882872555928589e-12,2.953555773344671e-13,1.4503282242400998e-13,-11.8575,-12.5297,-12.8385,-0.6491,-0.3413,0.023,-1.0,14.818,0.1106,32.14033,26.54662,0.25498673,5.017919,ultra_soft
28068,anomaly,6.3310816189403e-17,5.504677224834401e-15,3.539304850784555e-13,-16.1985,-14.2593,-12.4511,0.9773,0.9694,1.854,0.2682,0.304,0.0783,206.11782,80.16304,0.25452992,5.0072155,ultra_hard
76716,anomaly,7.660426299741766e-12,7.706090046852391e-15,4.919430233443176e-15,-11.1157,-14.1132,-14.3081,-0.998,-0.2207,2.051,0.3119,3.752,0.0211,231.0338,26.09452,0.25452334,5.0070615,unclassified
14029,anomaly,2.369681774463167e-12,8.443093405941061e-15,1.0556938197453546e-16,-11.6253,-14.0735,-15.9765,-0.9929,-0.9753,0.061,-1.0,2.845,0.0432,118.32762,-8.85396,0.25424397,5.0005155,ultra_soft
72844,xrb,1.6892876146160102e-14,1.4941481064401045e-14,6.634845600188917e-16,-13.7723,-13.8256,-15.1782,-0.0613,-0.915,0.565,-0.2478,3.847,0.078,64.79696,50.88741,0.25403368,4.9955883,unclassified
53080,agn,2.8904142085010536e-14,1.5938785108067678e-14,3.2880014007402114e-14,-13.539,-13.7975,-13.4831,-0.2891,0.347,0.177,-0.7522,3.514,0.098,111.65331,-77.4608,0.25389206,4.99227,unclassified
29179,anomaly,5.933104789407836e-13,7.1719185865463035e-16,4.4260239516645394e-16,-12.2267,-15.1444,-15.354,-0.9976,-0.2368,1.913,0.2818,4.152,0.0122,261.73617,37.60268,0.25383633,4.9909644,unclassified
2594,agn,1.1988912901791096e-13,1.065250087026741e-12,9.453487207883841e-13,-12.9212,-11.9725,-12.0244,0.7977,-0.0596,1.442,0.159,1.686,0.0742,62.29933,56.08261,0.25353447,4.9838915,unclassified
29792,xrb,4.0810860531806655e-14,7.300663442294275e-13,8.29136027047016e-13,-13.3892,-12.1366,-12.0814,0.8941,0.0635,0.024,-1.0,2.638,0.1267,7.76701,-61.57786,0.2533637,4.9798903,unclassified
18564,anomaly,2.2020850265241297e-13,7.146233253410204e-16,2.3076242301330046e-18,-12.6572,-15.1459,-17.6368,-0.9935,-0.9935,0.025,-1.0,2.945,0.0521,197.54599,-5.78229,0.25314468,4.9747586,ultra_soft
59851,xrb,3.5435196123187735e-15,6.882602791207405e-15,1.8645287696048445e-14,-14.4506,-14.1622,-13.7294,0.3203,0.4608,0.11,-0.9596,3.096,0.2225,67.11661,16.81599,0.25290066,4.969041,unclassified
50893,anomaly,8.194343696271363e-16,1.1317736809102507e-12,4.637296940576304e-12,-15.0865,-11.9462,-11.3337,0.9986,0.6076,0.997,-0.0011,0.294,0.1955,136.59618,42.49267,0.2528888,4.968763,ultra_hard
20878,agn,5.244369256064528e-13,7.161983066839809e-13,1.1850346746806062e-12,-12.2803,-12.145,-11.9263,0.1546,0.2466,1.79,0.253,3.582,0.0723,60.20053,65.82577,0.252805,4.9667993,unclassified
24746,agn,5.4463996195577894e-14,9.994559256181378e-14,1.4631066918391358e-13,-13.2639,-13.0002,-12.8347,0.2946,0.1883,1.782,0.2508,2.995,0.063,88.05463,-51.63179,0.25274414,4.9653735,unclassified
24936,agn,4.0998450789803285e-15,6.161461984392721e-15,1.106018700303884e-14,-14.3872,-14.2103,-13.9562,0.2009,0.2845,0.063,-1.0,3.97,0.0945,259.58504,63.89952,0.25247145,4.9589844,unclassified
23540,xrb,1.9995883938313715e-13,8.829848876889303e-14,8.028796792123508e-14,-12.6991,-13.054,-13.0953,-0.3874,-0.0475,0.949,-0.0229,4.368,0.0272,306.91255,3.16887,0.2524323,4.9580665,unclassified
11493,agn,2.989113771158189e-15,1.6631254654710617e-15,1.7615613057117031e-15,-14.5245,-14.7791,-14.7541,-0.285,0.0287,0.244,-0.6133,0.879,0.0921,76.33924,4.57428,0.25223103,4.953351,unclassified
26826,anomaly,8.72771938098092e-14,8.201095716306114e-14,3.483961127369046e-13,-13.0591,-13.0861,-12.4579,-0.0311,0.6189,5.585,0.747,11.349,0.0113,25.79125,-74.40814,0.25197572,4.947369,extreme_variable
22302,agn,1.2080210907128545e-13,3.3553140046536976e-13,6.497579409205306e-13,-12.9179,-12.4743,-12.1872,0.4706,0.3189,1.91,0.2809,1.047,0.0697,176.38887,-37.2356,0.25146005,4.9352865,unclassified
41309,anomaly,5.974894322160795e-13,5.884072378212293e-13,1.7692391130967385e-14,-12.2237,-12.2303,-13.7522,-0.0077,-0.9416,0.007,-1.0,11.09,0.1099,66.29626,-75.28483,0.25144237,4.934872,extreme_variable
51199,anomaly,1.1108141969240302e-15,1.5668458137344498e-13,2.173540979202069e-12,-14.9544,-12.805,-11.6628,0.9859,0.8655,0.165,-0.7825,0.242,0.1905,241.85282,18.98423,0.25134873,4.932678,ultra_hard
16698,anomaly,2.1762767582890564e-12,2.2220550713160088e-13,5.322231628725666e-13,-11.6623,-12.6532,-12.2739,-0.8147,0.4109,1.847,0.2665,14.937,0.0941,209.51781,59.27387,0.25130942,4.9317575,extreme_variable
75337,anomaly,9.497653702353144e-15,1.0871933072001474e-12,3.775604611861483e-12,-14.0224,-11.9637,-11.423,0.9827,0.5529,1.912,0.2816,0.238,0.1862,110.04333,81.80722,0.25112376,4.927407,ultra_hard
71602,anomaly,3.466114114133792e-12,3.661358262371551e-15,2.9589818249316187e-15,-11.4602,-14.4364,-14.5289,-0.9979,-0.1061,2.324,0.3662,2.033,0.1394,14.15579,34.85431,0.2511064,4.9270005,unclassified
65889,anomaly,1.1417434571760522e-11,2.544064519335235e-12,5.016768052139978e-12,-10.9424,-11.5945,-11.2996,-0.6356,0.327,6.655,0.8231,13.157,0.0494,254.06644,-27.85481,0.2509762,4.9239497,extreme_variable
24926,xrb,5.657001903562698e-13,4.19743646035662e-13,2.6932817700752563e-14,-12.2474,-12.377,-13.5697,-0.1481,-0.8794,0.059,-1.0,2.008,0.0992,179.38691,26.9632,0.2509354,4.9229937,unclassified
21520,anomaly,1.734493814725265e-12,2.3121580086531594e-13,4.99555176920926e-13,-11.7608,-12.636,-12.3014,-0.7648,0.3672,1.488,0.1727,11.879,0.1177,2.08232,-19.36589,0.2509309,4.9228883,extreme_variable
9093,anomaly,6.500954207389363e-17,1.2741405273538842e-14,2.8915385646448443e-13,-16.187,-13.8948,-12.5389,0.9898,0.9156,0.051,-1.0,0.231,0.0196,17.02218,23.93396,0.25068623,4.9171553,ultra_hard
16509,anomaly,2.5523832741443037e-15,1.850615629658792e-15,1.256934826026374e-13,-14.5931,-14.7327,-12.9007,-0.1594,0.971,0.605,-0.2182,0.6,0.011,117.03576,-14.18376,0.25037247,4.909804,unclassified
7676,xrb,5.925470120540381e-15,1.1729810694384724e-14,1.9423656728894282e-14,-14.2273,-13.9307,-13.7117,0.3288,0.247,0.061,-1.0,4.904,0.0255,87.09931,-53.23633,0.25000882,4.9012833,unclassified
31626,anomaly,8.707722611850749e-16,7.94456284414844e-13,6.056833911295072e-12,-15.0601,-12.0999,-11.2178,0.9978,0.7681,1.582,0.1992,0.454,0.176,5.7005,18.1105,0.24999301,4.900913,ultra_hard
63214,xrb,3.2693183831122605e-15,8.745183175955834e-15,2.2495378917154078e-14,-14.4855,-14.0582,-13.6479,0.4558,0.4401,0.395,-0.4039,4.802,0.063,280.64633,15.12398,0.24980412,4.896487,unclassified
79783,anomaly,9.7297929738939e-12,1.8743334804493826e-13,7.8330096052192295e-16,-11.0119,-12.7272,-15.1061,-0.9622,-0.9917,2.943,0.4688,1.472,0.0193,190.08521,-3.52593,0.24960425,4.891804,ultra_soft
13347,anomaly,5.107015713885668e-13,1.2477357812028077e-13,6.370507591829754e-14,-12.2918,-12.9039,-13.1958,-0.6073,-0.324,0.02,-1.0,17.193,0.0859,152.21947,50.76872,0.24944927,4.8881726,ultra_soft
73573,xrb,1.0474929183365648e-14,4.0347380491820894e-15,2.1039370253191437e-15,-13.9798,-14.3942,-14.677,-0.4439,-0.3145,0.317,-0.4987,4.83,0.0187,103.02556,-12.93356,0.24916652,4.8815475,unclassified
30979,anomaly,1.254915660202632e-12,1.808006416672813e-15,5.681032279231282e-15,-11.9014,-14.7428,-14.2456,-0.9971,0.5172,0.175,-0.7569,2.755,0.04,99.67032,11.89868,0.24909374,4.8798423,unclassified
54658,anomaly,2.1875636385061225e-13,2.1341581259967063e-15,9.290119518848934e-17,-12.66,-14.6708,-16.032,-0.9807,-0.9166,0.244,-0.6122,3.574,0.1282,338.17074,-47.42039,0.24886772,4.8745465,ultra_soft
2624,anomaly,7.574356529305011e-13,1.7388530996913728e-14,2.8744509457429585e-15,-12.1207,-13.7597,-14.5414,-0.9551,-0.7163,0.173,-0.763,3.473,0.0654,21.91708,25.43606,0.2487093,4.870835,ultra_soft
4533,xrb,1.0655867775711921e-13,4.7721894430100544e-14,2.5404492378732824e-14,-12.9724,-13.3213,-13.5951,-0.3814,-0.3052,0.1,-1.0,3.324,0.1237,64.11054,64.50303,0.2486873,4.8703194,unclassified
31154,agn,1.861286804742335e-14,1.8660515191482863e-14,4.8006244851837536e-14,-13.7302,-13.7291,-13.3187,0.0013,0.4402,1.787,0.2522,3.99,0.0511,235.58497,51.40984,0.24854192,4.866913,unclassified
70134,anomaly,5.9619390641815425e-12,2.7999155617173986e-14,5.4259181230723694e-15,-11.2246,-13.5529,-14.2655,-0.9907,-0.6753,0.293,-0.5326,1.6,0.0802,345.54156,-59.40495,0.24852198,4.8664455,ultra_soft
73094,anomaly,2.499882598158042e-12,2.5967133990253736e-13,7.271132871233933e-13,-11.6021,-12.5856,-12.1384,-0.8118,0.4737,0.869,-0.0611,13.075,0.111,218.8452,-9.24127,0.2483738,4.8629737,extreme_variable
73864,anomaly,6.24974439265976e-14,1.126086019231449e-13,1.3486116884152666e-13,-13.2041,-12.9484,-12.8701,0.2862,0.0899,26.203,1.4183,9.185,0.0018,135.55733,-43.94686,0.24824736,4.860011,extended_transient
23237,anomaly,1.1776939450609382e-15,4.970740124456819e-13,2.7257526201413253e-12,-14.929,-12.3036,-11.5645,0.9953,0.6915,0.04,-1.0,2.632,0.0024,65.29834,62.59732,0.24819589,4.858805,ultra_hard
33541,agn,1.9502558117757248e-16,1.355115436614822e-13,1.6354385480341258e-13,-15.7099,-12.868,-12.7864,0.9971,0.0937,1.423,0.1531,3.568,0.0906,205.51447,-86.92328,0.24794367,4.8528953,unclassified
36358,anomaly,2.0896497684081804e-15,2.88085697693617e-13,3.690516145560168e-12,-14.6799,-12.5405,-11.4329,0.9856,0.8552,0.211,-0.6764,0.527,0.1768,344.90175,-64.30727,0.24793544,4.8527026,ultra_hard
13502,xrb,8.229020892210958e-14,3.916126644391169e-14,3.758686386186543e-14,-13.0847,-13.4071,-13.425,-0.3551,-0.0205,0.059,-1.0,9.888,0.1064,148.1097,-50.53506,0.24791983,4.852337,extreme_variable
5062,xrb,8.814932345932393e-16,9.110870993489086e-15,2.0544348022934922e-14,-15.0548,-14.0404,-13.6873,0.8236,0.3855,0.954,-0.0202,5.062,0.052,270.12461,76.64127,0.24791366,4.8521924,unclassified
49001,anomaly,5.15217030177989e-12,7.32967887314027e-14,1.1313538073151171e-14,-11.288,-13.1349,-13.9464,-0.9719,-0.7326,2.323,0.366,3.53,0.0119,32.33977,-18.07931,0.24773946,4.8481107,ultra_soft
28378,anomaly,9.468352986933821e-12,1.6163031515642388e-12,2.8150303519054168e-12,-11.0237,-11.7915,-11.5505,-0.7084,0.2705,0.191,-0.719,11.515,0.1457,32.65486,-15.72959,0.24769889,4.84716,extreme_variable
53766,xrb,2.1536963587074034e-14,1.5550217605356305e-14,1.1191020914776688e-15,-13.6668,-13.8083,-14.9511,-0.1614,-0.8657,0.221,-0.6552,2.626,0.088,341.48377,-12.81388,0.24732403,4.838377,unclassified
31237,anomaly,8.545879548956777e-12,5.011703397757044e-14,2.7933105579947478e-14,-11.0682,-13.3,-13.5539,-0.9883,-0.2842,0.668,-0.1751,2.901,0.1489,315.0658,-15.56475,0.24724971,4.8366356,unclassified
47018,anomaly,5.705445115673155e-13,9.488464245138037e-14,7.008531339547575e-14,-12.2437,-13.0228,-13.1544,-0.7148,-0.1503,0.105,-0.9781,6.24,0.0919,115.3106,26.32271,0.24722782,4.8361225,unclassified
64372,anomaly,5.497885720823529e-16,5.999279937300272e-15,3.436262066575714e-13,-15.2598,-14.2219,-12.4639,0.8321,0.9657,0.084,-1.0,1.792,0.182,177.79555,-81.96823,0.24721146,4.835739,ultra_hard
35061,anomaly,9.135361946548451e-12,2.7082243524804456e-14,2.0808807480081474e-15,-11.0393,-13.5673,-14.6818,-0.9941,-0.8573,2.16,0.3345,1.022,0.0069,94.47852,41.12914,0.24720073,4.835488,ultra_soft
57913,anomaly,3.057841011243758e-12,3.48215811788764e-15,1.6360548926918718e-15,-11.5146,-14.4582,-14.7862,-0.9977,-0.3607,2.104,0.3231,2.796,0.0069,348.46467,28.44998,0.24702203,4.8313007,ultra_soft
33994,xrb,4.024380801332731e-14,3.2988655125416605e-14,1.6545742285237597e-14,-13.3953,-13.4816,-13.7813,-0.0991,-0.3319,0.117,-0.933,3.703,0.1127,351.5956,-88.18652,0.24689929,4.828425,unclassified
19981,anomaly,4.964194276554966e-12,1.1986291531053061e-14,2.2799966066340534e-14,-11.3042,-13.9213,-13.6421,-0.9952,0.3109,2.198,0.342,3.755,0.0234,225.37505,56.10385,0.24666162,4.8228564,unclassified
62145,anomaly,7.605944970080199e-12,1.5924579247430233e-14,5.992489980130962e-14,-11.1188,-13.7979,-13.2224,-0.9958,0.5801,2.857,0.4559,2.51,0.0561,284.12198,-50.04641,0.24663424,4.8222146,unclassified
52966,agn,6.086691817271697e-18,1.3707925226267219e-15,2.3573449937605584e-15,-17.2156,-14.863,-14.6276,0.9912,0.2646,0.084,-1.0,2.949,0.0009,174.6799,-14.23253,0.24660937,4.821632,unclassified
19905,xrb,3.0466380074353364e-12,2.80916769881922e-12,4.959472985908513e-13,-11.5162,-11.5514,-12.3046,-0.0406,-0.6999,0.08,-1.0,2.044,0.1013,158.60498,71.16129,0.24641733,4.8171325,unclassified
48773,xrb,2.609595600619732e-13,1.9519835886412528e-13,1.2114785368524027e-13,-12.5834,-12.7095,-12.9167,-0.1442,-0.2341,0.112,-0.9495,2.27,0.0946,98.11415,-54.72963,0.24635348,4.815636,unclassified
17347,anomaly,4.036471817587698e-16,3.427318829846508e-13,3.4956812250386446e-12,-15.394,-12.465,-11.4565,0.9976,0.8214,0.059,-1.0,0.675,0.192,226.25898,-89.19685,0.2463436,4.815405,ultra_hard
69527,anomaly,2.105205163211095e-12,1.095858223982638e-14,1.0952642817302627e-14,-11.6767,-13.9602,-13.9605,-0.9896,-0.0003,1.203,0.0802,4.847,0.1389,116.31171,18.83788,0.24570817,4.800516,unclassified
37952,anomaly,9.031600957049341e-13,2.6071113761799778e-15,1.3895969199371036e-15,-12.0442,-14.5838,-14.8571,-0.9942,-0.3046,0.934,-0.0297,4.246,0.0003,29.88939,71.82048,0.24544844,4.7944307,ultra_soft
55133,anomaly,5.424654225236987e-12,3.753667775522673e-12,9.751991004209901e-13,-11.2656,-11.4255,-12.0109,-0.1821,-0.5876,0.078,-1.0,12.999,0.0161,85.5836,-83.41461,0.245266,4.790156,extreme_variable
26699,anomaly,5.4660197871124635e-12,4.366957533043508e-12,1.5729967014216088e-11,-11.2623,-11.3598,-10.8033,-0.1118,0.5654,6.893,0.8384,10.537,0.0162,339.64983,-75.9643,0.24519655,4.788529,extreme_variable
32524,agn,6.034147511338892e-16,4.148350611530096e-13,9.698201289518954e-13,-15.2194,-12.3821,-12.0133,0.9971,0.4008,1.347,0.1295,0.643,0.0959,170.4671,80.58111,0.24490972,4.781808,heavily_absorbed
14853,anomaly,7.447937949208549e-16,7.987998467738876e-14,4.2623444036226023e-13,-15.128,-13.0976,-12.3704,0.9815,0.6843,1.773,0.2488,2.386,0.0917,299.58725,86.53343,0.24471486,4.777242,ultra_hard
55799,agn,8.756869887582077e-14,1.7197044395394743e-13,2.1807738951132427e-13,-13.0577,-12.7645,-12.6614,0.3252,0.1182,1.905,0.2799,2.934,0.0669,235.05963,7.93055,0.24449728,4.7721443,unclassified
11299,xrb,1.22975467441875e-13,1.9407146611757186e-12,2.808184572849032e-12,-12.9102,-11.712,-11.5516,0.8808,0.1827,0.002,-1.0,2.443,0.1477,64.26524,36.62471,0.2443864,4.7695465,unclassified
34699,agn,3.620431229776834e-14,2.1200562977564947e-14,3.025105828544203e-14,-13.4412,-13.6737,-13.5193,-0.2614,0.1759,0.125,-0.9046,3.614,0.0872,27.23965,1.4491,0.24434805,4.7686477,unclassified
37543,anomaly,5.1102872539004276e-14,2.3149744804385767e-13,6.29774540300171e-14,-13.2916,-12.6355,-13.2008,0.6383,-0.5723,15.351,1.1861,12.82,0.0542,229.55396,59.27186,0.24432415,4.768088,extended_transient
7230,anomaly,3.90064299818573e-15,3.2527270303333975e-15,1.350711222702027e-13,-14.4089,-14.4878,-12.8694,-0.0906,0.953,0.163,-0.7869,0.113,0.0303,34.69925,35.38112,0.24417385,4.7645664,unclassified
8982,anomaly,1.034375301168936e-13,3.6277849310360853e-16,9.695310996975732e-16,-12.9853,-15.4404,-15.0134,-0.993,0.4554,1.229,0.0894,4.572,0.0024,196.89055,88.68691,0.24404652,4.761583,unclassified
3349,xrb,2.1068417482073487e-12,7.759699300480699e-13,9.50600904537156e-13,-11.6764,-12.1102,-12.022,-0.4617,0.1011,0.081,-1.0,7.762,0.1081,347.93247,-89.30763,0.24393389,4.7589436,unclassified
19125,anomaly,2.4342399915364996e-16,1.2340283587970206e-14,1.1914102003498305e-12,-15.6136,-13.9087,-11.9239,0.9613,0.9795,1.722,0.236,2.538,0.086,286.52778,-20.45077,0.2437573,4.754806,ultra_hard
15975,anomaly,1.1883198293998782e-14,1.4143958746218722e-13,8.91340032986336e-12,-13.9251,-12.8494,-11.05,0.845,0.9688,0.185,-0.7321,0.664,0.0126,152.32265,-80.08965,0.24335325,4.745339,ultra_hard
70151,agn,1.1636604973668467e-13,1.1983816801031848e-13,2.2655213148855265e-13,-12.9342,-12.9214,-12.6448,0.0147,0.3081,1.568,0.1954,3.978,0.0577,265.42366,89.16903,0.24332528,4.7446837,unclassified
13436,anomaly,3.7982706371131045e-12,1.4698541198750066e-14,1.3453967561585599e-14,-11.4204,-13.8327,-13.8711,-0.9923,-0.0442,2.951,0.4699,1.419,0.0075,246.79524,22.54447,0.24314703,4.740507,unclassified
23108,anomaly,8.582132716732461e-12,4.642090485445185e-14,1.6614550360833893e-15,-11.0664,-13.3333,-14.7795,-0.9892,-0.9309,0.652,-0.1861,1.914,0.004,73.28231,-66.54263,0.24313428,4.740208,ultra_soft
48427,xrb,4.09876539379249e-15,1.4221682765224018e-14,1.7672684844684144e-14,-14.3873,-13.847,-13.7527,0.5525,0.1082,0.626,-0.2035,4.909,0.0172,15.82589,-50.87272,0.24302791,4.737716,unclassified
55334,anomaly,1.1208829774248995e-15,9.934683157228202e-14,4.297389684713673e-12,-14.9504,-13.0028,-11.3668,0.9777,0.9548,1.597,0.2034,2.684,0.0968,66.91702,32.31785,0.2430006,4.7370763,ultra_hard
25576,agn,6.918417851032422e-17,6.682502132696322e-14,1.3991312066507146e-13,-16.16,-13.1751,-12.8541,0.9979,0.3535,0.078,-1.0,3.733,0.0094,352.13605,15.57064,0.24296807,4.736314,heavily_absorbed
12677,anomaly,2.179599435586891e-12,4.5902591983037044e-15,6.528990456584429e-15,-11.6616,-14.3382,-14.1852,-0.9958,0.1744,2.235,0.3494,3.52,0.148,344.09184,71.7091,0.24269299,4.729869,unclassified
4811,anomaly,7.067964183318006e-12,7.982827663696166e-14,3.406093226420605e-14,-11.1507,-13.0978,-13.4677,-0.9777,-0.4019,1.877,0.2734,4.24,0.0454,234.41717,-19.36742,0.24263868,4.728596,ultra_soft
38864,anomaly,9.930218754309554e-10,6.951153128016688e-10,2.979065626292866e-10,-9.003,-9.1579,-9.5259,-0.1765,-0.4,0.929,-0.0321,3.973,0.2411,284.69159,53.01046,0.24261762,4.7281027,super_luminous
35046,agn,3.0050073397393413e-13,1.336206391965088e-12,8.447464161220206e-13,-12.5222,-11.8741,-12.0733,0.6328,-0.2253,0.112,-0.9512,0.37,0.0035,187.63661,70.86955,0.24257505,4.727105,unclassified
50279,xrb,1.6582450612120155e-14,2.824939785115412e-13,3.296034777884538e-13,-13.7804,-12.549,-12.482,0.8891,0.077,0.075,-1.0,2.04,0.1492,305.68514,-72.32837,0.24249884,4.72532,unclassified
27222,anomaly,5.471391895493737e-12,1.1867859651604713e-12,6.257088746084659e-14,-11.2619,-11.9256,-13.2036,-0.6435,-0.8998,0.007,-1.0,11.878,0.0083,194.04445,30.05865,0.2421504,4.7171555,ultra_soft
23258,anomaly,4.290013290797592e-12,4.847794842676522e-13,1.2827437567063438e-12,-11.3675,-12.3145,-11.8919,-0.7969,0.4515,1.198,0.0785,15.007,0.0688,191.06213,-39.68271,0.24202925,4.714317,extreme_variable
15889,xrb,1.054483479866309e-14,6.426897791123451e-15,4.595231635888781e-16,-13.977,-14.192,-15.3377,-0.2426,-0.8665,0.242,-0.6154,2.375,0.1375,260.3389,51.63091,0.24200232,4.713686,unclassified
18461,anomaly,8.964631193495084e-12,1.595654181032092e-13,4.6640292936985635e-14,-11.0475,-12.7971,-13.3312,-0.965,-0.5476,2.137,0.3299,1.063,0.0383,302.09826,69.10062,0.24199349,4.713479,ultra_soft
79144,xrb,4.4109053888674276e-16,4.8436795361470005e-15,1.3818433460257592e-14,-15.3555,-14.3148,-13.8595,0.8331,0.4809,0.184,-0.7343,4.479,0.0598,26.6202,-5.2415,0.24171,4.7068367,unclassified
29012,anomaly,7.800825584204387e-12,2.15349603944949e-14,2.432099906980955e-16,-11.1079,-13.6669,-15.614,-0.9945,-0.9777,0.693,-0.1594,1.077,0.006,88.15339,-17.30582,0.2416381,4.705152,ultra_soft
10152,xrb,4.745334717096874e-13,1.9700922328184552e-13,1.596615755302916e-13,-12.3237,-12.7055,-12.7968,-0.4133,-0.1047,0.006,-1.0,3.272,0.1109,82.67246,58.69708,0.24147126,4.701243,unclassified
35123,xrb,1.233550968645769e-15,9.011998988031501e-15,1.7313605825710932e-14,-14.9088,-14.0452,-13.7616,0.7592,0.3153,0.188,-0.7249,4.356,0.0295,272.47682,19.91102,0.24141714,4.6999745,unclassified
71581,anomaly,1.003672450997943e-12,3.891673030575439e-15,1.934064624707839e-15,-11.9984,-14.4099,-14.7135,-0.9923,-0.336,0.371,-0.4301,2.039,0.018,359.25216,28.58291,0.2413566,4.698556,ultra_soft
33770,anomaly,5.125459135953556e-13,1.2277639404237608e-13,6.522033690875045e-14,-12.2903,-12.9109,-13.1856,-0.6135,-0.3062,0.051,-1.0,13.786,0.1036,284.70451,-73.22618,0.2413519,4.6984463,ultra_soft
69342,anomaly,4.95832243279369e-12,2.4636129922798048e-14,1.2497280644299812e-14,-11.3047,-13.6084,-13.9032,-0.9901,-0.3269,0.106,-0.9727,1.497,0.0532,224.84909,14.20718,0.2412839,4.6968527,ultra_soft
47045,agn,5.678992101002299e-14,9.44071813299524e-13,1.5355068768203668e-12,-13.2457,-12.025,-11.8137,0.8865,0.2385,0.068,-1.0,0.078,0.0087,322.1971,48.02809,0.24105042,4.6913824,unclassified
31356,agn,1.004518275131843e-15,1.3941786490248042e-15,1.6919162722800308e-15,-14.998,-14.8557,-14.7716,0.1624,0.0965,0.069,-1.0,0.245,0.0953,321.82318,-39.70387,0.24101914,4.6906495,unclassified
50150,xrb,1.924582866428474e-15,4.589289939036745e-15,1.0881414089276732e-14,-14.7157,-14.3383,-13.9633,0.4091,0.4067,0.708,-0.1498,4.962,0.0633,108.33958,-40.23274,0.2408959,4.687762,unclassified
36187,xrb,1.353340653511792e-14,5.129551488902636e-15,6.3304027377701e-15,-13.8686,-14.2899,-14.1986,-0.4503,0.1048,0.606,-0.2177,4.989,0.0802,58.19157,38.01119,0.24074268,4.6841717,unclassified
21309,anomaly,2.4979383768837132e-12,4.761487572553074e-15,8.160567307187417e-16,-11.6024,-14.3223,-15.0883,-0.9962,-0.7074,0.19,-0.7221,3.428,0.1106,33.87071,71.44707,0.24064395,4.6818585,ultra_soft
71122,anomaly,8.462163292675757e-17,1.6911607551398586e-15,1.5623763660448538e-13,-16.0725,-14.7718,-12.8062,0.9047,0.9786,1.779,0.2501,0.679,0.0831,218.40732,-20.63045,0.24057832,4.6803207,ultra_hard
14019,anomaly,1.482308396565703e-13,2.27093144016444e-14,4.397136581515955e-14,-12.8291,-13.6438,-13.3568,-0.7343,0.3189,1.487,0.1725,12.128,0.1429,216.59087,83.29434,0.24055609,4.6798,extreme_variable
74284,agn,5.08999408080239e-14,2.0873915987135438e-14,6.781791831982907e-14,-13.2933,-13.6804,-13.1687,-0.4183,0.5293,1.87,0.2718,3.06,0.0425,111.87905,36.61349,0.2405341,4.6792846,unclassified
48443,anomaly,2.296134004159483e-16,9.958730524677264e-15,2.897808162063101e-13,-15.639,-14.0018,-12.5379,0.9549,0.9336,0.159,-0.7991,0.274,0.0114,18.31807,-12.7599,0.24036068,4.675221,ultra_hard
31269,anomaly,1.793616830220069e-14,8.904002358865829e-15,7.824459862516944e-13,-13.7463,-14.0504,-12.1065,-0.3365,0.9775,0.927,-0.0328,1.045,0.0092,248.79111,19.12626,0.24000725,4.66694,unclassified
71853,anomaly,4.689725362015841e-12,1.4286963235608216e-13,3.726334753590538e-14,-11.3289,-12.8451,-13.4287,-0.9409,-0.5863,1.951,0.2902,3.82,0.1018,303.8921,29.31099,0.23996198,4.6658792,ultra_soft
28224,agn,9.773504399172999e-14,9.37303194891575e-13,1.0681144774586687e-12,-13.0099,-12.0281,-11.9714,0.8111,0.0652,1.595,0.2029,0.892,0.0746,272.46727,-37.67295,0.23978914,4.66183,unclassified
62849,anomaly,2.0289693108354497e-13,2.7883091071427602e-14,2.2877550668378102e-14,-12.6927,-13.5547,-13.6406,-0.7584,-0.0986,1.52,0.1818,7.431,0.0365,334.22034,48.47714,0.2394444,4.6537523,unclassified
69068,anomaly,5.19445384672186e-12,1.5025370796967947e-13,1.2777528647016897e-14,-11.2845,-12.8232,-13.8936,-0.9438,-0.8433,0.277,-0.5577,2.624,0.1302,73.86752,-38.45163,0.23940296,4.6527815,ultra_soft
36524,anomaly,6.581148637868991e-16,5.939849597374047e-14,4.296421679148579e-13,-15.1817,-13.2262,-12.3669,0.9781,0.7571,0.034,-1.0,0.077,0.0105,304.25924,47.18171,0.2391465,4.6467724,ultra_hard
6512,agn,7.639835396220742e-15,4.271393233164368e-14,7.627486155392499e-14,-14.1169,-13.3694,-13.1176,0.6966,0.2821,1.965,0.2933,2.811,0.0705,318.5984,23.54162,0.23906365,4.644831,unclassified
22327,anomaly,8.210322726122353e-12,1.0427907670504712e-14,6.811017354370443e-14,-11.0856,-13.9818,-13.1668,-0.9975,0.7344,1.201,0.0796,3.106,0.0718,348.41697,-58.62512,0.23892407,4.6415606,unclassified
25343,anomaly,8.235697491637341e-12,1.1904359030164231e-12,6.347095160914718e-13,-11.0843,-11.9243,-12.1974,-0.7474,-0.3045,1.901,0.2789,5.702,0.1496,190.87508,42.36438,0.23870501,4.636428,ultra_soft
14203,anomaly,3.824418375217879e-12,7.635882760042752e-14,2.6287399071791545e-14,-11.4174,-13.1171,-13.5803,-0.9608,-0.4878,1.872,0.2723,4.551,0.0595,73.65995,41.96371,0.23864792,4.6350904,ultra_soft
79569,xrb,5.421182077831286e-13,2.9144795824112316e-13,1.764240170136934e-14,-12.2659,-12.5354,-13.7534,-0.3007,-0.8858,0.068,-1.0,2.216,0.0956,185.11475,17.66208,0.23860718,4.6341357,unclassified
27211,xrb,6.297679560601787e-16,4.702764943293591e-15,1.347837795468953e-14,-15.2008,-14.3276,-13.8704,0.7638,0.4827,0.163,-0.7883,4.425,0.0652,139.75015,48.87176,0.23859951,4.633956,unclassified
79894,anomaly,2.388695001427371e-13,1.675019299201211e-15,1.3238854509448543e-17,-12.6218,-14.776,-16.8781,-0.9861,-0.9843,0.064,-1.0,4.113,0.0842,92.27187,38.55443,0.23850259,4.6316853,ultra_soft
62654,agn,1.0800371520362571e-16,1.273525339246803e-13,1.8160495738346325e-13,-15.9666,-12.895,-12.7409,0.9983,0.1756,0.057,-1.0,3.678,0.0076,179.35309,-64.75623,0.23831365,4.627258,unclassified
9109,xrb,1.1268165889831444e-13,1.3969729012608352e-12,3.1713817812843847e-12,-12.9481,-11.8548,-11.4988,0.8507,0.3884,0.019,-1.0,2.605,0.1411,226.98693,-17.01551,0.23822483,4.625177,unclassified
67162,anomaly,1.616104730310252e-16,4.12178967460988e-14,2.312976517346983e-13,-15.7915,-13.3849,-12.6358,0.9922,0.6975,0.065,-1.0,0.636,0.1493,281.00866,-21.42741,0.23820665,4.624751,ultra_hard
4078,anomaly,3.064814935658716e-12,7.713184240716112e-14,8.047955244609207e-17,-11.5136,-13.1128,-16.0943,-0.9509,-0.9979,0.328,-0.4845,1.768,0.0323,307.20501,4.04871,0.23819576,4.624496,ultra_soft
11219,anomaly,3.158390936345436e-13,3.221669108512886e-14,7.426613885672823e-14,-12.5005,-13.4919,-13.1292,-0.8149,0.3949,1.955,0.2911,19.894,0.1454,188.80833,-78.75739,0.23764692,4.611636,extreme_variable
4211,agn,4.468690347336276e-15,7.738922499914042e-13,1.089450968058266e-12,-14.3498,-12.1113,-11.9628,0.9885,0.1694,0.881,-0.0549,3.736,0.0854,189.44199,62.47504,0.23757118,4.6098614,unclassified
30375,xrb,1.0304011309672041e-15,9.939372145138832e-15,1.599581805013439e-14,-14.987,-14.0026,-13.796,0.8121,0.2335,0.784,-0.1054,4.75,0.0165,13.38207,87.18329,0.23755811,4.6095552,unclassified
7335,xrb,1.3662402855498875e-14,7.577371103685938e-15,6.271666881123173e-15,-13.8645,-14.1205,-14.2026,-0.2865,-0.0943,0.078,-1.0,4.651,0.0118,102.02334,46.76978,0.23737445,4.6052523,unclassified
26967,anomaly,4.9292049970018355e-12,5.915747784895399e-15,2.1611887455791967e-14,-11.3072,-14.228,-13.6653,-0.9976,0.5702,1.974,0.2953,3.681,0.0443,167.67176,-55.7054,0.23709723,4.598757,unclassified
61420,anomaly,2.0044191352980293e-13,4.3147961201226987e-13,9.361573012897566e-14,-12.698,-12.365,-13.0287,0.3656,-0.6434,21.517,1.3328,8.992,0.0108,300.04781,-57.83844,0.23708992,4.598585,extended_transient
41382,agn,4.0312950036886946e-14,2.3362432194277415e-14,4.553837737191988e-14,-13.3946,-13.6315,-13.3416,-0.2662,0.3219,0.102,-0.9896,0.173,0.0998,347.76478,50.84329,0.23641768,4.5828342,unclassified
14578,anomaly,4.570941208156247e-12,5.479474797292362e-15,9.371044244900434e-15,-11.34,-14.2613,-14.0282,-0.9976,0.262,0.348,-0.4586,3.624,0.0661,326.62671,-37.91582,0.23614167,4.576367,unclassified
42202,xrb,3.366949847624241e-15,8.253866973935819e-15,1.4491822047943015e-14,-14.4728,-14.0833,-13.8389,0.4205,0.2742,0.013,-1.0,2.563,0.1197,327.14554,15.16646,0.23612925,4.576076,unclassified
43729,anomaly,7.150119597796044e-16,9.861940964518143e-14,4.867091663333436e-13,-15.1457,-13.006,-12.3127,0.9856,0.663,0.086,-1.0,0.451,0.181,297.10117,-53.51949,0.23608252,4.574981,ultra_hard
50388,agn,1.5993601817358129e-15,3.4970872877400116e-15,2.9994487434839838e-15,-14.7961,-14.4563,-14.523,0.3724,-0.0766,0.014,-1.0,3.738,0.0975,304.21686,-8.30482,0.23598158,4.572616,unclassified
66316,anomaly,7.4573203962451475e-16,2.865511923324726e-15,2.321324783862385e-13,-15.1274,-14.5428,-12.6343,0.587,0.9756,0.886,-0.0526,2.905,0.0581,33.51973,57.93741,0.235849,4.5695095,ultra_hard
53662,agn,9.09534537684949e-14,4.139800808708259e-14,7.82484415112747e-14,-13.0412,-13.383,-13.1065,-0.3744,0.308,1.786,0.2518,3.231,0.0431,235.59061,38.41596,0.23582296,4.5688996,unclassified
52289,anomaly,2.0355686589915304e-12,7.51130408739112e-13,2.069016238305163e-14,-11.6913,-12.1243,-13.6842,-0.4609,-0.9464,0.047,-1.0,12.982,0.0093,327.5722,85.27436,0.23581041,4.5686054,extreme_variable
33513,anomaly,3.1947286114236164e-12,2.627470896722532e-14,1.2827859179564127e-14,-11.4956,-13.5805,-13.8918,-0.9837,-0.3439,2.149,0.3323,1.097,0.1111,70.24555,23.18671,0.23564419,4.564711,ultra_soft
42836,anomaly,7.166037291623039e-13,1.4574642193068592e-13,1.6679310552652694e-14,-12.1447,-12.8364,-13.7778,-0.662,-0.7946,0.105,-0.9791,18.512,0.0627,36.00158,-48.38145,0.23547564,4.560762,ultra_soft
73887,agn,1.5958085130435824e-19,1.2092624897743481e-15,1.880061249554396e-15,-18.797,-14.9175,-14.7258,0.9997,0.2171,0.071,-1.0,3.577,0.0044,275.41929,-36.69112,0.23544043,4.5599365,unclassified
47032,anomaly,4.4171098624018315e-12,1.106386355912668e-13,2.93444606161358e-15,-11.3549,-12.9561,-14.5325,-0.9511,-0.9483,0.481,-0.3179,4.72,0.0266,42.43157,-86.44018,0.23526056,4.555722,ultra_soft
13061,agn,8.758234232336104e-14,1.3651620126828208e-13,1.3222251244259842e-13,-13.0576,-12.8648,-12.8787,0.2184,-0.016,1.606,0.2056,3.503,0.0611,346.66607,81.22417,0.23515186,4.553175,unclassified
66430,anomaly,4.079132461262786e-12,6.354593966123523e-15,3.015741657339744e-15,-11.3894,-14.1969,-14.5206,-0.9969,-0.3563,1.255,0.0987,1.027,0.1413,319.3775,-86.37851,0.23508072,4.5515084,ultra_soft
75478,anomaly,1.2949747205352052e-13,8.591696485619086e-13,2.0610671570009086e-13,-12.8877,-12.0659,-12.6859,0.738,-0.613,27.964,1.4466,8.397,0.0314,46.61266,-6.14872,0.23486945,4.5465584,extended_transient
40605,agn,1.3711532967731187e-15,1.690863110580526e-14,1.4104221286445462e-14,-14.8629,-13.7719,-13.8507,0.85,-0.0904,0.068,-1.0,3.754,0.0267,1.35178,62.97212,0.23486522,4.546459,unclassified
38831,anomaly,2.228459237803005e-15,2.3519497970622078e-14,2.2480340490976984e-13,-14.652,-13.6286,-12.6482,0.8269,0.8106,0.18,-0.7437,0.111,0.131,120.12717,16.95036,0.23468289,4.5421867,ultra_hard
33028,xrb,1.9541405801718395e-14,1.1751142223725187e-14,7.230974301822358e-15,-13.709,-13.9299,-14.1408,-0.2489,-0.2381,0.513,-0.2901,4.612,0.0068,119.78005,-27.39188,0.23411013,4.528767,unclassified
57289,anomaly,1.738003161409103e-13,1.6311656541920182e-13,3.0646945073931484e-14,-12.7599,-12.7875,-13.5136,-0.0317,-0.6837,0.126,-0.898,15.538,0.0823,173.8325,36.76774,0.233949,4.5249915,extreme_variable
18636,agn,1.4454692169479068e-14,1.917607688703451e-13,4.178855932117993e-13,-13.84,-12.7172,-12.3789,0.8598,0.3709,1.484,0.1714,3.622,0.0786,62.446,-10.42572,0.23368987,4.51892,unclassified
29246,anomaly,1.0514357356966148e-12,1.501329336968993e-13,2.2888145748476095e-13,-11.9782,-12.8235,-12.6404,-0.7501,0.2078,1.218,0.0857,6.438,0.0663,336.19401,-70.28495,0.233536,4.5153146,unclassified
12741,agn,1.2268272852006357e-15,1.3596734546510255e-15,1.9319254842241883e-15,-14.9112,-14.8666,-14.714,0.0514,0.1739,0.039,-1.0,3.758,0.0971,308.4811,-66.18108,0.2335185,4.5149045,unclassified
53800,agn,7.96414788873661e-15,1.3591180200137946e-14,2.0278077585996777e-14,-14.0989,-13.8667,-13.693,0.2611,0.1974,1.936,0.287,0.729,0.0539,101.44965,56.93083,0.23333642,4.510638,unclassified
37266,anomaly,5.804835207945252e-12,3.754500670936078e-14,2.6482667225534014e-14,-11.2362,-13.4254,-13.577,-0.9871,-0.1728,1.696,0.2293,1.038,0.124,351.22737,-76.42352,0.23325756,4.5087905,unclassified
60349,anomaly,5.9984380054845396e-12,6.454922814934587e-15,2.300370962774443e-15,-11.222,-14.1901,-14.6382,-0.9979,-0.4745,2.094,0.3209,1.299,0.1429,219.71812,-38.44053,0.2330116,4.503028,ultra_soft
28674,anomaly,5.13550789967672e-12,2.6571825153665416e-14,2.3513462838610185e-14,-11.2894,-13.5756,-13.6287,-0.9897,-0.0611,1.421,0.1527,2.671,0.139,129.31804,-51.89337,0.23290041,4.5004225,unclassified
53212,agn,8.19762625297745e-13,6.707717668129308e-13,9.462589033309453e-13,-12.0863,-12.1734,-12.024,-0.1,0.1704,1.965,0.2934,0.383,0.055,73.46207,-61.34254,0.23281261,4.4983654,unclassified
40611,agn,2.250944751659441e-15,2.361539222879266e-15,2.3566733940645923e-15,-14.6476,-14.6268,-14.6277,0.024,-0.001,0.094,-1.0,3.358,0.099,251.03028,69.27758,0.23261087,4.493638,unclassified
58592,agn,1.4775168538941346e-14,2.0300601664673393e-14,2.256804915052989e-14,-13.8305,-13.6925,-13.6465,0.1575,0.0529,0.056,-1.0,3.529,0.0959,282.65396,57.3367,0.23234081,4.4873104,unclassified
25775,anomaly,1.026184827008801e-11,5.6489819809598435e-12,1.3279657894785568e-11,-10.9888,-11.248,-10.8768,-0.2899,0.4031,7.602,0.8809,9.445,0.0868,96.20131,-20.97675,0.23225194,4.4852285,extreme_variable
77308,xrb,1.5711098332091172e-14,5.268398890917492e-15,7.075691820242756e-15,-13.8038,-14.2783,-14.1502,-0.4978,0.1464,0.446,-0.3506,5.103,0.1127,236.06404,10.02936,0.23223351,4.4847965,unclassified
61412,xrb,3.624372807347495e-15,1.1665253697527732e-14,2.406221662654687e-14,-14.4408,-13.9331,-13.6187,0.5259,0.347,0.634,-0.1978,4.96,0.0457,332.85106,-0.16433,0.23198897,4.479067,unclassified
42446,anomaly,8.4645247880012e-12,1.7125446338428965e-13,8.905249748779042e-15,-11.0724,-12.7664,-14.0504,-0.9603,-0.9011,0.539,-0.2686,3.021,0.0281,221.775,-46.11162,0.23182301,4.4751782,ultra_soft
13809,anomaly,5.742840366543172e-12,8.305028293560212e-15,4.066295944903755e-16,-11.2409,-14.0807,-15.3908,-0.9971,-0.9066,0.189,-0.723,3.485,0.1214,111.40767,26.92545,0.23180212,4.4746885,ultra_soft
79326,anomaly,2.589630365279437e-13,5.510816896614582e-16,1.0183376098339612e-16,-12.5868,-15.2588,-15.9921,-0.9958,-0.6881,0.042,-1.0,1.126,0.0316,106.32007,-43.89294,0.23176311,4.473775,ultra_soft
39113,anomaly,2.2037115066785503e-13,1.6050395967472904e-13,5.207832167248148e-14,-12.6568,-12.7945,-13.2833,-0.1572,-0.51,0.099,-1.0,14.568,0.0253,0.41117,23.18874,0.23161101,4.470211,extreme_variable
38209,anomaly,1.1923591150851035e-12,2.98191313171557e-13,2.586637425976104e-13,-11.9236,-12.5255,-12.5873,-0.5999,-0.071,0.075,-1.0,11.792,0.022,173.05934,35.12167,0.23141588,4.465639,extreme_variable
29914,anomaly,1.3267606599592516e-11,5.644259728287464e-12,8.058656040736103e-12,-10.8772,-11.2484,-11.0937,-0.4031,0.1762,7.454,0.8724,5.021,0.0536,225.29834,-34.69971,0.23137243,4.464621,super_luminous
38198,anomaly,1.4770304098048516e-16,1.9110421498157385e-14,3.9072353004635204e-13,-15.8306,-13.7187,-12.4081,0.9847,0.9067,0.044,-1.0,1.156,0.0127,183.72045,56.76163,0.23130654,4.463077,ultra_hard
36909,xrb,1.3437351331206962e-13,2.5156944308131867e-13,4.529932982116633e-13,-12.8717,-12.5993,-12.3439,0.3037,0.2859,0.064,-1.0,2.813,0.1267,139.91623,83.34213,0.23128524,4.462578,unclassified
72320,agn,1.4380387873272462e-14,1.0154968689245213e-13,1.2599129038057463e-13,-13.8422,-12.9933,-12.8997,0.7519,0.1074,1.817,0.2594,3.052,0.0745,335.33139,-27.69921,0.23117468,4.459987,unclassified
33758,anomaly,1.050018699113818e-15,1.0958308146882623e-12,9.340062421393282e-12,-14.9788,-11.9603,-11.0297,0.9981,0.79,1.595,0.2026,1.644,0.1239,282.37154,35.9074,0.23116107,4.4596686,ultra_hard
10741,agn,2.9207287592668956e-15,1.04530263362077e-12,1.4761767802603816e-12,-14.5345,-11.9808,-11.8309,0.9944,0.1709,1.493,0.1739,0.426,0.0985,67.83229,-38.86113,0.23109648,4.458155,unclassified
74457,agn,1.3532225194523889e-14,6.9981965397205885e-15,1.4429539647047023e-14,-13.8686,-14.155,-13.8407,-0.3183,0.3468,0.118,-0.9287,3.885,0.0909,12.00886,-79.25359,0.23096283,4.455024,unclassified
7870,agn,3.3729470982685303e-13,1.6357047077111068e-13,3.76739174889129e-13,-12.472,-12.7863,-12.424,-0.3468,0.3945,0.03,-1.0,3.964,0.0028,171.63779,-14.84175,0.23079915,4.4511886,unclassified
52764,anomaly,1.2511775147253968e-13,2.8928573592400322e-15,1.2536559947248979e-17,-12.9027,-14.5387,-16.9018,-0.9548,-0.9914,0.11,-0.9594,2.095,0.0402,268.26822,48.97723,0.2306519,4.447738,ultra_soft
45224,anomaly,4.721687624912e-15,9.244225974780288e-13,7.860424720356219e-12,-14.3259,-12.0341,-11.1046,0.9898,0.7895,0.2,-0.6997,1.463,0.1018,330.89403,48.35702,0.23064093,4.447481,ultra_hard
102,xrb,1.0643665375737752e-14,6.626703343802106e-15,1.7601431446934986e-15,-13.9729,-14.1787,-14.7545,-0.2326,-0.5803,0.397,-0.4016,3.896,0.0704,240.98054,-63.76382,0.23062924,4.4472075,unclassified
78183,xrb,1.494694553618086e-13,4.0951274487293515e-13,5.498209342800106e-13,-12.8254,-12.3877,-12.2598,0.4652,0.1463,0.051,-1.0,2.205,0.1453,319.52803,39.25025,0.23062663,4.4471464,unclassified
8399,xrb,4.861960338757662e-13,5.38070543711893e-13,1.6746427800145714e-12,-12.3132,-12.2692,-11.7761,0.0506,0.5137,0.041,-1.0,8.36,0.2099,103.85833,19.68222,0.23061067,4.446772,extreme_variable
33026,anomaly,5.6262053708709215e-12,6.628029308901566e-14,4.641334007006136e-14,-11.2498,-13.1786,-13.3334,-0.9767,-0.1763,1.087,0.0364,3.184,0.0034,44.50633,24.02303,0.23056169,4.445625,unclassified
60719,anomaly,2.8759352400265992e-15,5.589728801857208e-13,8.736992324452272e-12,-14.5412,-12.2526,-11.0586,0.9898,0.8797,1.61,0.2068,0.271,0.1429,3.55707,-0.85804,0.23048015,4.443714,ultra_hard
79411,anomaly,9.825874222697556e-12,2.6444654174372977e-14,1.890599105793061e-14,-11.0076,-13.5777,-13.7234,-0.9946,-0.1662,1.479,0.17,2.627,0.0129,150.25917,-7.22705,0.23044667,4.4429297,unclassified
38383,agn,1.8298928215636278e-15,4.1407682305528205e-13,7.628908426402347e-13,-14.7376,-12.3829,-12.1175,0.9912,0.2964,0.111,-0.956,0.648,0.0014,269.58379,-23.05541,0.2304224,4.4423614,unclassified
8975,xrb,5.237209207775287e-13,7.458915695215323e-13,2.0870430479580793e-12,-12.2809,-12.1273,-11.6805,0.175,0.4734,0.038,-1.0,2.073,0.1131,253.27852,67.84634,0.23030238,4.439549,unclassified
54769,agn,7.13624135837205e-14,2.741935436902112e-13,4.2176047053615707e-13,-13.1465,-12.5619,-12.3749,0.587,0.212,1.799,0.255,0.564,0.07,30.82409,11.36626,0.23016633,4.4363613,unclassified
69933,anomaly,7.157586538975463e-12,3.1647378681380066e-14,1.9809322086390684e-14,-11.1452,-13.4997,-13.7031,-0.9912,-0.2301,1.885,0.2753,2.664,0.0122,109.87828,32.64183,0.23006386,4.43396,unclassified
59674,anomaly,1.530878398871198e-15,1.1578046250818695e-12,9.57899613357304e-12,-14.8151,-11.9364,-11.0187,0.9974,0.7843,0.531,-0.2753,2.904,0.1522,104.14444,-68.05182,0.23003538,4.433293,ultra_hard
45422,xrb,3.6153591700915095e-13,5.967029790895875e-13,1.4796538479209604e-12,-12.4418,-12.2242,-11.8298,0.2454,0.4252,0.018,-1.0,2.47,0.1459,352.17454,-59.97246,0.2300085,4.432663,unclassified
41828,anomaly,8.79199416701841e-12,2.1295478762364807e-14,8.755940014591846e-14,-11.0559,-13.6717,-13.0577,-0.9952,0.6087,0.685,-0.1644,2.158,0.0404,254.47367,-55.08638,0.22997423,4.43186,unclassified
54717,agn,2.7824296566918757e-15,1.835652848571744e-15,3.77217894036378e-15,-14.5556,-14.7362,-14.4234,-0.205,0.3453,0.1,-1.0,3.454,0.0942,24.80686,-73.24599,0.22979546,4.4276714,unclassified
24928,xrb,6.723313920535783e-13,2.772422388137892e-13,2.1466491856998492e-13,-12.1724,-12.5571,-12.6682,-0.4161,-0.1272,0.012,-1.0,3.115,0.0914,290.57042,-70.11811,0.22942626,4.419021,unclassified
15161,anomaly,9.666990479284961e-12,1.4777308047932697e-13,1.7121666518277216e-14,-11.0147,-12.8304,-13.7665,-0.9699,-0.7923,0.815,-0.0886,3.278,0.1262,18.26966,-85.3594,0.22940186,4.418449,ultra_soft
57715,agn,2.4903079351571956e-19,1.103642028094055e-15,1.790630884827198e-15,-18.6037,-14.9572,-14.747,0.9995,0.2374,0.061,-1.0,0.818,0.0043,89.8947,-79.414,0.22917536,4.413142,unclassified
18638,agn,6.365637434835239e-15,6.950433180943142e-14,2.3944242825974716e-13,-14.1962,-13.158,-12.6208,0.8322,0.5501,1.674,0.2238,3.521,0.078,191.32399,-59.0426,0.22917435,4.4131184,ultra_hard
43493,anomaly,9.338474788214161e-14,4.107938728220234e-13,7.33652872768678e-14,-13.0297,-12.3864,-13.1345,0.6296,-0.6969,17.907,1.253,10.131,0.0464,339.46083,64.22895,0.22907788,4.410858,extended_transient
23643,agn,3.4974736598047546e-13,5.245299082827083e-13,9.14304690707077e-13,-12.4562,-12.2802,-12.0389,0.1999,0.2709,1.697,0.2297,3.942,0.0704,198.97271,-63.65489,0.22904186,4.410014,unclassified
7264,anomaly,3.587303621186841e-12,4.2788577647570065e-12,1.8759503128860544e-11,-11.4452,-11.3687,-10.7268,0.0879,0.6285,6.214,0.7934,10.275,0.0469,70.05277,-22.3626,0.22898132,4.4085956,extreme_variable
69809,agn,5.570042239971064e-17,1.4215495524381916e-15,2.052686253656184e-15,-16.2541,-14.8472,-14.6877,0.9246,0.1817,0.029,-1.0,0.625,0.0012,180.20586,-10.81649,0.22883253,4.4051094,unclassified
30357,anomaly,5.676909394827054e-15,5.880459186578986e-13,7.493710602283049e-12,-14.2459,-12.2306,-11.1253,0.9809,0.8545,1.832,0.263,2.406,0.0906,59.21075,50.32987,0.22876874,4.4036145,ultra_hard
66899,anomaly,9.373526522393875e-12,5.586944653144937e-12,1.616580908996511e-11,-11.0281,-11.2528,-10.7914,-0.2531,0.4863,9.971,0.9987,5.907,0.0717,341.67526,-21.08181,0.2287275,4.4026484,super_luminous
67342,xrb,2.532388513453238e-13,3.9611120316995206e-12,4.575566097531101e-12,-12.5965,-11.4022,-11.3396,0.8798,0.072,0.045,-1.0,3.25,0.1228,270.04958,-88.78196,0.22869405,4.4018645,unclassified
48067,xrb,5.5658063259249744e-15,1.1194543264913925e-14,3.272451889790376e-14,-14.2545,-13.951,-13.4851,0.3358,0.4902,0.636,-0.1964,4.737,0.0572,112.94009,-25.53797,0.22858475,4.399304,unclassified
24376,anomaly,4.382257378754995e-12,5.427052559362647e-14,2.7544875979958412e-14,-11.3583,-13.2654,-13.56,-0.9755,-0.3267,0.41,-0.3874,2.329,0.0131,185.55525,-3.5831,0.22851387,4.397643,ultra_soft
26409,anomaly,4.631234512114336e-15,5.924018489238542e-13,3.5260495785572123e-12,-14.3343,-12.2274,-11.4527,0.9845,0.7123,0.192,-0.7174,0.695,0.1229,196.54742,-33.78262,0.22850513,4.397438,ultra_hard
3907,agn,9.398146003549055e-14,1.2511955192707641e-12,1.2154438319411352e-12,-13.027,-11.9027,-11.9153,0.8603,-0.0145,0.037,-1.0,0.187,0.0959,213.95326,12.90019,0.22841495,4.395325,unclassified
59769,anomaly,2.7994815178194245e-13,2.321050724742606e-13,3.691509712745433e-15,-12.5529,-12.6343,-14.4328,-0.0934,-0.9687,0.19,-0.7209,19.192,0.1175,223.07408,-43.22054,0.22830556,4.392762,extreme_variable
79675,anomaly,1.486765426057335e-16,2.4153133975823346e-15,1.0133232584335882e-13,-15.8278,-14.617,-12.9943,0.884,0.9534,0.176,-0.7546,2.95,0.1423,84.05878,20.84275,0.22822149,4.3907924,ultra_hard
1997,anomaly,5.3115825897138515e-15,1.3125704024455908e-14,8.071430212962917e-13,-14.2748,-13.8819,-12.093,0.4238,0.968,1.556,0.1919,2.559,0.0603,311.30505,-85.37691,0.22805008,4.386776,ultra_hard
31253,agn,9.259268775488882e-15,1.918316861276045e-14,2.8261040780058473e-14,-14.0334,-13.7171,-13.5488,0.3489,0.1913,0.029,-1.0,3.976,0.0493,202.01067,-31.26845,0.22798422,4.385233,unclassified
72231,xrb,4.8191455187025034e-14,1.84698095892477e-14,2.1077631074815967e-14,-13.317,-13.7335,-13.6762,-0.4459,0.0659,0.414,-0.3835,5.359,0.0248,186.75049,81.59556,0.22787043,4.382567,unclassified
38177,xrb,3.901277410768805e-15,8.373028045002756e-15,1.3146969600551154e-14,-14.4088,-14.0771,-13.8812,0.3643,0.2218,0.861,-0.0648,4.479,0.1229,128.98323,-57.85484,0.22786367,4.382408,unclassified
78039,agn,2.9270142599692188e-18,6.009229295108422e-15,9.338112507378986e-15,-17.5336,-14.2212,-14.0297,0.999,0.2169,0.035,-1.0,3.529,0.0117,132.06363,-3.47402,0.22769041,4.378349,unclassified
30076,anomaly,1.90023431168761e-15,9.334944166648704e-15,6.75502324555594e-13,-14.7212,-14.0299,-12.1704,0.6617,0.9727,1.107,0.0442,2.636,0.0649,37.29805,15.9156,0.22759336,4.376075,ultra_hard
70352,anomaly,3.846955368087853e-16,1.5605925897381803e-13,9.755620665872787e-13,-15.4149,-12.8067,-12.0107,0.9951,0.7242,1.716,0.2345,1.588,0.1001,24.99908,-73.22397,0.22749352,4.3737354,ultra_hard
48082,anomaly,1.495491102783481e-15,1.7403036648227144e-15,1.2088730090009242e-13,-14.8252,-14.7594,-12.9176,0.0757,0.9716,0.346,-0.4606,1.385,0.0146,193.36651,-43.3567,0.22741994,4.3720117,unclassified
61168,anomaly,1.8058056898963719e-13,6.303510266046662e-14,3.09229858013663e-14,-12.7433,-13.2004,-13.5097,-0.4825,-0.3418,0.118,-0.9276,18.459,0.0889,163.08206,85.22902,0.22724661,4.3679504,extreme_variable
55017,anomaly,1.1296249533724906e-13,1.3076876008182194e-13,3.382378485053377e-14,-12.9471,-12.8835,-13.4708,0.0731,-0.589,26.509,1.4234,5.811,0.0649,309.62914,-14.93094,0.22715466,4.3657956,extended_transient
2246,xrb,6.622063712544753e-16,8.38346063653876e-15,1.6856511380502e-14,-15.179,-14.0766,-13.7732,0.8536,0.3357,0.564,-0.2487,4.907,0.0607,301.25099,-40.72634,0.22712958,4.365208,unclassified
21320,agn,4.593430698992571e-13,5.10486829237327e-13,8.25235666988929e-13,-12.3379,-12.292,-12.0834,0.0527,0.2356,1.782,0.251,3.39,0.0679,227.83515,-86.54782,0.22702113,4.362667,unclassified
25983,xrb,1.063733876226205e-14,3.5515438003439428e-15,4.728050632715522e-15,-13.9732,-14.4496,-14.3253,-0.4994,0.1421,0.826,-0.0828,6.211,0.1895,6.03358,-66.81453,0.22690217,4.35988,unclassified
15094,anomaly,3.4012301397373525e-15,1.1907236733824262e-12,6.978020253144969e-12,-14.4684,-11.9242,-11.1563,0.9943,0.7085,1.697,0.2296,1.572,0.1703,223.73714,89.60971,0.2267537,4.356401,ultra_hard
53268,anomaly,5.493627572530048e-12,5.0311010518344557e-14,7.258519860189259e-16,-11.2601,-13.2983,-15.1392,-0.9819,-0.9716,0.196,-0.7081,3.192,0.127,36.47392,85.1318,0.22663781,4.353686,ultra_soft
14434,xrb,2.2333103160435733e-14,1.9663239110126578e-14,7.14774688901931e-16,-13.6511,-13.7063,-15.1458,-0.0636,-0.9298,0.132,-0.8788,3.852,0.1256,229.56058,60.72747,0.22620113,4.343454,unclassified
12101,anomaly,1.637266235910284e-13,6.970285746521842e-16,5.438546680871869e-16,-12.7859,-15.1567,-15.2645,-0.9915,-0.1234,2.794,0.4463,4.786,0.0355,324.38918,-51.65559,0.22619471,4.3433037,unclassified
78471,agn,2.3516876354778976e-15,1.4774545286120189e-13,1.956720497238193e-13,-14.6286,-12.8305,-12.7085,0.9687,0.1396,1.907,0.2803,2.758,0.0862,111.4228,33.03552,0.22612303,4.3416243,unclassified
30080,xrb,8.72083652722771e-16,6.976821067967751e-15,1.1993124739322902e-14,-15.0594,-14.1563,-13.9211,0.7778,0.2644,0.791,-0.1016,5.116,0.0756,83.41518,-33.53683,0.22603641,4.3395944,unclassified
16954,anomaly,9.374604774335915e-12,3.954878116681282e-14,3.691297654979953e-15,-11.028,-13.4029,-14.4328,-0.9916,-0.8293,2.916,0.4649,4.073,0.0126,44.87078,87.90493,0.22603202,4.3394914,ultra_soft
6572,anomaly,2.8150926012174363e-12,2.4254352371392865e-12,8.917526639031274e-12,-11.5505,-11.6152,-11.0498,-0.0744,0.5723,5.352,0.7285,10.033,0.0287,128.37437,27.76207,0.2258408,4.3350115,extreme_variable
36634,agn,2.468771301482792e-13,3.4351177577284784e-13,3.3949027113220146e-13,-12.6075,-12.4641,-12.4692,0.1637,-0.0059,1.943,0.2885,1.557,0.063,156.81383,-74.65923,0.22575732,4.333055,unclassified
44689,agn,1.1428054101276026e-15,1.2226181855391054e-15,1.3895061317446261e-15,-14.942,-14.9127,-14.8571,0.0337,0.0639,0.083,-1.0,0.034,0.0789,334.4918,-89.94351,0.22574903,4.332861,unclassified
4016,anomaly,5.380792272448137e-12,5.08185104583179e-14,2.1546499606598095e-14,-11.2692,-13.294,-13.6666,-0.9813,-0.4045,2.221,0.3466,3.879,0.1305,336.09763,66.92355,0.22540976,4.3249116,ultra_soft
60240,anomaly,1.6089152248093176e-16,3.952522101812055e-15,2.295851113764205e-13,-15.7935,-14.4031,-12.6391,0.9218,0.9662,1.781,0.2505,0.381,0.0854,264.24017,-72.59756,0.22532058,4.322822,ultra_hard
57759,anomaly,1.1253565712579995e-12,2.3050523698894836e-13,3.730469114020603e-14,-11.9487,-12.6373,-13.4282,-0.66,-0.7214,0.064,-1.0,10.663,0.1178,88.53402,-59.02065,0.22522534,4.3205905,ultra_soft
44947,anomaly,1.9756303293608795e-12,2.746804762986669e-15,7.77381146801217e-15,-11.7043,-14.5612,-14.1094,-0.9972,0.4778,1.757,0.2447,4.714,0.0663,61.93056,-86.86624,0.22500755,4.3154874,unclassified
26100,anomaly,3.272567751431714e-13,4.026285151325514e-14,8.188003810509857e-14,-12.4851,-13.3951,-13.0868,-0.7809,0.3407,1.08,0.0336,10.199,0.0657,62.64996,53.97813,0.22493157,4.3137074,extreme_variable
57366,anomaly,1.1378791194067345e-11,6.5616046355705605e-12,1.116987605508839e-11,-10.9439,-11.183,-10.952,-0.2685,0.2599,8.266,0.9173,7.384,0.0901,90.93253,-75.97551,0.22482124,4.3111224,super_luminous
31984,anomaly,9.34499432299483e-12,2.545865938494991e-13,2.365516798154788e-16,-11.0294,-12.5942,-15.6261,-0.947,-0.9981,0.832,-0.0799,4.999,0.0177,312.50209,-78.4585,0.22479288,4.3104577,ultra_soft
76938,xrb,3.3233379448444145e-13,1.1641122792117424e-12,2.1562563210396117e-12,-12.4784,-11.934,-11.6663,0.5558,0.2988,0.001,-1.0,2.031,0.1464,79.31988,48.67464,0.2246787,4.307782,unclassified
41159,xrb,2.7562744024047578e-15,7.13565678521555e-15,1.4055424794690863e-14,-14.5597,-14.1466,-13.8522,0.4427,0.3265,0.233,-0.6323,4.465,0.0883,150.37753,-74.43057,0.22440474,4.3013635,unclassified
20936,agn,2.5721431985176427e-14,3.331899732874067e-14,4.441023875479326e-14,-13.5897,-13.4773,-13.3525,0.1287,0.1427,1.883,0.2749,0.835,0.0534,15.71483,-60.18168,0.2243275,4.299554,unclassified
6978,xrb,1.1639588369055579e-14,5.243754235387913e-15,4.417124850635137e-15,-13.9341,-14.2804,-14.3549,-0.3788,-0.0856,0.033,-1.0,9.655,0.1164,290.93856,89.7192,0.22425121,4.297766,extreme_variable
20422,anomaly,6.575038410546504e-12,6.845361710644292e-14,1.5738205058181255e-14,-11.1821,-13.1646,-13.803,-0.9794,-0.6261,2.373,0.3752,2.27,0.0168,152.84493,-85.82345,0.22390565,4.2896695,ultra_soft
36472,xrb,2.4990983245713233e-15,1.0166753863933633e-14,3.1035395187020255e-14,-14.6022,-13.9928,-13.5081,0.6054,0.5065,0.828,-0.082,4.793,0.0661,328.67027,-42.84311,0.22388826,4.289262,ultra_hard
62113,anomaly,7.126535886225185e-12,1.0454263110997353e-12,1.2532808083436445e-13,-11.1471,-11.9807,-12.902,-0.7441,-0.7859,0.075,-1.0,6.734,0.1106,302.14754,1.41024,0.22374463,4.285897,ultra_soft
10089,agn,2.01531369322672e-15,7.096231839565975e-13,1.1767700977111812e-12,-14.6957,-12.149,-11.9293,0.9943,0.2476,0.052,-1.0,3.905,0.0065,331.27997,-62.77856,0.22364263,4.283507,unclassified
18946,anomaly,2.2672092658286573e-13,1.73739020363631e-13,2.512893940804226e-13,-12.6445,-12.7601,-12.5998,-0.1323,0.1825,5.718,0.7573,9.939,0.0996,303.13957,66.38657,0.22353932,4.281086,extreme_variable
918,agn,2.3907899047782788e-17,1.1674892675633338e-15,3.079459268219064e-15,-16.6215,-14.9327,-14.5115,0.9599,0.4502,0.032,-1.0,2.367,0.0013,112.826,-63.10226,0.22352338,4.2807126,heavily_absorbed
9835,agn,8.492565832786434e-17,2.8642349293340593e-15,4.727525747039641e-15,-16.071,-14.543,-14.3254,0.9424,0.2454,0.096,-1.0,3.749,0.007,283.54329,59.81661,0.2235201,4.280636,unclassified
38855,anomaly,3.3277618357301697e-12,1.8928838915535866e-12,6.221357677949453e-14,-11.4778,-11.7229,-13.2061,-0.2748,-0.9364,0.095,-1.0,11.209,0.0916,342.14916,66.12168,0.22346771,4.279408,extreme_variable
58114,anomaly,3.0840430165095924e-13,4.072356454674524e-14,5.723679199466903e-14,-12.5109,-13.3902,-13.2423,-0.7667,0.1686,0.958,-0.0185,7.128,0.0412,217.40582,-21.5353,0.22333756,4.2763586,unclassified
19468,anomaly,1.665186736543501e-17,2.5166050477179096e-15,1.1317381230122611e-13,-16.7785,-14.5992,-12.9463,0.9868,0.9565,0.288,-0.5402,0.987,0.0162,308.3749,76.13646,0.22333322,4.276257,ultra_hard
63307,agn,9.655048321634635e-15,9.27418091308794e-15,1.5439973110904308e-14,-14.0152,-14.0327,-13.8114,-0.0201,0.2495,0.037,-1.0,0.133,0.0998,321.38951,21.56162,0.22323139,4.273871,unclassified
62322,anomaly,1.1957580924766365e-13,1.12265799805836e-13,4.341224775925645e-15,-12.9224,-12.9498,-14.3624,-0.0315,-0.9255,1.574,0.197,7.564,0.0074,330.8427,22.734,0.2232207,4.2736206,unclassified
52651,anomaly,4.7149172650434466e-12,1.860342248969073e-14,1.278331042021765e-16,-11.3265,-13.7304,-15.8934,-0.9921,-0.9864,0.505,-0.2963,1.73,0.0009,110.14794,-69.68288,0.22319391,4.272993,ultra_soft
24949,xrb,3.1310515116851512e-15,5.521770781852901e-15,1.3121385302578471e-14,-14.5043,-14.2579,-13.882,0.2763,0.4076,0.315,-0.5016,4.247,0.1757,327.46686,-80.0757,0.22294004,4.2670445,unclassified
46539,anomaly,2.5742041935715634e-14,2.0801192845339497e-14,1.2814226749581096e-12,-13.5894,-13.6819,-11.8923,-0.1062,0.9681,0.122,-0.9135,1.435,0.0609,266.92319,-57.69543,0.22268316,4.261026,unclassified
34676,xrb,1.537898723777936e-15,1.4732081690621263e-14,1.5384596746857365e-14,-14.8131,-13.8317,-13.8129,0.811,0.0217,0.051,-1.0,2.539,0.2047,205.58222,-56.22219,0.2224182,4.2548175,unclassified
16812,agn,7.880628725704095e-15,3.2442109345866437e-13,4.3146149690285223e-13,-14.1034,-12.4889,-12.3651,0.9526,0.1416,1.683,0.2261,2.953,0.0868,220.73667,25.8002,0.22240978,4.2546206,unclassified
58582,anomaly,2.366021301532938e-12,1.710694910157765e-14,1.5796679785765397e-14,-11.626,-13.7668,-13.8014,-0.9856,-0.0398,1.137,0.0558,4.522,0.0472,144.39482,-75.73933,0.2223306,4.252765,unclassified
58026,anomaly,7.562431447896303e-12,2.8322611010513305e-12,5.682583397957048e-12,-11.1213,-11.5479,-11.2455,-0.4551,0.3347,7.54,0.8774,6.579,0.0923,317.98544,12.04813,0.22226556,4.251241,unclassified
36295,anomaly,3.5479202898391777e-13,4.859768426602563e-14,4.4832261618570915e-14,-12.45,-13.3134,-13.3484,-0.7591,-0.0403,0.006,-1.0,11.257,0.0584,135.34291,63.4157,0.22202122,4.2455163,extreme_variable
11585,xrb,1.7544574338586983e-15,1.6523325853951393e-14,3.1061413165505366e-14,-14.7559,-13.7819,-13.5078,0.808,0.3055,0.415,-0.3817,4.28,0.0155,243.70191,39.20728,0.22178598,4.240004,unclassified
76266,anomaly,1.0593857042281119e-15,5.488784952304638e-15,2.6024090474997655e-13,-14.9749,-14.2605,-12.5846,0.6764,0.9587,0.327,-0.4858,0.27,0.0144,15.56308,29.50821,0.22173133,4.2387238,ultra_hard
78155,xrb,1.699214382618833e-14,6.644610575477001e-15,5.294127144083851e-15,-13.7698,-14.1775,-14.2762,-0.4378,-0.1131,0.112,-0.9493,2.11,0.174,133.03613,-16.47187,0.22110435,4.2240334,unclassified
3254,anomaly,6.459348876946567e-12,1.7085033720918307e-13,4.5410385089694443e-14,-11.1898,-12.7674,-13.3428,-0.9485,-0.58,2.259,0.3538,2.015,0.0181,99.52859,-86.93726,0.22106728,4.2231646,ultra_soft
43816,xrb,7.496016524980485e-15,9.538483458326205e-14,1.5750090860747858e-13,-14.1252,-13.0205,-12.8027,0.8543,0.2456,0.035,-1.0,2.332,0.155,248.78992,17.76125,0.22088642,4.218927,unclassified
77741,anomaly,3.741497885847061e-15,1.4939820259982543e-12,6.095099182038053e-12,-14.427,-11.8257,-11.215,0.995,0.6063,1.602,0.2047,0.637,0.1481,66.35249,23.36308,0.22079562,4.2167993,ultra_hard
54289,anomaly,2.3613444248493317e-15,2.0455650214148977e-15,2.0265827487858762e-13,-14.6268,-14.6892,-12.6932,-0.0717,0.98,0.811,-0.0911,2.467,0.0007,24.75855,15.61396,0.2207334,4.2153416,unclassified
15457,anomaly,7.819853651001654e-13,1.1566681280823927e-14,6.224387407147274e-15,-12.1068,-13.9368,-14.2059,-0.9708,-0.3003,0.03,-1.0,1.755,0.0761,172.55185,68.90231,0.22069597,4.2144647,ultra_soft
14105,anomaly,5.933468131091052e-12,1.490989193611514e-14,2.7753937507916706e-16,-11.2267,-13.8265,-15.5567,-0.995,-0.9635,0.269,-0.5701,1.576,0.107,203.92,33.15456,0.22066326,4.2136984,ultra_soft
29029,anomaly,1.1153347390574232e-13,3.126259482007853e-16,6.522713917632577e-16,-12.9526,-15.505,-15.1856,-0.9944,0.352,2.68,0.4281,3.401,0.006,148.01013,76.99876,0.22045511,4.2088213,unclassified
35022,agn,7.097876819482581e-17,1.749014626767707e-14,4.845522147381648e-14,-16.1489,-13.7572,-13.3147,0.9919,0.4696,1.943,0.2886,2.536,0.0893,46.72456,5.10172,0.22031191,4.205466,heavily_absorbed
77447,xrb,2.0487678629210324e-12,6.508142763350285e-13,7.311216366439216e-13,-11.6885,-12.1865,-12.136,-0.5178,0.0581,0.105,-0.9771,7.67,0.0708,274.51877,38.35918,0.2202399,4.2037783,unclassified
12531,anomaly,1.6447812729758252e-15,1.705009545577018e-15,1.5251955124799558e-13,-14.7839,-14.7683,-12.8167,0.018,0.9779,0.401,-0.3963,0.849,0.1596,303.13621,62.15989,0.22017339,4.20222,unclassified
34622,xrb,9.604906348619401e-13,6.58236871011378e-13,5.660405992214795e-14,-12.0175,-12.1816,-13.2472,-0.1867,-0.8416,0.044,-1.0,2.454,0.0992,273.26288,39.1642,0.21997961,4.19768,unclassified
8774,anomaly,4.787560798033804e-12,2.8506355429754883e-14,1.9828501812391182e-14,-11.3199,-13.5451,-13.7027,-0.9882,-0.1795,1.205,0.0811,4.682,0.1336,266.33125,25.74596,0.219913,4.1961193,unclassified
4005,xrb,1.1031155886068489e-14,8.54390476230696e-15,4.536328323546301e-15,-13.9574,-14.0683,-14.3433,-0.1271,-0.3064,0.247,-0.6079,3.24,0.0672,223.68483,-88.60786,0.21980913,4.1936855,unclassified
46521,agn,2.2147692123649435e-15,1.3401541191700303e-15,2.923983494871388e-15,-14.6547,-14.8728,-14.534,-0.246,0.3714,0.213,-0.6715,2.484,0.099,348.33031,-28.41125,0.2195368,4.1873045,unclassified
17865,anomaly,5.745309975217135e-12,8.664912481362826e-13,7.033465376144578e-13,-11.2407,-12.0622,-12.1528,-0.7379,-0.1039,1.874,0.2727,6.393,0.102,207.11639,-83.3473,0.21945935,4.18549,unclassified
12959,agn,1.14005080592002e-13,1.6794064811819857e-13,1.9178788510311056e-13,-12.9431,-12.7748,-12.7172,0.1913,0.0663,1.777,0.2496,3.24,0.0647,183.14103,-66.07057,0.21939315,4.1839385,unclassified
34608,anomaly,5.393664088767614e-14,2.128241214054863e-13,6.2836612602115384e-12,-13.2681,-12.672,-11.2018,0.5956,0.9345,0.016,-1.0,0.411,0.0449,60.93077,41.25355,0.21921353,4.17973,ultra_hard
404,anomaly,3.1885202150382554e-12,2.4329753484191463e-14,1.3854218547689176e-16,-11.4964,-13.6139,-15.8584,-0.9849,-0.9887,0.291,-0.536,1.257,0.0889,166.90395,51.16883,0.21917343,4.1787906,ultra_soft
63345,agn,3.9747699424130855e-17,3.960482785606454e-14,5.392817385207201e-14,-16.4007,-13.4023,-13.2682,0.998,0.1531,1.934,0.2866,2.434,0.096,235.31667,-29.40274,0.21903723,4.1755996,unclassified
30527,agn,1.0765735827895753e-15,1.322523316997003e-14,1.746223410700438e-14,-14.968,-13.8786,-13.7579,0.8494,0.1381,1.862,0.2701,3.44,0.0721,69.57329,-64.1029,0.2188586,4.171414,unclassified
25389,agn,2.476257691743071e-13,1.1173369977322036e-13,1.972041907210808e-13,-12.6062,-12.9518,-12.7051,-0.3782,0.2767,0.201,-0.6969,1.241,0.0987,290.9821,-75.88532,0.21885173,4.1712527,unclassified
3995,agn,1.0056781765338046e-13,2.676351607516353e-13,3.03563839722055e-13,-12.9975,-12.5725,-12.5177,0.4537,0.0629,1.97,0.2944,3.236,0.0716,310.4686,55.8628,0.21868995,4.1674623,unclassified
71485,xrb,6.803754755444938e-16,1.064718081883408e-14,1.1418771482767907e-14,-15.1673,-13.9728,-13.9424,0.8799,0.035,0.031,-1.0,2.447,0.2411,9.45075,83.8596,0.21857291,4.16472,unclassified
27838,xrb,1.161007581381273e-14,2.2831706775274226e-14,7.172486747847593e-14,-13.9352,-13.6415,-13.1443,0.3258,0.5171,0.833,-0.0792,5.352,0.0043,175.51355,-17.56528,0.21850342,4.1630917,ultra_hard
60581,anomaly,2.0533238156849686e-12,2.23152296592707e-13,2.633554957207362e-13,-11.6875,-12.6514,-12.5795,-0.8039,0.0826,1.448,0.1608,7.982,0.1428,246.44643,63.51358,0.2184942,4.1628757,unclassified
56877,anomaly,5.851694186638708e-12,5.819379871018474e-12,1.6866133828095543e-13,-11.2327,-11.2351,-12.773,-0.0028,-0.9437,0.105,-0.9798,10.871,0.1372,323.8486,-78.11706,0.21843702,4.1615357,extreme_variable
56443,anomaly,1.0978436800033325e-13,5.2052218218361856e-14,7.587245389151334e-15,-12.9595,-13.2836,-14.1199,-0.3567,-0.7456,0.055,-1.0,13.848,0.1085,24.6029,-85.15259,0.21834262,4.159324,extreme_variable
40739,agn,1.5300323018538174e-17,1.399856381886932e-15,2.0165889163741666e-15,-16.8153,-14.8539,-14.6954,0.9784,0.1805,0.059,-1.0,3.854,0.0168,315.65173,-73.7676,0.21834244,4.15932,unclassified
208,anomaly,6.627907726436611e-13,1.3646002992184626e-13,6.246649238218788e-13,-12.1786,-12.865,-12.2044,-0.6585,0.6414,27.556,1.4402,13.774,0.0974,344.27523,-63.32797,0.21829607,4.158233,extended_transient
52175,xrb,1.826057588366014e-15,7.897164536853115e-15,1.0093464502684269e-14,-14.7385,-14.1025,-13.996,0.6244,0.1221,0.058,-1.0,2.345,0.2493,106.03517,-38.28869,0.2182885,4.158056,unclassified
43865,agn,1.6465939244663193e-13,9.049773673313233e-13,7.499404346902811e-13,-12.7834,-12.0434,-12.125,0.6921,-0.0937,0.036,-1.0,0.579,0.0005,298.55369,0.88294,0.2182456,4.1570506,unclassified
53030,anomaly,4.8827613755193366e-15,1.340724253911056e-12,7.298071606768916e-12,-14.3113,-11.8727,-11.1368,0.9927,0.6896,1.227,0.0888,0.665,0.1675,348.51693,21.33077,0.21804103,4.152258,ultra_hard
35452,xrb,6.714727587605107e-13,8.703555385383787e-13,2.3650067527857734e-12,-12.173,-12.0603,-11.6262,0.129,0.462,0.061,-1.0,5.162,0.2086,75.03837,-28.29346,0.21781833,4.14704,unclassified
65633,xrb,5.6287848460577905e-14,1.969494816987268e-14,2.0014972672371168e-14,-13.2496,-13.7056,-13.6986,-0.4816,0.0081,0.987,-0.0055,4.844,0.0621,67.21616,6.66045,0.2177217,4.1447754,unclassified
76888,agn,1.3299055214975125e-16,1.5031063254520864e-13,1.323448474662915e-13,-15.8762,-12.823,-12.8783,0.9982,-0.0636,1.419,0.152,0.143,0.0897,262.42119,-4.99602,0.21764351,4.1429434,unclassified
43766,anomaly,5.26723961268133e-15,4.076434535790749e-13,3.4692421400160256e-12,-14.2784,-12.3897,-11.4598,0.9745,0.7897,0.044,-1.0,2.258,0.1064,92.38163,-14.80407,0.21756202,4.141034,ultra_hard
21660,anomaly,1.0792386609507337e-12,1.5575119937394148e-15,9.1646205611681e-16,-11.9669,-14.8076,-15.0379,-0.9971,-0.2591,0.789,-0.1028,3.792,0.0167,24.96398,62.43046,0.21748242,4.139169,unclassified
46949,xrb,5.179724122755632e-13,4.691785890048418e-13,2.9838397169294946e-14,-12.2857,-12.3287,-13.5252,-0.0494,-0.8804,0.081,-1.0,2.194,0.1362,137.15651,54.49704,0.21744579,4.138311,unclassified
21143,anomaly,4.828395509498133e-10,3.379876856648693e-10,1.4485186528494398e-10,-9.3162,-9.4711,-9.8391,-0.1765,-0.4,0.15,-0.8246,3.491,0.2006,258.21253,-54.42224,0.21737868,4.1367383,super_luminous
54073,anomaly,4.2761511981731803e-16,6.285339213395556e-15,2.0035513670585114e-13,-15.3689,-14.2017,-12.6982,0.8726,0.9392,1.747,0.2424,1.272,0.0743,222.68546,-61.43557,0.21723828,4.1334486,ultra_hard
32282,anomaly,5.350169775139036e-14,4.120545443686679e-14,5.294501475439668e-14,-13.2716,-13.385,-13.2762,-0.1298,0.1247,21.419,1.3308,8.334,0.0986,39.21106,9.80657,0.21717834,4.1320443,extended_transient
5403,agn,1.2004188571699442e-16,1.6962780935411309e-13,2.7826017180972186e-13,-15.9207,-12.7705,-12.5555,0.9986,0.2425,1.45,0.1613,3.604,0.093,25.75507,-60.97452,0.21716179,4.1316566,unclassified
49195,xrb,6.984391900444304e-13,1.3989458940700533e-12,2.2583545729991117e-12,-12.1559,-11.8542,-11.6462,0.334,0.235,0.02,-1.0,2.036,0.1145,187.88283,-50.56382,0.2170069,4.1280274,unclassified
29437,anomaly,5.257585941661822e-12,1.210311277018657e-13,8.079455750906334e-15,-11.2792,-12.9171,-14.0926,-0.955,-0.8748,2.884,0.46,1.75,0.128,68.99193,6.42611,0.21689853,4.1254883,ultra_soft
68482,anomaly,2.1024341041822603e-13,1.7580554091876123e-13,2.785747386117572e-15,-12.6773,-12.755,-14.5551,-0.0892,-0.9688,0.186,-0.7298,18.256,0.0208,105.90304,10.12079,0.21686356,4.1246686,extreme_variable
12723,xrb,3.1060607067961737e-13,2.425317943894305e-12,5.9002467677890665e-12,-12.5078,-11.6152,-11.2291,0.7729,0.4174,0.033,-1.0,2.319,0.1645,114.62296,55.58364,0.21673022,4.1215444,unclassified
25008,xrb,2.2185060028717203e-13,1.8242855954622842e-13,1.0052451867334032e-13,-12.6539,-12.7389,-12.9977,-0.0975,-0.2895,0.045,-1.0,9.517,0.105,140.51992,89.70811,0.21671817,4.121262,extreme_variable
19933,anomaly,4.190356760111207e-12,6.4486764999467964e-15,4.421818303875306e-15,-11.3777,-14.1905,-14.3544,-0.9969,-0.1865,2.04,0.3097,3.891,0.1446,113.51801,68.94348,0.21660742,4.118667,unclassified
28441,anomaly,3.738273935863461e-14,1.0371486809244153e-12,6.697440548988209e-12,-13.4273,-11.9842,-11.1741,0.9304,0.7318,0.597,-0.2242,1.383,0.0774,347.23359,36.05479,0.21660066,4.118509,ultra_hard
36089,xrb,9.64084536953686e-13,1.096888563810319e-12,3.413115198524586e-12,-12.0159,-11.9598,-11.4668,0.0644,0.5136,0.076,-1.0,3.947,0.1442,215.79159,-58.56881,0.2165538,4.117411,unclassified
65887,anomaly,1.7139918359847467e-13,3.7211625116042307e-16,1.0190002923570913e-15,-12.766,-15.4293,-14.9918,-0.9957,0.465,2.818,0.4499,3.758,0.0191,53.08549,41.97785,0.21640718,4.1139755,unclassified
25057,anomaly,2.474825902075571e-16,4.9487606814040614e-15,4.893734493545047e-13,-15.6065,-14.3055,-12.3104,0.9047,0.98,0.236,-0.6271,0.352,0.0291,13.95191,26.06849,0.21639004,4.113574,ultra_hard
20212,xrb,2.1045812831994007e-15,1.228345560430523e-14,2.9524298200946954e-14,-14.6768,-13.9107,-13.5298,0.7075,0.4124,0.076,-1.0,3.202,0.1348,141.42991,63.30778,0.21637177,4.113146,unclassified
47491,anomaly,3.0563039835237164e-13,2.9418779921586153e-15,4.446022336657101e-16,-12.5148,-14.5314,-15.352,-0.9809,-0.7374,0.42,-0.3767,1.631,0.0171,55.49138,22.55964,0.21628353,4.1110783,ultra_soft
11120,agn,2.5754514582802184e-14,5.623750009586076e-14,1.0205409667109912e-13,-13.5891,-13.25,-12.9912,0.3718,0.2894,1.702,0.231,0.478,0.0604,144.53918,-83.55412,0.21614611,4.1078587,unclassified
49170,anomaly,2.0959532375961275e-12,3.795142599769923e-15,4.554078335419608e-15,-11.6786,-14.4208,-14.3416,-0.9964,0.0909,0.534,-0.2722,4.528,0.1159,301.93753,5.30273,0.2161449,4.10783,unclassified
47945,xrb,1.7101055083490252e-14,1.4685223347331137e-14,8.110167238987564e-15,-13.767,-13.8331,-14.091,-0.076,-0.2884,0.029,-1.0,9.964,0.0875,60.51288,89.23335,0.21614458,4.1078224,extreme_variable
67926,anomaly,6.189848494211037e-12,1.6380966806200928e-13,5.364417004417723e-15,-11.2083,-12.7857,-14.2705,-0.9484,-0.9366,2.782,0.4444,3.111,0.1304,271.90506,-74.61466,0.21595818,4.103455,ultra_soft
46690,xrb,6.097107353533621e-14,3.563066934546155e-14,2.4551343764071398e-14,-13.2149,-13.4482,-13.6099,-0.2623,-0.1841,0.031,-1.0,9.867,0.1112,197.88904,48.34359,0.21577486,4.0991597,extreme_variable
32953,agn,8.20013988411293e-20,1.890918022275404e-15,1.7062323533445423e-15,-19.0862,-14.7233,-14.768,0.9999,-0.0513,1.512,0.1794,3.821,0.0899,209.70788,-24.13488,0.21570525,4.097529,unclassified
18086,xrb,1.4843972936951551e-13,8.049197493376428e-14,7.325701526989567e-14,-12.8284,-13.0942,-13.1352,-0.2968,-0.0471,0.028,-1.0,9.993,0.0765,176.46694,-87.26682,0.21562949,4.0957537,extreme_variable
78271,agn,1.112741389224915e-15,1.1725902193919945e-15,1.6440063707168359e-15,-14.9536,-14.9309,-14.7841,0.0262,0.1674,0.047,-1.0,1.257,0.0966,90.09685,-64.98747,0.21535958,4.08943,unclassified
49363,agn,3.6870018144200324e-15,9.476864088959703e-15,1.3922876159691679e-14,-14.4333,-14.0233,-13.8563,0.4398,0.19,1.5,0.176,0.086,0.0537,72.30713,64.31256,0.21527219,4.087382,unclassified
76222,agn,4.870447645337849e-16,1.2862207390089384e-15,1.7543668476818406e-15,-15.3124,-14.8907,-14.7559,0.4507,0.154,0.103,-0.9882,0.089,0.0906,43.11839,-87.17825,0.21521148,4.0859594,unclassified
32731,anomaly,3.972947191764367e-12,1.352647972102913e-12,1.1397885916347226e-11,-11.4009,-11.8688,-10.9432,-0.492,0.7878,9.494,0.9774,5.739,0.0551,116.86834,-83.41732,0.21512207,4.0838647,super_luminous
17398,anomaly,2.6637245060066904e-13,9.395631841620682e-16,9.591935135454654e-16,-12.5745,-15.0271,-15.0181,-0.993,0.0103,0.269,-0.5701,4.14,0.07,14.05865,-33.48209,0.21502319,4.0815477,unclassified
31169,xrb,1.3354954528095406e-14,2.671202897845245e-14,8.439174211808563e-14,-13.8744,-13.5733,-13.0737,0.3334,0.5192,0.065,-1.0,3.573,0.1502,147.9588,-48.82325,0.21498787,4.0807204,ultra_hard
68289,agn,7.398913907419332e-15,7.47877848182921e-15,1.2658435342115924e-14,-14.1308,-14.1262,-13.8976,0.0054,0.2572,1.863,0.2703,1.165,0.0453,11.90987,-48.33077,0.21488704,4.0783577,unclassified
29972,anomaly,2.4254936972752878e-12,2.754207398874702e-13,7.651809613438763e-13,-11.6152,-12.56,-12.1162,-0.7961,0.4707,0.544,-0.2645,17.727,0.0258,346.45327,71.61557,0.21488595,4.078332,extreme_variable
75712,anomaly,5.91261601187842e-14,2.336617456603561e-13,1.0389960070050055e-13,-13.2282,-12.6314,-12.9834,0.5961,-0.3844,18.484,1.2668,14.56,0.0639,125.46863,81.58008,0.21484092,4.077277,extended_transient
38701,anomaly,1.5642911442532866e-16,4.11445395604168e-15,3.9490202867260384e-13,-15.8057,-14.3857,-12.4035,0.9267,0.9794,1.891,0.2767,0.39,0.0042,222.81921,-80.33229,0.2148023,4.076372,ultra_hard
75853,xrb,2.38400916858872e-14,1.6013922823902937e-14,1.157576390170456e-14,-13.6227,-13.7955,-13.9365,-0.1964,-0.1609,0.072,-1.0,2.849,0.1651,336.62367,-0.07219,0.21478382,4.075939,unclassified
65261,xrb,1.0561063182567301e-14,3.341779673443041e-15,4.891614274043401e-15,-13.9763,-14.476,-14.3105,-0.5193,0.1882,0.729,-0.1374,5.267,0.1382,51.99004,-79.90991,0.2147838,4.0759387,unclassified
24016,anomaly,4.58340098852716e-15,4.2185965537588703e-14,1.4072245262320543e-12,-14.3388,-13.3748,-11.8516,0.804,0.9418,0.11,-0.9579,2.56,0.0076,158.44053,5.24867,0.21470934,4.074194,ultra_hard
45131,anomaly,6.486392786798796e-14,9.912793708068777e-14,9.181266754121458e-12,-13.188,-13.0038,-11.0371,0.2089,0.9786,1.7,0.2304,0.077,0.0462,358.29435,-14.45648,0.21464089,4.07259,ultra_hard
70369,xrb,9.793407498890779e-14,5.273001253295543e-14,1.1836585117185962e-14,-13.0091,-13.2779,-13.9268,-0.3,-0.6334,0.007,-1.0,3.314,0.1138,103.7682,64.78565,0.214593,4.071468,unclassified
74252,anomaly,1.282916172046027e-13,2.576734628763756e-14,2.771095860427698e-14,-12.8918,-13.5889,-13.5573,-0.6655,0.0363,1.712,0.2335,6.83,0.0581,264.11271,-52.35846,0.21432093,4.0650935,unclassified
57756,anomaly,6.7107796567005955e-12,1.6602545533924017e-13,1.0485545009492701e-14,-11.1732,-12.7798,-13.9794,-0.9517,-0.8812,0.541,-0.2667,2.443,0.0319,2.5349,-53.72715,0.21418026,4.0617976,ultra_soft
71904,anomaly,2.0563157079366598e-14,4.967425812756784e-14,8.24521388362043e-13,-13.6869,-13.3039,-12.0838,0.4145,0.8864,1.78,0.2504,2.542,0.0707,125.72923,88.21888,0.2141523,4.0611424,ultra_hard
35925,agn,2.271688511819534e-15,4.588157660280708e-14,4.3044334705409015e-14,-14.6437,-13.3384,-13.3661,0.9056,-0.0319,1.555,0.1918,3.498,0.0718,247.97091,51.27486,0.21410479,4.060029,unclassified
69728,agn,1.1765280838401393e-15,1.8007374688171903e-13,2.2960311686831384e-13,-14.9294,-12.7445,-12.639,0.987,0.1209,1.909,0.2808,3.574,0.091,283.04843,35.352,0.21408124,4.0594773,unclassified
3746,anomaly,5.511866082582946e-13,2.775261608363869e-13,6.7379119785243555e-15,-12.2587,-12.5567,-14.1715,-0.3302,-0.9526,0.08,-1.0,10.025,0.1094,164.5114,-69.2727,0.21406627,4.0591264,extreme_variable
49678,agn,2.2434813680520402e-15,1.8252078939282673e-15,3.905455496344988e-15,-14.6491,-14.7387,-14.4083,-0.1028,0.363,0.1,-0.9982,2.259,0.0998,162.25073,-6.77789,0.21393359,4.056018,unclassified
7971,anomaly,3.880848193203355e-12,3.998958311156973e-13,7.693594301835237e-13,-11.4111,-12.3981,-12.1139,-0.8132,0.316,0.404,-0.3935,19.288,0.1136,88.52529,18.10807,0.21386606,4.0544353,extreme_variable
11647,xrb,3.2115025932858484e-13,3.4597060505732404e-13,1.026382062416013e-12,-12.4933,-12.461,-11.9887,0.0372,0.4958,0.006,-1.0,6.45,0.2628,23.63538,-3.97188,0.21378617,4.0525637,unclassified
107,agn,3.5321218840595165e-16,4.879323503437225e-13,5.944006163870664e-13,-15.452,-12.3116,-12.2259,0.9986,0.0984,1.141,0.0574,0.122,0.0931,77.64305,28.59938,0.21368587,4.0502133,unclassified
76372,xrb,9.42646894156034e-16,1.129690358224608e-14,1.7368739590212993e-14,-15.0257,-13.947,-13.7602,0.846,0.2118,0.027,-1.0,3.821,0.0242,251.08077,-64.08813,0.21366942,4.049828,unclassified
76103,xrb,3.380562483834932e-14,1.9800742718187608e-14,1.403945444191467e-14,-13.471,-13.7033,-13.8526,-0.2613,-0.1702,0.917,-0.0374,4.389,0.0312,143.34484,8.58893,0.21359143,4.048001,unclassified
67794,anomaly,2.014527158731195e-11,7.867653515590736e-12,5.858001927154989e-12,-10.6958,-11.1042,-11.2323,-0.4383,-0.1464,7.553,0.8781,13.709,0.0853,25.90295,33.04743,0.21338373,4.043134,extreme_variable
66224,anomaly,1.210587449036692e-11,3.5112429888153226e-12,4.1877854338238935e-12,-10.917,-11.4545,-11.378,-0.5503,0.0879,7.304,0.8636,6.66,0.0643,206.98318,13.47612,0.21334942,4.0423303,super_luminous
48679,xrb,6.789048676721522e-14,7.466405549652856e-13,1.5485428959190292e-12,-13.1682,-12.1269,-11.8101,0.8333,0.3494,0.989,-0.0049,4.908,0.075,18.17483,-43.68239,0.2132964,4.041088,unclassified
34506,anomaly,2.2102544961259073e-16,8.721306535484257e-15,3.423995938048023e-13,-15.6556,-14.0594,-12.4655,0.9506,0.9503,1.775,0.2491,0.069,0.0741,205.27092,19.43146,0.21321025,4.0390697,ultra_hard
76084,xrb,3.1316304668937413e-15,6.453310859588166e-15,1.7630335254907438e-14,-14.5042,-14.1902,-13.7537,0.3466,0.4641,0.026,-1.0,3.001,0.2816,322.28063,80.95458,0.21313444,4.037293,unclassified
22310,xrb,4.7649506520419e-14,2.493273246850489e-14,1.707302846325806e-14,-13.3219,-13.6032,-13.7677,-0.313,-0.1871,0.247,-0.6071,4.074,0.0825,147.76277,34.17434,0.21307437,4.035886,unclassified
47300,anomaly,9.25204346292473e-13,2.8479511943077172e-15,7.272339140719429e-17,-12.0338,-14.5455,-16.1383,-0.9939,-0.9502,0.168,-0.7736,2.465,0.0611,205.61486,-11.25387,0.21296719,4.0333743,ultra_soft
43820,anomaly,1.5922576710359925e-13,1.4201254199353059e-13,4.149313264464092e-14,-12.798,-12.8477,-13.382,-0.0571,-0.5478,0.165,-0.7822,15.772,0.149,347.15883,-15.28042,0.2129587,4.0331755,extreme_variable
78206,anomaly,2.4383922291052224e-13,1.089178074539376e-13,2.454938529328068e-15,-12.6129,-12.9629,-14.61,-0.3825,-0.9559,0.101,-0.9948,15.195,0.045,281.28334,-86.7681,0.21287629,4.0312448,extreme_variable
38609,agn,1.1349427451413467e-18,5.637947750812116e-15,7.97750024161334e-15,-17.945,-14.2489,-14.0981,0.9996,0.1718,0.119,-0.9251,3.188,0.0031,67.09291,-71.44105,0.21276751,4.0286956,unclassified
43345,anomaly,7.638711604137299e-15,9.333702713356606e-13,6.12899000500818e-12,-14.117,-12.0299,-11.2126,0.9838,0.7357,0.069,-1.0,1.799,0.0336,167.44477,-75.23961,0.21274765,4.02823,ultra_hard
19957,agn,1.198409188455451e-14,2.149548942604373e-14,2.977398211414117e-14,-13.9214,-13.6677,-13.5262,0.2841,0.1615,1.485,0.1716,3.836,0.053,85.52121,22.78579,0.21270038,4.027123,unclassified
28226,agn,1.6593182734295614e-14,7.63005290149657e-14,8.1309363887586e-14,-13.7801,-13.1175,-13.0899,0.6427,0.0318,1.77,0.248,3.72,0.0671,170.47139,-51.48158,0.21251729,4.022833,unclassified
5488,anomaly,2.687523765102317e-14,9.915885971767055e-14,1.4836145069989952e-12,-13.5706,-13.0037,-11.8287,0.5735,0.8747,0.013,-1.0,1.687,0.0049,132.4795,-64.96687,0.21249945,4.022415,ultra_hard
41422,anomaly,5.956943864581571e-16,1.4864822946775774e-14,4.653344254671612e-13,-15.225,-13.8278,-12.3322,0.9229,0.9381,0.071,-1.0,2.075,0.1718,237.71804,-1.77922,0.2123264,4.0183606,ultra_hard
36211,agn,1.7106741868701843e-13,2.43995949518501e-13,3.21676173555245e-13,-12.7668,-12.6126,-12.4926,0.1757,0.1373,1.958,0.2919,2.673,0.0675,358.24466,-83.18304,0.21230255,4.0178013,unclassified
16648,xrb,1.340388691815059e-13,1.1624867323321418e-13,4.733012792438934e-15,-12.8728,-12.9346,-14.3249,-0.0711,-0.9218,0.009,-1.0,2.098,0.1495,156.99589,-38.26065,0.21225896,4.0167804,unclassified
5974,anomaly,1.460156215160317e-13,2.7579645035689384e-15,7.57646538053547e-18,-12.8356,-14.5594,-17.1205,-0.9629,-0.9945,0.31,-0.5091,2.358,0.1118,275.94713,76.14632,0.21223997,4.016335,ultra_soft
24551,xrb,3.314475082577533e-14,1.1603685528357803e-14,7.604626440935231e-15,-13.4796,-13.9354,-14.1189,-0.4814,-0.2082,0.003,-1.0,6.089,0.0919,340.24832,25.51399,0.21215878,4.014433,unclassified
13853,anomaly,1.9407631892520066e-12,2.81063407837611e-14,2.9085216914331113e-17,-11.712,-13.5512,-16.5363,-0.9714,-0.9979,0.199,-0.7008,2.393,0.0419,295.44558,-0.95586,0.21208769,4.0127673,ultra_soft
44892,anomaly,4.0630176438306096e-12,7.31194362292783e-14,3.8663041557266096e-14,-11.3912,-13.136,-13.4127,-0.9646,-0.3082,0.521,-0.2829,2.475,0.0078,311.96572,-87.03533,0.21208605,4.0127287,ultra_soft
5089,anomaly,5.396906820351858e-12,1.896803530484669e-14,2.609187802413748e-14,-11.2679,-13.722,-13.5835,-0.993,0.1581,2.012,0.3036,2.75,0.131,150.39351,53.76878,0.21205366,4.0119696,unclassified
75012,anomaly,2.4144121168660723e-13,3.785987852373172e-14,2.428006918880501e-14,-12.6172,-13.4218,-13.6148,-0.7289,-0.2185,1.219,0.0861,6.793,0.0209,78.14318,-48.74868,0.21178886,4.0057654,unclassified
48873,anomaly,1.8249428405499792e-13,1.1433710020165336e-13,4.127306445864223e-14,-12.7388,-12.9418,-13.3843,-0.2296,-0.4695,0.093,-1.0,12.712,0.0052,327.82288,9.58646,0.21175441,4.004958,extreme_variable
59397,anomaly,2.6709318203159934e-13,7.410328373325099e-16,1.7150540781142156e-15,-12.5733,-15.1302,-14.7657,-0.9945,0.3966,0.475,-0.3232,3.419,0.0118,122.96603,-18.39188,0.2116608,4.0027647,unclassified
13040,anomaly,4.4594679879241027e-13,1.7133683747930372e-13,5.793077374513834e-14,-12.3507,-12.7661,-13.2371,-0.4449,-0.4946,0.134,-0.8722,18.932,0.125,56.44644,-12.86371,0.21131338,3.9946246,extreme_variable
18877,anomaly,1.76216398449576e-12,5.345901377883343e-15,6.798101597336804e-15,-11.754,-14.272,-14.1676,-0.994,0.1196,2.526,0.4024,2.022,0.0028,149.57039,51.55896,0.211301,3.9943345,unclassified
65936,xrb,5.009840410540692e-16,7.628495458087212e-15,1.0369295923364454e-14,-15.3002,-14.1176,-13.9843,0.8767,0.1523,0.791,-0.1019,4.429,0.1053,80.04536,44.63164,0.21127588,3.9937458,unclassified
15851,anomaly,1.1862177669557058e-12,2.991294376743359e-15,1.8989039318114505e-15,-11.9258,-14.5241,-14.7215,-0.995,-0.2234,0.541,-0.2671,1.279,0.0038,150.72933,13.12293,0.21126184,3.9934168,unclassified
38682,anomaly,1.0330552517508832e-11,4.907187720921723e-12,5.969249313456323e-12,-10.9859,-11.3092,-11.2241,-0.3559,0.0976,6.396,0.8059,12.569,0.0495,286.04069,-78.80953,0.21122098,3.9924595,extreme_variable
29166,xrb,2.1220446781535895e-14,8.699222170010746e-15,9.979575829470537e-15,-13.6732,-14.0605,-14.0009,-0.4185,0.0685,0.077,-1.0,5.244,0.2936,311.10184,-78.36262,0.21121421,3.992301,unclassified
16773,agn,6.757644903960332e-13,6.649639311028053e-13,1.22630961364807e-12,-12.1702,-12.1772,-11.9114,-0.0081,0.2968,0.08,-1.0,0.118,0.0975,193.56025,-39.50256,0.21096411,3.986441,unclassified
61266,anomaly,1.0680740320750823e-15,2.899084844813389e-13,9.892096627441112e-12,-14.9714,-12.5377,-11.0047,0.9927,0.9431,1.932,0.2861,0.457,0.1331,71.82328,41.55368,0.21087661,3.9843907,ultra_hard
23149,xrb,9.618474076075799e-14,1.1173830516328837e-13,3.084948641229849e-13,-13.0169,-12.9518,-12.5108,0.0748,0.4682,0.106,-0.9748,7.868,0.1305,245.8232,58.38241,0.2108751,3.9843552,unclassified
794,anomaly,1.6326578382131793e-13,4.64254464659964e-15,6.483971593687074e-18,-12.7871,-14.3332,-17.1882,-0.9447,-0.9972,0.18,-0.7456,4.847,0.0823,277.9072,-83.08338,0.21064053,3.9788594,ultra_soft
43860,anomaly,6.014192432589836e-14,5.878256497828456e-13,9.257241597835412e-12,-13.2208,-12.2308,-11.0335,0.8144,0.8806,1.737,0.2397,0.596,0.1893,210.75792,-18.82373,0.21056831,3.9771671,ultra_hard
65293,anomaly,2.8037178514039016e-15,7.195210166435988e-13,2.67319084988e-12,-14.5523,-12.143,-11.573,0.9922,0.5758,0.137,-0.8625,0.936,0.0097,132.23569,21.89996,0.21051559,3.975932,ultra_hard
18435,xrb,2.0238548062752484e-14,7.282478507883029e-15,9.08456913539483e-16,-13.6938,-14.1377,-15.0417,-0.4708,-0.7782,0.077,-1.0,5.373,0.0887,201.6227,-77.20038,0.21034664,3.9719732,unclassified
13253,xrb,9.366695717022608e-15,1.102758835693334e-13,2.2969625343864017e-13,-14.0284,-12.9575,-12.6388,0.8434,0.3513,0.053,-1.0,2.469,0.1593,266.69876,75.69953,0.21023074,3.9692576,unclassified
72055,agn,3.162134777568062e-13,2.1559037459504994e-13,4.232058155834114e-13,-12.5,-12.6664,-12.3734,-0.1892,0.325,0.159,-0.7978,2.405,0.0985,112.843,56.08057,0.2101393,3.9671152,unclassified
17258,anomaly,1.2922716889337526e-13,3.3548248613222526e-14,2.3112092316084354e-15,-12.8886,-13.4743,-14.6362,-0.5878,-0.8711,1.979,0.2965,9.298,0.0252,186.04255,83.02138,0.21008506,3.9658444,extreme_variable
78805,anomaly,1.575614013528001e-11,1.0274173096425403e-11,2.8556822038387785e-11,-10.8026,-10.9883,-10.5443,-0.2106,0.4708,12.284,1.0893,12.363,0.0607,47.33928,-74.20805,0.20994137,3.9624774,extended_transient
63009,anomaly,1.0900426859430769e-12,2.4405275309065696e-14,6.256862872324805e-17,-11.9626,-13.6125,-16.2036,-0.9562,-0.9949,0.252,-0.5988,1.521,0.0738,118.86862,40.49154,0.20968515,3.956474,ultra_soft
59365,anomaly,2.817987228416398e-13,4.989418195152017e-13,1.1833487023101082e-13,-12.5501,-12.302,-12.9269,0.2781,-0.6166,26.787,1.4279,13.735,0.0016,238.68971,40.83789,0.20958394,3.9541025,extended_transient
48839,xrb,1.4673350826272083e-14,7.713741309726822e-15,6.707315918311148e-15,-13.8335,-14.1127,-14.1735,-0.3109,-0.0698,0.164,-0.7853,4.119,0.0151,181.88027,39.21932,0.20955604,3.953449,unclassified
29901,agn,3.6938181091313614e-14,7.42348550764926e-14,9.388021728350568e-14,-13.4325,-13.1294,-13.0274,0.3355,0.1169,1.461,0.1647,3.552,0.0598,196.93742,-1.83116,0.20954548,3.9532015,unclassified
72997,anomaly,1.4519786801868856e-11,2.279752037085964e-12,2.6991157129271437e-12,-10.838,-11.6421,-11.5688,-0.7286,0.0842,9.45,0.9754,12.606,0.0218,191.81865,11.78759,0.20953459,3.9529462,extreme_variable
25970,agn,4.500173002343239e-14,5.115408403073792e-14,5.125209344209491e-14,-13.3468,-13.2911,-13.2903,0.064,0.001,0.084,-1.0,3.325,0.0901,107.87177,67.8505,0.20950869,3.9523394,unclassified
27927,agn,3.8109300616302607e-14,4.0155065631573105e-14,5.034814403785783e-14,-13.419,-13.3963,-13.298,0.0261,0.1126,1.964,0.293,3.833,0.0531,6.62805,-69.07405,0.2094842,3.9517658,unclassified
24129,anomaly,8.278562465348889e-13,1.7777064156881763e-15,5.2581976356479914e-15,-12.082,-14.7501,-14.2792,-0.9957,0.4947,2.709,0.4328,4.129,0.137,343.02732,2.4538,0.2093672,3.9490244,unclassified
28333,anomaly,3.489694989153562e-12,8.11090072643139e-15,1.0319784922322558e-14,-11.4572,-14.0909,-13.9863,-0.9954,0.1198,0.083,-1.0,1.86,0.0462,185.04546,29.00401,0.20931217,3.9477348,unclassified
30650,xrb,4.5229447824437396e-13,1.9972811883791222e-13,6.49998432752365e-14,-12.3446,-12.6996,-13.1871,-0.3874,-0.5089,0.037,-1.0,2.998,0.1025,210.48843,-41.15809,0.2092356,3.9459407,unclassified
16183,anomaly,6.503062626673967e-12,1.3425430919405241e-14,6.497082547574272e-15,-11.1869,-13.8721,-14.1873,-0.9959,-0.3478,2.541,0.405,3.14,0.026,263.45694,-54.16894,0.20914456,3.9438078,ultra_soft
60824,xrb,6.435876724276272e-13,2.578695043152784e-13,2.375093166488401e-13,-12.1914,-12.5886,-12.6243,-0.4279,-0.0411,0.02,-1.0,6.136,0.1062,62.42125,42.03991,0.20906737,3.9419992,unclassified
52792,anomaly,1.7827670510441768e-14,3.273113273889302e-14,1.02578737474281e-12,-13.7489,-13.485,-11.9889,0.2948,0.9382,1.597,0.2032,0.873,0.0584,46.88455,25.37306,0.20894498,3.9391313,ultra_hard
79335,agn,1.1398575807984045e-14,9.499191814240769e-15,9.835767656790032e-15,-13.9431,-14.0223,-14.0072,-0.0909,0.0174,1.965,0.2934,2.371,0.0454,260.40961,-59.20584,0.20892937,3.9387658,unclassified
61932,anomaly,1.2430490545551338e-13,2.2235685648270366e-16,2.7413335862716057e-16,-12.9055,-15.6529,-15.562,-0.9964,0.1043,0.005,-1.0,3.521,0.0097,242.5668,78.20511,0.20877004,3.9350324,unclassified
34358,anomaly,1.7638251351101264e-12,2.415722258261769e-13,4.4221418867103343e-13,-11.7535,-12.617,-12.3544,-0.7591,0.2934,1.69,0.2278,13.806,0.0825,293.45401,-66.29675,0.20876443,3.934901,extreme_variable
73843,agn,2.2301115186556353e-17,1.0832834282044106e-14,1.9318338362752168e-14,-16.6517,-13.9653,-13.714,0.9959,0.2814,0.202,-0.6951,3.904,0.0004,54.40847,65.21327,0.20871472,3.9337363,unclassified
79957,anomaly,3.5755204677175814e-12,3.66284557568131e-15,1.067967052350124e-14,-11.4467,-14.4362,-13.9714,-0.998,0.4892,0.723,-0.1406,2.831,0.0212,216.17516,-64.42308,0.20856905,3.9303231,unclassified
18200,anomaly,4.13726875452551e-14,2.500897918994497e-14,1.7460517495053763e-12,-13.3833,-13.6019,-11.7579,-0.2465,0.9718,1.981,0.297,2.399,0.1974,321.22054,-5.96217,0.2084082,3.9265544,unclassified
73048,agn,6.498220615102903e-15,7.61431019169897e-15,1.4816719323210993e-14,-14.1872,-14.1184,-13.8292,0.0791,0.3211,1.846,0.2663,2.598,0.0484,134.81031,-7.33251,0.20810692,3.919495,unclassified
5997,anomaly,2.2531123525903372e-15,7.175198914664172e-15,4.0343239037489423e-13,-14.6472,-14.1442,-12.3942,0.5221,0.9651,0.206,-0.6858,1.233,0.0178,11.58631,-9.04781,0.20787379,3.9140327,ultra_hard
27741,agn,1.9534013831939641e-16,1.0610726707545807e-14,1.104260256229677e-14,-15.7092,-13.9743,-13.9569,0.9638,0.0199,1.76,0.2455,3.881,0.0746,283.59378,-19.74639,0.207805,3.9124207,unclassified
12234,agn,7.762743780095856e-16,8.192404621925053e-13,1.6459431083811682e-12,-15.11,-12.0866,-11.7836,0.9981,0.3354,0.037,-1.0,2.313,0.0093,74.5355,-32.49402,0.20777646,3.9117522,heavily_absorbed
65356,anomaly,6.735432689227983e-12,1.0377660265682475e-14,8.648940451042874e-15,-11.1716,-13.9839,-14.063,-0.9969,-0.0909,0.834,-0.0788,1.559,0.1265,250.01906,-61.7916,0.20776296,3.9114358,unclassified
19528,xrb,1.1136863334988503e-14,1.3415289630832051e-14,4.055132705354418e-14,-13.9532,-13.8724,-13.392,0.0928,0.5028,0.829,-0.0816,6.972,0.0114,330.28969,-77.24393,0.20770657,3.9101148,unclassified
28172,anomaly,1.092084555901785e-16,6.987831120970296e-15,2.7810900603323823e-13,-15.9617,-14.1557,-12.5558,0.9692,0.951,0.035,-1.0,1.519,0.1814,199.90179,26.13055,0.20746101,3.9043612,ultra_hard
60694,xrb,3.795311460352696e-14,2.2141010554983566e-14,1.152357073290094e-14,-13.4208,-13.6548,-13.9384,-0.2631,-0.3154,0.221,-0.6564,2.511,0.0789,297.94189,-40.69913,0.20724002,3.899183,unclassified
6098,anomaly,9.145475913479416e-10,6.401833139435591e-10,2.7436427740438247e-10,-9.0388,-9.1937,-9.5617,-0.1765,-0.4,0.801,-0.0963,3.209,0.2702,270.65633,-35.65316,0.20711754,3.8963134,super_luminous
48735,xrb,8.367904462594162e-12,4.888364190986057e-12,1.2138627587963218e-12,-11.0774,-11.3108,-11.9158,-0.2625,-0.6022,0.108,-0.9685,2.13,0.1286,303.62802,6.04755,0.2070419,3.8945413,unclassified
72324,anomaly,1.5342181564556306e-12,3.924445588549758e-13,8.204101949324168e-14,-11.8141,-12.4062,-13.086,-0.5926,-0.6542,0.022,-1.0,13.323,0.0201,245.65131,-27.39283,0.20684731,3.8899817,extreme_variable
41445,xrb,1.5493524894969442e-14,5.5734221287828075e-15,6.4906936769382485e-15,-13.8098,-14.2539,-14.1877,-0.4709,0.076,0.0,-1.0,2.666,0.1945,6.57472,-49.70865,0.20668277,3.8861265,unclassified
30389,xrb,2.6692675989614112e-14,1.4576682315197106e-14,1.1914654351480264e-14,-13.5736,-13.8363,-13.9239,-0.2936,-0.1005,0.454,-0.3426,3.879,0.0686,147.5865,36.87982,0.20654473,3.882892,unclassified
19157,anomaly,2.6173771531461123e-12,7.099137417704211e-15,2.099478971755998e-14,-11.5821,-14.1488,-13.6779,-0.9946,0.4946,1.106,0.0439,2.687,0.007,135.00953,70.51835,0.20654324,3.882857,unclassified
14517,xrb,1.5839241659302145e-14,1.5643915317493015e-14,1.5015709708268032e-15,-13.8003,-13.8057,-14.8235,-0.0062,-0.8248,0.083,-1.0,5.178,0.12,1.9316,7.13146,0.20637922,3.879014,unclassified
21222,agn,5.5969723828421756e-14,4.9410077100623254e-14,3.552477874913492e-14,-13.252,-13.3062,-13.4495,-0.0622,-0.1635,0.065,-1.0,1.024,0.0862,93.18915,32.95818,0.2063609,3.8785849,unclassified
75930,anomaly,3.1599973663488415e-12,3.900936246472502e-15,1.0785766179871566e-14,-11.5003,-14.4088,-13.9671,-0.9975,0.4688,2.172,0.3368,1.449,0.1483,327.31271,-71.3474,0.20635873,3.878534,unclassified
13041,xrb,3.4051678386121543e-13,1.7554478780617644e-13,1.497448917502946e-13,-12.4679,-12.7556,-12.8246,-0.3197,-0.0793,0.047,-1.0,8.585,0.1311,26.62329,-60.23995,0.20631719,3.8775606,extreme_variable
71743,agn,5.167726227570902e-14,4.031611054183557e-14,6.939389461767634e-14,-13.2867,-13.3945,-13.1587,-0.1235,0.265,0.098,-1.0,3.994,0.0468,103.1968,-52.54392,0.2062771,3.8766212,unclassified
35842,anomaly,1.6536553479078616e-17,1.3519106624792733e-15,1.2459859745152837e-13,-16.7816,-14.8691,-12.9045,0.9758,0.9785,0.945,-0.0246,0.417,0.0491,25.06769,-82.36292,0.20612608,3.8730829,ultra_hard
61887,xrb,4.869633327017947e-13,4.20993933368219e-13,1.8155985725800982e-14,-12.3125,-12.3757,-13.741,-0.0727,-0.9173,0.051,-1.0,9.929,0.1189,197.76501,54.97039,0.20596087,3.869212,extreme_variable
68505,xrb,6.43152764783292e-14,3.3011833360441056e-14,2.571153614319576e-14,-13.1917,-13.4813,-13.5899,-0.3216,-0.1243,0.047,-1.0,7.692,0.0895,299.47389,-8.39613,0.20592073,3.8682714,unclassified
1369,xrb,4.726682689371412e-12,1.6228197021016106e-12,1.5035532635768414e-12,-11.3254,-11.7897,-11.8229,-0.4888,-0.0381,0.092,-1.0,2.449,0.109,273.45344,-10.08018,0.2058871,3.8674831,unclassified
20473,agn,1.4031609403880032e-19,1.5285170422587468e-15,3.573806051101162e-15,-18.8529,-14.8157,-14.4469,0.9998,0.4009,0.027,-1.0,3.878,0.0953,2.7148,-12.48892,0.20571283,3.8634,heavily_absorbed
20174,agn,8.817702162145961e-15,9.817115690649456e-15,1.3070486232431322e-14,-14.0546,-14.008,-13.8837,0.0536,0.1421,0.189,-0.7235,3.894,0.095,164.69375,68.04472,0.20556062,3.8598337,unclassified
59632,xrb,1.889099063707066e-14,7.381518329495535e-15,8.971569226245638e-15,-13.7237,-14.1319,-14.0471,-0.4381,0.0972,0.196,-0.7087,5.843,0.0584,57.58573,-26.37547,0.20554617,3.8594952,unclassified
36070,xrb,6.295531353359741e-14,2.638364912884992e-14,1.8101484891985357e-14,-13.201,-13.5787,-13.7423,-0.4094,-0.1862,0.104,-0.9847,4.17,0.1329,125.1933,-48.61502,0.20552023,3.8588872,unclassified
3365,anomaly,4.338399541310066e-17,4.369677439970004e-15,2.3289635745435227e-13,-16.3627,-14.3596,-12.6328,0.9803,0.9632,1.477,0.1695,2.754,0.0737,101.62722,71.54057,0.20548815,3.8581357,ultra_hard
18351,xrb,2.4012763095807395e-15,5.660436131516721e-15,1.3823111531671074e-14,-14.6196,-14.2472,-13.8594,0.4043,0.419,0.007,-1.0,2.443,0.2835,149.04229,-11.65327,0.20546761,3.8576546,unclassified
27115,xrb,6.798315716751799e-15,1.5690391366342634e-14,4.1372721037576475e-14,-14.1676,-13.8044,-13.3833,0.3954,0.4501,0.155,-0.8109,3.253,0.1063,156.31096,2.07338,0.2052792,3.85324,unclassified
9113,anomaly,3.9323946596634107e-14,6.300330436107961e-13,9.122074843100697e-12,-13.4053,-12.2006,-11.0399,0.8825,0.8708,1.411,0.1496,0.251,0.1309,106.80097,-87.50587,0.20525032,3.8525634,ultra_hard
69261,anomaly,5.55281229704799e-12,1.2184176668760664e-14,8.456815198408079e-15,-11.2555,-13.9142,-14.0728,-0.9956,-0.1806,1.303,0.1148,3.759,0.1209,88.77451,4.20106,0.20520091,3.8514056,unclassified
54884,xrb,4.948009107217501e-15,1.2050052797731196e-14,2.479842362996162e-14,-14.3056,-13.919,-13.6056,0.4178,0.346,0.474,-0.3239,5.183,0.0265,31.45798,-35.91729,0.20515811,3.8504028,unclassified
35514,anomaly,5.080811351168557e-12,5.259490478907783e-15,1.0425313198919405e-14,-11.2941,-14.2791,-13.9819,-0.9979,0.3294,2.275,0.357,3.178,0.0626,326.44361,-87.51051,0.2051554,3.8503392,unclassified
25852,anomaly,2.5329741117718535e-12,1.6839656586293649e-12,3.716118502470621e-14,-11.5964,-11.7737,-13.4299,-0.2013,-0.9568,0.184,-0.7356,18.24,0.0848,153.75684,58.93246,0.2051214,3.8495424,extreme_variable
16305,anomaly,8.641006997021334e-12,3.9595631710949374e-14,3.116810838834964e-14,-11.0634,-13.4024,-13.5063,-0.9909,-0.1191,1.966,0.2936,1.819,0.0865,56.7686,15.67863,0.20509392,3.8488986,unclassified
10065,xrb,1.771113727510966e-14,1.1510510604627192e-14,1.1055256172896067e-15,-13.7518,-13.9389,-14.9564,-0.2122,-0.8247,0.343,-0.4649,3.366,0.1075,53.10955,-13.89494,0.205003,3.8467681,unclassified
73295,anomaly,1.7630619665048787e-13,2.0068122078575993e-13,7.375642056989981e-14,-12.7537,-12.6975,-13.1322,0.0647,-0.4625,7.448,0.8721,11.662,0.0006,194.29464,-78.72278,0.2049632,3.845836,extreme_variable
43118,anomaly,2.5396917654261425e-13,4.4380467571590147e-14,6.426729146730097e-14,-12.5952,-13.3528,-13.192,-0.7025,0.183,0.815,-0.0886,5.528,0.0903,224.99057,-1.61453,0.20486984,3.8436482,unclassified
19966,agn,3.435288485354895e-16,1.2447159497302605e-13,1.9274473728478532e-13,-15.464,-12.9049,-12.715,0.9945,0.2152,0.095,-1.0,3.15,0.0056,261.82459,64.36014,0.20486295,3.843487,unclassified
1166,xrb,2.078351544445428e-14,1.3405994005284827e-14,3.641023892464802e-15,-13.6823,-13.8727,-14.4388,-0.2158,-0.5728,0.038,-1.0,4.325,0.1241,177.72871,-64.2063,0.20485902,3.8433948,unclassified
42111,agn,4.1751641279622425e-16,1.4296878625040455e-14,2.921128850286574e-14,-15.3793,-13.8448,-13.5344,0.9432,0.3428,1.914,0.282,3.099,0.0787,54.35968,-32.18792,0.20485641,3.8433337,unclassified
70539,agn,2.7174013217592585e-14,2.8497125194292224e-14,3.597902193089009e-14,-13.5658,-13.5452,-13.444,0.0238,0.116,1.89,0.2764,2.636,0.0513,82.65119,-26.96452,0.20468879,3.8394063,unclassified
42917,agn,2.2042171232010223e-15,3.853267563852403e-13,3.676345198333294e-13,-14.6567,-12.4142,-12.4346,0.9886,-0.0235,0.119,-0.9262,0.836,0.0055,219.02608,36.69377,0.20467344,3.8390465,unclassified
25888,agn,5.329055155699418e-15,8.418257188392508e-15,8.363256845159036e-15,-14.2733,-14.0748,-14.0776,0.2247,-0.0033,1.992,0.2992,3.192,0.0548,130.00664,82.5858,0.20450026,3.8349888,unclassified
73065,anomaly,9.860841049572719e-17,1.808650688197684e-15,1.1221345541118138e-13,-16.0061,-14.7426,-12.95,0.8966,0.9683,1.199,0.0787,2.888,0.0528,231.79088,-1.24115,0.20444673,3.8337348,ultra_hard
25648,anomaly,1.6051817366266495e-13,4.41024343803851e-15,1.27241021362638e-15,-12.7945,-14.3555,-14.8954,-0.9465,-0.5522,2.115,0.3253,3.617,0.0003,50.82899,-45.92691,0.20425496,3.8292413,ultra_soft
79861,anomaly,2.8962798514602245e-13,3.726077631790833e-16,1.3296659413277047e-15,-12.5382,-15.4287,-14.8763,-0.9974,0.5622,2.886,0.4603,4.69,0.1273,259.21232,81.60081,0.20419873,3.8279238,unclassified
46319,anomaly,7.564346588207514e-14,1.5455232892253852e-13,1.226974732424766e-13,-13.1212,-12.8109,-12.9112,0.3428,-0.1149,12.698,1.1037,13.32,0.0106,49.99016,-54.97904,0.20419092,3.827741,extended_transient
49725,anomaly,1.0508736194801514e-13,2.3867277928247138e-14,2.759571885848094e-14,-12.9784,-13.6222,-13.5592,-0.6298,0.0724,1.699,0.2301,8.094,0.061,243.06833,64.52919,0.20418662,3.82764,extreme_variable
26752,anomaly,1.082893340211824e-15,5.413324232293986e-15,1.7132056774154644e-13,-14.9654,-14.2665,-12.7662,0.6666,0.9387,0.025,-1.0,0.825,0.0894,254.32332,89.01604,0.20409301,3.8254466,ultra_hard
53747,agn,2.7734980603204284e-15,1.2944786536924784e-15,1.8203099691149665e-15,-14.557,-14.8879,-14.7399,-0.3636,0.1688,0.153,-0.8165,3.781,0.0009,162.6766,-22.14111,0.20408146,3.825176,unclassified
6211,agn,7.44983393647087e-18,3.067267032468041e-15,5.4025663442104295e-15,-17.1279,-14.5132,-14.2674,0.9952,0.2757,0.047,-1.0,1.322,0.0058,285.41956,-24.4669,0.20404701,3.824369,unclassified
60670,agn,1.2409018007352595e-14,1.3411673337609e-13,1.8458814966956454e-13,-13.9063,-12.8725,-12.7338,0.8306,0.1584,1.58,0.1987,3.03,0.0737,59.80996,-84.92911,0.20401523,3.8236241,unclassified
44958,anomaly,1.6647704022331414e-13,3.660576041883163e-13,9.550515492856324e-14,-12.7786,-12.4365,-13.02,0.3748,-0.5862,21.617,1.3348,10.668,0.0221,179.77769,72.95043,0.20395842,3.8222933,extended_transient
45720,xrb,4.599142824290616e-13,2.326021295479987e-13,6.691390379895802e-14,-12.3373,-12.6334,-13.1745,-0.3282,-0.5532,0.089,-1.0,2.708,0.1163,8.27512,71.72483,0.20392871,3.821597,unclassified
41460,anomaly,5.8393850250637515e-15,1.5264130440873692e-13,5.657037292044853e-12,-14.2336,-12.8163,-11.2474,0.9263,0.9475,0.3,-0.5226,0.275,0.0897,12.35095,-48.47677,0.20392495,3.8215091,ultra_hard
19419,xrb,4.4041041110612806e-15,1.2432816044189929e-14,1.4397349621993683e-14,-14.3561,-13.9054,-13.8417,0.4769,0.0732,0.91,-0.0408,4.184,0.1387,264.97393,-78.22458,0.20385483,3.819866,unclassified
