#        weight    minuslogpost            logA             nnu              ns           ombh2           omch2             tau    theta_MC_100        A_planck         amp_143         amp_217     amp_143x217           n_143           n_217       n_143x217           calTE           calEE              As              H0          sigma8          omegam              S8      delta_neff             age       chi2__CMB   minuslogprior minuslogprior__0            chi2 chi2__planck_NPIPE_highl_CamSpec.TTTEEE chi2__planck_2018_lowl.TT chi2__planck_2018_lowl.EE chi2__planck_2018_lensing.clik
              3       5874.6752       3.0409879       3.3356163      0.96631223     0.022339797      0.11800752     0.047243653       1.0408273       1.0020085        8.000805       19.928976       7.2092157      0.23343971      0.95477887      0.33288034      0.99441189       1.0126752   2.0925906e-09       71.413354      0.79439684      0.27646247      0.76259679      0.28961627       13.498173       11737.216       6.0674264        6.0674264       11737.216                               11303.893                  24.54861                 395.85296                       12.92065
              2       5850.3136       3.0378226       3.3356163      0.97015907     0.022339797      0.11800752     0.047243653       1.0408273       1.0017892       7.5483458       19.606865       7.1898852      0.17790843       1.1158508      0.57148411      0.99003806       1.0105022   2.0859773e-09       71.413354      0.79435268      0.27646247      0.76255439      0.28961627       13.498173       11688.449        6.089042         6.089042       11688.449                               11254.737                 23.425607                  395.9025                      14.383807
              1       5804.7156       3.0379667       3.3233676      0.96974788     0.022294142      0.11815178     0.047345436       1.0408776       1.0017565       8.3845376       18.782152       7.4188085      0.45928192       1.7634587       1.3272192      0.99048849       1.0122207   2.0862781e-09       71.194415      0.79542835      0.27835998      0.76620298      0.27736759        13.51414       11596.969       6.2311458        6.2311458       11596.969                                11163.85                 23.452775                 395.89421                      13.771817
              1       5742.5987       3.0398121       3.3134156      0.97218544     0.022338761      0.11799752     0.047716003       1.0413537       1.0027914       10.269638       18.730803       7.7123503      0.62358229       1.5193266       1.0309163      0.99654191        1.023136   2.0901316e-09       71.336407      0.79688561      0.27703751      0.76578111      0.26741556       13.504999       11468.908       8.1447619        8.1447619       11468.908                                11035.92                 22.926693                 395.84089                      14.219854
              3       5666.0883       3.0382527       3.3134156      0.97512276     0.022338761      0.11799752     0.047716003       1.0413537       1.0032716       12.757353       18.590681       9.3196727      0.45827378       1.5070671       1.0864937      0.98914877       1.0167199   2.0868748e-09       71.336407      0.79719549      0.27703751      0.76607889      0.26741556       13.504999        11316.92        7.628065         7.628065        11316.92                               10883.302                 22.202369                  395.9201                      15.495567
              2       5654.0072       3.0382174       3.3134156      0.97512215     0.022338761      0.11799752     0.047716003       1.0413537       1.0039837       12.698761       18.216156        9.197747      0.54869065       1.4140502       1.1297781      0.98959115       1.0156025   2.0868011e-09       71.336407      0.79718122      0.27703751      0.76606518      0.26741556       13.504999       11292.387        7.813735         7.813735       11292.387                               10858.193                 22.113002                 395.89923                      16.181986
              1       5651.2205       3.0396981       3.3239638      0.97651268     0.022337488      0.11779961     0.049346169       1.0414187       1.0037999       13.107083       18.434643       9.5013144      0.54097213       1.4661637       1.1667611      0.99185585       1.0154051   2.0898934e-09       71.555776      0.79722111      0.27495248      0.76321514      0.27796375       13.491681       11287.524       7.4586081        7.4586081       11287.524                               10852.514                 21.885013                 395.77658                      17.347938
              1       5652.9057       3.0396915       3.3239638      0.97646433     0.022337488      0.11779961     0.049346169       1.0414187        1.003782       12.434119       17.354954       8.5653498      0.62356278       1.2603189        1.126166      0.99626363       1.0254308   2.0898794e-09       71.555776      0.79720305      0.27495248      0.76319786      0.27796375       13.491681       11287.345       9.2329908        9.2329908       11287.345                               10852.346                 21.894687                 395.76822                      17.336404
              1       5636.8262       3.0402878       3.3196576      0.97657746     0.022298637      0.11812947     0.049232323       1.0415547       1.0037124       12.648646        17.05013       8.4284975      0.62649925       1.4072729       1.2758993      0.99762671        1.021915    2.091126e-09       71.396482      0.79907988      0.27675164      0.76749343       0.2736576       13.497481       11257.018        8.317316         8.317316       11257.018                               10823.061                 21.877241                 395.77108                      16.308861
              5       5623.8335       3.0404451       3.3173681      0.97696771     0.022303956      0.11798366     0.049327483       1.0416094       1.0035251       12.807871       16.305391       8.1784442      0.79196934       1.4093149       1.3070194       1.0069482       1.0254253   2.0914551e-09       71.446991      0.79883861      0.27608526      0.76633741      0.27136807       13.496915       11229.161       9.2529622        9.2529622       11229.161                               10795.279                 21.853219                 395.76612                      16.262656
              1       5598.0813       3.0405193       3.3162958      0.97685073     0.022311879      0.11807239     0.049417153       1.0416088       1.0033015       14.257498       15.604065       8.6948815      0.83096701       1.3921925        1.212224       1.0100992       1.0305725   2.0916101e-09       71.407893        0.799148      0.27657722      0.76731695      0.27029576       13.497674       11174.481       10.840586        10.840586       11174.481                               10740.879                 21.882843                  395.7645                      15.955021
              4       5591.9191       3.0404157       3.3059671      0.97632008     0.022284947      0.11816205      0.04946034       1.0416097        1.003199       13.890052       15.039473       8.2882958         0.87289       1.4868593       1.2983253       1.0062062       1.0265562   2.0913935e-09       71.230436      0.79970887      0.27808065      0.76993962      0.25996707       13.511066       11165.193        9.322699         9.322699       11165.193                               10732.075                 21.934643                 395.75887                      15.424367
              1       5564.6203       3.0381626       3.3059671       0.9813024     0.022284947      0.11816205      0.04946034       1.0416097       1.0033112       14.019792       12.847672       7.2511511      0.81787711       1.4266001       1.4157641      0.99470401       1.0176572   2.0866867e-09       71.230436      0.80039622      0.27808065      0.77060138      0.25996707       13.511066       11114.518       7.3614947        7.3614947       11114.518                               10680.797                 21.073181                 395.78825                      16.859179
              1       5555.0665       3.0342848       3.3059671      0.98145965     0.022284947      0.11816205      0.04946034       1.0416097       1.0014019        14.03654       12.701743       7.5970801      0.76429625       1.5264785       1.6127758      0.99891472        1.017227   2.0786107e-09       71.230436        0.798896      0.27808065      0.76915701      0.25996707       13.511066       11097.269       6.4322224        6.4322224       11097.269                               10662.786                 21.050137                 395.78722                      17.644925
              2       5533.2837       3.0354615       3.2439298      0.97976348     0.022275421        0.119276     0.050020629        1.041975       1.0003027       14.596907       12.402674       7.5286046      0.90365311       1.7174865       1.9314665      0.99797912       1.0047528   2.0810579e-09       70.210238      0.80504271      0.28846117      0.78940883      0.19792985       13.568973       11056.716       4.9259521        4.9259521       11056.716                               10626.335                  21.19531                 395.73413                      13.450789
              1        5519.422       3.0346529       3.2182428      0.97770888     0.022258049      0.11965211     0.049895471       1.0418731      0.99971677        15.86887       12.196805       8.4070533       1.1630459       1.6671403       2.1330238       1.0032621       1.0060435    2.079376e-09       69.723885      0.80614309      0.29323741      0.79700528       0.1722428        13.60136       11028.789       5.0274963        5.0274963       11028.789                               10599.426                 21.419673                 395.74589                      12.197033
              2       5516.8333         3.03535       3.2182428      0.97630834     0.022258049      0.11965211     0.049895471       1.0418731       1.0003529       16.445641       12.145348       8.7243213       1.1337616       1.5801074       2.0184005      0.99960014       1.0055663    2.080826e-09       69.723885      0.80598167      0.29323741      0.79684569       0.1722428        13.60136       11023.765       4.9509373        4.9509373       11023.765                               10594.129                 21.596336                 395.74972                      12.289408
              2       5515.7126       3.0349293       3.2284583      0.97654557      0.02238371      0.11951165     0.049736635       1.0417942       1.0011153       16.486316       12.125296       8.8650844       1.1143213       1.6515953       2.0169066      0.99886401       1.0026532   2.0799508e-09       69.972966      0.80448264      0.29112323      0.79249126      0.18245832        13.58027       11021.572       4.9264208        4.9264208       11021.572                               10590.983                 21.526448                 395.74956                       13.31376
              4        5514.373       3.0346752       3.2284583      0.97673398      0.02238371      0.11951165     0.049736635       1.0417942       1.0003444       16.592892       11.370021       8.7163446      0.96130264       1.7385329        2.025506      0.99891281       1.0054432   2.0794223e-09       69.972966      0.80443998      0.29112323      0.79244924      0.18245832        13.58027       11018.848       4.9487965        4.9487965       11018.848                               10588.629                 21.566403                 395.76391                      12.889601
              2       5507.2596       3.0341622       3.1752683      0.97387156     0.022332112      0.12017393     0.049956944        1.041801      0.99959503       17.835055       11.073906       8.5727393       1.1116416       1.7201901       1.8224124      0.99748659       1.0009884   2.0783559e-09       69.072467       0.8074297      0.30004347       0.8074882      0.12926827       13.642038        11004.85       4.8348447        4.8348447        11004.85                               10576.294                 21.867625                 395.71447                      10.973063
              1       5506.9804       3.0346679       3.2251599      0.97585594     0.022528341      0.11996969     0.050252892       1.0417007      0.99946783          18.375       12.017224       9.0307377       1.1027675       1.8050555       1.8724106       1.0032236       1.0032869   2.0794072e-09       69.859591      0.80514005      0.29330383      0.79610375      0.17915989       13.574096       11004.133       4.9138858        4.9138858       11004.133                               10574.428                 21.721607                  395.7374                      12.245641
              1       5505.7817       3.0346558        3.225177      0.97583946     0.022528632      0.11997326     0.050245097       1.0416985      0.99925378       17.404212       11.002432        8.071452       1.2046482       1.7324004        2.066644       0.9998321       1.0041974   2.0793819e-09       69.858016      0.80513852      0.29332496      0.79613091      0.17917702        13.57413       11001.727       4.9180352        4.9180352       11001.727                               10572.136                 21.747672                  395.7374                      12.106453
              3       5507.8938       3.0361179       3.2224218      0.97453975     0.022461915      0.12148386     0.050708831       1.0417852      0.99830273       17.049856       10.910802       7.7492833       1.2608766       1.6958782       2.2075768      0.99901173      0.99899685   2.0824244e-09       69.261299      0.81087563      0.30141087      0.81278013      0.17642181       13.587566       11005.736       5.0256285        5.0256285       11005.736                               10577.531                 21.915328                 395.72728                      10.562525
              1       5510.8178       3.0362841       3.2400052      0.97516331     0.022455398      0.12133997      0.05083214       1.0417336      0.99833801       16.870673       11.618319       8.0228686       1.3236522       1.7128707       2.2677777       1.0002681       1.0080162   2.0827706e-09        69.49362      0.81011287      0.29908753      0.80887992      0.19400524       13.571461        11010.98       5.3278864        5.3278864        11010.98                               10582.485                 21.853214                 395.70922                      10.932245
              6       5510.0675       3.0363739       3.2372755      0.97510537     0.022456572      0.12134111     0.051047256       1.0417337      0.99883442       17.413535       11.065702       7.8399131       1.2803791       1.8611581       2.2113076       1.0051028       1.0016709   2.0829576e-09       69.462493      0.81021187      0.29936043      0.80934777      0.19127548       13.574083       11010.059       5.0380919        5.0380919       11010.059                               10581.339                 21.786672                  395.7396                      11.193481
              3       5508.4009       3.0348018       3.2073359      0.97442301      0.02257328      0.12102042     0.049594381       1.0418107      0.99886353       17.050594       10.288231       7.3555856       1.2166151        1.829984       2.0836057       1.0017948         1.00158   2.0796855e-09       69.352358      0.80876318      0.29988789      0.80861205      0.16133595       13.588965       11006.967       4.9171673        4.9171673       11006.967                               10578.647                 21.949477                 395.71316                      10.658217
              1       5511.3645       3.0331558       3.2073359      0.97648397      0.02257328      0.12102042     0.049594381       1.0418107      0.99865551       17.211292       10.592731       7.5905812       1.2331051       1.5937708       2.0830737       1.0065148       1.0020414   2.0762653e-09       69.352358      0.80874885      0.29988789      0.80859772      0.16133595       13.588965       11012.403       5.1629178        5.1629178       11012.403                                10583.96                 21.556461                 395.75428                      11.132341
              1       5511.9569       3.0331591       3.2051638       0.9764478     0.022568411      0.12099561     0.049662461        1.041813      0.99800566       17.276536       10.152314       7.8805151       1.1620247       1.5538998       2.0113322        1.004323      0.99969263    2.076272e-09       69.332496      0.80874273        0.299998      0.80874003      0.15916382       13.591463       11013.519       5.1973594        5.1973594       11013.519                               10585.331                 21.624053                  395.7483                      10.815952
              1       5511.2132       3.0324181       3.2095838      0.97566668     0.022539574      0.12112563     0.048989085       1.0416961      0.99790639       17.495429       10.663875        8.206222       1.2493289       1.5560976       2.0186795       1.0073051       1.0017938   2.0747341e-09       69.273777      0.80851574      0.30071764       0.8094822      0.16358383       13.593873       11011.589       5.4188259        5.4188259       11011.589                               10583.428                 21.755551                 395.77771                      10.627413
              1       5509.9779       3.0322567       3.2758094      0.97826253     0.022686552      0.12023682     0.049060905       1.0414611      0.99814368       17.505696       10.989159       8.7055582       1.1304097       1.7154834        2.034444       1.0047177       1.0014478   2.0743994e-09        70.40843      0.80342189      0.28960701      0.78938263      0.22980936       13.515899        11009.59       5.1826907        5.1826907        11009.59                               10579.393                 21.553231                 395.79079                      12.853326
              3       5509.3138       3.0308738       3.2758094      0.97735031     0.022686552      0.12023682     0.049060905       1.0414611      0.99718859       17.059461       10.757126       8.3340011       1.0728537       1.7266135       2.1113678        1.002186       1.0012486   2.0715325e-09        70.40843      0.80257664      0.28960701      0.78855215      0.22980936       13.515899       11007.729       5.4492642        5.4492642       11007.729                                10577.38                 21.720962                 395.76005                      12.868282
              1       5511.5852          3.0319       3.2712939      0.97774497      0.02266188      0.12025491     0.050300486       1.0415215      0.99718943       18.442232       10.217433        8.104936       1.1858074       1.7607375       2.0376182       1.0051041       1.0069433   2.0736594e-09       70.348833      0.80347041      0.29008459      0.79008095      0.22529391       13.521154       11011.593       5.7885083        5.7885083       11011.593                               10581.145                 21.595661                 395.72434                      13.128275
              2       5511.5531       3.0320004       3.2819171      0.97759579     0.022785764      0.12061638     0.050398818       1.0414614      0.99710753       18.038953       10.546894       8.2350355       1.2162615       1.7146804       2.2177524       1.0026151      0.99524657   2.0738676e-09       70.428129      0.80380546      0.29041025      0.79085396      0.23591712       13.501725       11011.903       5.6017331        5.6017331       11011.903                               10581.364                 21.627082                 395.71411                      13.197511
              5       5507.7578       3.0291989       3.2561927      0.97163266     0.022713445      0.12209399     0.048985253       1.0409267      0.99518634       15.766549       10.343498       7.0154612       1.2810449       1.6581335       2.3391818       1.0031287       1.0037832   2.0680659e-09       69.358735      0.80637183      0.30235577      0.80953168      0.21019265       13.556601       11001.997       6.7594727        6.7594727       11001.997                               10573.315                 22.562759                 395.74056                      10.378043
              3       5508.7337       3.0306562       3.2265244      0.97240275     0.022670351      0.12180403     0.050783323       1.0411623      0.99539176       16.163372       10.162957       7.1318653       1.3128024        1.708749       2.3484877       1.0048364       1.0024644   2.0710818e-09       69.160313      0.80750802      0.30339687      0.81206682      0.18052442       13.582425       11004.204       6.6314441        6.6314441       11004.204                               10575.708                 22.283276                  395.6904                      10.523074
              1       5511.4328       3.0305506       3.1855423      0.97183891     0.022631582      0.12201444     0.049850282       1.0414628      0.99609626       15.492289       10.475308       7.6274031       1.1484231       1.8961356       2.3999714      0.99871404      0.99851092   2.0708632e-09        68.68044      0.80962617      0.30801526      0.82037048      0.13954229       13.619538       11010.818       6.0237474        6.0237474       11010.818                               10582.881                  22.27772                 395.71769                      9.9418661
              1       5511.1453       3.0310023       3.1855423      0.97002831     0.022631582      0.12201444     0.049850282       1.0414628      0.99592469       15.408903       10.466539       7.1336232       1.2769598       1.7115407       2.3020799      0.99874617       1.0016352   2.0717988e-09        68.68044      0.80924173      0.30801526      0.81998094      0.13954229       13.619538        11010.02       6.1351339        6.1351339        11010.02                               10581.903                 22.665824                 395.70484                      9.7463162
              4       5505.3278       3.0304557       3.1648591      0.96963787      0.02245596      0.12140696     0.049964333       1.0414462      0.99633845       15.644386       10.706451       7.3164265       1.1238633       1.6506763       2.0932511      0.99688842       1.0035411   2.0706667e-09       68.499463      0.80821497      0.30797602      0.81888838       0.1188591       13.655998       10998.718       5.9689205        5.9689205       10998.718                               10570.547                 22.626083                 395.69737                      9.8471924
              3       5502.9542       3.0327665       3.1648591      0.97278489      0.02245596      0.12140696     0.049964333       1.0414462      0.99773986       16.420266       10.715888        7.464506       1.0722642       1.6232658       1.9686599      0.99815412       1.0039943   2.0754571e-09       68.499463      0.81013201      0.30797602      0.82083074       0.1188591       13.655998       10995.327       5.2907212        5.2907212       10995.327                                10567.72                 22.026323                  395.7236                      9.8573894
              1       5503.4874       3.0326003        3.210299      0.97522463     0.022535575      0.12060495     0.049344652       1.0414026      0.99856126       17.095096       10.618539       7.6957027       1.0672488       1.6125603       1.8752162       1.0011457       1.0075557   2.0751122e-09       69.363445      0.80642861      0.29885014      0.80488166      0.16429897       13.599947       10996.489       5.2428551        5.2428551       10996.489                               10567.956                 21.775196                 395.73003                       11.02762
              3       5503.0278       3.0325997       3.2105341      0.97522921     0.022535775      0.12060034     0.049354891       1.0414002      0.99915731       17.235192       11.091092       8.0284699        1.032986        1.584343        1.857178        1.000932       1.0066946   2.0751109e-09       69.367176      0.80640413      0.29880881      0.80480157      0.16453412       13.599741       10995.915       5.0704977        5.0704977       10995.915                                10567.11                 21.707954                 395.74491                      11.351559
              6       5499.1573       3.0303504       3.2376962      0.97285976     0.022629217      0.12135356     0.047253198       1.0409855      0.99844694       16.516777       10.572489       7.3949135       1.0526416       1.6961439       2.0050451      0.99751018       1.0013086   2.0704485e-09       69.353829      0.80570952      0.30068408      0.80662762      0.19169623       13.578596       10988.279        5.017772         5.017772       10988.279                               10559.527                 22.210609                 395.88228                      10.659526
              2       5502.6059       3.0302891       3.2431637      0.97321786     0.022583305      0.12107904     0.047290542         1.04096      0.99933229       16.261986       10.496565       7.1626744       1.1454238       1.8109738        2.030553       1.0035406       1.0031514   2.0703218e-09       69.467132      0.80488263      0.29904002       0.8035938      0.19716368       13.577232       10995.345       4.9332596        4.9332596       10995.345                               10566.016                  22.06535                 395.90126                      11.363057
              2        5502.716       3.0303948         3.24102       0.9733976     0.022575755      0.12103049     0.047290932       1.0410012      0.99957254        16.69548       10.341176       7.3613515      0.94756054       1.6857801       1.8600689       1.0004678       1.0009776   2.0705406e-09       69.467123       0.8049511      0.29892383      0.80350603      0.19501996       13.578708       10995.821       4.8057453        4.8057453       10995.821                               10566.415                 22.014796                 395.92855                      11.462184
              1        5502.402       3.0303629       3.2392853      0.97330424     0.022572717      0.12105343     0.047258701       1.0410038      0.99956706       16.590198        10.27585       7.3555919       0.9596145       1.6853562       1.8949804      0.99985218      0.99985954   2.0704746e-09       69.437099      0.80505278      0.29922367      0.80401046      0.19328533       13.580775       10995.203       4.8004572        4.8004572       10995.203                               10565.849                 22.025595                 395.92927                      11.399041
              1       5504.3953       3.0301858       3.2288143      0.97308731     0.022578532      0.12092675     0.047387128       1.0410091      0.99956566       16.353076       10.325586       7.3989091      0.94180975       1.8235024       1.7735112       1.0027643      0.99546751   2.0701078e-09       69.366988      0.80478243      0.29957765      0.80421573      0.18281427       13.590013       10998.908       4.9412701        4.9412701       10998.908                               10569.611                 22.036471                 395.90268                      11.358201
              2       5502.0479       3.0314946       3.2288143      0.97192246     0.022578532      0.12092675     0.047387128       1.0410091       0.9999637       16.440933       11.733672       8.0063955       1.0777561       1.6304643       1.8173748       1.0027459       1.0045463    2.072819e-09       69.366988      0.80494351      0.29957765       0.8043767      0.18281427       13.590013       10994.243       4.9264035        4.9264035       10994.243                               10564.999                 22.270043                 395.89911                      11.074555
              1       5502.3078        3.031038       3.2362453      0.97169819     0.022647368      0.12103638     0.046906187       1.0409427      0.99985593       16.610284       11.664128       7.8631707       1.0032803       1.5766146       1.6421952      0.99926434        1.003234   2.0718728e-09       69.450105      0.80448934      0.29923103      0.80345763       0.1902453       13.578142       10994.932       4.8419144        4.8419144       10994.932                               10565.589                 22.357536                 395.95308                      11.031881
              1       5500.8195       3.0327248       3.2362453      0.97574147     0.022647368      0.12103638     0.046906187       1.0409427       1.0013461       16.764313       10.584911       7.2444646       1.1654275       1.5732663       1.7252709      0.99705511      0.99821104   2.0753705e-09       69.450105      0.80644114      0.29923103      0.80540694       0.1902453       13.578142        10991.66       4.9895803        4.9895803        10991.66                               10562.887                  21.61106                 395.95262                      11.209122
              1        5502.225       3.0326947       3.2195209       0.9725508     0.022693528      0.12215519     0.048460824       1.0406274       0.9973015       14.438558       9.4061951       5.6856582       1.1898515        1.945736       2.3663618      0.99685183      0.99281705    2.075308e-09       68.793538      0.80916006      0.30743163      0.81912105       0.1735209       13.604371       10993.099       5.6753345        5.6753345       10993.099                               10565.605                 22.292718                 395.77758                      9.4244547
              1       5497.9308       3.0325831       3.1943181      0.97239926     0.022567656      0.12158121      0.04908106       1.0406649      0.99758237       15.205812       9.8433038       6.2198057       1.1600251       1.9705428       2.1913965      0.99727246      0.99642972   2.0750765e-09       68.609234      0.80846509      0.30759879      0.81863998      0.14831813        13.63883       10985.154       5.3537793        5.3537793       10985.154                               10557.704                 22.207754                 395.73784                      9.5046546
              2       5500.0813       3.0315958       3.1943181      0.97465368     0.022567656      0.12158121      0.04908106       1.0406649      0.99764461       15.439713       10.649384       6.5963383       1.0848723       1.7623178       2.0013755      0.99821519      0.99822829   2.0730288e-09       68.609234      0.80877093      0.30759879      0.81894968      0.14831813        13.63883       10989.641       5.2607067        5.2607067       10989.641                               10562.356                  21.76696                 395.74746                      9.7711564
              2       5498.4519       3.0308232       3.1943181      0.97475934     0.022567656      0.12158121      0.04908106       1.0406649      0.99738869       15.197899       9.8305302       6.1809382        1.014845       1.7982192       1.9720622      0.99635327      0.99600109   2.0714278e-09       68.609234      0.80849161      0.30759879      0.81866684      0.14831813        13.63883       10985.949       5.4772175        5.4772175       10985.949                               10558.593                 21.736182                 395.75966                      9.8610632
              4       5499.6216       3.0312199       3.1961894       0.9750818     0.022578311      0.12154543     0.049566566       1.0406795      0.99728877       15.773439         9.77593       7.0955632       1.0293085       1.7832061       2.1264747      0.99902898      0.99170778   2.0722496e-09       68.657413      0.80854987      0.30711393      0.81808031      0.15018945       13.635293       10987.799       5.7218356        5.7218356       10987.799                               10560.455                 21.686153                 395.71502                      9.9428595
              1       5499.7109       3.0313402       3.1965484      0.97510723     0.022578657      0.12170719     0.049329875       1.0407264      0.99807675       16.299552       10.402139       7.4048374       1.0281902       1.6866064       1.9417264      0.99947081      0.98878848   2.0724989e-09       68.621047      0.80917144       0.3077838       0.8196016      0.15054836       13.634184           10988       5.7110564        5.7110564           10988                               10560.539                 21.609258                 395.75011                      10.101415
              1       5500.4459       3.0313718       3.1961532      0.97515788     0.022578779      0.12168986      0.04935645       1.0407341      0.99809633       16.335098       11.292714       7.4004868      0.97542994        1.654807       1.6602365       0.9980372      0.99843103   2.0725645e-09       68.625235      0.80916115      0.30770968      0.81949249      0.15015315       13.634273       10990.678       5.1067419        5.1067419       10990.678                               10563.217                 21.600444                 395.74707                      10.113657
              3       5500.3141       3.0313744       3.1962265      0.97516154     0.022578873      0.12168959     0.049358688        1.040734      0.99893255       16.554903       10.659952       7.3098851      0.83848413        1.752745       1.6693558      0.99361122      0.99418253   2.0725699e-09       68.626241      0.80915989      0.30770029      0.81947871      0.15022646        13.63419       10990.129       5.2497084        5.2497084       10990.129                               10562.437                 21.511258                 395.74943                      10.430878
              2       5503.2987       3.0313668       3.1964401      0.97517445     0.022577596      0.12168156      0.04934555        1.040734      0.99894473       16.478013       10.701829       7.0978854      0.76075325        1.636016       1.2989597      0.99643678      0.99632556   2.0725541e-09       68.630435      0.80913335      0.30764293      0.81937544      0.15044014        13.63407       10996.587       5.0053312        5.0053312       10996.587                               10568.889                 21.509714                 395.74943                      10.438449
              1       5502.4296       3.0320596       3.2124922      0.97602925     0.022562366      0.12183101      0.04930064       1.0408086      0.99913402       15.417158       11.177663       7.8704155       0.9040806       1.6593123       1.8459753      0.99618706      0.99247368   2.0739905e-09       68.776507      0.80983741      0.30662129      0.81872558      0.16649217       13.617812       10994.457       5.2011677        5.2011677       10994.457                               10566.692                 21.417081                 395.75952                      10.588042
              1       5497.2993       3.0358016       3.2124922       0.9746284     0.022562366      0.12183101      0.04930064       1.0408086       1.0002102       16.394811       11.326468       8.1533143      0.97484289        1.518705       1.7992327      0.99884438       0.9974626    2.081766e-09       68.776507      0.81091293      0.30662129       0.8198129      0.16649217       13.617812       10984.943       4.8276582        4.8276582       10984.943                               10557.478                 21.709686                 395.77563                      9.9798017
              3       5500.3182       3.0357463       3.2284804      0.97476968     0.022575584      0.12183476     0.049344206       1.0407097       1.0000264       16.303921       11.217933        8.024374       1.0277077       1.8476103       2.0842224       1.0061092      0.99760146   2.0816508e-09       68.937922      0.81033395      0.30522278      0.81735717      0.18248043       13.603346       10990.635       5.0006853        5.0006853       10990.635                               10563.017                 21.727468                 395.77563                       10.11465
              3       5502.1679       3.0366244       3.2284804      0.97161703     0.022575584      0.12183476     0.049344206       1.0407097      0.99927613        16.17895       10.866879       7.0822445       1.1725291       1.9712133       2.3164911       1.0088545      0.99714297   2.0834794e-09       68.937922      0.80969721      0.30522278      0.81671492      0.18248043       13.603346       10993.816       5.2600011        5.2600011       10993.816                               10566.054                 22.404792                 395.75674                      9.5997953
              4       5501.5916       3.0370928       3.2284804      0.97145271     0.022575584      0.12183476     0.049344206       1.0407097      0.99921399       15.089107       10.329636       6.6872973       1.1114551       1.9863389       2.5902344       1.0079246       1.0011198   2.0844557e-09       68.937922      0.80983521      0.30522278      0.81685412      0.18248043       13.603346       10992.873       5.1549427        5.1549427       10992.873                               10565.161                 22.473537                 395.75377                      9.4851576
              1       5501.2087       3.0362517       3.2284804      0.97208015     0.022575584      0.12183476     0.049344206       1.0407097       0.9990109       14.436589       10.229494       6.3577351       1.1558701       1.8947095       2.6016029       1.0043348      0.99914644   2.0827032e-09       68.937922      0.80969196      0.30522278      0.81670962      0.18248043       13.603346       10992.495       4.9611144        4.9611144       10992.495                               10564.839                 22.330847                  395.7166                      9.6084929
              2        5501.548       3.0373813       3.1827367      0.97168295     0.022447368      0.12206393     0.050184691       1.0410174       0.9988569       15.255818        10.28337        6.682584       1.0937759       1.6862595        2.396811       1.0064156      0.99831416   2.0850571e-09       68.324646      0.81293048      0.31094294       0.8276241      0.13673674       13.654117       10992.876       5.1097995        5.1097995       10992.876                               10565.571                 22.270266                 395.70638                      9.3291323
              2       5500.5407         3.03711       3.1827367      0.97007496     0.022447368      0.12206393     0.050184691       1.0410174      0.99868802       16.270414       11.292432       7.3755194       1.2658144       1.7361025       2.4590803       1.0006137      0.99512855   2.0844915e-09       68.324646      0.81231694      0.31094294      0.82699947      0.13673674       13.654117       10990.994        5.043496         5.043496       10990.994                               10563.438                 22.570344                 395.71017                      9.2761619
              4        5500.389       3.0369212       3.1692796      0.96956837      0.02243487       0.1219806     0.050486025       1.0409957      0.99877042         17.4136       11.572434       7.8110815       1.2652413       1.6858297       2.1971666       1.0043152       0.9961851    2.084098e-09       68.180252      0.81223349      0.31205524      0.82839221      0.12327964       13.669306       10990.634       5.0720748        5.0720748       10990.634                               10563.034                 22.588793                 395.74195                      9.2696015
              4       5498.8205       3.0372229       3.1762054      0.97067939     0.022433311      0.12167977     0.050364079       1.0410941      0.99929595       17.605187       9.6789777       7.4952818       1.2280246       1.9452228       2.3222526      0.99388598      0.99567161   2.0847269e-09       68.397364      0.81161216      0.30943092      0.82427053      0.13020539       13.658292        10987.43         5.10549          5.10549        10987.43                                10559.87                 22.405206                 395.73671                      9.4178597
              2       5500.3154       3.0374527       3.1762054      0.97109456     0.022433311      0.12167977     0.050364079       1.0410941      0.99915691        18.07756       10.639551       8.2372183       1.2360223       1.6470258        2.234611      0.99409135       1.0010944   2.0852059e-09       68.397364      0.81183525      0.30943092      0.82449709      0.13020539       13.658292       10990.585       5.0226668        5.0226668       10990.585                               10563.117                 22.362269                 395.73811                      9.3684464
              4        5500.185        3.036901       3.1816691      0.97146613     0.022386813      0.12134155     0.049560802       1.0410961      0.99920573        17.01659       10.810062       7.5501331       1.3601792        1.547935       2.3139044      0.99814664       1.0042255   2.0840559e-09       68.540965      0.81064505      0.30731676      0.82047099      0.13566911       13.655926       10990.486       4.9421711        4.9421711       10990.486                               10563.023                 22.377811                 395.72642                      9.3581619
              4       5498.5849       3.0366682       3.2263259      0.97224127     0.022440366      0.12117428     0.049492226       1.0408594      0.99895816       17.249788       11.234645       8.0596773       1.2199295       1.8159436       2.3886564      0.99705827       1.0008225   2.0835706e-09        69.08277      0.80847352      0.30227692      0.81153577       0.1803259       13.611732       10987.332       4.9187393        4.9187393       10987.332                               10559.501                 22.376105                 395.74063                      9.7145634
              4       5495.8547       3.0340662       3.2263259      0.97439925     0.022440366      0.12117428     0.049492226       1.0408594      0.99842731       16.132793          9.9502       7.0870182       1.1578607       2.0631032       2.4092247       1.0004133       1.0014701   2.0781564e-09        69.08277      0.80810026      0.30227692       0.8111611       0.1803259       13.611732        10981.72       4.9947825        4.9947825        10981.72                               10553.859                 21.908183                 395.73491                      10.217464
              1       5497.9833       3.0346355       3.2307899      0.97424543     0.022436045      0.12143268     0.050242828       1.0408175      0.99792668        15.19562       9.8923446       6.7493494       1.1535558       2.0593088       2.5471085      0.99459635       0.9992517   2.0793396e-09       69.025338      0.80898946      0.30331342      0.81344473      0.18478995       13.610011       10985.411       5.2779428        5.2779428       10985.411                               10557.646                 21.929811                 395.70834                      10.125999
              1        5496.686       3.0350942       3.2287333      0.97430393     0.022420467      0.12153161     0.050708466       1.0408467      0.99777913       16.265004       9.9344827       6.6821551        1.300016        1.890462       2.4072752       1.0022081       1.0002618   2.0802938e-09       68.963381      0.80967361      0.30403391      0.81509902      0.18273329       13.613191       10982.963       5.2045568        5.2045568       10982.963                               10555.252                 21.903729                 395.72191                      10.084825
              1        5495.683       3.0342722       3.2031851       0.9722725     0.022427196      0.12190856     0.050608051       1.0407426       0.9971562       16.441507       9.8970803       7.1690048       1.2862725       1.9779555        2.480689      0.99944805      0.99713436   2.0785845e-09       68.505453      0.81057291       0.3089297      0.82254807      0.15718513       13.642942       10980.416       5.4748145        5.4748145       10980.416                               10552.935                 22.183614                 395.72804                      9.5700665
              1       5494.1621       3.0385515       3.2031851      0.97126122     0.022427196      0.12190856     0.050608051       1.0407426      0.99894241       16.880356        10.49897       7.1891565       1.2164443       1.8731695        2.239151      0.99692476       1.0001481   2.0874984e-09       68.505453      0.81199198       0.3089297      0.82398811      0.15718513       13.642942        10978.48       4.9221294        4.9221294        10978.48                               10551.031                 22.409616                 395.75826                      9.2808296
              4       5495.1391       3.0392917       3.2044106      0.97248695     0.022540701       0.1215504     0.051654965       1.0408193      0.99892757       17.002076       10.300528       7.2586571       1.1859715       1.9505348       2.2654533      0.99709994      0.99787883   2.0890442e-09       68.766738      0.81106154      0.30606919       0.8192246      0.15841055        13.62663       10980.395       4.9418107        4.9418107       10980.395                                   10553                 22.214723                 395.70281                      9.4773075
              1       5496.0837       3.0404959       3.1997055      0.97297551      0.02241251      0.12139138     0.053225598       1.0408655      0.99873642       18.290299       11.159406       8.4574047       1.0499013       1.6455099       1.9879187      0.99728358      0.99908741   2.0915612e-09       68.675988      0.81188694      0.30626966      0.82032683      0.15370553       13.642125       10982.259       4.9540445        4.9540445       10982.259                               10554.704                 22.056198                  395.8735                      9.6253935
              2        5495.668       3.0400907       3.1997055      0.97411021      0.02241251      0.12139138     0.053225598       1.0408655      0.99920037       18.536121       11.986682       9.0026083        1.175109       1.5504516       1.9407879      0.99593371      0.99559932   2.0907139e-09       68.675988      0.81207899      0.30626966      0.82052088      0.15370553       13.642125       10981.304       5.0159108        5.0159108       10981.304                               10553.768                 21.789829                 395.87023                      9.8757788
              3       5499.7271       3.0401551       3.2409973      0.97624732     0.022504725      0.12054203     0.053630199       1.0407376      0.99912681       19.278196       12.732452       9.5386628       1.1319285       1.6421708       1.8981156      0.99863948      0.99690354   2.0908486e-09       69.490841      0.80819607      0.29756122      0.80490434      0.19499732        13.59139       10989.647       4.9034468        4.9034468       10989.647                               10561.193                 21.617006                 395.88272                      10.954781
              3       5498.0317       3.0401359        3.229062      0.97590493     0.022509367      0.12055626      0.05384499       1.0407566      0.99990267       19.114448       12.411347       9.8323521      0.98885089       1.6461412       1.8343118      0.99572396      0.99632889   2.0908085e-09       69.357198      0.80848506      0.29874827      0.80679662      0.18306196       13.602452       10986.174       4.9448198        4.9448198       10986.174                               10557.514                  21.54544                 395.90055                      11.213832
              1       5499.8196       3.0379887       3.2085271      0.97487545     0.022489359      0.12026953     0.051368812       1.0407758       1.0008617       20.066365       12.727375       10.406013       1.0402063       1.5542292       1.6991878       0.9970804       1.0010534   2.0863239e-09       69.209925      0.80704298      0.29938068      0.80620951      0.16252706       13.623348       10989.853       4.8928302        4.8928302       10989.853                               10561.536                 21.687511                 395.74531                      10.884974
              3       5499.2888       3.0369672       3.2085271      0.97526991     0.022489359      0.12026953     0.051368812       1.0407758       1.0005702        19.80356       12.075868       9.8344725       1.0227442       1.3517966       1.5800123      0.99225655       1.0006528   2.0841938e-09       69.209925      0.80675471      0.29938068      0.80592155      0.16252706       13.623348       10988.351       5.1131981        5.1131981       10988.351                               10559.902                 21.602625                 395.74158                      11.104921
              4       5499.6243       3.0375421       3.2085271       0.9729507     0.022489359      0.12026953     0.051368812       1.0407758       1.0011427       20.802217       14.336366       11.142417       1.0859364       1.1162114       1.2501448      0.99163547      0.99075066   2.0853923e-09       69.209925      0.80625906      0.29938068      0.80542641      0.16252706       13.623348       10987.914       5.6672874        5.6672874       10987.914                                10559.07                 21.940859                 395.72143                      11.181506
              2       5500.9381       3.0377651        3.213974      0.97334701     0.022480593      0.12019318     0.051506094        1.040788       1.0012178       21.197718       14.379145       11.101424        1.203612       1.4178398       1.5273388      0.99721316      0.99474728   2.0858574e-09       69.297415      0.80609768      0.29844795       0.8040098      0.16797397       13.618011       10991.715        5.080689         5.080689       10991.715                                 10562.7                 21.884958                 395.73556                      11.394247
              1       5500.7215       3.0368977       3.2181077      0.97295805     0.022443392      0.12005471     0.050683331       1.0406986       1.0008321       20.995935       14.292556       10.942537       1.1880429       1.4120144       1.5088709      0.99749927      0.99772264   2.0840489e-09        69.33338      0.80510942      0.29777297      0.80211551      0.17210774       13.619549       10991.647       4.8978436        4.8978436       10991.647                               10562.764                 22.033177                 395.70684                      11.142829
              2       5506.2767       3.0313372       3.2190464      0.97902327     0.022412933      0.12000541     0.050067022       1.0408097      0.99961261       20.569246       13.735529       10.460459       1.0960705        1.308891       1.3794719      0.99499612        1.003809   2.0724928e-09       69.374217      0.80480658      0.29725678      0.80111852       0.1730464       13.618125       11002.563       4.9949956        4.9949956       11002.563                                10573.27                 21.034274                 395.74319                      12.515778
              1       5499.3331       3.0282647       3.2190464      0.97417944     0.022412933      0.12000541     0.050067022       1.0408097      0.99732659       17.947097       13.130349       9.7576044      0.98233497       1.4445727       1.5848652      0.99569861      0.99633847   2.0661348e-09       69.374217      0.80205423      0.29725678      0.79837878       0.1730464       13.618125       10987.633       5.5165665        5.5165665       10987.633                               10557.685                 21.800068                 395.71123                       12.43653
              1       5499.9794       3.0279522       3.2147957      0.97379865      0.02242376       0.1200564     0.049827365       1.0407903      0.99728965       18.356334       13.403819       9.7413788         1.09873       1.3316573       1.5269073       0.9924749       1.0023322   2.0654891e-09        69.30888      0.80204806      0.29794618      0.79929791      0.16879571       13.622153       10988.592       5.6832682        5.6832682       10988.592                               10558.789                 21.856933                 395.71669                      12.230051
              1       5499.1066       3.0280583       3.1897624      0.97270973     0.022380237      0.12044408     0.049957259       1.0408604      0.99659312       17.718998       12.331095       9.2327753       1.0270129         1.35778       1.6178216      0.99013077      0.99791412   2.0657083e-09       68.866548      0.80404963      0.30251157      0.80740833      0.14376238       13.651503       10985.768       6.2225644        6.2225644       10985.768                               10557.004                 22.012232                 395.71748                      11.034169
              3       5499.0213        3.028664       3.1806054      0.97335059     0.022363195      0.12046979     0.049873278        1.041063      0.99705868       17.820727       12.307922       9.2521996      0.87512573       1.4184328       1.5281274      0.99229974      0.99567518     2.06696e-09       68.805305       0.8050891      0.30306864      0.80919618      0.13460538       13.656623       10986.308       5.8673522        5.8673522       10986.308                               10557.741                 21.880362                 395.72346                      10.963132
              4       5498.8056       3.0284265       3.1839083      0.97326408     0.022344588      0.12047472     0.049513076       1.0410424      0.99716013       18.558802       12.533333       9.3622039      0.86055643        1.320543       1.4467077      0.99976942       1.0003528   2.0664691e-09       68.819452      0.80496044      0.30291517      0.80886198      0.13790831        13.65575       10986.749        5.431333         5.431333       10986.749                               10558.125                 21.903025                 395.75936                      10.961343
              1       5501.1423       3.0275018       3.1806445      0.97232119     0.022329989      0.12048332      0.04894419       1.0409206      0.99704533        18.16769       12.297233       9.3836756      0.76643702        1.395369       1.4659531       1.0009056      0.99633338   2.0645592e-09        68.72495      0.80437211      0.30373612      0.80936534      0.13464453       13.664168       10991.175       5.5549802        5.5549802       10991.175                               10562.618                 22.055668                 395.74004                      10.760717
              2       5497.6233        3.027434       3.1702622      0.97124459     0.022384824      0.12082416     0.049496268       1.0408341      0.99686746       17.820827       12.749785        9.385823      0.84146203       1.4123945       1.5334278       1.0016934      0.99469999   2.0644192e-09       68.500377      0.80514368      0.30657417      0.81391779      0.12426223       13.673287       10983.796       5.7250673        5.7250673       10983.796                               10555.372                 22.151464                  395.7174                      10.556009
              2       5497.0028       3.0286991       3.1702622      0.96994024     0.022384824      0.12082416     0.049496268       1.0408341      0.99707872       17.772363       12.565472       9.5086734      0.75196612       1.4189491       1.3871777        1.002671      0.99793351   2.0670326e-09       68.500377      0.80524868      0.30657417      0.81402393      0.12426223       13.673287       10982.956       5.5249848        5.5249848       10982.956                               10554.533                 22.440331                   395.734                      10.248358
              6        5496.981       3.0297004       3.1702622      0.97129612     0.022384824      0.12082416     0.049496268       1.0408341      0.99768456       17.799836       12.581699       9.3469753      0.68053243       1.3325072       1.2470812        1.000987      0.99812119   2.0691033e-09       68.500377      0.80607259      0.30657417      0.81485682      0.12426223       13.673287       10983.489       5.2366769        5.2366769       10983.489                                10555.37                 22.181365                  395.7056                      10.231369
              1        5497.211       3.0302905       3.1641254      0.97189622     0.022335704      0.12046299     0.050467953       1.0408822       0.9977505       18.122721       12.838554       9.4293849      0.71493172       1.2851046       1.2806188       1.0014132      0.99986604   2.0703246e-09       68.531862      0.80573242      0.30541895       0.8129769      0.11812545       13.681475       10984.022         5.20015          5.20015       10984.022                               10555.743                 22.035068                 395.70802                      10.535331
              3       5499.2406       3.0306745       3.1319543      0.97138596     0.022343155      0.12059804     0.051007861        1.041034      0.99766662       17.241391       12.800409         9.43601      0.69193516       1.4320061        1.295353      0.99836134      0.99726936   2.0711198e-09        68.16782      0.80723776      0.30899643      0.81925212     0.085954303       13.709688       10987.938       5.2715362        5.2715362       10987.938                               10560.049                 22.033856                 395.74769                      10.107569
              8       5497.7297       3.0329521       3.1319543      0.97092695     0.022343155      0.12059804     0.051007861        1.041034      0.99876949       17.577091        12.99857       9.5454675      0.71179972       1.3626873       1.2063106      0.99866465      0.99873334   2.0758423e-09        68.16782       0.8080154      0.30899643      0.82004134     0.085954303       13.709688       10985.613       4.9233251        4.9233251       10985.613                               10557.826                 22.116698                 395.74745                      9.9226857
              2       5496.2868       3.0354736       3.1319543      0.96995998     0.022343155      0.12059804     0.051007861        1.041034      0.99949043       17.795037       12.518528       9.2566447      0.90961752       1.1274026       1.2394599      0.99862007       1.0024116   2.0810832e-09        68.16782      0.80873511      0.30899643      0.82077176     0.085954303       13.709688       10982.884        4.844628         4.844628       10982.884                               10555.209                 22.357429                 395.74484                      9.5731464
              3       5498.3443       3.0363251       3.1411772      0.97067603     0.022321233      0.12065849     0.051578688        1.041089      0.99955853       18.703307       12.295681       9.5784439       0.8696313      0.97670569       1.1349487       1.0003505       1.0036855    2.082856e-09       68.253979      0.80937089      0.30829952      0.82049016     0.095177194       13.701062        10986.95       4.8693751        4.8693751        10986.95                               10559.252                 22.224816                 395.74468                      9.7288037
              1        5495.956       3.0355906       3.1411772      0.96978496     0.022321233      0.12065849     0.051578688        1.041089      0.99913314       18.542084       12.123538       9.2276259        0.906859        1.157754        1.270198      0.99237321      0.99585822   2.0813268e-09       68.253979      0.80879723      0.30829952      0.81990862     0.095177194       13.701062       10981.468       5.2219811        5.2219811       10981.468                               10553.597                 22.394179                 395.74129                      9.7352241
              5       5496.2797       3.0357281       3.1351086      0.96978782     0.022304349      0.12061458      0.05178667       1.0411202      0.99939682       19.323816       13.027309       10.141211      0.90564355       1.0987205       1.1678231      0.99330222       1.0015483   2.0816128e-09       68.195374      0.80898697      0.30869892      0.82063201     0.089108626       13.707854       10982.458       5.0506483        5.0506483       10982.458                               10554.533                 22.337955                 395.78739                      9.7997999
              2       5496.9409       3.0393006       3.1351086      0.96599246     0.022304349      0.12061458      0.05178667       1.0411202      0.99997285       19.707147       12.815338       10.194077      0.96240395       1.0365669        1.229784      0.99383445        1.002863   2.0890628e-09       68.195374      0.80925693      0.30869892      0.82090585     0.089108626       13.707854       10983.849       5.0163686        5.0163686       10983.849                               10555.613                 23.258926                 395.79974                      9.1777914
              2       5498.1882       3.0393126       3.1395654      0.96610229     0.022311793      0.12062267     0.051739783       1.0411093       0.9992885       19.154142       13.013914       9.9960014       1.1539688        1.141242       1.5261091      0.99381767       1.0019483   2.0890877e-09       68.246843      0.80914843      0.30826683      0.82022116     0.093565414       13.702903       10986.305       5.0358376        5.0358376       10986.305                               10558.095                 23.354883                 395.79701                       9.057551
              1       5498.4072       3.0392004       3.1658702      0.96753116     0.022347717      0.11996626     0.051821379       1.0410284       1.0012212       20.557167       14.726439       11.367621       1.2385996       1.2751039        1.480977      0.99602157       1.0022402   2.0888534e-09       68.787921      0.80632907        0.302125      0.80917978      0.11987025          13.672       10986.797       5.0087967        5.0087967       10986.797                               10557.914                  22.92489                 395.77638                      10.181651
              5       5498.8056       3.0378473       3.1658702       0.9690532     0.022347717      0.11996626     0.051821379       1.0410284       1.0008866        19.54899       14.830267       10.779939       1.0193277       1.4347277       1.3824832      0.99922908      0.99981743   2.0860289e-09       68.787921      0.80625649        0.302125      0.80910694      0.11987025          13.672       10987.909       4.8512822        4.8512822       10987.909                               10559.088                 22.576807                  395.7709                      10.473245
              4       5496.6581       3.0378464       3.1658702      0.96973193     0.022347717      0.11996626     0.051821379       1.0410284        1.000992       19.147916        14.47022       10.437367        1.007853       1.1958026       1.2624231      0.99618644       1.0007593   2.0860269e-09       68.787921      0.80646715        0.302125      0.80931834      0.11987025          13.672       10983.437       4.9395719        4.9395719       10983.437                               10554.723                 22.434579                 395.74999                       10.52938
              3        5497.338       3.0379427       3.1641508      0.96961639     0.022354683      0.12007857     0.051871207         1.04104       1.0009086       19.362651       14.912949       10.701323      0.87550293       1.1085268       1.0698294      0.99771638      0.99567627   2.0862279e-09       68.737679      0.80688187      0.30281926      0.81066435      0.11815077       13.673209       10984.734       4.9708488        4.9708488       10984.734                               10556.099                 22.451527                 395.77231                      10.411597
              1       5497.7894       3.0384517       3.1697484      0.96914921     0.022417004      0.12031942     0.053296044       1.0408839      0.99967927       18.614661       13.937448       10.400534      0.92123107       1.4837524       1.4977026      0.99899378      0.99374631   2.0872901e-09       68.716628      0.80715775      0.30364687      0.81204893      0.12374842       13.666953       10985.591       4.9940895        4.9940895       10985.591                               10556.909                 22.575369                 395.84662                      10.259572
              1       5498.2726       3.0376801       3.1697484      0.97031436     0.022417004      0.12031942     0.053296044       1.0408839      0.99776156       17.265205       13.175984        9.123507      0.96679272       1.3866242       1.5518127       1.0005174       1.0036008   2.0856802e-09       68.716628      0.80720888      0.30364687      0.81210037      0.12374842       13.666953       10986.041        5.252268         5.252268       10986.041                               10557.866                 22.556922                 395.87474                      9.7430313
              6       5497.2565       3.0362573       3.1697484      0.96990623     0.022417004      0.12031942     0.053296044       1.0408839      0.99717959       18.380531       12.361508       9.3713449      0.93855347       1.6919266       1.6681361       1.0000074      0.99602416   2.0827148e-09       68.716628      0.80650792      0.30364687      0.81139516      0.12374842       13.666953       10983.512       5.5006662        5.5006662       10983.512                               10555.158                 22.618103                 395.84929                      9.8863976
              1       5497.0921       3.0358799       3.1513219      0.96924641     0.022385983      0.12016375     0.053480684       1.0408648      0.99711588       18.278713       12.171986       9.3230879      0.90387581       1.7383835       1.7259104      0.99959874      0.99694515   2.0819289e-09        68.52495      0.80631674      0.30495038      0.81294215      0.10532189       13.688747       10983.188         5.49817          5.49817       10983.188                               10554.838                 22.680558                  395.9129                      9.7565086
              4       5495.2791       3.0350461       3.1087847      0.96654505     0.022376604      0.12093004     0.052888944       1.0408719      0.99657529       17.830499       11.734592       8.6973804       1.0083051       1.5214279       1.5580973       1.0016604      0.99966458   2.0801937e-09       67.755786      0.80899693      0.31356201      0.82708086     0.062784733       13.736311       10979.082        5.737894         5.737894       10979.082                               10551.078                  23.09371                 395.85966                      9.0510637
              1       5497.2512       3.0344985       3.1427019      0.96811325     0.022407617      0.12031463     0.051900637       1.0408175      0.99763868       17.702108       12.441309       9.5056924      0.95215852       1.5000033       1.5661765       1.0026715       1.0003809   2.0790549e-09       68.373344      0.80603933      0.30667326      0.81495487     0.096701857       13.697453       10983.967       5.2677303        5.2677303       10983.967                               10555.792                 22.868425                 395.77616                       9.530372
              3       5492.8487       3.0349839       3.1427019      0.96836185     0.022407617      0.12031463     0.051900637       1.0408175      0.99867775       17.822773       12.127847       8.8167342       0.9409439       1.4556207       1.4679343      0.99766758       0.9967014   2.0800644e-09       68.373344      0.80631184      0.30667326       0.8152304     0.096701857       13.697453       10975.684       5.0067265        5.0067265       10975.684                               10547.457                 22.709046                 395.75096                      9.7674058
              4       5496.1756       3.0351758       3.1384132      0.96840888     0.022403767      0.12048798     0.051630716       1.0409086      0.99884533       18.247378       12.159451       9.2799881      0.91652739       1.2561808       1.3090814      0.99915769       1.0044555   2.0804634e-09       68.289866      0.80720876      0.30778692      0.81761777     0.092413225       13.700261       10982.362       4.9947214        4.9947214       10982.362                                 10554.3                 22.689207                  395.7369                       9.635473
              2       5494.7373       3.0358797       3.1637634      0.96710822     0.022289132      0.12177326     0.051602527       1.0407647      0.99785484       17.476131       12.254748       8.8722834       1.0453894       1.3506099       1.5829531        0.997125       1.0017892   2.0819285e-09       67.988855      0.81091101      0.31305083      0.82836167      0.11776339       13.695497       10979.053       5.2107259        5.2107259       10979.053                               10550.997                 22.971083                 395.81912                      9.2654495
              2       5503.5369       3.0347417       3.1398176      0.96583156     0.022128173      0.12167667       0.0504439       1.0407695      0.99834862       17.019707       11.341589       7.6503519       1.1688508       1.2349585        1.568092      0.99373595      0.99830008   2.0795606e-09       67.613648      0.81110497      0.31597152      0.83241597     0.093817555        13.73553       10996.646       5.2140588        5.2140588       10996.646                               10568.612                 23.126171                 395.73557                      9.1715421
              1        5501.112       3.0345643        3.156852       0.9661949     0.022150798      0.12154273     0.050337105       1.0406804      0.99816825       17.579725       11.964947       8.2087238       1.2482045       1.4273123       1.4663184        0.998387      0.99857167   2.0791918e-09       67.845867      0.81003763      0.31357041      0.82815591      0.11085202       13.717948        10992.07       5.0768886        5.0768886        10992.07                               10564.012                 23.136975                 395.73286                      9.1882745
              1       5503.2883         3.03408       3.1558603      0.96575398     0.022167375      0.12152694     0.050116802       1.0406088      0.99805774       17.633739       11.059983       7.7164409       1.1343482       1.4375091       1.3638818      0.99894478      0.99966063    2.078185e-09       67.829599      0.80954784      0.31372256      0.82785593      0.10986029       13.719365        10996.39       5.0931888        5.0931888        10996.39                               10568.286                  23.23622                 395.72369                      9.1442744
              1        5503.999       3.0331773       3.1321614      0.96319552     0.022144618      0.12246647     0.049030321       1.0405607      0.99747469       16.899906       10.577213       7.0597815       1.0964304       1.5806699       1.5697074      0.99734814      0.99261328   2.0763098e-09       67.195291       0.8121491      0.32170385      0.84101408     0.086161362       13.751114       10996.791         5.60341          5.60341       10996.791                               10568.151                 23.735503                 395.74029                      9.1645182
              1       5499.5761       3.0370344       3.1321614      0.96330841     0.022144618      0.12246647     0.049030321       1.0405607      0.99886989       17.382295       11.304094       7.8424481       1.1553351       1.3535806       1.4371243       1.0012961      0.99868496   2.0843338e-09       67.195291       0.8137516      0.32170385      0.84267354     0.086161362       13.751114       10989.343       4.9044709        4.9044709       10989.343                               10560.526                 23.793645                 395.73444                      9.2895587
              4       5498.1941       3.0359917       3.1321614      0.96524842     0.022144618      0.12246647     0.049030321       1.0405607      0.99885464       17.178216       11.454309       8.4191983       1.1730937       1.4471771       1.6956494       1.0019086       0.9949985   2.0821616e-09       67.195291      0.81392431      0.32170385      0.84285238     0.086161362       13.751114       10986.321       5.0334909        5.0334909       10986.321                               10558.001                 23.285886                 395.72089                      9.3132272
              1       5495.2743       3.0351923       3.1739614      0.96614994     0.022226356      0.12238352     0.047424828       1.0404521      0.99931835       17.689889       12.001864       8.8450491       1.0760378       1.4056735       1.6411901      0.99849854      0.99918626   2.0804979e-09        67.73647      0.81197921      0.31658126      0.83411683      0.12796136       13.703177       10980.874        4.837009         4.837009       10980.874                               10552.743                 23.282331                 395.77802                      9.0707847
              5        5497.532       3.0351831       3.1545006      0.96648874      0.02219695      0.12203766     0.047331689       1.0406007      0.99987568       17.979326       11.191157       8.6339326        1.005868       1.7237497       1.6612138       1.0025079       1.0032236   2.0804786e-09       67.657895      0.81178847      0.31649722      0.83381019      0.10850055       13.720119       10985.324       4.8698958        4.8698958       10985.324                               10557.273                 23.145529                 395.82426                      9.0814071
              3       5494.0327       3.0335935       3.1545006      0.96759526      0.02219695      0.12203766     0.047331689       1.0406007       1.0002214       18.037718       11.202591        8.484924       1.0118575       1.6439018       1.6280279       1.0007367      0.99810919   2.0771742e-09       67.657895      0.81148537      0.31649722      0.83349888      0.10850055       13.720119       10978.446       4.8097661        4.8097661       10978.446                               10550.623                 22.760489                 395.85674                      9.2060391
              2       5492.9702        3.034875         3.19018      0.96880509     0.022304058      0.12210373     0.049021327       1.0404732      0.99945128       18.210992       11.550197       9.1017849       1.0084405       1.5263206       1.7300087        1.000527      0.99794875   2.0798379e-09       68.092699      0.81100367      0.31284165       0.8281795      0.14417999       13.677176       10976.277        4.831769         4.831769       10976.277                               10548.607                 22.625104                  395.7128                      9.3320229
              3       5494.9581       3.0335746       3.2113375      0.96876861     0.022402036      0.12168292     0.048409714       1.0402262       0.9993671       17.985099       11.453798       8.9088258       1.0487354       1.5516386       1.7409796       1.0010755       1.0014463   2.0771349e-09       68.482675      0.80784541      0.30860048      0.81934334      0.16533754       13.651554       10980.249       4.8335422        4.8335422       10980.249                               10552.287                 22.737489                 395.72642                      9.4979482
              1       5494.9823       3.0337363       3.1842673      0.96818793     0.022300959      0.12153585      0.04910727       1.0402792      0.99907143       17.818732        11.53861       8.3213479        1.126566       1.3686877       1.6535407       1.0020153       1.0014701   2.0774708e-09       68.154803      0.80850486      0.31104258      0.82325036      0.13826732       13.686887       10980.194       4.8853465        4.8853465       10980.194                               10552.399                 22.762656                 395.70462                      9.3278423
              3       5494.0303       3.0326692       3.1842673      0.97068871     0.022300959      0.12153585      0.04910727       1.0402792      0.99948017       18.278089       11.586977       8.5609847       1.1462838       1.4275578       1.6669602       1.0014452      0.99985184   2.0752551e-09       68.154803      0.80884881      0.31104258      0.82360059      0.13826732       13.686887       10978.426       4.8174249        4.8174249       10978.426                               10550.801                 22.174114                 395.75436                      9.6967633
              4       5498.5434       3.0327049       3.1798842       0.9708071     0.022307405      0.12145099     0.049164848       1.0403131      0.99957284       17.412259       11.228433       8.3076035        1.248279       1.3695048       1.8598033       1.0026538      0.99299638   2.0753293e-09       68.150728      0.80875498      0.31091094      0.82333075      0.13388423       13.689336       10986.926       5.0803182        5.0803182       10986.926                                10559.33                 22.143759                 395.73685                      9.7152104
              2       5497.3931       3.0309832       3.1798842      0.97332212     0.022307405      0.12145099     0.049164848       1.0403131      0.99942122       17.349451       11.269607       8.2609164       1.2335829        1.385779       1.8734291       1.0019173      0.99485223   2.0717592e-09       68.150728       0.8088396      0.31091094       0.8234169      0.13388423       13.689336        10984.86       4.9629314        4.9629314        10984.86                               10557.359                   21.6495                 395.73419                      10.117567
              2       5497.8756       3.0308609       3.2100518      0.97253422     0.022257577      0.12176407     0.049712686       1.0399855      0.99844201       17.788046       11.759303       8.8635619       1.1806767       1.6032363       2.0250548       1.0027278      0.99717877   2.0715058e-09        68.23698      0.80859108      0.31069083      0.82287248      0.16405179       13.674742       10985.638       5.0564413        5.0564413       10985.638                               10557.934                 21.819198                 395.73722                      10.147779
              2        5497.667       3.0309371       3.2102097      0.97255894     0.022258642      0.12179187     0.049759098       1.0399925      0.99771664       17.412131       12.076525       8.5867954       1.1331441       1.4376034       1.8568691       1.0009756       1.0007517   2.0716638e-09       68.232311      0.80871769      0.31079534      0.82313973      0.16420974       13.674385       10984.914        5.209936         5.209936       10984.914                               10557.385                 21.896608                 395.73292                      9.8997813
              1       5497.9515       3.0307384       3.1951004      0.97238132     0.022319907      0.12167415     0.049861127       1.0400335      0.99897583       17.900582       12.482981       9.1285452      0.96425475       1.5166148        1.707157      0.99836318      0.99785162    2.071252e-09       68.164264      0.80842314      0.31129466      0.82350065      0.14910041       13.681868       10986.092       4.9056421        4.9056421       10986.092                               10558.355                 21.761992                 395.71138                      10.262925
              2       5495.9864       3.0316692       3.2272036       0.9760323     0.022311029      0.12099224      0.04866643        1.040387       1.0003345       18.407396       12.344754        9.148639      0.88117298       1.3386768       1.4217477       1.0008207       1.0025632   2.0731808e-09       68.888193      0.80711992      0.30333077       0.8115881      0.18120363       13.636872       10982.312       4.8304229        4.8304229       10982.312                               10553.943                 21.365835                 395.80785                      11.195284
              1       5497.2482       3.0314391       3.2088931      0.97539198     0.022265226      0.12103934       0.0485044        1.040432       1.0017725        19.34497       13.445756       10.392256      0.95556437       1.1705722       1.2753251       1.0014807      0.99533231   2.0727039e-09       68.636262      0.80775288      0.30556436       0.8152095      0.16289307       13.658827       10984.183       5.1564794        5.1564794       10984.183                               10555.581                 21.272886                 395.80543                      11.524037
              1        5497.328       3.0292766       3.2151487      0.97300169      0.02232073      0.12173735     0.046188251       1.0401779       1.0014109       18.454456       13.260212       9.9474782      0.98297645       1.1291091       1.3245384      0.99816149      0.99439223   2.0682266e-09       68.423097      0.80778443      0.30908072      0.81991873      0.16914875       13.657471       10984.419        5.118641         5.118641       10984.419                               10556.112                 21.678963                 396.02881                      10.599359
              2       5496.6732       3.0350779       3.2151487      0.96962475      0.02232073      0.12173735     0.046188251       1.0401779       1.0019627       18.782338       12.962448       10.002013      0.98299502       1.1670205       1.3034901      0.99901039        1.000912   2.0802598e-09       68.423097      0.80907729      0.30908072      0.82123102      0.16914875       13.657471       10983.141       5.1024857        5.1024857       10983.141                               10555.284                 22.539803                 395.96507                      9.3521236
              2       5497.2054       3.0350882       3.2201018      0.96997776      0.02231615      0.12158857     0.046167162       1.0401768       1.0033442       19.822993        14.19565        10.45185       0.9080348       1.1465681        1.098496       1.0053365        1.001825   2.0802812e-09       68.528418      0.80857843      0.30780483      0.81902892      0.17410184       13.652322       10982.733       5.8389966        5.8389966       10982.733                               10554.594                 22.327931                 395.98296                      9.8275359
              3       5496.7828        3.033657       3.2201018      0.96882555      0.02231615      0.12158857     0.046167162       1.0401768       1.0026226       19.545535       14.130982       10.408076      0.90888803       1.3114705       1.2576091       1.0053283      0.99932398   2.0773062e-09       68.528418       0.8076413      0.30780483      0.81807968      0.17410184       13.652322       10982.606       5.4797372        5.4797372       10982.606                               10554.193                 22.540812                 395.96708                      9.9047252
              1       5497.5758       3.0330362       3.2185365      0.96796657     0.022298861      0.12172301      0.04576123       1.0400775       1.0024316       19.174245       14.049967       10.209317      0.87610929         1.33244       1.1947508      0.99826249      0.99599146    2.076017e-09        68.41494      0.80759001      0.30907706      0.81971654       0.1725365       13.659141       10984.444       5.3537181        5.3537181       10984.444                               10556.006                 22.700218                 396.01729                      9.7210561
              2        5496.614       3.0331406        3.180738      0.96718335     0.022242678      0.12163697     0.046421288       1.0401805       1.0028633       19.249624       13.865578       10.201862      0.87541537       1.3334939       1.1868654      0.99694268      0.99428451   2.0762336e-09       67.996725       0.8085349      0.31258313      0.82531723      0.13473802       13.699657       10981.926       5.6512257        5.6512257       10981.926                               10553.755                 22.649671                 395.91092                      9.6101163
              3       5494.9918       3.0324154        3.124037      0.96541938     0.022105139      0.12149842     0.046364133         1.04028        1.002891       18.945154       13.209237       9.8553155       0.7570023       1.2457569       1.1556019      0.99471245      0.99682999   2.0747286e-09       67.310321      0.80954975      0.31838144      0.83398222     0.078036998       13.767896       10978.696       5.6439379        5.6439379       10978.696                               10550.731                 22.811584                 395.90072                      9.2528383
              1        5495.425       3.0323713         3.12355       0.9653726     0.022104175      0.12151414     0.046289096       1.0402819        1.003383        19.38387       13.156517       10.148266       0.9221985       1.3059718       1.3190403      0.99321266      0.99486281    2.074637e-09       67.299058      0.80958801      0.31852061      0.83420388     0.077550029       13.768503       10978.724        6.063129         6.063129       10978.724                               10550.722                 22.755218                 395.91824                      9.3285915
              1       5496.8155       3.0327148       3.1191092      0.96525682      0.02206342      0.12167737     0.046469295       1.0403277       1.0033367       20.028262       13.654608       10.558921      0.94212277       1.3519711        1.247496      0.99669872      0.99257249   2.0753498e-09       67.172777      0.81055459      0.31999077      0.83712511     0.073109201       13.776471       10981.618        6.006275         6.006275       10981.618                               10553.682                 22.748824                 395.87556                      9.3118479
              3        5499.965       3.0326303       3.1144717      0.96491182     0.022068004      0.12177713      0.04647054       1.0403184       1.0032149       20.826133       14.343445       10.565429       1.1229199       1.1399611       1.2576349       0.9992015      0.99230463   2.0751743e-09       67.085452      0.81083963      0.32105624      0.83881251      0.06847166       13.781463       10988.107       5.9113966        5.9113966       10988.107                               10560.149                  22.80421                 395.87912                      9.2753789
              1       5497.6472       3.0335044       3.1448109      0.96622992     0.022064331      0.12186534     0.046592432       1.0403485       1.0033491       20.454651       14.137047       10.751677       1.0505902       1.1776698       1.1933417      0.99506191       0.9926487   2.0769892e-09       67.411321      0.81105513      0.31814575      0.83522371     0.098810873       13.750137       10983.145       6.0747012        6.0747012       10983.145                               10555.215                 22.628805                 395.87469                      9.4265841
              1       5494.9416       3.0334455       3.1448109      0.96632876     0.022064331      0.12186534     0.046592432       1.0403485       1.0030302       19.954985       14.611949       11.287408       0.9729821       1.1820489       1.3336751       1.0012524      0.99772313   2.0768669e-09       67.411321      0.81106164      0.31814575      0.83523041     0.098810873       13.750137       10978.776       5.5535995        5.5535995       10978.776                               10550.883                 22.648574                 395.86442                      9.3796935
              2       5497.1252       3.0335345       3.1399165      0.96615775     0.022041722      0.12190477     0.046742018       1.0403594       1.0036238       20.400848       14.556735        11.29578      0.93582629       1.2333489       1.1631962      0.99845926      0.99973049   2.0770517e-09       67.326205      0.81141504       0.3189878       0.8366994     0.093916507       13.757258       10982.554       5.8480656        5.8480656       10982.554                               10554.634                 22.570922                 395.86985                      9.4799517
              1       5496.1031       3.0336268       3.1527302      0.96746958     0.021998885      0.12133552     0.046607675       1.0404021       1.0028816       20.605469        14.46138       11.343761      0.87577813       1.1976228       1.2098899      0.99981811       1.0064489   2.0772434e-09       67.651173      0.80986568      0.31459318      0.82932932      0.10673017       13.744808       10980.891       5.6576626        5.6576626       10980.891                                10552.99                 22.535503                 395.91214                      9.4532471
              2       5497.6784       3.0332438       3.1554234      0.96647708     0.021994364      0.12199102     0.045574698       1.0403814       1.0027304       19.969088       14.671289       11.247661      0.86456187       1.0685627       1.2177128      0.99561092       1.0023534   2.0764479e-09       67.442883      0.81144249      0.31797055      0.83539249      0.10942337       13.745833       10984.345       5.5056544        5.5056544       10984.345                               10556.312                 22.746871                 395.99311                      9.2930627
              3       5497.5561       3.0313555       3.1554234      0.96480376     0.021994364      0.12199102     0.045574698       1.0403814       1.0020465       19.667957         14.3255       11.315402      0.89283638       1.2079379       1.3202105      0.99163605      0.99674218   2.0725306e-09       67.442883      0.81016235      0.31797055      0.83407457      0.10942337       13.745833       10984.066         5.52316          5.52316       10984.066                               10555.703                  23.04682                 395.99578                      9.3207536
              4       5496.7157       3.0312469       3.1585031      0.96481962     0.022020533      0.12198319     0.045511114       1.0403573       1.0020052       20.976016       13.990847       11.374732      0.98259864       1.0279439       1.2921498      0.99419859      0.99939836   2.0723056e-09       67.494634       0.8098797      0.31752339       0.8331971      0.11250314       13.740746       10982.877       5.2770211        5.2770211       10982.877                               10554.503                 23.062736                 395.99342                      9.3183187
              2       5495.7569       3.0329326       3.1672836      0.96685414     0.022054188      0.12153682     0.047346045       1.0404885       1.0023064       21.441483       13.954996       11.549685      0.91605265       1.1596149       1.3001094      0.99901984       1.0027135   2.0758019e-09        67.82354      0.80947797      0.31355403      0.82756211       0.1212836       13.722655       10981.009       5.2524189        5.2524189       10981.009                                10552.81                 22.628117                 395.81249                       9.758114
              1       5495.8184       3.0353507       3.1672836      0.96636247     0.022054188      0.12153682     0.047346045       1.0404885       1.0030778       21.790841       14.420209       11.818211      0.93855576        1.197258       1.2908677       1.0044204       1.0044169   2.0808275e-09        67.82354       0.8103054      0.31355403      0.82840803       0.1212836       13.722655        10980.16       5.7383094        5.7383094        10980.16                               10552.058                  22.78453                 395.82525                       9.492583
              2       5496.0408       3.0355851       3.1871412      0.96713408     0.022071434      0.12150396     0.047204149       1.0404785       1.0032261        21.85703       14.933442       12.035114      0.90386305       1.1032882       1.1647593        1.006054       1.0040422   2.0813153e-09       68.075189      0.80987158      0.31120643      0.82485919      0.14114125       13.700854       10980.316        5.882821         5.882821       10980.316                               10552.122                 22.696753                 395.82302                      9.6745029
              9        5496.834       3.0351822       3.1954457      0.96709172     0.022093966      0.12141603     0.046952853        1.040396       1.0032507       21.891053       15.721905       12.447935       0.8624421       1.2553847       1.2624437       1.0009658       1.0028643   2.0804769e-09       68.192868       0.8089949      0.30999263      0.82235784      0.14944569       13.692237       10982.315        5.676306         5.676306       10982.315                               10553.978                 22.733293                 395.83564                       9.768089
              4       5497.0865       3.0356731       3.1969573      0.96760196     0.022076379      0.12139844     0.047179911       1.0404695       1.0033907       22.619148       15.355579       12.180712       1.0352215       1.2449144       1.2582072       1.0016546       1.0031507   2.0814984e-09       68.226699      0.80939056      0.30960973      0.82225175      0.15095729         13.6902       10982.636        5.768331         5.768331       10982.636                               10554.341                 22.629214                 395.81686                      9.8487903
              1       5498.3879       3.0343462       3.1969573      0.96965682     0.022076379      0.12139844     0.047179911       1.0404695       1.0029149       22.392478       15.064096       11.981566       1.0408258       1.2253236       1.3349011       1.0017858       1.0028674   2.0787383e-09       68.226699      0.80949154      0.30960973      0.82235433      0.15095729         13.6902       10985.732       5.5220544        5.5220544       10985.732                                10557.58                 22.224187                 395.87272                      10.054407
              2       5498.6262         3.03463       3.1859437      0.96967128     0.022015166      0.12125302      0.04768535       1.0405138       1.0033358       22.535476       15.121783       12.104109        1.063366       1.1962383       1.3152999       1.0019285       1.0022425   2.0793282e-09       68.114662      0.80975143       0.3101837       0.8233805      0.13994375       13.705583       10985.814       5.7191978        5.7191978       10985.814                               10557.683                  22.12138                 395.79893                      10.210569
              1       5498.2312       3.0332772       3.1760773      0.96922526     0.022022174      0.12082119     0.046648082       1.0404601       1.0037913       22.455345       14.924069       11.991493       1.0317108       1.1879134       1.2342576       1.0008533       1.0041859   2.0765172e-09        68.14047      0.80785959      0.30903383      0.81993281      0.13007734        13.71469        10984.41       6.0264025        6.0264025        10984.41                               10556.037                 22.196069                 395.90529                      10.271636
              2       5497.2946        3.029173       3.1760773      0.96950142     0.022022174      0.12082119     0.046648082       1.0404601       1.0017256       21.673119       14.320771       11.513838      0.99940241       1.3046167       1.3942133       0.9997686       1.0011628   2.0680124e-09        68.14047      0.80628874      0.30903383      0.81833849      0.13007734        13.71469       10984.528       5.0305039        5.0305039       10984.528                               10555.834                 22.148353                 395.92221                       10.62411
              1       5498.5413       3.0298988       3.1627815       0.9702172      0.02208662      0.12054789      0.04773233       1.0405769       1.0007428       21.244729       13.284321       10.828454       1.0490894       1.1656277       1.3783683       1.0043903       1.0035234   2.0695138e-09       68.175855      0.80613129      0.30826377      0.81715867      0.11678146       13.717183       10987.107       4.9878411        4.9878411       10987.107                               10558.772                 22.111507                  395.8181                      10.405352
              1       5497.0329       3.0284235       3.1417983      0.96692256     0.022137112      0.12121383     0.047702046       1.0402504      0.99916867       20.115936       12.724785       10.416025       1.0255072       1.2708276       1.6131042       1.0000919      0.99897512   2.0664629e-09       67.631002      0.80680369      0.31481703      0.82648762     0.095798299       13.746161       10984.374       4.8458367        4.8458367       10984.374                               10556.376                 22.691594                 395.78596                      9.5201853
              3       5498.0676       3.0284662       3.1434396      0.96628497     0.022095917      0.12153597     0.047759621        1.040191      0.99724103       17.783096       11.322718       8.6502808       1.1210478       1.4225598        1.616595       0.9990399       1.0040779   2.0665512e-09       67.483442      0.80773304      0.31681221       0.8300575      0.09743961       13.751718       10985.171       5.4819659        5.4819659       10985.171                                10557.25                 23.027984                 395.76866                      9.1248027
              1       5498.1178       3.0282882       3.1306238       0.9654746     0.022138245      0.12153238     0.048540539       1.0400923      0.99803401       17.949798       11.725052       8.9870065       1.1402493       1.4924967       1.6070782      0.99774417       1.0009829   2.0661834e-09       67.338876      0.80750316      0.31825938      0.83171437     0.084623834       13.763545       10985.986       5.1247373        5.1247373       10985.986                               10558.017                 22.956027                 395.75014                      9.2632292
              7       5498.1847       3.0281937        3.106444      0.96468989     0.022095732      0.12166628     0.048522896        1.040166      0.99803816       17.812642         11.5133       8.8238516       1.1492294       1.4736394        1.610207      0.99657966      0.99991855   2.0659882e-09       67.003356      0.80857553       0.3216583      0.83725422     0.060444024       13.791047       10986.066       5.1516861        5.1516861       10986.066                               10558.136                 23.030161                 395.72008                      9.1796793
              1       5497.6446       3.0310692        3.106444      0.96212759     0.022095732      0.12166628     0.048522896        1.040166       0.9985303       18.028176        11.80103       9.0199103       1.1803449        1.444639       1.5918884       0.9979923       1.0020011   2.0719373e-09       67.003356       0.8089588       0.3216583      0.83765109     0.060444024       13.791047       10985.293       4.9982317        4.9982317       10985.293                               10556.827                 23.729968                  395.7619                      8.9741891
              1       5497.1769       3.0312364        3.106444       0.9625265     0.022095732      0.12166628     0.048522896        1.040166      0.99866317       18.579038       11.881171       8.8446966       1.0962485       1.2211405       1.5642505       1.0001527       1.0020916   2.0722839e-09       67.003356       0.8091478       0.3216583      0.83784679     0.060444024       13.791047       10984.453       4.9502133        4.9502133       10984.453                               10556.086                 23.631742                 395.74392                      8.9914033
              2       5495.0519       3.0312598       3.1061873      0.96252458     0.022094772       0.1216736     0.048544009       1.0401684      0.99865636       17.730379       12.343297       8.7017946      0.91956371       1.6396901       1.6365809      0.99709884      0.99808169   2.0723323e-09        66.99786      0.80919363      0.32172524      0.83798143     0.060187337       13.791368       10980.123       4.9901662        4.9901662       10980.123                               10551.779                 23.629779                 395.72059                      8.9941999
              4       5492.6712       3.0309707        3.087424      0.96347056     0.022167079      0.12104639     0.048113455       1.0403631      0.99953511       17.594289       11.865683       8.7400563       1.0372111       1.6440755       1.8017816       1.0009777       1.0003506   2.0717333e-09       67.123839      0.80779963      0.31928715       0.8333621     0.041423975       13.795093       10975.727        4.807938         4.807938       10975.727                                10547.63                 23.400468                 395.74112                      8.9552739
              3       5492.1511       3.0314572       3.1155587      0.96508429     0.022109238      0.12095797     0.047242983       1.0404835       1.0007686       18.350526        12.21341       9.1065763       1.0212359       1.5645977       1.6399273       1.0018357       1.0022826   2.0727415e-09       67.472464      0.80773814      0.31567495      0.82857156     0.069558661       13.767908       10974.551       4.8754161        4.8754161       10974.551                               10546.505                 23.084924                  395.8147                      9.1470785
              1       5493.1131       3.0315302       3.1180996      0.96589046     0.022149026      0.12054185     0.047505048       1.0405085       1.0017998       18.846171       12.422366       9.4920107      0.99235833       1.5315625       1.5442119       1.0019515       1.0021507   2.0728928e-09       67.688929      0.80643801       0.3128378      0.82351208     0.072099645       13.758804       10976.053       5.0865549        5.0865549       10976.053                               10547.887                 22.829485                 395.82347                      9.5134143
              2       5491.9789       3.0320971       3.1180996      0.96682312     0.022149026      0.12054185     0.047505048       1.0405085       1.0019863       18.957281       12.587887       9.6204874       1.0363921       1.5073583       1.6616188       1.0002691       0.9990582   2.0740683e-09       67.688929      0.80695228       0.3128378      0.82403724     0.072099645       13.758804       10973.747       5.1056932        5.1056932       10973.747                               10545.822                 22.659057                 395.78703                        9.47817
              3       5492.0771       3.0322053       3.0908649      0.96626633     0.022110461      0.12065092     0.047566672       1.0406388        1.002053       18.845032       12.209962       9.4000906       1.0134686       1.4858975        1.662879      0.99870672      0.99734412   2.0742927e-09       67.347154      0.80826092      0.31617649       0.8297662     0.044864863       13.787362       10973.822       5.1660716        5.1660716       10973.822                               10546.057                 22.681356                 395.80189                      9.2817937
              3       5495.3208       3.0303942       3.0908649      0.96800615     0.022110461      0.12065092     0.047566672       1.0406388       1.0017272       18.098252       11.845472       9.3005487       1.0464846       1.4357233       1.7865214       0.9934661      0.99531774   2.0705394e-09       67.347154       0.8080607      0.31617649      0.82956065     0.044864863       13.787362       10979.948       5.3469818        5.3469818       10979.948                               10552.312                 22.279607                 395.81088                      9.5455683
              1       5495.1092       3.0303962       3.1052791      0.96866848     0.022141775      0.12034582     0.047816012       1.0405719       1.0017429       17.962177       12.097239       9.0845168       1.0708769       1.3461949       1.7237467      0.99443321      0.99438573   2.0705435e-09       67.624471      0.80665198      0.31298994      0.82393085     0.059279142       13.770037       10979.537        5.340829         5.340829       10979.537                               10551.741                 22.206245                 395.78001                      9.8093519
              1       5495.6902       3.0283673       3.1051176      0.96726397     0.022103787      0.12032155     0.045790091       1.0404035       1.0025705       17.223311        11.61151       8.2254508       1.2162541       1.7127442       2.0033406      0.99876897       1.0008319   2.0663468e-09       67.543318      0.80533267      0.31360603      0.82339247     0.059117593        13.77895       10980.731       5.3248783        5.3248783       10980.731                                10552.54                 22.417483                 396.01484                      9.7587948
              4       5495.3645       3.0283662       3.1027609       0.9672081     0.022099346      0.12031729     0.045820141       1.0404095       1.0023927         17.7519       11.616015       8.2449764      0.94940354       1.7478588       1.7088088      0.99702458      0.99923148   2.0663445e-09       67.515866      0.80539416      0.31384204      0.82376513     0.056760898       13.781635       10980.148       5.2904617        5.2904617       10980.148                                   10552                 22.442328                 396.02154                      9.6843505
              3       5494.9724       3.0276131       3.0771882       0.9664593     0.022166832      0.12051731     0.044595384       1.0405493       1.0027894       17.361429       11.013801       7.8597309      0.96608766       1.6253216       1.6432198      0.99263039      0.99409942   2.0647889e-09       67.251917      0.80611237      0.31690183       0.8285092     0.031188238       13.797976       10978.238       5.8533659        5.8533659       10978.238                               10550.091                  22.55462                 396.23771                      9.3547063
              3       5493.4028       3.0291243       3.0771882      0.96538731     0.022166832      0.12051731     0.044595384       1.0405493       1.0031311       17.711711       11.543391       8.4739901       1.0339183       1.5369786       1.6456681      0.99326946       0.9967007   2.0679115e-09       67.251917      0.80639557      0.31690183      0.82880027     0.031188238       13.797976       10975.105       5.8504628        5.8504628       10975.105                                10546.93                 22.818982                 396.18049                       9.175524
              1       5495.9604        3.030535       3.1304196      0.96872041     0.022086534      0.11991868      0.04481807       1.0406482       1.0042241       18.964255       13.182488       9.6397763      0.98968126       1.3547989       1.4178177      0.99802263       1.0016282   2.0708308e-09       68.046904       0.8048738      0.30807417      0.81563303      0.08441963       13.745554        10979.43        6.245467         6.245467        10979.43                               10550.802                 22.294067                 396.22104                      10.112892
              1       5496.9496       3.0295774       3.1304196      0.96920593     0.022086534      0.11991868      0.04481807       1.0406482       1.0041863       19.178913       13.156547       9.9779433       1.1303843       1.2918891        1.482074      0.99809283      0.99829465   2.0688488e-09       68.046904      0.80463757      0.30807417      0.81539365      0.08441963       13.745554       10981.459       6.2199698        6.2199698       10981.459                                10552.73                 22.152755                 396.19433                      10.382096
              2       5497.2535       3.0297457       3.1304196      0.96792764     0.022086534      0.11991868      0.04481807       1.0406482       1.0031017       18.416482       12.568106       9.3338063        1.012951       1.4577334       1.5163792      0.99587735      0.99937595   2.0691969e-09       68.046904      0.80431296      0.30807417       0.8150647      0.08441963       13.745554       10983.223       5.6418188        5.6418188       10983.223                               10554.602                 22.533346                  396.2029                      9.8851412
              1       5498.8668       3.0332401       3.1404814      0.96864456     0.022183849      0.12138041     0.047297113       1.0408835       1.0018292       18.357652       13.404443       9.9936342       1.0034034       1.5872526        1.724377      0.99644247      0.99201917   2.0764403e-09       67.809204      0.81026268      0.31362845      0.82846265     0.094481449       13.724658       10986.864       5.4346887        5.4346887       10986.864                                10559.08                 22.399257                 395.85253                      9.5325054
              2       5497.3767       3.0339613       3.1532758      0.97032524     0.022253409      0.12084562     0.048180683       1.0409358       1.0020378       18.051469       12.933854       8.8873688       1.1974235       1.5965899       1.7672673      0.99603014       0.9951252   2.0779384e-09       68.220368      0.80870426      0.30885973      0.82055888      0.10727583       13.700821       10984.123       5.3150918        5.3150918       10984.123                               10556.192                 22.142784                 395.79189                      9.9969691
              5       5498.2745       3.0341754       3.1548796      0.97078077      0.02226617      0.12072124     0.048339413       1.0409734       1.0014967       17.891881       12.643987       8.7392858       1.2288373       1.7068618       1.8055499       0.9963222      0.99548938   2.0783833e-09       68.306074      0.80845433      0.30784592      0.81895788      0.10887958       13.696264       10986.281       5.1338343        5.1338343       10986.281                               10558.457                 22.151257                 395.77538                      9.8980916
              2       5496.9016       3.0341201        3.146753      0.97024238     0.022298053      0.12089055     0.048529587       1.0409553       1.0011976       17.904799       12.477957       8.6912248       1.3120514       1.6653764       1.9110182      0.99596991      0.99641945   2.0782682e-09        68.17267      0.80891573      0.30948482      0.82160359        0.100753        13.70263       10983.713       5.0453099        5.0453099       10983.713                               10556.017                 22.229611                 395.74742                      9.7184938
              2       5496.5957        3.034356       3.1330446       0.9698086     0.022214737      0.12089802     0.049066313       1.0409708       1.0008468       16.856105       11.932902       8.2735677       1.1159971        1.762317       1.9715485      0.99287139      0.99479049   2.0787587e-09       67.946966      0.80964713      0.31138003      0.82486055     0.087044585        13.72458       10982.727        5.232397         5.232397       10982.727                               10555.171                 22.263572                 395.71992                      9.5719989
              1       5495.3809       3.0317888       3.1203469      0.96845629     0.022211672       0.1202741     0.047400238       1.0407584       1.0011361       16.193864       10.846355       7.2989636       1.1826701       1.8098838       1.9931346      0.99924942       1.0046522    2.073429e-09        67.94501      0.80635003      0.31003983      0.81973168     0.074346889       13.741617       10980.763       4.9995464        4.9995464       10980.763                               10552.903                 22.523926                 395.84071                      9.4946137
              3       5495.8866       3.0318547       3.1220223      0.96862222     0.022213267      0.12022495     0.047456049       1.0407636       1.0010613       16.428975       11.287633       7.6167678       1.0953261       1.7697181       2.0468438      0.99762647       1.0071362   2.0735655e-09       67.984862      0.80621332      0.30957356      0.81897618     0.076022292       13.739369       10981.457       5.1581629        5.1581629       10981.457                               10553.593                 22.511945                 395.84228                      9.5092414
              2       5497.8688       3.0318707          3.1342      0.96865504     0.022269757      0.12051079     0.047102323       1.0407429       1.0009371       16.784483       11.741209       8.1825267      0.98896349       1.8001216       1.9689757       0.9977028       1.0078657   2.0735986e-09       68.065466      0.80656173      0.30957969      0.81933822     0.088199994       13.723025       10985.355        5.191235         5.191235       10985.355                               10557.486                 22.560844                 395.84948                      9.4588585
              2       5497.1479        3.031947       3.1322056      0.96835687     0.022249024      0.12065944     0.047185767       1.0407335       1.0007929       16.914666       11.656267       8.2102526      0.92681342       1.7992992       1.9640409      0.99471191       1.0049434   2.0737569e-09       67.969634      0.80712794      0.31073016      0.82143548     0.086205634       13.728059       10984.101       5.0975498        5.0975498       10984.101                               10556.286                 22.602313                 395.83319                      9.3794815
              2       5497.4732       3.0332831       3.1521803      0.97023994     0.022281233      0.12033812     0.048426675       1.0408047       1.0009047       17.134343        10.87508       8.0445546      0.80234257       1.9413958       1.9449328      0.99830587      0.99865356   2.0765296e-09       68.365605      0.80649818      0.30652254       0.8152184      0.10618032       13.700883       10985.198       4.8741518        4.8741518       10985.198                               10557.268                 22.294436                 395.74891                      9.8867084
              2       5500.6363       3.0346049       3.1521803      0.96719489     0.022281233      0.12033812     0.048426675       1.0408047       1.0009756       17.045927       11.164434       8.2248836      0.74167889       2.0300298       1.8768349      0.99683851       1.0021623   2.0792761e-09       68.365605       0.8060896      0.30652254       0.8148054      0.10618032       13.700883       10991.403       4.9347436        4.9347436       10991.403                               10563.135                 22.958176                 395.76927                      9.5403728
              8       5496.5594       3.0321693       3.1521803      0.96919538     0.022281233      0.12033812     0.048426675       1.0408047      0.99934401       16.536919       10.615022       7.4375554      0.89217675       1.9001871       2.0218392      0.99941238       1.0034337   2.0742179e-09       68.365605      0.80572618      0.30652254      0.81443806      0.10618032       13.700883       10983.358       4.8803581        4.8803581       10983.358                               10555.377                 22.619106                 395.75695                      9.6050037
              2       5498.5994       3.0337494         3.19454      0.97159746     0.022300734       0.1204913     0.048466405       1.0409601      0.99980115       16.902029       11.053015       7.6128438      0.96201299       1.8698215       2.0175861       1.0018943       1.0033706    2.077498e-09       68.872599      0.80643315      0.30239037      0.80963957      0.14854003        13.65183       10987.472       4.8631632        4.8631632       10987.472                               10559.266                 22.296404                 395.79477                      10.114917
              2       5498.9119       3.0341699       3.1023593      0.96736328     0.022056034      0.12192385     0.049031481       1.0411888      0.99936627       16.540257       10.802701       7.2275613        1.218808       1.8882832       2.0906858       1.0012644      0.99955138   2.0783718e-09        67.17644      0.81391977       0.3204857      0.84125043     0.056359264       13.769727       10988.171       4.8263834        4.8263834       10988.171                               10560.346                 22.675668                 395.75178                      9.3973421
              5       5499.4685       3.0346294       3.1157467      0.96764408      0.02209542      0.12198113     0.049795581       1.0411095      0.99891567       16.490405       9.8528918       7.2149524       1.1706967       2.0577003       2.2679993       1.0037321       1.0014261   2.0793271e-09       67.317158       0.8137549      0.31936055       0.8396023     0.069746743       13.754592       10989.019       4.9591274        4.9591274       10989.019                               10561.222                 22.658662                  395.7725                      9.3653404
              6       5499.1839       3.0346505       3.1125295      0.96757868     0.022089051      0.12193443     0.049978398       1.0411047       0.9979929       16.459283       9.5523457        7.055975       1.1681083       2.0878893       2.3338644       1.0035881       1.0025547   2.0793709e-09       67.289247      0.81370677      0.31950833      0.83974688     0.066529454         13.7585       10987.959       5.2045324        5.2045324       10987.959                               10560.081                 22.776319                 395.75786                      9.3439328
              1       5498.8261       3.0343385       3.1554374      0.96775515     0.022096253      0.12202811     0.049740783       1.0408401      0.99736403        16.13991       10.242335       7.2133338       1.0291663       1.9534034       2.2615971       1.0046936       1.0004207   2.0787223e-09       67.668789      0.81241759      0.31615457      0.83400455      0.10943737       13.722096       10986.748       5.4521535        5.4521535       10986.748                               10558.872                 22.902455                 395.74923                      9.2247014
              1        5496.823       3.0345975       3.1440166       0.9673163     0.022098226      0.12214236     0.050391239       1.0408388      0.99737181       17.169831       10.295819       7.9100627       1.0816607       1.8036702       2.1205128       1.0029136       1.0007217   2.0792607e-09       67.498698      0.81307451      0.31800502      0.83711806      0.09801656       13.734063        10982.88       5.3828934        5.3828934        10982.88                               10554.977                  22.89409                  395.7418                       9.267059
              1       5499.9161       3.0364817       3.2231539       0.9716084     0.022358348      0.12163846     0.051608894       1.0408322      0.99746762       18.084583       10.647775       8.4350316       1.0556291       1.9551016       2.1702484       1.0062834      0.99922951   2.0831821e-09       68.803879      0.81014993      0.30553967      0.81759566       0.1771539       13.625873       10988.835       5.4986623        5.4986623       10988.835                               10560.946                 22.365867                 395.73993                      9.7835244
              1        5496.157       3.0361529       3.2231539      0.97310272     0.022358348      0.12163846     0.051608894       1.0408322      0.99838932       17.624213       11.089276       8.1125666        1.166077       1.7221864       2.1465903        1.003153       1.0005963   2.0824972e-09       68.803879      0.81048605      0.30553967      0.81793486       0.1771539       13.625873       10982.225       5.0442824        5.0442824       10982.225                               10554.289                 21.970072                 395.75126                      10.215334
              4       5496.5116       3.0359923       3.2007931      0.97265882     0.022357077       0.1215477     0.051745001       1.0408941      0.99881787       17.515326       11.702623       8.5414958       1.1253632       1.6396147       2.0084054      0.99522356      0.99318993   2.0821628e-09       68.596784       0.8107026      0.30719172      0.82036229      0.15479309       13.646364       10982.537       5.2430065        5.2430065       10982.537                               10554.676                 21.942812                 395.73926                      10.178705
              1       5498.0413       3.0375664       3.2007931      0.97620093     0.022357077       0.1215477     0.051745001       1.0408941       1.0006006       17.767913       11.766441       8.5072342       1.1009962       1.5482707       1.8794187      0.99390994      0.99494143   2.0854431e-09       68.596784      0.81245355      0.30719172       0.8221341      0.15479309       13.646364       10985.828       5.1274983        5.1274983       10985.828                                10558.27                 21.295975                 395.74447                      10.517165
              4        5499.943       3.0359908       3.2494182      0.97864534      0.02228128      0.12004036      0.04972731       1.0407707       1.0018663       18.690928       12.729655       9.1988258       0.9792494       1.5011635       1.5679981      0.99960439        1.007397   2.0821598e-09       69.591823      0.80628714      0.29520103      0.79981222      0.20341824       13.601833       10989.209       5.3382526        5.3382526       10989.209                               10559.972                  21.12879                 395.74074                      12.367736
             12        5502.288       3.0361955       3.2454568      0.97932072     0.022299329      0.11967733     0.050094788       1.0408311       1.0023184        17.84959       11.973822       9.0451135      0.94206863       1.4191233       1.6030021      0.99456748      0.99921107   2.0825859e-09       69.712103      0.80543837      0.29347339      0.79662889      0.19945682       13.600592       10993.844       5.3659328        5.3659328       10993.844                               10564.049                 21.017775                 395.74625                      13.031052
              2       5502.1748        3.039076       3.2454568       0.9807075     0.022299329      0.11967733     0.050094788       1.0408311       1.0035727       18.038001       12.372873       9.1256009      0.92475819       1.3307023       1.4110969      0.99472364       1.0006249   2.0885936e-09       69.712103      0.80703816      0.29347339      0.79821117      0.19945682       13.600592       10992.455       5.9475496        5.9475496       10992.455                               10563.292                 20.869943                 395.78214                      12.510066
              2       5501.0199       3.0403811       3.1985126      0.97980789      0.02222408      0.12017554     0.051482581       1.0410756       1.0031828       17.985738       12.347312       9.1276688        1.070899       1.4103181       1.6057189       0.9972174      0.99816269   2.0913212e-09       69.006278      0.81093359      0.30039586      0.81146844      0.15251255       13.650621       10990.737       5.6512652        5.6512652       10990.737                               10562.812                  20.85827                  395.7842                       11.28257
              1       5501.3204       3.0403571       3.1988521       0.9796818     0.022222208      0.12009738     0.051846041       1.0410166       1.0032707        18.52822       11.975772       8.9156701       1.0085154       1.5033299       1.5452598       1.0007859       1.0055989   2.0912709e-09       69.016541      0.81056318      0.30013848      0.81075024      0.15285206        13.65186       10991.039        5.800867         5.800867       10991.039                               10562.905                 20.844235                 395.77315                      11.517007
              1       5501.2126       3.0396775       3.1719968       0.9784917     0.022218249      0.12017501     0.051505685       1.0410303       1.0026448       17.247518       11.262043       8.2603609       1.0788958       1.5045552       1.5900309      0.99557549      0.99818816   2.0898502e-09       68.677634      0.81098976      0.30326422      0.81538991      0.12599678       13.679531       10991.507       5.4591336        5.4591336       10991.507                               10564.043                  20.98903                 395.78739                      10.687569
              1       5500.3555       3.0388903       3.1704034      0.97675192     0.022213216      0.12080062     0.050795191       1.0408809       1.0020769       16.956347       11.435732       7.9427859       1.0767089       1.6048632       1.6336501        0.991264       0.9976398   2.0882057e-09       68.382874      0.81216561      0.30721135        0.821869      0.12440339       13.688798       10989.631       5.5397928        5.5397928       10989.631                               10562.608                 21.213285                 395.71536                      10.095065
              1       5498.1297       3.0384899       3.1639325      0.97605946     0.022212409      0.12095143     0.050490874        1.040846       1.0019539       16.717151       11.266934       7.6508399       0.9736186       1.4933751       1.6084228      0.99407832      0.99575171   2.0873699e-09       68.242227      0.81244749      0.30880108       0.8242787      0.11793254       13.697157       10985.547       5.3562446        5.3562446       10985.547                               10558.646                 21.297115                 395.69186                      9.9117216
              2       5499.0097       3.0384757       3.1662775        0.976165      0.02221773      0.12095542      0.05035689       1.0408539        1.002687        16.90078       11.080816       7.4051557      0.95821084       1.7343216       1.6093403       0.9986199      0.99910436   2.0873402e-09        68.27511      0.81240459      0.30852365      0.82386485       0.1202775       13.694015       10987.267       5.3763942        5.3763942       10987.267                               10560.187                  21.22641                 395.71918                      10.133925
              1       5498.6152       3.0393661       3.1662775      0.97591447      0.02221773      0.12095542      0.05035689       1.0408539       1.0029583       17.826133       11.957118       8.4297349      0.98811696       1.5494488       1.4086119      0.99842202      0.99752898   2.0891996e-09        68.27511      0.81268797      0.30852365      0.82415223       0.1202775       13.694015       10986.174       5.5283628        5.5283628       10986.174                               10559.163                 21.277214                 395.71986                      10.013982
              2       5498.2519       3.0392874       3.1626005      0.97593898     0.022217987       0.1208672     0.050328706       1.0408692       1.0026166       17.454312       11.046951       7.9952453      0.94991382       1.4231093       1.4751915      0.99579806       1.0014739   2.0890352e-09        68.26891      0.81249233      0.30839098      0.82377665      0.11660051       13.696913        10985.64       5.4321266        5.4321266        10985.64                               10558.702                 21.309333                   395.729                      9.8992338
              1       5499.4543       3.0395482       3.1722833      0.97624115      0.02240628      0.12093115     0.051098602       1.0407957       1.0020062       18.525853       11.503594       8.7600052       1.1513625       1.3945668       1.7752421      0.99812884       1.0008993     2.08958e-09       68.491104      0.81176871      0.30693101      0.82109246      0.12628325       13.670678       10988.651        5.128776         5.128776       10988.651                               10561.625                 21.323228                 395.73705                      9.9658127
              6       5500.5753       3.0397181       3.1715937      0.97624771     0.022410267      0.12097804     0.051302562       1.0408021       1.0019139       17.633851       11.123617       8.0187197       1.3259717       1.4159385       1.9754765      0.99969295       1.0019265    2.089935e-09       68.472071      0.81200526      0.30721019      0.82170517      0.12559367       13.670992       10990.956       5.0973298        5.0973298       10990.956                               10563.957                 21.318919                 395.73022                      9.9503546
              1       5501.1619       3.0406752       3.1819851       0.9777771     0.022353403      0.12061919     0.051900268       1.0409178       1.0023585       17.568664       10.636247       7.8074113       1.3008293        1.320278       1.9094684        1.002662       1.0001351   2.0919363e-09       68.711021      0.81171217      0.30419665      0.81736991      0.13598514       13.661142       10991.792       5.2657922        5.2657922       10991.792                               10564.533                 21.115229                  395.7324                      10.412069
              1       5499.1535       3.0394421       3.1857568      0.97606981     0.022264796      0.12069642     0.051572386       1.0406159       1.0020318       17.460397       11.402069       7.8426323       1.2345022       1.4250175       1.8600656       1.0009919       1.0043962   2.0893583e-09       68.551226      0.81091445      0.30559228      0.81843766      0.13975678       13.675425       10987.873         5.21705          5.21705       10987.873                               10560.521                 21.309186                 395.75281                      10.289666
              1       5495.0092       3.0392942        3.199515      0.97600479     0.022333827      0.12080087     0.051620612       1.0405059       1.0008839       16.399354        10.44907       7.2051347       1.0398856       1.8084467       1.8406265      0.99863769      0.99975428   2.0890494e-09       68.694338      0.81038671      0.30468795      0.81669391        0.153515       13.658274       10980.304       4.8573322        4.8573322       10980.304                               10553.072                 21.444212                 395.74184                      10.046157
              2       5496.7483       3.0391069       3.1954042      0.97597042     0.022345349      0.12067344     0.051603491       1.0405026       1.0009376       17.673646       10.813959       8.0625173      0.97619787       1.7915568       1.6563308       1.0000354       1.0018917   2.0886581e-09       68.700256      0.80994473      0.30438987      0.81584912      0.14940415       13.660843        10983.75       4.8734841        4.8734841        10983.75                               10556.462                  21.44407                 395.76717                      10.076053
              5       5497.3691        3.038345       3.1578873      0.97368435     0.022320949      0.12126152     0.051065425       1.0405121       1.0003773       16.754904       10.259083       8.0082302      0.93355341       1.7103822       1.9201519      0.99636577       0.9976686   2.0870675e-09       68.041151      0.81208338      0.31153316      0.82754598      0.11188735       13.703685       10984.959       4.8898607        4.8898607       10984.959                               10558.071                 21.720369                   395.764                       9.403667
              1        5496.341       3.0373229       3.1615687      0.97263371     0.022327466      0.12151265     0.050011893       1.0403865       1.0002583       15.974996       10.106415       7.2312829      0.96662585       1.7190088       1.9158123      0.99291287      0.99844571   2.0849352e-09       67.958942      0.81191309      0.31284519      0.82911287      0.11556873       13.704054       10982.574        5.053807         5.053807       10982.574                               10555.666                 21.914378                 395.71234                      9.2813387
              2        5496.635       3.0372029       3.1723731      0.97346736     0.022305156      0.12109106      0.04980439       1.0403854       1.0008912       16.254322       10.604335       7.2840249       1.0235047       1.8008491       2.1321418      0.99211317       1.0001817   2.0846851e-09       68.212699      0.81051583      0.30956789      0.82333926      0.12637309       13.693544        10982.95       5.1599633        5.1599633        10982.95                               10555.964                  21.78198                 395.73473                      9.4697384
              1       5495.8175       3.0372667       3.1776126      0.97351379     0.022298348      0.12110807     0.049900533       1.0403547       1.0007278       15.948994       10.124578       7.3802583      0.99111466       1.9723703       2.2705253      0.99922365       1.0016573   2.0848182e-09       68.251307      0.81045846      0.30923968      0.82284444      0.13161263       13.689874       10981.946       4.8443732        4.8443732       10981.946                               10554.942                 21.792437                 395.73464                      9.4768169
              3       5494.8084       3.0381065        3.212748      0.97531666     0.022312215      0.12112103     0.049579538       1.0404404       1.0012019       16.326892       9.7789951       6.7994847       1.1490753       2.1365086       2.3981232       1.0005963       1.0011001   2.0865696e-09        68.69422      0.81039627      0.30532166      0.81755242        0.166748       13.650345         10979.8        4.908638         4.908638         10979.8                                10552.64                 21.602943                 395.74891                      9.8074772
              2       5500.5163       3.0432359        3.212748      0.97142823     0.022312215      0.12112103     0.049579538       1.0404404       1.0021087       16.384049       11.014413       7.8375708       1.2623513       1.7476825       2.5592802       1.0003285       1.0045801   2.0973001e-09        68.69422      0.81125644      0.30532166      0.81842019        0.166748       13.650345        10990.54       5.2464205        5.2464205        10990.54                                10563.28                 22.454646                  395.7417                      9.0638116
              2       5496.6056       3.0444361       3.1618951       0.9699169     0.022262023      0.12191312     0.050887012       1.0406608       1.0023298       16.018548       10.429648       7.1862598        1.410522       1.7186108       2.5709747      0.99979558       1.0017647   2.0998187e-09       67.860902      0.81578802      0.31447732      0.83524015      0.11589512       13.703772       10982.741       5.2352788        5.2352788       10982.741                               10555.387                 22.436564                 395.74988                      9.1668113
              2        5499.103       3.0451419       3.1624102       0.9710514     0.022264018      0.12149688     0.051748186       1.0407425       1.0029372       16.829346       11.528128       8.3818229       1.3659004       1.7705738       2.4119231       1.0032512      0.99826006   2.1013013e-09       68.041332      0.81512085       0.3119169      0.83115272       0.1164102       13.698906       10987.119       5.5434359        5.5434359       10987.119                               10559.967                 22.173202                   395.772                      9.2065263
              3       5495.5808        3.044853       3.1571199      0.97036857     0.022240228      0.12172113     0.051392468       1.0407225       1.0023935       16.075803       11.221358        7.529133       1.2907536       1.7652096       2.3300388       1.0002275      0.99729289   2.1006944e-09       67.875291       0.8157592      0.31387994      0.83441698      0.11111993       13.708201       10980.601       5.2804436        5.2804436       10980.601                               10553.325                 22.333975                 395.76713                      9.1744922
              7       5497.1645       3.0452714       3.1524358      0.97032654     0.022233203      0.12184996     0.051823507       1.0407591       1.0022319       16.399385       11.357144       7.8089697        1.314712       1.7644948       2.2680763       1.0042769         0.99902   2.1015735e-09       67.782802      0.81653719      0.31500222      0.83670459      0.10643582       13.713121       10983.769       5.2800149        5.2800149       10983.769                               10556.433                 22.319405                 395.79177                      9.2251793
              1       5500.3767       3.0430557       3.1782307      0.96877289     0.022404743      0.12208627     0.050226081       1.0403616       1.0016007       14.594972       9.6447833       6.3270889        1.220573       1.8191698       2.3980538        1.003086      0.99512028   2.0969221e-09       68.007474      0.81408965      0.31380618       0.8326114      0.13223067       13.682465        10990.44       5.1569038        5.1569038        10990.44                               10562.946                  22.76126                  395.7203                      9.0117173
              2       5498.4536       3.0423073       3.1584615      0.96820455     0.022348549      0.12173162     0.049951918       1.0403536       1.0015068       14.600059         9.13311       6.3133796       1.0174929       1.9555363       2.4194049      0.99873185      0.99474872   2.0953534e-09       67.853145       0.8132497      0.31434294      0.83246338      0.11246148       13.706987       10986.681        5.112807         5.112807       10986.681                               10559.108                 22.854422                 395.73764                      8.9811923
              2       5495.3755       3.0451694       3.2055107      0.97150881     0.022320506      0.12173604     0.051543599       1.0405493       1.0017273       16.388709       10.014142       7.2212474        1.033497       1.8736487       2.3359304      0.99817312      0.99682316    2.101359e-09       68.437812      0.81438352      0.30894456      0.82643485      0.15951072       13.656231       10980.569       5.0910768        5.0910768       10980.569                               10553.355                  22.32568                  395.7588                      9.1289071
              4       5495.8735       3.0455445       3.2084358      0.97248572     0.022392092      0.12149853     0.051781287       1.0406364       1.0019694       16.453106       9.8030135       7.2331844       1.0194392       1.9134423       2.3174327      0.99736789      0.99544422   2.1021473e-09       68.644619       0.8137559      0.30673371      0.82283787      0.16243583        13.64256       10981.279       5.2339517        5.2339517       10981.279                                10554.15                 22.180498                 395.75042                      9.1982029
              1       5497.6965        3.047015       3.2084358      0.96962972     0.022392092      0.12149853     0.051781287       1.0406364       1.0019689       17.046675       10.134524       7.2250662       1.1835565       1.7962956       2.3244171       1.0062045       1.0029373    2.105241e-09       68.644619      0.81345637      0.30673371      0.82253501      0.16243583        13.64256       10984.731       5.3309978        5.3309978       10984.731                               10557.171                 22.811837                 395.78954                      8.9581512
              1       5496.5009        3.047015       3.2084573      0.96962976     0.022392098      0.12149876     0.051780973       1.0406363       1.0016351       16.873366       9.7908718        7.099794       1.2369188       1.7861275       2.3730669       1.0012039       1.0012342   2.1052409e-09        68.64476      0.81345637      0.30673293      0.82253396      0.16245731       13.642541       10982.974       5.0140111        5.0140111       10982.974                               10555.416                 22.858137                 395.77741                      8.9218319
              2       5496.2974        3.046208       3.2084573      0.97267464     0.022392098      0.12149876     0.051780973       1.0406363       1.0019068       17.531529       10.614696       7.5653496       1.2602859       1.7386462       2.3336794      0.99900759       1.0036379   2.1035427e-09        68.64476      0.81408539      0.30673293         0.82317      0.16245731       13.642541         10982.3       5.1472192        5.1472192         10982.3                               10555.231                 22.196083                 395.75042                      9.1233309
              3       5495.6831       3.0407247       3.2084573      0.97468459     0.022392098      0.12149876     0.051780973       1.0406363        1.000322       16.343746       10.443878       7.0368559       1.3254139       1.8245018       2.5150431      0.99703044      0.99459768   2.0920399e-09        68.64476      0.81248809      0.30673293      0.82155487      0.16245731       13.642541       10981.399       4.9835645        4.9835645       10981.399                               10554.266                 21.725247                 395.77008                      9.6378615
              2       5501.7191       3.0400214       3.2147742      0.97430667     0.022395345      0.12135419     0.051483322       1.0404996      0.99973077       17.002942         10.6342       6.7258065       1.1221062       1.9917687       2.3487656       1.0000725       1.0009665   2.0905691e-09         68.7252      0.81127891      0.30571611      0.81897137      0.16877416       13.639262       10993.847       4.7957494        4.7957494       10993.847                                 10566.7                 21.860881                 395.74625                      9.5395348
              3       5494.7485       3.0369432       3.2147742      0.97226966     0.022395345      0.12135419     0.051483322       1.0404996      0.99825974       17.078731       10.816238       7.7450541       1.2303211       1.9995934       2.3626508       1.0024122       1.0009953   2.0841438e-09         68.7252      0.80939276      0.30571611      0.81706733      0.16877416       13.639262       10979.374       5.0615824        5.0615824       10979.374                               10551.776                 22.198131                 395.71471                      9.6845612
              2       5495.2717       3.0360681       3.1282343      0.96984599     0.022210898      0.12167463     0.050063363       1.0408702      0.99945273       16.916762       9.9837837       7.1420573       1.1305387        1.729898       1.9671011      0.99980617      0.99599743   2.0823207e-09       67.583143      0.81296847      0.31643347       0.8349381     0.082234331       13.736082       10980.764       4.8895055        4.8895055       10980.764                                10553.43                 22.325092                 395.72293                      9.2862801
              1       5495.1784        3.035256       3.1256465      0.96795257     0.022123116      0.12224876     0.049362303       1.0407036      0.99895325       16.893948       10.834931        7.364851       1.0615251       1.7717214       1.9655701      0.99747562      0.99735013   2.0806304e-09       67.225529      0.81417465       0.3208852      0.84203819      0.07964646       13.754826       10980.477       4.9398809        4.9398809       10980.477                               10552.723                 22.651822                  395.7338                      9.3688912
              2        5496.261        3.034881       3.1267779      0.96748679      0.02213725      0.12234706     0.049120312       1.0406366       0.9987947       17.399315       11.251858       7.8693659       1.1045315       1.7058775       2.0249033        1.000949       1.0020034   2.0798504e-09       67.193893      0.81403794      0.32143646      0.84261965     0.080777872       13.754632        10982.67       4.9260451        4.9260451        10982.67                               10554.817                 22.753581                 395.73283                      9.3669464
              2       5495.7506       3.0345144       3.1439168      0.96838433     0.022190568      0.12203864     0.048405442       1.0406323      0.99927283       17.772551       11.068596       7.9273872       1.1245621       1.6135573       1.8853102       1.0021963       1.0033582   2.0790878e-09       67.540851      0.81246642      0.31758327       0.8359371     0.097916791       13.730631       10981.685       4.9080623        4.9080623       10981.685                               10554.061                 22.658903                 395.74931                      9.2161299
              2        5495.458       3.0353893       3.2135254      0.97063145     0.022253945      0.12193586     0.048697416       1.0404773      0.99917992       17.515163       11.516467       8.5391425        1.239368       1.7046843       2.1711832       1.0024992        1.007323   2.0809078e-09       68.380183      0.81076722      0.30975051      0.82383753      0.16752539       13.657738       10980.639       5.1384194        5.1384194       10980.639                               10553.065                 22.444014                 395.76316                      9.3671349
              9       5495.6465       3.0347357       3.2135254      0.97204621     0.022253945      0.12193586     0.048697416       1.0404773       1.0000965       17.072992       11.347011       8.4828726       1.2723399       1.6832721       2.3033208        1.000076      0.99970637   2.0795482e-09       68.380183      0.81094432      0.30975051      0.82401748      0.16752539       13.657738        10981.72       4.7864588        4.7864588        10981.72                               10554.157                 22.038379                 395.78485                      9.7402455
              4       5495.5167       3.0339138       3.2171026      0.97214824     0.022157333      0.12152614     0.047739224       1.0404443        1.000734       17.434291       11.600379       8.6183314       1.2324054       1.6174563       2.1378614       1.0002775        1.004437   2.0778396e-09       68.473456      0.80956276       0.3078273      0.82005591      0.17110259       13.662995       10981.179       4.9271797        4.9271797       10981.179                               10553.396                 22.019094                 395.85618                      9.9080239
              1       5495.2439       3.0315841       3.2171026      0.97326969     0.022157333      0.12152614     0.047739224       1.0404443      0.99987974       17.677686       11.648606       8.5766222       1.2200905       1.5731949       2.0456472      0.99819021       1.0017077   2.0730044e-09       68.473456       0.8089702       0.3078273      0.81945568      0.17110259       13.662995       10980.853       4.8173689        4.8173689       10980.853                               10553.031                 21.798633                 395.82191                      10.201908
              1       5494.6016        3.030569       3.2242268      0.97256308     0.022211805      0.12180834     0.046329314        1.040371      0.99995244       17.939429       11.517166       8.6602396        1.114014       1.6750505       1.9391296      0.99714848      0.99920892   2.0709012e-09         68.4772      0.80876588       0.3085116      0.82015879      0.17822684       13.653738       10979.545         4.82922          4.82922       10979.545                               10551.611                 21.967537                 395.99656                      9.9692243
              4       5496.2261       3.0315525        3.210074      0.97071212      0.02219749      0.12284099     0.047951876       1.0402776      0.99841035       16.115443       11.173631       7.6801401       1.1631203       1.7889606       2.1328896       1.0012966       1.0032143    2.072939e-09       67.910164      0.81230309      0.31589326      0.83354233      0.16407396       13.676502       10982.357       5.0474794        5.0474794       10982.357                               10554.831                 22.211972                 395.78514                      9.5294662
              4       5498.1153       3.0310623       3.1760928      0.96934001     0.022173904      0.12295516     0.047953685       1.0403072      0.99824515       15.683095        10.28175       7.2017981       1.3256915       1.8064584       2.4569579      0.99875916      0.99863182   2.0719231e-09       67.470754       0.8131291      0.32022021      0.84008503       0.1300928       13.712857       10986.133       5.0486715        5.0486715       10986.133                               10558.564                 22.360455                 395.76774                      9.4409279
              2       5498.3755        3.031609       3.1760928        0.970187     0.022173904      0.12295516     0.047953685       1.0403072        0.999074        16.62923       10.232897       7.1150469      0.92433053       2.1283083       2.0674276      0.99872908       0.9984811   2.0730561e-09       67.470754      0.81361394      0.32022021      0.84058594       0.1300928       13.712857       10987.004       4.8734644        4.8734644       10987.004                               10559.541                 22.140285                  395.8019                      9.5208248
              2       5496.4882       3.0312922       3.1663646      0.96976166     0.022158429      0.12290779     0.047837685       1.0402996      0.99909111       17.003296       11.024976       7.7644614      0.94626577       1.7051923       1.9401942      0.99900643      0.99873758   2.0723995e-09           67.36      0.81353005      0.32113558      0.84169972      0.12036457       13.724336       10983.248       4.8642455        4.8642455       10983.248                               10555.768                 22.187352                 395.79025                      9.5018585
              1       5497.3751       3.0307761       3.1834328      0.97018886     0.022135335      0.12279425     0.046723824       1.0402808      0.99960463       18.006626       11.421706        8.402324      0.88334325       1.8406406       1.7547288       1.0004986      0.99658435   2.0713302e-09       67.569598      0.81268755      0.31884712      0.83782676      0.13743277       13.709411       10985.036       4.8573355        4.8573355       10985.036                               10557.474                 22.168659                 395.88789                      9.5052068
              3       5496.0216       3.0306013       3.1765399      0.97010975     0.022181564      0.12280149     0.046493244        1.040322      0.99973667       17.811622        11.22819       8.2869998      0.87612396       1.7355794       1.6770644       1.0008146      0.99688448   2.0709682e-09         67.5403      0.81266386      0.31924101      0.83831968      0.13053993       13.710585       10982.358       4.8426516        4.8426516       10982.358                               10554.784                 22.177526                 395.91483                      9.4810393
              7        5496.998       3.0305554        3.172742      0.96999813     0.022177444      0.12281726     0.046433313       1.0403368      0.99996565       18.049946       11.164449       8.3141686      0.86665453       1.6284503       1.5960325      0.99456012      0.99448091    2.070873e-09       67.492781      0.81279919      0.31971628      0.83908316      0.12674205       13.714479       10983.825        5.085612         5.085612       10983.825                               10556.234                 22.162492                 395.92898                       9.499479
              3       5497.3834       3.0305341       3.1768843      0.97018473     0.022192013      0.12279266     0.046310975        1.040338       1.0000333       18.887643        11.55466       8.6962647       0.8948754       1.5700132       1.4565946       0.9972041      0.99519822    2.070829e-09       67.561388      0.81259542      0.31904531       0.8379921      0.13088433       13.708678       10984.887       4.9397137        4.9397137       10984.887                               10557.258                 22.147069                 395.97946                        9.50252
              2       5495.8646       3.0333844       3.1768843      0.96763535     0.022192013      0.12279266     0.046310975        1.040338       1.0005808       19.229942        11.78498       8.9170591      0.95854632       1.5553206       1.4770156      0.99892633       1.0001092   2.0767399e-09       67.561388      0.81296379      0.31904531      0.83837198      0.13088433       13.708678       10982.093       4.8180631        4.8180631       10982.093                               10554.172                  22.72921                 395.92023                      9.2714923
              1       5495.5296       3.0338907        3.171724      0.96796025     0.022195274      0.12283918     0.046611502       1.0404338       1.0002353       17.686107       11.821516       8.2466345       1.0742506       1.4184166       1.4966048      0.99990212       1.0029133   2.0777916e-09       67.521019      0.81364433      0.31953609       0.8397189      0.12572401       13.710928       10981.395       4.8321683        4.8321683       10981.395                               10553.509                 22.703975                 395.87556                      9.3064506
              3       5494.0346       3.0338751       3.1722015       0.9679476     0.022198551      0.12284763     0.046597576       1.0404296       1.0009217       18.333483       12.196287       8.8217666       1.1037301       1.3422753       1.4798134       0.9988774       1.0002866   2.0777591e-09       67.524906       0.8136301      0.31952503      0.83968969      0.12620152       13.710273       10978.349       4.8599296        4.8599296       10978.349                               10550.533                 22.614996                 395.87339                      9.3284171
              3       5494.4637       3.0361326       3.1722015      0.96571245     0.022198551      0.12284763     0.046597576       1.0404296       1.0013157       18.819907       12.727599       9.1996006       1.1481927       1.4682919         1.50026      0.99930416       1.0016515   2.0824551e-09       67.524906      0.81385625      0.31952503      0.83992309      0.12620152       13.710273       10979.048        4.939796         4.939796       10979.048                               10550.826                 23.165155                 395.85252                      9.2044669
             11       5493.6668       3.0355016       3.1722015      0.96596934     0.022198551      0.12284763     0.046597576       1.0404296       1.0019704       18.307978       12.008437       8.9154043      0.97967069       1.5337767       1.6177174      0.99558902      0.99624738   2.0811415e-09       67.524906      0.81367904      0.31952503      0.83974019      0.12620152       13.710273       10976.806        5.263544         5.263544       10976.806                               10548.743                 22.972333                 395.85231                      9.2389555
              1        5496.179       3.0391824       3.1722015      0.97020606     0.022198551      0.12284763     0.046597576       1.0404296       1.0040601       18.228512       12.377945       8.9481228       1.0198291       1.3064114       1.4670016        1.000942      0.99882635   2.0888157e-09       67.524906      0.81649457      0.31952503      0.84264591      0.12620152       13.710273       10980.127       6.1153502        6.1153502       10980.127                               10552.628                 22.143502                 395.92373                      9.4321712
              3       5496.9812       3.0401827       3.1877019      0.97122876      0.02233831      0.12299431     0.047474493       1.0404688       1.0034557       18.170472       12.135054       9.2924448       1.0150176       1.3182088       1.5831539       1.0003787      0.99646647   2.0909063e-09       67.782322      0.81672352      0.31772618      0.84050624      0.14170191       13.679985       10982.355       5.8037569        5.8037569       10982.355                               10555.062                  22.06373                 395.83295                      9.3963477
              4       5499.2396       3.0402962       3.1892899      0.97126038     0.022359245      0.12307963     0.047527527       1.0404743       1.0033794        18.02569       12.574635       9.4825407       1.0522837       1.3234534       1.5385448       1.0011171      0.99753017   2.0911436e-09       67.790532      0.81692892      0.31788045      0.84092168      0.14328987       13.676457       10987.008       5.7356251        5.7356251       10987.008                               10559.698                 22.067377                 395.83914                      9.4033349
              1        5498.151       3.0400904       3.2334181      0.97276555     0.022388629      0.12284576     0.046476209        1.040414       1.0039471       18.711524       12.818418       9.8138815       1.0340264       1.3163978       1.4159597       1.0038802      0.99917668   2.0907133e-09        68.38343      0.81512278      0.31195488      0.83120529      0.18741807       13.629907       10984.081       6.1102629        6.1102629       10984.081                               10556.745                 21.950875                 395.98729                      9.3982461
              3       5497.6027       3.0396042       3.2186939      0.97071617     0.022297697      0.12365167     0.045764876       1.0403604       1.0034655       17.511152       12.031873       8.6848639       0.9109587       1.4857193       1.4474761      0.99567184      0.99206211   2.0896971e-09       67.840825      0.81760329      0.31851848      0.84246006      0.17269387       13.658584       10982.896       6.1547423        6.1547423       10982.896                               10555.172                 22.249746                 396.00817                      9.4663616
              3       5497.4718        3.039742       3.2183006      0.97074639     0.022314797      0.12366856     0.046004401       1.0403586       1.0033514        16.99527       11.623084       8.5786384      0.82723412       1.4443561       1.4628085      0.99541585      0.99439842   2.0899851e-09        67.84423      0.81766353      0.31856036      0.84257752      0.17230063       13.657393       10983.052       5.9457907        5.9457907       10983.052                               10555.353                 22.244307                 395.99039                      9.4642304
              1       5497.1641       3.0421658       3.2183006        0.969103     0.022314797      0.12366856     0.046004401       1.0403586        1.004545        17.45303       12.075327       8.9543874      0.85466584       1.3838098       1.3867595      0.99620052      0.99537569   2.0950568e-09        67.84423      0.81813905      0.31856036      0.84306754      0.17230063       13.657393       10981.094       6.6169419        6.6169419       10981.094                               10553.162                 22.545759                 395.98311                      9.4035794
              3       5499.0376       3.0439936       3.2984518      0.97277081      0.02248756      0.12416452     0.044991139       1.0405557        1.005556       18.162648       12.738061       9.2932312      0.91943789        1.247887       1.2719538      0.99947695      0.99427578   2.0988897e-09       68.805155      0.81883325       0.3111371      0.83389379      0.25245177        13.55637       10983.235       7.4199902        7.4199902       10983.235                               10555.504                  22.13336                 396.18884                      9.4094474
              4       5498.0461       3.0428268       3.2829651       0.9712836     0.022369619      0.12382454     0.045109535        1.040339       1.0052696       18.882539       12.864246       9.4093703      0.95490423        1.162254       1.1341057      0.99680021      0.99844123   2.0964422e-09       68.571483      0.81750226      0.31228736      0.83407584      0.23696514       13.588451       10981.952       7.0701246        7.0701246       10981.952                               10554.136                 22.314451                 396.16206                      9.3389264
              2       5501.3839       3.0465124       3.2829651      0.97094133     0.022369619      0.12382454     0.045109535        1.040339       1.0066879       19.235307       12.668187       9.2593199       1.0831413       1.1257163       1.1678316      0.99664301       1.0002578    2.104183e-09       68.571483      0.81890142      0.31228736      0.83550336      0.23696514       13.588451       10985.927       8.4202225        8.4202225       10985.927                               10558.075                  22.43125                 396.15313                      9.2683364
              2       5503.3989       3.0458569       3.2606118      0.96966148     0.022286117      0.12376702     0.045139709       1.0402708       1.0068407       19.281642       11.999826       9.4090674       1.1547126       1.0594443        1.390628       1.0003856       1.0033955   2.1028043e-09       68.241469      0.81895596      0.31501227      0.83919648      0.21461178       13.620817       10989.623       8.5872651        8.5872651       10989.623                               10561.678                 22.538577                 396.09545                      9.3116009
              6       5503.3741       3.0445365       3.2606118      0.97303687     0.022286117      0.12376702     0.045139709       1.0402708       1.0069901       19.667411       12.549609       10.068509        1.104725      0.96626877       1.3125716      0.99466048      0.99741876   2.1000296e-09       68.241469      0.81948264      0.31501227      0.83973618      0.21461178       13.620817       10989.008       8.8700447        8.8700447       10989.008                               10561.471                 21.854077                 396.19564                      9.4878174
              2       5500.5221       3.0398577       3.2606118      0.97195074     0.022286117      0.12376702     0.045139709       1.0402708       1.0043392        19.86679       12.607475       10.410723       1.2298934       1.2770707       1.6499554       1.0002802      0.99445777   2.0902269e-09       68.241469      0.81722483      0.31501227      0.83742257      0.21461178       13.620817       10988.153       6.4455134        6.4455134       10988.153                                10560.47                 22.066896                 396.15131                       9.464555
              1       5498.8939       3.0401599        3.256211      0.97117139     0.022340155      0.12425398     0.045700401       1.0402252       1.0031191       17.684246       11.930674       8.5962266       1.1664357       1.5318678       2.0895834      0.99929409      0.99344024   2.0908585e-09       68.053216      0.81851479      0.31792564      0.84261402      0.21021099        13.62311       10986.225       5.7812149        5.7812149       10986.225                               10558.433                 22.256973                 396.03632                       9.499303
              1       5495.7113       3.0412099       3.2790706      0.97346459     0.022392431      0.12387775      0.04687341       1.0401659       1.0030522       18.602869       12.399216       9.2782529      0.98627678       1.3337919       1.5544753       0.9994427      0.99619519   2.0930552e-09        68.46882      0.81755676      0.31338673      0.83559838      0.23307058       13.595378       10980.214       5.6044704        5.6044704       10980.214                               10552.936                 21.921881                 395.90273                       9.453169
              3       5496.5651       3.0467233       3.2790706      0.96902068     0.022392431      0.12387775      0.04687341       1.0401659       1.0049625       19.600069       13.450119       10.176825       1.0206229       1.2748251       1.5128097       1.0002901      0.99787241   2.1046269e-09        68.46882      0.81840385      0.31338673      0.83646416      0.23307058       13.595378       10979.573       6.7783855        6.7783855       10979.573                               10551.703                 22.830978                 395.85803                      9.1817706
              1       5497.8538       3.0462255       3.2790706      0.97226044     0.022392431      0.12387775      0.04687341       1.0401659       1.0054289       19.568561       13.061173       9.8817163      0.97016747       1.1720985       1.3497224      0.99822024      0.99515814   2.1035795e-09        68.46882      0.81922713      0.31338673      0.83730561      0.23307058       13.595378       10981.155       7.2761334        7.2761334       10981.155                               10553.785                 22.139763                 395.89062                      9.3400742
              2       5497.7146       3.0448218       3.2383756      0.97071303     0.022146073      0.12289652     0.047578119       1.0404022       1.0055263       21.645573       14.752891       11.774981      0.95326368       1.1030775       1.1199364      0.99824831      0.99718736   2.1006288e-09       68.215129      0.81740361      0.31308391      0.83503812       0.1923756       13.649642       10980.863       7.2833872        7.2833872       10980.863                               10553.441                 22.234462                   395.836                       9.350812
              1       5497.1987       3.0404496       3.2063432        0.967921     0.022067221      0.12275976     0.046174905       1.0400749       1.0053302       21.445598        14.78874       11.770285      0.94372567        1.059371       1.1303245      0.99743226       0.9979859   2.0914645e-09       67.718443       0.8152355      0.31722328      0.83831064      0.16034319        13.69898       10980.175       7.1113809        7.1113809       10980.175                               10552.398                 22.547381                 395.95187                      9.2769288
              2       5497.1715        3.029715       3.2063432      0.96894016     0.022067221      0.12275976     0.046174905       1.0400749      0.99989287        19.72302       14.229741       10.736588      0.92312505        1.398095       1.3084093        1.000494      0.99734692   2.0691335e-09       67.718443      0.81118728      0.31722328      0.83414784      0.16034319        13.69898       10984.698       4.8225867        4.8225867       10984.698                               10556.761                 22.365906                 395.98052                      9.5907684
              4       5496.9843       3.0368676       3.1890316      0.97034292     0.022085086      0.12261427      0.05067935       1.0408643      0.99844214       19.114859       12.897872       9.8781999       1.1278334       1.3957994       1.5152328       1.0001313      0.99841299   2.0839863e-09        67.85093      0.81524142      0.31570842      0.83631269      0.14303159       13.690704       10983.984       4.9920877        4.9920877       10983.984                               10556.405                 22.324972                  395.7566                      9.4974897
              3       5501.3071       3.0374115       3.2011613      0.97163132     0.022092541      0.12232408     0.051263726       1.0408659      0.99851425       18.222509       12.540068       9.8263919       1.0058824        1.722101       1.8048655       1.0020335      0.99682957   2.0851199e-09       68.098327      0.81454984        0.312809      0.83175736      0.15516128        13.67644       10992.549       5.0327845        5.0327845       10992.549                               10565.031                 22.125634                 395.79219                      9.6001519
              1       5497.2992       3.0350776       3.2553366      0.97541456     0.022187745      0.12136068     0.049518957       1.0405197       1.0003861       19.721249       12.999601       10.477581      0.93197024       1.5457916       1.5091948       1.0022022       1.0031185   2.0802592e-09        69.02514      0.80933138      0.30264288      0.81288851      0.20933658        13.61846       10984.858        4.870055         4.870055       10984.858                               10556.605                  21.54272                 395.76146                      10.949532
              1       5499.4511       3.0389189       3.2814795      0.97784168     0.022456562      0.12169992     0.050445417       1.0407135      0.99928847       15.982272        9.710295       7.0336999       1.0079996        1.864978       2.2059872       1.0042266       1.0081329   2.0882655e-09       69.500325      0.81107167      0.29977744      0.81077076      0.23547947       13.561397       10988.411       5.2457967        5.2457967       10988.411                               10560.883                 21.498678                 395.73013                      10.299188
              2       5497.7939       3.0386706        3.280077      0.97735747     0.022474369      0.12200104     0.050540575       1.0405889      0.99979259       17.370537       10.823071       8.0909001       1.0889273       1.8059073       2.2508849       1.0050837       1.0048156   2.0877471e-09       69.350005      0.81167464      0.30174155      0.81402718      0.23407703          13.566        10985.52       5.0338643        5.0338643        10985.52                               10557.936                 21.460489                 395.71173                      10.412084
              2       5499.1296       3.0408851        3.280077       0.9762702     0.022474369      0.12200104     0.050540575       1.0405889       1.0007169       19.017162       12.948824       10.296135       1.1486309       1.4102333       1.7744936       1.0041972       1.0030777   2.0923754e-09       69.350005      0.81222794      0.30174155      0.81458209      0.23407703          13.566       10988.336       4.9618079        4.9618079       10988.336                                10560.85                 21.642061                 395.69303                      10.150857
              3        5495.861       3.0417931        3.280077      0.97437118     0.022474369      0.12200104     0.050540575       1.0405889       1.0007688       17.620595       11.236779       8.6576668       1.1677696       1.6600913       1.8821036      0.99903092      0.99995887   2.0942762e-09       69.350005      0.81199321      0.30174155      0.81434667      0.23407703          13.566       10982.048       4.8372385        4.8372385       10982.048                               10554.426                 21.990716                 395.72417                      9.9065506
              2        5495.008       3.0416997        3.272966      0.97457281     0.022434595      0.12165103     0.051726417       1.0405456       1.0001631       19.301235       12.912271       9.5353268       1.1259633       1.4149472       1.4988184      0.99473029      0.99841881   2.0940806e-09       69.343069      0.81118888      0.30099128      0.81252797      0.22696595       13.576803       10980.139       4.9387328        4.9387328       10980.139                               10552.369                 21.929006                 395.74474                      10.095634
              3       5495.9608       3.0410719       3.1680146      0.96989889     0.022481965      0.12120703     0.054403015       1.0407725      0.99727719       16.858457       11.584982       7.8683115      0.94903391       1.4272437       1.4237451      0.99708585      0.99628416   2.0927663e-09       68.400101      0.81110844       0.3084997      0.82251848      0.12201458       13.669305       10980.942       5.4898504        5.4898504       10980.942                               10553.104                 22.696936                 396.04368                      9.0977077
              2       5495.1228       3.0382782       3.1245916      0.96700848     0.022272542      0.12069074     0.052998668       1.0409501       0.9980712       17.907702       12.526774       8.9311431      0.86932355       1.2710867       1.1701634      0.99654681      0.99941141   2.0869279e-09       67.962765      0.80969809      0.31091165      0.82429181      0.07859163         13.7272       10979.957       5.1442319        5.1442319       10979.957                               10551.915                  23.05117                  395.9111                      9.0796558
              1       5494.2639       3.0374322        3.122706      0.96648657     0.022250961      0.12078128     0.052492701       1.0408709      0.99848187       18.464416       12.761384       9.1916694       0.9324527       1.3981419        1.478534       1.0004332      0.99666425   2.0851633e-09       67.864549      0.80956619      0.31196195      0.82554842      0.07670602       13.734038       10978.475       5.0262071        5.0262071       10978.475                               10550.437                  23.06703                 395.85463                      9.1167866
              1       5495.2215       3.0408781        3.122706      0.96624628     0.022250961      0.12078128     0.052492701       1.0408709       1.0002468       19.308488       12.954636       9.3576744       1.2342763        1.259711        1.504719      0.99444874      0.99774002   2.0923609e-09       67.864549      0.81088803      0.31196195      0.82689636      0.07670602       13.734038       10980.504       4.9697489        4.9697489       10980.504                                10552.54                 23.111255                 395.84384                      9.0084933
              3       5494.0016       3.0402658       3.1363873      0.96668932     0.022283928       0.1208081     0.051192838       1.0408365       1.0011103       18.108121       12.299509       8.9150715       1.2391356       1.4979352       1.6587385      0.99685307      0.99995026   2.0910801e-09       68.029597      0.81026676      0.31057928      0.82442971     0.090387252       13.717835       10978.136       4.9334041        4.9334041       10978.136                               10550.275                 23.031986                 395.75548                      9.0736103
              1       5494.0766       3.0402587       3.1360466      0.96679494     0.022284571      0.12073247     0.051300314       1.0408384        1.000741       17.739532       11.997228       8.6030231       1.2358563       1.5091484       1.6976081       0.9995341       1.0026286   2.0910653e-09       68.053402      0.81005535       0.3102001      0.82371132     0.090046638       13.717744       10978.424       4.8648094        4.8648094       10978.424                               10550.561                 23.061644                 395.76867                      9.0319947
              3       5493.1722       3.0384759       3.1300104      0.96582417     0.022270523      0.12081403     0.050351083       1.0406757       1.0008515       18.118977       11.598688       8.7479144       1.0630319       1.7005226       1.7037593      0.99518583        0.996705   2.0873405e-09       67.888305      0.80941556      0.31185718       0.8252562     0.084010442       13.730526       10976.318       5.0134219        5.0134219       10976.318                               10548.423                  23.18663                  395.7155                       8.992387
              3       5492.2822       3.0422268       3.1300104       0.9645903     0.022270523      0.12081403     0.050351083       1.0406757       1.0025538       18.588751       12.169325       9.1655976       1.1550661       1.5379057        1.702906      0.99704415      0.99848475   2.0951847e-09       67.888305       0.8105542      0.31185718      0.82641712     0.084010442       13.730526        10973.84       5.3621857        5.3621857        10973.84                               10545.795                 23.479802                 395.72761                      8.8371538
              1        5493.023        3.042161       3.1300104      0.96490051     0.022270523      0.12081403     0.050351083       1.0406757       1.0034033       19.395222       13.031261       9.9421525       1.1088002       1.3940655       1.4696695      0.99594593      0.99663918   2.0950468e-09       67.888305      0.81062322      0.31185718       0.8264875     0.084010442       13.730526       10974.345       5.8504937        5.8504937       10974.345                                10546.38                 23.280418                 395.72573                      8.9583886
              3       5493.0337       3.0431654       3.1353166      0.96564945     0.022185205      0.12068986     0.051986389       1.0406652       1.0027608       19.917915       13.263973       10.287329       1.1757781         1.39268       1.5501429      0.99662225      0.99765694   2.0971521e-09       67.919056       0.8110398      0.31112072      0.82593527     0.089316642       13.733427       10975.108       5.4795124        5.4795124       10975.108                                10547.12                 23.107447                  395.8127                      9.0682694
              3       5499.5479       3.0431212       3.1430546      0.96583563     0.022186448      0.12081352     0.051642463       1.0406304        1.003353       19.219535       13.760721       10.236986       1.0586469      0.96868478       1.1395264      0.99649677      0.99458693   2.0970594e-09       67.954568       0.8112217      0.31106611        0.826048     0.097054576       13.726927       10987.311        5.892543         5.892543       10987.311                               10559.312                 23.016698                 395.81906                      9.1633837
              2       5496.4474       3.0419834       3.1430546      0.96607722     0.022186448      0.12081352     0.051642463       1.0406304       1.0028068       20.126223       14.324353       11.375108      0.99869154        1.284228       1.5392726       1.0060404        1.000357   2.0946747e-09       67.954568      0.81083499      0.31106611      0.82565422     0.097054576       13.726927       10981.698       5.5985571        5.5985571       10981.698                               10553.704                 22.963217                 395.80648                      9.2244088
              2       5496.2583       3.0409403       3.1478128      0.96550106     0.022178728      0.12113074      0.05058263        1.040496       1.0018937       18.607513       12.672307       9.9485865       1.1375469        1.463964       1.7779025       1.0073009       1.0025303   2.0924909e-09       67.846692      0.81103795      0.31272844      0.82806463      0.10181283       13.728161       10981.775       5.3706729        5.3706729       10981.775                               10553.868                 23.213056                 395.71352                      8.9805373
              1       5496.2036       3.0408208       3.1687465      0.96584213     0.022140691      0.12136561     0.048475309       1.0406102       1.0043466       21.007209       14.283627       11.581251       1.1309739       1.1925344       1.4262213       1.0054829       1.0016947    2.092241e-09       68.013239      0.81151521      0.31162425      0.82708789      0.12274654       13.708171       10979.484       6.4613748        6.4613748       10979.484                               10551.502                 23.029675                 395.73864                      9.2143083
              1       5496.6594       3.0389031       3.1360361      0.96395396     0.022154708      0.12111259     0.047770251       1.0406114       1.0042489       20.451375       14.794896       11.521545      0.79686187       1.3271266       1.1700982       1.0028451       0.9977285   2.0882325e-09       67.735729      0.81023117      0.31366199      0.82847473     0.090036134       13.739125       10980.727       6.2957901        6.2957901       10980.727                               10552.575                 23.348075                  395.7516                      9.0523181
              5       5496.5635       3.0388328       3.1360361      0.96350444     0.022154708      0.12111259     0.047770251       1.0406114       1.0041106       20.595578       14.920449       11.609831      0.78139349       1.3259944       1.1770876       1.0032318      0.99858987   2.0880857e-09       67.735729       0.8100644      0.31366199       0.8283042     0.090036134       13.739125       10980.729       6.1992094        6.1992094       10980.729                               10552.477                 23.461731                 395.76555                       9.023901
              1       5494.9234       3.0417935       3.1600315      0.96522605     0.022246582      0.12156667     0.049402605       1.0406243       1.0033116       20.833063       13.799665       10.620385       1.0704146       1.3379368       1.3703812       1.0047483       1.0012416   2.0942771e-09       67.935035      0.81220743      0.31300721       0.8296282       0.1140315       13.706879       10978.281       5.7830055        5.7830055       10978.281                               10550.326                  23.25388                 395.68909                      9.0114633
              2       5496.4306       3.0418217       3.1626224       0.9651635     0.022297543      0.12172856     0.048851438       1.0406297       1.0029997       19.205879       12.776057       9.3319336       1.0215378       1.3181696       1.4028125       1.0041535          1.0058   2.0943361e-09        67.95278      0.81244771      0.31330473      0.83026794      0.11662244       13.699641       10981.342       5.7595867        5.7595867       10981.342                               10553.319                 23.376963                 395.71581                      8.9307208
              3       5496.2702       3.0423329       3.1626224      0.96654149     0.022297543      0.12172856     0.048851438       1.0406297       1.0035798       18.597952       13.199816       9.4670984      0.88957609       1.1880685       1.1265455       1.0044607       1.0025083   2.0954071e-09        67.95278      0.81308314      0.31330473       0.8309173      0.11662244       13.699641       10980.658        5.941382         5.941382       10980.658                               10552.874                 23.038105                 395.74545                      8.9996034
              2       5495.2089       3.0371996       3.1626224      0.96802911     0.022297543      0.12172856     0.048851438       1.0406297       1.0012048        17.63362       11.980642       8.5748698      0.92051887       1.3171724       1.3470566       1.0032871       1.0033267   2.0846782e-09        67.95278      0.81146008      0.31330473      0.82925865      0.11662244       13.699641       10980.396       5.0107287        5.0107287       10980.396                               10552.749                 22.712108                 395.74317                        9.19236
              6       5496.8258       3.0371893       3.2026563      0.96987408     0.022259711      0.12165821     0.046810906       1.0407039        1.002728        17.09371       11.669771       7.8253102       1.0874603       1.7138925       1.9564668       1.0047357       1.0038236   2.0846567e-09        68.43353      0.81085476       0.3086872      0.82251108      0.15665629        13.66028        10982.52       5.5658435        5.5658435        10982.52                               10554.699                 22.464973                 395.90632                      9.4493606
              1       5499.0646       3.0341741       3.2026563      0.96954411     0.022259711      0.12165821     0.046810906       1.0407039        1.001062       19.153944       11.458261       8.5059469       1.1175673       1.8836024       1.7288132       1.0018387       1.0067155   2.0783805e-09        68.43353      0.80953036       0.3086872      0.82116763      0.15665629        13.66028       10987.893       5.1178796        5.1178796       10987.893                               10559.888                 22.546717                 395.90498                      9.5538689
              1       5500.3375       3.0320523       3.2370339      0.96935494     0.022215954        0.122399      0.04365955       1.0404123       1.0018034       18.405373         11.8257        8.334618       1.6082027       1.7819044       2.2502509       1.0043559        1.006717   2.0739754e-09       68.435296      0.80993756      0.31015958      0.82353775      0.19103392       13.641676       10989.943       5.3658972        5.3658972       10989.943                               10561.504                 22.624877                 396.36313                      9.4512042
              3       5498.1625       3.0317553       3.2336772      0.96916874     0.022215248      0.12234145     0.043512958       1.0404127       1.0018559       17.897758       11.717191       8.3984083       1.3307974       1.7048487       2.2225526      0.99358069      0.99891747   2.0733594e-09       68.416312       0.8096734      0.31020727      0.82333245      0.18767724       13.644872        10985.78       5.2726922        5.2726922        10985.78                                 10557.3                 22.649687                 396.38284                      9.4476476
              1       5499.0466       3.0316762        3.228787      0.96890609     0.022217092       0.1223491     0.043662558       1.0404048       1.0016611       19.585269       13.258835        9.800067       1.0666878       1.3073784       1.4555027      0.99409051      0.99772603   2.0731955e-09       68.356139      0.80971109      0.31077397      0.82412251      0.18278699       13.649882        10987.68       5.2064681        5.2064681        10987.68                               10559.202                 22.693672                 396.38377                      9.4004717
              1       5498.3498       3.0325725        3.228787       0.9694719     0.022217092       0.1223491     0.043662558       1.0404048       1.0033112       21.987521         14.5696       11.761061       1.1001218       1.0973676       1.1554643      0.99822527      0.99944685   2.0750545e-09       68.356139      0.81025058      0.31077397       0.8246716      0.18278699       13.649882        10985.34       5.6796631        5.6796631        10985.34                               10556.828                 22.429261                 396.41851                      9.6642076
              1       5497.3708       3.0342952       3.2672828      0.97347426     0.022346845      0.12161763     0.045190264         1.04036       1.0030386       20.596994       12.636164       10.408641        1.051706       1.3788831       1.5138993      0.99852787       1.0026282   2.0786323e-09       69.151764      0.80810106      0.30240559      0.81133453      0.22128276       13.596514       10983.603        5.569272         5.569272       10983.603                               10555.016                 21.917004                 396.19808                      10.472029
              4       5497.8138       3.0341164       3.2659277      0.97341638     0.022336579       0.1215661     0.045192442       1.0403522       1.0030413       20.620602       12.660623       10.331327      0.98167852       1.2967822       1.3703407      0.99908479       1.0032916   2.0782606e-09       69.143006      0.80791513      0.30235295      0.81107724       0.2199277       13.598898        10984.46       5.5835873        5.5835873        10984.46                               10555.832                 21.916324                 396.19808                      10.513502
              2       5497.3126       3.0331683       3.2337434      0.97170842     0.022236772      0.12140218     0.046455961       1.0402868       1.0028959       21.859816       13.876041       11.517987      0.96441453       1.1217976       1.1195243      0.99779434       1.0014338   2.0762912e-09       68.722608      0.80775497      0.30550502      0.81513246      0.18774345       13.642402       10983.644       5.4907395        5.4907395       10983.644                               10555.038                 21.972821                 395.97032                      10.662704
              2       5496.0988       3.0349445       3.2566913      0.97315457     0.022390156      0.12189806     0.047641388       1.0401143       1.0011621       19.558664       11.943873       9.5937475       1.0606313       1.4091947       1.6203101       1.0010579       1.0005197   2.0799824e-09       68.883106      0.80909689      0.30545139      0.81641496      0.21069129        13.61129       10982.397       4.9002401        4.9002401       10982.397                               10554.509                  21.93965                 395.84454                      10.104405
              3       5496.2688       3.0341128       3.2566913      0.97490095     0.022390156      0.12189806     0.047641388       1.0401143       1.0011161       18.135232       11.708256       8.6489459       1.1434634       1.5320119       1.8211397       1.0035668      0.99713826   2.0782532e-09       68.883106      0.80930934      0.30545139      0.81662933      0.21069129        13.61129       10982.559       4.9894764        4.9894764       10982.559                               10554.709                 21.621743                 395.88503                      10.343053
              2       5497.8243       3.0330952       3.2453585       0.9737052     0.022352321      0.12213917     0.047815715       1.0399415      0.99997978       16.736694       11.168928       7.6746927       1.3098985       1.7627541        2.302295       1.0022263       0.9989879   2.0761394e-09       68.577044      0.80963659      0.30861618      0.82118091      0.19935851       13.632562       10986.018       4.8151897        4.8151897       10986.018                               10558.494                 21.797424                 395.82148                      9.9050573
              2       5498.9136       3.0340562       3.2554004      0.97446547     0.022357382       0.1221812     0.048269336       1.0399782      0.99994967       16.867435       11.381986       7.6762285        1.397768       1.6857109       2.2622682       1.0030661      0.99962403   2.0781356e-09       68.694786      0.81012361      0.30765897      0.82039962       0.2094004       13.621066       10988.161       4.8331678        4.8331678       10988.161                               10560.649                 21.710508                 395.82011                      9.9814364
              1       5500.4842       3.0322282       3.2772115      0.97096025     0.022251724      0.12453674      0.04342824       1.0397321       1.0008657        16.03825       11.099922       7.4797777       1.2110629        1.818302       2.1151132       1.0026713      0.99907393   2.0743402e-09       67.954473      0.81538119      0.31927107       0.8411624      0.23121149       13.626646       10991.198       4.8851778        4.8851778       10991.198                               10563.012                 22.268874                 396.41248                      9.5045837
              3       5499.2625       3.0347521       3.2772115      0.97065462     0.022251724      0.12453674      0.04342824       1.0397321       1.0021292       16.547874       10.746033       7.5700424        1.143716       2.0271235       2.3962935       1.0003146      0.99712184   2.0795821e-09       67.954473      0.81631475      0.31927107      0.84212547      0.23121149       13.626646       10988.145       5.1898602        5.1898602       10988.145                               10559.919                 22.323054                 396.41816                        9.48518
              3       5497.3661       3.0352336       3.2677402      0.97021676     0.022287897      0.12451351     0.042758766       1.0399582       1.0026594        16.41072       10.432436       7.2153221       1.1131873       2.0284287       2.3864141       1.0008352      0.99930904   2.0805837e-09        67.96139      0.81664336      0.31923411       0.8424157      0.22174019       13.625712       10984.018       5.3569276        5.3569276       10984.018                               10555.526                 22.440023                  396.5652                      9.4870604
              1       5497.8825       3.0328876       3.2282245      0.96713406     0.022189472      0.12459696     0.041906849       1.0399275       1.0023979       16.785394       11.197038        8.039273       1.1367576       1.8942944       2.1576589      0.99748018      0.99786653   2.0757085e-09       67.389003      0.81644117      0.32464717       0.8493175      0.18222453       13.676309       10985.165       5.2997542        5.2997542       10985.165                               10555.933                 22.876584                 396.68831                      9.6674431
              5       5499.2111       3.0313988       3.2359588      0.96709143       0.0222074      0.12457754     0.040439017       1.0398124        1.003154        17.17394       11.478513       8.4015376         1.02889          1.7761       1.9016972      0.99694883       1.0009577   2.0726205e-09       67.459997      0.81536277      0.32396095      0.84729878       0.1899588       13.670095       10987.158       5.6322089        5.6322089       10987.158                               10557.606                  22.86059                 397.14556                      9.5459441
              7       5496.7547        3.031837        3.190022      0.96761716     0.022313542      0.12300373     0.043497361       1.0400343       1.0021566       17.192483       10.993727       7.9621602       1.0726402       1.8688444       2.2047915      0.99593193      0.99646016   2.0735289e-09       67.638529      0.81184878      0.31904499       0.8372217      0.14402198       13.693049       10982.904       5.3027246        5.3027246       10982.904                               10554.622                 22.735755                 396.35332                      9.1929606
              3       5502.1064       3.0298137       3.1116061      0.96315505     0.022306852      0.12296343     0.044444271       1.0400283      0.99906478        15.34319        8.579457       5.7782735       1.2529476        2.022086       2.6598402        1.001858      0.99925941   2.0693378e-09       66.745076      0.81175542      0.32753818      0.84819465     0.065606081       13.773652       10994.462       4.8752294        4.8752294       10994.462                               10565.057                 23.683646                 396.13405                      9.5879099
              1        5502.628       3.0313658        3.045104      0.96041987     0.022204238      0.12250933     0.045710731       1.0406902      0.99858083       15.263149        7.966873       4.8845566         1.20501       2.4508804       3.0564715      0.99934836      0.99946695   2.0725521e-09       66.272542      0.81306302      0.33095808      0.85398467   -0.0008959975       13.831074       10995.356       4.9499206        4.9499206       10995.356                               10564.897                 24.278391                 395.91878                      10.261835
              1       5504.1274       3.0275951       3.0639955      0.96120518     0.022152164      0.12168009     0.042354588       1.0405723       1.0016755       17.041155       10.351794       7.0367868      0.90533124         2.13531        2.284452      0.99681268       1.0012363   2.0647518e-09       66.691783      0.80871671      0.32482873      0.84151722     0.017995528        13.81712       10998.118       5.0682636        5.0682636       10998.118                               10568.556                 23.879304                 396.56447                       9.118365
              3       5502.2448       3.0218947       3.0639955      0.96269978     0.022152164      0.12168009     0.042354588       1.0405723      0.99863729       13.533529       9.4481106       5.6694454      0.96812658       2.1870677       2.7877828      0.99024511      0.99830231   2.0530154e-09       66.691783      0.80686629      0.32482873      0.83959174     0.017995528        13.81712       10993.642       5.4240132        5.4240132       10993.642                               10564.356                 23.569949                  396.5998                      9.1155157
              7       5502.5843       3.0218536       3.0639955      0.96272707     0.022152164      0.12168009     0.042354588       1.0405723      0.99862171       12.636324       8.8215451       4.8745234      0.97432926       2.3503179       3.1291734      0.99355191      0.99919347   2.0529309e-09       66.691783      0.80685793      0.32482873      0.83958305     0.017995528        13.81712       10994.872       5.1483716        5.1483716       10994.872                               10565.593                 23.563039                  396.5998                      9.1162599
              8       5504.4035       3.0224167       3.0784306      0.96415852     0.022219008       0.1213646      0.04207392       1.0406604      0.99929958       13.215462       8.9680237       5.2864627      0.81103418       2.1170604       2.6611185      0.98956384      0.99973918   2.0540873e-09       67.051809      0.80591363      0.32079678      0.83337962     0.032430622       13.791545       10998.068       5.3694084        5.3694084       10998.068                               10569.034                 23.332577                 396.67325                      9.0284986
              3       5500.0851       3.0226614       3.0718798      0.96361315     0.022172127      0.12153654     0.042703447       1.0406424      0.99946177       13.974183       8.3206208       5.3612256       1.1187825       2.3599427       3.2587109      0.99467932       1.0018888   2.0545901e-09       66.872019      0.80675728      0.32280375      0.83685757     0.025879839       13.804275       10990.235       4.9678154        4.9678154       10990.235                               10561.323                 23.312014                 396.50362                      9.0955233
              5       5501.7688       3.0229846       3.0718798      0.96425015     0.022172127      0.12153654     0.042703447       1.0406424      0.99977575       14.425582       8.3721747       5.8240983       1.0616651       2.6023267       3.3956643      0.99512423      0.99824922   2.0552542e-09       66.872019      0.80708073      0.32280375      0.83719309     0.025879839       13.804275       10993.691       4.9234692        4.9234692       10993.691                               10564.908                 23.156238                 396.49979                      9.1268555
              1       5500.8898       3.0232109       3.0549469       0.9639148     0.022069611      0.12121953     0.044610424       1.0406403       0.9987098       13.934448       8.8736553       5.9258854       1.1119098       2.3014534       3.1231374      0.99579184      0.99421507   2.0557192e-09       66.701132      0.80695624      0.32351691       0.8379881    0.0089468916       13.831003       10991.431       5.1742937        5.1742937       10991.431                               10563.013                 23.153061                 396.12217                      9.1426154
              5       5498.8355       3.0225946       3.0432527      0.96297289     0.022055491      0.12130596     0.044406525       1.0406174      0.99852913       15.158903       9.6630512       6.2749518       0.7977803       2.1552664       2.2641303      0.99499094      0.99706912   2.0544527e-09       66.517281      0.80706978      0.32547094      0.84063325    -0.002747298       13.845623       10987.418       5.1267339        5.1267339       10987.418                               10558.805                 23.311966                 396.15464                      9.1464017
              3       5498.9379       3.0226324       3.0433267      0.96300979     0.022053056      0.12128763     0.044439499       1.0406244      0.99853749       14.297441       9.2302531       5.3596088       0.9954214       2.3829949       2.9440972      0.99655055      0.99913489   2.0545303e-09       66.524775      0.80705215      0.32535071      0.84045963   -0.0026733207       13.845511       10987.837       5.0196044        5.0196044       10987.837                               10559.235                 23.304362                 396.15195                       9.145293
              4       5501.6525       3.0226638       3.0730149      0.96625905     0.022109199      0.12037125     0.045664139       1.0404481      0.99813333       14.367072       9.4115379       5.4462219      0.89950697       2.3441172       2.7904392      0.99754149       1.0031963    2.054595e-09       67.173373      0.80384799      0.31719193      0.82655997     0.027014939       13.810541       10993.014       5.1453139        5.1453139       10993.014                               10564.998                 22.761294                 395.98988                      9.2656603
              3       5501.8742       3.0213982       3.0731773      0.96852973     0.022330262      0.11892115     0.045602606       1.0404326      0.99873274       13.558649        9.119399       4.9283306      0.93857641       2.3367895       2.8448713       0.9979631      0.99895182   2.0519963e-09       67.863126      0.79830514      0.30810822      0.80902127     0.027177312       13.782366       10993.868       4.9399674        4.9399674       10993.868                               10565.273                  22.42604                 396.10076                       10.06826
              2       5502.4294       3.0246947       3.0964144      0.97167156      0.02235751      0.11827799     0.047345599       1.0407684         1.00034        15.03947       10.251778        5.989893       1.1959295       2.1485715       2.8690165      0.99833036       1.0030478   2.0587718e-09       68.499768      0.79788841      0.30109505       0.7993433     0.050414444       13.742633       10995.149       4.8548861        4.8548861       10995.149                               10565.617                 21.866307                     395.9                      11.765733
              1       5501.2193       3.0241739       3.0964144      0.97191955      0.02235751      0.11827799     0.047345599       1.0407684       1.0001209       15.437764       10.595522       7.1074163      0.84180725       1.6650477       1.9114075      0.99111094       1.0010907   2.0576999e-09       68.499768      0.79775646      0.30109505      0.79921111     0.050414444       13.742633       10992.064       5.1874482        5.1874482       10992.064                               10562.494                 21.821211                 395.89383                      11.854998
              3       5499.7101       3.0234767       3.0771914      0.96712657      0.02227268      0.12063748     0.046526896       1.0404014      0.99832227       15.342491       9.5473174       6.7816473      0.77555061       1.6274268       1.9500934      0.99600235      0.99805254   2.0562659e-09       67.247843      0.80446369      0.31744002       0.8275165     0.031191354       13.792217       10989.202       5.1093069        5.1093069       10989.202                               10561.365                 22.542397                 395.91174                      9.3825472
              1       5497.0699       3.0225543       3.0771914      0.96683843      0.02227268      0.12063748     0.046526896       1.0404014      0.99777044       16.007463       10.875488       7.2895698       1.0031573       1.9601673       1.9760707       1.0002371      0.99860719   2.0543698e-09       67.247843      0.80400528      0.31744002      0.82704495     0.031191354       13.792217       10983.754       5.1929107        5.1929107       10983.754                               10555.836                 22.608588                 395.91339                      9.3962662
              2       5496.9851       3.0220568       3.1059376        0.967311     0.022115707      0.12088008     0.044682462       1.0404208      0.99940692       17.494859       12.402917       8.8540264      0.83192597       1.5321515       1.6744199      0.99693402      0.99631893   2.0533481e-09       67.372773      0.80457046       0.3164525      0.82633799     0.059937631       13.778726       10984.114       4.9281463        4.9281463       10984.114                               10555.726                 22.456974                 396.19928                      9.7313915
              1       5497.3792       3.0222953       3.1020466      0.96517613     0.022155214      0.12202466     0.042078533       1.0405833       1.0004882       18.413126       12.589554       9.2532178       0.8516667       1.1894791       1.1343765      0.99393723      0.99100562   2.0538378e-09       67.017494      0.80778367      0.32245297      0.83746686     0.056046582       13.778539       10983.973       5.3926019        5.3926019       10983.973                               10555.082                 22.879582                 396.69611                      9.3155652
              1       5495.9169       3.0174414       3.1020466       0.9607875     0.022155214      0.12202466     0.042078533       1.0405833       0.9973248        19.41109       12.082561       9.5544609      0.94595828       1.2714206        1.280234      0.99743271      0.99768956   2.0438929e-09       67.017494      0.80449506      0.32245297       0.8340574     0.056046582       13.778539       10980.999       5.4174335        5.4174335       10980.999                               10551.278                 23.939675                 396.60298                      9.1785992
              1       5495.7345        3.023774       3.1020466      0.95751219     0.022155214      0.12202466     0.042078533       1.0405833      0.99993057        20.40604       13.055731       10.387287       1.0028376       1.1656471        1.218989      0.99771998      0.99879081   2.0568773e-09       67.017494      0.80605372      0.32245297      0.83567334     0.056046582       13.778539       10981.831       4.8189432        4.8189432       10981.831                               10551.539                 24.837768                  396.5713                       8.882891
              1       5496.8588       3.0293401       3.1618434      0.96330162     0.022277284      0.12149207     0.044777505       1.0408987       1.0015467       22.191465       15.099349       12.408656      0.78275541      0.89626679      0.80334588       1.0002936      0.99662111   2.0683579e-09       68.100201      0.80640691      0.31139611      0.82158065      0.11584338         13.6935       10983.649       5.0341528        5.0341528       10983.649                               10554.355                 23.595918                 396.10955                      9.5883836
              1       5495.6917       3.0309549        3.124829      0.96178969     0.022326066      0.12167985     0.046887907       1.0410552      0.99977158       20.285281       13.211186       10.599599       0.9674466       1.3947854       1.4723053        1.001887      0.99920886   2.0717006e-09       67.699927       0.8082328      0.31560537       0.8289876     0.078829003       13.722526       10981.763        4.810362         4.810362       10981.763                               10552.869                 23.985045                  395.8354                      9.0730158
              1       5495.8295       3.0316197       3.1420846      0.96234316     0.022343133      0.12208514     0.046946143        1.040964      0.99965878       20.838707       13.923987       11.328982       1.0739283       1.1705824       1.3436963       1.0014596      0.99769573   2.0730782e-09       67.742208      0.80932436      0.31613188      0.83079933     0.096084555       13.707521       10981.995       4.8317697        4.8317697       10981.995                               10553.182                 23.897395                 395.83928                      9.0770899
              1       5497.3821       3.0318451       3.1571391      0.96300404     0.022428464      0.12227933     0.046239201       1.0409261       1.0000556       19.800566       13.276128       10.089746       1.0488747       1.4598201       1.3933768      0.99560533      0.99900452   2.0735456e-09       67.907288      0.80942555       0.3152029      0.82968147       0.1111391       13.685543        10984.99       4.8870217        4.8870217        10984.99                               10556.164                 23.819381                 395.93032                      9.0767452
              2       5498.0277       3.0317044       3.1649623      0.96531996     0.022514284      0.12127275     0.048062253       1.0407734      0.99873713        18.36916       12.460362       9.6615407       1.0357843        1.382745       1.6608504      0.98978071      0.99576828   2.0732539e-09       68.369013      0.80607753      0.30899007      0.81806619      0.11896225       13.669427       10985.006        5.524549         5.524549       10985.006                               10556.474                 23.466396                 395.73918                      9.3270128
              1       5498.9692       3.0294101       3.1839276      0.96588929     0.022431808      0.12104292     0.047009913       1.0404821      0.99981732       19.840853       14.453934       10.531147       1.0043674       1.1869852       1.3239537      0.99088746      0.99450156   2.0685026e-09       68.502045      0.80408769      0.30712556      0.81358094      0.13792758       13.666061        10987.23       5.3542802        5.3542802        10987.23                               10558.153                 23.174266                 395.85702                      10.045347
              9       5496.6594        3.027496       3.1866635       0.9632528     0.022318352      0.12215987     0.043449573       1.0404326       1.0012278       20.655547       15.077998       11.322953       0.8901692       1.0513422       1.0554861      0.99035628       0.9944632   2.0645472e-09       68.030797      0.80649172      0.31356343      0.82452151       0.1406635       13.680749        10982.27       5.5241323        5.5241323        10982.27                               10552.821                 23.612772                 396.39425                      9.4428475
              2       5496.8312       3.0292521       3.1919128      0.96391011      0.02238703      0.12231724     0.044091178       1.0405586       1.0010062       20.073068       14.570087       10.777065      0.92319614       1.1015259       1.1389222      0.99097939      0.99381524   2.0681758e-09       68.136619      0.80759772      0.31307708      0.82501168      0.14591276       13.665475       10982.734       5.4643591        5.4643591       10982.734                               10553.554                 23.574719                 396.26624                       9.338657
              1       5496.0715       3.0294517       3.1137376      0.96331311     0.022384961      0.12026233     0.048617692       1.0408887       0.9987825       19.516444       13.969002       10.005877      0.94549807       1.3023802       1.2805767      0.99566304      0.99771095   2.0685887e-09       68.060081      0.80338379      0.30934101      0.81579527     0.067737574       13.727095       10982.095       5.0240827        5.0240827       10982.095                                10553.16                 23.666848                 395.71576                      9.5518306
              2       5496.8752       3.0294912       3.1181902      0.96363251     0.022448136       0.1202798     0.048348069       1.0408707      0.99890026       19.168108       13.634593       9.6796604      0.92298436       1.3266639       1.3014058      0.99583778      0.99710139   2.0686705e-09       68.152222      0.80314277      0.30867875      0.81467706     0.072190192       13.716791       10983.729       5.0106382        5.0106382       10983.729                               10554.779                 23.638779                  395.7491                      9.5621809
              1         5499.52        3.029929       3.1256098      0.96406935     0.022442334      0.12026295     0.048006013       1.0409591      0.99877067       18.004201       12.411791       9.0409664      0.89808481       1.4588367       1.4388677       0.9876245      0.99534682   2.0695762e-09       68.269472      0.80327907      0.30757077      0.81335165     0.079609758       13.707059        10987.48        5.780181         5.780181        10987.48                               10558.585                 23.662826                 395.76335                      9.4683831
              4       5498.4774       3.0286475       3.1191063      0.96307759     0.022408244      0.12037426     0.047048924       1.0408947      0.99904411       18.234884       12.861826       9.3367594       0.8732813       1.5112863       1.4264045      0.98937386      0.99546438   2.0669259e-09       68.104481      0.80310887      0.30922932      0.81536888     0.073106251       13.719538       10985.903       5.5257864        5.5257864       10985.903                               10556.924                 23.813144                 395.79789                      9.3678027
              1        5499.312       3.0396601       3.1191063      0.96246214     0.022408244      0.12037426     0.047048924       1.0408947       1.0047191       19.525037       13.910407       10.171483      0.98472522       1.4147489       1.4154885      0.98957735      0.99716157   2.0898139e-09       68.104481      0.80735391      0.30922932      0.81967872     0.073106251       13.719538       10984.323       7.1502513        7.1502513       10984.323                               10555.727                 23.931465                 395.81725                      8.8477305
              1        5500.978       3.0392427       3.1103269      0.96164328     0.022386989      0.12047092     0.046601823       1.0409255       1.0041985       17.961781       12.622819       8.8742828       1.1861911        1.762659       2.0917914      0.99137923      0.99877597   2.0889419e-09        67.96115      0.80763523      0.31069829      0.82190961     0.064326907       13.730183       10988.807       6.5745557        6.5745557       10988.807                               10560.082                 24.188431                 395.84321                      8.6936297
              2       5502.1927       3.0335118       3.1161034      0.95875286     0.022188575      0.12115252     0.042265158       1.0404144       1.0047026       17.838494        11.90577       8.5365855        1.076236       1.3337252       1.6847758      0.99740022       1.0035867   2.0770044e-09       67.453259      0.80686215      0.31645669      0.82869717     0.070103433       13.762238        10991.08       6.6525128        6.6525128        10991.08                               10561.123                 24.706761                 396.58267                      8.6682001
              4       5498.8439       3.0298358       3.0249118      0.95477941     0.022052538      0.11991359     0.043853788       1.0404255       1.0030079        18.86627       12.496934       9.0155473       1.0245872         1.48506       1.5038668       1.0000294        1.002844   2.0693835e-09       66.724642      0.80347636      0.32031057       0.8302294    -0.021088226       13.865093       10986.589       5.5494973        5.5494973       10986.589                               10556.471                 25.418561                 396.15914                      8.5404865
             10       5497.3129         3.04224       3.0515033       0.9604354     0.022244743      0.11978668     0.051297684       1.0413899       1.0024236        18.79035       12.645991       9.0974854       1.0315964       1.4210424       1.4994522       1.0006951       1.0020575   2.0952124e-09       67.555165      0.80898608       0.3126329      0.82584351    0.0055033301       13.788616       10984.068       5.2787328        5.2787328       10984.068                               10555.276                 24.361969                 395.76229                       8.668398
              1       5497.1033       3.0433346       3.0515033      0.96280644     0.022244743      0.11978668     0.051297684       1.0413899       1.0044699        19.87139       13.465469       9.9517513       1.0400274        1.193515       1.2693323      0.99849579       0.9987258   2.0975071e-09       67.555165      0.81015368       0.3126329      0.82703545    0.0055033301       13.788616         10981.4       6.4030781        6.4030781         10981.4                               10553.169                 23.561318                 395.79605                       8.874218
              1       5495.7995       3.0449881       3.0411429      0.96383446     0.022312117      0.11934422      0.05427592       1.0413965       1.0023906       18.719902       12.297531       8.9194012       1.1389686       1.3663844       1.5920189      0.99997992      0.99950578   2.1009782e-09       67.648241      0.80969599      0.31095258      0.82434393   -0.0048571326        13.79053       10981.112       5.2436855        5.2436855       10981.112                               10552.779                 23.488996                 396.04217                      8.8017836
              1       5496.7028       3.0466054       3.0413896      0.96340469     0.022285998      0.11990675     0.054837377       1.0414986       1.0021763       19.475514       12.469997       9.7245614       1.0213616        1.252346       1.3448809        0.995601      0.99499331   2.1043787e-09       67.466036      0.81230039        0.313813      0.83079046   -0.0046103895        13.79221       10982.633       5.3862461        5.3862461       10982.633                               10554.011                 23.584883                 396.23311                      8.8042788
              5       5497.6445       3.0494312       3.0413896      0.96021186     0.022285998      0.11990675     0.054837377       1.0414986       1.0029494       19.706357       13.167533       10.336005        1.012176       1.3060367       1.3916554      0.99493651      0.99443077   2.1103338e-09       67.466036      0.81247004        0.313813      0.83096397   -0.0046103895        13.79221        10983.76       5.7644554        5.7644554        10983.76                               10554.377                 24.449497                 396.26329                      8.6699284
              5       5499.0229       3.0468321       3.0393308      0.95943243     0.022290983      0.11976348     0.052584143       1.0413868       1.0039069       20.002612       13.411649       10.731276      0.83078113       1.1840373       1.0954972       0.9933473      0.99452852   2.1048558e-09       67.459273      0.81064534      0.31357133      0.82877843   -0.0066691778       13.796582       10985.291       6.3773644        6.3773644       10985.291                               10556.201                 24.567355                 395.91891                      8.6039885
              1       5497.7737       3.0413182       3.0393308      0.95757884     0.022290983      0.11976348     0.052584143       1.0413868       1.0013658       20.767224       13.970183       11.017737         1.04594       1.0910678       1.1942492      0.99380787       1.0001272   2.0932818e-09       67.459273      0.80784987      0.31357133      0.82592043   -0.0066691778       13.796582       10985.295       5.1262877        5.1262877       10985.295                               10555.748                  25.00805                  395.9216                      8.6171049
              4       5499.2629       3.0412357       3.0425548      0.95761764      0.02228511       0.1198154     0.052371548       1.0413736      0.99982476       19.148858       12.201505        9.442875       1.1348518        1.368131       1.6501653      0.99587414       1.0037246   2.0931092e-09       67.468921      0.80790544      0.31358394      0.82599384   -0.0034452202       13.794452       10988.641       4.9421878        4.9421878       10988.641                               10558.893                 25.297919                 395.91075                      8.5399747
              2       5497.4136       3.0378197       3.0425548      0.96133886      0.02228511       0.1198154     0.052371548       1.0413736      0.99908017       16.993804       11.716578       8.5015585      0.94040028       1.5825129       1.5843991      0.99973036      0.99727848   2.0859713e-09       67.468921      0.80765769      0.31358394      0.82574055   -0.0034452202       13.794452       10985.046       4.8903388        4.8903388       10985.046                               10556.273                 24.172245                 395.86242                      8.7385571
              1       5498.0364       3.0396478       3.0721776      0.96628952     0.022415494      0.11818305     0.054816129       1.0414705      0.99925684       17.693226       12.058886       9.0116219      0.92718894       1.4936455       1.5386896      0.99856866      0.99932454   2.0897882e-09       68.534128      0.80300442      0.30071454      0.80396015     0.026177568       13.740619       10986.389       4.8419621        4.8419621       10986.389                               10557.327                 23.263023                 396.04601                      9.7526275
              2        5497.414       3.0382884       3.0690702      0.96585664     0.022354176      0.11802527     0.054272445       1.0413857      0.99952408       18.097412       12.115605       8.9828893      0.89133126       1.5760332        1.516746      0.99956013       1.0007221   2.0869493e-09       68.474868      0.80206899      0.30076798      0.80309495     0.023070219       13.751822       10985.214       4.8069489        4.8069489       10985.214                               10555.988                 23.272106                 396.00758                      9.9468361
              3        5500.106       3.0397925       3.1363367      0.96928633     0.022459531      0.11853984     0.053967114       1.0411221       1.0001072         17.3923       12.048534       9.2255175      0.82824477       1.6854354       1.7206641       1.0007999       1.0028545   2.0900906e-09       69.078017      0.80274288      0.29683779      0.79850094       0.0903367       13.681916       10990.552       4.8301125        4.8301125       10990.552                               10561.259                 22.716724                 395.92487                      10.650827
              1       5496.2124       3.0304912       3.0572208      0.95925247     0.022282091      0.12023623     0.046985065       1.0406249       1.0008537       18.399895       12.502425       9.6462987       1.1802064       1.4185523       1.8239729       1.0018191      0.99479931   2.0707402e-09       67.238933      0.80434354      0.31665746      0.82637241     0.011220766       13.803652       10982.434       4.9953386        4.9953386       10982.434                               10553.496                  24.38257                 395.80221                      8.7534719
              3       5496.5806       3.0295982       3.0692333      0.95792197     0.022051306      0.12113016     0.046578186       1.0403678       1.0006344       20.178437       13.950342       11.213547       1.1173478       1.1765338       1.4420219       1.0019166      0.99504955   2.0688918e-09       66.791075      0.80684295      0.32240482      0.83642912     0.023233331       13.825823       10983.245       4.9583543        4.9583543       10983.245                               10554.087                 24.511815                 395.81478                      8.8304998
              3       5498.4752       3.0265448       3.0534315      0.95773446     0.021962608       0.1200251     0.046016939       1.0402783       1.0012517       21.167378       15.034371       12.103349        1.010369       1.0257385       1.1333483       1.0013973      0.99679897   2.0625842e-09       66.890883      0.80273496      0.31877545      0.82747328    0.0074314618        13.84939       10987.007       4.9715896        4.9715896       10987.007                               10557.746                  24.38511                 395.87861                      8.9976673
              1       5496.5925       3.0186216       3.0534315      0.96268459     0.021962608       0.1200251     0.046016939       1.0402783      0.99818328       20.228845       14.528312       11.605242      0.72750245       1.0657219       1.0705854      0.99983735      0.99806156   2.0463066e-09       66.890883       0.8010414      0.31877545      0.82572753    0.0074314618        13.84939       10983.049       5.0682127        5.0682127       10983.049                               10554.168                 23.111951                 395.95622                      9.8125001
              4       5496.0706       3.0164749       2.9899523      0.95825304      0.02200247      0.12038535     0.045203255       1.0402947      0.99769074       19.361579       13.733921       10.826824      0.67855186       1.0777973       1.0159062      0.99822781      0.99709141   2.0419186e-09       66.076771      0.80188375       0.3275756      0.83792771    -0.056047743       13.912502       10981.601       5.2698699        5.2698699       10981.601                               10552.657                 23.903683                 395.96127                      9.0792294
              6        5497.063       3.0227194       2.9899523      0.95995234      0.02200247      0.12038535     0.045203255       1.0402947       1.0013696       20.066986       14.251338        11.33362      0.71357346      0.88585621      0.86328528      0.99716314      0.99633748   2.0547092e-09       66.076771      0.80489636       0.3275756      0.84107574    -0.056047743       13.912502       10984.041        5.042638         5.042638       10984.041                               10555.578                 23.430341                 395.97911                      9.0528827
              1       5498.4134       3.0241137       2.9896592      0.96014592     0.022016158      0.12050204     0.045687301       1.0404481       1.0012642       19.414771       13.503031       10.998576      0.68597855      0.92949861        1.064943      0.99766514      0.99614159   2.0575761e-09       66.095028      0.80598851        0.327693      0.84236789    -0.056340753       13.907251       10986.797       5.0147992        5.0147992       10986.797                               10558.381                 23.446771                 395.92177                      9.0477549
              1       5498.3334       3.0234737       2.9896592      0.96008756     0.022016158      0.12050204     0.045687301       1.0404481       1.0009132       19.335996       13.439611       10.939247      0.68189423      0.94711171       1.0784183      0.99774258      0.99617564   2.0562596e-09       66.095028      0.80571325        0.327693       0.8420802    -0.056340753       13.907251       10986.766       4.9505751        4.9505751       10986.766                               10558.307                 23.464258                 395.94198                      9.0522271
              1       5500.8844       3.0236344       2.9913558       0.9600845     0.022004562      0.12058479     0.045772313       1.0404426       1.0008547       18.084878       13.587172       9.9463646      0.59094841       0.8953917      0.77393065       1.0044707       0.9935124   2.0565901e-09        66.07455      0.80602865      0.32805976      0.84288113    -0.054644173       13.907151       10991.461       5.1540691        5.1540691       10991.461                               10562.977                 23.463371                 395.95599                      9.0641196
              2        5501.213       3.0283007       2.9913558      0.95210088     0.022004562      0.12058479     0.045772313       1.0404426       1.0019602       20.127099       15.574636       11.578609      0.60867311       0.8374217      0.68089764        1.005852      0.99702211   2.0662091e-09        66.07455       0.8055354      0.32805976      0.84236533    -0.054644173       13.907151        10991.81       5.3082092        5.3082092        10991.81                               10561.581                 25.678584                  395.8387                      8.7116215
              9       5498.1563        3.033129       2.9465299      0.95418846     0.022198159      0.11928869     0.053829338       1.0406437       0.9975346       19.486302       13.166952       10.624529      0.74363611      0.90704308      0.93116048      0.99724283      0.98916991   2.0762095e-09       66.234438      0.80476016      0.32394835      0.83626463    -0.099470083       13.923224       10984.521       5.8959726        5.8959726       10984.521                               10554.368                 25.414707                 396.18832                      8.5494265
              2       5495.4736       3.0352562       2.9837044      0.95768927     0.022246705      0.11877793     0.055264403        1.040686      0.99776001       18.901385       13.535895        10.42523      0.65062301       1.0190598       1.0416551      0.99412267      0.99556571   2.0806309e-09        66.89433      0.80357165      0.31656894      0.82546399    -0.062295643       13.875857       10980.032       5.4576874        5.4576874       10980.032                               10550.374                 24.666572                 396.37002                      8.6210836
              2       5495.0621       3.0361105       2.9837044      0.96015644     0.022246705      0.11877793     0.055264403        1.040686      0.99894892       19.266118       13.681483       10.824799      0.66425322      0.82576337      0.85452556      0.99237464      0.99469036   2.0824091e-09        66.89433      0.80465397      0.31656894       0.8265758    -0.062295643       13.875857       10979.514       5.3053279        5.3053279       10979.514                                10550.47                 23.928532                  396.3405                      8.7746117
              5       5497.4718       3.0382605       2.9556879      0.95863273     0.022028387      0.11895927     0.057263543       1.0410364      0.99753594       19.168394       12.871418        10.28869      0.75684793      0.95234884      0.97293382      0.98912014      0.99758109   2.0868911e-09       66.446525      0.80785042      0.32075635      0.83532978    -0.090312092       13.917674       10983.159        5.892094         5.892094       10983.159                                10553.16                 24.307872                 396.98312                      8.7086469
              2       5494.3982       3.0371989       2.9892125      0.96007677     0.022085339      0.11891751     0.055099719       1.0409234      0.99940361       20.118152       13.714696       10.926408      0.90164816      0.91653165      0.98433538      0.99306011       0.9994833   2.0846768e-09       66.855882      0.80625314      0.31688639      0.82863369    -0.056787471       13.879909       10978.685       5.0558543        5.0558543       10978.685                               10549.565                 23.940887                 396.36751                      8.8118399
              3       5496.3666       3.0435438       2.9892125       0.9530385     0.022085339      0.11891751     0.055099719       1.0409234       1.0011688       20.990624       14.981328       11.819375      0.97341443      0.92339793       1.0402766      0.99458935       1.0000958   2.0979458e-09       66.855882      0.80670062      0.31688639      0.82909359    -0.056787471       13.879909       10982.651       5.0409707        5.0409707       10982.651                               10551.726                 26.056011                 396.47293                      8.3964767
              5       5500.1436        3.043579       2.9809285      0.95169897     0.022080151      0.11946422     0.054420611       1.0409589       0.9997954       19.699035       13.869875       10.337238       1.1139844       1.4240828       1.5942542      0.99056707      0.99871415   2.0980197e-09        66.57673      0.80845749      0.32076805      0.83597273    -0.065071466       13.890312       10989.804       5.2417706        5.2417706       10989.804                               10557.969                 26.694915                 396.37645                      8.7637544
              3       5497.5725       3.0421077       2.9809285      0.95580618     0.022080151      0.11946422     0.054420611       1.0409589      0.99994316       20.139076       13.670424       10.970438       1.0222946       1.2090938       1.3803845      0.99126527      0.99447031   2.0949351e-09        66.57673      0.80909258      0.32076805      0.83662944    -0.065071466       13.890312       10984.505       5.3198772        5.3198772       10984.505                               10554.112                 25.331757                 396.31478                      8.7467212
              2       5496.7635       3.0425591       2.9867944       0.9562526     0.022093042      0.11946995     0.054540861       1.0409799       1.0000038       19.842258         13.5633       10.809741      0.99855148       1.2083343       1.3711233      0.99115686      0.99528323   2.0958811e-09       66.659604      0.80919776      0.32001499      0.83575542    -0.059205564       13.882254       10982.952       5.2875011        5.2875011       10982.952                               10552.655                 25.247649                 396.32821                      8.7216074
              1       5497.2173        3.042664       2.9880761      0.95660156     0.022070929      0.11928398     0.054823218       1.0410033       1.0000463        19.12657       13.007481       10.396233      0.83369719       1.2417164       1.2435896       0.9910738      0.99588899   2.0961009e-09        66.72906      0.80880364      0.31888229       0.8338687    -0.057923942       13.881688       10983.898       5.2683131        5.2683131       10983.898                               10553.716                 25.150576                  396.3826                      8.6486435
              2       5496.0063       3.0419192       2.9820857      0.95575384     0.022031716      0.11936758     0.053812692       1.0410489       1.0005616       19.788289       13.178502        10.70377       1.0077082       1.2736549       1.4790262      0.99377496      0.99728862   2.0945403e-09       66.614147      0.80893365      0.32008128      0.83556919    -0.063914268       13.890912       10981.931       5.0410031        5.0410031       10981.931                               10551.717                 25.313926                 396.19716                      8.7027688
              8       5495.5616       3.0416215       2.9941731      0.95602549      0.02202413        0.119523     0.053226909       1.0409731       1.0009068       20.031848       13.282996       10.818937       1.0333456       1.2389924       1.4765932      0.99426876      0.99763224    2.093917e-09       66.667334       0.8089651      0.31990774      0.83537511    -0.051826861       13.881953       10981.037       5.0433023        5.0433023       10981.037                               10551.031                 25.228756                 396.08673                      8.6904739
              2       5497.2213       3.0357461       2.8983873      0.94801162     0.021894598      0.12015621     0.050317324       1.0408338       1.0005785       18.975759       12.288505       9.6503728       1.0569634        1.520612       1.6475292      0.99547281       0.9929713   2.0816502e-09       65.200315      0.80982338      0.33561437      0.85654456     -0.14761273       14.002831        10984.12       5.1615132        5.1615132        10984.12                               10551.227                 26.983772                 395.81706                      10.091728
              6       5500.7705       3.0350026       2.8925831      0.94777224     0.021923095       0.1200119     0.050044471       1.0407904       1.0005985       19.670146       12.463882       9.9294943       1.0542456        1.267133       1.2851602      0.98900966      0.99391091   2.0801031e-09       65.192218      0.80902185      0.33542306      0.85545286     -0.15341692       14.006843       10990.335       5.6032328        5.6032328       10990.335                               10557.525                 27.038338                 395.78982                      9.9811308
              1       5497.0341       3.0389264        2.919253      0.95087959     0.021962879      0.11966502     0.052046413        1.041111       1.0006829       19.458505       12.592788       10.028613       1.1015873       1.2775758       1.5051426      0.99239482      0.99455864   2.0882812e-09       65.754299      0.80967713      0.32901268      0.84792523       -0.126747       13.963414       10983.549       5.2597933        5.2597933       10983.549                               10551.816                 26.370429                 395.96872                      9.3929018
              6       5495.5257       3.0363438        2.919253      0.95517576     0.021962879      0.11966502     0.052046413        1.041111       1.0002865        18.88257       11.879643       9.4816068       1.0323179       1.2948148       1.5711266      0.99294299      0.99385739   2.0828949e-09       65.754299      0.80990448      0.32901268      0.84816333       -0.126747       13.963414       10980.593       5.2294846        5.2294846       10980.593                               10550.419                 24.988886                 395.93677                      9.2481674
              4       5495.2316       3.0367722       2.9397191      0.95601735     0.022013053       0.1198889     0.051147882       1.0411149       1.0024256       19.006378       13.144377       10.167553      0.88318333       1.2336534       1.2781597      0.99298244      0.99011406   2.0837874e-09       65.953453      0.81017508      0.32766627       0.8467089     -0.10628093       13.937441       10978.482       5.9908399        5.9908399       10978.482                               10549.093                 24.588546                 395.81775                      8.9818348
              1       5494.1939       3.0361379       2.9397191      0.95604408     0.022013053       0.1198889     0.051147882       1.0411149       1.0004344       17.194244       11.179108       8.4035726      0.97721433       1.5581206       1.7866825      0.99505834      0.99397418   2.0824661e-09       65.953453      0.80992614      0.32766627      0.84644873     -0.10628093       13.937441        10978.18       5.1039999        5.1039999        10978.18                               10548.309                  24.87549                 395.79343                      9.2015246
              1       5495.6255       3.0364257       2.9477457      0.95582189     0.022007201      0.12036443     0.050913568       1.0410495       1.0003361       18.427661       11.823629       9.1646734       1.1202832       1.4135957       1.5872591       0.9949652      0.99900045   2.0830654e-09       65.854978      0.81120708      0.32973291      0.85045679     -0.09825428       13.933424       10981.399       4.9260307        4.9260307       10981.399                               10551.185                 24.937533                 395.79257                      9.4840946
              3        5493.483       3.0386383       2.9849829      0.95928729     0.022102669      0.11998345      0.05247062       1.0410375       1.0002745       18.071805       11.623765       8.8084989       1.2415574       1.4703197       1.8422315      0.99531824       0.9983598   2.0876796e-09       66.486948       0.8102812      0.32286195      0.84058874    -0.061017109       13.883525       10977.137       4.9143284        4.9143284       10977.137                               10548.014                 24.256576                 395.92367                      8.9429872
              3       5493.3544       3.0359203       2.9475987      0.95695466     0.022072289      0.11982602     0.052832418       1.0407741      0.99906414       17.745244       11.499878       8.7499422       1.1085971       1.5191977       1.8152475      0.99841546      0.99891819   2.0820129e-09       66.001065      0.80907203      0.32718825       0.8449391    -0.098401253       13.933146       10976.961       4.8737265        4.8737265       10976.961                               10547.247                 24.659916                 396.00094                      9.0530315
              2       5491.8587        3.035964       2.9564716       0.9575125      0.02211129      0.11981655     0.052627043       1.0407388      0.99962755       17.599747       11.708018       8.6329451       1.0697376       1.5382996       1.7555806      0.99572343      0.99542372    2.082104e-09       66.126067      0.80873853       0.3260232      0.84308577    -0.089528415       13.920864       10973.732       4.9925086        4.9925086       10973.732                               10544.339                 24.489507                 395.98874                      8.9154235
              1       5493.4878       3.0359753       2.9655527      0.95733513     0.022104728      0.12018621     0.051786038       1.0407257       1.0000321       17.151053       11.949752       8.5686305      0.86068733        1.443949       1.4711152      0.99591132      0.99125188   2.0821275e-09       66.092545      0.80960469      0.32718855      0.84549577    -0.080447337       13.913857       10976.473       5.2515714        5.2515714       10976.473                               10547.017                  24.53353                 395.88139                      9.0405267
              3       5492.8118       3.0360589       2.9904341      0.95913981     0.022124569      0.11987117     0.051465611       1.0406923       1.0000977       17.013022       11.738775       8.3577243      0.88631289       1.5475045       1.6435702      0.99686184      0.99372602   2.0823015e-09        66.49183      0.80822899      0.32261208      0.83813526    -0.055565851       13.885539        10975.56       5.0320729        5.0320729        10975.56                               10546.709                 24.251745                 395.79257                      8.8063043
              2       5492.0336       3.0366461       2.9946063      0.95955505     0.022127714      0.11986325     0.051807994       1.0407249       1.0003657       17.221039       11.839489       8.6736686       0.9207272       1.4688591       1.5292327      0.99785819       0.9953644   2.0835247e-09       66.555819      0.80844577      0.32198276      0.83754197    -0.051393673       13.879847       10974.215       4.9263347        4.9263347       10974.215                               10545.474                 24.127359                 395.82613                       8.787393
              5       5491.7366       3.0366587       2.9944505       0.9595567     0.022128291      0.11985897     0.051811787       1.0407283       1.0003923       17.623711       12.029194       8.9940451       1.0087693       1.5406888       1.7656625      0.99645397      0.99666029   2.0835509e-09       66.557102      0.80844325      0.32196193      0.83751226    -0.051549535       13.879833       10973.641       4.9162065        4.9162065       10973.641                               10544.905                 24.123886                 395.82613                      8.7859648
              2       5493.8189       3.0370738       2.9922186      0.95979103     0.022163853      0.11976933     0.052246859       1.0407575       1.0001767       16.463714       11.595382       7.6239352       1.1302089       1.6766892       2.0265757       1.0005263       0.9973254   2.0844161e-09       66.601474      0.80834049      0.32141037       0.8366882    -0.053781361        13.87731       10977.988       4.8249049        4.8249049       10977.988                               10549.247                 24.104681                  395.8712                      8.7647472
              1       5495.1593       3.0358337       3.0248618      0.96274113     0.022197179      0.11870993     0.051354323       1.0406737       1.0017314       17.321298       13.147928       9.2959792      0.78059668       1.3570936       1.3425622      0.99703479       1.0012773   2.0818327e-09       67.348181      0.80391751      0.31207204      0.81993286    -0.021138195       13.837964       10980.164       5.0771938        5.0771938       10980.164                               10551.971                 23.454319                 395.75647                      8.9826707
              2       5495.5812       3.0373348       3.0514556      0.96430776     0.022302059       0.1189499     0.050981777       1.0407289       1.0022649       16.963349       12.815687       8.8566617      0.80068338       1.4259199       1.4958967      0.99769774      0.99855499     2.08496e-09       67.675579      0.80453959      0.30981948       0.8176005    0.0054556067       13.799091       10980.697       5.2325893        5.2325893       10980.697                               10552.691                  23.25305                 395.69039                      9.0629775
              4       5496.2008       3.0391426       3.0541276       0.9649453     0.022281496      0.11891752     0.051885076         1.04093       1.0021911       18.703115       13.124662        9.771487      0.73276336       1.2383308      0.98119222      0.99877876      0.99783112   2.0887326e-09        67.76867      0.80554128      0.30885362      0.81734144    0.0081275502       13.792226       10982.001       5.2003206        5.2003206       10982.001                               10553.947                 23.176846                 395.79583                      9.0812836
              1       5496.5712       3.0393299       3.0563805      0.96526091     0.022289967      0.11884335      0.05208713       1.0409336        1.002162       18.244958       12.994948        9.559958      0.69582878       1.2735513       0.9988539      0.99895879      0.99770411    2.089124e-09       67.829475       0.8053615      0.30815733       0.8162374     0.010380499       13.788595       10982.761       5.1909533        5.1909533       10982.761                               10554.704                 23.124597                 395.79591                      9.1360686
              4        5498.634       3.0474177       3.0563805      0.96498292     0.022289967      0.11884335      0.05208713       1.0409336       1.0061637       19.560341       13.963753       10.426886       0.8485988       1.0591812      0.95990607       1.0012271      0.99951864   2.1060888e-09       67.829475      0.80853974      0.30815733      0.81945856     0.010380499       13.788595       10981.602       7.8331941        7.8331941       10981.602                               10553.843                 23.192423                 395.80078                      8.7654575
              2        5499.795       3.0459322       2.9803613       0.9632596     0.022301751      0.11705139     0.053230428        1.041357       1.0052109       17.974494       10.958166       7.6681567       1.0672725       1.5198725       1.5282456      0.99709375       1.0019013   2.1029626e-09       67.736972      0.80416485      0.30509763       0.8109683    -0.065638697       13.846129       10985.554       7.0178607        7.0178607       10985.554                               10557.358                 23.599359                 395.92979                       8.667523
              1       5498.6158       3.0482269       2.9650588      0.96331235     0.022345977      0.11709086     0.055641273       1.0414958       1.0037453       17.336302       10.272758       7.5199761       1.1026724       1.5754276       1.7953243      0.99954226      0.99759067   2.1077937e-09       67.627353          0.8057      0.30626518      0.81406962    -0.080941232       13.853739       10985.357       5.9374913        5.9374913       10985.357                               10556.898                   23.6824                 396.27522                      8.5013335
              4       5499.1326       3.0505789       2.9650588      0.96295391     0.022345977      0.11709086     0.055641273       1.0414958       1.0048794       17.334116       10.319407       7.6694697       1.0203142       1.5466831       1.7084977      0.99694872      0.99789588   2.1127572e-09       67.627353      0.80653939      0.30626518      0.81491773    -0.080941232       13.853739       10984.748       6.7586012        6.7586012       10984.748                               10556.249                 23.772438                  396.2923                      8.4344464
              2       5499.8863        3.044227       2.8954914      0.95675383     0.022189644      0.11725279       0.0519881       1.0413309        1.006688       17.497509       11.518125       8.1849837      0.98718855       1.3080265        1.526868      0.98689842      0.99604374   2.0993796e-09       66.579403      0.80560562      0.31596963      0.82676966     -0.15050856       13.948951       10981.172         9.30011          9.30011       10981.172                               10552.338                 24.632171                 395.81175                      8.3904278
              1       5497.9064       3.0442216       2.8954914      0.95746314     0.022189644      0.11725279       0.0519881       1.0413309       1.0068448       17.097542       11.064313       7.7268253       1.0837984       1.5369633       1.8785823      0.98863439      0.99511491   2.0993684e-09       66.579403      0.80581448      0.31596963      0.82698401     -0.15050856       13.948951       10977.216       9.2985813        9.2985813       10977.216                               10548.583                 24.424904                 395.79487                      8.4127001
              1       5497.2426       3.0392458       2.8954914      0.95512486     0.022189644      0.11725279       0.0519881       1.0413309       1.0036918       17.304162       10.943519       7.5954331       1.1064969       1.9285078       2.1509754      0.99086833      0.99354477   2.0889483e-09       66.579403      0.80311882      0.31596963      0.82421753     -0.15050856       13.948951       10981.483       6.5009117        6.5009117       10981.483                               10552.139                 25.147672                 395.84267                       8.354176
              1       5496.4423       3.0345517       2.8234004      0.94999407     0.021982779       0.1170405     0.051127235       1.0411962       1.0029504       16.615875       10.725507       7.4007835       1.2445139       1.7898922        2.377091      0.99801548       1.0026455   2.0791655e-09       65.607962      0.80224172      0.32439506      0.83422219     -0.22259964       14.050699       10981.812        5.536337         5.536337       10981.812                               10551.447                 26.141995                 395.78353                      8.4389222
              8       5498.5637       3.0373381       2.8214997       0.9505226     0.021915699      0.11707735     0.052941311       1.0414826       1.0025325       16.890334       10.828535       7.5621314       1.3059638       1.7916141        2.442174      0.99854075       1.0036892    2.084967e-09       65.613201      0.80425808      0.32427233       0.8361607     -0.22450025       14.051082       10986.373       5.3770433        5.3770433       10986.373                               10555.696                 26.057663                 396.06554                      8.5542137
              1       5498.3198       3.0366806       2.8275963      0.95055188     0.021930748      0.11707816     0.051720961       1.0414901       1.0033138        16.36916       10.604219       7.2818248       1.1640027       1.7633628        2.205695        1.001234        1.001338   2.0835965e-09       65.698006      0.80374016      0.32347475      0.83459395     -0.21840365       14.042723       10985.279       5.6803229        5.6803229       10985.279                               10554.877                 26.041563                  395.8676                      8.4924762
              4       5496.3981       3.0343511       2.7607277      0.94728521     0.021937621      0.11657819     0.052384417       1.0414916       1.0020883        15.96945       10.493734       7.1202738       1.1601573       1.8133768        2.199952       1.0005259       0.9978813   2.0787485e-09       65.104412      0.80243397      0.32821128      0.83931585      -0.2852723       14.112567        10982.48       5.1579613        5.1579613        10982.48                               10550.975                 26.816493                 395.98881                      8.7003187
              1       5495.5512       3.0339305       2.7609112      0.94712743     0.021955048      0.11666509     0.052335062       1.0413935       1.0015623       16.897054       10.972464       7.7892066       1.1669646       1.6797266       2.0587747       1.0007895      0.99773332   2.0778743e-09       65.058048      0.80233544       0.3289258      0.84012579     -0.28508883       14.113921       10981.084       5.0093274        5.0093274       10981.084                               10549.373                 26.916582                 395.98881                      8.8056314
              1       5495.7735        3.034151       2.7609112      0.94789562     0.021955048      0.11666509     0.052335062       1.0413935       1.0018517       16.808838       10.314412       7.4500378       1.1217118       1.5822487        1.878864       1.0009428      0.99589979   2.0783326e-09       65.058048      0.80264498       0.3289258      0.84044991     -0.28508883       14.113921       10981.251       5.1480468        5.1480468       10981.251                               10549.826                 26.641822                 395.97767                      8.8050302
              1       5498.4081       3.0410905       2.8983785      0.95846758     0.022201248      0.11613012     0.054989777       1.0414249       1.0023209       16.119293       9.4822333       6.6878888       1.2461218       1.7451101       2.3101913       1.0029422      0.99884968   2.0928053e-09       67.052832      0.80093633      0.30905341      0.81293184     -0.14762148        13.93695       10986.284       5.2660976        5.2660976       10986.284                               10557.061                 24.514425                 396.23711                       8.471262
              1        5499.867       3.0383359       2.8983785      0.95918564     0.022201248      0.11613012     0.054989777       1.0414249       1.0010284       15.213847       9.0346497        5.476181       1.1667216       1.9198491       2.2826137       1.0018261      0.99883893   2.0870484e-09       67.052832      0.80004717      0.30905341      0.81202936     -0.14762148        13.93695       10989.947       4.8932832        4.8932832       10989.947                               10560.807                 24.319096                   396.218                      8.6034672
              5       5499.0926       3.0383098       2.8983969      0.95919279     0.022201028      0.11612051     0.054978895       1.0414238       1.0010389       14.582245       8.9315719       5.7788437       1.0093163       1.9931191       2.2581008       1.0025379         1.00164   2.0869939e-09       67.055946      0.80000493      0.30900285      0.81192007     -0.14760309       13.936943       10988.351       4.9172478        4.9172478       10988.351                                10559.23                 24.316437                 396.19568                      8.6081935
              8       5496.0978       3.0368764       2.9087459      0.95924357     0.022212778      0.11624211     0.054351443       1.0411567       1.0012017       16.472412       10.501759       7.2268647       1.0185286       1.8909856       1.9211031        1.004482       1.0005437   2.0840046e-09       67.053958       0.7992205      0.30932146      0.81154203     -0.13725409       13.933319        10982.19       5.0027086        5.0027086        10982.19                               10553.177                 24.226051                 396.07348                      8.7133403
              1       5496.4222       3.0348065       2.8729359      0.95538092     0.022157689      0.11722427     0.054165419       1.0408407        1.001162       17.502297       10.865304       8.0522463       1.0566219       1.8452537       1.8364928       1.0021861      0.99347786   2.0796953e-09         66.1405      0.80177105      0.32003051      0.82810506     -0.17306412       13.991026       10982.585       5.1298685        5.1298685       10982.585                               10553.241                 24.721891                  396.1787                      8.4430051
              5       5496.2272       3.0349913       2.8729359      0.95530578     0.022157689      0.11722427     0.054165419       1.0408407      0.99955653       16.940327       9.7217045       7.1129941        1.219059       1.7658088       2.0041684       1.0033867      0.99844545   2.0800797e-09         66.1405      0.80182306      0.32003051      0.82815877     -0.17306412       13.991026       10982.713       4.8704179        4.8704179       10982.713                               10553.115                 25.044872                 396.17681                      8.3771087
              1       5499.2081       3.0362031          2.8958      0.95654695     0.022195474      0.11741387      0.05385449       1.0409028       1.0001062       16.463088       10.936307       7.3879602       1.1159754       1.5388819       1.6596546       1.0079089      0.99891829   2.0826018e-09       66.389363      0.80243363      0.31815997      0.82636375     -0.15019999       13.961657       10988.207       5.1047619        5.1047619       10988.207                               10558.903                 24.819454                 396.09422                      8.3900839
              1       5496.3935       3.0361652       2.8958393      0.95653639     0.022195985      0.11741479     0.053822796       1.0408997        1.000091       16.347298       9.8014279       6.5681783       1.0914952       1.5829596       1.7062446       1.0001359      0.99432569    2.082523e-09       66.388885      0.80241204      0.31816781      0.82635171     -0.15016071       13.961661       10982.893       4.9469982        4.9469982       10982.893                                 10553.6                 24.825705                 396.07783                      8.3892482
              1       5497.4772       3.0383728       2.8958393      0.95530798     0.022195985      0.11741479     0.053822796       1.0408997       1.0010593       16.944308       10.282698       7.0734495        1.042422       1.3504925       1.4383015      0.99818776      0.99621828   2.0871254e-09       66.388885      0.80293515      0.31816781      0.82689042     -0.15016071       13.961661       10985.029       4.9629586        4.9629586       10985.029                               10555.371                 25.176959                 396.12366                       8.356573
              1       5500.5116        3.038359       2.8957512      0.95529754     0.022195141      0.11741426     0.053811857       1.0408998       1.0022674       19.760725       11.237765       9.4198691       1.0198988      0.97709734       1.3141986      0.99770311      0.99834827   2.0870966e-09       66.387411      0.80293149      0.31817879      0.82690092     -0.15024882       13.961835        10990.55       5.2365681        5.2365681        10990.55                               10561.121                 24.960668                 396.09521                      8.3732627
              3       5496.9437       3.0403555       2.8928147      0.95578871     0.022263852      0.11748247      0.05509972       1.0410481       1.0016238       19.288844       11.969987       9.2482107      0.92879025       1.0685269       1.1032012      0.99758303      0.99950924   2.0912677e-09       66.434009      0.80404696      0.31804175      0.82787135     -0.15318529       13.953744       10983.834       5.0266095        5.0266095       10983.834                               10554.176                 24.962766                 396.32531                      8.3705762
              1        5496.582        3.040247        2.894691       0.9557029     0.022270732      0.11758195     0.054841356       1.0410281       1.0017021       19.166525       12.083411       9.2358866      0.91967032       1.0746215       1.1222761      0.99831044      0.99934264   2.0910408e-09       66.419656      0.80420154      0.31842101      0.82852407     -0.15130901       13.952069       10983.097       5.0334681        5.0334681       10983.097                                10553.48                 24.983941                 396.25452                      8.3784817
              1       5495.4063       3.0402641        2.894691      0.95588818     0.022270732      0.11758195     0.054841356       1.0410281       1.0017529       19.049104       11.967303       9.1378717       0.9206886       1.1190619       1.1544905      0.99768381      0.99753016   2.0910766e-09       66.419656      0.80426332      0.31842101      0.82858771     -0.15130901       13.952069       10980.636        5.088385         5.088385       10980.636                                10551.07                 24.927275                 396.25452                      8.3839796
              1       5494.5327       3.0366396        2.894691      0.95657772     0.022270732      0.11758195     0.054841356       1.0410281       1.0000015       18.373916       11.239482       8.6982008      0.86345738       1.2955199       1.3306578      0.99784082      0.99568843   2.0835112e-09       66.419656      0.80301108      0.31842101       0.8272976     -0.15130901       13.952069       10979.262        4.901513         4.901513       10979.262                                10549.84                 24.735456                 396.26422                      8.4226602
              1       5494.9296       3.0382134       2.9261612      0.95849954       0.0222962      0.11772935     0.055154802       1.0410305       1.0003122       18.456996       11.549677       8.7736657      0.84097136       1.1579016       1.2054937      0.99939137      0.99756589   2.0867928e-09       66.753598      0.80353832      0.31564239      0.82422091     -0.11983878       13.916612        10980.21       4.8245284        4.8245284        10980.21                               10551.071                   24.3616                 396.27512                      8.5026596
              1       5496.6146       3.0386096       2.9308945      0.95877167     0.022329755      0.11786291     0.055441934       1.0409865      0.99973663       18.291801        12.38864       8.8358145      0.79964846       1.2810329       1.1648821      0.99969573      0.99399475   2.0876197e-09       66.774024      0.80388444      0.31582583      0.82481551     -0.11510547        13.91008       10983.286       4.9715813        4.9715813       10983.286                               10554.074                 24.384572                  396.3605                       8.466576
              2       5496.6571       3.0372625       2.8958101      0.95654674      0.02228326      0.11784301     0.055563525       1.0409688      0.99887172       17.401502       10.559029       8.0721372      0.83438862       1.4838133       1.5594564      0.99772093      0.99060882   2.0848093e-09       66.331437      0.80398105      0.31989077      0.83020633     -0.15018988       13.952481       10982.606       5.3540378        5.3540378       10982.606                               10552.844                 24.854816                 396.46188                      8.4456372
              2       5496.4622       3.0413545       2.8958101      0.95912615      0.02228326      0.11784301     0.055563525       1.0409688       1.0008296       16.289178       9.3533948       6.7071773       1.1911794       1.4163873       1.9912082      0.99390327      0.99264288   2.0933579e-09       66.331437      0.80639376      0.31989077      0.83269774     -0.15018988       13.952481       10982.331       5.2967983        5.2967983       10982.331                               10553.097                 24.215579                  396.4304                      8.5874587
              5       5497.3349       3.0379605       2.9078866      0.95908716     0.022244872      0.11758284     0.053560516       1.0406389       1.0018572       16.572721       10.230332       6.9443027      0.93292197       1.4416476       1.7332512       0.9983378        0.997152    2.086265e-09       66.422446      0.80359603      0.31834246      0.82779813     -0.13811344       13.952444       10984.439       5.1155518        5.1155518       10984.439                               10555.928                 24.070374                 395.99225                      8.4482862
              2       5497.9261       3.0345462       2.9078866      0.96029752     0.022244872      0.11758284     0.053560516       1.0406389      0.99999039       13.579424       9.3081136       5.5544407      0.77041623        1.779494       1.9775191      0.99866079      0.99587125    2.079154e-09       66.422446      0.80258378      0.31834246      0.82675539     -0.13811344       13.952444       10986.093        4.879462         4.879462       10986.093                               10557.774                  23.80862                 396.00485                      8.5055442
              6       5495.6892       3.0345107        2.908121      0.96057713     0.022248052      0.11737702     0.053449853         1.04069       1.0016811       16.175814       11.077013       7.5099797         0.89663       1.4265646       1.6162161      0.99101169      0.99394255   2.0790802e-09       66.517262      0.80198623      0.31697766      0.82436703     -0.13787895       13.949446       10980.181       5.5987604        5.5987604       10980.181                               10552.003                 23.530463                 395.94899                      8.6986395
              1       5498.2903        3.033473        2.908121      0.95999484     0.022248052      0.11737702     0.053449853         1.04069       1.0022067        17.79269       12.873239        9.489041      0.76887942       1.0319046       0.9974762      0.99044018      0.98963335   2.0769239e-09       66.517262      0.80139777      0.31697766      0.82376214     -0.13787895       13.949446       10984.242          6.1691           6.1691       10984.242                               10555.861                 23.500455                 395.93778                      8.9431571
              2       5498.8714       3.0332397       2.9028451      0.95882792     0.022259622      0.11788798     0.052601844       1.0406817       1.0022462       18.590836        13.86288       9.9604205      0.75243665      0.86884119      0.79176755      0.99645988      0.99164455   2.0764393e-09       66.282974      0.80279075      0.32040985      0.82964952     -0.14315493       13.956286       10986.542       5.6006224        5.6006224       10986.542                               10558.215                    23.749                 395.87961                      8.6979818
              1       5497.0349       3.0335028       2.9028451      0.95565487     0.022259622      0.11788798     0.052601844       1.0406817       1.0016709       20.520221       14.079379       10.965541      0.73075071      0.81131381       0.7113734      0.99693967      0.99429345   2.0769857e-09       66.282974      0.80195919      0.32040985      0.82879013     -0.14315493       13.956286       10983.633       5.2182634        5.2182634       10983.633                               10554.571                 24.641394                 395.90779                      8.5132706
              2       5498.3191        3.032995        2.895368      0.95458298     0.022207369      0.11816477     0.052216865       1.0406556      0.99983156       18.996174       12.201617        9.016571       1.0279305       1.2772959       1.3729746       1.0022904      0.99612268   2.0759314e-09       66.048822      0.80280685      0.32319762      0.83326765     -0.15063198       13.971519        10986.86       4.8889209        4.8889209        10986.86                               10557.315                 25.163983                 395.91238                      8.4684548
              2       5499.9847        3.031621       2.8696276      0.95627943     0.021999073      0.11574049     0.054774304       1.0408419       1.0005809        20.69491       13.691243       10.770462       1.1892773       1.1949842       1.4613167       1.0036382       1.0040376   2.0730811e-09       66.501738      0.79653311      0.31284817      0.81341095     -0.17637242       14.004308        10990.05       4.9599474        4.9599474        10990.05                               10560.299                 24.456417                 396.23745                      9.0565027
              1       5500.6532       3.0328167       2.8696276      0.95613226     0.021999073      0.11574049     0.054774304       1.0408419      0.99962714        16.12743       10.614258       6.8774771       1.4008322       1.9631414       2.2478838      0.99949606       1.0049552   2.0755612e-09       66.501738      0.79696636      0.31284817      0.81385339     -0.17637242       14.004308       10991.465       4.9204169        4.9204169       10991.465                                10561.86                 24.764055                  396.2527                      8.5889769
              1       5497.4133       3.0352354       2.9028962      0.95863497      0.02204738      0.11580179     0.055972359        1.040869       1.0005093       17.746477       11.961341       8.5807018       1.2081965       1.6794163       1.9608234      0.99170994       1.0006807   2.0805876e-09       66.914788       0.7975391      0.30925457      0.80974713     -0.14310381       13.963129       10984.523       5.1519505        5.1519505       10984.523                               10554.776                 24.137643                  396.4614                      9.1478881
              1       5496.5577       3.0356243        2.856807      0.95523333     0.021990996      0.11644123      0.05635695       1.0410564      0.99942328       18.006061       11.166855        8.402151       1.1573997       1.7557609       1.8073746      0.98915615      0.99728366   2.0813969e-09        66.16724      0.80088225      0.31759668      0.82403568     -0.18919303        14.01552       10982.242       5.4367014        5.4367014       10982.242                               10552.248                 24.913204                 396.67073                      8.4105603
              2       5497.3667       3.0352582        2.856807      0.95853536     0.021990996      0.11644123      0.05635695       1.0410564      0.99997324       17.191752       10.117131       7.6687096        1.023389       1.7954181       1.7186262      0.98945124      0.99391295    2.080635e-09        66.16724      0.80170462      0.31759668      0.82488182     -0.18919303        14.01552       10983.679       5.5269546        5.5269546       10983.679                               10554.501                 23.955211                 396.63392                      8.5897479
              1        5500.256       3.0347308       2.8998379      0.95826408     0.021928285       0.1177728     0.053283941       1.0408693       1.0015068       19.075907       10.890666        8.285474       1.0892533       1.5718109       1.5835934       0.9879362      0.99188947    2.079538e-09       66.082972       0.8045323      0.32132865      0.83264059     -0.14616214       13.987191       10988.465       6.0234636        6.0234636       10988.465                               10559.823                 23.960699                 396.03389                      8.6473614
              3       5499.1168       3.0362224        2.930254       0.9594654     0.022239075      0.11861899      0.05185443       1.0408108       1.0028872       18.351992       10.869298       8.0386154       1.0367516       1.3792341       1.2733724        0.992734      0.98992376    2.082642e-09        66.36924      0.80589578      0.32120036      0.83388521     -0.11574598       13.928449       10985.786       6.2237665        6.2237665       10985.786                               10557.554                 23.779719                 395.80512                      8.6477436
              7       5496.7507       3.0400229        2.930254       0.9535981     0.022239075      0.11861899      0.05185443       1.0408108        1.003183       18.973431       12.370888       9.7794412       1.1481706       1.2628927       1.5341906      0.99606137      0.99228682   2.0905722e-09        66.36924      0.80568237      0.32120036      0.83366438     -0.11574598       13.928449        10981.56       5.9707972        5.9707972        10981.56                               10551.675                  25.56022                 395.85027                      8.4742039
              9       5496.6584       3.0311313        2.930254      0.95516828     0.022239075      0.11861899      0.05185443       1.0408108      0.99858153       18.946182         12.7165       9.8743071      0.98603782       1.2722838       1.2724361      0.99333674      0.99316493    2.072066e-09        66.36924      0.80257275      0.32120036      0.83044676     -0.11574598       13.928449       10982.513       5.4018045        5.4018045       10982.513                               10553.022                 25.156929                 395.85687                      8.4777624
              4       5496.3231       3.0293026       2.9530716      0.95406222       0.0221418      0.11963524     0.049630182       1.0404795        0.999215       19.964962       12.824139       9.9975757       1.2205188       1.3875465       1.6652627      0.99564228      0.99374933   2.0682803e-09        66.08903      0.80417938       0.3260422      0.83835743    -0.092928401       13.928433       10982.396       5.1248547        5.1248547       10982.396                               10552.778                  25.29979                 395.69665                      8.6216197
              2       5493.0014       3.0299322       2.9966894       0.9560523     0.022154695      0.11977878     0.047679206       1.0405623       1.0011515       20.002373        13.97959       10.848964      0.92305132       1.1122235       1.1547388      0.99543979      0.99432967    2.069583e-09       66.577162      0.80408338      0.32164742      0.83258867     -0.04931063       13.879481       10975.691       5.1560761        5.1560761       10975.691                               10546.496                 24.864778                 395.70796                      8.6222443
              3       5494.2044       3.0280213       2.9750948      0.95492764     0.022087423      0.11944627     0.048225156       1.0403792       1.0004172       20.276376       14.212961       11.139123      0.92928095       1.0920863       1.1421054      0.99505337      0.99452466    2.065632e-09       66.329793      0.80271896      0.32313446      0.83309501    -0.070905189       13.913087       10978.266       5.0714183        5.0714183       10978.266                               10548.966                 25.006004                 395.69882                      8.5947131
              1       5495.4652        3.028137       2.9777076      0.95534549     0.022088008      0.11928353     0.048371517       1.0403989       1.0005799        19.89765       13.850865       11.031454      0.76401161      0.92182325      0.88810203      0.99573887      0.99659164   2.0658709e-09       66.423526      0.80228891      0.32185655       0.8310006    -0.068292409       13.909023       10981.008       4.9610301        4.9610301       10981.008                               10551.797                 24.896885                 395.69351                      8.6205436
              2        5494.452       3.0244421       2.9777076      0.95683006     0.022088008      0.11928353     0.048371517       1.0403989      0.99813555       17.758362       12.469377       9.1968168      0.91742924       1.3999209        1.432339      0.99658232      0.99508842   2.0582519e-09       66.423526      0.80124776      0.32185655      0.82992219    -0.068292409       13.909023       10978.419       5.2423699        5.2423699       10978.419                               10549.407                 24.618434                 395.71297                      8.6806548
              1       5498.4496       3.0237441       3.0498498      0.96055845     0.022103354       0.1191457     0.046536416       1.0401107       0.9995018       18.316381       12.831277       9.4918013       1.0466556       1.4948206       1.7674558      0.99705842       1.0030746   2.0568157e-09       67.217671       0.7989407      0.31404861      0.81743335    0.0038497904       13.840208       10987.108       4.8956413        4.8956413       10987.108                               10558.112                 23.868196                 395.83556                      9.2924111
              2       5499.2459       3.0238179       3.0752348      0.96044465     0.022289109      0.12021872     0.044054149       1.0399883       1.0002979       17.104399       12.003803       8.4186133      0.98942643       1.5808642       1.7727091      0.99821684       1.0001104   2.0569675e-09       67.246843      0.80082412      0.31655977      0.82262969      0.02923479       13.803216       10988.875       4.8083145        4.8083145       10988.875                               10559.692                 24.024042                 396.24336                      8.9157098
              4       5502.2623       3.0197165       3.0752348      0.96312877     0.022289109      0.12021872     0.044054149       1.0399883      0.99873696       16.365448       10.110375       6.7481614       1.3319682       1.6039264       2.2380553       1.0000744       1.0014585   2.0485483e-09       67.246843      0.79999042      0.31655977      0.82177329      0.02923479       13.803216       10994.677       4.9235401        4.9235401       10994.677                               10565.822                  23.34134                 396.22312                      9.2912116
              2       5499.7874       3.0217072       3.0968566      0.96481718     0.022375588      0.12031345     0.044491068       1.0400899      0.99937704       16.804024       10.377402       7.2005454       1.1762307       1.5224959       2.0316322      0.99953986      0.99738418   2.0526305e-09       67.569809      0.80071387      0.31393774      0.81910295     0.050856567       13.769463       10989.872        4.851572         4.851572       10989.872                                10561.09                 23.054717                 396.18895                      9.5381654
              3       5500.7197       3.0254165       3.1352249      0.96792327     0.022374522      0.12039334     0.046941536        1.040164      0.99887891       17.187578       10.187749       7.0788612       1.2999784       1.5569173        2.192735      0.99910728      0.99799848   2.0602584e-09        68.01076       0.8023567      0.31005051      0.81568613     0.089224932       13.728198        10991.62       4.9098167        4.9098167        10991.62                               10563.194                 22.572725                 395.89841                      9.9551561
              1       5499.8145       3.0265317       3.1026081      0.96805764     0.022443953      0.11964712     0.049915377       1.0402758      0.99716222       15.857748       9.2480573       6.6151182       1.0032682        1.845897       2.2518774      0.99524952      0.99239916   2.0625573e-09       67.990314      0.80114462      0.30877294       0.8127742     0.056608116       13.748267       10987.967       5.8311937        5.8311937       10987.967                                10559.77                 22.593041                 395.68262                      9.9214182
              1       5501.4585        3.024789       3.1026081      0.96819619     0.022443953      0.11964712     0.049915377       1.0402758      0.99562158        14.67442       8.8959963       6.0017632       1.2239548       1.8215202       2.4927509      0.99806811      0.99621916   2.0589659e-09       67.990314      0.80048905      0.30877294      0.81210912     0.056608116       13.748267       10990.099       6.4090365        6.4090365       10990.099                                10561.95                  22.65708                 395.69183                      9.8000483
              5       5494.6924       3.0235543       3.0518774      0.96281012     0.022311386      0.12076931     0.046964484       1.0405999      0.99775392       16.381138       10.802747       7.5610925       1.0700615       1.4902237       1.8142168      0.99609821      0.99446135   2.0564253e-09       67.007184      0.80437366      0.32010414      0.83088871    0.0058773958       13.809161       10978.548        5.418348         5.418348       10978.548                               10550.257                 23.403892                 395.79397                      9.0929033
              1       5495.6497       3.0241272       3.0734656       0.9635676     0.022351061      0.12114808     0.046438844        1.040542      0.99775913       16.464745       10.612661       7.4829222      0.99885297       1.4254438       1.7035085      0.99872479      0.99469346   2.0576037e-09       67.139026      0.80521661      0.31977648      0.83133363     0.027465638       13.786029       10980.628       5.3359026        5.3359026       10980.628                               10552.325                  23.34712                 395.88884                      9.0664179
              1       5495.9577       3.0241554       3.0728124      0.96352859     0.022351589      0.12115977     0.046476666       1.0405429      0.99772001       16.283312        10.42389       7.3152212      0.98587234        1.458168       1.7411231      0.99842036      0.99464749   2.0576618e-09       67.128179      0.80527129      0.31990694      0.83155967     0.026812404        13.78667       10981.202       5.3568455        5.3568455       10981.202                               10552.921                 23.355658                 395.86468                      9.0598538
              1       5495.7635        3.022432       2.9981783      0.96430233     0.022371684      0.11799216     0.050631725       1.0407883      0.99625576       16.701335       11.004073       7.8259255      0.97993297       1.3400746       1.5147495      0.99505185      0.99593468   2.0541187e-09       67.475596       0.7968678      0.30969202      0.80963759    -0.047821742       13.841597       10979.303       6.1118539        6.1118539       10979.303                               10550.508                 23.124786                 395.70245                      9.9684786
              2       5495.1236       3.0224175       2.9984937      0.96431701     0.022371927      0.11798994     0.050611601        1.040787      0.99680714       17.477488        11.99174       8.4717039       0.8947375       1.3500403       1.3716406      0.99585169      0.99548264   2.0540889e-09       67.479778      0.79684611      0.30964942      0.80955985    -0.047506281       13.841274       10978.669       5.7888791        5.7888791       10978.669                               10549.693                 23.043679                 395.72167                      10.211219
              2       5498.5177       3.0222969        2.996655      0.96415732     0.022375038      0.11801462     0.050558852       1.0407769      0.99676662       18.203756       11.684511       8.5292788      0.88086626       1.4641222       1.2366381      0.99225269      0.99617707   2.0538413e-09        67.44891        0.796873      0.30999334      0.81003664    -0.049345019       13.843292       10985.046        5.994814         5.994814       10985.046                               10556.118                 23.072252                 395.70425                      10.151056
              2       5497.9705       3.0229572        2.996655      0.96479025     0.022375038      0.11801462     0.050558852       1.0407769      0.99725761       18.420732       11.809792       8.5827241      0.96407166       1.3508502       1.2514056       0.9908554      0.99434958   2.0551978e-09        67.44891      0.79732577      0.30999334      0.81049689    -0.049345019       13.843292       10984.012        5.964663         5.964663       10984.012                               10555.229                 22.918014                 395.69599                      10.169104
              1        5494.828       3.0235443       3.0046302      0.96503454     0.022322545      0.11816467     0.050694812       1.0408088      0.99697138       16.666806       10.068001       7.2411537      0.97777921       1.7663929       1.7768268      0.99479076      0.99434402   2.0564049e-09       67.455547      0.79812276      0.31014953       0.8115114    -0.041369786       13.839968       10978.027       5.8146902        5.8146902       10978.027                               10549.373                 22.919238                 395.71252                      10.022239
              1       5497.0055       3.0182792       2.9613397      0.96254174     0.022157535      0.11720941     0.050047896       1.0405056      0.99676807       18.266036       11.555208       8.7939521      0.87672064       1.5673097       1.5677563      0.99564515      0.99687236   2.0456061e-09       67.058392      0.79395976      0.31132753      0.80881021    -0.084660338       13.907098       10982.482       5.7646181        5.7646181       10982.482                               10553.152                 23.139473                 395.67655                       10.51401
              2       5496.3074       3.0206298       2.9613397      0.96377611     0.022157535      0.11720941     0.050047896       1.0405056      0.99857971       18.697744       12.486376       9.4261881      0.84717893       1.3928699       1.3710328      0.99503364      0.99728311   2.0504202e-09       67.058392      0.79525937      0.31132753      0.81013413    -0.084660338       13.907098       10982.401       5.1068645        5.1068645       10982.401                               10553.329                 22.793395                 395.67575                      10.602509
              3       5500.5534       3.0202085       2.9548328      0.96199128     0.022172141      0.11818372     0.049879677       1.0402721      0.99638665       17.264015       11.511831       8.4905519      0.80639851       1.5735058       1.5804113      0.99531623      0.99561235   2.0495565e-09       66.572463      0.79775346      0.31811804      0.82148988    -0.091167171       13.923758       10989.035       6.0357043        6.0357043       10989.035                               10560.856                 23.295444                 395.69541                      9.1882692
              1       5500.4384       3.0222372        2.995786      0.96511519     0.022291736      0.11809932     0.050575141        1.040248      0.99664724       16.887711       10.710831       7.6372981       1.1879357       1.5726053        1.757853      0.99605253      0.99251207   2.0537185e-09       67.164168      0.79732442      0.31263013      0.81393524    -0.050214027       13.868906       10988.791       6.0427933        6.0427933       10988.791                               10560.559                 22.815117                 395.69751                      9.7199669
              1       5499.8943       3.0251748        2.995786      0.96352368     0.022291736      0.11809932     0.050575141        1.040248      0.99843164       18.502813       12.656535       9.3976664      0.97957618       1.2871953       1.2735774       0.9976057       0.9932818   2.0597604e-09       67.164168      0.79802085      0.31263013      0.81464618    -0.050214027       13.868906       10989.316       5.2363703        5.2363703       10989.316                               10560.901                 23.096717                 395.72399                      9.5940679
              5       5499.6796       3.0255977       3.0107353      0.96367463      0.02228276      0.11848415     0.049494957        1.040305      0.99918773       19.290423       13.045759       9.8392535      0.99722707       1.2112941       1.1938889      0.99716093      0.99221678   2.0606317e-09       67.212119       0.7991145      0.31302148      0.81627304    -0.035264696       13.854135       10988.997       5.1812313        5.1812313       10988.997                               10560.679                 23.086318                 395.70449                      9.5265552
              1       5499.1045       3.0257449       3.0032289      0.96363894     0.022278271       0.1182945     0.050032858       1.0403459      0.99893292       17.685705       12.595424       8.9576522       0.9098127       1.0666872       1.2174322      0.99944198      0.99211424    2.060935e-09       67.202554       0.7988345      0.31267806       0.8155393     -0.04277114       13.860387       10987.831       5.1888305        5.1888305       10987.831                               10559.503                 23.093218                 395.68797                       9.547013
              1       5502.5623       3.0278615       3.0032289      0.96128466     0.022278271       0.1182945     0.050032858       1.0403459      0.99966489       18.668164       12.880072        8.917455       1.1153228       1.0575131       1.2640536        1.001879       1.0014221   2.0653018e-09       67.202554      0.79897594      0.31267806       0.8156837     -0.04277114       13.860387       10995.481       4.8220041        4.8220041       10995.481                               10566.858                 23.657637                 395.70647                      9.2583314
              4       5503.2299       3.0344622       3.0335113      0.96505456     0.022540655      0.11821508     0.051202458       1.0410743       1.0015426       18.163241       12.588863       8.4670915      0.89614711      0.95830496      0.85143595       1.0014202      0.99690945   2.0789794e-09       68.040616      0.80099647      0.30542857      0.80821109    -0.012488733       13.780158       10996.393       5.0334751        5.0334751       10996.393                               10567.818                 23.125793                 395.69939                      9.7493211
              1       5503.4294       3.0344595       3.0336018       0.9650764     0.022543608      0.11820909     0.051216513       1.0410711       1.0013322       17.142245       11.854059       8.0505211      0.67496284       1.0240375      0.69695541      0.99760364      0.99391946   2.0789738e-09       68.045165      0.80096298       0.3053812      0.80811462    -0.012398194       13.779836       10996.577       5.1408202        5.1408202       10996.577                               10568.066                 23.151871                 395.68187                      9.6773365
              2       5499.5127       3.0347527       3.0084283      0.96461718       0.0225403      0.11787456     0.053525622       1.0410287      0.99957198       16.506762       11.121691       7.3878923      0.85427012       1.1982945       1.1019465      0.99728643      0.99417203   2.0795834e-09       67.855272      0.80062964      0.30635037      0.80905909    -0.037571657       13.806131       10989.012       5.0065536        5.0065536       10989.012                               10560.408                 23.252764                 395.89192                      9.4594315
              1       5500.8104       3.0330226       3.0084283      0.96288265       0.0225403      0.11787456     0.053525622       1.0410287      0.99781545       18.269066       11.100776         8.73328      0.88248033       1.0752663       1.2637373      0.99703891      0.99519667   2.0759887e-09       67.855272      0.79941338      0.30635037      0.80783002    -0.037571657       13.806131       10990.968       5.3262353        5.3262353       10990.968                               10562.006                 23.777235                 395.92705                      9.2575629
              7        5500.557       3.0290969       2.9841139      0.95927821     0.022479393      0.11856434      0.05094529       1.0407103      0.99986362       20.111096       12.831831       10.411271      0.85723499      0.84159653      0.87192125       0.9954482      0.98902419    2.067855e-09       67.172884      0.79989096      0.31399134      0.81833099    -0.061886148       13.850187       10990.129       5.4926788        5.4926788       10990.129                               10561.193                   24.0719                 395.67052                      9.1931093
              1       5500.4642       3.0290223       2.9382468      0.95721169     0.022452677      0.11824357     0.051376703       1.0410012      0.99768667       17.363546        10.26894       7.6023532       1.0776762       1.4999285       1.9805835      0.99930404      0.99225202   2.0677006e-09       66.830359      0.80009715      0.31642375      0.82170633     -0.10775318       13.890957       10989.896       5.5159513        5.5159513       10989.896                               10560.806                 24.838929                  395.7362                       8.514994
              4       5497.0677       3.0297046       2.9422617      0.95800665      0.02245886      0.11802156     0.052095089       1.0410445      0.99834066       17.697677       11.342725       8.1198403          1.0976        1.552689       1.7875184      0.99381089      0.99492916   2.0691119e-09       66.974375      0.79973964      0.31458465      0.81894882     -0.10373832       13.883866       10983.484       5.3256193        5.3256193       10983.484                               10554.417                 24.541463                 395.79426                      8.7311002
              2        5496.828       3.0287713       2.9212195      0.95647966     0.022415818      0.11808538     0.051994807       1.0410266      0.99792527       17.182286       11.086189       7.9344131      0.94897685       1.6887093       1.7403419      0.99824377      0.99482417   2.0671818e-09       66.667258      0.80000235       0.3175289       0.8230425     -0.12478046       13.911262       10983.098       5.2789811        5.2789811       10983.098                               10553.913                 24.849616                 395.77532                      8.5603273
              3       5496.4136       3.0287982       2.9211499      0.95649947     0.022416783      0.11807821     0.052032024       1.0410278      0.99790837        17.42135        10.91394       8.0486145       1.0327405       1.5519315       1.7395867      0.99795799      0.99575733   2.0672373e-09       66.670132      0.79999422      0.31748753      0.82298052     -0.12485006       13.911173       10982.335       5.2460966        5.2460966       10982.335                               10553.162                 24.846319                 395.76555                       8.561036
             10       5495.8384       3.0308807       2.9381656      0.95725678     0.022363306      0.11850214     0.052876265       1.0411156      0.99797808       17.403089       11.558432       8.1697044       1.1246453       1.4044267       1.7832816      0.99462451      0.99326205   2.0715468e-09       66.703632      0.80219519      0.31800744      0.82592016     -0.10783441        13.89777       10980.709       5.4837862        5.4837862       10980.709                               10551.505                 24.666499                 395.92759                      8.6100586
              1       5496.3006       3.0316022       2.9381656      0.95447058     0.022363306      0.11850214     0.052876265       1.0411156      0.99773187       18.319738       12.264805       9.0825178      0.85308166       1.2635217       1.3141238      0.99307115      0.99258855   2.0730421e-09       66.703632      0.80165643      0.31800744      0.82536546     -0.10783441        13.89777       10981.178       5.7115016        5.7115016       10981.178                               10551.251                 25.522265                 395.94914                      8.4557021
              3       5495.8509       3.0309629       2.9444544      0.95478564     0.022362005       0.1183805     0.052432571       1.0410511      0.99806256       18.672666       12.727973        9.534079      0.84870721       1.3468457       1.3655916      0.99369369      0.99334695   2.0717172e-09       66.796497      0.80080849      0.31685055      0.82299136     -0.10154559       13.892715        10980.69       5.5057119        5.5057119        10980.69                               10550.857                 25.415251                 395.90796                      8.5105227
              2       5496.5151       3.0335494       3.0042361      0.95787692     0.022465807      0.11897648     0.052073563       1.0410197      0.99893027       18.402927       12.467403       9.4376675      0.87858767       1.4501097       1.4879267       0.9943985       0.9922027   2.0770827e-09       67.352438      0.80229474       0.3132051       0.8197619    -0.041763881       13.823017       10982.355        5.337673         5.337673       10982.355                               10553.055                 24.815182                  395.7761                      8.7082882
              1       5497.1633       3.0333124       2.9862181      0.95642432     0.022429928      0.11925809     0.052353852       1.0410044      0.99828693        18.13843       12.407134       9.2658834      0.89174003       1.5137397       1.5589699      0.99468835       0.9911216   2.0765903e-09       67.011076      0.80344257      0.31694507      0.82582156    -0.059781897       13.847066       10983.216       5.5552211        5.5552211       10983.216                               10553.652                 25.131435                 395.89648                      8.5366335
              3       5498.1299       3.0335425       2.9821951      0.95663704     0.022483174      0.11914025     0.052969541       1.0409829      0.99784237       17.713641       11.994979       8.8901918      0.94421642        1.527039       1.6407669      0.99444331      0.99070549   2.0770682e-09       67.042545      0.80309788      0.31650245      0.82489067    -0.063804923       13.846022       10984.772       5.7440084        5.7440084       10984.772                               10555.207                 25.118504                 395.93145                      8.5144797
              1       5497.5605        3.029988       2.9821951      0.96038818     0.022483174      0.11914025     0.052969541       1.0409829      0.99683172       17.330043       11.310717        8.545662      0.87659424       1.4096113       1.5479668      0.99648353      0.99138806   2.0696984e-09       67.042545      0.80279573      0.31650245      0.82458032    -0.063804923       13.846022       10983.079       6.0209469        6.0209469       10983.079                               10554.317                 24.036873                 395.90551                       8.819374
              1       5498.3544       3.0289739       2.9821951      0.96011364     0.022483174      0.11914025     0.052969541       1.0409829      0.99623459       17.382003       10.851182       8.1099631      0.92561921       1.5455019        1.603037      0.99685535      0.98877898   2.0676006e-09       67.042545      0.80230643      0.31650245      0.82407774    -0.063804923       13.846022       10983.512       6.5985199        6.5985199       10983.512                               10554.659                  24.11777                  395.9003                      8.8341188
              6       5498.5636       3.0225168       2.9309503       0.9561876     0.022339716      0.11859565      0.05088219       1.0406146      0.99630027       18.067092       11.771041       8.9422098      0.85129108       1.4498546       1.3686267      0.99530873      0.98782232   2.0542929e-09       66.402385      0.79870628      0.32105535      0.82625943     -0.11504969       13.923275       10983.664       6.7318163        6.7318163       10983.664                               10554.461                  24.68553                 395.76653                      8.7501065
              1       5499.1834        3.021828       2.9461161      0.95554138     0.022273117      0.11926682     0.049352376       1.0404989      0.99692557        19.16038       12.742787       9.9156131      0.87275168       1.2338086       1.1363923      0.99377391      0.98692139   2.0528785e-09       66.250402       0.8001219      0.32391304      0.83139948    -0.099883925         13.9203       10985.186       6.5904972        6.5904972       10985.186                               10555.987                 24.779146                 395.71203                      8.7080138
              2       5499.1165        3.021892       2.9583328      0.95650115     0.022305079      0.11905202     0.048838973       1.0405386      0.99765232         19.3561       13.010542        10.12202      0.83421819        1.197876        1.059111      0.99334289      0.98701702   2.0530098e-09       66.504914      0.79923248      0.32102961      0.82677063     -0.08766715       13.902119       10985.652       6.2905573        6.2905573       10985.652                               10556.543                 24.569348                 395.67549                      8.8644265
             12       5496.7681       3.0232622       2.9583328      0.95648415     0.022305079      0.11905202     0.048838973       1.0405386      0.99781076       19.013203       12.541503       9.6527135      0.96209838       1.2484065       1.2567767      0.99403843        0.989489   2.0558248e-09       66.504914       0.7997752      0.32102961      0.82733205     -0.08766715       13.902119       10981.739       5.8987847        5.8987847       10981.739                               10552.676                 24.665512                 395.68128                      8.7156999
              3       5493.5012       3.0240002       2.9394813      0.95664831     0.022137316      0.11818206     0.050114738       1.0408838      0.99802719        20.43459       13.943232        11.08065      0.92195622       1.0086819       1.1393171      0.99507714      0.99496648   2.0573425e-09       66.570347      0.79888722      0.31805038      0.82256989     -0.10651866       13.925046       10976.313       5.3444674        5.3444674       10976.313                               10547.109                 24.556038                 395.69846                      8.9496969
              1        5493.672       3.0246363       2.9455113      0.95725654     0.022163863      0.11813397     0.050313388       1.0409311       0.9987689       20.971422       14.278273        11.50033      0.93731471      0.91624258       1.0441528      0.99367909      0.99664065   2.0586517e-09       66.694127      0.79888925      0.31682466      0.82098541     -0.10048868       13.914344       10977.019        5.162698         5.162698       10977.019                               10547.792                 24.343234                 395.68609                       9.197143
              1       5493.9078       3.0250719       2.9504824      0.95756019     0.022168791      0.11820275     0.050514955       1.0409335      0.99870976       20.848277       14.000515       11.352749      0.97547763      0.91031597       1.0972872      0.99366549      0.99479077   2.0595485e-09       66.732107      0.79919643      0.31663144       0.8210506    -0.095517611       13.908816       10977.306       5.2547415        5.2547415       10977.306                               10548.125                 24.291684                 395.68298                      9.2065717
              3       5494.1688       3.0254968       2.9504824      0.95876002     0.022168791      0.11820275     0.050514955       1.0409335      0.99920414       20.961178       13.975202        11.61789      0.82876925      0.80798893      0.94651716      0.99641189      0.99463219   2.0604238e-09       66.732107      0.79972207      0.31663144      0.82159062    -0.095517611       13.908816       10978.249       5.0443656        5.0443656       10978.249                               10549.307                 23.954949                 395.69946                      9.2876655
              4       5494.5601       3.0228408       2.9504824      0.96159356     0.022168791      0.11820275     0.050514955       1.0409335      0.99870406       18.598632       12.871667       9.7867777      0.91332626        1.477985       1.4692852      0.99585176      0.99232046   2.0549586e-09       66.732107      0.79950151      0.31663144      0.82136403    -0.095517611       13.908816       10978.519       5.3005265        5.3005265       10978.519                               10549.811                 23.188191                 395.71256                      9.8076736
              7       5494.2321       3.0228021       2.9499036      0.96159873     0.022169415      0.11818203      0.05059286       1.0409233      0.99844208       18.222702       11.907796        9.199012      0.93882901       1.4523049       1.5495803      0.99199114      0.99111889    2.054879e-09       66.729848      0.79942593      0.31660754      0.82125539    -0.096096432       13.909583       10977.075       5.6945026        5.6945026       10977.075                               10548.422                 23.214935                 395.69739                      9.7405754
              5        5493.736       3.0286316       2.9499036      0.96114967     0.022169415      0.11818203      0.05059286       1.0409233       1.0014184       17.749753       12.835587       9.2900635      0.80270784       1.2964401       1.3008512      0.99422763      0.99221684    2.066893e-09       66.729848      0.80162571      0.31660754      0.82351523    -0.096096432       13.909583       10976.641        5.415686         5.415686       10976.641                               10548.299                 23.303147                 395.68728                      9.3512439
              4       5494.9803       3.0278752       2.9675904      0.96129833     0.022138468      0.11862016     0.050560319       1.0406022       1.0012278       18.461631       13.260063       9.8807587      0.81012165       1.2035948       1.2035827      0.99519193      0.99262594   2.0653302e-09       66.648029      0.80208313      0.31830841      0.82619547     -0.07840956       13.905628       10979.374       5.2933327        5.2933327       10979.374                               10551.063                 23.190582                 395.69322                      9.4271422
              4       5495.4869       3.0319388       3.0120635      0.96500343     0.022159789      0.11862329     0.053252837       1.0406744       1.0003298       19.180421       14.174587       10.579081      0.91619693       1.1444988       1.2303867      0.99961148      0.99294362   2.0737398e-09       67.200769      0.80333115      0.31316351      0.82076638    -0.033936543       13.854705       10980.886       5.0436738        5.0436738       10980.886                               10552.438                 22.661771                 395.93445                      9.8527151
              2       5493.3099       3.0345385       3.0603502      0.96752914     0.022308611      0.11923914     0.052838935       1.0406965       1.0000523       17.630381       12.181368       8.7807204      0.78639145       1.3376579       1.2736695      0.99991669      0.99571551   2.0791381e-09       67.671567      0.80504121      0.31050213      0.81901107      0.01435018       13.791378       10976.865       4.8772919        4.8772919       10976.865                               10548.868                 22.489173                 395.87205                       9.635789
              2       5492.9826        3.033955       3.0324793       0.9640308     0.022216496      0.12030365     0.051827206       1.0407176      0.99960074       17.475386       11.630996       8.5425967      0.84653185       1.4162391       1.4076066      0.99973914      0.99478848   2.0779252e-09       66.906971      0.80852788      0.31980748      0.83479277     -0.01352073       13.833462       10976.097       4.9341469        4.9341469       10976.097                               10548.208                  23.07749                  395.8071                      9.0038583
              2       5493.0245       3.0372053       3.0324793      0.96278305     0.022216496      0.12030365     0.051827206       1.0407176       1.0010357       18.423125       12.545022       9.3056854       0.9751955       1.2157226       1.2394516      0.99539839      0.99546495   2.0846901e-09       66.906971      0.80946442      0.31980748      0.83575973     -0.01352073       13.833462        10975.89       5.0797781        5.0797781        10975.89                               10547.821                 23.372617                 395.80714                      8.8891198
              1       5493.1116       3.0373697       3.0052709       0.9625635      0.02220969      0.11964996     0.053795099       1.0407841      0.99844264       15.877488       10.572736       7.1679152       1.1708176       1.7086483       2.1666275       1.0002266      0.99516263   2.0850327e-09       66.839281       0.8083055      0.31896741      0.83346633    -0.040729109       13.857757        10976.03        5.096542         5.096542        10976.03                               10547.559                 23.636912                 396.05763                       8.776611
              1       5492.5477       3.0380707       3.0466955      0.96592246      0.02223457      0.11903259     0.054052454       1.0407433      0.99935163       16.949469       10.632956       7.5984576       1.2008867       1.9354457       2.3204713      0.99988244      0.99884232   2.0864949e-09       67.540069      0.80604526      0.31109728      0.82081806   0.00069553941       13.810793       10975.444       4.8256555        4.8256555       10975.444                               10547.423                 22.998572                 396.04887                      8.9735761
              4       5492.4183       3.0385138       3.0466955      0.96659697      0.02223457      0.11903259     0.054052454       1.0407433      0.99973738       16.968548       10.619981       7.5990877       1.2010048       1.9119754       2.2992758       0.9996554      0.99858206   2.0874198e-09       67.540069      0.80642923      0.31109728      0.82120907   0.00069553941       13.810793       10975.234       4.8014183        4.8014183       10975.234                                10547.33                 22.837722                 396.05974                      9.0061092
              4       5495.0928       3.0392927       3.0368227      0.96717874     0.022247548      0.11861793     0.056166862       1.0407316      0.99835224       16.465663       10.219214       7.3526642       1.2775513       2.0081763       2.5276669      0.99984231       1.0001247   2.0890463e-09        67.57942      0.80577845      0.30985305      0.81890384   -0.0091773082       13.818303        10980.18        5.002666         5.002666        10980.18                                10551.96                 22.783718                 396.43031                      9.0062133
              1       5493.7566       3.0389016        2.998944      0.96477934     0.022165342      0.11870183     0.056441145       1.0408779      0.99777183       16.034098        9.720235       6.6702359       1.3407635       2.0618672       2.6417883      0.99966392      0.99897463   2.0882293e-09       67.094109      0.80692943      0.31434214      0.82599275    -0.047056049       13.862072       10977.137        5.188254         5.188254       10977.137                               10548.594                 23.187263                 396.58209                      8.7738293
              3       5492.7256       3.0393392        2.998944      0.96437053     0.022165342      0.11870183     0.056441145       1.0408779      0.99902022       16.418764       10.472941       7.2314851       1.2177985       1.8931196         2.42679      0.99761296       0.9960381   2.0891433e-09       67.094109      0.80698241      0.31434214      0.82604697    -0.047056049       13.862072       10975.513       4.9690246        4.9690246       10975.513                               10546.934                 23.123057                 396.57311                      8.8830769
              1       5492.3339       3.0394442       3.0006481      0.96446545     0.022170355      0.11872467     0.056457027       1.0408766      0.99884701       16.174683       10.325439       7.0844668       1.1656868       1.9472621       2.3921083      0.99950356      0.99804877   2.0893627e-09       67.109392      0.80705042      0.31426144      0.82601054    -0.045351901       13.859917       10974.844       4.9118735        4.9118735       10974.844                               10546.276                 23.136112                 396.57311                      8.8588847
              2       5492.4804       3.0399654       3.0024912      0.96481812     0.022171742      0.11866232     0.056830723         1.04092      0.99916091        16.61371       10.310672       7.3954786       1.0859209        1.839825       2.2202529      0.99566566      0.99631447    2.090452e-09       67.168232      0.80713068      0.31357659      0.82519206    -0.043508789       13.856282       10974.954        5.003428         5.003428       10974.954                                10546.34                 23.029715                 396.63971                      8.9449674
              2       5494.3582       3.0403696       2.9534657      0.96190853      0.02220877      0.11897215     0.057132616       1.0411647      0.99824089         15.9397       9.6728309       6.9195831      0.96749485       1.9215882       1.9695567      0.99534169      0.99243368   2.0912972e-09       66.605808      0.80915786       0.3196589      0.83524913    -0.092534335       13.897846       10977.861       5.4275581        5.4275581       10977.861                               10548.624                 23.656536                 396.81225                      8.7688911
              2        5495.484       3.0422177       2.9811843      0.96413306     0.022232689      0.11887075     0.058099134       1.0412032      0.99832793        16.14759       9.2598959       6.9599434       1.0323754       2.0323286       2.1893059       0.9974037       0.9944813   2.0951656e-09       66.993235      0.80924812      0.31580959      0.83029749    -0.064815666        13.86476       10980.578       5.1949049        5.1949049       10980.578                                 10551.5                 23.273524                 397.02926                      8.7754794
              2       5495.7187       3.0396623       2.9487132      0.96341444     0.022061236      0.11750869     0.058204902       1.0413104      0.99883388       17.665764       10.630054       8.3239604      0.98049872       1.8722014       1.9462969       0.9950723       0.9974094   2.0898185e-09       66.994756       0.8053474      0.31236699       0.8217793     -0.09728675       13.907278       10981.339       5.0490084        5.0490084       10981.339                               10552.093                  23.24562                 397.04844                      8.9524507
              3       5496.5202       3.0439307       2.9487132      0.96459959     0.022061236      0.11750869     0.058204902       1.0413104       1.0015169        18.89131       11.656076       9.1181541      0.99331351       1.7428062       1.6922306      0.99667339      0.99696304   2.0987576e-09       66.994756      0.80742492      0.31236699      0.82389921     -0.09728675       13.907278       10982.899       5.0707725        5.0707725       10982.899                               10554.035                 22.914732                 397.02911                      8.9200518
              2       5497.6169        3.043987       2.9510015      0.96474621     0.022057604      0.11749423     0.058197923       1.0413126       1.0015804       17.468953       11.089154       8.4324622      0.95184172       1.9782192       1.9096245      0.99896467       0.9971779   2.0988759e-09       67.024165      0.80738247      0.31205346      0.82344233    -0.094998469       13.905101       10985.173       5.0302461        5.0302461       10985.173                               10556.301                 22.887453                 397.03896                      8.9459905
              2       5499.3277       3.0444533       2.9350587      0.96403342     0.022026889      0.11750393      0.05908599       1.0413832       1.0009361       17.545902       10.404769       8.0681748       1.0803025       2.1648943       2.1720307      0.99789828      0.99837119   2.0998549e-09       66.834551       0.8081292      0.31377384      0.82647275     -0.11094133       13.923001       10988.874       4.8907013        4.8907013       10988.874                               10559.705                 23.020351                 397.31219                      8.8362236
              1       5498.4658       3.0453228       2.9600078      0.96660145       0.0221052      0.11710832     0.060869859       1.0411836       1.0002385       18.080593       10.656792       8.1415476      0.92936168       1.9880553       1.8269329      0.99569572      0.99401936   2.1016814e-09       67.261887      0.80652629        0.309107       0.8186765     -0.08599221       13.892942       10986.809       5.0612781        5.0612781       10986.809                                10557.22                 22.596495                 397.83161                      9.1608003
              1       5496.8371       3.0468457        2.991359      0.96654054     0.022134236      0.11852031     0.059955257       1.0410714       1.0002888       17.778723       9.9412651       7.6096509       1.0505632       2.0180782       2.0875834      0.99704582      0.99283898   2.1048845e-09       67.109692      0.81063069      0.31372136      0.82896169    -0.054641007       13.866569        10983.49       5.0919628        5.0919628        10983.49                               10554.363                 22.664388                 397.56232                      8.9005303
              6       5496.2866       3.0470816       2.9684722      0.96565963     0.022114266      0.11839837     0.061114821       1.0411282      0.99911303       16.935979       9.3490161       6.8978496       1.1504731       1.9640946       2.0875623      0.99478254      0.99450735   2.1053812e-09       66.891126      0.81095545      0.31544954       0.8315748    -0.077527804       13.890378       10982.303       5.1351463        5.1351463       10982.303                               10552.597                 22.862734                 398.03032                      8.8125933
              3       5496.6701        3.046218       2.9604178       0.9646368     0.022017269      0.11845641     0.060399728       1.0411584      0.99948499       17.403403       9.9872393       7.5913682      0.99799218       1.9512991        1.986616      0.99380733      0.99461088   2.1035637e-09       66.708819      0.81120573      0.31708564      0.83398582    -0.085582239       13.908045       10983.053       5.1434316        5.1434316       10983.053                               10553.373                 22.983318                 397.85469                      8.8417633
              1        5495.355       3.0460776       2.9550189      0.96430056     0.022013454      0.11847132     0.060482842        1.041153      0.99932403       16.829694       10.794231       7.8077393      0.96584809       1.4481479       1.5561371      0.99610513      0.99827773   2.1032683e-09       66.636453      0.81128934      0.31779775      0.83500784    -0.090981072       13.914345       10980.885       4.9124898        4.9124898       10980.885                               10551.107                 23.041027                 397.89664                      8.8406329
              3       5493.9263       3.0438562       2.9550189      0.96009577     0.022013454      0.11847132     0.060482842        1.041153      0.99720882       17.416859       11.140958       8.1079826       1.0010615        1.658105       1.8170004      0.99820906      0.99793686   2.0986014e-09       66.636453      0.80912365      0.31779775      0.83277884    -0.090981072       13.914345       10976.961       5.4458291        5.4458291       10976.961                               10546.117                 24.155441                 398.02076                        8.66763
              1       5495.2751       3.0440495        2.982814      0.96250045     0.022092294      0.11808196      0.06120863       1.0409608      0.99715555       18.669797       12.833257       9.8405969      0.98596653       1.4031606       1.4511819       1.0001068         1.00315   2.0990071e-09       67.095035      0.80716184      0.31278852      0.82418632    -0.063186012       13.881219       10979.586       5.4821954        5.4821954       10979.586                               10549.028                 23.676131                 398.16861                      8.7129803
              2       5494.3303        3.047091       3.0385918      0.96526908     0.022152517      0.11891121     0.062167467       1.0408219      0.99689826       18.389826       12.201102       9.3869026       1.1405711       1.4632759        1.698666       1.0005726       1.0007836   2.1054008e-09       67.448129      0.80976031       0.3114969      0.82513066   -0.0074081622       13.824626       10977.541       5.5596295        5.5596295       10977.541                               10546.968                 23.235521                 398.51368                      8.8240975
              1       5494.1075       3.0481649       3.0385918      0.96425006     0.022152517      0.11891121     0.062167467       1.0408219      0.99723584       18.961006       12.632878        9.741634       1.0067088       1.2998917       1.3164763      0.99567442      0.99712325   2.1076632e-09       67.448129      0.80988431       0.3114969      0.82525701   -0.0074081622       13.824626       10977.152       5.5314341        5.5314341       10977.152                               10546.401                 23.490689                  398.5213                       8.739526
              1       5494.9194       3.0488942       3.0398119      0.96474888     0.022170573      0.11880142      0.06276265       1.0408776      0.99706534       17.901285       11.888266       8.6744441       1.1186838       1.4982167       1.5940555       1.0000568      0.99582846   2.1092007e-09       67.534469      0.80989349      0.31050023      0.82394504   -0.0061880793       13.819395       10978.716       5.5612591        5.5612591       10978.716                               10547.814                 23.424041                 398.72463                      8.7535689
              4        5494.537       3.0563963       3.0398119      0.96720879     0.022170573      0.11880142      0.06276265       1.0408776       1.0015793       18.198872       12.501252       9.1850481       1.0176454       1.2703009       1.4260095       1.0026927       0.9963411   2.1250838e-09       67.534469      0.81369208      0.31050023      0.82780954   -0.0061880793       13.819395       10978.898       5.0879913        5.0879913       10978.898                               10548.703                 22.789395                 398.64895                      8.7562045
              3       5494.5016       3.0559015       3.0348481       0.9665156     0.022144522      0.11893556      0.06227776       1.0408705        1.001693        18.31459        12.59621       9.2802644       1.0093437       1.2545961       1.3929813       1.0026116      0.99631207   2.1240324e-09       67.406043      0.81400573      0.31192068      0.83002069    -0.011151888       13.827971        10978.77       5.1166557        5.1166557        10978.77                               10548.625                 22.891323                 398.49902                      8.7549129
              1        5495.616       3.0586819       3.0641426      0.96819381     0.022244992       0.1193998     0.062189068       1.0410537       1.0022048         17.7736       12.087888       8.7299554       1.0287084       1.3085068       1.4745218       1.0033962      0.99585188   2.1299464e-09        67.72626      0.81605076      0.31021239      0.82982425     0.018142585       13.783858       10980.596       5.3178419        5.3178419       10980.596                               10550.674                 22.724288                 398.39446                      8.8033378
              4       5495.6163       3.0558761       3.0641426      0.96451718     0.022244992       0.1193998     0.062189068       1.0410537       1.0000542       16.714722       11.058234        7.730076       1.0000322       1.6609438       1.8672217      0.99437506      0.99980635   2.1239785e-09        67.72626      0.81377215      0.31021239      0.82750718     0.018142585       13.783858       10981.345       4.9438762        4.9438762       10981.345                               10550.541                 23.620664                  398.5236                      8.6599539
              2       5497.8754       3.0578961       3.0775674      0.96498833     0.022297036      0.12002473     0.062849831       1.0410806      0.99894464       17.518968       9.7091438       7.3973168       1.2448709       2.0208683       2.5568472      0.99403376      0.99794034   2.1282733e-09       67.714479       0.8162435      0.31179677      0.83213716     0.031567389       13.766535       10985.604       5.0735485        5.0735485       10985.604                               10554.223                 23.717911                 398.84402                      8.8191789
              4       5498.4275       3.0524086        3.074248       0.9636298     0.022328517      0.12028973     0.060108008       1.0407811      0.99863485        18.42977       9.9262991       8.0081197       1.2005456       1.7789492       2.2582055      0.99767821      0.99598059   2.1166264e-09       67.508592      0.81416167      0.31435205      0.83340897     0.028247987       13.776845       10986.771       5.0420775        5.0420775       10986.771                               10556.301                 23.904204                 397.76423                      8.8014604
              8        5499.206       3.0494433        3.074248      0.96759031     0.022328517      0.12028973     0.060108008       1.0407811       0.9978525       15.810357       7.8994432       5.7379012       1.0779846       2.2715295       2.6142368      0.99786309      0.99219617   2.1103593e-09       67.508592      0.81417447      0.31435205      0.83342207     0.028247987       13.776845       10987.449       5.4815262        5.4815262       10987.449                               10558.005                 22.925239                 397.62464                       8.894451
              1       5497.4651       3.0446171       3.0781035      0.96640416     0.022260179      0.12089056     0.057109615       1.0405525      0.99792663       14.931709       8.5980497       6.0879279       1.1615781       2.2044697       2.6419809      0.99849655      0.99500663   2.1001988e-09       67.210489      0.81378209      0.31832556      0.83826872     0.032103481       13.789047         10984.4       5.2651333        5.2651333         10984.4                               10555.577                 23.026668                 396.77495                      9.0212908
              6       5494.3248       3.0433939       3.0924273      0.96897212     0.022268699       0.1198949     0.056781944       1.0405682      0.99879142       15.735982       9.4664861       6.9511168       1.0548509       2.0421308       2.3944659      0.99802966      0.99660695   2.0976314e-09        67.73757      0.81034467      0.31123951      0.82538489     0.046427272       13.768752       10978.691       4.9790822        4.9790822       10978.691                               10550.577                 22.525955                 396.59133                      8.9970811
             13       5496.6842         3.04172       3.0924273      0.97066531     0.022268699       0.1198949     0.056781944       1.0405682      0.99857738       15.653062       9.2428657       6.9096766      0.97394267       1.9364326       2.1292634      0.99655032      0.99616339    2.094123e-09        67.73757      0.81018789      0.31123951       0.8252252     0.046427272       13.768752       10983.208       5.0802619        5.0802619       10983.208                               10555.324                 22.134774                 396.53204                      9.2172934
              4       5495.7357        3.041317       3.1004087      0.97144767     0.022263469      0.11975659     0.056392268       1.0406051      0.99890048       15.832712       9.5473645       6.5425069       1.1300414        1.749488       2.0247923       1.0004943      0.99849982   2.0932794e-09       67.887246      0.80962393      0.30955714      0.82241897     0.054408747       13.759332       10981.682       4.8944434        4.8944434       10981.682                               10553.891                 22.005293                 396.40699                      9.3795028
              6       5496.0486       3.0426948       3.1120646      0.97095288      0.02226542      0.12066754     0.055876775       1.0408126      0.99882991       15.686165       9.4928168       6.5907426        1.147359       1.8063625       2.0965333       1.0012117       0.9982608   2.0961655e-09       67.773432      0.81290214      0.31258519      0.82977786     0.066064554       13.744786       10982.263       4.9172483        4.9172483       10982.263                               10554.566                  22.15274                 396.34324                      9.2009799
              3       5494.5119       3.0392973       3.1120646      0.96838698      0.02226542      0.12066754     0.055876775       1.0408126      0.99755506       17.221862       11.364617       8.4675382       1.0784672       1.5760893       1.9087449       0.9936528       0.9967696   2.0890558e-09       67.773432      0.81072967      0.31258519      0.82756029     0.066064554       13.744786        10977.99       5.5170861        5.5170861        10977.99                                 10549.7                 22.572139                 396.41273                      9.3044814
              2       5493.2023       3.0398947       3.1120646      0.96826544      0.02226542      0.12066754     0.055876775       1.0408126      0.99783412       18.016284        11.68099       8.8499062       1.0114673       1.4485178       1.6854706      0.99403049      0.99544738   2.0903041e-09       67.773432      0.81093435      0.31258519      0.82776921     0.066064554       13.744786        10975.52       5.4423441        5.4423441        10975.52                               10547.237                 22.598713                 396.41226                      9.2720856
              5       5497.2594       3.0465844       2.9041905      0.96303483      0.02229203      0.11576537     0.063685854       1.0416254      0.99871729       17.633874        10.45649       7.8278306       1.0431589       1.4454492       1.6207196      0.99791525      0.99774513   2.1043346e-09       67.391831      0.80279707       0.3053508      0.80992477     -0.14180949       13.913815       10984.591       4.9640339        4.9640339       10984.591                                10553.11                 23.518676                 398.92795                      9.0343282
              2       5496.9809       3.0380385       2.9537409      0.96437721     0.022061458      0.11655952     0.058696064       1.0409564      0.99866566       18.402971       12.133309       8.5581025      0.98068947       1.2319873       1.2269894      0.99546394      0.99966186   2.0864278e-09       67.274507      0.80124295      0.30767957      0.81143348    -0.092259105       13.908386       10983.899        5.031143         5.031143       10983.899                                10554.28                 23.031534                 397.11326                      9.4750274
              1       5497.5103       3.0392628       3.0883317      0.96809572     0.022071967       0.1199337     0.055848217       1.0408537      0.99813015       18.223777       12.719315       8.8249544      0.92273735        1.274839       1.2014328      0.99313234      0.99722532   2.0889839e-09       67.609709      0.80974688      0.31207234      0.82587875     0.042331746       13.784424       10984.342       5.3392788        5.3392788       10984.342                               10556.054                 22.552857                 396.42975                      9.3056824
              1       5497.3652        3.039848       3.0883317      0.96793692     0.022071967       0.1199337     0.055848217       1.0408537      0.99839938       18.167058       12.703148       8.8244299      0.89715158       1.3056974       1.1634808      0.99338787      0.99811288   2.0902067e-09       67.609709      0.80993509      0.31207234      0.82607071     0.042331746       13.784424       10984.277       5.2266195        5.2266195       10984.277                               10556.001                 22.586525                 396.41894                      9.2706941
              7       5497.9964       3.0334278       3.1440797       0.9701358     0.022210721      0.12042458      0.05144022         1.04066      0.99891923       18.086227       12.683803       8.7414084      0.75096084       1.2869714       1.0301485      0.99471867      0.99713268   2.0768301e-09       68.133535      0.80723688      0.30864854      0.81878991     0.098079734       13.720909       10985.874       5.0592689        5.0592689       10985.874                               10557.942                 22.217545                 395.73849                      9.9758306
              1        5499.406       3.0340603       3.1850955      0.97176188     0.022231768      0.12116162     0.050938658       1.0406382      0.99883212       18.307005       13.202507       9.3918329      0.89213273       1.0359161       1.2651351      0.99867375       1.0018069    2.078144e-09       68.359339      0.80911014      0.30823513      0.82014017      0.13909548        13.68073       10988.973       4.9194893        4.9194893       10988.973                               10561.146                 22.026149                 395.74456                      10.056041
              2       5497.6762        3.041916       3.1850955      0.97087581     0.022231768      0.12116162     0.050938658       1.0406382       1.0024905       19.413763       11.771796       9.2585954       1.0895266       1.2679816       1.5735364       0.9929609       1.0020138   2.0945335e-09       68.359339      0.81201763      0.30823513       0.8230873      0.13909548        13.68073       10984.253       5.5494718        5.5494718       10984.253                               10556.834                 22.213272                 395.73131                      9.4751424
              1       5497.9974       3.0402013       3.1850955      0.97124541     0.022231768      0.12116162     0.050938658       1.0406382       1.0016916       19.066198       11.364141       9.3709059       1.0282814       1.7872734       2.0278651       1.0043456       1.0031004   2.0909452e-09       68.359339      0.81143711      0.30823513      0.82249886      0.13909548        13.68073       10985.682       5.1566687        5.1566687       10985.682                               10558.213                 22.140646                 395.73787                      9.5904632
              1       5497.8796       3.0397746       3.1850955      0.96528552     0.022231768      0.12116162     0.050938658       1.0406382       1.0008611       21.624505       13.205257       11.213116        1.202401       1.2190392       1.4530496       1.0005696       1.0055964   2.0900532e-09       68.359339      0.80940934      0.30823513      0.82044345      0.13909548        13.68073       10985.754       5.0027909        5.0027909       10985.754                               10557.295                 23.397708                 395.76397                      9.2972633
              5       5496.4547       3.0406651       3.1934968      0.96492887     0.022154307      0.12175364     0.051639774       1.0403994      0.99963674       19.898508       12.261724        9.849854       1.2655181       1.4711371       1.8739757      0.99951529       1.0058487   2.0919153e-09       68.103325      0.81145662      0.31166636      0.82708404      0.14749683       13.689514       10982.973       4.9680206        4.9680206       10982.973                               10554.604                 23.534999                 395.81747                      9.0173111
              4       5495.7013        3.037221       3.1934968      0.96493909     0.022154307      0.12175364     0.051639774       1.0403994       0.9990237       21.320742       13.693156       11.363395       1.1400128       1.1671169       1.4211339      0.99870713       1.0030411   2.0847229e-09       68.103325      0.81006361      0.31166636       0.8256642      0.14749683       13.689514        10981.57       4.9161053        4.9161053        10981.57                               10553.023                 23.362742                 395.81892                      9.3659405
              4       5497.4315       3.0375607       3.1934968      0.96413365     0.022154307      0.12175364     0.051639774       1.0403994      0.99910554       21.675682       14.734666       12.356138      0.99700355      0.86540145       1.0330997      0.99849836       1.0036255   2.0854312e-09       68.103325      0.80995173      0.31166636      0.82555017      0.14749683       13.689514        10985.01        4.926254         4.926254        10985.01                               10556.347                 23.555155                 395.80213                       9.305904
              3       5498.0888       3.0346111       3.1934968      0.96415749     0.022154307      0.12175364     0.051639774       1.0403994      0.99766743       21.409868       14.712138       12.404435      0.92025964      0.83371735      0.98936795      0.99885534        1.003233    2.079289e-09       68.103325      0.80876545      0.31166636      0.82434104      0.14749683       13.689514       10985.619       5.2793358        5.2793358       10985.619                                 10556.8                  23.54518                 395.80314                      9.4702519
              3       5496.7661       3.0339639       3.1916381      0.96357329     0.022339535      0.12187984     0.050976132       1.0405439      0.99721884       20.729167       14.456882       12.011477      0.89950599       1.1995715       1.3018634      0.99899473       1.0049403   2.0779436e-09       68.241269      0.80816001      0.31107637      0.82294392      0.14563809       13.669135        10982.47       5.5311287        5.5311287        10982.47                               10553.557                 23.819002                 395.77961                      9.3139404
              4       5496.4816       3.0341026       3.1909412      0.96363673     0.022341488      0.12183113      0.05099393       1.0405817      0.99729342       20.609163       14.631437       11.969711      0.91143267       1.2287594       1.3863688      0.99880981       1.0042546    2.078232e-09       68.264648      0.80812395      0.31076298      0.82249258      0.14494116       13.668326       10982.025       5.4688907        5.4688907       10982.025                               10553.105                 23.811284                 395.77961                      9.3298671
              1       5498.4051       3.0375499       3.1909412      0.96087077     0.022341488      0.12183113      0.05099393       1.0405817      0.99868831       21.778298       15.833691        13.35275      0.89373056       1.0761948       1.2315461      0.99698812       1.0030954   2.0854087e-09       68.264648      0.80866133      0.31076298      0.82303952      0.14494116       13.668326       10986.778       5.0161613        5.0161613       10986.778                               10557.451                 24.532605                 395.77321                       9.021013
              1       5497.7471       3.0326694       3.1600634      0.95876968     0.022344994      0.12151536     0.048747891       1.0404741      0.99879863       22.047453       15.467258       12.733159      0.91599256      0.76361192      0.89978404      0.99553682        1.000909   2.0752556e-09       67.984771      0.80581355      0.31265131       0.8226291      0.11406336       13.701239       10985.485        5.004448         5.004448       10985.485                               10555.922                 24.886098                 395.69182                      8.9849486
              3       5498.5662       3.0434015       3.1600634      0.96377736     0.022344994      0.12151536     0.048747891       1.0404741       1.0045629       19.501091       14.575358       11.013493      0.79418144      0.90914574       1.0563393      0.99818861       1.0029831   2.0976474e-09       67.984771      0.81169591      0.31265131      0.82863421      0.11406336       13.701239       10984.109       6.5117567        6.5117567       10984.109                               10555.933                 23.608194                 395.72644                      8.8411235
              6       5500.1736       3.0422184       2.9220768      0.94986547     0.022073641      0.12021313     0.050386847       1.0408029       1.0041954       18.738162       13.780742       10.408334       0.8697762       1.0350374       1.2732315       0.9944538      0.99777562   2.0951671e-09       65.586107      0.81162486      0.33223509      0.85411719     -0.12392323       13.960563       10987.603       6.3719371        6.3719371       10987.603                               10555.501                  26.46253                 395.78187                      9.8584878
              3       5500.2832       3.0331434       2.9220768      0.95676135     0.022073641      0.12021313     0.050386847       1.0408029       1.0004832       15.890168         8.95375       6.2191097      0.96426258        2.295417       2.5461749      0.99762677      0.99951275   2.0762395e-09       65.586107       0.8099892      0.33223509      0.85239589     -0.12392323       13.960563         10990.9       4.8332781        4.8332781         10990.9                               10561.305                 24.412372                 395.78494                      9.3980384
              6       5502.1879       3.0312272       2.9220768      0.95577432     0.022073641      0.12021313     0.050386847       1.0408029      0.99944426       16.061309       8.9292785       6.3136059       1.0849885       2.3086304       2.9405015      0.99485545      0.99856523   2.0722648e-09       65.586107      0.80892119      0.33223509      0.85127197     -0.12392323       13.960563       10994.471        4.952587         4.952587       10994.471                               10564.733                 24.675388                 395.78599                       9.276196
              1       5500.6498       3.0321742       2.9301111      0.95893068     0.022305332      0.11868717     0.050734423       1.0413035       1.0004083        15.43293       7.9845091       5.4462552       1.1298741       2.4163416       3.2419984      0.99657545      0.99381705   2.0742282e-09       66.560827      0.80450359      0.31965734      0.83044275     -0.11588885       13.907268       10991.203       5.0483695        5.0483695       10991.203                               10562.716                 24.165615                 395.67954                      8.6421015
              2        5502.422       3.0302212       2.8980605      0.95685856     0.022256341        0.118537     0.049862326       1.0413113       0.9998046       14.043097       6.5251126       4.0578447       1.1205166       2.7560687       3.6038185      0.99596995      0.99522762   2.0701812e-09       66.205998      0.80391095       0.3226268      0.83367646     -0.14793946       13.945333       10994.877        4.983393         4.983393       10994.877                               10565.899                 24.655487                 395.70482                      8.6174939
              2       5501.0978       3.0298067       2.8980605       0.9563029     0.022256341        0.118537     0.049862326       1.0413113      0.99954414       13.842752       8.1211991       4.6180078       1.3287838       2.5883634       3.5942538      0.99535774      0.99658014   2.0693232e-09       66.205998      0.80357993       0.3226268      0.83333317     -0.14793946       13.945333       10992.259       4.9681093        4.9681093       10992.259                               10563.177                 24.808204                 395.67776                       8.596059
              1       5499.9078       3.0306879       2.8204533      0.95201683     0.022182903      0.11800887     0.051379695       1.0413985      0.99886289       15.017315       8.9360799       5.9837468       1.0841454       2.3017014       2.6949339      0.99381521      0.98745166   2.0711475e-09       65.462891      0.80391298      0.32856001      0.84130945     -0.22554674       14.031073       10988.081       5.8672585        5.8672585       10988.081                               10557.518                 25.814569                  395.8161                      8.9327343
              5         5500.23       3.0292262       2.8204533       0.9545752     0.022182903      0.11800887     0.051379695       1.0413985      0.99884208       16.493796       8.6703004       6.2392052       1.1798665       2.1449277       2.5643513      0.98928713      0.99201948   2.0681223e-09       65.462891      0.80407218      0.32856001      0.84147606     -0.22554674       14.031073        10988.89       5.7847878        5.7847878        10988.89                               10559.274                 24.977447                 395.78375                      8.8549364
              3       5501.7631       3.0366308       2.8204533      0.95444385     0.022182903      0.11800887     0.051379695       1.0413985       1.0024448       16.632986       10.863809       7.4635792      0.91933401       1.6805648       1.5820255      0.99868681      0.99086358   2.0834929e-09       65.462891      0.80701611      0.32856001      0.84455694     -0.22554674       14.031073       10992.147       5.6893923        5.6893923       10992.147                               10562.128                 25.031634                 395.78914                      9.1989037
              2       5500.2331       3.0431271       2.9434997      0.96020724      0.02224761      0.11975935      0.05480858        1.040816      0.99998703       16.292771       10.193536       7.0032289      0.97638059       1.8068954       1.8241674       1.0014774       0.9924184   2.0970718e-09       66.133684      0.81218951      0.32612424       0.8468145     -0.10250034       13.918051       10990.299       5.0835845        5.0835845       10990.299                               10560.344                 24.108931                 396.27782                       9.568831
              3       5497.9245       3.0457797       2.9860101      0.96412156     0.022252522      0.11936939     0.055861497       1.0409532       1.0005352       16.164083       10.634385       7.2197625       1.1627617       1.7593608       2.0586281      0.99932768      0.99305793   2.1026419e-09       66.807212      0.81187167      0.31873416      0.83683737    -0.059989947       13.867278       10985.746       5.0513953        5.0513953       10985.746                               10556.936                 23.389882                 396.44431                       8.975618
              1       5497.3181       3.0435938       2.9564163      0.96210011     0.022237947      0.11923236     0.055013197       1.0409084       1.0004549       15.427607       10.323708       6.4907987      0.86328019       1.7351804       1.7132696      0.99532126      0.99498544   2.0980508e-09       66.487767      0.81092056      0.32145063      0.83941133    -0.089583686        13.90056       10984.562       5.0369917        5.0369917       10984.562                               10555.498                 23.726249                  396.2713                      9.0662738
              7       5495.2547       3.0420187       2.9551531      0.96286308      0.02221045      0.11869977     0.054049963       1.0409969       1.0012141       15.266466       10.162174       6.6435891      0.97546244         1.56864       1.8585198      0.99357718      0.99490259   2.0947488e-09       66.666307       0.8089872       0.3184705      0.83351924    -0.090846924       13.899832       10980.031       5.2393497        5.2393497       10980.031                               10551.701                 23.510691                 396.04248                      8.7769105
              2       5494.7651       3.0460976       2.9421218      0.96392108     0.022175316      0.11781234     0.057039977       1.0411223       1.0023852        14.58107       9.9115725       5.9456014       1.1627539       1.7209026       2.2845093       0.9981445      0.99665577   2.1033104e-09       66.841155      0.80868439      0.31473692       0.8283088     -0.10387817       13.909625       10978.903       5.3135252        5.3135252       10978.903                               10550.402                  23.17314                 396.69526                      8.6328936
              1       5493.5904       3.0461232       2.9417811      0.96394136     0.022171548      0.11779757      0.05700017       1.0411432       1.0019823       15.035077       9.6041388       6.4953411       1.0868286       1.9718765        2.421883      0.99909478      0.99983482   2.1033643e-09       66.846314      0.80869799      0.31464671      0.82820402     -0.10421895       13.909674       10976.973       5.1038502        5.1038502       10976.973                               10548.436                  23.23639                 396.67581                       8.625004
              2       5493.5501        3.043681       2.9362823      0.96353226     0.022147961       0.1176777     0.055820103       1.0410476       1.0021545       15.365248       9.2780134       6.3245135       1.0682466       2.0420488       2.5427055       1.0010104       1.0016417   2.0982338e-09       66.774171      0.80738232      0.31500325      0.82732497     -0.10971768       13.920259        10976.75       5.1751708        5.1751708        10976.75                               10548.487                 23.243889                 396.40905                      8.6100217
              5       5495.9302       3.0448014       2.7899693      0.95471109     0.021869788      0.11720709     0.057813448       1.0411949       1.0018612       15.121209        9.540292       6.1005196        1.245885       1.9639891       2.5068752       1.0002787      0.99893576   2.1005858e-09       65.072539      0.80991306      0.32986913      0.84927553     -0.25603066       14.099312       10981.723       5.0684278        5.0684278       10981.723                               10549.909                 24.856848                 397.28305                      9.6742933
              1       5497.2039       3.0448521       2.7869217      0.95460955     0.021875578      0.11714251     0.057904217       1.0412055       1.0018512        14.92633       9.1357319       5.7164889       1.3527546       1.9436705       2.5262449        1.000651      0.99569786   2.1006923e-09       65.067899       0.8097769      0.32977614      0.84901307     -0.25907835       14.101446         10984.1       5.1540604        5.1540604         10984.1                               10552.241                 24.883725                 397.31421                      9.6613109
              1        5497.726       3.0425673       2.7796932      0.95473016     0.021849858      0.11672736     0.056276874        1.041357       1.0026831       15.256528       9.2262671       5.9441639       1.3548167       2.0742927       2.6811003      0.99733149      0.99237788   2.0958982e-09       65.158297       0.8080065      0.32782055      0.84464129     -0.26630683       14.105648       10984.077       5.6872563        5.6872563       10984.077                               10553.268                 24.781346                 396.79384                      9.2338723
              5       5496.9282        3.042202       2.7691933      0.95361337     0.021843346      0.11692074     0.056238134       1.0412889       1.0027657       15.662012       9.5039325       6.3600312       1.3259696        1.904132        2.504393      0.99665637      0.99119202   2.0951328e-09       64.941886      0.80849577      0.33044809      0.84853302     -0.27680672       14.120653       10982.175       5.8409656        5.8409656       10982.175                               10550.926                  24.95746                 396.83955                      9.4510545
              2       5495.1794       3.0376085        2.939799      0.96033972     0.021938684      0.11947189     0.051358507        1.040699       1.0024291       16.042368       9.7801321        6.915877       1.2519884       1.8232778       2.4517049      0.99818397       0.9934896   2.0855309e-09       65.901306      0.81035933      0.32705363      0.84610936     -0.10620099       13.955854       10979.387        5.485727         5.485727       10979.387                               10550.803                 23.607973                 395.82309                      9.1530368
              3       5499.8199       3.0387067       2.7916477      0.95425841     0.022173177      0.11700454     0.054134004       1.0412808       1.0020741       14.698541       7.8015329       5.0938577       1.1747034       1.9289928       2.2748554      0.99755751      0.98868926   2.0878224e-09       65.432939      0.80535938      0.32648149      0.84015299     -0.25435228       14.062757       10988.042       5.7988903        5.7988903       10988.042                               10557.881                 25.045733                 396.20224                       8.912473
              6       5501.1571       3.0388342       2.7916477      0.95631835     0.022173177      0.11700454     0.054134004       1.0412808       1.0041351       15.775744       10.378517       6.4653972       1.0308317       1.3451329        1.416601      0.99232341      0.99269648   2.0880885e-09       65.432939      0.80601226      0.32648149      0.84083407     -0.25435228       14.062757       10988.885       6.7145429        6.7145429       10988.885                               10559.884                 24.172577                 396.14965                      8.6793429
              1       5501.1709       3.0335135       2.7789838      0.95604561     0.022107246      0.11641103     0.051295841        1.041227       1.0049357       16.525269       10.424217       6.4187038       1.0225474       1.6211217       1.6914456      0.99031468      0.99412379    2.077008e-09        65.42358      0.80246857      0.32502944      0.83527359     -0.26701621       14.082523        10987.59       7.3758073        7.3758073        10987.59                               10559.281                 24.074221                 395.74136                      8.4935859
              1       5500.2283       3.0346343       2.7756867      0.95633925     0.022095485      0.11617262     0.052167789        1.041242       1.0049708       16.272303       10.428509       6.7568116       1.1082331        1.446599       1.6770224      0.99420138      0.99879508   2.0793372e-09       65.464588      0.80237759      0.32403737      0.83390334     -0.27031334       14.085878       10986.582       6.9373481        6.9373481       10986.582                               10558.277                 24.009836                 395.82697                      8.4685052
              1       5495.2355        3.027181       2.7756867      0.95595938     0.022095485      0.11617262     0.052167789        1.041242         1.00157       15.806201       10.328708       6.9411724      0.96976541       1.5355635       1.7809056      0.99536387      0.99565903    2.063897e-09       65.464588      0.79928304      0.32403737       0.8306872     -0.27031334       14.085878       10980.103       5.1841423        5.1841423       10980.103                               10551.657                  24.04596                 395.82618                       8.573431
              4       5494.3881       3.0279593       2.7654873      0.95520228     0.022036519      0.11630667     0.052463989       1.0412929       1.0016228       16.541391       10.344737       7.3773261      0.95963805       1.5206452       1.8318922      0.99703041      0.99422975    2.065504e-09       65.268657      0.80047235       0.3261581      0.83464115     -0.28051272       14.102103       10978.363       5.2065065        5.2065065       10978.363                               10549.761                 24.181936                 395.88178                       8.538346
              2       5494.3235       3.0282215       2.7629358      0.95515794     0.022029931      0.11624575     0.052706166       1.0412905       1.0016141       17.289075       11.647329       8.2628313      0.80527627       1.2313548       1.1981523      0.99368844      0.99257289   2.0660456e-09       65.254401      0.80047297      0.32614113      0.83462008     -0.28306418       14.105391        10977.71       5.4686626        5.4686626        10977.71                               10549.079                   24.1847                 395.91409                      8.5319526
              2       5494.1648       3.0293126       2.7052891       0.9522923     0.021964486      0.11574181      0.05374293        1.041495       1.0007305        14.77713       9.7409084       6.0190637       1.0336605         1.87354       2.1428946      0.99395183      0.99285995   2.0683011e-09       64.775965      0.80089653      0.32959726      0.83947464     -0.34071087       14.167195       10977.798       5.2657498        5.2657498       10977.798                               10548.121                 24.949674                 396.16081                      8.5662448
              2       5495.6443       3.0308296       2.7052891       0.9524806     0.021964486      0.11574181      0.05374293        1.041495       1.0024062       16.606916       10.804679       7.2963454        1.045196       1.6839454       1.7449128      0.99378438       0.9892422    2.071441e-09       64.775965      0.80155818      0.32959726      0.84016817     -0.34071087       14.167195       10979.248       6.0202675        6.0202675       10979.248                               10549.807                  24.73718                 396.17826                      8.5261086
              3       5496.1272       3.0296145       2.7052891      0.95078047     0.021964486      0.11574181      0.05374293        1.041495       1.0013694       17.157297       11.443693       7.8713288       1.0087201       1.6515599       1.6117098       0.9941902      0.98921659   2.0689255e-09       64.775965      0.80058483      0.32959726      0.83914793     -0.34071087       14.167195       10980.883       5.6854518        5.6854518       10980.883                               10550.982                 25.270461                 396.15323                      8.4773265
              4       5492.2242       3.0237062       2.7957447      0.95523693     0.022070339      0.11634379     0.049476485       1.0411854        1.001792       17.177934       10.829655       7.6944225       1.1255654       1.5896173       1.8930948      0.99563579      0.99398406   2.0567378e-09       65.598723      0.79764203      0.32306047      0.82773118     -0.25025529       14.069079       10973.812       5.3183524        5.3183524       10973.812                               10545.247                 24.256072                 395.66303                      8.6454889
              9       5494.8196       3.0293642       2.7356677      0.95249596     0.022022688      0.11591296     0.053211137       1.0414825       1.0014297       17.378177       10.829483       7.8468469       1.0271007       1.5702976        1.845731      0.99869641      0.98990158   2.0684078e-09         65.1112       0.8001753      0.32676474      0.83510697     -0.31033227       14.128773       10978.705       5.4671727        5.4671727       10978.705                               10549.351                 24.924151                 396.00529                      8.4241485
              2       5493.8307       3.0291815       2.8410288        0.956232     0.021961578      0.11798163     0.051336006       1.0411432      0.99971892       15.958473       9.7008046       6.5888386       1.0680301       1.9567725       2.3440085       1.0012517      0.99370769     2.06803e-09       65.448371      0.80446591      0.32813331      0.84134124     -0.20497122       14.039335       10977.667       4.9973744        4.9973744       10977.667                               10548.704                  24.37177                 395.78927                      8.8016787
              2       5496.4536       3.0285715        2.848987      0.95628745     0.021985708       0.1182344     0.050619906       1.0411693       0.9991389       14.672737       8.6030479       5.6445778       1.1299264       2.3637955       2.8987838        1.004332        0.997086   2.0667687e-09       65.480091      0.80472362      0.32846429      0.84203511     -0.19701297       14.028527       10982.945       4.9808639        4.9808639       10982.945                               10553.779                 24.486391                 395.77503                      8.9050024
              1       5495.4006       3.0345652        2.848987      0.95587569     0.021985708       0.1182344     0.050619906       1.0411693       1.0018003       14.439421       8.4969021       5.0395049       1.2521209       2.3783471       3.1077864      0.99982119      0.99575932   2.0791936e-09       65.480091      0.80701797      0.32846429      0.84443584     -0.19701297       14.028527       10980.532       5.1346223        5.1346223       10980.532                               10550.936                 24.649629                 395.77121                       9.175252
              1       5493.4049       3.0334902       2.8792048      0.95757759      0.02204767      0.11827624     0.050465911       1.0408941       1.0014459       14.309546       8.5868856       5.1356838       1.1735157       2.3046679       3.0473104       0.9965837      0.99507677   2.0769597e-09       65.773183      0.80569635      0.32579468      0.83961998     -0.16679518       13.998334       10976.546       5.1320558        5.1320558       10976.546                               10547.672                 24.288449                 395.72932                      8.8557677
              5       5493.9049       3.0357852       2.9610887      0.96152106     0.022107589      0.11938435     0.050291402       1.0408899       1.0013604       14.498798       8.8738739       5.2166717        1.243913       2.2765472       3.0376903      0.99796697      0.99742113   2.0817316e-09       66.376169      0.80846542      0.32258325      0.83834296    -0.084911301        13.91009       10977.835       4.9872375        4.9872375       10977.835                                10549.58                 23.626299                 395.71094                       8.918504
              1       5498.1688       3.0251509       2.9610887      0.95998898     0.022107589      0.11938435     0.050291402       1.0408899       0.9960068       14.257375       9.3900635       5.8018749       1.1670057       2.4028311        3.019228      0.99577156      0.99890046   2.0597113e-09       66.376169      0.80372167      0.32258325      0.83342391    -0.084911301        13.91009       10984.025       6.1563519        6.1563519       10984.025                               10555.518                 23.987585                 395.72336                      8.7959672
              2       5495.4867       3.0242794        2.843296      0.95573895     0.021967322      0.11717483     0.051909369       1.0410761      0.99678188       14.758112       9.5887311       6.1948803      0.94091945       2.1180121        2.550988      0.99406422      0.99794732    2.057917e-09       65.739281      0.79953175      0.32338288      0.83010609     -0.20270399       14.035027       10979.351       5.8109909        5.8109909       10979.351                               10550.277                 24.657958                 395.87602                      8.5407554
              6       5494.2557        3.025349        2.843296       0.9542399     0.021967322      0.11717483     0.051909369       1.0410761       0.9971478       15.631968       9.1955204       6.2351678       1.0882402       2.1277672       2.4888676       1.0000206      0.99655587   2.0601194e-09       65.739281      0.79952288      0.32338288      0.83009688     -0.20270399       14.035027       10977.521       5.4953725        5.4953725       10977.521                               10548.051                 25.082251                 395.90838                      8.4794153
              2       5495.1801       3.0262495        2.843296      0.95550779     0.021967322      0.11717483     0.051909369       1.0410761      0.99771997       16.599198       10.433026       7.5411186        1.077471       1.5950176       1.8904595       1.0016661       1.0036352   2.0619754e-09       65.739281      0.80025234      0.32338288      0.83085424     -0.20270399       14.035027       10979.798       5.2810919        5.2810919       10979.798                               10550.681                 24.724469                 395.87341                      8.5187918
              2       5494.0261       3.0292592       2.8654559      0.95952291     0.022051911      0.11588467     0.053705938       1.0413663       1.0003981       18.187236       12.068511       9.0781045      0.96767748       1.3736884       1.4388651        1.001214        1.001572   2.0681906e-09       66.617037      0.79741836      0.31220863      0.81348219     -0.18054413       13.988132       10978.417       4.8176604        4.8176604       10978.417                                10549.32                 23.660942                 396.00751                      9.4282958
              1       5494.6212       3.0306199       2.8747433      0.96057113     0.022038379      0.11568662      0.05498616       1.0412411       1.0002478       17.712455       13.043528        9.290326      0.87701607       1.2564016       1.3292341      0.99732746      0.99716349   2.0710067e-09       66.743942      0.79721506      0.31055089       0.8111128     -0.17125671       13.982441        10979.51       4.8661061        4.8661061        10979.51                               10550.201                  23.44611                 396.20033                       9.663171
              1       5497.7144       3.0329298       2.8853582      0.96209654     0.021976151        0.115411     0.056267837       1.0413027       1.0003327       18.084896       13.112426        9.247443      0.96199506       1.1911088       1.3520452      0.99526112      0.99968132    2.075796e-09       66.937148      0.79759465      0.30801055      0.80817312     -0.16064179       13.974272       10985.615       4.9069023        4.9069023       10985.615                               10556.056                 23.183674                 396.46342                      9.9120868
              2         5497.55       3.0335602       2.8853582      0.96161231     0.021976151        0.115411     0.056267837       1.0413027      0.99994866       17.525613       12.133018       8.4949143       1.0449801       1.3976364       1.6801246      0.99630035       1.0039729    2.077105e-09       66.937148      0.79770293      0.30801055      0.80828284     -0.16064179       13.974272       10985.234       4.9328216        4.9328216       10985.234                               10555.808                 23.394704                 396.46054                      9.5708567
              3       5499.0686       3.0293448       2.9211027      0.96181111     0.021937852      0.11650371     0.053071539       1.0410448      0.99884233       15.333125       10.767906       6.7384573       1.0096684       1.9297556       2.0893242      0.99557146       1.0030101   2.0683676e-09       66.844785      0.79855136      0.31123498      0.81336678     -0.12489728       13.952703       10988.066        5.035835         5.035835       10988.066                               10559.474                 23.450606                 395.93833                      9.2025213
              1       5501.5372       3.0292851       2.9319464      0.96246526      0.02196047      0.11657648     0.052545734       1.0411525      0.99995643       16.600502       12.209911       8.1312136       1.0148813        1.626691       1.5773239      0.99021456      0.99962505   2.0682441e-09       66.998604      0.79859798       0.3100239      0.81183014     -0.11405361       13.935931       10992.545       5.2648831        5.2648831       10992.545                                10563.85                 23.225968                 395.83148                      9.6372622
              2       5499.8303       3.0299439        2.920087      0.96095696     0.021971414       0.1170181     0.052712744       1.0411917       0.9995297       15.886153       10.077286         6.37516       1.2402231       1.7614914        2.054336      0.99543072        1.004325   2.0696072e-09        66.72527      0.80030671      0.31358127      0.81822151       -0.125913       13.948206       10989.659       5.0008666        5.0008666       10989.659                               10561.068                  23.55704                  395.9229                      9.1105657
              1       5498.0723       3.0304588       3.0000036      0.96438265      0.02202775      0.11816015      0.05237181       1.0408672      0.99893605       16.877316       11.378825       7.7683878      0.94435987       1.6716325        1.955426       1.0000186        1.006143   2.0706731e-09       67.182076      0.80214207      0.31201485      0.81804707    -0.045996388       13.872887       10986.016       5.0645001        5.0645001       10986.016                               10557.707                  22.99111                 395.87594                      9.4417845
              1        5497.913       3.0294197       2.9858233      0.96283354     0.021908531      0.11851137     0.051741793       1.0407741      0.99896718       17.412853        11.00435       8.0289626      0.93023221       1.6925587       1.9400928        1.000489       1.0057001   2.0685225e-09        66.76643      0.80333006      0.31642714      0.82503098    -0.060176747       13.904172       10985.758       5.0342412        5.0342412       10985.758                               10557.583                 23.181314                 395.81895                      9.1741332
              1       5498.9644       3.0302492       2.9858233      0.96202106     0.021908531      0.11851137     0.051741793       1.0407741      0.99928748       19.380332       13.895989       9.9860818      0.95918153       0.9474111       0.9618522       1.0005131        1.001684    2.070239e-09        66.76643      0.80342026      0.31642714      0.82512362    -0.060176747       13.904172       10988.246        4.841365         4.841365       10988.246                               10559.972                 23.371361                 395.81083                      9.0919989
              2       5496.7241       3.0238901       3.0343125      0.96296465     0.021946497      0.11954209     0.046882814       1.0405999      0.99960178       19.948549       12.968335       9.8126718       1.0113818       1.1130996       1.2442859      0.99698987      0.99965791   2.0571159e-09       66.933847      0.80262313      0.31724883      0.82537451    -0.011687465       13.859257        10983.76         4.84383          4.84383        10983.76                               10555.371                 23.172353                 395.82422                      9.3932431
              8       5496.6314        3.025705       3.0312063       0.9632902     0.021933276      0.11936458     0.047822444       1.0407236        0.999764       19.888053        12.85863       9.7439972       1.0255798       1.1452862       1.2915474      0.99769918       1.0002483   2.0608528e-09       66.990955       0.8031398      0.31628208      0.82464649    -0.014793691        13.85936        10983.63       4.8164871        4.8164871        10983.63                               10555.342                 23.127567                 395.76038                      9.4002252
              5       5494.7595       3.0275625       3.0322447      0.96378884     0.021981244      0.11921813     0.048688964       1.0408853      0.99987808       19.287203       12.668687       9.6196708      0.95429355       1.3514285       1.3434366      0.99733952      0.99692206   2.0646844e-09       67.147491       0.8034661      0.31459108      0.82277319    -0.013755274       13.847951       10979.781       4.8692028        4.8692028       10979.781                               10551.526                 23.090029                 395.73273                      9.4321344
              1       5493.4583        3.025121       3.0882815      0.96513932     0.022048547      0.12048362     0.046272276       1.0406801      0.99947652       18.512276       12.227167       8.9986505       1.0626531       1.5337137       1.6012682      0.99975823      0.99717378   2.0596497e-09       67.338581      0.80488689      0.31575151      0.82574688     0.042281491        13.79434       10977.222       4.8474062        4.8474062       10977.222                               10548.869                 22.917621                 395.92091                      9.5145493
              1       5494.4729       3.0237032       3.1357884       0.9669245     0.022172815      0.12118528     0.044691749       1.0406061       0.9996225       19.586058       12.885435       9.7640952       1.1008319        1.214121       1.3338437       1.0017674      0.99693838   2.0567316e-09       67.720669      0.80517083      0.31399949      0.82374326     0.089788417       13.738023       10979.227       4.8591417        4.8591417       10979.227                               10550.543                 22.657393                 396.17702                       9.849578
              6       5495.8255       3.0234404       3.1241056       0.9663284     0.022180128       0.1210393     0.044750116       1.0406143      0.99957324       18.175295       13.207543       9.5329135       1.1155405       1.5139477        1.881115      0.99944766       1.0017537   2.0561912e-09       67.645424      0.80473341      0.31439539      0.82381461     0.078105637       13.748428       10982.017       4.8167276        4.8167276       10982.017                               10553.336                 22.752826                 396.15157                      9.7775473
              7       5495.0808       3.0224687       3.1271566      0.96710322     0.022194209      0.12073941     0.043394637       1.0409061       1.0004598        18.94314       13.144058       9.6919206       1.1894896        1.507299       1.8313189      0.99808185      0.99913626   2.0541942e-09        67.89555      0.80372566       0.3114632      0.81893716     0.081156588        13.73394       10980.513       4.8242931        4.8242931       10980.513                               10551.266                 22.633069                  396.4555                      10.158239
              3       5494.9616       3.0179695        2.981151      0.95784466     0.021984625       0.1200402     0.043472792       1.0405733      0.99964845       17.615799       11.485062       8.6899939       1.2025202        1.728329       2.1353107       1.0037218      0.99819705   2.0449727e-09       66.173353      0.80188373      0.32578791      0.83563814    -0.064849019       13.913747       10980.162       4.8806529        4.8806529       10980.162                               10550.882                 24.076875                 396.23214                      8.9706859
              3       5494.5598       3.0168368       2.9084173      0.95497429     0.022066924      0.11873788     0.043427983       1.0409647      0.99991871       16.613884       10.519161       7.6383667       1.2256153       1.8684672       2.2863322       1.0031968      0.99819333   2.0426576e-09       65.987446      0.79877967      0.32479757      0.83113727     -0.13758268       13.964991       10979.413       4.8531993        4.8531993       10979.413                               10549.664                 24.737189                 396.27749                      8.7343363
              3       5495.9886       3.0201738       2.8691774      0.95641949     0.021890211      0.11666643     0.046426536       1.0412298       1.0014327       17.387554       11.053977       8.2028993       1.1748731       1.9019434       2.2127875       1.0038544       1.0022096   2.0494854e-09       66.207124      0.79600318      0.31750252      0.81889415     -0.17682257       14.008244       10981.881       5.0481488        5.0481488       10981.881                                10552.68                 24.224999                 395.81578                      9.1602017
              1       5497.3359       3.0279868       2.8691774      0.95671049     0.021890211      0.11666643     0.046426536       1.0412298       1.0052789       17.506089       11.092844       8.1603223       1.1985791       1.8376021       2.1665434       1.0041623       1.0025734   2.0655608e-09       66.207124      0.79920412      0.31750252      0.82218714     -0.17682257       14.008244       10980.403        7.134307         7.134307       10980.403                               10551.672                 24.166326                 395.80881                      8.7556958
              3       5499.0061       3.0256804       2.8691774      0.96127625     0.021890211      0.11666643     0.046426536       1.0412298       1.0049767       17.039048       10.406166       7.5204272       1.1607316       1.9536699       2.2873679       1.0060989       1.0030054   2.0608022e-09       66.207124       0.7996222      0.31750252      0.82261723     -0.17682257       14.008244       10984.017       6.9977884        6.9977884       10984.017                               10555.958                 23.004186                  395.8838                      9.1707966
              6       5499.6422       3.0077402       2.8718505       0.9569991     0.021912173      0.11824154     0.034977786        1.040799       1.0052547       15.225126       10.348577       6.2611963       1.1253464       2.0186941       2.4583039       1.0015493      0.99958614   2.0241607e-09       65.560371      0.79583693      0.32751445      0.83153148     -0.17414951       14.022839        10985.27       7.0070366        7.0070366        10985.27                               10553.612                 23.672389                 398.89876                      9.0875721
              1       5497.8234       3.0111106        2.891962      0.95778631     0.021973001      0.11875113     0.036419959       1.0408787       1.0047628       15.532613       10.401246       6.6190153       1.1491327       1.9889169       2.4843119       1.0025379      0.99791664   2.0309945e-09       65.689443      0.79821973      0.32755809      0.83407671     -0.15403803       13.994762       10982.339       6.6538953        6.6538953       10982.339                               10551.307                  23.63987                 398.39258                      8.9998196
              1       5499.5299       3.0126769       2.8684011      0.95786511     0.022062887      0.11782375     0.037647409       1.0411531       1.0050126       15.916963       8.7820392       6.0932465       1.0268339       1.8256747       2.4148295      0.99538447      0.99281017   2.0341781e-09       65.904026       0.7965009      0.32349155      0.82709828     -0.17759891       13.998619       10984.739       7.1603312        7.1603312       10984.739                               10554.086                 23.682762                 397.95674                      9.0132366
              2       5501.3513       3.0139088       2.8031016       0.9557902     0.022138688      0.11640803     0.039837023       1.0413155       1.0039406        14.02609        6.915528       4.1992802       1.1008684       2.1361654       2.8274648       0.9968722      0.99439663   2.0366855e-09       65.758841      0.79370106       0.3217985      0.82203128     -0.24289839       14.050362       10990.236       6.2334297        6.2334297       10990.236                               10560.077                 24.257421                 397.25056                       8.650629
              4       5498.2081       3.0063012       2.8031016      0.95724971     0.022138688      0.11640803     0.039837023       1.0413155       1.0003775       14.387349        7.426687       4.9824329        1.042154       2.2784766       2.9211608       1.0017891      0.99660472     2.02125e-09       65.758841      0.79110786       0.3217985      0.81934552     -0.24289839       14.050362       10986.676       4.8702973        4.8702973       10986.676                               10556.464                 23.868039                 397.26803                       9.075842
              1       5498.1409       3.0112566        2.779632      0.95557268     0.022036129      0.11664486     0.044271118       1.0409234      0.99893707        13.67179        7.885521        5.172384      0.81303358       2.2479879       2.5973499        0.998794      0.99015379   2.0312908e-09       65.193274      0.79423111      0.32771303      0.83010518     -0.26636804       14.099395       10985.547        5.367651         5.367651       10985.547                               10556.665                 24.166205                 396.09861                      8.6166627
              1       5498.0852       3.0109323       2.7861594      0.95601751     0.022063317      0.11660901     0.044063027       1.0409172      0.99895467       13.776833       8.2497706       5.2228879      0.80734712       2.1818623       2.5343806      0.99908108      0.98996533   2.0306322e-09       65.301071      0.79377282      0.32661413      0.82823405     -0.25984062        14.08952        10985.41       5.3803674        5.3803674        10985.41                               10556.527                 24.088985                 396.14073                      8.6531598
              1       5498.2764       3.0128691       2.7622826      0.95467847     0.022094537      0.11649515     0.045686365       1.0409365      0.99840267        13.99463       8.2137273       5.2718927      0.96170545       1.9700958       2.3160659       1.0014326       0.9914212   2.0345689e-09       65.095446      0.79445937      0.32847665      0.83131059     -0.28371739       14.111278       10985.818        5.367612         5.367612       10985.818                               10557.013                  24.41956                 395.87412                      8.5111582
              2       5498.6361       3.0123497       2.7622826      0.95299948     0.022094537      0.11649515     0.045686365       1.0409365      0.99797373       14.519331       8.9838065       5.7963605      0.96210331       2.0864553       2.3275016       1.0020725      0.99145844   2.0335125e-09       65.095446       0.7937734      0.32847665       0.8305928     -0.28371739       14.111278       10986.272       5.4999833        5.4999833       10986.272                               10557.066                 24.879613                 395.86866                      8.4581288
              2       5498.7984       3.0189757       2.7622826      0.95098021     0.022094537      0.11649515     0.045686365       1.0409365        1.000999       15.503788       9.8100463       6.5585715      0.96992908        1.901647       2.1055171       1.0022837      0.99200721   2.0470313e-09       65.095446       0.7958297      0.32847665      0.83274449     -0.28371739       14.111278       10987.176       5.2105987        5.2105987       10987.176                               10557.427                 25.476965                 395.88776                      8.3836779
              5       5497.9709       3.0260571       2.9793252      0.96128421     0.022229242      0.11949219     0.046753175       1.0406196       1.0000615       14.718424       8.4967598        5.904193      0.80509252       2.3316205       2.4634929       1.0002143      0.99252623   2.0615786e-09       66.557645      0.80346602      0.32135115      0.83156618    -0.066674838       13.887173       10985.812       5.0650728        5.0650728       10985.812                               10557.594                 23.602999                  395.8384                      8.7764142
             16        5496.721       3.0307887       2.9396573      0.95928299     0.022251868      0.11929591     0.050175394       1.0407237      0.99924218       14.999242       8.5284959       6.1565285      0.87567767       2.1101159       2.2598068      0.99842383      0.99287796   2.0713563e-09       66.223169      0.80543346      0.32419502      0.83728288     -0.10634275       13.922601       10983.248       5.0972362        5.0972362       10983.248                               10554.705                 24.091504                 395.69415                      8.7566227
              2       5495.9004       3.0321856       2.9694317      0.96142888     0.022273049      0.11932823     0.050517256       1.0407913      0.99949686        15.17549       8.6376004       6.2595073      0.86300452       2.1253059       2.2578126      0.99848341      0.99355636   2.0742517e-09       66.593892      0.80573897      0.32072693      0.83310828    -0.076568302       13.887246       10981.752       5.0246089        5.0246089       10981.752                               10553.612                  23.70335                 395.71089                      8.7250278
              2       5498.6168       3.0327801       3.0377087      0.96447358     0.022300377      0.12036477       0.0492464        1.040837      0.99971661       15.573612       8.7561392       5.9357634      0.86425039        2.441806       2.4218543      0.99185251      0.99673513   2.0754852e-09       67.054512      0.80798283      0.31872599      0.83281828   -0.0082912522       13.816232        10986.88       5.1768834        5.1768834        10986.88                               10559.058                 23.211404                  395.7116                      8.8984336
              6        5496.828        3.038646       3.0271391      0.96381431     0.022172641      0.12071373     0.052898253       1.0407983      0.99913234       15.839597       9.7372673       6.9758944      0.81745525       2.2010751       2.0793509      0.99901864      0.99580887   2.0876956e-09        66.69432      0.81212854      0.32267152      0.84225667    -0.018860896       13.842663        10983.78       4.9381236        4.9381236        10983.78                               10555.349                 23.333789                 395.95952                      9.1372701
              6       5497.6757       3.0401725       3.0117426      0.96287342     0.022139405       0.1207576     0.053853608       1.0408471      0.99897238       14.055926       9.4054903       5.5931695       1.1218466       2.3426209        3.042183      0.99703125      0.99745024   2.0908851e-09       66.492036       0.8132894      0.32465629      0.84605071    -0.034257409       13.860718       10985.459       4.9463074        4.9463074       10985.459                               10556.505                 23.516947                 396.10651                      9.3298819
              8        5499.677       3.0426202       3.0117426      0.96643935     0.022139405       0.1207576     0.053853608       1.0408471       1.0009314       13.305123       8.5134386       4.7748043       1.1614354       2.4760004       3.3333195      0.99760527       0.9966258   2.0960091e-09       66.492036      0.81536944      0.32465629      0.84821454    -0.034257409       13.860718       10989.473       4.9402577        4.9402577       10989.473                               10561.267                 22.665819                 396.04409                       9.496386
              1       5497.3234       3.0363779       2.8876649      0.96100478     0.022005613      0.11871822     0.051878203       1.0410519       1.0031067       15.312239       9.4769952       5.7707094       1.1799092       2.1191945       2.7521678      0.99781157      0.99557878    2.082966e-09       65.734713      0.80937517       0.3271048      0.84514788     -0.15833514       13.990617       10983.289       5.6790773        5.6790773       10983.289                               10555.216                 23.236135                 395.81065                      9.0255865
              3       5497.2399       3.0375635       2.8821104       0.9610643      0.02201531      0.11852742     0.052656763        1.041119       1.0031057       15.951457       10.307063       6.8340782       1.1769582       2.0304982       2.4812126      0.99816712      0.99567126   2.0854369e-09       65.767024      0.80945273      0.32636268      0.84426952     -0.16388963       13.992744       10983.145       5.6673778        5.6673778       10983.145                               10554.968                 23.244872                 395.93826                      8.9941554
              1       5495.3939       3.0404926       2.8821104       0.9583695      0.02201531      0.11852742     0.052656763        1.041119        1.004255       17.205843       10.160394       7.3080165       1.2292164       1.7039771       2.0576226      0.99358472      0.99482597   2.0915544e-09       65.767024      0.80983903      0.32636268      0.84467244     -0.16388963       13.992744       10977.641       6.5732666        6.5732666       10977.641                               10548.797                 23.903466                 395.96173                      8.9787125
              2       5495.0643       3.0355889       2.9783462      0.96396987     0.022072492      0.11881132     0.048843116       1.0408986        1.005192       16.995253       11.188142       7.8809307      0.90957109       1.4914866        1.670822      0.99504894      0.99753424   2.0813231e-09       66.749364      0.80681885      0.31762749      0.83018418    -0.067653826       13.892905       10975.939       7.0947521        7.0947521       10975.939                               10548.439                 22.814488                 395.71491                      8.9706819
              1       5493.0331       3.0314289       2.9783462      0.95956953     0.022072492      0.11881132     0.048843116       1.0408986       1.0027949       18.864415       13.202169       9.9757133      0.82254147       1.0508542       1.0446642      0.99762689      0.99755816   2.0726828e-09       66.749364      0.80382444      0.31762749      0.82710304    -0.067653826       13.892905        10975.13       5.4681259        5.4681259        10975.13                               10546.665                 23.813215                 395.72242                      8.9294449
              2       5493.9113       3.0307093       2.9766748      0.95933523     0.022075781      0.11882921     0.048507392       1.0408599       1.0022875       17.671913       12.892186       9.4037125      0.87141104       1.1726127       1.3456593      0.99957303      0.99733242   2.0711918e-09       66.713669      0.80353044      0.31801447      0.82730404    -0.069325227       13.895566       10977.342       5.2403569        5.2403569       10977.342                               10548.871                 23.924229                 395.70762                      8.8394845
              4        5495.182       3.0314746       2.9605698      0.95927207     0.022087153      0.11825899     0.049343605       1.0409468       1.0024442       18.943082       12.675151       9.5359607      0.78248903       1.1675311       1.2547172      0.99988696       1.0008593   2.0727776e-09       66.766752      0.80249459      0.31624957      0.82394164    -0.085430196       13.906321        10979.83       5.2669346        5.2669346        10979.83                               10551.336                 23.934697                  395.6989                      8.8603447
              1       5495.5228       3.0298129       2.9891029      0.96036361     0.022118057      0.11861909     0.048282086       1.0407616       1.0036004       19.765909        13.83188       11.229403      0.67306277      0.98178898       1.0148851      0.99905173      0.99521961   2.0693359e-09       66.932542      0.80209744       0.3155678      0.82264573    -0.056897062        13.88031       10979.163       5.9410187        5.9410187       10979.163                               10550.539                 23.512161                 395.72964                      9.3825465
              2       5495.8925       3.0304339       2.9891029      0.96104544     0.022118057      0.11861909     0.048282086       1.0407616       1.0039749       19.507735       13.602984        10.98627      0.67644993       1.0133929       1.0638426      0.99905153      0.99520917   2.0706215e-09       66.932542      0.80255057       0.3155678      0.82311046    -0.056897062        13.88031       10979.448       6.1684696        6.1684696       10979.448                               10550.984                 23.351974                 395.73589                      9.3767203
              1       5497.2772       3.0219616       2.9891029      0.96528267     0.022118057      0.11861909     0.048282086       1.0407616      0.99801996       14.384811       9.1328073       6.3498943      0.83294773       1.9863071       2.4184651       1.0005115       1.0001429   2.0531527e-09       66.932542      0.80042341       0.3155678      0.82092881    -0.056897062        13.88031       10984.354       5.1003083        5.1003083       10984.354                               10556.428                 22.717188                 395.72834                      9.4799523
              1       5502.3121       3.0302564       3.1046035      0.97307933     0.022174382      0.11922755     0.051097918       1.0410293      0.99852291       14.832362       8.7044202       6.3232518       1.0697878       2.0006949       2.7477035       1.0008318       1.0046669   2.0702539e-09       68.192576       0.8045311      0.30546205      0.81182205     0.058603494       13.748998        10994.48       5.0721561        5.0721561        10994.48                                10566.47                 21.696707                 395.74952                      10.563317
              1       5506.5802        3.016215        3.194125       0.9774003     0.022277415      0.11939565     0.042443431       1.0405226      0.99971451       14.593699       9.7151094       6.4675688      0.89479703       2.0762731       2.7468657      0.99910605       1.0011952   2.0413879e-09        69.09113      0.79725006      0.29813642      0.79476997        0.148125       13.662636       11003.555       4.8029128        4.8029128       11003.555                               10571.593                 21.095241                 396.93004                      13.936218
              5       5512.1418       3.0158371        3.201866      0.97750306     0.022271906      0.11962756     0.042052011       1.0404846       0.9996716       13.178612       8.4769545       5.0117634      0.92558519       2.1655112       3.1014855      0.99772778         1.00509   2.0406166e-09       69.080679      0.79765114      0.29870105      0.79592242      0.15586596       13.657484       11014.385       4.9492357        4.9492357       11014.385                               10582.419                 21.086894                 397.04464                       13.83466
              7       5505.3177       3.0162128        3.201866      0.97799957     0.022271906      0.11962756     0.042052011       1.0404846      0.99990692       15.423393       9.2753753       6.4559886       1.0651847       2.0144632       2.8168089       1.0018265       1.0060418   2.0413834e-09       69.080679      0.79795485      0.29870105      0.79622547      0.15586596       13.657484       11000.665       4.9851426        4.9851426       11000.665                               10568.788                 21.021527                 397.04584                      13.809736
              5       5502.9332       3.0160208       3.1444092      0.97521549     0.022241896      0.11903262     0.041932842       1.0408271       1.0003827        15.13178       8.8628073       6.0115063       1.1139023       2.1521495       2.9749411       1.0001763       1.0053293   2.0409915e-09       68.714619      0.79717874      0.30056849       0.7979337     0.098409248        13.70636       10995.988       4.9391341        4.9391341       10995.988                               10564.503                 21.314884                 397.06217                       13.10809
              3       5505.2577       3.0257691       3.1444092       0.9707902     0.022241896      0.11903262     0.041932842       1.0408271        1.003989       17.235504       9.8762821       7.2929247       1.2586005       1.6897748       2.5114825      0.99963377       1.0055968    2.060985e-09       68.714619      0.79970962      0.30056849      0.80046697     0.098409248        13.70636       10998.084       6.2155132        6.2155132       10998.084                               10567.923                 22.140264                 396.92256                      11.098959
              1       5506.0727        3.027287       3.1396971      0.97090107     0.022224859      0.11888998     0.042805488        1.040907       1.0040682       17.454656       10.029222       7.4099849       1.2921329       1.6828718        2.552093       1.0001662       1.0057805   2.0641157e-09       68.723547      0.80015167       0.3001523      0.80035475     0.093697107       13.709889       10999.593       6.2764627        6.2764627       10999.593                               10569.749                 22.126558                 396.65783                      11.058878
              3       5504.0359       3.0279436       3.1404901      0.97094499      0.02224169       0.1189224     0.043163499       1.0409273       1.0039594       17.509354       11.691751       8.4598619       1.0402192       1.8586187       2.1270914       1.0026176       1.0001592   2.0654715e-09       68.742029      0.80046009      0.30009514        0.800587     0.094490087       13.706934       10995.924       6.0737659        6.0737659       10995.924                               10566.243                 22.139448                 396.56769                      10.974407
              2       5502.0324        3.026681       2.8925553       0.9588658     0.022156909      0.11602423     0.045625868       1.0414547       1.0040193       14.558573       8.7298704       5.6354113       1.2076358        2.157302       2.7688831       1.0031004      0.99903221   2.0628652e-09       66.996862      0.79536698      0.30923322      0.80751389     -0.15344466       13.946314       10991.804       6.1303883        6.1303883       10991.804                               10562.698                 24.125415                  395.9613                      9.0189806
              1        5499.905       3.0279014       2.8925553      0.96008673     0.022156909      0.11602423     0.045625868       1.0414547       1.0047428       14.890692       9.7064783       6.1818395       1.0345717       1.8906489       2.3839502      0.99393122       1.0001506   2.0653843e-09       66.996862      0.79621298      0.30923322      0.80837281     -0.15344466       13.946314       10986.272        6.769074         6.769074       10986.272                               10557.443                 23.818929                 396.01443                      8.9955395
              4       5500.6431       3.0204686       2.8925553      0.96067804     0.022156909      0.11602423     0.045625868       1.0414547       1.0011744       14.428583       9.4442696       5.9964561       1.0456894       1.8792333       2.2626161       0.9907092      0.99802657   2.0500897e-09       66.996862      0.79343352      0.30923322      0.80555091     -0.15344466       13.946314       10990.593       5.3466648        5.3466648       10990.593                               10561.392                 23.657782                 395.98168                      9.5614626
              1       5499.7524       3.0210205        2.895055      0.96068147     0.022139643      0.11618182     0.045691112       1.0414965       1.0012146       14.698308       9.7451838       6.5898905       1.0054996       1.8885156       2.4517742      0.99636504       1.0029272   2.0512214e-09       66.969454      0.79422029      0.30980017      0.80708854     -0.15094496       13.944845        10989.48       5.0121903        5.0121903        10989.48                               10560.377                 23.663171                 395.97665                       9.463652
              9       5503.0526       3.0231741       2.9289809       0.9627055     0.022206629      0.11643774     0.046578173       1.0415036       1.0009975       14.544972       9.6102618        6.547467      0.97332612       1.8491071       2.3842873      0.99546829       1.0069552   2.0556436e-09       67.329905      0.79510276      0.30721632      0.80460879      -0.1170191        13.90284       10995.686        5.209414         5.209414       10995.686                               10566.731                  23.36773                 395.87742                      9.7097392
              1       5499.0148       3.0159697       2.8603697      0.95673726     0.022256254      0.11658662     0.044109893       1.0410502       1.0006478       15.666914       10.372163       7.2849522      0.80056788       1.5717328       1.8835909      0.99227302      0.99740388   2.0408872e-09       66.368482      0.79271258      0.31660714      0.81435821     -0.18563028       13.985337       10987.727       5.1510585        5.1510585       10987.727                               10558.206                 24.320617                 396.17576                      9.0254638
              2       5500.5589       3.0159413        2.856376      0.95651923     0.022249849      0.11655815     0.044120267         1.04106       1.0006629       14.037868       10.097848       6.1209099      0.82156905       1.7760439       2.1803421      0.99810633       1.0012669   2.0408293e-09       66.330216      0.79271312      0.31689183       0.8147248     -0.18962404       13.989861       10991.425       4.8463632        4.8463632       10991.425                               10561.898                 24.361056                 396.17317                      8.9923005
              1       5496.7065       3.0146017        2.865794      0.95587115     0.022140896      0.11728155     0.043185482       1.0408312        1.000272        14.59212       9.7050165         6.66098       1.0175255       1.7884392       2.4069708      0.99444775      0.99530516   2.0380972e-09       66.020997      0.79435233      0.32128035      0.82204318     -0.18020604        14.00093       10983.302        5.055518         5.055518       10983.302                               10553.787                 24.444683                 396.30692                      8.7632722
              4       5500.0979       3.0165033        2.865794      0.95771201     0.022140896      0.11728155     0.043185482       1.0408312       1.0013929       14.415805       9.5014604       6.6596695       1.1626567       1.8324991       2.6021024      0.99565216      0.99723772   2.0419765e-09       66.020997      0.79564397      0.32128035      0.82337985     -0.18020604        14.00093       10990.049       5.0731334        5.0731334       10990.049                               10560.955                 23.969285                 396.36228                      8.7630422
              6        5499.933       3.0182542        2.865794      0.95731969     0.022140896      0.11728155     0.043185482       1.0408312        1.002207       14.628241       9.6713081       6.8166577       1.1669253       1.7925759       2.5551801       0.9957383      0.99734658   2.0455548e-09       66.020997       0.7962264      0.32128035      0.82398258     -0.18020604        14.00093       10989.264        5.300951         5.300951       10989.264                               10560.165                  24.07211                 396.34561                      8.6810833
              1       5498.2294       3.0164196       2.8170501      0.95551818     0.021859716      0.11644563     0.043102137       1.0407183       1.0031463       14.764972       9.0040608       6.3238232       1.0698575       2.0532784       2.6719659      0.99507375       0.9976776   2.0418056e-09       65.489069      0.79492978      0.32389763      0.82598474      -0.2289499       14.082302       10985.008       5.7255178        5.7255178       10985.008                               10555.851                 24.133932                 396.33432                      8.6886783
              1       5497.4129       3.0206817       2.8648382      0.95757129     0.021827596      0.11739673     0.045066285       1.0405663        1.002535       15.821044       9.1340006       6.4590187       1.1916306       1.8672003       2.4998575      0.99934085       1.0013464   2.0505265e-09       65.631088      0.79877167       0.3246488      0.83093859     -0.18116175       14.042616       10984.205       5.3105681        5.3105681       10984.205                               10555.678                 23.781987                  396.0155                      8.7286599
              2       5496.7114       3.0152572       2.8648382      0.95472831     0.021827596      0.11739673     0.045066285       1.0405663      0.99940184       16.557526       9.7955723        7.204908       1.1823865       1.8183378       2.3969198      0.99935051        1.001668   2.0394335e-09       65.631088      0.79578435       0.3246488      0.82783097     -0.18116175       14.042616       10983.763       4.8298985        4.8298985       10983.763                               10554.502                  24.54063                 395.97568                      8.7451623
              2       5497.5036       3.0160945       2.8887736      0.95662202       0.0218545       0.1173001      0.04525028       1.0406217      0.99966931       16.413742       11.112918       7.6910815       1.0815473       1.4131899       1.8010484      0.99621036       1.0020922   2.0411419e-09       65.980985      0.79549043      0.32106339      0.82294294     -0.15722637        14.01207       10985.232       4.8876962        4.8876962       10985.232                               10556.118                 24.168871                 395.95004                      8.9952749
              3       5497.1747       3.0163361       2.8882981      0.95602996     0.021818651      0.11770442     0.044795351       1.0407139       1.0011718       19.063861       14.106084       10.211231       0.8654163      0.96512114      0.93638554      0.99604059      0.99954236   2.0416352e-09       65.834745      0.79699968      0.32334132      0.82742401     -0.15770194       14.015165         10984.4        4.974541         4.974541         10984.4                               10555.177                 24.067095                  395.9845                      9.1718566
              1        5497.108       3.0166037       2.8132134      0.95207248     0.021724291      0.11706339       0.0460119        1.040774       1.0005492       17.658207       12.803436       9.0145661      0.90395386       1.1722212       1.3362094      0.99790673      0.99990702   2.0421814e-09       65.138203       0.7968104       0.3285317      0.83384054     -0.23278662       14.101315       10984.553       4.8313327        4.8313327       10984.553                               10555.214                 24.907109                 395.79926                      8.6332715
              2       5498.7356       3.0236242       2.7662282      0.95236089     0.022051837      0.11522145     0.051091099       1.0413617       1.0000759       17.833346       11.949907       8.6156398      0.95956633       1.2498652        1.542612        1.004215      0.99870074   2.0565691e-09       65.695031      0.79422331      0.31945946      0.81957722     -0.27977176       14.093009       10987.705        4.882988         4.882988       10987.705                                10558.26                 25.212486                 395.73811                      8.4947985
              8       5498.2506       3.0227563       2.7662282      0.95439081     0.022051837      0.11522145     0.051091099       1.0413617       1.0005436       16.692091       10.755598        8.106065      0.83956083       1.3141828       1.7145054       1.0021586      0.99911381   2.0547851e-09       65.695031      0.79446222      0.31945946      0.81982375     -0.27977176       14.093009       10986.829       4.8361176        4.8361176       10986.829                               10557.776                 24.516898                 395.78035                      8.7560789
              1       5495.8142       3.0215713       2.7252396      0.95244225     0.021989085      0.11469492     0.050922208       1.0414167       1.0013343       17.013668       11.371805       8.5153026      0.85384468       1.0623209       1.3593408      0.99767263       0.9941771   2.0523516e-09       65.371745      0.79344226      0.32123237      0.82104007     -0.32076042       14.140589        10981.38       5.1243019        5.1243019        10981.38                               10552.143                 24.764966                 395.75431                      8.7170651
              1       5496.9117       3.0223925       2.7361752      0.95325335     0.022015592      0.11470742     0.051137126        1.041486       1.0007607       15.398122       10.584212       7.4726987      0.81659261       1.4365873       1.5848505      0.99791506      0.99074309   2.0540375e-09       65.538661      0.79360608      0.31969318      0.81923981     -0.30982476        14.12372        10983.26       5.2817347        5.2817347        10983.26                               10554.114                 24.741569                  395.7397                      8.6642829
              1       5496.7816       3.0288831       2.7361752       0.9558561     0.022015592      0.11470742     0.051137126        1.041486       1.0042024       14.399937       8.9230371       5.5539076      0.81541907       1.9644644       2.2082553        1.001247      0.99308774   2.0674129e-09       65.538661      0.79693445      0.31969318      0.82267568     -0.30982476        14.12372       10980.674       6.4447398        6.4447398       10980.674                               10552.362                 24.055493                 395.75524                      8.5007093
              1       5494.2103       3.0322073       2.8923568      0.96118773     0.021960866      0.11804502      0.05060685       1.0409715       1.0030887       16.334316       10.154625       7.0917544       1.0626419        1.784786       2.0307218       1.0002929      0.99886804   2.0742968e-09       65.961058      0.80549052      0.32321533      0.83607606     -0.15364315       13.989882        10977.31       5.5553066        5.5553066        10977.31                                10549.64                 23.136837                 395.70031                      8.8324737
              2       5496.6741       3.0308338       2.8926115       0.9607962      0.02192458      0.11824604     0.049541224       1.0409632       1.0032726       16.750923       9.4764918       7.0912434      0.98456571       2.0432811       2.0252431      0.99530437      0.99453187   2.0714498e-09       65.861729      0.80562305      0.32457084      0.83796524     -0.15338853       13.994404       10981.544       5.9018083        5.9018083       10981.544                               10553.783                  23.17472                 395.71971                      8.8666353
              4       5495.7292        3.030124       2.8973741      0.96087117     0.021936464      0.11834172     0.049070032       1.0409314       1.0032485       16.650492       10.074086       7.4436435        0.896444       1.9298837       1.9472461      0.99411104       0.9965847     2.06998e-09       65.882246      0.80543615       0.3246183      0.83783209     -0.14862594       13.989467       10979.736       5.8611833        5.8611833       10979.736                               10551.995                  23.16259                 395.70233                      8.8761795
              7       5493.9672       3.0308532       2.8992083      0.96254715     0.022112115      0.11731545     0.050446961       1.0409446        1.002068       14.899264       8.5690853       5.7886613      0.96297604       2.1441848       2.2818974      0.99524831      0.99850018     2.07149e-09       66.409957       0.8020166      0.31755175      0.82514446     -0.14679168       13.964856       10977.431       5.2515319        5.2515319       10977.431                               10549.866                 23.085348                 395.70361                      8.7761622
              3       5494.1574       3.0312081       2.9066442      0.96287084     0.022100728       0.1174626     0.050428291       1.0409575        1.002114       15.109146       9.7563111       6.5902279      0.90423656       1.9665879       1.9856097      0.99491811      0.99579265   2.0722251e-09       66.439131      0.80256064      0.31758319      0.82574506     -0.13935581       13.958333       10977.594       5.3604097        5.3604097       10977.594                               10550.046                 23.031025                 395.71925                      8.7975522
              6       5495.6752       3.0289632       2.9066442      0.96350194     0.022100728       0.1174626     0.050428291       1.0409575       1.0010835       14.411936       9.2096382       6.1855816      0.96052597       2.0955987       2.5637484      0.99334304      0.99118572   2.0675784e-09       66.439131      0.80184745      0.31758319      0.82501127     -0.13935581       13.958333       10980.372       5.4892027        5.4892027       10980.372                               10552.856                 22.888752                 395.72192                      8.9047983
              2       5497.5079       3.0295744       3.0051472      0.96811297     0.022138394      0.11868533     0.049884216       1.0406179       1.0007124       15.084149       10.199776       6.8985402      0.82922875       1.8004175       2.1301799      0.99464275      0.99220282   2.0688426e-09       67.062856      0.80379586      0.31454077      0.82304506      -0.0408528       13.866059       10984.469       5.2733416        5.2733416       10984.469                               10557.202                 22.188339                 395.71361                      9.3655767
              1       5499.8884       3.0299914       3.0051472      0.97182184     0.022138394      0.11868533     0.049884216       1.0406179       1.0013033       13.590062        8.901106       5.5519979      0.83892035       2.0028625       2.4228269      0.99452081      0.99200158   2.0697055e-09       67.062856      0.80508393      0.31454077      0.82436397      -0.0408528       13.866059       10988.994       5.3911223        5.3911223       10988.994                                10562.18                 21.536954                 395.73197                      9.5460077
              2       5498.6894       3.0294831       2.9977654      0.97107641     0.022158059       0.1187887      0.04951728        1.040645        1.001193       14.122671       8.9552486       5.7685685      0.89242811       2.0342137       2.5781577      0.99554039      0.99209638   2.0686538e-09       66.966458      0.80518376      0.31571872      0.82600856    -0.048234647       13.871411       10986.757       5.3108897        5.3108897       10986.757                               10559.963                  21.64878                 395.72515                      9.4203157
              2       5499.0106       3.0294619       2.9810775      0.97039213     0.022128009      0.11854946     0.049640331       1.0407057       1.0013655       13.722222       7.8113519       5.1410902      0.86743793       2.3176746       3.0346711      0.99555984      0.99436226   2.0686099e-09       66.854123      0.80490652      0.31617215      0.82631687    -0.064922469       13.889103       10987.637       5.1919069        5.1919069       10987.637                                10560.84                 21.718702                 395.71116                      9.3673666
              3        5502.859       3.0288922        2.990463      0.97058854     0.022119432      0.11879239     0.049035873       1.0406855       1.0014105       12.910034       7.7417292       3.9576913      0.85978983       2.5853876       3.3834439      0.98984698      0.99699206   2.0674317e-09       66.863013      0.80525196      0.31661562      0.82725107    -0.055537014        13.88177       10994.708       5.5050611        5.5050611       10994.708                               10567.864                 21.691599                 395.75736                      9.3953646
              2       5503.1446        3.033325        2.990463      0.96949025     0.022119432      0.11879239     0.049035873       1.0406855       1.0034608       14.303341       8.3690475       4.5800691       0.9394901       2.4852183        3.105361      0.99157511      0.99822818   2.0766166e-09       66.863013      0.80670679      0.31661562      0.82874564    -0.055537014        13.88177       10994.061       6.1139911        6.1139911       10994.061                               10567.268                 21.887808                 395.75155                      9.1538014
              4       5502.6484       3.0326216        3.008254      0.97033161     0.022123138      0.11896363     0.048490999       1.0406065        1.003491        13.96393       8.4418593       4.6444004       1.0306015       2.6022127       3.4499167      0.99161886      0.99252714   2.0751563e-09       66.984289      0.80657034      0.31586642      0.82762452    -0.037746042       13.865888       10992.516       6.3906344        6.3906344       10992.516                               10565.704                 21.766758                 395.78193                      9.2626183
              1       5504.5256         3.03282        3.008254      0.97161129     0.022123138      0.11896363     0.048490999       1.0406065       1.0037215       13.500248        7.898345       4.0160512       1.0594187       2.7365907       3.6434085      0.99148936      0.99035206   2.0755682e-09       66.984289      0.80703812      0.31586642      0.82810451    -0.037746042       13.865888        10995.61       6.7207843        6.7207843        10995.61                               10568.943                 21.554553                 395.78927                      9.3225496
             10       5509.4769        3.032736       3.0034328      0.97142946     0.022117697      0.11887493     0.048526939       1.0406135       1.0037553       13.580052       8.5195704       4.0198598       1.2071179       2.4049444       3.3532282      0.99097475      0.98651802   2.0753937e-09       66.957897      0.80684248      0.31590378      0.82795273    -0.042567224       13.870891       11004.495         7.22956          7.22956       11004.495                               10577.821                  21.57109                 395.78945                      9.3127654
              1       5509.6179       3.0229941       2.8108252      0.96118168     0.022132624      0.11646812     0.046415975       1.0405526       1.0035817       13.004507       6.6395484       3.1047723        1.158742       2.8787532       3.6786723      0.99182149      0.98094596   2.0552737e-09       65.572483      0.79813667      0.32375877      0.82913912     -0.23517482       14.066109       11003.313       7.9612855        7.9612855       11003.313                                10575.87                 22.946009                 395.87155                      8.6262127
              1       5510.8906       3.0191646       2.7973351      0.95901135     0.022019825      0.11706658     0.043817115       1.0404526       1.0037756       13.198848       6.8337791       3.3036504       1.1514853       2.9030662       3.7086258      0.99105203      0.98083632    2.047418e-09       65.083975      0.79879783      0.32977853      0.83750505     -0.24866494       14.097929       11005.457       8.1622251        8.1622251       11005.457                               10577.312                 23.239186                 396.22998                      8.6761035
              1       5509.7218       3.0195218       2.7967536       0.9594911     0.022026714      0.11680372     0.043928624        1.040555       1.0034998       12.227605       5.2818034       2.5134633       1.0881666       3.4793719       4.1224598      0.99833316      0.98636255   2.0481495e-09       65.208066       0.7983005      0.32792236      0.83462481     -0.24924635       14.093637       11006.026       6.7089232        6.7089232       11006.026                               10577.923                 23.237367                 396.22805                      8.6376836
              1       5509.7054        3.027657       2.7095268      0.95628042     0.021889109      0.11575701     0.049672204       1.0409272       1.0033589       12.187383        5.017086       2.3394846       1.1275724       3.5953506       4.1421727      0.99974409      0.98730489   2.0648796e-09       64.576309      0.80108069      0.33149585      0.84208258     -0.33647318       14.187841       11006.423       6.4940091        6.4940091       11006.423                                10578.03                  23.83995                 395.70466                      8.8483642
              3       5509.1223       3.0252177       2.8017298      0.95922208     0.021862569      0.11764364      0.04633135       1.0406941       1.0033943       12.765518       5.8983265         3.15863       1.0264919       3.4990411       4.0071266      0.99899993      0.98673063   2.0598488e-09       64.887288      0.80392563      0.33277958      0.84670784     -0.24427017       14.104345        11005.06       6.5923443        6.5923443        11005.06                               10576.822                 23.292958                   395.839                      9.1061129
              3       5507.7829       3.0213673       2.8842503      0.96544617     0.022116522      0.11704038     0.042712257       1.0409745       1.0056453       13.851722       6.6359746       3.9281875       1.0328194       3.2771003       3.8170151       1.0022217      0.98854873   2.0519328e-09       66.347359      0.79866817      0.31753089      0.82167247      -0.1617497       13.978292       10999.536       8.0151031        8.0151031       10999.536                               10571.371                 22.241302                 396.63784                      9.2849131
              3       5503.9595       3.0180858       2.8842503       0.9667491     0.022116522      0.11704038     0.042712257       1.0409745       1.0041786       13.601726        5.792484       2.9656933       1.1083475       3.4105434       4.0148916       1.0002206       0.9953415   2.0452104e-09       66.347359      0.79774288      0.31753089      0.82072053      -0.1617497       13.978292       10995.337       6.2908621        6.2908621       10995.337                               10567.185                 21.993406                 396.59468                      9.5637536
              1       5503.7354       3.0176404       2.8668609      0.96626798     0.022145011      0.11656916     0.042919517       1.0410011       1.0042096       13.494793       5.7015323       2.8427568        1.078421        3.400478       3.9876866      0.99980758      0.99577343   2.0442998e-09       66.344205      0.79632265      0.31654888      0.81799158      -0.1791391       13.991171       10994.886       6.2923908        6.2923908       10994.886                               10566.628                  22.05714                 396.58818                      9.6127074
              4       5503.8446       3.0150558       2.8773911      0.96550648     0.022188769      0.11724186     0.041136958       1.0408626       1.0038086       13.410038       5.6386481       2.7995121       1.0436252        3.400307       3.9657063       0.9989601      0.99416817   2.0390229e-09       66.218161      0.79665869      0.31939291      0.82200472     -0.16860892       13.982488       10995.447       6.1211721        6.1211721       10995.447                                10566.78                 22.196577                 397.05758                      9.4129436
             12        5506.305       3.0108674       2.8553339      0.96374452     0.022023118      0.11732854     0.038131743       1.0409394       1.0049649       13.565038       6.2273597       3.3085724      0.90659069       3.4777508       4.0392704      0.99749702      0.99508409   2.0305005e-09        65.82439      0.79626619      0.32303519      0.82627111     -0.19066612       14.021144       10998.791       6.9094187        6.9094187       10998.791                               10569.111                 22.326125                 397.93399                      9.4204868
              1       5506.0359       3.0290859       2.8829177      0.96720648     0.022166787      0.11737483     0.048375691        1.041416       1.0035906        13.71124       5.5653444       2.8860134       1.0447324       3.1556829        3.447735       0.9981144      0.99105527   2.0678322e-09       66.400158      0.80364128      0.31789822      0.82726692     -0.16308235       13.962636       10999.603       6.2344797        6.2344797       10999.603                               10572.691                 22.086468                 395.75771                      9.0673946
              4       5503.0372       3.0333184       2.8829177      0.96546727     0.022166787      0.11737483     0.048375691        1.041416       1.0054762       14.618395       6.3099146        3.783062       1.0744676       2.9462328       3.3670445      0.99596033      0.99078587   2.0766029e-09       66.400158      0.80482534      0.31789822      0.82848579     -0.16308235       13.962636       10990.694       7.6904651        7.6904651       10990.694                               10563.661                 22.430263                 395.74534                      8.8564867
              4       5504.0698       3.0294957       2.9146136      0.96634707     0.022236831      0.11779957     0.046340927       1.0410825       1.0050984       14.308758        6.611377       3.8506825      0.98059606       3.0748577       3.4975492      0.99136523      0.98665922   2.0686797e-09       66.564143      0.80330765        0.317462      0.82635594     -0.13138643       13.933629       10991.885       8.1274638        8.1274638       10991.885                               10564.679                 22.288045                 395.94029                      8.9776386
              3       5503.3442       3.0318338       2.8190382      0.96265671     0.022078052      0.11636984     0.049073228       1.0413144       1.0055261       15.690116       8.4990966         5.63036       0.8970622       1.9262055       2.0636378      0.99836265       1.0018028   2.0735221e-09       65.908515      0.80244425      0.32011703      0.82891239      -0.2269618       14.039207       10992.172       7.2579611        7.2579611       10992.172                               10565.027                 22.766535                 395.68823                       8.690803
              5       5501.7154        3.031783       2.8265858      0.96367691     0.022106533      0.11606619      0.04903999       1.0413649       1.0057865       15.563961       8.9194716       5.8378753      0.88568471       1.8555407       2.0259476      0.99769946       1.0007429   2.0734169e-09       66.143183      0.80136017      0.31722341      0.82404274     -0.21941424       14.025282       10988.445         7.49313          7.49313       10988.445                               10561.394                 22.601054                 395.67248                      8.7774478
              1       5497.8513       3.0303444       2.8583008      0.96580055     0.022062417      0.11602347     0.048225589       1.0411878       1.0061765       14.992854       8.7274462       5.4976199       1.0506106       2.0452831       2.5552927      0.99411879      0.99365488   2.0704363e-09       66.433754      0.80021775      0.31426938      0.81902769     -0.18769916       14.000782        10979.28       8.2113939        8.2113939        10979.28                               10552.154                 22.197471                 395.75243                      9.1756244
              1       5497.3663       3.0135574       2.8583008      0.96603463     0.022062417      0.11602347     0.048225589       1.0411878      0.99800219       14.731159       8.8323918       5.3660144       1.0289139       2.1707557       2.6275544      0.99453516      0.99544848   2.0359698e-09       66.433754      0.79359778      0.31426938      0.81225212     -0.18769916       14.000782       10984.018       5.3574561        5.3574561       10984.018                               10555.573                 22.126427                 395.77546                      10.542408
              1       5498.9431       3.0128798       2.7921441      0.96097119     0.021923895      0.11626462     0.049308102       1.0408426      0.99735737       14.163442       9.5743413       5.7409674       1.0851073       1.8226117       2.3841697      0.99417987      0.99515946   2.0345908e-09       65.356048      0.79515772      0.32493449      0.82754298     -0.25385586       14.098219       10986.625       5.6304578        5.6304578       10986.625                               10558.863                 22.781206                 395.67475                       9.306371
              5       5498.2955       3.0146298       2.7921441      0.95657996     0.021923895      0.11626462     0.049308102       1.0408426      0.99775362       15.994847       10.395211       7.0727412       1.3423515       1.5713026       2.2533952       1.0031789      0.99245319   2.0381544e-09       65.356048      0.79458951      0.32493449      0.82695163     -0.25385586       14.098219       10985.543       5.5242512        5.5242512       10985.543                               10557.088                 23.807953                  395.6669                      8.9795811
              5       5496.9078       3.0123478       2.7372109      0.95444168      0.02198339      0.11524023      0.04791616       1.0412828      0.99799341       13.036443       9.0287682       5.3754437       1.0061966       2.0606108        2.848688      0.99345359      0.99473074   2.0335087e-09       65.269999      0.79170411       0.3235059      0.82213545      -0.3087891       14.134428       10982.895       5.4604706        5.4604706       10982.895                               10554.072                 24.357792                 395.67436                      8.7901263
              1       5499.7729       3.0110733       2.7372109       0.9550405      0.02198339      0.11524023      0.04791616       1.0412828      0.99673301       12.882625       9.0462662       5.2129785      0.93744363       2.1886211       2.9065887       0.9943004      0.99753624   2.0309185e-09       65.269999      0.79137038       0.3235059      0.82178889      -0.3087891       14.134428       10987.882       5.8318909        5.8318909       10987.882                               10559.141                 24.314569                 395.70079                      8.7262422
              1        5499.594       3.0061223       2.7210305      0.95189466     0.021948366      0.11604034     0.045960157       1.0407454      0.99576904       13.649033       7.1067989       4.2336426       1.0846924       2.2893777       2.9174663      0.99379149      0.99676318   2.0208884e-09       64.598361      0.79131656      0.33209506      0.83257015     -0.32496954       14.175728       10986.263       6.4624486        6.4624486       10986.263                               10557.042                 24.874017                 395.85181                      8.4955241
              3       5498.3426       3.0086701       2.6867045       0.9508691     0.021878603      0.11544825     0.048077674       1.0408331      0.99582481       13.776376       7.9219242       4.8459631      0.83790181       2.2438812       2.5986783      0.99479264      0.99559717   2.0260438e-09         64.3809      0.79168639      0.33273195      0.83375759     -0.35929547       14.215872        10983.86       6.4123352        6.4123352        10983.86                               10554.692                 25.061902                 395.68575                      8.4206541
              4       5500.0128       3.0047762       2.6336214      0.94855602     0.021898557      0.11442246      0.04682853       1.0408646      0.99615622        13.41669       7.6246975       4.4676754       0.8235412       2.2686703       2.6138788      0.99465925      0.99561428   2.0181699e-09       64.149316      0.78782876      0.33267322      0.82962174     -0.41237859       14.267913       10987.613        6.206014         6.206014       10987.613                               10558.077                 25.504991                 395.72404                       8.307011
             11       5499.6571       3.0063342       2.6772235      0.95311453     0.021934877      0.11362035     0.047413953       1.0410239        0.997156       14.144827       8.0982504       5.0217329      0.85387164       2.2937927       2.6387014      0.99221167      0.99677884   2.0213167e-09       65.022599       0.7854992      0.32200301      0.81379512     -0.36877649        14.20689       10987.739       5.7874901        5.7874901       10987.739                               10558.524                 24.482485                 395.71666                      9.0165459
              1       5501.5316       3.0105116       2.6772235      0.94931965     0.021934877      0.11362035     0.047413953       1.0410239      0.99880004       15.076484       8.7794795       5.9739513      0.79652589        1.770726       1.8531503      0.99062158      0.99271611   2.0297781e-09       65.022599      0.78607697      0.32200301      0.81439371     -0.36877649        14.20689       10991.852       5.6054961        5.6054961       10991.852                               10561.984                  25.57947                 395.68512                      8.6033087
              1       5502.6137       3.0109075       2.6772235      0.94905546     0.021934877      0.11362035     0.047413953       1.0410239      0.99913265       15.713357       9.2681799       6.8180255      0.74601298       1.5160622       1.6426231      0.99091271      0.99404518    2.030582e-09       65.022599      0.78615864      0.32200301      0.81447831     -0.36877649        14.20689       10994.356       5.4356314        5.4356314       10994.356                               10564.427                 25.628512                 395.68899                      8.6121143
              2       5497.1404       3.0118879       2.6904509      0.94949116     0.021956441      0.11396818     0.047411868       1.0411109       1.0005609       16.911459       11.458582       8.4965482      0.81303632       1.1472459       1.3450182      0.99049381      0.99167078   2.0325737e-09       65.098479      0.78737801      0.32212959      0.81590193     -0.35554914       14.188757       10983.063       5.6091375        5.6091375       10983.063                               10553.083                 25.314413                 395.71483                      8.9499566
              8       5496.4669       3.0184351       2.6598361       0.9495753     0.021932086      0.11309558     0.051784326       1.0413811       1.0005548       18.012669       12.383871       9.1885457      0.91641719       1.3311308       1.4283366      0.99893284      0.99586343   2.0459249e-09       65.120045      0.78839025      0.31978925      0.81397777     -0.38616389       14.213304       10983.132        4.901128         4.901128       10983.132                               10553.194                 25.371286                 395.77765                      8.7888004
              2       5496.6533        3.024167       2.6598361      0.95217032     0.021932086      0.11309558     0.051784326       1.0413811       1.0036252       16.632621       10.858979       7.7119281       1.0523152       1.5952968        1.644488      0.99627062      0.99445832   2.0576858e-09       65.120045      0.79138518      0.31978925       0.8170699     -0.38616389       14.213304       10981.187       6.0596848        6.0596848       10981.187                               10552.185                 24.637363                 395.79808                      8.5666214
              1       5497.5067       3.0189153       2.6598361      0.95645419     0.021932086      0.11309558     0.051784326       1.0413811       1.0018927       15.988423       9.1301594       6.5857181       1.0463063       1.7799601       1.9104802      0.99431011      0.99532353   2.0469076e-09       65.120045      0.79051921      0.31978925      0.81617583     -0.38616389       14.213304       10984.327       5.3430737        5.3430737       10984.327                               10555.917                 23.453924                 395.75954                      9.1967198
              1       5502.9674       3.0254215       2.5693729      0.95116959     0.022019704      0.11294962     0.055461107       1.0419959       1.0010318       13.943265       7.8090479       5.2202568      0.81011238       1.8923083       2.1291941      0.99581772        0.997467   2.0602686e-09       64.375989      0.79442691      0.32704739      0.82946614      -0.4766271       14.286653       10995.955        4.989962         4.989962       10995.955                               10566.514                 24.803712                 396.40481                      8.2322197
              1        5501.838       3.0262721       2.5880846      0.95254796     0.022079825      0.11290158     0.055864997       1.0420093       1.0009817       13.268122       7.3061834       4.7232687      0.94797784       2.3109395       2.8554967      0.99390052      0.99556789   2.0620219e-09       64.664484      0.79406678      0.32417201      0.82543743     -0.45791539       14.258514       10993.383       5.1465891        5.1465891       10993.383                               10564.101                 24.560216                 396.46198                      8.2599096
              5       5499.1245       3.0286429       2.5880846      0.95159549     0.022079825      0.11290158     0.055864997       1.0420093       1.0020401       12.947266       6.7090309       4.0512161      0.71081985       2.6396548       2.8408593      0.99244487      0.98970532   2.0669163e-09       64.664484       0.7947403      0.32417201      0.82613756     -0.45791539       14.258514       10986.382       5.9335268        5.9335268       10986.382                               10556.896                 24.831767                 396.45641                      8.1979469
              2       5499.9189       3.0275843       2.5880846      0.95240469     0.022079825      0.11290158     0.055864997       1.0420093       1.0016076       12.293695       6.2420533       3.4826749      0.76277871       2.6567185       2.9792063      0.99215758      0.98992387   2.0647295e-09       64.664484      0.79454759      0.32417201      0.82593723     -0.45791539       14.258514       10988.223       5.8071669        5.8071669       10988.223                               10558.912                 24.602201                 396.47512                      8.2344407
              2       5501.1031       3.0291175       2.5119057      0.94943555     0.022054942      0.11162467     0.058554908       1.0420393       1.0015749       13.435276        7.732912       4.8367095      0.69149418       2.1502872       2.3426437      0.99434762      0.99249957   2.0678975e-09       64.211165      0.79269146      0.32557735      0.82579195     -0.53409427       14.341615       10991.357       5.4247034        5.4247034       10991.357                               10560.827                 25.190172                 397.25792                      8.0818002
              2       5499.6885       3.0250413       2.5689448      0.95269537     0.022016834      0.11172912     0.056434992       1.0415989       1.0019257       13.905406       8.0081472       5.2300275      0.70030757       1.9982814       2.3611957      0.99685746      0.99437499   2.0594855e-09       64.676626      0.79010646      0.32108927      0.81740611     -0.47705517       14.294381       10988.798       5.2895038        5.2895038       10988.798                               10559.491                 24.298838                 396.54757                      8.4604696
              7       5499.9199       3.0215381       2.5732463      0.95261262     0.022075525      0.11170683     0.054396834       1.0415349       1.0020316       12.561506       7.3281061       4.2014005      0.70972461       2.5006058       2.7792254      0.99905168      0.99356955   2.0522834e-09       64.760466      0.78814465      0.32034693      0.81443342     -0.47275367       14.285212       10989.186       5.3266964        5.3266964       10989.186                               10560.164                 24.296521                 396.08682                      8.6391149
              4       5499.5503       3.0243903         2.60122       0.9552411     0.022171681      0.11144466     0.055488966        1.041774       1.0023195       12.762081       7.1896638       4.1042706      0.79783742       2.4571054       2.7586242      0.99863429      0.99410871   2.0581452e-09       65.338316      0.78783447       0.3143277      0.80642815        -0.44478       14.234805       10988.303         5.39853          5.39853       10988.303                                10559.05                 23.883707                 396.20201                      9.1676232
              3       5499.0237        3.025191         2.60122       0.9552444     0.022171681      0.11144466     0.055488966        1.041774       1.0027109       13.650328       8.0931979       5.2420103      0.83824498        2.045013       2.3751089      0.99775027      0.99157068   2.0597939e-09       65.338316       0.7881509       0.3143277      0.80675204        -0.44478       14.234805        10986.54       5.7537674        5.7537674        10986.54                               10557.349                 23.884313                 396.20201                      9.1045441
              1       5501.2896       3.0245319         2.60122      0.95675386     0.022171681      0.11144466     0.055488966        1.041774       1.0025466        13.73312        7.282893       4.8607395      0.87584457       1.9194754       2.1770858      0.99700033      0.99154708   2.0584366e-09       65.338316      0.78831642       0.3143277      0.80692147        -0.44478       14.234805       10991.167       5.7063131        5.7063131       10991.167                               10562.226                 23.507249                 396.20602                        9.22748
              1       5501.5967       3.0257032       2.5834216      0.95600194     0.022169017      0.11123147     0.056480073       1.0418176       1.0024037       12.745513       7.8284923       4.5177922      0.77203146       1.8210842       1.9318857      0.99244702      0.99158897   2.0608491e-09       65.216593      0.78849183      0.31498769      0.80794791     -0.46257841       14.252955       10991.421         5.88643          5.88643       10991.421                               10562.301                 23.665839                 396.44571                      9.0082933
              5       5502.8948       3.0243975       2.5827444      0.95437033     0.022152648      0.11210286     0.055164239       1.0417692       1.0020379       12.935434       9.1295701       5.2715125      0.76873723       1.6145077       1.7664531      0.99039228      0.98745344   2.0581601e-09       64.866186      0.79067925      0.32043182      0.81716082     -0.46325564       14.260872       10993.057       6.3661146        6.3661146       10993.057                               10564.352                  23.99783                 396.20326                      8.5043302
              2       5503.8796       3.0227749       2.5827444      0.95481068     0.022152648      0.11210286     0.055164239       1.0417692       1.0018534       13.034704       8.8923184        5.035925      0.54961072       1.6943456       1.6205341      0.98844849      0.98298948   2.0548233e-09       64.866186      0.79016164      0.32043182      0.81662587     -0.46325564       14.260872       10993.411       7.1740414        7.1740414       10993.411                                10564.68                 23.791159                 396.19811                      8.7416272
