{
  "dataset": "Galaxy Zoo DESI",
  "total_galaxies": 8670000,
  "sample_size": 100000,
  "spirals_analyzed": 335323,
  "total_cw": 168164,
  "total_ccw": 167159,
  "global_asymmetry": 0.0029971102489241715,
  "redshift_bins": {
    "z_centers": [
      0.029750000000000002,
      0.06925,
      0.10875,
      0.14825,
      0.18775000000000003,
      0.22725,
      0.26675000000000004,
      0.30625,
      0.34575,
      0.38525,
      0.42475,
      0.46425,
      0.5037499999999999,
      0.54325,
      0.5827500000000001,
      0.62225,
      0.6617500000000001,
      0.7012499999999999,
      0.74075,
      0.7802500000000001
    ],
    "asymmetry": [
      0.0031610535097290086,
      0.002733358541322645,
      0.003022140805154754,
      0.0033611413910141366,
      0.002388971056532507,
      0.0023001061318367274,
      0.003122268177467191,
      0.0026359163601446427,
      0.0019407693906712184,
      0.0023736115371806956,
      0.0018007353548400607,
      0.001732770825615251,
      0.0020226964854899976,
      0.000883868571634313,
      0.0009193968177915164,
      0.001444465614585826,
      0.0011652185493571663,
      0.001776928471188107,
      0.0011159936800133909,
      0.0008159777185804142
    ],
    "errors": [
      0.005748360693495598,
      0.005008207665589654,
      0.004606241170869746,
      0.004472404307308829,
      0.004584166676875988,
      0.004960351633933538,
      0.005666199853985771,
      0.0068328266790392235,
      0.008698283432668754,
      0.011689711619540431,
      0.016583953170166487,
      0.024837535026770382,
      0.039283710065919304,
      0.06565321642986127,
      0.1,
      0.1,
      0.1,
      0.1,
      0.1,
      0.1
    ],
    "n_galaxies": [
      30263,
      39869,
      47131,
      49994,
      47586,
      40642,
      31147,
      21419,
      13217,
      7318,
      3636,
      1621,
      648,
      232,
      100,
      100,
      100,
      100,
      100,
      100
    ]
  },
  "model_prediction": {
    "z": [
      0.029750000000000002,
      0.06925,
      0.10875,
      0.14825,
      0.18775000000000003,
      0.22725,
      0.26675000000000004,
      0.30625,
      0.34575,
      0.38525,
      0.42475,
      0.46425,
      0.5037499999999999,
      0.54325,
      0.5827500000000001,
      0.62225,
      0.6617500000000001,
      0.7012499999999999,
      0.74075,
      0.7802500000000001
    ],
    "A_z": [
      0.0029126964332233923,
      0.0028024906919082372,
      0.0026982965361044076,
      0.002599626462810124,
      0.002506047743894175,
      0.0024171746103113178,
      0.0023326617697134954,
      0.002252198995568188,
      0.0021755065836386945,
      0.0021023315153877132,
      0.0020324442012462918,
      0.0019656357024003795,
      0.0019017153497069806,
      0.001840508693963212,
      0.0017818557340480328,
      0.0017256093792063125,
      0.0016716341095243782,
      0.00161980480489047,
      0.0015700057177739965,
      0.00152212956924806
    ],
    "parameters": {
      "A0": 0.003,
      "p": 0.5,
      "q": 0.5
    },
    "equation": "A(z) = A0(1+z)^{-p} exp(-qz)"
  },
  "note": "Synthetic data based on published GZ statistics and paper model"
}