ra,dec,total_flux_144,peak_flux_144,compactness,angular_size,spectral_index_nvss,spectral_index_first,type,log_total_flux,log_angular_size,recon_error,error_sigma,radio_class,is_uss,panstarrs_match,wise_match,optical_id,no_optical_counterpart
221.13013,34.21307,1032.6007,932.9578,0.8527,1.295,0.764,0.402,anomaly,3.013932415119527,0.11226976841727061,3.1018245,23.165651,gps_candidate,False,False,False,False,True
130.48428,37.28347,952.9201,986.5268,0.9587,3.829,1.945,0.307,anomaly,2.979056487643758,0.5830853663476876,2.9746764,22.199759,gps_candidate,False,False,True,True,False
145.49839,40.09869,874.3745,964.493,0.9951,2.277,0.9,0.369,anomaly,2.9416974834901666,0.3573630306151428,2.806862,20.92494,gps_candidate,False,True,True,True,False
202.71281,56.25568,998.5229,830.9157,0.8836,2.538,1.741,-0.47,anomaly,2.9993580293765683,0.4044916177586859,2.711861,20.203255,gps_candidate,False,False,False,False,True
240.3223,49.77207,1000.9414,925.2901,0.9243,1.893,0.536,0.214,anomaly,3.0004086525026965,0.27715061396379675,2.6540146,19.763819,gps_candidate,False,True,True,True,False
220.8842,49.84831,998.5212,881.5259,0.8868,1.524,0.801,0.152,anomaly,2.9993572899831626,0.1829849670035817,2.5298562,18.820637,gps_candidate,False,False,True,True,False
174.66432,42.14906,1023.2161,978.4148,0.9848,3.339,1.547,0.359,anomaly,3.0099673650184364,0.5236164190543707,2.5234976,18.772333,gps_candidate,False,True,True,True,False
126.51769,29.77244,1025.2977,818.7712,0.9063,3.558,1.963,0.252,anomaly,3.0108499831435234,0.5512059437479062,2.4660876,18.336212,gps_candidate,False,True,True,True,False
210.74655,24.74472,977.0987,886.6337,0.9506,1.498,1.222,0.223,anomaly,2.9899384354693663,0.17551181336344768,2.4617424,18.303204,gps_candidate,False,True,True,True,False
237.69846,60.45997,970.4175,986.3288,0.9918,2.38,1.51,0.013,anomaly,2.9869586197679396,0.37657695705651195,2.4543862,18.247322,gps_candidate,False,True,False,True,False
200.75602,20.15915,992.1699,911.0212,0.8648,2.542,1.82,-0.145,anomaly,2.996586047471187,0.40517554621798935,2.4018579,17.848286,gps_candidate,False,True,False,True,False
204.30724,32.22047,974.1446,887.7052,0.8715,1.855,1.509,-0.406,anomaly,2.988623427434034,0.26834391395106466,2.3767204,17.657326,gps_candidate,False,True,False,True,False
235.90332,46.19322,848.6116,920.656,0.9963,2.239,1.265,0.363,anomaly,2.928708964010326,0.3500540935790302,2.3318942,17.3168,gps_candidate,False,True,True,True,False
202.51301,44.64009,997.1723,852.1059,0.8318,3.363,1.673,0.46,anomaly,2.9987702059285724,0.5267268673146356,2.3081174,17.136177,gps_candidate,False,True,False,True,False
223.89272,46.12418,988.4963,871.4367,0.8787,2.993,1.475,0.102,anomaly,2.994975048062852,0.4761067168401914,2.3012798,17.084234,gps_candidate,False,False,False,False,True
168.40752,24.98777,848.5849,938.1522,0.9651,1.873,1.498,-0.433,anomaly,2.928695299519894,0.2725377773752374,2.265583,16.81306,gps_candidate,False,True,True,True,False
139.85982,21.3706,927.8315,753.7753,0.9003,3.056,1.911,-0.138,anomaly,2.9674691127871315,0.48515334990365233,2.2520208,16.710033,gps_candidate,False,False,False,False,True
162.83259,29.99446,900.1189,808.0462,0.8487,1.491,0.652,0.189,anomaly,2.9542998807762664,0.17347764345299457,2.2256305,16.509556,gps_candidate,False,True,False,True,False
140.38604,34.49625,988.957,929.5791,0.895,3.511,1.506,-0.297,anomaly,2.9951774088179026,0.5454308294653513,2.213638,16.418455,gps_candidate,False,False,False,False,True
166.0137,57.40528,961.0146,901.2021,0.9745,2.249,0.651,0.065,anomaly,2.982729985640731,0.3519894554356322,2.2134407,16.416956,gps_candidate,False,True,False,True,False
174.26407,31.90758,919.8634,789.3309,0.9301,1.06,1.33,-0.306,anomaly,2.96372333926852,0.02530586526477026,2.204983,16.352705,gps_candidate,False,True,True,True,False
169.79508,43.72403,978.8185,720.5745,0.8186,2.503,1.958,0.431,anomaly,2.9907021690696043,0.39846084960822326,2.1931493,16.26281,gps_candidate,False,True,False,True,False
163.07266,51.09418,948.0131,845.4153,0.8899,1.0,1.098,-0.363,anomaly,2.9768143386233032,0.0,2.1927848,16.26004,gps_candidate,False,False,True,True,False
223.36506,25.39135,989.7142,779.5635,0.8782,2.237,1.473,-0.058,anomaly,2.995509801382923,0.3496659840966297,2.1734214,16.112944,gps_candidate,False,False,False,False,True
183.9593,25.40164,918.3464,825.6426,0.9015,1.379,1.647,-0.088,anomaly,2.963006527859276,0.13956426617584977,2.16762,16.068872,gps_candidate,False,False,False,False,True
130.48689,61.27599,926.1721,940.4256,0.9362,1.662,1.592,-0.119,anomaly,2.96669169417186,0.22063101944809216,2.162836,16.032532,gps_candidate,False,False,False,False,True
143.74443,53.72309,858.242,779.171,0.9011,2.976,0.611,0.375,anomaly,2.933609763892663,0.47363292687384106,2.1300616,15.783558,gps_candidate,False,True,False,True,False
142.15124,55.12803,929.93,852.9255,0.8819,1.917,1.448,-0.172,anomaly,2.968450258491677,0.2826221128780626,2.1223972,15.725334,gps_candidate,False,False,False,False,True
148.02401,40.46052,946.0041,847.6415,0.8836,2.815,1.188,-0.434,anomaly,2.9758930186465253,0.44947839918736504,2.1036007,15.582545,gps_candidate,False,False,False,False,True
223.29556,51.03103,883.6834,954.0004,0.9961,3.077,1.315,-0.416,anomaly,2.9462966968446547,0.48812749624745844,2.1030507,15.578366,gps_candidate,False,True,False,True,False
240.39161,59.44968,957.9837,878.6132,0.9656,3.547,1.198,-0.072,anomaly,2.9813581196628043,0.5498611884719428,2.0973594,15.535132,gps_candidate,False,True,True,True,False
224.13918,62.69716,935.6922,881.7421,0.923,2.795,1.944,-0.027,anomaly,2.971133009180688,0.4463818122224421,2.0890315,15.4718685,gps_candidate,False,True,False,True,False
225.53867,21.58248,920.8005,777.4971,0.8934,3.776,1.461,-0.297,anomaly,2.964165546446216,0.5770319856260313,2.0576732,15.233652,gps_candidate,False,False,False,False,True
197.0893,36.98877,820.5333,628.6766,0.8224,2.423,1.822,-0.388,anomaly,2.914096210876967,0.38435341413750623,2.0535161,15.202072,gps_candidate,False,True,True,True,False
135.75285,56.21859,923.2476,780.3197,0.9271,3.819,1.55,-0.156,anomaly,2.965318187367575,0.5819496583733178,2.040278,15.101507,gps_candidate,False,True,False,True,False
239.78562,39.06992,915.0828,785.2017,0.8619,2.581,1.725,0.005,anomaly,2.961460392379209,0.4117880045438689,2.038524,15.088182,gps_candidate,False,False,False,False,True
152.4775,32.56144,831.0965,880.1461,0.9735,1.774,1.948,-0.2,anomaly,2.919651453368134,0.2489536154957076,2.0368986,15.075836,gps_candidate,False,True,True,True,False
205.70623,36.69298,903.6138,814.9254,0.9056,3.559,1.351,-0.45,anomaly,2.955982854849128,0.551327988003846,2.035236,15.063205,gps_candidate,False,False,False,False,True
131.34028,58.0477,935.7491,953.0022,0.8545,3.005,1.22,-0.13,anomaly,2.971159418083845,0.4778444763387583,2.0283356,15.010786,gps_candidate,False,False,True,True,False
177.70843,31.94738,944.4819,834.2379,0.9218,3.804,0.983,-0.309,anomaly,2.9751936395416605,0.5802405082653763,2.0241973,14.979349,gps_candidate,False,False,False,False,True
134.83743,59.69789,871.6156,780.1665,0.8851,2.467,0.622,0.189,anomaly,2.940324994558716,0.392169149489736,2.018099,14.933023,gps_candidate,False,False,False,False,True
198.52331,41.31237,948.7659,927.026,0.9369,1.164,1.051,-0.325,anomaly,2.977159067137424,0.06595298031386965,2.0139594,14.901576,gps_candidate,False,True,True,True,False
130.12427,20.89198,941.206,793.6026,0.8944,2.587,0.506,0.105,anomaly,2.973684687053267,0.41279642871654343,2.0085702,14.860636,gps_candidate,False,False,False,False,True
182.63008,25.43498,986.8251,780.0338,0.8064,1.525,0.951,0.16,anomaly,2.9942401872839155,0.1832698436828046,2.0045319,14.829959,gps_candidate,False,False,False,False,True
248.69097,35.23307,882.178,764.635,0.9139,3.835,1.544,-0.348,anomaly,2.9455562230210135,0.5837653682849998,1.9771128,14.621667,gps_candidate,False,True,True,True,False
154.19519,40.04697,888.5532,873.7742,0.9739,3.149,1.593,0.409,anomaly,2.948683435264293,0.4981726606365439,1.9723895,14.585786,gps_candidate,False,False,False,False,True
243.87982,34.43127,1048.2298,535.2261,0.4295,43.141,-0.982,-0.951,resolved_agn,3.02045650204812,1.634890207744932,1.9437109,14.367927,unclassified_anomaly,False,True,True,True,False
215.39412,36.28242,796.0128,682.8205,0.8994,1.364,1.58,-0.497,anomaly,2.9009200513113798,0.13481437032046015,1.9412578,14.349291,gps_candidate,False,False,False,False,True
240.18025,44.60219,880.7869,788.1529,0.9102,1.184,0.534,0.018,anomaly,2.9448708467220728,0.07335170238690095,1.92506,14.226243,gps_candidate,False,True,False,True,False
243.79949,45.2907,929.8622,899.6423,0.9506,2.388,1.339,-0.39,anomaly,2.9684185934853544,0.3780343224573315,1.9172834,14.167167,gps_candidate,False,True,True,True,False
157.63757,60.19946,905.0042,787.2025,0.8673,3.399,1.274,0.271,anomaly,2.9566505947108292,0.5313511645830596,1.9161997,14.158935,gps_candidate,False,False,True,True,False
173.32539,59.12481,897.8785,774.7004,0.9666,1.763,0.661,0.076,anomaly,2.9532175723582137,0.24625231229932198,1.9010397,14.04377,gps_candidate,False,False,False,False,True
208.11729,38.74024,723.9065,822.1176,0.9695,1.903,1.918,-0.029,anomaly,2.8596824762022277,0.27943878828702046,1.9000744,14.036437,gps_candidate,False,False,False,False,True
200.11981,58.51851,831.3957,739.8302,0.9828,1.176,1.472,-0.28,anomaly,2.9198077739937447,0.07040732174011965,1.8917716,13.973364,gps_candidate,False,True,False,True,False
135.63393,51.50516,920.6,808.023,0.8562,2.674,0.727,-0.368,anomaly,2.9640709705579553,0.42716140292596555,1.8851981,13.923428,gps_candidate,False,True,False,True,False
136.21696,32.24224,848.141,793.6241,0.9673,1.413,0.601,0.124,anomaly,2.928468057954341,0.1501421618485586,1.8787352,13.874331,gps_candidate,False,False,True,True,False
154.05817,40.03648,865.4683,833.143,0.804,1.873,1.962,-0.217,anomaly,2.937251165351561,0.2725377773752374,1.8751947,13.847436,gps_candidate,False,True,True,True,False
132.85318,24.82581,937.0272,865.6992,0.9352,3.287,0.836,-0.316,anomaly,2.9717521977591286,0.5167997040816243,1.8580841,13.717453,gps_candidate,False,False,True,True,False
191.56479,24.06319,954.1568,713.495,0.816,3.945,0.635,-0.301,anomaly,2.979619749734612,0.596047007545439,1.8322589,13.52127,gps_candidate,False,False,True,True,False
139.64989,23.73542,873.2441,802.8843,0.8945,2.925,1.467,-0.207,anomaly,2.941135660045614,0.46612587041819925,1.8308716,13.510731,gps_candidate,False,False,True,True,False
156.63538,60.15228,767.0051,731.2426,0.9465,1.406,0.764,0.483,anomaly,2.884798251686261,0.14798532068380513,1.8269722,13.48111,gps_candidate,False,False,False,False,True
201.00849,55.95856,922.6035,680.8,0.8169,1.382,0.988,-0.101,anomaly,2.965015097820268,0.14050804303817957,1.8212035,13.437286,gps_candidate,False,False,True,True,False
198.607,41.10993,884.783,829.5797,0.8816,2.231,0.603,-0.107,anomaly,2.946836769614873,0.3484995702838377,1.8198568,13.427055,gps_candidate,False,True,False,True,False
199.93199,40.14569,835.1573,749.1316,0.9076,1.507,1.437,0.383,anomaly,2.921768281577202,0.1781132523146318,1.8021188,13.292307,gps_candidate,False,True,False,True,False
222.65791,29.39125,916.3462,728.0086,0.8644,1.349,1.113,0.171,anomaly,2.9620595832137693,0.13001194967190424,1.7790258,13.116879,gps_candidate,False,True,False,True,False
175.99975,58.36647,859.7945,680.1103,0.8339,2.013,1.395,-0.038,anomaly,2.93439466266132,0.3038437748886545,1.772858,13.070025,gps_candidate,False,True,False,True,False
208.42566,34.51398,894.3941,932.9874,0.9858,1.946,0.894,-0.253,anomaly,2.9515289256654533,0.2891428359323331,1.7594718,12.968335,gps_candidate,False,False,False,False,True
234.6583,40.08738,743.208,762.9733,0.9795,1.072,0.767,0.32,anomaly,2.8711103758202947,0.03019478535675124,1.7590277,12.964962,gps_candidate,False,False,True,True,False
199.27238,62.39067,781.102,782.988,0.9558,2.309,1.259,0.498,anomaly,2.892707749811621,0.3634239329171764,1.7516378,12.908824,gps_candidate,False,False,True,True,False
162.51315,51.72172,720.7937,516.5134,0.8395,1.617,1.69,-0.338,anomaly,2.8578109820953226,0.20871001990640115,1.7494671,12.892334,gps_candidate,False,True,True,True,False
124.0033,54.14588,841.9135,675.6471,0.8763,1.122,1.994,0.48,anomaly,2.925267473444485,0.049992856920142645,1.7477415,12.879225,gps_candidate,False,False,False,False,True
190.61527,22.20735,880.8526,730.6562,0.9803,3.324,0.97,0.247,anomaly,2.9449032405773132,0.5216610151120734,1.7096924,12.59018,gps_candidate,False,False,True,True,False
163.26612,51.60813,1107.0054,459.1468,0.4827,40.214,-0.865,-0.842,resolved_agn,3.0441497393832235,1.6043772735885633,1.7080842,12.577965,unclassified_anomaly,False,False,False,False,True
177.02518,39.79084,861.8849,720.8122,0.957,2.235,0.877,0.381,anomaly,2.935449272051531,0.34927752746795526,1.6997194,12.5144205,gps_candidate,False,True,True,True,False
172.278,59.31929,900.4164,749.4442,0.8724,3.05,0.638,-0.18,anomaly,2.954443396551316,0.48429983934678583,1.6963838,12.489081,gps_candidate,False,False,False,False,True
241.05677,21.11426,819.5418,707.4802,0.9047,3.932,1.582,-0.272,anomaly,2.9135711092748937,0.594613509160098,1.6854899,12.406324,gps_candidate,False,False,True,True,False
228.02188,64.31438,841.8702,859.4074,0.943,3.425,1.778,0.14,anomaly,2.925245136904381,0.5346605758284444,1.6699905,12.288582,gps_candidate,False,True,True,True,False
138.11997,44.19304,810.9061,745.1375,0.85,1.853,1.266,-0.243,anomaly,2.908970567388884,0.2678754193188976,1.6594692,12.208656,gps_candidate,False,False,True,True,False
224.48373,45.02879,800.5391,863.5865,0.9953,2.784,0.905,0.031,anomaly,2.9033825486220195,0.44466923093852445,1.6393462,12.05579,gps_candidate,False,True,False,True,False
175.10687,32.77581,1060.0103,511.219,0.4827,105.436,-0.604,-0.747,resolved_agn,3.025310085275554,2.022988921425964,1.6347682,12.021012,unclassified_anomaly,False,True,True,True,False
169.13932,43.7269,892.1026,694.6011,0.8721,2.138,0.535,-0.183,anomaly,2.9504148051064143,0.3300077008727592,1.625153,11.9479685,gps_candidate,False,True,True,True,False
188.967,47.93672,822.3955,854.4005,0.9705,2.891,1.719,0.083,anomaly,2.9150807252765465,0.46104809167065786,1.622934,11.931112,gps_candidate,False,True,True,True,False
158.90493,61.3036,870.2757,705.8352,0.8791,1.014,0.564,-0.123,anomaly,2.939656857240303,0.006037954997317176,1.6180182,11.893768,gps_candidate,False,False,False,False,True
187.08179,44.12997,999.7406,488.4163,0.4748,27.861,-0.868,-0.899,resolved_agn,2.999887329397385,1.4449967002676956,1.6088191,11.823887,unclassified_anomaly,False,True,False,True,False
244.86121,60.73661,818.5389,714.9995,0.9103,2.715,1.782,0.386,anomaly,2.9130393235206,0.43376983392486573,1.6055998,11.799431,gps_candidate,False,False,True,True,False
162.8985,53.93887,802.3462,731.9617,0.9244,3.476,0.703,0.049,anomaly,2.904361800089055,0.5410797677766288,1.6006422,11.76177,gps_candidate,False,False,True,True,False
179.99243,33.46926,789.1895,719.4015,0.8829,1.719,1.462,0.357,anomaly,2.8971812984220247,0.23527587668705244,1.5896392,11.6781845,gps_candidate,False,True,False,True,False
184.3346,37.80511,813.5447,665.8015,0.9198,2.94,1.93,0.072,anomaly,2.910381420124766,0.46834733041215726,1.5874755,11.661749,gps_candidate,False,True,False,True,False
229.00743,37.54636,807.9176,690.3049,0.8842,1.834,1.058,0.158,anomaly,2.9073670690788465,0.2633993313340023,1.578556,11.59399,gps_candidate,False,False,True,True,False
176.62265,56.12465,846.5184,791.8978,0.9489,1.703,0.769,-0.35,anomaly,2.9276364024114274,0.23121464796260105,1.5785481,11.59393,gps_candidate,False,False,False,False,True
133.6246,20.68486,794.6915,673.9406,0.9332,3.102,1.764,-0.101,anomaly,2.9001985678390425,0.49164179347758613,1.5739224,11.558791,gps_candidate,False,False,True,True,False
209.35252,47.14627,785.9741,737.8137,0.8747,1.492,1.08,0.005,anomaly,2.895408235082144,0.17376882313664999,1.5720968,11.544923,gps_candidate,False,False,True,True,False
204.66882,58.73946,859.8167,907.094,0.9901,2.569,0.944,-0.362,anomaly,2.934405876053625,0.4097641042663462,1.5645936,11.487924,gps_candidate,False,True,False,True,False
222.67083,44.96756,858.9071,731.405,0.9448,2.694,0.525,-0.217,anomaly,2.9339461927727863,0.4303975913869668,1.56016,11.454244,gps_candidate,False,False,False,False,True
154.2607,39.7599,816.9605,843.4502,0.9742,1.516,0.966,-0.195,anomaly,2.912201058923185,0.18069920129603473,1.5534077,11.402948,gps_candidate,False,True,True,True,False
238.11871,33.01205,760.3051,658.4032,0.8588,1.494,0.846,-0.481,anomaly,2.880987903671587,0.17435059747937998,1.5479927,11.361814,gps_candidate,False,False,False,False,True
122.65759,64.18762,891.815,713.2828,0.9504,3.596,0.507,0.269,anomaly,2.950274772748331,0.5558196830611911,1.5383654,11.288678,gps_candidate,False,True,True,True,False
195.13861,61.97148,837.6184,687.9111,0.9429,2.391,0.955,0.185,anomaly,2.9230462089414364,0.3785795761157748,1.5329711,11.247701,gps_candidate,False,False,False,False,True
183.56853,44.38966,754.3885,819.7395,0.9156,3.102,0.826,-0.004,anomaly,2.8775950593360995,0.49164179347758613,1.527065,11.202834,gps_candidate,False,False,True,True,False
244.51241,20.13352,977.3248,504.7857,0.4931,42.111,-0.825,-0.701,resolved_agn,2.9900389193028816,1.624395554631505,1.5268285,11.201037,unclassified_anomaly,False,False,True,True,False
245.04269,25.15361,772.9822,726.689,0.9152,1.763,0.973,0.048,anomaly,2.8881694932316697,0.24625231229932198,1.5255368,11.191224,gps_candidate,False,True,False,True,False
134.66701,23.92221,770.7736,733.9403,0.9749,2.23,1.952,-0.177,anomaly,2.8869268310863316,0.34830486304816066,1.516244,11.120631,gps_candidate,False,True,False,True,False
245.18337,47.21885,766.6948,717.1666,0.9009,1.121,1.353,0.008,anomaly,2.8846225177247824,0.04960561259497315,1.5156685,11.11626,gps_candidate,False,True,False,True,False
218.23936,56.29713,816.6196,688.9084,0.8414,3.651,0.752,-0.009,anomaly,2.912019799380381,0.5624118329497274,1.5101198,11.074108,gps_candidate,False,False,True,True,False
228.64386,56.6235,1022.0166,467.8716,0.4907,53.124,-0.738,-0.767,resolved_agn,3.009457949839644,1.7252907680264729,1.5097202,11.071073,unclassified_anomaly,False,True,False,True,False
161.88788,61.95007,812.3237,766.2374,0.9772,3.566,1.087,-0.114,anomaly,2.909729124204517,0.5521813388393357,1.5084363,11.061319,gps_candidate,False,True,False,True,False
192.10932,45.049,832.6151,767.2186,0.9851,2.32,0.692,-0.329,anomaly,2.9204442828265345,0.3654879848908996,1.5017551,11.010565,gps_candidate,False,False,False,False,True
234.25622,51.38838,818.7237,608.4235,0.8555,2.763,1.598,0.211,anomaly,2.9131373623087535,0.44138088491651134,1.5011246,11.005775,gps_candidate,False,False,False,False,True
211.84051,60.4808,799.8237,778.1658,0.9182,2.462,1.046,-0.076,anomaly,2.9029942687981585,0.39128804859529753,1.4953439,10.961862,gps_candidate,False,False,True,True,False
219.54835,53.04034,815.3567,705.8238,0.8237,3.315,1.047,0.493,anomaly,2.911347644263082,0.520483532740792,1.4823164,10.862896,gps_candidate,False,False,True,True,False
147.45304,34.81112,713.3045,673.4839,0.9419,2.642,0.795,0.425,anomaly,2.853274963848251,0.4219328132785084,1.4579425,10.677738,gps_candidate,False,False,False,False,True
189.77937,41.48542,1019.4994,456.67,0.4668,89.794,-0.943,-1.013,resolved_agn,3.008386974521451,1.9532473182491792,1.4566051,10.667578,unclassified_anomaly,False,True,False,True,False
191.14752,20.38751,852.4184,672.0333,0.8259,1.87,0.658,0.038,anomaly,2.930652815669359,0.27184160653649897,1.4566016,10.667552,gps_candidate,False,False,True,True,False
153.55421,35.83576,860.4836,656.7267,0.8259,3.541,1.549,0.449,anomaly,2.934742597502189,0.549125926758111,1.4520259,10.6327915,gps_candidate,False,True,True,True,False
152.03212,62.41283,764.7102,671.7994,0.8538,1.982,1.897,0.019,anomaly,2.8834968830150998,0.2971036501492565,1.4504403,10.620747,gps_candidate,False,True,False,True,False
176.6903,30.35161,984.7291,457.7627,0.4625,37.288,-0.95,-1.112,resolved_agn,2.993316772064582,1.5715690899245292,1.438532,10.530284,unclassified_anomaly,False,False,False,False,True
239.32731,44.96572,747.7413,816.2192,0.9069,1.587,0.617,-0.28,anomaly,2.8737513686990455,0.20057692675484817,1.4371293,10.519628,gps_candidate,False,False,True,True,False
189.35432,20.84437,794.2388,689.7983,0.8714,3.475,1.572,0.162,anomaly,2.8999510993160023,0.5409548089261327,1.4355321,10.507495,gps_candidate,False,False,False,False,True
222.51921,38.48455,726.0426,689.4177,0.8766,2.981,1.922,-0.347,anomaly,2.860962103347689,0.47436197603263075,1.4337127,10.493674,gps_candidate,False,False,True,True,False
240.99044,25.90031,943.2619,489.8657,0.4665,34.423,-0.806,-0.779,resolved_agn,2.9746322928783178,1.5368487168535474,1.4328653,10.487236,unclassified_anomaly,False,True,True,True,False
194.4007,43.7069,995.4453,509.0311,0.4839,93.355,-0.541,-0.686,resolved_agn,2.9980174004148146,1.9701375832841066,1.4324851,10.484348,unclassified_anomaly,False,False,False,False,True
123.98854,46.44203,1020.1781,454.0285,0.4906,58.29,-0.724,-0.833,resolved_agn,3.0086759963650964,1.765594055319445,1.4320297,10.480889,unclassified_anomaly,False,True,True,True,False
137.72672,55.42853,707.8161,566.6008,0.8615,1.14,1.696,-0.187,anomaly,2.8499204368853284,0.05690485133647256,1.4259417,10.434641,gps_candidate,False,False,False,False,True
199.95932,54.43322,811.9393,776.0717,0.9645,3.834,0.577,-0.186,anomaly,2.9095235629106124,0.5836521085420439,1.4246856,10.425098,gps_candidate,False,True,True,True,False
157.73478,59.59509,1057.0859,421.8163,0.3995,28.488,-0.892,-1.104,resolved_agn,3.024110280003921,1.4546619606661972,1.4227357,10.410286,unclassified_anomaly,False,False,False,False,True
184.64946,62.02538,1074.3939,409.5801,0.4078,59.717,-0.864,-0.758,resolved_agn,3.0311635339087415,1.776097981970409,1.4223409,10.407287,unclassified_anomaly,False,True,True,True,False
180.83882,47.08294,684.7067,705.7407,0.9443,2.426,1.101,0.447,anomaly,2.8355045775515486,0.3848907965305542,1.4215117,10.400988,gps_candidate,False,True,True,True,False
157.22294,45.36143,724.7755,601.589,0.9531,1.422,1.22,-0.215,anomaly,2.860203504212571,0.15289959639374748,1.41768,10.37188,gps_candidate,False,True,True,True,False
249.41456,20.15323,748.9593,660.2636,0.9367,2.666,0.582,0.14,anomaly,2.8744582178788067,0.42586014507784037,1.4169623,10.366427,gps_candidate,False,True,False,True,False
221.85478,34.65773,974.9328,502.0907,0.4575,84.219,-0.834,-0.741,resolved_agn,2.988974681754972,1.9254100803867842,1.4153662,10.354302,unclassified_anomaly,False,False,True,True,False
166.17491,64.31998,787.0535,775.5951,0.9399,1.75,1.155,-0.411,anomaly,2.8960042545510243,0.24303804868629444,1.4148948,10.350722,gps_candidate,False,False,True,True,False
210.04831,45.89392,954.4426,552.7669,0.4989,82.833,-0.895,-0.832,resolved_agn,2.9797498151258677,1.9182033906822609,1.414803,10.350024,unclassified_anomaly,False,False,False,False,True
154.42793,43.59398,795.8007,678.2818,0.8724,3.749,0.524,-0.129,anomaly,2.9008043168234425,0.5739154404215507,1.4134781,10.33996,gps_candidate,False,True,True,True,False
217.40856,39.07797,948.874,506.513,0.4828,97.461,-0.727,-0.963,resolved_agn,2.9772085467394755,1.9888308631529492,1.4127885,10.334721,unclassified_anomaly,False,True,False,True,False
215.79092,22.28712,754.688,659.8812,0.8738,3.248,1.166,-0.325,anomaly,2.8777674444988635,0.5116160205691377,1.4121253,10.329683,gps_candidate,False,True,True,True,False
122.09165,30.39135,1002.8511,483.6657,0.4955,75.497,-0.712,-0.564,resolved_agn,3.001236455205017,1.87792969455195,1.4013588,10.247894,unclassified_anomaly,False,False,False,False,True
184.75786,34.23432,962.1337,486.1841,0.4916,110.41,-0.995,-0.92,resolved_agn,2.9832354266507215,2.0430084098799517,1.4012713,10.24723,unclassified_anomaly,False,True,False,True,False
160.03706,31.30662,996.3612,414.6152,0.499,24.049,-0.519,-0.512,resolved_agn,2.9984168070278674,1.3810970223517989,1.3982524,10.224296,unclassified_anomaly,False,True,True,True,False
240.5763,46.11202,724.9434,765.0548,0.9608,2.186,1.397,0.306,anomaly,2.8603041003265317,0.339650157613684,1.39688,10.213871,gps_candidate,False,False,True,True,False
167.80639,31.16987,713.3674,641.8363,0.9489,2.026,0.537,0.109,anomaly,2.8533132587399206,0.3066394410242616,1.391733,10.174771,gps_candidate,False,False,False,False,True
166.48293,40.33264,1099.1443,383.2367,0.3593,48.273,-0.522,-0.575,resolved_agn,3.0410547120593976,1.6837042895574537,1.3833528,10.11111,unclassified_anomaly,False,False,False,False,True
248.91446,60.07585,1041.1799,417.4367,0.4126,66.371,-0.608,-0.583,resolved_agn,3.017525775453962,1.821978361128711,1.3829312,10.107907,unclassified_anomaly,False,True,True,True,False
135.87289,27.05359,1057.7986,358.4656,0.3743,15.975,-0.531,-0.522,resolved_agn,3.0244029878931404,1.2034408668304377,1.3783832,10.073358,unclassified_anomaly,False,True,False,True,False
206.32321,21.21781,974.144,385.7362,0.4561,19.714,-0.639,-0.432,resolved_agn,2.9886231599411284,1.2947747522184434,1.3688486,10.000927,unclassified_anomaly,False,True,False,True,False
209.42076,36.89539,1016.3571,435.1987,0.4795,39.256,-0.606,-0.756,resolved_agn,3.0070463253802244,1.593906044972859,1.3627708,9.954757,unclassified_anomaly,False,False,False,False,True
170.19931,58.39938,1046.8498,409.0286,0.4595,24.966,-0.755,-0.851,resolved_agn,3.019884374409912,1.397348966176591,1.3603568,9.936419,unclassified_anomaly,False,True,True,True,False
232.49698,42.55042,746.6383,709.9197,0.9106,3.963,1.558,-0.365,anomaly,2.873110263988396,0.5980240723341896,1.3494506,9.853568,gps_candidate,False,False,True,True,False
156.89423,26.11438,783.6807,625.4148,0.8893,1.087,1.289,0.452,anomaly,2.8941391513657124,0.03622954408629453,1.3489678,9.8499,gps_candidate,False,True,True,True,False
180.67013,56.61828,1076.1831,402.6643,0.403,95.392,-0.774,-0.879,resolved_agn,3.0318861677565883,1.9795119543525368,1.3471715,9.836255,unclassified_anomaly,False,True,True,True,False
121.8306,33.29026,734.3968,697.605,0.9968,3.548,1.23,0.278,anomaly,2.8659307758383794,0.5499836111596887,1.3448185,9.81838,gps_candidate,False,False,False,False,True
198.47352,22.81897,909.1515,448.1958,0.4548,19.889,-0.697,-0.528,resolved_agn,2.9586362596044204,1.298612947759947,1.3447671,9.817989,unclassified_anomaly,False,False,False,False,True
162.53167,38.30627,989.1128,456.6951,0.4541,116.051,-0.891,-0.859,resolved_agn,2.995245822056324,2.064648887080698,1.343713,9.809982,unclassified_anomaly,False,False,True,True,False
208.33702,47.16272,790.6779,539.6645,0.8334,3.185,1.47,0.224,anomaly,2.897999600132796,0.5031094366713692,1.340625,9.786524,gps_candidate,False,False,False,False,True
209.9107,34.65076,707.1277,634.4264,0.9823,1.512,1.502,-0.213,anomaly,2.8494978500024697,0.17955179116518774,1.3404801,9.785423,gps_candidate,False,False,False,False,True
196.53625,32.46936,1042.0926,415.7734,0.4002,107.663,-0.905,-0.598,resolved_agn,3.017906311940661,2.032066477145035,1.3404543,9.785228,unclassified_anomaly,False,False,True,True,False
142.583,32.65223,713.2078,682.5576,0.8243,1.623,1.955,0.399,anomaly,2.853216084192654,0.21031851982623187,1.3370426,9.75931,gps_candidate,False,False,True,True,False
157.76872,47.18293,743.6857,582.8766,0.8409,3.001,0.866,-0.443,anomaly,2.8713894307132475,0.4772659954248526,1.3359284,9.750846,gps_candidate,False,False,True,True,False
129.55266,40.77488,699.4779,632.3626,0.8822,1.264,0.773,-0.089,anomaly,2.8447739975130912,0.10174707394636621,1.331122,9.714334,gps_candidate,False,False,True,True,False
244.21849,20.01924,1001.5932,470.7839,0.4887,91.951,-0.672,-0.56,resolved_agn,3.0006913673714446,1.963556456707542,1.3281828,9.692005,unclassified_anomaly,False,False,False,False,True
213.02621,32.90312,757.995,735.3231,0.9915,2.268,1.544,-0.144,anomaly,2.8796663408832788,0.35564305022086895,1.3203981,9.632868,gps_candidate,False,True,False,True,False
244.55675,21.74013,1046.7087,414.7118,0.41,100.553,-0.867,-0.761,resolved_agn,3.019825833937803,2.002395032307298,1.3200237,9.630024,unclassified_anomaly,False,False,True,True,False
138.74232,54.31669,739.623,779.2471,0.9645,3.071,1.818,0.16,anomaly,2.8690104079194936,0.48727981644306895,1.3194591,9.625734,gps_candidate,False,True,False,True,False
157.84607,58.95591,983.6763,408.9535,0.3623,20.834,-0.942,-0.996,resolved_agn,2.9928522079314557,1.3187726598254796,1.3145407,9.588372,unclassified_anomaly,False,True,False,True,False
215.1532,44.62933,964.7453,466.0734,0.4957,61.111,-0.618,-0.712,resolved_agn,2.9844126714735073,1.7861193904278703,1.313267,9.578696,unclassified_anomaly,False,False,False,False,True
179.66651,45.20252,743.0503,609.1669,0.952,1.733,1.708,0.242,anomaly,2.8710182138588736,0.23879856271391703,1.3124673,9.572621,gps_candidate,False,True,False,True,False
157.80652,27.04022,683.0017,576.287,0.8916,1.076,1.275,-0.244,anomaly,2.834421784647419,0.0318122713303704,1.312431,9.572345,gps_candidate,False,True,True,True,False
241.98085,58.11494,945.2725,457.7047,0.4583,37.494,-0.821,-0.889,resolved_agn,2.9755570235215307,1.573961775051052,1.3103372,9.556439,unclassified_anomaly,False,True,False,True,False
123.3101,55.61475,750.5848,595.0428,0.9318,2.686,0.812,-0.429,anomaly,2.875399765322247,0.4291060083326965,1.3066872,9.528712,gps_candidate,False,False,True,True,False
141.52334,58.84985,1008.8478,391.5875,0.3833,23.105,-0.802,-0.748,resolved_agn,3.003825651265691,1.3637059728547238,1.3044416,9.511653,unclassified_anomaly,False,False,False,False,True
158.37469,31.60122,974.6822,425.5501,0.4124,90.041,-0.985,-1.059,resolved_agn,2.9888630348936536,1.95444030965223,1.2927046,9.422491,unclassified_anomaly,False,False,True,True,False
134.15243,23.58509,978.2401,463.1496,0.4815,118.224,-0.822,-0.763,resolved_agn,2.9904454614414866,2.0727056492146905,1.2836052,9.353367,unclassified_anomaly,False,False,False,False,True
121.02984,39.39648,715.0031,658.6354,0.9534,2.72,1.92,0.435,anomaly,2.8543079247520953,0.43456890403419873,1.278158,9.311987,gps_candidate,False,True,True,True,False
151.13873,60.72416,706.5622,666.2381,0.9755,1.534,1.643,0.02,anomaly,2.8491503996279346,0.18582535961296218,1.2747066,9.2857685,gps_candidate,False,True,True,True,False
154.94034,29.31057,674.4017,628.2565,0.9456,1.873,1.682,-0.359,anomaly,2.828918656367114,0.2725377773752374,1.274052,9.280795,gps_candidate,False,True,False,True,False
148.87145,41.05211,729.9412,731.7711,0.9533,1.299,1.393,0.015,anomaly,2.863287877183404,0.11360915107302785,1.2721438,9.2663,gps_candidate,False,True,True,True,False
235.56626,64.558,687.2063,674.0608,0.8587,1.721,0.968,0.166,anomaly,2.8370871322590046,0.2357808703275603,1.2714617,9.261118,gps_candidate,False,False,False,False,True
220.7261,43.68683,979.0409,440.3192,0.4683,72.723,-0.505,-0.491,resolved_agn,2.9908008350853463,1.86167178628338,1.2667822,9.22557,unclassified_anomaly,False,True,True,True,False
170.69732,42.59117,753.8015,754.8276,0.8906,3.006,1.465,-0.07,anomaly,2.8772569973230246,0.4779889762508893,1.266334,9.222165,gps_candidate,False,False,True,True,False
197.88611,24.85473,707.9808,581.8059,0.8385,3.789,1.596,-0.241,anomaly,2.8500214800525963,0.5785246052749932,1.2646673,9.209503,gps_candidate,False,False,True,True,False
211.72007,64.51599,904.5811,452.9711,0.4735,40.176,-0.519,-0.53,resolved_agn,2.9564475095082234,1.6039666953688472,1.2576759,9.156392,unclassified_anomaly,False,True,True,True,False
194.4334,64.76984,947.4603,442.4996,0.4825,43.496,-0.872,-1.101,resolved_agn,2.976561021434676,1.6384493199936543,1.2542892,9.130665,unclassified_anomaly,False,False,True,True,False
142.11802,44.26662,909.9839,408.9188,0.4262,18.581,-0.737,-0.538,resolved_agn,2.959033708581519,1.2690690833279767,1.253943,9.128035,unclassified_anomaly,False,True,False,True,False
225.06931,49.92845,950.4769,443.332,0.4674,44.923,-0.748,-0.816,resolved_agn,2.9779415664150966,1.6524687511499914,1.2538785,9.127545,unclassified_anomaly,False,True,True,True,False
135.56896,56.29523,962.6507,407.5889,0.4628,28.585,-0.694,-0.648,resolved_agn,2.983468730965266,1.4561381965502913,1.2502794,9.100204,unclassified_anomaly,False,False,False,False,True
231.76889,55.68687,1000.4187,439.8709,0.4585,97.772,-0.717,-0.544,resolved_agn,3.00018180104218,1.9902144990968444,1.2499256,9.097517,unclassified_anomaly,False,False,True,True,False
182.41136,40.45341,1089.7155,353.9307,0.3527,83.764,-0.968,-0.731,resolved_agn,3.037313128300592,1.9230574081221832,1.2488756,9.0895405,unclassified_anomaly,False,True,False,True,False
186.51247,63.25168,586.5931,721.0952,0.9764,3.035,1.726,-0.239,anomaly,2.7683369501386528,0.48215869541127643,1.2475448,9.079431,gps_candidate,False,True,True,True,False
143.27775,61.33651,972.8556,431.3538,0.4804,96.893,-0.822,-1.015,resolved_agn,2.988048383149024,1.9862924027351332,1.2463835,9.070609,unclassified_anomaly,False,False,True,True,False
138.43791,45.06321,863.5186,456.7548,0.4829,16.015,-0.789,-0.756,resolved_agn,2.9362716966114855,1.2045269429998406,1.2445034,9.056326,unclassified_anomaly,False,False,True,True,False
124.70193,48.09653,714.5622,722.1527,0.9595,1.88,1.334,0.138,anomaly,2.854040038502838,0.2741578492636798,1.2391387,9.0155735,gps_candidate,False,True,True,True,False
189.87688,30.46622,991.2882,433.5334,0.4313,108.389,-0.655,-0.747,resolved_agn,2.9961999364967067,2.034985209492913,1.2387657,9.012739,unclassified_anomaly,False,True,True,True,False
157.93104,34.01056,960.4928,410.8339,0.4023,33.915,-0.672,-0.671,resolved_agn,2.982494113672476,1.530391821401041,1.2374786,9.002962,unclassified_anomaly,False,False,False,False,True
130.10801,26.95354,725.2666,622.6039,0.8296,3.926,1.838,-0.073,anomaly,2.86049767777928,0.5939502952639875,1.2365263,8.995728,gps_candidate,False,False,True,True,False
237.4379,52.28209,951.8047,436.2354,0.459,39.695,-0.651,-0.773,resolved_agn,2.9785478450088885,1.598735806280405,1.2352048,8.985689,unclassified_anomaly,False,False,True,True,False
193.3124,33.91448,951.9687,406.8813,0.4645,44.021,-0.799,-0.551,resolved_agn,2.9786226693500715,1.6436599039499293,1.227518,8.927295,unclassified_anomaly,False,True,True,True,False
212.72347,45.21672,1031.2103,394.0851,0.3836,82.3,-0.87,-0.992,resolved_agn,3.013347242214648,1.9153998352122699,1.2216898,8.88302,unclassified_anomaly,False,False,True,True,False
127.94898,35.84089,947.2397,364.6023,0.3625,49.637,-0.675,-0.403,resolved_agn,2.976459891584947,1.695805525388794,1.2186431,8.859876,unclassified_anomaly,False,False,True,True,False
121.29347,35.71599,1028.2022,384.8086,0.4245,93.743,-0.929,-0.929,resolved_agn,3.012078528773223,1.9719388478677606,1.2177862,8.853367,unclassified_anomaly,False,False,False,False,True
224.86003,28.66879,995.5372,411.316,0.4437,53.307,-0.823,-0.899,resolved_agn,2.998057492844472,1.7267842420802684,1.2165772,8.844182,unclassified_anomaly,False,False,False,False,True
159.68649,50.35757,960.3971,412.7899,0.4398,44.534,-0.524,-0.543,resolved_agn,2.982450839998173,1.6486917047856013,1.2119924,8.809353,unclassified_anomaly,False,False,True,True,False
245.17591,27.90109,939.8536,398.3747,0.39,26.989,-0.741,-0.661,resolved_agn,2.973060209276461,1.4311867933179998,1.2098248,8.792887,unclassified_anomaly,False,False,True,True,False
133.18099,54.26453,738.2413,605.962,0.8356,2.542,1.803,0.461,anomaly,2.868198337609001,0.40517554621798935,1.2092795,8.788745,gps_candidate,False,False,False,False,True
148.5662,49.15714,639.1402,567.6692,0.9528,1.238,0.749,-0.455,anomaly,2.8055961342268736,0.09272064468409917,1.2083647,8.7817955,gps_candidate,False,True,True,True,False
247.3336,29.45916,955.5492,419.4526,0.4468,44.063,-0.762,-0.803,resolved_agn,2.9802530532313383,1.6440740624718466,1.2074394,8.774766,unclassified_anomaly,False,False,True,True,False
136.5621,22.12866,723.9135,755.0462,0.9766,1.201,1.177,-0.127,anomaly,2.8596866757040624,0.07954300740290607,1.2063345,8.766373,gps_candidate,False,True,True,True,False
162.69329,47.76285,691.9812,540.8043,0.8028,2.184,0.856,-0.35,anomaly,2.840094295544662,0.3392526340326997,1.2034957,8.744807,gps_candidate,False,False,True,True,False
159.88893,45.94002,1017.8656,396.9266,0.396,91.8,-0.784,-0.738,resolved_agn,3.0076904371051008,1.9628426812012425,1.2030843,8.741682,unclassified_anomaly,False,True,True,True,False
225.9005,53.78169,688.7057,523.3996,0.8267,2.128,1.801,0.117,anomaly,2.8380336773926134,0.3279716236230106,1.2018796,8.732531,gps_candidate,False,False,False,False,True
244.58724,28.35875,889.3686,428.0741,0.4587,54.741,-0.518,-0.392,resolved_agn,2.949081792205945,1.7383127267700322,1.1999831,8.718123,unclassified_anomaly,False,True,True,True,False
129.76656,35.75715,946.298,453.7842,0.4403,93.0,-0.637,-0.699,resolved_agn,2.976027922211086,1.968482948553935,1.1984451,8.70644,unclassified_anomaly,False,True,False,True,False
141.2951,22.80908,689.856,575.5913,0.8156,1.078,0.585,-0.001,anomaly,2.838758445908199,0.03261876085071993,1.1957746,8.686152,gps_candidate,False,False,False,False,True
143.59594,34.18841,921.5532,459.285,0.4529,58.764,-0.656,-0.776,resolved_agn,2.9645204115024932,1.7691113500658429,1.1938322,8.671397,unclassified_anomaly,False,True,True,True,False
146.21837,34.10139,928.2692,402.5758,0.4669,62.492,-0.508,-0.362,resolved_agn,2.9676739407883845,1.7958244240923475,1.192251,8.659386,unclassified_anomaly,False,False,True,True,False
195.88854,54.28087,981.8895,408.9626,0.3977,71.859,-0.838,-1.016,resolved_agn,2.992062615851639,1.8564811692072927,1.1914929,8.653627,unclassified_anomaly,False,True,False,True,False
183.95071,54.47551,861.0478,396.378,0.3921,40.739,-0.508,-0.371,resolved_agn,2.935027261442054,1.6100103643840258,1.189647,8.639604,unclassified_anomaly,False,True,False,True,False
154.29318,31.31593,996.6564,373.4244,0.4246,57.965,-0.533,-0.46,resolved_agn,2.998545459912815,1.7631658402006616,1.1870638,8.619981,unclassified_anomaly,False,True,True,True,False
164.72817,42.37557,893.694,378.3664,0.4062,25.723,-0.636,-0.445,resolved_agn,2.951188842218427,1.4103216177306825,1.1864967,8.615673,unclassified_anomaly,False,True,False,True,False
127.87855,51.82328,993.0479,406.9501,0.4677,86.743,-0.579,-0.419,resolved_agn,2.996970197341265,1.9382344381138197,1.1859381,8.611429,unclassified_anomaly,False,True,True,True,False
206.99379,53.56629,953.6955,402.5933,0.4173,54.946,-0.712,-0.576,resolved_agn,2.9794097334263205,1.7399360818157739,1.1858515,8.610771,unclassified_anomaly,False,True,False,True,False
242.48595,57.40449,719.9402,622.4617,0.9274,3.491,0.949,0.0,anomaly,2.8572964243637857,0.5429498488141788,1.1850291,8.604525,gps_candidate,False,True,False,True,False
248.88066,46.21675,676.2093,629.4043,0.9895,1.305,1.133,-0.278,anomaly,2.8300811393828815,0.11561051167429974,1.1826679,8.586587,gps_candidate,False,False,False,False,True
134.42653,60.73884,878.7088,405.3187,0.4735,23.543,-0.537,-0.477,resolved_agn,2.943844975749507,1.371861802620895,1.1820599,8.581968,unclassified_anomaly,False,False,True,True,False
126.28129,32.85531,908.6936,360.2783,0.3935,24.832,-0.597,-0.427,resolved_agn,2.958417469293332,1.3950116995780943,1.1816373,8.578757,unclassified_anomaly,False,True,True,True,False
144.8477,56.20112,646.7212,550.0539,0.8905,1.806,1.545,-0.342,anomaly,2.8107170976752873,0.256717745977487,1.1812074,8.575492,gps_candidate,False,False,False,False,True
164.13701,30.46074,687.6637,646.6763,0.9804,2.687,1.398,0.276,anomaly,2.83737609965716,0.42926766643316844,1.1811471,8.575034,gps_candidate,False,True,True,True,False
236.58523,20.86866,1026.8288,361.876,0.3761,89.117,-0.988,-0.889,resolved_agn,3.011498041052846,1.9499605581553343,1.1798376,8.565086,unclassified_anomaly,False,True,True,True,False
184.01024,45.03461,1005.8831,394.321,0.4742,28.267,-0.929,-1.068,resolved_agn,3.0025475115599543,1.451279718904047,1.1780453,8.551471,unclassified_anomaly,False,True,True,True,False
193.12298,36.38573,685.2306,628.3276,0.902,3.987,0.682,-0.143,anomaly,2.8358367487978695,0.6006462356623945,1.1773552,8.546228,gps_candidate,False,False,False,False,True
135.1298,49.26087,1029.6997,370.9086,0.3692,42.713,-0.984,-1.024,resolved_agn,3.0127105862113766,1.6305600757042726,1.1743513,8.523409,unclassified_anomaly,False,True,False,True,False
160.00662,33.25461,887.0608,461.7264,0.4765,34.202,-0.786,-0.911,resolved_agn,2.947953387813196,1.5340515026516748,1.1713932,8.500937,unclassified_anomaly,False,True,False,True,False
166.35672,62.61576,950.2678,450.2364,0.4398,112.321,-0.731,-0.654,resolved_agn,2.9778460133652502,2.0504609613504434,1.1706337,8.495168,unclassified_anomaly,False,False,True,True,False
131.39124,45.13889,680.1371,631.358,0.8715,3.799,1.67,-0.264,anomaly,2.8325964653120295,0.5796692935547203,1.163065,8.437671,gps_candidate,False,False,False,False,True
223.2467,28.34375,685.229,645.4705,0.949,3.688,1.965,0.391,anomaly,2.8358357347275955,0.5667909123815917,1.1619598,8.4292755,gps_candidate,False,True,True,True,False
123.56574,25.52049,895.2139,442.026,0.4645,44.747,-0.986,-1.132,resolved_agn,2.951926816869749,1.6507639239621044,1.158655,8.404171,unclassified_anomaly,False,True,True,True,False
141.82385,29.3994,895.4805,481.9189,0.4963,94.354,-0.79,-0.877,resolved_agn,2.952056133083315,1.9747603161713745,1.1583272,8.401681,unclassified_anomaly,False,False,True,True,False
136.60827,59.09256,785.8681,601.934,0.82,2.524,0.675,0.097,anomaly,2.895349660226282,0.4020893505720967,1.1581192,8.400101,gps_candidate,False,False,False,False,True
133.05924,31.43018,678.9698,654.0353,0.9917,3.415,0.573,-0.108,anomaly,2.831850457660418,0.5333907080175514,1.1570957,8.392324,gps_candidate,False,True,True,True,False
231.57921,42.48267,906.1232,395.1822,0.4498,30.42,-0.631,-0.497,resolved_agn,2.957187250041744,1.4831592097169797,1.154387,8.371748,unclassified_anomaly,False,False,False,False,True
122.92565,22.48632,968.5876,386.4076,0.4372,54.38,-0.732,-0.59,resolved_agn,2.9861389048446867,1.7354392032514814,1.1527611,8.359397,unclassified_anomaly,False,True,True,True,False
163.58804,51.06283,933.4812,418.5975,0.4225,56.925,-0.797,-0.708,resolved_agn,2.970105575827168,1.7553030392871805,1.1527457,8.35928,unclassified_anomaly,False,False,True,True,False
136.62692,60.62581,931.5539,400.0957,0.4372,79.984,-0.58,-0.356,resolved_agn,2.969207988373808,1.903003119408515,1.1501853,8.33983,unclassified_anomaly,False,False,False,False,True
202.06822,22.02926,554.7213,624.3908,0.9542,3.255,1.573,0.47,anomaly,2.7440748420909573,0.5125509929042107,1.1485326,8.327275,gps_candidate,False,False,False,False,True
169.7557,64.10518,878.8816,441.4758,0.4786,61.047,-0.619,-0.375,resolved_agn,2.9439303723091546,1.785664326504347,1.1468976,8.314854,unclassified_anomaly,False,True,True,True,False
198.81718,55.22135,987.4683,375.7984,0.3924,16.472,-0.705,-0.93,resolved_agn,2.994523162672116,1.216746333609975,1.1444814,8.296499,unclassified_anomaly,False,False,True,True,False
188.49021,56.31511,709.5693,593.2606,0.9338,2.673,1.319,0.103,anomaly,2.8509948171830026,0.42699895875653726,1.1443677,8.295635,gps_candidate,False,False,False,False,True
212.19632,50.57081,1099.9419,286.5457,0.3273,96.016,-0.59,-0.503,resolved_agn,3.0413697459075073,1.9823436094220213,1.1440064,8.292891,unclassified_anomaly,False,False,False,False,True
138.16342,26.01777,712.4791,690.133,0.9792,3.729,0.931,-0.209,anomaly,2.8527721291888986,0.5715923833613072,1.1395184,8.258798,gps_candidate,False,False,False,False,True
139.0538,64.84344,758.967,625.2371,0.8373,3.529,1.179,0.328,anomaly,2.880222893116204,0.5476516583599692,1.1391541,8.25603,gps_candidate,False,True,False,True,False
177.16503,22.39462,874.1509,446.8245,0.432,51.39,-0.51,-0.684,resolved_agn,2.9415864090423116,1.710878617685173,1.1378106,8.245824,unclassified_anomaly,False,False,True,True,False
178.19761,56.5501,688.5224,525.1834,0.8459,1.672,1.362,0.04,anomaly,2.83791807391487,0.22323627310299757,1.1360774,8.232657,gps_candidate,False,True,True,True,False
189.75211,53.83443,669.7921,609.0497,0.8808,1.623,1.473,0.371,anomaly,2.825940020858909,0.21031851982623187,1.134074,8.217439,gps_candidate,False,False,True,True,False
155.9771,58.97202,716.1883,745.6979,0.9438,3.831,1.711,-0.271,anomaly,2.855027221888195,0.5833121519830777,1.1315491,8.198258,gps_candidate,False,False,True,True,False
229.44733,45.19833,975.7409,396.2756,0.4152,80.428,-0.841,-0.93,resolved_agn,2.98933450963485,1.9054072692525446,1.1292769,8.180997,unclassified_anomaly,False,False,False,False,True
194.44852,57.98473,920.7085,441.2512,0.431,87.227,-0.661,-0.698,resolved_agn,2.9641221525856722,1.9406509360336588,1.1289965,8.178866,unclassified_anomaly,False,True,True,True,False
129.38137,20.30315,961.1471,366.2191,0.4171,37.023,-0.576,-0.517,resolved_agn,2.982789859915558,1.5684716070332414,1.1275284,8.167714,unclassified_anomaly,False,True,False,True,False
207.803,24.59523,738.7821,572.6386,0.8649,1.504,1.455,0.436,anomaly,2.8685163643461653,0.17724783625562343,1.127434,8.166997,gps_candidate,False,True,False,True,False
189.77709,42.76716,638.587,577.4789,0.8655,2.372,0.5,0.468,anomaly,2.8052200731672037,0.375114684692225,1.127408,8.1668,gps_candidate,False,True,True,True,False
121.96819,33.37835,608.089,535.0568,0.8412,1.818,1.884,-0.459,anomaly,2.783967147332241,0.25959387888594865,1.1260765,8.156684,gps_candidate,False,False,True,True,False
217.61897,43.58228,1030.5486,167.1017,0.1668,84.872,-0.781,-0.614,resolved_agn,3.0130684776427654,1.928764436402288,1.125901,8.155352,remnant_candidate,False,False,False,False,True
244.94145,42.63767,886.4594,447.3295,0.4683,53.113,-0.931,-1.001,resolved_agn,2.9476588496270195,1.7252008325177892,1.1244687,8.144471,unclassified_anomaly,False,False,False,False,True
140.29889,40.20535,1031.6082,211.184,0.2255,111.68,-0.94,-0.958,resolved_agn,3.0135147855797015,2.047975405279086,1.124018,8.141047,unclassified_anomaly,False,True,True,True,False
201.14968,51.24316,924.5863,431.3141,0.4493,87.985,-0.636,-0.5,resolved_agn,2.965947454018262,1.944408638371786,1.1239009,8.140158,unclassified_anomaly,False,False,False,False,True
194.92742,30.8876,599.8444,718.0692,0.9669,1.645,1.202,0.09,anomaly,2.7780386087415057,0.2161659022859931,1.1236029,8.137894,gps_candidate,False,True,False,True,False
150.08868,30.10674,938.7821,421.1488,0.4839,63.059,-0.584,-0.645,resolved_agn,2.9725648002008,1.7997470793531252,1.1232927,8.135537,unclassified_anomaly,False,True,False,True,False
244.13171,30.48799,967.3741,397.0711,0.4356,73.829,-0.528,-0.603,resolved_agn,2.985594455620498,1.8682269860247525,1.1232214,8.134995,unclassified_anomaly,False,True,True,True,False
137.94391,23.10461,1018.1566,368.2977,0.3833,72.419,-0.753,-0.635,resolved_agn,3.0078145808350603,1.8598525235536196,1.12238,8.128604,unclassified_anomaly,False,True,True,True,False
213.71807,28.14845,620.5276,599.7137,0.949,2.962,0.904,0.434,anomaly,2.792761102935678,0.4715850541851897,1.1162747,8.082225,gps_candidate,False,False,True,True,False
122.38342,58.18372,938.1863,388.59,0.4085,25.92,-0.75,-0.777,resolved_agn,2.9722890868099845,1.4136349971985558,1.1153846,8.075462,unclassified_anomaly,False,False,True,True,False
234.56842,41.76076,892.0181,445.342,0.464,93.945,-0.914,-0.934,resolved_agn,2.950373666764431,1.972873670756989,1.1141174,8.065836,unclassified_anomaly,False,False,False,False,True
154.05968,57.95345,994.9311,383.6074,0.4061,88.497,-0.846,-0.914,resolved_agn,2.997793006448364,1.9469285486014527,1.1136168,8.062034,unclassified_anomaly,False,False,False,False,True
154.11494,25.42661,939.7872,358.3442,0.3939,22.731,-0.684,-0.565,resolved_agn,2.9730295255909285,1.356618541969091,1.1133834,8.060261,unclassified_anomaly,False,False,True,True,False
205.90807,20.58216,614.6237,525.3842,0.8163,2.399,1.663,-0.439,anomaly,2.78860930271628,0.38003024796783064,1.1125131,8.053649,gps_candidate,False,False,True,True,False
178.88046,62.1113,1003.4999,364.0057,0.3666,29.07,-0.878,-0.852,resolved_agn,3.001517333545527,1.4634450317704277,1.1113518,8.044827,unclassified_anomaly,False,True,True,True,False
160.34855,31.46069,918.786,486.6547,0.4911,118.14,-0.508,-0.463,resolved_agn,2.963214369012029,2.0723969665217616,1.1103907,8.037525,unclassified_anomaly,False,False,False,False,True
206.41959,20.91407,622.8373,583.1285,0.9436,2.207,0.566,0.076,anomaly,2.7943746133679888,0.34380233316165504,1.1067631,8.009969,gps_candidate,False,False,False,False,True
176.91743,59.50838,921.3908,433.7435,0.4514,70.645,-0.744,-0.532,resolved_agn,2.9644438715489803,1.8490814294648008,1.106267,8.0062,unclassified_anomaly,False,True,True,True,False
192.11268,39.10562,666.7287,579.3104,0.9357,3.379,1.686,-0.182,anomaly,2.82394915016585,0.5287881917748963,1.102885,7.9805083,gps_candidate,False,False,True,True,False
217.70012,30.99253,841.4981,412.624,0.4991,22.973,-0.633,-0.534,resolved_agn,2.925053139729018,1.3612177125816818,1.1006876,7.9638157,unclassified_anomaly,False,False,True,True,False
186.32869,45.39132,903.7628,418.7232,0.4435,118.455,-0.533,-0.489,resolved_agn,2.9560544612624793,2.0735533970687445,1.1000428,7.958917,unclassified_anomaly,False,True,True,True,False
177.65079,41.61986,879.1634,426.3032,0.4276,32.621,-0.923,-0.937,resolved_agn,2.9440695999012223,1.5134972702488667,1.097993,7.9433455,unclassified_anomaly,False,False,False,False,True
158.83354,26.38542,865.869,473.9521,0.49,30.611,-0.555,-0.673,resolved_agn,2.937452191231389,1.4858775173591139,1.095041,7.920921,unclassified_anomaly,False,True,False,True,False
142.65425,45.16857,875.5807,404.9306,0.4729,18.502,-0.838,-0.72,resolved_agn,2.9422961800591203,1.2672186766201183,1.0942771,7.9151177,unclassified_anomaly,False,False,True,True,False
138.64574,29.8254,954.0577,360.963,0.3895,81.087,-0.616,-0.435,resolved_agn,2.979574640986937,1.908951232992725,1.0939473,7.912612,unclassified_anomaly,False,True,True,True,False
214.27081,49.58127,903.0133,421.5008,0.4552,75.605,-0.954,-0.989,resolved_agn,2.955694146851792,1.878550517731428,1.0939059,7.9122977,unclassified_anomaly,False,True,True,True,False
240.62583,31.60578,738.5889,562.2051,0.8818,2.358,1.075,0.159,anomaly,2.868402776500753,0.37254380075907034,1.092518,7.901754,gps_candidate,False,False,False,False,True
183.80137,47.20897,901.417,408.7726,0.4028,48.837,-0.803,-0.62,resolved_agn,2.9549257442570056,1.688748977888279,1.0916059,7.8948255,unclassified_anomaly,False,False,True,True,False
220.71648,37.93217,637.755,585.5363,0.8778,1.52,1.727,-0.286,anomaly,2.8046538721644576,0.18184358794477254,1.0913606,7.8929615,gps_candidate,False,False,True,True,False
196.42568,58.10673,1059.6492,342.9756,0.3234,113.594,-0.716,-0.626,resolved_agn,3.0251621145859855,2.0553553926803865,1.0911237,7.8911624,unclassified_anomaly,False,False,False,False,True
208.02191,31.11448,963.958,174.0112,0.1807,102.806,-0.989,-0.935,resolved_agn,2.98405811194681,2.0120184618465196,1.087864,7.8664,remnant_candidate,False,True,False,True,False
174.87432,47.95865,970.3752,386.3877,0.3956,28.439,-0.65,-1.107,resolved_agn,2.9869396886821136,1.4539143212378498,1.0875137,7.8637385,unclassified_anomaly,False,True,False,True,False
178.9681,48.10215,863.9193,425.3716,0.4337,70.42,-0.518,-0.606,resolved_agn,2.9364731762733824,1.8476960207341655,1.0871297,7.8608217,unclassified_anomaly,False,False,True,True,False
143.85661,31.68895,944.3247,381.34,0.4214,71.989,-0.64,-0.59,resolved_agn,2.975121349353017,1.8572661408164615,1.0867634,7.8580384,unclassified_anomaly,False,False,True,True,False
218.43443,48.19503,940.0144,386.4006,0.4287,29.104,-0.964,-0.983,resolved_agn,2.9731345065705903,1.4639526817194084,1.0856963,7.8499327,unclassified_anomaly,False,False,True,True,False
229.99915,64.30639,898.9595,446.0048,0.4856,100.267,-0.68,-0.825,resolved_agn,2.9537401263019496,2.0011580209956867,1.0827465,7.827524,unclassified_anomaly,False,True,False,True,False
203.07704,59.48612,892.5596,438.2731,0.4919,82.468,-0.996,-0.908,resolved_agn,2.9506372254418345,1.9162854622544592,1.0810837,7.814892,unclassified_anomaly,False,True,False,True,False
235.0323,38.61291,622.5876,502.2991,0.8445,2.774,1.995,-0.05,anomaly,2.79420046664331,0.44310645673726606,1.0805123,7.8105516,gps_candidate,False,True,False,True,False
186.56736,33.02071,926.844,384.3618,0.4512,43.763,-0.667,-0.572,resolved_agn,2.9670066428387165,1.6411070856925514,1.0797737,7.8049407,unclassified_anomaly,False,False,True,True,False
154.86626,45.52784,695.9475,724.6384,0.987,2.504,1.658,-0.331,anomaly,2.8425764790929264,0.3986343245383921,1.0796894,7.8043003,gps_candidate,False,True,True,True,False
172.5033,31.54192,887.3347,370.4006,0.3339,65.705,-0.707,-0.513,resolved_agn,2.9480874653168168,1.8175984196326176,1.0785116,7.795353,unclassified_anomaly,False,False,False,False,True
139.7082,31.95043,909.6576,362.6886,0.4126,21.678,-0.526,-0.593,resolved_agn,2.95887795230649,1.3360192119516658,1.0773034,7.7861753,unclassified_anomaly,False,False,True,True,False
235.12582,34.48283,892.2081,414.7152,0.4308,66.055,-0.646,-0.63,resolved_agn,2.9504661617091563,1.8199056968971499,1.076655,7.7812495,unclassified_anomaly,False,False,False,False,True
137.80969,43.18724,899.9159,404.7558,0.4832,21.382,-0.71,-0.818,resolved_agn,2.9542019251365197,1.330048325210463,1.0754005,7.771719,unclassified_anomaly,False,False,False,False,True
246.65186,62.15373,845.2677,451.2237,0.4508,40.347,-0.551,-0.564,resolved_agn,2.926994273707958,1.6058112483051168,1.0745803,7.7654886,unclassified_anomaly,False,True,False,True,False
214.79039,40.16907,632.5723,603.0689,0.8678,2.516,1.577,0.493,anomaly,2.801110170474839,0.4007106367732313,1.0741036,7.7618675,gps_candidate,False,False,False,False,True
224.96468,28.11906,934.1904,415.8121,0.4653,90.893,-0.675,-0.58,resolved_agn,2.970435400043984,1.9585304379146693,1.0730262,7.7536826,unclassified_anomaly,False,False,False,False,True
130.03609,27.51805,1069.3204,325.4577,0.3235,44.844,-0.999,-1.011,resolved_agn,3.029107852171827,1.6517043438972625,1.0676569,7.712894,unclassified_anomaly,False,False,False,False,True
161.01275,62.9831,1063.8461,308.1793,0.3262,111.997,-0.506,-0.446,resolved_agn,3.026878805820829,2.049206389626473,1.0668329,7.7066345,unclassified_anomaly,False,False,True,True,False
122.9108,27.24904,1000.6193,349.806,0.3509,34.808,-0.62,-0.651,resolved_agn,3.0002688753239894,1.5416790702846606,1.0655392,7.6968074,unclassified_anomaly,False,True,False,True,False
167.83524,64.29755,898.2212,509.8232,0.4726,44.364,-0.513,-0.456,resolved_agn,2.953383301154621,1.6470306966207315,1.0650313,7.692949,unclassified_anomaly,False,False,False,False,True
136.07116,62.0397,979.0299,381.576,0.4335,65.93,-0.867,-0.902,resolved_agn,2.9907959555485073,1.8190830757437026,1.064592,7.6896114,unclassified_anomaly,False,False,True,True,False
143.58044,35.86902,663.5978,582.1662,0.9113,3.054,0.516,0.346,anomaly,2.82190493755509,0.4848690327204024,1.0629166,7.6768847,gps_candidate,False,False,False,False,True
219.70192,28.09476,881.0252,440.1876,0.4896,87.11,-0.895,-0.955,resolved_agn,2.9449883307326195,1.9400680137393527,1.0622724,7.671991,unclassified_anomaly,False,False,True,True,False
208.60144,40.36346,693.6388,689.7585,0.9724,3.263,0.536,-0.5,anomaly,2.841133378231999,0.5136170737878749,1.0594485,7.6505384,gps_candidate,False,False,True,True,False
161.18087,26.01948,994.578,259.8945,0.282,101.02,-0.561,-0.216,resolved_agn,2.9976388484370533,2.004407364176331,1.0593714,7.6499524,unclassified_anomaly,False,True,True,True,False
139.35148,62.15698,992.2688,342.3612,0.3198,119.46,-0.731,-0.674,resolved_agn,2.9966293360084406,2.0772225104110533,1.0582229,7.6412277,unclassified_anomaly,False,True,True,True,False
139.58209,35.42478,927.2225,397.5379,0.4189,82.922,-0.882,-0.941,resolved_agn,2.967183961682117,1.9186697683191816,1.0579674,7.6392875,unclassified_anomaly,False,False,False,False,True
128.78945,29.45923,843.1956,444.84,0.4858,116.311,-0.577,-0.801,resolved_agn,2.925928331620006,2.0656207896501373,1.0570984,7.6326857,unclassified_anomaly,False,True,True,True,False
136.34619,25.93744,656.1324,616.013,0.8463,1.636,1.667,-0.027,anomaly,2.816991483868852,0.21378329933530416,1.0568788,7.6310177,gps_candidate,False,True,False,True,False
239.09915,25.50709,670.05,570.4277,0.8457,1.494,1.36,0.243,anomaly,2.82610721152752,0.17435059747937998,1.0554467,7.6201386,gps_candidate,False,False,True,True,False
149.52537,46.73023,929.1494,395.8722,0.3868,44.809,-0.581,-0.7,resolved_agn,2.9680855507847372,1.651365251895013,1.0542749,7.6112366,unclassified_anomaly,False,True,False,True,False
124.94068,22.15205,955.9527,348.7484,0.3537,71.344,-0.509,-0.445,resolved_agn,2.9804364041618823,1.853357455005532,1.0520626,7.5944314,unclassified_anomaly,False,False,False,False,True
158.23886,54.58955,977.2217,379.6104,0.4577,54.702,-0.877,-0.89,resolved_agn,2.989993102269492,1.738003205183249,1.0520236,7.5941353,unclassified_anomaly,False,True,True,True,False
189.21326,34.27585,697.0755,572.8329,0.8407,2.105,0.631,0.23,anomaly,2.8432798189267388,0.3232521001716871,1.0519469,7.593552,gps_candidate,False,True,True,True,False
204.20013,42.81139,605.6987,529.9172,0.8087,1.394,0.648,-0.382,anomaly,2.7822566415460286,0.1442627737619906,1.0491314,7.572164,gps_candidate,False,False,True,True,False
145.06267,28.62384,888.884,449.1987,0.4851,100.102,-0.734,-0.723,resolved_agn,2.9488450889263995,2.00044275460506,1.0479598,7.563264,unclassified_anomaly,False,False,False,False,True
146.07865,40.48017,874.8358,395.7226,0.4286,67.961,-0.552,-0.569,resolved_agn,2.9419265469128395,1.8322597605926336,1.0479387,7.5631037,unclassified_anomaly,False,True,False,True,False
212.11842,40.89642,951.1244,339.6491,0.384,34.211,-0.527,-0.552,resolved_agn,2.978237323141704,1.5341657689566073,1.0455959,7.545306,unclassified_anomaly,False,False,True,True,False
124.3102,44.82757,934.2089,390.6013,0.4895,68.012,-0.517,-0.616,resolved_agn,2.970444000398218,1.8325855461473497,1.0450399,7.5410824,unclassified_anomaly,False,False,False,False,True
177.50977,58.89422,823.799,456.675,0.4917,55.431,-0.94,-1.031,resolved_agn,2.9158212604357114,1.7437527135295792,1.044078,7.5337753,unclassified_anomaly,False,True,True,True,False
152.53979,45.312,806.2884,455.4105,0.4931,51.894,-0.88,-1.203,resolved_agn,2.906490411687944,1.715117147491514,1.0423276,7.5204787,unclassified_anomaly,False,False,True,True,False
121.20535,57.45618,938.5454,347.6852,0.3317,42.908,-0.564,-0.57,resolved_agn,2.972455285473709,1.6325382719503707,1.0375078,7.483864,unclassified_anomaly,False,True,False,True,False
148.40221,52.65437,864.6652,397.6662,0.4107,84.957,-0.546,-0.666,resolved_agn,2.9368479803678973,1.9291991682095084,1.0372348,7.48179,unclassified_anomaly,False,False,False,False,True
244.78064,27.97068,801.7108,367.2042,0.4604,17.261,-0.52,-0.51,resolved_agn,2.9040177341010827,1.2370659525554037,1.0353379,7.4673805,unclassified_anomaly,False,True,True,True,False
153.1619,46.88734,584.8569,412.3608,0.8043,3.74,0.958,-0.39,anomaly,2.767049617974963,0.5728716022004802,1.0336542,7.45459,gps_candidate,False,False,True,True,False
217.83477,32.3332,873.5764,399.5294,0.4617,21.813,-0.919,-0.889,resolved_agn,2.9413008928878863,1.3387153993635277,1.0323492,7.4446764,unclassified_anomaly,False,True,False,True,False
223.02778,40.76505,1041.9646,148.6259,0.1602,100.759,-0.896,-0.811,resolved_agn,3.017852964370591,2.003283848617292,1.0294532,7.422676,remnant_candidate,False,False,True,True,False
238.71562,63.09463,894.5375,402.4185,0.3717,91.632,-0.962,-0.784,resolved_agn,2.951598551389364,1.962047165769254,1.0276217,7.408764,unclassified_anomaly,False,True,True,True,False
179.66233,58.15293,935.7497,366.8176,0.3778,28.042,-0.783,-0.798,resolved_agn,2.971159696552299,1.4478089849718143,1.0261532,7.397608,unclassified_anomaly,False,True,False,True,False
224.59186,38.83516,843.8439,379.8819,0.4744,22.836,-0.645,-0.544,resolved_agn,2.9262621153002066,1.3586200343346453,1.0245551,7.3854675,unclassified_anomaly,False,False,True,True,False
168.66535,22.2792,1014.3172,308.878,0.3497,101.761,-0.516,-0.316,resolved_agn,3.006173789974985,2.0075813661143624,1.0230519,7.374048,unclassified_anomaly,False,True,True,True,False
132.31241,64.06266,1034.0518,237.6268,0.2488,82.727,-0.874,-0.636,resolved_agn,3.0145422949384675,1.9176472754204583,1.0223942,7.369052,unclassified_anomaly,False,False,False,False,True
244.47351,37.65376,682.7992,569.9367,0.9585,2.068,1.034,0.141,anomaly,2.8342930036029346,0.3155505344219049,1.0219517,7.3656907,gps_candidate,False,True,True,True,False
244.59542,33.10501,631.6213,604.4586,0.8836,2.07,1.131,0.171,anomaly,2.8004567671825,0.3159703454569177,1.0219398,7.3656,gps_candidate,False,True,False,True,False
165.9238,35.90154,1051.525,297.7727,0.3268,99.664,-0.931,-0.777,resolved_agn,3.021819602493552,1.9985383135300658,1.0188007,7.341754,unclassified_anomaly,False,True,True,True,False
183.61972,44.64918,818.2758,411.6672,0.4752,21.513,-0.555,-0.706,resolved_agn,2.9128997073756904,1.3327009772213803,1.0172961,7.3303237,unclassified_anomaly,False,False,False,False,True
127.99338,41.17008,875.6208,414.464,0.4396,65.718,-0.665,-0.731,resolved_agn,2.9423160694992876,1.8176843380530334,1.0129097,7.297002,unclassified_anomaly,False,True,False,True,False
141.65306,40.74941,949.7891,377.6371,0.408,42.188,-0.78,-0.896,resolved_agn,2.9776271812103965,1.625188937338458,1.0108615,7.281443,unclassified_anomaly,False,True,False,True,False
176.22798,49.72051,960.7563,372.7751,0.4355,98.782,-0.791,-0.652,resolved_agn,2.9826132409597172,1.9946778149027795,1.0106626,7.2799315,unclassified_anomaly,False,False,False,False,True
187.96774,25.52168,876.9218,377.5892,0.4259,37.281,-0.781,-0.627,resolved_agn,2.942960866635456,1.5714875530557968,1.0076673,7.257178,unclassified_anomaly,False,True,True,True,False
224.00671,46.4179,902.8013,411.5142,0.4975,69.005,-0.941,-0.813,resolved_agn,2.9555921757739343,1.8388805602117013,1.0076416,7.2569823,unclassified_anomaly,False,False,True,True,False
169.21014,48.16837,845.041,424.7882,0.4736,28.5,-0.846,-0.846,resolved_agn,2.9268777807151247,1.4548448600085102,1.0049654,7.236653,unclassified_anomaly,False,False,False,False,True
185.43317,48.75073,1034.8569,184.8954,0.1564,109.041,-0.683,-0.759,resolved_agn,3.014880299708837,2.0375898256997873,1.003688,7.2269483,remnant_candidate,False,False,True,True,False
192.44006,46.92141,975.9361,353.7624,0.3463,46.212,-0.971,-1.204,resolved_agn,2.9894213829065546,1.664754764670356,1.0031384,7.2227736,unclassified_anomaly,False,False,True,True,False
243.3783,40.27892,931.5199,159.4095,0.1934,83.688,-0.959,-1.011,resolved_agn,2.9691921371365826,1.9226631890875825,1.0031292,7.222704,remnant_candidate,False,False,False,False,True
191.75283,54.64881,608.8758,533.3802,0.813,1.845,0.735,-0.337,anomaly,2.7845287131983563,0.2659963704950792,1.0028825,7.2208295,gps_candidate,False,False,False,False,True
172.06568,35.36936,1015.0922,335.3904,0.2889,102.144,-0.859,-0.869,resolved_agn,3.00650549065582,2.009212860998598,1.0010417,7.2068453,unclassified_anomaly,False,True,True,True,False
210.00878,46.92806,931.6752,373.0243,0.4302,107.625,-0.637,-0.671,resolved_agn,2.9692645352801756,2.031913164461711,1.0010142,7.206637,unclassified_anomaly,False,False,False,False,True
132.72696,50.51992,922.951,373.1216,0.4469,48.335,-0.873,-0.755,resolved_agn,2.9651786446938444,1.684261722928907,1.000908,7.20583,unclassified_anomaly,False,False,True,True,False
142.11626,56.34666,880.0634,425.4085,0.4759,63.064,-0.747,-0.779,resolved_agn,2.944513959966465,1.7997815135548276,1.0004331,7.2022223,unclassified_anomaly,False,False,True,True,False
126.29442,53.24761,1047.9033,322.9948,0.3466,21.88,-0.916,-0.905,resolved_agn,3.020321208015992,1.3400473176613932,0.9983721,7.186566,unclassified_anomaly,False,True,False,True,False
167.5502,23.64841,944.2211,378.8515,0.411,83.794,-0.774,-0.848,resolved_agn,2.9750737011483817,1.9232129224467314,0.9980853,7.184387,unclassified_anomaly,False,False,False,False,True
249.8584,40.72391,864.2996,441.6515,0.4704,82.428,-0.785,-0.685,resolved_agn,2.936664312007558,1.9160747624240586,0.99774426,7.1817966,unclassified_anomaly,False,True,False,True,False
219.08808,62.29678,826.3042,382.5604,0.4527,34.059,-0.587,-0.517,resolved_agn,2.9171399602261143,1.5322318925738088,0.9956552,7.1659265,unclassified_anomaly,False,False,True,True,False
186.93737,56.60413,895.7062,399.2,0.4457,94.535,-0.943,-0.918,resolved_agn,2.952165580373298,1.9755926285377265,0.99549145,7.164683,unclassified_anomaly,False,True,True,True,False
159.09919,24.36556,848.1943,386.8417,0.4118,27.932,-0.761,-0.635,resolved_agn,2.928495349605812,1.446102033368979,0.99534404,7.163563,unclassified_anomaly,False,False,False,False,True
238.05154,26.80109,855.4519,374.6983,0.4736,50.717,-0.531,-0.513,resolved_agn,2.9321955952308847,1.7051535563488562,0.99371374,7.1511784,unclassified_anomaly,False,False,True,True,False
147.4807,30.0941,627.6904,604.7194,0.9839,1.912,0.731,-0.102,anomaly,2.7977454865304168,0.2814878879400812,0.9934713,7.149337,gps_candidate,False,False,False,False,True
154.26393,58.50474,875.8655,398.3112,0.3886,68.033,-0.991,-0.841,resolved_agn,2.9424374199893406,1.8327196221397406,0.9932238,7.147456,unclassified_anomaly,False,True,False,True,False
212.51162,23.60556,574.0177,490.0958,0.8699,3.34,1.817,-0.422,anomaly,2.7589252841990413,0.5237464668115644,0.99220824,7.1397414,gps_candidate,False,True,True,True,False
223.73786,63.24087,859.9535,424.5512,0.4589,87.634,-0.745,-0.575,resolved_agn,2.9344749684070686,1.9426726352499941,0.991635,7.135387,unclassified_anomaly,False,False,True,True,False
150.08527,28.38649,720.383,592.4115,0.8887,3.682,1.197,0.394,anomaly,2.8575634555449057,0.5660837841679959,0.9914882,7.1342716,gps_candidate,False,False,True,True,False
180.09756,35.54375,939.8185,383.9248,0.4497,50.708,-0.756,-0.907,resolved_agn,2.9730439897067638,1.7050764816562776,0.9899282,7.122421,unclassified_anomaly,False,False,True,True,False
126.8803,20.17094,828.2315,472.5613,0.4932,79.741,-0.776,-0.948,resolved_agn,2.9181517439350464,1.9016816776739895,0.98623717,7.094382,unclassified_anomaly,False,True,True,True,False
225.91156,28.50584,832.241,370.2465,0.4539,49.844,-0.546,-0.473,resolved_agn,2.9202491073174746,1.6976128873473644,0.9844507,7.0808105,unclassified_anomaly,False,True,False,True,False
154.98172,30.17938,684.7516,563.3229,0.9361,2.759,0.564,0.228,anomaly,2.83553305570564,0.44075170047918544,0.983744,7.0754423,gps_candidate,False,False,False,False,True
120.12806,55.9081,522.3296,521.3058,0.9634,3.827,1.804,0.479,anomaly,2.717944637654748,0.5828584622244993,0.9830127,7.0698867,gps_candidate,False,True,False,True,False
188.67765,20.66942,647.3074,587.4714,0.8745,3.148,1.048,0.338,anomaly,2.811110571888618,0.49803472368702695,0.98292583,7.0692267,gps_candidate,False,True,True,True,False
234.87064,42.62209,673.2652,727.4471,0.9997,3.581,1.701,-0.216,anomaly,2.8281861670617987,0.5540043210119029,0.9817045,7.0599484,gps_candidate,False,True,True,True,False
239.41081,50.68655,875.6351,383.4045,0.4664,83.25,-0.649,-0.487,resolved_agn,2.942323162021964,1.9203842421783575,0.9804592,7.050489,unclassified_anomaly,False,True,True,True,False
187.93435,31.24386,875.4877,409.1616,0.4921,53.204,-0.631,-0.706,resolved_agn,2.942250048923575,1.72594428478797,0.9797887,7.0453954,unclassified_anomaly,False,False,True,True,False
190.31574,64.76487,821.1543,344.3198,0.3948,19.878,-0.707,-0.559,resolved_agn,2.914424771421769,1.2983726862656035,0.97908777,7.0400705,unclassified_anomaly,False,False,False,False,True
205.33101,45.18392,821.96,400.2036,0.4237,112.897,-0.977,-0.94,resolved_agn,2.9148506834744046,2.052682401617118,0.9787432,7.037453,unclassified_anomaly,False,False,True,True,False
179.91512,60.37834,868.6642,377.582,0.3738,97.22,-0.953,-1.053,resolved_agn,2.938851923432142,1.9877556167385233,0.97723466,7.0259933,unclassified_anomaly,False,True,True,True,False
125.67811,41.38119,701.5464,582.7003,0.8881,2.66,1.016,0.455,anomaly,2.8460564003787012,0.424881636631067,0.9770247,7.024398,gps_candidate,False,True,False,True,False
148.9518,31.50952,656.5525,594.1767,0.8581,2.868,1.927,0.149,anomaly,2.817269459364839,0.4575791469957625,0.9766723,7.0217214,gps_candidate,False,True,True,True,False
156.25906,60.29939,829.9274,418.8893,0.389,76.989,-0.651,-0.928,resolved_agn,2.9190401030285806,1.8864286786716402,0.9764077,7.019711,unclassified_anomaly,False,False,True,True,False
146.95672,54.99658,562.0933,438.2412,0.8453,1.002,0.596,-0.488,anomaly,2.7498084086511114,0.0008677215312269133,0.9761774,7.0179615,gps_candidate,False,False,False,False,True
222.99233,44.87858,1005.1032,344.8137,0.3669,52.236,-0.835,-0.761,resolved_agn,3.0022106556764334,1.717969913205023,0.97576594,7.014836,unclassified_anomaly,False,False,True,True,False
184.11019,60.32744,953.9019,339.3844,0.3664,103.59,-0.768,-0.669,resolved_agn,2.979503713824296,2.015317833069117,0.9746167,7.006106,unclassified_anomaly,False,True,True,True,False
228.27563,34.61107,869.0229,361.0473,0.3669,119.89,-0.706,-0.737,resolved_agn,2.9390312208820353,2.078782960196963,0.97284615,6.9926553,unclassified_anomaly,False,False,True,True,False
143.77965,31.23501,934.6323,374.9634,0.421,43.774,-0.514,-0.768,resolved_agn,2.9706407857503216,1.6412162335803264,0.9726598,6.99124,unclassified_anomaly,False,True,True,True,False
229.92752,26.39042,881.4287,292.8185,0.3339,35.103,-0.6,-0.363,resolved_agn,2.9451871873682562,1.5453442340661119,0.9722834,6.9883804,unclassified_anomaly,False,True,False,True,False
207.01096,59.48636,921.0622,365.8555,0.406,71.695,-0.97,-1.09,resolved_agn,2.9642889594092767,1.8554888690830462,0.97220445,6.9877806,unclassified_anomaly,False,False,True,True,False
164.09765,31.65784,873.955,405.8932,0.467,56.709,-0.616,-0.739,resolved_agn,2.9414890713588666,1.7536519890544517,0.9716805,6.983801,unclassified_anomaly,False,False,True,True,False
242.5003,42.84287,599.3266,526.3769,0.8551,1.961,0.572,-0.352,anomaly,2.7776635534796528,0.2924775936677841,0.9709049,6.9779086,gps_candidate,False,False,True,True,False
165.89087,62.28916,822.3229,454.1908,0.4377,54.41,-0.686,-0.506,resolved_agn,2.9150423846348823,1.7356787259059046,0.96919906,6.96495,unclassified_anomaly,False,False,True,True,False
182.76843,29.58197,877.4598,413.2589,0.4957,77.583,-0.776,-0.549,resolved_agn,2.943227228798156,1.889766569002827,0.968388,6.958789,unclassified_anomaly,False,False,True,True,False
243.9141,35.88425,880.4553,317.7557,0.3585,31.235,-0.581,-0.507,resolved_agn,2.9447073120850984,1.4946415102820405,0.96665204,6.9456015,unclassified_anomaly,False,False,False,False,True
217.67262,45.9625,896.4783,360.7249,0.4638,60.281,-0.745,-0.609,resolved_agn,2.9525397815676757,1.780180448202641,0.9664937,6.944399,unclassified_anomaly,False,False,True,True,False
183.18756,58.51823,930.1385,358.4634,0.3959,66.958,-0.984,-1.179,resolved_agn,2.9685476209273682,1.825802473032757,0.9662937,6.942879,unclassified_anomaly,False,True,False,True,False
226.15545,41.19243,897.7136,351.0973,0.4044,80.29,-0.63,-0.613,resolved_agn,2.9531378046200207,1.9046614579155245,0.9657944,6.939086,unclassified_anomaly,False,True,False,True,False
156.05844,20.35025,966.6746,305.098,0.3411,112.243,-0.971,-1.22,resolved_agn,2.985280307374554,2.0501592658787673,0.9630071,6.917912,unclassified_anomaly,False,True,True,True,False
221.99253,59.90088,818.2022,395.0542,0.4651,88.092,-0.523,-0.622,resolved_agn,2.912860642904442,1.9449364701190766,0.9626289,6.915039,unclassified_anomaly,False,True,False,True,False
216.24715,51.60506,640.4955,632.6061,0.9649,3.104,1.361,0.092,anomaly,2.806516082820699,0.49192171258615086,0.96196157,6.90997,gps_candidate,False,True,False,True,False
127.6936,55.2361,1125.2179,140.3926,0.134,31.049,-0.692,-0.823,resolved_agn,3.051236632317721,1.4920476173475257,0.96155757,6.9069004,unclassified_anomaly,False,False,False,False,True
230.36547,45.64756,802.1209,358.4056,0.4202,41.419,-0.608,-0.449,resolved_agn,2.9042398324308643,1.6171996092912686,0.9611426,6.9037485,unclassified_anomaly,False,True,True,True,False
227.36676,36.96679,628.8841,543.1846,0.8541,1.601,1.63,0.433,anomaly,2.7985706146529328,0.20439133191929973,0.9590777,6.888062,gps_candidate,False,True,True,True,False
164.47062,39.33878,926.8402,351.5674,0.4193,99.272,-0.702,-0.663,resolved_agn,2.967004862255992,1.996826771554283,0.95833695,6.882435,unclassified_anomaly,False,False,False,False,True
206.38924,61.83178,785.5153,407.5778,0.4892,113.802,-0.94,-1.081,resolved_agn,2.895154648498667,2.056149894583932,0.95831454,6.8822646,unclassified_anomaly,False,False,True,True,False
220.14246,63.58766,883.1137,354.6281,0.3757,20.669,-0.912,-0.797,resolved_agn,2.946016622154793,1.3153194652587508,0.9552735,6.8591633,unclassified_anomaly,False,False,True,True,False
172.37423,57.45081,909.5195,350.3209,0.3748,66.371,-0.93,-0.726,resolved_agn,2.9588120147261785,1.821978361128711,0.955028,6.857298,unclassified_anomaly,False,False,True,True,False
139.73953,22.27243,906.5425,378.6179,0.4669,87.858,-0.958,-0.923,resolved_agn,2.9573881692509616,1.9437813127598274,0.9541005,6.850252,unclassified_anomaly,False,False,True,True,False
157.72606,54.6555,955.7366,349.3723,0.3608,78.702,-0.795,-0.725,resolved_agn,2.9803382176647992,1.895985768927391,0.9530325,6.8421392,unclassified_anomaly,False,False,True,True,False
234.77549,35.99444,843.0569,481.0789,0.499,50.383,-0.619,-0.542,resolved_agn,2.925856887225082,1.702284023516512,0.952185,6.835701,unclassified_anomaly,False,True,False,True,False
240.11618,22.82384,915.7119,369.1204,0.4366,63.215,-0.83,-0.749,resolved_agn,2.9617588580338436,1.8008201422741443,0.95217824,6.8356495,unclassified_anomaly,False,False,True,True,False
198.36255,22.42696,864.2299,340.7168,0.3343,118.611,-0.909,-0.813,resolved_agn,2.936629287641002,2.0741249674243076,0.95136005,6.829434,unclassified_anomaly,False,False,False,False,True
197.24137,41.33787,962.2892,329.7239,0.3146,110.69,-0.893,-0.895,resolved_agn,2.9833056116314585,2.0441083874461197,0.95116764,6.8279724,unclassified_anomaly,False,False,True,True,False
204.41919,25.19498,851.2355,298.2908,0.3334,34.794,-0.688,-0.403,resolved_agn,2.9300497271838415,1.5415043591318591,0.9507043,6.8244524,unclassified_anomaly,False,False,True,True,False
123.13185,54.40528,913.5289,357.4171,0.4232,95.627,-0.724,-0.66,resolved_agn,2.960722291055819,1.9805805313499685,0.95054024,6.8232064,unclassified_anomaly,False,False,True,True,False
152.43548,60.15381,834.7428,406.8774,0.4806,116.048,-0.752,-0.764,resolved_agn,2.9215526817740214,2.064637660117671,0.9496303,6.816294,unclassified_anomaly,False,False,False,False,True
151.03424,59.91718,1040.4753,137.3593,0.1592,66.686,-0.928,-0.936,resolved_agn,3.01723177488784,1.8240346680855177,0.9487489,6.8095984,remnant_candidate,False,False,False,False,True
173.03843,36.17728,796.9049,406.2644,0.4722,115.997,-0.896,-0.933,resolved_agn,2.9014064972185496,2.0644467573278353,0.94780487,6.802427,unclassified_anomaly,False,True,False,True,False
195.19688,47.61791,958.6733,298.835,0.319,60.308,-0.558,-0.41,resolved_agn,2.9816706320086688,1.780374926160122,0.947217,6.7979608,unclassified_anomaly,False,False,False,False,True
192.90003,29.77123,846.9985,376.3601,0.4388,111.346,-0.984,-1.026,resolved_agn,2.92788264121347,2.046674620030762,0.9472111,6.797916,unclassified_anomaly,False,True,False,True,False
235.50361,34.41825,828.6215,420.3653,0.4867,100.775,-0.988,-0.989,resolved_agn,2.918356197620522,2.003352806825089,0.9468713,6.795335,unclassified_anomaly,False,True,True,True,False
182.00092,47.79521,564.4528,550.543,0.9571,1.496,1.421,0.458,anomaly,2.7516276317231996,0.17493159352844256,0.9434671,6.7694745,gps_candidate,False,True,False,True,False
239.98231,64.94069,828.2821,406.5947,0.4847,29.797,-0.695,-0.695,resolved_agn,2.9181782759246313,1.474172540954393,0.94246763,6.761882,unclassified_anomaly,False,False,True,True,False
135.69721,41.10512,622.6413,590.9221,0.9264,3.323,1.276,0.245,anomaly,2.7942379241962025,0.521530341278711,0.9419092,6.75764,gps_candidate,False,True,False,True,False
219.60293,53.29691,845.0655,424.6957,0.4913,64.478,-0.919,-0.892,resolved_agn,2.9268903718918433,1.8094115579156018,0.9391275,6.7365084,unclassified_anomaly,False,False,False,False,True
132.71732,42.01567,830.989,430.7338,0.4974,49.325,-0.925,-1.065,resolved_agn,2.9195952749623064,1.6930670939242287,0.93903255,6.735787,unclassified_anomaly,False,True,False,True,False
142.71256,21.1976,807.2515,413.4848,0.4797,103.903,-0.616,-0.685,resolved_agn,2.907008860677267,2.016628087159068,0.9375409,6.7244554,unclassified_anomaly,False,False,False,False,True
161.03494,58.40021,869.295,337.5226,0.3699,119.255,-0.939,-0.904,resolved_agn,2.9391671816628464,2.0764765967426526,0.9355077,6.70901,unclassified_anomaly,False,False,True,True,False
210.37005,36.765,929.1077,333.7632,0.3709,74.396,-0.56,-0.572,resolved_agn,2.968066059316201,1.8715495857524966,0.9348839,6.7042713,unclassified_anomaly,False,False,True,True,False
219.73678,22.30939,930.9559,376.4193,0.424,72.862,-0.715,-1.01,resolved_agn,2.9689291086502196,1.8625010880840838,0.9330813,6.690578,unclassified_anomaly,False,True,True,True,False
178.75374,61.19962,957.373,289.1324,0.2441,119.102,-0.813,-0.824,resolved_agn,2.981081175270059,2.0759190543599475,0.9329443,6.689537,unclassified_anomaly,False,False,False,False,True
176.18016,45.58804,625.0763,620.2996,0.8984,3.919,0.713,-0.262,anomaly,2.7959330327784295,0.5931752634781026,0.9310949,6.675488,gps_candidate,False,False,True,True,False
240.50367,64.49692,890.3734,349.6602,0.3932,114.463,-0.773,-0.789,resolved_agn,2.9495721769266305,2.0586651242944716,0.93054485,6.6713095,unclassified_anomaly,False,True,True,True,False
121.05231,60.63607,942.597,349.5447,0.3736,82.085,-0.708,-0.753,resolved_agn,2.974326053198369,1.9142638025225327,0.9292748,6.661661,unclassified_anomaly,False,True,False,True,False
239.47124,51.26632,906.3375,389.3431,0.4945,59.036,-0.588,-0.822,resolved_agn,2.957289949435894,1.7711169240728144,0.92852163,6.65594,unclassified_anomaly,False,True,True,True,False
160.21599,38.26914,788.0851,413.8322,0.4746,114.999,-0.913,-0.8,resolved_agn,2.8965731165566755,2.0606940638634366,0.9282497,6.6538744,unclassified_anomaly,False,False,False,False,True
140.9685,38.92339,650.9467,498.5636,0.8108,2.423,0.517,-0.316,anomaly,2.81354542966874,0.38435341413750623,0.9281934,6.653446,gps_candidate,False,False,False,False,True
147.21943,22.90828,997.2335,311.786,0.2934,105.311,-0.6,-0.651,resolved_agn,2.998796859303027,2.0224737367106043,0.9255088,6.6330523,unclassified_anomaly,False,True,True,True,False
215.29732,63.50249,602.2201,433.5102,0.8121,1.684,1.616,-0.027,anomaly,2.7797552466490214,0.2263420871636307,0.92499876,6.629178,gps_candidate,False,True,True,True,False
176.983,48.14419,895.3858,353.6941,0.429,28.556,-0.844,-0.738,resolved_agn,2.952010202588699,1.4556973732865566,0.92468053,6.6267605,unclassified_anomaly,False,False,False,False,True
229.95954,22.98404,833.5883,385.1397,0.4181,98.84,-0.739,-0.685,resolved_agn,2.92095161036872,1.9949327367300418,0.92346704,6.6175423,unclassified_anomaly,False,False,True,True,False
182.67055,40.85757,847.8815,365.0848,0.4292,60.763,-0.732,-0.597,resolved_agn,2.9283351594592637,1.7836392077727452,0.92261535,6.611072,unclassified_anomaly,False,False,True,True,False
151.45287,21.14469,833.8604,422.9195,0.497,40.031,-0.849,-0.909,resolved_agn,2.921093349697282,1.6023964391947225,0.9217278,6.6043296,unclassified_anomaly,False,False,True,True,False
177.1023,34.72924,620.8339,569.3777,0.9789,3.362,0.87,0.365,anomaly,2.792975423103504,0.5265977091034522,0.9213956,6.601806,gps_candidate,False,False,True,True,False
128.74699,45.60045,893.9517,356.541,0.3731,28.359,-0.883,-0.856,resolved_agn,2.9513140546011285,1.4526909126133245,0.92136276,6.601557,unclassified_anomaly,False,False,True,True,False
192.7136,50.83931,588.5443,595.2542,0.981,3.925,1.183,0.299,anomaly,2.769779157955081,0.5938396610812713,0.92124474,6.6006603,gps_candidate,False,False,False,False,True
123.56866,44.26161,565.9013,598.9932,0.9146,2.621,1.99,0.242,anomaly,2.752740691606609,0.4184670209466005,0.9211116,6.5996485,gps_candidate,False,True,False,True,False
217.47903,31.63217,567.1244,486.3144,0.8871,1.018,1.375,-0.334,anomaly,2.7536783328042436,0.007747778000739948,0.92101437,6.5989103,gps_candidate,False,True,True,True,False
215.79333,45.6212,835.8181,354.9844,0.3839,99.129,-0.652,-0.567,resolved_agn,2.922111771743008,1.9962007250961855,0.9194214,6.5868087,unclassified_anomaly,False,True,False,True,False
152.82757,64.85477,962.0198,195.2847,0.2068,105.024,-0.954,-1.043,resolved_agn,2.98318401064722,2.0212885550369806,0.9193798,6.586493,unclassified_anomaly,False,True,True,True,False
222.52851,29.15026,743.2542,323.1089,0.4033,24.906,-0.554,-0.338,resolved_agn,2.871137372006367,1.3963039837621631,0.91911536,6.584484,unclassified_anomaly,False,True,True,True,False
173.24963,45.79838,818.2151,398.493,0.4863,82.477,-0.621,-0.721,resolved_agn,2.912867490056225,1.9163328556321428,0.91867864,6.5811667,unclassified_anomaly,False,True,True,True,False
184.09514,24.00316,962.9279,284.486,0.3454,93.98,-0.543,-0.379,resolved_agn,2.9835937701936985,1.973035440686933,0.9180444,6.5763483,unclassified_anomaly,False,False,False,False,True
209.99055,30.0285,843.2919,398.9847,0.4414,75.952,-0.969,-0.973,resolved_agn,2.9259779288552688,1.8805392143742847,0.9179369,6.575532,unclassified_anomaly,False,False,False,False,True
148.57184,42.59384,1018.5549,313.6426,0.3025,94.485,-0.675,-0.641,resolved_agn,3.0079844423931132,1.975362867405554,0.9153313,6.555738,unclassified_anomaly,False,False,True,True,False
167.20638,24.93072,799.3459,367.4639,0.3922,40.211,-0.65,-0.568,resolved_agn,2.9027347517217605,1.6043448736272001,0.9143674,6.5484157,unclassified_anomaly,False,False,True,True,False
182.98863,33.32519,925.5993,332.9256,0.3321,65.294,-0.542,-0.657,resolved_agn,2.966423017501329,1.8148732748950984,0.9120771,6.5310173,unclassified_anomaly,False,False,False,False,True
152.62949,23.09941,563.28,445.7614,0.8084,1.584,0.996,-0.321,anomaly,2.750724331310199,0.19975517725347472,0.9103718,6.5180626,gps_candidate,False,False,True,True,False
169.56544,64.5059,587.2562,522.0352,0.8452,2.73,0.797,-0.403,anomaly,2.768827610569395,0.436162647040756,0.9099375,6.514764,gps_candidate,False,False,False,False,True
149.39755,58.16145,859.4243,389.7024,0.4745,102.825,-0.868,-0.801,resolved_agn,2.934207629085739,2.0120987181812127,0.9094628,6.5111575,unclassified_anomaly,False,False,False,False,True
166.86427,63.90342,568.7526,528.4293,0.9081,3.659,1.348,-0.491,anomaly,2.7549233950068337,0.5633624094866074,0.9071566,6.493638,gps_candidate,False,False,True,True,False
142.63722,30.86734,767.4473,379.0972,0.4583,63.966,-0.581,-0.45,resolved_agn,2.885048562514038,1.8059491937339431,0.90623033,6.486602,unclassified_anomaly,False,True,True,True,False
176.76951,26.76203,875.6643,341.0976,0.3283,110.983,-0.556,-0.687,resolved_agn,2.9423376442959515,2.0452564601234555,0.90599066,6.4847813,unclassified_anomaly,False,True,False,True,False
238.92322,59.03458,1009.5664,261.2332,0.2528,102.027,-0.583,-0.77,resolved_agn,3.004134888118941,2.008715116853301,0.9043161,6.47206,unclassified_anomaly,False,True,True,True,False
146.15321,22.64584,1029.4927,224.8684,0.2583,74.917,-0.629,-0.565,resolved_agn,3.012623271438792,1.8745803780260522,0.90411305,6.4705176,unclassified_anomaly,False,False,True,True,False
124.15751,59.52613,918.2399,317.6096,0.349,111.398,-0.642,-0.469,resolved_agn,2.9629561601064784,2.0468773937393174,0.9040464,6.470011,unclassified_anomaly,False,True,True,True,False
209.85897,36.81233,828.7498,388.2277,0.4543,19.759,-0.859,-0.85,resolved_agn,2.918423436605702,1.295764961229772,0.90403104,6.4698944,unclassified_anomaly,False,True,False,True,False
188.4721,32.25323,996.128,326.9545,0.3471,38.563,-0.665,-0.672,resolved_agn,2.9983151477830976,1.5861708123875782,0.9037247,6.4675674,unclassified_anomaly,False,False,False,False,True
223.27856,55.98702,839.0423,373.1943,0.4008,71.493,-0.757,-0.785,resolved_agn,2.923783856172564,1.8542635213787417,0.90320575,6.4636254,unclassified_anomaly,False,True,True,True,False
214.20928,38.02756,824.5021,361.4933,0.4514,108.106,-0.503,-0.609,resolved_agn,2.916191766126384,2.033849798435999,0.9023019,6.456759,unclassified_anomaly,False,False,True,True,False
247.67393,30.84622,847.436,377.9401,0.3937,62.228,-0.88,-0.844,resolved_agn,2.9281069093572727,1.7939858430393987,0.9022642,6.4564724,unclassified_anomaly,False,False,True,True,False
233.40152,42.78157,853.3789,361.8467,0.4633,83.799,-0.672,-0.56,resolved_agn,2.9311419006197856,1.9232388360876371,0.90213937,6.4555244,unclassified_anomaly,False,True,True,True,False
247.7217,30.25546,1003.8805,255.2165,0.2755,45.309,-0.549,-0.423,resolved_agn,3.0016820183076107,1.6561844771146426,0.9010729,6.447423,unclassified_anomaly,False,False,False,False,True
198.7575,20.83307,848.5644,325.7268,0.3435,108.82,-0.93,-0.966,resolved_agn,2.9286848077654213,2.0367087215698856,0.9005868,6.44373,unclassified_anomaly,False,False,True,True,False
156.72867,25.30899,589.8632,482.1485,0.8435,1.565,0.613,-0.14,anomaly,2.77075130253385,0.19451434188246727,0.9000421,6.4395924,gps_candidate,False,False,True,True,False
241.34444,30.37392,1028.2413,330.8852,0.3828,76.084,-0.592,-0.655,resolved_agn,3.012095043609876,1.881293336898102,0.8997474,6.437353,unclassified_anomaly,False,False,True,True,False
188.81459,20.22494,788.097,385.6056,0.4824,103.199,-0.511,-0.531,resolved_agn,2.8965796743069947,2.01367548899094,0.8989014,6.430927,unclassified_anomaly,False,False,True,True,False
212.72433,59.56451,685.9855,346.1295,0.4645,21.658,-0.522,-0.443,resolved_agn,2.8363149359158752,1.3356183493776055,0.89867926,6.4292393,unclassified_anomaly,False,True,True,True,False
184.9562,34.57324,943.5718,191.6153,0.2038,84.212,-0.616,-0.312,resolved_agn,2.974774952892448,1.9253739817900286,0.8977424,6.4221225,unclassified_anomaly,False,False,True,True,False
229.58945,61.45225,756.8116,430.4028,0.4748,78.177,-0.973,-1.048,resolved_agn,2.8789877800763226,1.8930790006006526,0.89600337,6.4089117,unclassified_anomaly,False,False,True,True,False
222.8831,37.26686,30.3038,0.5457,0.0197,1940.544,-1.579,-2.193,anomaly,1.4814970910618606,3.2879234944043323,0.8952156,6.402927,uss_diffuse,True,False,False,False,True
178.26336,28.45849,901.4901,328.0125,0.3537,46.507,-0.584,-0.644,resolved_agn,2.9549609617417496,1.6675183256334907,0.8947025,6.3990293,unclassified_anomaly,False,False,True,True,False
127.95424,56.62669,607.8195,631.394,0.9882,1.031,1.781,-0.318,anomaly,2.7837746289564103,0.013258665283516512,0.89437205,6.396519,gps_candidate,False,True,True,True,False
244.00168,44.65484,561.518,445.4638,0.8126,2.038,1.744,-0.215,anomaly,2.749363682548282,0.30920417967040753,0.89367455,6.3912206,gps_candidate,False,False,False,False,True
149.19171,20.28449,834.383,352.5284,0.4149,93.487,-0.678,-0.563,resolved_agn,2.9213654470467056,1.9707512234843696,0.89361405,6.390761,unclassified_anomaly,False,True,False,True,False
188.41211,56.71762,1010.9588,228.2485,0.2307,104.686,-0.727,-0.755,resolved_agn,3.0047334569784905,2.0198886059454533,0.8922726,6.3805704,unclassified_anomaly,False,True,False,True,False
170.79762,39.9882,978.4562,301.9719,0.2876,56.444,-0.645,-0.547,resolved_agn,2.9905413894993265,1.7516177831895414,0.89132005,6.3733344,unclassified_anomaly,False,True,True,True,False
223.49578,62.79664,841.0516,384.466,0.4875,105.405,-0.834,-0.863,resolved_agn,2.924822641348231,2.0228612125929,0.8906462,6.3682156,unclassified_anomaly,False,True,False,True,False
125.98358,50.76933,1012.0679,313.5247,0.3403,92.1,-0.719,-0.644,resolved_agn,3.005209650454471,1.964259630196849,0.88909906,6.3564625,unclassified_anomaly,False,True,False,True,False
124.5323,62.44559,1002.8423,333.5521,0.3697,35.053,-0.788,-0.924,resolved_agn,3.001232644262187,1.5447251928502006,0.8890282,6.355924,unclassified_anomaly,False,True,True,True,False
202.77239,56.78054,501.492,502.3625,0.9099,2.69,0.749,0.463,anomaly,2.700264009373252,0.42975228000240795,0.8886601,6.3531275,gps_candidate,False,False,False,False,True
176.01499,24.26322,984.735,197.8517,0.1937,82.903,-0.556,-0.405,resolved_agn,2.9933193741302335,1.9185702465921528,0.8872888,6.3427105,remnant_candidate,False,False,True,True,False
141.77054,34.30882,966.7005,291.9743,0.317,61.449,-0.539,-0.453,resolved_agn,2.9852919432201612,1.788514819720184,0.88674223,6.3385587,unclassified_anomaly,False,False,True,True,False
152.0816,20.29297,738.8448,394.2275,0.4933,33.559,-0.63,-0.466,resolved_agn,2.8685532210980713,1.5258090111270903,0.8865974,6.337458,unclassified_anomaly,False,True,False,True,False
196.06383,36.59544,887.666,355.0843,0.4069,31.879,-0.845,-0.822,resolved_agn,2.948249585549812,1.5035046897223985,0.88605356,6.333327,unclassified_anomaly,False,True,True,True,False
220.65804,44.3363,781.7633,398.7027,0.4879,51.672,-0.699,-0.617,resolved_agn,2.893075278552611,1.7132552715350933,0.8855375,6.3294067,unclassified_anomaly,False,True,True,True,False
158.11507,37.64488,700.493,348.1136,0.4662,107.117,-0.905,-1.323,resolved_agn,2.8454037997551795,2.0298584009934006,0.8846787,6.3228827,unclassified_anomaly,False,False,False,False,True
247.60838,21.72822,831.1172,323.6453,0.3457,113.197,-0.902,-0.937,resolved_agn,2.9196622701431085,2.053834917128663,0.8844009,6.320772,unclassified_anomaly,False,False,False,False,True
155.05429,35.01936,583.0823,563.7817,0.9784,1.888,1.747,-0.301,anomaly,2.7657298582123295,0.27600198996205016,0.8839781,6.3175607,gps_candidate,False,False,True,True,False
177.67816,34.62672,832.9887,351.7209,0.3996,103.188,-0.733,-0.729,resolved_agn,2.920639109977097,2.0136291949965948,0.8832879,6.3123174,unclassified_anomaly,False,False,True,True,False
124.36994,27.83538,589.9096,483.0622,0.893,2.459,1.76,-0.021,anomaly,2.7707854637960363,0.3907585287387172,0.88216925,6.303819,gps_candidate,False,True,True,True,False
155.78184,32.1798,597.7517,576.4026,0.9902,1.509,0.897,-0.146,anomaly,2.776520819918836,0.17868923977558981,0.88215196,6.303688,gps_candidate,False,False,False,False,True
159.43713,25.54381,784.6928,389.4518,0.4978,67.435,-0.62,-0.544,resolved_agn,2.8946996677301486,1.828885361840441,0.8812798,6.297063,unclassified_anomaly,False,True,True,True,False
165.285,30.64471,1032.8449,224.0612,0.222,68.213,-0.681,-0.697,resolved_agn,3.0140351093884776,1.8338671501732087,0.88055456,6.291553,unclassified_anomaly,False,False,False,False,True
178.05152,37.21837,780.417,381.5695,0.4652,70.604,-0.544,-0.613,resolved_agn,2.892326721160434,1.8488293062744332,0.88045055,6.290763,unclassified_anomaly,False,True,False,True,False
121.76004,41.42044,845.7931,339.4285,0.4053,107.591,-0.616,-0.673,resolved_agn,2.9272641378407367,2.0317759440644587,0.8802425,6.2891827,unclassified_anomaly,False,False,False,False,True
237.15876,21.07145,924.7398,248.643,0.2578,112.635,-0.918,-1.031,resolved_agn,2.9660195496893556,2.051673363383567,0.8795333,6.283795,unclassified_anomaly,False,True,False,True,False
163.62185,52.04399,842.0405,374.0211,0.4636,25.787,-0.663,-0.792,resolved_agn,2.9253329804586983,1.411400820260078,0.87887377,6.2787848,unclassified_anomaly,False,False,True,True,False
183.70911,33.27729,907.0852,293.6207,0.3386,19.182,-0.748,-0.525,resolved_agn,2.9576480810535477,1.2828938866553317,0.87868005,6.277313,unclassified_anomaly,False,True,True,True,False
210.12098,30.85363,829.6306,389.7701,0.4857,84.983,-0.748,-0.849,resolved_agn,2.9188847621443172,1.9293320581308642,0.8779475,6.2717485,unclassified_anomaly,False,True,True,True,False
188.5809,24.60755,852.2771,327.0191,0.3768,102.506,-0.939,-0.978,resolved_agn,2.930580819456037,2.010749286763754,0.8772108,6.266152,unclassified_anomaly,False,False,False,False,True
143.06576,34.12053,944.1152,202.6445,0.2361,78.968,-0.514,-0.333,resolved_agn,2.9750249897131553,1.8974511388999447,0.87686634,6.2635355,unclassified_anomaly,False,False,False,False,True
204.97585,47.81044,31.7585,0.9819,0.0295,1995.383,-1.552,-2.019,anomaly,1.5018599818814162,3.3000262678534136,0.87652916,6.260974,uss_diffuse,True,True,True,True,False
209.47711,22.53435,942.9579,225.4886,0.2614,109.293,-0.935,-0.849,resolved_agn,2.9744923033355914,2.038592347139765,0.87510383,6.2501464,unclassified_anomaly,False,False,True,True,False
201.83432,30.38477,762.0045,438.8362,0.4768,42.027,-0.937,-0.973,resolved_agn,2.88195753606322,1.6235283900067157,0.87477857,6.2476754,unclassified_anomaly,False,True,True,True,False
246.78382,43.71751,997.3583,165.2655,0.1835,37.233,-0.836,-0.676,resolved_agn,2.9988512062139208,1.570928030334837,0.87448674,6.2454586,unclassified_anomaly,False,True,True,True,False
199.48182,55.77535,850.8416,362.2483,0.4462,90.392,-0.838,-0.642,resolved_agn,2.92984871560866,1.95612999563469,0.8738431,6.2405686,unclassified_anomaly,False,False,True,True,False
206.62102,39.61143,587.7736,519.3372,0.9381,1.003,1.188,0.456,anomaly,2.7692100757280813,0.001300933020418072,0.87303734,6.234448,gps_candidate,False,False,False,False,True
196.57849,34.31312,566.1894,538.8273,0.9083,1.367,1.508,-0.362,anomaly,2.752961734395738,0.13576851456782227,0.8705725,6.2157235,gps_candidate,False,True,True,True,False
171.22492,31.89968,782.87,380.8399,0.4591,52.584,-0.665,-0.608,resolved_agn,2.8936896509851504,1.7208536192723114,0.8697431,6.209423,unclassified_anomaly,False,False,False,False,True
149.43303,36.35156,951.4767,198.3889,0.2293,60.641,-0.612,-0.343,resolved_agn,2.978398157641088,1.782766354413262,0.8695735,6.208134,unclassified_anomaly,False,True,False,True,False
162.67138,21.1369,861.2474,382.3356,0.4791,37.6,-0.808,-1.045,resolved_agn,2.935127923836022,1.575187844927661,0.8694495,6.2071924,unclassified_anomaly,False,False,True,True,False
208.63863,44.82911,776.0323,380.7442,0.4286,44.648,-0.699,-0.626,resolved_agn,2.8898797978301354,1.6498020095086041,0.86696625,6.1883283,unclassified_anomaly,False,False,True,True,False
123.89721,48.70366,1007.6274,257.319,0.2811,82.058,-0.88,-0.718,resolved_agn,3.0032999685789648,1.9141209276985423,0.8659768,6.180812,unclassified_anomaly,False,False,True,True,False
132.67541,52.12123,851.4757,343.7586,0.4409,26.059,-0.7,-0.707,resolved_agn,2.9301722582804186,1.4159577458809902,0.8640715,6.166338,unclassified_anomaly,False,False,True,True,False
185.59162,23.74588,839.3037,373.0615,0.4748,71.323,-0.662,-0.82,resolved_agn,2.9239191376681406,1.8532296022549193,0.863786,6.164169,unclassified_anomaly,False,False,False,False,True
131.56493,51.42768,932.8621,238.5049,0.2774,117.227,-0.633,-0.579,resolved_agn,2.969817449067629,2.069027650935769,0.8637367,6.1637945,unclassified_anomaly,False,True,True,True,False
212.93648,36.04508,1058.5441,207.2124,0.2153,52.936,-0.724,-0.735,resolved_agn,3.0247089558723816,1.723751121635539,0.8631513,6.1593475,unclassified_anomaly,False,True,True,True,False
210.06301,27.37786,609.1022,510.3853,0.8023,1.521,1.194,0.115,anomaly,2.7846901681209166,0.1821292140529984,0.8631173,6.159089,gps_candidate,False,True,True,True,False
158.3083,60.23475,601.0763,593.107,0.8938,3.336,1.745,0.032,anomaly,2.778929604391613,0.5232260419657011,0.86170816,6.1483846,gps_candidate,False,False,False,False,True
133.6059,26.9848,848.791,362.7293,0.4259,23.61,-0.976,-1.128,resolved_agn,2.928800765955655,1.373095987078727,0.8607704,6.141261,unclassified_anomaly,False,True,False,True,False
124.51833,41.79416,824.3066,375.4858,0.4822,80.534,-0.695,-0.667,resolved_agn,2.916088777136079,1.905979270367547,0.85987043,6.134424,unclassified_anomaly,False,False,False,False,True
130.65731,43.373,996.7566,298.2655,0.3412,15.191,-0.824,-0.823,resolved_agn,2.998589120014483,1.1815863637368564,0.8598408,6.134199,unclassified_anomaly,False,False,True,True,False
181.77288,55.86416,842.1334,350.9236,0.4143,96.29,-0.822,-0.774,resolved_agn,2.9253808923250557,1.9835811867057906,0.8591626,6.1290474,unclassified_anomaly,False,False,True,True,False
161.11661,30.48218,795.8034,365.4278,0.48,74.302,-0.568,-0.626,resolved_agn,2.9008057902992914,1.8710005038988489,0.85891354,6.127155,unclassified_anomaly,False,True,True,True,False
135.99805,30.06696,627.7575,554.8879,0.8685,2.783,1.778,0.066,anomaly,2.7977919100574518,0.44451320633404295,0.85800266,6.1202354,gps_candidate,False,True,True,True,False
229.57002,25.7723,988.2071,333.0156,0.3736,39.353,-0.814,-0.999,resolved_agn,2.9948479698526738,1.5949778455586932,0.85765773,6.117615,unclassified_anomaly,False,False,True,True,False
163.63177,48.6024,918.757,188.0793,0.2356,116.977,-0.927,-1.028,resolved_agn,2.963200660989984,2.0681004792246664,0.8569122,6.111952,unclassified_anomaly,False,False,True,True,False
138.46232,36.34133,685.1582,16.4455,0.025,1930.285,-1.674,-1.494,anomaly,2.8357908597472306,3.2856214358417084,0.85681206,6.111191,uss_diffuse,True,True,False,True,False
219.45942,40.19677,891.7769,259.5592,0.2867,70.731,-0.555,-0.331,resolved_agn,2.9502562184817824,1.8496097982126867,0.8564967,6.108795,unclassified_anomaly,False,True,False,True,False
121.1428,21.36124,801.9062,442.4516,0.4548,88.636,-0.528,-0.484,resolved_agn,2.9041235712706612,1.9476101488157056,0.85562605,6.1021814,unclassified_anomaly,False,False,False,False,True
173.30313,39.89733,608.1268,522.6674,0.8932,1.496,0.895,0.154,anomaly,2.7839941430864834,0.17493159352844256,0.8554606,6.1009245,gps_candidate,False,False,True,True,False
132.19783,56.47862,1077.5872,87.8077,0.1058,35.325,-0.581,-0.539,resolved_agn,3.032452424026748,1.5480821705205963,0.85457754,6.0942163,unclassified_anomaly,False,True,True,True,False
146.22405,61.32123,1003.7783,213.8491,0.2068,17.984,-0.783,-0.537,resolved_agn,3.0016378027306523,1.254886293888967,0.85434353,6.0924387,unclassified_anomaly,False,False,False,False,True
154.86539,59.42863,1022.6264,157.0465,0.182,40.137,-0.576,-0.438,resolved_agn,3.009717000229289,1.603544908457001,0.8531638,6.0834765,unclassified_anomaly,False,True,False,True,False
248.73729,58.11499,993.5174,126.7398,0.1188,23.349,-0.987,-1.038,resolved_agn,2.9971754775432795,1.3682682851684336,0.8531326,6.0832396,unclassified_anomaly,False,True,False,True,False
234.48611,24.20708,559.1216,486.0986,0.8035,3.324,1.881,-0.258,anomaly,2.747506270258329,0.5216610151120734,0.8512007,6.0685635,gps_candidate,False,True,False,True,False
199.65855,57.88111,813.2023,400.7311,0.4914,76.901,-0.816,-0.733,resolved_agn,2.9101985982934675,1.8859319872872329,0.8510695,6.067567,unclassified_anomaly,False,False,True,True,False
192.18207,23.47975,906.0219,331.9585,0.4141,15.769,-0.888,-0.892,resolved_agn,2.957138695396685,1.1978041531734098,0.84998065,6.0592957,unclassified_anomaly,False,True,True,True,False
180.69166,25.22972,983.5941,333.5872,0.3741,48.286,-0.659,-0.808,resolved_agn,2.992815914998432,1.6838212300456288,0.84981525,6.058039,unclassified_anomaly,False,False,True,True,False
223.80079,22.55474,1036.5876,151.4925,0.1826,56.075,-0.674,-0.609,resolved_agn,3.0156060093619095,1.7487692822550054,0.8496947,6.057123,remnant_candidate,False,False,True,True,False
172.45337,30.90376,29.252,0.3359,0.012,1957.771,-1.693,-2.096,anomaly,1.4661555647522098,3.29176189111745,0.8488105,6.0504065,uss_diffuse,True,True,True,True,False
241.39212,45.73681,846.296,322.3084,0.4101,107.624,-0.886,-0.982,resolved_agn,2.9275222881962706,2.031909129186454,0.84871835,6.049706,unclassified_anomaly,False,True,False,True,False
213.33511,21.17741,828.4208,340.2213,0.4447,71.402,-0.514,-0.564,resolved_agn,2.9182509946296937,1.8537103767173357,0.8474829,6.0403214,unclassified_anomaly,False,True,False,True,False
168.26517,56.71008,888.9708,303.1357,0.3557,75.884,-0.542,-0.457,resolved_agn,2.948887495945307,1.880150215365567,0.8474622,6.0401635,unclassified_anomaly,False,False,True,True,False
165.92086,45.71326,833.688,348.6971,0.4872,77.759,-0.609,-0.64,resolved_agn,2.921003550361986,1.890750666819524,0.84699845,6.036641,unclassified_anomaly,False,True,False,True,False
153.25405,25.90601,906.2204,252.9929,0.285,92.008,-0.512,-0.292,resolved_agn,2.957233834391071,1.963825590441262,0.846451,6.032482,unclassified_anomaly,False,False,True,True,False
174.31612,63.1977,820.7608,342.3,0.3978,89.155,-0.911,-1.127,resolved_agn,2.9142166061129773,1.9501457043427588,0.84598446,6.028938,unclassified_anomaly,False,False,True,True,False
220.02919,32.41839,746.3982,364.8776,0.4753,62.394,-0.534,-0.511,resolved_agn,2.872970583403221,1.7951428285898485,0.84542626,6.024698,unclassified_anomaly,False,True,False,True,False
178.18122,42.58859,788.5458,351.1375,0.4595,118.425,-0.714,-0.793,resolved_agn,2.8968269229149133,2.073443393399994,0.84449935,6.0176563,unclassified_anomaly,False,True,False,True,False
167.39867,58.66722,602.9807,617.2175,0.9962,3.272,1.238,0.077,anomaly,2.7803034116133825,0.5148132949992854,0.84437025,6.0166755,gps_candidate,False,False,True,True,False
136.6748,28.52189,796.9417,381.931,0.4559,79.305,-0.957,-1.071,resolved_agn,2.9014265518924898,1.8993005694607927,0.8432857,6.008436,unclassified_anomaly,False,True,False,True,False
197.45719,55.25541,784.1223,353.954,0.4312,114.99,-0.771,-0.756,resolved_agn,2.894383805124227,2.0606600739740144,0.84269756,6.0039687,unclassified_anomaly,False,True,True,True,False
216.30287,43.99648,920.465,318.0396,0.3667,50.864,-0.666,-0.615,resolved_agn,2.9640072794279173,1.7064105105706977,0.8418552,5.99757,unclassified_anomaly,False,False,False,False,True
220.47072,54.36881,971.7217,309.9235,0.3717,117.608,-0.748,-0.945,resolved_agn,2.987541901283949,2.070436864577579,0.8411165,5.991958,unclassified_anomaly,False,False,True,True,False
225.07193,64.6415,1001.9455,297.3324,0.2993,94.47,-0.854,-0.895,resolved_agn,3.000844099083142,1.9752939153562064,0.8406066,5.9880843,unclassified_anomaly,False,True,True,True,False
120.5672,20.62085,605.3242,519.0903,0.8733,2.158,0.51,0.418,anomaly,2.78198803673491,0.3340514403468918,0.84059995,5.9880342,gps_candidate,False,False,False,False,True
149.02731,27.32585,908.6074,298.3661,0.29,115.306,-0.884,-1.062,resolved_agn,2.9583762695313025,2.061851906593,0.8405982,5.988021,unclassified_anomaly,False,False,True,True,False
123.2188,30.44474,817.3511,339.9391,0.4669,58.471,-0.512,-0.56,resolved_agn,2.9124086514384206,1.7669405214201148,0.84048104,5.9871306,unclassified_anomaly,False,False,False,False,True
238.25086,25.45831,976.9518,165.2819,0.1652,50.924,-0.818,-0.749,resolved_agn,2.9898731374031065,1.70692250946904,0.84021115,5.9850807,remnant_candidate,False,False,True,True,False
219.72629,63.59735,911.8994,323.0066,0.3332,83.809,-0.961,-1.104,resolved_agn,2.9599469299570185,1.9232906587312364,0.8398037,5.981985,unclassified_anomaly,False,True,True,True,False
190.02151,37.06484,1030.4369,268.6985,0.2969,26.825,-0.981,-1.033,resolved_agn,3.013021402402618,1.4285397306379888,0.8395232,5.9798546,unclassified_anomaly,False,True,True,True,False
175.32327,58.74925,32.7449,0.5364,0.0159,1972.479,-1.694,-1.982,anomaly,1.5151436684702868,3.295012388189357,0.839242,5.977718,uss_diffuse,True,True,False,True,False
190.1419,28.28861,887.2345,317.1304,0.3926,60.37,-0.699,-0.584,resolved_agn,2.9480384209548016,1.7808211758534729,0.8389022,5.9751368,unclassified_anomaly,False,True,True,True,False
122.98696,24.60919,1004.301,239.9282,0.2475,81.319,-0.871,-0.836,resolved_agn,3.00186389512732,1.9101920293714092,0.8385147,5.9721932,unclassified_anomaly,False,True,False,True,False
168.06885,27.45735,1026.1847,273.7829,0.3222,40.397,-0.986,-1.148,resolved_agn,3.0112255352120694,1.6063491143229196,0.83838356,5.971197,unclassified_anomaly,False,False,False,False,True
226.37396,39.06366,575.7831,577.1832,0.9028,1.309,1.117,-0.015,anomaly,2.760258913608308,0.11693964655075578,0.8380797,5.9688888,gps_candidate,False,False,False,False,True
141.11149,36.62124,619.4498,522.5918,0.8242,1.519,1.11,0.442,anomaly,2.792006117061777,0.18155777386278632,0.8371056,5.9614887,gps_candidate,False,False,False,False,True
153.00121,37.87116,911.6909,311.7847,0.3521,85.213,-0.62,-0.588,resolved_agn,2.959847619931218,1.9305058553017027,0.83707964,5.961292,unclassified_anomaly,False,False,False,False,True
123.42071,22.9537,874.1118,335.5569,0.3307,50.817,-0.91,-0.826,resolved_agn,2.9415669829981073,1.7060090227390838,0.8367109,5.9584904,unclassified_anomaly,False,False,True,True,False
201.08076,32.08733,981.5881,285.2805,0.2897,65.624,-0.999,-0.784,resolved_agn,2.9919292847070675,1.8170626985429146,0.8364209,5.9562874,unclassified_anomaly,False,False,False,False,True
156.2128,53.05419,1021.5569,144.0814,0.1631,102.895,-0.695,-0.497,resolved_agn,3.0092625615390047,2.0123942715052117,0.83602005,5.9532423,remnant_candidate,False,True,False,True,False
237.97129,22.23486,890.3822,227.4308,0.2412,117.119,-0.849,-0.728,resolved_agn,2.9495764692522486,2.0686273555830326,0.8359355,5.9526,unclassified_anomaly,False,False,True,True,False
171.56958,61.62361,862.3215,310.135,0.3884,69.827,-0.529,-0.538,resolved_agn,2.9356692143680094,1.8440233837074433,0.83567494,5.9506207,unclassified_anomaly,False,True,True,True,False
186.18686,35.41384,967.342,234.5424,0.2494,87.001,-0.689,-0.528,resolved_agn,2.9855800443558476,1.9395242444805263,0.8356595,5.9505033,unclassified_anomaly,False,False,False,False,True
212.07495,55.68644,799.9486,321.997,0.4284,45.977,-0.627,-0.518,resolved_agn,2.9030620826750457,1.6625406301357097,0.835467,5.949041,unclassified_anomaly,False,False,True,True,False
183.65848,46.09555,843.5768,342.4422,0.4468,58.732,-0.959,-0.77,resolved_agn,2.9261246272901507,1.7688747901188742,0.8347049,5.9432516,unclassified_anomaly,False,True,True,True,False
159.2935,52.89956,828.9792,338.0415,0.3973,93.329,-0.871,-0.79,resolved_agn,2.918543633760707,1.970016612482083,0.8344861,5.94159,unclassified_anomaly,False,True,True,True,False
128.55339,39.50248,783.6883,336.2164,0.4406,17.891,-0.719,-0.676,resolved_agn,2.894143363058125,1.2526346157123949,0.83391106,5.937221,unclassified_anomaly,False,False,True,True,False
123.54872,40.59455,812.1704,367.9234,0.4576,53.959,-0.786,-0.742,resolved_agn,2.909647157339542,1.7320638924730658,0.8337133,5.935719,unclassified_anomaly,False,True,False,True,False
195.16841,28.00675,32.4596,0.6278,0.0205,1947.466,-1.607,-2.017,anomaly,1.5113431637076153,3.289469884243816,0.8335069,5.9341507,uss_diffuse,True,True,False,True,False
145.7468,48.73941,776.7397,20.2099,0.022,1833.524,-1.724,-1.837,anomaly,2.890275502979059,3.2632865990521975,0.8326137,5.927366,uss_diffuse,True,False,False,False,True
129.38413,37.22642,865.1037,360.671,0.4812,34.204,-0.757,-0.827,resolved_agn,2.9370681694745393,1.5340768977621637,0.8315757,5.9194803,unclassified_anomaly,False,False,True,True,False
182.65927,51.81563,875.4144,323.044,0.3571,56.702,-0.713,-0.686,resolved_agn,2.942213686198849,1.75359837765208,0.831372,5.917933,unclassified_anomaly,False,False,False,False,True
236.64622,40.75475,860.7241,330.2748,0.3708,116.745,-0.541,-0.674,resolved_agn,2.9348639632427416,2.067238289504452,0.8313335,5.9176407,unclassified_anomaly,False,True,True,True,False
228.89994,26.38051,711.1094,304.4974,0.4577,25.362,-0.553,-0.314,resolved_agn,2.851936419522208,1.4041834982126624,0.8305532,5.9117126,unclassified_anomaly,False,True,True,True,False
215.99401,54.21555,709.0581,3.6718,0.0059,1980.552,-1.496,-1.076,anomaly,2.850681822595758,3.2967862494247804,0.83030903,5.909858,uss_diffuse,True,False,True,True,False
164.89243,57.09828,801.7389,307.2089,0.4613,17.837,-0.509,-0.65,resolved_agn,2.904032955875664,1.2513218123155883,0.83009446,5.908228,unclassified_anomaly,False,False,True,True,False
185.90709,51.07685,977.6596,187.5046,0.1966,119.054,-0.585,-0.403,resolved_agn,2.9901876691281615,2.0757439914985154,0.83009356,5.9082212,remnant_candidate,False,True,False,True,False
128.87422,36.77671,782.3124,366.8902,0.4812,111.182,-0.828,-0.849,resolved_agn,2.8933802140615636,2.0460344820892247,0.829795,5.905953,unclassified_anomaly,False,True,True,True,False
174.32895,45.52743,900.6102,315.5218,0.3363,99.576,-0.583,-0.73,resolved_agn,2.9545368613240384,1.998154676540579,0.8294376,5.9032383,unclassified_anomaly,False,True,True,True,False
162.09439,63.98983,534.1342,498.6917,0.82,1.705,0.658,0.362,anomaly,2.7276503862368116,0.23172438332851655,0.8294193,5.903099,gps_candidate,False,True,False,True,False
175.0747,20.6318,686.549,528.8088,0.8877,3.567,0.714,0.43,anomaly,2.8366715389073516,0.552303109338354,0.8287247,5.8978224,gps_candidate,False,False,False,False,True
219.32443,63.25978,488.4455,419.0763,0.885,3.49,1.897,-0.479,anomaly,2.6888161128455947,0.5428254269591799,0.8280487,5.8926873,gps_candidate,False,False,False,False,True
142.29298,23.92491,738.6628,441.1417,0.4779,37.959,-0.968,-0.97,resolved_agn,2.8684462279481124,1.5793147627594062,0.8280154,5.892434,unclassified_anomaly,False,False,True,True,False
144.17413,25.28958,897.9518,284.5094,0.3244,106.251,-0.743,-0.515,resolved_agn,2.953253025357911,2.0263330261805907,0.8272761,5.886818,unclassified_anomaly,False,False,False,False,True
201.92911,25.22136,885.5441,287.8566,0.2649,119.246,-0.785,-0.758,resolved_agn,2.9472101938826722,2.0764438199380355,0.8272378,5.886527,unclassified_anomaly,False,True,True,True,False
208.17326,48.09437,565.6302,3.915,0.0064,1910.074,-1.777,-1.29,anomaly,2.7525325891608587,3.2810501929907185,0.82617676,5.8784666,uss_diffuse,True,False,True,True,False
122.89759,41.1696,1003.8192,186.8445,0.2007,74.75,-0.558,-0.392,resolved_agn,3.0016554981544736,1.8736111969964673,0.82612133,5.8780456,unclassified_anomaly,False,False,True,True,False
122.26859,60.03625,793.8554,310.1885,0.4565,117.643,-0.871,-1.093,resolved_agn,2.899741403307294,2.070566090867616,0.8249719,5.869314,unclassified_anomaly,False,True,True,True,False
167.67423,61.40013,790.7366,348.5465,0.3967,96.464,-0.814,-0.798,resolved_agn,2.8980318409982986,1.9843652665212774,0.8249096,5.8688407,unclassified_anomaly,False,False,False,False,True
201.20164,54.53589,855.5442,317.6742,0.3895,83.543,-0.585,-0.623,resolved_agn,2.9322424514226886,1.9219100665725353,0.8246752,5.86706,unclassified_anomaly,False,False,True,True,False
208.41139,57.80367,782.9804,347.0669,0.3717,69.44,-0.8,-0.711,resolved_agn,2.893750890693467,1.8416097121684354,0.82333755,5.8568983,unclassified_anomaly,False,False,True,True,False
165.75303,44.371,873.0158,308.0184,0.4083,88.769,-0.572,-0.39,resolved_agn,2.9410221037178492,1.9482613274962908,0.8221437,5.847829,unclassified_anomaly,False,False,False,False,True
146.46369,50.6667,867.2687,317.2612,0.3785,102.227,-0.632,-0.718,resolved_agn,2.9381536728487823,2.009565615978314,0.8215511,5.8433275,unclassified_anomaly,False,False,False,False,True
132.19256,39.14943,893.9676,302.5156,0.3968,109.519,-0.71,-0.618,resolved_agn,2.951321778979139,2.039489469672458,0.82151115,5.8430243,unclassified_anomaly,False,False,True,True,False
234.13966,51.84249,935.1836,296.0332,0.358,75.068,-0.574,-0.526,resolved_agn,2.9708968821444226,1.8754548453250988,0.82149565,5.8429065,unclassified_anomaly,False,True,False,True,False
236.90871,59.76595,896.9269,272.5966,0.3099,38.712,-0.552,-0.447,resolved_agn,2.9527570492645077,1.5878456091005675,0.8212409,5.840971,unclassified_anomaly,False,False,True,True,False
244.79276,42.45604,601.4346,610.6526,0.9395,2.636,1.577,-0.178,anomaly,2.779188409060196,0.42094540592197227,0.8207507,5.8372474,gps_candidate,False,True,False,True,False
175.53267,61.12917,779.1656,379.7379,0.4636,86.67,-0.991,-1.0,resolved_agn,2.8916297702823077,1.9378687965638595,0.8201141,5.832411,unclassified_anomaly,False,True,False,True,False
120.4106,24.45782,839.6417,356.9908,0.4784,41.902,-0.555,-0.783,resolved_agn,2.9240939992650294,1.6222347525184295,0.8190123,5.8240414,unclassified_anomaly,False,False,False,False,True
179.75549,33.95751,813.8604,304.1567,0.3675,36.404,-0.711,-0.569,resolved_agn,2.9105499175316583,1.5611491056953546,0.81848747,5.8200545,unclassified_anomaly,False,False,True,True,False
126.60394,53.79318,828.1063,352.3141,0.4857,52.8,-0.604,-0.701,resolved_agn,2.91808608864512,1.7226339225338123,0.8178096,5.8149047,unclassified_anomaly,False,False,True,True,False
120.02951,61.17507,909.364,259.9143,0.2741,111.673,-0.827,-0.927,resolved_agn,2.9587377573126603,2.047948183246032,0.8176174,5.813445,unclassified_anomaly,False,False,True,True,False
234.96649,21.47669,1037.0893,262.4556,0.2973,16.877,-0.821,-0.75,resolved_agn,3.015816153522576,1.2272952503917105,0.8170238,5.8089356,unclassified_anomaly,False,True,False,True,False
160.32731,33.75266,955.4152,311.158,0.345,82.847,-0.978,-1.035,resolved_agn,2.9801921463293883,1.91827678665958,0.8166421,5.806036,unclassified_anomaly,False,True,True,True,False
227.96399,23.52864,889.8236,9.2979,0.0124,1838.178,-1.268,-0.756,anomaly,2.949303919971089,3.264387564000457,0.8165648,5.8054485,diffuse_halo_relic,False,True,True,True,False
235.57427,29.99687,546.1074,412.9005,0.8382,3.478,0.639,-0.39,anomaly,2.7372780614602674,0.5413295776666937,0.8162633,5.8031583,gps_candidate,False,False,False,False,True
233.88,37.33938,849.9163,297.9692,0.3555,90.696,-0.83,-0.595,resolved_agn,2.9293761583754954,1.9575881336286205,0.8150295,5.7937856,unclassified_anomaly,False,False,False,False,True
156.49235,43.4709,909.5994,9.6184,0.0117,1952.453,-1.797,-1.848,anomaly,2.9588501652056514,3.2905805882157515,0.814194,5.787439,uss_diffuse,True,False,False,False,True
154.47512,29.83139,920.1523,245.4559,0.2773,113.349,-0.528,-0.368,resolved_agn,2.963859716014493,2.054417692998949,0.81402004,5.786117,unclassified_anomaly,False,False,False,False,True
212.58444,34.26832,803.2467,323.2648,0.4449,32.629,-0.837,-0.639,resolved_agn,2.9048489500035317,1.5136037639154607,0.8124935,5.7745204,unclassified_anomaly,False,False,True,True,False
189.14503,20.13932,799.5956,309.7227,0.3851,31.37,-0.568,-0.585,resolved_agn,2.902870395624946,1.496514518697745,0.8108284,5.7618713,unclassified_anomaly,False,False,True,True,False
174.61804,20.49621,847.6733,315.6014,0.3708,72.412,-0.504,-0.464,resolved_agn,2.92822850397212,1.8598105427432172,0.81072694,5.761101,unclassified_anomaly,False,False,False,False,True
243.31075,53.40307,973.8573,147.0211,0.1591,101.053,-0.592,-0.541,resolved_agn,2.988495324062517,2.004549211113133,0.81034267,5.7581816,remnant_candidate,False,False,False,False,True
220.5397,48.34856,812.2498,319.2089,0.3529,91.534,-0.923,-1.042,resolved_agn,2.9096896130808467,1.9615824412757596,0.80935663,5.750691,unclassified_anomaly,False,True,False,True,False
142.99597,57.46095,980.8229,286.7039,0.2982,93.605,-0.888,-0.992,resolved_agn,2.99159059708822,1.9712990476100374,0.80847853,5.7440205,unclassified_anomaly,False,False,False,False,True
198.25292,45.11063,915.1005,144.0783,0.1689,104.868,-0.583,-0.812,resolved_agn,2.961468792644177,2.0206429853949546,0.80770206,5.738122,remnant_candidate,False,True,True,True,False
221.12896,41.36483,830.0933,322.295,0.3749,87.623,-0.551,-0.644,resolved_agn,2.9191269085181597,1.9426181182913882,0.8072669,5.734816,unclassified_anomaly,False,False,True,True,False
181.69795,21.62984,922.5798,325.0112,0.3687,58.17,-0.967,-0.89,resolved_agn,2.9650039414443983,1.764699063798368,0.80636,5.7279267,unclassified_anomaly,False,True,False,True,False
169.58145,52.98214,581.9849,483.3422,0.876,1.07,0.622,0.089,anomaly,2.7649117167259196,0.029383777685209667,0.80469185,5.715255,gps_candidate,False,False,True,True,False
197.64621,63.55369,859.7939,289.9455,0.3671,115.483,-0.801,-0.555,resolved_agn,2.934394359592645,2.06251805739194,0.804661,5.71502,unclassified_anomaly,False,False,False,False,True
227.66194,58.77623,350.8193,249.9245,0.8424,1.603,1.999,-0.447,anomaly,2.5450834776613225,0.20493352235414483,0.80419075,5.7114477,gps_candidate,False,True,False,True,False
174.93838,38.62426,96.5613,1.5168,0.0159,1996.968,-1.764,-1.936,anomaly,1.9848031040137541,3.300371105664509,0.8038245,5.7086654,uss_diffuse,True,False,False,False,True
132.72603,37.71769,1022.6473,254.93,0.2698,81.0,-0.741,-0.904,resolved_agn,3.0097258760630434,1.9084850188786497,0.80372083,5.707878,unclassified_anomaly,False,False,False,False,True
153.41431,64.2415,706.7303,362.5731,0.4619,100.554,-0.873,-1.048,resolved_agn,2.849253711437418,2.0023993513462366,0.802592,5.6993027,unclassified_anomaly,False,True,True,True,False
196.65584,38.53605,535.4705,530.0508,0.9032,1.639,0.549,-0.142,anomaly,2.7287355497895014,0.21457895357049908,0.80144024,5.690553,gps_candidate,False,False,True,True,False
187.78439,38.59937,754.5773,19.9908,0.0265,1975.055,-1.413,-1.437,anomaly,2.877703736151189,3.295579194070792,0.801204,5.688759,uss_diffuse,True,True,True,True,False
221.05591,22.80974,743.1135,363.3847,0.4897,85.349,-0.574,-0.599,resolved_agn,2.8710551511214724,1.9311984370263104,0.7999848,5.6794972,unclassified_anomaly,False,False,True,True,False
234.00618,24.5056,734.287,371.807,0.4914,110.866,-0.67,-0.7,resolved_agn,2.865865839418162,2.044798378643768,0.7995937,5.676526,unclassified_anomaly,False,False,True,True,False
156.7213,28.5211,938.2096,124.8301,0.1252,94.71,-0.995,-1.093,resolved_agn,2.9722998724458187,1.9763958366118797,0.7995274,5.6760225,remnant_candidate,False,False,False,False,True
129.24941,38.41376,803.4702,288.0293,0.3465,19.511,-0.689,-0.582,resolved_agn,2.90496977379935,1.290279528920517,0.79899913,5.6720095,unclassified_anomaly,False,False,False,False,True
146.11787,38.36078,896.5765,332.8872,0.3725,68.206,-0.89,-0.929,resolved_agn,2.952587351467007,1.8338225807015665,0.79871124,5.669822,unclassified_anomaly,False,False,True,True,False
244.16919,59.33657,82.2619,0.9671,0.0137,1943.485,-1.792,-1.531,anomaly,1.915198736172259,3.2885811930545668,0.79837185,5.667244,uss_diffuse,True,True,True,True,False
249.0169,20.85653,946.3638,250.2147,0.2628,94.24,-0.771,-0.768,resolved_agn,2.9760581194464515,1.9742352774430263,0.79774064,5.662449,unclassified_anomaly,False,True,True,True,False
249.27984,51.66513,846.1045,336.581,0.424,28.314,-0.974,-0.82,resolved_agn,2.927424004848281,1.452001227726593,0.79765874,5.6618266,unclassified_anomaly,False,True,True,True,False
202.17092,35.5438,914.0229,291.0779,0.3372,56.532,-0.517,-0.562,resolved_agn,2.9609570767174733,1.7522943502858586,0.7973975,5.659842,unclassified_anomaly,False,False,True,True,False
179.75043,46.22161,901.285,270.7858,0.3242,85.557,-0.535,-0.426,resolved_agn,2.954862143205125,1.9322555479157617,0.7972952,5.6590652,unclassified_anomaly,False,False,True,True,False
152.41092,32.42332,912.3046,181.3174,0.1707,98.648,-0.632,-0.381,resolved_agn,2.960139864658358,1.9940882847451418,0.7965701,5.653557,remnant_candidate,False,False,False,False,True
188.04979,56.39216,583.5473,530.1528,0.8497,1.921,1.477,-0.136,anomaly,2.76607606397426,0.28352736486169366,0.79647505,5.652835,gps_candidate,False,True,False,True,False
237.3152,62.47396,799.0701,246.4414,0.3181,42.897,-0.513,-0.29,resolved_agn,2.9025848803249557,1.6324269208792883,0.79618394,5.6506233,unclassified_anomaly,False,False,True,True,False
166.9205,49.87203,976.6537,180.4904,0.1923,78.682,-0.808,-0.873,resolved_agn,2.9897405997069746,1.8958753906210215,0.79570764,5.647005,remnant_candidate,False,True,False,True,False
129.42844,46.33842,797.8661,381.3238,0.4268,55.913,-0.971,-1.035,resolved_agn,2.90193001301681,1.7475127948609286,0.7955512,5.6458163,unclassified_anomaly,False,False,True,True,False
143.30628,64.92607,639.8218,487.5096,0.839,3.549,1.043,0.089,anomaly,2.8060590332760866,0.5501059993475927,0.7952722,5.6436973,gps_candidate,False,False,False,False,True
177.28337,41.12456,937.795,207.8649,0.2099,93.057,-0.586,-0.492,resolved_agn,2.97210791290038,1.9687490475047185,0.79464,5.6388946,unclassified_anomaly,False,False,False,False,True
151.25215,31.90071,567.2574,583.5919,0.9183,1.876,1.755,0.054,anomaly,2.753780170062842,0.2732328340430456,0.79285413,5.625328,gps_candidate,False,False,False,False,True
127.21099,58.00242,922.4908,251.6673,0.3252,92.136,-0.663,-0.558,resolved_agn,2.9649620436341797,1.964429353829011,0.7923148,5.621231,unclassified_anomaly,False,True,True,True,False
237.82151,26.94169,890.3326,271.9994,0.3226,99.9,-0.956,-0.708,resolved_agn,2.949552275589897,1.9995654882259823,0.79174227,5.616882,unclassified_anomaly,False,True,True,True,False
125.83432,20.58157,858.4809,188.9627,0.2477,114.18,-0.985,-1.053,resolved_agn,2.9337306371592766,2.0575900386706643,0.79153246,5.615288,unclassified_anomaly,False,False,True,True,False
235.34738,34.22448,40.7284,1.5549,0.0298,1997.942,-1.701,-1.627,anomaly,1.6098973493244033,3.300582876559851,0.7912727,5.6133146,uss_diffuse,True,False,False,False,True
179.86613,32.68021,835.6727,307.0173,0.3695,52.47,-0.769,-0.61,resolved_agn,2.922036214739849,1.719911064198339,0.79118514,5.6126494,unclassified_anomaly,False,False,True,True,False
121.36539,42.83762,939.7977,326.5974,0.3793,44.374,-0.927,-0.998,resolved_agn,2.973034377824057,1.6471285790349717,0.79101294,5.6113415,unclassified_anomaly,False,False,False,False,True
215.77383,49.42192,739.2361,356.665,0.4971,112.585,-0.729,-0.856,resolved_agn,2.868783167151415,2.0514805321567495,0.7909735,5.6110415,unclassified_anomaly,False,True,False,True,False
120.65846,63.97163,903.2877,203.3392,0.2103,118.786,-0.809,-0.824,resolved_agn,2.9558260965177126,2.0747652581449123,0.7907709,5.609503,unclassified_anomaly,False,True,False,True,False
187.40437,23.09113,679.6139,9.8697,0.0144,1948.057,-1.554,-1.145,anomaly,2.8322622528214407,3.2896016601520954,0.7903605,5.606385,uss_diffuse,True,True,True,True,False
196.23988,56.61456,956.0311,251.2019,0.2794,84.328,-0.581,-0.664,resolved_agn,2.98047202024545,1.9259718003239743,0.78927267,5.598121,unclassified_anomaly,False,True,False,True,False
177.9732,44.6524,809.9454,349.5077,0.4638,49.166,-0.807,-0.778,resolved_agn,2.9084557432268645,1.6916648768158578,0.78890765,5.5953484,unclassified_anomaly,False,True,True,True,False
143.22622,34.91668,918.689,154.0432,0.1892,37.529,-0.971,-0.897,resolved_agn,2.9631685163448815,1.5743669923302694,0.7879593,5.588144,unclassified_anomaly,False,False,True,True,False
192.49137,59.76687,833.2893,312.2407,0.3803,100.262,-0.627,-0.604,resolved_agn,2.920795805225641,2.0011363635555166,0.78771555,5.5862923,unclassified_anomaly,False,False,True,True,False
136.58001,39.51747,824.648,304.758,0.408,90.414,-0.653,-0.48,resolved_agn,2.916268610029283,1.9562356832628554,0.7876804,5.586025,unclassified_anomaly,False,True,False,True,False
202.14704,39.95956,897.1165,224.9583,0.2303,102.86,-0.957,-0.955,resolved_agn,2.9528488444062253,2.012246519985071,0.7866448,5.5781584,unclassified_anomaly,False,False,False,False,True
197.34835,35.78161,849.003,353.8843,0.4288,38.782,-0.901,-1.004,resolved_agn,2.928909224850718,1.5886302020239325,0.7862593,5.5752296,unclassified_anomaly,False,True,False,True,False
204.68522,22.79647,978.6917,224.8184,0.2473,30.934,-0.596,-0.526,resolved_agn,2.9906459052091328,1.4904360811932098,0.7861708,5.5745573,unclassified_anomaly,False,True,False,True,False
181.96112,57.94872,857.016,318.3219,0.3616,80.301,-0.754,-0.794,resolved_agn,2.9329889300292025,1.9047209536445306,0.7858117,5.57183,unclassified_anomaly,False,True,False,True,False
149.8421,40.58168,904.7536,307.8485,0.3347,95.158,-0.902,-0.952,resolved_agn,2.9565303198344224,1.9784453056004998,0.78571457,5.5710917,unclassified_anomaly,False,False,True,True,False
203.57492,45.43052,942.2915,298.6846,0.3088,101.774,-0.712,-0.75,resolved_agn,2.9741852735550283,2.007636843828489,0.7856955,5.5709467,unclassified_anomaly,False,False,False,False,True
160.1941,62.06346,963.095,278.2767,0.2954,95.883,-0.816,-0.89,resolved_agn,2.9836691281846215,1.9817416138374517,0.78550434,5.5694947,unclassified_anomaly,False,True,False,True,False
137.31477,32.87926,842.6917,23.1985,0.0222,1837.384,-1.747,-1.813,anomaly,2.925668716406168,3.2641999302051383,0.7851231,5.566599,uss_diffuse,True,False,True,True,False
126.11158,28.44655,958.8231,224.0501,0.2415,83.091,-0.795,-0.64,resolved_agn,2.9817384885256577,1.919553985733423,0.7848552,5.5645633,unclassified_anomaly,False,False,True,True,False
163.38067,57.48803,922.3103,221.9132,0.2554,52.161,-0.505,-0.446,resolved_agn,2.964877058695442,1.71734590884194,0.7845032,5.5618896,unclassified_anomaly,False,True,False,True,False
188.7758,59.40242,12.2233,0.1166,0.0089,1998.818,-1.552,-2.096,anomaly,1.087188470907496,3.3007732517498747,0.78431034,5.5604243,uss_diffuse,True,True,True,True,False
133.31365,26.57165,12.8253,0.1354,0.0097,1985.103,-1.785,-2.231,anomaly,1.108067532600287,3.2977830456941537,0.78421164,5.5596747,uss_diffuse,True,False,False,False,True
127.73366,44.49363,57.8289,0.8866,0.0135,1972.703,-1.683,-1.256,anomaly,1.7621449313927593,3.295061705034081,0.78294843,5.5500784,uss_diffuse,True,True,True,True,False
196.02958,50.90443,973.9162,280.1002,0.3047,30.454,-0.555,-0.603,resolved_agn,2.988521589893726,1.4836443434003308,0.7827317,5.5484324,unclassified_anomaly,False,False,False,False,True
160.60307,58.2675,935.3059,269.2647,0.287,92.189,-0.737,-0.723,resolved_agn,2.9709536739256244,1.9646791040872527,0.7822893,5.5450716,unclassified_anomaly,False,False,False,False,True
247.70275,52.44387,42.9665,0.3891,0.0089,1938.547,-1.372,-1.792,anomaly,1.6331299780126227,3.2874763349244542,0.78182673,5.5415573,uss_diffuse,True,True,False,True,False
121.19864,61.51206,656.2992,534.3415,0.8489,3.48,1.015,0.462,anomaly,2.8171018748712804,0.541579243946581,0.7812188,5.5369396,gps_candidate,False,False,True,True,False
130.61288,23.56025,973.5741,181.5153,0.1945,93.653,-0.578,-0.491,resolved_agn,2.9883690118359176,1.9715216937515954,0.78051966,5.531628,remnant_candidate,False,True,True,True,False
126.63392,44.98162,1014.4583,253.1813,0.2599,66.683,-0.885,-1.042,resolved_agn,3.0062341997655166,1.8240151300602505,0.7803869,5.5306196,unclassified_anomaly,False,True,True,True,False
165.72096,45.15493,753.878,331.6163,0.4225,32.05,-0.648,-0.606,resolved_agn,2.8773010697242136,1.5058280338548362,0.78011954,5.528589,unclassified_anomaly,False,True,True,True,False
192.30686,36.79701,17.7323,0.2503,0.0138,1980.83,-1.774,-2.011,anomaly,1.2487650702046957,3.2968472048520368,0.7799376,5.5272064,uss_diffuse,True,False,True,True,False
166.94952,25.15775,386.419,461.5891,0.9352,1.786,2.0,0.264,anomaly,2.587058472278367,0.25188145455252764,0.77969795,5.525386,gps_candidate,False,False,False,False,True
135.68829,52.33029,707.7559,339.8909,0.4385,117.223,-0.769,-0.84,resolved_agn,2.8498834984211223,2.069012831759588,0.77961814,5.52478,unclassified_anomaly,False,True,True,True,False
148.81692,62.61283,805.4436,360.6781,0.4513,26.22,-0.972,-0.937,resolved_agn,2.9060351349894455,1.4186326873540656,0.7790716,5.520628,unclassified_anomaly,False,False,True,True,False
158.45602,64.90962,933.9536,319.4744,0.3252,46.487,-0.915,-0.88,resolved_agn,2.9703253004650803,1.667331520253101,0.7787555,5.518226,unclassified_anomaly,False,False,False,False,True
170.59383,29.88986,967.3325,194.9888,0.2242,93.378,-0.86,-0.903,resolved_agn,2.985575779248122,1.970244567835678,0.7782974,5.5147467,unclassified_anomaly,False,True,False,True,False
195.95818,42.04513,757.9105,12.1393,0.0148,1911.599,-1.624,-1.706,anomaly,2.8796179237705246,3.2813967946597025,0.77826744,5.5145187,uss_diffuse,True,True,False,True,False
218.60677,58.57065,938.8986,296.7085,0.3205,104.81,-0.682,-0.755,resolved_agn,2.972618691479766,2.020402720983878,0.77807385,5.513048,unclassified_anomaly,False,True,True,True,False
122.26772,20.0057,708.4842,354.7731,0.4161,85.645,-0.615,-0.581,resolved_agn,2.8503301694327,1.9327020137020647,0.77799636,5.5124598,unclassified_anomaly,False,False,False,False,True
232.62988,39.77881,789.9721,314.3626,0.4499,58.859,-0.568,-0.495,resolved_agn,2.8976117532777685,1.7698128792693488,0.77793825,5.512018,unclassified_anomaly,False,True,False,True,False
222.89038,40.60515,826.1476,329.1953,0.3913,38.361,-0.732,-0.765,resolved_agn,2.9170576455515564,1.5838899198964682,0.7775322,5.5089335,unclassified_anomaly,False,False,True,True,False
140.78759,21.14053,48.0092,0.5957,0.0114,1834.948,-1.32,-0.47,anomaly,1.6813244691751594,3.2636237614311345,0.7771112,5.5057354,uss_diffuse,True,True,True,True,False
198.20473,23.23981,533.9646,389.8521,0.8015,2.19,1.048,-0.242,anomaly,2.727512465765878,0.34044411484011833,0.7768861,5.5040255,gps_candidate,False,False,True,True,False
170.05877,23.10365,733.8271,345.2487,0.4647,106.104,-0.768,-0.91,resolved_agn,2.8655937460723373,2.02573175661748,0.7768074,5.503428,unclassified_anomaly,False,False,False,False,True
136.95575,24.71611,806.5187,346.3355,0.4584,56.124,-0.606,-0.753,resolved_agn,2.906614441424497,1.749148615956129,0.7765025,5.501111,unclassified_anomaly,False,True,False,True,False
216.2946,59.04763,71.3165,0.541,0.0076,1974.259,-1.641,-1.942,anomaly,1.8531900211552335,3.2954041264958787,0.77601355,5.497397,uss_diffuse,True,False,False,False,True
122.04909,23.35143,966.8002,137.0214,0.1522,73.522,-0.917,-0.687,resolved_agn,2.985336731577242,1.8664173125395034,0.77533746,5.492261,remnant_candidate,False,True,False,True,False
143.36068,36.2607,742.0357,352.8652,0.4689,79.296,-0.644,-0.582,resolved_agn,2.8704248000769175,1.8992512803599506,0.7748252,5.4883695,unclassified_anomaly,False,False,True,True,False
199.97135,41.22936,980.0918,263.0838,0.2729,18.394,-0.849,-0.688,resolved_agn,2.9912667556580637,1.2646761821488246,0.77447575,5.485715,unclassified_anomaly,False,False,False,False,True
204.58927,56.12997,581.8113,559.1792,0.8946,3.873,1.342,0.077,anomaly,2.7647821519058633,0.5880474969860827,0.77442896,5.4853597,gps_candidate,False,True,True,True,False
237.95457,21.57351,773.7055,375.7036,0.4815,66.983,-0.713,-0.867,resolved_agn,2.888575684115142,1.8259645945963359,0.7727844,5.4728665,unclassified_anomaly,False,False,True,True,False
236.94126,34.46639,743.6585,331.0517,0.4542,30.772,-0.687,-0.581,resolved_agn,2.8713735462798944,1.4881557237657097,0.7724649,5.470439,unclassified_anomaly,False,True,True,True,False
220.30233,23.30763,779.6396,358.7985,0.4691,48.401,-0.588,-0.743,resolved_agn,2.891893889994978,1.6848543345782028,0.7722204,5.4685817,unclassified_anomaly,False,True,True,True,False
199.2521,33.49605,874.422,311.2847,0.3974,86.451,-0.662,-0.689,resolved_agn,2.9417210757010333,1.9367700212301855,0.7707087,5.457098,unclassified_anomaly,False,True,True,True,False
163.27514,46.84683,916.3969,278.5815,0.3405,110.743,-0.511,-0.568,resolved_agn,2.962083611382516,2.0443162842634903,0.7704897,5.4554343,unclassified_anomaly,False,False,True,True,False
229.60021,22.31744,934.0921,245.3072,0.2547,63.858,-0.598,-0.535,resolved_agn,2.9703896990885763,1.805215312534689,0.76974803,5.4498005,unclassified_anomaly,False,False,False,False,True
221.25131,54.2927,662.5871,19.1382,0.0276,1835.237,-1.586,-1.513,anomaly,2.8212429762888434,3.2636921564060635,0.768863,5.443077,uss_diffuse,True,True,True,True,False
174.91534,41.09736,1002.4109,246.4367,0.2375,26.926,-0.893,-0.763,resolved_agn,3.0010457804363284,1.4301718414562665,0.76877004,5.442371,unclassified_anomaly,False,False,True,True,False
178.07813,42.19943,775.798,14.1684,0.0204,1937.375,-1.373,-1.048,anomaly,2.889748655658362,3.287213691275638,0.76799726,5.4365005,uss_diffuse,True,False,False,False,True
173.44423,34.66275,857.191,226.7041,0.2412,107.807,-0.855,-1.198,resolved_agn,2.9330776025577796,2.0326469608755278,0.76763624,5.433758,unclassified_anomaly,False,False,True,True,False
240.3601,36.16092,38.1193,0.9326,0.0263,1923.819,-1.722,-1.35,anomaly,1.5811449169156957,3.2841642095942363,0.7671987,5.4304338,uss_diffuse,True,False,True,True,False
193.22658,21.63796,977.3746,202.7077,0.2093,94.513,-0.75,-0.869,resolved_agn,2.9900610483987453,1.9754915486146911,0.7666413,5.4262,unclassified_anomaly,False,True,True,True,False
210.80371,31.57925,795.8916,318.3308,0.3781,91.716,-0.835,-1.042,resolved_agn,2.9008539210948814,1.9624451056325989,0.76632917,5.4238286,unclassified_anomaly,False,False,True,True,False
154.44247,20.78423,910.3418,263.9121,0.3415,99.349,-0.77,-0.656,resolved_agn,2.95920448461031,1.9971635000651837,0.76621544,5.4229646,unclassified_anomaly,False,False,True,True,False
234.69837,62.52364,925.1502,150.8935,0.1427,90.651,-0.616,-0.853,resolved_agn,2.966212247047898,1.9573725992984494,0.76586825,5.420327,remnant_candidate,False,True,True,True,False
240.47351,33.75212,83.3697,1.8376,0.0252,1963.123,-1.78,-1.991,anomaly,1.9210082387217076,3.2929475112901603,0.7656875,5.4189544,uss_diffuse,True,True,True,True,False
210.85309,35.77024,957.1401,225.9822,0.2517,40.581,-0.544,-0.522,resolved_agn,2.9809755116573795,1.6083227447458954,0.7651887,5.415165,unclassified_anomaly,False,False,False,False,True
136.29106,40.99683,24.577,0.1657,0.0075,1975.672,-1.542,-1.128,anomaly,1.390528869479608,3.29571484490038,0.7640837,5.4067707,uss_diffuse,True,False,True,True,False
120.59434,54.61186,840.3712,300.1341,0.3937,46.128,-0.593,-0.622,resolved_agn,2.924471160469518,1.6639646250441327,0.7631469,5.399654,unclassified_anomaly,False,True,True,True,False
151.26482,41.30436,504.1393,468.5926,0.8819,1.008,0.792,0.365,anomaly,2.7025505540298296,0.003460532109506489,0.7631202,5.3994513,gps_candidate,False,False,False,False,True
242.4258,37.99061,72.0216,0.9736,0.0128,1947.28,-1.732,-1.451,anomaly,1.8574627652364954,3.2894284033494547,0.7625375,5.395025,uss_diffuse,True,True,False,True,False
229.36421,62.15882,812.378,315.0891,0.4214,76.3,-0.954,-0.833,resolved_agn,2.9097581537677604,1.8825245379548805,0.7624755,5.3945537,unclassified_anomaly,False,False,False,False,True
159.46439,53.55673,571.2487,551.9906,0.8971,3.743,1.795,0.13,anomaly,2.756825224747983,0.5732198271144219,0.7623879,5.393888,gps_candidate,False,False,False,False,True
124.11938,27.13943,992.7715,211.0783,0.2194,39.013,-0.904,-0.777,resolved_agn,2.996849301155465,1.5912093477316893,0.7612806,5.3854766,unclassified_anomaly,False,True,True,True,False
244.91419,61.31193,745.4083,328.1094,0.3733,62.738,-0.555,-0.509,resolved_agn,2.8723942242430573,1.7975306698796039,0.7612494,5.3852396,unclassified_anomaly,False,False,True,True,False
137.62727,31.0451,978.2047,301.953,0.2758,60.934,-0.827,-0.936,resolved_agn,2.990429745153799,1.7848596882329217,0.76102924,5.3835673,unclassified_anomaly,False,False,True,True,False
201.85894,53.31831,964.4113,228.5564,0.2484,96.836,-0.764,-0.923,resolved_agn,2.9842622903604292,1.9860368417588952,0.76049834,5.3795342,unclassified_anomaly,False,False,True,True,False
215.63585,50.9206,737.4519,337.6313,0.3952,118.426,-0.628,-0.527,resolved_agn,2.8677336988931548,2.073447060637894,0.76029366,5.3779793,unclassified_anomaly,False,False,False,False,True
186.30799,54.79437,742.8129,357.2942,0.437,28.401,-0.69,-0.718,resolved_agn,2.8708794372731408,1.4533336318370396,0.76024014,5.3775725,unclassified_anomaly,False,False,True,True,False
191.4592,48.4822,26.6856,0.1318,0.0056,1923.409,-1.702,-1.574,anomaly,1.4262769719422936,3.284071643862102,0.7599496,5.3753657,uss_diffuse,True,False,False,False,True
235.47162,35.71823,766.2439,322.8049,0.4236,95.173,-0.97,-0.942,resolved_agn,2.8843670301602273,1.978513759160267,0.7597797,5.374075,unclassified_anomaly,False,False,False,False,True
145.99965,20.71801,931.5052,309.9233,0.326,76.879,-0.635,-0.766,resolved_agn,2.9691852836283994,1.8858077256320496,0.7596344,5.372971,unclassified_anomaly,False,False,True,True,False
146.78674,44.42452,907.6499,319.0411,0.3533,39.031,-0.978,-1.024,resolved_agn,2.957918364139874,1.5914096783352687,0.75957483,5.3725185,unclassified_anomaly,False,False,True,True,False
169.58896,26.26652,991.3025,246.3561,0.2603,70.501,-0.758,-0.671,resolved_agn,2.9962062014419537,1.848195277153127,0.75909877,5.368902,unclassified_anomaly,False,False,False,False,True
237.92159,32.59581,22.9523,0.2527,0.0107,1899.901,-1.726,-1.37,anomaly,1.3608262117582057,3.278730971334995,0.7583348,5.3630986,uss_diffuse,True,True,False,True,False
190.07979,25.53422,920.0328,308.8576,0.3276,73.406,-0.716,-0.731,resolved_agn,2.963803310611949,1.865731559376486,0.75821984,5.362225,unclassified_anomaly,False,False,False,False,True
234.43005,23.9872,908.0597,148.3069,0.1833,82.61,-0.867,-0.646,resolved_agn,2.958114401966304,1.9170326221623935,0.75793755,5.3600807,remnant_candidate,False,True,False,True,False
214.76975,50.66004,16.4796,0.1901,0.0128,1966.024,-1.783,-1.998,anomaly,1.216946666104967,3.2935888151257946,0.7574534,5.356403,uss_diffuse,True,False,True,True,False
149.73735,21.29274,923.6834,216.9085,0.2128,64.646,-0.528,-0.499,resolved_agn,2.965523138758532,1.8105416578835307,0.7566057,5.349963,unclassified_anomaly,False,True,True,True,False
169.25024,56.82838,745.6224,287.0447,0.4486,24.406,-0.612,-0.482,resolved_agn,2.872518946623642,1.3874966069355636,0.7565206,5.349317,unclassified_anomaly,False,False,True,True,False
130.64961,56.54389,789.3748,296.0543,0.3488,100.217,-0.713,-0.701,resolved_agn,2.897283257864369,2.000941397977936,0.756211,5.346965,unclassified_anomaly,False,True,True,True,False
239.81133,60.32438,888.9268,255.773,0.2493,80.895,-0.658,-0.528,resolved_agn,2.9488659998172873,1.9079216793438436,0.7562043,5.3469143,unclassified_anomaly,False,False,True,True,False
193.59995,31.08379,773.8556,351.085,0.4192,60.373,-0.811,-0.835,resolved_agn,2.888659929708984,1.7808427569545882,0.75611955,5.34627,unclassified_anomaly,False,False,False,False,True
195.51361,30.03291,851.7731,297.2202,0.3682,24.148,-0.587,-0.731,resolved_agn,2.9303239204218867,1.3828811671814354,0.75604594,5.345711,unclassified_anomaly,False,True,True,True,False
121.19208,45.8588,948.8602,299.5533,0.3513,88.314,-0.556,-0.744,resolved_agn,2.977202230508414,1.9460295556816982,0.75523514,5.3395514,unclassified_anomaly,False,True,True,True,False
224.31624,59.1018,870.9276,238.6868,0.2648,56.132,-0.536,-0.43,resolved_agn,2.939982053713318,1.749210516538033,0.7550784,5.338361,unclassified_anomaly,False,False,False,False,True
133.39952,47.77012,852.7081,316.5065,0.3985,109.512,-0.506,-0.616,resolved_agn,2.930800388430228,2.0394617104842667,0.75502896,5.3379855,unclassified_anomaly,False,False,False,False,True
241.95341,35.05761,534.1239,415.7488,0.8271,1.363,1.635,-0.093,anomaly,2.727642011419595,0.13449585583467355,0.7545193,5.3341136,gps_candidate,False,True,False,True,False
198.5755,53.35393,40.0393,0.5202,0.0118,1948.529,-1.476,-1.728,anomaly,1.6024864761800393,3.289706873791143,0.75427765,5.3322783,uss_diffuse,True,False,False,False,True
121.58844,50.15537,79.8359,1.0399,0.0125,1956.466,-1.607,-1.987,anomaly,1.9021982255100653,3.291472305014267,0.7542288,5.331907,uss_diffuse,True,False,True,True,False
149.8304,28.64549,870.611,296.9957,0.3743,90.306,-0.588,-0.611,resolved_agn,2.9398241500820284,1.9557166061310576,0.75408804,5.3308377,unclassified_anomaly,False,True,True,True,False
167.54946,34.41859,998.3144,8.7265,0.0088,1846.514,-1.558,-1.072,anomaly,2.9992673355580926,3.266352604756939,0.75393885,5.3297043,uss_diffuse,True,True,False,True,False
168.40919,61.00841,553.7843,569.3809,0.9154,1.17,1.049,-0.34,anomaly,2.743340639166837,0.06818586174616162,0.75381505,5.328764,gps_candidate,False,True,True,True,False
165.22241,21.2688,933.9946,282.235,0.3125,93.157,-0.751,-0.729,resolved_agn,2.970344365312554,1.9692154941990072,0.7525523,5.319171,unclassified_anomaly,False,False,True,True,False
166.01327,63.52551,720.8733,362.3276,0.4772,90.306,-0.814,-0.927,resolved_agn,2.8578589402448737,1.9557166061310576,0.7522538,5.3169036,unclassified_anomaly,False,True,False,True,False
229.30687,46.3112,745.3082,340.6782,0.4342,64.387,-0.734,-0.679,resolved_agn,2.8723358994338746,1.8087981903693717,0.7521978,5.3164783,unclassified_anomaly,False,False,False,False,True
239.76352,20.08111,833.1028,316.6427,0.3478,111.469,-0.542,-0.603,resolved_agn,2.920698594105625,2.0471541050447892,0.7520929,5.3156815,unclassified_anomaly,False,False,False,False,True
200.41657,20.62193,738.7093,346.6118,0.4802,110.882,-0.787,-0.633,resolved_agn,2.8684735666171117,2.044861050791634,0.75170016,5.312698,unclassified_anomaly,False,False,False,False,True
169.57267,61.16465,30.4285,0.1678,0.0056,1979.21,-1.377,-1.564,anomaly,1.4832805439526695,3.2964918765725595,0.7516239,5.312119,uss_diffuse,True,False,True,True,False
127.6446,64.6725,901.3538,324.0521,0.3552,44.079,-0.848,-0.872,resolved_agn,2.9548952940064606,1.6442317333163197,0.751389,5.310334,unclassified_anomaly,False,False,False,False,True
162.99314,64.73435,574.7565,603.7607,0.9481,1.662,1.503,-0.346,anomaly,2.759483891464883,0.22063101944809216,0.75094926,5.3069935,gps_candidate,False,False,True,True,False
190.65873,34.81447,805.9251,295.5827,0.3676,102.143,-0.768,-0.778,resolved_agn,2.9062946817949165,2.0092086091912686,0.7503099,5.3021364,unclassified_anomaly,False,False,False,False,True
122.59945,55.95558,686.3948,373.7522,0.4756,75.827,-0.954,-1.209,resolved_agn,2.836573984718475,1.8798238740108426,0.7502492,5.301676,unclassified_anomaly,False,False,False,False,True
247.08792,25.70819,929.4892,304.8865,0.2983,70.618,-0.974,-0.888,resolved_agn,2.968244347945837,1.8489154135773542,0.7499057,5.299066,unclassified_anomaly,False,True,False,True,False
139.91554,29.58433,698.6604,356.1142,0.4959,92.761,-0.93,-1.122,resolved_agn,2.8442661281851196,1.9673654218562144,0.7493476,5.2948265,unclassified_anomaly,False,False,False,False,True
152.30122,50.61657,811.1079,306.8805,0.3746,78.37,-0.552,-0.58,resolved_agn,2.9090786313475183,1.894149846767922,0.74916464,5.2934365,unclassified_anomaly,False,True,True,True,False
184.42504,22.0954,804.0039,295.3133,0.3287,91.178,-0.861,-0.825,resolved_agn,2.9052581553956793,1.9598900616706152,0.74849886,5.2883787,unclassified_anomaly,False,True,True,True,False
160.23341,34.23435,780.5105,301.6638,0.3768,41.45,-0.796,-0.642,resolved_agn,2.8923787498857996,1.6175245348862923,0.74807644,5.28517,unclassified_anomaly,False,True,True,True,False
137.13663,24.80063,936.8292,142.206,0.1797,91.91,-0.745,-0.717,resolved_agn,2.971660418786378,1.963362766103736,0.747636,5.281824,remnant_candidate,False,False,False,False,True
127.35854,21.09398,528.2134,488.7335,0.8515,1.433,1.059,0.403,anomaly,2.722809414425317,0.1562461903973445,0.74749833,5.2807784,gps_candidate,False,False,True,True,False
231.58423,47.97057,972.762,261.789,0.2558,77.684,-0.896,-1.06,resolved_agn,2.9880065969691114,1.8903315795827835,0.74722624,5.2787113,unclassified_anomaly,False,False,True,True,False
232.46522,51.75809,1059.7329,126.6517,0.123,74.637,-0.842,-0.831,resolved_agn,3.025196417459596,1.872954174821646,0.7470044,5.277026,remnant_candidate,False,False,False,False,True
223.79897,56.53136,554.0995,548.2276,0.9616,2.453,0.75,-0.433,anomaly,2.7435877582679367,0.3896975482063857,0.7466495,5.27433,gps_candidate,False,True,True,True,False
205.42835,38.24164,87.9328,2.4187,0.0281,1960.595,-1.619,-2.02,anomaly,1.9441509023994092,3.29238789074548,0.7462125,5.2710104,uss_diffuse,True,False,False,False,True
161.85782,61.08224,939.5334,217.9869,0.2141,83.565,-0.941,-1.033,resolved_agn,2.972912223689191,1.922024417515124,0.74607974,5.270002,unclassified_anomaly,False,False,False,False,True
165.54648,20.0417,712.9367,379.1815,0.4709,60.327,-0.848,-0.747,resolved_agn,2.853050971561413,1.780511728833051,0.74579215,5.267817,unclassified_anomaly,False,False,True,True,False
131.03794,34.68117,800.1312,177.0206,0.2062,119.976,-0.989,-1.036,resolved_agn,2.9031612054472222,2.0790943784641964,0.74556303,5.2660766,unclassified_anomaly,False,True,True,True,False
187.28981,23.46528,539.1159,463.9314,0.9444,1.024,0.541,0.056,anomaly,2.7316821405476746,0.010299956639811961,0.74542785,5.2650495,gps_candidate,False,False,True,True,False
181.52227,64.49208,763.3115,374.007,0.4808,60.761,-0.968,-0.85,resolved_agn,2.8827018054824998,1.783624912835714,0.7451435,5.2628894,unclassified_anomaly,False,False,True,True,False
201.92553,46.6453,41.8575,0.3934,0.011,1846.697,-1.755,-2.354,anomaly,1.6217732859083605,3.266395643668203,0.74469966,5.2595177,uss_diffuse,True,False,True,True,False
216.63138,51.15389,913.3733,283.6606,0.2987,50.611,-0.645,-0.625,resolved_agn,2.960648312031055,1.7042449184230213,0.7442453,5.2560663,unclassified_anomaly,False,True,False,True,False
234.57303,24.98122,675.6803,319.2904,0.4977,17.053,-0.607,-0.561,resolved_agn,2.8297412569063054,1.2318007920578993,0.7439318,5.2536845,unclassified_anomaly,False,True,False,True,False
220.66248,39.14269,718.7981,344.9217,0.4926,104.602,-0.973,-0.934,resolved_agn,2.856606920467256,2.019539988361657,0.7436161,5.2512865,unclassified_anomaly,False,False,True,True,False
208.94103,50.56933,570.7649,512.8915,0.8664,3.498,0.646,0.276,anomaly,2.7564572577064097,0.5438198051426577,0.743415,5.2497587,gps_candidate,False,False,False,False,True
139.17746,26.31228,18.6916,0.2627,0.0125,1939.484,-1.782,-1.944,anomaly,1.2716464785553825,3.287686201187752,0.7423346,5.2415514,uss_diffuse,True,True,True,True,False
218.83023,59.01007,787.978,295.9091,0.3427,93.603,-0.872,-0.93,resolved_agn,2.89651409234745,1.9712897682099708,0.74089795,5.230638,unclassified_anomaly,False,False,False,False,True
151.31612,26.07097,727.3061,374.2645,0.4999,81.927,-0.86,-0.94,resolved_agn,2.861717230064532,1.9134270521705163,0.74069184,5.229072,unclassified_anomaly,False,True,True,True,False
180.46,55.17096,744.2625,327.8963,0.3505,49.348,-0.743,-0.694,resolved_agn,2.8717261374207923,1.6932695560620918,0.7401009,5.224583,unclassified_anomaly,False,True,False,True,False
249.84308,22.47348,82.9427,0.9185,0.012,1938.308,-1.714,-2.126,anomaly,1.9187781686698537,3.2874227882319387,0.7394355,5.219528,uss_diffuse,True,True,True,True,False
212.41695,51.20339,929.55,168.5985,0.1718,98.267,-0.761,-0.846,resolved_agn,2.96827275520536,1.9924076976483056,0.73927116,5.21828,remnant_candidate,False,True,True,True,False
191.37306,21.90005,920.5131,288.132,0.2575,37.907,-0.758,-0.723,resolved_agn,2.9640299734127984,1.578719415262622,0.7390457,5.216567,unclassified_anomaly,False,True,True,True,False
231.48316,40.7499,531.3636,524.4787,0.9848,1.557,0.765,-0.488,anomaly,2.7253918006188815,0.19228861256812027,0.7388109,5.214783,gps_candidate,False,False,True,True,False
181.0498,37.87207,509.5845,491.4173,0.9763,1.09,1.852,-0.123,anomaly,2.707216209619984,0.037426497940623665,0.7387951,5.2146635,gps_candidate,False,True,True,True,False
230.34581,64.84482,793.111,271.0608,0.3081,119.651,-0.837,-0.96,resolved_agn,2.899333973337712,2.077916332641617,0.7385752,5.212993,unclassified_anomaly,False,True,True,True,False
226.30902,54.60058,873.9164,292.051,0.3536,111.498,-0.573,-0.825,resolved_agn,2.94146988943621,2.047267077278763,0.7384837,5.212298,unclassified_anomaly,False,False,True,True,False
130.27766,55.62339,896.1697,326.5486,0.3492,44.888,-0.828,-0.972,resolved_agn,2.952390256085329,1.6521302556954007,0.7383087,5.2109685,unclassified_anomaly,False,False,False,False,True
121.87653,32.56967,752.5945,275.1334,0.412,112.395,-0.954,-1.009,resolved_agn,2.876561040148636,2.0507469916537824,0.7373861,5.20396,unclassified_anomaly,False,False,True,True,False
208.84487,45.95821,694.2182,355.7607,0.4994,102.341,-0.983,-0.964,resolved_agn,2.841495995183794,2.0100496562589254,0.73726505,5.20304,unclassified_anomaly,False,True,True,True,False
219.86953,61.23726,806.5146,353.7932,0.4982,57.777,-0.896,-0.998,resolved_agn,2.9066122336493994,1.7617549878842522,0.7369822,5.2008915,unclassified_anomaly,False,False,True,True,False
233.6952,39.48344,39.9359,0.7658,0.0205,1971.258,-1.583,-1.51,anomaly,1.601363476188783,3.29474346884745,0.7367556,5.19917,uss_diffuse,True,False,True,True,False
217.07931,30.21067,901.4325,213.3123,0.264,104.299,-0.504,-0.417,resolved_agn,2.954933211951308,2.018280144509332,0.7360576,5.1938677,unclassified_anomaly,False,True,True,True,False
172.58583,58.39497,702.9008,387.3023,0.4972,61.839,-0.706,-0.725,resolved_agn,2.846894037605127,1.7912624579802332,0.73563063,5.190624,unclassified_anomaly,False,True,False,True,False
126.38753,45.663,873.2997,121.9736,0.1336,96.018,-0.956,-1.102,resolved_agn,2.941163310967626,1.9823526556217967,0.7355626,5.1901073,remnant_candidate,False,False,True,True,False
247.55965,56.1312,602.9294,472.7018,0.8495,1.243,0.581,0.315,anomaly,2.7802664614179493,0.0944711286416448,0.73545116,5.189261,gps_candidate,False,False,False,False,True
174.63033,41.33832,811.7628,335.9282,0.4065,15.482,-0.927,-1.061,resolved_agn,2.9094291453738514,1.189827063120662,0.7345664,5.1825395,unclassified_anomaly,False,False,True,True,False
124.89759,43.67877,518.9792,12.4026,0.0239,1885.133,-1.751,-1.855,anomaly,2.71514995224876,3.275341995989271,0.7344714,5.1818175,uss_diffuse,True,True,False,True,False
244.64515,28.0163,925.5169,183.5493,0.2019,114.996,-0.568,-0.53,resolved_agn,2.9663843534073813,2.0606827341958716,0.73390985,5.177552,unclassified_anomaly,False,False,False,False,True
140.82119,58.44906,17.8015,0.5689,0.0298,1994.063,-1.587,-1.812,anomaly,1.250456598616535,3.29973887519938,0.7336247,5.175386,uss_diffuse,True,True,True,True,False
125.81234,32.0604,19.2312,0.484,0.0292,1976.209,-1.688,-1.763,anomaly,1.2840063844526413,3.2958328728158044,0.73345315,5.1740828,uss_diffuse,True,False,False,False,True
243.22077,23.15442,762.8448,357.7774,0.4173,49.955,-0.764,-0.87,resolved_agn,2.88243619017033,1.6985789633074357,0.7333233,5.173096,unclassified_anomaly,False,False,True,True,False
140.4192,41.9843,535.4764,526.384,0.8959,1.432,1.1,-0.362,anomaly,2.7287403349706216,0.15594301797183674,0.7332625,5.172634,gps_candidate,False,True,True,True,False
156.80112,26.92359,39.7765,1.2024,0.0269,1997.802,-1.533,-1.383,anomaly,1.5996265661800781,3.3005524435653992,0.7330826,5.1712675,uss_diffuse,True,False,True,True,False
147.42996,42.18894,990.9987,7.3837,0.0072,1963.434,-1.202,-1.443,anomaly,2.9960730847746833,3.2930163072272394,0.7329793,5.170483,diffuse_halo_relic,False,True,False,True,False
218.89812,32.19019,783.1432,363.3611,0.4103,42.415,-0.885,-1.09,resolved_agn,2.8938411813217524,1.6275194713376826,0.73275393,5.168771,unclassified_anomaly,False,False,True,True,False
129.744,32.92262,789.6115,301.6437,0.4269,96.992,-0.651,-0.74,resolved_agn,2.897413464826439,1.9867359146875283,0.73274076,5.168671,unclassified_anomaly,False,True,True,True,False
195.29669,49.76221,768.6643,326.165,0.3816,48.759,-0.904,-0.825,resolved_agn,2.885736711077019,1.6880547900772847,0.73267907,5.1682024,unclassified_anomaly,False,False,False,False,True
193.80448,46.79987,859.4907,277.4967,0.3641,22.142,-0.623,-0.608,resolved_agn,2.9342411818252434,1.3452168464313448,0.7313709,5.1582646,unclassified_anomaly,False,False,True,True,False
209.1971,46.8189,524.1818,516.6115,0.9913,2.321,0.791,0.109,anomaly,2.7194819378299857,0.36567514045591776,0.7308373,5.154211,gps_candidate,False,False,True,True,False
182.25228,57.20978,21.6876,0.2127,0.0108,1934.479,-1.693,-1.607,anomaly,1.3362114946409116,3.2865640195400125,0.7303036,5.1501565,uss_diffuse,True,False,True,True,False
128.33214,53.85502,556.485,519.1776,0.9819,3.5,0.749,-0.077,anomaly,2.7454534624622355,0.5440680443502757,0.73026884,5.149893,gps_candidate,False,True,True,True,False
187.95332,52.70713,854.5944,300.5441,0.3539,114.423,-0.561,-0.376,resolved_agn,2.9317600426386,2.0585133301309755,0.73008645,5.148507,unclassified_anomaly,False,False,True,True,False
224.16103,36.10294,563.096,572.6399,0.8896,2.907,1.584,-0.222,anomaly,2.7505824423044296,0.4634450317704278,0.73001355,5.1479535,gps_candidate,False,True,False,True,False
197.80124,27.54247,738.3892,338.2944,0.4851,108.543,-0.824,-0.701,resolved_agn,2.8682853358852634,2.0356018207945947,0.72988,5.146939,unclassified_anomaly,False,False,False,False,True
152.77813,49.35716,869.493,268.8876,0.303,116.338,-0.585,-0.449,resolved_agn,2.939266089991853,2.0657215934452453,0.7298704,5.146866,unclassified_anomaly,False,False,True,True,False
166.91003,30.99367,763.5604,316.0655,0.427,90.806,-0.836,-0.745,resolved_agn,2.8828433967941263,1.9581145454462128,0.7294343,5.1435533,unclassified_anomaly,False,False,True,True,False
185.14954,62.02315,935.0968,259.2816,0.2388,64.473,-0.655,-0.644,resolved_agn,2.970856570797465,1.8093778788838673,0.7293338,5.14279,unclassified_anomaly,False,False,True,True,False
150.34724,46.30967,589.6173,478.2966,0.8454,1.342,0.881,0.267,anomaly,2.7705702177009135,0.12775251583297328,0.72854304,5.1367826,gps_candidate,False,True,False,True,False
241.9572,49.58931,319.2022,8.5645,0.0251,1951.954,-1.728,-1.98,anomaly,2.5040658759260843,3.2904695788114298,0.72847944,5.1362996,uss_diffuse,True,True,False,True,False
152.8098,37.71469,883.8543,222.1566,0.2637,108.665,-0.822,-0.978,resolved_agn,2.946380679129376,2.036089684338884,0.7284583,5.1361384,unclassified_anomaly,False,True,False,True,False
148.81541,46.32627,801.7682,271.9649,0.3319,100.514,-0.993,-1.105,resolved_agn,2.904048827122285,2.002226556276854,0.72787744,5.1317263,unclassified_anomaly,False,False,False,False,True
216.57818,56.80932,866.9847,259.6131,0.2601,110.033,-0.63,-0.726,resolved_agn,2.9380114333883167,2.0415229539634523,0.7276707,5.130156,unclassified_anomaly,False,True,True,True,False
144.22738,59.53251,836.5683,4.544,0.0053,1860.892,-1.703,-1.871,anomaly,2.922501403878473,3.269721168850762,0.7275516,5.129251,uss_diffuse,True,True,False,True,False
230.02956,63.79317,743.5495,320.8768,0.3738,46.282,-0.548,-0.576,resolved_agn,2.871309885919525,1.6654121180021886,0.72721505,5.126694,unclassified_anomaly,False,False,False,False,True
231.5942,29.9719,72.6366,0.9593,0.0154,1999.44,-1.569,-1.663,anomaly,1.8611555073770627,3.300908376181526,0.7271529,5.126222,uss_diffuse,True,False,False,False,True
238.24522,21.50746,777.7446,330.3783,0.435,24.386,-0.853,-0.819,resolved_agn,2.890837004418036,1.3871405694653007,0.7262277,5.119194,unclassified_anomaly,False,False,True,True,False
214.26568,32.2728,959.2823,283.3444,0.3028,18.629,-0.891,-1.027,resolved_agn,2.9819464312486175,1.2701895427041814,0.72595567,5.1171274,unclassified_anomaly,False,True,True,True,False
180.00708,24.89519,897.2423,150.5245,0.1726,33.318,-0.984,-0.875,resolved_agn,2.9529097399706052,1.5226789238562102,0.72414744,5.1033907,unclassified_anomaly,False,True,False,True,False
229.19893,24.14432,799.306,298.232,0.3755,79.977,-0.644,-0.659,resolved_agn,2.902713073018809,1.9029651093763789,0.72377056,5.100528,unclassified_anomaly,False,True,True,True,False
160.73857,50.05905,863.9261,332.4044,0.423,29.103,-0.895,-1.059,resolved_agn,2.9364765946376377,1.463937759305199,0.72353405,5.098731,unclassified_anomaly,False,True,True,True,False
134.6991,21.94039,112.1579,1.0351,0.0088,1911.242,-1.782,-1.711,anomaly,2.0498298691412167,3.281315680571782,0.7230721,5.095222,uss_diffuse,True,True,True,True,False
185.02785,56.21894,690.9202,4.3802,0.007,1928.482,-1.329,-0.952,anomaly,2.8394278900645444,3.2852155896178465,0.72260696,5.0916886,uss_diffuse,True,False,True,True,False
163.10623,58.44632,783.6326,336.9202,0.4714,46.792,-0.653,-0.782,resolved_agn,2.8941124948387933,1.6701716083552658,0.72253317,5.091128,unclassified_anomaly,False,False,True,True,False
200.06876,33.02657,768.0915,320.5714,0.4759,82.769,-0.611,-0.568,resolved_agn,2.8854129590654707,1.9178677081636246,0.72240233,5.090134,unclassified_anomaly,False,True,False,True,False
235.87649,53.47517,932.2729,263.0953,0.2887,82.441,-0.744,-0.769,resolved_agn,2.969543060010269,1.9161432510820409,0.72233856,5.0896497,unclassified_anomaly,False,True,False,True,False
154.45608,47.69309,446.3044,469.2472,0.9964,2.327,1.664,0.302,anomaly,2.6496311684589493,0.3667963832867299,0.722322,5.089524,gps_candidate,False,False,True,True,False
171.15731,57.2747,657.4733,348.4077,0.4872,16.058,-0.649,-0.854,resolved_agn,2.8178781208148544,1.2056914535795058,0.72223926,5.0888953,unclassified_anomaly,False,False,True,True,False
196.00639,32.2541,927.6709,269.0489,0.274,60.401,-0.558,-0.65,resolved_agn,2.967393933478317,1.781044128867602,0.7210283,5.079696,unclassified_anomaly,False,False,True,True,False
193.33717,64.20151,574.5339,13.5022,0.0251,1980.664,-1.585,-1.837,anomaly,2.7593156590444603,3.2968108080360685,0.7205691,5.0762076,uss_diffuse,True,False,False,False,True
189.94286,59.5193,949.1895,119.1965,0.1294,57.058,-0.978,-1.094,resolved_agn,2.9773529253762305,1.7563165446749562,0.7203784,5.074759,remnant_candidate,False,True,False,True,False
210.60038,62.13169,13.0366,0.0636,0.0053,1955.793,-1.791,-1.659,anomaly,1.1151643403396412,3.2913228874070977,0.72028303,5.0740347,uss_diffuse,True,False,False,False,True
200.448,38.1178,813.3137,301.1828,0.3764,53.083,-0.655,-0.702,resolved_agn,2.9102580879085216,1.724955459155258,0.72009885,5.072635,unclassified_anomaly,False,True,False,True,False
149.28513,57.94519,11.4545,0.2265,0.0216,1959.634,-1.737,-1.399,anomaly,1.0589761365651171,3.2921749659365114,0.72008705,5.0725455,uss_diffuse,True,True,False,True,False
156.03135,56.98005,977.9391,280.2876,0.3097,21.251,-0.761,-0.909,resolved_agn,2.990311810454824,1.3273793712928494,0.7200451,5.072227,unclassified_anomaly,False,True,True,True,False
156.37957,30.32928,920.3444,272.1581,0.3363,91.629,-0.928,-0.915,resolved_agn,2.9639503741181197,1.9620329468853035,0.7199192,5.0712705,unclassified_anomaly,False,False,False,False,True
201.78559,30.44342,993.9325,140.3316,0.1328,98.609,-0.538,-0.544,resolved_agn,2.9973568915674114,1.9939165546162751,0.71931654,5.0666924,remnant_candidate,False,False,True,True,False
183.17055,53.15406,622.4538,11.2549,0.0191,1660.651,-1.678,-2.041,anomaly,2.7941071225956304,3.2202783713437455,0.71902806,5.064501,uss_diffuse,True,True,False,True,False
235.92627,35.77695,948.026,205.1967,0.2076,76.782,-0.634,-0.638,resolved_agn,2.9768202482048265,1.8852594203321975,0.71898544,5.064177,unclassified_anomaly,False,True,True,True,False
155.98628,22.29416,893.6724,279.9029,0.3274,114.091,-0.689,-0.87,resolved_agn,2.9511783454777367,2.057251386710074,0.71842796,5.0599422,unclassified_anomaly,False,True,False,True,False
213.04048,36.53192,924.4369,14.2634,0.0147,1885.676,-1.452,-1.143,anomaly,2.9658772725346143,3.2754670736080542,0.7180863,5.057347,uss_diffuse,True,False,True,True,False
127.28071,60.96917,868.0404,155.0158,0.1692,117.184,-0.805,-0.672,resolved_agn,2.938539938412396,2.068868318285584,0.7174352,5.0524006,remnant_candidate,False,True,True,True,False
215.625,64.39094,561.5129,475.4106,0.8933,3.901,0.888,-0.182,anomaly,2.7493597380408645,0.5911759503117914,0.71703094,5.0493298,gps_candidate,False,False,False,False,True
240.49226,54.11373,533.8726,313.0961,0.4927,104.617,-0.969,-1.017,resolved_agn,2.7274376320881712,2.019602262029342,0.7169783,5.0489297,unclassified_anomaly,False,True,True,True,False
189.42922,48.24683,916.0643,303.1078,0.3323,81.921,-0.756,-0.812,resolved_agn,2.96192595855334,1.9133952450457106,0.7168933,5.048284,unclassified_anomaly,False,False,False,False,True
235.44202,58.55358,836.9511,167.1221,0.1885,108.647,-0.977,-0.962,resolved_agn,2.9227000844920017,2.0360177389268297,0.71684456,5.047914,remnant_candidate,False,False,True,True,False
153.13651,38.13398,814.6783,323.3632,0.3587,34.755,-0.951,-0.929,resolved_agn,2.910986148474913,1.541017292845657,0.71654546,5.045642,unclassified_anomaly,False,True,True,True,False
239.47793,39.81384,873.9665,198.0953,0.2181,119.356,-0.759,-0.755,resolved_agn,2.941494786016581,2.0768442557800975,0.71622664,5.0432196,unclassified_anomaly,False,False,True,True,False
136.42709,50.36551,809.9993,223.6003,0.2888,15.614,-0.674,-0.453,resolved_agn,2.9084846435622684,1.1935141750286689,0.71575403,5.0396295,unclassified_anomaly,False,True,False,True,False
213.54968,45.50288,919.5035,138.3741,0.147,87.327,-0.505,-0.298,resolved_agn,2.963553386676645,1.941148540820046,0.71572655,5.0394206,remnant_candidate,False,True,True,True,False
155.1891,58.20521,482.3145,388.2088,0.8499,1.389,1.933,-0.192,anomaly,2.6833303184745017,0.14270224573761559,0.7156149,5.038573,gps_candidate,False,True,True,True,False
219.32534,47.93344,759.8267,316.1533,0.4141,43.372,-0.674,-0.689,resolved_agn,2.8807145504176104,1.6372094491014253,0.71551394,5.0378056,unclassified_anomaly,False,False,True,True,False
162.9612,40.49513,20.4125,0.632,0.0299,1915.868,-1.791,-1.744,anomaly,1.3098961977447245,3.2823655836326995,0.7154741,5.0375032,uss_diffuse,True,False,True,True,False
179.21583,45.12916,889.3878,297.8356,0.3607,46.497,-0.562,-0.753,resolved_agn,2.949091167805721,1.667424932987244,0.7144069,5.029396,unclassified_anomaly,False,True,False,True,False
209.62051,56.17997,747.0828,356.6728,0.4684,66.839,-0.913,-0.955,resolved_agn,2.873368737813134,1.825029943649081,0.7138419,5.025104,unclassified_anomaly,False,False,False,False,True
194.39518,42.41579,20.1912,0.3763,0.0181,1899.833,-1.509,-1.925,anomaly,1.3051621306272165,3.278715427075964,0.7133742,5.0215507,uss_diffuse,True,False,False,False,True
123.77677,28.64572,803.7464,298.9611,0.3435,46.013,-0.608,-0.72,resolved_agn,2.9051190407209115,1.6628805497388552,0.71321577,5.0203476,unclassified_anomaly,False,True,False,True,False
179.51411,50.84619,799.117,257.8262,0.3659,118.517,-0.95,-1.029,resolved_agn,2.9026103697200423,2.073780649727222,0.7131788,5.0200667,unclassified_anomaly,False,True,False,True,False
139.72257,30.96363,962.8023,191.5667,0.2247,47.22,-0.912,-0.729,resolved_agn,2.9835371190729916,1.6741259827427082,0.71206206,5.0115833,unclassified_anomaly,False,True,False,True,False
195.61517,38.65517,926.7396,232.9019,0.2278,55.105,-0.838,-0.595,resolved_agn,2.9669577210161897,1.7411910067264007,0.7116099,5.008148,unclassified_anomaly,False,True,False,True,False
166.44242,27.30166,795.5737,188.0581,0.2484,119.383,-0.967,-0.809,resolved_agn,2.90068041782386,2.076942488168282,0.7115611,5.007777,unclassified_anomaly,False,False,True,True,False
158.19652,62.88307,521.8982,441.6445,0.8683,2.069,1.874,0.476,anomaly,2.717585798998753,0.3157604906657346,0.7115194,5.007461,gps_candidate,False,True,True,True,False
169.72194,61.95034,905.4481,238.7669,0.2339,82.573,-0.788,-0.699,resolved_agn,2.956863561740538,1.9168380634475237,0.71144295,5.00688,unclassified_anomaly,False,True,True,True,False
158.07199,40.58373,1008.2752,208.2291,0.2213,43.126,-0.767,-0.88,resolved_agn,3.003579085213926,1.6347391785612535,0.711186,5.004928,unclassified_anomaly,False,False,True,True,False
238.43175,23.02706,34.0662,0.8279,0.0225,1861.901,-1.727,-1.905,anomaly,1.5323236917988048,3.269956585186277,0.70926815,4.990359,uss_diffuse,True,True,True,True,False
226.72116,51.4526,894.8329,267.5406,0.3183,15.73,-0.742,-0.661,resolved_agn,2.9517419432674457,1.1967287226232868,0.7082562,4.9826713,unclassified_anomaly,False,False,False,False,True
148.13235,37.45756,854.9715,305.2972,0.3311,47.436,-0.813,-0.791,resolved_agn,2.9319516380041626,1.6761080603905953,0.7081066,4.981535,unclassified_anomaly,False,True,False,True,False
186.34811,42.43908,37.9312,0.8417,0.0248,1867.219,-1.709,-1.934,anomaly,1.5789965823583278,3.2711952579135772,0.70776314,4.9789257,uss_diffuse,True,False,True,True,False
153.76657,63.18002,410.9005,437.0787,0.9048,1.696,1.05,0.385,anomaly,2.6137366697289166,0.229425847920695,0.7069382,4.972659,gps_candidate,False,True,False,True,False
207.99345,51.51428,812.0018,258.7394,0.313,49.606,-0.531,-0.446,resolved_agn,2.9095569919618662,1.6955342089357068,0.7067765,4.971431,unclassified_anomaly,False,False,False,False,True
190.97136,45.52676,19.6702,0.5771,0.0272,1960.896,-1.533,-1.728,anomaly,1.2938087757024992,3.292454560611258,0.7062724,4.967602,uss_diffuse,True,True,True,True,False
221.20754,20.94395,18.497,0.2134,0.0117,1921.094,-1.742,-1.791,anomaly,1.2671012965599688,3.2835486156074105,0.70557666,4.962316,uss_diffuse,True,True,True,True,False
197.29536,26.09302,546.4131,482.6115,0.8836,1.451,1.037,0.246,anomaly,2.737521102806554,0.16166741243773589,0.7055468,4.962089,gps_candidate,False,False,True,True,False
196.03631,35.51974,480.4965,451.1576,0.9467,2.478,1.862,0.273,anomaly,2.6816902285576907,0.3941013020400447,0.7054505,4.9613576,gps_candidate,False,True,True,True,False
184.0666,22.59375,905.5197,133.8455,0.1862,119.591,-0.739,-0.611,resolved_agn,2.956897903030229,2.0776984973998074,0.70530593,4.9602594,remnant_candidate,False,True,True,True,False
240.81459,24.37955,996.1055,220.9933,0.2314,40.299,-0.861,-0.912,resolved_agn,2.9983053380636613,1.6052942694693908,0.70515156,4.959087,unclassified_anomaly,False,True,True,True,False
151.3234,42.02771,886.0357,146.2391,0.1811,105.038,-0.593,-0.712,resolved_agn,2.9474512207591177,2.0213464438769955,0.7051383,4.9589863,remnant_candidate,False,True,True,True,False
221.48037,33.30371,1003.8862,140.5085,0.1331,59.244,-0.589,-0.473,resolved_agn,3.001684484210195,1.772644373267156,0.7050078,4.9579945,remnant_candidate,False,False,False,False,True
123.45371,63.43502,858.4467,248.9885,0.2898,99.146,-0.543,-0.435,resolved_agn,2.933713335473075,1.996275197482623,0.7048457,4.9567637,unclassified_anomaly,False,False,False,False,True
210.23663,29.82877,829.9859,218.0091,0.2725,22.507,-0.546,-0.455,resolved_agn,2.9190707145396777,1.352317610936827,0.7044168,4.953505,unclassified_anomaly,False,True,False,True,False
139.81176,22.34689,783.5223,302.5925,0.3662,72.446,-0.547,-0.645,resolved_agn,2.894051361530997,1.860014411534114,0.7036356,4.9475703,unclassified_anomaly,False,True,False,True,False
198.55598,47.43208,844.7836,273.067,0.3172,24.419,-0.562,-0.671,resolved_agn,2.9267454742017667,1.3877278748678998,0.7035004,4.9465437,unclassified_anomaly,False,False,False,False,True
181.30653,33.62498,826.3959,237.0235,0.269,32.051,-0.556,-0.472,resolved_agn,2.917188153850634,1.5058415841733006,0.70339906,4.9457736,unclassified_anomaly,False,True,True,True,False
150.57102,56.61408,851.4485,285.0254,0.3637,99.259,-0.521,-0.357,resolved_agn,2.9301583847211505,1.9967698955170614,0.70337445,4.9455867,unclassified_anomaly,False,False,True,True,False
176.1117,38.5715,781.8576,317.2691,0.4608,80.044,-0.501,-0.471,resolved_agn,2.8931276620551505,1.9033287832940253,0.70277715,4.9410496,unclassified_anomaly,False,False,True,True,False
183.35887,59.23926,732.7462,325.9913,0.3684,28.069,-0.947,-0.829,resolved_agn,2.864953574878047,1.448226940521222,0.7027683,4.9409823,unclassified_anomaly,False,False,False,False,True
125.43557,50.90217,750.4083,279.767,0.3601,32.537,-0.557,-0.523,resolved_agn,2.8752976289747725,1.5123775073129309,0.70272416,4.9406466,unclassified_anomaly,False,False,True,True,False
205.56155,62.90547,54.9821,1.5581,0.0266,1972.167,-1.603,-1.569,anomaly,1.7402213233756716,3.294943687536048,0.70253086,4.9391785,uss_diffuse,True,True,True,True,False
242.53794,34.4576,476.9891,388.6087,0.8064,1.941,1.342,-0.461,anomaly,2.678508454797053,0.28802553538836284,0.70235336,4.93783,gps_candidate,False,True,False,True,False
195.32573,58.82081,866.8612,227.722,0.2553,105.262,-0.559,-0.61,resolved_agn,2.9379495647198204,2.0222716174455764,0.70181996,4.933778,unclassified_anomaly,False,True,False,True,False
181.45524,20.73491,915.2941,156.3844,0.1563,51.797,-0.866,-0.805,resolved_agn,2.961560662902109,1.714304606826788,0.7015796,4.931952,remnant_candidate,False,True,False,True,False
198.42028,43.60926,1070.5278,95.8623,0.1071,28.447,-0.837,-0.851,resolved_agn,3.029597949752673,1.4540364727646975,0.70098776,4.927456,unclassified_anomaly,False,True,True,True,False
198.82853,37.05178,942.0102,237.8914,0.2421,18.877,-0.71,-0.588,resolved_agn,2.974055605319133,1.275932975821708,0.6999132,4.919293,unclassified_anomaly,False,False,True,True,False
157.95994,33.75151,798.4586,299.9885,0.3456,76.985,-0.509,-0.446,resolved_agn,2.9022524029320245,1.886406114109727,0.6997865,4.9183307,unclassified_anomaly,False,True,True,True,False
146.45644,59.30125,938.7569,210.5597,0.2112,67.31,-0.835,-0.701,resolved_agn,2.9725531421516784,1.828079590556746,0.6996833,4.9175467,unclassified_anomaly,False,True,False,True,False
216.93154,36.49746,771.3366,289.5863,0.3453,111.574,-0.615,-0.805,resolved_agn,2.8872439391687177,2.047563003095555,0.6986333,4.90957,unclassified_anomaly,False,True,True,True,False
126.51423,35.10772,740.7374,347.1503,0.4586,39.727,-0.869,-0.814,resolved_agn,2.8696642728324635,1.5990857703753139,0.69801456,4.90487,unclassified_anomaly,False,False,True,True,False
243.42057,52.98674,460.3046,430.7907,0.9659,3.568,1.784,0.424,anomaly,2.6630453149865976,0.5524248457040855,0.6975883,4.901632,gps_candidate,False,True,True,True,False
188.69515,29.97964,650.6391,332.4292,0.4261,96.352,-0.767,-0.897,resolved_agn,2.8133401585523523,1.9838607338326653,0.6972124,4.898776,unclassified_anomaly,False,True,True,True,False
193.27225,46.55795,429.1731,309.6354,0.8584,1.95,1.118,-0.447,anomaly,2.632632493145549,0.290034611362518,0.69720244,4.8987007,gps_candidate,False,True,False,True,False
244.81032,33.20807,921.049,229.0708,0.291,94.737,-0.745,-0.802,resolved_agn,2.9642827353689896,1.9765196279740105,0.6971125,4.8980174,unclassified_anomaly,False,True,False,True,False
194.619,29.44059,735.7512,276.6838,0.3338,90.132,-0.978,-0.853,resolved_agn,2.866730979100501,1.9548790080278329,0.69681495,4.8957567,unclassified_anomaly,False,False,True,True,False
247.78647,53.48174,550.1043,473.8698,0.9447,1.44,1.042,0.497,anomaly,2.740445039712488,0.15836249209524964,0.6961195,4.890474,gps_candidate,False,True,True,True,False
180.83354,39.73423,763.0326,335.8919,0.4749,17.822,-0.983,-0.926,resolved_agn,2.8825430932598093,1.2509564393318935,0.6957803,4.887897,unclassified_anomaly,False,False,True,True,False
172.46885,58.04683,693.4677,326.2691,0.4772,115.572,-0.759,-0.663,resolved_agn,2.841026237524014,2.0628526289078213,0.6949112,4.8812947,unclassified_anomaly,False,True,False,True,False
203.02592,63.44735,669.3855,363.6375,0.4834,75.047,-0.726,-0.961,resolved_agn,2.8256763005849614,1.8753333360265014,0.6942368,4.876172,unclassified_anomaly,False,True,False,True,False
236.04833,38.4729,538.5429,458.6729,0.9248,1.517,1.577,0.154,anomaly,2.731220304646401,0.18098558078673047,0.69378746,4.8727584,gps_candidate,False,True,True,True,False
213.9709,42.01024,773.3465,300.6184,0.4249,112.265,-0.644,-0.616,resolved_agn,2.8883741243462375,2.0502443806954553,0.69262505,4.863928,unclassified_anomaly,False,False,True,True,False
234.37411,35.44211,49.3052,1.1372,0.0246,1950.244,-1.428,-1.649,anomaly,1.6928927247988048,3.29008895045193,0.69168794,4.856809,uss_diffuse,True,False,False,False,True
139.78106,59.00015,788.2661,16.8126,0.0222,1906.916,-1.449,-1.436,anomaly,2.8966728497907033,3.280331562715665,0.69082046,4.8502192,uss_diffuse,True,True,True,True,False
158.92033,55.16011,850.1033,205.699,0.229,92.724,-0.706,-0.507,resolved_agn,2.929471702060337,1.9671921582926535,0.69078636,4.8499603,unclassified_anomaly,False,True,False,True,False
200.33741,31.98128,766.2427,290.872,0.3701,61.587,-0.503,-0.406,resolved_agn,2.8843663500193655,1.789489049435636,0.6906945,4.849262,unclassified_anomaly,False,True,True,True,False
230.97722,41.02799,29.21,0.5496,0.0202,1978.33,-1.351,-1.159,anomaly,1.4655315569735499,3.2962987368188874,0.69067967,4.8491497,uss_diffuse,True,False,False,False,True
214.72159,49.29686,733.835,300.0586,0.4172,106.75,-0.753,-0.779,resolved_agn,2.865598421435157,2.0283678836970616,0.6906443,4.8488812,unclassified_anomaly,False,False,False,False,True
172.39387,47.81811,805.0814,281.9439,0.3516,54.526,-0.593,-0.592,resolved_agn,2.905839793142536,1.7366036392300945,0.69047767,4.8476152,unclassified_anomaly,False,True,False,True,False
245.13535,51.17989,499.9473,405.8756,0.8098,2.885,1.763,-0.245,anomaly,2.6989242272851333,0.4601458174917502,0.6903863,4.846921,gps_candidate,False,False,True,True,False
159.61176,41.85702,523.5523,505.7908,0.8533,1.321,1.403,0.213,anomaly,2.7189600718159763,0.12090281761452719,0.6899719,4.8437734,gps_candidate,False,False,True,True,False
244.59306,63.53833,514.7606,11.4424,0.0253,1792.72,-1.742,-1.83,anomaly,2.7116052984160715,3.2535124635996535,0.6898083,4.8425303,uss_diffuse,True,True,True,True,False
136.06088,61.45806,799.4757,251.9442,0.342,119.27,-0.91,-0.939,resolved_agn,2.9028052679367966,2.076531219253812,0.68957,4.84072,unclassified_anomaly,False,False,True,True,False
184.7127,57.91209,703.9348,310.1007,0.3977,21.804,-0.808,-0.687,resolved_agn,2.8475324356882417,1.338536173355659,0.68940556,4.839471,unclassified_anomaly,False,False,True,True,False
237.7128,38.93621,894.113,177.1922,0.2041,106.647,-0.781,-0.976,resolved_agn,2.951392409372207,2.0279486431725013,0.6885911,4.833284,unclassified_anomaly,False,False,True,True,False
157.41784,22.03887,10.4743,0.3371,0.0292,1981.331,-1.776,-1.848,anomaly,1.0201250086029623,3.2969570345821224,0.6881443,4.82989,uss_diffuse,True,False,True,True,False
233.96268,40.53869,965.6647,296.6899,0.3365,65.194,-0.762,-0.886,resolved_agn,2.9848263560035844,1.8142076281430242,0.6880944,4.82951,unclassified_anomaly,False,True,True,True,False
196.11648,58.69083,577.0725,494.2864,0.8679,2.46,1.108,0.285,anomaly,2.761230378791737,0.39093510710337914,0.68804044,4.8291006,gps_candidate,False,True,True,True,False
236.78651,59.77399,800.702,279.3147,0.3823,107.423,-0.832,-0.95,resolved_agn,2.9034709132928316,2.031097276742262,0.68752944,4.8252187,unclassified_anomaly,False,False,True,True,False
152.31646,37.37981,742.1162,320.5825,0.4779,82.393,-0.937,-0.663,resolved_agn,2.8704719121088162,1.9158903161812244,0.687529,4.8252153,unclassified_anomaly,False,False,False,False,True
146.32124,52.79168,529.4733,514.3554,0.8462,3.639,0.737,-0.148,anomaly,2.7238440646228583,0.5609820555862354,0.68728226,4.823341,gps_candidate,False,False,False,False,True
144.26079,42.43509,27.811,0.2772,0.0106,1903.054,-1.54,-1.467,anomaly,1.4442166050696197,3.279451111760111,0.6871551,4.8223753,uss_diffuse,True,False,True,True,False
202.07589,44.39152,899.2352,178.8776,0.2008,116.819,-0.575,-0.625,resolved_agn,2.9538732987438423,2.0675134842496714,0.6871376,4.822242,unclassified_anomaly,False,False,True,True,False
232.2882,40.37962,856.7152,265.0613,0.3464,118.839,-0.731,-0.909,resolved_agn,2.932836472302462,2.0749589886692474,0.68687016,4.8202105,unclassified_anomaly,False,False,True,True,False
215.05818,23.87931,75.2158,0.8113,0.0108,1871.875,-1.747,-2.342,anomaly,1.876309079049827,3.272276844069405,0.6865671,4.8179083,uss_diffuse,True,True,True,True,False
202.05712,39.39022,899.3038,204.5936,0.217,16.462,-0.561,-0.535,resolved_agn,2.9539064285247068,1.21648259735246,0.68617,4.8148913,unclassified_anomaly,False,False,True,True,False
215.46368,52.70206,890.6476,237.5829,0.273,25.986,-0.609,-0.546,resolved_agn,2.949705901961741,1.414739434113486,0.68606067,4.814061,unclassified_anomaly,False,True,True,True,False
143.82418,51.61074,703.2704,326.1545,0.4397,87.858,-0.739,-0.699,resolved_agn,2.847122338745426,1.9437813127598274,0.6860365,4.8138776,unclassified_anomaly,False,False,True,True,False
156.96452,56.18448,684.8648,328.7399,0.45,75.625,-0.6,-0.406,resolved_agn,2.835604845347562,1.8786653876605253,0.68587124,4.812622,unclassified_anomaly,False,False,True,True,False
164.82007,37.5633,865.4589,238.0235,0.2443,94.049,-0.75,-0.723,resolved_agn,2.937246448378912,1.973354182164008,0.6856104,4.8106403,unclassified_anomaly,False,True,False,True,False
182.51083,38.58049,861.4008,233.7815,0.3092,94.764,-0.584,-0.568,resolved_agn,2.935205270764664,1.9766433840606878,0.68553936,4.810101,unclassified_anomaly,False,False,False,False,True
191.43364,50.52887,756.088,287.6327,0.4101,99.382,-0.734,-0.811,resolved_agn,2.878572345356044,1.9973077323996915,0.6849414,4.805558,unclassified_anomaly,False,True,False,True,False
138.77487,56.15274,685.2087,359.3742,0.4586,61.543,-0.681,-0.77,resolved_agn,2.83582286850539,1.7891786627221278,0.68483526,4.804752,unclassified_anomaly,False,True,False,True,False
170.0448,48.48282,541.1987,486.6415,0.9978,3.073,0.932,0.481,anomaly,2.7333567447188143,0.4875625602563782,0.6848029,4.8045063,gps_candidate,False,False,True,True,False
136.15738,47.24835,390.1594,461.2664,0.9906,3.609,0.742,0.252,anomaly,2.591242074711638,0.5573868820595071,0.68431926,4.8008323,gps_candidate,False,True,False,True,False
220.26551,51.93452,964.2961,178.069,0.2022,46.655,-0.783,-0.868,resolved_agn,2.984210410303999,1.668898193764135,0.6840716,4.7989507,unclassified_anomaly,False,False,True,True,False
226.47561,41.5031,908.9691,265.1626,0.2758,67.248,-0.705,-0.705,resolved_agn,2.9585491198252827,1.8276793726613618,0.68394876,4.7980175,unclassified_anomaly,False,True,True,True,False
244.56428,45.98657,524.4182,463.3133,0.9221,2.376,1.57,-0.276,anomaly,2.7196777555245526,0.37584643630915593,0.6837386,4.796421,gps_candidate,False,True,True,True,False
126.15618,35.93276,944.6142,134.4425,0.1559,111.182,-0.701,-0.666,resolved_agn,2.9752544698615684,2.0460344820892247,0.683264,4.7928157,remnant_candidate,False,True,True,True,False
126.39232,26.9917,60.0012,1.1173,0.0184,1980.078,-1.324,-1.66,anomaly,1.778159936186424,3.2966822984950523,0.6828855,4.789941,uss_diffuse,True,False,False,False,True
154.50282,20.00803,26.7914,0.3051,0.0106,1897.287,-1.527,-1.57,anomaly,1.4279954085088573,3.278133030988072,0.68261915,4.787917,uss_diffuse,True,True,True,True,False
122.65742,38.45628,320.8724,8.4625,0.0288,1809.422,-1.541,-2.108,anomaly,2.5063323626448986,3.257539866416468,0.6817696,4.7814636,uss_diffuse,True,False,True,True,False
172.92034,64.25985,631.546,16.4986,0.0237,1949.585,-1.527,-1.396,anomaly,2.8004049888083666,3.2899421747516118,0.6815585,4.7798595,uss_diffuse,True,False,True,True,False
135.03322,28.08332,543.1794,473.0995,0.8223,2.49,0.866,-0.101,anomaly,2.734943291029493,0.3961993470957364,0.68114483,4.776717,gps_candidate,False,False,True,True,False
226.40147,21.6336,17.0349,0.4575,0.0286,1983.956,-1.535,-1.277,anomaly,1.2313395884718057,3.2975320361805083,0.6810453,4.775961,uss_diffuse,True,False,True,True,False
150.19004,47.99046,725.9052,14.9708,0.0241,1744.807,-1.772,-1.507,anomaly,2.8608799074698594,3.2417473949223603,0.6808978,4.7748404,uss_diffuse,True,False,True,True,False
201.41092,28.79725,808.9794,264.5692,0.3669,117.821,-0.848,-1.0,resolved_agn,2.907937462798634,2.071222704468884,0.68082976,4.774324,unclassified_anomaly,False,False,True,True,False
165.87835,23.40572,1023.019,133.4042,0.1354,104.464,-0.516,-0.431,resolved_agn,3.0098836997126774,2.018966651260388,0.6807868,4.7739973,remnant_candidate,False,True,True,True,False
200.39582,31.33348,535.1894,524.3939,0.9119,2.029,1.413,0.094,anomaly,2.728507503177,0.307282047033346,0.68069166,4.773275,gps_candidate,False,False,True,True,False
238.78044,50.70814,768.7149,341.5018,0.4509,39.69,-0.854,-0.955,resolved_agn,2.885765299080281,1.5986810989071634,0.68064594,4.7729273,unclassified_anomaly,False,True,True,True,False
248.17859,48.16564,790.3161,294.387,0.4452,78.841,-0.573,-0.648,resolved_agn,2.897800829300907,1.8967521241275431,0.6805632,4.772299,unclassified_anomaly,False,True,True,True,False
160.60818,41.47249,855.4902,303.9808,0.3457,65.749,-0.693,-1.137,resolved_agn,2.9322150388796904,1.8178891518722964,0.6804476,4.7714205,unclassified_anomaly,False,False,False,False,True
