#        weight    minuslogpost            logA             nnu              ns           ombh2           omch2             tau    theta_MC_100        A_planck         amp_143         amp_217     amp_143x217           n_143           n_217       n_143x217           calTE           calEE              As              H0          sigma8          omegam              S8      delta_neff             age       chi2__CMB   minuslogprior minuslogprior__0            chi2 chi2__planck_NPIPE_highl_CamSpec.TTTEEE chi2__planck_2018_lowl.TT chi2__planck_2018_lowl.EE chi2__planck_2018_lensing.clik
              1       6534.8604       3.0282964       3.4491514      0.96889356     0.022033811      0.11909499     0.058043911       1.0417599       1.0025483       11.488321       19.967514       9.8941003      0.69918096       0.7385355      0.99294568      0.99074198       0.9965965   2.0662003e-09       72.407068      0.79245629      0.27041679      0.75237007      0.40315145       13.394233       13058.138       5.7912491        5.7912491       13058.138                                12591.09                 21.893276                 396.65906                      48.496295
              2       6354.6019       3.0282813       3.4450003      0.96898968     0.022038407      0.11898059     0.058113058       1.0417814       1.0016807       12.691733       20.995975       12.185748      0.66089326      0.98359275       1.0057706      0.99718233      0.99326404   2.0661691e-09       72.412485      0.79220564      0.27016692      0.75178454      0.39900026       13.396636       12698.648       5.2778002        5.2778002       12698.648                               12233.108                 21.982595                 396.69924                      46.858809
              1       6249.6442       3.0272775       3.4461643      0.96802859     0.022061916      0.11908504     0.057375684       1.0416433       1.0015004       15.152295       20.255905       13.073222       0.5488654       1.1190399       1.0995227      0.98056219      0.98462846    2.064096e-09       72.359058      0.79162499      0.27081042      0.75212765      0.40016432       13.397761       12483.216       8.0359085        8.0359085       12483.216                               12018.511                 22.167951                 396.56185                      45.975283
              1       6136.6812        3.027501       3.4461643      0.96826663     0.022061916      0.11908504     0.057375684       1.0416433       1.0002899       15.754562       19.770025        13.66319      0.60409292       1.5360395       1.3192648      0.99343192      0.99031351   2.0645574e-09       72.359058      0.79178935      0.27081042       0.7522838      0.40016432       13.397761       12262.409        5.476816         5.476816       12262.409                               11800.315                 22.291954                 396.55871                      43.243347
              3       6038.6599       3.0272893       3.4029952      0.96632817     0.022071634      0.11975166     0.057204178       1.0417548      0.99954883       16.615907       20.818185       15.187384      0.46294383       1.5677122        1.474816      0.99493298      0.98469501   2.0641204e-09       71.652231      0.79485725      0.27749705      0.76446516      0.35699516       13.439307       12065.118       6.1011256        6.1011256       12065.118                               11608.933                 22.572942                 396.58947                      37.022388
              3       6013.0512       3.0272542       3.4052069      0.96638541     0.022073284      0.11973943     0.057131266       1.0417491      0.99957776       17.092915       21.219142       15.804649      0.46596754       1.4001699       1.5394318      0.99622722      0.98662998   2.0640479e-09       71.682091      0.79473688      0.27724532      0.76400262      0.35920688       13.437074       12014.573       5.7644735        5.7644735       12014.573                               11558.265                 22.569989                 396.55619                      37.182564
              3       5957.0669       3.0244089       3.3281848      0.96139898     0.021892636       0.1203915     0.054952525       1.0416696      0.99941889       17.222883       20.970001       15.588964      0.56664807       1.3438142       1.5329458      0.99068235      0.99120944   2.0581834e-09       70.363355      0.79742348      0.28868705      0.78224364      0.28218477       13.536466       11902.868       5.6327322        5.6327322       11902.868                                11454.28                 23.310118                 396.24318                      29.035162
              4       5807.6459       3.0234459       3.3281848      0.96812849     0.021892636       0.1203915     0.054952525       1.0416696      0.99834778       18.927013       22.687076       16.808376      0.33351159      0.99454334      0.89334094      0.98410624      0.98810224   2.0562025e-09       70.363355      0.79915132      0.28868705      0.78393859      0.28218477       13.536466       11601.343       6.9744817        6.9744817       11601.343                               11154.986                 22.056291                  396.1597                      28.141171
              4       5767.5168        3.022358        3.332076      0.96820624     0.022012249      0.12043998     0.053004907       1.0417314      0.99847844       18.717673       21.317094        15.84557      0.13070939       1.1864967      0.78253582      0.98648187      0.99193991   2.0539667e-09       70.513274      0.79832728      0.28779885      0.78192459      0.28607596       13.519259       11522.616       6.2089887        6.2089887       11522.616                               11077.421                 22.178919                 395.86394                       27.15201
              3       5721.8573       3.0293888        3.332076      0.96323616     0.022012249      0.12043998     0.053004907       1.0417314       1.0000711       19.855108       22.441558       16.752056      0.21458052       0.7918967      0.62979931      0.99438134       1.0036077   2.0684587e-09       70.513274      0.79957071      0.28779885      0.78314247      0.28607596       13.519259       11433.697       5.0085815        5.0085815       11433.697                               10991.441                 23.448318                 395.96495                      22.842722
              1       5693.8408       3.0297426        3.332076      0.96640872     0.022012249      0.12043998     0.053004907       1.0417314       1.0006059       20.343122       22.930186       17.085791      0.34704484      0.97581049      0.83265273      0.99187392        1.000406   2.0691906e-09       70.513274      0.80071238      0.28779885      0.78426069      0.28607596       13.519259        11377.39       5.1456159        5.1456159        11377.39                               10935.689                 22.725377                 395.89223                      23.083628
              1       5689.9361       3.0289147       3.3105857      0.96452879     0.022113421      0.12092522     0.052784459       1.0416358      0.99989434       20.433913        22.98802       16.843523      0.78717371      0.97632241       1.1085779      0.99110723      0.99899114   2.0674782e-09       70.140353      0.80159026      0.29205928      0.79091044      0.26458567       13.535741       11369.499       5.1866436        5.1866436       11369.499                               10929.799                 23.073942                 395.86573                      20.759801
              7       5682.1219       3.0293825       3.3419261      0.96621272      0.02217115      0.12068765     0.052668311       1.0416578       1.0002599       21.155578       23.189096       17.035805      0.83498874       1.0263156       1.1057719      0.99560092       1.0038108   2.0684456e-09       70.647612      0.80030367      0.28751997       0.7834805      0.29592605       13.497193       11354.324       4.9600256        4.9600256       11354.324                               10912.773                   22.8492                 395.82776                      22.873771
              3       5662.9304       3.0294757       3.3448975      0.96661399       0.0221319        0.120507     0.052662745       1.0416799       1.0003199       22.235843       23.101529       17.285125       0.8197701       1.1602412       1.1069892       0.9968977       1.0056637   2.0686384e-09       70.722074      0.79994394      0.28647518      0.78170416      0.29889747       13.496609       11315.857       5.0019521        5.0019521       11315.857                               10873.948                 22.792177                 395.83872                      23.278109
              7       5648.4645       3.0273189       3.3448975      0.97002121       0.0221319        0.120507     0.052662745       1.0416799       1.0001771       22.260272       22.705815       17.455576      0.63387955      0.98819507      0.95527264      0.99261959      0.99460326   2.0641816e-09       70.722074       0.8001601      0.28647518       0.7819154      0.29889747       13.496609       11286.517       5.2057405        5.2057405       11286.517                               10843.725                 22.030826                  395.8243                      24.937758
              1       5641.5448       3.0244394       3.3269826      0.96633945     0.022116857      0.12098166     0.050739997       1.0413154      0.99951985       21.644712       22.737589       16.978062      0.73305893      0.99405231       1.0389117      0.99352537      0.99402769   2.0582464e-09         70.2038      0.79976872      0.29165312      0.78856428      0.28098261       13.528739       11272.706       5.1916445        5.1916445       11272.706                               10832.499                 22.674837                 395.73396                      21.798373
              6       5625.1841       3.0259094       3.3269826      0.96726571     0.022116857      0.12098166     0.050739997       1.0413154       1.0003105       22.961167       23.436731       17.504407      0.84985595      0.88782975      0.87143744        1.000938      0.99890594   2.0612742e-09         70.2038      0.80064831      0.29165312      0.78943155      0.28098261       13.528739       11240.762       4.8033501        4.8033501       11240.762                               10801.062                 22.488231                 395.73977                      21.471385
              2       5617.8644        3.028414       3.3269826      0.96725259     0.022116857      0.12098166     0.050739997       1.0413154       1.0012006       23.174867       23.547604       17.545119      0.85145278      0.82415917      0.79932452       1.0006234      0.99996988   2.0664432e-09         70.2038      0.80164743      0.29165312      0.79041667      0.28098261       13.528739       11225.924       4.9025093        4.9025093       11225.924                               10787.211                 22.538892                 395.72819                      20.445306
              1        5609.456       3.0269077       3.3269826      0.97015925     0.022116857      0.12098166     0.050739997       1.0413154        1.001254       22.874195       22.832225       16.770828      0.79318663      0.81418034      0.79399107       1.0003532       0.9999901    2.063333e-09         70.2038       0.8019609      0.29165312      0.79072575      0.28098261       13.528739       11209.089       4.9116796        4.9116796       11209.089                               10769.745                 21.913723                  395.7677                      21.661946
              2       5564.6975         3.02586       3.3413138      0.96992802     0.022137871      0.12082162     0.049793392       1.0411682      0.99974281       23.529918       21.996965       16.447904       0.3036707      0.77344317      0.54411333       1.0005506       1.0131743   2.0611724e-09       70.395448      0.80027416      0.28978671      0.78653381      0.29531381       13.516014       11118.075       5.6598706        5.6598706       11118.075                               10679.748                 22.210068                 395.70955                      20.407479
              2       5560.8282        3.028469       3.3413138       0.9674231     0.022137871      0.12082162     0.049793392       1.0411682      0.99966527       23.594961       22.178205       16.531004       0.3267833      0.79917775      0.58113249       1.0019221       1.0145782   2.0665569e-09       70.395448       0.8005275      0.28978671       0.7867828      0.29531381       13.516014       11109.906       5.8753161        5.8753161       11109.906                               10672.902                 22.873151                 395.74975                      18.381172
              3       5555.0732       3.0287152       3.3413138      0.96785875     0.022137871      0.12082162     0.049793392       1.0411682      0.99983302       23.806804       22.536456       17.001987      0.36795808      0.60605283      0.33506288      0.99892047       1.0143063   2.0670658e-09       70.395448      0.80076355      0.28978671       0.7870148      0.29531381       13.516014       11098.513       5.8166667        5.8166667       11098.513                               10661.641                 22.778703                 395.73032                      18.362619
              1        5544.235       3.0279165       3.3340872      0.96661863     0.022273422      0.12061469     0.050997857       1.0408667       0.9982422       23.755118        22.25222        17.45935      0.25993153      0.75336135      0.50711873      0.99427984       1.0108694   2.0654156e-09       70.397273      0.79874313      0.28962765       0.7848136      0.28808725        13.51773       11076.896       5.7867699        5.7867699       11076.896                               10639.886                 23.099608                 395.71434                      18.196727
              3       5541.4904       3.0270139       3.3214396      0.96526485     0.022276994      0.12096335     0.050028476       1.0408258      0.99809395       23.483036       21.877448       17.202697      0.25116789      0.68123162      0.51246271      0.98959942       1.0082809   2.0635522e-09       70.113485      0.79947683      0.29269348      0.78968116      0.27543958        13.53275       11071.062        5.959624         5.959624       11071.062                               10635.317                 23.367906                 395.69743                      16.678988
              3       5534.7007       3.0272862       3.3101823      0.96562808     0.022290924      0.12083134     0.050202495       1.0409415      0.99833438       24.356902       22.278252       17.554609      0.28203782        0.726221      0.42241925      0.99356981       1.0100754    2.064114e-09       70.081497      0.79963836      0.29272032      0.78987692      0.26418233       13.538585       11057.958        5.721503         5.721503       11057.958                               10622.263                 23.258713                 395.70878                      16.728087
              2       5528.8601       3.0329101       3.3101823      0.96236112     0.022290924      0.12083134     0.050202495       1.0409415      0.99878802       24.301173        21.86963       17.122295      0.18960135      0.61991185       0.3204005      0.99660604       1.0098653   2.0757551e-09       70.081497       0.8008643      0.29272032       0.7910879      0.26418233       13.538585       11046.826       5.4469829        5.4469829       11046.826                               10613.003                 24.389397                 395.69902                      13.734663
              3       5521.0933       3.0263513       3.3101823      0.97534498     0.022290924      0.12083134     0.050202495       1.0409415      0.99955202       23.994886       21.310934       16.748497     0.084996429      0.48500995      0.15403911      0.99125577       1.0057121   2.0621853e-09       70.081497      0.80232388      0.29272032      0.79252965      0.26418233       13.538585       11031.493       5.3467585        5.3467585       11031.493                               10596.059                  21.31954                 395.75375                      18.360554
              3        5516.405       3.0260759       3.3086539      0.97501418     0.022290719      0.12088895     0.049960113       1.0409143      0.99951788       24.061252       21.798809       17.257305      0.14894605      0.41969485       0.1807854      0.99244852       1.0028601   2.0616175e-09       70.033504      0.80232695      0.29323868      0.79323412      0.26265387        13.54119        11022.55       5.1298743        5.1298743        11022.55                               10587.342                 21.365956                 395.74367                      18.098842
              3       5518.4147       3.0348726       3.3086539      0.96912068     0.022290719      0.12088895     0.049960113       1.0409143       1.0015919       25.817889       23.394116       18.463736      0.23342975      0.33426161      0.18158338      0.99384994       1.0097974   2.0798327e-09       70.033504      0.80399795      0.29323868      0.79488618      0.26265387        13.54119       11025.515       5.6570334        5.6570334       11025.515                                10592.75                 22.632961                 395.70489                       14.42751
              4       5513.4991       3.0354131       3.3163908      0.96901168     0.022382943      0.12106993      0.05121693       1.0407987       1.0011762       25.626444       22.893617       18.032888       0.2641057      0.49595864      0.23398564      0.99848546       1.0059028   2.0809572e-09       70.096969      0.80406747      0.29326395      0.79498916      0.27039076       13.528609       11016.835       5.0816084        5.0816084       11016.835                               10583.605                 22.622468                 395.72424                      14.883731
              7       5512.3901       3.0332897       3.2807594       0.9654091     0.022428506      0.12219847     0.048732378       1.0407363       1.0008187       24.263599       22.025773       17.110202      0.39294267      0.41631579       0.3362973      0.99316133       1.0006826   2.0765432e-09       69.299739      0.80667956      0.30249505      0.81002712      0.23475943        13.56637        11014.63       5.0750377        5.0750377        11014.63                               10583.788                 23.290958                 395.72013                      11.831505
              9        5509.524       3.0330202       3.2821811      0.96520837      0.02241492      0.12230394     0.048182063       1.0407376       1.0009497       24.888946       22.264189       17.157849       0.1513902      0.36671992      0.11557828      0.99369457       1.0027731   2.0759837e-09       69.267946      0.80687039      0.30296428      0.81084691      0.23618109       13.566709       11008.859       5.0946547        5.0946547       11008.859                               10578.103                  23.34188                 395.75479                      11.658615
              7       5508.7977       3.0329468       3.2657868      0.96430523     0.022365463      0.12254025     0.048243095       1.0407491       1.0007543         25.1003        22.61197       17.441159      0.18105687      0.32183757     0.087129146      0.99359585       1.0015579   2.0758314e-09       68.957605      0.80803222      0.30609033      0.81619297      0.21978685       13.588633         11007.5       5.0479781        5.0479781         11007.5                               10577.228                 23.463879                 395.74738                      11.060659
              1        5509.045       3.0329739       3.2653707      0.96428133      0.02235969      0.12258249     0.048187524       1.0407603       1.0005885       25.075983       22.439017        17.14728      0.20918926      0.35502072      0.11410279      0.99401976       1.0007582   2.0758875e-09       68.936927       0.8082197      0.30635071      0.81672951      0.21937069       13.589469       11008.101       4.9946522        4.9946522       11008.101                               10577.924                 23.494587                  395.7646                      10.917471
              4       5510.6701       3.0334024       3.2444371      0.96380393     0.022287729      0.12266787     0.048854404        1.040831       1.0004408       24.843315       21.752477       16.507558      0.17275795      0.32242063     0.099558158      0.99188207      0.99543916   2.0767772e-09       68.628966      0.80949713      0.30913476      0.82172899      0.19843705       13.615842       11010.872       5.2343096        5.2343096       11010.872                                10581.07                 23.491942                 395.73698                      10.572615
              5       5508.8303       3.0342011       3.2518866      0.96497215     0.022233084      0.12234871     0.049522771        1.040906       1.0007188       25.393789        22.02344       16.850124      0.15989909      0.29917616     0.038789467      0.99391837      0.99695556   2.0784366e-09       68.806142      0.80921931       0.3067552      0.81827933      0.20588663       13.610258       11007.545       5.0578612        5.0578612       11007.545                               10577.488                 23.235791                  395.7241                      11.097221
              3        5508.642       3.0342407       3.2518866       0.9661605     0.022233084      0.12234871     0.049522771        1.040906       1.0009512       25.428692       22.001839       16.815143      0.15316533      0.27854446    0.0090561413      0.99363063      0.99724726    2.078519e-09       68.806142      0.80960744       0.3067552       0.8186718      0.20588663       13.610258       11007.087       5.0983664        5.0983664       11007.087                               10577.186                 22.956253                 395.72819                      11.216461
              3       5505.6617       3.0342724       3.2518866      0.96626877     0.022233084      0.12234871     0.049522771        1.040906       1.0011811       25.127791       21.208208       16.514479      0.23113193      0.20329311     0.049224823      0.99287529      0.99625456   2.0785849e-09       68.806142      0.80965418       0.3067552      0.81871907      0.20588663       13.610258       11000.882       5.2208122        5.2208122       11000.882                               10570.911                 22.904083                   395.741                      11.325756
              3       5505.8785       3.0340368       3.2675538      0.96660835     0.022257795      0.12228589     0.049115125       1.0408512       1.0011921       25.146602       21.307012       16.550623      0.22629073      0.19986308     0.031665122      0.99336462      0.99736892   2.0780951e-09       69.011283      0.80884491      0.30485418      0.81536245      0.22155382       13.593466        11001.45         5.15369          5.15369        11001.45                               10571.218                 22.911021                 395.74201                      11.578064
              1       5503.3228       3.0338384       3.2519173      0.96584349     0.022296524      0.12236566     0.049480156       1.0408197       1.0008195       25.373765       21.627284       16.965583      0.23669913      0.40731226      0.19154568      0.99380937      0.99225581   2.0776829e-09       68.824615      0.80906004      0.30676026      0.81812502      0.20591731       13.606544       10995.985       5.3304678        5.3304678       10995.985                                10566.02                 23.025876                 395.71999                      11.218533
              4       5502.5007        3.033811       3.2519173      0.96674877     0.022296524      0.12236566     0.049480156       1.0408197       1.0014675       25.115953       21.694431       17.269347      0.12081831      0.28771464      0.04531289      0.99021654      0.99779454    2.077626e-09       68.824615      0.80933251      0.30676026      0.81840054      0.20591731       13.606544       10994.081       5.4604351        5.4604351       10994.081                               10564.021                  22.75058                 395.72223                      11.586295
              6       5503.5635       3.0363847       3.2695521      0.96871976     0.022368059      0.12271484      0.05132267        1.041032       1.0008415       25.507373       22.025768       17.613239      0.16450607      0.33989092      0.14527367      0.99287111       0.9952744   2.0829801e-09       69.038419      0.81151711      0.30574589      0.81925172      0.22355208       13.577017       10996.712        5.207665         5.207665       10996.712                                10566.75                 22.456409                 395.75777                      11.747854
              9       5503.3362       3.0364313       3.2682355      0.96868025     0.022322333      0.12271211      0.05129266       1.0410439       1.0009203       25.604935       22.117997       17.657277       0.1694787      0.31986852       0.1256712      0.99330817      0.99625595   2.0830772e-09       68.989559       0.8117518      0.30607732      0.81993271      0.22223554       13.582504       10996.378       5.1469954        5.1469954       10996.378                               10566.469                 22.446142                 395.74936                      11.714268
              1       5504.0541       3.0376496       3.2682355      0.96658049     0.022322333      0.12271211      0.05129266       1.0410439       1.0009688        25.61208       22.391937       17.907577      0.21517401      0.29877326      0.15614431       0.9950663      0.99688318   2.0856165e-09       68.989559      0.81158409      0.30607732       0.8197633      0.22223554       13.582504       10998.047       5.0306121        5.0306121       10998.047                               10568.097                 22.932443                 395.76533                      11.252485
              3       5503.3665       3.0370525       3.2598308      0.96623609     0.022367184      0.12257339     0.050983523       1.0410198       1.0012697       25.551291       22.223422       17.811464      0.21508021       0.2651992      0.13057126      0.99443946      0.99680477   2.0843716e-09       68.970823      0.81082194      0.30604629      0.81895196       0.2138308       13.586582       10996.493       5.1198627        5.1198627       10996.493                                 10566.5                 22.963366                 395.68906                      11.341296
              2       5503.0525       3.0378278       3.2357921      0.96677128     0.022306158        0.122223     0.051981533       1.0411954       1.0015436        25.85232       22.098508       17.822732      0.17589981      0.25891482     0.077609745      0.99656714      0.99489775   2.0859881e-09       68.824133      0.81127871      0.30648373      0.81999869      0.18979205        13.61009       10995.775       5.1649571        5.1649571       10995.775                               10565.721                 22.752504                 395.83558                      11.465619
              6       5503.5438       3.0376204       3.2420017      0.96661501     0.022309463      0.12215404     0.052135961       1.0410965       1.0017366       25.632148       22.131217       17.822581      0.16226389      0.28688292     0.097274267      0.99590723      0.99539335   2.0855555e-09       68.889322      0.81063056      0.30576561      0.81838313      0.19600171       13.606154       10996.655       5.2163769        5.2163769       10996.655                               10566.233                  22.74466                 395.83318                      11.843615
              6       5505.5667       3.0375228       3.2462562      0.96661876     0.022313192      0.12216608     0.052001569       1.0410728       1.0017339       25.919505       22.122244       17.682087     0.068102687      0.26431717     0.010380773      0.99458917      0.99117993    2.085352e-09       68.929358      0.81046848      0.30544372       0.8177887      0.20025618       13.602266       11000.011       5.5611319        5.5611319       11000.011                               10569.528                 22.759547                 395.83558                      11.887981
             11       5502.6953       3.0371659       3.2495406      0.96626217     0.022337981      0.12227995     0.051668626       1.0410153       1.0016182       25.632491       21.564633       17.518215     0.075267634      0.25696262     0.023943575      0.99588719      0.99411244   2.0846081e-09       68.928711      0.81033428      0.30574128      0.81805145      0.20354065       13.598682       10994.885       5.2526228        5.2526228       10994.885                               10564.465                 22.852508                 395.81638                      11.751348
              3       5502.1823       3.0362719       3.2495406      0.96643389     0.022337981      0.12227995     0.051668626       1.0410153       1.0013311       25.712427       21.711485       17.686457        0.104109      0.20094441     0.026000674      0.99690556      0.99291975   2.0827451e-09       68.928711      0.81002601      0.30574128      0.81774025      0.20354065       13.598682       10993.914       5.2255252        5.2255252       10993.914                               10563.344                 22.795686                 395.81915                      11.954943
              1       5502.8754       3.0365113       3.2376246       0.9661707     0.022286956      0.12232132      0.05200976       1.0410593       1.0012836       26.079295       21.940257       17.875413      0.14464264      0.28733661       0.1003828      0.99947151      0.99532806   2.0832439e-09       68.748461      0.81077912      0.30732619      0.82061928      0.19162463       13.614581       10995.696       5.0275988        5.0275988       10995.696                                10565.37                 22.789792                 395.83051                      11.705038
              3       5502.3874        3.035204        3.253457      0.96517588      0.02225653      0.12239147     0.050917434        1.040822       1.0011362       25.852213       22.137431       17.866581      0.14429201       0.2753528      0.10153476      0.99941875      0.99816939   2.0805222e-09       68.800439       0.8096083      0.30694592      0.81892713      0.20745695       13.609014       10994.961       4.9069759        4.9069759       10994.961                               10564.554                 23.043726                 395.72039                      11.642882
              1        5502.199        3.035238       3.2161541      0.96447822     0.022324511      0.12245319     0.051350903       1.0409559       1.0009113       25.445311       21.462655       17.509035      0.12046851       0.2924718      0.12993586      0.99596284      0.99293847   2.0805928e-09       68.450946      0.81054712      0.31036511      0.82443057      0.17015414       13.636037       10994.033        5.182513         5.182513       10994.033                               10564.168                 23.105261                 395.78021                      10.979438
              8       5501.3717       3.0364995       3.2161541      0.96453916     0.022324511      0.12245319     0.051350903       1.0409559       1.0011848       26.062159       21.701651       17.744798      0.24054147      0.34732701      0.15115474       1.0005488      0.99517403   2.0832191e-09       68.450946      0.81107755      0.31036511      0.82497009      0.17015414       13.636037       10992.712       5.0155039        5.0155039       10992.712                               10563.102                 23.144654                 395.77572                      10.689996
              1       5501.3074       3.0365057        3.228471      0.96488359     0.022314851      0.12244732     0.051073172         1.04094       1.0003977       25.856041       21.694492       17.736692        0.193795       0.2941779      0.11485059        1.000712      0.99753961   2.0832321e-09       68.581626      0.81083145      0.30915044      0.82310434      0.18247098       13.625051       10992.953       4.8307109        4.8307109       10992.953                               10563.486                 23.246531                 395.77027                       10.45106
             10        5501.024       3.0367442       3.2308214      0.96512159     0.022311051      0.12241571     0.051314169       1.0409498       1.0003805       25.058491       21.192737       17.086039      0.17094741      0.20485787     0.061186792      0.99698248       1.0006744    2.083729e-09       68.619954      0.81085476      0.30872998      0.82256806      0.18482142       13.622645       10992.359       4.8446382        4.8446382       10992.359                               10562.823                 23.198502                 395.79814                       10.53952
              3       5502.5148        3.036804       3.2314831      0.96518267     0.022329977      0.12242245     0.051405012         1.04095       1.0003311       24.977493        21.40725       17.154324      0.19461599       0.2965892      0.15703388      0.99554163       1.0000161   2.0838537e-09       68.641233      0.81082306      0.30859308      0.82235351      0.18548309       13.620119       10995.243       4.8934132        4.8934132       10995.243                                10565.71                 23.192801                 395.78411                      10.556097
              1       5502.2132       3.0374433       3.2166012      0.96483791     0.022342882      0.12267434     0.052265787       1.0410102       1.0001123       25.242169       21.220789       17.392794      0.26460833      0.49058337      0.29334442      0.99262905      0.99333113   2.0851864e-09        68.41287      0.81223395      0.31122246      0.82728658      0.17060125       13.633057       10993.866       5.2802872        5.2802872       10993.866                               10564.505                 23.180019                 395.85817                      10.322951
              3       5501.5106       3.0360114       3.2166012      0.96351827     0.022342882      0.12267434     0.052265787       1.0410102       0.9993597       24.707484       20.553421       16.698274      0.35597086      0.52570221      0.39167751      0.99028053      0.99399521   2.0822027e-09        68.41287      0.81124062      0.31122246      0.82627484      0.17060125       13.633057        10992.08       5.4706807        5.4706807        10992.08                               10562.357                 23.471303                 395.85066                      10.400966
              6       5500.4012       3.0362733       3.2200043      0.96399299     0.022341327      0.12256275     0.052442455       1.0410421      0.99947618       25.002028       20.094879       16.780784      0.29406681      0.51845402      0.35376654      0.99190195      0.99327151   2.0827481e-09       68.500529       0.8110686      0.31018529      0.82472196      0.17400432       13.628389       10990.079       5.3614601        5.3614601       10990.079                               10560.272                  23.37616                 395.85159                      10.579581
              1       5502.0377       3.0361816       3.2275403      0.96438763     0.022356954      0.12236272     0.052420268       1.0410147      0.99958206       25.324717       20.487983       17.178474      0.30817727      0.57880217      0.37618086      0.99481437      0.99446908   2.0825571e-09       68.661265      0.81019135      0.30834356      0.82138056      0.18154029        13.61924       10993.902       5.0866375        5.0866375       10993.902                               10563.869                 23.323314                 395.83834                      10.871289
              1       5505.3245        3.041118       3.2275403      0.95829081     0.022356954      0.12236272     0.052420268       1.0410147       1.0002214       25.630283       21.123408       17.689581      0.36739893      0.61848603      0.43422309      0.99667394      0.99803164   2.0928629e-09       68.661265      0.81028823      0.30834356      0.82147877      0.18154029        13.61924       11000.921       4.8638613        4.8638613       11000.921                               10570.298                 25.100018                 395.92115                      9.6016779
              1        5503.228       3.0404215       3.2474059      0.95827545      0.02246158      0.12244835     0.051588186       1.0408971       1.0000706       26.929144       21.336175       17.782822       0.4305618      0.51669971      0.35129012       1.0007758      0.99911531   2.0914056e-09       68.909109      0.80915078      0.30653018      0.81790987      0.20140586       13.592733       10996.871       4.7925755        4.7925755       10996.871                               10566.166                 25.255943                 395.78082                      9.6681149
              5        5500.425       3.0348547       3.2474059      0.96462753      0.02246158      0.12244835     0.051588186       1.0408971      0.99925351        26.36033       20.743119       17.208299        0.386386       0.5337568      0.33132024      0.99795344      0.99633816   2.0797955e-09       68.909109      0.80888556      0.30653018      0.81764178      0.20140586       13.592733       10991.014       4.9178216        4.9178216       10991.014                               10560.751                 23.376689                 395.77077                      11.116324
              2       5498.5991       3.0308521       3.2041593      0.96546349      0.02245587      0.12229238      0.05069929       1.0408349       0.9989218       26.106232       20.158697       17.104887      0.33319955      0.34906182      0.22647558      0.99052931      0.98861996   2.0714876e-09       68.437973      0.80825712      0.31041991      0.82217391       0.1581593       13.637953        10985.25       5.9742516        5.9742516        10985.25                               10555.565                 22.969643                 395.72306                      10.992473
              5       5497.7919       3.0315335       3.1789745      0.96597334     0.022286085      0.12197968     0.051023739       1.0410732      0.99957689       26.066909       19.841863       16.920653      0.40233142      0.33379634      0.26616838      0.99611052      0.99204853   2.0728997e-09       68.194209      0.80932651       0.3116056      0.82483249      0.13297455       13.672041       10985.201       5.1913456        5.1913456       10985.201                               10555.763                 22.742363                 395.73403                      10.962076
              5        5497.213       3.0320459       3.2055959      0.96649246     0.022308233      0.12221376     0.051251461       1.0410028      0.99883604        26.04556       19.557824        16.46339      0.40648251      0.37214449      0.25576094       0.9975656      0.99259111    2.073962e-09       68.414818      0.80952315      0.31014667      0.82309925      0.15959586       13.645938       10984.031       5.1977277        5.1977277       10984.031                               10554.508                 22.781353                 395.77759                      10.963745
              1       5497.0107       3.0319048       3.2055959      0.96656199     0.022308233      0.12221376     0.051251461       1.0410028      0.99879547       26.090072       19.552648       16.406204      0.38954885      0.33056461      0.22301859      0.99701381      0.99294969   2.0736695e-09       68.414818      0.80948772      0.31014667      0.82306322      0.15959586       13.645938       10983.633       5.1944456        5.1944456       10983.633                               10554.098                 22.763531                 395.77759                      10.993214
              3       5497.5117        3.033528       3.2055959      0.96286916     0.022308233      0.12221376     0.051251461       1.0410028      0.99911502        26.07016       19.805534       16.677838       0.4806452      0.36135194      0.31289377      0.99873723      0.99266248   2.0770381e-09       68.414818      0.80899541      0.31014667      0.82256266      0.15959586       13.645938       10984.773       5.1250776        5.1250776       10984.773                                10554.82                 23.618474                 395.78613                      10.548896
              1       5495.7361       3.0327395       3.2032439      0.96204824     0.022290144      0.12206282     0.051221798       1.0408393      0.99884297       26.019957        19.63408       16.677723      0.40904303      0.34244134      0.26207613      0.99916235       0.9950329   2.0754011e-09       68.369899      0.80792217      0.31019274      0.82153243      0.15724388       13.654329       10981.434       5.0192206        5.0192206       10981.434                               10551.317                 23.791407                 395.78789                       10.53728
              3       5497.3731       3.0325117       3.1988274      0.96157039     0.022302433      0.12219734      0.05107276       1.0408161      0.99870634       25.491136       19.414511       16.774553      0.43649198      0.37580389      0.39246924      0.99714426      0.99935618   2.0749283e-09       68.274362      0.80817774      0.31137641      0.82335876      0.15282737        13.65881       10984.822       4.9619878        4.9619878       10984.822                               10554.817                 23.892377                 395.78506                      10.327386
              3         5496.03       3.0322296       3.1946972      0.96107418     0.022315708      0.12241224     0.050627792       1.0408175      0.99867042        25.68361        18.86738       16.291657      0.38934496      0.29538372      0.25531811      0.99304758      0.99354633   2.0743431e-09       68.163436      0.80867659      0.31288175      0.82585607      0.14869716       13.662497       10981.307       5.3766069        5.3766069       10981.307                               10551.478                 24.005503                 395.75559                      10.068167
              3       5496.2141       3.0308748       3.1946972      0.96568526     0.022315708      0.12241224     0.050627792       1.0408175       0.9990345       25.443938       18.555761       15.913744      0.35836609      0.25395228      0.19662203      0.99194041      0.99197999   2.0715347e-09       68.163436      0.80955762      0.31288175      0.82675582      0.14869716       13.662497       10981.416       5.5062161        5.5062161       10981.416                                10552.15                 22.838804                 395.72381                      10.702662
              1       5498.4311       3.0303476       3.2162974      0.96553572     0.022334018       0.1224716     0.050143543       1.0406561      0.99885924       25.081374       19.207345       15.863505      0.30759223      0.15180238      0.11293278      0.99224049      0.99466222   2.0704429e-09       68.352592      0.80863672      0.31131869      0.82374999       0.1702974       13.643886       10986.196        5.332871         5.332871       10986.196                               10556.648                 22.945896                 395.74308                      10.859878
              3       5497.6167       3.0305566       3.2162974      0.96615203     0.022334018       0.1224716     0.050143543       1.0406561      0.99904689        24.86027       18.857436       15.489521      0.26197442      0.23040434     0.044024451      0.99254582      0.99317962   2.0708756e-09       68.352592      0.80891291      0.31131869      0.82403135       0.1702974       13.643886       10984.497       5.3683386        5.3683386       10984.497                               10555.063                 22.810294                  395.7345                      10.888664
              4       5496.1145       3.0303024       3.2077291      0.96545987      0.02230893      0.12265326     0.049917518       1.0406446      0.99793243       24.447713       18.694338       15.303981      0.26878216      0.25802155      0.12617375      0.99554913      0.99473285   2.0703493e-09       68.165673      0.80952179      0.31336535      0.82735787      0.16172914       13.656109       10981.499       5.3650069        5.3650069       10981.499                               10552.549                 23.062008                 395.72935                      10.158669
              2       5496.0641        3.030037       3.2246409      0.96583621     0.022321307      0.12251456      0.04958562         1.04057      0.99803614        24.84065       18.730686       15.358101      0.32751021      0.36967057      0.23010606      0.99516425      0.99688919   2.0697998e-09       68.393973      0.80847308      0.31100675      0.82317059      0.17864089       13.639471        10981.61       5.2591025        5.2591025        10981.61                                10552.43                 23.046181                 395.70896                      10.424768
              2       5496.0936       3.0300542       3.2250321      0.96584783     0.022320536       0.1225193     0.049594827       1.0405699      0.99809022       24.893754       18.888608       15.862456       0.5034866      0.45682352      0.38159206         1.00062      0.99491476   2.0698354e-09       68.396154      0.80849065      0.31099541      0.82317347      0.17903214       13.639176       10981.771       5.2082551        5.2082551       10981.771                                10552.57                 23.036162                 395.71275                      10.451564
              5       5495.2488       3.0294513       3.2164361       0.9645836     0.022313142      0.12281694     0.049283125       1.0404763      0.99772084       24.237655        18.43454       15.200393       0.5007579      0.46925956      0.36360692      0.99904956      0.99449421   2.0685879e-09        68.15566       0.8090055      0.31381885      0.82742828       0.1704361       13.652555       10979.784       5.3569064        5.3569064       10979.784                               10550.752                 23.274881                 395.71632                       10.04085
              2       5496.7167       3.0258057       3.2164361      0.96757457     0.022313142      0.12281694     0.049283125       1.0404763      0.99697106       23.910744       18.017051       15.165409      0.41484373      0.59123612      0.45631575       0.9945498      0.99291799   2.0610604e-09        68.15566      0.80845979      0.31381885      0.82687015       0.1704361       13.652555       10981.596       5.9185119        5.9185119       10981.596                               10552.481                 22.521446                  395.7597                      10.834107
              1       5495.7961       3.0254315       3.2333671      0.96793985     0.022317042      0.12257534     0.049003832       1.0403769      0.99707855       23.606282       18.290158       15.187369      0.41827576      0.52226436      0.45825532      0.99670687      0.99439164   2.0602892e-09        68.40431      0.80704909      0.31103353      0.82175609      0.18736709       13.637075       10980.233       5.6795369        5.6795369       10980.233                               10550.747                 22.506649                 395.72258                      11.256475
              1        5496.326       3.0256954       3.2241406      0.96789721     0.022261834      0.12254163     0.049305255       1.0404286      0.99713356        24.20531       18.014445       14.998867      0.42555638       0.6153573      0.43741169      0.99930045      0.99747888   2.0608331e-09       68.280968      0.80757215      0.31196755       0.8235224      0.17814061       13.650196       10981.698       5.4767998        5.4767998       10981.698                               10552.313                 22.467384                  395.7424                      11.175852
              1       5496.3482       3.0257443       3.2283976      0.96798014     0.022258693      0.12258256     0.049240841       1.0404239      0.99714026       24.390342       18.226012       15.126508       0.4213236      0.59174823      0.41686163      0.99895972      0.99884795   2.0609338e-09       68.311487      0.80763491      0.31176983      0.82332537      0.18239758        13.64653       10981.793       5.4515489        5.4515489       10981.793                                 10552.4                 22.463446                 395.72935                       11.20057
              1        5497.958       3.0255175       3.2283976      0.96828588     0.022258693      0.12258256     0.049240841       1.0404239      0.99711559       24.611095       18.006309       14.958823       0.4697757      0.37768142       0.2443672      0.99522695      0.99472389   2.0604664e-09       68.311487      0.80763835      0.31176983      0.82332888      0.18239758        13.64653       10984.508       5.7039361        5.7039361       10984.508                               10555.094                 22.395292                 395.74579                      11.273109
              1       5497.5204       3.0256569       3.2326492      0.96845531     0.022231475      0.12234696     0.049909706       1.0403481      0.99657954       24.652919        18.01656       15.166682      0.43844304      0.46516943      0.42461755      0.99639296      0.99850421   2.0607538e-09       68.394259       0.8069042      0.31045382      0.82084253      0.18664921       13.646225       10983.446       5.7974609        5.7974609       10983.446                               10553.885                 22.402535                 395.73537                      11.422618
              5       5497.0704       3.0252749       3.2252016      0.96791879     0.022233632      0.12238834     0.049697216       1.0403221      0.99693255       24.535069       17.928349       15.238439      0.43553068      0.36126874      0.34190352      0.99474157      0.99896594   2.0599667e-09       68.287004      0.80689973      0.31152317      0.82225046      0.17920155       13.654457       10982.778       5.6815958        5.6815958       10982.778                               10553.174                 22.430454                 395.75217                        11.4212
              2       5496.9629       3.0252897       3.2373841       0.9690445     0.022258295      0.12171155     0.050222621       1.0402695      0.99642057        23.99129        18.06851        14.95224      0.40834649      0.45225417      0.37179897      0.99542311      0.99995914   2.0599972e-09       68.667721      0.80455362      0.30669536      0.81348204      0.19138405        13.63843       10982.096       5.9149881        5.9149881       10982.096                               10551.979                 22.355162                 395.69432                       12.06727
              2       5498.9063       3.0251798       3.2262146      0.96861571     0.022265055      0.12177308     0.050278399       1.0402832      0.99647119       24.033352       17.828772       14.735333      0.38341215      0.46894328      0.38067036      0.99226432      0.99733333   2.0597707e-09       68.527397      0.80488862      0.30809812      0.81567976      0.18021459       13.648875        10985.58       6.1162145        6.1162145        10985.58                               10555.595                 22.385027                 395.74237                      11.858079
              1       5503.8677       3.0295902       3.2262146      0.96462487     0.022265055      0.12177308     0.050278399       1.0402832      0.99730988       23.789444       18.801046        14.32186      0.56002305      0.52541495      0.31040682      0.99353015       1.0009515   2.0688752e-09       68.527397      0.80542701      0.30809812      0.81622537      0.18021459       13.648875       10996.579       5.5780155        5.5780155       10996.579                               10566.855                 23.379175                 395.72044                      10.625087
              4       5506.7684       3.0279479       3.1971687      0.96052619     0.022118477      0.12255114      0.04995383       1.0399406      0.99603858       23.122605       19.029093       14.456334      0.63192725      0.53282779      0.42621681      0.99362959       1.0022448   2.0654804e-09       67.682972      0.80713937      0.31721233      0.82997103      0.15116866       13.706294       11000.999       6.2687892        6.2687892       11000.999                               10571.654                  24.15905                 395.71105                      9.4750027
              2       5496.8548       3.0287903       3.1083938      0.96043808     0.021925588       0.1219738     0.050842497       1.0404739      0.99715783       22.384125       17.521065       13.884707      0.60810029      0.68644431      0.60602361      0.99194086      0.99678431   2.0672211e-09       66.882071      0.80944919      0.32313307       0.8400781     0.062393845         13.7982       10982.094       5.8079424        5.8079424       10982.094                               10553.153                 23.792796                 395.82263                      9.3255241
              1       5498.5278         3.02795       3.1083938      0.96137383     0.021925588       0.1219738     0.050842497       1.0404739      0.99671285       22.450498       17.344729       14.323668      0.60877805      0.75339438      0.71990467      0.99635036       1.0023306   2.0654847e-09       66.882071       0.8093934      0.32313307      0.84002021     0.062393845         13.7982       10985.569       5.7434387        5.7434387       10985.569                               10556.799                 23.583152                 395.80084                      9.3852101
              1       5502.0913       3.0267757       3.0875181      0.95942916     0.021883403      0.12246443     0.049498439       1.0404403      0.99642295       21.915747       17.086218       13.985506       0.6465811      0.71504966       0.7345523      0.99591011         1.00365   2.0630606e-09       66.427634      0.81060468      0.32858564      0.84834552      0.04151814       13.826938       10992.264       5.9591248        5.9591248       10992.264                               10563.251                 24.002117                 395.74269                      9.2687939
              1       5498.3094       3.0270899       3.1000043      0.96059226     0.021952881      0.12234314     0.049195557        1.040539      0.99684183       21.155324       16.553117       13.088761      0.45492909      0.73129891      0.62572347      0.99719571      0.99583703   2.0637089e-09       66.702559      0.81016619      0.32576612      0.84424102     0.054004349        13.80361       10985.201        5.709147         5.709147       10985.201                               10556.384                 23.808274                 395.75027                       9.257989
              1       5498.4881       3.0291968       3.1000043      0.95571462     0.021952881      0.12234314     0.049195557        1.040539      0.99763064       21.568797       17.133789       13.603899      0.50978584      0.72882817      0.63146551      0.99861633      0.99593659   2.0680616e-09       66.702559       0.8095414      0.32576612      0.84358994     0.054004349        13.80361       10986.323       5.3264935        5.3264935       10986.323                               10556.496                 25.064941                 395.75388                      9.0083955
              3       5498.1549       3.0292213       3.1008726      0.95569169     0.021951953      0.12242387     0.049070714        1.040551      0.99764937        21.82704       17.349838       13.717331      0.65430154      0.70769998      0.65839415      0.99975247      0.99911256   2.0681122e-09       66.688007      0.80978896      0.32608775      0.84426438     0.054872566       13.802765       10985.847       5.2315358        5.2315358       10985.847                               10556.019                 25.075716                 395.73297                      9.0194265
              4       5498.7272       3.0294409       3.1104103      0.95637833     0.021965944      0.12226133     0.049162018       1.0405662      0.99687716       21.607138       17.116752       13.456686      0.63872774      0.77225825      0.66325416       1.0008808       1.0004767   2.0685664e-09       66.870095      0.80925818      0.32398209      0.84098252     0.064410266       13.790439       10986.313       5.5704406        5.5704406       10986.313                               10556.492                 25.105554                 395.75109                      8.9647825
              1       5497.2576       3.0290606       3.1104103      0.95917902     0.021965944      0.12226133     0.049162018       1.0405662      0.99751691        21.83763       17.311955       13.532005      0.65002032      0.72031469      0.62809197       1.0001501       1.0009098     2.06778e-09       66.870095      0.80995433      0.32398209      0.84170597     0.064410266       13.790439        10983.95       5.2827654        5.2827654        10983.95                               10554.846                 24.246037                 395.72477                      9.1329802
              2       5494.7734       3.0303997       3.1084074      0.96072982     0.022031935      0.12218531     0.049897999        1.040811      0.99784114       22.161661       16.609941       13.339347      0.60613676       0.7127281      0.68115566      0.99985246      0.99903997   2.0705507e-09       67.009554      0.81075126      0.32261262      0.84075156      0.06240745        13.77824       10979.221       5.1628252        5.1628252       10979.221                               10550.384                 23.884168                 395.73233                      9.2203379
              6       5494.1241       3.0304674       3.1649747      0.96232058     0.022152761      0.12194041     0.049892418       1.0406051      0.99759864       22.106341       16.510858       13.283113      0.55795404      0.81231167      0.68441586       1.0017994       1.0002829   2.0706908e-09       67.777165      0.80816025       0.3150764      0.82821825      0.11897474       13.713343       10977.722       5.2631656        5.2631656       10977.722                               10548.743                 23.770517                 395.72335                      9.4851185
              2        5495.548       3.0304269       3.1780513      0.96254926     0.022247949      0.12191856     0.050137936        1.040515      0.99729095       21.370323       15.810594       12.651873      0.55051549      0.89014217      0.79270305       0.9993765      0.99737887    2.070607e-09       67.984568      0.80728849      0.31331559      0.82500985      0.13205133       13.693095       10980.279       5.4086664        5.4086664       10980.279                                10551.15                 23.793664                 395.74026                       9.595165
             11       5495.1803       3.0308363       3.1780513      0.96197409     0.022247949      0.12191856     0.050137936        1.040515      0.99733119       22.129169       15.827107       12.979386      0.54716763      0.86131706      0.70452738      0.99840149      0.99798328   2.0714548e-09       67.984568      0.80727661      0.31331559      0.82499771      0.13205133       13.693095       10979.584        5.388172         5.388172       10979.584                                 10550.4                 23.953591                 395.72286                      9.5078685
              2       5494.5294       3.0304382       3.1540882      0.96097926     0.022242227      0.12209212     0.049855244       1.0405613      0.99725452       22.012054       15.766531       12.871339      0.55341303      0.88236373       0.7109956      0.99748779      0.99746775   2.0706304e-09       67.658638      0.80813436      0.31670815       0.8303335      0.10808822       13.717395       10978.155       5.4518839        5.4518839       10978.155                               10549.111                 24.113501                 395.70475                      9.2258854
              4       5498.5783       3.0309907       3.1540882      0.95963951     0.022242227      0.12209212     0.049855244       1.0405613      0.99695994       22.414862       16.859938       13.537498      0.73654033      0.60749443      0.63116044        1.004461       1.0016314   2.0717748e-09       67.658638      0.80794681      0.31670815       0.8301408      0.10808822       13.717395       10985.882       5.6374172        5.6374172       10985.882                               10556.565                 24.538574                 395.72444                      9.0538673
              1       5496.6549       3.0322449        3.137428       0.9603061     0.022237656       0.1221582     0.050822217       1.0407842      0.99782437       22.722366       16.282533       13.580666      0.76166794      0.57222316      0.68928095      0.99622533      0.99419826   2.0743749e-09       67.514802      0.80958137      0.31819399      0.83376923     0.091428036       13.728495       10982.503       5.4034636        5.4034636       10982.503                               10553.356                 24.164536                  395.7673                      9.2153604
              2       5495.0311       3.0322296       3.1384822      0.96031935     0.022239451      0.12217179     0.050761488       1.0407839        0.997838       22.657436       16.072065       13.407686      0.63980671      0.61549088      0.66496104      0.99487531      0.99495068    2.074343e-09       67.523663      0.80958473       0.3181442      0.83370746     0.092482212       13.727299       10979.226       5.4179839        5.4179839       10979.226                               10550.065                  24.16674                 395.77943                      9.2153632
              6       5495.0564       3.0321776       3.1618903      0.96213309     0.022383634      0.12145732     0.050864535       1.0407642      0.99823773       23.025493       17.193833       13.955971      0.64842625      0.61744382      0.54784304      0.99765792      0.99520979   2.0742352e-09       68.156326      0.80651044      0.31103759      0.82121298      0.11589028       13.686659       10979.761       5.1758598        5.1758598       10979.761                               10550.348                 23.882295                  395.7584                      9.7725646
              1       5497.0558       3.0344077       3.1875623      0.96375931     0.022420193      0.12153434     0.053341196       1.0407706      0.99748426        23.51487       17.340078       14.448511      0.61005324      0.56667708      0.54372693      0.99955246      0.99173386   2.0788661e-09       68.459384      0.80725972      0.30853221      0.81865876      0.14156235       13.657059       10982.843       5.6342178        5.6342178       10982.843                               10553.031                 23.570341                 395.96066                      10.281382
              1       5497.4537       3.0341932       3.1872081       0.9634016     0.022425747      0.12161367     0.053248913       1.0407261      0.99734434       23.239891       17.629168       14.122878      0.71844818      0.80990698      0.76142177      0.99566157      0.99067958   2.0784203e-09       68.417037      0.80726989      0.30909561       0.8194162       0.1412081       13.658515       10983.151        5.877917         5.877917       10983.151                               10553.367                 23.651969                 395.95383                      10.178231
              2       5497.8609       3.0319587       3.1872081       0.9663773     0.022425747      0.12161367     0.053248913       1.0407261      0.99679423       22.999253       17.266979       13.794703      0.67929393      0.81357362      0.75519676      0.99429264      0.98951608   2.0737811e-09       68.417037      0.80729041      0.30909561      0.81943703       0.1412081       13.658515       10983.082       6.3198465        6.3198465       10983.082                               10553.513                 22.926179                 395.97158                      10.671342
              3       5498.0803        3.031472       3.2012067      0.96642506     0.022444774      0.12144904     0.053009365        1.040601      0.99674247       22.364423       16.370542        13.37594      0.61463149      0.74021112      0.71040718      0.98964323      0.99063989   2.0727722e-09       68.610529      0.80596243      0.30704538      0.81537136      0.15520673       13.645454       10982.944       6.6085473        6.6085473       10982.944                               10553.111                 22.970112                  395.8793                      10.983118
              5       5499.6303       3.0360367       3.2012067      0.96093908     0.022444774      0.12144904     0.053009365        1.040601      0.99759502       22.279934       16.498237       13.608098      0.62558931      0.76772978      0.74086827      0.99211971      0.99622316   2.0822553e-09       68.610529      0.80610136      0.30704538      0.81551191      0.15520673       13.645454       10988.001       5.6297875        5.6297875       10988.001                               10557.773                 24.441217                 395.92969                      9.8572195
              1       5498.0683       3.0358978       3.2012067      0.96163393     0.022444774      0.12144904     0.053009365        1.040601      0.99772975       22.565418       16.857372       13.772427        0.557664      0.73576884      0.60491128      0.99379826      0.99627041   2.0819661e-09       68.610529      0.80626055      0.30704538      0.81567296      0.15520673       13.645454       10985.218       5.4594362        5.4594362       10985.218                               10555.098                  24.23548                 395.92591                       9.957934
              2       5500.9735       3.0366604       3.2627874      0.96337249     0.022418343       0.1216711     0.052458849       1.0405352       0.9979474       23.657073       18.146801       14.756991      0.58752113      0.67168568      0.56440488      0.99764951       1.0075749   2.0835544e-09       69.200791      0.80605445      0.30223823      0.80905575      0.21678739       13.588994       10991.073       5.4368256        5.4368256       10991.073                               10560.544                 24.034019                   395.834                      10.661277
              2       5502.4877       3.0329621       3.2627874      0.96499417     0.022418343       0.1216711     0.052458849       1.0405352      0.99693073       23.251027       17.805515       14.125932      0.58283951      0.74501761      0.63865615      0.99780881       1.0057252   2.0758631e-09       69.200791      0.80507166      0.30223823      0.80806931      0.21678739       13.588994       10993.522       5.7267856        5.7267856       10993.522                               10562.616                 23.528986                 395.85586                      11.521463
              5       5499.6255       3.0331985       3.2354043      0.96455975      0.02224246      0.12152444     0.052804397       1.0406481      0.99648348       23.296255       17.132144       14.213888      0.60310555      0.72247866      0.62179352      0.99838004        1.007923   2.0763539e-09       68.826047      0.80619449      0.30485753      0.81269514      0.18940431       13.630006       10987.048       6.1015146        6.1015146       10987.048                               10556.755                 23.579578                 395.92302                      10.789875
              2       5497.4383       3.0333422       3.2199946      0.96454554     0.022249613      0.12145095     0.053024306        1.040736      0.99658589       23.359486       17.185922       14.584705      0.69600457      0.69454711      0.77078384       1.0001961       1.0042642   2.0766522e-09       68.709464      0.80651189      0.30575244      0.81420753       0.1739946       13.641926       10983.259       5.8088561        5.8088561       10983.259                               10553.112                 23.532208                 395.94491                       10.66968
              4       5497.5429       3.0331901       3.2127198      0.96423101     0.022223551      0.12146954     0.052901451       1.0407467      0.99662649       23.587389       16.941533       14.523663      0.72612453      0.64469765      0.74438204       0.9966261       1.0027395   2.0763364e-09        68.60051      0.80674829      0.30670854      0.81571858      0.16671984       13.651636       10983.506       5.7901399        5.7901399       10983.506                               10553.462                 23.570355                 395.95574                      10.517444
              1       5498.3977       3.0331463       3.1792135      0.96379993     0.022208281       0.1210537     0.053874998       1.0407917      0.99654599       23.713745       16.791577       14.638977      0.74068768      0.67609943       0.7484696      0.99668671       1.0023474   2.0762455e-09        68.36153      0.80632668      0.30793418      0.81691967      0.13321353       13.684044       10985.151       5.8221093        5.8221093       10985.151                               10555.123                 23.539412                 396.03298                      10.456373
              8       5499.5158       3.0331462       3.1788745      0.96379063     0.022207692      0.12105615     0.053872949       1.0407933      0.99491987       22.726047       16.750971       13.845593      0.83028505      0.70606378      0.79064636      0.99703626       1.0051631   2.0762453e-09        68.35677       0.8063458      0.30798107      0.81700124      0.13287446       13.684412       10984.978       7.0270795        7.0270795       10984.978                                10555.32                 23.796259                 396.06937                      9.7916276
              4       5497.7359       3.0304583       3.1788745      0.96582429     0.022207692      0.12105615     0.053872949       1.0407933      0.99420293       22.250836       15.980091       13.114628      0.57984316      0.76797867       0.7057476      0.99609126       1.0018061    2.070672e-09        68.35677       0.8058907      0.30798107      0.81654012      0.13287446       13.684412       10980.339       7.5664399        7.5664399       10980.339                               10550.773                 23.247008                 396.03756                      10.281303
              6       5497.4259       3.0301168       3.1788745      0.96688784     0.022207692      0.12105615     0.053872949       1.0407933      0.99427656       22.471785       16.164641       13.316569      0.60653866      0.81642727      0.69201906      0.99587987       1.0016024    2.069965e-09        68.35677      0.80608187      0.30798107      0.81673381      0.13287446       13.684412       10979.845       7.5035896        7.5035896       10979.845                               10550.369                 22.987153                 396.05646                      10.432014
              4       5496.6515       3.0301208       3.1791711      0.96689962     0.022208443      0.12105553     0.053873619       1.0407929       0.9947152       22.540294       16.479584       13.255384      0.61863288      0.82077216      0.73858282      0.99565541        1.000635   2.0699733e-09       68.360935      0.80607289      0.30794382      0.81667532      0.13317105       13.684043       10979.071       7.1159802        7.1159802       10979.071                               10549.457                 22.923274                 396.05718                      10.633955
             10       5497.7644       3.0274096       3.1691932      0.96477435      0.02230193      0.12129698     0.051103054       1.0406297      0.99491839       21.875031       15.933325        12.78291      0.59144685      0.79337478      0.69093481      0.99100075       1.0000193   2.0643687e-09       68.183377      0.80487704      0.31027021      0.81853819      0.12319324        13.69072       10981.017       7.2560126        7.2560126       10981.017                               10551.859                 23.414468                 395.76358                      9.9795355
              2       5496.3873       3.0274289       3.1684927      0.96473873     0.022299423      0.12131514     0.051122743       1.0406317      0.99545052       21.569714       15.726954       12.594389      0.66279254      0.61648375      0.60322376      0.99275324      0.99583807   2.0644086e-09       68.167496      0.80496603      0.31044848      0.81886384      0.12249272         13.6917       10979.194       6.7902644        6.7902644       10979.194                               10549.918                 23.335681                 395.76695                       10.17335
              4       5498.6308       3.0276441       3.1684927       0.9646402     0.022299423      0.12131514     0.051122743       1.0406317      0.99478016       21.160737        15.37924       12.273634      0.62364317      0.59332459      0.61405247      0.99364167      0.99656872   2.0648529e-09       68.167496      0.80502231      0.31044848      0.81892109      0.12249272         13.6917        10982.81        7.226003         7.226003        10982.81                               10553.721                 23.475106                 395.75601                      9.8570228
              4       5496.7607       3.0275047       3.1847748      0.96517912     0.022274817       0.1212545     0.050431975       1.0406321      0.99616464       21.487852       15.856735       12.694616      0.66774258      0.62770299      0.62087718       0.9940589       0.9966975   2.0645652e-09       68.356856      0.80455701      0.30854843      0.81593932      0.13877475       13.677329       10981.135       6.1930689        6.1930689       10981.135                               10551.672                 23.262256                 395.71489                      10.486115
              1       5495.9834       3.0269156       3.1847748      0.96585771     0.022274817       0.1212545     0.050431975       1.0406321      0.99584626       21.903869       15.779929       12.601867      0.64933601      0.63464983      0.58182339       0.9939523      0.99908591   2.0633492e-09       68.356856       0.8045294      0.30854843      0.81591132      0.13877475       13.677329       10979.262       6.3525889        6.3525889       10979.262                                10549.87                 23.121609                 395.73163                      10.538068
              3       5497.7358       3.0262161       3.1861582      0.96522571     0.022303803      0.12133695     0.049890624       1.0405396      0.99662595       21.841282       16.158464       13.000665      0.61359634       0.5880899      0.53796069      0.99273248       1.0001986   2.0619063e-09       68.336812      0.80407897      0.30896809      0.81600889      0.14015822       13.676122       10983.551       5.9602741        5.9602741       10983.551                               10553.885                 23.144618                 395.70854                      10.812987
              2       5496.7067       3.0254732       3.1861582      0.96513154     0.022303803      0.12133695     0.049890624       1.0405396      0.99570124       21.583851       15.918941       12.815154      0.60997291      0.63528546      0.59313462       0.9932741       1.0001143   2.0603752e-09       68.336812      0.80375135      0.30896809      0.81567641      0.14015822       13.676122       10980.434       6.4898573        6.4898573       10980.434                               10550.865                 23.246375                 395.70397                      10.618783
              2        5498.484        3.026304       3.1655615      0.96567237     0.022239642      0.12124137     0.050344152       1.0407692      0.99542344       21.648381       16.116599       13.172023      0.65835404      0.59764782      0.62320199      0.99899062       1.0027872   2.0620876e-09       68.155969      0.80501889        0.310266       0.8186769      0.11956152       13.696277       10983.958       6.5047819        6.5047819       10983.958                               10554.855                 23.143162                 395.72949                      10.230277
              4        5497.472       3.0264559       3.1712087        0.965822     0.022258634      0.12134879     0.050310239       1.0407749      0.99555803       22.198427       16.136833       12.988906      0.47213925      0.63565808      0.50930302      0.99749769       1.0009143    2.062401e-09       68.201438      0.80523844      0.31012418      0.81871301       0.1252087       13.688905       10982.146       6.3992317        6.3992317       10982.146                               10553.004                 23.109486                 395.72893                      10.303279
              4       5499.6841       3.0224541       3.1712087      0.96816569     0.022258634      0.12134879     0.050310239       1.0407749      0.99456241       21.669654       15.527006       12.427061      0.43177398      0.78624709      0.53436766      0.99743578      0.99902215    2.054164e-09       68.201438      0.80435073      0.31012418      0.81781045       0.1252087       13.688905       10984.992        7.188301         7.188301       10984.992                               10555.567                 22.504029                  395.7432                      11.177582
              1       5498.4742       3.0224811       3.1711527      0.96838833     0.022253774      0.12115145     0.050552806       1.0407654      0.99506432       22.313121       16.239602       12.826785      0.55934784       0.7138785      0.53003449      0.99736668       1.0016982   2.0542196e-09       68.262804      0.80379812      0.30913295      0.81594148       0.1251527       13.688901       10983.382        6.783217         6.783217       10983.382                               10553.575                 22.398514                 395.75145                      11.657267
              2       5497.4642       3.0243509       3.1711527      0.96376626     0.022253774      0.12115145     0.050552806       1.0407654      0.99483701         23.8348       17.078462       14.052273      0.69674596      0.59886204      0.63734534      0.99844518      0.99780834   2.0580641e-09       68.262804       0.8031266      0.30913295      0.81525982       0.1251527       13.688901       10981.021       6.9538759        6.9538759       10981.021                               10551.003                  23.50458                  395.7162                      10.796489
              2       5498.0105       3.0246711       3.1711527       0.9637066     0.022253774      0.12115145     0.050552806       1.0407654      0.99494017       24.090148       17.335935       14.258064      0.59804844      0.59661287      0.55796654       1.0009745       1.0004105   2.0587233e-09       68.262804      0.80323688      0.30913295      0.81537176       0.1251527       13.688901       10982.343       6.8389941        6.8389941       10982.343                               10552.368                 23.526402                 395.71174                      10.736398
              1       5499.1314       3.0243624       3.1308555      0.96169291     0.022104797      0.12173306     0.050023642       1.0408686      0.99489008       23.443807       16.714415       13.943877      0.59580887      0.46230303      0.49639917      0.99992031        1.002349   2.0580879e-09       67.504466      0.80626968      0.31706691      0.82888667     0.084855471       13.744335       10984.459       6.9017772        6.9017772       10984.459                               10555.206                 23.794837                   395.732                      9.7262919
              3       5498.7518       3.0244392       3.1052742      0.96049471     0.022158787      0.12226359     0.050205583        1.040932      0.99463946       21.443293       15.906501       12.917551      0.55655131      0.57398137      0.58550978      0.99385088      0.99537909   2.0582458e-09       67.091936      0.80820569      0.32227656      0.83767517     0.059274194       13.765387       10982.744       7.3799108        7.3799108       10982.744                               10553.663                 23.964848                 395.72098                      9.3951894
              4       5497.8392       3.0244743       3.1291466      0.96244018     0.022172033      0.12112356     0.051003653       1.0408363      0.99463019        21.83834       16.016044       12.540198      0.58848735      0.69916234      0.53794515      0.99664213       1.0023001   2.0583182e-09       67.742141       0.8042989      0.31366426      0.82241186     0.083146577       13.737802       10981.329       7.1748682        7.1748682       10981.329                               10551.783                 23.666618                 395.80666                      10.072652
              4       5500.8421       3.0244065       3.1291466      0.96238993     0.022172033      0.12112356     0.051003653       1.0408363      0.99403503       21.276561       15.790791       12.345943      0.60869148      0.64410062      0.57517846       1.0008325       1.0068587   2.0581786e-09       67.742141      0.80425628      0.31366426      0.82236829     0.083146577       13.737802       10985.943       7.8703917        7.8703917       10985.943                               10556.502                 23.766808                 395.80602                      9.8687462
             11       5499.3168       3.0242629       3.1281089      0.96198673     0.022201563      0.12134141      0.05081181       1.0408177      0.99386585       21.313854       15.412998        12.35252      0.48367611      0.62144805      0.51376594      0.99750052       1.0018475    2.057883e-09       67.672311      0.80467409      0.31485213      0.82435202     0.082108932       13.737355       10982.946        7.843777         7.843777       10982.946                                 10553.6                 23.868453                 395.77942                       9.698684
              3       5501.6205       3.0243879       3.1281089      0.96137436     0.022201563      0.12134141      0.05081181       1.0408177      0.99339982       20.598441       16.158313       12.795269      0.49694604      0.68655504      0.64477905      0.99376399       0.9975688   2.0581402e-09       67.672311      0.80453754      0.31485213      0.82421214     0.082108932       13.737355       10986.253       8.4942386        8.4942386       10986.253                               10556.854                 24.099338                 395.78557                      9.5141355
              4        5506.841       3.0223861       3.1281089      0.96178666     0.022201563      0.12134141      0.05081181       1.0408177      0.99257989       20.366257        16.18576        13.16457       0.4923722      0.82867908      0.70909516       1.0009085       1.0019682   2.0540245e-09       67.672311      0.80385837      0.31485213      0.82351636     0.082108932       13.737355       10995.255       9.2133919        9.2133919       10995.255                               10565.821                 23.972895                 395.75764                      9.7034795
              3       5508.7852       3.0245044       3.1241266      0.96322292     0.022047872      0.12141899     0.052041339       1.0411066      0.99294797       21.034249       16.545638       13.608128      0.53257947      0.68154804      0.69783195        1.005638       1.0023621     2.05838e-09       67.568794      0.80643331      0.31565088      0.82720153     0.078126611       13.748582       10999.669       8.9505829        8.9505829       10999.669                               10570.381                 23.551211                 395.88649                      9.8501928
              4       5505.0218       3.0250553       3.1429018      0.96445936     0.022073338      0.12132726     0.051996561       1.0411738      0.99326227       20.902588       16.588664       12.635869      0.53941738      0.78292979      0.66976374        1.002093      0.99942697   2.0595144e-09       67.861606      0.80614631      0.31278889      0.82314984     0.096901809       13.724404       10993.162       8.4405654        8.4405654       10993.162                               10563.771                 23.351241                 395.86702                      10.173372
              5       5503.6491       3.0254918       3.1396268      0.96572204     0.022184857      0.12072708     0.052942331       1.0412456      0.99354957       21.231207       16.144523       12.899102      0.54903823      0.95643304      0.77909175       1.0024808      0.99686147   2.0604135e-09       68.151082      0.80442888      0.30908524      0.81651875     0.093626766       13.711942        10990.91       8.1939244        8.1939244        10990.91                               10561.073                 23.085179                 395.93054                      10.821861
              6       5503.0266       3.0252973       3.1471352      0.96582195     0.022221229      0.12071228     0.052724365       1.0412072      0.99354276       21.074441       16.142932       12.806731      0.54259029      0.96010446      0.79855932       1.0020471      0.99698123   2.0600128e-09         68.2608      0.80392399      0.30813872      0.81475588      0.10113521       13.701695       10989.678       8.1874495        8.1874495       10989.678                               10559.776                 23.103439                  395.8663                      10.932841
              1       5502.2228       3.0253693        3.150289      0.96591431     0.022208172      0.12071955     0.052726938       1.0412044      0.99333648       21.793075       16.018251       12.784944      0.55215625      0.77174386      0.66893096       1.0029313       1.0026501   2.0601611e-09        68.28302      0.80396357      0.30792581      0.81451445      0.10428897       13.699892       10987.614       8.4155316        8.4155316       10987.614                                10557.76                 23.121944                  395.8663                       10.86604
              2        5503.498       3.0255327       3.1534377      0.96606654     0.022219614      0.12075577     0.052830631       1.0412098      0.99329524       21.631373       16.169908       12.726604      0.73562933      0.85008989      0.79271592       1.0062821       1.0064906   2.0604977e-09       68.318171      0.80407662      0.30771114      0.81434496      0.10743773       13.695523       10989.417       8.7895212        8.7895212       10989.417                               10559.534                 23.101843                 395.87745                      10.903348
             13       5504.5577       3.0235122       3.2125781      0.96555411     0.022351848      0.12097466     0.050632709       1.0407848      0.99302213       21.617154       16.172097       12.361007       0.7964094      0.83936239      0.81992494       1.0064817       1.0067353   2.0563388e-09       68.894092      0.80114109      0.30332779      0.80557221      0.16657811       13.635753       10990.881       9.1173863        9.1173863       10990.881                               10560.336                  23.48006                 395.72985                      11.334896
              2       5500.9689       3.0240342        3.201287      0.96551025     0.022312048      0.12101633     0.051261968         1.04085      0.99292313       21.617557       15.501396       12.451862      0.72136834      0.83265298      0.82268453       1.0050568       1.0027579   2.0574124e-09       68.737097      0.80203407      0.30471893      0.80831735        0.155287       13.649394       10984.022       8.9577109        8.9577109       10984.022                               10553.673                 23.427474                  395.7651                      11.156654
              1       5499.7472       3.0252087        3.201287      0.96629869     0.022312048      0.12101633     0.051261968         1.04085      0.99348648       22.180708       15.462272       12.925943      0.71332232       0.8179258      0.84108308       0.9986587       0.9979036   2.0598303e-09       68.737097      0.80274912      0.30471893      0.80903801        0.155287       13.649394       10983.074       8.2103033        8.2103033       10983.074                               10553.049                 23.260031                 395.74094                      11.024154
              1       5500.6556       3.0241547       3.1698375      0.96340855     0.022310284      0.12173743     0.050900791       1.0407156      0.99263905       21.064216       15.758168       12.116718      0.72979781      0.69683516      0.68130186       1.0017238      0.99984882   2.0576605e-09       68.072675      0.80460755      0.31224869      0.82086888      0.12383751       13.688508       10983.041       9.1349122        9.1349122       10983.041                               10553.653                 23.787851                 395.77697                      9.8241052
              2       5499.9412        3.023665        3.146967      0.96361233     0.022359109      0.12078419     0.051943102       1.0406706      0.99268728       21.058506       14.693677       12.131266      0.62729754      0.70860003       0.6721896      0.99524878      0.99772821    2.056653e-09       68.167394      0.80179769      0.30943524      0.81430867      0.10096696       13.704305       10981.478       9.2020022        9.2020022       10981.478                               10551.698                 23.676211                 395.80842                      10.295535
              2       5499.1916       3.0234415       3.1483108      0.96351366     0.022355687      0.12076877      0.05170033       1.0406503      0.99273945       21.030213       14.791796       12.063431      0.66069089      0.73619925      0.74308205       0.9953232      0.99946113   2.0561933e-09       68.178694      0.80158338      0.30929214      0.81390276      0.10231082       13.703813       10980.157       9.1133152        9.1133152       10980.157                               10550.351                  23.70597                 395.80259                      10.297178
              1       5501.0229       3.0195248       3.1483108      0.96839564     0.022355687      0.12076877      0.05170033       1.0406503      0.99224037       20.759775       14.408989       11.757538      0.60610657      0.74890475      0.74073634      0.99293431      0.99690445   2.0481556e-09       68.178694      0.80150967      0.30929214      0.81382792      0.10231082       13.703813       10982.246       9.8997344        9.8997344       10982.246                               10552.522                 22.479176                 395.78348                      11.461526
              2       5502.0907       3.0194456       3.1421521      0.96781767     0.022358969      0.12095275     0.051800293       1.0406223      0.99159575       20.445602       14.382649       11.315703      0.68639306      0.96071946      0.88565593       0.9900457      0.99609462   2.0479935e-09       68.035965      0.80204431      0.31099573      0.81661048     0.096152146       13.711387       10982.166       11.007471        11.007471       10982.166                               10552.819                 22.620434                 395.78469                      10.942676
              4       5507.0165       3.0203251       3.1977034      0.96918829     0.022432215      0.12155545     0.051227776       1.0405961      0.99113533       21.154675       14.974817       11.360205      0.75706839      0.92392762      0.81897009      0.98937554       0.9974031   2.0497955e-09       68.520373      0.80283583       0.3080538      0.81354092      0.15170343       13.650844       10990.693       11.669962        11.669962       10990.693                               10561.293                 22.595881                 395.71766                      11.086443
              1        5511.142         3.01775       3.1977034      0.96684247     0.022432215      0.12155545     0.051227776       1.0405961      0.98978683       19.995732       14.262554       10.672557      0.78746684       0.9107038      0.94804377      0.99055079      0.98885639   2.0445237e-09       68.520373      0.80107874       0.3080538       0.8117604      0.15170343       13.650844       10993.889       14.197293        14.197293       10993.889                               10563.781                  23.07463                  395.7286                      11.305592
              1       5504.3696        3.021979       3.1977034      0.96731673     0.022432215      0.12155545     0.051227776       1.0405961      0.99149271       20.867901       15.062662       11.547733      0.84511831      0.69375181      0.74509221      0.99607212      0.99436432   2.0531884e-09       68.520373      0.80292099       0.3080538      0.81362722      0.15170343       13.650844       10987.117        10.81112         10.81112       10987.117                               10557.654                 23.032736                 395.75436                      10.675875
              5       5505.3726       3.0216392       3.1977034      0.96790155     0.022432215      0.12155545     0.051227776       1.0405961      0.99171719       20.937978       14.680502       11.343681      0.78992751      0.72957748      0.67202794      0.99790711      0.99017992   2.0524908e-09       68.520373      0.80296537       0.3080538      0.81367219      0.15170343       13.650844        10989.19       10.777721        10.777721        10989.19                               10559.722                 22.857804                 395.70443                      10.905955
              1       5502.7873       3.0215873       3.1974694      0.96779334     0.022427871       0.1215827     0.051192811       1.0405857      0.99168764       21.397357       14.396586       11.494008      0.65288695      0.71869665      0.64258612      0.99476676       0.9979904   2.0523844e-09       68.500933      0.80301534      0.30827746      0.81401817      0.15146939       13.651937       10984.635       10.470002        10.470002       10984.635                               10555.172                 22.877631                 395.72132                      10.863941
              2       5504.9621       3.0212599       3.1477803      0.96678917     0.022347551      0.12141238     0.051214653       1.0407537      0.99202173       20.917871       13.721941       10.874305      0.61810046      0.77176578       0.5663687      0.99168579      0.99631242   2.0517124e-09       67.975033      0.80395197      0.31252356      0.82056098      0.10178031       13.704784       10989.342       10.291099        10.291099       10989.342                               10560.389                 22.904557                 395.73821                      10.309976
              5       5508.3636       3.0206961       3.1583021      0.96658762     0.022293083      0.12132163     0.050658304       1.0406519      0.99213294        21.22743       13.721455       11.105632      0.62735351      0.55725013        0.436358      0.99424496       1.0018937   2.0505561e-09       68.048809      0.80319174      0.31153267       0.8184844      0.11230208       13.702149       10996.887       9.9200409        9.9200409       10996.887                                10567.77                 22.967611                 395.72994                      10.419669
              1       5506.2073       3.0220521        3.182627      0.96844424     0.022324456      0.12136414     0.051055517       1.0408004      0.99242681       21.656271       14.323704       11.359976      0.68825817      0.69892078      0.51114519      0.99528561       1.0008766   2.0533384e-09       68.391831      0.80374347      0.30857346      0.81514735      0.13662702        13.67003       10993.438       9.4884846        9.4884846       10993.438                               10564.142                 22.675615                  395.7093                      10.910776
              1       5508.7254       3.0213452        3.183791      0.96755899     0.022368536      0.12167754     0.050296536       1.0407178      0.99145394       21.273701        13.97695       11.073402      0.70030797      0.78342163      0.58112553      0.99284892      0.99856017   2.0518876e-09       68.304378      0.80391854      0.31013035      0.81737914      0.13779096       13.668204       10995.663       10.894128        10.894128       10995.663                               10566.732                 22.986375                  395.7312                      10.212833
              3       5506.0358       3.0213673       3.2245827      0.96743654     0.022354708      0.12201745     0.050390958       1.0404539      0.99070795       21.136603       14.240128       11.536992      0.69885728      0.84467239      0.71178108      0.99711278       1.0037697   2.0519329e-09       68.555815       0.8036222      0.30855344      0.81499791      0.17858265       13.637573       10988.461       11.805368        11.805368       10988.461                               10559.234                 23.136886                 395.73339                      10.356491
              4        5506.127       3.0220083       3.2245827      0.96847146     0.022354708      0.12201745     0.050390958       1.0404539      0.99112646       21.096791        14.29955       11.363802      0.69128173      0.89504169      0.70088615      0.99798054         1.00358   2.0532487e-09       68.555815      0.80420073      0.30855344      0.81558463      0.17858265       13.637573       10989.916       11.168908        11.168908       10989.916                               10560.902                 22.909248                 395.74537                      10.359449
              1       5503.8017       3.0176202       3.2245827      0.96700405     0.022354708      0.12201745     0.050390958       1.0404539      0.99013231       20.978233       14.276679       11.796685      0.68258719       0.9605638      0.92030308       0.9947848       1.0002788   2.0442585e-09       68.555815      0.80198426      0.30855344      0.81333679      0.17858265       13.637573       10982.181       12.711345        12.711345       10982.181                               10552.052                 23.039678                 395.74998                      11.339098
              2       5504.7444       3.0174483       3.2004816      0.96621106     0.022308943      0.12251832     0.049197124       1.0406571      0.99105725       20.699699       14.071905       11.417281      0.72171643      0.73449737      0.71370527      0.99376608      0.99993881    2.043907e-09       68.133324      0.80435587      0.31337232      0.82208727      0.15448157       13.662508       10986.734       11.377405        11.377405       10986.734                               10557.258                 23.061696                 395.73689                      10.677065
              2       5504.5907        3.015297       3.2253991      0.96473734      0.02225169      0.12267335     0.046987997       1.0403343      0.99108641       21.565754        14.98616       12.409317       0.5732817       1.0136964      0.80544593      0.99691209      0.99832002   2.0395148e-09       68.209163      0.80274957      0.31288603      0.81980874      0.17939908        13.65327       10986.775        11.20321         11.20321       10986.775                               10556.937                  23.46873                 395.84076                      10.528259
              1       5502.5845       3.0155668       3.2232543      0.96500732     0.022235505       0.1226051     0.047205756       1.0403801      0.99181301        21.99405       15.653454       12.983163      0.57509199      0.90498241      0.70042064       1.0018032       1.0001993    2.040065e-09       68.210163      0.80289218      0.31269536      0.81970451       0.1772543       13.655411       10984.841       10.163851        10.163851       10984.841                               10554.824                 23.297922                 395.82841                       10.89044
              1       5503.1875       3.0190396       3.2232543      0.96431409     0.022235505       0.1226051     0.047205756       1.0403801      0.99292324        22.98017       16.193622       13.747856      0.65556141      0.51546676      0.57427749       1.0036105      0.99927285   2.0471622e-09       68.210163      0.80407368      0.31269536      0.82091074       0.1772543       13.655411       10988.656       8.8595201        8.8595201       10988.656                               10558.996                  23.54245                 395.82082                      10.296267
              3       5503.8561       3.0190216       3.2290978      0.96354915      0.02218215      0.12278457     0.047777752       1.0402135      0.99355164       22.631867       16.303781        13.16952      0.65370255      0.75613508      0.59474994      0.99760998      0.99226929   2.0471252e-09       68.113853      0.80429676       0.3138521      0.82265589      0.18309782       13.660513       10990.834       8.4391382        8.4391382       10990.834                               10560.831                 23.503468                  395.7759                      10.723136
              1       5506.2382        3.016607       3.2290978      0.96965852      0.02218215      0.12278457     0.047777752       1.0402135      0.99381326       22.826266        15.92841       13.027601      0.64390403      0.74949838      0.53510177      0.99759251      0.99116946   2.0421883e-09       68.113853      0.80521146       0.3138521      0.82359146      0.18309782       13.660513       10995.944       8.2661908        8.2661908       10995.944                               10566.213                   22.0985                 395.83164                      11.800428
              2       5504.5015       3.0166103       3.1856414      0.96738614     0.022109082       0.1236956     0.047570989       1.0403329      0.99302529       22.142346       15.494069       12.572869      0.69623062      0.71428696      0.64557191       0.9948998      0.98717023    2.042195e-09       67.280134      0.80900615      0.32352984      0.84013363      0.13964138       13.711809       10989.743       9.6300543        9.6300543       10989.743                                10561.17                  22.41441                 395.81485                      10.344014
              2        5507.861       3.0166643       3.1912745      0.96769999     0.022124386      0.12356698     0.047728958       1.0403117      0.99302719       22.217081       15.902096       12.718752      0.74275537      0.73703907      0.71558365      0.98951304      0.98413595   2.0423054e-09       67.394467       0.8084864      0.32218356      0.83784519      0.14527451       13.704693       10994.756       10.483082        10.483082       10994.756                               10566.102                 22.374307                 395.80955                      10.469807
              1       5506.4352       3.0179717       3.1912745      0.96391167     0.022124386      0.12356698     0.047728958       1.0403117      0.99279731       22.552393       16.228817       13.266148      0.76808941      0.95901579      0.98901505      0.98823714      0.98639822   2.0449772e-09       67.394467      0.80785024      0.32218356      0.83718593      0.14527451       13.704693       10991.765       10.552417        10.552417       10991.765                               10562.775                 23.245596                 395.75821                       9.986189
              4       5500.5893       3.0183145       3.1912745      0.96381981     0.022124386      0.12356698     0.047728958       1.0403117      0.99290261       22.135543       16.001428       12.583131      0.79619287       1.0656355      0.93172978       1.0036623      0.99676427   2.0456784e-09       67.394467      0.80796053      0.32218356      0.83730022      0.14527451       13.704693        10983.31       8.9345035        8.9345035        10983.31                               10554.332                 23.274872                 395.75821                      9.9448078
              4       5500.9139       3.0181973       3.1921227       0.9635024     0.022101735      0.12370521     0.047531204        1.040288      0.99284058       22.456382       16.027668        13.13327      0.81698088      0.84647663      0.94688947       1.0048136       1.0010538   2.0454386e-09       67.329871      0.80828987      0.32305701      0.83877619      0.14612273       13.707346       10983.813       9.0072412        9.0072412       10983.813                               10554.821                 23.340373                 395.77647                      9.8751091
              3       5499.8965       3.0183019       3.1921227      0.96321879     0.022101735      0.12370521     0.047531204        1.040288      0.99343359       22.875616       16.145266       13.338988      0.80748933      0.85583103      0.87546541       1.0027899       1.0009483   2.0456524e-09       67.329871      0.80824509      0.32305701      0.83872973      0.14612273       13.707346       10983.237       8.2780847        8.2780847       10983.237                                10554.13                 23.320245                 395.77647                      10.009807
              1       5500.4958       3.0187224       3.1921227      0.95895387     0.022101735      0.12370521     0.047531204        1.040288      0.99280016       22.653287       16.085136       13.354004      0.83915857       1.0172516       1.0800338       1.0010801      0.99834068   2.0465129e-09       67.329871      0.80710889      0.32305701      0.83755067      0.14612273       13.707346       10983.088        8.951864         8.951864       10983.088                               10553.277                 24.444084                 395.74536                      9.6211384
             16       5502.4939       3.0279091       3.1921227      0.95401194     0.022101735      0.12370521     0.047531204        1.040288      0.99630411       23.443532       17.373078        14.05927       0.8921366      0.85054985      0.91448055       1.0034767       1.0051566   2.0654001e-09       67.329871      0.80931063      0.32305701      0.83983546      0.14612273       13.707346       10992.845       6.0714113        6.0714113       10992.845                               10562.195                 25.961237                 395.73501                       8.953866
              4        5501.944        3.028626       3.2160578      0.95548526     0.022157445      0.12351884       0.0479395       1.0403142      0.99641226       23.385863        16.87082       14.170343      0.85159837      0.95341305       1.0342174       1.0038247       1.0019202   2.0668814e-09       67.723272      0.80858378      0.31902979      0.83383479      0.17005776       13.676092       10992.075       5.9065825        5.9065825       10992.075                               10561.583                 25.667164                 395.74388                      9.0809312
              2       5502.7257       3.0285584       3.1881465      0.95422717     0.022123973      0.12380525     0.048235269       1.0403436      0.99607133       22.930223       16.571146       13.884044      0.89091406      0.93092331       1.0801312       1.0024506      0.99901812   2.0667416e-09       67.287254      0.81002796      0.32373644       0.8414633      0.14214646       13.707884       10993.342       6.0548588        6.0548588       10993.342                               10562.778                 25.882135                  395.7071                      8.9744705
              1        5498.891       3.0297328       3.1881465      0.95638348     0.022123973      0.12380525     0.048235269       1.0403436      0.99684004       23.046326       16.629521       13.930767       0.9063482      0.87641577       1.0121372       1.0025384       1.0009563   2.0691703e-09       67.287254      0.81116438      0.32373644      0.84264382      0.14214646       13.707884        10986.54       5.6208739        5.6208739        10986.54                               10556.522                 25.249753                 395.71155                      9.0569119
              2       5500.4809       3.0274485       3.1881465      0.95855584     0.022123973      0.12380525     0.048235269       1.0403436      0.99685377       22.865088        16.77879       14.066159      0.82893179      0.86741147      0.90697218       1.0013081      0.99558884   2.0644492e-09       67.287254      0.81090453      0.32373644      0.84237388      0.14214646       13.707884       10989.596       5.6830019        5.6830019       10989.596                               10560.067                 24.481003                 395.72702                      9.3212128
              1       5501.0771       3.0274831       3.1866907      0.95862167     0.022093847      0.12374083     0.048243822       1.0403587      0.99695456       23.009162       16.392432       13.425777      0.78738972      0.83862983       0.8224177       1.0043968       1.0001783   2.0645205e-09        67.27262      0.81091358      0.32366839      0.84229474      0.14069066        13.71168       10990.906       5.6240457        5.6240457       10990.906                               10561.395                 24.447894                 395.72387                      9.3394199
              1       5500.9535       3.0263353       3.2207671      0.95881124     0.022239835      0.12394329     0.046303493       1.0402388      0.99719658       23.041637       16.860073        13.63473      0.91854775      0.79131924      0.87338512       1.0042907      0.99944173   2.0621522e-09       67.674721      0.80947927      0.32059437      0.83680266       0.1747671       13.667021       10990.892        5.507594         5.507594       10990.892                               10561.085                 24.619357                 395.87077                      9.3161834
              2       5501.7523       3.0255028       3.1994886      0.95829868     0.022346467      0.12347655     0.046642014       1.0401711      0.99629205       21.310368       15.928947       12.952985      0.74216477       1.0605659       1.0292403       1.0038681      0.99531293   2.0604363e-09        67.65789       0.8076348      0.31996724      0.83407893      0.15348859       13.677987       10991.365       6.0698201        6.0698201       10991.365                               10561.542                 24.843559                  395.8442                      9.1350074
              1       5500.6323       3.0259927       3.2000137      0.96008872     0.022301227      0.12281179     0.046576596       1.0403745      0.99645027       21.861393       15.653166       12.660397      0.78538584       1.1297968      0.97009162       1.0069536      0.99933862   2.0614459e-09       67.924134      0.80663261      0.31592488        0.827765      0.15401368       13.673313        10989.19       6.0372525        6.0372525        10989.19                               10559.556                 24.532601                 395.85731                       9.244408
              2       5496.0153       3.0234668       3.2000137      0.96565328     0.022301227      0.12281179     0.046576596       1.0403745      0.99657216       21.552166        14.99731       12.215639      0.83803164       1.1361169       1.0273927       0.9995679      0.99524237   2.0562455e-09       67.924134      0.80732853      0.31592488      0.82847915      0.15401368       13.673313       10980.352       5.8393718        5.8393718       10980.352                               10551.535                 23.045624                 395.86454                      9.9069749
              3       5496.3519       3.0233438       3.2000137      0.96566706     0.022301227      0.12281179     0.046576596       1.0403745       0.9957505       20.815753        14.95769       11.371228      0.70831734      0.98658799      0.81938228       0.9950582      0.99492973   2.0559926e-09       67.924134      0.80728313      0.31592488      0.82843256      0.15401368       13.673313       10979.743       6.4805596        6.4805596       10979.743                                10551.03                 23.153033                  395.8728                      9.6870338
              4       5498.2223       3.0224644       3.2000137      0.96640996     0.022301227      0.12281179     0.046576596       1.0403745      0.99557357       20.605626        14.24545       11.234281      0.59711284      0.84491393      0.67728181      0.99337755      0.99301537   2.0541853e-09       67.924134      0.80715762      0.31592488      0.82830377      0.15401368       13.673313       10982.813       6.8159288        6.8159288       10982.813                               10554.114                 22.962093                  395.9022                      9.8340588
              3       5497.2418       3.0227416       3.1672174      0.96579968      0.02225191      0.12273229     0.047432707       1.0404631      0.99543718       19.783995       13.929339       10.998672       0.5581257      0.89891027       0.7739534      0.99920797      0.99691145   2.0547548e-09       67.563177      0.80804267      0.31902736      0.83327362      0.12121743        13.70854        10981.48       6.5016338        6.5016338        10981.48                               10553.067                 22.956851                 395.78509                      9.6715088
              1        5497.001       3.0235016        3.172864      0.96662862     0.022230409      0.12263175     0.048018459       1.0405318      0.99553165       19.923425       14.421954       11.349588      0.66559355       0.8578986      0.85606908       1.0030477      0.99957412   2.0563169e-09       67.668072      0.80827857      0.31777254      0.83187605      0.12686395       13.702513       10981.142       6.4298977        6.4298977       10981.142                               10552.739                 22.791457                 395.77853                      9.8332309
              1       5498.7193       3.0236693        3.177106       0.9665675     0.022267792      0.12287933      0.04798804       1.0405347      0.99614686       20.730781        15.17862       11.844377      0.66108623        0.694027      0.69564361       1.0038975      0.99687486   2.0566619e-09       67.663461      0.80884639      0.31843826      0.83333197      0.13110597       13.695363       10985.243       6.0977773        6.0977773       10985.243                               10556.799                 22.719096                 395.73916                      9.9857433
              1       5497.1305       3.0238492       3.1502285      0.96621925     0.022243614      0.12290963     0.048152733       1.0406775      0.99588417       19.958154       14.298204       10.932999      0.69362273      0.99725112      0.91699273       1.0006338       0.9956397   2.0570319e-09       67.371935       0.8099015      0.32121355      0.83804726      0.10422854       13.720978       10981.786       6.2375309        6.2375309       10981.786                               10553.545                  22.75664                  395.7627                      9.7214094
              1       5497.0789       3.0239942        3.157603      0.96683173     0.022282534      0.12270236     0.048376205       1.0406752      0.99595084       19.944334       14.277455       10.944154      0.70885141       1.0566552      0.96140957       1.0018147      0.99579519   2.0573302e-09       67.559851      0.80912393      0.31906029       0.8344317      0.11160303       13.708822       10981.754       6.2017799        6.2017799       10981.754                               10553.482                 22.667989                 395.74563                      9.8591513
              4       5496.1923       3.0265213        3.157603      0.96176337     0.022282534      0.12270236     0.048376205       1.0406752      0.99592052       20.312238       14.207463        11.07577      0.87479488       1.0434774       1.1661798       0.9964274      0.99320011   2.0625359e-09       67.559851      0.80858706      0.31906029      0.83387804      0.11160303       13.708822       10979.561       6.4116365        6.4116365       10979.561                               10550.625                 23.943663                 395.71066                      9.2822796
              4       5498.8172        3.027004       3.1787776      0.96305052     0.022280264      0.12239361     0.048669102       1.0406776       0.9968815       21.428112       14.829457       11.361917      0.94542013      0.97023435       0.9654138      0.99990908      0.99629847   2.0635317e-09       67.909455      0.80759211      0.31510924      0.82767915      0.13277758       13.686236       10986.371       5.6318041        5.6318041       10986.371                               10557.255                 23.602267                 395.73469                      9.7791006
              1       5497.7381        3.026943       3.1787776      0.96530625     0.022280264      0.12239361     0.048669102       1.0406776      0.99704458       22.504449       14.971689       13.084804      0.83280647      0.86313503      0.97590554      0.99207962      0.99518063   2.0634057e-09       67.909455      0.80826332      0.31510924      0.82836705      0.13277758       13.686236       10983.649       5.9138099        5.9138099       10983.649                               10554.929                 23.086089                 395.73206                      9.9015087
              6       5498.2352       3.0289369       3.1948399      0.96623272     0.022145586       0.1224903     0.050868658       1.0406743      0.99692957       23.378014       15.889779       13.701238      0.89953486      0.89726939       1.0324082       0.9946007      0.99764369   2.0675241e-09       67.947242      0.80974875      0.31467656      0.82931946      0.14883986       13.683908       10985.044       5.7129814        5.7129814       10985.044                               10556.155                 22.795519                 395.73874                      10.355113
              1       5495.9631       3.0265189       3.1742487      0.96448063      0.02213933      0.12203426     0.049476306       1.0404705       0.9963323        23.00297       15.815015       13.014795      0.84143874       1.0537782       1.0476817       1.0030889       1.0003465   2.0625309e-09       67.794876      0.80719262      0.31508676      0.82724021      0.12824867       13.709629       10980.107        5.909724         5.909724       10980.107                               10551.253                 23.229468                 395.73005                      9.8946242
              1       5496.3882       3.0266535       3.1518655      0.96403696     0.022083295      0.12209471     0.049591528       1.0405755      0.99731567       23.213796       15.821309       13.015869      0.86935511         1.01143       1.0098457        1.001702      0.99933139   2.0628086e-09       67.504819      0.80827732      0.31781003      0.83192383      0.10586547       13.735187       10982.019       5.3784223        5.3784223       10982.019                               10553.214                 23.103796                 395.74475                      9.9572838
              3       5497.1764       3.0290413       3.1518655      0.96525282     0.022083295      0.12209471     0.049591528       1.0405755      0.99838986       23.528644       16.077701       13.231953      0.87394738      0.91715985      0.88786816       1.0014159       1.0023536     2.06774e-09       67.504819      0.80961643      0.31781003      0.83330211      0.10586547       13.735187       10984.292       5.0303781        5.0303781       10984.292                               10555.861                 22.870493                 395.75055                      9.8097849
              1       5496.8424       3.0284358       3.1265633      0.96294164     0.022091601      0.12275879     0.049572752       1.0404736      0.99754368        22.40064       15.645356       12.686454      0.74656392      0.91681282      0.93928915      0.99308549      0.99392095   2.0664884e-09       66.957293      0.81136112      0.32452867      0.84387885     0.080563251        13.76592       10982.301       5.6917633        5.6917633       10982.301                               10553.875                 23.272204                 395.74179                      9.4125488
              2       5500.4325       3.0284291       3.1265877      0.96293485     0.022091469      0.12276191     0.049560962       1.0404733      0.99861326       23.062616        15.81661       13.578762      0.78095623       1.0175366       1.0310514      0.99503566      0.99568232   2.0664745e-09       66.956312      0.81136576      0.32454484      0.84390469     0.080587717       13.765927       10990.554       5.1555331        5.1555331       10990.554                               10562.097                 23.116562                 395.75441                      9.5855205
              4       5497.5984       3.0268322        3.174956      0.96274463      0.02223196      0.12298508     0.047517389       1.0401833      0.99854612       22.578574       16.260824       13.401643        0.815853       1.0009144       1.0635383      0.99301645      0.99458599   2.0631771e-09       67.454106      0.80915418      0.32057166      0.83643696      0.12895596       13.711996       10984.507        5.344764         5.344764       10984.507                               10555.768                 23.390908                 395.75465                      9.5933621
              2       5497.2854       3.0276903       3.2287956      0.96602158     0.022281036      0.12203783     0.048156628       1.0401506      0.99915634       23.886691       16.851881       14.079501      0.75056893       0.9824441      0.89005415      0.99786009      0.99997377   2.0649483e-09       68.432683      0.80569571      0.30955101      0.81842057      0.18279559       13.649725       10984.841       4.8650952        4.8650952       10984.841                               10555.213                 22.883434                  395.7402                      11.004253
              1       5497.7037       3.0299624       3.2287956      0.96325532     0.022281036      0.12203783     0.048156628       1.0401506      0.99945795       23.529183       17.618317       14.607949      0.82626921      0.88953667      0.92596373       1.0033952       1.0022083   2.0696454e-09       68.432683       0.8057545      0.30955101      0.81848029      0.18279559       13.649725       10985.626       4.8907814        4.8907814       10985.626                               10555.928                 23.595657                 395.74313                      10.359066
              1       5498.7434       3.0321379       3.2287956      0.96485281     0.022281036      0.12203783     0.048156628       1.0401506       1.0005266        23.93823       17.856107       14.579767      0.82444998       0.7559869      0.76655851       1.0050039       1.0045821   2.0741528e-09       68.432683      0.80712665      0.30955101      0.81987411      0.18279559       13.649725       10987.412       5.0376095        5.0376095       10987.412                               10558.234                  23.24919                 395.74362                      10.184591
              1        5496.504       3.0318971       3.1737382       0.9635184      0.02227918      0.12183676     0.049119661       1.0402335       1.0002906        23.72838       17.243449       14.234111      0.69128413      0.78818584      0.69137264       1.0005667       1.0011797   2.0736535e-09       67.894467      0.80765248      0.31403801      0.82633284      0.12773818        13.70238       10983.407       4.8005763        4.8005763       10983.407                               10554.596                 23.341445                 395.73405                      9.7355596
              2       5498.2055       3.0319631       3.1753741      0.96362283     0.022281267      0.12181529     0.049194236       1.0402323      0.99978577       24.003118        16.35322       13.575171       0.7102845      0.58159463      0.64825478       0.9991108      0.99523111   2.0737902e-09       67.922176      0.80758445      0.31373983      0.82587087      0.12937415       13.700453       10986.598        4.906591         4.906591       10986.598                               10557.873                 23.398693                 395.71403                       9.612291
              4       5496.2354       3.0320332       3.1732684      0.96361395     0.022271654      0.12182528     0.049243352       1.0402483      0.99999787        23.87397       17.086197       13.984454      0.72223408      0.56749921      0.54702833      0.99962183      0.99348572   2.0739357e-09       67.891787      0.80775791      0.31402158      0.82641909      0.12726845       13.703123       10982.474       4.9981491        4.9981491       10982.474                               10553.759                 23.359697                 395.69993                      9.6557694
              3       5498.1945       3.0325241       3.1732684      0.96379637     0.022271654      0.12182528     0.049243352       1.0402483       1.0002063       22.530904       16.563421       12.985614      0.76785538      0.65624724      0.69100168       1.0021574       1.0021269   2.0749541e-09       67.891787      0.80801238      0.31402158      0.82667944      0.12726845       13.703123        10986.72       4.8345496        4.8345496        10986.72                               10558.086                 23.325416                 395.69095                      9.6173749
              3       5497.4888       3.0345849       3.1199599      0.96437421     0.022230176      0.12181964     0.051279496       1.0406768        1.000332       22.788786        16.20507       12.942937      0.77365971       0.7233832      0.65865104      0.99930953      0.99691605   2.0792346e-09       67.388369      0.81112308      0.31862709      0.83592533     0.073959899       13.748975        10985.29       4.8440083        4.8440083        10985.29                               10557.016                 22.991661                 395.81765                       9.463877
              3       5496.3358       3.0326882       3.1380413      0.96365304     0.022272203      0.12136168     0.050349248       1.0403416       1.0001039       22.563084       16.070962       12.920275      0.58444846      0.85339241      0.70972842       1.0002079      0.99993042   2.0752945e-09        67.67868       0.8076398      0.31499135      0.82757317     0.092041343       13.734347       10983.099        4.786358         4.786358       10983.099                                10554.56                 23.246329                 395.71562                      9.5773936
              1       5495.8703        3.032502       3.1380413      0.96242701     0.022272203      0.12136168     0.050349248       1.0403416      0.99981238       22.743038       15.730094       13.253653      0.54340976      0.78577204      0.71663668      0.99450819      0.99521939   2.0749082e-09        67.67868      0.80718899      0.31499135      0.82711123     0.092041343       13.734347       10981.634       5.0531414        5.0531414       10981.634                                10552.88                 23.544406                 395.70963                      9.5006046
              1       5500.6821       3.0316677       3.0304928      0.95966679     0.021859927      0.12130392     0.049318101       1.0407536       1.0007782       22.887046        15.22775       12.791095      0.57116866      0.58198287      0.50508384       0.9923169      0.99888594   2.0731778e-09        66.25783      0.81107555      0.32757013      0.84752562    -0.015507187       13.874547       10991.094       5.1350531        5.1350531       10991.094                               10562.431                 23.719406                 395.75575                      9.1878379
              3       5500.6176       3.0372162       3.0304928       0.9555903     0.021859927      0.12130392     0.049318101       1.0407536       1.0020067       23.384884       16.224962       12.863136        0.817439      0.69486191      0.63798728      0.99800771       1.0018451   2.0847127e-09        66.25783       0.8121001      0.32757013      0.84859621    -0.015507187       13.874547       10990.947       5.1442576        5.1442576       10990.947                               10561.048                 24.986668                 395.74803                      9.1643157
              5       5498.7077       3.0372278       3.0302278      0.95557709     0.021858212      0.12131644     0.049315428       1.0407562       1.0020054       22.866519       16.408526       12.848041       0.8350695      0.77193296      0.75430624      0.99730496      0.99758743    2.084737e-09       66.249969      0.81215887      0.32767239      0.84879006    -0.015772188       13.874966       10987.071       5.1723943        5.1723943       10987.071                               10557.159                 24.988338                 395.74803                      9.1750273
              1       5496.3007       3.0349675       3.0302278      0.95562808     0.021858212      0.12131644     0.049315428       1.0407562       1.0012093       23.141543       16.389387       13.271646      0.83119977      0.84032671        0.803467      0.99996882       1.0011038   2.0800302e-09       66.249969      0.81125686      0.32767239      0.84784736    -0.015772188       13.874966       10982.785       4.9083408        4.9083408       10982.785                               10553.059                  24.91456                 395.73068                      9.0804671
              1       5497.8442       3.0349703       3.0305687      0.95564283     0.021858069      0.12131258     0.049315732       1.0407556       1.0005016        22.90922       16.176478       13.077599      0.82105177      0.86437177      0.84070934       1.0002561       1.0016621    2.080036e-09       66.254853      0.81123912      0.32761509       0.8477547    -0.015431343        13.87463       10986.049       4.8195248        4.8195248       10986.049                               10556.094                 25.039728                 395.76342                      9.1518387
              2       5496.0582       3.0351785       3.0334903      0.95571306     0.021868753      0.12135189     0.049620661        1.040739       1.0009246        22.32822       14.767382       12.427262      0.86616774       0.9958402       1.0192719      0.99330766      0.99846464   2.0804692e-09       66.277769      0.81131496      0.32750346       0.8476895    -0.012509718       13.871173       10981.938       5.0893712        5.0893712       10981.938                               10552.197                 24.924766                 395.73773                      9.0779322
              9       5496.5902       3.0355031       3.0240225      0.95585991      0.02183759      0.12127059     0.049967625       1.0408115       1.0010464       22.371611       14.776091       12.401409      0.93904078       1.0934372       1.1127437      0.99569446      0.99703874   2.0811446e-09       66.196602      0.81173676      0.32804701      0.84883373    -0.021977508       13.881656       10983.162       5.0093906        5.0093906       10983.162                               10553.407                 24.828087                 395.79915                      9.1275132
              1       5497.3317        3.035791       3.0240225      0.95828855      0.02183759      0.12127059     0.049967625       1.0408115       1.0015951       22.464693        14.75011       12.339545       0.9264989       1.0459935       1.0459905      0.99516013      0.99782107   2.0817437e-09       66.196602      0.81258426      0.32804701      0.84971996    -0.021977508       13.881656       10984.404         5.12965          5.12965       10984.404                               10555.265                 24.148873                 395.77084                      9.2196788
              3       5498.2246       3.0370682       3.0229564      0.95962702     0.021921005      0.12101195     0.051496351       1.0409314       1.0014739       22.605429       14.458444       12.237075       1.0040042      0.97709252       1.0641991      0.99643412      0.99733969   2.0844043e-09       66.381499      0.81248661      0.32582405       0.8467343    -0.023043593       13.869684       10986.333       5.0580098        5.0580098       10986.333                               10557.506                 23.835977                  395.8728                      9.1184106
              2       5495.4497       3.0368329       3.0248217      0.95943617     0.021937776      0.12100273     0.051438448       1.0408789       1.0013663         21.5175       14.202442        11.65693      0.89816067       1.0111944       1.1230909        0.996386      0.99350346   2.0839138e-09       66.402256      0.81212329      0.32563817      0.84611421     -0.02117828       13.867588       10980.477       5.2109363        5.2109363       10980.477                               10551.631                 23.895532                 395.86582                      9.0852533
              6       5495.4697       3.0353115       3.0248217      0.96045474     0.021937776      0.12100273     0.051438448       1.0408789       1.0006152        21.43157       14.243821       11.716822      0.98501847       0.9714208       1.1290158      0.99671822      0.99774965   2.0807458e-09       66.402256      0.81181321      0.32563817      0.84579115     -0.02117828       13.867588        10981.15       4.8947059        4.8947059        10981.15                                10552.53                 23.657761                 395.83595                      9.1264945
             11       5495.5422        3.036582       3.0248217      0.95739402     0.021937776      0.12100273     0.051438448       1.0408789       1.0005516       20.864275       14.604663       11.982043      0.99644874       1.1663964       1.3862399      0.99940701      0.99596313   2.0833912e-09       66.402256      0.81140551      0.32563817      0.84536639     -0.02117828       13.867588       10981.299       4.8928372        4.8928372       10981.299                                10551.89                 24.507408                 395.89212                      9.0093338
              2       5494.8585       3.0361971       3.1052596      0.95918645     0.022047887      0.12114904     0.049577687        1.040698       1.0012002       21.246857       15.489786       12.413155       1.0102702       1.1315161       1.2904978       1.0027507      0.99939206   2.0825893e-09       67.307958      0.80922875      0.31750625      0.83250492     0.059259565       13.779077       10979.837       4.9401747        4.9401747       10979.837                               10550.829                 24.384794                 395.71725                      8.9054787
              1       5494.8647       3.0356055       3.1052596      0.96077879     0.022047887      0.12114904     0.049577687        1.040698       1.0021276       21.791342       15.472025       12.382262       1.0475043       1.2095796       1.3396555      0.99952868      0.99890931   2.0813577e-09       67.307958        0.809475      0.31750625      0.83275826     0.059259565       13.779077        10979.42       5.1544635        5.1544635        10979.42                               10550.718                 23.802301                 395.73685                      9.1635507
              1       5496.4321       3.0358518       3.1092678      0.96120153     0.022058965      0.12106248     0.049791483       1.0407168       1.0021734         22.4291       15.094429       12.322022      0.95577946       1.3337196       1.2768563      0.99953206      0.99808709   2.0818704e-09       67.399907      0.80927692      0.31647436      0.83120049     0.063267804       13.772912       10982.499       5.1825548        5.1825548       10982.499                               10553.811                 23.720347                 395.73571                      9.2322137
              2       5497.6179         3.03477       3.0698075      0.95998682     0.022191241      0.12116944     0.048818996       1.0408318       1.0025928       20.777371       14.344296       11.342525      0.90479372       1.3464934       1.3135236      0.99200793      0.99783033   2.0796194e-09       67.054129      0.80952901      0.32027879      0.83644208     0.023807526       13.797364       10983.904       5.6659677        5.6659677       10983.904                               10555.281                 23.896252                 395.71471                      9.0116269
             10       5495.7102       3.0355225       3.0698075      0.96032161     0.022191241      0.12116944     0.048818996       1.0408318       1.0029224       20.492485       14.477597       11.491488      0.91186455       1.2521246       1.3711365       1.0004686      0.99651983   2.0811848e-09       67.054129      0.80993546      0.32027879      0.83686205     0.023807526       13.797364        10980.36       5.5301581        5.5301581        10980.36                               10551.786                 23.825862                 395.74936                      8.9991228
              6        5494.019       3.0356431       3.0698075      0.96003745     0.022191241      0.12116944     0.048818996       1.0408318       1.0022014       20.349936       14.186919       11.175893      0.94476448       1.3023391       1.4256584       1.0011526      0.99789439   2.0814359e-09       67.054129      0.80989787      0.32027879      0.83682321     0.023807526       13.797364       10977.635        5.201761         5.201761       10977.635                               10549.013                 24.018161                 395.69072                      8.9124496
              2       5494.8468       3.0349336        3.095203      0.95955804     0.022157081      0.12130488     0.048151323       1.0406135       1.0024895       20.498975       14.668852       11.417026      0.96183639       1.2719281       1.4040174       1.0019212       1.0002905   2.0799597e-09       67.199378      0.80909848      0.31912004      0.83448357     0.049202951       13.781626       10979.094       5.2999336        5.2999336       10979.094                               10550.296                  24.13281                 395.72643                      8.9384376
              1       5495.9812       3.0346008        3.064927      0.95826281     0.022094648       0.1214824     0.048114985       1.0406516       1.0023709       20.229848       14.656604       11.327626       1.0220116       1.3849172       1.4931708       1.0019862      0.99764574   2.0792675e-09       66.749755      0.81031183      0.32369196      0.84170035     0.018926966       13.818815       10981.398       5.2824013        5.2824013       10981.398                                10552.45                 24.314713                 395.70371                      8.9290008
              2       5498.8835       3.0346184       3.0664254       0.9583325     0.022111158      0.12138279     0.048412002       1.0406156       1.0026052       20.135255       14.489652       11.267368        1.080333       1.3531251       1.5084485       1.0045014      0.99782688   2.0793043e-09       66.803061      0.80987548      0.32298935      0.84033359     0.020425371       13.816275       10986.861        5.453155         5.453155       10986.861                                10557.99                 24.244658                 395.70409                      8.9220558
              1       5502.8523       3.0340114       3.0803315      0.95792263     0.022253266      0.12151948     0.048237408       1.0404432       1.0020841       19.494068       14.584289       11.244069       1.0452634       1.4082644       1.5628685        1.002695       0.9927665   2.0780424e-09       66.975881      0.80879527      0.32194618      0.83785644     0.034331506       13.793235       10994.843       5.4306805        5.4306805       10994.843                               10565.857                 24.450735                 395.69589                      8.8393751
              1       5500.9591       3.0339325       3.0783425      0.95785344     0.022251325      0.12148534     0.048230194       1.0404388       1.0020914       19.619909       14.537005       11.116783       1.0232673       1.4399367       1.6086587       1.0008881        0.993542   2.0778785e-09       66.961674      0.80869416      0.32200236      0.83782479     0.032342488       13.795481       10991.223       5.3476491        5.3476491       10991.223                               10562.232                 24.460421                 395.69589                      8.8343815
              2       5501.3032       3.0337941       3.0777074      0.95760086     0.022246045      0.12155377     0.048115515       1.0404169       1.0020283       19.985532        14.48504        10.67708      0.96920138       1.3877873       1.5254852      0.99938774      0.99275064   2.0775909e-09       66.919002      0.80880055      0.32255417      0.83865268     0.031707402       13.797599       10991.848       5.3790021        5.3790021       10991.848                               10562.782                 24.521276                  395.7193                       8.826152
              1       5500.9664       3.0336527       3.0777074      0.95825698     0.022246045      0.12155377     0.048115515       1.0404169       1.0020831       19.982531       14.454093       10.645918      0.96430529       1.3810819       1.5146104      0.99919198      0.99277581   2.0772972e-09       66.919002      0.80894217      0.32255417      0.83879953     0.031707402       13.797599        10991.14       5.3966156        5.3966156        10991.14                               10562.228                 24.337075                 395.71344                      8.8607535
              1       5498.6212       3.0319263       3.0249961      0.95617104     0.022234645      0.12199433     0.045450594       1.0406432       1.0029282       20.197579       13.580044       10.663262      0.92693412       1.0787593       1.0539107      0.99230339      0.99069616   2.0737141e-09       66.228865      0.81085584      0.33028306      0.85079744    -0.021003889       13.848218       10984.842        6.200206         6.200206       10984.842                               10555.023                 24.717976                 395.93333                      9.1674159
              1       5500.8268       3.0284218       3.0249961      0.95764943     0.022234645      0.12199433     0.045450594       1.0406432       1.0020186       19.846418       13.366983       10.367298       1.0413718       1.0159701        1.150301      0.99252749      0.98997896   2.0664594e-09       66.228865      0.80988042      0.33028306      0.84977397    -0.021003889       13.848218       10989.869       5.8925265        5.8925265       10989.869                                10560.65                 24.205804                 395.91725                      9.0959347
              7       5500.6131       3.0284087       3.0264547      0.95769622     0.022230179      0.12198587     0.045390082       1.0406427       1.0020553       19.901045        13.40761       10.408432       1.0363094       1.0239342       1.1364851       0.9925505      0.99008542   2.0664324e-09       66.244503      0.80983366      0.33009821      0.84948709     -0.01954535       13.847147       10989.442       5.8921515        5.8921515       10989.442                               10560.209                 24.199142                 395.94319                      9.0903477
              4       5497.2092       3.0275171        3.067241       0.9580371     0.022368674       0.1215898     0.045516836        1.040281       1.0002127       19.188202       13.170919       10.036249      0.84844614        1.181647       1.2653617      0.99361512      0.99389873   2.0645907e-09       66.841808        0.806187      0.32365473      0.83736757     0.021241003       13.800244       10984.061       5.1788329        5.1788329       10984.061                               10554.838                 24.528937                 395.91165                      8.7817993
              3       5498.7162       3.0278522       3.0722021      0.95852695     0.022377421      0.12151077     0.045798072       1.0403041       1.0002487       19.934254       13.374858       10.154126      0.94544801       1.1611664       1.1387197       1.0009118      0.99804582   2.0652827e-09       66.941257      0.80606094      0.32253695      0.83578964     0.026202144       13.793227       10987.806       4.8134516        4.8134516       10987.806                               10558.695                 24.423763                 395.89631                      8.7903732
              6       5498.7047       3.0281059       3.0750318      0.95882394     0.022416277       0.1214079     0.046341643       1.0402847       1.0000717       20.047677       13.561802       10.418761       1.0075645       1.2531542       1.3302495      0.99607305      0.98878404   2.0658067e-09       67.035121      0.80566468      0.32149188       0.8340243     0.029031844       13.786553       10986.426       5.4917586        5.4917586       10986.426                               10557.423                 24.366055                  395.8442                      8.7929003
              5       5499.0565       3.0282726       3.0638989      0.95856567     0.022410196       0.1215349     0.046468008       1.0403431       1.0000292       19.353251       12.898657       9.7762545        0.977655        1.257827       1.3582776      0.99452117      0.98644073    2.066151e-09       66.877258      0.80646145      0.32328179      0.83716991     0.017898941        13.79743       10986.404         5.85468          5.85468       10986.404                               10557.428                 24.383893                 395.79475                      8.7972439
              1       5497.5712       3.0291226       3.0242156      0.95819616     0.022242369      0.12151068     0.047388319       1.0405601       1.0002231       19.624711       12.857057       9.8007031       1.0055254       1.1624091       1.3374846       0.9945341       0.9864512   2.0679081e-09       66.364268      0.80871107      0.32785578      0.84542324    -0.021784419       13.848895        10983.43       5.8564664        5.8564664        10983.43                               10554.448                 24.250832                 395.75453                      8.9763957
              2       5498.1802       3.0291736       3.0266761       0.9580505     0.022239634      0.12163548     0.047410432       1.0405398       0.9999326       19.505048       12.916948       10.210826       1.0048257       1.4547413       1.5444695      0.99136259      0.98724746   2.0680135e-09       66.340511       0.8089964      0.32836889      0.84638306    -0.019323902       13.847715       10984.417       5.9717786        5.9717786       10984.417                               10555.347                 24.319518                  395.7391                      9.0115605
              1       5499.9923       3.0290943       3.0266796      0.95805078     0.022237878      0.12161649     0.047295857       1.0405414       1.0001329       18.937341       12.600788       10.178636       1.1016337       1.1707855       1.5615779      0.99440507      0.99557881   2.0678496e-09        66.34614      0.80891282      0.32826604      0.84616307    -0.019320365        13.84777       10989.903       5.0409188        5.0409188       10989.903                               10560.865                 24.297118                 395.74149                      8.9992223
              3       5498.5107       3.0288617       3.0359216      0.95824457     0.022138843      0.12118777      0.04755502       1.0404234       1.0002115       19.068223       12.465599       9.7394987       1.0923081       1.1805315       1.5691982       0.9956486       1.0009883   2.0673685e-09       66.478333      0.80750697      0.32577095      0.84147619    -0.010078373       13.850124       10987.245       4.8883906        4.8883906       10987.245                               10558.376                 24.241087                 395.72993                      8.8974285
              1       5496.6207       3.0322956       3.1091914      0.96435267     0.022084388      0.12031614     0.048882377       1.0407782       1.0011833       20.633509       13.940708       10.813767      0.87879717       1.1634775       1.2412514       1.0044945       1.0056674     2.07448e-09       67.702093      0.80631476      0.31208269      0.82239191     0.063191434       13.765483       10982.924       5.1588688        5.1588688       10982.924                               10554.441                 23.144468                 395.73522                       9.602664
              2         5497.92       3.0308903       3.1091914       0.9661974     0.022084388      0.12031614     0.048882377       1.0407782       1.0008615       21.254393       13.778055       11.022189      0.93294861       1.2597414       1.2045716        1.003285       1.0081706   2.0715668e-09       67.702093      0.80631243      0.31208269      0.82238953     0.063191434       13.765483       10985.375       5.2323783        5.2323783       10985.375                               10557.094                 22.714791                  395.7018                      9.8641846
              2       5497.8339       3.0251809       3.1091914      0.96807002     0.022084388      0.12031614     0.048882377       1.0407782      0.99917084       21.283056       13.639169       11.104809      0.92395806       1.0886595       1.1121142       1.0007921       1.0033192    2.059773e-09       67.702093      0.80458579      0.31208269      0.82062846     0.063191434       13.765483       10985.871       4.8984763        4.8984763       10985.871                               10557.068                 22.211146                 395.73939                      10.852408
              1       5496.1246        3.026132       3.1091914      0.96487339     0.022084388      0.12031614     0.048882377       1.0407782      0.99892268       21.277402       14.312946       11.542559       1.0345508       1.0538653       1.1925075       1.0037225       1.0042842    2.061733e-09       67.702093      0.80399241      0.31208269      0.82002324     0.063191434       13.765483       10982.171       5.0391582        5.0391582       10982.171                               10553.134                 22.918233                 395.73558                      10.383109
              5        5494.113       3.0255954       3.0963319      0.96384555       0.0220809      0.12042424     0.048793299       1.0407106       0.9986493       21.378842       14.024971       11.663844      0.98524053       1.1601283       1.3323655      0.99598876        0.997781   2.0606271e-09       67.489506      0.80414799      0.31428153      0.82306623     0.050331936       13.781593       10978.153       5.0362762        5.0362762       10978.153                               10549.279                 23.089722                 395.72178                      10.062785
              1       5495.9328       3.0255784       3.0946297      0.96433064     0.022075717      0.12022879     0.048501184       1.0407877      0.99908252       21.958197       14.107379       11.490175      0.97631854       1.3089212       1.2514894      0.99920708      0.99741186    2.060592e-09       67.559964      0.80379188      0.31318679      0.82126762     0.048629734       13.780747       10982.087       4.8892322        4.8892322       10982.087                               10553.162                 22.986909                 395.72637                      10.212264
              1       5495.7665       3.0237619        3.066695        0.961273     0.022115888      0.12105144     0.046793825       1.0406702      0.99854308       20.914735       13.419063       10.776423       1.0050068       1.2383743       1.2690388      0.99086993      0.99103687   2.0568524e-09        66.94301      0.80534289      0.32091146      0.83293827     0.020695016       13.812559       10979.986       5.7735429        5.7735429       10979.986                                10551.25                 23.601277                 395.85545                      9.2790524
              3       5495.4128       3.0233294       3.0747201      0.96133846     0.022141082      0.12085807     0.046613474       1.0405841      0.99854809       20.692519       13.753519       10.440228      0.93369112       1.2397954       1.1030961      0.99596268       1.0005319   2.0559628e-09       67.094961      0.80414968      0.31908599      0.82933526     0.028720129       13.803488       10980.752       5.0368113        5.0368113       10980.752                               10551.921                 23.626019                 395.84694                      9.3577005
              4        5493.921        3.021488       3.0747201      0.95994881     0.022141082      0.12085807     0.046613474       1.0405841      0.99763669       20.228454       13.569267       10.480256      0.91278183       1.2512666       1.2480276      0.99373344      0.99705849   2.0521805e-09       67.094961      0.80299046      0.31908599      0.82813973     0.028720129       13.803488       10976.899       5.4716837        5.4716837       10976.899                               10547.682                 23.944949                 395.85064                      9.4213137
              2       5493.3491       3.0212231       3.0384339      0.95821786     0.022012496      0.12129916     0.046286839       1.0406671      0.99757108       20.757634       13.715147        10.98364      0.95437807       1.2257274       1.2644142      0.99572049      0.99874814   2.0516369e-09        66.44598      0.80544298       0.3260553      0.83969159   -0.0075661111       13.853442       10975.985       5.3566314        5.3566314       10975.985                               10546.842                  24.18345                 395.85754                      9.1017517
              1       5493.7703       3.0208682       3.0384339      0.95813995     0.022012496      0.12129916     0.046286839       1.0406671      0.99753401       20.687245       14.105564       11.383745       1.0627266        1.226307       1.4325015      0.99790781      0.99712227   2.0509089e-09        66.44598      0.80527672       0.3260553      0.83951827   -0.0075661111       13.853442        10976.87       5.3350357        5.3350357        10976.87                                10547.71                  24.17914                 395.85551                      9.1253699
              3       5496.1313       3.0239915       3.0384339      0.95320207     0.022012496      0.12129916     0.046286839       1.0406671      0.99762556       20.596482       14.049131       11.461941       1.1396072       1.2515805       1.5275997       1.0010409      0.99959604   2.0573245e-09        66.44598      0.80505729       0.3260553       0.8392895   -0.0075661111       13.853442       10981.778       5.2425235        5.2425235       10981.778                               10551.453                 25.735281                 395.80983                      8.7791681
              2       5499.1713        3.026526       3.0384339      0.95133109     0.022012496      0.12129916     0.046286839       1.0406671      0.99818512        20.75405       13.650056       10.992061       1.0132092        1.396297       1.3314123      0.99297229       0.9989753   2.0625455e-09        66.44598      0.80551919       0.3260553      0.83977104   -0.0075661111       13.853442       10987.741       5.3009521        5.3009521       10987.741                               10556.837                 26.416456                 395.76372                      8.7239789
              5        5499.747       3.0266361       3.0513982      0.95176716     0.021996761      0.12118477     0.046372528       1.0406251      0.99810512       20.155734       14.383591       11.223191       1.1683598       1.3690549       1.5264919      0.99241382       1.0003111   2.0627726e-09       66.607369      0.80495996      0.32418585      0.83677882    0.0053982396       13.842379       10988.772       5.3607345        5.3607345       10988.772                               10557.961                 26.358423                  395.7861                      8.6666075
              2       5499.6821       3.0265795       3.0660934      0.95187611     0.021977653      0.12128585     0.046048286       1.0405732      0.99811244       20.351673       14.424302       11.254076       1.1556479       1.3458352       1.5040301      0.99355116       1.0024575   2.0626559e-09       66.708909      0.80489588      0.32338388      0.83567663     0.020093412       13.830991       10988.747       5.3084188        5.3084188       10988.747                               10557.928                 26.386173                 395.77449                      8.6592174
              5        5497.696       3.0268666        3.059928      0.95218559     0.021990483      0.12148255     0.045523083       1.0407414      0.99850654        20.18826        14.25285       11.106431       1.0445224       1.3798539       1.5185343      0.99421041       1.0024706   2.0632481e-09       66.636393      0.80601501      0.32455998      0.83835891     0.013928007       13.831837       10985.068       5.1618051        5.1618051       10985.068                               10554.173                 26.285122                 395.86593                      8.7445358
              3        5498.918       3.0300554        3.059928      0.95107655     0.021990483      0.12148255     0.045523083       1.0407414      0.99972021       20.479427       15.010863       11.706951       1.0108144       1.2294154        1.315112      0.99554802       1.0033083    2.069838e-09       66.636393      0.80696834      0.32455998       0.8393505     0.013928007       13.831837       10987.945       4.9453422        4.9453422       10987.945                                10556.63                 26.693757                 395.85193                      8.7696622
              1       5500.8193       3.0299447       3.0521012       0.9506552     0.022023595      0.12172324     0.045232677       1.0407798      0.99966514       20.573866       15.349722       11.680691       1.1179056        1.125618       1.3166417      0.99417808       1.0018038   2.0696089e-09       66.503259      0.80768878      0.32647984       0.8425809     0.006101237       13.836413       10991.679       4.9799676        4.9799676       10991.679                               10560.076                 26.806065                 395.87712                       8.919567
              4        5494.392       3.0281406       3.0521012      0.95707448     0.022023595      0.12172324     0.045232677       1.0407798       1.0007907       20.559753       14.378335       11.124932      0.90662496       1.1535886       1.1776966      0.99314255       1.0014853   2.0658784e-09       66.503259      0.80888857      0.32647984      0.84383252     0.006101237       13.836413       10978.621       5.0814183        5.0814183       10978.621                               10549.027                 24.624283                 395.95748                      9.0123109
              3       5495.4161       3.0250399       3.0521012      0.95886866     0.022023595      0.12172324     0.045232677       1.0407798      0.99988654       19.545006       14.063427       10.822727      0.94334429       1.1059907       1.2826255      0.99597248       1.0019582   2.0594827e-09       66.503259      0.80817558      0.32647984      0.84308873     0.006101237       13.836413       10981.059       4.8865609        4.8865609       10981.059                               10551.928                  24.07407                 395.94966                      9.1070282
              2       5495.0229         3.02572       3.0542144       0.9592303     0.021943428      0.12174551      0.04574793       1.0408277      0.99965256       19.356858       13.502829       10.628069       1.0248999       1.2094943       1.4774876       1.0002224      0.99888046   2.0608839e-09       66.470053       0.8089421      0.32667508      0.84414065    0.0082144348       13.840977       10980.443       4.8014257        4.8014257       10980.443                               10551.401                 23.996207                 395.88289                      9.1624418
              3       5494.4667       3.0259408       3.0902926      0.96037267     0.022047954      0.12153912     0.046146923       1.0406863      0.99978382        19.62141       13.613243       10.931667      0.94619692       1.2543675       1.4112627      0.99851424      0.99731827   2.0613389e-09       66.995756      0.80712576      0.32134155      0.83534143     0.044292621       13.796459       10979.261       4.8359889        4.8359889       10979.261                               10550.324                 23.826099                 395.87291                      9.2384736
              1       5496.5981       3.0259642       3.0890329      0.96025919     0.022046101      0.12159074     0.046192217       1.0406837      0.99972181       19.583267       13.225194       10.774246      0.79209968       1.2227051       1.3189182      0.99724678      0.99616736    2.061387e-09       66.960984      0.80728486      0.32178635      0.83608414     0.043032897        13.79823       10983.391       4.9027925        4.9027925       10983.391                               10554.464                 23.845976                 395.85837                      9.2220652
              7       5494.6103       3.0258304       3.0890329      0.96005403     0.022046101      0.12159074     0.046192217       1.0406837      0.99880465       20.004085       13.752557       10.960295      0.80870497       1.0952893       1.1763771       1.0038709       1.0008053   2.0611113e-09       66.960984      0.80716871      0.32178635      0.83596385     0.043032897        13.79823       10979.265       4.9777234        4.9777234       10979.265                                10550.31                 24.031173                 395.83029                      9.0939812
              2       5496.9437       3.0259223       3.0903017      0.96085963     0.021995224      0.12071683     0.047413396       1.0405948      0.99885912       20.254831       13.476038       10.461545       1.1747989       1.6880206       1.7210001       1.0028619       1.0032481   2.0613007e-09       67.207883      0.80475057      0.31737904      0.82773209     0.044301697       13.801149       10983.921       4.9830849        4.9830849       10983.921                               10554.997                 23.811646                 395.76876                      9.3433258
              3       5496.1731       3.0251988       3.0903017      0.96150158     0.021995224      0.12071683     0.047413396       1.0405948      0.99849991       20.091057       13.185428       10.291664       1.1572727       1.6993162       1.7386965       1.0025359       1.0017232   2.0598099e-09       67.207883       0.8046538      0.31737904      0.82763256     0.044301697       13.801149       10982.322       5.0122762        5.0122762       10982.322                               10553.461                 23.664207                 395.79741                      9.3991134
              4        5496.901       3.0223144       3.1087975      0.96233261     0.022076867      0.12083764     0.046105842       1.0406441      0.99800075       20.393122       12.954923       10.386732      0.96639469       1.6309605       1.6071429       1.0025577      0.99932079   2.0538772e-09       67.463435      0.80330789      0.31542395      0.82369937     0.062797482       13.772837       10983.522       5.1400298        5.1400298       10983.522                               10554.323                 23.546859                  395.9403                      9.7118238
              1       5496.3407       3.0224553       3.0859018      0.96053642     0.021988525      0.12100113     0.046000762       1.0407271      0.99796883       21.741125       14.560471       12.332665      0.92860339       1.0415316       1.2414352        1.002648       1.0012683   2.0541665e-09       67.096588      0.80445571      0.31904942      0.82960333     0.039901796       13.803592       10982.365       5.1584092        5.1584092       10982.365                               10553.231                 23.879184                 395.90131                      9.3534867
              4       5493.6351       3.0282247       3.0559577      0.95879599     0.021987059      0.12122877     0.048279997       1.0404808      0.99900214       20.018886       13.107517       10.737312      0.93513129       1.3078546       1.4551676      0.99761089      0.99771637   2.0660522e-09       66.588749      0.80761977      0.32444452      0.83987864     0.009957741       13.843122       10977.431       4.9195259        4.9195259       10977.431                               10548.557                 24.164408                 395.72784                      8.9821051
              3        5495.634       3.0296425       3.0309719      0.95873728     0.021942525      0.12077677     0.048830406       1.0405409      0.99844098       18.841546       11.490236       9.2130972       1.0567989       1.3710558       1.5542169      0.99873427       1.0000185   2.0689834e-09       66.442225      0.80773497      0.32474763      0.84039073    -0.015028104       13.869985       10981.293       4.9877087        4.9877087       10981.293                               10552.338                 24.320025                 395.69902                      8.9353859
              1       5493.3691        3.031904       3.0295935      0.96048374     0.021962457      0.12021967     0.049964783       1.0406664       1.0006647       20.372844       13.360234       10.649587       1.0155369       1.3039126       1.4979403       1.0011982       1.0005408   2.0736677e-09       66.677968      0.80745852      0.32124667      0.83556244    -0.016406467       13.863367        10977.08       4.8292377        4.8292377        10977.08                               10548.658                 23.688437                 395.73879                      8.9941584
              2       5493.7564       3.0316558       3.0447168      0.96141835     0.022062444      0.12034448     0.049809106       1.0406791       1.0002952       20.259452       13.655722       10.341496      0.99378719       1.2454516       1.3123245       1.0003725       1.0029359   2.0731531e-09       66.893691      0.80714933      0.31968554      0.83321056   -0.0012832172       13.837686       10977.841       4.8360162        4.8360162       10977.841                               10549.514                 23.582817                 395.72019                      9.0243157
              1       5494.7355       3.0318929       3.0447168      0.96129922     0.022062444      0.12034448     0.049809106       1.0406791       1.0003987       20.182031        13.33048        10.01033      0.97659685       1.2445163       1.3124534       1.0009222       1.0019902   2.0736447e-09       66.893691      0.80720903      0.31968554      0.83327218   -0.0012832172       13.837686       10979.827       4.8220298        4.8220298       10979.827                               10551.468                 23.611714                 395.73571                      9.0112598
              3       5493.2224       3.0322028       3.0447168      0.96354683     0.022062444      0.12034448     0.049809106       1.0406791       1.0010967       19.321774       13.620985       10.506033      0.83172204       1.1508959       1.2762323       1.0001881       0.9957827   2.0742874e-09       66.893691      0.80801387      0.31968554      0.83410301   -0.0012832172       13.837686       10976.504       4.9705746        4.9705746       10976.504                               10548.556                 23.042664                 395.74238                      9.1621044
              1       5493.7687       3.0322879       3.0366606      0.96324028     0.022037626      0.12026734     0.049817857        1.040674       1.0011584       19.027671       13.271989       10.069904      0.84236271       1.1598958       1.2879081       1.0016211      0.99639217   2.0744641e-09       66.806252      0.80806347      0.32029186      0.83494486   -0.0093393981       13.848387       10977.596        4.970824         4.970824       10977.596                                10549.65                 23.088749                   395.742                      9.1152829
              1        5498.333       3.0355034       2.9873869      0.96122298     0.021986549      0.12032877     0.050747336       1.0409359       1.0016292       20.048513       12.886008       10.454091      0.94426014       1.3405023       1.5609846      0.99601358      0.99158164   2.0811452e-09       66.266334       0.8110228      0.32553811      0.84483783    -0.058613122       13.897248       10985.803       5.4313926        5.4313926       10985.803                               10557.463                 23.457779                 395.79187                      9.0911157
              2       5499.7887       3.0354855       2.9874163      0.96123333     0.021984354      0.12032321     0.050744223       1.0409436       1.0009782       19.117483       11.943306       9.7120684       1.0564528       1.3568176       1.6955092       1.0003121      0.99050859    2.081108e-09       66.269359      0.81101631      0.32549073       0.8447696    -0.058583747       13.897186       10988.952       5.3127309        5.3127309       10988.952                               10560.469                 23.554947                 395.80283                      9.1252378
              2       5505.3404       3.0338461       2.9900933      0.95874435     0.021858848      0.12099958     0.050080501       1.0408693      0.99995378       18.819581       11.684857       9.0436921       1.1624147       1.0010304        1.599239       1.0027184      0.99926375   2.0776989e-09       65.939821      0.81213078      0.33002007      0.85179585    -0.055906736       13.912046       11001.031        4.825084         4.825084       11001.031                                10571.71                 24.100149                 395.77212                      9.4480937
              1       5503.2112       3.0346307       2.9727943       0.9593987     0.021894733      0.12039441     0.050359784       1.0405965       1.0005065       17.999648         11.1878       8.4896357       1.0675225       1.0797745        1.610297       1.0002476      0.99365302   2.0793298e-09       65.889993      0.81085826      0.32920179      0.84940616    -0.073205672        13.93237       10996.407       5.0075076        5.0075076       10996.407                                10567.32                 23.929707                 395.80577                      9.3518799
              3       5497.8381       3.0348237       2.9700717      0.95909211     0.021929018       0.1205493     0.050308956       1.0405764       1.0005644       18.372895       12.209606       9.2761297       1.0731055       1.3144032       1.7585309      0.99761498      0.99549744   2.0797312e-09       65.826718      0.81126603      0.33027053      0.85121168    -0.075928313       13.932951       10985.795       4.9405407        4.9405407       10985.795                               10556.561                 23.991279                 395.78559                      9.4574179
              1       5500.1981       3.0358495       2.9700717      0.95850737     0.021929018       0.1205493     0.050308956       1.0405764       1.0002226       15.787457       10.191262       7.6846199       1.1418542       1.8493647       2.1894217       1.0007209      0.99964894   2.0818656e-09       65.826718      0.81150754      0.33027053      0.85146508    -0.075928313       13.932951       10990.811       4.7924318        4.7924318       10990.811                               10561.071                 24.273308                 395.79526                      9.6720219
              2       5497.9792       3.0341237       2.9865001      0.95919948     0.021994509      0.12062939     0.049570547       1.0405133       1.0006008       15.445909         9.87993        6.942339       1.1871383       1.9434819       2.2526344      0.99392585      0.99328428   2.0782757e-09       66.018992      0.81040926      0.32868961      0.84827517    -0.059499937       13.911291        10985.51       5.2241115        5.2241115        10985.51                               10556.481                 24.042984                 395.70936                      9.2772527
              5       5497.2315       3.0341189       3.0112099      0.96078653      0.02191598       0.1202867     0.050110312       1.0406226       0.9999458       17.557752        10.81512       8.2732388      0.83838693       1.6977751        1.758088      0.99622028       0.9981877   2.0782657e-09       66.391982      0.80941283      0.32406018      0.84124459    -0.034790118       13.888806       10984.716       4.8733428        4.8733428       10984.716                               10556.145                 23.813725                 395.73499                      9.0222944
              1       5500.7773       3.0387204       3.0112099       0.9575465      0.02191598       0.1202867     0.050110312       1.0406226       1.0017637       17.786999        11.59519       8.7447111      0.79488168       1.9166533       1.9242517      0.99647011       1.0023891   2.0878509e-09       66.391982      0.81030251      0.32406018      0.84216926    -0.034790118       13.888806       10991.305       5.1249568        5.1249568       10991.305                               10561.788                 24.685974                  395.7901                       9.040748
              1       5499.0756        3.041475       3.0112099      0.96080615      0.02191598       0.1202867     0.050110312       1.0406226       1.0040539       16.852463       11.020924       8.2837957      0.78632224       1.8511728         1.85305       1.0026307       1.0019907   2.0936101e-09       66.391982       0.8124013      0.32406018       0.8443506    -0.034790118       13.888806       10985.842       6.1543841        6.1543841       10985.842                               10557.197                 23.742565                 395.74343                      9.1599254
              2       5498.4327       3.0373627       3.0112099      0.95960587      0.02191598       0.1202867     0.050110312       1.0406226       1.0014747        17.07426       11.220958       8.4843299      0.77995064       1.8788772       1.7226451       1.0001672        1.001821   2.0850183e-09       66.391982      0.81037143      0.32406018       0.8422409    -0.034790118       13.888806       10986.914       4.9759583        4.9759583       10986.914                               10558.016                 24.107933                 395.74375                      9.0463444
              3       5502.0754       3.0400097       3.0150191      0.96015761     0.021907811      0.12023877     0.051406711       1.0407164       1.0019571       17.732648       10.434229       8.5161294      0.92562946       1.9240396       1.8011933      0.99384522      0.99645808   2.0905446e-09       66.476645      0.81145422      0.32310968      0.84212853    -0.030980893       13.882645       10993.463       5.3438056        5.3438056       10993.463                               10564.646                  23.97101                  395.8131                      9.0332006
              1       5502.0892       3.0397363       3.0304574      0.96092921     0.022067782      0.12048698     0.051115023       1.0405504       1.0018368       17.930625       10.373964       8.0282742       1.2067422       1.8260056       1.8066841      0.98804622      0.99391073   2.0899732e-09       66.642439      0.81105134      0.32242862      0.84082285    -0.015542622       13.856377       10992.268       5.9550251        5.9550251       10992.268                               10563.622                 23.860327                 395.82159                      8.9649165
              3       5494.6026        3.039502       3.0526644      0.96321113     0.022185746      0.12030644     0.051085608       1.0407119       1.0020768       18.300168       11.300378       8.1196378       1.1038799       1.6972899       1.5997997      0.99709309      0.99987779   2.0894834e-09       67.111292      0.81002478       0.3178051      0.83371594    0.0066643501       13.815803        10978.86       5.1726254        5.1726254        10978.86                               10550.823                 23.423045                 395.76812                      8.8455096
              1       5498.0569       3.0450365       3.0526644      0.96178546     0.022185746      0.12030644     0.051085608       1.0407119       1.0062245       19.807479       13.689872       10.319121      0.96956768       1.4565381       1.3537716      0.99268451      0.99706313   2.1010798e-09       67.111292      0.81183461       0.3178051      0.83557871    0.0066643501       13.815803       10979.723       8.1954978        8.1954978       10979.723                               10551.598                 23.530891                  395.7844                      8.8093727
              3       5502.4254       3.0443731       3.0526644      0.96353536     0.022185746      0.12030644     0.051085608       1.0407119       1.0062663       19.991977       12.268331       9.7386036      0.90573111       1.3657034        1.249001      0.98774609      0.99404278   2.0996864e-09       67.111292      0.81209899       0.3178051      0.83585081    0.0066643501       13.815803       10987.141       8.8548382        8.8548382       10987.141                               10559.362                 23.095706                 395.77626                      8.9071485
              2       5497.2084        3.042629       3.0580914      0.96432092     0.022227065      0.12023799     0.050254846       1.0409281       1.0052037       19.144868       12.212202       9.2759426      0.78545569       1.5477435       1.4466484      0.99396475      0.99484692   2.0960276e-09       67.304528      0.81127725      0.31592296       0.8325288     0.012091356       13.799227       10979.884       7.2664367        7.2664367       10979.884                               10552.173                 23.101444                 395.70638                      8.9027816
              3       5493.2773       3.0408756         3.04082      0.96361771     0.022127879      0.11989415     0.049517746       1.0408639       1.0049401       18.662478       11.796464       8.8135966      0.98976764       1.5965313       1.6267581      0.99619906      0.99866141   2.0923557e-09       67.121575      0.81009484      0.31666307       0.8322886   -0.0051800379       13.827713       10972.917       6.8188094        6.8188094       10972.917                                10545.16                 23.223422                 395.68085                      8.8527639
              3       5496.7208       3.0351107         3.04082      0.95776781     0.022127879      0.11989415     0.049517746       1.0408639       1.0003747       17.669411       10.969581        8.109042       1.1312243       1.8391238       1.9050469       1.0006457       1.0050574    2.080328e-09       67.121575      0.80599323      0.31666307      0.82807462   -0.0051800379       13.827713       10983.589       4.9264619        4.9264619       10983.589                               10554.397                  24.88382                 395.69131                      8.6162467
              1       5496.2961       3.0342343       3.0352338      0.95676388     0.022179421      0.12031795     0.048820059       1.0408944       1.0002062       18.552937       11.079925        8.794197       1.0251749       1.7728739       1.9686926      0.99917408      0.99912802   2.0785056e-09        66.96202      0.80672298      0.31923204      0.83217955    -0.010766206       13.829118       10983.001       4.7958697        4.7958697       10983.001                               10553.521                 25.121276                 395.71344                      8.6448477
              1       5496.6745       3.0391205       2.9677391       0.9548904     0.022173998      0.11988802     0.050409813       1.0406318       1.0023953       18.577497       11.873323       8.8450296       1.3180476       1.7358288       2.1289454      0.99827109      0.99555979   2.0886865e-09       66.246132       0.8087323      0.32515233      0.84195251    -0.078260853        13.90616       10982.634       5.3577868        5.3577868       10982.634                               10552.613                 25.302833                 395.78404                      8.9337054
              2       5498.7315       3.0421503       2.9563846      0.95655019     0.022231741       0.1193623      0.05168111       1.0408717       1.0035799       19.007771       12.235322       9.1987262       1.2915882       1.6715493       2.0136961       1.0008133      0.99541651   2.0950245e-09       66.424927      0.80909303      0.32233954      0.83867679    -0.089615426       13.902857       10985.625       5.9188715        5.9188715       10985.625                               10556.184                 24.848587                 395.82336                      8.7696243
              1        5498.651       3.0313158       2.9563846      0.96158643     0.022231741       0.1193623      0.05168111       1.0408717       0.9987524        18.29825       10.777607       7.9957221       1.3044049       1.6803363       2.0039333      0.99870762      0.98963165   2.0724485e-09       66.424927      0.80622462      0.32233954       0.8357035    -0.089615426       13.902857       10986.391       5.4556383        5.4556383       10986.391                               10558.267                 23.528584                 395.78929                      8.8054765
              2       5494.3365       3.0311901       2.9563846      0.95847416     0.022231741       0.1193623      0.05168111       1.0408717      0.99855939       18.035426       11.004844       8.0304731       1.2941016       1.5837211       1.9657597      0.99585938      0.99143623   2.0721878e-09       66.424927      0.80524446      0.32233954      0.83468751    -0.089615426       13.902857       10977.866       5.4036966        5.4036966       10977.866                               10549.107                 24.280197                 395.79106                      8.6877833
              1       5496.0737       3.0306083       2.9403008      0.95788442     0.022198173       0.1192444     0.051300929         1.04092      0.99860559       17.621479       11.077553       7.8397532        1.144523       1.3909664       1.7861165       1.0003903      0.99962728   2.0709826e-09       66.269676       0.8051652      0.32350083       0.8361074     -0.10569921       13.921267       10982.263       4.9422613        4.9422613       10982.263                               10553.403                 24.387335                 395.77853                      8.6938372
              1       5496.6851         3.02941       2.9542904      0.95880399     0.022210629      0.11904964     0.050962291       1.0408035      0.99840719       17.337573       11.658445       8.2235516      0.88371121       1.3750813       1.6568288       0.9975447      0.99346638   2.0685026e-09       66.470003      0.80369545      0.32114632      0.83153849    -0.091709573       13.907992       10982.907       5.2317997        5.2317997       10982.907                               10554.272                 24.205035                 395.76515                      8.6645389
              1       5493.1302       3.0298446       2.9542904      0.95889999     0.022210629      0.11904964     0.050962291       1.0408035      0.99867057        16.10098       10.136831       6.9934224       1.1139363       1.9176619       2.3346934      0.99214845      0.99322323   2.0694016e-09       66.470003      0.80389868      0.32114632      0.83174876    -0.091709573       13.907992       10975.331       5.4645027        5.4645027       10975.331                               10546.727                 24.173977                 395.76515                      8.6655046
              1       5493.9273       3.0297581       2.9726581       0.9595308     0.022189151      0.11911833     0.051161417       1.0409098      0.99845222       16.416214       10.774194       7.5794535       1.0831204       1.9294855       2.3324526      0.99296127      0.99453408   2.0692227e-09       66.675113      0.80385995      0.31928629      0.82929663    -0.073341889       13.887964       10977.107        5.374005         5.374005       10977.107                               10548.537                 24.065455                 395.74876                      8.7559396
              2       5496.0575       3.0293115       2.9864581      0.96091229     0.022297019      0.11905615     0.050931645       1.0409352      0.99857225       16.081275       10.516736       7.2940247       1.1155092       1.9613737       2.4275619      0.99083982      0.99174438   2.0682988e-09       66.952488      0.80300053       0.3167531       0.8251172    -0.059541889       13.861539       10980.698       5.7086527        5.7086527       10980.698                               10552.274                 23.796036                 395.73545                      8.8920077
              3       5495.1924       3.0273184       2.9864581       0.9630492     0.022297019      0.11905615     0.050931645       1.0409352      0.99796748       15.975825        9.528162       6.6477189       1.2079154       2.0522725       2.5801315      0.99359726      0.99094006   2.0641804e-09       66.952488      0.80284141       0.3167531       0.8249537    -0.059541889       13.861539       10978.923       5.7311321        5.7311321       10978.923                               10550.892                 23.257408                  395.6618                      9.1113262
              3       5494.0838       3.0273739        2.988278      0.96316843     0.022307272      0.11906477     0.050958337       1.0409329      0.99783372       16.516525       9.5918303       6.9158219       1.1514498       1.9402147       2.3783444      0.99577116      0.99538906   2.0642952e-09       66.978055      0.80282257      0.31655404      0.82467509    -0.057722016       13.858704       10977.455       5.3563938        5.3563938       10977.455                               10549.433                 23.259756                 395.66603                       9.096253
              4       5496.0068        3.026785       2.9754539      0.96284341     0.022327331       0.1189834     0.050511568       1.0409008      0.99856529       16.772166       9.9124218       7.0054618       1.2013922       1.9318764        2.261119      0.99362625      0.99537591   2.0630797e-09       66.864516      0.80253013      0.31748829      0.82559028     -0.07054612       13.870711       10981.494       5.2599609        5.2599609       10981.494                               10553.429                 23.214074                 395.72575                      9.1246241
              4       5498.9777       3.0273862       2.9856439       0.9637899     0.022299641       0.1187814     0.051015506       1.0410021      0.99866276       17.063432        10.85262       7.8424473       1.2638032       1.6473281        2.404842       1.0034591      0.99435293   2.0643204e-09       67.063984      0.80225702       0.3150954      0.82219329      -0.0603561       13.858968        10987.66       5.1475831        5.1475831        10987.66                                10559.53                  23.04043                 395.71182                      9.3775812
              5       5497.7205       3.0264793       2.9877615      0.96341597     0.022287866      0.11891248     0.050607645       1.0409956      0.99814715       15.608247       9.5556893       6.8798607       1.1330666       1.6317876       2.3615481       1.0006594      0.99678165   2.0624493e-09       67.030505      0.80219005      0.31567652      0.82288241    -0.058238534       13.858695       10985.213       5.1138604        5.1138604       10985.213                               10557.051                 23.156099                 395.71828                      9.2876276
              1       5496.2994       3.0271506       2.9795983      0.96292752     0.022236103      0.11886199     0.050932267       1.0409918      0.99822954        15.30683       9.7373117       6.8947337        1.096645       1.7338924       2.4446527      0.99479792      0.99500909   2.0638341e-09       66.910504      0.80263085      0.31657852      0.82451003     -0.06640174        13.87239       10982.007       5.2958699        5.2958699       10982.007                               10553.932                 23.233142                 395.66789                      9.1744277
              2       5495.0934       3.0285704       2.9133089      0.96052387     0.022216677      0.11869875     0.050838403       1.0410571      0.99868751       14.476142       8.8672208       5.9777922      0.97268017        1.836852       2.3650429      0.99413193      0.99553729   2.0667665e-09       66.209318      0.80426944      0.32287853      0.83437354     -0.13269109       13.941551       10979.797       5.1948158        5.1948158       10979.797                               10551.621                 23.673385                  395.7581                      8.7448447
              1       5494.5513       3.0285411       2.9246602      0.96075179       0.0221449      0.11872296     0.051077849       1.0412298      0.99847208       15.059247       9.5351696       6.6103932      0.96191985       1.8930454       2.3844931      0.99548074      0.99707544    2.066706e-09        66.33046      0.80450751      0.32159626      0.83296157     -0.12133981       13.931746       10978.869       5.1169004        5.1169004       10978.869                               10550.626                 23.639855                 395.79878                      8.8041763
              2       5496.3868       3.0311841       2.9699075      0.96323646     0.022212987      0.11872611     0.052747161       1.0411744      0.99866178       16.818861        9.480961       6.7114812       1.2891074       1.8593319       2.5513018      0.99789331      0.99293872   2.0721755e-09        66.88825      0.80448082      0.31643038      0.82621705    -0.076092496       13.878838       10982.374       5.2000199        5.2000199       10982.374                               10554.285                 23.195567                 395.84393                      9.0487684
              2        5496.405       3.0311101       2.9705189      0.96337221     0.022215029      0.11868111     0.052729501       1.0411687      0.99866843       15.805877       10.164066       6.6122276       1.1040421       1.9514805       2.4396545       1.0041778      0.99641654    2.072022e-09       66.910891      0.80430769      0.31612053      0.82563472    -0.075481126       13.877972       10982.653       5.0785759        5.0785759       10982.653                                10554.56                 23.170878                  395.8556                      9.0663187
              2       5500.6284       3.0283645       3.0031043      0.96424448     0.022319519      0.11902362      0.05157417       1.0410805      0.99793467        17.21899       9.7686867       7.1467823       1.0874715       1.8095776       2.3545027       1.0032184      0.99203175   2.0663411e-09       67.222668      0.80299975      0.31419572      0.82177877    -0.042895718       13.837391       10990.265       5.4957548        5.4957548       10990.265                               10562.088                 23.073856                 395.75179                      9.3513903
              6       5501.4371       3.0320611       3.0031043      0.96207975     0.022319519      0.11902362      0.05157417       1.0410805      0.99843974       17.105087       10.038257       7.4915419        1.173415       1.9234231       2.5148859       1.0069108      0.99386127   2.0739936e-09       67.222668      0.80383197      0.31419572      0.82263046    -0.042895718       13.837391        10992.06       5.4072198        5.4072198        10992.06                               10563.703                 23.752825                 395.77518                      8.8285517
              1       5499.1248       3.0337623       3.0031043      0.96648807     0.022319519      0.11902362      0.05157417       1.0410805       1.0004147       16.434475       10.596875       7.2968468       1.1481435        1.970747        2.458427       1.0048806      0.99697222   2.0775248e-09       67.222668      0.80584896      0.31419572      0.82469461    -0.042895718       13.837391       10988.322       4.9639534        4.9639534       10988.322                               10560.828                 22.650983                  395.7498                      9.0925356
              2       5496.1848       3.0331576       2.9995267      0.96664717     0.022330503      0.11887629     0.051273764       1.0410292       1.0004181       15.619679       9.3558357       6.9909725      0.90036286       1.7169719       2.0111795      0.99281311      0.99296832   2.0762689e-09       67.225118      0.80518679      0.31386985      0.82358952    -0.046473319       13.840928        10981.76       5.3047206        5.3047206        10981.76                               10554.365                 22.623139                  395.6881                       9.083991
              1       5495.8431       3.0365755       2.9995267      0.95849286     0.022330503      0.11887629     0.051273764       1.0410292       1.0004042       16.858528       11.089821       7.9816769       1.0590256       1.8137335       1.9879976       1.0021465       1.0023316   2.0833776e-09       67.225118      0.80410096      0.31386985      0.82247888    -0.046473319       13.840928       10981.989       4.8485415        4.8485415       10981.989                               10552.983                 24.731259                 395.76333                       8.511382
              2        5495.519       3.0360419       3.0023027      0.95879724     0.022258368      0.11868121     0.051237073       1.0411643       1.0002708        16.65211       11.330545       7.7258356       1.0908043       1.7201645       1.8948229       1.0008341        1.002749   2.0822661e-09       67.311895      0.80366109      0.31247232      0.82019684    -0.043697271       13.840449       10981.373       4.8323832        4.8323832       10981.373                               10552.366                 24.666203                 395.76046                      8.5804666
              1       5495.8134       3.0389017       3.0096744      0.96142139     0.022376705      0.11820347     0.052540169       1.0413457       1.0013536       16.975255       11.452214       7.9015177       1.0554756       1.7042753       1.8641342        1.000332       1.0004585   2.0882296e-09       67.724127      0.80339239      0.30789886      0.81390015    -0.036325624       13.813312        10981.76       4.9334399        4.9334399        10981.76                               10553.037                 24.066716                 395.81375                      8.8422605
              1       5495.0042       3.0463659       2.9504893      0.96021866     0.022124093      0.11731454     0.055994625       1.0414352       1.0030554       18.119098       11.461282       8.7054637       1.1132436       1.5819549       1.8230009      0.99719149      0.99943918   2.1038748e-09       67.176912      0.80620582      0.31038497      0.82004114    -0.095510736       13.894412       10978.862       5.5730831        5.5730831       10978.862                               10549.719                 24.177652                 396.47025                      8.4954172
             11       5495.6983       3.0479578       2.9504893      0.96212472     0.022124093      0.11731454     0.055994625       1.0414352        1.004384       17.677362       11.181414       8.4191489       1.1064284       1.5716771       1.8887023      0.99543816      0.99601964   2.1072266e-09       67.176912      0.80742211      0.31038497      0.82127831    -0.095510736       13.894412       10978.384         6.50611          6.50611       10978.384                                 10549.7                 23.641669                  396.4751                      8.5680064
              1        5495.521       3.0475449       2.9104574      0.96117888     0.022158054      0.11702114     0.055326211       1.0413612       1.0048113       16.660034       10.226798       7.1087474       1.2230024        1.593237       1.9308474      0.99489172      0.99757741   2.1063567e-09       66.819585      0.80712479      0.31311804      0.82458247     -0.13554265        13.93433       10977.448       6.7969676        6.7969676       10977.448                               10548.874                 23.787877                 396.32157                      8.4646079
              1       5496.2795        3.046838       2.9235386      0.96213544      0.02227487      0.11720299     0.054865371       1.0415218       1.0048638       16.473771       9.9595582        7.047345       1.1295497        1.660618        1.867713      0.99637988      0.99678752   2.1048683e-09         67.0551      0.80693825      0.31159129      0.82237961     -0.12246138         13.9045       10978.969       6.7949087        6.7949087       10978.969                               10550.682                 23.610595                 396.17746                      8.4990057
              1       5495.7283       3.0350254       2.9213824      0.95798731     0.022116247      0.11799936     0.049459354       1.0412911       1.0033678       16.537629       10.684566       7.5001144       1.0566654       1.4430508       1.6682665      0.99913903       1.0020501   2.0801506e-09       66.543278      0.80418871      0.31784248      0.82775786     -0.12461758       13.933287       10980.022       5.7173599        5.7173599       10980.022                                10551.45                 24.344254                 395.67242                       8.554675
              1       5493.9578       3.0336595       2.9406214      0.95726863     0.022087514      0.11849749     0.048989222       1.0412392       1.0035667       19.371092       12.523461       9.7447491        1.185434       1.3065492       1.5977017      0.99505314      0.99565535   2.0773113e-09       66.549902      0.80450622      0.31884602      0.82939092     -0.10537855       13.919513       10975.876        6.019679         6.019679       10975.876                               10547.163                 24.386826                 395.66443                      8.6614201
              1       5493.1917       3.0322182       2.9406214      0.95759257     0.022087514      0.11849749     0.048989222       1.0412392       1.0028435       18.557065       12.332775       9.1602823       1.1655207       1.3948496       1.7449262      0.99494669      0.99620002   2.0743194e-09       66.549902      0.80402306      0.31884602      0.82889282     -0.10537855       13.919513        10975.12       5.6319575        5.6319575        10975.12                               10546.427                 24.306488                 395.68278                      8.7031667
              5       5492.7516       3.0313265       2.9453503      0.95755017     0.022149458      0.11864667     0.048489986       1.0410968        1.002651       18.621488        12.70504       9.2661944       1.1506144       1.3621561       1.6468768      0.99716336      0.99717528   2.0724705e-09       66.555352      0.80359328      0.31927213      0.82900314     -0.10064966       13.913131       10974.648       5.4276198        5.4276198       10974.648                               10545.964                 24.334876                 395.67405                      8.6749689
              1       5494.8548       3.0325307        2.968835      0.96017686     0.022239588      0.11826866     0.049267368       1.0411482       1.0031003       18.972982        12.69574       9.1684284       1.2155746       1.4657989        1.674145      0.99885633      0.99846616   2.0749677e-09       67.049957      0.80247662      0.31394718      0.82091852     -0.07716499       13.876122       10978.565       5.5725068        5.5725068       10978.565                               10550.068                 23.793407                 395.70331                      9.0001116
              2       5495.1345       3.0323324        2.968835      0.96051756     0.022239588      0.11826866     0.049267368       1.0411482       1.0030702       19.748872       12.501979       9.8727015       1.1811767       1.4712046       1.7397817      0.99459189      0.99718647   2.0745564e-09       67.049957      0.80249911      0.31394718      0.82094153     -0.07716499       13.876122       10978.819       5.7251402        5.7251402       10978.819                               10550.374                 23.703986                 395.70635                      9.0344944
              3       5496.2029       3.0285978       3.0464278      0.96165864     0.022261661      0.11899358     0.048287443       1.0409065        1.001254       20.422171       13.050962       10.448002       1.1517486       1.4586467       1.6578281      0.99074615      0.99527412   2.0668231e-09       67.627633      0.80086166      0.31026612       0.8144493   0.00042776715       13.803288       10981.504       5.4508999        5.4508999       10981.504                               10552.344                 23.625877                 395.73105                      9.8031048
              2       5497.1464       3.0238723       3.0464278      0.96222405     0.022261661      0.11899358     0.048287443       1.0409065      0.99876664       20.592553       13.321443        10.35468       1.3262395       1.4021037       1.5996007      0.99733354      0.99784107   2.0570793e-09       67.627633      0.79914203      0.31026612       0.8127005   0.00042776715       13.803288       10984.361        4.965804         4.965804       10984.361                               10554.946                 23.517707                 395.73722                      10.160124
              5       5497.7565       3.0233829       3.0464278      0.96338125     0.022261661      0.11899358     0.048287443       1.0409065      0.99835291        19.02516       12.655579       9.8138118       1.3854091       1.4447659        1.813491      0.99975636      0.99679195   2.0560729e-09       67.627633      0.79929546      0.31026612      0.81285653   0.00042776715       13.803288       10985.405       5.0540409        5.0540409       10985.405                               10556.253                 23.289645                 395.71888                      10.143774
              2        5499.666       3.0232584       3.0489595      0.96344092      0.02226572      0.11901742     0.048247374       1.0409014      0.99918426       18.612747       14.065694       10.695371       0.9128726       1.2654264        1.558908      0.99968488      0.99230092   2.0558169e-09       67.650384      0.79924588      0.31011844      0.81261264    0.0029595396       13.800492       10989.061       5.1353642        5.1353642       10989.061                               10559.602                 23.153314                  395.7201                      10.586233
              4       5500.5397       3.0173252       3.0489595      0.96422036      0.02226572      0.11901742     0.048247374       1.0409014      0.99607746       19.131935       13.741355       11.356179      0.75490123       1.0508106       1.2460845      0.99980824      0.99635182   2.0436554e-09       67.650384      0.79711296      0.31011844      0.81044405    0.0029595396       13.800492       10988.914       6.0828892        6.0828892       10988.914                               10559.002                 23.010911                 395.76025                      11.140309
              1       5498.2634       3.0177109        3.034182      0.96391858     0.022155288      0.11866354     0.048544135       1.0409752      0.99601033       19.016673       13.332013       10.776943      0.80061887       1.1721126       1.2848802       1.0041937       1.0014801   2.0444438e-09       67.538482      0.79700445      0.31012559      0.81034307    -0.011818017       13.823263       10984.212       6.1575442        6.1575442       10984.212                               10554.464                 23.070764                 395.73864                      10.938135
              1       5498.5115       3.0185055       3.0374317      0.96442858     0.022167326      0.11857584     0.048952929       1.0409946      0.99620606       19.172829       14.178718       11.174375      0.71291922       1.0257876       1.1174376      0.99655038       1.0024848   2.0460691e-09       67.623441      0.79703906      0.30918251      0.80914515   -0.0085682794       13.817711       10984.969       6.0271435        6.0271435       10984.969                               10555.144                 22.973017                 395.73142                      11.119715
              1       5500.0383       3.0201472       3.0374317      0.96319364     0.022167326      0.11857584     0.048952929       1.0409946      0.99682711       18.943398       14.373861       11.202887      0.78264065       1.0127638         1.17779       0.9925748       1.0017758   2.0494309e-09       67.623441       0.7973221      0.30918251      0.80943249   -0.0085682794       13.817711       10988.313       5.8820689        5.8820689       10988.313                               10558.532                 23.262372                 395.68858                      10.829168
              1       5498.1049       3.0278324       2.9995531      0.96553477     0.022220238      0.11741218     0.052247758        1.041196      0.99894274       18.430714       14.095263       10.220493      0.87526906       0.9686147       1.0822799      0.99505142      0.99649253   2.0652418e-09       67.710319       0.7983877      0.30595372      0.80627107    -0.046446942       13.840696       10986.093        5.058632         5.058632       10986.093                               10556.802                 22.770758                 395.78473                       10.73491
              1       5499.6107       3.0279464       3.0113692      0.96660009     0.022165782      0.11708504     0.052637886       1.0412464      0.99889702       20.317367       14.702083       11.385263      0.65300716      0.85108001      0.71067738       1.0007951      0.99925635   2.0654772e-09       67.937189      0.79750816      0.30309102      0.80160615    -0.034630847       13.830846       10989.444       4.8885043        4.8885043       10989.444                               10559.645                 22.597169                  395.8092                      11.392936
              1        5498.422       3.0277416       3.0805352       0.9689013      0.02228537      0.11738509     0.053156793       1.0407267      0.99856859       21.338397       15.082326       11.928368      0.62289014      0.86204773      0.75094102      0.99683061       0.9982959   2.0650543e-09       68.561334      0.79594485      0.29850155      0.79395455     0.034535227       13.763519       10986.816       5.0139138        5.0139138       10986.816                               10555.633                 22.251832                 395.80249                      13.129288
              5       5499.4039       3.0293268       3.0817781      0.96852057     0.022236943      0.11753928     0.053950514       1.0408115      0.99816131       20.244193        14.99788       11.709885      0.51711962      0.84322481      0.69849183       1.0004461      0.99936828   2.0683305e-09       68.508867      0.79723747      0.29918428      0.79615286     0.035778129       13.765272        10988.69       5.0587065        5.0587065        10988.69                               10557.806                 22.370692                 395.94257                      12.571326
              1       5498.9013       3.0281838       3.0698358      0.96803153     0.022257563      0.11751989     0.053240117       1.0407695      0.99869205       20.344728       15.220871        11.69753      0.50253027      0.68657181      0.57164877      0.99879592      0.99685007   2.0659677e-09       68.378498      0.79680762      0.30032882      0.79724419     0.023835791       13.776811       10987.845       4.9789732        4.9789732       10987.845                               10557.019                   22.3696                 395.84916                      12.606904
              3       5501.8571       3.0280051       3.0698358       0.9652666     0.022257563      0.11751989     0.053240117       1.0407695      0.99791778       18.716622       14.033174       10.826469      0.81819859       1.0230271       1.0741035       1.0001134      0.99807457   2.0655985e-09       68.378498      0.79589799      0.30032882      0.79633406     0.023835791       13.776811       10993.413       5.1507054        5.1507054       10993.413                               10562.347                 23.008299                 395.87618                      12.180978
              4       5503.5796       3.0328464       2.9717481      0.96089005     0.021956684      0.11704908     0.054964628       1.0408726       1.0003311       19.201854       13.852952       11.312871      0.72074423       1.0831029       1.0912479       1.0005243       0.9973436    2.075623e-09        67.19521      0.79956921      0.30926479      0.81182173    -0.074251887       13.904719       10997.498       4.8306831        4.8306831       10997.498                               10567.629                 23.509033                 396.23657                      10.123086
              3       5498.4009       3.0377543       2.9271129       0.9638787      0.02221675      0.11577698     0.056544268       1.0408123       1.0028975       18.103467       12.381997       9.3919686      0.76001565       1.1964084       1.0971776       1.0005306      0.99562065   2.0858349e-09       67.324021      0.79837728      0.30583388      0.80610263     -0.11888709       13.921638       10985.693       5.5542109        5.5542109       10985.693                               10556.228                 22.837383                 396.43822                      10.189741
              5       5503.5576       3.0368457       2.9277321      0.96274583     0.022179719      0.11598002       0.0561817       1.0405115       1.0035791       20.381392       13.883521       11.248711      0.59014631      0.97695352      0.76070794      0.99242037       0.9902213   2.0839406e-09       67.128168      0.79825852      0.30798972      0.80881844     -0.11826793       13.934768       10993.964        6.575436         6.575436       10993.964                               10564.387                 22.889765                 396.38427                      10.303149
              1        5503.288       3.0365579       2.9328774      0.96263854     0.022167116      0.11612573      0.05608466       1.0406077       1.0034259       21.350706       14.714176       11.826661      0.56041894      0.66938877      0.49415102      0.98792626      0.98864004   2.0833409e-09       67.157411      0.79857949      0.30801849      0.80918145     -0.11312257       13.928335       10992.379       7.0983107        7.0983107       10992.379                               10562.715                 22.916312                 396.36218                      10.385581
              3       5500.6775       3.0367493       2.9288875      0.96245681     0.022153349      0.11610766     0.056154071       1.0406185       1.0034756       20.969654        14.75759       11.881916      0.58913792      0.85050215       0.6818812      0.99175501      0.98988545   2.0837396e-09       67.109929      0.79874661       0.3083824      0.80982876     -0.11711248       13.933571       10988.149       6.6030708        6.6030708       10988.149                               10558.503                 22.942094                 396.41249                      10.290951
              3       5500.5691       3.0364207       2.9213921       0.9610308     0.022152645      0.11653542     0.055793542       1.0405975       1.0032551       20.852458       14.803151       11.886034      0.57530306      0.85760623      0.67494753      0.99151031      0.98795285   2.0830551e-09       66.862121      0.79990463       0.3116251      0.81525561     -0.12460787        13.94418         10987.7       6.7189754        6.7189754         10987.7                               10558.427                 23.204449                 396.32391                      9.7453327
              2       5498.4267       3.0348009       2.9213921      0.96109762     0.022152645      0.11653542     0.055793542       1.0405975       1.0013496       19.642872        13.95433       10.792499      0.67393578      0.72528823      0.68259122      0.99326931      0.98944971   2.0796837e-09       66.862121      0.79927685       0.3116251      0.81461579     -0.12460787        13.94418       10985.425        5.714021         5.714021       10985.425                               10556.256                 23.352686                 396.35647                      9.4602303
              2       5499.0462        3.035929       2.9213921      0.95943479     0.022152645      0.11653542     0.055793542       1.0405975       1.0015858       19.904759       14.061599        10.04863      0.89626404      0.97507893      0.93138852      0.99767742      0.99801905   2.0820312e-09       66.862121      0.79923508       0.3116251      0.81457322     -0.12460787        13.94418       10988.026       5.0330217        5.0330217       10988.026                               10558.592                 23.781928                   396.411                       9.241312
              2       5497.6682       3.0386025       2.9016156      0.95911706     0.022140666      0.11637003     0.056857987        1.040602       1.0022927       20.397271       13.792863       10.393095       0.9388053      0.93045082      0.98019941      0.99341159      0.99509373   2.0876049e-09       66.683314      0.80037636      0.31289252      0.81739357     -0.14438436       13.965621        10984.25       5.5431809        5.5431809        10984.25                               10554.822                 23.799538                 396.67028                      8.9578273
              3       5496.7654       3.0394783       2.9060529      0.95871751     0.022064266       0.1164767     0.057434343        1.040642       1.0008683       19.516842       12.927241       9.5131398      0.99420481       1.0493595       1.1073198      0.99438035      0.99800599   2.0894341e-09       66.648392        0.801192      0.31329027      0.81874645     -0.13994708       13.967941       10983.484       5.0233504        5.0233504       10983.484                               10553.862                 24.099058                 396.88732                      8.6358483
              1       5496.4982       3.0371572        2.851044      0.95335376     0.021935826       0.1173305      0.05567629       1.0406724        1.000216       18.734664       12.643275       9.1149881        1.022382       1.0243825        1.120826       0.9956836      0.99670438   2.0845899e-09       65.616512      0.80401238      0.32488543       0.8366951       -0.194956       14.042851       10983.123       4.9364484        4.9364484       10983.123                               10552.723                 25.262501                  396.6131                      8.5245968
              5       5495.2284       3.0388333       2.7802597      0.95349912     0.021949186       0.1163957     0.055731962       1.0412523       1.0033353       18.675146       12.910279        9.548234      0.99904932       1.1519562       1.2917313      0.99189006      0.99450017   2.0880868e-09       65.326036      0.80448085        0.325595      0.83809635      -0.2657403       14.096603       10978.146        6.155308         6.155308       10978.146                               10548.246                 24.822221                 396.56755                      8.5106618
              2       5494.8183       3.0413163       2.8372834      0.95772583     0.022047768      0.11607604     0.057477443       1.0414158        1.002593       18.030849       13.119306       9.3778828      0.91944723       1.2278327       1.2548639      0.99671242      0.99469529   2.0932779e-09       66.233794      0.80340003      0.31624849      0.82486988     -0.20871665       14.018247       10978.601       5.5179049        5.5179049       10978.601                               10549.065                 24.134636                 396.91452                      8.4861169
              2       5494.5522       3.0401623       2.8690644      0.95922266     0.022113517      0.11617607     0.057177207       1.0414661       1.0022439       18.355339       13.306794       9.6225953      0.88948725        1.273603       1.2748304      0.99659387      0.99413767   2.0908637e-09       66.637613      0.80238392      0.31281211      0.81933851     -0.17693558       13.976226       10978.269       5.4179171        5.4179171       10978.269                               10548.854                 23.869585                 396.77434                      8.7710603
              2        5494.302       3.0404108       2.8717712      0.95955151     0.022120012      0.11610695     0.057334509       1.0414547       1.0023085       17.573503       11.894837       8.7714004      0.90469559       1.6304691       1.7355023      0.99639917      0.99600439   2.0913833e-09       66.695262      0.80221063      0.31213178      0.81827029      -0.1742288       13.972699       10977.891       5.3562491        5.3562491       10977.891                               10548.451                 23.803382                 396.81538                      8.8218647
              2        5494.396       3.0402702       2.8731949       0.9594835     0.022114069      0.11613531     0.057292038       1.0414427       1.0004664       16.035661       10.057487       6.9745432      0.94763749       1.7406745       1.7821478      0.99910539       1.0005651   2.0910892e-09       66.692965      0.80219797      0.31220418      0.81835227     -0.17280506       13.972268       10979.175       4.8082516        4.8082516       10979.175                               10549.769                 24.108906                 396.79782                      8.4999227
              2       5493.1347       3.0421884       2.8731949      0.96084157     0.022114069      0.11613531     0.057292038       1.0414427       1.0018477       16.414779       10.206181       7.2155715       1.0359252       1.7002057       1.8490441      0.99735264      0.99782495   2.0951043e-09       66.692965      0.80337083      0.31220418      0.81954874     -0.17280506       13.972268       10976.035       5.1170666        5.1170666       10976.035                               10546.989                 23.718163                 396.79171                      8.5360109
              8       5495.0872       3.0412804       2.8768339      0.96093917     0.022087337      0.11604204     0.056998714       1.0413923       1.0016061       17.287631        11.03556       7.5312178       1.1010195       1.5969664       1.7728433      0.99746529       1.0013058   2.0932027e-09       66.730452      0.80266026      0.31158535      0.81801195     -0.16916609       13.972208        10980.11       5.0322663        5.0322663        10980.11                               10551.146                 23.711365                 396.68806                      8.5642563
              1       5495.2404       3.0411945       2.8783216      0.96090931      0.02208042      0.11607084     0.056980619       1.0414105       1.0018439       18.054281       11.073508       8.3781517       0.9706151       1.4633255       1.6598382      0.99394878      0.99813501    2.093023e-09       66.737942      0.80271195      0.31156509      0.81803803     -0.16767837       13.970896       10979.965       5.2577236        5.2577236       10979.965                               10550.988                 23.674604                 396.68162                       8.621321
              2       5495.1751       3.0429949       2.8783216      0.95670154      0.02208042      0.11607084     0.056980619       1.0414105        1.002554       17.859141       12.111861       8.8833293       1.0060882       1.4552818       1.7394914      0.99521503       1.0016057   2.0967946e-09       66.737942      0.80218687      0.31156509      0.81750292     -0.16767837       13.970896       10979.481       5.4344641        5.4344641       10979.481                               10549.505                 24.740238                 396.79855                      8.4376657
              3       5495.1291       3.0393831       2.8987608       0.9567342     0.022095383      0.11624234      0.05550437       1.0412106       1.0015754       17.240033       11.319997       8.0599676       1.2008183       1.6578911       2.0180242      0.99765313       1.0043407   2.0892351e-09       66.860533      0.80038873      0.31084808      0.81473136      -0.1472392       13.954309       10980.047       5.1055492        5.1055492       10980.047                               10550.321                 24.798887                 396.39806                      8.5289001
              1       5495.3961       3.0382934       2.9265663      0.95818875     0.022221816      0.11637756     0.055071221       1.0411462       1.0016054       17.451146       11.511793       8.2215548       1.1716982       1.6361689       1.9875961       0.9969958       1.0026544   2.0869597e-09       67.216827      0.79927517       0.3081504      0.81005977     -0.11943372       13.914366       10980.649        5.071801         5.071801       10980.649                               10551.017                 24.476173                 396.24914                      8.9061093
              9       5495.3915       3.0316866       2.9265663       0.9601979     0.022221816      0.11637756     0.055071221       1.0411462       0.9982585       16.790663       10.915651       7.3981588       1.1925579       1.4809311       1.8713843      0.99839374      0.99722766   2.0732169e-09       67.216827      0.79723527       0.3081504      0.80799234     -0.11943372       13.914366       10980.625       5.0792099        5.0792099       10980.625                               10551.091                  23.98913                 396.19028                      9.3541834
              1       5497.7183       3.0353744       2.9413201      0.96264421     0.022350486      0.11621385     0.056731047        1.041444      0.99934709       16.527982       11.126162       7.8117138       1.1489695       1.5343257       1.9654468       1.0003284       0.9945348   2.0808768e-09       67.651485      0.79805428      0.30413202      0.80353145     -0.10467989       13.875949       10985.498       4.9692385        4.9692385       10985.498                               10555.528                 23.473084                 396.45696                      10.039963
              4        5498.959       3.0332607       2.9681678      0.96401436      0.02240027        0.116181     0.055997142       1.0414374      0.99921026       17.091705       11.611308         8.49094        1.085206       1.4630471       1.8730765      0.99781855      0.99434911    2.076483e-09       68.015375      0.79634876      0.30093236      0.79758528    -0.077832191       13.842621       10987.881       5.0186058        5.0186058       10987.881                                10557.34                 23.205937                 396.25492                      11.079767
              4       5496.9211       3.0359382       2.9681678      0.96785404      0.02240027        0.116181     0.055997142       1.0414374       1.0005231       16.987038       10.702544       8.0382578      0.92586988       1.3913859       1.6113287      0.99351478      0.99385405   2.0820503e-09       68.015375      0.79857302      0.30093236      0.79981298    -0.077832191       13.842621        10983.43       5.2063028        5.2063028        10983.43                               10554.013                 22.432704                 396.21522                      10.769075
              1       5498.9155       3.0371227       2.9262253      0.96585096     0.022308891      0.11610123     0.056215672       1.0414923       1.0012702       16.246211       10.633794        7.468774       1.0962927       1.7733436       1.9954719       1.0021359       1.0027909   2.0845179e-09        67.49795      0.80007103      0.30517339      0.80694001      -0.1197747         13.8942       10987.879       4.9760879        4.9760879       10987.879                               10559.005                 22.673018                 396.31173                      9.8890094
              3       5497.7707       3.0369736       2.9314488      0.96530778     0.022340635      0.11641456     0.056081188         1.04135       1.0010407       15.831675       9.5067726       6.0992085       1.1208316         1.90537       1.9685969      0.99987356      0.99604564    2.084207e-09        67.42493      0.80049221      0.30659565      0.80924398     -0.11455116       13.891129       10985.641       4.9501691        4.9501691       10985.641                               10556.881                 22.781896                 396.30294                      9.6752046
              2       5497.3853       3.0374744       2.9314488      0.96639347     0.022340635      0.11641456     0.056081188         1.04135       1.0015725       16.814534       9.2644606       6.6458577      0.95403247       1.8361319       1.8353968      0.99563257      0.99395406   2.0852512e-09        67.42493      0.80101859      0.30659565      0.80977612     -0.11455116       13.891129       10984.248       5.2612243        5.2612243       10984.248                               10555.676                 22.529235                 396.28445                      9.7582224
              2       5500.0521       3.0366665        2.909594      0.96575198     0.022316745      0.11615251     0.055563393       1.0412446       1.0016483       17.050416       9.4317156       6.1798318        1.120238        1.782614       1.8389056      0.99246195      0.99613981   2.0835672e-09       67.209436      0.80035735       0.3079241      0.81085864       -0.136406       13.918775       10989.382       5.3612102        5.3612102       10989.382                               10561.135                 22.618405                 396.19202                      9.4365867
              1       5499.7769       3.0364615       2.9049817      0.96556665     0.022320785       0.1161369      0.05540992       1.0412196       1.0029725       16.637385       9.5865588       6.8020005      0.99801668       1.9306439       2.1811679      0.99346352      0.99672021   2.0831402e-09       67.156199      0.80028443      0.30838518      0.81139157     -0.14101828        13.92396       10988.035       5.7595485        5.7595485       10988.035                               10559.547                 22.471807                 396.17686                      9.8392391
              2       5499.5155       3.0332158        2.936171      0.96646872     0.022400285      0.11635479     0.054090067       1.0411074       1.0021501       16.006096       9.1196362       6.2137035       1.0247815       2.1398045       2.3284163      0.99884998      0.99368721   2.0763899e-09       67.469277      0.79849332      0.30619412      0.80669448     -0.10982901       13.887099       10988.309       5.3609454        5.3609454       10988.309                               10559.552                 22.381276                 395.92707                      10.449229
              2       5499.3181       3.0350491        2.936171      0.96787548     0.022400285      0.11635479     0.054090067       1.0411074        1.002735       16.161768        8.993323       5.9340213       1.2246986       2.1539667       2.3279535       0.9982798      0.99400536   2.0801999e-09       67.469277      0.79964755      0.30619412      0.80786056     -0.10982901       13.887099        10987.48       5.5781313        5.5781313        10987.48                               10559.244                 22.165786                  395.9409                      10.129801
              1       5497.5647       3.0317089       2.9197047      0.96235764     0.022259623      0.11784727     0.052199005       1.0410439       1.0006966       15.048119       10.053179       6.4301799       1.2170961       1.9592107        2.249939      0.99118841      0.98963762   2.0732633e-09       66.612004      0.80286031       0.3171667      0.82551156     -0.12629529       13.927272       10983.631       5.7491943        5.7491943       10983.631                                10555.77                 23.203553                 395.79337                      8.8642475
              1       5496.2984       3.0299191       2.8781304      0.96039538     0.022071819      0.11748808     0.051289508       1.0412028       1.0005498       17.056589       9.7721738       6.7158365       1.2537593       1.5121934       1.8480545      0.99474236      0.99860183   2.0695558e-09       66.157812      0.80270238       0.3202715      0.82937906     -0.16786964       13.984393       10982.682       4.9574223        4.9574223       10982.682                               10554.679                 23.538205                 395.76137                      8.7031413
              2       5496.1511       3.0276659       2.9071681      0.96146292     0.022096034      0.11748542     0.050575103       1.0410661      0.99953975         16.7121       9.8915914       6.4607814       1.1949784        1.592358       1.8217228      0.99662171       1.0000641   2.0648979e-09       66.469211      0.80090278      0.31733704      0.82371989     -0.13883192       13.955069       10982.584       4.8592855        4.8592855       10982.584                               10554.656                 23.438928                 395.68728                      8.8014706
              5       5494.9588       3.0260393       2.9071681      0.95822501     0.022096034      0.11748542     0.050575103       1.0410661      0.99823164       17.565691       10.139704       7.1889929       1.2958687       1.7443795       1.9670302      0.99756496       1.0002685   2.0615418e-09       66.469211      0.79929518      0.31733704       0.8220665     -0.13883192       13.955069       10979.787       5.0654297        5.0654297       10979.787                               10551.131                 24.275817                 395.69031                      8.6900053
              2       5497.8545       3.0259479       2.9091567      0.95727626      0.02215755      0.11825161     0.050180425        1.041451      0.99789601       17.736529       10.345341       7.8239182       1.2939493       1.4103251       1.8456541      0.99626715      0.99948446   2.0613534e-09       66.399809      0.80155459      0.31987882      0.82768526     -0.13684331       13.938262       10985.288       5.2103946        5.2103946       10985.288                               10556.364                 24.530818                 395.71234                       8.681196
              2       5498.1903       3.0251319       2.9302408      0.95791276     0.022185983      0.11838784     0.049976948       1.0414104      0.99743369       17.601827       12.209879       9.0873534       1.0287242       1.4089214       1.8218127      0.99530885      0.99892397   2.0596722e-09       66.605323      0.80099717      0.31828667       0.8250487     -0.11575917       13.914832       10985.525       5.4279524        5.4279524       10985.525                               10556.626                 24.448646                 395.67949                      8.7707706
              3       5497.8868       3.0219565       2.9190255      0.95681591     0.022120859      0.11838206     0.048487633       1.0414075      0.99681362       17.284803       11.743433       8.6682528       1.0286688       1.4304497       1.7878167      0.99535435       1.0009644   2.0531423e-09       66.423934      0.80001765      0.31986259      0.82607726     -0.12697452       13.933395       10984.354       5.7100554        5.7100554       10984.354                               10555.225                 24.708279                 395.71031                      8.7101339
              2       5498.9069        3.022122        2.926284      0.95817675     0.022258865       0.1183169     0.048400049       1.0414595      0.99719549       16.986962        11.09134        7.790009      0.87869146       1.4349064       1.6442668      0.99463124       0.9943444    2.053482e-09       66.660113      0.79951264       0.3177666      0.82284651     -0.11971598       13.909815       10986.377        5.718525         5.718525       10986.377                                10557.46                 24.404252                  395.6966                      8.8164134
              2       5496.4538       3.0327266       2.9637937       0.9624615     0.022402812      0.11775551      0.05371255       1.0411756      0.99921325       17.556777       10.138353       7.8481067       1.1488706       1.7774662       1.9408924      0.99507499      0.99368796   2.0753743e-09       67.315826      0.80098483      0.31069817      0.81514152    -0.082206319       13.861824       10982.597       5.1552602        5.1552602       10982.597                               10553.933                 23.481464                 395.94306                       9.239967
              9       5500.5273       3.0311619       2.9645133      0.96267991     0.022431147      0.11762405      0.05299282       1.0410305      0.99902653       18.305602       10.764885       8.5490303      0.98181609       1.2526521       1.6412377       1.0028872      0.99325242   2.0721294e-09       67.345659      0.79970124      0.31019584      0.81317708    -0.081486703       13.861983       10990.794       5.1303934        5.1303934       10990.794                               10562.233                 23.448043                 395.82785                      9.2847245
              3       5499.6045       3.0301391        2.975442      0.96220507     0.022416273      0.11797587     0.052578321       1.0410899      0.99855975       18.805019       11.470804       8.9857163      0.92000641       1.2138481       1.5501204      0.99638784      0.99209756   2.0700112e-09       67.355244      0.80010757      0.31085413      0.81445308    -0.070558033       13.851757       10988.552       5.3286798        5.3286798       10988.552                                10559.88                 23.566388                  395.7891                      9.3166925
              6       5496.9428       3.0377133        2.975442       0.9587049     0.022416273      0.11797587     0.052578321       1.0410899       1.0019394       18.096269       11.361921       8.1629151       1.1941706       1.6008355       1.9458054      0.99250351      0.99385369   2.0857495e-09       67.355244      0.80209113      0.31085413       0.8164722    -0.070558033       13.851757       10982.774       5.5560375        5.5560375       10982.774                               10553.729                 24.467122                 395.84935                      8.7276498
              3       5501.0046       3.0427577       2.9211264      0.95894372     0.022256332      0.11682889     0.054836926       1.0413692        1.003648       19.423945       12.063839       8.7351373       1.3153715       1.6266437       1.8705906      0.99040689       0.9987414   2.0962974e-09       67.094379      0.80307997      0.31035351      0.81682025     -0.12487356       13.911909       10989.373       6.3179721        6.3179721       10989.373                               10560.337                 24.280612                 396.18915                      8.5661146
              1       5498.0924       3.0417955       2.9428443      0.95860237     0.022138336      0.11689293     0.054906735       1.0410798       1.0025164       18.306449       12.056522       8.9552071       1.2033391       1.8205147       2.0877299      0.99549393       1.0051626   2.0942812e-09       67.131955      0.80232007      0.30989418      0.81544323     -0.10315572       13.909894       10985.132       5.5266185        5.5266185       10985.132                               10555.875                 24.455294                 396.24534                      8.5558053
              1       5498.2414       3.0384873       2.9607571      0.95882666     0.022088752      0.11695344     0.053658185       1.0411864       1.0016695       18.060023       11.863674       8.8661432        1.110978       1.8523915       2.1015103      0.99344142       1.0001366   2.0873643e-09       67.313583      0.80096422      0.30825456      0.81190879    -0.085242908       13.893037       10986.036       5.2233878        5.2233878       10986.036                               10556.743                 24.456736                 396.03604                      8.8007345
              4        5499.163        3.038797        2.951625      0.95791577     0.022040505      0.11707688      0.05374284       1.0412235       1.0016396       18.715444       11.284591       8.7016578       1.1594141       1.8644014       2.1955617      0.99652823      0.99966326   2.0880109e-09       67.136531      0.80179717      0.31004612      0.81511154    -0.094374994       13.907027       10988.204       5.0611628        5.0611628       10988.204                               10558.851                  24.64576                 396.05636                      8.6507482
              1       5494.6998       3.0320371        2.951625       0.9651356     0.022040505      0.11707688      0.05374284       1.0412235      0.99962955       16.686735       9.8436097       7.1473389       1.1853859       2.0601711       2.4254678       1.0002822       1.0000687   2.0739437e-09       67.136531      0.80124629      0.31004612      0.81455151    -0.094374994       13.907027       10979.806       4.7966547        4.7966547       10979.806                               10551.492                 22.777597                 396.00507                      9.5320059
              4       5494.7488       3.0322134       2.9481244       0.9650041      0.02203105      0.11705463     0.053804716         1.04123      0.99968317       16.675797        9.829063       7.1364841       1.1873935       2.0602627       2.4266678       1.0002713       1.0000996   2.0743095e-09       67.098359      0.80136778      0.31032732      0.81504437    -0.097875621       13.911395        10979.91       4.7937022        4.7937022        10979.91                               10551.602                 22.795035                 396.03165                      9.4814825
              7       5498.2244       3.0279255       2.9932577      0.96508914     0.022100146      0.11777073     0.052063587       1.0410659      0.99823896       15.573091       8.9170137       6.0079787        1.222505       2.3071591       2.6224961        1.001277       1.0027506    2.065434e-09       67.367829      0.80012461      0.30959568      0.81282012    -0.052742334       13.864938        10986.29         5.07934          5.07934        10986.29                               10557.729                 22.875262                 395.82334                      9.8628072
              2       5497.1926       3.0253676       2.9988469      0.96553997     0.022118531      0.11751694     0.051009826       1.0408055      0.99777617       15.792365       9.6810944       6.3296736       1.1298845       2.2458206       2.4346419       1.0040122       1.0021083   2.0601577e-09       67.451239       0.7978771      0.30831503      0.80885881    -0.047153062       13.863913       10983.818       5.2836025        5.2836025       10983.818                               10555.267                 22.824353                 395.70572                       10.02115
              1       5498.5676       3.0211009       2.9988469      0.96880535     0.022118531      0.11751694     0.051009826       1.0408055      0.99653884       17.411578       10.445448       7.7510867       1.1251901       1.9705067       2.2187619      0.99975723       1.0017412   2.0513864e-09       67.451239      0.79715502      0.30831503      0.80812679    -0.047153062       13.863913       10985.617       5.7590766        5.7590766       10985.617                               10556.912                 22.093101                 395.73415                      10.877958
              3        5500.211       3.0182717       3.0138551      0.97072142     0.022205859      0.11722527     0.049768511       1.0410067      0.99638981       15.346698       9.1631959       6.4926826       1.2174929        2.110195       2.4433631      0.99620651      0.99706637   2.0455908e-09       67.868277        0.794912      0.30409915      0.80032434    -0.032144949       13.832021       10988.536       5.9429152        5.9429152       10988.536                               10558.946                 21.832921                 395.72092                      12.036159
              1       5502.7655       3.0241791       3.0138551      0.96321832     0.022205859      0.11722527     0.049768511       1.0410067      0.99790841       16.232463       10.333025       7.5116175       1.3783404       2.1628776        2.641693       1.0012885       1.0015599   2.0577106e-09       67.868277       0.7950055      0.30409915      0.80041848    -0.032144949       13.832021        10995.22       5.1557031        5.1557031        10995.22                                10565.53                 23.473972                 395.68665                      10.529342
              2       5498.2308       3.0250985       2.9744685      0.96396722     0.022382367       0.1167306     0.049484442       1.0411231      0.99920837       16.977676       10.057888        7.489762      0.96884356       1.8969729       2.1312723      0.99652219      0.99594959   2.0596034e-09        67.77127      0.79458959      0.30426394      0.80021646    -0.071531463       13.849735       10986.506        4.977893         4.977893       10986.506                               10557.334                 23.255506                 395.66281                      10.253255
              1       5496.4666       3.0257498       2.9654245      0.96336644     0.022364778      0.11678043     0.049697696       1.0410974      0.99945104       16.199795       8.9027934       6.4404983       1.1577244       2.1098838       2.3689611      0.99537203      0.99745624   2.0609452e-09       67.625125      0.79520463       0.3056478        0.802655    -0.080575548       13.862029       10983.036       4.9488066        4.9488066       10983.036                               10554.031                  23.33541                 395.67106                      9.9982632
              1       5497.5657       3.0257989       2.9654245      0.96336937     0.022364778      0.11678043     0.049697696       1.0410974       1.0002065       17.085698       9.2894804       6.9827153       1.1387832       2.0387381       2.2634877      0.99311675      0.99755072   2.0610464e-09       67.625125      0.79522503       0.3056478      0.80267559    -0.080575548       13.862029        10985.02       5.0555557        5.0555557        10985.02                               10555.812                 23.226282                  395.6514                      10.331136
              1       5497.8089       3.0253397       2.9771878      0.96358729     0.022404359      0.11696827     0.049505883       1.0410727       1.0000106       18.015827       10.479127       7.4470783       1.1836745       1.8717405       1.9927137       0.9999536      0.99748996   2.0601002e-09       67.718869      0.79515757      0.30530218      0.80215357    -0.068812207       13.847231       10985.984       4.8167754        4.8167754       10985.984                               10556.626                 23.205715                 395.66818                      10.484491
              6       5496.9678       3.0275112       2.9662381      0.96316451     0.022353767      0.11701693     0.050433921       1.0413149      0.99986258       18.258228       10.788837       7.8385319       1.1752875       1.8336593       1.9650371      0.99955151      0.99693422   2.0645785e-09       67.613516      0.79686904      0.30624629       0.8051221    -0.079761918       13.856811       10984.266       4.8347659        4.8347659       10984.266                               10555.247                 23.339538                 395.66974                      10.010134
              1       5497.5218       3.0275719       2.9656707      0.96316908     0.022355418      0.11701189     0.050453032        1.041317      0.99985508       18.192311       10.838317       7.7926145       1.1905286       1.8632681        2.006645       1.0003443      0.99691084    2.064704e-09       67.610768      0.79689146      0.30626358      0.80516747    -0.080329293       13.857155       10985.373       4.8352419        4.8352419       10985.373                               10556.353                 23.341997                 395.68911                      9.9893173
              2       5498.7109       3.0283056       2.9209823      0.96326552     0.022259773      0.11597859      0.05070371       1.0413299       1.0006845       17.790247       10.118264       7.2025156       1.2209104       1.8802894       2.0324247      0.99988002      0.99930645   2.0662193e-09       67.386886      0.79561262      0.30580007      0.80326682     -0.12501767       13.909094       10987.771       4.8252095        4.8252095       10987.771                               10559.097                 23.251328                 395.68713                      9.7355719
              2       5496.8415       3.0279397       2.9524027      0.96325446      0.02236051      0.11680791     0.050494374       1.0414008       1.0003153       17.558312       10.578658       7.4910312       1.1824923       1.8993599       2.1006546       1.0001063       0.9950859   2.0654635e-09       67.561388      0.79686941      0.30627104        0.805155    -0.093597317       13.867191       10983.855       4.9140044        4.9140044       10983.855                               10554.904                 23.284189                 395.69447                      9.9720606
              1       5495.3035       3.0292146       2.9266505      0.96018334     0.022170417      0.11715851     0.051043952       1.0413384       1.0000695       17.140521       10.858253       7.8944398       1.1383903       1.8467885       2.0961809       1.0013225      0.99405111   2.0680982e-09       66.961255      0.79930948      0.31213426      0.81531429     -0.11934947       13.917161       10980.664       4.9713321        4.9713321       10980.664                               10551.995                  23.86018                 395.73462                       9.074788
              4       5496.1337        3.027859       2.9266505      0.96283756     0.022170417      0.11715851     0.051043952       1.0413384      0.99993933       16.059774       9.8396369       7.0777334       1.1057642       2.2727306       2.4847548      0.99844222      0.99759698   2.0652968e-09       66.961255       0.7995572      0.31213426      0.81556697     -0.11934947       13.917161       10982.614       4.8265547        4.8265547       10982.614                               10554.382                  23.18144                 395.68133                      9.3698688
              3       5496.1056        3.027779       2.9257375      0.96267365     0.022166741      0.11719913     0.050990997       1.0413405      0.99990451       16.612293       10.203708       7.2975476       1.0928859       2.2162528       2.4180819      0.99948397      0.99778319   2.0651316e-09       66.933918      0.79966282      0.31247139      0.81611509     -0.12026249       13.918619       10982.587       4.8118864        4.8118864       10982.587                               10554.366                 23.212333                 395.67482                      9.3343272
              2       5494.7375       3.0297874       2.8870336      0.96042498     0.022138231      0.11722581     0.051536187       1.0409528       1.0008637       16.219114       9.0381726       6.0037513       1.1783357       2.0712342       2.3403664       1.0000485      0.99144176   2.0692832e-09       66.324449      0.80096431       0.3182222      0.82493129      -0.1589664       13.974549       10979.053       5.2111665        5.2111665       10979.053                               10551.029                 23.511526                 395.76538                       8.747236
              2       5496.2014       3.0329992       2.8936892      0.96014201     0.021986365      0.11724677     0.053388924       1.0410543       1.0010143       17.436935         9.67293       6.8694761       1.2195337       2.1186047       2.3628547      0.99991348      0.99432613     2.07594e-09       66.305084      0.80276209       0.3181128      0.82664073     -0.15231083       13.979977       10982.346       5.0285596        5.0285596       10982.346                               10554.023                  23.55523                 395.98647                      8.7805882
              2       5494.7854       3.0317213       2.8936892      0.96173276     0.021986365      0.11724677     0.053388924       1.0410543       1.0006783       16.864046       9.5564079       6.6456334       1.1435444       2.0867041       2.3472945       1.0007119      0.99791035    2.073289e-09       66.305084      0.80271976       0.3181128      0.82659714     -0.15231083       13.979977       10979.878       4.8464233        4.8464233       10979.878                                10551.81                 23.159076                  395.9837                      8.9249471
              1       5494.9771       3.0310879       2.8936892      0.96168476     0.021986365      0.11724677     0.053388924       1.0410543       1.0003159       15.078853       9.7307824       6.3955281      0.92746142       2.1740391       2.3240257       0.9973044      0.99499654   2.0719761e-09       66.305084      0.80245137       0.3181128      0.82632076     -0.15231083       13.979977       10980.045       4.9547401        4.9547401       10980.045                               10551.936                 23.176727                 395.99193                      8.9398631
              2       5495.1412       3.0294459       2.8885484      0.96135386     0.022026311      0.11728596     0.052484721       1.0409568       1.0001068       15.296256       9.9062828       6.1488739      0.87989816       2.0669308       2.1031169      0.99519693       0.9957658   2.0685768e-09       66.231815      0.80173708      0.31899551      0.82672987     -0.15745157       13.984508         10980.3       4.9911565        4.9911565         10980.3                               10552.357                  23.24605                 395.83284                      8.8647395
              1       5498.5387       3.0321292       2.9133298      0.96314695     0.022223511      0.11753745     0.053594381       1.0409366         1.00072       15.336015       10.293854       6.4138715       0.8418443       2.0330937       2.0807232      0.99376228      0.99483154   2.0741347e-09       66.582607      0.80249156      0.31666419      0.82447847     -0.13267024       13.939646       10986.768        5.154839         5.154839       10986.768                               10558.824                 22.923073                 395.96974                      9.0509115
              4       5495.6722       3.0321248       2.9134943      0.96315058     0.022223782      0.11753903     0.053593536       1.0409359       1.0005675       15.628348       9.8423797       6.3479364       1.0406168       1.8836014       2.1921731        1.002184      0.99639299   2.0741257e-09       66.583936      0.80248889       0.3166558      0.82446482      -0.1325057       13.939471       10981.545       4.8999216        4.8999216       10981.545                               10553.614                 22.943972                 395.96904                      9.0175967
              6       5495.1623        3.022741       2.9453603      0.96292235     0.022201382      0.11776813     0.049628204       1.0407654      0.99836195       14.852638       8.9979588       5.7085859       1.1589598       2.0049857       2.4645491      0.99701533       0.9998183   2.0547535e-09       66.797033        0.798309      0.31511333      0.81817044     -0.10063966       13.914123       10980.235       5.0446162        5.0446162       10980.235                               10552.053                 23.102638                 395.68729                      9.3921198
              2       5493.9545       3.0290338       2.9453603      0.96114007     0.022201382      0.11776813     0.049628204       1.0407654       1.0002426        15.59408       9.4952887       6.3038422       1.2442775       2.0579598       2.5652865      0.99893392       1.0022992   2.0677245e-09       66.797033      0.80029438      0.31511333      0.82020522     -0.10063966       13.914123       10978.265       4.8220756        4.8220756       10978.265                               10550.162                 23.684611                 395.68741                      8.7308198
              1       5492.9677       3.0310703       2.9423146      0.96059251     0.022138658      0.11788029     0.050620689       1.0408235       1.0004384       15.361683       9.9101448       6.6679911       1.0762649       1.9349821       2.3577997      0.99306748      0.99897475   2.0719398e-09       66.690517      0.80174622      0.31623077      0.82314882     -0.10368543       13.922453       10975.843       5.0461861        5.0461861       10975.843                               10547.674                 23.777249                 395.71377                      8.6779895
              3       5492.8368       3.0310649       2.9141714      0.95924278     0.022044408      0.11778169     0.050457945       1.0409696         1.00105       15.698916       10.251974       7.0279823       1.0476831       1.8940459        2.305419      0.99330005      0.99956773   2.0719286e-09       66.372104       0.8024958       0.3188242      0.82729001     -0.13182863       13.957064       10975.476       5.0988375        5.0988375       10975.476                               10547.192                 23.939623                 395.71133                      8.6325952
              2       5495.7707       3.0270041       2.9235874      0.95863203     0.021984266      0.11801447     0.048718925       1.0411345       1.0005742       16.150844       10.962478       7.8286305      0.87847076       1.7545507       2.0272506      0.99559777       1.0032214   2.0635318e-09       66.404748      0.80155726      0.31890574      0.82642812     -0.12241257       13.949195       10981.621       4.9604118        4.9604118       10981.621                               10553.097                 24.031682                 395.70418                       8.787794
              7       5495.4079       3.0266773       2.9313358       0.9580556     0.022049398      0.11854899     0.048386981       1.0411636       1.0003565       16.089498       10.790889       7.7951268      0.83248382       1.6942367        1.930154      0.99567013       1.0003914   2.0628576e-09        66.36883       0.8025073      0.32061519      0.82962229     -0.11466421       13.935704       10981.036       4.8899248        4.8899248       10981.036                               10552.406                 24.172003                  395.6851                      8.7723651
              1       5492.9354        3.027081       2.9302688      0.95857298      0.02208343      0.11841055     0.048534178       1.0411601       1.0004177       15.940111       10.635658       7.2779408       0.9382038       1.8708806        2.116372      0.99805117      0.99784069   2.0636905e-09       66.431481      0.80223948      0.31977375      0.82825641     -0.11573117       13.932897       10976.188       4.8415145        4.8415145       10976.188                               10547.677                 24.082693                 395.66675                      8.7614315
              4       5494.3126       3.0199479       2.9302688      0.96240551      0.02208343      0.11841055     0.048534178       1.0411601      0.99736036       15.267877       9.1720968       6.2544049      0.96018207       2.0692615       2.1625611      0.99739718      0.99624084   2.0490223e-09       66.431481      0.80051772      0.31977375      0.82647881     -0.11573117       13.932897       10977.731       5.4471978        5.4471978       10977.731                               10549.665                 23.138723                 395.69801                      9.2286948
              2       5494.8731        3.020303       2.9386551      0.96324065     0.022146037      0.11843506     0.048663065       1.0412694      0.99755426       15.412163       9.3448643       6.4227895      0.93115606       2.0571984       2.1423529      0.99729967      0.99488851   2.0497501e-09       66.606702      0.80056248      0.31829292      0.82460904     -0.10734485       13.914461       10978.884       5.4308816        5.4308816       10978.884                               10550.768                 22.987714                 395.72296                      9.4054157
              1       5497.3634        3.018607       2.8909537      0.96067573     0.022100418      0.11848966     0.047347593       1.0412966      0.99756658        15.91721       10.252125       6.7613835      0.96948342       1.8984166         1.96274       1.0014105       0.9944796   2.0462767e-09       66.009254      0.80110323      0.32408375      0.83263849     -0.15504627       13.969079       10983.884       5.4212987        5.4212987       10983.884                               10555.726                 23.427026                 395.77957                      8.9513976
              3       5498.3392       3.0190614       2.8909537      0.95586467     0.022100418      0.11848966     0.047347593       1.0412966      0.99815563       16.913172       11.600644       8.1035682       1.0176769       1.9727351       2.1091968       1.0009836      0.99612572   2.0472068e-09       66.009254      0.79987003      0.32408375      0.83135675     -0.15504627       13.969079       10986.404       5.1372779        5.1372779       10986.404                               10557.308                  24.50447                 395.75661                      8.8344446
              3       5496.8249       3.0176502       2.8556915      0.95240659     0.021921632      0.11874635     0.046539469       1.0411803      0.99757573       17.530108       12.245526       9.0165915      0.88587928       1.6403403       1.7563208      0.99880313      0.99865771   2.0443197e-09       65.331867      0.80093107      0.33100826       0.8413059     -0.19030851       14.029618       10983.107        5.271594         5.271594       10983.107                               10553.324                 25.281473                 395.76115                      8.7400142
              3       5494.9259       3.0222079       2.8556915      0.95311419     0.021921632      0.11874635     0.046539469       1.0411803       1.0002681       19.228051       12.549199       9.5664154      0.98927263       1.4230629       1.5092522      0.99430171      0.99756442   2.0536585e-09       65.331867      0.80296451      0.33100826      0.84344184     -0.19030851       14.029618       10979.886       4.9830171        4.9830171       10979.886                                10550.29                 25.016122                 395.78275                      8.7973274
              1       5494.5695       3.0151356       2.8556915      0.95291818     0.021921632      0.11874635     0.046539469       1.0411803      0.99773127       19.536846       12.855949       10.090071      0.98913325       1.3138321        1.498422      0.99460259      0.99231637   2.0391856e-09       65.331867       0.8000732      0.33100826      0.84040477     -0.19030851       14.029618       10977.863       5.6378771        5.6378771       10977.863                               10548.383                 24.887835                 395.77065                      8.8212753
              9       5495.7179       3.0148162       2.8625075      0.95280174     0.021926901      0.11890274     0.046426437       1.0411509         0.99753       18.498211       11.765519        9.127107       1.1412299       1.4965998       1.8177448       1.0004588      0.99620334   2.0385344e-09       65.350696      0.80014146      0.33119864      0.84071815      -0.1834925       14.023286       10980.743       5.3464517        5.3464517       10980.743                               10551.179                 24.931859                 395.80022                      8.8321414
              4       5497.0939       3.0125552       2.8318853      0.95086297     0.021888254      0.11903388     0.045020059       1.0412365      0.99752102       18.094594       12.167418       9.1248602        1.045348       1.4761466       1.7567616       1.0012182      0.99778139   2.0339306e-09       64.950909      0.80033459      0.33549591      0.84635892     -0.21411469       14.058023        10983.57       5.3089115        5.3089115        10983.57                               10553.497                 25.327793                 395.91392                      8.8314724
              4        5499.363        3.014074        2.802487      0.94982526     0.021836539      0.11895803     0.045456394       1.0414289      0.99731445         17.9995       12.162576       8.9413422       1.0008132       1.6657727       1.7580736      0.99215781      0.99313224    2.037022e-09       64.660968      0.80175883       0.3381949      0.85126868     -0.24351301       14.088902       10986.915       5.9055578        5.9055578       10986.915                               10556.379                 25.654792                 395.85409                      9.0267445
              1       5497.8048       3.0150525       2.7988421      0.95004727     0.021844371      0.11885012     0.045880811       1.0414265      0.99737776        16.61768       10.736304       7.5932947       1.0044201       1.8457256       1.8715407      0.99299529      0.99418944   2.0390161e-09       64.661615      0.80195553      0.33794737      0.85116585     -0.24715792       14.091699       10984.111       5.7494904        5.7494904       10984.111                               10553.609                 25.622133                  395.8317                      9.0474709
              7       5500.9229         3.01546       2.8013019      0.95068913     0.021833701      0.11864426     0.046172319       1.0414773      0.99725809        17.53517       9.9171851       6.8870193       1.2949823        1.957598       2.1454236      0.99649759      0.99301457   2.0398472e-09       64.768608      0.80166136      0.33631655      0.84879819      -0.2446981       14.087801       10990.462       5.6920164        5.6920164       10990.462                               10560.175                 25.509545                 395.79863                      8.9787083
              5       5501.0151       3.0136529       2.8505805      0.95167327     0.021870206      0.11894678     0.045841802       1.0410846      0.99621335       17.366239       10.197642       6.7032319        1.337877       2.1169439        2.384477      0.99778698        0.999272   2.0361644e-09       65.131339      0.80005251      0.33339893      0.84341237     -0.19541951       14.044081       10990.111       5.9594868        5.9594868       10990.111                               10560.125                 25.384972                 395.81278                      8.7879859
              4       5502.9012       3.0136341       2.8506072      0.95164691     0.021862291      0.11892848     0.045856131       1.0410651      0.99642162       17.943799         10.6447       7.0213581       1.3423693       2.0046084       2.3086263      0.99939886      0.99897254   2.0361261e-09       65.125251      0.79999253      0.33339945       0.8433498      -0.1953928       14.045386       10994.169       5.8167265        5.8167265       10994.169                               10564.226                 25.348748                 395.81278                      8.7819436
              4       5499.9301        3.017857       2.8342858      0.95227382      0.02185387       0.1185947     0.047700184        1.041265      0.99756923       17.501256       10.097627       7.4184158       1.2887447       2.1182504       2.6618323      0.99339755      0.99363919   2.0447426e-09        65.11167      0.80155342      0.33272518      0.84414038     -0.21171416       14.056401       10988.504       5.6782086        5.6782086       10988.504                               10558.852                 25.117983                 395.73399                      8.7996799
              2       5501.4384       3.0178428       2.8223187      0.95154774     0.021835573       0.1186333      0.04756905       1.0412619      0.99744855       16.659701       9.2220769       6.7281193        1.357057       2.1027381       2.7603011      0.98985764      0.99223751   2.0447135e-09       64.945157      0.80192694      0.33447704      0.84675414     -0.22368132       14.071429       10990.633       6.1216627        6.1216627       10990.633                               10560.718                 25.304304                 395.74023                      8.8704517
              1       5497.2916        3.022035       2.8223187      0.95323222     0.021835573       0.1186333      0.04756905       1.0412619      0.99924004       15.661999       9.2442413       5.9703315       1.1122628       2.2477455        2.551548      0.99227576      0.99686931   2.0533034e-09       64.945157       0.8040979      0.33447704      0.84904646     -0.22368132       14.071429       10984.226       5.1787838        5.1787838       10984.226                                10554.51                 24.907275                 395.72332                       9.085347
              4         5496.11       3.0211001       2.8365142      0.95355265     0.021884783      0.11885258     0.047153938       1.0412795      0.99897013       15.765706       9.7103499        6.682749      0.89406532       1.9184222       2.1380498      0.99702068       0.9949629   2.0513847e-09       65.077727      0.80386574       0.3337551       0.8478848     -0.20948575       14.051392       10982.137        5.041348         5.041348       10982.137                               10552.518                 24.864406                 395.74289                      9.0122456
              2       5496.3919       3.0163069       2.8871527      0.95692994     0.021976697      0.11834677     0.045542029       1.0410925      0.99805922       15.337225       9.5039613       6.3335673      0.87635579       1.9707558       2.1449025       1.0037174      0.99907312   2.0415754e-09       65.848172      0.79907168        0.325055      0.83177055     -0.15884729       13.991389       10982.464       5.1599783        5.1599783       10982.464                               10553.484                 24.224837                 395.93603                      8.8192194
              2        5495.447       3.0178492       2.8930735      0.95906822      0.02216059      0.11802611     0.046075479       1.0410161      0.99887509       14.763119       8.7213883       5.4711795      0.94622282       1.9318878       2.1413645       1.0000107      0.99661102   2.0447267e-09       66.151884      0.79821944      0.32176674      0.82667013     -0.15292649       13.967261       10981.006       4.9439152        4.9439152       10981.006                               10552.433                 23.761758                 395.90353                      8.9083739
              1       5492.7246       3.0204362       2.8871748      0.95987257     0.022085468      0.11751272     0.047486847       1.0410568      0.99985186        15.00288       9.3173254        6.351568      0.98737159        2.031296       2.3667356      0.99696284      0.99698232   2.0500232e-09       66.216682      0.79834114      0.31979292      0.82425635     -0.15882517       13.977858       10975.692       4.8786637        4.8786637       10975.692                               10547.355                 23.504402                 395.77479                       9.057683
              1       5494.3204       3.0208554       2.8981735      0.96045601     0.022118281      0.11755773     0.047744219       1.0410506      0.99988238        15.08008       9.6721763       6.0949162      0.99408651       2.0585964       2.3665434      0.99339052      0.99132081   2.0508827e-09       66.352521      0.79831719      0.31866568      0.82277768     -0.14782652        13.96315       10977.878       5.3814284        5.3814284       10977.878                               10549.545                 23.400823                 395.75091                      9.1816921
              1       5494.8732        3.020708       2.8981735      0.96061303     0.022118281      0.11755773     0.047744219       1.0410506      0.99924191       14.345762       9.1361826       5.5098257       1.0223191       2.1382021       2.4519822      0.99397227      0.99120267   2.0505806e-09       66.352521      0.79830462      0.31866568      0.82276473     -0.14782652        13.96315       10978.947       5.3998623        5.3998623       10978.947                               10550.678                 23.452094                 395.76585                      9.0504688
              1       5495.3428        3.020962       2.9055902      0.96200123     0.022156521       0.1173194     0.047923514        1.041242      0.99954281       14.644865       9.4000637       5.7614575      0.99951613         2.12359       2.4343022      0.99363333      0.99110507   2.0511014e-09       66.616717      0.79778262      0.31569489      0.81838512     -0.14040975        13.94455       10979.885       5.4002475        5.4002475       10979.885                               10551.564                 23.183224                 395.75012                      9.3876449
              9       5494.5823       3.0187639       2.9370608      0.96180867     0.022093748      0.11771982     0.047310207       1.0412047      0.99839147       15.781435       9.2645127       6.5855301       1.0663158       1.9144669       2.2351737      0.99874254      0.99863221   2.0465979e-09       66.776337       0.7973697        0.314956      0.81700374      -0.1089392       13.920395       10979.146       5.0095047        5.0095047       10979.146                               10550.396                 23.298118                 395.80509                      9.6466514
              2       5493.7227       3.0174596        2.951909      0.96246699     0.022124224      0.11772816     0.046832417       1.0411678      0.99808074       15.986043       9.7147513       6.8753665       1.1305185       2.0198937       2.3896791      0.99731103      0.99958116   2.0439301e-09       66.957767      0.79641233      0.31334335      0.81393101    -0.094091004       13.902751       10977.211       5.1169681        5.1169681       10977.211                               10548.207                 23.203302                 395.85419                      9.9473754
              4       5494.4144        3.019312        2.951909       0.9625246     0.022124224      0.11772816     0.046832417       1.0411678      0.99912115       16.185463       10.413897       7.6037575       1.1294423       1.8957631       2.3503601       1.0003357      0.99847784   2.0477198e-09       66.957767      0.79716743      0.31334335      0.81470271    -0.094091004       13.902751        10979.11       4.8591924        4.8591924        10979.11                               10550.245                 23.173667                 395.84746                      9.8444021
              2       5494.1588       3.0199276        2.965649      0.96366957     0.022215164      0.11771805     0.047122817       1.0411238      0.99876837       15.469983       9.7754756       6.7918984       1.1861332       1.8456881       2.4397263      0.99908861      0.99643512   2.0489807e-09       67.179884       0.7968046      0.31145875       0.8118793    -0.080350991       13.880319       10978.369       4.9743025        4.9743025       10978.369                               10549.595                 23.052312                  395.8004                      9.9208643
              2       5495.1348       3.0181067       2.9709459      0.96368672     0.022253909      0.11765138     0.046330688       1.0407533      0.99907133       15.571895       10.132879        6.963623       1.2385806       1.8001984       2.4531005      0.99659233      0.99748867   2.0452533e-09       67.173216      0.79518424      0.31146057      0.81023066    -0.075054085       13.881669       10980.382       4.9438437        4.9438437       10980.382                               10551.348                  22.97433                 395.90399                      10.155951
              4        5496.598       3.0185949       2.9204608      0.96028708     0.022243985      0.11812741     0.045816729       1.0407349        0.999344       15.516197       9.3340883       6.1276426       1.1018259       1.4695159       1.9772445      0.99710433      0.99409734    2.046252e-09       66.407294      0.79769087      0.31972519      0.82349776      -0.1255392       13.938572       10983.124       5.0358122        5.0358122       10983.124                               10554.618                 23.559826                  395.9499                       8.996559
              1       5500.5129       3.0194612       2.7441839      0.95789216     0.022003884      0.11576427     0.045051355         1.04139       1.0039214       15.170469       8.8829971       5.8571887       1.0026098       1.4036815       1.8612218      0.99808636      0.99180709   2.0480253e-09       65.217437      0.79699243      0.32531051       0.8299322     -0.30181614       14.123579       10988.287       6.3693561        6.3693561       10988.287                               10560.125                 23.467349                 396.07124                      8.6234008
              2       5501.3058        3.018302       2.7305724      0.95603375     0.021951232      0.11613642     0.044337599         1.04142       1.0035331       15.540852       8.8816513       5.7382704       1.2441978       1.6217357        1.948294      0.99224404      0.98976149   2.0456527e-09       64.896677      0.79795233      0.32928757      0.83599559     -0.31542757        14.14461       10989.394       6.6088091        6.6088091       10989.394                                10560.83                 23.840677                 396.10272                      8.6201533
              1       5500.7809       3.0140923       2.7590961      0.95690421     0.022049961      0.11632034     0.042511975       1.0412768       1.0029065       15.222943        8.605239       5.4816728       1.2108575       1.6072313       1.9200495      0.99123581      0.98907464   2.0370591e-09       65.195123      0.79562203      0.32695561       0.8305974     -0.28690394       14.108249       10988.678       6.4419426        6.4419426       10988.678                               10559.752                 23.696985                 396.56418                      8.6649311
              4       5501.1261       3.0119149       2.7590961      0.95259476     0.022049961      0.11632034     0.042511975       1.0412768        1.001017       15.743063       9.1362865       5.9323397       1.3755343       1.6254514       1.9843518      0.99270212       0.9882902   2.0326286e-09       65.195123      0.79352274      0.32695561      0.82840583     -0.28690394       14.108249       10990.613       5.8198841        5.8198841       10990.613                               10560.788                 24.889123                 396.43069                      8.5044246
              6       5505.4244       3.0060249       2.8229265      0.95243004     0.021810753      0.11671153     0.040938366       1.0411695      0.99851575       16.511009       10.311248       7.0824063       1.3852842       2.0036766       2.2442629      0.99495087       1.0102645   2.0206916e-09       65.572021      0.79123075      0.32358541      0.82174486     -0.22307354       14.068329       10999.617       5.6157642        5.6157642       10999.617                               10568.794                 25.108178                 396.81003                      8.9052782
              5       5500.3849       3.0047187       2.8202653      0.95335001     0.021957024      0.11656666     0.040062049        1.041108      0.99873246       15.561959       9.3371594       6.4256432        1.343215       2.1872424       2.5048698      0.99460475       1.0029395   2.0180539e-09       65.688799      0.78990434      0.32243818      0.81891175      -0.2257347       14.057435       10990.565       5.1025339        5.1025339       10990.565                               10559.591                 24.896383                 397.10278                      8.9751119
              5       5498.8686       3.0042987       2.8168277      0.95304514     0.021943973      0.11657707     0.039848214       1.0410904      0.99887385       15.363674       8.9316364       6.5744718       1.0594789       2.2400841       2.3996514      0.99727001       1.0003959   2.0172064e-09         65.6291      0.78984054      0.32301762      0.81958104     -0.22917231       14.063082       10987.888       4.9247588        4.9247588       10987.888                               10556.835                 24.927505                 397.14964                      8.9756093
              1         5497.78       3.0028666       2.8501916      0.95244996     0.021969872      0.11738551     0.039337184       1.0410016      0.99791975       16.045964       9.3885577       6.9818278       1.1322639       2.1639522       2.3657017      0.99723512       1.0007601   2.0143196e-09       65.722632      0.79046058      0.32404297       0.8215252     -0.19580839       14.030487       10985.215       5.1725613        5.1725613       10985.215                               10553.739                 25.147693                 397.27149                       9.056724
              1       5496.5966       3.0028142       2.8495838      0.95241033     0.021971237      0.11739064     0.039301612       1.0409978      0.99868319       16.783834       9.9121904         7.56147       1.1065106       2.0714949       2.2820652      0.99632199      0.99954127    2.014214e-09       65.713662      0.79045616      0.32414626      0.82165153      -0.1964162       14.031137       10983.208       4.9926642        4.9926642       10983.208                               10551.601                 25.017474                 397.32321                      9.2667417
              2       5495.8628       3.0018429       2.8206439      0.95009067     0.021832294      0.11752092      0.03870701       1.0411109      0.99841432       17.282123        10.97135       8.1479768       1.1647848        1.878875       2.2209315      0.99913566       1.0021413   2.0122586e-09       65.259893      0.79148223      0.32863834      0.82839917     -0.22535613       14.073738       10981.699       5.0130674        5.0130674       10981.699                                10549.89                 25.545741                 397.41051                      8.8532994
              1       5496.0643       3.0000776       2.8684391      0.95176123     0.022001938      0.11797375     0.038046013       1.0409846       0.9978037       17.377689       11.021246       8.2166456       1.1115438        1.892592       2.2185422      0.99596998      0.99917067   2.0087095e-09       65.747582      0.79032332      0.32523888      0.82289684     -0.17756094       14.010553       10981.617       5.2557973        5.2557973       10981.617                               10549.386                 25.240247                 397.67044                      9.3206623
              1       5495.8217       2.9998233       2.8718577      0.95135082     0.021973262      0.11812205     0.037985948       1.0409773      0.99757316       18.053744       11.166681       8.1693222       1.1426281       1.7038201       2.0091742      0.99680203      0.99904719   2.0081987e-09       65.709747      0.79058637      0.32589185      0.82399665     -0.17414234       14.010662       10981.019       5.3120923        5.3120923       10981.019                               10548.709                 25.349679                 397.67938                       9.280843
              3       5496.7729       3.0002394       2.8718577      0.95228467     0.021973262      0.11812205     0.037985948       1.0409773      0.99728737       16.466362       11.214546       7.6516043       1.0224621       1.7492593       1.9574021      0.99204661      0.99693668   2.0090347e-09       65.709747      0.79101985      0.32589185      0.82444845     -0.17414234       14.010662       10982.072       5.7371268        5.7371268       10982.072                               10550.076                 25.187794                 397.67375                      9.1343498
              3       5498.9312       3.0038923       2.8574549      0.95189946     0.021971738       0.1181803      0.03948052         1.04107      0.99706745       14.990923       9.6071309       6.0339082       1.1022358       2.0889148       2.2266375      0.99726618      0.99491207   2.0163868e-09       65.552681      0.79310794      0.32758201      0.82876555     -0.18854513       14.023674       10986.582       5.6400454        5.6400454       10986.582                               10555.241                 25.401278                 397.18894                      8.7514711
              1       5498.9213       3.0040499        2.867943      0.95182682     0.021942967      0.11833255     0.039698587       1.0410707      0.99786729       16.695832       10.462429       7.4423036        0.917729       1.8386334       1.9714731      0.98995485      0.99521276   2.0167046e-09       65.597593      0.79341857      0.32742447      0.82889076     -0.17805705        14.01598       10986.306       5.7682437        5.7682437       10986.306                               10554.955                 25.247543                 397.11143                      8.9920354
              2         5494.94       3.0037833       2.8715881      0.95190858     0.021956581      0.11837832     0.039583554       1.0410513      0.99778836       17.061647        10.93344       7.8607453       1.1201176       1.5914571       1.8456271       0.9946638      0.99737015    2.016167e-09       65.628226       0.7932895      0.32725814      0.82854539     -0.17441193       14.011455       10979.173       5.3535196        5.3535196       10979.173                               10547.787                 25.237563                 397.13248                      9.0154187
              1       5496.0178       3.0080382       2.8988545      0.95567554      0.02203639       0.1174919     0.042029477       1.0407563       0.9988751       18.224886       11.100316       8.6756419       1.2425478       1.5254025        1.820113      0.99506421      0.99777889   2.0247639e-09        66.22036      0.79166552      0.31960228      0.81712037     -0.14714548       13.979424        10981.97       5.0329631        5.0329631        10981.97                               10551.266                 24.346685                 396.64893                      9.7082658
              1       5498.7526       3.0114693        2.947495      0.96041136     0.022229172      0.11717117     0.043905267       1.0411164      0.99965626       17.616559       11.288445       8.3993543       1.2138463       1.7463028       2.0290393      0.99743289      0.99109695   2.0317229e-09       67.172743      0.79120966      0.31033756      0.80472616    -0.098505017       13.895872       10987.057       5.2239788        5.2239788       10987.057                               10555.754                 23.416472                 396.30879                      11.578206
              3       5497.1544       3.0127756       2.9383707      0.95993532     0.022232402      0.11726218     0.044365029       1.0411365      0.99994202       18.311046       11.840124       8.8070851       1.1692007       1.4060804       1.8724878      0.99629444      0.99263406   2.0343788e-09       67.043791      0.79220483      0.31173892      0.80755549     -0.10762929       13.904982       10984.058       5.1254641        5.1254641       10984.058                               10553.185                 23.486787                 396.20985                      11.176662
              1       5496.9022       3.0145623       2.8846683      0.95824866      0.02219339      0.11687699     0.044725847       1.0409753         1.00076       18.474229       10.747704       8.0520858       1.1577421       1.3119756       1.6508131      0.99372566      0.99415116    2.038017e-09       66.472327      0.79295465      0.31614245      0.81400886     -0.16133174       13.969262       10983.406       5.1993495        5.1993495       10983.406                               10553.688                 23.738892                 396.07976                      9.8989184
              4       5495.8538         3.01557       2.8631217      0.95719366     0.022185084      0.11701372     0.044885338       1.0411244       1.0011248       17.961679       10.506534       8.0052795        1.031479       1.3978543       1.7517842      0.99342937      0.99256665   2.0400715e-09       66.216532       0.7943988      0.31887465      0.81900764     -0.18287827       13.989246        10980.95       5.3786052        5.3786052        10980.95                               10551.496                 23.914693                  396.0814                      9.4584737
              3       5496.0886       3.0146003       2.8631217      0.95741397     0.022185084      0.11701372     0.044885338       1.0411244       1.0006388       17.182073       10.078478       7.6832747       1.1109841       1.4681119       1.8552182      0.99691581      0.99654855   2.0380942e-09       66.216532      0.79407794      0.31887465      0.81867684     -0.18287827       13.989246       10982.327       4.9250196        4.9250196       10982.327                               10552.857                 23.862865                 396.07506                      9.5324286
              2       5496.1725       3.0141927       2.8693787      0.95729359     0.022175431      0.11708424     0.044786048        1.041019       1.0004378       16.634976       10.658576         8.03516       1.0867901       1.4516304       1.8799788       1.0008616      0.99577101   2.0372637e-09       66.221707      0.79385196      0.31896592      0.81856097     -0.17662128       13.987021       10982.558       4.8937184        4.8937184       10982.558                                10553.01                 23.897369                 396.10452                      9.5455421
              2        5498.734       3.0128526       2.8449198      0.95298891     0.022044349      0.11806953     0.043835562       1.0410461      0.99923045       15.956124       10.670712       7.9591825       1.1074045       1.4817313       1.9655429       1.0016983       0.9959619   2.0345353e-09       65.497267      0.79670623      0.32804287      0.83311103     -0.20108019       14.029954       10987.611       4.9285837        4.9285837       10987.611                                10557.84                 24.904106                 396.13745                       8.729475
              7        5500.664       3.0093939       2.8449198      0.95543521     0.022044349      0.11806953     0.043835562       1.0410461      0.99813612       14.931447       9.6550704       6.9501144      0.91800577       1.6947661       2.0023316       1.0024337      0.99148242   2.0275107e-09       65.497267      0.79603708      0.32804287      0.83241131     -0.20108019       14.029954       10990.417       5.4555394        5.4555394       10990.417                               10561.027                 24.177189                 396.18161                      9.0312568
              1       5497.7789       3.0077538       2.8182905      0.95222738     0.021832593      0.11831772     0.043088741       1.0409816      0.99836922        18.05734       10.910086        8.426681       1.0327531       1.4690277       1.8926962      0.99809027      0.99694997   2.0241882e-09       64.914053      0.79695777      0.33404013      0.84095741     -0.22770945       14.083397       10985.432       5.0627586        5.0627586       10985.432                               10555.523                 24.711113                 396.31292                      8.8856596
              1       5498.1286       3.0090175       2.8182905      0.95152319     0.021832593      0.11831772     0.043088741       1.0409816      0.99890493       17.487728       10.381134       7.6566571       1.2012667       1.6760408       2.1702429      0.99771711      0.99846342   2.0267477e-09       64.914053      0.79725933      0.33404013      0.84127563     -0.22770945       14.083397       10986.419       4.9190516        4.9190516       10986.419                               10556.428                 24.911357                 396.25826                       8.821629
              4       5496.3235       3.0065812       2.7742449      0.95182594     0.021789783      0.11735563     0.041723933       1.0412183      0.99906654       15.872974       10.064368       7.0982176       1.2022332       1.7101013       2.2973301      0.99673973       1.0013126    2.021816e-09       64.783367      0.79512999      0.33297775      0.83769344     -0.27175505       14.124589       10982.814       4.9167237        4.9167237       10982.814                               10552.645                 24.835593                 396.59176                      8.7410964
              3       5499.3502         3.00158       2.8370107      0.95410342     0.021902444        0.117462     0.039980948       1.0408436      0.99764581       14.865731       9.3837081       6.1254351       1.1748221       2.0995834       2.5053721      0.99384957       1.0031343   2.0117297e-09       65.437894      0.79125087      0.32688529      0.82594526     -0.20898929       14.056742       10987.767       5.4668896        5.4668896       10987.767                               10556.986                 24.475839                 397.11931                      9.1852294
              2       5497.1158        3.003173       2.8317875      0.95496535      0.02200023      0.11747328     0.040423361       1.0411804       0.9984036       14.898771       8.9843333       5.5695015       1.1371747         2.20877       2.5331546      0.99335492      0.99554346   2.0149371e-09       65.562208       0.7922362      0.32589859      0.82572474     -0.21421247       14.042117       10983.613       5.3092221        5.3092221       10983.613                               10553.043                 24.246915                 396.99472                      9.3286937
              3       5498.7552       3.0060823       2.7877386      0.95403867     0.021892942      0.11697044     0.041555751       1.0413127      0.99942961       15.431189       8.7113124       5.7054658       1.3980991       2.2149194       2.8133153      0.99477126       1.0005682   2.0208076e-09       65.186211      0.79351499      0.32821639      0.82999341     -0.25826136       14.094788       10987.611       4.9495955        4.9495955       10987.611                                10557.62                 24.338733                 396.68347                      8.9689755
              2       5498.2176       3.0086773       2.7685644      0.95469369     0.021772122      0.11622042     0.042947234       1.0414456       1.0002035       15.694456       9.0587008       6.1567972       1.3031628       2.1698333       2.7253715      0.99499942        1.002705   2.0260584e-09       65.174412      0.79354607      0.32627776      0.82757098     -0.27743564       14.121013       10986.535       4.9501818        4.9501818       10986.535                               10557.071                 24.133211                  396.3268                      9.0040149
              7       5497.7671       3.0044978       2.7967926      0.95767512     0.021964175      0.11577732     0.041120186        1.041336       1.0006713       16.823568       9.2617289        6.157444       1.3143144       2.0327754       2.5610844      0.99820593      0.99848323   2.0176082e-09       65.775605       0.7893928      0.31977096      0.81498956     -0.24920743       14.071865       10985.836       4.8489043        4.8489043       10985.836                               10555.318                 23.463929                  396.9145                      10.139872
              8       5497.6817       3.0010494       2.8077546      0.95510066     0.022005001      0.11702755     0.039227266       1.0413563      0.99944288       15.680548       9.4776424       6.0310815       1.1878306        2.249099       2.6258933      0.99942082      0.99809684   2.0106626e-09       65.501551      0.79091377      0.32546564      0.82379867     -0.23824542       14.060415       10985.704       4.8298725        4.8298725       10985.704                               10554.636                 24.054069                  397.3984                      9.6148405
              4       5498.6441        3.000589       2.7988504      0.95385708     0.021873311      0.11710102     0.039123753       1.0414587       0.9990755       15.643779        9.631503        6.189883       1.1838209       2.2555693        2.637166        1.000236       1.0005582    2.009737e-09       65.301112      0.79156576      0.32732678      0.82683175      -0.2471496       14.080813       10987.577       4.8554663        4.8554663       10987.577                               10556.477                 24.322701                 397.35966                      9.4178057
              1       5498.4282       3.0036919       2.7988504      0.95426219     0.021873311      0.11710102     0.039123753       1.0414587       1.0005185       15.961124       9.4204298       6.3917159         1.16629       2.0598439        2.551447      0.99262687       1.0006471   2.0159827e-09       65.301112      0.79291094      0.32732678      0.82823685      -0.2471496       14.080813       10986.695       5.0806675        5.0806675       10986.695                               10555.891                 24.241001                  397.3488                      9.2146045
              3        5496.708       3.0038277       2.7988188       0.9543423     0.021880007      0.11708668     0.039177821       1.0414563        1.000566       16.342227       9.7768095       6.4683853        1.134157       2.0709233       2.4456769      0.99444388      0.99545156   2.0162566e-09       65.310316      0.79291119       0.3272166      0.82809771     -0.24718121       14.080172       10983.279       5.0686743        5.0686743       10983.279                               10552.487                 24.222251                 397.35066                      9.2191905
              7       5497.0565       3.0027521       2.8340902      0.95554272     0.021909556      0.11715722     0.039066242        1.041257      0.99953419       16.077877       9.4984485       6.1969758       1.3979519        2.210295       2.7303604      0.99804867      0.99565154   2.0140891e-09       65.652029       0.7915823      0.32406467      0.82271855     -0.21190983       14.045311       10984.281       4.9161971        4.9161971       10984.281                               10553.239                 24.104197                 397.44409                      9.4929034
              3       5496.8961        3.002527       2.8148921      0.95473695     0.021917444      0.11710849     0.038731367       1.0411609      0.99966571       15.215798       8.4983938       5.5814342       1.3470182       2.3104993       2.8324832      0.99918042      0.99498685   2.0136358e-09       65.421935      0.79161509      0.32624551      0.82551641     -0.23110791       14.067982       10983.946       4.9232112        4.9232112       10983.946                               10553.037                 24.257702                 397.48319                      9.1675456
              1       5494.6048       3.0011154       2.8448985      0.95549401     0.021993837       0.1174972     0.038188999       1.0412111      0.99911645        16.63164       9.6587366       6.8696655        1.161314       2.0351365       2.4523288      0.99899566      0.99641061   2.0107953e-09       65.710304       0.7912763      0.32447675      0.82292324     -0.20110147       14.027816       10979.375       4.9171694        4.9171694       10979.375                               10547.994                 24.161422                  397.7045                      9.5156235
              2       5496.2351        3.003348       2.8135038      0.95611314     0.021972172      0.11688177      0.03900408       1.0415586       1.0002447       16.380543       9.6519462       6.8131006       1.1480945       2.0914608       2.4958057      0.99731268       0.9948027   2.0152896e-09       65.659267      0.79177102      0.32349182      0.82218703     -0.23249622       14.050803       10982.548       4.9612117        4.9612117       10982.548                               10551.615                 23.943182                 397.47212                       9.517879
              1       5497.7315       3.0051218       2.8202089      0.95682314      0.02199059      0.11682876     0.039887306       1.0415968       1.0000603       16.140096        9.652799       6.8524013        1.055453       2.1778872       2.4365239       1.0013593      0.99830761   2.0188675e-09       65.782904      0.79223561      0.32219953      0.82102463     -0.22579105       14.040275       10985.845       4.8091048        4.8091048       10985.845                               10555.274                 23.868931                 397.21157                      9.4903856
              2       5496.4802       3.0050996       2.8158351      0.95682052     0.022031975      0.11683901     0.039742174       1.0415741       1.0001868       15.563861       8.7037581        5.877498       1.0063783       2.1665217       2.3137502      0.99554147      0.99646766   2.0188226e-09        65.75429      0.79220799      0.32259781      0.82150327     -0.23016486       14.041484       10983.061       4.9498261        4.9498261       10983.061                               10552.516                 23.863758                 397.26333                      9.4178465
              3       5496.9463       3.0050524       2.8158351      0.95454581     0.022031975      0.11683901     0.039742174       1.0415741      0.99962821       16.020792       8.9014278       6.1009559       1.1621766       2.2729082       2.5557272      0.99519438      0.99468335   2.0187274e-09        65.75429      0.79153331      0.32259781      0.82080364     -0.23016486       14.041484       10983.786       5.0531161        5.0531161       10983.786                               10552.846                 24.503017                 397.22661                      9.2111268
              1       5499.4161       3.0081601        2.777342      0.95442064     0.022075994      0.11653856     0.040673041       1.0418285       1.0015441        16.26618       9.0599644       6.6078838       1.1215476       2.2504817       2.5575331      0.99513762      0.99314958   2.0250108e-09       65.531398      0.79306641      0.32418437      0.82441326     -0.26865799       14.069722       10988.174       5.3288544        5.3288544       10988.174                               10557.827                 24.325653                 396.93078                      9.0910212
              3       5498.3815       3.0087528        2.740533       0.9527165     0.021999699      0.11635687     0.040700418       1.0417109       1.0012146       15.412773       8.9163547       6.1771434       1.1844919       2.0974816       2.4947044      0.99790289      0.99303487   2.0262114e-09       65.068268      0.79366536      0.32819212      0.83011999     -0.30546703        14.12065       10986.427       5.1678288        5.1678288       10986.427                               10556.175                 24.756248                 396.88517                      8.6105064
              1       5501.4308       3.0090083       2.7137772      0.95146166     0.021845235      0.11612542      0.04082524       1.0418913       1.0013217       15.479065       8.9205922       6.2769583       1.1841669       2.0935313       2.4937582      0.99967418      0.99753529    2.026729e-09       64.774678      0.79437796      0.33024373      0.83345826     -0.33222284       14.159604        10992.95       4.9559112        4.9559112        10992.95                               10562.559                 25.000123                 396.81076                      8.5799533
              1       5501.7342       3.0061181       2.7050887      0.95165478     0.021855318      0.11584778     0.039424447       1.0419312       1.0022777       16.107373       9.9845568       6.5736424       1.0260235       1.6863675       2.0995836      0.99295838      0.99437362   2.0208799e-09       64.791747      0.79265271      0.32942901      0.83062164     -0.34091132       14.165796       10992.255        5.606474         5.606474       10992.255                               10561.538                 24.755685                 397.27274                      8.6894266
              4       5502.2675       3.0100346       2.7050887      0.94853897     0.021855318      0.11584778     0.039424447       1.0419312       1.0037195        16.11147        9.638152       6.3788113       1.2131142       2.0056283       2.4404893      0.98936842      0.99855016   2.0288102e-09       64.791747      0.79332344      0.32942901       0.8313245     -0.34091132       14.165796         10991.6       6.4677128        6.4677128         10991.6                               10560.276                 25.695614                 397.16281                      8.4655703
              1       5498.6336       3.0092409       2.7265377      0.94961603     0.021908447       0.1158369     0.039236527        1.041826       1.0036521       15.501951         9.46686       6.0859961        1.145248       2.0473593       2.3821598      0.99397365      0.99791452   2.0272006e-09       65.052868      0.79222698      0.32689779      0.82697998     -0.31946226       14.139811       10985.156       6.0556368        6.0556368       10985.156                               10553.835                 25.439951                 397.31139                      8.5699131
              3       5502.7243       3.0104296       2.7265377      0.95051199     0.021908447       0.1158369     0.039236527        1.041826       1.0045208          16.398       9.3975757       6.3759651       1.0880895       1.6991765       2.0189716      0.99627988      0.98992293   2.0296116e-09       65.052868      0.79295256      0.32689779      0.82773739     -0.31946226       14.139811       10991.454       6.9972157        6.9972157       10991.454                               10560.417                 25.145488                 397.29474                       8.596503
              1       5501.7904       3.0101809       2.7265377      0.95081376     0.021908447       0.1158369     0.039236527        1.041826       1.0044536       15.825315       9.5464993       6.6455445       1.1585327       1.7182139       2.1477923      0.99027879       0.9897181   2.0291071e-09       65.052868      0.79293979      0.32689779      0.82772405     -0.31946226       14.139811       10988.835       7.3731433        7.3731433       10988.835                               10557.865                   25.0548                 397.29395                      8.6205896
              3         5497.89       3.0084965       2.7336678       0.9502674     0.021913976      0.11607259     0.038484507       1.0416784       1.0039065       15.846191       9.6331038       6.1638601        1.173844       1.9552246       2.3064952      0.99208422      0.99589154   2.0256921e-09        65.00946      0.79249863      0.32790801      0.82854081     -0.31233223       14.136887       10982.972       6.4038321        6.4038321       10982.972                               10551.633                 25.222576                 397.52918                      8.5879417
              2       5499.4048       3.0082003       2.7336678      0.95023866     0.021913976      0.11607259     0.038484507       1.0416784       1.0037356       15.986443       10.147563       6.8090552       1.4404337       1.8833238       2.5619221      0.99586216      0.99566649   2.0250921e-09        65.00946       0.7923731      0.32790801      0.82840957     -0.31233223       14.136887       10986.647       6.0811308        6.0811308       10986.647                               10555.291                  25.23437                 397.52918                      8.5925509
              1       5500.9242       3.0083185       2.7283716      0.94954077     0.021875906      0.11619036     0.038511152       1.0417055       1.0036607       16.756831       11.085626       7.4695618       1.3050075       1.5141233       2.2204702      0.99544567      0.99759089   2.0253316e-09       64.885359      0.79297882      0.32935081      0.83086474     -0.31762838       14.146307       10989.868       5.9900509        5.9900509       10989.868                               10558.421                 25.396164                 397.50248                      8.5487969
              5       5501.5444       2.9965136       2.7283716       0.9494525     0.021875906      0.11619036     0.038511152       1.0417055      0.99709565       15.685096       10.466934       6.6205925       1.3021014        1.661573       2.3355806      0.99760028       1.0003519   2.0015633e-09       64.885359       0.7882872      0.32935081      0.82594896     -0.31762838       14.146307        10992.11       5.4894847        5.4894847        10992.11                               10560.238                 25.544068                 397.50207                      8.8252763
              6       5499.9039       2.9954265       2.7978282       0.9502344      0.02206622      0.11731528     0.038246008        1.041294       0.9958257       15.277245       10.319365       6.7604572       1.2858222       1.8681245       2.5582624       1.0012207      0.99467209   1.9993886e-09       65.314761      0.78825381      0.32814405       0.8243995     -0.24817181       14.067937        10987.15       6.3286205        6.3286205        10987.15                               10554.912                 25.525303                 397.62328                      9.0895572
              1        5500.108       2.9930586       2.8084587      0.95058637     0.022115223      0.11735436     0.037183898       1.0411962      0.99536711        14.95327        9.866035       6.2263368       1.2859361       1.9577154        2.591798       1.0003142      0.99405129   1.9946598e-09       65.431355      0.78690171      0.32718541      0.82178237     -0.23754126       14.054515       10986.856       6.6797763        6.6797763       10986.856                               10554.144                 25.486586                 397.98824                      9.2371667
              5       5496.6194        2.999561       2.8084587      0.95417887     0.022115223      0.11735436     0.037183898       1.0411962      0.99938876       15.605172       9.2128932       6.4775125       1.2013006       1.7693312       2.4807661      0.99965533      0.99472898   2.0076721e-09       65.431355      0.79049194      0.32718541      0.82553175     -0.23754126       14.054515       10983.329       4.9546563        4.9546563       10983.329                               10551.762                 24.405639                 398.01478                      9.1473538
              3       5498.3891       3.0002739       2.7634264      0.95060358     0.021912851      0.11751446     0.037309085       1.0411191      0.99928051       14.911968       9.6526722        6.357062       1.0830735       1.5000814       2.2210429       0.9949654      0.99626495   2.0091039e-09       64.668924      0.79253283      0.33482718       0.8372728     -0.28257355       14.127338       10986.732       5.0231561        5.0231561       10986.732                                10554.99                  25.16462                 397.91306                      8.6646745
              1       5499.5557       3.0002431       2.7635267      0.95060142      0.02191309      0.11751667     0.037294952       1.0411189       0.9988996        14.47568         8.83938       5.4743134       1.1833732        1.809947       2.5641687      0.99209315      0.98874569    2.009042e-09       64.669456      0.79252271      0.33482758      0.83726262     -0.28247332       14.127217       10987.455       5.8280141        5.8280141       10987.455                               10555.665                 25.234191                 397.91306                      8.6436704
              1       5503.2211       3.0001574       2.7352249      0.94974008     0.021855695       0.1172285     0.037091098       1.0411235      0.99914722       14.282282       8.4549194       5.0030745        1.177591       1.7450228       2.5104822      0.99279741      0.98844407   2.0088699e-09       64.398681      0.79249286      0.33680478      0.83969942     -0.31077511       14.162878       10994.901       5.7705171        5.7705171       10994.901                               10562.891                 25.396787                 397.97838                      8.6346523
              5        5501.998        3.003981        2.700618      0.94874624     0.021721439      0.11708986      0.03866998       1.0416553       1.0001469       14.404604       9.0730657       5.7295638      0.98942151        1.772766       2.4003136      0.99564965      0.99396388   2.0165658e-09       64.113253      0.79549818      0.33913268      0.84579163     -0.34538202       14.198064       10993.869       5.0637824        5.0637824       10993.869                                10562.14                 25.522627                 397.37369                      8.8317331
              1       5502.4736       2.9932937       2.8622591      0.95287787     0.022149007      0.11855819      0.03458515       1.0408615      0.99670997       14.021339       9.4003894       5.6691675      0.99391867       1.8012264       2.5272209       1.0026521      0.99584071   1.9951289e-09       65.550999      0.78932362      0.32889262      0.82645942     -0.18374095        14.00818       10993.401       5.7728635        5.7728635       10993.401                               10560.276                 24.947866                 399.00027                      9.1775775
              5       5500.7815       2.9924254       2.8598261      0.95288194     0.022160928      0.11852405     0.034135101       1.0408788       0.9975367       15.723511       9.2741231       6.1997271       1.0829467       1.9084764       2.5763673      0.99945441      0.99586498   1.9933973e-09       65.550113      0.78891867      0.32884888      0.82598049     -0.18617391       14.008899       10990.848       5.3576615        5.3576615       10990.848                               10557.421                 24.792395                 399.17992                       9.454506
              1        5501.765        2.992384         2.86462      0.95265119     0.022077346      0.11853903     0.034324527       1.0409509      0.99758236       16.801894       9.8868133       6.8060894       1.1583667       1.7923115       2.4478566      0.99975265      0.99787874   1.9933147e-09       65.556398      0.78914222      0.32862801      0.82593704     -0.18137999        14.01022       10992.979       5.2756578        5.2756578       10992.979                               10559.466                 24.802392                 399.08253                      9.6272994
              3       5501.0793       2.9911864       2.8483786      0.95061915     0.022046384      0.11901561     0.033482353       1.0410378      0.99654374       15.207653        10.24747       6.2899044       1.1870374         2.00727       2.6129006      0.99413291      0.99580331    1.990929e-09       65.208497      0.79033712      0.33318578      0.83290406     -0.19762145       14.030023       10990.157       6.0010853        6.0010853       10990.157                               10556.391                 25.408498                 399.31077                      9.0460943
              4       5502.4015       2.9901979       2.8564021      0.95032731     0.022046111      0.11919689     0.033085195       1.0409415      0.99615076       15.140428       9.4854633       5.9062165       1.3014374       2.1172076       2.8420869      0.99100672      0.99463614   1.9889619e-09       65.206413      0.79008771      0.33363582      0.83320336     -0.18959788       14.025089       10991.765       6.5188395        6.5188395       10991.765                               10557.722                 25.511691                 399.49256                      9.0388493
              1       5502.0389       2.9897548       2.8486191      0.95059146     0.022091678      0.11901714     0.032750012        1.040885       0.9961135       14.626294       9.5736149       5.7309337       1.2207902       2.1446783       2.7628344      0.99238434      0.99238677   1.9880806e-09       65.197146      0.78943069      0.33341205      0.83223127     -0.19738089       14.029759       10990.931       6.5734427        6.5734427       10990.931                               10556.837                 25.479102                 399.65547                      8.9595281
              1       5502.7025       2.9932648       2.8486191      0.95045315     0.022091678      0.11901714     0.032750012        1.040885      0.99828587       14.862002       10.301592       6.3205085       1.1802602       2.1594523       2.7766169      0.99404984      0.99298917   1.9950711e-09       65.197146      0.79077781      0.33341205      0.83365141     -0.19738089       14.029759       10994.519       5.4430955        5.4430955       10994.519                               10560.523                 25.438081                 399.65641                      8.9011781
              1       5499.6083       2.9927495       2.8473276      0.95097557     0.021956883      0.11839835     0.032935642       1.0408013      0.99812904        15.59875       10.127131       6.7198772       1.0453027       2.0975103       2.5901177      0.99357574       0.9970101   1.9940434e-09       65.260421      0.78927967      0.33099591      0.82905168     -0.19867242       14.045121       10988.584       5.3163458        5.3163458       10988.584                               10554.695                 25.310719                 399.58072                       8.997843
              7       5500.0521       2.9894038       2.8473276      0.95589143     0.021956883      0.11839835     0.032935642       1.0408013      0.99742498        15.02617       8.1952443       5.6903947       1.2529936       2.1037963       2.7714517      0.99279899      0.99475552   1.9873831e-09       65.260421      0.78936478      0.33099591      0.82914108     -0.19867242       14.045121       10988.679       5.7125093        5.7125093       10988.679                               10555.464                  23.90646                 399.75343                      9.5548729
              1       5499.0039       2.9895131       2.8390406      0.95627378     0.022009081      0.11835605     0.032762084       1.0410595      0.99781778       14.137498       8.6720365       5.5349993       1.2103217         1.98797       2.6185562      0.99663889      0.99323056   1.9876002e-09       65.306141       0.7896764      0.33055269      0.82891287     -0.20695936       14.040635       10987.104       5.4518334        5.4518334       10987.104                               10553.805                 23.805359                 399.84949                      9.6444411
              3       5498.9741        2.989304       2.8390406      0.95610474     0.022009081      0.11835605     0.032762084       1.0410595       0.9976623       14.941188        10.13207       6.3240766       1.1740812       1.8868231       2.3644941      0.99474286      0.99228669   1.9871847e-09       65.306141       0.7895454      0.33055269      0.82877536     -0.20695936       14.040635       10986.632       5.6581051        5.6581051       10986.632                               10553.299                 23.852402                 399.84282                      9.6375332
              1       5499.1238       2.9892005       2.8390406      0.95339092     0.022009081      0.11835605     0.032762084       1.0410595      0.99696966       15.154536       10.433364       6.6625222       1.2207878       1.6618997       2.2373121       0.9984608      0.99364502    1.986979e-09       65.306141       0.7887277      0.33055269      0.82791702     -0.20695936       14.040635        10986.78       5.7336656        5.7336656        10986.78                               10553.016                 24.614792                 399.76597                      9.3838066
              4       5500.7147       2.9856616        2.872756      0.95271056     0.022068627      0.11912632     0.031243467       1.0407859      0.99634631       16.327275       10.386086        7.149468       1.1663899       1.4726205       2.0871367      0.99422467      0.99325767   1.9799597e-09       65.385525      0.78799549      0.33170422      0.82858792     -0.17324404       14.009751       10988.935       6.2472794        6.2472794       10988.935                               10554.131                 24.763333                 400.38589                      9.6547326
              1       5499.0282       2.9892834        2.872756      0.95103033     0.022068627      0.11912632     0.031243467       1.0407859      0.99760433       16.264611        10.63348       7.3328607       1.1233583       1.6116804       2.1796943      0.99500116      0.99309465   1.9871438e-09       65.385525      0.78894218      0.33170422      0.82958339     -0.17324404       14.009751       10986.841       5.6077547        5.6077547       10986.841                               10552.006                  25.30376                 400.30293                      9.2281944
              1       5504.1406       2.9879473       2.8498886      0.95131045     0.022067892      0.11850289     0.030523463       1.0406697      0.99780765       14.756175       10.473159        6.041493         1.29211       1.6897609       2.3098215      0.99619597      0.99659491   1.9844906e-09       65.299649      0.78715039      0.33110483      0.82695113     -0.19611139       14.035378       10997.681       5.3000933        5.3000933       10997.681                               10562.658                 25.218855                 400.67445                      9.1292503
              1       5502.9839       2.9892425       2.8523554      0.95163881     0.021966198      0.11825252      0.03141198       1.0407554      0.99898596       15.923931       11.878023       7.6673968       1.2925509       1.5696175        2.301362      0.99762411      0.99435696   1.9870625e-09       65.361307      0.78737753      0.32965724      0.82537953     -0.19364457       14.039574       10995.858       5.0549605        5.0549605       10995.858                               10561.037                 24.930171                 400.29197                      9.5986873
              3       5503.5454       2.9909276       2.8597357      0.95342769     0.022041713      0.11795219     0.032208778       1.0408869       0.9996339       16.700526       11.998742       7.8685365       1.4450181       1.5646071       2.2967584      0.99500476      0.99794028   1.9904137e-09       65.654613      0.78715478      0.32619961      0.82080734     -0.18626427       14.018684       10997.207       4.9419508        4.9419508       10997.207                               10562.635                 24.500261                 400.00666                      10.064822
              8       5499.8714       2.9919897       2.8597357      0.95474925     0.022041713      0.11795219     0.032208778       1.0408869      0.99898829       14.880644       10.314207       6.3244899       1.2545214       1.8869997       2.4946825       1.0007625      0.99463097   1.9925288e-09       65.654613      0.78795199      0.32619961      0.82163863     -0.18626427       14.018684       10989.714       5.0141775        5.0141775       10989.714                               10555.794                 24.371603                 399.99423                      9.5543802
              4       5500.7422       2.9918499       2.8562148      0.95509454     0.022088858      0.11787268     0.032026779       1.0409172      0.99917596       14.840744       10.314567       6.2177239       1.2061858       1.8761644       2.4467191      0.99927635       0.9925897   1.9922503e-09       65.689607      0.78768491      0.32577585      0.82082644     -0.18978524       14.016377       10991.251       5.1167588        5.1167588       10991.251                               10557.277                 24.290294                 400.09235                       9.591045
              2       5500.2464       2.9982696       2.7791059      0.95162156       0.0218796      0.11757628     0.034545387       1.0408322       1.0007494       14.556027       9.7669084       5.9006114       1.2976457       1.7701503       2.3764475      0.99729688      0.99181888    2.005081e-09       64.708544      0.79158463      0.33449162      0.83585193      -0.2668941       14.122704        10990.09       5.2013758        5.2013758        10990.09                               10557.558                  24.85885                 398.97491                      8.6979511
              1        5499.514        2.998735       2.8062425      0.95263501     0.021928487       0.1177446     0.034967514       1.0407727       1.0019366       16.835041       10.378241       7.8184985        1.272393       1.6781317       2.4492217      0.99484557      0.99359498   2.0060146e-09       64.982329      0.79145167      0.33220378      0.83284859     -0.23975755        14.09065       10988.181       5.4232622        5.4232622       10988.181                               10555.879                 24.430573                 398.80275                      9.0691352
              1       5497.7179       2.9993923       2.8050141      0.95284487     0.021930631      0.11768779     0.035263356       1.0408223       1.0021246       17.193189       10.163039       7.1547959       1.2034318       1.8570615       2.4137985      0.99572333      0.99142719   2.0073335e-09       65.005783      0.79166634      0.33183426      0.83261104     -0.24098587       14.090019       10984.225       5.6052792        5.6052792       10984.225                               10552.016                 24.372625                 398.74347                      9.0926702
              2       5497.7275       3.0009663       2.7154329      0.94938836     0.021713146      0.11719714     0.035393519       1.0411318       1.0030823       16.095037       10.059997       6.6437509       1.2031985       1.8278146       2.3596085      0.99363612      0.99523873   2.0104955e-09       64.071508      0.79387512      0.33982176      0.84492305     -0.33056706       14.199089       10983.733       5.8611564        5.8611564       10983.733                               10551.438                 25.001652                 398.55615                      8.7367676
              2       5498.8994       3.0044118       2.7188149      0.95063247     0.021732597       0.1169987     0.037032334        1.041322       1.0032379       15.841537       9.8124326       6.6903844       1.1805275         1.96712       2.5899687      0.99517012      0.99860531   2.0174347e-09       64.255909      0.79494483      0.33744197      0.84309383     -0.32718512       14.186711       10986.298       5.7503447        5.7503447       10986.298                               10554.802                 24.783294                 397.98014                      8.7327086
              7        5497.901       3.0035575       2.7288034      0.95173751     0.021775947      0.11682271     0.036719513        1.041363       1.0023916       14.665465       9.3076275       5.8253808       1.1533417        2.009932       2.6120322      0.99773971      0.99805444   2.0157118e-09       64.479784      0.79387446      0.33478771      0.83864074     -0.31719658       14.169251       10985.227       5.2873042        5.2873042       10985.227                               10553.715                 24.693868                 398.12831                      8.6906032
              1       5497.9432       2.9940441       2.7288034      0.95158227     0.021775947      0.11682271     0.036719513        1.041363      0.99925382       16.029207       9.4580206       6.9698192        1.078759       1.9601212       2.4993201       0.9952496      0.99582041   1.9966264e-09       64.479784      0.79006348      0.33478771      0.83461486     -0.31719658       14.169251       10985.826       5.0299737        5.0299737       10985.826                               10554.087                 24.453764                 398.12799                      9.1581393
              1       5497.5955       2.9966107       2.7562116      0.95433622     0.021815833      0.11623786     0.038368388       1.0411307      0.99816364       14.248958       8.0777539       5.3090769       1.1534752       2.1088077       2.7354916      0.99469232      0.99740773   2.0017576e-09        64.95722      0.78866215      0.32860344      0.82540372      -0.2897884       14.139745       10984.732       5.2294869        5.2294869       10984.732                               10553.767                 24.122815                 397.64365                      9.1987345
              2       5495.6347       3.0060536       2.7258525      0.95360339     0.021840694      0.11624189     0.043078661       1.0411875      0.99873214       14.505203       8.3098309       5.3922618       1.1272297       1.9046751       2.4656166      0.99289273      0.99375368   2.0207495e-09       64.642189      0.79315244      0.33187142       0.8342207     -0.32014751       14.168827       10980.546       5.3615007        5.3615007       10980.546                               10551.284                  24.28858                 396.28036                      8.6935367
              3       5495.9656       3.0058382       2.7312768      0.95379222     0.021839597      0.11625973     0.042996462        1.041178      0.99857518       14.364944       8.0336712       4.9971268       1.1949391       2.0487852       2.5945792      0.99412829      0.99639973   2.0203144e-09        64.69484      0.79299475      0.33137357      0.83342902     -0.31472322        14.16333       10981.561       5.1848581        5.1848581       10981.561                               10552.264                 24.272135                 396.31779                      8.7076729
              4       5494.6046       3.0068126       2.7332836      0.95441566       0.0218618      0.11607685     0.043684785       1.0411856       1.0000893       15.820814       9.4095358       6.4012395       1.1368882       1.8543656       2.2904584      0.99340943      0.99457995   2.0222838e-09       64.802101      0.79280139      0.32989565      0.83136564     -0.31271645       14.157833       10978.909       5.1499549        5.1499549       10978.909                               10549.789                 23.908818                 396.20759                       9.003984
              5       5494.9151       3.0049786       2.7332836      0.95404457       0.0218618      0.11607685     0.043684785       1.0411856      0.99848296       14.706543       8.4783417       5.4811331       1.1627237       2.2823915        2.758996      0.99746659      0.99716736   2.0185783e-09       64.802101       0.7919695      0.32989565      0.83049329     -0.31271645       14.157833       10979.747       5.0415765        5.0415765       10979.747                                 10550.5                 24.109748                 396.21056                       8.926237
              5       5498.0381       3.0060443       2.7931705      0.95610153     0.021937327      0.11660221     0.044474862       1.0411045      0.99886593       15.978038       10.146239       6.9442863       1.1018333       2.0870157       2.4515856      0.99447212      0.99218581   2.0207308e-09       65.345443       0.7923165       0.3258624      0.82576257     -0.25282948       14.089137       10985.384       5.3462382        5.3462382       10985.384                               10555.896                 23.635261                 396.09476                      9.7572056
              2       5498.3172       3.0038274       2.8064669      0.95650044     0.021882061      0.11651947     0.043428027       1.0411223       0.9987093       16.690466       10.891717       7.6145294       1.0084319       1.5889965       1.9116104      0.99286693      0.99809957   2.0162559e-09        65.49038      0.79109282      0.32410493      0.82226089     -0.23953315       14.079482       10986.252       5.1909878        5.1909878       10986.252                               10556.189                 23.559562                 396.31283                       10.19103
              5       5497.3889       3.0042543       2.8064669       0.9565796     0.021882061      0.11651947     0.043428027       1.0411223      0.99698528       14.794844       8.9763934       5.6644999       1.1324508       1.9338946       2.3466142      0.99281651       1.0000895    2.017117e-09        65.49038      0.79128443      0.32410493      0.82246005     -0.23953315       14.079482       10983.237        5.770391         5.770391       10983.237                               10553.662                 23.846854                 396.30186                       9.425919
              4       5496.7376       3.0071838       2.7873704      0.95705485     0.021898248      0.11602922     0.045237066       1.0413062       0.9971409       13.929648       9.0179172       5.8761691        0.972137       1.9129645       2.3987053      0.99476301      0.99578556   2.0230347e-09       65.514695      0.79169051      0.32275271      0.82116373     -0.25862957       14.090911       10982.145       5.6651489        5.6651489       10982.145                               10553.047                 23.764174                 395.99285                      9.3411455
              1       5499.5033       3.0022058        2.661894        0.952002     0.021764776      0.11534332     0.041966149       1.0416286        1.000593       14.373757       9.9204228       6.5210629      0.83819581       1.7480141       2.2288698      0.99491469      0.99192011   2.0129891e-09        64.29702      0.79117148      0.33306164      0.83362802     -0.38410596       14.230423       10988.468       5.2691111        5.2691111       10988.468                               10558.749                 24.191179                 396.57766                       8.950464
              3       5499.5636       3.0033581        2.661894      0.94825882     0.021764776      0.11534332     0.041966149       1.0416286        1.000383       14.901178       9.6865328       6.7280716      0.89050605       1.6694629       2.3196324      0.99910192      0.99544079   2.0153099e-09        64.29702      0.79057883      0.33306164      0.83300357     -0.38410596       14.230423       10989.317       4.9049568        4.9049568       10989.317                               10558.849                 25.301191                 396.51129                      8.6559488
              6        5498.188       3.0034111       2.6616006      0.94825139     0.021764522      0.11534068     0.041992126       1.0416274      0.99967997       14.283558       7.9668544       4.8197414       1.2527972       2.2205938       2.8659711      0.99747116      0.99730571   2.0154168e-09       64.293962      0.79059895      0.33308623      0.83305552     -0.38439939       14.230801       10986.653       4.8617189        4.8617189       10986.653                               10556.184                 25.434646                  396.4774                      8.5565867
              1       5496.1686       3.0052857       2.6663883      0.94890808     0.021822858      0.11529588     0.043100457       1.0415769       1.0002618       15.100269        9.001118       5.7544963       1.2497528       2.0663515       2.6338666       1.0008788      0.99339812   2.0191983e-09       64.394749      0.79091269      0.33207892      0.83212501     -0.37961175       14.220757       10982.312       5.0125215        5.0125215       10982.312                                10552.23                 25.197785                 396.25521                      8.6287761
              3       5495.3907       3.0034594       2.6899191      0.94851298      0.02179252       0.1158107     0.041828762       1.0413066       1.0002534       15.659971       9.5651874       6.2695901       1.2044346       1.9906984        2.474152       1.0003492      0.99470198   2.0155142e-09       64.376857      0.79086672      0.33344186      0.83378241     -0.35608094       14.208163       10980.919        4.931347         4.931347       10980.919                               10550.444                 25.261292                 396.53223                      8.6811835
              3       5495.0652       2.9971597       2.6899191      0.94956504      0.02179252       0.1158107     0.041828762       1.0413066      0.99722087        16.01777       10.095586       6.6922862       1.1187262       1.8806611       2.2543508      0.99768228      0.99242081   2.0028568e-09       64.376857      0.78867372      0.33344186      0.83147041     -0.35608094       14.208163       10978.696       5.7172173        5.7172173       10978.696                               10548.202                 24.956844                 396.53697                      8.9999542
              1       5498.9449       2.9981177       2.6937533      0.94971816     0.021791508      0.11583683     0.042332535       1.0412846      0.99815475       17.440668       10.675197       7.3053516       1.1341907       1.7083719        1.949208      0.99554072       0.9882474   2.0047765e-09       64.404297      0.78903574      0.33321985      0.83157511      -0.3522467       14.204796       10986.194       5.8476936        5.8476936       10986.194                               10555.779                 24.768708                  396.4057                      9.2409809
              4       5502.8392       2.9994253       2.6780245      0.94962304     0.021805737       0.1156144     0.043075418       1.0413407      0.99834615       17.989838        11.06632       7.9334472       1.1528627       1.1623363       1.7301828      0.99637149      0.98989687   2.0073997e-09         64.3288      0.78931171      0.33349311      0.83220698     -0.36797552       14.218159       10994.518       5.5802695        5.5802695       10994.518                               10564.384                 24.776077                 396.25261                      9.1054678
              1       5501.4371       2.9992128       2.6805659      0.95043134      0.02186966      0.11552426     0.043275161       1.0416291      0.99774371       18.102587       10.653658        8.164447        1.094428       1.1706989       1.6754474      0.99692347      0.98880062   2.0069733e-09       64.533336      0.78906293       0.3313205      0.82923031     -0.36543407       14.199435        10991.14       5.8669776        5.8669776        10991.14                               10560.972                 24.693106                 396.22122                      9.2542393
              1       5501.4232       2.9926167       2.6780902      0.94895557     0.021826864      0.11591108     0.039464647       1.0415889      0.99677081       16.585692        9.783013       6.7503966       1.1019367       1.2544572       1.5667184      0.99262443      0.99133635   1.9937786e-09       64.322825      0.78755015      0.33432323      0.83138248     -0.36790975       14.209443       10990.313       6.2667573        6.2667573       10990.313                               10558.962                 25.112622                 397.17815                      9.0599269
              5        5498.696       2.9920963       2.6683004      0.94917939     0.021854962      0.11563574     0.039344672       1.0416047      0.99688844       16.941874       10.074791       7.3556867       1.2868337       1.5963003       2.2081192      0.99771303      0.99334477   1.9927413e-09       64.332339      0.78672886      0.33362306      0.82964535     -0.37769959       14.215812       10985.777       5.8074118        5.8074118       10985.777                               10554.424                 25.037198                 397.21813                      9.0983129
              3       5499.4677       2.9873256       2.6492463      0.94889649     0.021897387      0.11528769     0.036949198       1.0415212      0.99751578       16.003045       9.6968538        6.813829       1.2887913       1.4416835       2.1466811      0.99740442      0.99300548   1.9832571e-09       64.238693      0.78401419      0.33384826       0.8270616     -0.39675372       14.233808       10987.821       5.5572643        5.5572643       10987.821                               10555.521                 24.935608                 398.01728                      9.3465152
              1       5498.6135       2.9965612       2.5639515      0.94537487     0.021727086      0.11487978     0.040992218       1.0413958      0.99922772       15.735202       9.2592445       6.0156478       1.2276839       1.8498377       2.1985497      0.99226373      0.99115622   2.0016585e-09       63.216013      0.78879211      0.34325519      0.84374359     -0.48204854       14.350062        10986.18       5.5232784        5.5232784        10986.18                                 10555.4                 25.585569                 396.70192                       8.493377
              1         5499.17       2.9957438       2.5725152      0.94479845     0.021780351      0.11544045     0.040282013       1.0413076      0.99948646        15.70096        9.237813       6.4411623       1.1169932       1.7378999       2.0809361      0.99360037      0.98764016   2.0000231e-09       63.134634        0.789525      0.34568446      0.84751069     -0.47348483       14.339655        10986.79       5.7749561        5.7749561        10986.79                               10555.766                 25.653944                 396.82663                      8.5433507
              2       5501.3839        2.997236       2.5981621      0.94809052     0.021888226      0.11462195     0.041930673        1.041136      0.99961246        13.81615       8.0067628       5.1699893      0.89777619       1.9306053       2.1725136      0.99066067      0.98429488   2.0030098e-09       63.745626      0.78688125      0.33735119      0.83442959     -0.44783792       14.301385       10989.835       6.4666382        6.4666382       10989.835                               10559.726                 24.884406                  396.5475                      8.6763488
              2        5502.196       2.9953215       2.6285245      0.94938761     0.021702641       0.1142284     0.041307857       1.0413141       0.9991635       14.969345       9.7368688       7.0684523      0.71523587       1.5373334       1.5299875      0.99294469      0.99145719   1.9991786e-09       64.150227      0.78514453      0.33171409      0.82560239      -0.4174755       14.279408       10993.482        5.455017         5.455017       10993.482                               10562.812                 24.663398                 396.73964                      9.2673188
              5       5501.4522       2.9912632       2.5757389      0.95199227     0.021896693      0.11229196     0.040611719       1.0418827      0.99900678       13.552865       8.0850923       4.7124493      0.93540209        1.853699       1.9491245      0.99659702      0.98933766   1.9910819e-09       64.553012      0.77918928      0.32338526       0.8089887      -0.4702611       14.292941       10991.923       5.4905023        5.4905023       10991.923                               10560.546                 24.096272                 396.98151                      10.299752
              2       5503.1226       2.9918259       2.5526098      0.95134872     0.021926642       0.1121695     0.040820996       1.0418741      0.99926571       12.936108       7.7892505       4.3896462        1.077368       1.9603727       2.1860815      0.99826591      0.99103516   1.9922025e-09       64.344693      0.77947261      0.32524988      0.81161264     -0.49339019       14.315916       10995.755       5.2452668        5.2452668       10995.755                               10564.807                 24.195125                 396.91134                      9.8407859
              5       5501.5677       2.9901066       2.5484233      0.95134542     0.021948934      0.11211353     0.039995003       1.0419546       1.0012601       14.733187       9.5799589       6.1784854       1.0105871       1.7349202       1.9732647      0.99820062      0.98783512   1.9887802e-09       64.358452      0.77872671      0.32502785      0.81055918     -0.49757675       14.315625       10991.799       5.6683942        5.6683942       10991.799                               10559.724                 23.849523                 397.18032                      11.044927
              7       5504.5201       2.9906235       2.5484233      0.95135235     0.021948934      0.11211353     0.039995003       1.0419546       1.0024243        15.92936       10.529478       6.9734071      0.96377736       1.4325523       1.8044366      0.99820129      0.98676569   1.9898085e-09       64.358452      0.77892991      0.32502785      0.81077069     -0.49757675       14.315625       10996.746       6.1473422        6.1473422       10996.746                               10564.318                 23.702518                 397.20801                      11.517283
              2       5504.3168       2.9896501       2.5484233      0.95120939     0.021948934      0.11211353     0.039995003       1.0419546       1.0017982       16.196267       10.912991       7.2617874      0.93844783       1.3172812       1.6366912      0.99665005      0.98677301   1.9878725e-09       64.358452      0.77851173      0.32502785      0.81033542     -0.49757675       14.315625       10996.684       5.9748185        5.9748185       10996.684                                10564.16                 23.759996                 397.20801                      11.555588
              1       5504.3974       2.9889735       2.5507396      0.95145252     0.021967921       0.1120626     0.039710791       1.0419249       1.0017827         14.9091       10.536159       6.5954699      0.91787498       1.5443115       1.8331418      0.99498885      0.98828766    1.986528e-09       64.409158      0.77794787      0.32444021      0.80901618     -0.49526039       14.311682       10997.093        5.850946         5.850946       10997.093                               10564.299                 23.704867                 397.31479                      11.773932
              1       5506.3122       2.9902928       2.5507396      0.94988786     0.021967921       0.1120626     0.039710791       1.0419249       1.0022075       14.983866       9.8963864        5.861697       1.1555718        1.722923       2.3033552      0.99975366      0.99261921   1.9891507e-09       64.409158      0.77803265      0.32444021      0.80910435     -0.49526039       14.311682       11001.729       5.4477801        5.4477801       11001.729                               10568.912                 24.115127                 397.25548                      11.446507
              3        5504.882       2.9917505         2.51571      0.94948853     0.021894975      0.11134656     0.040591061       1.0419952       1.0012756       13.787711        7.968148       3.9671918       1.3970296       2.1292413       2.6406949      0.99602996      0.99446114   1.9920523e-09        64.21787      0.77763425      0.32444862      0.80870052     -0.53028997       14.354206       10999.469       5.1476348        5.1476348       10999.469                                10567.82                 24.391526                 396.98423                      10.273424
              7       5506.2088       2.9914169       2.5147022      0.94942302     0.021897703      0.11135396     0.040406544       1.0419949        1.001728       13.746492       8.9232987       4.9298719         1.46538       1.5501786       2.4038576      0.99395262      0.99281473   1.9913879e-09       64.205309      0.77753512      0.32459973       0.8087857     -0.53129784       14.355123       11001.487       5.4651261        5.4651261       11001.487                               10569.638                 24.324634                 397.02543                      10.499382
              3       5506.9862       2.9841507       2.5147022      0.94852983     0.021897703      0.11135396     0.040406544       1.0419949      0.99790062       13.747061       9.0712204       5.0417767        1.479778       1.5294966       2.4001221      0.99422159      0.99343129   1.9769704e-09       64.205309      0.77447329      0.32459973      0.80560082     -0.53129784       14.355123       11002.931        5.520534         5.520534       11002.931                               10570.087                 24.584466                 397.03568                      11.224162
              3       5507.8025        2.981891       2.5054598      0.94738373      0.02185917      0.11156463      0.03894909        1.042004      0.99791028       13.974819       9.2768931         5.26969       1.4585129        1.435533       2.3263566      0.99032287      0.99252554   1.9725081e-09       63.993924      0.77451784      0.32716428      0.80882346     -0.54054022       14.370488       11003.841       5.8821813        5.8821813       11003.841                               10570.757                 24.808041                 397.43015                      10.845107
              5         5507.86       2.9832207       2.5017438      0.94829111     0.021847605      0.11107045     0.039987971       1.0421071      0.99779473        14.03661       8.1361677       4.8879987       1.5524886       1.6255751       2.6078897      0.99402006      0.99562418   1.9751328e-09       64.151035       0.7738485      0.32433332       0.8046205     -0.54425617       14.370605       11004.822       5.4488483        5.4488483       11004.822                               10571.882                 24.651989                 397.14209                       11.14676
              3       5506.8735        2.985585       2.5089003      0.94875243     0.021860545      0.11109535      0.04128189       1.0420999      0.99799508        14.40979       8.4266235       5.2308795        1.529939       1.5652917       2.5198665       0.9940685      0.99509193   1.9798081e-09       64.234447      0.77465772      0.32358615       0.8045336     -0.53709972        14.36131       11002.941       5.4031913        5.4031913       11002.941                               10570.382                 24.544175                 396.75216                      11.262757
              3        5506.296       2.9791775       2.5113691      0.94554641     0.021824405      0.11244689     0.036902289       1.0419637      0.99688825       13.181316       8.0339629        4.604626       1.4364859       1.8227244       3.1155453      0.99759609      0.99752665    1.967163e-09       63.710207      0.77588088      0.33217504      0.81642806     -0.53463085        14.37239       11001.353       5.6193744        5.6193744       11001.353                               10568.058                 25.371608                 398.06849                      9.8553079
              1       5506.2073       2.9810669       2.5340434      0.94623052     0.021857229      0.11274717     0.037916544       1.0419444      0.99656393       13.956435       9.5082393       5.9979233      0.98917977       1.4057223       2.2491762      0.99702209      0.99704677   1.9708834e-09       63.889687       0.7768687      0.33113666       0.8161888     -0.51195655       14.344759       11000.779       5.8177284        5.8177284       11000.779                               10567.821                 25.285281                 397.70487                      9.9679546
              4       5507.8105       2.9847411       2.5340434      0.94658099     0.021857229      0.11274717     0.037916544       1.0419444      0.99849653       11.821589       8.4519452       4.3410775      0.74855687       1.8349747        2.307316      0.99422957       0.9977404   1.9781381e-09       63.889687      0.77839237      0.33113666      0.81778959     -0.51195655       14.344759       11005.305       5.1581055        5.1581055       11005.305                               10572.691                 25.171332                 397.75634                       9.686627
              4       5508.4915       3.0034171       2.5340434      0.94568047     0.021857229      0.11274717     0.037916544       1.0419444        1.007933       12.929181       8.5125277       4.7532997      0.90064043       1.8449411       2.3918229      0.99936867      0.99889425   2.0154288e-09       63.889687      0.78544824      0.33113666      0.82520258     -0.51195655       14.344759       10997.327       9.8279243        9.8279243       10997.327                               10565.719                 25.407138                 397.70112                        8.50026
              6       5506.7767       3.0062854       2.5616055      0.94610589     0.021793542      0.11305474     0.039315638       1.0418597       1.0078469       14.095765       9.4346368       5.4797715       1.1225297       1.7622324       2.2024668      0.99975569      0.99891023   2.0212179e-09       64.027982      0.78699138       0.3303138      0.82579588     -0.48439454       14.323877       10994.119       9.7173812        9.7173812       10994.119                               10562.963                 25.358089                 397.24956                      8.5481272
              5       5501.3371       3.0079425       2.5576953      0.94602342     0.021798328      0.11307433     0.040153308       1.0418929       1.0078831       15.995285       10.015545       6.7460839       1.0012847       1.5738237       1.8278446      0.99200453       0.9951278   2.0245702e-09        63.98953      0.78783118      0.33076885      0.82724631     -0.48830465       14.326888       10982.284       10.195044        10.195044       10982.284                               10551.426                 25.392013                 397.00336                      8.4623466
              5       5502.8275       3.0096517       2.5924716      0.94677871      0.02184908      0.11360995     0.040983415       1.0417501       1.0075115        17.39495       10.863373       7.4042115      0.90733712       1.3571322       1.3307407      0.99027038      0.98563956   2.0280334e-09       64.201357      0.78896937      0.33002635      0.82751109     -0.45352841       14.288724       10984.048       10.803541        10.803541       10984.048                               10553.488                 25.292192                 396.73175                      8.5361108
              2       5500.9218       3.0104745       2.5945219      0.94705166     0.021838906      0.11351579     0.041480712       1.0417458       1.0074654        17.14636       10.151696       6.9798617        1.059023       1.5424911       1.6638601      0.99117833       0.9896498   2.0297029e-09       64.249366      0.78902108       0.3292814       0.8266308     -0.45147808       14.287199       10981.506       10.168559        10.168559       10981.506                               10551.035                 25.250371                 396.67749                      8.5436461
              3       5502.5798       3.0156125       2.6745261      0.94752532     0.021824005      0.11519655     0.043661422       1.0417089       1.0035878       15.720079       8.5790922       5.9365323      0.91264394       1.7030015       1.8629691      0.99120629       0.9952608   2.0401583e-09       64.567864      0.79412646      0.33006831      0.83297306     -0.37147395       14.207097       10992.532       6.3140001        6.3140001       10992.532                               10562.134                    25.907                 396.14136                      8.3488276
              1       5498.9816       3.0156361       2.6740824      0.94753188     0.021825805      0.11518726     0.043677612       1.0417065       1.0035983       15.315798       10.404913       6.7459086      0.85580075       1.4242122       1.6019852       0.9945488      0.99564676   2.0402065e-09       64.566592      0.79411169      0.33006318      0.83295109     -0.37191758       14.207439       10985.834       6.0644034        6.0644034       10985.834                               10555.482                 25.903804                 396.10095                      8.3471402
              3       5498.0405       3.0164352       2.6741006      0.94767605     0.021829664      0.11515351     0.044132836       1.0417265       1.0039561       16.950065       11.175451        7.399801       1.0197022       1.5373906       1.6173468      0.99994097       0.9983828   2.0418375e-09       64.588132      0.79435718      0.32977142      0.83284025     -0.37189939       14.206265        10983.98       6.0504108        6.0504108        10983.98                               10553.782                 25.811905                 396.03658                      8.3496623
              4       5499.3452       3.0109948       2.6741006      0.94882485     0.021829664      0.11515351     0.044132836       1.0417265       1.0013748       15.734516       9.4306891       6.3718662      0.81929053       1.7901203       1.8077034      0.99909337       1.0017342   2.0307591e-09       64.588132      0.79252256      0.32977142      0.83091675     -0.37189939       14.206265       10988.779        4.955601         4.955601       10988.779                               10558.792                 25.459437                 396.06934                      8.4581084
              1       5497.8839       3.0106682       2.6741006       0.9488211     0.021829664      0.11515351     0.044132836       1.0417265       1.0012085       15.188361        8.980137       5.8594063      0.91421985        1.940562       2.1731025      0.99676328       1.0007935   2.0300961e-09       64.588132      0.79239213      0.32977142      0.83077999     -0.37189939       14.206265       10985.853       4.9576168        4.9576168       10985.853                               10555.858                   25.4606                 396.06934                      8.4643607
              2       5497.4812       3.0122685       2.6741006      0.94572026     0.021829664      0.11515351     0.044132836       1.0417265       1.0014821       15.864272       9.9397573       6.7842073       1.1109329       1.8968649       2.0683499      0.99398731       1.0004628   2.0333474e-09       64.588132      0.79215403      0.32977142      0.83053036     -0.37189939       14.206265       10984.677        5.142815         5.142815       10984.677                                10553.88                 26.463666                 396.01897                      8.3142989
              7       5499.9724        3.012725       2.6665497      0.94464495     0.021718573      0.11523343      0.04406093       1.0416567       1.0018599       18.056944       11.801475       8.4282764        1.077067       1.2800531       1.2910659      0.99984179        1.001431   2.0342759e-09       64.362527      0.79298228      0.33200908       0.8342147     -0.37945031       14.228721         10989.8       5.0723446        5.0723446         10989.8                               10558.784                 26.680569                 396.01534                      8.3203562
              1       5499.4135       3.0137179       2.6685915      0.94481647     0.021736165      0.11527449     0.044606351        1.041686       1.0017793       16.810895       10.786033        7.387746       1.3460824       1.5589771       1.9586692      0.99812367       1.0025672   2.0362967e-09       64.395127      0.79344016      0.33181524      0.83445268     -0.37740852       14.223877       10988.649       5.0890934        5.0890934       10988.649                               10557.702                 26.665414                 395.95758                      8.3238338
              4       5498.2066        3.013267       2.6690716      0.94439344     0.021727449      0.11545468     0.044225576       1.0416612       1.0018005       17.294985        11.01173       7.7276514       1.3741914       1.5098953        1.923069      0.99583281      0.99765246   2.0353787e-09        64.32276      0.79373901      0.33297693      0.83622697     -0.37692843       14.225754       10986.095       5.1589792        5.1589792       10986.095                               10554.981                 26.762516                 396.00401                      8.3477155
              1       5499.7429       3.0079719       2.6275574      0.94150363     0.021704402      0.11571515       0.0408299       1.0415583       1.0022443       16.955049       10.781338       6.9501511       1.2408392       1.6176224       1.7962302      0.99742046      0.99649201   2.0246297e-09        63.69899      0.79309045       0.3400985      0.84443155     -0.41844263       14.278827        10988.92         5.28299          5.28299        10988.92                               10556.384                 27.363478                 396.61416                      8.5584515
              2        5497.776       3.0063613       2.6485278      0.94343324     0.021815346      0.11541745     0.040486079       1.0414452       1.0020439       15.540772       9.1271953       5.9878683       1.1416034       2.0878234       2.2686896      0.99094368      0.99670586   2.0213714e-09       64.096277      0.79072435      0.33544932      0.83613797     -0.39747223       14.246039       10984.384       5.5837902        5.5837902       10984.384                               10552.432                 26.856293                 396.78238                      8.3134177
              2       5499.2152       3.0059053       2.6921509       0.9431972     0.021865134      0.11657127     0.039806152       1.0412471       1.0013841       17.364316       10.325523       7.2287681       1.0402003       1.9580612       1.9193813       0.9892624      0.99477451     2.02045e-09        64.17606      0.79231499      0.33755558      0.84044615     -0.35384906        14.20301       10987.127       5.6515116        5.6515116       10987.127                               10554.748                 27.026058                 396.95004                      8.4030144
              1       5496.5166       3.0044834       2.6921509      0.94310208     0.021865134      0.11657127     0.039806152       1.0412471       1.0006476       18.059496       11.565038       8.8009283      0.96807306       1.3906839       1.5278148      0.99007777      0.99530612   2.0175791e-09        64.17606      0.79172533      0.33755558      0.83982067     -0.35384906        14.20301       10982.191       5.4212163        5.4212163       10982.191                               10549.791                 27.060991                 396.94641                      8.3928754
              1       5496.2085       3.0042706       2.6899638      0.94294958     0.021873324        0.116603     0.039653182       1.0412229       1.0015716       18.485262       12.336508       9.4698358       1.0187555       1.1809135       1.3675445      0.99587518      0.99362513   2.0171497e-09       64.138387      0.79171651      0.33804841      0.84042415     -0.35603621       14.205451       10981.875       5.2711102        5.2711102       10981.875                               10549.582                 26.904496                 396.98884                      8.3995747
              2        5497.169       3.0158435       2.6220304      0.94540549      0.02198429       0.1145618     0.046872914       1.0416696       1.0025306       16.845408        10.90488       7.9523702       1.0132607       1.2252907       1.4891088       0.9956108      0.99382368   2.0406296e-09       64.291609      0.79254871      0.33174217      0.83342337     -0.42396961        14.24769       10983.169       5.5846187        5.5846187       10983.169                               10552.934                 26.279232                 395.71805                      8.2376388
              4       5497.4499       3.0261784       2.6817149      0.94856191     0.021950556      0.11437007     0.052662063       1.0412002        1.003089       17.979917        11.03336       7.8465821       1.2131679        1.601058       1.8135909      0.99235701      0.98746915   2.0618288e-09       64.877935      0.79454664       0.3252608      0.82732212     -0.36428505       14.198097       10981.648       6.6257945        6.6257945       10981.648                               10551.837                 25.576873                 395.94405                      8.2901477
              2       5495.4654       3.0169774       2.7857143      0.95046777     0.022044007      0.11573478     0.047908908       1.0410726       1.0011256       19.034326       12.802338       10.007048      0.94656293       1.3355266       1.4216718       0.9921255      0.98911426   2.0429449e-09       65.639212       0.7919029      0.32118364      0.81938501     -0.26028567       14.083566       10979.353       5.7891437        5.7891437       10979.353                               10549.254                 25.306889                 395.68399                      9.1081036
              4       5495.1926       3.0155635       2.7678464      0.95011425     0.021987221      0.11536826      0.04724438       1.0411879       1.0013042       19.263941       12.076038       9.6288888       1.0295627       1.4329764       1.5165852      0.99302575      0.99260758   2.0400583e-09       65.553592      0.79096901      0.32103136      0.81822466     -0.27815358       14.103849        10979.51       5.4377698        5.4377698        10979.51                               10549.288                 25.345131                 395.73455                      9.1417733
              5       5495.4978       3.0165544       2.7616968      0.94985965     0.022018229      0.11545925     0.047688016       1.0411941       1.0013252       19.450306       11.978293       9.7023977       1.0143342       1.3489408       1.4389501      0.99428408      0.99123583   2.0420808e-09       65.476401      0.79167475      0.32207097      0.82027969     -0.28430322       14.107588       10980.049       5.4731591        5.4731591       10980.049                               10549.991                 25.412722                 395.68965                      8.9560802
              4       5497.6087       3.0150066       2.7616968      0.94976891     0.022018229      0.11545925     0.047688016       1.0411941       1.0008518       20.697516       12.997719        10.77224      0.88082442        1.074082       1.0205717      0.99445334      0.99039608   2.0389226e-09       65.476401      0.79103646      0.32207097      0.81961834     -0.28430322       14.107588       10984.301       5.4583064        5.4583064       10984.301                               10554.081                 25.381623                 395.68965                      9.1486664
              1       5497.6283       3.0106561       2.7616968      0.94819251     0.022018229      0.11545925     0.047688016       1.0411941      0.99663976       18.424688       12.022798       9.4060057      0.96191913       1.2383928       1.5318675      0.99916708      0.99334001   2.0300714e-09       65.476401      0.78886972      0.32207097      0.81737331     -0.28430322       14.107588       10983.429       5.9137965        5.9137965       10983.429                               10552.731                 26.227731                 395.67536                      8.7946955
              1       5498.7086       3.0109943       2.7779284      0.94802358      0.02201431      0.11589697     0.047674964       1.0411457      0.99640222       17.932726       13.392346       9.4873817       1.0586289       1.2732556       1.4285928      0.99425637      0.99270952   2.0307582e-09       65.491595      0.78984302      0.32293909      0.81948398     -0.26807165       14.093586       10984.914       6.2514779        6.2514779       10984.914                               10554.153                 26.314911                 395.70004                      8.7457146
              1       5500.0327       3.0108206       2.7902413      0.94875294     0.022027929      0.11584171     0.047750864       1.0411429      0.99803096       19.022245       13.568945       9.8814729       1.1823344       1.2344561       1.4066323      0.99631154      0.99194045   2.0304055e-09       65.664224      0.78931754      0.32115141      0.81666894     -0.25575866       14.078601       10989.089       5.4882298        5.4882298       10989.089                               10558.043                 25.807658                 395.67852                      9.5592782
              2       5496.9372        3.018825       2.7773232       0.9498876     0.022021438      0.11525229     0.052312352       1.0413538      0.99751984       18.311439       12.253086       9.1080297       1.1102411       1.4530294       1.5395023      0.99469947      0.99223784   2.0467229e-09       65.786673      0.79147215      0.31857523      0.81560713     -0.26867679       14.084385       10982.436       5.7190847        5.7190847       10982.436                               10551.665                 25.776636                 395.90539                      9.0896608
              2       5497.1645       3.0240903       2.7733127      0.94948033     0.022025513      0.11552521     0.054850946       1.0413845      0.99717362       18.091112       11.879609       8.8066938        1.121728       1.4774826       1.5544735       0.9944825      0.99153304   2.0575278e-09       65.656351      0.79451517      0.32048224       0.8211898     -0.27268729       14.088591       10982.459       5.9349904        5.9349904       10982.459                               10551.484                 26.032014                 396.37662                      8.5661588
              1       5498.0744        3.020777       2.7918345      0.94920682     0.022081833      0.11611144     0.052925116       1.0413182      0.99713536        17.68672       12.291083       9.2553393       0.8793846       1.4958982        1.578246      0.99743027       0.9964934    2.050722e-09       65.687839      0.79415992      0.32167116      0.82234376      -0.2541655       14.067119       10985.076        5.536247         5.536247       10985.076                               10554.356                 26.030279                 395.96331                      8.7271452
              1       5497.3856       3.0239645       2.7918345      0.95082481     0.022081833      0.11611144     0.052925116       1.0413182      0.99900612       17.772695       12.097733        8.923094      0.82431796       1.5148161       1.5626279      0.99743531      0.99795712    2.057269e-09       65.687839      0.79589263      0.32167116      0.82413797      -0.2541655       14.067119       10984.935       4.9180323        4.9180323       10984.935                               10554.769                 25.512721                 395.98563                      8.6675701
              2       5497.7874       3.0227012       2.6908916      0.95028322     0.022254744      0.11450772     0.052784109       1.0414453      0.99886062       14.086639       8.7087148       5.2909478      0.94821922       1.8373198       2.0880357      0.99545433      0.99471748   2.0546717e-09       65.256256      0.79267321      0.32254145      0.82191389     -0.35510845       14.149367       10985.311       5.1319501        5.1319501       10985.311                               10555.509                 25.670714                 395.89993                      8.2312677
              1       5498.9283       3.0172917       2.6908916      0.95378153     0.022254744      0.11450772     0.052784109       1.0414453       0.9966626       13.983992       8.2357982       4.9019293      0.83484615       1.9319595       2.2033828      0.98981032      0.98719594   2.0435871e-09       65.256256      0.79152528      0.32254145      0.82072361     -0.35510845       14.149367       10983.826       7.0151837        7.0151837       10983.826                               10554.771                  24.63146                 395.89351                      8.5307048
              7       5497.7725       3.0196199       2.6594441      0.94906847     0.021979633      0.11559383     0.052653778       1.0416094      0.99693591       13.623597       9.0237511       5.1725963       1.1022234       1.9372493        2.522469      0.99854462      0.99211706   2.0483505e-09       64.343595       0.7972112      0.33370273      0.84079989     -0.38655592        14.21237        10983.83       5.8576425        5.8576425        10983.83                               10553.613                 25.698779                 395.98041                      8.5373574
              2       5496.9518       3.0292561       2.6594441      0.94541822     0.021979633      0.11559383     0.052653778       1.0416094       1.0015675       15.071391       10.196337       6.6604173       1.1170413        1.843532       2.3424553      0.99578245      0.99158322   2.0681842e-09       64.343595      0.80002715      0.33370273       0.8437698     -0.38655592        14.21237       10983.054       5.4249705        5.4249705       10983.054                               10551.387                 26.823826                 396.05676                      8.7857455
              3       5496.3265       3.0314932       2.6979178      0.94879883     0.022136527      0.11521999     0.054634251       1.0415905       1.0010829       15.273919       10.140999       6.5082227        1.134813       1.8705019       2.3194953      0.99637554      0.99066313   2.0728161e-09       65.040475      0.79858992      0.32609217       0.8325942     -0.34808222       14.152404       10981.892       5.3806391        5.3806391       10981.892                               10551.195                 26.092804                 396.32682                      8.2774644
              1       5496.9448        3.034872       2.6979178      0.95347412     0.022136527      0.11521999     0.054634251       1.0415905        1.003529       14.412124       9.1140756        5.683455       1.0617738       2.0199319         2.46428       0.9945602      0.98688671   2.0798315e-09       65.040475      0.80128095      0.32609217      0.83539982     -0.34808222       14.152404       10980.311       6.7893305        6.7893305       10980.311                               10551.015                 24.659267                 396.21915                      8.4174946
              1       5499.7831       3.0384832       2.6853423      0.95312776       0.0221203      0.11525426     0.056478287       1.0418444       1.0033539       16.194283       9.2975989       6.4458709       1.1500847       1.8514108       2.2222254      0.99292522      0.98584229   2.0873557e-09       64.951313      0.80348747      0.32702595      0.83889883     -0.36065774       14.160365       10985.691       6.9376312        6.9376312       10985.691                               10555.569                 24.821914                  396.6971                      8.6025742
              1       5501.1415       3.0306526       2.6853423      0.95704715       0.0221203      0.11525426     0.056478287       1.0418444       1.0001848       15.166007       8.3574038       5.5468696       1.0797972       1.9377981       2.3157917       0.9930454      0.98423773   2.0710744e-09       64.951313      0.80147344      0.32702595      0.83679604     -0.36065774       14.160365       10989.739       6.2720633        6.2720633       10989.739                               10560.846                 23.722052                 396.62525                      8.5458404
              2       5499.7579       3.0278578       2.6832701      0.95523794     0.021997761      0.11571092     0.054478814       1.0417711      0.99925401       14.572568       7.8664681        5.017534       1.1319515       2.0828269       2.4779561      0.99320942      0.98721147   2.0652942e-09       64.646471      0.80191542      0.33091609      0.84222257     -0.36272989        14.17951        10987.76       5.8780665        5.8780665        10987.76                               10558.573                 24.199836                 396.21334                      8.7735052
              1       5497.5385       3.0199873       2.7606677      0.95830084     0.022159892      0.11603786     0.050933159       1.0414965      0.99889055       14.959115       8.5707036       6.0274984       0.9998037        2.101676       2.5331563      0.99518127      0.98731164   2.0491032e-09       65.471889      0.79710076      0.32379529      0.82810968     -0.28533229       14.087295       10983.467       5.8047976        5.8047976       10983.467                               10555.456                 23.524721                 395.69497                      8.7915677
              1       5497.9807       3.0189577       2.7868857      0.95739771     0.022178261      0.11710128      0.04990427       1.0414804      0.99734219       14.775463       8.6071882       5.9246462        1.046656       1.9155495       2.4346904      0.99594726      0.98831658   2.0469945e-09       65.413357      0.79900122      0.32691315      0.83407097     -0.25911428       14.061708       10983.731       6.1150076        6.1150076       10983.731                               10555.433                 23.918464                 395.70072                      8.6795963
              2        5497.917       3.0181561       2.7801571      0.95702956     0.022182871      0.11711694     0.049415696       1.0414683       0.9974037       15.051387       8.3561569       5.5894929       1.1797135       2.0197083        2.547351      0.99496402       0.9901415   2.0453544e-09       65.329632      0.79881899      0.32779655      0.83500667     -0.26584293        14.06897       10983.959       5.9372692        5.9372692       10983.959                               10555.643                 23.972425                  395.6741                       8.669903
              3       5498.2861       3.0184037       2.8007201      0.95768153     0.022179779      0.11724495     0.049614849       1.0414256      0.99772413       14.959027        8.841612       5.3350386       1.1066016       1.7911826        2.216385      0.99804465      0.98941101   2.0458608e-09       65.506807      0.79881929      0.32632468      0.83313021     -0.24527993       14.048813       10985.014       5.7793732        5.7793732       10985.014                               10556.768                 23.791199                 395.68464                      8.7701885
              2       5499.1818       3.0304861       2.8007201      0.95119906     0.022179779      0.11724495     0.049614849       1.0414256       1.0028418       15.469639       10.487061       6.6955612       1.1777307       1.5824214        2.318013      0.99757154      0.99321568   2.0707295e-09       65.506807      0.80177134      0.32632468      0.83620905     -0.24527993       14.048813       10986.982        5.690952         5.690952       10986.982                                 10557.2                 25.619784                 395.69127                      8.4705754
              4       5499.8903       3.0327045       2.8007201       0.9527794     0.022179779      0.11724495     0.049614849       1.0414256       1.0042149       16.368185        10.60183       7.0459694       1.2116295       1.4685799       2.1744156      0.99961439      0.99175665   2.0753284e-09       65.506807        0.803121      0.32632468      0.83761668     -0.24527993       14.048813       10986.687        6.546999         6.546999       10986.687                               10557.316                 25.135887                 395.69232                      8.5425645
              1       5496.6419       3.0301154        2.787264      0.95235925     0.022149996      0.11700137     0.048268425       1.0414143       1.0044311       15.575067       9.5311481       6.3885328       1.1182095       1.9239097       2.5143689      0.99872718      0.99501125   2.0699622e-09       65.408336      0.80172146      0.32666389       0.8365915     -0.25873597       14.065823       10980.307       6.4885746        6.4885746       10980.307                                10550.95                 25.160379                 395.69594                       8.500402
              1       5495.4298       3.0325206       2.7834733       0.9521361     0.022117607      0.11696864      0.04941205       1.0412985       1.0041645       15.304418        9.706325        6.241026       1.0867741       1.9075737       2.3015834      0.98998159      0.99304975   2.0749468e-09       65.312072      0.80267075      0.32747345       0.8386193     -0.26252668       14.076678       10977.027       6.9160976        6.9160976       10977.027                               10547.431                 25.303147                 395.66363                      8.6298597
              2       5496.5248       3.0408555        2.798026      0.95687748     0.022100194      0.11523544     0.055241374        1.041644       1.0035452       14.339506       9.3388288       5.6092969       1.0798449       2.0555399       2.4110143       0.9941871      0.99879564   2.0923136e-09       66.192349      0.80140553      0.31483123      0.82097629     -0.24797403       14.044793       10981.116       5.9669197        5.9669197       10981.116                               10552.009                 24.510454                 396.30528                      8.2909252
              4       5499.8651       3.0338045        2.798026      0.96409226     0.022100194      0.11523544     0.055241374        1.041644       1.0010955       12.637267       7.2564666       3.8161349      0.89881257       2.0850609       2.4748373      0.99681163      0.99671781   2.0776124e-09       66.192349      0.80069768      0.31483123      0.82025115     -0.24797403       14.044793       10989.758       4.9859478        4.9859478       10989.758                               10562.123                 22.705564                 396.19946                      8.7306634
              1       5499.7119       3.0342465       2.7861267      0.96368366     0.022059589      0.11511153     0.055437037       1.0417309       1.0016462       13.025276       8.0848658       4.5639123      0.74201008        2.062221       2.2468982      0.99423327      0.99425967    2.078531e-09       66.093541      0.80099485      0.31539224      0.82128634     -0.25987332       14.058738       10988.758         5.33309          5.33309       10988.758                               10561.045                 22.706859                  396.2577                      8.7476267
              4       5499.2873       3.0436944       2.7874777      0.96142856     0.021876492      0.11599565     0.059402968       1.0415178       1.0021044       14.282316       9.2255292       5.4948919       1.1557032       1.7344107       2.3112575      0.99217549      0.99470488   2.0982619e-09       65.579653      0.80772475      0.32198502      0.83679793     -0.25852225       14.086433       10987.403        5.585826         5.585826       10987.403                                10557.96                 23.153608                 397.55375                      8.7358886
              6       5495.6872       3.0358022       2.9290689       0.9659839     0.022146032      0.11733163      0.05589382       1.0413092      0.99997057       15.094576       10.051439       6.4084091       1.0199877       1.6598356       1.9124565      0.99464487      0.99232361    2.081767e-09       66.898365      0.80426349       0.3130546      0.82157605     -0.11693113       13.918711       10980.928       5.2233456        5.2233456       10980.928                               10552.835                 22.538032                 396.34485                       9.209871
              1       5497.8321       3.0345709        2.921333      0.96604935     0.022196847      0.11721231     0.055334809       1.0413062      0.99998351       14.996168       10.289348       6.8218237       1.1509995       1.5139853       1.8877797      0.99563144      0.99269202   2.0792055e-09       66.891206      0.80342258      0.31296573      0.82060054     -0.12466705       13.921317       10985.369       5.1477303        5.1477303       10985.369                                10557.41                 22.512352                 396.21767                      9.2291004
              5       5503.1932       3.0233561        2.881435      0.96144185     0.022019166       0.1178567     0.048414857       1.0412673       1.0002093       12.549256       8.6356367       5.0359418       1.0152515       1.9933308       2.5790549      0.99346189      0.99560584   2.0560178e-09       66.045374      0.80178049       0.3220885      0.83077318     -0.16456503       13.985832       10996.188       5.0990368        5.0990368       10996.188                               10568.365                 23.146346                 395.70758                       8.969049
             10       5496.3477       3.0233106        2.888072      0.96081155     0.022019487      0.11830888     0.048115589       1.0412275       1.0000486        14.84935       10.302681       6.3379718       1.1488151       1.7485535       2.4247602      0.99864618      0.99805749   2.0559242e-09       65.950943      0.80280754      0.32405431      0.83437198     -0.15792799       13.981783       10983.069       4.8134744        4.8134744       10983.069                               10555.116                   23.2801                 395.73844                      8.9336737
              3        5497.487       3.0253089        2.888072      0.96246655     0.022019487      0.11830888     0.048115589       1.0412275       1.0014763       15.184194       10.388319       6.5805419       1.0920676       1.7454044       2.4182084      0.99553819      0.99589466   2.0600367e-09       65.950943      0.80409919      0.32405431      0.83571442     -0.15792799       13.981783       10984.687       5.1434159        5.1434159       10984.687                               10557.085                 22.871292                 395.73327                      8.9980677
              3       5496.9433       3.0268671       2.9074024      0.96307636      0.02204016      0.11850461     0.048949041       1.0411352       1.0013583       16.695888       8.9124456       6.2143913       1.2531299        2.142704       2.5650067      0.99504525      0.99500456   2.0632492e-09       66.091688       0.8047378      0.32317814      0.83524669     -0.13859765       13.962693       10983.526       5.1803632        5.1803632       10983.526                               10556.004                 22.797162                 395.69893                      9.0254679
              1       5497.9605       3.0247199       2.9074024      0.96428122      0.02204016      0.11850461     0.048949041       1.0411352        1.000457         15.9306       8.9294125       5.9115898       1.2656881       1.9178794       2.6322935      0.99198013      0.99290124   2.0588237e-09       66.091688      0.80423175      0.32317814      0.83472145     -0.13859765       13.962693        10985.17       5.3755184        5.3755184        10985.17                               10557.759                 22.537696                 395.72132                      9.1516705
              5        5496.064       3.0182369       2.9074024      0.96002441      0.02204016      0.11850461     0.048949041       1.0411352      0.99650095       14.970294       9.4365975       6.0550291       1.2179486       1.9411334        2.563531        0.996318      0.99256684   2.0455195e-09       66.091688      0.80037201      0.32317814      0.83071538     -0.13859765       13.962693        10979.91       6.1087679        6.1087679        10979.91                               10551.559                 23.524285                 395.71285                      9.1140498
              9        5494.397       3.0233727       2.9074024      0.96001605      0.02204016      0.11850461     0.048949041       1.0411352      0.99910609       15.360278       9.9083845       6.4403257       1.1489476       1.8513655       2.3799039      0.99339498      0.99218633    2.056052e-09       66.091688      0.80242747      0.32317814      0.83284877     -0.13859765       13.962693       10978.049       5.3725788        5.3725788       10978.049                               10549.872                 23.520067                 395.71285                      8.9434298
              7        5498.507       3.0273728        2.911275      0.96197474     0.022077212      0.11778154     0.051589261       1.0410556      0.99911848       14.169124       9.3488442       6.0446616      0.92782047       1.7782845       2.1459302      0.99395365      0.98884362   2.0642928e-09       66.393624      0.80185934      0.31869058      0.82646064     -0.13472496       13.954194       10985.709       5.6525371        5.6525371       10985.709                               10557.753                 23.208389                 395.77401                      8.9737916
              1       5499.1249       3.0272202        2.911275      0.95911612     0.022077212      0.11778154     0.051589261       1.0410556      0.99859385       14.535266       9.4049991       6.0877848      0.81362714       1.8353966       1.8405655      0.99580855      0.99329493   2.0639779e-09       66.393624      0.80095208      0.31869058      0.82552554     -0.13472496       13.954194       10987.738       5.2560654        5.2560654       10987.738                               10559.196                 23.923341                  395.8012                      8.8176873
              3        5500.189       3.0290129       2.8815305      0.95680356     0.021971858      0.11800283     0.051899664       1.0409339      0.99932303       14.638265       9.4777736       6.8033111      0.83226135       1.7442564        1.929402      0.99641522      0.99534434   2.0676813e-09        65.84748      0.80305007      0.32425532      0.83488287     -0.16446945       14.001287       10990.389       4.9945465        4.9945465       10990.389                               10561.568                 24.307695                 395.86965                      8.6439362
              5       5501.3395       3.0303117       2.8852222      0.95724293     0.021990998      0.11794548     0.052672109       1.0409245      0.99941606       14.656307       10.003959       6.7879247      0.88726432       1.7536135       1.9334316        1.005034       0.9931435   2.0703686e-09       65.922444      0.80329799      0.32343174      0.83407936     -0.16077777       13.995429        10992.33       5.1742987        5.1742987        10992.33                               10563.531                 24.217737                 395.94256                      8.6392727
              4       5497.5257       3.0295459       2.8923842      0.95742612      0.02201384      0.11805492     0.052293915       1.0409289      0.99922253       17.206964       10.499571       7.7858087      0.84651547       1.2611399       1.2949355       1.0010436      0.99304618   2.0687836e-09       65.986586      0.80307455      0.32310972      0.83343215     -0.15361577       13.985765        10984.89       5.0808348        5.0808348        10984.89                               10556.142                 24.198054                 395.89596                      8.6541793
              3       5499.1059       3.0289744       2.9129922       0.9587103     0.022085371      0.11801439      0.05226907       1.0408474      0.99891035       16.894696       9.9730249       7.3761951      0.84871515       1.3103949       1.3603019       1.0006882      0.99293265   2.0676016e-09       66.269409      0.80202347       0.3204358      0.82889012     -0.13300778       13.958814       10987.947        5.132347         5.132347       10987.947                               10559.398                 23.975602                 395.85592                      8.7176917
              6       5496.2041       3.0294653       2.9156156      0.95867616     0.022080062       0.1180842     0.052482806       1.0408272      0.99891632       15.971354       9.4744484       6.9306213      0.92348506       1.8909084       1.9653715      0.99795673      0.99159922    2.068617e-09       66.264212      0.80235804      0.32063392      0.82949222     -0.13038439       13.957472       10981.902       5.2529442        5.2529442       10981.902                               10553.298                 23.987625                 395.90695                      8.7099216
              6       5498.1422       3.0298712       2.9211568      0.95904008     0.022114332      0.11813792     0.052772272       1.0408664      0.99872485        16.51755       10.685569       7.6532606       1.0973269        1.458651       1.8289901        1.003618      0.98922986   2.0694566e-09       66.349982      0.80251258      0.32000741      0.82884103     -0.12484325       13.947132       10985.163       5.5607641        5.5607641       10985.163                               10556.537                 23.948138                 395.95205                      8.7253145
              8       5495.9124       3.0157516       2.9287706      0.95971505     0.022070857      0.11757453     0.045917962       1.0410893      0.99836755       16.333914       10.495119       7.6777786       1.1416039       1.6577307       2.3010453       1.0032715      0.99908043   2.0404421e-09       66.674996      0.79533774      0.31553283      0.81566765     -0.11722942       13.934367       10981.712       5.0561874        5.0561874       10981.712                               10552.407                  23.69386                 395.91131                      9.6998852
              1        5494.144        3.014273       2.9099453      0.95909433      0.02203625      0.11729492     0.045080669       1.0409926      0.99885334       16.041057       10.381408       7.1355665       1.1619013       1.5976733       2.1476371      0.99962929      0.99843413   2.0374273e-09        66.49609      0.79432613      0.31651553      0.81589775     -0.13605466       13.959618       10978.481       4.9033871        4.9033871       10978.481                               10549.058                 23.728228                 396.04951                      9.6457419
              1       5495.3871       3.0171189       2.9099453      0.95811949      0.02203625      0.11729492     0.045080669       1.0409926       1.0001451       16.497941       10.905943       7.8427591      0.97704935       1.3644049        1.726559      0.99503344      0.99821162   2.0432339e-09        66.49609      0.79517107      0.31651553      0.81676564     -0.13605466       13.959618       10980.922       4.9262646        4.9262646       10980.922                               10551.552                 23.976789                 396.01334                      9.3798439
              5       5494.4268       3.0143612       2.9305297      0.95738613     0.022080008      0.11809103     0.043232177       1.0407856      0.99982316       17.676546       12.324332       9.2759967      0.90144884       1.2873715       1.5175524       0.9933593       0.9975825   2.0376071e-09       66.420071      0.79541775      0.31915172      0.82041434     -0.11547028       13.942943       10978.779       5.0374721        5.0374721       10978.779                               10549.034                 24.135404                 396.31485                      9.2939307
              2       5496.2918       3.0105193       2.9316626      0.95604059     0.022072043      0.11867004     0.040824836       1.0407903      0.99949039       18.262373       12.779158        9.404752       1.0941031       1.2332737        1.560182        1.000178       1.0031907   2.0297937e-09       66.225223      0.79540693      0.32233494      0.82448438     -0.11433744       13.944827       10982.869       4.8570916        4.8570916       10982.869                               10552.437                 24.419864                 396.85201                      9.1605664
              2       5495.0235       3.0205186        2.939467      0.95499669     0.022064885       0.1196359     0.045444643       1.0408371      0.99937296       18.469539       13.042801         9.88704       1.0556989       1.2876697       1.5711599      0.99537687       1.0003423   2.0501921e-09       65.988487      0.80203582      0.32685639      0.83716609     -0.10653298       13.939809       10980.199       4.9241604        4.9241604       10980.199                               10550.724                  24.78322                 395.93191                      8.7591079
              1       5494.9257       3.0194705       2.9469795      0.95535235     0.022088502      0.11965584     0.044978792        1.040826      0.99921923       18.303958        12.97168       9.7677991       1.0650916       1.3437578       1.6355616      0.99585902       1.0000498   2.0480444e-09       66.083232      0.80143131       0.3260223      0.83546706     -0.09902049       13.929899       10980.012       4.9197735        4.9197735       10980.012                               10550.494                 24.716892                 396.01648                      8.7846951
              1       5497.9235       3.0206483       2.9566888      0.95573884     0.022108729      0.11976777      0.04563234       1.0408321       1.0003967       19.957916       14.710713       11.469191       1.0024768       1.0595215       1.3174339      0.99547224      0.99734707    2.050458e-09       66.174254      0.80198304      0.32543138      0.83528421    -0.089311224       13.917885       10985.976       4.9355349        4.9355349       10985.976                               10556.659                 24.442096                 395.89845                      8.9759723
              2       5497.2529       3.0238091       2.9508089      0.95791789     0.022226067      0.11887981     0.047966686       1.0407373        1.000842       19.177435       13.647973       10.769542      0.97970245       1.1514153       1.3954275      0.99539623      0.99366103   2.0569493e-09       66.479914      0.80061807      0.32069995      0.82777863     -0.09519111       13.911382       10984.208       5.1488578        5.1488578       10984.208                               10555.389                 23.961996                 395.71728                      9.1396817
              1       5495.9992       3.0197997       2.9508089      0.95918255     0.022226067      0.11887981     0.047966686       1.0407373      0.99900507       19.022217       13.067708       9.7737189      0.92304961        1.219377       1.2053725      0.99122806      0.99238783   2.0487187e-09       66.479914      0.79938887      0.32069995      0.82650773     -0.09519111       13.911382       10980.921        5.538906         5.538906       10980.921                               10552.083                  23.64176                  395.7437                      9.4524358
              1       5496.0617       3.0258694       2.9196892        0.963041     0.022211499      0.11661147     0.052742395       1.0414168      0.99766035       17.092236       11.349431       8.0311039      0.92455732       1.5240672       1.5745784      0.99094919       0.9967046   2.0611916e-09       67.134591      0.79708744      0.30939946      0.80947811     -0.12631078       13.915603       10980.749       5.6870574        5.6870574       10980.749                               10551.908                 23.221083                  395.8364                      9.7842148
             10       5496.2221       3.0263093        2.936653      0.96356353     0.022193133      0.11668156     0.053018659       1.0413521      0.99758671       16.948796       10.229861       7.1386814       1.1144816       1.8256087       1.8850934      0.99188121      0.99747682   2.0620985e-09       67.270525      0.79710026      0.30827061      0.80801307     -0.10934699       13.901738       10981.219       5.6125762        5.6125762       10981.219                               10552.247                 23.142199                 395.83263                      9.9976984
              2       5495.2404       3.0301437        2.936653        0.964253     0.022193133      0.11668156     0.053018659       1.0413521      0.99964057       16.716234       10.034446       7.0131937        1.144859       1.9605743       2.0286792      0.99277797      0.99711736   2.0700207e-09       67.270525      0.79883582      0.30827061      0.80977239     -0.10934699       13.901738       10980.285       5.0979262        5.0979262       10980.285                               10551.702                 22.976547                  395.8644                      9.7416824
              9        5495.728       3.0153273        2.829554      0.95917558     0.022098792        0.116106     0.044555646       1.0412444       1.0014982        15.94008       9.7186013       6.2762505       1.1805093        1.936911       2.1078944         0.99049      0.99464414   2.0395765e-09       66.117787      0.79344372      0.31754162      0.81631134     -0.21644605       14.026701       10980.335       5.5604449        5.5604449       10980.335                                10551.36                 23.471577                 396.16416                      9.3396686
              1       5497.4769       3.0115562       2.8875728      0.96228199     0.022167473      0.11591261     0.043293009       1.0411469       1.0007774       16.233441       10.055347       6.6790508       1.1731945       2.0539313       2.1899929      0.99209068      0.99676796   2.0318995e-09       66.885374      0.78984829       0.3100373      0.80295282     -0.15842719        13.95937       10984.556       5.1986252        5.1986252       10984.556                               10554.174                  22.96831                 396.47825                       10.93622
              2       5498.0017        3.013577       2.8929688      0.96376026     0.022235593      0.11561065      0.04482179       1.0414033       1.0006462       16.238213       10.068506       6.8269663       1.1395759       2.0251201       2.1930608      0.99170264      0.99598059   2.0360098e-09       67.196752      0.78978684      0.30665468      0.79849843     -0.15303118       13.937542       10985.516       5.2436695        5.2436695       10985.516                               10555.013                 22.751287                 396.19717                       11.55511
              5       5500.9966       3.0120865       2.8942905      0.96413711     0.022215714      0.11537839     0.044209972       1.0414421      0.99969895       15.505686       9.0658619       5.8294945       1.1459802       2.1024473       2.2570351       0.9913358      0.99849968   2.0329774e-09       67.292762      0.78858263      0.30522393      0.79541884     -0.15170952       13.935914       10991.635       5.1791009        5.1791009       10991.635                               10561.074                 22.805664                 396.29597                      11.459649
              3       5500.1415       3.0186328       2.8270506      0.96238656     0.022107683      0.11463716     0.047407346       1.0414766       1.0006116         13.9431        8.557116       5.0221449       1.1058194       2.2404392       2.7539843      0.99436848        1.003358   2.0463295e-09        66.69735      0.79090908       0.3087643      0.80237885     -0.21894942       14.014912       10990.223       5.0301258        5.0301258       10990.223                               10561.495                 23.067104                 395.78621                      9.8743304
              2       5496.9684         3.02451       2.8627324      0.96225392     0.022235851      0.11592583     0.049983243       1.0413014       1.0010239       15.370065       8.3214594       5.8289632        1.105862       2.4364351       3.0606806      0.99389968      0.99330232   2.0583916e-09       66.697365      0.79570338      0.31196207      0.81141208     -0.18326762       13.974401       10983.378       5.2794909        5.2794909       10983.378                               10555.107                 23.076463                 395.66216                      9.5316752
              2        5497.027       3.0233858       2.8627324       0.9647136     0.022235851      0.11592583     0.049983243       1.0413014       1.0008288       14.860653       7.6951031       5.2798614       1.0865093       2.5011763        3.127923      0.99381394      0.99212935   2.0560789e-09       66.697365       0.7959804      0.31196207      0.81169457     -0.18326762       13.974401       10983.371       5.3412738        5.3412738       10983.371                               10555.358                 22.531074                 395.68872                      9.7936049
              2       5500.8033       3.0201468       2.8627324      0.95901208     0.022235851      0.11592583     0.049983243       1.0413014      0.99829298       14.762596       8.5293569       5.3424369       1.3204157       2.5466889       3.1644934       1.0015214      0.99224309     2.04943e-09       66.697365      0.79301902      0.31196207      0.80867472     -0.18326762       13.974401       10990.945       5.3307898        5.3307898       10990.945                               10561.764                 23.883842                 395.67226                      9.6250174
              6       5499.3318        3.022478       2.8659525      0.95822514     0.022257323      0.11640852        0.050791       1.0410301      0.99860974       14.586061       8.0146413       4.8684282        1.154859       2.4506449        2.712883      0.99627795      0.99112005   2.0542133e-09       66.490745      0.79491252      0.31504547      0.81460174     -0.18004746        13.97908       10987.857       5.4034164        5.4034164       10987.857                               10558.997                 24.015795                 395.67096                      9.1731395
              1       5496.6378       3.0235411        2.858984      0.95926145     0.022249556      0.11578322      0.05176603       1.0411485      0.99969464       16.261533        11.20164       7.3372378       1.1159643       1.6996204       1.8399421       1.0003607      0.99667112   2.0563982e-09       66.665112      0.79388163       0.3119726      0.80956803     -0.18701603       13.981027       10983.578       4.8487715        4.8487715       10983.578                               10554.321                 23.660808                 395.75479                      9.8411354
              2       5497.1511       3.0239065       2.7796074      0.95588268     0.022143063      0.11550652     0.051423344       1.0414254       1.0004592       15.176087       10.908721       6.8694393         1.05362       1.6172302       1.7276302       1.0001599      0.99384724   2.0571497e-09       65.843494      0.79553059      0.31889345      0.82019866     -0.26639256       14.068277       10984.319       4.9915361        4.9915361       10984.319                               10555.568                 24.230889                 395.73336                      8.7867312
              1       5497.6457       3.0207312       2.7796074      0.95709893     0.022143063      0.11550652     0.051423344       1.0414254      0.99903807       15.668531       11.261372       7.1756472      0.88248887       1.5092571       1.4137155      0.99884515      0.98957427   2.0506281e-09       65.843494      0.79461998      0.31889345      0.81925981     -0.26639256       14.068277       10984.472       5.4094267        5.4094267       10984.472                               10555.788                 23.909924                 395.75259                      9.0224499
              2       5499.0582       3.0336941       2.7925482      0.95909491     0.022207699      0.11538117     0.058571657       1.0416289      0.99893448       16.408511       11.079637       7.5784264      0.83675449       1.3327176       1.1489118      0.99419267      0.98694352   2.0773831e-09       66.157545      0.79938954      0.31573912      0.82009097     -0.25345183       14.040797       10986.322       5.8970635        5.8970635       10986.322                                10556.67                 23.713323                 397.14683                       8.791989
              9       5499.8814       3.0377148       2.7925482       0.9574487     0.022207699      0.11538117     0.058571657       1.0416289       1.0007175       16.526907       10.350239       6.6904499      0.97744225       1.2613425       1.2665608      0.99190288      0.99023119   2.0857526e-09       66.157545      0.80051622      0.31573912      0.82124683     -0.25345183       14.040797         10988.5       5.6314014        5.6314014         10988.5                               10558.667                 24.143675                 397.14401                      8.5449358
              2        5500.307       3.0365851       2.7925482      0.95541953     0.022207699      0.11538117     0.058571657       1.0416289      0.99982669       16.876709       10.454766       6.9012535       1.0564268       1.3104123       1.3217651      0.99270944      0.99280577   2.0833976e-09       66.157545      0.79947138      0.31573912      0.82017493     -0.25345183       14.040797        10989.99       5.3122032        5.3122032        10989.99                               10559.563                 24.712105                 397.22735                       8.486973
