ra,dec,g,r,i,z,Y,type,g-r,r-i,i-z,z-Y,ae_error,iso_score,ensemble_score,known_variable_match,known_qso_match,known_galaxy_match,uncataloged
18.07893,-41.10085,17.482,13.0317,11.0681,8.1054,6.1046,anomaly,4.450299999999999,1.9636000000000013,2.9627,2.0008,0.53527886,0.06652293324205827,99954.0,False,False,False,True
41.40482,-57.73064,16.0244,11.6202,9.6567,8.1399,6.4158,anomaly,4.4041999999999994,1.9634999999999998,1.5168,1.7241000000000009,0.6066246,0.059427123322389086,99951.5,False,False,True,False
53.4388,-62.21705,16.2363,11.2945,7.7725,6.5515,6.0399,anomaly,4.941800000000001,3.5219999999999994,1.221,0.5115999999999996,0.43301335,0.09631259478601062,99943.0,False,True,True,False
60.60599,-38.24951,16.1832,12.9343,8.993,7.9091,6.946,anomaly,3.248899999999999,3.9413,1.0839000000000008,0.9630999999999998,0.54230475,0.05719637247139697,99940.5,False,False,False,True
71.54976,-31.81478,16.9276,11.9807,8.0395,6.8992,5.6825,anomaly,4.946900000000001,3.9412000000000003,1.1402999999999999,1.2167000000000003,0.44227985,0.0831237530790061,99939.0,False,True,False,False
30.3891,-49.89238,16.5702,12.4914,10.4861,7.655,6.0049,anomaly,4.078799999999999,2.0053,2.8311,1.6501000000000001,0.532025,0.05697988039692492,99936.5,False,False,False,True
41.90895,-56.55856,16.0553,12.8869,10.8402,9.2892,7.513,anomaly,3.1683999999999983,2.0467000000000013,1.5510000000000002,1.7761999999999993,0.75133944,0.04608601959330194,99923.5,True,False,False,False
7.86796,-35.22827,16.3313,11.9196,9.7524,7.0256,5.9676,anomaly,4.411699999999998,2.167200000000001,2.7268,1.0579999999999998,0.4636975,0.0575865483101784,99921.0,False,False,False,True
79.32582,-58.90757,16.1674,13.057,10.8391,8.0797,7.3428,anomaly,3.1104000000000003,2.2179,2.7593999999999994,0.7369000000000003,0.5490879,0.049251398806620994,99921.0,False,False,False,True
61.13866,-59.81346,16.8461,12.0483,9.9284,8.6077,6.8442,anomaly,4.7978000000000005,2.1198999999999995,1.3207000000000004,1.7634999999999996,0.51181686,0.0523253413273127,99919.0,True,False,False,False
50.88957,-48.55695,18.8716,13.969,10.0559,9.0332,7.1517,anomaly,4.902600000000001,3.9131,1.0226999999999986,1.8815000000000008,0.4771141,0.0519621446095937,99909.5,False,False,False,True
64.98763,-41.16206,16.4801,13.3094,11.0687,8.0736,6.4147,anomaly,3.1707,2.2407000000000004,2.995099999999999,1.658900000000001,0.4612065,0.05262143963476884,99907.5,False,False,True,False
27.64709,-59.43411,23.8481,20.8604,16.9112,14.5547,13.0655,anomaly,2.9877000000000002,3.9491999999999976,2.3565000000000005,1.4892000000000003,0.5007904,0.04748882042273306,99904.5,False,False,True,False
6.79332,-50.42967,16.3243,11.3523,9.0948,7.3783,5.8831,anomaly,4.972000000000001,2.2575000000000003,1.716499999999999,1.4952000000000005,0.3837746,0.06957578459724778,99893.5,False,False,False,True
8.24753,-33.46422,18.8621,14.0036,10.0697,9.0708,7.8831,anomaly,4.858500000000001,3.9339000000000013,0.998899999999999,1.1877000000000004,0.5184248,0.04299048311379483,99891.0,True,False,False,False
3.80222,-41.76374,16.3184,11.6095,7.5641,6.1183,4.7237,anomaly,4.7089,4.045400000000001,1.4458000000000002,1.3945999999999996,0.34276506,0.10276182028931935,99871.0,False,False,False,True
28.8573,-64.93594,16.6033,12.9353,10.836,8.1201,6.4226,anomaly,3.668000000000001,2.0992999999999995,2.7158999999999995,1.6975000000000007,0.4523291,0.042760130041540445,99869.0,True,False,False,False
2.37945,-37.71896,20.7059,15.7006,12.1588,9.1899,8.6839,anomaly,5.0053,3.5418000000000003,2.9688999999999997,0.5060000000000002,0.4031327,0.0503419499389528,99869.0,False,False,True,False
47.66631,-43.07882,16.2307,12.9325,10.6679,8.5037,6.4951,anomaly,3.2981999999999996,2.2645999999999997,2.1641999999999992,2.0086000000000004,0.42485872,0.04551865428012525,99867.5,False,False,False,True
43.81047,-34.73161,21.377,16.4122,12.4743,10.0715,8.67,anomaly,4.9648,3.937899999999999,2.402799999999999,1.4015000000000004,0.52113503,0.03704037130305926,99865.0,False,False,True,False
43.20205,-55.39524,16.0127,12.8414,9.3941,8.1964,7.5479,anomaly,3.1712999999999987,3.4473000000000003,1.1976999999999993,0.6485000000000003,0.4153408,0.045739292414551325,99861.5,False,False,False,True
89.49026,-62.90301,18.3042,13.4958,11.4039,8.8743,7.1543,anomaly,4.8084000000000024,2.091899999999999,2.5296000000000003,1.7199999999999998,0.47173935,0.03802280957528603,99859.0,False,False,False,True
76.59521,-57.5288,23.9702,19.1507,15.7475,13.3344,12.8418,anomaly,4.819499999999998,3.4032,2.4131,0.49260000000000126,0.5284518,0.0355104224086642,99857.5,False,False,False,True
26.48379,-33.34278,16.6451,11.6742,9.31,7.0968,5.2242,anomaly,4.9708999999999985,2.3642000000000003,2.2132000000000005,1.8726000000000003,0.34544677,0.0739367197560451,99857.5,False,True,False,False
40.29724,-59.93196,16.4159,13.3616,9.4676,6.7121,5.9295,anomaly,3.0543000000000013,3.894,2.7554999999999987,0.7826000000000004,0.3567926,0.0618969744975284,99856.5,False,False,True,False
43.15914,-55.77597,16.5214,12.2506,10.2072,8.5507,6.8476,anomaly,4.2707999999999995,2.0434,1.6564999999999994,1.703100000000001,0.46134165,0.037543710476712566,99853.0,True,False,False,False
21.88282,-58.20988,18.8922,15.8029,11.8361,9.254,7.6968,anomaly,3.0892999999999997,3.966799999999999,2.5821000000000005,1.5572,0.4485146,0.03830637453053909,99852.5,False,False,False,True
70.12231,-33.02635,19.632,14.6202,10.9981,8.2583,6.4558,anomaly,5.011800000000001,3.6220999999999997,2.7398000000000007,1.8025000000000002,0.37500504,0.051846365828319696,99852.0,False,False,True,False
23.47715,-63.91934,16.289,11.6235,9.5091,6.9647,6.3827,anomaly,4.6655000000000015,2.1144,2.5444000000000004,0.5819999999999999,0.3384038,0.07645581758619913,99851.5,False,False,False,True
15.13937,-42.09808,21.813,17.5553,13.4996,11.6659,9.6961,anomaly,4.2577,4.0557,1.8336999999999986,1.969800000000001,0.49817276,0.03565478639564079,99851.5,False,False,False,True
16.97307,-32.4383,17.1448,12.242,8.3318,6.6044,5.0973,anomaly,4.902799999999999,3.9102000000000015,1.7273999999999994,1.5071000000000003,0.34487045,0.06749829510413163,99850.5,False,False,False,True
56.96417,-60.26801,16.8572,13.44,9.4113,6.5907,5.7208,anomaly,3.4171999999999993,4.028699999999999,2.8206000000000007,0.8699000000000003,0.3505187,0.058722772903131326,99844.5,False,False,False,True
64.57405,-61.32151,18.7577,14.124,10.0834,8.8061,7.8997,anomaly,4.633699999999999,4.040600000000001,1.2772999999999985,0.9064000000000005,0.5748784,0.03190289040817107,99844.0,False,False,False,True
2.92785,-38.10271,16.0785,11.1427,7.3307,5.7491,5.0434,anomaly,4.935799999999999,3.8119999999999994,1.5816,0.7057000000000002,0.31687966,0.10643392648789751,99843.5,False,True,False,False
31.98986,-44.83366,16.9243,13.6461,11.4439,8.9455,6.9656,anomaly,3.2781999999999982,2.2022000000000013,2.4984,1.9798999999999989,0.4175929,0.039592914021325365,99843.0,False,False,False,True
23.47371,-60.83061,21.9943,17.2501,13.2626,11.6619,11.0561,anomaly,4.744199999999999,3.987499999999999,1.6007000000000016,0.6057999999999986,0.7693138,0.02930041901018854,99842.0,False,False,False,True
76.17835,-36.15777,22.657,17.7401,13.8958,11.1695,10.1026,anomaly,4.916899999999998,3.8443000000000023,2.7263,1.0668999999999986,0.47789016,0.03403907404355877,99838.0,False,False,False,True
30.35968,-56.43604,23.7373,18.7918,16.6393,13.7403,12.7405,anomaly,4.945500000000003,2.1525,2.898999999999999,0.9997999999999987,0.53271484,0.031890609553467786,99836.0,False,True,False,False
56.95236,-61.50868,16.2459,16.6334,13.6641,14.6781,13.8533,anomaly,-0.38750000000000284,2.9693000000000023,-1.0140000000000011,0.8247999999999998,0.57881707,0.030037414244985627,99835.5,False,False,False,True
4.50799,-36.59426,23.4442,18.4801,14.7285,12.0856,10.9323,anomaly,4.964099999999998,3.7516,2.642900000000001,1.1532999999999998,0.45595038,0.0349060413152491,99834.5,False,True,True,False
67.11329,-64.07419,19.2151,14.5884,10.7034,9.1647,8.6166,anomaly,4.6267,3.885,1.5387000000000004,0.5480999999999998,0.6199743,0.029078948918215608,99833.5,False,True,False,False
22.54947,-47.10828,23.1538,19.8372,15.8109,12.9313,11.6695,anomaly,3.316600000000001,4.026299999999999,2.8796,1.261800000000001,0.40867412,0.03924176868813378,99832.5,False,False,True,False
34.10228,-30.8862,16.6002,11.6155,7.7051,5.0666,4.4181,anomaly,4.9847,3.910400000000001,2.6384999999999996,0.6485000000000003,0.30283302,0.11550111700344257,99827.0,False,False,False,True
13.78709,-49.36068,23.1881,19.6043,15.7951,12.9168,10.9993,anomaly,3.5838,3.809199999999999,2.8782999999999994,1.9175000000000004,0.36697885,0.045983933101488184,99826.0,False,False,False,True
5.58764,-53.27084,22.7838,18.8744,14.9145,12.0521,11.3825,anomaly,3.909399999999998,3.959900000000001,2.862400000000001,0.6695999999999991,0.49385643,0.0318097164507134,99824.5,False,False,False,True
23.91845,-58.31606,16.1847,12.9986,10.8821,9.5396,7.8414,anomaly,3.1860999999999997,2.1165000000000003,1.3424999999999994,1.6982,0.5050027,0.030623816055464492,99824.0,False,False,False,True
73.89749,-39.56545,17.9527,14.7353,12.5735,9.6029,8.87,anomaly,3.2173999999999996,2.1618000000000013,2.9705999999999992,0.7329000000000008,0.41032636,0.03674532864769775,99819.5,False,False,True,False
58.46932,-62.92975,17.0251,13.743,9.776,7.0154,5.6281,anomaly,3.282099999999998,3.9670000000000005,2.7606,1.3872999999999998,0.34859243,0.049221883465429106,99818.0,False,False,True,False
86.76069,-55.96148,19.4773,15.6018,11.626,10.0086,9.566,anomaly,3.875499999999999,3.9758000000000013,1.6174,0.44259999999999877,0.7076781,0.025707454268923735,99817.0,False,False,False,True
67.3309,-54.18397,17.4151,12.6774,10.6724,8.6272,7.5797,anomaly,4.7376999999999985,2.005000000000001,2.0451999999999995,1.0475000000000003,0.58051586,0.02646630665336991,99815.0,False,False,False,True
10.7434,-60.25132,19.0459,14.105,11.7841,8.9382,7.2801,anomaly,4.940899999999999,2.3209,2.8459000000000003,1.6581000000000001,0.36896476,0.04238524065684879,99813.5,False,False,False,True
2.49263,-56.26917,16.3003,12.2573,9.9347,7.0003,6.0303,anomaly,4.042999999999999,2.3226000000000013,2.9343999999999992,0.9699999999999998,0.33213264,0.0529191723163559,99812.0,False,False,False,True
79.9445,-48.90203,21.4172,16.4179,14.3985,11.716,10.6087,anomaly,4.999300000000002,2.019399999999999,2.682500000000001,1.1072999999999986,0.6113737,0.025735172009164642,99811.0,False,False,False,True
68.76875,-51.21459,16.4907,12.2231,10.0986,8.0165,7.1314,anomaly,4.2676,2.124500000000001,2.0820999999999987,0.8851000000000004,0.4269069,0.03269963297940626,99809.0,False,True,False,False
89.09375,-53.15205,19.5476,16.5042,12.6203,10.4992,8.5499,anomaly,3.0433999999999983,3.8839000000000006,2.1211,1.949300000000001,0.48137337,0.028451304069821326,99805.5,False,False,False,True
19.34334,-46.57815,19.5942,16.5704,12.6209,9.9382,8.5756,anomaly,3.0238000000000014,3.9494999999999987,2.6827000000000005,1.3626000000000005,0.4398392,0.030847924075654287,99803.0,False,False,False,True
74.01492,-64.07818,23.8403,20.3332,18.2892,15.8431,13.8449,anomaly,3.5070999999999977,2.0440000000000005,2.4461000000000013,1.9981999999999989,0.33903393,0.04732445331873303,99802.5,False,False,False,True
29.00111,-43.624,16.2298,13.0695,10.6717,8.4034,6.4682,anomaly,3.160300000000001,2.3978,2.2683,1.9351999999999991,0.36546913,0.04076052297289734,99801.5,False,False,False,True
66.50948,-44.87104,23.2657,19.204,15.2839,14.1038,12.059,anomaly,4.061699999999998,3.9201000000000015,1.1800999999999995,2.0448000000000004,0.3749152,0.03745034979650297,99799.0,False,False,False,True
22.18131,-35.02581,17.2509,13.7355,9.819,7.8601,7.311,anomaly,3.5154000000000014,3.916499999999999,1.9589000000000008,0.5491000000000001,0.40006754,0.03258009653714378,99789.5,False,False,True,False
70.52514,-60.29436,24.0041,19.395,15.8254,12.9602,11.1819,anomaly,4.6091000000000015,3.5695999999999994,2.8651999999999997,1.7782999999999998,0.33174568,0.0458870101350044,99788.5,False,False,False,True
84.74624,-47.05077,20.1173,15.7433,11.7979,8.9402,7.4176,anomaly,4.3740000000000006,3.9453999999999994,2.8576999999999995,1.5226000000000006,0.36139292,0.03746215303070688,99784.5,False,True,False,False
8.37745,-39.00224,16.179,11.5206,9.1908,7.3511,6.4681,anomaly,4.6583999999999985,2.3298000000000005,1.8396999999999997,0.883,0.30110994,0.05787083949082328,99783.5,False,False,False,True
22.38836,-54.14827,21.2769,16.6617,12.9228,10.2064,8.21,anomaly,4.6152000000000015,3.7388999999999992,2.7164,1.9963999999999995,0.36256683,0.036923455700110464,99782.5,False,False,True,False
16.89508,-50.44815,16.0532,11.5692,8.0762,7.0657,5.3416,anomaly,4.484,3.4930000000000003,1.0105000000000004,1.7241,0.27903834,0.08401905954027666,99782.0,True,False,False,False
25.51171,-50.39132,23.9749,20.9122,17.2223,15.2736,13.6412,anomaly,3.062700000000003,3.689899999999998,1.9487000000000005,1.6324000000000005,0.3702911,0.035395541911336315,99781.5,False,False,False,True
85.51953,-64.83023,17.0884,13.7201,11.6476,9.2471,7.4689,anomaly,3.3682999999999996,2.0725,2.400500000000001,1.7782,0.5004309,0.02425837892706073,99781.0,False,True,False,False
65.9392,-49.50965,21.005,16.6671,14.5955,11.629,9.6772,anomaly,4.337899999999998,2.071600000000002,2.9665,1.9518000000000004,0.38274837,0.03257566520981203,99778.5,False,False,True,False
86.07076,-40.92681,23.937,20.249,16.4514,15.1121,13.2123,anomaly,3.6880000000000024,3.797599999999999,1.3392999999999997,1.899799999999999,0.371693,0.034289483398568965,99778.0,False,False,False,True
19.25071,-49.65128,19.3562,16.324,12.4207,9.851,8.2837,anomaly,3.0321999999999996,3.9033000000000015,2.569699999999999,1.5673000000000012,0.41742364,0.02770996362112088,99774.5,False,True,False,False
29.65167,-63.12096,23.8703,20.0165,17.9284,15.0686,13.7992,anomaly,3.8537999999999997,2.0881000000000007,2.8598,1.2693999999999992,0.35244274,0.03689485848248519,99773.0,False,False,False,True
43.87152,-30.2945,23.2077,18.3264,14.6198,12.2172,10.6608,anomaly,4.8812999999999995,3.7066,2.4025999999999996,1.5564,0.4168398,0.027477709724521016,99771.5,False,False,False,True
55.64316,-32.94109,17.021,12.6231,10.3488,7.5449,5.9194,anomaly,4.3979,2.2743,2.8039000000000005,1.6254999999999997,0.32057446,0.04525505544754849,99771.5,False,False,False,True
36.72376,-31.3535,22.3256,17.6558,13.8383,10.9487,9.8681,anomaly,4.669800000000002,3.817499999999999,2.8895999999999997,1.0806000000000004,0.37541792,0.03236641547065611,99771.0,False,False,False,True
47.222,-57.38728,19.5474,14.6393,10.7768,9.2189,7.7265,anomaly,4.908099999999999,3.8625000000000007,1.5579,1.4924,0.43717936,0.025605695821508845,99769.0,False,False,False,True
48.43569,-64.91627,16.6527,13.1102,9.1424,6.1676,4.7719,anomaly,3.5424999999999986,3.9678000000000004,2.9748,1.3957000000000006,0.27300408,0.07640505369608841,99768.5,False,False,True,False
4.96391,-35.75946,21.7902,16.777,13.0091,11.106,10.2429,anomaly,5.013199999999998,3.767900000000001,1.9031000000000002,0.8630999999999993,0.4710354,0.022993069443949632,99765.0,False,False,False,True
51.98402,-55.73653,17.4372,13.5927,9.6281,6.8414,6.2538,anomaly,3.8445,3.964600000000001,2.7866999999999997,0.5876000000000001,0.29563403,0.05242266034034937,99764.5,False,False,False,True
20.33883,-51.96544,22.8263,18.5228,14.6043,12.9213,10.947,anomaly,4.3035,3.9185,1.6829999999999998,1.9743000000000013,0.41387883,0.02659974080942351,99764.0,False,False,True,False
46.93593,-38.23176,18.4591,13.8987,9.9958,7.3066,6.4062,anomaly,4.5604,3.9029000000000007,2.6891999999999987,0.9004000000000003,0.30712977,0.04657411574628301,99762.0,False,True,False,False
86.37966,-37.9884,17.1055,13.6331,11.3938,8.5624,7.7368,anomaly,3.4723999999999986,2.2393,2.8314000000000004,0.8256000000000006,0.37859482,0.03044550340280716,99761.5,False,True,False,False
56.98195,-34.49575,19.6399,16.5539,12.58,10.1124,9.0137,anomaly,3.086000000000002,3.9738999999999987,2.467600000000001,1.0986999999999991,0.47340462,0.021828079602775108,99757.5,False,False,True,False
3.51278,-64.54653,20.6766,17.7085,13.9588,11.0531,9.3744,anomaly,2.9680999999999997,3.7497000000000007,2.9056999999999995,1.678700000000001,0.3209287,0.040771743105665226,99755.0,False,False,False,True
49.16917,-51.67938,16.8124,12.352,8.5749,7.5895,6.4979,anomaly,4.4604,3.777100000000001,0.9853999999999994,1.0916000000000006,0.29504687,0.04902747066135338,99753.5,False,False,False,True
30.60111,-38.79193,23.6629,18.9013,16.5994,13.915,12.0173,anomaly,4.761600000000001,2.3019,2.6844,1.8976999999999986,0.32430992,0.03904890738229816,99752.5,False,False,False,True
61.83313,-57.08261,24.0153,20.3054,16.6155,15.0856,14.3788,anomaly,3.709900000000001,3.689899999999998,1.5299000000000014,0.7067999999999994,0.4534327,0.021705743620506257,99747.5,False,False,False,True
3.12262,-59.42596,21.9538,17.3855,13.4948,11.0641,9.3266,anomaly,4.568300000000001,3.8907000000000007,2.4307,1.7375000000000007,0.4336044,0.02261115955166848,99747.0,False,False,True,False
3.03297,-58.13903,17.3831,12.8152,8.9684,7.6226,5.5706,anomaly,4.567899999999998,3.8468,1.3458000000000006,2.0520000000000005,0.26552656,0.062170592316729834,99745.5,False,False,True,False
48.89416,-53.61605,16.8094,12.5249,10.4815,9.1129,8.1316,anomaly,4.2844999999999995,2.0434,1.3686000000000007,0.9812999999999992,0.41458526,0.024226490040651805,99744.5,True,True,False,False
64.49084,-64.82149,16.9615,12.8941,9.267,8.2354,7.6231,anomaly,4.067400000000001,3.6271000000000004,1.0315999999999992,0.6123000000000003,0.35374108,0.0317334294094046,99742.5,False,False,False,True
74.57912,-46.94561,20.3225,15.4387,13.0747,10.2084,8.4603,anomaly,4.883800000000001,2.3640000000000008,2.8663000000000007,1.748099999999999,0.3439192,0.03302910548290516,99741.0,False,False,False,True
29.77345,-55.5014,16.7664,13.1356,10.9393,8.0505,7.4899,anomaly,3.6308000000000007,2.196300000000001,2.8888,0.5606,0.3012332,0.04315009957046623,99741.0,False,False,False,True
40.37126,-47.076,22.9028,18.8518,14.827,12.5664,12.0169,anomaly,4.050999999999998,4.024800000000001,2.2606,0.5495000000000001,0.6907385,0.018188847949470954,99740.5,False,False,False,True
7.22724,-53.80496,22.6472,19.4616,15.7295,12.8093,12.2845,anomaly,3.185600000000001,3.732100000000001,2.9201999999999995,0.5248000000000008,0.38205412,0.026312974594031924,99740.0,False,False,False,True
31.91577,-34.41587,20.9434,16.9939,13.0154,10.3419,8.7194,anomaly,3.9495000000000005,3.9785000000000004,2.673499999999999,1.6225000000000005,0.3618918,0.028863770004060707,99736.0,False,False,False,True
72.82104,-46.93752,18.6899,14.6504,10.6621,7.9254,6.9167,anomaly,4.039500000000002,3.988299999999999,2.736700000000001,1.0087000000000002,0.31155673,0.03819959727885369,99734.5,False,False,False,True
73.77112,-35.24843,18.2693,14.2494,10.2235,9.0781,7.4733,anomaly,4.019900000000002,4.0259,1.1454000000000004,1.6047999999999991,0.37546894,0.025873129256023475,99734.0,False,False,False,True
82.58107,-39.67857,17.743,12.813,9.0436,7.5036,6.4674,anomaly,4.929999999999998,3.769400000000001,1.54,1.0362,0.31210384,0.037533923660527324,99732.5,False,True,False,False
13.25252,-51.079,18.0125,15.0195,11.3165,8.2934,7.0487,anomaly,2.9929999999999986,3.703000000000001,3.0230999999999995,1.2447,0.2940581,0.04292566158972266,99730.0,False,False,False,True
56.10284,-58.47404,22.9517,17.9395,15.2833,12.3541,11.1503,anomaly,5.0122,2.6561999999999983,2.9292,1.203800000000001,0.34123555,0.03162375064908052,99727.0,False,False,False,True
58.68807,-33.87936,18.8451,13.9906,10.3582,7.4606,5.9836,anomaly,4.854499999999998,3.6324000000000005,2.8975999999999997,1.4770000000000003,0.26543015,0.0525547736305374,99723.5,False,False,False,True
77.02662,-32.24617,23.8889,19.2697,15.6376,13.4691,11.7352,anomaly,4.619199999999999,3.6320999999999994,2.1685000000000016,1.7338999999999984,0.36967298,0.02564487729741205,99722.0,False,False,False,True
53.36008,-38.12748,22.0316,17.9808,14.1002,11.7399,9.8403,anomaly,4.050800000000002,3.8805999999999994,2.3602999999999987,1.8996000000000013,0.37192622,0.02513890211392711,99720.5,False,False,False,True
18.32702,-51.16805,21.4741,17.2523,13.2775,11.4072,9.8009,anomaly,4.221799999999998,3.974800000000002,1.8703000000000003,1.6062999999999992,0.435111,0.019884909076261392,99717.5,True,False,False,False
4.3536,-60.06453,16.1779,11.2451,8.6601,6.3727,4.6898,anomaly,4.9328,2.585000000000001,2.2874,1.6829,0.23734191,0.09489158390213681,99715.0,False,False,False,True
29.71079,-44.06438,17.4727,12.5993,10.3765,8.9757,7.735,anomaly,4.8734,2.2227999999999994,1.4008000000000003,1.2406999999999995,0.32594025,0.032264634644972645,99715.0,False,False,True,False
22.22599,-32.43022,21.3816,16.76,12.9078,10.119,9.3017,anomaly,4.621599999999997,3.8522000000000016,2.7888,0.8172999999999995,0.37924463,0.02255106966844067,99711.5,False,False,False,True
69.96554,-45.12095,19.9326,15.3059,11.4831,9.1671,8.5693,anomaly,4.626700000000001,3.822799999999999,2.3160000000000007,0.5977999999999994,0.42522234,0.019742307045676366,99711.0,False,False,True,False
45.04835,-61.00309,23.5243,19.9805,15.9908,13.5964,12.5297,anomaly,3.543800000000001,3.989699999999999,2.394400000000001,1.066699999999999,0.40612975,0.020825352810029396,99710.5,True,False,True,False
1.89082,-63.7949,19.586,16.3253,12.316,10.9692,10.1659,anomaly,3.2607,4.009299999999998,1.3468,0.8033000000000001,0.53301674,0.016961481602886352,99709.5,False,False,False,True
42.34631,-35.97101,17.8909,13.4193,11.3784,9.373,7.5463,anomaly,4.471599999999999,2.0409000000000006,2.0054,1.8266999999999998,0.43093228,0.019478490107115443,99709.0,False,False,False,True
82.05171,-53.42512,18.9324,15.765,12.0554,9.5133,7.5456,anomaly,3.1674000000000007,3.7096,2.5421000000000014,1.967699999999999,0.29838508,0.03677682776523972,99708.5,False,False,False,True
63.05933,-51.63915,20.6732,15.8569,13.6462,10.9335,9.178,anomaly,4.816300000000002,2.210699999999999,2.7127,1.7554999999999996,0.39352056,0.021267288981117516,99708.0,False,False,False,True
66.90949,-31.45182,19.2479,14.9469,11.0264,8.2914,7.4399,anomaly,4.301000000000002,3.9204999999999988,2.735000000000001,0.8514999999999997,0.31670654,0.0320546753241886,99703.5,False,False,False,True
34.3225,-62.74112,18.2501,14.3936,10.3958,8.5692,6.9236,anomaly,3.8565000000000005,3.9978,1.8265999999999991,1.6456,0.39406562,0.02061941612091467,99701.0,True,False,False,False
85.6362,-64.90869,17.2687,12.4586,8.813,6.5034,6.0123,anomaly,4.8100999999999985,3.6456,2.3096000000000005,0.4911000000000003,0.24266164,0.05988001209973581,99699.5,False,False,False,True
7.58984,-39.60825,20.2963,15.2151,11.5253,9.1486,7.7978,anomaly,5.081199999999999,3.6898,2.3766999999999996,1.3508000000000004,0.35688075,0.02435617105192578,99699.5,False,False,False,True
87.69525,-46.70778,17.8225,13.2238,9.416,7.9531,7.2419,anomaly,4.598700000000001,3.8078000000000003,1.4629000000000003,0.7111999999999998,0.3486692,0.02546545229630659,99699.5,False,False,False,True
55.64185,-32.97182,22.7516,17.7697,14.1817,11.6224,10.3523,anomaly,4.9818999999999996,3.588000000000001,2.5592999999999986,1.2701000000000011,0.3372475,0.026723411202569602,99698.5,False,False,False,True
82.79468,-39.02896,17.2465,12.4372,8.7265,7.5175,6.0087,anomaly,4.8093,3.710700000000001,1.2089999999999996,1.5088,0.263963,0.04562699771500689,99697.5,False,False,False,True
1.63209,-35.0271,23.0738,18.145,15.7135,12.8748,11.2424,anomaly,4.928799999999999,2.4314999999999998,2.8386999999999993,1.6324000000000005,0.31995583,0.029985062655196626,99696.0,False,False,False,True
86.83561,-37.48429,17.4435,13.277,11.1612,9.0158,7.112,anomaly,4.166500000000001,2.1158,2.1453999999999986,1.9038000000000004,0.36653075,0.022146430117063187,99695.5,False,False,False,True
31.09917,-33.65041,17.1199,12.9499,9.1509,6.9717,6.5139,anomaly,4.170000000000002,3.7989999999999995,2.1792,0.45780000000000065,0.29448712,0.0353657587092755,99694.5,False,False,True,False
69.49368,-48.17434,22.6197,18.1507,14.3284,12.0992,10.189,anomaly,4.469000000000001,3.8223000000000003,2.2292000000000005,1.9101999999999997,0.40386882,0.019597610041143798,99693.0,False,False,False,True
34.08553,-31.69065,16.1894,12.8885,10.3691,7.6131,5.959,anomaly,3.3008999999999986,2.519400000000001,2.7559999999999993,1.6541000000000006,0.26796153,0.04236522695154443,99693.0,False,False,True,False
34.90691,-56.56493,22.5507,17.6352,13.9629,11.8313,11.2288,anomaly,4.915499999999998,3.6723000000000017,2.131599999999999,0.6025000000000009,0.53412944,0.015206552377554416,99692.5,False,False,True,False
74.12507,-32.75029,17.2243,13.7785,11.5929,9.976,7.9687,anomaly,3.4458,2.185599999999999,1.6168999999999993,2.0073000000000008,0.48109496,0.01602366754710438,99689.5,False,False,False,True
62.9537,-54.5941,19.5253,15.0885,13.1399,10.5234,9.1507,anomaly,4.436800000000002,1.948599999999999,2.6165000000000003,1.3727,0.55575234,0.01466493669736646,99688.0,False,False,False,True
73.44705,-46.01884,19.463,14.6497,12.2367,9.3552,7.6807,anomaly,4.813300000000002,2.4129999999999985,2.881500000000001,1.6745,0.29181504,0.03440311027307974,99685.0,True,False,False,False
11.59965,-45.01982,23.0967,18.2585,14.9165,11.9619,10.2455,anomaly,4.838199999999997,3.3420000000000023,2.9545999999999992,1.7164000000000001,0.2502903,0.0477416897116667,99684.5,False,False,True,False
6.32095,-63.86551,20.1959,17.1136,13.3302,11.303,9.4247,anomaly,3.0823,3.783400000000002,2.027199999999999,1.8783000000000012,0.40037575,0.019196437848796433,99684.0,False,False,False,True
13.01664,-59.81311,20.8439,16.608,12.6987,9.8993,9.0572,anomaly,4.235900000000001,3.9093,2.7994000000000003,0.8421000000000003,0.3341281,0.024983454287395013,99680.5,False,False,False,True
26.77826,-43.89566,18.1964,13.7838,11.6633,8.9595,8.135,anomaly,4.412600000000001,2.1205,2.7037999999999993,0.8245000000000005,0.39418718,0.018984379486914005,99678.0,False,False,False,True
15.31839,-63.22037,16.0254,12.2331,8.3584,6.7478,5.6396,anomaly,3.792300000000001,3.8747000000000007,1.6105999999999998,1.1082,0.23043574,0.06257993074040535,99676.0,False,False,False,True
29.71064,-42.25419,23.5499,19.5569,15.6782,13.7295,11.9487,anomaly,3.993000000000002,3.8786999999999985,1.9487000000000005,1.7807999999999993,0.4388133,0.016247615622484668,99675.5,False,True,False,False
58.71767,-46.22213,16.9686,12.4159,8.5044,5.5802,4.4483,anomaly,4.552699999999998,3.9115,2.924200000000001,1.1319,0.2216979,0.09468471296338765,99675.0,False,False,True,False
80.3133,-42.36068,17.2409,12.6925,10.575,8.4162,7.1007,anomaly,4.548399999999999,2.1175000000000015,2.1587999999999994,1.3155000000000001,0.4161539,0.017339795482312015,99674.5,False,False,True,False
61.06649,-48.45347,21.2369,18.0994,14.39,11.9684,10.0659,anomaly,3.1374999999999993,3.7093999999999987,2.4215999999999998,1.9025000000000016,0.30985895,0.027738012124569056,99672.5,False,False,False,True
2.59498,-40.70179,18.2933,13.7404,9.8268,8.4954,7.034,anomaly,4.552899999999999,3.913599999999999,1.3314000000000004,1.4614000000000003,0.3582803,0.020685389540928467,99671.0,False,False,True,False
51.43392,-53.75821,16.6775,12.2407,10.1093,7.7122,7.2055,anomaly,4.436799999999998,2.131400000000001,2.397099999999999,0.5067000000000004,0.23583981,0.054355230487011186,99669.0,False,False,False,True
86.07697,-33.05462,23.5567,20.3482,16.9549,13.849,12.1287,anomaly,3.208500000000001,3.3933,3.1058999999999983,1.7203,0.2485153,0.04461113753567281,99669.0,False,False,False,True
67.69092,-31.36801,19.1452,14.3792,12.1591,10.2622,8.3237,anomaly,4.765999999999998,2.2201000000000004,1.8969000000000005,1.9384999999999994,0.3301945,0.02410121046689384,99668.0,False,False,False,True
64.97216,-44.41648,16.6728,12.2164,8.3475,6.4018,4.8683,anomaly,4.456399999999999,3.8689,1.9457000000000004,1.5335,0.22639127,0.06583013798547366,99668.0,False,False,False,True
58.16952,-51.80352,16.7588,13.1023,11.115,9.6573,8.4666,anomaly,3.656500000000001,1.9872999999999994,1.4577000000000009,1.1906999999999996,0.49674287,0.014169348288390338,99667.5,False,False,True,False
54.2968,-59.91641,18.5094,13.5498,11.3916,9.6657,8.3964,anomaly,4.9596,2.158199999999999,1.725900000000001,1.2692999999999994,0.3812811,0.01896794824776671,99667.5,False,True,False,False
7.14002,-62.81326,17.6753,12.916,9.1062,7.0725,5.7468,anomaly,4.7593,3.809800000000001,2.0336999999999996,1.3256999999999994,0.27890784,0.03369110996440838,99662.5,False,False,True,False
61.12127,-31.72335,19.6073,14.7305,12.25,9.263,7.8981,anomaly,4.876799999999999,2.4804999999999993,2.987,1.3648999999999996,0.26508072,0.036608311734826815,99661.0,False,True,True,False
64.27318,-35.79524,23.6934,19.3448,15.9051,13.1024,12.511,anomaly,4.348600000000001,3.4397,2.8026999999999997,0.5914000000000001,0.33151808,0.02247505909001446,99660.5,False,False,False,True
42.1562,-42.34193,23.6873,19.0489,15.0995,13.4184,12.5678,anomaly,4.638400000000001,3.949399999999999,1.6811000000000007,0.8506,0.63702404,0.01151056456173527,99660.0,False,False,True,False
33.11231,-35.76427,17.9418,13.9131,9.9163,8.0383,6.7201,anomaly,4.028700000000001,3.9968000000000004,1.8780000000000001,1.3181999999999992,0.36968952,0.01917097284566338,99659.0,False,True,True,False
1.36689,-32.57116,18.5764,15.5986,13.286,11.0365,9.2151,anomaly,2.9778000000000002,2.3125999999999998,2.2494999999999994,1.8214000000000006,0.41212168,0.01597641032581143,99656.5,False,False,False,True
8.78451,-31.57892,17.2506,13.2825,9.3923,7.0368,5.351,anomaly,3.968099999999998,3.8902,2.3555,1.6858000000000004,0.264053,0.03564463259707917,99654.0,False,False,False,True
30.83067,-30.07698,17.2504,12.7415,10.5279,8.2402,7.5249,anomaly,4.508899999999999,2.2135999999999996,2.287700000000001,0.7153,0.32867575,0.021888070683352967,99653.0,False,False,False,True
80.9014,-44.75926,17.7957,13.3717,11.0263,8.0408,6.2321,anomaly,4.4239999999999995,2.3453999999999997,2.9855,1.8087000000000009,0.24778806,0.040877866544090424,99652.5,False,False,False,True
41.24226,-49.92408,18.4884,14.9368,11.0835,8.4313,7.8,anomaly,3.5515999999999988,3.853299999999999,2.6522000000000006,0.6313000000000004,0.3128747,0.02442243405749367,99652.0,False,True,False,False
79.77622,-43.06982,22.7012,18.8803,15.0088,12.3983,10.7181,anomaly,3.8209000000000017,3.8714999999999975,2.6105,1.680200000000001,0.3354684,0.021150269316408288,99652.0,False,False,False,True
27.26758,-49.71771,23.8005,19.535,15.7573,14.5463,12.8263,anomaly,4.265499999999999,3.7776999999999994,1.2110000000000003,1.7200000000000006,0.37814084,0.017562545073463554,99651.0,False,False,False,True
82.52529,-60.57092,18.494,14.5722,10.7666,8.2503,6.3108,anomaly,3.9217999999999993,3.8056,2.516300000000001,1.939499999999999,0.25973734,0.03618169574986163,99649.0,False,False,False,True
88.79933,-45.88543,23.4204,18.9533,16.7985,14.2685,12.4644,anomaly,4.467100000000002,2.154799999999998,2.530000000000001,1.8041,0.3078669,0.024238302757654373,99644.0,False,True,False,False
89.60152,-46.70583,17.9541,13.8541,11.7515,10.4532,8.513,anomaly,4.1,2.1026000000000007,1.2982999999999993,1.9402000000000008,0.4556961,0.013128104958767373,99644.0,False,False,False,True
16.68925,-35.75392,18.2834,15.1597,12.9899,11.523,9.6848,anomaly,3.1236999999999995,2.1698000000000004,1.4669000000000008,1.8382000000000005,0.5246413,0.010926934346459749,99640.5,False,False,False,True
61.58629,-49.62385,16.5441,12.1271,8.2236,5.5826,4.1805,anomaly,4.417,3.903500000000001,2.640999999999999,1.4021,0.21370713,0.08761897956883591,99639.0,False,False,False,True
14.94941,-52.75898,20.7655,17.4479,15.4129,12.6452,11.0454,anomaly,3.3175999999999988,2.035,2.7676999999999996,1.5998,0.49399653,0.01143755855645534,99637.5,False,False,False,True
80.32675,-34.07461,19.2188,16.1252,12.3484,10.2199,8.4177,anomaly,3.093600000000002,3.7767999999999997,2.128499999999999,1.802200000000001,0.3744455,0.016811394814603253,99636.0,False,True,True,False
19.34691,-30.28336,20.1868,15.2572,11.4162,9.6167,8.6223,anomaly,4.929600000000002,3.8409999999999993,1.7995,0.9944000000000006,0.4524408,0.012513723477777905,99635.5,False,False,False,True
1.04179,-44.44714,17.4835,12.9426,10.5456,7.6821,5.8857,anomaly,4.540899999999999,2.3970000000000002,2.8635,1.7964000000000002,0.23964927,0.04119206805525055,99635.5,False,False,False,True
60.80273,-54.97484,17.3171,14.2172,12.1868,10.8192,9.707,anomaly,3.0999,2.0304,1.3675999999999995,1.1121999999999996,0.5784077,0.009767726153300127,99634.0,False,False,False,True
33.51493,-55.91765,22.5555,17.5905,15.195,12.7608,10.9444,anomaly,4.965,2.3954999999999984,2.4342000000000006,1.8163999999999998,0.3051789,0.023094919340702624,99633.5,True,False,True,False
32.95353,-58.65588,23.6833,19.887,16.2892,14.7241,14.2168,anomaly,3.7962999999999987,3.5977999999999994,1.565100000000001,0.5073000000000008,0.5171747,0.010441594340303006,99632.5,False,False,True,False
0.7719,-51.36069,17.6893,14.4611,12.1917,9.7586,8.9809,anomaly,3.2281999999999993,2.269399999999999,2.4331000000000014,0.7776999999999994,0.34818918,0.01852819729003896,99630.5,False,True,True,False
79.09472,-56.26608,22.5484,19.1434,15.4454,12.6297,10.7804,anomaly,3.405000000000001,3.6980000000000004,2.8156999999999996,1.8492999999999995,0.26093248,0.03248128321206378,99630.0,False,True,False,False
53.90585,-49.46334,17.9152,13.114,10.9239,9.2655,7.854,anomaly,4.801199999999998,2.190100000000001,1.6584000000000003,1.4114999999999993,0.33238995,0.019657795406276657,99629.5,False,False,False,True
65.18071,-57.11627,22.7646,18.3455,14.3936,13.094,12.4736,anomaly,4.4191,3.951900000000002,1.2995999999999999,0.6204000000000001,0.65864146,0.00901797530630355,99629.0,False,False,False,True
84.32503,-37.62683,20.6063,17.5593,15.1972,12.3589,10.4925,anomaly,3.0470000000000006,2.3621,2.8383000000000003,1.8664000000000005,0.29170287,0.025542546281518974,99628.5,False,False,True,False
46.55634,-34.73241,18.9554,14.3729,10.496,8.3363,7.5102,anomaly,4.582500000000001,3.876899999999999,2.159700000000001,0.8260999999999994,0.35544673,0.01747694787621812,99626.0,False,False,False,True
43.81486,-38.12036,22.1881,18.0829,14.2495,12.1889,10.2242,anomaly,4.1052,3.8333999999999993,2.060599999999999,1.9647000000000006,0.348123,0.018183515232540803,99626.0,False,True,False,False
63.33503,-56.51351,20.2163,16.1771,12.2651,9.5253,8.7614,anomaly,4.039200000000001,3.911999999999999,2.7398000000000007,0.7638999999999996,0.3325964,0.01938700123447812,99626.0,False,False,False,True
42.28872,-58.0371,16.3241,12.2378,8.3777,5.896,3.9933,anomaly,4.086300000000001,3.860099999999999,2.481700000000001,1.9026999999999998,0.20945665,0.09029701102112275,99623.0,False,True,False,False
31.4227,-39.15196,23.5091,19.2932,15.6496,13.4949,11.5144,anomaly,4.215900000000001,3.6435999999999993,2.1547,1.9804999999999993,0.29096797,0.025016765300540977,99623.0,True,False,False,False
13.89114,-63.82187,19.1776,14.2488,11.6985,10.5533,10.0299,anomaly,4.9288000000000025,2.5503,1.145199999999999,0.5234000000000005,0.28761184,0.02525003838346862,99622.0,False,False,False,True
17.0334,-64.49796,21.099,17.6304,13.7147,11.9239,10.1121,anomaly,3.4685999999999986,3.915700000000001,1.7908000000000008,1.8117999999999999,0.41937962,0.012549836580384333,99621.5,False,False,False,True
19.73436,-53.84808,23.3677,19.9198,16.2956,13.9971,12.0505,anomaly,3.4479000000000006,3.6241999999999983,2.2985000000000007,1.9466,0.26661816,0.028736446433280882,99620.0,False,False,True,False
27.38663,-48.22158,17.6619,13.8495,10.004,8.3672,7.7316,anomaly,3.8123999999999985,3.8455000000000013,1.6367999999999991,0.6356000000000002,0.34229603,0.018159576477770667,99619.0,False,False,False,True
18.23201,-48.99147,22.7448,17.8728,15.303,12.4727,10.5775,anomaly,4.872,2.5698000000000008,2.830300000000001,1.895199999999999,0.2436144,0.03610798725065467,99618.5,False,False,False,True
5.61931,-34.46978,23.2438,19.9735,17.608,14.7996,12.9404,anomaly,3.270299999999999,2.365500000000001,2.8084000000000007,1.8591999999999995,0.24714406,0.03425125641823934,99616.0,False,False,False,True
58.4572,-57.08975,18.1035,14.5955,12.4219,9.9296,8.1495,anomaly,3.508000000000001,2.1735999999999986,2.4923,1.780100000000001,0.3818303,0.014364567059969913,99613.5,False,False,False,True
65.93885,-43.28072,17.371,14.1303,10.2886,8.0359,6.3662,anomaly,3.2406999999999986,3.8416999999999994,2.252700000000001,1.6696999999999997,0.35357392,0.01646568254001335,99612.5,True,False,False,False
34.18248,-39.44941,16.9081,12.8509,10.8006,9.0345,7.7225,anomaly,4.057200000000002,2.0503,1.7660999999999998,1.3119999999999994,0.4162865,0.012077519785592128,99612.0,False,True,False,False
37.70992,-32.99403,21.5372,17.2989,13.3439,12.2574,11.1288,anomaly,4.238299999999999,3.955,1.0864999999999991,1.1286000000000005,0.37590733,0.0143806266359926,99611.0,False,False,True,False
22.5012,-36.54489,17.6405,14.2862,12.1916,10.857,9.0568,anomaly,3.3543000000000003,2.0946,1.3346,1.8001999999999985,0.5460313,0.008289200808865638,99610.5,False,False,False,True
11.6933,-60.058,16.7058,13.1999,10.8797,8.951,7.0461,anomaly,3.5059000000000005,2.3202,1.9286999999999992,1.9049000000000005,0.3275703,0.018804587124820138,99609.0,False,False,True,False
2.55706,-33.42964,21.4131,16.7649,12.8529,11.5587,10.5065,anomaly,4.648199999999999,3.912000000000001,1.2942,1.0521999999999991,0.40088224,0.012738678910675483,99608.5,False,False,False,True
33.72992,-41.89126,23.4279,18.4668,14.8363,12.923,11.6852,anomaly,4.961100000000002,3.6304999999999996,1.9132999999999996,1.2378,0.4085261,0.012257938344664376,99607.5,False,False,False,True
51.93445,-40.6164,19.8545,16.5679,12.8667,10.0253,8.1377,anomaly,3.2866,3.701200000000002,2.8414,1.887599999999999,0.24399467,0.033398616349932464,99605.5,False,False,False,True
2.5352,-35.78005,23.7568,20.5457,18.2914,15.8663,13.9363,anomaly,3.2110999999999983,2.2543000000000006,2.4250999999999987,1.9300000000000015,0.23351966,0.03753046815829508,99603.5,False,False,False,True
9.57284,-63.73299,22.8287,17.7306,15.172,12.6582,11.9719,anomaly,5.098100000000002,2.5585999999999984,2.5138,0.686300000000001,0.33132327,0.017752065720680554,99603.0,True,True,False,False
25.59222,-43.04664,20.265,17.2032,13.4067,11.0271,10.3662,anomaly,3.0618000000000016,3.796499999999998,2.3796,0.6609000000000016,0.436191,0.010184338265413095,99602.0,False,False,False,True
42.53535,-61.08139,17.3763,14.2068,10.4154,7.9856,7.2445,anomaly,3.169500000000001,3.7913999999999994,2.4298,0.7410999999999994,0.30913904,0.01961857461220784,99601.5,False,False,False,True
60.66193,-58.30119,18.661,14.4299,10.4843,9.2737,7.6722,anomaly,4.231100000000001,3.9456000000000007,1.2105999999999995,1.6014999999999997,0.32100123,0.018416997889563524,99599.5,False,False,False,True
11.98587,-35.08975,23.4649,19.8364,16.0635,13.0864,11.7299,anomaly,3.628499999999999,3.7729,2.977100000000002,1.3564999999999987,0.24436708,0.03221167655938184,99599.0,False,False,False,True
60.35692,-45.90886,21.3001,16.3874,14.0084,11.4951,9.6316,anomaly,4.912700000000001,2.3789999999999996,2.513299999999999,1.8635000000000002,0.29533282,0.0208659308328788,99598.5,False,False,False,True
71.22981,-57.96788,19.6015,16.2459,12.3629,10.2777,9.5405,anomaly,3.3556000000000026,3.882999999999999,2.0852000000000004,0.7371999999999996,0.43872824,0.00960190654868609,99595.5,False,False,False,True
35.84525,-64.76149,19.124,15.8251,11.8419,9.9832,8.5798,anomaly,3.298899999999998,3.9832,1.8587000000000007,1.4033999999999995,0.44621453,0.009419941288434486,99595.5,False,False,False,True
64.46946,-56.51866,18.9534,14.0371,11.4138,8.7753,6.791,anomaly,4.916299999999998,2.6233000000000004,2.6385000000000005,1.9842999999999993,0.21718068,0.04770001310838545,99595.0,True,False,False,False
34.66224,-30.03244,16.0167,11.2756,8.7478,6.9852,5.9719,anomaly,4.741099999999999,2.527800000000001,1.7626,1.0133,0.20698878,0.06466458055782776,99593.5,False,False,False,True
41.82952,-44.59396,17.209,14.1172,10.3223,8.7391,7.215,anomaly,3.091799999999999,3.7949,1.5831999999999997,1.5241000000000007,0.4084281,0.010888813341966563,99593.0,False,False,False,True
8.73766,-61.12667,17.9108,14.2979,10.4015,8.9091,7.0185,anomaly,3.612899999999998,3.8964,1.4924,1.8906,0.28466758,0.021352002152153382,99591.0,False,False,False,True
85.63497,-63.21966,17.3191,12.5588,9.9402,6.9006,5.9432,anomaly,4.760299999999999,2.618599999999999,3.039600000000001,0.9573999999999998,0.21028607,0.05496261486170129,99590.5,False,True,False,False
19.24333,-38.73207,16.8764,13.6151,9.9458,7.5871,7.0174,anomaly,3.2613000000000003,3.6693,2.3587,0.5697000000000001,0.24134482,0.032173398578862145,99589.5,False,False,False,True
63.82837,-64.67741,19.2871,15.6013,11.8501,8.8915,7.0363,anomaly,3.6857999999999986,3.7512000000000008,2.958599999999999,1.8552000000000008,0.22083478,0.04161140569021371,99588.0,True,False,False,False
3.6228,-40.32131,16.4857,12.2466,10.1215,8.1552,7.4971,anomaly,4.2391000000000005,2.1251000000000015,1.9662999999999986,0.658100000000001,0.23727924,0.03326963105232272,99586.5,False,False,False,True
80.83825,-42.67358,19.6515,15.7271,11.8058,9.3384,8.6197,anomaly,3.9243999999999986,3.9213000000000005,2.4673999999999996,0.7187000000000001,0.37195164,0.012302323172886931,99582.0,False,False,False,True
37.32288,-47.26082,17.3582,13.7105,9.8715,7.6287,5.8457,anomaly,3.6477000000000004,3.8390000000000004,2.242799999999999,1.7830000000000004,0.2763973,0.02145378400669984,99579.0,False,False,True,False
63.0225,-39.52828,18.8412,13.8497,10.6145,7.9386,6.1352,anomaly,4.9915,3.2352000000000007,2.6758999999999995,1.8034,0.2102607,0.050826911048727386,99578.0,True,False,True,False
21.02341,-48.53551,20.9063,16.994,13.1609,10.1487,8.5594,anomaly,3.912300000000002,3.8331,3.0122,1.5892999999999997,0.2591426,0.024869295305354533,99576.5,False,True,False,False
19.91056,-36.15154,17.3626,13.8862,11.5415,8.7394,8.0105,anomaly,3.4764,2.3447000000000013,2.8020999999999994,0.7288999999999994,0.28445834,0.0198773353456817,99571.5,False,True,False,False
76.14704,-44.51747,18.9081,15.4085,11.4924,10.4904,8.812,anomaly,3.499600000000001,3.9161,1.0020000000000007,1.6784,0.34180024,0.014282868180236719,99571.5,False,False,False,True
70.52497,-39.37359,22.1009,18.9686,15.1216,12.3073,11.3338,anomaly,3.1323000000000008,3.8469999999999978,2.814300000000001,0.9734999999999996,0.3236378,0.01579431520694763,99571.0,False,False,False,True
33.2414,-61.76073,19.3309,16.1667,13.8641,11.5171,9.5084,anomaly,3.164200000000001,2.302599999999998,2.3470000000000013,2.0086999999999993,0.32747158,0.015194417974114693,99569.5,False,False,False,True
89.0943,-42.61912,23.5652,18.7314,15.2864,13.07,11.4352,anomaly,4.8338,3.4450000000000003,2.2164,1.6348000000000003,0.2913792,0.019203925212472384,99567.5,True,False,False,False
74.29866,-58.79992,18.0609,14.4031,10.6778,7.7536,5.8648,anomaly,3.6578,3.7253000000000007,2.9242,1.8887999999999998,0.21119116,0.04583586498198777,99567.0,False,False,False,True
50.52196,-39.621,16.3102,11.5827,8.982,6.7817,5.7122,anomaly,4.727499999999997,2.6007000000000016,2.2002999999999995,1.0694999999999997,0.20327814,0.05600997541777797,99566.5,False,False,False,True
59.93681,-42.42617,16.8864,12.9658,10.8166,9.7679,8.3257,anomaly,3.9205999999999985,2.1492000000000004,1.0487000000000002,1.4421999999999997,0.32669097,0.014735480858108385,99564.0,False,False,False,True
6.18043,-61.20055,17.9867,13.784,11.7615,9.3559,8.0935,anomaly,4.202699999999998,2.022500000000001,2.4055999999999997,1.2623999999999995,0.45767233,0.006593497200925169,99564.0,False,False,False,True
52.6852,-63.91325,20.1345,16.4864,14.4065,11.5077,10.7792,anomaly,3.6480999999999995,2.0799000000000003,2.8987999999999996,0.7285000000000004,0.36610785,0.011085670608397824,99563.5,False,True,True,False
44.79112,-42.53047,22.9217,19.4689,15.7461,13.0402,11.3411,anomaly,3.4528,3.722800000000001,2.7058999999999997,1.6990999999999996,0.2575579,0.023121075768938293,99563.5,False,False,False,True
37.77496,-40.7138,17.4337,13.0351,11.1046,9.9667,9.2657,anomaly,4.398600000000002,1.9305000000000003,1.1379000000000001,0.7009999999999987,0.2888235,0.019093780436570618,99561.5,False,False,False,True
5.37042,-62.59019,19.0001,15.6632,13.5945,11.4302,9.7701,anomaly,3.3369,2.0686999999999998,2.164300000000001,1.6601,0.4984037,0.005395734957973297,99561.5,False,False,False,True
2.92107,-34.43513,22.1395,18.6932,14.8119,12.0944,11.082,anomaly,3.446300000000001,3.8813000000000013,2.7174999999999994,1.0123999999999995,0.29226,0.0182459111540747,99560.5,False,False,False,True
57.21401,-50.74661,23.426,19.2996,17.0472,14.3254,12.5107,anomaly,4.126399999999997,2.2524000000000015,2.7218,1.8147000000000002,0.23811466,0.028169869472052245,99558.0,False,False,False,True
7.61135,-42.17452,19.7299,15.456,13.3952,10.9803,9.2166,anomaly,4.273900000000001,2.0607999999999986,2.414900000000001,1.7637,0.39832118,0.00836477825442572,99554.5,False,False,True,False
16.01547,-49.81226,22.2463,18.069,14.1798,11.5956,10.598,anomaly,4.1773000000000025,3.889199999999999,2.584200000000001,0.9975999999999985,0.3191201,0.014607610927731218,99551.0,False,False,True,False
26.97948,-44.2302,17.0003,13.2741,10.9289,8.5058,6.6411,anomaly,3.7261999999999986,2.3452,2.4231,1.864700000000001,0.2424193,0.025295810899665594,99550.5,False,False,False,True
30.15533,-31.61221,17.1347,12.5676,10.0444,7.1787,5.8392,anomaly,4.567099999999998,2.523200000000001,2.8656999999999995,1.3395000000000001,0.21385717,0.03943632231973504,99550.0,True,False,False,False
14.23561,-57.54026,17.5076,14.3003,12.2246,9.6505,9.0534,anomaly,3.2073,2.0756999999999994,2.5741000000000014,0.5970999999999993,0.22307836,0.032826739177339026,99548.5,False,False,False,True
14.29685,-59.01104,19.1333,14.7234,12.5845,11.2632,9.3574,anomaly,4.409899999999999,2.1388999999999996,1.3213000000000008,1.9057999999999993,0.38465697,0.008179914254579534,99545.0,False,False,False,True
23.45634,-40.34936,20.9318,16.3369,13.9114,10.8486,9.3118,anomaly,4.594899999999999,2.4254999999999995,3.062800000000001,1.5367999999999995,0.25233272,0.021487076852036657,99544.5,False,False,True,False
39.03551,-37.50306,16.1905,11.9042,8.0767,5.5242,4.9257,anomaly,4.286300000000001,3.827499999999999,2.5525,0.5985000000000005,0.19193836,0.08565905292293363,99543.0,False,False,False,True
70.16813,-40.17387,16.5985,13.359,11.1056,9.852,8.751,anomaly,3.2395000000000014,2.253399999999999,1.2536000000000005,1.1010000000000009,0.4119194,0.007021777662072348,99543.0,False,False,True,False
37.09982,-55.31556,16.1049,16.4148,13.4279,14.3231,12.709,anomaly,-0.30989999999999895,2.9869000000000003,-0.8952000000000009,1.6141000000000005,0.21775024,0.03445037317283972,99540.5,False,False,False,True
49.51545,-49.64805,18.5399,13.9847,10.1611,7.7228,6.7387,anomaly,4.555199999999999,3.8236000000000008,2.438299999999999,0.9841000000000006,0.26728484,0.01934087452086175,99540.0,False,False,False,True
14.80664,-39.79077,22.7576,18.4207,14.4944,12.3918,10.985,anomaly,4.3369,3.9262999999999995,2.1026000000000007,1.4068000000000005,0.39602557,0.0075230574098699154,99539.5,False,False,True,False
48.12731,-30.16174,16.2473,13.0761,9.5054,7.6219,6.5294,anomaly,3.171199999999999,3.5707000000000004,1.8834999999999997,1.0925000000000002,0.22608222,0.0294029344021306,99539.5,False,True,False,False
16.70784,-55.56022,18.8982,15.1076,11.2295,10.0598,9.128,anomaly,3.7905999999999995,3.8781,1.1697000000000006,0.9317999999999991,0.38001594,0.008165037830220045,99539.0,False,False,False,True
87.03412,-35.95068,19.6511,15.2319,13.1531,12.1047,10.2694,anomaly,4.4192,2.0787999999999993,1.0484000000000009,1.8353000000000002,0.4441317,0.005165578212465882,99538.5,False,False,True,False
1.26005,-33.78859,22.1881,19.1738,15.4125,12.6171,11.3928,anomaly,3.0142999999999986,3.7613000000000003,2.795399999999999,1.2243000000000013,0.26823777,0.019150454853417043,99538.0,False,False,False,True
87.5993,-39.08761,23.2798,19.8216,16.0329,13.671,12.982,anomaly,3.4582000000000015,3.7886999999999986,2.361900000000002,0.6890000000000001,0.38418642,0.007747881287943237,99537.0,False,True,False,False
54.66859,-59.39283,23.1488,19.4893,15.6506,13.9916,12.3516,anomaly,3.6595000000000013,3.8386999999999993,1.6590000000000007,1.6400000000000006,0.38847986,0.007611625616051887,99536.0,False,False,False,True
83.00692,-38.0462,23.2452,18.5185,15.0015,12.3203,10.9599,anomaly,4.726700000000001,3.5169999999999995,2.6812000000000005,1.3604000000000003,0.252926,0.020620469449713963,99535.5,False,False,False,True
74.55272,-55.71971,17.1577,13.9443,11.3625,8.4259,7.4666,anomaly,3.2133999999999983,2.5817999999999994,2.9366000000000003,0.9593000000000007,0.2588749,0.01991483028759522,99532.5,False,False,False,True
19.55675,-61.41505,23.8328,23.8791,20.9915,21.9453,20.2732,anomaly,-0.04630000000000223,2.8876000000000026,-0.9538000000000011,1.6721000000000004,0.25322464,0.020298301702790678,99531.0,False,False,False,True
8.78709,-43.17849,16.2192,16.5799,13.8593,14.7928,13.8548,anomaly,-0.3606999999999978,2.7205999999999992,-0.9335000000000004,0.9380000000000006,0.34413296,0.010241167356304759,99529.5,False,False,False,True
41.9191,-64.91762,23.9478,20.9706,18.8319,16.3258,15.2635,anomaly,2.9772,2.1387,2.5061,1.0623000000000005,0.25098625,0.020534091016989997,99529.5,False,False,False,True
38.71821,-35.39279,17.1796,13.043,9.1631,7.1264,6.2697,anomaly,4.136600000000001,3.8798999999999992,2.0366999999999997,0.8567,0.2360251,0.024784998172102446,99529.0,False,False,False,True
45.93429,-56.15209,20.9463,17.5271,13.6492,12.2431,10.6508,anomaly,3.4192,3.8779000000000003,1.4061000000000003,1.5922999999999998,0.40842214,0.005894685015860213,99528.0,False,False,True,False
59.36071,-61.23621,23.0596,19.9208,16.2167,15.1278,13.2568,anomaly,3.1388,3.7041000000000004,1.0888999999999989,1.8710000000000004,0.2594438,0.0194240449759866,99527.5,False,False,False,True
56.96582,-34.94222,21.6296,16.7391,13.3264,10.7778,9.0634,anomaly,4.890499999999999,3.412700000000001,2.5486000000000004,1.7143999999999995,0.24192373,0.02200654782047451,99527.0,True,False,True,False
85.61593,-58.13613,16.6758,12.9237,9.1125,7.4906,5.5253,anomaly,3.7520999999999987,3.8111999999999995,1.621900000000001,1.9653,0.20026118,0.04611864597726467,99527.0,False,True,False,False
55.61134,-59.61205,15.9726,15.7605,12.823,13.7215,11.9873,anomaly,0.2120999999999995,2.9375,-0.8985000000000003,1.7342000000000013,0.19750544,0.051687015988936214,99526.5,False,False,False,True
32.07165,-33.61484,20.1358,15.152,12.8611,10.5588,9.3884,anomaly,4.9838000000000005,2.290899999999999,2.3023000000000007,1.170399999999999,0.35968173,0.008438893412095916,99525.5,False,False,False,True
27.91737,-43.4216,16.3866,16.4708,13.5835,14.4363,13.6869,anomaly,-0.08419999999999916,2.8872999999999998,-0.8527999999999984,0.7493999999999996,0.36856318,0.007826339731533127,99522.0,False,False,False,True
9.92186,-59.00533,23.6382,23.4801,20.7649,21.788,19.8537,anomaly,0.15810000000000102,2.7151999999999994,-1.0230999999999995,1.9343000000000004,0.24001428,0.02179802706826972,99520.5,False,False,False,True
26.68635,-34.24549,20.2941,15.9482,12.0308,10.8425,9.0964,anomaly,4.3459,3.9174000000000007,1.1883,1.7461000000000002,0.3263583,0.010992352065293254,99520.0,False,False,False,True
32.48804,-38.05556,17.7987,14.2389,10.4479,9.3385,8.2941,anomaly,3.559800000000001,3.7909999999999986,1.1094000000000008,1.0443999999999996,0.38256216,0.006566115268839101,99519.0,False,True,False,False
48.36903,-59.07767,18.5284,14.773,10.9046,8.6292,7.9659,anomaly,3.7554000000000016,3.8683999999999994,2.2753999999999994,0.6633000000000004,0.3056609,0.012847174577077736,99514.5,False,False,False,True
80.35607,-36.75771,17.2369,12.8213,10.5381,8.314,6.7815,anomaly,4.415599999999998,2.283200000000001,2.2241,1.5324999999999998,0.2798526,0.015593413217246943,99513.0,False,False,False,True
30.98267,-42.76365,18.0375,13.4718,9.7617,7.3987,6.8122,anomaly,4.565700000000001,3.7101000000000006,2.3629999999999995,0.5865,0.22909474,0.02435124265576538,99512.5,False,False,True,False
26.73732,-43.58638,16.406,12.2942,9.9811,8.2539,7.0349,anomaly,4.111799999999999,2.3131000000000004,1.7271999999999998,1.2189999999999994,0.25962928,0.01808719128160896,99510.5,False,False,False,True
41.34853,-46.72211,21.0599,16.5651,13.227,11.6873,11.2357,anomaly,4.494799999999998,3.3381000000000007,1.5396999999999998,0.4516000000000009,0.41380772,0.004424808627858434,99509.5,False,False,False,True
8.0912,-58.71571,23.4397,19.5498,17.5686,15.4356,13.9581,anomaly,3.8898999999999972,1.9812000000000012,2.132999999999999,1.477500000000001,0.36499873,0.007475122430927739,99509.5,False,False,False,True
26.87473,-51.55866,17.5987,14.3333,10.8028,8.6405,8.1839,anomaly,3.2654000000000014,3.5305,2.1623,0.4565999999999999,0.24164738,0.02060438837633627,99508.5,True,False,False,False
36.29838,-64.71207,16.6644,13.1356,9.4079,7.4202,6.7237,anomaly,3.5288000000000004,3.7277000000000005,1.9876999999999994,0.6965000000000003,0.2230045,0.025957253930301905,99507.5,False,True,False,False
10.90306,-61.15485,22.9236,19.5175,15.6231,14.468,13.4771,anomaly,3.406100000000002,3.8943999999999974,1.155100000000001,0.9908999999999999,0.4464947,0.0032421561658444453,99507.5,True,False,False,False
27.95161,-44.33353,19.1476,15.424,11.4994,8.9849,7.8162,anomaly,3.723600000000001,3.9246,2.5145,1.1686999999999994,0.32187715,0.01034449545848981,99507.0,False,False,False,True
60.62651,-37.62166,20.7457,16.3714,14.2771,13.1957,11.3278,anomaly,4.374299999999998,2.0943000000000005,1.0814000000000004,1.8679000000000006,0.41601396,0.004155728733695407,99505.5,False,False,False,True
64.67572,-63.67621,20.4354,16.6242,12.7035,9.9335,8.666,anomaly,3.811200000000003,3.9206999999999983,2.7699999999999996,1.2675,0.29601187,0.012868288687658214,99502.0,False,False,False,True
62.76373,-62.82352,18.3436,14.4689,10.6787,8.3177,6.5081,anomaly,3.874699999999999,3.7902000000000005,2.360999999999999,1.8096000000000005,0.24207237,0.019842894862618476,99501.0,False,False,True,False
61.68514,-41.71328,18.2289,14.3302,12.0414,9.1172,8.3088,anomaly,3.8987,2.2888,2.924199999999999,0.8084000000000007,0.24996877,0.018459062058450604,99500.0,False,False,False,True
77.9998,-59.21345,21.4653,16.5384,12.862,11.4742,10.5549,anomaly,4.9269,3.6763999999999992,1.3878000000000004,0.9192999999999998,0.32370225,0.009735483359204822,99499.5,False,False,False,True
29.12398,-35.5217,23.5883,18.9958,16.689,14.174,12.5423,anomaly,4.592500000000001,2.306799999999999,2.5150000000000006,1.6317000000000004,0.27829632,0.014724293020664247,99499.0,False,False,False,True
11.34104,-46.55009,20.3916,15.905,12.0054,10.7248,9.7556,anomaly,4.486600000000001,3.8995999999999995,1.2805999999999997,0.9692000000000007,0.3668072,0.006154583713324002,99498.0,False,False,False,True
4.41319,-63.48432,18.1569,15.1525,12.9905,11.7549,10.1707,anomaly,3.0044000000000004,2.161999999999999,1.2356000000000016,1.5841999999999992,0.6061707,0.0005424959737444501,99498.0,False,False,False,True
27.06692,-41.53715,18.5973,14.3764,10.4764,9.0605,7.8768,anomaly,4.2209,3.9000000000000004,1.4159000000000006,1.183699999999999,0.37306446,0.005364586142865835,99497.0,True,False,False,False
82.54261,-49.34717,17.057,12.6607,10.4544,8.6466,7.2268,anomaly,4.396299999999998,2.2063000000000006,1.8078000000000003,1.4197999999999995,0.30505508,0.0107155401270006,99492.0,False,False,True,False
79.38538,-39.70408,22.2427,18.0301,14.1985,11.5988,10.1928,anomaly,4.212599999999998,3.8316000000000017,2.5996999999999986,1.4060000000000006,0.28027645,0.013943511314817192,99490.5,False,False,False,True
44.86942,-56.36552,20.9245,16.0372,12.3342,10.325,9.09,anomaly,4.8873,3.7029999999999994,2.0092,1.2349999999999994,0.31830126,0.009509228190047181,99489.5,False,False,False,True
6.34286,-45.63822,22.8789,17.9933,15.5628,13.0619,11.6117,anomaly,4.8856,2.430500000000002,2.5008999999999997,1.4501999999999988,0.30213326,0.010910194327027556,99488.0,False,False,False,True
43.86999,-30.95596,17.5101,13.7125,9.9344,7.9945,7.4435,anomaly,3.797600000000001,3.7781000000000002,1.9398999999999997,0.5510000000000002,0.27580503,0.014064118042999896,99483.5,False,False,False,True
21.44244,-42.8737,16.3254,12.4733,10.0074,7.6537,5.8309,anomaly,3.8520999999999983,2.4658999999999995,2.353700000000001,1.8228,0.19988386,0.03685391863392762,99483.0,True,False,False,False
27.2328,-59.73604,21.7659,16.9027,14.6815,12.6107,11.0572,anomaly,4.863199999999999,2.2211999999999996,2.0708,1.5534999999999997,0.357623,0.0057060815757640215,99482.5,True,False,False,False
59.26611,-50.84295,20.8154,16.0401,12.3229,11.3059,10.3761,anomaly,4.775300000000001,3.7171999999999983,1.0170000000000012,0.9298000000000002,0.2805725,0.01301383160492331,99482.0,True,False,False,False
85.51333,-48.2591,21.9973,17.9902,14.1404,12.5575,10.7448,anomaly,4.007099999999998,3.849800000000002,1.5829000000000004,1.8126999999999995,0.3279092,0.007927234192218524,99482.0,False,False,False,True
67.50746,-34.99945,20.9403,17.6464,13.7662,11.4098,10.4818,anomaly,3.2939000000000007,3.8802000000000003,2.356399999999999,0.9280000000000008,0.37535742,0.004388320767511278,99481.5,False,False,False,True
49.03777,-59.50441,17.3422,13.7449,11.4903,9.417,7.56,anomaly,3.597299999999999,2.2546,2.0732999999999997,1.8570000000000002,0.31770584,0.008606624571184551,99480.0,False,False,True,False
28.06937,-58.48398,17.9178,14.0703,12.093,11.0254,9.4019,anomaly,3.8475,1.9772999999999996,1.0676000000000005,1.6235,0.5339181,-2.0543202050582465e-07,99479.5,False,False,False,True
59.31691,-47.9083,23.3726,20.245,16.8867,14.7378,14.2358,anomaly,3.1275999999999975,3.3583,2.148900000000001,0.5020000000000007,0.30945173,0.009449795221882606,99479.5,False,True,False,False
6.19972,-46.96437,17.8984,14.5866,10.8072,8.6465,7.999,anomaly,3.311799999999998,3.7794000000000008,2.1607000000000003,0.6475,0.3023309,0.010115224044774274,99479.0,False,False,False,True
17.27588,-59.67221,20.5029,16.2315,12.3238,10.7494,8.9489,anomaly,4.2714,3.9077,1.5744000000000007,1.8004999999999995,0.33385706,0.007197949045524177,99478.5,False,False,False,True
22.56083,-42.04658,21.8639,18.084,14.177,13.0815,11.5571,anomaly,3.7799000000000014,3.907,1.0954999999999995,1.5244,0.3610754,0.0050334688776007,99476.5,False,True,True,False
49.4532,-45.28041,19.5221,15.3797,11.5585,9.442,7.5463,anomaly,4.1423999999999985,3.8211999999999993,2.1165000000000003,1.8957000000000006,0.2942822,0.010659810016560134,99476.0,False,False,False,True
33.20009,-37.06982,19.6259,16.4229,14.2892,12.2023,10.3384,anomaly,3.203000000000003,2.1336999999999993,2.0869,1.8638999999999992,0.42970386,0.0020180592064102942,99476.0,False,False,False,True
26.90948,-54.25362,22.629,17.7908,14.4548,12.0681,11.4106,anomaly,4.8382000000000005,3.3360000000000003,2.386700000000001,0.6574999999999989,0.29399782,0.010712429276359625,99475.5,False,False,False,True
88.02341,-54.00442,17.4515,13.4532,9.6058,7.2052,5.7129,anomaly,3.9982999999999986,3.8474000000000004,2.4006000000000007,1.4922999999999993,0.22728139,0.02040430041619501,99474.0,False,False,False,True
42.6091,-61.69742,22.0256,17.6755,13.8428,12.6007,10.8506,anomaly,4.350100000000001,3.832699999999999,1.2421000000000006,1.7500999999999998,0.30385363,0.009542994834584095,99472.5,False,False,False,True
75.04626,-57.77288,23.066,19.9383,16.4083,15.0917,14.6542,anomaly,3.1276999999999973,3.530000000000001,1.316600000000001,0.4375,0.61159545,-0.0011072585738821639,99471.5,False,False,False,True
5.5376,-60.15108,22.4395,19.1142,15.369,12.9203,11.2114,anomaly,3.3252999999999986,3.7452000000000005,2.4487000000000005,1.7088999999999999,0.28909793,0.01094771748734058,99470.5,False,False,False,True
18.39357,-32.71754,18.7153,14.4351,12.1795,10.0073,8.0111,anomaly,4.280199999999999,2.2555999999999994,2.1722,1.9962,0.24719933,0.016681450593127867,99470.5,False,False,False,True
77.17409,-62.08834,19.3117,14.5089,10.8522,9.219,7.8343,anomaly,4.802799999999998,3.6567000000000007,1.6332000000000004,1.3846999999999996,0.26237932,0.01432658456538538,99469.5,False,False,False,True
52.57503,-39.69418,17.4195,13.9891,11.8048,9.5841,8.5304,anomaly,3.430399999999999,2.1843000000000004,2.220700000000001,1.0536999999999992,0.40134177,0.002591918592682818,99468.5,False,False,False,True
44.5122,-52.02732,18.942,15.3892,11.5105,9.8814,8.0393,anomaly,3.5527999999999995,3.8787000000000003,1.629100000000001,1.8420999999999985,0.32653853,0.007083886515883542,99466.5,False,False,False,True
27.59535,-58.13621,16.8646,13.6278,9.9106,8.8505,7.3558,anomaly,3.236799999999999,3.7172,1.0601000000000003,1.4947,0.21723871,0.023373063366931235,99466.5,False,False,False,True
12.5341,-36.07655,16.4062,13.3153,10.5494,8.7029,6.9433,anomaly,3.0908999999999978,2.7659000000000002,1.8465000000000007,1.7595999999999998,0.23870097,0.0177893388310687,99466.5,False,False,False,True
88.70892,-33.05293,16.3997,11.9133,8.1195,6.7974,5.3928,anomaly,4.4864,3.793799999999999,1.3221000000000007,1.4045999999999994,0.1802707,0.06792612263062381,99463.0,False,False,True,False
65.85037,-52.38689,19.2064,14.6966,12.3595,9.4599,8.4552,anomaly,4.5097999999999985,2.3370999999999995,2.8996000000000013,1.0046999999999997,0.26297244,0.013337062224956786,99461.5,False,False,True,False
85.31942,-63.69406,16.7245,13.7783,10.6265,8.1349,7.0072,anomaly,2.9461999999999993,3.1517999999999997,2.4916,1.1277,0.21920808,0.021406385377498616,99461.5,False,False,False,True
27.94703,-55.4156,19.1711,14.8246,10.9683,8.5333,7.4639,anomaly,4.346499999999999,3.856300000000001,2.4349999999999987,1.0694000000000008,0.28292426,0.010453040903589783,99459.5,False,False,False,True
22.14676,-32.13566,18.2261,13.6713,10.9024,9.9583,8.062,anomaly,4.554799999999998,2.7689000000000004,0.9441000000000006,1.8963,0.23838261,0.01735949181694918,99459.0,False,False,True,False
66.11298,-33.66911,19.4959,16.3034,12.5355,11.0685,9.3009,anomaly,3.192499999999999,3.767899999999999,1.4670000000000005,1.7675999999999998,0.35159716,0.004405354494803171,99457.0,False,True,True,False
82.25444,-57.14012,16.5169,11.7517,7.9951,5.0263,3.8363,anomaly,4.7652,3.7565999999999997,2.9688,1.19,0.17489202,0.11441450482107896,99457.0,False,False,False,True
51.87178,-44.30658,20.7294,15.9588,13.5959,10.8391,9.6563,anomaly,4.770599999999998,2.3629,2.7568,1.1828000000000003,0.29825893,0.008672480826529605,99456.5,False,False,True,False
47.57539,-40.77806,18.525,14.3752,12.1365,9.3364,8.0764,anomaly,4.149799999999999,2.2386999999999997,2.8001000000000005,1.2599999999999998,0.30807525,0.0077529074525276576,99456.5,False,False,False,True
88.0414,-32.37113,18.4675,14.6372,10.8372,9.787,7.9383,anomaly,3.830300000000001,3.8000000000000007,1.0501999999999985,1.848700000000001,0.2555843,0.014159390567132113,99455.5,False,False,False,True
9.5138,-48.56719,20.345,15.918,12.2223,9.8063,9.1549,anomaly,4.427,3.6956999999999987,2.4160000000000004,0.6514000000000006,0.28573784,0.00996928803420094,99455.0,False,False,False,True
1.65421,-31.9959,17.464,12.4903,10.0604,8.9643,7.933,anomaly,4.973699999999999,2.4299,1.0960999999999999,1.0312999999999999,0.19566292,0.036053724570835555,99454.0,False,False,True,False
21.97061,-34.5214,18.0673,14.1256,10.2928,8.8129,8.0828,anomaly,3.941699999999999,3.8328000000000007,1.4798999999999989,0.7301000000000002,0.33325574,0.005289573676462878,99453.5,False,True,False,False
32.238,-51.58566,23.3655,19.0011,15.43,13.2692,12.7378,anomaly,4.3644,3.5711000000000013,2.1608,0.5313999999999997,0.41567948,0.0008465855219070839,99453.0,False,False,False,True
84.04685,-38.96953,18.863,14.7418,10.8806,8.9163,8.2486,anomaly,4.1212,3.8612,1.9642999999999997,0.6677,0.3287076,0.005784705599577777,99453.0,False,False,False,True
62.03433,-37.93252,16.1265,12.9493,10.0869,7.8667,5.9841,anomaly,3.177200000000001,2.862399999999999,2.2202,1.8826,0.19181933,0.038778191987447475,99451.0,False,False,False,True
86.09904,-60.89201,20.826,16.6091,12.9217,10.0925,8.2779,anomaly,4.216899999999999,3.687400000000002,2.8292,1.8145999999999987,0.22041455,0.02021141126910353,99449.0,False,False,False,True
56.62633,-61.53227,21.2326,17.4803,13.5622,12.3401,11.4772,anomaly,3.7523000000000017,3.918099999999999,1.222100000000001,0.8628999999999998,0.34938812,0.004143796230365759,99448.5,False,False,False,True
38.85805,-47.62593,16.6479,13.1013,9.4338,7.65,6.9324,anomaly,3.5465999999999998,3.6675000000000004,1.7837999999999994,0.7176,0.21196446,0.02336238773919297,99448.0,False,False,False,True
42.91526,-35.68747,23.3274,19.9454,16.1982,13.7128,12.8158,anomaly,3.3820000000000014,3.7471999999999994,2.4854000000000003,0.8970000000000002,0.27963898,0.01018268696272695,99448.0,False,False,False,True
29.34832,-64.42993,23.2587,19.764,15.9737,13.5457,12.6463,anomaly,3.4947000000000017,3.7903000000000002,2.427999999999999,0.8994,0.29925203,0.008118305139797055,99447.5,True,False,False,False
88.82682,-45.79232,23.1807,18.1026,14.9992,13.462,12.8578,anomaly,5.078100000000003,3.103399999999999,1.5372000000000003,0.6042000000000005,0.34773356,0.004166652070767274,99447.0,False,False,False,True
15.04323,-56.99228,17.1715,12.4757,9.9511,7.5156,6.8258,anomaly,4.695800000000002,2.5245999999999995,2.4355,0.6898,0.19336003,0.03652521073860793,99446.0,False,False,False,True
16.8797,-37.82848,20.7337,16.2709,12.8341,11.3947,10.8965,anomaly,4.462799999999998,3.4368000000000016,1.4393999999999991,0.49820000000000064,0.36573544,0.002933845837403748,99445.0,False,False,False,True
66.74258,-49.85524,17.2424,12.5713,8.8409,6.2455,5.3883,anomaly,4.671099999999999,3.7304000000000013,2.5953999999999997,0.8571999999999997,0.18031581,0.05445754999221297,99442.5,False,False,False,True
41.97449,-42.48355,16.9874,12.688,8.8496,5.9539,5.1261,anomaly,4.2994,3.8384,2.8957000000000006,0.8277999999999999,0.17592649,0.07026909950783133,99442.0,False,False,False,True
37.63369,-49.10159,21.5733,17.3198,13.5434,10.9908,10.3096,anomaly,4.253499999999999,3.7764000000000006,2.5526,0.6812000000000005,0.3248388,0.005235706275966701,99441.0,True,False,False,False
9.73907,-30.54604,22.7503,19.7331,16.001,14.0025,13.312,anomaly,3.017199999999999,3.732099999999999,1.9985000000000017,0.6905000000000001,0.46997866,-0.0012342164225304098,99441.0,False,True,True,False
67.81893,-43.60991,18.6671,14.9503,12.8217,10.5135,9.6821,anomaly,3.716800000000001,2.1286000000000005,2.3081999999999994,0.8314000000000004,0.32081404,0.005553006546629602,99440.5,False,False,False,True
8.83128,-46.83213,16.448,11.7039,7.9378,5.2837,3.998,anomaly,4.7440999999999995,3.7661000000000007,2.6541000000000006,1.2856999999999994,0.17275581,0.10484644151630851,99439.0,False,False,False,True
66.85049,-54.24809,16.2129,13.2022,10.0691,7.8649,6.5648,anomaly,3.0107000000000017,3.133099999999999,2.204200000000001,1.3000999999999996,0.21582471,0.020902778487580376,99438.0,False,False,False,True
6.90745,-58.5445,22.5487,18.1951,14.576,12.0665,11.4551,anomaly,4.3536,3.6190999999999995,2.509500000000001,0.6113999999999997,0.31646335,0.005580805140226408,99436.0,False,False,False,True
80.57102,-32.51284,21.6079,16.8547,14.7903,12.9562,11.3821,anomaly,4.7532,2.064400000000001,1.8340999999999994,1.5741000000000014,0.4171978,-0.0002884494028743134,99436.0,False,True,False,False
45.30032,-44.32211,16.8478,13.7729,10.9677,8.5892,6.9792,anomaly,3.0748999999999995,2.8051999999999992,2.3785000000000007,1.6100000000000003,0.21404593,0.021128397866234994,99433.5,False,False,False,True
15.5201,-48.58949,16.6848,13.4975,11.0888,9.5651,8.1393,anomaly,3.1872999999999987,2.4086999999999996,1.5237000000000016,1.4257999999999988,0.34085837,0.0037185647929610655,99433.0,False,False,False,True
37.44675,-52.37636,19.3916,14.5819,12.3848,10.8943,9.5749,anomaly,4.809700000000001,2.197099999999999,1.4905000000000008,1.3194,0.32626283,0.004515457230515385,99431.0,False,False,False,True
66.35295,-41.002,17.8031,14.0316,10.1483,7.8678,6.8684,anomaly,3.7715000000000014,3.8832999999999984,2.280500000000001,0.9993999999999996,0.26213178,0.01059879692838861,99429.0,True,True,False,False
62.61742,-62.49907,22.2548,19.1275,16.8694,15.8227,13.7666,anomaly,3.127299999999998,2.2581000000000024,1.0466999999999995,2.056099999999999,0.3186627,0.004806428296569298,99427.5,False,False,False,True
77.82756,-51.45331,21.3197,16.5335,14.341,13.3157,11.6923,anomaly,4.786200000000001,2.192500000000001,1.0252999999999997,1.6234000000000002,0.34986818,0.0026696235093489618,99426.0,False,False,False,True
57.40231,-52.79164,16.2457,12.9443,10.4033,9.108,8.2701,anomaly,3.3013999999999992,2.5410000000000004,1.2952999999999992,0.8379000000000012,0.23456222,0.014973528549548032,99424.5,False,False,True,False
61.12492,-58.60633,23.3828,19.8854,16.1017,14.2442,13.4342,anomaly,3.497399999999999,3.7836999999999996,1.8575000000000017,0.8099999999999987,0.40434974,-0.00034515861355499666,99424.5,False,False,False,True
63.87054,-43.8189,22.6922,19.6321,16.0096,14.9009,13.3209,anomaly,3.0600999999999985,3.6225000000000023,1.108699999999999,1.58,0.34547094,0.0026872337379687528,99421.5,True,False,False,False
39.36404,-41.15369,23.3464,18.4915,14.9329,13.6241,12.4087,anomaly,4.854900000000001,3.5585999999999984,1.3087999999999997,1.2154000000000007,0.3365743,0.00320215216967501,99420.0,False,False,False,True
42.9432,-43.82946,16.5582,12.691,10.4172,8.7184,7.5832,anomaly,3.8671999999999986,2.2738000000000014,1.6987999999999985,1.135200000000001,0.2925244,0.006798509640807193,99420.0,False,False,False,True
25.05237,-33.73596,20.679,15.72,12.5847,9.6729,8.1322,anomaly,4.958999999999998,3.135300000000001,2.9117999999999995,1.540700000000001,0.18974549,0.03541376253335016,99419.5,False,False,False,True
13.66589,-42.6989,20.7277,16.7246,12.862,11.399,9.5956,anomaly,4.0031,3.8625999999999987,1.463000000000001,1.8034,0.29187843,0.006801462695563143,99418.5,False,False,True,False
82.51143,-50.89872,19.4191,15.3599,11.445,9.8526,8.0311,anomaly,4.059200000000001,3.9148999999999994,1.5923999999999996,1.8215000000000003,0.3074359,0.0050090313694636235,99417.5,False,False,False,True
1.85904,-46.75815,16.0956,15.6128,14.0954,14.608,12.7951,anomaly,0.482800000000001,1.5174000000000003,-0.5126000000000008,1.8129000000000008,0.20841101,0.021572267024036362,99416.5,False,True,False,False
87.25793,-58.92262,16.4236,13.0337,10.4462,9.0259,7.3346,anomaly,3.389900000000001,2.5875000000000004,1.4202999999999992,1.6913,0.24999982,0.01102431618035482,99416.0,False,False,False,True
64.6709,-59.91006,17.4499,12.7281,10.1344,7.5909,6.7832,anomaly,4.7218,2.5937,2.543499999999999,0.8077000000000005,0.20251027,0.02385544641569315,99414.0,False,True,False,False
48.68315,-31.90794,18.7301,14.7169,10.8564,8.6848,7.0735,anomaly,4.013199999999999,3.8605,2.1716000000000015,1.611299999999999,0.27594286,0.007751841524856085,99410.0,False,False,False,True
70.45058,-62.0402,22.6967,19.5767,15.7955,14.1121,12.6359,anomaly,3.120000000000001,3.7811999999999983,1.6834000000000007,1.4762000000000004,0.38905433,-0.000870902851122346,99407.0,False,False,False,True
62.71614,-52.53581,22.6867,19.1469,17.0121,14.5166,12.9087,anomaly,3.5397999999999996,2.1347999999999985,2.4955,1.6079000000000008,0.29202905,0.005325790257632801,99400.0,False,False,False,True
72.02794,-49.28321,21.4187,17.8582,15.712,12.8142,11.3615,anomaly,3.560500000000001,2.1462000000000003,2.8978,1.4527,0.36788183,2.0337770026856994e-05,99400.0,False,False,False,True
85.59513,-34.66109,20.0853,15.1981,12.7446,10.1222,9.2542,anomaly,4.8872,2.4535,2.6224000000000007,0.8679999999999986,0.24112688,0.011622931435981032,99399.0,True,False,False,False
68.69853,-51.32997,22.6452,17.7208,14.9892,13.3084,12.7974,anomaly,4.924399999999999,2.7316000000000003,1.6807999999999996,0.511000000000001,0.34451395,0.0015667170946666031,99398.0,False,False,False,True
41.04642,-58.17038,18.2472,15.164,13.0066,11.7474,10.7811,anomaly,3.0831999999999997,2.157399999999999,1.2591999999999999,0.9663000000000004,0.4850944,-0.004974936471201397,99395.0,False,False,False,True
18.7286,-30.05956,17.7006,14.5496,12.161,10.7886,9.1596,anomaly,3.1510000000000016,2.3886000000000003,1.372399999999999,1.6290000000000013,0.37256134,-0.0008575909260832848,99393.5,False,False,False,True
66.1426,-44.58533,18.4506,13.5578,11.0383,9.9849,8.4724,anomaly,4.892800000000001,2.5195000000000007,1.0534,1.5124999999999993,0.2103441,0.01912189728335678,99393.5,False,False,False,True
65.1334,-35.47317,23.2945,18.714,15.1653,13.7424,11.8529,anomaly,4.580500000000001,3.5486999999999984,1.4229000000000003,1.8895,0.22827785,0.013781573610854303,99393.0,False,False,True,False
44.0326,-46.10673,20.5983,15.7051,13.168,10.3989,9.5029,anomaly,4.893199999999998,2.5371000000000006,2.7691,0.895999999999999,0.22330175,0.014793153344348053,99393.0,False,False,False,True
21.08626,-46.89357,17.2706,13.6954,11.2252,8.3078,6.6081,anomaly,3.5752000000000024,2.4702,2.917399999999999,1.6997,0.19426648,0.02667722276306994,99393.0,False,False,False,True
62.46636,-30.8139,20.2721,16.711,14.6186,12.553,10.6263,anomaly,3.5610999999999997,2.092399999999998,2.0656,1.9267000000000003,0.36497462,-0.0002111166495686323,99391.5,False,False,True,False
46.49435,-34.04394,23.5972,23.4669,20.5371,21.5314,20.0128,anomaly,0.13030000000000186,2.9298,-0.9943000000000026,1.5186000000000028,0.27821168,0.0061896441904810695,99391.5,False,True,False,False
86.03793,-59.70302,18.3787,13.7933,11.6761,10.2279,9.6447,anomaly,4.585399999999998,2.1172000000000004,1.4482,0.5831999999999997,0.27309734,0.006385247833950669,99388.5,False,False,False,True
10.99983,-45.9844,19.6612,14.6602,11.696,8.9077,7.23,anomaly,5.001000000000001,2.9642,2.7882999999999996,1.6776999999999997,0.18660143,0.03231906554092334,99386.0,False,False,False,True
34.00295,-44.81821,23.9391,19.4708,17.1683,15.1894,14.66,anomaly,4.468299999999999,2.302500000000002,1.9788999999999994,0.529399999999999,0.2520607,0.008375948766362828,99385.0,False,False,False,True
5.87203,-36.14167,19.7694,15.9046,12.0283,10.7235,8.8553,anomaly,3.8648000000000007,3.8763000000000005,1.3048000000000002,1.8681999999999999,0.26413682,0.007045424700481084,99383.5,False,True,False,False
72.21542,-58.9154,20.8912,16.0511,12.7205,9.9809,9.3285,anomaly,4.8401,3.3306000000000022,2.7395999999999994,0.6524000000000001,0.19706647,0.022952079791015767,99382.5,False,False,False,True
52.72362,-31.83263,23.0247,19.8279,16.055,14.3866,13.7772,anomaly,3.1967999999999996,3.7729,1.6684,0.609399999999999,0.5649291,-0.006922429268841679,99382.0,False,True,False,False
73.08279,-54.3187,21.7171,17.2427,15.0197,13.9815,12.1166,anomaly,4.474399999999999,2.222999999999999,1.0381999999999998,1.8649000000000004,0.3227828,0.0018577735178426646,99380.0,False,True,False,False
88.43861,-60.72246,23.6028,20.2873,16.6599,15.0382,13.7302,anomaly,3.3155,3.627399999999998,1.6217000000000006,1.3079999999999998,0.2793244,0.005046557644633465,99379.0,True,False,False,False
28.97243,-59.75932,16.2214,12.8249,10.1702,7.7497,6.4411,anomaly,3.3964999999999996,2.6547,2.4204999999999997,1.3086000000000002,0.21133485,0.01743784225342726,99379.0,False,False,False,True
52.47818,-61.22628,23.6286,20.2768,16.6307,13.709,12.4196,anomaly,3.3517999999999972,3.6461000000000006,2.9217000000000013,1.2893999999999988,0.190025,0.028148921832205853,99378.0,False,False,False,True
58.0228,-30.3131,23.1206,18.3563,15.3729,12.4715,11.3922,anomaly,4.764299999999999,2.9834000000000014,2.901399999999999,1.0793,0.21186726,0.017022053215354105,99376.0,True,False,False,False
15.73357,-43.77355,22.0863,17.1222,14.7831,12.5705,11.5935,anomaly,4.964100000000002,2.3391,2.2126,0.9769999999999985,0.3324238,0.0005857440141364689,99375.0,False,False,False,True
49.44149,-61.35716,16.682,12.3312,8.5118,6.0243,5.1856,anomaly,4.350799999999998,3.8194000000000017,2.487499999999999,0.8387000000000002,0.16810946,0.061069134217399235,99373.5,False,False,False,True
77.91976,-33.52084,22.6382,18.562,16.4746,14.2884,12.4401,anomaly,4.0762,2.0874000000000024,2.1861999999999995,1.8483,0.28239945,0.004368236235333334,99370.5,False,False,True,False
67.90903,-30.62601,19.9916,16.4545,12.5905,10.0068,8.9809,anomaly,3.537099999999999,3.863999999999999,2.5837000000000003,1.0259,0.3045713,0.002386903469604351,99368.5,False,False,False,True
35.23842,-49.96657,23.9262,24.191,21.7476,22.7335,21.1861,anomaly,-0.2647999999999975,2.4434000000000005,-0.9859000000000009,1.5473999999999997,0.1872986,0.02822823403366248,99364.5,False,False,True,False
87.52598,-30.65127,21.5993,16.9112,13.6487,10.7957,10.2537,anomaly,4.688099999999999,3.262500000000001,2.8529999999999998,0.5419999999999998,0.19968227,0.01999195895527428,99364.0,False,False,False,True
81.94634,-53.39284,20.6612,15.902,13.6919,11.369,10.6836,anomaly,4.759200000000002,2.210099999999999,2.3229000000000006,0.6853999999999996,0.27056515,0.0046354502092395,99362.5,False,False,False,True
63.73869,-46.28742,23.7658,23.5943,20.537,21.4427,20.047,anomaly,0.1714999999999982,3.0573000000000015,-0.9056999999999995,1.395699999999998,0.2681894,0.004667073973513514,99359.5,False,False,False,True
87.82127,-41.42543,23.8775,20.1236,17.9729,15.8274,14.4687,anomaly,3.7539000000000016,2.1507000000000005,2.1454999999999984,1.3587000000000007,0.23262122,0.00992805655978335,99358.5,True,False,False,False
7.11444,-59.56736,16.1814,15.6862,13.0824,13.9241,12.8307,anomaly,0.49520000000000053,2.6037999999999997,-0.8416999999999994,1.093399999999999,0.18435374,0.02920498231781654,99357.5,False,False,False,True
66.40452,-49.34026,23.6474,23.9313,21.1402,22.1196,20.8001,anomaly,-0.28389999999999915,2.7911,-0.9793999999999983,1.319499999999998,0.21356702,0.014933914846393614,99356.0,False,False,False,True
30.91469,-64.15981,16.2686,12.4227,8.6356,6.408,5.6243,anomaly,3.8458999999999985,3.7871000000000006,2.2276,0.7837000000000005,0.16960442,0.04985154690383531,99356.0,False,False,True,False
84.47702,-58.51727,18.6804,13.8451,10.3194,8.4833,6.4705,anomaly,4.835299999999998,3.5257000000000005,1.8361,2.0127999999999995,0.1722334,0.04309187141948567,99352.5,False,False,False,True
24.82602,-53.90786,16.4718,12.055,9.7971,7.5638,7.0962,anomaly,4.416800000000002,2.2578999999999994,2.2333000000000007,0.4676,0.16741322,0.05308037178575575,99351.5,False,False,False,True
53.98293,-52.89154,20.8954,15.9947,12.4067,10.4146,9.4452,anomaly,4.900699999999999,3.587999999999999,1.9921000000000006,0.9694000000000003,0.28215855,0.0029152543600133862,99346.5,False,False,False,True
88.37052,-47.15121,19.2266,14.4433,10.981,8.5763,6.8361,anomaly,4.7833000000000006,3.462300000000001,2.4047,1.7401999999999997,0.1949798,0.02038825174773773,99342.5,False,False,True,False
11.50521,-39.53249,23.1934,18.6511,16.5296,14.3954,12.9746,anomaly,4.542300000000001,2.121500000000001,2.134199999999998,1.4207999999999998,0.37147018,-0.004468524006998931,99342.0,False,False,True,False
68.6882,-54.91054,20.1322,15.5373,11.8767,9.4006,7.6788,anomaly,4.594900000000001,3.6606000000000005,2.476099999999999,1.7218000000000009,0.24550441,0.006109981088155525,99340.0,False,False,False,True
9.78239,-34.73128,20.2793,15.8723,13.9282,11.9213,10.3879,anomaly,4.407,1.9440999999999988,2.0069,1.5334000000000003,0.5037616,-0.009146517126252252,99339.0,False,False,True,False
29.75042,-32.37381,18.31,13.7268,10.045,8.2238,7.362,anomaly,4.583199999999998,3.681800000000001,1.8211999999999993,0.8618000000000006,0.21563171,0.012826163245702737,99337.5,False,False,False,True
58.18612,-48.37292,23.3598,23.6909,20.9621,21.9259,20.2924,anomaly,-0.3310999999999993,2.7287999999999997,-0.9637999999999991,1.633499999999998,0.24183668,0.006526407789183453,99335.5,False,False,False,True
44.08896,-33.99205,21.9999,18.2193,14.5893,12.0484,11.5206,anomaly,3.7805999999999997,3.630000000000001,2.540899999999999,0.5278000000000009,0.26566613,0.003531047047306335,99335.0,True,False,False,False
82.09552,-54.79432,21.3057,16.8126,13.1671,10.5702,8.905,anomaly,4.493100000000002,3.6455,2.5968999999999998,1.6652000000000005,0.22700766,0.008689597918503322,99332.0,False,False,True,False
63.73093,-30.14317,19.524,16.4743,14.2418,11.9601,10.8791,anomaly,3.0497000000000014,2.2325,2.281699999999999,1.0810000000000013,0.46649516,-0.008970612521882249,99332.0,False,False,False,True
69.86881,-63.97458,22.5069,19.4626,17.3712,14.9147,13.8867,anomaly,3.0443000000000033,2.0913999999999966,2.456500000000002,1.0280000000000005,0.37249592,-0.005074975871382725,99331.0,False,False,False,True
24.78476,-61.31654,23.648,20.2455,16.7284,14.1444,13.3892,anomaly,3.4025,3.5170999999999992,2.5840000000000014,0.7551999999999985,0.19890359,0.017618287912019914,99330.5,False,True,True,False
80.70206,-36.41882,20.5194,16.956,14.8949,13.7478,11.8814,anomaly,3.5634000000000015,2.0610999999999997,1.1471,1.8664000000000005,0.44580233,-0.008559888603794308,99328.5,False,False,False,True
82.05452,-46.60766,23.8534,20.2784,18.1662,16.3375,14.3929,anomaly,3.5749999999999993,2.1122000000000014,1.8287000000000013,1.9445999999999994,0.18908376,0.021598790249166444,99327.0,False,False,False,True
22.74192,-60.71522,20.8664,16.5749,14.165,11.1749,9.5617,anomaly,4.291499999999999,2.4099000000000004,2.9901,1.613199999999999,0.20051198,0.016299405080803853,99326.5,False,False,True,False
25.75607,-31.51349,16.0459,11.9666,9.6747,7.5518,6.9943,anomaly,4.0793,2.2919,2.1228999999999996,0.5575000000000001,0.16543528,0.05060743252809663,99323.0,False,False,True,False
85.59389,-59.77915,17.6619,13.1716,9.494,8.2162,6.9611,anomaly,4.4902999999999995,3.6776,1.2777999999999992,1.2551000000000005,0.21029064,0.013031109220431603,99322.5,False,False,False,True
15.7851,-46.79027,22.9426,18.553,14.8464,12.798,12.0819,anomaly,4.389599999999998,3.7066000000000017,2.048399999999999,0.7161000000000008,0.40085727,-0.006998135400098859,99322.5,False,False,False,True
57.04191,-62.26407,23.325,19.6643,15.9849,14.7819,13.9486,anomaly,3.6606999999999985,3.679400000000001,1.2029999999999994,0.8332999999999995,0.32715088,-0.002441927271784161,99322.0,False,False,False,True
85.28202,-43.14485,19.3098,15.943,13.9444,11.9244,10.6378,anomaly,3.3667999999999996,1.9985999999999997,2.0199999999999996,1.2866,0.5627231,-0.01087358774658087,99321.0,False,False,False,True
3.96686,-59.89517,22.0881,17.2503,14.1037,12.4337,11.8533,anomaly,4.837800000000001,3.1465999999999994,1.67,0.5803999999999991,0.3047692,-0.0007728511508533487,99319.5,False,True,False,False
87.61921,-57.611,23.0558,19.935,17.4457,14.6357,13.1859,anomaly,3.1208000000000027,2.4893,2.8099999999999987,1.4497999999999998,0.19186763,0.019624240456035946,99318.0,False,True,False,False
13.64376,-49.69627,18.7323,13.9941,10.514,8.4,6.5532,anomaly,4.738199999999999,3.4801,2.113999999999999,1.8468,0.17644793,0.029679519033663393,99312.0,False,True,False,False
36.05953,-59.37982,20.5606,15.7327,12.2727,10.5158,8.5268,anomaly,4.827900000000001,3.459999999999999,1.7569,1.9890000000000008,0.18253075,0.023592775229918428,99308.0,False,True,False,False
31.53194,-51.64785,17.8236,12.8137,10.1311,7.9802,6.7086,anomaly,5.009899999999998,2.6826000000000008,2.1509,1.2716000000000003,0.18389012,0.022082141466295502,99308.0,True,False,False,False
29.26963,-46.0544,22.844,18.3604,14.6165,13.4749,12.1816,anomaly,4.483600000000003,3.7438999999999982,1.1416000000000004,1.2933000000000003,0.33667257,-0.0044014151275765245,99307.5,False,False,False,True
16.08598,-64.98971,21.7844,17.9251,14.2186,11.3071,10.3799,anomaly,3.859300000000001,3.7065,2.9115,0.9272000000000009,0.20220526,0.014223492531036608,99305.5,True,False,False,False
63.15354,-62.36512,23.9142,20.7942,18.8051,16.0504,15.4864,anomaly,3.120000000000001,1.9891000000000005,2.7546999999999997,0.5640000000000001,0.19510701,0.017183842140484074,99303.0,False,False,True,False
85.44766,-62.1586,23.0653,18.1586,16.0711,14.9658,14.4044,anomaly,4.906700000000001,2.0874999999999986,1.1053000000000015,0.561399999999999,0.3460121,-0.00520638140489138,99302.5,False,False,False,True
38.24848,-39.28605,23.8653,24.2627,22.0979,22.895,21.9962,anomaly,-0.39739999999999753,2.1647999999999996,-0.7971000000000004,0.8987999999999978,0.18743055,0.020267712460485754,99301.5,False,False,False,True
58.14788,-62.35636,16.5652,16.4745,13.6496,14.563,13.5286,anomaly,0.09070000000000178,2.8248999999999995,-0.9134000000000011,1.0343999999999998,0.25702173,0.0026023022762330372,99301.5,False,False,True,False
4.47259,-56.17859,16.6049,12.7057,10.3669,8.5397,7.4478,anomaly,3.8992000000000004,2.338800000000001,1.8271999999999995,1.0918999999999999,0.25934222,0.0023184257050755663,99301.0,False,False,True,False
19.28194,-44.92588,19.2909,15.2397,11.4532,9.4216,8.7699,anomaly,4.0512000000000015,3.7864999999999984,2.031600000000001,0.6517,0.2972485,-0.0011870762280611347,99299.0,True,False,False,False
88.19331,-39.22422,21.9787,16.9678,14.5941,13.6046,12.7722,anomaly,5.0108999999999995,2.3737000000000013,0.9894999999999996,0.8323999999999998,0.25987783,0.0020543104518242483,99298.5,False,False,True,False
23.99488,-64.00495,21.9276,17.2294,14.7072,11.944,10.2224,anomaly,4.6982000000000035,2.522199999999998,2.7631999999999994,1.7216000000000005,0.20250274,0.01328674427690979,99297.5,False,False,False,True
14.1024,-52.62865,18.5959,14.3511,12.0616,10.2847,8.3424,anomaly,4.2448,2.2895000000000003,1.7768999999999995,1.9423000000000012,0.24424002,0.003610715519465124,99297.5,False,False,True,False
79.79238,-37.39933,17.2163,16.7914,13.8932,14.8351,12.766,anomaly,0.42490000000000094,2.898199999999999,-0.9419000000000004,2.0691000000000006,0.17530629,0.028168959245823966,99296.0,False,False,False,True
29.52369,-36.75784,17.5196,12.5412,9.1798,7.2703,5.3042,anomaly,4.978400000000001,3.3613999999999997,1.9095000000000004,1.9661,0.15954736,0.056035467863033483,99293.5,False,False,False,True
89.75522,-30.6818,23.8249,19.7117,16.1619,14.9535,13.7365,anomaly,4.113199999999999,3.549800000000001,1.2083999999999993,1.2170000000000005,0.24774657,0.002803166334767737,99291.0,False,True,False,False
61.82008,-51.35999,17.8456,13.364,11.2534,9.9979,9.4075,anomaly,4.4816,2.1106000000000016,1.2554999999999996,0.5903999999999989,0.21856193,0.007671293233245224,99290.0,False,False,False,True
40.06688,-53.71935,22.9882,18.2373,16.0906,13.9304,12.811,anomaly,4.750899999999998,2.1467000000000027,2.160199999999998,1.1194000000000006,0.41543445,-0.01026262647479248,99286.0,False,False,False,True
16.65381,-32.18057,17.7296,13.8822,10.0549,8.6844,6.8365,anomaly,3.847400000000002,3.8272999999999993,1.3704999999999998,1.8479,0.19251987,0.016914948165598354,99285.0,False,False,False,True
56.19646,-64.47303,16.1326,11.8515,9.2895,6.934,5.3876,anomaly,4.2811,2.5619999999999994,2.3555,1.5464000000000002,0.15894279,0.05416683003739231,99283.5,False,False,False,True
23.67198,-64.19412,18.0513,14.3472,12.0113,9.4943,7.9913,anomaly,3.7041000000000004,2.3359000000000005,2.5169999999999995,1.503000000000001,0.26842403,3.416600219541266e-05,99283.5,True,False,True,False
6.14402,-58.43864,18.8188,14.7789,12.3571,9.4072,7.9271,anomaly,4.039899999999999,2.4217999999999993,2.9499000000000013,1.4800999999999993,0.19177988,0.01701819063927068,99282.5,False,False,True,False
20.99165,-38.94767,16.7066,13.328,10.9159,9.0936,7.8191,anomaly,3.3786000000000023,2.412099999999999,1.8223000000000003,1.2745000000000006,0.28368253,-0.0011440777760632903,99282.0,False,False,False,True
12.96847,-62.52016,17.297,13.8936,10.504,9.3635,8.6003,anomaly,3.4034000000000013,3.3895999999999997,1.1404999999999994,0.7631999999999994,0.21429498,0.008192627629504567,99278.5,False,False,False,True
42.36538,-45.88213,22.7769,19.5702,15.875,13.4314,12.6223,anomaly,3.2067000000000014,3.6952,2.4436,0.8091000000000008,0.28150332,-0.0011099231521468633,99278.5,False,True,False,False
26.48039,-38.45576,18.2249,14.8972,11.229,8.9189,7.3942,anomaly,3.327700000000002,3.6682000000000006,2.3100999999999985,1.524700000000001,0.2294757,0.004370960061291784,99275.0,False,False,False,True
33.01759,-36.80818,22.682,19.4296,15.7377,13.2498,12.5523,anomaly,3.252399999999998,3.6919000000000004,2.4879,0.6974999999999998,0.2972227,-0.003372406978383591,99274.5,False,False,False,True
13.36328,-53.76575,17.9652,13.9339,11.7162,9.3716,8.5247,anomaly,4.0313,2.217699999999999,2.3446,0.8469000000000015,0.28720894,-0.0020783112764759526,99273.5,False,False,False,True
44.60254,-62.99404,23.2565,18.5007,15.0207,12.6504,11.4548,anomaly,4.755800000000001,3.4799999999999986,2.3703000000000003,1.1955999999999989,0.2369488,0.0033357436206558067,99273.0,False,False,False,True
2.6806,-38.57504,21.9148,17.1009,13.6292,11.1663,10.1607,anomaly,4.8139,3.4716999999999985,2.462900000000001,1.0055999999999994,0.22892608,0.004037875593975726,99267.5,False,False,False,True
62.40104,-58.19331,17.1115,14.0321,10.7939,9.4094,8.023,anomaly,3.0793999999999997,3.238199999999999,1.384500000000001,1.3864,0.22400196,0.0047575105041745,99266.5,False,False,False,True
89.89024,-41.51562,22.5229,17.8019,15.2963,12.7469,12.1877,anomaly,4.721,2.5055999999999994,2.5494000000000003,0.5592000000000006,0.24838246,0.0014067220104387879,99266.5,False,False,False,True
28.22191,-30.79523,17.1817,13.9185,10.3375,8.7343,7.463,anomaly,3.2631999999999994,3.5809999999999995,1.603200000000001,1.2712999999999992,0.24620324,0.0016138959784507412,99265.0,False,False,False,True
89.81031,-59.70724,17.7574,13.9071,10.1448,8.2927,6.4454,anomaly,3.8503000000000007,3.7622999999999998,1.8521,1.8472999999999997,0.20376238,0.010039722149875363,99264.5,False,False,False,True
71.88613,-30.17252,23.3595,19.0663,16.9431,15.3407,13.5855,anomaly,4.293200000000002,2.123199999999997,1.6024000000000012,1.7552000000000003,0.22494963,0.004474317348216461,99263.5,False,False,False,True
57.18173,-55.77653,21.6509,17.2425,13.6471,12.566,11.9418,anomaly,4.4084,3.5953999999999997,1.0810999999999993,0.6242000000000001,0.29399005,-0.0038293010054425425,99262.5,False,False,False,True
8.9519,-49.44463,21.7551,18.0375,15.9702,13.2116,11.9329,anomaly,3.7175999999999974,2.0673000000000012,2.7585999999999995,1.2787000000000006,0.43860143,-0.012211423866341553,99261.0,False,False,False,True
84.05255,-45.70768,19.0904,15.9482,13.5649,12.3589,10.4398,anomaly,3.142199999999999,2.3833,1.2059999999999995,1.9191000000000003,0.25064853,0.0005102820054109225,99261.0,False,False,False,True
46.59965,-45.89329,18.5761,15.2835,12.9623,11.8184,10.3713,anomaly,3.2926,2.3211999999999993,1.1439000000000004,1.4471000000000007,0.39398018,-0.010841821166613808,99259.0,False,False,False,True
51.36272,-44.6349,21.499,17.0235,13.3244,12.0268,10.2559,anomaly,4.4755,3.699099999999998,1.297600000000001,1.7708999999999993,0.2270919,0.0036532968086943063,99257.5,False,False,False,True
84.15529,-37.52862,16.1318,11.1529,8.5104,7.4858,6.4158,anomaly,4.978899999999998,2.6425,1.0246000000000004,1.0700000000000003,0.15404241,0.08370411599761418,99256.0,False,True,False,False
12.40002,-54.8617,17.6004,14.216,10.5826,8.2282,6.5626,anomaly,3.384400000000001,3.6334,2.3544,1.6655999999999995,0.20378977,0.008700542351027352,99250.0,False,True,False,False
17.66111,-42.44068,23.7153,24.4391,25.3853,25.6183,25.7017,anomaly,-0.7238000000000007,-0.946200000000001,-0.23300000000000054,-0.08339999999999748,0.16490443,0.033471979220333736,99248.5,False,False,False,True
60.4226,-46.90267,18.8981,15.735,13.1035,10.8685,8.9609,anomaly,3.1631,2.631499999999999,2.235000000000001,1.9075999999999986,0.19570784,0.012141143809966892,99247.0,False,False,False,True
87.5509,-49.52894,23.7296,19.4272,15.8587,13.4994,12.1052,anomaly,4.302400000000002,3.5684999999999985,2.359300000000001,1.3941999999999997,0.20081614,0.009512741607948128,99245.5,True,False,False,False
47.17015,-31.12604,18.7734,15.0785,11.4428,8.4184,6.5578,anomaly,3.6948999999999987,3.6357,3.0244,1.8605999999999998,0.15935293,0.040790986193079304,99241.5,True,False,False,False
87.56307,-32.06869,21.383,16.798,13.2977,10.5412,8.784,anomaly,4.585000000000001,3.5002999999999975,2.756500000000001,1.7571999999999992,0.19214807,0.01318005171455483,99241.5,False,False,True,False
58.57186,-34.6159,23.7442,24.1452,21.4479,22.3773,21.2576,anomaly,-0.4009999999999998,2.6972999999999985,-0.9294000000000011,1.1197000000000017,0.18651028,0.015534218625875895,99241.0,False,False,False,True
79.59459,-62.80489,16.6958,13.1323,9.3877,6.8415,5.6077,anomaly,3.5634999999999977,3.7446,2.5462000000000007,1.2337999999999996,0.16642213,0.03046644754837713,99241.0,False,False,False,True
37.4339,-36.8107,17.93,13.3329,9.6541,7.1693,6.2455,anomaly,4.597099999999999,3.6788000000000007,2.4848,0.9238,0.17692444,0.020191378543076732,99241.0,True,False,False,False
11.14998,-45.26704,23.1305,18.9787,15.225,13.6575,12.1915,anomaly,4.1518000000000015,3.7537000000000003,1.567499999999999,1.466000000000001,0.30870265,-0.006460083851952736,99240.5,False,False,False,True
32.64027,-40.82851,23.791,24.2111,21.2038,21.9466,20.588,anomaly,-0.4200999999999979,3.007299999999997,-0.742799999999999,1.3585999999999991,0.17624623,0.020350936576335465,99239.5,False,False,False,True
27.75532,-51.44692,16.4529,12.4342,10.1102,8.6819,7.8551,anomaly,4.018699999999999,2.324,1.4283000000000001,0.8268000000000004,0.18256724,0.017231762330547795,99239.5,False,False,True,False
16.56365,-37.18352,23.2983,19.0561,15.4586,13.7855,12.1174,anomaly,4.2422,3.5975,1.6730999999999998,1.6681000000000008,0.24247628,3.97510565475212e-05,99236.0,False,False,True,False
72.7555,-39.72854,20.3966,15.5146,13.1012,10.9405,10.1719,anomaly,4.882,2.4133999999999993,2.1607000000000003,0.7685999999999993,0.2062791,0.007340404300288483,99234.0,False,False,False,True
85.22725,-44.19548,18.2996,14.8687,11.127,9.5393,8.2223,anomaly,3.430900000000001,3.7417,1.5877,1.3170000000000002,0.2893034,-0.004989610593395644,99233.5,False,True,False,False
56.9825,-62.25876,21.598,18.1807,15.8282,12.9436,11.3263,anomaly,3.4172999999999973,2.352500000000001,2.8846000000000007,1.6173000000000002,0.22624251,0.002191610603773264,99230.0,False,True,True,False
64.65675,-50.65666,17.6812,14.0695,10.369,8.0692,6.4148,anomaly,3.611700000000001,3.7005,2.2997999999999994,1.6544000000000008,0.20374429,0.007479617923267012,99227.0,False,False,False,True
48.88899,-35.86834,21.7036,17.3981,15.2923,13.6932,11.8617,anomaly,4.305500000000002,2.1058000000000003,1.5991,1.8314999999999984,0.30429178,-0.006825099661274869,99227.0,False,False,True,False
48.83662,-34.65357,19.8387,14.9189,12.4663,10.2615,9.3205,anomaly,4.919799999999999,2.4526000000000003,2.2048000000000005,0.9410000000000007,0.23592176,0.0005350292509024301,99226.0,False,False,False,True
27.41721,-30.46027,21.7824,16.8707,13.4266,12.0308,10.7667,anomaly,4.9117,3.444099999999999,1.3958000000000013,1.2640999999999991,0.21655965,0.004154686441194988,99225.5,False,False,False,True
18.55991,-30.48426,17.371,14.3702,11.4153,9.382,7.8403,anomaly,3.000799999999998,2.9549000000000003,2.0333000000000006,1.5416999999999996,0.21814752,0.0035395803373453605,99225.5,False,False,False,True
59.34309,-63.93124,22.8172,18.1,14.6319,12.6276,10.9474,anomaly,4.717199999999998,3.4681000000000015,2.0043000000000006,1.6801999999999992,0.2377597,0.0001402976127533595,99224.5,False,False,False,True
55.32021,-38.95625,23.5601,18.6912,15.6353,14.1395,13.4535,anomaly,4.8689,3.0558999999999976,1.495800000000001,0.6859999999999999,0.2257031,0.0019242706538640242,99221.5,True,False,False,False
87.85691,-62.90582,21.9292,17.0011,14.5968,12.9031,11.7948,anomaly,4.928100000000001,2.404300000000001,1.6936999999999998,1.1082999999999998,0.27800527,-0.0048560537749529065,99221.5,False,False,False,True
78.59986,-63.57557,16.1512,11.7906,9.1531,6.2663,4.5382,anomaly,4.3606,2.6374999999999993,2.8868,1.7281000000000004,0.14969143,0.08828288984889898,99220.0,False,False,False,True
86.56679,-43.5719,21.6795,16.8628,13.3765,12.2948,11.1866,anomaly,4.816700000000001,3.4863,1.0816999999999997,1.1082,0.19970526,0.008156974046822474,99219.5,False,False,False,True
32.58428,-50.22998,20.2058,16.5274,14.2545,11.546,10.2796,anomaly,3.6784,2.2729,2.708500000000001,1.266399999999999,0.30231673,-0.007168836351677976,99218.5,False,False,False,True
30.24929,-36.00127,22.468,18.0446,15.9262,13.6558,12.5234,anomaly,4.423400000000001,2.1183999999999994,2.2704000000000004,1.1323999999999987,0.38440606,-0.012780719989136213,99218.5,False,False,False,True
88.10948,-38.43927,19.4765,15.6793,13.5277,11.346,9.6149,anomaly,3.797200000000002,2.1516,2.1816999999999993,1.7310999999999996,0.33311826,-0.009822122238636322,99218.0,False,False,False,True
61.63483,-37.6336,23.8008,24.1102,22.5962,23.046,21.1345,anomaly,-0.3094000000000001,1.5139999999999993,-0.44979999999999976,1.9115000000000002,0.1690119,0.023306757464145345,99216.5,True,False,False,False
33.16737,-34.74746,16.2774,11.357,8.5024,6.2266,5.1525,anomaly,4.920400000000001,2.8545999999999996,2.2757999999999994,1.0741000000000005,0.14945538,0.08830420235612413,99215.0,False,False,False,True
31.77336,-45.43534,17.4333,12.6259,9.0808,7.5964,6.1477,anomaly,4.8073999999999995,3.5450999999999997,1.4844,1.4486999999999997,0.16157617,0.032963172230257576,99214.0,True,False,True,False
84.71956,-40.789,19.1798,15.6192,13.3907,11.8721,10.1191,anomaly,3.560600000000001,2.2284999999999986,1.518600000000001,1.7530000000000001,0.31427637,-0.008825357336878503,99214.0,False,False,False,True
2.82776,-59.09198,23.5651,23.9168,21.8811,22.7475,21.9245,anomaly,-0.35169999999999746,2.0356999999999985,-0.8663999999999987,0.8230000000000004,0.22669598,0.0011358772388637695,99213.5,False,True,False,False
11.83511,-37.68677,16.8308,13.2615,9.5935,7.8847,6.5288,anomaly,3.5693,3.6679999999999993,1.708800000000001,1.3558999999999992,0.19627318,0.008903149950060807,99213.0,False,True,False,False
69.30881,-45.59447,23.3478,19.1177,15.3957,13.3279,11.9594,anomaly,4.2301,3.7219999999999995,2.0678,1.3684999999999992,0.2591397,-0.0036460023368137806,99212.5,False,False,False,True
87.03022,-30.88923,18.9514,15.5615,13.0946,10.5841,9.1704,anomaly,3.389899999999999,2.4669000000000008,2.5105000000000004,1.4136999999999986,0.2497736,-0.0026174640718896747,99211.5,False,False,False,True
71.22116,-57.24191,23.9432,24.3554,22.7855,23.1967,21.8014,anomaly,-0.41219999999999857,1.5699000000000005,-0.4112000000000009,1.3952999999999989,0.18101041,0.015401041094014523,99209.5,False,False,False,True
84.27441,-33.12983,21.8183,18.7147,15.3662,12.8203,12.3531,anomaly,3.1036,3.3485000000000014,2.5458999999999996,0.46720000000000006,0.20911986,0.0045738408362607785,99207.0,False,False,False,True
33.91898,-43.09929,21.2015,16.419,14.1036,11.794,11.0063,anomaly,4.782499999999999,2.3154000000000003,2.3095999999999997,0.787700000000001,0.23913595,-0.0011511006393830625,99204.0,False,False,False,True
32.68732,-51.21961,21.7406,18.5995,14.8374,12.6725,11.8197,anomaly,3.1411000000000016,3.7620999999999984,2.164900000000001,0.8528000000000002,0.35916296,-0.012376068572714782,99199.0,False,False,False,True
52.79011,-45.49622,18.8827,15.5732,11.9645,10.0845,9.2754,anomaly,3.3095,3.6087000000000007,1.879999999999999,0.8091000000000008,0.26848182,-0.005651322157774863,99198.5,False,False,False,True
77.3612,-42.17499,21.4052,16.7616,13.3697,10.6586,10.0091,anomaly,4.643599999999999,3.3919000000000015,2.7111,0.6494999999999997,0.18355055,0.013235870616813528,99197.0,False,False,False,True
70.05463,-32.25929,22.0501,17.6271,13.9362,11.7175,10.853,anomaly,4.423000000000002,3.690899999999999,2.2187,0.8644999999999996,0.281948,-0.007073200862111162,99192.5,False,False,True,False
38.75206,-43.76297,19.7219,14.9888,11.4091,10.11,9.0661,anomaly,4.733100000000002,3.579699999999999,1.299100000000001,1.043899999999999,0.22724141,-0.0004026636841314435,99192.0,False,False,True,False
0.65995,-62.26557,19.3826,15.2684,12.8249,9.9117,8.3853,anomaly,4.1142,2.4435000000000002,2.9132,1.5263999999999989,0.17770754,0.015815111288236205,99191.5,True,False,False,False
67.12845,-39.51469,19.9285,15.4476,13.2944,11.1726,10.1118,anomaly,4.4809,2.1532,2.1218000000000004,1.0607999999999986,0.33212197,-0.011375167920254614,99189.5,False,False,False,True
7.43516,-34.28683,17.7201,13.6355,11.2096,8.5201,7.1197,anomaly,4.084599999999998,2.4259000000000004,2.6895000000000007,1.4003999999999994,0.19784677,0.00642590116819064,99187.0,False,False,False,True
24.66251,-50.66557,20.7578,16.0071,13.4398,10.5707,9.677,anomaly,4.750699999999998,2.5673000000000012,2.8690999999999995,0.8937000000000008,0.18997014,0.009551351851939893,99187.0,False,True,False,False
23.81654,-33.69298,19.328,16.0168,12.59,11.3626,10.7517,anomaly,3.3111999999999995,3.4268,1.2273999999999994,0.6109000000000009,0.26542914,-0.006013042141706948,99185.5,False,False,False,True
15.6637,-51.3648,22.0219,18.7607,16.5846,13.6138,12.7251,anomaly,3.2611999999999988,2.1761000000000017,2.9707999999999988,0.8887,0.26728258,-0.006491682753542727,99182.0,False,True,False,False
63.0094,-40.73478,22.7017,18.1952,14.7988,12.1453,11.4788,anomaly,4.506499999999999,3.3964,2.6534999999999993,0.666500000000001,0.21396275,0.002048556400163437,99180.5,False,False,False,True
86.02987,-38.6406,19.4096,14.8269,11.1313,8.9853,8.021,anomaly,4.582700000000001,3.6956000000000007,2.145999999999999,0.9642999999999997,0.25429428,-0.0053609095938702556,99180.0,False,False,False,True
66.54353,-33.12549,18.3361,13.4901,9.9924,7.9493,6.5572,anomaly,4.845999999999998,3.4977,2.0431,1.3921000000000001,0.17184487,0.017972368407206063,99178.5,False,False,False,True
1.48069,-57.97104,22.2546,18.0686,15.9536,14.7942,13.0275,anomaly,4.186,2.115,1.1593999999999998,1.7667000000000002,0.3063435,-0.010451615254778335,99177.5,False,False,False,True
59.29167,-46.82688,18.766,15.5667,12.9203,11.6364,9.8588,anomaly,3.1992999999999974,2.6464000000000016,1.2838999999999992,1.7775999999999996,0.24529235,-0.004537180572499966,99177.5,False,False,False,True
55.55741,-40.43011,20.8562,16.3155,12.6995,11.3062,9.3374,anomaly,4.540700000000001,3.6159999999999997,1.3933,1.9687999999999999,0.17946906,0.013863517085593746,99177.0,False,True,False,False
58.28061,-45.15252,21.4302,16.6152,14.3138,12.9838,11.7922,anomaly,4.814999999999998,2.301400000000001,1.33,1.191600000000001,0.29752383,-0.010416515066874243,99168.5,False,False,False,True
6.82044,-62.19441,21.6645,18.314,15.9484,13.0498,11.5883,anomaly,3.3505000000000003,2.3656000000000006,2.8986,1.4614999999999991,0.23875162,-0.004053470725381536,99168.5,False,False,False,True
50.66437,-43.20258,23.4423,18.5307,15.6518,13.9273,13.2777,anomaly,4.9116,2.8789,1.724499999999999,0.6496000000000013,0.23431142,-0.0035162291078933983,99164.5,False,False,False,True
76.80862,-33.0347,22.1234,18.6992,14.831,12.9496,11.9834,anomaly,3.424199999999999,3.8682000000000016,1.8813999999999993,0.9662000000000006,0.36530778,-0.014580879775059397,99163.0,False,True,False,False
76.57877,-60.46399,18.9184,14.2454,10.7122,9.5526,7.9333,anomaly,4.672999999999998,3.533200000000001,1.1595999999999993,1.6193,0.17206907,0.01663496923804142,99162.0,False,False,False,True
43.82825,-51.54682,22.5004,17.9891,15.6647,13.1839,11.6787,anomaly,4.5112999999999985,2.3244000000000007,2.4808000000000003,1.5052000000000003,0.24681541,-0.005444714364650882,99162.0,False,False,False,True
66.65754,-47.33686,19.3477,16.2743,12.9022,9.9938,8.6504,anomaly,3.0733999999999995,3.3720999999999997,2.9084000000000003,1.3434000000000008,0.16841933,0.01885694297993057,99161.5,False,False,True,False
70.49355,-56.84003,20.0613,16.9167,14.4077,12.3494,10.4733,anomaly,3.1446000000000005,2.5089999999999986,2.058300000000001,1.8760999999999992,0.2249563,-0.0020562042829809224,99159.0,False,False,False,True
88.18916,-37.69061,23.1728,18.6257,15.0945,12.9507,12.1473,anomaly,4.5471,3.5311999999999983,2.1438000000000006,0.8033999999999999,0.2828463,-0.009490228694281733,99158.5,False,True,False,False
85.18271,-43.9806,22.276,17.5364,14.7468,13.3717,12.8471,anomaly,4.739599999999999,2.7896,1.3750999999999998,0.5246000000000013,0.26252714,-0.007578528052482714,99158.0,False,False,True,False
44.82821,-61.80801,16.6884,12.3289,9.7318,8.3945,6.6272,anomaly,4.359500000000001,2.597100000000001,1.337299999999999,1.7673000000000005,0.15745455,0.029147732840983043,99157.5,False,False,False,True
83.16938,-61.0631,19.3999,15.7241,12.0191,9.1492,7.9317,anomaly,3.675799999999999,3.705,2.8698999999999995,1.2175000000000002,0.17545243,0.014064276203448633,99156.0,False,False,True,False
8.61022,-62.97661,19.5475,15.5421,11.7716,10.6999,9.58,anomaly,4.0054,3.7705,1.0716999999999999,1.1198999999999995,0.23445411,-0.0042034929024150625,99156.0,False,True,False,False
46.12311,-43.86134,16.3831,11.9336,8.1736,6.0715,4.7692,anomaly,4.449499999999999,3.76,2.1021,1.3023000000000007,0.145191,0.07302986046668947,99154.0,False,False,False,True
52.6795,-59.20907,20.5397,17.4817,15.0339,12.0151,11.2703,anomaly,3.058,2.447800000000001,3.018799999999999,0.7447999999999997,0.19246274,0.005891183446883774,99151.5,False,False,False,True
49.36019,-54.66592,19.0537,16.0459,12.9056,10.0591,8.9144,anomaly,3.0077999999999996,3.1403,2.846499999999999,1.1447000000000003,0.18172388,0.010042812807201651,99151.0,False,False,True,False
55.25226,-42.53854,21.8207,16.9191,13.8205,12.387,11.7244,anomaly,4.901599999999998,3.098600000000001,1.4334999999999987,0.6626000000000012,0.21150596,0.00050950716396303,99151.0,False,False,False,True
16.50778,-48.69881,18.2723,13.555,10.0421,7.36,6.6592,anomaly,4.717300000000002,3.5129,2.6820999999999993,0.7008000000000001,0.15540639,0.0325318433728522,99150.0,False,False,True,False
18.78,-61.13138,17.4625,13.7275,9.951,8.1054,6.7182,anomaly,3.7349999999999994,3.7764999999999986,1.845600000000001,1.387199999999999,0.2346575,-0.00477297082071837,99147.0,False,False,False,True
57.25359,-61.66411,22.6971,18.5288,14.8365,13.7312,12.2998,anomaly,4.168299999999999,3.6923000000000012,1.1052999999999997,1.4314,0.26182348,-0.008374350079787818,99146.0,False,False,True,False
73.01809,-56.69526,16.1537,11.8248,8.0611,6.1552,4.5466,anomaly,4.328900000000001,3.7637,1.9059,1.6086,0.14417738,0.08427129058091043,99145.0,False,False,False,True
14.81972,-61.65417,16.2795,12.1309,8.4939,7.1374,6.183,anomaly,4.148599999999998,3.6370000000000005,1.3564999999999996,0.9544000000000006,0.14872026,0.04668729529466409,99143.0,False,False,False,True
32.10181,-55.01639,21.7307,18.3242,15.8941,12.8983,11.3675,anomaly,3.4064999999999976,2.4301000000000013,2.995799999999999,1.530800000000001,0.19610827,0.0038543590884363432,99138.5,False,False,True,False
5.38716,-52.12401,17.4162,12.4235,9.085,6.5803,5.8331,anomaly,4.992699999999999,3.3385,2.5047000000000006,0.7472000000000003,0.14607725,0.052937949481780766,99135.0,False,False,False,True
0.70003,-33.23703,19.004,15.0574,11.278,9.718,8.745,anomaly,3.946600000000002,3.779399999999999,1.5600000000000005,0.9730000000000008,0.29061148,-0.011331484955232729,99135.0,False,False,False,True
52.02081,-38.39545,22.5658,19.065,15.4524,14.374,12.5475,anomaly,3.500799999999998,3.6126000000000005,1.0784000000000002,1.8265000000000011,0.18437022,0.0077833316693287635,99135.0,False,False,False,True
33.34598,-37.45335,17.4388,17.7012,14.7825,15.7921,14.8699,anomaly,-0.2623999999999995,2.9186999999999994,-1.009599999999999,0.9222000000000001,0.36979342,-0.016799446696284748,99134.5,False,True,False,False
39.04177,-35.16915,22.9483,23.2488,20.5093,21.487,19.8761,anomaly,-0.30049999999999955,2.7394999999999996,-0.9776999999999987,1.6108999999999973,0.23264138,-0.005184238847232514,99134.0,False,False,False,True
87.50578,-38.92742,15.976,11.3037,8.701,7.0332,5.5881,anomaly,4.672300000000002,2.6026999999999987,1.6678000000000006,1.4451,0.14442553,0.06622424157746765,99134.0,False,True,False,False
85.49153,-51.63927,20.2565,16.1538,13.9266,11.5431,10.1794,anomaly,4.102699999999999,2.2272,2.3834999999999997,1.3637000000000015,0.30427334,-0.012615467435361238,99132.0,False,False,False,True
33.28664,-43.48689,19.8138,15.7716,12.449,11.4243,10.903,anomaly,4.042200000000001,3.3225999999999996,1.0246999999999993,0.5213000000000001,0.20284928,0.001452010255387215,99131.0,False,False,False,True
87.32746,-64.09482,20.5411,16.8023,14.5666,11.9284,10.5923,anomaly,3.7388000000000012,2.2356999999999996,2.6381999999999994,1.3361,0.31576258,-0.013479545842534302,99130.0,False,False,True,False
31.17504,-41.14416,23.9152,20.8666,17.5257,15.73,14.339,anomaly,3.0486000000000004,3.3408999999999978,1.7957,1.391,0.16352117,0.019390576474646815,99126.5,False,True,False,False
12.53783,-60.2808,17.2194,13.4477,9.7854,7.6737,5.8371,anomaly,3.771700000000001,3.6623,2.111699999999999,1.8365999999999998,0.16570015,0.017548750266518365,99124.0,False,False,False,True
23.50124,-37.57668,16.5671,12.4051,8.6932,6.245,4.3758,anomaly,4.162000000000001,3.7119,2.448199999999999,1.8692000000000002,0.14325792,0.07498509512209628,99122.0,False,False,False,True
6.10361,-31.65641,20.1436,15.2122,12.6456,11.3209,9.652,anomaly,4.9314,2.5665999999999993,1.3247,1.6689000000000007,0.18993363,0.004568437820577809,99118.0,False,False,True,False
9.36699,-42.49844,20.3387,16.0106,13.6845,11.2118,9.3852,anomaly,4.328099999999999,2.3261000000000003,2.4726999999999997,1.826600000000001,0.20858005,-0.0007510668403997167,99117.0,False,False,False,True
75.2617,-40.64892,21.2453,17.5745,15.3842,12.5376,11.6787,anomaly,3.6708,2.1903000000000006,2.8466000000000005,0.8589000000000002,0.27586797,-0.011478607270045127,99115.0,True,False,False,False
69.77428,-46.41124,18.3091,15.1869,11.8399,9.3076,8.1092,anomaly,3.122200000000001,3.3469999999999995,2.5322999999999993,1.1984000000000012,0.17787117,0.009139525809777282,99112.5,False,False,False,True
2.55826,-35.90045,19.1112,15.9063,12.3865,10.8975,9.2852,anomaly,3.2049000000000003,3.5198,1.488999999999999,1.6123000000000012,0.2445635,-0.008800463353074495,99112.5,False,False,False,True
28.86812,-41.50402,21.6735,17.3619,15.0253,12.4027,10.7212,anomaly,4.311600000000002,2.336599999999999,2.6226000000000003,1.6814999999999998,0.20590782,-0.0004704515246182206,99111.5,False,False,False,True
43.0176,-61.66118,17.5589,13.2996,9.5956,7.9902,6.6157,anomaly,4.259300000000001,3.7040000000000006,1.6053999999999995,1.3744999999999994,0.18473594,0.005818119467585037,99111.0,False,True,False,False
41.27587,-60.38178,21.6183,18.4304,14.6401,12.8211,11.6431,anomaly,3.1879000000000026,3.7902999999999984,1.8190000000000008,1.177999999999999,0.33880985,-0.016256930651782353,99110.5,False,True,True,False
4.55952,-39.15803,23.7777,18.7976,16.342,15.2536,14.4478,anomaly,4.9801,2.4556000000000004,1.0883999999999983,0.8057999999999996,0.1751921,0.009966079135793171,99109.5,False,False,False,True
33.80338,-60.89604,22.9449,18.7786,15.0987,13.963,13.2213,anomaly,4.1663,3.6799000000000017,1.1357,0.7416999999999998,0.31536877,-0.01462229263351189,99108.5,False,False,False,True
82.75072,-59.99532,17.1062,12.1255,9.234,7.0459,5.9958,anomaly,4.980700000000001,2.8915000000000006,2.1881000000000004,1.0500999999999996,0.14833936,0.03804605150881546,99104.0,False,True,False,False
68.23792,-58.52035,21.9515,18.8298,15.1335,13.1513,12.326,anomaly,3.1217000000000006,3.696299999999999,1.9821999999999989,0.8253000000000004,0.35460535,-0.017857179828276948,99101.5,False,False,False,True
3.07736,-30.43062,16.8117,16.8256,13.7268,14.6422,12.6031,anomaly,-0.013900000000003132,3.0988000000000007,-0.9154,2.0391000000000012,0.15417278,0.027250930889262226,99100.5,False,True,False,False
18.83893,-46.68746,23.6008,18.8923,15.9456,13.1645,11.7308,anomaly,4.708500000000001,2.946699999999998,2.7811000000000003,1.4337,0.16293892,0.017488864417074756,99098.0,False,False,True,False
6.02619,-32.70537,16.7791,17.2892,14.279,15.1036,13.4973,anomaly,-0.5101000000000013,3.010200000000001,-0.8246000000000002,1.606300000000001,0.19272938,0.0023736346324955138,99095.0,False,False,False,True
86.19395,-64.9806,18.4282,14.1864,11.9102,9.6187,8.4196,anomaly,4.2418,2.276200000000001,2.291499999999999,1.1990999999999996,0.24730958,-0.010442060795749275,99090.0,False,False,False,True
30.53134,-32.92106,19.1232,15.6812,13.3392,11.9426,10.2709,anomaly,3.442,2.3420000000000005,1.3965999999999994,1.6717000000000013,0.27914196,-0.012949975795215063,99089.5,False,False,False,True
29.3385,-60.53456,22.0601,18.0993,16.1154,13.8401,13.1394,anomaly,3.960799999999999,1.9838999999999984,2.2753000000000014,0.7006999999999994,0.24459477,-0.010430911071918625,99086.5,False,False,False,True
25.91807,-32.97387,17.858,13.994,11.7603,9.7535,8.3088,anomaly,3.8640000000000008,2.233699999999999,2.0068,1.444700000000001,0.3046808,-0.015162021613075338,99086.0,False,False,False,True
36.89394,-38.81584,17.2727,14.0102,11.4507,10.2484,9.0034,anomaly,3.262500000000001,2.5595,1.2022999999999993,1.245000000000001,0.243023,-0.010499464659416646,99078.0,False,False,False,True
86.41646,-60.62288,20.7361,16.3598,14.3887,13.0574,12.1295,anomaly,4.3763000000000005,1.9710999999999999,1.3313000000000006,0.9278999999999993,0.38337418,-0.021415569443989257,99072.5,True,False,False,False
41.34824,-61.26689,18.8099,15.3879,11.7715,10.121,8.3983,anomaly,3.421999999999999,3.6164000000000005,1.6504999999999992,1.7226999999999997,0.21785359,-0.006396318302791748,99071.5,False,False,False,True
31.6694,-33.40218,20.7334,17.6427,15.5634,13.5046,12.3539,anomaly,3.0906999999999982,2.0793000000000017,2.0587999999999997,1.1507000000000005,0.5177019,-0.025413689871246925,99071.5,False,True,True,False
27.39595,-58.39165,18.2144,15.0361,12.4231,11.0856,9.4069,anomaly,3.178300000000002,2.6129999999999995,1.3375000000000004,1.6786999999999992,0.23923132,-0.010453418557553329,99071.0,False,False,False,True
36.81302,-37.93046,19.5479,16.0446,13.9068,12.9052,11.6859,anomaly,3.5032999999999994,2.1377999999999986,1.0015999999999998,1.2193000000000005,0.50868493,-0.02535275188693986,99070.5,False,False,False,True
81.11099,-32.23376,20.2293,16.46,12.6908,10.1009,8.734,anomaly,3.7692999999999977,3.7692000000000014,2.5899,1.3668999999999993,0.20435001,-0.003467559899711037,99069.0,False,False,True,False
87.98259,-57.64914,20.3506,17.055,13.5452,12.5758,11.3133,anomaly,3.2956000000000003,3.5098000000000003,0.9694000000000003,1.2624999999999993,0.22998081,-0.009362716926155867,99068.0,False,True,False,False
33.59455,-52.4296,22.3884,18.8346,15.1015,12.5512,11.1927,anomaly,3.5538000000000025,3.7330999999999985,2.5503,1.3584999999999994,0.19664843,-0.0008749144660694652,99065.0,False,True,False,False
17.20711,-42.3031,17.0384,13.6855,11.1895,9.5155,8.2817,anomaly,3.3529,2.4959999999999987,1.6740000000000013,1.2337999999999987,0.22960615,-0.009431497302085257,99065.0,False,False,False,True
38.72873,-60.42725,16.2195,15.8958,13.7921,14.6947,13.7132,anomaly,0.32370000000000054,2.1037,-0.9025999999999996,0.9814999999999987,0.17403546,0.007243268959523874,99064.0,True,False,False,False
20.96639,-48.22122,16.528,16.8248,14.1674,15.1664,13.7891,anomaly,-0.29680000000000106,2.657399999999999,-0.9989999999999988,1.3773,0.22422428,-0.008526198573076904,99063.0,False,True,False,False
78.23461,-60.4785,16.1987,15.7825,12.996,13.6874,12.7218,anomaly,0.4161999999999981,2.7865,-0.6913999999999998,0.9656000000000002,0.15136166,0.0251675045443307,99062.5,False,False,False,True
16.97244,-60.42898,23.501,20.2783,18.2659,15.4698,14.9494,anomaly,3.2226999999999997,2.012400000000003,2.796099999999999,0.5203999999999986,0.17938422,0.004688427132534256,99062.0,False,True,True,False
55.51699,-41.96094,17.0703,13.064,9.3015,6.9347,6.1589,anomaly,4.0062999999999995,3.7624999999999993,2.3668000000000005,0.7758000000000003,0.15673454,0.01896512687531915,99059.5,True,False,False,False
57.28595,-49.74667,19.2517,14.3936,11.8982,10.6117,9.1209,anomaly,4.8581,2.4954,1.2864999999999984,1.4908000000000001,0.18673934,0.0020750970852304595,99058.5,False,False,False,True
57.26688,-32.25361,18.6304,13.9926,10.5048,8.772,8.0939,anomaly,4.637800000000002,3.4878,1.7327999999999992,0.6781000000000006,0.17034438,0.008698479086269528,99056.5,False,False,False,True
47.83339,-61.43286,16.1817,16.2674,14.4896,14.8524,13.0043,anomaly,-0.08569999999999922,1.7777999999999992,-0.3628,1.8480999999999987,0.19981784,-0.0029690338848806785,99053.0,False,False,False,True
27.17554,-42.29318,20.5975,16.5939,12.8356,10.4012,9.2121,anomaly,4.003599999999999,3.758300000000002,2.4344,1.1890999999999998,0.20532282,-0.00459001160870387,99051.5,False,False,False,True
19.82184,-44.99959,21.8086,18.5914,16.1112,13.2196,11.836,anomaly,3.2171999999999983,2.4802,2.8916000000000004,1.3835999999999995,0.20164847,-0.003920223913736809,99051.5,False,False,False,True
76.64901,-30.45086,21.3902,18.2254,14.7601,13.4254,11.8429,anomaly,3.1647999999999996,3.465300000000001,1.3346999999999998,1.5824999999999996,0.2296976,-0.010444215885979213,99051.0,True,False,True,False
89.89497,-30.85184,16.2708,12.7084,10.0632,7.8101,6.2907,anomaly,3.562400000000002,2.645199999999999,2.2531,1.5194,0.16247955,0.013934728613050118,99047.5,False,True,False,False
34.27356,-63.05298,20.791,15.8615,12.4798,10.5362,9.1923,anomaly,4.929500000000001,3.3817000000000004,1.9436,1.3438999999999997,0.18282798,0.0026000187544253928,99047.5,False,False,False,True
66.39846,-47.7555,18.0978,14.8079,12.1908,10.1777,8.3441,anomaly,3.2898999999999994,2.6171000000000006,2.0130999999999997,1.8336000000000006,0.18943183,0.00044903523010808577,99046.5,False,True,False,False
53.19889,-48.13381,19.1485,15.92,13.6594,12.2508,11.2774,anomaly,3.2284999999999986,2.2606,1.4085999999999999,0.9733999999999998,0.3830348,-0.02296691450090782,99046.0,False,False,False,True
62.09055,-49.61465,19.1498,14.2835,11.0591,8.678,6.9195,anomaly,4.866299999999999,3.2243999999999993,2.3811,1.7585000000000006,0.14884771,0.026849436434346452,99046.0,False,False,False,True
87.98906,-43.32181,23.5692,18.807,16.3711,14.4039,13.1022,anomaly,4.7622,2.4359,1.9671999999999983,1.3017000000000003,0.25797772,-0.013667349070569657,99045.5,False,True,False,False
76.63605,-34.51967,19.9059,16.3908,14.2502,12.1648,10.9878,anomaly,3.5151000000000003,2.140599999999999,2.0854,1.1769999999999996,0.40193006,-0.02404817169085438,99044.5,False,False,False,True
86.70618,-51.7284,20.4211,16.5541,14.458,12.3997,11.2009,anomaly,3.867000000000001,2.096099999999998,2.058300000000001,1.1987999999999985,0.38574496,-0.023581000099472615,99041.0,False,False,False,True
47.2309,-57.44739,18.7268,14.65,12.2563,9.5443,8.6782,anomaly,4.0768,2.393700000000001,2.7119999999999997,0.8660999999999994,0.1725044,0.006430499870017314,99041.0,False,False,False,True
61.15172,-62.81054,18.4105,15.277,12.0564,10.8515,9.9035,anomaly,3.1334999999999997,3.2205999999999992,1.2049000000000003,0.9480000000000004,0.21678935,-0.008210296464195355,99040.5,False,False,False,True
84.99489,-50.27807,19.176,14.5208,12.0521,9.9759,8.1411,anomaly,4.655199999999999,2.4687,2.0762,1.8347999999999995,0.17449848,0.004966012311182433,99038.0,False,True,False,False
4.21959,-42.43155,23.5441,19.3602,17.2276,15.7004,14.549,anomaly,4.183900000000001,2.1326,1.5271999999999988,1.1514000000000006,0.21674605,-0.008315549788961096,99037.5,False,False,False,True
39.32508,-31.99566,23.7654,23.4309,20.8468,21.8031,20.1172,anomaly,0.33449999999999847,2.5840999999999994,-0.9562999999999988,1.6859000000000002,0.17164697,0.006454148871560705,99035.0,True,False,False,False
66.54009,-48.00531,17.3108,13.6743,11.2207,9.2206,7.4735,anomaly,3.6365,2.4536,2.0001000000000015,1.7470999999999997,0.19661684,-0.003393047357573842,99033.0,False,False,False,True
47.26881,-59.81148,20.8961,17.2935,15.0181,13.1677,11.3244,anomaly,3.602599999999999,2.275400000000001,1.8504000000000005,1.8432999999999993,0.223537,-0.010644784978256716,99026.0,False,False,False,True
58.32099,-46.45496,19.8719,15.8904,13.7834,11.9957,10.6501,anomaly,3.9815000000000005,2.1069999999999993,1.787700000000001,1.3455999999999992,0.3651733,-0.022998124098306927,99025.0,False,True,False,False
60.83949,-51.02245,19.2753,14.7321,11.1139,9.8368,8.3884,anomaly,4.543200000000001,3.6182000000000016,1.277099999999999,1.4483999999999995,0.19694431,-0.004081314330326324,99024.5,False,False,False,True
22.70982,-35.30822,18.2385,15.1055,11.7697,10.2815,9.0785,anomaly,3.132999999999999,3.335799999999999,1.4882000000000009,1.2029999999999994,0.20035954,-0.005517265300398311,99018.0,False,False,False,True
13.14499,-35.85239,23.2999,19.9892,16.7896,15.3482,14.7682,anomaly,3.3107000000000006,3.1996,1.4413999999999998,0.5800000000000001,0.2503839,-0.014642352132454572,99017.5,False,False,False,True
0.28611,-59.45993,22.8584,18.3041,15.861,13.4401,12.8376,anomaly,4.554300000000001,2.4430999999999976,2.4209000000000014,0.6024999999999991,0.19994365,-0.0055069080322447395,99015.0,False,False,False,True
23.64812,-57.8675,18.2099,15.057,13.0237,11.1161,10.4188,anomaly,3.1529000000000007,2.0333000000000006,1.9076000000000004,0.6973000000000003,0.16752797,0.007046828603949895,99013.5,False,True,False,False
21.5873,-51.11105,16.7991,13.3016,10.5999,7.8757,6.6456,anomaly,3.4974999999999987,2.7017000000000007,2.7241999999999997,1.2301000000000002,0.16236101,0.010384600501157859,99010.0,False,False,False,True
41.95495,-30.32779,17.3079,14.0968,11.4468,9.4116,8.5021,anomaly,3.2111,2.6500000000000004,2.0351999999999997,0.9094999999999995,0.20004514,-0.005828056131661596,99009.5,False,False,False,True
16.38296,-57.01985,16.7011,12.1798,9.7024,8.4455,7.3075,anomaly,4.5213,2.4773999999999994,1.2569000000000017,1.137999999999999,0.14580289,0.026378785367200397,99009.0,False,False,False,True
89.36406,-49.22495,22.2623,18.8216,15.2475,14.2325,12.4152,anomaly,3.4406999999999996,3.5740999999999996,1.0150000000000006,1.8172999999999995,0.16381857,0.008392058496321408,99000.5,False,False,False,True
73.2125,-42.98834,16.5168,16.3235,13.3417,14.057,13.1534,anomaly,0.1933000000000007,2.9818,-0.7153000000000009,0.9036000000000008,0.16840251,0.005522423250210351,99000.0,False,False,False,True
32.21217,-51.36307,21.4234,17.0182,13.3884,10.7787,9.6255,anomaly,4.405200000000001,3.6297999999999995,2.6097,1.1532,0.18478703,-0.0011074712461899283,98998.0,False,False,False,True
45.43663,-39.86607,20.6851,20.3251,17.3988,18.3546,16.2845,anomaly,0.35999999999999943,2.9262999999999977,-0.9558,2.0701,0.17688864,0.0019009389992721282,98998.0,True,False,False,False
79.40575,-63.78723,22.808,23.7812,24.7312,25.0117,25.0636,anomaly,-0.9731999999999985,-0.9500000000000028,-0.28049999999999997,-0.051899999999999835,0.18571427,-0.0013554626867184894,98996.0,False,False,False,True
81.06469,-62.10877,21.0723,16.4798,14.1272,12.7531,11.0215,anomaly,4.592499999999998,2.3526000000000007,1.3741000000000003,1.7316000000000003,0.21109901,-0.009949693530759585,98992.0,False,False,True,False
31.03082,-33.7223,20.8877,21.3134,18.4634,19.4436,17.7736,anomaly,-0.42570000000000263,2.8500000000000014,-0.9802,1.6700000000000017,0.28211656,-0.019197826864548406,98990.0,False,False,False,True
77.29858,-56.34673,17.1457,13.7536,11.1555,8.7944,8.019,anomaly,3.392100000000001,2.5981000000000005,2.3611000000000004,0.7753999999999994,0.17839773,0.0007221890117503627,98990.0,False,False,False,True
75.51576,-40.47258,17.2225,17.5577,14.7457,15.7186,13.814,anomaly,-0.3352000000000004,2.812000000000001,-0.972900000000001,1.9046000000000003,0.18995887,-0.003880931579260838,98988.0,True,False,False,False
65.73181,-64.37844,20.9289,17.5123,15.2136,14.0184,12.2719,anomaly,3.416599999999999,2.2987,1.1951999999999998,1.7464999999999993,0.28295055,-0.019569361499654492,98987.0,False,False,False,True
53.19487,-64.36083,22.9361,18.7715,15.2906,12.692,10.9147,anomaly,4.1646,3.4809,2.5985999999999994,1.7773000000000003,0.15662393,0.012401865240646681,98983.0,False,False,False,True
86.60221,-50.73684,17.195,17.6403,14.79,15.7416,14.1211,anomaly,-0.4452999999999996,2.8503000000000007,-0.9516000000000009,1.6204999999999998,0.2256186,-0.013403690729304252,98978.0,False,False,False,True
44.57371,-40.52524,21.2802,16.4742,13.0363,11.3238,10.2033,anomaly,4.806000000000001,3.437899999999999,1.7125000000000004,1.1204999999999998,0.1887131,-0.004266812774413209,98975.0,False,False,False,True
62.18954,-53.68868,16.5715,17.085,14.3738,15.3022,13.5391,anomaly,-0.5135000000000005,2.7112000000000016,-0.9283999999999999,1.7630999999999997,0.17520176,0.0007995298955453256,98974.0,False,False,False,True
19.1729,-61.2196,19.6866,14.848,12.3095,10.0569,8.8967,anomaly,4.838599999999998,2.538500000000001,2.2525999999999993,1.1602000000000015,0.18881053,-0.004466254972756323,98974.0,False,False,False,True
76.91812,-48.30915,21.2654,16.4955,13.5375,12.1846,11.5621,anomaly,4.7699,2.958,1.3529,0.6225000000000005,0.19065918,-0.005061049240979054,98972.5,False,False,False,True
60.22572,-36.85075,18.6037,13.8861,11.283,9.969,8.1656,anomaly,4.717599999999999,2.6031000000000013,1.314,1.8034,0.15984064,0.00839714089997401,98970.0,False,False,False,True
48.88583,-63.59606,20.7543,17.6886,15.2798,14.163,12.4698,anomaly,3.0656999999999996,2.408800000000001,1.1167999999999996,1.693200000000001,0.29991275,-0.022080346160217368,98967.0,False,False,True,False
10.73278,-56.75367,16.9648,12.029,8.6032,6.1829,4.8305,anomaly,4.9358,3.4258000000000006,2.4202999999999992,1.3524000000000003,0.13252349,0.07973985644863846,98964.5,False,False,False,True
46.46781,-64.46811,19.9156,15.9087,13.8157,12.4906,11.3882,anomaly,4.006900000000002,2.093,1.325099999999999,1.1024000000000012,0.42194366,-0.029655307552095,98964.5,False,False,False,True
32.11077,-41.36432,21.7388,18.6205,16.3753,15.0825,13.4324,anomaly,3.1183000000000014,2.2452000000000005,1.2927999999999997,1.6501000000000001,0.31280157,-0.024095720061342196,98955.5,False,False,False,True
67.09858,-56.56808,20.4284,16.4288,12.689,10.7671,9.7372,anomaly,3.999600000000001,3.739799999999999,1.9219000000000008,1.0298999999999996,0.22601753,-0.014910135162232496,98953.5,False,False,True,False
45.65702,-33.03854,22.1147,18.9213,16.696,14.0922,13.3183,anomaly,3.1934000000000005,2.225299999999997,2.6038000000000014,0.7738999999999994,0.22039025,-0.014098259769430022,98952.5,False,False,False,True
12.41268,-64.86253,17.2135,12.875,10.7351,9.6034,8.935,anomaly,4.3385,2.139900000000001,1.1316999999999986,0.6684000000000001,0.14980632,0.015618242562824403,98948.0,False,False,False,True
33.775,-34.88673,17.3393,14.1933,11.0722,9.7432,8.5136,anomaly,3.146000000000001,3.1211,1.3290000000000006,1.2295999999999996,0.18618073,-0.005047660287996747,98947.5,False,False,False,True
13.36138,-58.31512,18.3943,13.855,10.2584,8.3758,6.8431,anomaly,4.539300000000001,3.5966000000000005,1.8826,1.5327000000000002,0.16651504,0.0033853521474502823,98947.0,False,False,False,True
4.04934,-31.49924,21.1996,17.9521,15.5683,13.621,11.9171,anomaly,3.2474999999999987,2.383800000000001,1.9473000000000003,1.7039000000000009,0.22958668,-0.01611569463475837,98946.0,False,False,False,True
56.74828,-43.03543,20.1932,15.4991,11.9993,10.3723,8.7602,anomaly,4.694100000000001,3.4998000000000005,1.6270000000000007,1.6120999999999999,0.18131344,-0.003709831610998582,98945.0,False,False,False,True
75.89964,-62.55159,19.8098,15.0771,12.6451,10.7506,10.0658,anomaly,4.7326999999999995,2.4320000000000004,1.894499999999999,0.684800000000001,0.18445075,-0.004872698033595357,98944.0,False,False,False,True
15.3226,-42.69103,18.8271,14.7081,12.4409,10.4475,9.5038,anomaly,4.1190000000000015,2.2672000000000008,1.9933999999999994,0.9436999999999998,0.21819973,-0.014291651687504459,98943.0,True,True,True,False
57.17577,-33.62532,18.2071,13.5582,11.0468,8.9869,7.3752,anomaly,4.648900000000001,2.5114,2.059899999999999,1.6117,0.16521604,0.003625186212805942,98940.5,False,False,True,False
78.40596,-52.15662,21.9473,17.5664,13.9174,11.5595,10.2635,anomaly,4.380899999999997,3.649000000000001,2.3579000000000008,1.2959999999999994,0.18844639,-0.006702581268617669,98933.5,False,False,True,False
66.84927,-61.48502,22.6779,17.9163,14.959,12.9373,12.34,anomaly,4.761600000000001,2.9573,2.021699999999999,0.5973000000000006,0.21366504,-0.013573574098296182,98932.5,False,False,False,True
39.65403,-31.60153,22.1344,18.5497,14.759,12.8533,11.9509,anomaly,3.584699999999998,3.790700000000001,1.9056999999999995,0.9024000000000001,0.3157233,-0.02609947787190514,98931.5,False,False,False,True
46.81657,-43.81381,21.5254,16.5201,13.8571,12.2951,11.4195,anomaly,5.005300000000002,2.6629999999999985,1.5620000000000012,0.8756000000000004,0.17162655,-0.00017301979406847412,98930.0,True,False,False,False
23.13317,-60.98885,20.7083,15.8268,12.4856,10.9522,9.1549,anomaly,4.881500000000001,3.3412000000000006,1.5334000000000003,1.7973,0.1559774,0.00839503543272524,98929.5,False,False,False,True
24.66421,-33.05502,22.1505,18.3619,16.1795,13.8588,12.7464,anomaly,3.7886000000000024,2.1823999999999977,2.3207000000000004,1.112400000000001,0.29333076,-0.024217157538143796,98927.5,False,False,True,False
76.28787,-55.85217,18.7241,15.4491,12.0622,10.6931,9.7907,anomaly,3.2750000000000004,3.386899999999999,1.3691000000000013,0.9024000000000001,0.19602352,-0.010000675894252797,98925.0,False,False,False,True
30.02572,-44.21038,22.8827,18.1429,15.4332,12.8644,11.8061,anomaly,4.739799999999999,2.7097000000000016,2.5687999999999995,1.0582999999999991,0.19330855,-0.00943119194381492,98921.5,True,False,False,False
75.1818,-40.1075,23.7537,24.4386,24.6771,25.3345,25.742,anomaly,-0.6849000000000025,-0.23849999999999838,-0.6573999999999991,-0.4075000000000024,0.1403536,0.0248791393318204,98913.0,False,False,False,True
49.19681,-53.64822,17.4746,14.038,11.5803,10.1909,9.0183,anomaly,3.4365999999999985,2.457700000000001,1.3894000000000002,1.1725999999999992,0.21043576,-0.014297600389372334,98912.0,False,False,True,False
1.51496,-62.58204,17.4783,14.3805,11.2995,8.331,6.7555,anomaly,3.097800000000001,3.0809999999999995,2.9685000000000006,1.5755,0.13652319,0.033086229072944784,98911.5,False,False,False,True
45.58436,-44.18482,20.716,17.5537,15.2966,13.2531,11.988,anomaly,3.162300000000002,2.2570999999999994,2.0435,1.2651000000000003,0.38530427,-0.0317406875938504,98911.0,False,False,False,True
52.65214,-37.68561,19.4777,15.3306,13.0879,11.5571,10.4068,anomaly,4.147099999999998,2.242700000000001,1.5307999999999993,1.1502999999999997,0.24176618,-0.019865225353852378,98911.0,False,False,False,True
76.48751,-51.8078,20.607,17.2486,15.1745,12.9954,12.0993,anomaly,3.3583999999999996,2.0740999999999996,2.1791,0.8961000000000006,0.37139758,-0.030737372036923838,98910.5,True,False,False,False
6.0711,-47.2183,21.4371,21.2362,18.2887,19.2639,17.57,anomaly,0.20090000000000074,2.9475000000000016,-0.975200000000001,1.6938999999999993,0.25906268,-0.02191071515364007,98910.5,False,False,False,True
65.67898,-40.94767,18.3548,13.4083,10.5298,9.28,7.5488,anomaly,4.9465,2.8785000000000007,1.2498000000000005,1.7311999999999994,0.13847099,0.02763027740364543,98901.5,False,False,False,True
22.65094,-51.72196,21.3703,18.2259,16.1036,14.4895,13.1627,anomaly,3.144400000000001,2.122299999999999,1.6141000000000005,1.3268000000000004,0.44136062,-0.03434173949180508,98900.5,False,False,False,True
47.82993,-44.29527,23.8908,23.6308,20.9596,21.9018,20.6635,anomaly,0.259999999999998,2.6712000000000025,-0.9422000000000033,1.2383000000000024,0.14557835,0.01498861248043959,98891.5,False,False,False,True
38.2287,-63.42786,22.0838,17.4084,15.0672,13.1609,12.1293,anomaly,4.6754,2.3412000000000006,1.9062999999999999,1.0315999999999992,0.23865959,-0.020756141540066553,98890.0,False,False,False,True
61.76249,-63.53986,23.7668,19.1545,16.5953,14.3983,13.4002,anomaly,4.612300000000001,2.559199999999997,2.197000000000001,0.9981000000000009,0.17446761,-0.004900057225338927,98883.0,False,True,False,False
53.28251,-51.59016,22.7769,19.0559,16.9163,14.7969,13.7317,anomaly,3.721,2.1396000000000015,2.119399999999999,1.0652000000000008,0.25170058,-0.023163881221867633,98881.5,False,False,False,True
23.04982,-51.75092,23.0437,19.2619,17.162,15.2292,14.2308,anomaly,3.7818000000000005,2.0999000000000017,1.9327999999999985,0.9984000000000002,0.21436189,-0.017120555431700213,98880.0,False,False,False,True
64.82944,-37.37443,18.0983,14.2132,10.5235,8.775,7.5374,anomaly,3.8850999999999978,3.6897,1.7485,1.2376000000000005,0.1975268,-0.013150308095023155,98877.0,False,False,False,True
9.74251,-55.33706,23.5005,19.2362,17.141,15.3618,14.4725,anomaly,4.264299999999999,2.095200000000002,1.7791999999999977,0.8893000000000004,0.19254142,-0.011675399195948288,98876.5,True,False,False,False
85.12618,-44.83484,22.1344,18.1017,14.4991,12.8779,11.1926,anomaly,4.032699999999998,3.6026000000000007,1.6212,1.6852999999999998,0.19629498,-0.012833527435753611,98876.0,True,False,False,False
7.08815,-32.28119,23.6243,23.1798,21.1867,21.4338,19.647,anomaly,0.44450000000000145,1.9931000000000019,-0.2471000000000032,1.786800000000003,0.2257268,-0.019774974167789172,98874.5,False,False,False,True
41.847,-37.71711,22.6595,23.1161,20.1829,20.9854,19.3081,anomaly,-0.4565999999999981,2.9331999999999994,-0.8024999999999984,1.677299999999999,0.19075473,-0.011541649645993357,98872.0,False,False,False,True
9.22999,-33.73545,23.4409,24.9186,25.8144,26.1676,26.286,anomaly,-1.4777000000000022,-0.8957999999999977,-0.35320000000000107,-0.11840000000000117,0.12909418,0.055315577185571896,98872.0,False,False,False,True
67.87099,-33.75978,22.5961,23.013,20.0837,20.8799,18.9875,anomaly,-0.4169000000000018,2.9293000000000013,-0.7961999999999989,1.8923999999999985,0.17012513,-0.0035106760088717825,98870.5,False,True,False,False
43.8114,-36.27424,17.9031,13.93,10.2721,8.3762,7.6692,anomaly,3.9730999999999987,3.6578999999999997,1.8958999999999993,0.7070000000000007,0.16743004,-0.0025667274768459425,98865.0,False,False,False,True
0.77754,-53.02825,17.0745,13.5315,10.9692,9.0871,7.4729,anomaly,3.543000000000001,2.5622999999999987,1.8821000000000012,1.6141999999999994,0.17351443,-0.005744023391216158,98862.0,False,False,False,True
59.83245,-41.55788,19.6839,16.0146,13.7958,12.168,10.9743,anomaly,3.6693,2.2188000000000017,1.6278000000000006,1.1936999999999998,0.30371734,-0.029144028137914946,98860.0,False,False,False,True
34.11358,-56.49444,22.6604,18.7575,15.2882,13.786,13.1304,anomaly,3.902899999999999,3.4693000000000005,1.5022000000000002,0.6555999999999997,0.24698666,-0.024018872337639108,98859.5,False,False,False,True
4.93318,-52.22139,22.7539,17.8455,15.2829,14.1833,12.7282,anomaly,4.9084,2.5626000000000015,1.0996000000000006,1.4550999999999998,0.16400178,-0.001061135704662708,98855.5,False,False,True,False
36.73437,-44.37302,20.478,17.3361,14.3522,12.3878,11.9802,anomaly,3.1419000000000032,2.9838999999999984,1.9643999999999995,0.4076000000000004,0.21674871,-0.019206938455155087,98851.0,False,False,True,False
3.57639,-33.21054,21.8513,17.4534,13.8473,11.6241,10.63,anomaly,4.3979,3.606099999999998,2.2232000000000003,0.9940999999999995,0.19537465,-0.013934876019533915,98848.5,False,True,False,False
38.1947,-59.52404,22.8427,19.316,17.2437,15.6121,14.5752,anomaly,3.5267000000000017,2.0722999999999985,1.6316000000000006,1.0368999999999993,0.25832787,-0.02630095220612716,98845.5,False,False,False,True
11.16129,-53.45337,16.0927,15.8008,13.3593,13.7236,11.7394,anomaly,0.29190000000000005,2.4415000000000013,-0.36430000000000007,1.9841999999999995,0.12876804,0.04840435641259366,98845.5,False,False,False,True
24.24886,-57.15274,21.0494,17.6074,14.115,12.507,11.7249,anomaly,3.442,3.492399999999998,1.6080000000000005,0.7820999999999998,0.25258973,-0.026192942853888734,98842.0,False,False,False,True
66.69483,-34.76824,17.9306,14.2514,11.7829,9.3838,8.2843,anomaly,3.679199999999998,2.4685000000000006,2.399099999999999,1.0995000000000008,0.18324624,-0.01102501423925728,98840.5,False,False,False,True
8.1581,-47.39904,16.2002,15.7048,14.1717,14.6868,13.3324,anomaly,0.4953999999999983,1.533100000000001,-0.5151000000000003,1.3544,0.15846017,0.000610526776357867,98839.0,False,False,False,True
59.77792,-51.22423,23.5012,23.3316,20.546,21.4456,20.506,anomaly,0.16959999999999908,2.7856000000000023,-0.8995999999999995,0.9395999999999987,0.16717277,-0.004220718360932851,98839.0,False,False,False,True
2.62474,-35.24063,22.4779,17.4905,14.7089,13.1897,12.4399,anomaly,4.987400000000001,2.781600000000001,1.5191999999999997,0.7498000000000005,0.1737864,-0.007811727026820203,98835.5,False,False,False,True
65.55094,-53.52292,16.4126,12.8611,9.2169,6.4551,4.9157,anomaly,3.5515000000000008,3.6441999999999997,2.761800000000001,1.5393999999999997,0.12732232,0.05644741112083429,98835.0,False,False,False,True
38.47789,-42.13665,16.37,12.9699,9.8518,6.8454,6.2107,anomaly,3.4001,3.1181,3.006400000000001,0.6346999999999996,0.12768057,0.05253247428776764,98832.5,False,False,False,True
5.17215,-61.24168,19.0706,15.8005,13.2981,12.2938,11.3667,anomaly,3.2700999999999993,2.5023999999999997,1.0043000000000006,0.9270999999999994,0.19178112,-0.014068279020547414,98828.5,False,False,False,True
28.54655,-63.06202,16.6337,13.4334,10.1521,7.6108,6.3392,anomaly,3.2003000000000004,3.2813,2.5413000000000006,1.2716000000000003,0.1404602,0.015947701660706803,98822.5,False,False,True,False
31.46525,-60.55551,17.2104,13.3395,9.6381,7.5604,6.1519,anomaly,3.8709000000000007,3.7013999999999996,2.0777,1.4084999999999992,0.1558977,0.0015950145607215305,98819.5,False,False,False,True
11.62779,-44.66976,22.6206,18.8478,16.5847,14.8668,12.9942,anomaly,3.7728,2.263099999999998,1.717900000000002,1.8726000000000003,0.17477866,-0.00950594197225585,98814.5,False,False,False,True
78.9911,-53.27578,17.1235,16.9806,15.0963,15.3455,13.4927,anomaly,0.14290000000000092,1.8842999999999996,-0.2492000000000001,1.8528000000000002,0.2665357,-0.029023496704810414,98814.0,False,False,False,True
44.78826,-31.14203,19.5197,15.5681,13.0433,11.9496,9.9118,anomaly,3.951600000000001,2.524799999999999,1.0937000000000001,2.0378000000000007,0.1480231,0.0058106145008111065,98799.0,False,False,False,True
84.48032,-61.5704,19.4687,14.8714,11.3297,9.1423,8.0686,anomaly,4.597299999999999,3.5416999999999987,2.1874000000000002,1.0737000000000005,0.16680342,-0.006470085972973716,98798.5,False,False,False,True
82.14045,-47.90664,20.5967,17.1106,14.9155,13.5487,12.3465,anomaly,3.486099999999997,2.195100000000002,1.3667999999999996,1.2021999999999995,0.38891426,-0.03890262714345971,98791.5,False,False,True,False
77.53419,-35.20687,17.7758,13.2318,10.6525,8.4903,6.566,anomaly,4.5440000000000005,2.5793,2.1622000000000003,1.9242999999999997,0.133609,0.021252955948929286,98788.0,False,False,False,True
2.53099,-63.26015,23.3608,18.6735,15.8903,13.4898,12.3765,anomaly,4.6873000000000005,2.783200000000001,2.400499999999999,1.1133000000000006,0.16782862,-0.00830136236061818,98783.5,False,False,False,True
18.55206,-61.1198,22.0641,22.2663,19.3839,20.2177,19.4931,anomaly,-0.20220000000000127,2.8824000000000005,-0.8338000000000001,0.7246000000000024,0.26384035,-0.03070129411461675,98780.0,False,False,False,True
15.46081,-39.43199,21.3502,18.0128,15.8987,13.7013,12.8378,anomaly,3.3374000000000024,2.1140999999999988,2.1974,0.8635000000000002,0.31731075,-0.03539461953874834,98779.0,False,False,False,True
73.00396,-52.89837,18.1688,14.3912,12.0188,10.5633,9.2514,anomaly,3.7776000000000014,2.372399999999999,1.4555000000000007,1.3118999999999996,0.19395661,-0.01791727077586447,98774.5,False,False,False,True
68.57865,-48.91357,22.5723,17.9312,15.4237,13.2003,11.5292,anomaly,4.641099999999998,2.5075000000000003,2.2234,1.671100000000001,0.1629116,-0.00579457511752568,98772.0,False,False,False,True
38.32423,-42.87793,18.4234,15.3745,12.2992,10.7838,9.5158,anomaly,3.0489000000000015,3.0752999999999986,1.5154000000000014,1.267999999999999,0.18838565,-0.016559403209364554,98769.5,False,False,False,True
11.74275,-63.35338,22.1399,18.9378,16.8368,15.5021,14.2847,anomaly,3.2021000000000015,2.100999999999999,1.3346999999999998,1.2173999999999996,0.40985373,-0.04147203302155622,98767.5,False,False,False,True
89.22989,-47.92927,21.0851,17.8039,15.5436,13.7935,12.6835,anomaly,3.281200000000002,2.260299999999999,1.7500999999999998,1.1099999999999994,0.3115672,-0.03561351633045373,98766.5,False,False,False,True
25.76035,-54.45068,16.378,15.9928,13.2342,13.8995,13.0088,anomaly,0.3851999999999993,2.7586000000000013,-0.6653000000000002,0.8906999999999989,0.13961922,0.012109788413657507,98759.5,False,False,False,True
62.81554,-41.46021,23.9751,20.1982,17.7125,15.1791,13.2358,anomaly,3.7769000000000013,2.4857000000000014,2.5333999999999985,1.9433000000000007,0.12586267,0.03986407439817319,98756.0,False,False,False,True
26.47999,-55.57146,19.7533,16.6123,14.2353,13.2081,12.2444,anomaly,3.1409999999999982,2.3770000000000007,1.0272000000000006,0.9636999999999993,0.2962102,-0.03534080794575156,98754.5,False,False,False,True
31.72422,-61.05882,23.0965,18.3416,15.8467,14.7958,13.3719,anomaly,4.754899999999999,2.4948999999999995,1.0509000000000004,1.4238999999999997,0.15826093,-0.004861009013637174,98754.5,False,False,False,True
29.64163,-64.9116,17.4105,13.1089,9.4331,7.3226,6.4228,anomaly,4.301599999999999,3.6758000000000006,2.110499999999999,0.8998000000000008,0.13804348,0.012441693600290793,98742.5,False,False,False,True
43.233,-54.34151,22.8885,24.2286,24.8116,25.0496,25.0892,anomaly,-1.3400999999999996,-0.5829999999999984,-0.2380000000000031,-0.03960000000000008,0.15385133,-0.001623486503941729,98739.5,False,False,False,True
41.98322,-37.12358,23.882,24.1196,22.4214,22.8366,20.9827,anomaly,-0.23759999999999692,1.6982,-0.41520000000000223,1.8538999999999994,0.13235036,0.019417252768656135,98737.5,False,False,False,True
6.13357,-31.41382,23.9078,24.4247,22.8814,23.3874,21.7561,anomaly,-0.5168999999999997,1.5433000000000021,-0.5060000000000002,1.6312999999999995,0.12665802,0.03314230515117089,98735.5,False,False,False,True
40.49565,-45.09143,20.4905,17.463,14.2071,12.417,11.5024,anomaly,3.0275,3.2559000000000005,1.7901000000000007,0.9146000000000001,0.21533404,-0.02650146769235673,98734.5,True,False,False,False
54.25585,-46.05037,16.2178,15.8161,13.7042,14.4702,13.5993,anomaly,0.40169999999999995,2.1119000000000003,-0.766,0.8709000000000007,0.14150095,0.00766257650563662,98730.5,False,False,False,True
27.68338,-40.95477,21.8297,17.2074,14.8514,12.7713,11.8014,anomaly,4.622299999999999,2.356,2.0801,0.9699000000000009,0.21727616,-0.027451622740476633,98728.5,False,False,False,True
43.02703,-46.8037,17.4767,17.0188,14.3586,15.3136,14.064,anomaly,0.4579000000000022,2.6601999999999997,-0.9550000000000001,1.2495999999999992,0.20198359,-0.024416096750240146,98719.0,False,False,False,True
33.23016,-63.5059,23.8709,23.7565,21.0224,21.9393,20.6339,anomaly,0.11439999999999984,2.734099999999998,-0.9168999999999983,1.3053999999999988,0.13861711,0.009091616546217596,98709.5,False,False,False,True
21.81651,-45.6,18.7883,14.8645,12.5062,10.4475,9.4792,anomaly,3.9238,2.3583,2.0587,0.9682999999999993,0.18002288,-0.01740060015656064,98709.0,False,False,False,True
16.87979,-60.06365,17.7875,14.0154,11.6109,10.3307,8.8739,anomaly,3.772100000000002,2.4044999999999987,1.2802000000000007,1.4567999999999994,0.18446675,-0.019258687932866225,98705.0,False,False,False,True
67.50338,-44.93881,22.9338,18.1637,15.0487,12.5669,11.1678,anomaly,4.770100000000003,3.1149999999999984,2.4818,1.3991000000000007,0.14540365,0.0017485868282622885,98704.5,True,False,False,False
86.27294,-64.00295,18.0377,14.5131,10.9695,9.124,7.8162,anomaly,3.5246000000000013,3.5435999999999996,1.8454999999999995,1.3078000000000003,0.16360879,-0.010944856782981516,98701.0,False,True,False,False
53.67778,-34.74948,18.5589,13.9746,11.5088,10.3673,8.9545,anomaly,4.584300000000001,2.4657999999999998,1.1415000000000006,1.4128000000000007,0.15455452,-0.005223512444467171,98699.5,False,False,False,True
72.93634,-56.94673,18.1214,14.1502,10.4747,7.9003,6.4767,anomaly,3.9712000000000014,3.6754999999999995,2.5744000000000007,1.4235999999999995,0.14232667,0.004223535421514879,98694.5,True,False,False,False
86.55788,-54.97793,17.57,14.0528,10.4408,7.4638,6.5953,anomaly,3.5172000000000008,3.612,2.9769999999999994,0.8685,0.12546387,0.029730595565948703,98691.0,False,False,False,True
55.25864,-55.8952,17.7911,18.008,16.4515,16.8366,14.8971,anomaly,-0.21689999999999898,1.5564999999999998,-0.38510000000000133,1.9395000000000007,0.22591226,-0.03167416232519704,98687.0,False,False,False,True
11.88647,-58.28755,19.5195,16.3397,13.0133,10.9747,10.0077,anomaly,3.1798,3.3264000000000014,2.038599999999999,0.9670000000000005,0.16361742,-0.011916585843147587,98684.5,False,False,False,True
19.48927,-52.66133,19.0649,14.5996,11.1998,9.9907,9.2395,anomaly,4.465300000000001,3.399800000000001,1.2090999999999994,0.7512000000000008,0.1425261,0.0030410051832490126,98680.0,False,False,True,False
12.20196,-48.16303,22.0663,17.2456,14.0416,12.0402,10.4875,anomaly,4.820699999999999,3.203999999999999,2.0014000000000003,1.5526999999999997,0.14612283,-0.0006763915133853882,98678.5,False,False,False,True
73.23847,-30.15325,20.7777,15.96,12.6798,10.9925,8.9832,anomaly,4.8176999999999985,3.2802000000000007,1.6873000000000005,2.0092999999999996,0.13286407,0.0133685529298877,98678.0,False,False,False,True
57.80969,-46.86907,22.3783,17.4291,14.6476,13.1595,11.9433,anomaly,4.949200000000001,2.7814999999999976,1.488100000000001,1.2161999999999988,0.15342347,-0.005675340920011096,98677.5,False,False,False,True
6.6286,-35.12921,19.5791,14.8297,11.4881,9.3102,7.4973,anomaly,4.7494,3.3416000000000015,2.1778999999999993,1.8129,0.1380072,0.007164337857813563,98674.5,False,False,False,True
59.51946,-52.89417,19.1754,15.4779,11.8677,10.4017,8.7894,anomaly,3.6975,3.6102000000000007,1.4659999999999993,1.6122999999999994,0.1662121,-0.013751807167286856,98670.0,False,False,False,True
85.43101,-42.8328,20.7546,16.5721,14.1941,11.9953,10.3441,anomaly,4.182500000000001,2.3779999999999983,2.1988000000000003,1.6512000000000011,0.16924103,-0.01522995965511409,98669.0,False,False,True,False
65.20744,-38.15804,17.7137,18.025,15.1792,16.0171,15.1447,anomaly,-0.31129999999999924,2.8457999999999988,-0.8378999999999994,0.872399999999999,0.19921596,-0.027374777934565664,98658.5,False,False,True,False
6.44664,-39.3172,22.7429,18.2542,14.8411,13.8318,12.3829,anomaly,4.488699999999998,3.4131,1.0093000000000014,1.4489,0.15456697,-0.008045859594291271,98658.5,False,False,False,True
49.22388,-54.91135,22.7653,18.3453,15.6564,13.9935,13.4511,anomaly,4.419999999999998,2.688900000000002,1.6629000000000005,0.5423999999999989,0.17414089,-0.018426400243697683,98656.5,False,False,False,True
25.33017,-55.86405,16.2926,12.4275,9.8221,7.8188,6.3763,anomaly,3.8651,2.6053999999999995,2.0033000000000003,1.4425000000000008,0.13230862,0.01232956246181205,98652.0,False,False,False,True
69.34497,-46.68884,22.5214,18.5003,15.0233,12.2082,10.3875,anomaly,4.021100000000001,3.4769999999999985,2.815100000000001,1.8207000000000004,0.12588376,0.022041077498728634,98649.5,False,False,False,True
53.20869,-39.20979,19.8958,16.0489,13.6992,12.0578,10.5737,anomaly,3.8469000000000015,2.3497000000000003,1.641399999999999,1.4840999999999998,0.20086567,-0.028470343833343903,98648.0,False,False,False,True
27.07475,-61.18343,19.5646,16.2131,12.719,10.4484,8.7066,anomaly,3.351499999999998,3.4941000000000013,2.2706,1.7417999999999996,0.15345915,-0.007845143388583997,98647.5,False,False,False,True
75.86078,-43.51087,19.3867,15.978,12.4752,11.12,9.3876,anomaly,3.4087000000000014,3.5028000000000006,1.3552,1.7323999999999984,0.16232522,-0.013070927079456673,98647.0,False,False,True,False
45.54819,-64.09276,18.4523,14.2249,11.2671,10.1073,9.6148,anomaly,4.227400000000001,2.9578000000000007,1.1597999999999988,0.4924999999999997,0.13592418,0.007143859912914885,98645.0,False,False,True,False
23.29939,-54.15732,22.3042,17.9025,15.5685,14.4035,13.2884,anomaly,4.401700000000002,2.3339999999999996,1.165000000000001,1.1151,0.19699664,-0.027890180701227618,98640.5,False,False,False,True
68.6787,-51.33033,21.5347,21.3004,18.2756,19.209,17.5998,anomaly,0.23430000000000106,3.024799999999999,-0.9333999999999989,1.6092000000000013,0.19842869,-0.028270782376637715,98638.5,False,False,False,True
7.23608,-40.4182,22.3131,17.7377,15.5207,13.7808,13.0651,anomaly,4.575399999999998,2.2170000000000005,1.7399000000000004,0.7157,0.18111342,-0.022253571095457003,98637.5,False,True,False,False
67.48528,-54.02218,21.7529,22.2675,20.6591,21.0175,19.3212,anomaly,-0.514599999999998,1.6083999999999996,-0.3583999999999996,1.6962999999999973,0.28515455,-0.041479583276649246,98637.5,False,False,False,True
87.53796,-61.22925,20.2431,16.6946,14.0945,11.2684,9.997,anomaly,3.548499999999997,2.600100000000001,2.8261000000000003,1.2713999999999999,0.14962637,-0.00622468303622159,98635.0,False,False,False,True
52.20263,-36.45011,22.0741,21.8181,18.8802,19.8165,19.0124,anomaly,0.2560000000000002,2.9379000000000026,-0.9363000000000028,0.8041000000000018,0.22603066,-0.03524414022549627,98630.5,False,False,True,False
69.57628,-55.3287,22.6915,17.9241,14.9277,12.9572,12.2367,anomaly,4.767400000000002,2.9963999999999995,1.9704999999999995,0.7204999999999995,0.16810267,-0.017860068445468946,98620.0,False,False,False,True
73.10277,-40.23764,19.9761,16.7081,14.0893,11.8401,10.5626,anomaly,3.267999999999997,2.618800000000002,2.2492,1.2774999999999999,0.18954866,-0.026546579969586537,98619.0,False,False,False,True
11.99896,-38.55554,22.3295,19.1202,16.6202,14.0729,12.2666,anomaly,3.209299999999999,2.5,2.5473,1.8063000000000002,0.13490322,0.006000229723248762,98618.0,True,False,False,False
72.49033,-49.16564,22.3547,22.3949,19.5959,20.5218,18.6271,anomaly,-0.04019999999999868,2.7989999999999995,-0.9258999999999986,1.8947000000000003,0.18780808,-0.02620740162204238,98614.5,False,False,True,False
89.60898,-36.89386,21.6675,22.8153,23.7907,24.0971,24.1886,anomaly,-1.1478000000000002,-0.9754000000000005,-0.3064,-0.09149999999999991,0.18084168,-0.023680082145972614,98613.5,False,False,False,True
37.28434,-64.4455,16.4489,11.8327,9.0761,8.157,6.8638,anomaly,4.616199999999997,2.7566000000000006,0.9191000000000003,1.2931999999999997,0.11797745,0.05102577905188177,98613.5,False,False,False,True
5.92221,-30.02778,19.4518,16.3147,13.3942,11.3445,9.8523,anomaly,3.1371,2.9204999999999988,2.0496999999999996,1.4922000000000004,0.15019678,-0.008543942364004464,98609.5,False,True,False,False
67.33705,-43.30558,20.011,20.4088,18.9104,19.2049,17.3072,anomaly,-0.39780000000000015,1.4984000000000002,-0.2944999999999993,1.8976999999999968,0.35252148,-0.04780206233980322,98606.5,False,False,False,True
61.87572,-38.20769,23.1856,19.4291,16.3236,14.4291,13.8565,anomaly,3.7565000000000026,3.1054999999999993,1.894499999999999,0.5725999999999996,0.1544759,-0.01124698905111654,98606.0,False,False,False,True
21.6954,-32.91695,22.1243,17.5546,15.1272,13.5474,11.9081,anomaly,4.569700000000001,2.4274000000000004,1.5798000000000005,1.6393000000000004,0.15633067,-0.012843128576683127,98600.0,False,False,False,True
42.74498,-38.54101,22.8287,22.8739,19.8877,20.8291,19.7499,anomaly,-0.045199999999997686,2.9862,-0.9414000000000016,1.0792000000000002,0.16324338,-0.01646159448672435,98600.0,False,False,False,True
73.18822,-36.08066,16.0313,11.9249,9.2731,7.2721,6.254,anomaly,4.1064000000000025,2.6517999999999997,2.0009999999999994,1.0181000000000004,0.12003807,0.033692039769612436,98596.0,False,False,False,True
83.0011,-62.99848,19.0657,19.5649,16.9175,17.8164,16.9776,anomaly,-0.49920000000000186,2.647400000000001,-0.8989000000000011,0.8388000000000027,0.19966063,-0.03121867028948422,98595.0,False,False,True,False
10.29424,-49.78867,17.5445,17.1114,14.2944,15.2121,13.8953,anomaly,0.4330999999999996,2.817,-0.9177,1.3167999999999989,0.17760547,-0.02346615500541005,98594.5,False,False,True,False
64.28139,-51.10578,16.3852,16.0591,14.4728,14.8124,13.6318,anomaly,0.3261000000000003,1.5863000000000014,-0.3396000000000008,1.1806,0.16583931,-0.018329808771327505,98592.0,False,False,False,True
38.63152,-48.44201,22.6451,22.3739,19.7679,20.7168,18.6882,anomaly,0.27120000000000033,2.605999999999998,-0.9488999999999983,2.028600000000001,0.15740414,-0.01391753355160863,98591.0,False,False,False,True
77.94202,-35.61875,23.9688,24.1571,21.2359,21.9772,20.4773,anomaly,-0.18829999999999814,2.921199999999999,-0.741299999999999,1.4999000000000002,0.123245575,0.02113632118463138,98590.0,False,False,False,True
69.34445,-52.49866,16.1474,15.9177,14.3458,14.8648,13.1498,anomaly,0.22970000000000113,1.5718999999999994,-0.5190000000000001,1.7149999999999999,0.139683,3.64518286610771e-05,98589.0,False,False,True,False
42.02878,-43.93372,17.3793,13.9184,11.3496,10.2208,8.6755,anomaly,3.4609000000000005,2.5687999999999995,1.1288,1.545300000000001,0.15001726,-0.009513668837591749,98588.5,False,False,False,True
57.506,-34.52546,16.1339,15.7202,13.712,14.1768,12.2157,anomaly,0.4137000000000004,2.0082000000000004,-0.4648000000000003,1.9611,0.11947972,0.034940482880604584,98588.5,False,False,False,True
36.74617,-62.54787,20.1693,17.0284,13.7251,11.1166,10.0085,anomaly,3.1408999999999985,3.303300000000002,2.6084999999999994,1.1081000000000003,0.14311379,-0.0035538461409511113,98588.0,False,False,False,True
57.20283,-48.0019,19.9286,16.5084,12.9502,11.022,9.8918,anomaly,3.4201999999999977,3.558200000000001,1.9282000000000004,1.1302000000000003,0.17587502,-0.023517338748443084,98586.0,True,False,False,False
17.49565,-50.44394,22.044,18.8192,16.4211,14.3825,13.2334,anomaly,3.224800000000002,2.3980999999999995,2.038599999999999,1.1491000000000007,0.21643229,-0.035881350962919445,98577.5,False,True,False,False
11.90704,-31.56616,20.1807,20.5957,18.8535,19.1437,17.1847,anomaly,-0.41499999999999915,1.7422000000000004,-0.2901999999999987,1.9589999999999996,0.29218093,-0.04595501129082413,98569.5,False,False,False,True
25.59653,-31.69214,17.5544,13.2181,9.5722,7.1932,6.4382,anomaly,4.336300000000001,3.6458999999999993,2.3790000000000004,0.7549999999999999,0.1255226,0.015710163283925715,98564.0,False,False,False,True
60.47028,-33.09336,19.4788,15.8729,12.2974,10.9096,9.0735,anomaly,3.6059,3.5755,1.3878000000000004,1.8361,0.14378881,-0.006196152461690807,98558.5,False,False,False,True
17.44827,-41.21923,17.657,17.4982,15.6584,15.987,14.0665,anomaly,0.15879999999999939,1.8398000000000003,-0.3285999999999998,1.9205000000000005,0.2146492,-0.03727206157648921,98547.0,False,False,False,True
3.93153,-42.40219,20.572,17.3209,13.9111,10.9935,9.6895,anomaly,3.2510999999999974,3.4098000000000024,2.9176,1.3039999999999985,0.12511349,0.014419161305142758,98537.5,False,False,False,True
86.22738,-51.98262,18.8824,14.8273,12.4096,10.5241,9.2017,anomaly,4.055100000000001,2.4177,1.8854999999999986,1.3224,0.1643829,-0.02109952637843282,98536.5,False,False,False,True
33.05892,-43.24167,23.4775,24.2402,24.5776,25.1549,25.6507,anomaly,-0.7627000000000024,-0.3373999999999988,-0.577300000000001,-0.49579999999999913,0.12639427,0.011928288995039837,98535.5,False,False,False,True
55.3432,-39.43787,22.0444,18.1998,14.7023,12.8481,12.0992,anomaly,3.8446,3.4975000000000005,1.8541999999999987,0.7489000000000008,0.1932439,-0.032861405269974386,98534.0,False,False,False,True
74.7163,-54.68282,22.6818,22.979,20.0551,20.9561,19.5248,anomaly,-0.29720000000000013,2.9238999999999997,-0.9009999999999998,1.4313000000000002,0.16363944,-0.021017841733449893,98528.0,False,False,False,True
23.11054,-59.36529,23.5317,23.1372,21.2074,21.5571,20.0372,anomaly,0.39450000000000074,1.9298000000000002,-0.34969999999999857,1.5198999999999998,0.20746425,-0.037317159220648266,98516.0,False,False,True,False
70.38548,-61.15582,18.2693,13.8822,11.3438,8.7636,7.6788,anomaly,4.387100000000002,2.5383999999999993,2.5801999999999996,1.0848000000000004,0.13969858,-0.004959679756223356,98515.5,False,True,False,False
24.89995,-54.83066,22.0267,23.1174,24.1612,24.5594,24.6526,anomaly,-1.0906999999999982,-1.043800000000001,-0.3981999999999992,-0.0931999999999995,0.15703957,-0.01863964385848149,98509.5,False,True,False,False
55.34212,-51.78296,22.0748,17.93,14.3161,12.8693,11.7211,anomaly,4.1448,3.6138999999999992,1.4467999999999996,1.148200000000001,0.16976057,-0.025846542268974537,98509.0,False,False,False,True
71.80766,-37.12149,21.6617,18.0083,16.0164,14.6373,13.7588,anomaly,3.6534000000000013,1.9918999999999976,1.379100000000001,0.878499999999999,0.21640214,-0.04094588119420961,98503.0,False,True,True,False
55.65063,-60.4645,16.5191,16.8101,14.6483,15.5851,14.6125,anomaly,-0.2909999999999968,2.1617999999999977,-0.9367999999999999,0.9725999999999999,0.16328317,-0.022484010842755198,98501.5,False,False,False,True
44.55308,-59.5129,23.0661,24.1787,24.5707,25.4232,25.8168,anomaly,-1.1126000000000005,-0.39199999999999946,-0.8525000000000027,-0.3935999999999993,0.12538825,0.010281551985006132,98499.5,False,False,False,True
64.94877,-47.08,16.8567,13.5869,10.4846,8.8082,7.4933,anomaly,3.2698,3.1022999999999996,1.676400000000001,1.3148999999999997,0.13550703,-0.001689551587789051,98498.5,False,False,False,True
33.62659,-43.88222,22.9855,19.6409,16.1355,13.1282,11.8206,anomaly,3.3446,3.505399999999998,3.0073000000000008,1.307599999999999,0.121187665,0.017783609560544145,98496.5,True,False,False,False
77.09818,-59.52172,19.1837,14.7627,12.3114,10.2918,8.9988,anomaly,4.421000000000001,2.4513,2.0196000000000005,1.293000000000001,0.15791515,-0.02005935728913777,98495.5,False,False,False,True
11.93801,-47.09275,17.9076,18.1191,16.1838,16.447,14.6413,anomaly,-0.2115000000000009,1.935299999999998,-0.26319999999999766,1.8056999999999999,0.22129954,-0.04259532987698156,98495.0,False,True,False,False
75.91941,-44.44374,22.9483,22.9107,20.159,21.108,20.146,anomaly,0.03760000000000119,2.7516999999999996,-0.9490000000000016,0.9619999999999997,0.1605521,-0.02179215422816705,98492.5,True,False,False,False
67.32677,-45.9783,22.184,22.8333,23.1202,23.8677,24.2925,anomaly,-0.6493000000000002,-0.28689999999999927,-0.7474999999999987,-0.4248000000000012,0.16278146,-0.022950518576904222,98487.5,False,False,False,True
3.89722,-32.61661,16.6804,13.3981,10.3666,8.6232,7.7949,anomaly,3.2822999999999993,3.0314999999999994,1.7433999999999994,0.8283000000000005,0.13227059,0.000351054232890724,98481.5,False,False,False,True
4.30206,-50.04462,17.6513,13.4368,10.9371,8.709,7.6886,anomaly,4.214499999999999,2.4997000000000007,2.2280999999999995,1.0203999999999995,0.14297326,-0.010487765924056647,98478.5,False,False,False,True
82.23222,-51.96865,23.4651,19.8739,17.6681,16.3914,15.4068,anomaly,3.5912000000000006,2.2058,1.2766999999999982,0.9846000000000004,0.15459408,-0.018911898955250805,98475.0,False,False,False,True
76.04131,-32.75087,19.9706,16.8543,13.8347,12.4329,11.2159,anomaly,3.1163000000000025,3.0195999999999987,1.4017999999999997,1.2170000000000005,0.16718352,-0.026987443330286687,98471.0,False,False,False,True
30.81326,-63.95358,22.0354,22.3286,19.496,20.4131,18.8243,anomaly,-0.29320000000000235,2.832600000000003,-0.9171000000000014,1.588799999999999,0.1957594,-0.03720187473409586,98469.0,True,False,False,False
87.14654,-56.41795,19.4088,15.9825,13.5058,11.3544,10.5488,anomaly,3.4262999999999995,2.4766999999999992,2.1514000000000006,0.8056000000000001,0.15441693,-0.019634859354789924,98457.0,False,False,True,False
71.30144,-45.45034,23.7684,23.6219,20.6427,21.4019,19.9709,anomaly,0.14649999999999963,2.9791999999999987,-0.7591999999999999,1.431000000000001,0.13248183,-0.0014813416035796,98452.0,False,False,False,True
62.50437,-55.58157,16.1279,12.7078,9.7349,7.0813,6.336,anomaly,3.4200999999999997,2.972900000000001,2.6536,0.7452999999999994,0.11387203,0.03743080739216431,98451.0,False,False,True,False
19.38825,-38.54251,23.3719,23.3731,20.3571,21.1599,19.7295,anomaly,-0.001200000000000756,3.016000000000002,-0.8028000000000013,1.4303999999999988,0.14293149,-0.011923031811400309,98451.0,False,False,True,False
68.31854,-34.51291,22.266,22.5946,20.9493,21.3512,19.3955,anomaly,-0.32860000000000156,1.6452999999999989,-0.4018999999999977,1.9557000000000002,0.1853158,-0.03548859730742726,98449.5,False,True,True,False
75.22466,-50.33318,21.7696,18.4435,15.9483,14.3186,12.4478,anomaly,3.3261000000000003,2.4952000000000005,1.6296999999999997,1.8707999999999991,0.14614722,-0.01495246174074405,98448.5,False,False,False,True
60.93434,-59.19922,21.1026,17.5711,14.0542,11.249,10.4688,anomaly,3.5314999999999976,3.5169000000000015,2.8051999999999992,0.7802000000000007,0.13062093,-0.00017812036744180304,98448.0,False,False,True,False
38.68605,-58.44387,19.8576,20.1712,18.5234,18.9097,16.9275,anomaly,-0.31359999999999744,1.6478000000000002,-0.3863000000000021,1.9822000000000024,0.2254998,-0.04603425520006177,98445.5,False,False,False,True
57.34413,-60.87442,23.2709,18.8572,15.4718,14.1727,12.8682,anomaly,4.413700000000002,3.385399999999999,1.2990999999999993,1.3045000000000009,0.14641796,-0.015194673856983254,98445.0,False,False,False,True
74.46065,-53.1138,20.7322,17.4231,14.1293,13.0798,11.9195,anomaly,3.3090999999999973,3.293800000000001,1.0495,1.1603000000000012,0.15824509,-0.023707142157602945,98444.0,False,False,False,True
6.64255,-31.55666,23.398,23.7147,20.9666,21.3288,20.5264,anomaly,-0.31670000000000087,2.748100000000001,-0.3622000000000014,0.8024000000000022,0.1409314,-0.010916887299702971,98443.5,True,False,True,False
14.43552,-54.62681,19.7974,14.9642,11.8737,9.6682,8.9943,anomaly,4.8332,3.0905000000000005,2.205499999999999,0.6738999999999997,0.12708256,0.003691929995310428,98437.5,False,False,False,True
39.80973,-56.22931,16.7431,12.203,9.4385,6.6168,4.8527,anomaly,4.540099999999999,2.7645,2.8217,1.7641,0.110851884,0.06990870111746417,98437.0,False,False,False,True
75.16885,-37.46867,16.6446,16.1824,13.3046,14.0831,12.1803,anomaly,0.4621999999999993,2.8778000000000006,-0.7784999999999993,1.9027999999999992,0.11434092,0.03182596532631232,98431.0,False,False,False,True
83.98809,-36.6378,22.8037,18.0029,15.1667,13.5437,11.7793,anomaly,4.800799999999999,2.8362,1.623000000000001,1.7644000000000002,0.12703611,0.0033424538968044315,98430.5,False,False,True,False
34.48546,-50.88501,19.3279,14.8335,12.4002,10.6293,9.4467,anomaly,4.494399999999999,2.433300000000001,1.7708999999999993,1.1826000000000008,0.1535989,-0.020804520004213733,98430.5,False,False,False,True
67.46757,-53.54798,21.3224,21.6427,18.9575,19.9057,18.2541,anomaly,-0.32030000000000314,2.685200000000002,-0.9481999999999999,1.6515999999999984,0.18805166,-0.037098015447724064,98429.5,False,False,False,True
87.71891,-48.7253,18.6254,18.4116,16.8925,17.2564,15.3284,anomaly,0.2137999999999991,1.5191000000000017,-0.363900000000001,1.927999999999999,0.27188283,-0.05291646966548047,98428.0,False,False,False,True
58.86727,-61.84249,17.5781,12.8475,10.0812,7.5724,6.4678,anomaly,4.730599999999999,2.7662999999999993,2.508800000000001,1.1045999999999996,0.11887892,0.017141175370709583,98428.0,False,False,False,True
87.38966,-53.99441,21.6844,17.1502,14.287,11.3034,10.0221,anomaly,4.5341999999999985,2.863200000000001,2.983600000000001,1.2812999999999999,0.12121568,0.01156967061619718,98424.5,True,False,True,False
61.4292,-60.03097,21.1067,17.5843,15.1186,13.0508,11.8432,anomaly,3.522400000000001,2.4656999999999982,2.0678,1.2076000000000011,0.18661138,-0.037100659381486434,98423.5,False,False,False,True
78.35054,-54.04945,20.9814,17.7524,14.3579,12.4721,11.4504,anomaly,3.228999999999999,3.3945000000000007,1.8858000000000015,1.0216999999999992,0.15765616,-0.024651037725915148,98423.5,False,False,False,True
20.57571,-34.19334,16.8049,17.0039,15.2944,15.6203,14.2162,anomaly,-0.19900000000000162,1.709500000000002,-0.32590000000000074,1.4040999999999997,0.20058243,-0.04232253287489107,98422.5,False,False,True,False
78.87151,-36.84364,22.0115,18.3022,14.7431,13.3096,12.3723,anomaly,3.7093000000000025,3.559099999999999,1.4335000000000004,0.9373000000000005,0.17049126,-0.03143142469625115,98422.0,False,False,False,True
53.19595,-49.82648,21.2481,16.4703,13.2539,10.8251,9.328,anomaly,4.777799999999999,3.216400000000002,2.428799999999999,1.4971000000000014,0.13081819,-0.002318065020835869,98420.5,False,False,True,False
56.88126,-37.92588,20.7744,16.0615,12.94,9.9166,8.5076,anomaly,4.712900000000001,3.1214999999999993,3.0233999999999988,1.4090000000000007,0.11738584,0.019381943282119396,98420.0,False,True,False,False
37.5103,-52.88783,21.2176,17.8746,14.5428,12.5646,10.6323,anomaly,3.343,3.331800000000001,1.9781999999999993,1.9322999999999997,0.12907234,0.00025868354696867435,98420.0,False,True,True,False
48.14092,-45.08974,17.761,13.0515,9.5814,8.2459,6.6739,anomaly,4.7094999999999985,3.4701000000000004,1.3354999999999997,1.572000000000001,0.11663307,0.020255661220494492,98413.0,False,True,False,False
79.43248,-52.76641,18.1776,14.1556,10.5749,9.4065,8.025,anomaly,4.022000000000002,3.5807,1.1684,1.381499999999999,0.13491037,-0.0075459156860342436,98409.0,False,False,False,True
32.1801,-33.13085,20.3758,16.6644,14.1339,12.7813,10.9007,anomaly,3.711400000000001,2.5305,1.3526000000000007,1.8805999999999994,0.136543,-0.009361395834081354,98408.0,False,True,False,False
47.93663,-56.78072,19.3582,15.4869,11.8587,10.1009,8.7854,anomaly,3.8712999999999997,3.6281999999999996,1.7578000000000014,1.3155000000000001,0.15486884,-0.023552117654332627,98404.5,False,False,False,True
43.99786,-46.43708,23.0436,19.4482,17.1154,15.4028,14.1425,anomaly,3.5954000000000015,2.332799999999999,1.712600000000002,1.260299999999999,0.14609489,-0.017898303352091416,98398.5,False,False,False,True
16.37628,-49.75136,21.2709,21.7029,22.0408,22.8181,23.294,anomaly,-0.4319999999999986,-0.3379000000000012,-0.7773000000000003,-0.4758999999999993,0.21236107,-0.046426142649078295,98396.0,False,False,False,True
42.06401,-37.41896,23.2647,20.0341,16.8079,15.5781,14.2148,anomaly,3.2306000000000026,3.2261999999999986,1.229800000000001,1.3632999999999988,0.13582174,-0.00925868915506467,98396.0,False,False,True,False
33.02407,-52.09744,20.795,16.1384,13.6397,12.5147,11.7151,anomaly,4.656600000000001,2.4987000000000013,1.125,0.7995999999999999,0.14473075,-0.017128961305832524,98393.5,False,False,False,True
65.19731,-57.32072,23.8965,19.4911,17.2598,15.7761,15.0873,anomaly,4.4054,2.231300000000001,1.483699999999999,0.6887999999999987,0.12804492,-0.000701109883487816,98384.0,False,False,False,True
88.1019,-56.85524,16.111,12.3857,8.8099,6.7048,6.0134,anomaly,3.7253000000000007,3.575799999999999,2.105100000000001,0.6913999999999998,0.11088202,0.04498176488057759,98382.0,False,False,False,True
46.6287,-63.5014,19.1682,15.3542,12.8722,10.4327,9.4692,anomaly,3.8139999999999983,2.482000000000001,2.439499999999999,0.9634999999999998,0.1438385,-0.01729226403830031,98378.0,False,False,True,False
72.84494,-38.39962,22.4898,18.4978,14.9619,13.472,11.9653,anomaly,3.9919999999999973,3.5359000000000016,1.4899000000000004,1.5067000000000004,0.14857508,-0.020829408609140843,98378.0,False,True,False,False
44.83519,-31.68111,22.1923,17.3886,14.8054,12.7482,11.989,anomaly,4.803699999999999,2.5831999999999997,2.0572,0.7591999999999999,0.14436224,-0.01777547479484065,98375.5,True,False,False,False
11.83121,-47.88387,22.2509,22.6583,20.0007,20.9371,19.3471,anomaly,-0.4073999999999991,2.657600000000002,-0.9364000000000026,1.5899999999999999,0.1737839,-0.035702501027471745,98375.0,False,False,False,True
38.7382,-47.51197,23.5085,20.3759,17.3218,14.4372,13.9341,anomaly,3.1326,3.054100000000002,2.884599999999999,0.5030999999999999,0.113612905,0.025292314148684603,98368.5,False,False,False,True
84.96183,-36.65028,19.751,20.1546,17.0977,17.4689,16.6153,anomaly,-0.4035999999999973,3.056899999999999,-0.37120000000000175,0.8536000000000001,0.17882738,-0.0375790192393064,98368.0,False,False,False,True
6.42242,-54.9931,18.4916,14.6149,12.4687,11.2037,10.3883,anomaly,3.876699999999998,2.1462000000000003,1.2650000000000006,0.8154000000000003,0.13805324,-0.01266085979206144,98366.5,False,False,False,True
59.07594,-36.08592,22.4658,18.3079,15.8978,13.441,11.5356,anomaly,4.1579000000000015,2.4101,2.4567999999999994,1.9054000000000002,0.124497995,0.0023432345582308223,98362.5,False,False,True,False
55.26732,-34.91522,22.36,19.3269,16.5725,15.0691,13.6161,anomaly,3.033100000000001,2.754399999999997,1.503400000000001,1.4530000000000012,0.15119791,-0.024062010171853054,98361.5,False,False,False,True
15.15055,-58.50234,22.5937,23.8781,24.8327,25.2294,25.3561,anomaly,-1.2844000000000015,-0.9545999999999992,-0.39669999999999916,-0.12670000000000314,0.124945775,0.0016682964978411707,98357.5,False,False,False,True
51.96957,-44.20953,22.7686,23.011,21.4178,21.8466,20.0633,anomaly,-0.24239999999999995,1.5931999999999995,-0.42879999999999896,1.783299999999997,0.15816207,-0.029309792872124873,98352.0,False,False,False,True
21.7566,-57.79732,19.8155,19.3159,16.7545,17.7954,16.6892,anomaly,0.49960000000000093,2.561399999999999,-1.0409000000000006,1.1062000000000012,0.19902156,-0.045954149092197305,98348.5,False,False,False,True
23.08745,-42.10277,19.8681,15.026,11.9772,8.9967,7.9681,anomaly,4.8420999999999985,3.0488,2.9804999999999993,1.0286000000000008,0.11250039,0.02868230465795174,98348.5,True,False,False,False
32.46362,-55.48181,23.0091,23.8759,24.1974,24.7806,25.2924,anomaly,-0.8668000000000013,-0.3214999999999968,-0.5832000000000015,-0.5118000000000009,0.12878582,-0.004702481191134478,98343.5,False,True,False,False
57.17878,-30.49114,23.1761,18.6371,16.1005,14.3335,13.1342,anomaly,4.5390000000000015,2.5366,1.7669999999999995,1.199300000000001,0.14997125,-0.024971509468458497,98336.0,False,False,False,True
61.91975,-47.98856,16.1413,11.3928,8.4922,6.099,5.1558,anomaly,4.748500000000002,2.900599999999999,2.3932,0.9432,0.10757233,0.08243741918057312,98335.5,False,True,False,False
32.70435,-47.00932,22.1354,18.997,16.3372,14.8307,13.7084,anomaly,3.1384000000000007,2.6598000000000006,1.506499999999999,1.122300000000001,0.16558406,-0.03441890491694133,98332.5,False,False,False,True
33.85797,-37.43757,22.5254,18.2599,14.7484,13.0568,11.6723,anomaly,4.265500000000003,3.511499999999998,1.6915999999999993,1.384500000000001,0.14951389,-0.025029640421042942,98330.0,False,False,False,True
77.10866,-52.49627,17.9638,14.4973,11.0486,9.6808,8.0932,anomaly,3.4665,3.4486999999999988,1.3678000000000008,1.5876000000000001,0.13114366,-0.009052372273439468,98329.0,False,False,False,True
63.62468,-30.99515,17.4004,13.5042,9.8359,7.4901,6.2638,anomaly,3.8962000000000003,3.6683000000000003,2.3458000000000006,1.2263000000000002,0.12273627,0.002048661038374755,98326.5,True,False,False,False
6.28439,-42.93296,18.4277,18.5124,16.7,16.9703,15.2283,anomaly,-0.084699999999998,1.8124000000000002,-0.2703000000000024,1.7420000000000009,0.22752568,-0.0541066687597046,98324.5,True,False,False,False
17.96383,-47.96823,23.8041,19.6136,17.2398,15.9286,14.5679,anomaly,4.190499999999997,2.373800000000003,1.3111999999999995,1.3606999999999996,0.1295523,-0.006937885649809128,98323.0,False,False,False,True
57.84825,-50.09545,19.3483,14.6511,11.5004,9.4614,8.8269,anomaly,4.697199999999999,3.1506999999999987,2.0390000000000015,0.6344999999999992,0.12079663,0.0045615726398227086,98323.0,False,False,False,True
2.33705,-34.08011,23.0603,19.2112,15.7641,13.3886,11.669,anomaly,3.8491,3.4471000000000025,2.375499999999999,1.7195999999999998,0.119541235,0.006569909954698194,98319.5,False,False,False,True
53.4108,-50.88611,22.9088,18.3229,15.1634,13.3171,12.5704,anomaly,4.585899999999999,3.1595000000000013,1.8462999999999994,0.7467000000000006,0.15361102,-0.02810802451027483,98319.0,False,False,False,True
26.98144,-46.51479,17.1638,12.894,9.2574,7.4776,6.3268,anomaly,4.269799999999998,3.6365999999999996,1.7798000000000007,1.1507999999999994,0.11991979,0.005313388646345563,98311.5,False,False,True,False
57.31242,-40.95666,19.4669,16.3341,13.3111,12.1819,11.5586,anomaly,3.1327999999999996,3.0229999999999997,1.129199999999999,0.6233000000000004,0.12904386,-0.007184802998315254,98307.0,False,False,False,True
15.62534,-60.39703,21.1257,18.0551,15.3414,12.6271,11.6786,anomaly,3.070599999999999,2.7136999999999993,2.7142999999999997,0.948500000000001,0.13759966,-0.015503607001825959,98307.0,False,False,False,True
89.12271,-43.24497,22.9317,19.7438,17.24,15.8854,14.2811,anomaly,3.187899999999999,2.503800000000002,1.3545999999999978,1.6043000000000003,0.13543537,-0.013888056916991132,98306.0,False,True,True,False
41.67549,-32.08825,16.9347,13.5775,10.6325,8.6966,6.7577,anomaly,3.357199999999999,2.9450000000000003,1.9359000000000002,1.9389000000000003,0.11561695,0.013808730837100214,98305.5,False,True,False,False
48.01797,-39.28409,17.9948,17.5393,14.6696,15.504,14.6678,anomaly,0.4555000000000007,2.8697,-0.8343999999999987,0.8361999999999998,0.17254755,-0.03940947327105959,98305.0,False,False,False,True
57.423,-31.34906,19.8468,16.5757,14.2071,12.3096,11.4838,anomaly,3.2711000000000006,2.3686000000000007,1.8975000000000009,0.8257999999999992,0.15558447,-0.030259778468906595,98304.0,False,False,False,True
83.67598,-45.83226,21.4892,22.8417,23.6875,23.8893,24.0716,anomaly,-1.3524999999999991,-0.8458000000000006,-0.20179999999999865,-0.18230000000000146,0.16740577,-0.037314117172835726,98294.0,False,False,False,True
72.76694,-42.28497,17.7231,13.5412,9.9349,8.5498,6.6995,anomaly,4.181899999999999,3.606299999999999,1.3851000000000013,1.8502999999999998,0.11409786,0.01677697017363411,98293.5,False,False,False,True
25.99879,-53.06908,16.7284,16.7781,14.1942,15.0915,13.9308,anomaly,-0.04969999999999786,2.583899999999998,-0.8972999999999995,1.1607000000000003,0.15182073,-0.028697701848423574,98289.5,False,False,False,True
87.2543,-59.26395,16.1227,11.1467,8.5124,7.3815,6.5946,anomaly,4.975999999999999,2.6342999999999996,1.1308999999999996,0.7869000000000002,0.105782285,0.08594994108036902,98279.5,False,False,False,True
77.78892,-41.33504,17.6171,13.2225,10.7672,9.0605,8.2842,anomaly,4.3946000000000005,2.4552999999999994,1.7067000000000014,0.7762999999999991,0.11916125,0.004420194920406018,98277.5,False,False,False,True
77.39501,-35.09504,17.5413,17.5097,14.9605,15.9482,14.3365,anomaly,0.03160000000000096,2.549199999999999,-0.9877000000000002,1.6117000000000008,0.1501805,-0.029365046857111388,98261.5,False,False,False,True
48.96856,-53.51807,20.8268,21.334,18.6419,19.5053,18.6762,anomaly,-0.507200000000001,2.6921,-0.8633999999999986,0.8290999999999968,0.17158587,-0.041588819835224444,98261.5,False,False,True,False
52.57427,-64.96213,16.0556,16.1111,14.078,14.4609,12.7029,anomaly,-0.0555000000000021,2.033100000000001,-0.38290000000000113,1.758000000000001,0.11479059,0.011844404624309579,98259.0,False,True,False,False
84.47147,-32.83781,18.2349,18.5826,16.2967,16.6057,14.6591,anomaly,-0.3476999999999997,2.285899999999998,-0.3089999999999975,1.9465999999999983,0.15590021,-0.03370669312372587,98258.5,False,False,False,True
49.11469,-38.89306,23.7699,25.1645,26.0134,26.1837,26.4077,anomaly,-1.3946000000000005,-0.8489000000000004,-0.170300000000001,-0.22399999999999665,0.105657116,0.06579824157489012,98258.0,False,False,False,True
53.96438,-56.58062,22.4082,22.1293,20.064,21.0796,20.0453,anomaly,0.27890000000000015,2.0653000000000006,-1.0155999999999992,1.0342999999999982,0.17274779,-0.0426730818776041,98254.5,False,False,False,True
66.65017,-33.95728,17.6244,17.2932,15.3827,15.6883,14.1174,anomaly,0.3312000000000026,1.910499999999999,-0.3056000000000001,1.5709,0.19277267,-0.05010796922877048,98246.5,False,False,False,True
17.14876,-46.91785,16.4832,12.4707,10.4302,9.1928,8.7019,anomaly,4.012499999999999,2.0405000000000015,1.2373999999999992,0.4908999999999999,0.10854154,0.032543526965278624,98243.0,False,False,False,True
67.52549,-35.71605,22.1716,22.261,19.454,20.3211,18.526,anomaly,-0.0893999999999977,2.8069999999999986,-0.8671000000000006,1.7951000000000015,0.15189025,-0.03213714652265054,98238.0,False,False,False,True
53.91063,-50.49922,22.4862,22.0313,19.0661,19.8769,18.0616,anomaly,0.4548999999999985,2.965200000000003,-0.8108000000000004,1.8153000000000006,0.13358088,-0.016636871284906207,98236.5,False,False,False,True
41.08994,-60.23108,16.1826,12.6547,9.8359,7.3778,5.5199,anomaly,3.5279000000000007,2.8187999999999995,2.458100000000001,1.8578999999999999,0.106373,0.0458326248980967,98234.5,False,False,False,True
53.07628,-44.7472,23.3618,20.2277,17.0782,14.7641,14.1059,anomaly,3.1341,3.1494999999999997,2.3141,0.658199999999999,0.11825168,0.00349929667931137,98234.5,False,False,False,True
38.7405,-32.74581,17.823,14.1188,11.4912,8.8993,7.6566,anomaly,3.7042,2.627600000000001,2.591899999999999,1.2427000000000001,0.12617168,-0.008875144147224345,98229.0,False,False,False,True
45.66513,-45.23328,23.1614,19.2626,17.2635,15.5018,14.8557,anomaly,3.8988000000000014,1.9990999999999985,1.7617000000000012,0.6460999999999988,0.13285507,-0.01623213526135303,98228.5,False,False,False,True
43.49511,-42.89224,18.9271,18.7336,15.8701,16.8456,15.8301,anomaly,0.19350000000000023,2.8634999999999984,-0.9755000000000003,1.0155000000000012,0.17369787,-0.04504445938712309,98221.0,False,False,False,True
0.66891,-50.63437,20.1157,15.7334,13.2196,12.1537,10.5465,anomaly,4.382300000000001,2.5138,1.0658999999999992,1.6072000000000006,0.12938558,-0.012947546744980998,98220.0,False,False,False,True
26.95246,-44.88993,16.2598,16.231,13.4706,14.0025,13.1687,anomaly,0.028799999999996828,2.7604000000000024,-0.5319000000000003,0.8338000000000001,0.11618132,0.005817576229916299,98219.0,False,False,False,True
15.68516,-36.69952,21.3605,20.8808,18.9344,19.9994,19.0529,anomaly,0.4796999999999976,1.9464000000000006,-1.0650000000000013,0.9465000000000003,0.24115698,-0.06240091537288994,98219.0,False,False,False,True
13.15684,-47.97503,21.4874,22.9002,23.8695,24.2694,24.413,anomaly,-1.4128000000000007,-0.9692999999999969,-0.39990000000000236,-0.14359999999999928,0.13676694,-0.02054944066752573,98217.0,False,False,False,True
33.21132,-44.27625,21.2078,17.9824,15.4117,12.5483,11.6278,anomaly,3.2254000000000005,2.5706999999999987,2.8634000000000004,0.9204999999999988,0.12928142,-0.013569492181497833,98207.0,True,False,True,False
4.84731,-49.94132,22.3003,21.7733,20.0646,20.9884,20.1864,anomaly,0.527000000000001,1.7087000000000003,-0.9238,0.8019999999999996,0.22717343,-0.061308992994323575,98206.0,False,False,False,True
75.17225,-33.56065,20.4714,15.8047,13.2286,11.2399,10.1012,anomaly,4.666699999999999,2.5761000000000003,1.9886999999999997,1.1387,0.13783482,-0.02207028604899841,98205.5,False,False,False,True
41.5983,-49.21442,20.1168,16.6041,14.1036,11.9652,11.0289,anomaly,3.5127000000000024,2.500499999999999,2.1384000000000007,0.9362999999999992,0.14498015,-0.029042754707685803,98204.5,False,False,False,True
73.53929,-48.0502,23.3047,19.3444,15.8903,14.3,12.8347,anomaly,3.9603,3.4541000000000004,1.5902999999999992,1.465300000000001,0.12963335,-0.014106362683232065,98204.0,False,True,False,False
45.27347,-46.39161,21.3269,21.1084,19.143,19.4686,17.5109,anomaly,0.2184999999999988,1.965399999999999,-0.3255999999999979,1.957699999999999,0.17170411,-0.04521713024037366,98203.5,False,True,False,False
53.76762,-57.61501,19.2484,19.6434,16.7473,17.0293,15.0207,anomaly,-0.3949999999999996,2.8961000000000006,-0.28200000000000003,2.0085999999999995,0.121787034,-0.004737143235870045,98203.0,False,False,False,True
71.09519,-31.23894,23.6835,24.2111,22.4364,23.0271,22.1762,anomaly,-0.5275999999999996,1.7746999999999993,-0.5907000000000018,0.8508999999999993,0.11252414,0.013620407381378374,98201.5,False,False,False,True
34.04888,-43.80051,16.8237,17.1626,14.1848,14.8227,13.7251,anomaly,-0.3389000000000024,2.977800000000002,-0.6379000000000001,1.0976,0.12853956,-0.013153971862937541,98198.0,False,False,False,True
21.38407,-64.12922,16.5932,16.1927,14.4048,14.8841,13.2297,anomaly,0.40050000000000097,1.7878999999999987,-0.4793000000000003,1.6544000000000008,0.13420728,-0.0196087372941095,98197.5,False,False,False,True
20.89485,-61.12761,23.0694,23.0676,20.8571,21.1503,19.8628,anomaly,0.0018000000000029104,2.2104999999999997,-0.29320000000000235,1.2875000000000014,0.20601055,-0.057384298348266305,98195.0,False,False,False,True
74.41514,-50.55167,23.6617,19.4696,17.1108,15.4211,13.8738,anomaly,4.1921,2.3587999999999987,1.689700000000002,1.5473,0.11907373,-0.0003018845318953911,98194.5,False,False,False,True
24.99866,-61.54247,19.2633,19.6285,16.6628,16.9757,15.8445,anomaly,-0.36519999999999797,2.9656999999999982,-0.31289999999999907,1.1311999999999998,0.1568948,-0.038009476670806785,98190.5,False,False,False,True
46.01193,-50.8531,19.2917,19.4137,16.3885,17.3153,15.8411,anomaly,-0.12199999999999989,3.025199999999998,-0.9268000000000001,1.4741999999999997,0.15941836,-0.04066416426536057,98187.0,True,False,False,False
21.62364,-48.83775,23.4499,23.6205,21.9888,22.3003,21.0816,anomaly,-0.1706000000000003,1.6316999999999986,-0.3114999999999988,1.2186999999999983,0.14646518,-0.031661144222113635,98187.0,False,False,False,True
67.50014,-48.53476,19.8612,15.6059,12.0219,9.6046,8.3728,anomaly,4.2553,3.5839999999999996,2.417300000000001,1.2317999999999998,0.123784065,-0.008929609015901008,98184.0,False,False,True,False
9.19009,-42.14096,21.7254,18.0942,15.7291,13.8962,12.8647,anomaly,3.6311999999999998,2.3651,1.8329000000000004,1.0315000000000012,0.1577286,-0.03920186717209884,98182.5,False,False,False,True
74.43004,-38.47905,17.1729,16.7786,14.3444,14.6174,12.9044,anomaly,0.39429999999999765,2.4342000000000006,-0.2729999999999997,1.7129999999999992,0.13399383,-0.020443935590531148,98181.5,False,False,False,True
48.7437,-43.0038,22.0551,17.4451,14.7987,12.312,11.6263,anomaly,4.609999999999999,2.6464,2.486700000000001,0.6856999999999989,0.12266705,-0.007445968757082588,98180.5,False,False,False,True
57.90723,-35.87114,22.4509,17.9031,14.9905,12.2023,11.0269,anomaly,4.547800000000002,2.9125999999999976,2.7882000000000016,1.1753999999999998,0.118011065,0.0003439898141287534,98179.0,False,False,False,True
37.05379,-42.8146,21.4509,22.3146,23.2886,23.5546,23.6702,anomaly,-0.8636999999999979,-0.9740000000000002,-0.2660000000000018,-0.11560000000000059,0.17292775,-0.04712766467598606,98179.0,False,False,False,True
85.83499,-57.84095,23.9051,23.8231,22.2193,22.7538,20.7297,anomaly,0.08200000000000074,1.6037999999999997,-0.5344999999999978,2.024099999999997,0.1077474,0.025853145187791027,98177.0,False,True,False,False
10.10455,-41.86057,19.2769,20.7047,21.037,21.8055,22.3082,anomaly,-1.4277999999999977,-0.33230000000000004,-0.7684999999999995,-0.5027000000000008,0.14409833,-0.02994001528889456,98173.0,False,False,False,True
61.54572,-42.34693,16.7358,16.6947,14.9859,15.3713,13.9285,anomaly,0.041100000000000136,1.7088,-0.38539999999999885,1.4428,0.1577989,-0.04036133414321019,98170.5,False,False,True,False
79.19309,-48.05188,18.6468,18.4039,15.9183,16.9058,15.402,anomaly,0.24289999999999878,2.4856,-0.9874999999999989,1.5038,0.17076012,-0.046703982649979436,98170.0,False,False,False,True
87.21212,-39.52346,22.0509,21.7638,19.8505,20.1503,18.5054,anomaly,0.2870999999999988,1.9132999999999996,-0.2998000000000012,1.6448999999999998,0.22822566,-0.0635246767265294,98167.5,False,False,False,True
53.61619,-31.94174,23.6346,24.0306,21.6712,22.5277,20.7946,anomaly,-0.3960000000000008,2.359400000000001,-0.8565000000000005,1.7331000000000003,0.11038959,0.015082867396134847,98161.0,True,False,False,False
82.32057,-38.89408,22.9503,23.0117,21.3449,21.7699,20.2937,anomaly,-0.061400000000002564,1.666800000000002,-0.4250000000000007,1.4761999999999986,0.18096733,-0.051754121816019905,98157.5,False,False,False,True
24.56931,-57.90246,22.6259,23.1092,21.319,21.751,20.0051,anomaly,-0.48329999999999984,1.7902000000000022,-0.43200000000000216,1.7459000000000024,0.14186169,-0.028836029877041147,98155.5,False,False,False,True
19.34965,-53.55281,17.1639,13.2655,9.6728,7.974,7.031,anomaly,3.8984000000000023,3.592699999999999,1.6988000000000003,0.9430000000000005,0.11829339,-0.0014969360755463512,98152.5,False,False,False,True
1.96981,-53.27263,21.43,21.6654,19.3275,20.3692,18.5675,anomaly,-0.23540000000000205,2.337900000000001,-1.0416999999999987,1.8017000000000003,0.14504717,-0.032798066980624374,98148.5,True,False,True,False
62.86425,-64.72729,22.8243,18.3764,16.2135,15.0692,14.257,anomaly,4.447900000000001,2.1629000000000005,1.1442999999999994,0.8122000000000007,0.14307465,-0.03078647732981754,98143.5,False,False,False,True
22.88771,-44.30139,20.9465,21.3865,18.8804,19.8378,18.3311,anomaly,-0.4400000000000013,2.5061,-0.9573999999999998,1.5067000000000021,0.15628918,-0.04135979795343503,98136.5,False,False,False,True
21.93824,-38.81269,16.772,16.4547,13.977,14.8423,13.7484,anomaly,0.31729999999999947,2.4776999999999987,-0.8652999999999995,1.0938999999999997,0.1353937,-0.024585755526674635,98135.0,False,False,False,True
67.55117,-32.93607,16.7043,17.7221,18.7526,19.0685,19.1079,anomaly,-1.0178000000000011,-1.0305,-0.3158999999999992,-0.039400000000000546,0.23918962,-0.06800133834251543,98131.0,False,False,False,True
5.20187,-58.31234,17.5233,17.8754,15.1719,15.9359,15.082,anomaly,-0.3521000000000001,2.7034999999999982,-0.7639999999999993,0.8538999999999994,0.14956562,-0.036595228654344836,98131.0,False,False,True,False
4.8087,-30.29723,16.201,11.345,8.4897,5.5771,5.0555,anomaly,4.856,2.8553000000000015,2.9125999999999994,0.5215999999999994,0.10104755,0.11225147029328908,98128.5,False,False,False,True
51.45589,-41.36967,19.2884,15.2857,11.7259,9.6703,7.9458,anomaly,4.002699999999999,3.559800000000001,2.0556,1.724499999999999,0.12501206,-0.013861645367756803,98117.0,False,False,False,True
84.73519,-61.81711,21.1518,18.0405,15.1852,12.315,10.6743,anomaly,3.1113,2.8553000000000015,2.8702000000000005,1.640699999999999,0.10795231,0.018224333760990974,98109.5,False,False,False,True
53.0259,-50.45368,16.4644,16.4377,13.5538,14.3764,12.6572,anomaly,0.026700000000001722,2.883899999999999,-0.8225999999999996,1.7192000000000007,0.10969813,0.012902396965677188,98102.0,False,False,True,False
29.0761,-32.16254,20.0543,16.4008,12.8997,10.3146,9.4379,anomaly,3.653500000000001,3.501100000000001,2.585099999999999,0.8766999999999996,0.11898605,-0.006695846556104668,98095.5,False,False,False,True
27.25428,-52.4646,20.706,17.4722,14.1161,11.5421,10.0455,anomaly,3.2337999999999987,3.3561000000000014,2.574,1.496599999999999,0.11275395,0.004408423579385978,98093.0,False,False,False,True
49.9857,-49.54214,16.4533,16.8561,14.626,15.5623,14.4392,anomaly,-0.4028000000000027,2.230100000000002,-0.936300000000001,1.1231000000000009,0.12696514,-0.017677625200108515,98092.5,False,False,True,False
73.00825,-54.3425,16.4571,16.781,14.0955,14.5723,13.7746,anomaly,-0.3238999999999983,2.6854999999999993,-0.4768000000000008,0.7977000000000007,0.12525742,-0.015478314844882712,98090.0,False,False,False,True
83.14592,-45.81283,18.6382,18.846,16.3692,17.3919,15.4292,anomaly,-0.20779999999999887,2.476800000000001,-1.0227000000000004,1.9627,0.13902779,-0.030567408610123636,98084.5,False,True,False,False
24.09587,-57.11701,23.0448,19.8405,16.4019,13.9778,12.7251,anomaly,3.2043,3.4385999999999974,2.424100000000001,1.2527000000000008,0.11270378,0.004175827591557324,98084.5,False,True,False,False
53.60542,-34.91568,21.79,22.167,19.3962,20.1763,18.3559,anomaly,-0.37700000000000244,2.7708000000000013,-0.7801000000000009,1.820400000000003,0.13194112,-0.02452535110082199,98081.5,False,True,False,False
49.60537,-37.32569,18.8478,19.2918,17.7777,18.0298,16.5998,anomaly,-0.44399999999999906,1.5140999999999991,-0.2521000000000022,1.4300000000000033,0.3085132,-0.07817195311498104,98081.0,False,True,True,False
64.30136,-32.62737,23.2581,23.4049,20.9814,21.9008,20.8426,anomaly,-0.14680000000000248,2.4235000000000007,-0.9193999999999996,1.0581999999999994,0.12970349,-0.021813532259890023,98080.5,False,False,False,True
74.98943,-35.17411,23.9997,20.7817,17.6471,15.7575,13.8695,anomaly,3.218,3.1346000000000025,1.889599999999998,1.888,0.104382284,0.02831769484581903,98080.0,False,False,False,True
60.76967,-33.98024,17.4185,13.599,11.1093,8.2147,7.7093,anomaly,3.8195000000000014,2.489700000000001,2.8945999999999987,0.5054000000000007,0.103956796,0.02981216890940941,98076.0,False,False,False,True
15.04335,-55.44514,22.7678,23.1687,21.0091,21.3508,20.0908,anomaly,-0.40090000000000003,2.159600000000001,-0.34169999999999945,1.259999999999998,0.15800588,-0.04612623539922278,98075.0,False,True,False,False
30.8176,-58.37219,18.2049,17.8606,15.9357,16.2421,14.5962,anomaly,0.34429999999999694,1.924900000000001,-0.3064,1.645900000000001,0.19636519,-0.061845661338399305,98075.0,False,False,False,True
71.67868,-38.38123,23.0869,24.122,25.237,25.4184,25.7347,anomaly,-1.0351,-1.1149999999999984,-0.1814,-0.3163000000000018,0.106152624,0.020088287790882453,98073.5,False,False,False,True
1.68025,-47.37877,16.061,13.8255,13.8041,13.8987,13.7454,anomaly,2.2355,0.021399999999999864,-0.0945999999999998,0.15329999999999977,0.13712671,-0.029778617702091226,98071.0,False,False,True,False
66.96982,-49.74721,17.8482,17.5195,15.0353,15.9816,14.4693,anomaly,0.32869999999999777,2.4842000000000013,-0.9463000000000008,1.5122999999999998,0.14580397,-0.03834422399195736,98061.0,False,False,False,True
56.49054,-60.99473,16.727,16.58,15.0673,15.5667,13.9811,anomaly,0.14700000000000202,1.5126999999999988,-0.4994000000000014,1.5856000000000012,0.14211889,-0.035043796345598954,98060.5,False,False,False,True
19.92948,-41.84865,17.237,14.0358,11.5188,9.503,8.8126,anomaly,3.2011999999999983,2.5169999999999995,2.0158000000000005,0.6904000000000003,0.11260107,0.002838952022832242,98058.5,False,True,False,False
34.5989,-50.09573,23.9829,25.0092,25.8935,26.2286,26.3289,anomaly,-1.026299999999999,-0.8842999999999996,-0.3351000000000006,-0.10030000000000072,0.100120485,0.05861253448682713,98054.0,True,False,False,False
17.31396,-32.29507,20.3404,20.7283,17.886,18.7417,17.8923,anomaly,-0.3879000000000019,2.8423000000000016,-0.8557000000000023,0.8494000000000028,0.14545648,-0.03880473924092742,98051.0,False,False,False,True
67.40433,-32.22915,22.6337,18.3979,15.6883,14.3367,13.8045,anomaly,4.235800000000001,2.7096,1.3515999999999995,0.5321999999999996,0.13003376,-0.024199603425659078,98050.5,False,False,False,True
54.37866,-51.50248,23.9957,19.6554,16.4634,14.9165,13.4477,anomaly,4.340299999999999,3.192,1.5469000000000008,1.4687999999999999,0.11358205,-0.00020548830884437042,98046.0,False,False,True,False
39.7016,-63.58048,21.6092,18.4395,15.0478,12.5384,11.2094,anomaly,3.1697000000000024,3.3916999999999984,2.509400000000001,1.3289999999999988,0.117110215,-0.007979849940501715,98036.0,False,False,False,True
1.90872,-44.79942,21.1186,21.4297,19.6879,20.1095,18.2595,anomaly,-0.3110999999999997,1.7418000000000013,-0.42160000000000153,1.8500000000000014,0.1654459,-0.052465184569678525,98032.5,False,False,False,True
22.08009,-39.46147,18.4121,18.1082,15.1287,15.9705,14.2574,anomaly,0.3038999999999987,2.9795,-0.8417999999999992,1.713099999999999,0.12709013,-0.021454711304314533,98032.0,False,False,True,False
31.79082,-41.34337,21.6963,18.3214,15.797,13.9192,12.1876,anomaly,3.3749000000000002,2.5244,1.8778000000000006,1.7316000000000003,0.12775713,-0.022439206523138133,98028.5,False,False,False,True
49.13292,-35.25624,22.3963,23.223,24.2525,24.4338,24.6701,anomaly,-0.8266999999999989,-1.0295000000000023,-0.18130000000000024,-0.23629999999999995,0.13104936,-0.02798190428126035,98014.0,False,True,True,False
76.99612,-63.0101,22.1701,23.0035,24.0007,24.3199,24.4573,anomaly,-0.8333999999999975,-0.9971999999999994,-0.31920000000000215,-0.13739999999999952,0.1395982,-0.03564341949136929,98012.5,False,False,False,True
84.89874,-38.61435,18.7799,19.3806,20.1346,20.9411,21.4324,anomaly,-0.6006999999999998,-0.7539999999999978,-0.8064999999999998,-0.4913000000000025,0.1491586,-0.04393878635809689,98012.0,False,False,False,True
49.32186,-53.45415,16.3226,11.9668,8.3261,5.6151,4.069,anomaly,4.355800000000002,3.640699999999999,2.7110000000000003,1.5461,0.098547176,0.09127624017010683,98010.5,False,False,False,True
28.41008,-42.39516,16.2361,16.1398,13.2939,14.0764,12.7508,anomaly,0.09629999999999939,2.8459000000000003,-0.7824999999999989,1.3255999999999997,0.106008545,0.014649626946755645,98002.5,False,True,False,False
57.82617,-32.09697,16.9803,12.935,9.3295,7.3887,5.517,anomaly,4.045299999999999,3.605500000000001,1.9407999999999994,1.8716999999999997,0.10223037,0.026388195027568728,97998.0,False,True,True,False
40.20123,-40.79286,17.3304,17.7439,15.9248,16.2596,14.9995,anomaly,-0.4134999999999991,1.8191000000000006,-0.33479999999999954,1.2600999999999996,0.16423514,-0.05459221699505967,97994.5,False,False,True,False
11.68573,-36.69981,16.2711,13.1224,10.4085,9.188,7.5335,anomaly,3.1487,2.7139000000000006,1.2204999999999995,1.6545000000000005,0.103063464,0.02123189158054395,97985.0,False,False,False,True
51.93102,-61.27769,22.7603,19.6263,17.2349,15.8236,14.9231,anomaly,3.1340000000000003,2.391400000000001,1.4112999999999989,0.900500000000001,0.13589723,-0.03452869937493552,97979.5,False,False,False,True
8.11231,-52.79239,17.4982,12.6785,9.3626,6.6154,5.3753,anomaly,4.819700000000001,3.315899999999999,2.7472000000000003,1.2401,0.098871626,0.04920742715998483,97976.5,False,False,False,True
26.05332,-52.92339,18.3036,17.9459,15.7669,16.8017,14.7668,anomaly,0.3576999999999977,2.179000000000002,-1.0348000000000006,2.0349000000000004,0.118740164,-0.014189817073661848,97964.5,False,False,False,True
56.27645,-48.13346,23.4897,19.181,15.8757,14.7212,13.5139,anomaly,4.308699999999998,3.305300000000001,1.1545000000000005,1.2073,0.115247995,-0.009519759906875702,97958.0,False,False,False,True
25.11235,-44.71387,21.9991,21.7262,19.1763,19.5186,18.1825,anomaly,0.2728999999999999,2.5498999999999974,-0.34229999999999805,1.3360999999999983,0.17144449,-0.0604011753089958,97955.5,False,False,False,True
12.18271,-60.09702,23.406,23.0562,20.8737,21.2319,19.7297,anomaly,0.34979999999999833,2.182500000000001,-0.3582000000000001,1.5021999999999984,0.13844869,-0.03803389073485197,97952.0,False,False,False,True
19.87166,-41.3118,22.8618,19.0657,16.6951,14.8253,13.0158,anomaly,3.796099999999999,2.3705999999999996,1.8697999999999997,1.8094999999999999,0.115221076,-0.010620566902748374,97941.0,False,False,False,True
26.52118,-36.25861,18.2245,14.0424,11.6156,10.1869,9.2527,anomaly,4.182099999999998,2.4268,1.428700000000001,0.9341999999999988,0.121492065,-0.02017241356918087,97938.5,False,False,False,True
11.47802,-53.80605,22.9254,22.8096,20.0322,20.7971,19.9878,anomaly,0.11580000000000013,2.7774,-0.7649000000000008,0.8093000000000004,0.13045986,-0.031740952200852934,97938.0,False,False,False,True
57.68425,-38.2043,16.5478,16.4704,14.2308,15.2395,13.8102,anomaly,0.07739999999999725,2.239600000000001,-1.0086999999999993,1.4292999999999996,0.11505728,-0.010607104117695276,97937.5,False,False,True,False
62.85601,-57.29662,22.9749,22.7118,20.8213,21.2682,19.8947,anomaly,0.26310000000000144,1.8904999999999994,-0.4468999999999994,1.3735,0.1704447,-0.061128642167385894,97933.0,False,False,False,True
12.19624,-60.4732,21.2764,21.753,22.7678,23.55,23.7811,anomaly,-0.47660000000000124,-1.014800000000001,-0.7821999999999996,-0.23109999999999786,0.121890426,-0.021012552231753356,97933.0,False,True,False,False
57.99817,-55.74455,19.5206,15.766,12.2997,9.5758,8.8862,anomaly,3.7546000000000017,3.4663000000000004,2.7239000000000004,0.6895999999999987,0.10818351,0.003603334765170274,97928.5,False,False,False,True
23.77362,-53.61261,21.9973,23.527,23.8289,24.6116,24.8952,anomaly,-1.5297000000000018,-0.30189999999999984,-0.7826999999999984,-0.28359999999999985,0.10652553,0.007299491463882313,97928.0,False,False,False,True
3.67793,-42.0775,18.3358,18.2539,15.879,16.8558,15.818,anomaly,0.08189999999999742,2.374900000000002,-0.976799999999999,1.037799999999999,0.15327545,-0.0520585633757048,97921.0,False,False,True,False
17.20175,-38.14293,19.886,15.5892,12.0719,9.8556,8.2015,anomaly,4.296799999999999,3.5173000000000005,2.2162999999999986,1.6541000000000015,0.11554425,-0.012230120521300458,97919.5,False,False,False,True
22.50979,-57.23271,20.6854,20.9441,18.0446,18.867,17.205,anomaly,-0.2586999999999975,2.8994999999999997,-0.8224000000000018,1.6620000000000026,0.13959797,-0.04179528142032962,97912.5,False,False,False,True
39.95361,-41.11154,18.9205,15.7058,13.1271,11.4003,10.5752,anomaly,3.2147000000000006,2.5786999999999995,1.7268000000000008,0.8250999999999991,0.11768707,-0.015540977338663886,97912.0,False,False,False,True
60.2466,-49.42092,23.8571,23.87,22.1065,23.086,22.0621,anomaly,-0.01290000000000191,1.7635000000000005,-0.979499999999998,1.0238999999999976,0.103129715,0.014711913457227332,97907.5,False,False,False,True
31.57455,-31.92136,16.1651,15.7681,14.051,14.8275,13.9609,anomaly,0.39699999999999847,1.7171000000000003,-0.7765000000000004,0.8666,0.11332381,-0.009072904808510751,97906.0,True,False,False,False
1.8022,-48.72726,23.3512,19.8527,17.43,15.3044,13.419,anomaly,3.4985,2.422699999999999,2.1256000000000004,1.8853999999999989,0.102887265,0.014844701005769623,97905.5,False,True,False,False
76.61793,-55.70541,20.2233,17.0646,14.3734,13.3259,11.6316,anomaly,3.1586999999999996,2.6911999999999985,1.0474999999999994,1.6943000000000001,0.11397559,-0.010724349686314638,97901.5,False,False,False,True
32.76168,-50.9031,18.3281,13.6138,10.8448,9.5732,8.8971,anomaly,4.7143,2.769,1.2715999999999994,0.6760999999999999,0.10440712,0.01036733588468719,97899.5,False,False,False,True
46.72583,-36.17347,23.9636,21.3087,21.4607,21.5361,21.5493,anomaly,2.654899999999998,-0.15199999999999747,-0.07540000000000191,-0.013199999999997658,0.75301945,-0.10987656357099396,97899.0,False,False,True,False
21.13664,-32.47721,19.896,19.5796,17.1229,17.4034,15.9441,anomaly,0.31640000000000157,2.456699999999998,-0.28049999999999997,1.4593000000000007,0.17898145,-0.06685160251589606,97898.5,False,False,False,True
